# https://github.com/mikedh/trimesh
v 9.87512112 22.00000000 2.00000000
v 10.00000000 21.38528061 2.00000000
v 10.00000000 22.00000000 1.09873652
v 10.00000000 22.00000000 2.17811394
v 9.87517262 23.00000000 2.00000000
v 10.00000000 23.00000000 1.48522294
v 10.00000000 23.00000000 2.23796964
v 10.00000000 23.87401581 2.00000000
v 9.98412895 25.00000000 1.00000000
v 10.00000000 24.77612305 1.00000000
v 10.00000000 25.00000000 0.98147821
v 10.00000000 25.00000000 1.07615995
v 9.88387489 26.00000000 1.00000000
v 10.00000000 26.00000000 0.83750457
v 10.00000000 25.48012352 2.00000000
v 9.84381676 26.00000000 2.00000000
v 10.00000000 26.00000000 2.34904766
v 9.93030453 27.00000000 1.00000000
v 10.00000000 27.00000000 0.92206937
v 10.00000000 27.00000000 1.49802220
v 10.00000000 26.72791290 2.00000000
v 9.97241879 28.00000000 1.00000000
v 10.00000000 28.00000000 0.96722740
v 10.00000000 28.00000000 1.26259232
v 10.00000000 28.18296432 1.00000000
v 10.81731892 12.00000000 1.00000000
v 11.00000000 11.38321304 1.00000000
v 11.00000000 12.00000000 0.64207387
v 11.00000000 12.00000000 1.26586437
v 10.79173756 13.00000000 1.00000000
v 11.00000000 13.00000000 0.60258508
v 11.00000000 12.82111073 2.00000000
v 10.91807652 13.00000000 2.00000000
v 11.00000000 13.00000000 2.08134198
v 10.41498947 14.00000000 1.00000000
v 11.00000000 14.00000000 0.09366510
v 10.78589058 14.00000000 2.00000000
v 11.00000000 14.00000000 2.17731142
v 10.69800758 15.00000000 1.00000000
v 11.00000000 15.00000000 0.46381789
v 11.00000000 15.00000000 1.89823663
v 11.00000000 14.86563873 2.00000000
v 10.43939877 16.00000000 1.00000000
v 11.00000000 16.00000000 0.16790771
v 11.00000000 15.12166882 2.00000000
v 10.79020214 16.00000000 2.00000000
v 11.00000000 16.00000000 2.27903318
v 10.46987820 17.00000000 1.00000000
v 11.00000000 17.00000000 0.39697525
v 10.78032875 17.00000000 2.00000000
v 11.00000000 17.00000000 2.20178413
v 10.03086567 18.00000000 1.00000000
v 11.00000000 18.00000000 0.39326888
v 10.31755543 18.00000000 2.00000000
v 11.00000000 18.00000000 2.49947953
v 10.55716228 19.00000000 1.00000000
v 11.00000000 19.00000000 0.75380498
v 10.54074383 19.00000000 2.00000000
v 11.00000000 19.00000000 2.32691455
v 10.48456955 20.00000000 1.00000000
v 11.00000000 20.00000000 0.63338029
v 10.34216118 20.00000000 2.00000000
v 11.00000000 20.00000000 2.51651287
v 10.28182316 21.00000000 1.00000000
v 11.00000000 21.00000000 0.59292984
v 10.12410450 21.00000000 2.00000000
v 11.00000000 21.00000000 2.53238392
v 10.02252865 22.00000000 1.00000000
v 11.00000000 22.00000000 0.36357838
v 11.00000000 22.00000000 2.68115354
v 10.23183250 23.00000000 1.00000000
v 11.00000000 23.00000000 0.46415120
v 11.00000000 22.90111160 3.00000000
v 10.91420841 23.00000000 3.00000000
v 11.00000000 23.00000000 3.01644444
v 10.08409691 24.00000000 1.00000000
v 11.00000000 24.00000000 0.33051303
v 10.03304577 24.00000000 2.00000000
v 10.92247677 24.00000000 3.00000000
v 11.00000000 24.00000000 3.01287007
v 11.00000000 25.00000000 0.32746229
v 10.23517609 25.00000000 2.00000000
v 11.00000000 25.00000000 2.64191246
v 11.00000000 24.10020256 3.00000000
v 11.00000000 26.00000000 0.26532444
v 11.00000000 26.00000000 2.85582304
v 11.00000000 27.00000000 0.35969105
v 10.10704803 27.00000000 2.00000000
v 11.00000000 27.00000000 2.96888256
v 11.00000000 28.00000000 0.40691528
v 10.23237514 28.00000000 2.00000000
v 11.00000000 28.00000000 2.95548487
v 10.22404861 29.00000000 1.00000000
v 11.00000000 29.00000000 0.37619582
v 10.28383350 29.00000000 2.00000000
v 11.00000000 29.00000000 2.73127532
v 10.20201778 30.00000000 1.00000000
v 11.00000000 30.00000000 0.32268694
v 10.10241795 30.00000000 2.00000000
v 11.00000000 30.00000000 2.71594429
v 10.52232075 31.00000000 1.00000000
v 11.00000000 31.00000000 0.50827616
v 10.37642860 31.00000000 2.00000000
v 11.00000000 30.95727539 3.00000000
v 10.98170948 31.00000000 3.00000000
v 11.00000000 31.00000000 3.00702357
v 10.51670170 32.00000000 1.00000000
v 11.00000000 32.00000000 0.51318133
v 10.57489014 32.00000000 2.00000000
v 11.00000000 32.00000000 2.76476550
v 11.00000000 31.10503006 3.00000000
v 10.91530418 33.00000000 1.00000000
v 11.00000000 33.00000000 0.90391147
v 10.84419918 33.00000000 2.00000000
v 11.00000000 33.00000000 2.27200937
v 10.72929859 34.00000000 1.00000000
v 11.00000000 34.00000000 0.73739648
v 11.00000000 34.00000000 1.59173429
v 11.00000000 33.51073837 2.00000000
v 11.00000000 34.53158951 1.00000000
v 11.99892616 9.00000000 1.00000000
v 12.00000000 8.99751282 1.00000000
v 12.00000000 9.00000000 0.99835581
v 12.00000000 9.00000000 1.00166404
v 11.31495571 10.00000000 1.00000000
v 12.00000000 10.00000000 0.36985105
v 12.00000000 9.99459076 2.00000000
v 11.99514961 10.00000000 2.00000000
v 12.00000000 10.00000000 2.00398445
v 11.15374374 11.00000000 1.00000000
v 12.00000000 11.00000000 0.14083050
v 12.00000000 11.00000000 1.79022217
v 12.00000000 10.02242374 2.00000000
v 12.00000000 12.00000000 0.06458126
v 11.93710899 12.00000000 2.00000000
v 12.00000000 11.83047867 2.00000000
v 12.00000000 12.00000000 2.03459835
v 11.78180981 13.00000000 0.00000000
v 12.00000000 12.36721039 0.00000000
v 12.00000000 13.00000000 2.16466427
v 11.17787361 14.00000000 0.00000000
v 12.00000000 14.00000000 2.56290507
v 12.00000000 14.72887802 0.00000000
v 12.00000000 15.00000000 0.11244745
v 11.09695148 15.00000000 2.00000000
v 12.00000000 15.00000000 2.37849355
v 11.49461174 16.00000000 0.00000000
v 12.00000000 15.43824863 0.00000000
v 12.00000000 16.00000000 2.47232533
v 12.00000000 16.28223419 0.00000000
v 12.00000000 17.00000000 0.26232895
v 12.00000000 17.00000000 2.37483382
v 12.00000000 18.00000000 0.09076178
v 12.00000000 18.00000000 2.67727971
v 12.00000000 19.00000000 0.40521771
v 12.00000000 19.00000000 2.62150264
v 12.00000000 20.00000000 0.48809943
v 12.00000000 20.00000000 2.57440424
v 12.00000000 21.00000000 0.47622856
v 12.00000000 21.00000000 2.57482028
v 12.00000000 22.00000000 0.17173263
v 12.00000000 22.00000000 2.84070206
v 12.00000000 23.00000000 0.36555165
v 11.24472141 23.00000000 3.00000000
v 12.00000000 23.00000000 2.85639262
v 12.00000000 24.00000000 0.19988395
v 12.00000000 23.73644447 3.00000000
v 12.00000000 24.00000000 3.02054501
v 12.00000000 25.00000000 0.29813537
v 12.00000000 25.00000000 2.79393172
v 12.00000000 24.22027779 3.00000000
v 12.00000000 26.00000000 0.04241815
v 12.00000000 25.45402145 3.00000000
v 11.36905956 26.00000000 3.00000000
v 12.00000000 26.00000000 3.06768274
v 12.00000000 27.00000000 0.23646586
v 11.09546947 27.00000000 3.00000000
v 12.00000000 27.00000000 3.07941985
v 12.00000000 28.00000000 0.26853314
v 11.09420967 28.00000000 3.00000000
v 12.00000000 28.00000000 3.07606936
v 12.00000000 29.00000000 0.23501194
v 11.68407249 29.00000000 3.00000000
v 12.00000000 29.00000000 3.05320024
v 12.00000000 30.00000000 0.01991306
v 11.55710030 30.00000000 3.00000000
v 12.00000000 30.00000000 3.09925008
v 12.00000000 31.00000000 0.35620528
v 12.00000000 31.00000000 3.03312802
v 12.00000000 32.00000000 0.20894744
v 11.59636116 32.00000000 3.00000000
v 12.00000000 32.00000000 3.04198551
v 12.00000000 33.00000000 0.54226118
v 12.00000000 33.00000000 2.54278088
v 12.00000000 32.28360748 3.00000000
v 12.00000000 34.00000000 0.32129067
v 11.42078018 34.00000000 2.00000000
v 12.00000000 34.00000000 2.34865832
v 11.34623146 35.00000000 1.00000000
v 12.00000000 35.00000000 0.61029118
v 11.71185017 35.00000000 2.00000000
v 12.00000000 35.00000000 2.18413854
v 11.54242992 36.00000000 1.00000000
v 12.00000000 36.00000000 0.70839697
v 11.88674927 36.00000000 2.00000000
v 12.00000000 36.00000000 2.12916994
v 12.00000000 36.88383102 1.00000000
v 12.00000000 36.32240295 2.00000000
v 13.00000000 8.38758945 1.00000000
v 13.00000000 9.00000000 0.56566191
v 13.00000000 9.00000000 1.64875948
v 13.00000000 10.00000000 0.05997707
v 12.02842331 10.00000000 2.00000000
v 13.00000000 10.00000000 1.79399097
v 13.00000000 11.00000000 0.34161988
v 13.00000000 11.00000000 1.92755651
v 13.00000000 12.00000000 0.25303662
v 12.13595581 12.00000000 2.00000000
v 13.00000000 12.00000000 1.69310522
v 13.00000000 13.00000000 0.17716958
v 12.28295994 13.00000000 0.00000000
v 13.00000000 12.43325615 2.00000000
v 13.00000000 13.00000000 2.18105054
v 13.00000000 13.90749645 0.00000000
v 13.00000000 14.00000000 2.12178659
v 13.00000000 14.07318974 0.00000000
v 13.00000000 15.00000000 0.28188169
v 13.00000000 15.00000000 2.30574250
v 13.00000000 16.00000000 0.04483856
v 12.80413055 16.00000000 0.00000000
v 13.00000000 16.00000000 2.19382834
v 13.00000000 17.00000000 0.17587037
v 13.00000000 17.00000000 2.26795220
v 13.00000000 18.00000000 0.31371501
v 13.00000000 18.00000000 2.21648264
v 13.00000000 19.00000000 0.52891201
v 13.00000000 19.00000000 2.37180638
v 13.00000000 20.00000000 0.56914252
v 13.00000000 20.00000000 2.25456238
v 13.00000000 21.00000000 0.47312942
v 13.00000000 21.00000000 2.46725607
v 13.00000000 22.00000000 0.40032876
v 13.00000000 22.00000000 2.49768233
v 13.00000000 23.00000000 0.47750899
v 13.00000000 23.00000000 2.69857931
v 13.00000000 24.00000000 0.42541361
v 12.11682320 24.00000000 3.00000000
v 13.00000000 24.00000000 2.60149050
v 13.00000000 25.00000000 0.32872391
v 13.00000000 25.00000000 2.74653435
v 13.00000000 26.00000000 0.18999626
v 12.38303375 26.00000000 3.00000000
v 13.00000000 26.00000000 2.64985704
v 13.00000000 27.00000000 0.39752969
v 13.00000000 26.96598434 3.00000000
v 13.00000000 27.00000000 3.00465870
v 13.00000000 28.00000000 0.47418123
v 12.67271233 28.00000000 3.00000000
v 13.00000000 28.00000000 2.88670659
v 13.00000000 27.13807106 3.00000000
v 13.00000000 29.00000000 0.37652370
v 12.56282902 29.00000000 3.00000000
v 13.00000000 29.00000000 2.89590502
v 13.00000000 30.00000000 0.31803742
v 12.80586910 30.00000000 3.00000000
v 13.00000000 30.00000000 2.91253829
v 13.00000000 31.00000000 0.42307636
v 13.00000000 30.28329277 3.00000000
v 13.00000000 31.00000000 3.06505036
v 13.00000000 32.00000000 0.36556345
v 13.00000000 32.00000000 3.02541971
v 13.00000000 33.00000000 0.35212296
v 13.00000000 33.00000000 2.95556092
v 13.00000000 32.70718384 3.00000000
v 13.00000000 34.00000000 0.23325777
v 13.00000000 34.00000000 2.34256959
v 13.00000000 35.00000000 0.61376089
v 13.00000000 35.00000000 2.68487501
v 13.00000000 36.00000000 0.66444391
v 13.00000000 36.00000000 2.28440094
v 12.16245461 37.00000000 1.00000000
v 13.00000000 37.00000000 0.75935364
v 12.62369061 37.00000000 2.00000000
v 13.00000000 37.00000000 2.11207771
v 12.71934414 38.00000000 1.00000000
v 13.00000000 38.00000000 0.91613579
v 13.00000000 38.00000000 1.08763444
v 13.00000000 37.16029358 2.00000000
v 13.00000000 38.12159348 1.00000000
v 13.40653801 7.00000000 1.00000000
v 14.00000000 6.11356688 1.00000000
v 14.00000000 7.00000000 0.61295766
v 14.00000000 7.00000000 1.39187980
v 13.36013317 8.00000000 1.00000000
v 14.00000000 8.00000000 0.46133867
v 14.00000000 8.00000000 1.75094116
v 14.00000000 9.00000000 0.29853624
v 14.00000000 9.00000000 1.79082894
v 13.37611294 10.00000000 0.00000000
v 14.00000000 9.86218071 0.00000000
v 14.00000000 9.57525349 2.00000000
v 13.46061993 10.00000000 2.00000000
v 14.00000000 10.00000000 2.12474751
v 13.96327305 11.00000000 0.00000000
v 14.00000000 11.00000000 1.89143741
v 14.00000000 10.60239792 2.00000000
v 13.92222595 12.00000000 0.00000000
v 14.00000000 11.24127197 2.00000000
v 13.40502167 12.00000000 2.00000000
v 14.00000000 12.00000000 2.23619819
v 14.00000000 12.04392338 0.00000000
v 14.00000000 13.00000000 0.23845321
v 14.00000000 13.00000000 2.12676239
v 14.00000000 13.76745701 0.00000000
v 14.00000000 14.00000000 2.04895806
v 14.00000000 14.26064587 0.00000000
v 14.00000000 15.00000000 0.24664162
v 13.94968128 15.00000000 2.00000000
v 14.00000000 15.00000000 1.97695780
v 14.00000000 14.75529480 2.00000000
v 13.19654179 16.00000000 0.00000000
v 14.00000000 15.63888550 0.00000000
v 14.00000000 15.03055096 2.00000000
v 14.00000000 16.00000000 2.51116204
v 14.00000000 16.30455017 0.00000000
v 14.00000000 17.00000000 0.25052699
v 14.00000000 17.00000000 2.13653231
v 14.00000000 18.00000000 0.30920446
v 13.82974911 18.00000000 2.00000000
v 14.00000000 18.00000000 1.92283833
v 14.00000000 17.66598129 2.00000000
v 14.00000000 19.00000000 0.63971484
v 13.67272377 19.00000000 2.00000000
v 14.00000000 19.00000000 1.65141773
v 14.00000000 20.00000000 0.51236224
v 14.00000000 19.92700005 2.00000000
v 14.00000000 20.00000000 2.01479077
v 14.00000000 21.00000000 0.57349485
v 14.00000000 21.00000000 2.20620060
v 14.00000000 22.00000000 0.47408578
v 14.00000000 22.00000000 2.14494848
v 14.00000000 23.00000000 0.51371026
v 14.00000000 23.00000000 2.13720727
v 14.00000000 24.00000000 0.26574332
v 14.00000000 24.00000000 2.55719614
v 14.00000000 25.00000000 0.30578348
v 14.00000000 25.00000000 2.41464019
v 14.00000000 26.00000000 0.22601002
v 14.00000000 26.00000000 2.48622632
v 14.00000000 27.00000000 0.39830106
v 13.02026367 27.00000000 3.00000000
v 14.00000000 27.00000000 2.24371886
v 14.00000000 28.00000000 0.34982798
v 14.00000000 28.00000000 2.52704144
v 14.00000000 29.00000000 0.46789148
v 14.00000000 29.00000000 2.58891201
v 14.00000000 30.00000000 0.32137579
v 14.00000000 30.00000000 2.55262232
v 14.00000000 31.00000000 0.41503569
v 13.42295456 31.00000000 3.00000000
v 14.00000000 31.00000000 2.54650021
v 14.00000000 32.00000000 0.23381431
v 13.62732601 32.00000000 3.00000000
v 14.00000000 32.00000000 2.94325423
v 14.00000000 33.00000000 0.35107788
v 14.00000000 33.00000000 2.54835296
v 14.00000000 34.00000000 0.34058368
v 14.00000000 34.00000000 2.43402886
v 14.00000000 35.00000000 0.59757715
v 14.00000000 35.00000000 2.04779029
v 14.00000000 36.00000000 0.39156958
v 14.00000000 36.00000000 2.52957702
v 14.00000000 37.00000000 0.56621379
v 14.00000000 37.00000000 2.16688633
v 14.00000000 38.00000000 0.64576823
v 13.99463367 38.00000000 2.00000000
v 14.00000000 38.00000000 2.00291729
v 14.00000000 38.96535492 1.00000000
v 14.00000000 38.00563812 2.00000000
v 13.80453300 40.00000000 1.00000000
v 14.00000000 39.07706451 1.00000000
v 14.00000000 40.00000000 0.85521758
v 14.00000000 40.00000000 1.20006633
v 14.00000000 40.15848923 1.00000000
v 15.00000000 6.14447641 1.00000000
v 15.00000000 7.00000000 0.02300085
v 14.85816288 7.00000000 2.00000000
v 15.00000000 6.76931047 2.00000000
v 15.00000000 7.00000000 2.08171630
v 15.00000000 8.00000000 0.16970983
v 15.00000000 8.00000000 1.81314552
v 15.00000000 7.34456539 2.00000000
v 14.82173920 9.00000000 0.00000000
v 15.00000000 8.66882515 0.00000000
v 15.00000000 8.25432491 2.00000000
v 14.30087471 9.00000000 2.00000000
v 15.00000000 9.00000000 2.33256650
v 15.00000000 10.00000000 2.27712011
v 14.32923412 11.00000000 2.00000000
v 15.00000000 11.00000000 2.17522454
v 15.00000000 12.00000000 2.08574152
v 14.83451176 13.00000000 0.00000000
v 15.00000000 13.00000000 2.62496805
v 15.00000000 14.00000000 0.12606892
v 15.00000000 13.29916573 0.00000000
v 14.39476395 14.00000000 0.00000000
v 15.00000000 14.00000000 2.41779518
v 15.00000000 14.38383961 0.00000000
v 14.53544044 15.00000000 0.00000000
v 14.02702808 15.00000000 2.00000000
v 15.00000000 15.00000000 2.53366613
v 15.00000000 16.00000000 2.65056634
v 15.00000000 16.21977425 0.00000000
v 15.00000000 17.00000000 0.20739044
v 15.00000000 17.00000000 2.46367693
v 15.00000000 18.00000000 0.49204636
v 14.16028023 18.00000000 2.00000000
v 15.00000000 18.00000000 2.28201962
v 15.00000000 19.00000000 0.56410706
v 14.46083069 19.00000000 2.00000000
v 15.00000000 19.00000000 2.20398855
v 15.00000000 20.00000000 0.73238623
v 15.00000000 19.97472572 2.00000000
v 14.72189903 20.00000000 2.00000000
v 15.00000000 20.00000000 1.97636175
v 15.00000000 21.00000000 0.54727769
v 15.00000000 20.01081657 2.00000000
v 15.00000000 21.00000000 2.52686429
v 15.00000000 22.00000000 0.58444810
v 15.00000000 22.00000000 2.42315054
v 15.00000000 23.00000000 0.49330366
v 15.00000000 23.00000000 2.41145134
v 15.00000000 24.00000000 0.45157483
v 15.00000000 24.00000000 2.41403341
v 15.00000000 25.00000000 0.39969394
v 15.00000000 25.00000000 2.64409065
v 15.00000000 26.00000000 0.46399060
v 15.00000000 26.00000000 2.40881729
v 15.00000000 27.00000000 0.43877208
v 15.00000000 27.00000000 2.54292989
v 15.00000000 28.00000000 0.48743311
v 15.00000000 28.00000000 2.75568318
v 15.00000000 29.00000000 0.33284664
v 15.00000000 29.00000000 2.87620187
v 15.00000000 30.00000000 0.42638946
v 15.00000000 30.00000000 2.69218159
v 15.00000000 31.00000000 0.33160892
v 15.00000000 31.00000000 2.62175822
v 15.00000000 32.00000000 0.31744838
v 15.00000000 31.99686623 3.00000000
v 14.97325802 32.00000000 3.00000000
v 15.00000000 32.00000000 3.00044537
v 15.00000000 33.00000000 0.30873105
v 15.00000000 33.00000000 2.69720173
v 15.00000000 32.00364304 3.00000000
v 15.00000000 34.00000000 0.36214128
v 15.00000000 34.00000000 2.51762915
v 15.00000000 35.00000000 0.46913409
v 15.00000000 35.00000000 2.53422093
v 15.00000000 36.00000000 0.34957132
v 15.00000000 36.00000000 2.86258745
v 15.00000000 37.00000000 0.12036049
v 15.00000000 37.00000000 2.97672558
v 15.00000000 38.00000000 0.35482311
v 15.00000000 38.00000000 2.30830145
v 14.01782417 39.00000000 1.00000000
v 15.00000000 39.00000000 0.19753070
v 14.68714809 39.00000000 2.00000000
v 15.00000000 39.00000000 2.24070501
v 15.00000000 40.00000000 0.49702919
v 15.00000000 39.52234650 2.00000000
v 15.00000000 40.00000000 1.62480783
v 15.00000000 40.97283554 1.00000000
v 15.24621868 6.00000000 1.00000000
v 16.00000000 5.73979235 1.00000000
v 16.00000000 6.00000000 0.65604645
v 15.87409592 6.00000000 2.00000000
v 16.00000000 5.95810080 2.00000000
v 16.00000000 6.00000000 2.12655425
v 16.00000000 7.00000000 0.44733858
v 16.00000000 7.00000000 2.03704977
v 16.00000000 8.00000000 0.15452579
v 15.25214005 8.00000000 2.00000000
v 16.00000000 8.00000000 2.62960052
v 16.00000000 9.00000000 0.18516538
v 15.25191307 9.00000000 0.00000000
v 16.00000000 9.00000000 2.61328864
v 16.00000000 9.96978760 0.00000000
v 16.00000000 10.00000000 2.94216418
v 16.00000000 11.00000000 2.11962342
v 16.00000000 12.00000000 2.53252864
v 16.00000000 12.27652454 0.00000000
v 16.00000000 13.00000000 0.18856940
v 15.21341896 13.00000000 0.00000000
v 16.00000000 13.00000000 2.41394544
v 16.00000000 13.70798111 0.00000000
v 15.60645580 14.00000000 0.00000000
v 16.00000000 14.00000000 2.99343729
v 15.79996109 15.00000000 0.00000000
v 16.00000000 14.61782551 0.00000000
v 16.00000000 15.00000000 0.05064095
v 16.00000000 15.00000000 2.60189629
v 16.00000000 15.22939301 0.00000000
v 16.00000000 16.00000000 2.88862324
v 16.00000000 16.24875069 0.00000000
v 16.00000000 17.00000000 0.34244239
v 16.00000000 17.00000000 2.68570948
v 16.00000000 18.00000000 0.34196419
v 16.00000000 18.00000000 2.73644185
v 16.00000000 19.00000000 0.56763732
v 16.00000000 19.00000000 2.24549580
v 16.00000000 20.00000000 0.56442261
v 15.02033424 20.00000000 2.00000000
v 16.00000000 20.00000000 2.38829231
v 16.00000000 21.00000000 0.61924589
v 16.00000000 21.00000000 2.28801417
v 16.00000000 22.00000000 0.45808867
v 16.00000000 22.00000000 2.90024948
v 16.00000000 23.00000000 0.56846297
v 16.00000000 23.00000000 2.48724341
v 16.00000000 24.00000000 0.39319059
v 16.00000000 24.00000000 2.73793960
v 16.00000000 25.00000000 0.46923387
v 16.00000000 25.00000000 2.55520487
v 16.00000000 26.00000000 0.43086439
v 16.00000000 26.00000000 2.65541029
v 16.00000000 27.00000000 0.54359639
v 16.00000000 27.00000000 2.16778302
v 16.00000000 28.00000000 0.39048895
v 16.00000000 28.00000000 2.67689848
v 16.00000000 29.00000000 0.49909317
v 16.00000000 29.00000000 2.62290239
v 16.00000000 30.00000000 0.25451612
v 16.00000000 29.59731293 3.00000000
v 15.60478306 30.00000000 3.00000000
v 16.00000000 30.00000000 3.10020876
v 16.00000000 31.00000000 0.38268980
v 15.92012119 31.00000000 3.00000000
v 16.00000000 31.00000000 3.01832795
v 16.00000000 32.00000000 0.24714877
v 16.00000000 32.00000000 3.02703094
v 16.00000000 33.00000000 0.45025134
v 16.00000000 33.00000000 2.83667350
v 16.00000000 32.31710434 3.00000000
v 16.00000000 34.00000000 0.32884926
v 16.00000000 34.00000000 2.91770697
v 16.00000000 35.00000000 0.51980662
v 16.00000000 35.00000000 2.34699297
v 16.00000000 36.00000000 0.21928005
v 16.00000000 36.00000000 2.81928229
v 16.00000000 37.00000000 0.46153051
v 16.00000000 37.00000000 2.58215547
v 16.00000000 38.00000000 0.15138945
v 16.00000000 38.00000000 2.85082078
v 16.00000000 39.00000000 0.40362960
v 16.00000000 39.00000000 2.32716250
v 16.00000000 40.00000000 0.41040152
v 15.45396137 40.00000000 2.00000000
v 16.00000000 40.00000000 2.43552351
v 16.00000000 40.76450729 1.00000000
v 16.00000000 40.44039917 2.00000000
v 16.99785042 2.00000000 17.00000000
v 17.00000000 1.98645830 17.00000000
v 17.00000000 2.00000000 16.98230553
v 17.00000000 2.00000000 17.03804588
v 16.93690681 3.00000000 11.00000000
v 17.00000000 2.57810283 11.00000000
v 17.00000000 3.00000000 10.16899586
v 16.91164970 3.00000000 12.00000000
v 17.00000000 2.58500242 12.00000000
v 17.00000000 3.00000000 12.63675880
v 17.00000000 2.02026820 17.00000000
v 16.90821648 4.00000000 10.00000000
v 17.00000000 3.14522147 10.00000000
v 17.00000000 4.00000000 9.25192451
v 16.84845543 4.00000000 11.00000000
v 16.88952637 4.00000000 12.00000000
v 17.00000000 3.86374259 13.00000000
v 16.99087143 4.00000000 13.00000000
v 17.00000000 4.00000000 13.52820969
v 16.99753761 4.00000000 17.00000000
v 17.00000000 3.97699594 17.00000000
v 17.00000000 4.00000000 16.83247757
v 17.00000000 4.00000000 17.02815819
v 16.77447701 5.00000000 10.00000000
v 17.00000000 5.00000000 9.02908897
v 16.83553123 5.00000000 11.00000000
v 16.90039444 5.00000000 12.00000000
v 16.99826050 5.00000000 13.00000000
v 17.00000000 4.03652287 14.00000000
v 16.80007172 5.00000000 14.00000000
v 16.99911118 5.00000000 15.00000000
v 17.00000000 4.98857880 15.00000000
v 17.00000000 5.00000000 15.01164818
v 17.00000000 4.04529572 17.00000000
v 16.63496017 6.00000000 1.00000000
v 16.15518188 6.00000000 2.00000000
v 16.93944359 6.00000000 9.00000000
v 17.00000000 5.13711929 9.00000000
v 17.00000000 6.00000000 8.85562801
v 16.54189682 6.00000000 10.00000000
v 16.72408676 6.00000000 11.00000000
v 16.77834511 6.00000000 12.00000000
v 16.91627312 6.00000000 13.00000000
v 16.77804947 6.00000000 14.00000000
v 17.00000000 6.00000000 14.75071526
v 17.00000000 5.01354504 15.00000000
v 17.00000000 6.24861431 1.00000000
v 17.00000000 7.00000000 0.43390566
v 17.00000000 6.42766237 2.00000000
v 17.00000000 7.00000000 2.25518179
v 16.77070808 7.00000000 9.00000000
v 17.00000000 7.00000000 8.49604702
v 16.54976654 7.00000000 10.00000000
v 16.57116699 7.00000000 11.00000000
v 16.58892059 7.00000000 12.00000000
v 16.65239906 7.00000000 13.00000000
v 16.75855637 7.00000000 14.00000000
v 17.00000000 6.28250170 15.00000000
v 16.83405113 7.00000000 15.00000000
v 16.79341698 7.00000000 16.00000000
v 17.00000000 6.20084000 16.00000000
v 16.96284294 7.00000000 17.00000000
v 17.00000000 6.69644690 17.00000000
v 16.99902725 7.00000000 18.00000000
v 17.00000000 6.92957020 18.00000000
v 17.00000000 7.00000000 18.00872231
v 17.00000000 8.00000000 0.29198620
v 17.00000000 8.00000000 2.24607921
v 16.90362167 8.00000000 9.00000000
v 17.00000000 8.00000000 8.83215523
v 16.73750877 8.00000000 10.00000000
v 16.70924759 8.00000000 11.00000000
v 16.61510468 8.00000000 12.00000000
v 16.71217537 8.00000000 13.00000000
v 16.85980225 8.00000000 14.00000000
v 16.94940376 8.00000000 15.00000000
v 16.82010651 8.00000000 16.00000000
v 16.99156952 8.00000000 17.00000000
v 17.00000000 8.00000000 17.08130455
v 17.00000000 7.01079178 18.00000000
v 17.00000000 9.00000000 0.26776290
v 17.00000000 9.00000000 2.60038805
v 16.94223404 9.00000000 9.00000000
v 17.00000000 9.00000000 8.82156086
v 16.76420784 9.00000000 10.00000000
v 16.74669838 9.00000000 11.00000000
v 16.70469475 9.00000000 12.00000000
v 16.61303520 9.00000000 13.00000000
v 16.71888924 9.00000000 14.00000000
v 16.88849640 9.00000000 15.00000000
v 16.87388420 9.00000000 16.00000000
v 16.92770004 9.00000000 17.00000000
v 17.00000000 8.54203415 18.00000000
v 16.92623711 9.00000000 18.00000000
v 17.00000000 9.00000000 18.30413628
v 17.00000000 10.00000000 0.05273435
v 16.10551453 10.00000000 0.00000000
v 17.00000000 10.00000000 2.33130217
v 17.00000000 9.15463066 9.00000000
v 17.00000000 10.00000000 9.62199402
v 16.83717918 10.00000000 10.00000000
v 16.73907471 10.00000000 11.00000000
v 16.68340302 10.00000000 12.00000000
v 16.70237350 10.00000000 13.00000000
v 16.79510307 10.00000000 14.00000000
v 16.91398048 10.00000000 15.00000000
v 16.80751991 10.00000000 16.00000000
v 16.88998413 10.00000000 17.00000000
v 16.90982628 10.00000000 18.00000000
v 17.00000000 10.00000000 18.38109779
v 17.00000000 11.00000000 0.37690195
v 16.01396179 11.00000000 0.00000000
v 17.00000000 11.00000000 2.40144110
v 16.68741035 11.00000000 10.00000000
v 17.00000000 11.00000000 9.39644241
v 16.65599442 11.00000000 11.00000000
v 16.64963341 11.00000000 12.00000000
v 16.69377327 11.00000000 13.00000000
v 16.73197556 11.00000000 14.00000000
v 16.80552101 11.00000000 15.00000000
v 16.78530312 11.00000000 16.00000000
v 16.90469170 11.00000000 17.00000000
v 17.00000000 11.00000000 17.97458076
v 17.00000000 10.97721863 18.00000000
v 17.00000000 12.00000000 0.17618041
v 16.27699280 12.00000000 0.00000000
v 17.00000000 12.00000000 2.70884943
v 16.58760834 12.00000000 10.00000000
v 17.00000000 12.00000000 9.19717312
v 16.65589333 12.00000000 11.00000000
v 16.56743622 12.00000000 12.00000000
v 16.73715210 12.00000000 13.00000000
v 16.72245598 12.00000000 14.00000000
v 16.81105423 12.00000000 15.00000000
v 16.74773598 12.00000000 16.00000000
v 16.83392906 12.00000000 17.00000000
v 17.00000000 11.03475571 18.00000000
v 16.94143105 12.00000000 18.00000000
v 16.98405457 12.00000000 19.00000000
v 17.00000000 11.61301804 19.00000000
v 17.00000000 12.00000000 19.15367889
v 17.00000000 13.00000000 0.19026588
v 17.00000000 13.00000000 2.57955265
v 16.65116310 13.00000000 10.00000000
v 17.00000000 13.00000000 9.34611893
v 16.70918846 13.00000000 11.00000000
v 16.65999031 13.00000000 12.00000000
v 16.53265953 13.00000000 13.00000000
v 16.61583710 13.00000000 14.00000000
v 16.81537247 13.00000000 15.00000000
v 16.78742409 13.00000000 16.00000000
v 16.84736061 13.00000000 17.00000000
v 16.92956352 13.00000000 18.00000000
v 17.00000000 13.00000000 18.43028259
v 17.00000000 12.17902470 19.00000000
v 17.00000000 14.00000000 0.02849391
v 16.72273254 14.00000000 0.00000000
v 17.00000000 14.00000000 2.84412384
v 16.50535583 14.00000000 10.00000000
v 17.00000000 14.00000000 9.26180935
v 16.53897667 14.00000000 11.00000000
v 16.55330658 14.00000000 12.00000000
v 16.61505508 14.00000000 13.00000000
v 16.59380531 14.00000000 14.00000000
v 16.68830490 14.00000000 15.00000000
v 16.65807343 14.00000000 16.00000000
v 16.73791695 14.00000000 17.00000000
v 16.79926491 14.00000000 18.00000000
v 17.00000000 14.00000000 18.81278801
v 17.00000000 15.00000000 0.21638699
v 17.00000000 15.00000000 2.63442802
v 16.98389626 15.00000000 9.00000000
v 17.00000000 14.94668293 9.00000000
v 17.00000000 15.00000000 8.98163891
v 16.54945374 15.00000000 10.00000000
v 16.47245789 15.00000000 11.00000000
v 16.44696236 15.00000000 12.00000000
v 16.53207588 15.00000000 13.00000000
v 16.52792740 15.00000000 14.00000000
v 16.63430214 15.00000000 15.00000000
v 16.58611488 15.00000000 16.00000000
v 16.68983650 15.00000000 17.00000000
v 16.85794449 15.00000000 18.00000000
v 17.00000000 15.00000000 18.85666847
v 17.00000000 16.00000000 0.13507731
v 16.55029106 16.00000000 0.00000000
v 17.00000000 15.87094116 3.00000000
v 16.64768600 16.00000000 3.00000000
v 17.00000000 16.00000000 3.02149844
v 16.95966148 16.00000000 9.00000000
v 17.00000000 16.00000000 8.96229076
v 16.34191704 16.00000000 10.00000000
v 16.44523048 16.00000000 11.00000000
v 16.44954681 16.00000000 12.00000000
v 16.58121872 16.00000000 13.00000000
v 16.63732529 16.00000000 14.00000000
v 16.63089371 16.00000000 15.00000000
v 16.57590485 16.00000000 16.00000000
v 16.72439766 16.00000000 17.00000000
v 16.82226372 16.00000000 18.00000000
v 17.00000000 15.41989136 19.00000000
v 16.97239304 16.00000000 19.00000000
v 17.00000000 16.00000000 19.14112854
v 17.00000000 17.00000000 0.21753603
v 17.00000000 17.00000000 2.59962487
v 17.00000000 16.10590553 3.00000000
v 17.00000000 16.05297279 9.00000000
v 17.00000000 17.00000000 9.39151096
v 16.40967178 17.00000000 10.00000000
v 16.55824280 17.00000000 11.00000000
v 16.59452629 17.00000000 12.00000000
v 16.47842598 17.00000000 13.00000000
v 16.55634499 17.00000000 14.00000000
v 16.74138641 17.00000000 15.00000000
v 16.66990662 17.00000000 16.00000000
v 16.75421143 17.00000000 17.00000000
v 16.86586761 17.00000000 18.00000000
v 17.00000000 17.00000000 18.73942757
v 17.00000000 16.39560890 19.00000000
v 17.00000000 18.00000000 0.29087868
v 17.00000000 18.00000000 2.77614427
v 16.73673058 18.00000000 10.00000000
v 17.00000000 18.00000000 9.55651665
v 16.59331131 18.00000000 11.00000000
v 16.54742622 18.00000000 12.00000000
v 16.55423355 18.00000000 13.00000000
v 16.61239815 18.00000000 14.00000000
v 16.72462463 18.00000000 15.00000000
v 16.72645569 18.00000000 16.00000000
v 16.79364967 18.00000000 17.00000000
v 16.90634918 18.00000000 18.00000000
v 17.00000000 18.00000000 18.38710785
v 17.00000000 19.00000000 0.44013196
v 17.00000000 19.00000000 2.54818034
v 16.81131554 19.00000000 10.00000000
v 17.00000000 19.00000000 9.58976650
v 16.58507919 19.00000000 11.00000000
v 16.47039604 19.00000000 12.00000000
v 16.57597733 19.00000000 13.00000000
v 16.62091827 19.00000000 14.00000000
v 16.76095009 19.00000000 15.00000000
v 16.76999092 19.00000000 16.00000000
v 16.92610168 19.00000000 17.00000000
v 16.94469643 19.00000000 18.00000000
v 17.00000000 19.00000000 18.33052444
v 17.00000000 20.00000000 0.38472897
v 17.00000000 20.00000000 2.91671181
v 16.93246460 20.00000000 10.00000000
v 17.00000000 20.00000000 9.86315346
v 16.75007629 20.00000000 11.00000000
v 16.57278252 20.00000000 12.00000000
v 16.61312485 20.00000000 13.00000000
v 16.71528435 20.00000000 14.00000000
v 16.80033875 20.00000000 15.00000000
v 16.73591042 20.00000000 16.00000000
v 16.88141632 20.00000000 17.00000000
v 17.00000000 20.00000000 17.89425659
v 17.00000000 19.78598022 18.00000000
v 17.00000000 21.00000000 0.33727077
v 17.00000000 21.00000000 2.59426188
v 17.00000000 20.42094421 10.00000000
v 17.00000000 21.00000000 10.22713280
v 16.78920746 21.00000000 11.00000000
v 16.71105003 21.00000000 12.00000000
v 16.53337860 21.00000000 13.00000000
v 16.57449722 21.00000000 14.00000000
v 16.88955116 21.00000000 15.00000000
v 16.83957481 21.00000000 16.00000000
v 16.86006165 21.00000000 17.00000000
v 17.00000000 21.00000000 17.70116425
v 17.00000000 22.00000000 0.30885044
v 17.00000000 22.00000000 2.79509187
v 16.93831062 22.00000000 10.00000000
v 17.00000000 21.55552864 10.00000000
v 17.00000000 22.00000000 9.90429306
v 16.74091721 22.00000000 11.00000000
v 16.58191872 22.00000000 12.00000000
v 16.57165146 22.00000000 13.00000000
v 16.59200668 22.00000000 14.00000000
v 16.81892776 22.00000000 15.00000000
v 16.82625961 22.00000000 16.00000000
v 16.86581230 22.00000000 17.00000000
v 17.00000000 21.86907959 18.00000000
v 16.99187469 22.00000000 18.00000000
v 17.00000000 22.00000000 18.04594421
v 17.00000000 23.00000000 0.41119498
v 17.00000000 23.00000000 2.83993983
v 16.99365616 23.00000000 10.00000000
v 17.00000000 23.00000000 9.98692608
v 16.65006638 23.00000000 11.00000000
v 16.54806328 23.00000000 12.00000000
v 16.54706192 23.00000000 13.00000000
v 16.62884331 23.00000000 14.00000000
v 16.74940109 23.00000000 15.00000000
v 16.77154732 23.00000000 16.00000000
v 17.00000000 23.00000000 16.87526321
v 17.00000000 22.80584335 17.00000000
v 17.00000000 22.14037323 18.00000000
v 17.00000000 24.00000000 0.28355408
v 17.00000000 23.30616188 3.00000000
v 16.41809654 24.00000000 3.00000000
v 17.00000000 24.00000000 3.12955332
v 16.86697006 24.00000000 10.00000000
v 17.00000000 24.00000000 9.62439632
v 16.54217148 24.00000000 11.00000000
v 16.45769501 24.00000000 12.00000000
v 16.51766968 24.00000000 13.00000000
v 16.63702965 24.00000000 14.00000000
v 16.76948738 24.00000000 15.00000000
v 16.74261475 24.00000000 16.00000000
v 17.00000000 23.52345848 17.00000000
v 16.96784401 24.00000000 17.00000000
v 17.00000000 24.00000000 17.31874466
v 17.00000000 25.00000000 0.27819967
v 17.00000000 25.00000000 2.56298637
v 17.00000000 24.37850761 3.00000000
v 16.68375397 25.00000000 10.00000000
v 17.00000000 25.00000000 9.54051590
v 16.61077690 25.00000000 11.00000000
v 16.52483559 25.00000000 12.00000000
v 16.32208061 25.00000000 13.00000000
v 16.50979424 25.00000000 14.00000000
v 16.69028854 25.00000000 15.00000000
v 16.77742958 25.00000000 16.00000000
v 16.83862495 25.00000000 17.00000000
v 17.00000000 24.62183571 18.00000000
v 16.95553017 25.00000000 18.00000000
v 17.00000000 25.00000000 18.17568588
v 17.00000000 26.00000000 0.30146071
v 17.00000000 26.00000000 2.76886511
v 16.93383980 26.00000000 10.00000000
v 17.00000000 26.00000000 9.80877495
v 16.67409706 26.00000000 11.00000000
v 16.48262215 26.00000000 12.00000000
v 16.38334465 26.00000000 13.00000000
v 16.53612900 26.00000000 14.00000000
v 16.69069099 26.00000000 15.00000000
v 16.71609879 26.00000000 16.00000000
v 16.80258560 26.00000000 17.00000000
v 16.88850403 26.00000000 18.00000000
v 17.00000000 26.00000000 18.36106300
v 17.00000000 27.00000000 0.42063051
v 17.00000000 27.00000000 2.54478955
v 17.00000000 26.26947403 10.00000000
v 17.00000000 27.00000000 10.36140823
v 16.77235603 27.00000000 11.00000000
v 16.54354477 27.00000000 12.00000000
v 16.44992638 27.00000000 13.00000000
v 16.51745415 27.00000000 14.00000000
v 16.57010841 27.00000000 15.00000000
v 16.64030266 27.00000000 16.00000000
v 16.84890938 27.00000000 17.00000000
v 16.94874954 27.00000000 18.00000000
v 17.00000000 27.00000000 18.45219421
v 17.00000000 28.00000000 0.23259862
v 17.00000000 27.58494949 3.00000000
v 16.47644615 28.00000000 3.00000000
v 17.00000000 28.00000000 3.13042331
v 16.96230316 28.00000000 10.00000000
v 17.00000000 27.82164955 10.00000000
v 17.00000000 28.00000000 9.93005466
v 16.78493118 28.00000000 11.00000000
v 16.56686592 28.00000000 12.00000000
v 16.49226952 28.00000000 13.00000000
v 16.58957100 28.00000000 14.00000000
v 16.57573318 28.00000000 15.00000000
v 16.49322319 28.00000000 16.00000000
v 16.72570229 28.00000000 17.00000000
v 16.95110321 28.00000000 18.00000000
v 17.00000000 28.00000000 18.34188461
v 17.00000000 29.00000000 0.24505326
v 17.00000000 29.00000000 2.80066371
v 17.00000000 28.56375694 3.00000000
v 17.00000000 28.07638359 10.00000000
v 17.00000000 29.00000000 10.61465645
v 16.79726601 29.00000000 11.00000000
v 16.60564232 29.00000000 12.00000000
v 16.46595764 29.00000000 13.00000000
v 16.52152061 29.00000000 14.00000000
v 16.68786621 29.00000000 15.00000000
v 16.65089035 29.00000000 16.00000000
v 16.71296310 29.00000000 17.00000000
v 17.00000000 29.00000000 17.96367645
v 17.00000000 28.83044434 18.00000000
v 17.00000000 30.00000000 0.15726165
v 17.00000000 29.45395851 3.00000000
v 17.00000000 30.00000000 3.11857772
v 16.98284721 30.00000000 11.00000000
v 17.00000000 30.00000000 10.96362972
v 16.55125809 30.00000000 12.00000000
v 16.44775009 30.00000000 13.00000000
v 16.50759315 30.00000000 14.00000000
v 16.72751427 30.00000000 15.00000000
v 16.73235321 30.00000000 16.00000000
v 16.79070091 30.00000000 17.00000000
v 17.00000000 29.18324280 18.00000000
v 16.95121002 30.00000000 18.00000000
v 17.00000000 30.00000000 18.23028755
v 17.00000000 31.00000000 0.38292655
v 16.06175423 31.00000000 3.00000000
v 17.00000000 31.00000000 2.56652737
v 17.00000000 30.32763290 3.00000000
v 16.95120049 31.00000000 11.00000000
v 17.00000000 31.00000000 10.89608574
v 16.61404419 31.00000000 12.00000000
v 16.44730949 31.00000000 13.00000000
v 16.48322105 31.00000000 14.00000000
v 16.63186646 31.00000000 15.00000000
v 16.65358734 31.00000000 16.00000000
v 16.96541595 31.00000000 17.00000000
v 16.99519920 31.00000000 18.00000000
v 17.00000000 31.00000000 18.04496002
v 17.00000000 32.00000000 0.21082795
v 16.48234940 32.00000000 3.00000000
v 17.00000000 32.00000000 2.92122269
v 17.00000000 31.50059509 11.00000000
v 17.00000000 32.00000000 11.09701729
v 16.58113480 32.00000000 12.00000000
v 16.50401115 32.00000000 13.00000000
v 16.61710930 32.00000000 14.00000000
v 16.78440094 32.00000000 15.00000000
v 16.69852066 32.00000000 16.00000000
v 16.93897247 32.00000000 17.00000000
v 17.00000000 32.00000000 17.52976990
v 17.00000000 31.08136559 18.00000000
v 17.00000000 33.00000000 0.24766013
v 17.00000000 33.00000000 2.61882281
v 16.62306976 33.00000000 12.00000000
v 17.00000000 33.00000000 11.28073883
v 16.40299606 33.00000000 13.00000000
v 16.74102592 33.00000000 14.00000000
v 16.89190292 33.00000000 15.00000000
v 16.90341568 33.00000000 16.00000000
v 17.00000000 33.00000000 16.71066284
v 17.00000000 32.58190918 17.00000000
v 17.00000000 34.00000000 0.26077357
v 17.00000000 34.00000000 2.63099504
v 16.97739983 34.00000000 11.00000000
v 17.00000000 33.86432266 11.00000000
v 17.00000000 34.00000000 10.92859268
v 16.66885376 34.00000000 12.00000000
v 16.51506233 34.00000000 13.00000000
v 16.72664261 34.00000000 14.00000000
v 16.84457397 34.00000000 15.00000000
v 16.90704727 34.00000000 16.00000000
v 17.00000000 33.28810120 17.00000000
v 16.91701889 34.00000000 17.00000000
v 17.00000000 34.00000000 17.41583633
v 17.00000000 35.00000000 0.47916695
v 17.00000000 35.00000000 2.40632057
v 16.84075737 35.00000000 11.00000000
v 17.00000000 35.00000000 10.57381725
v 16.65898895 35.00000000 12.00000000
v 16.71812630 35.00000000 13.00000000
v 16.79989433 35.00000000 14.00000000
v 16.83844185 35.00000000 15.00000000
v 17.00000000 35.00000000 15.87515640
v 17.00000000 34.79750061 16.00000000
v 17.00000000 34.33655167 17.00000000
v 17.00000000 36.00000000 0.28704903
v 17.00000000 35.63244629 3.00000000
v 16.38839912 36.00000000 3.00000000
v 17.00000000 36.00000000 3.09493184
v 16.79596329 36.00000000 11.00000000
v 17.00000000 36.00000000 10.06679153
v 16.63628387 36.00000000 12.00000000
v 16.71833611 36.00000000 13.00000000
v 16.91938972 36.00000000 14.00000000
v 16.97704887 36.00000000 15.00000000
v 17.00000000 35.68869019 16.00000000
v 16.98730278 36.00000000 16.00000000
v 17.00000000 36.00000000 16.09316254
v 17.00000000 37.00000000 0.30470833
v 17.00000000 37.00000000 2.76053762
v 17.00000000 36.50074387 3.00000000
v 16.90257645 37.00000000 11.00000000
v 17.00000000 37.00000000 10.02684212
v 16.66228676 37.00000000 12.00000000
v 16.63226700 37.00000000 13.00000000
v 16.77818680 37.00000000 14.00000000
v 17.00000000 37.00000000 14.75771809
v 17.00000000 36.25099945 15.00000000
v 17.00000000 36.19887161 16.00000000
v 17.00000000 38.00000000 0.29748100
v 17.00000000 38.00000000 2.76973367
v 16.76140213 38.00000000 10.00000000
v 17.00000000 37.01404953 10.00000000
v 17.00000000 38.00000000 9.70012665
v 16.77021408 38.00000000 11.00000000
v 16.74143600 38.00000000 12.00000000
v 16.77384567 38.00000000 13.00000000
v 16.87351990 38.00000000 14.00000000
v 17.00000000 38.00000000 14.44873238
v 17.00000000 39.00000000 0.47515672
v 17.00000000 39.00000000 2.17236328
v 16.71927643 39.00000000 10.00000000
v 17.00000000 39.00000000 9.02272606
v 16.72543526 39.00000000 11.00000000
v 16.71109962 39.00000000 12.00000000
v 16.75383186 39.00000000 13.00000000
v 16.88382721 39.00000000 14.00000000
v 17.00000000 38.73159790 15.00000000
v 16.95417213 39.00000000 15.00000000
v 16.95780563 39.00000000 16.00000000
v 17.00000000 38.20899963 16.00000000
v 16.99619102 39.00000000 17.00000000
v 17.00000000 38.95753860 17.00000000
v 17.00000000 39.00000000 17.01510048
v 17.00000000 40.00000000 0.47538051
v 17.00000000 40.00000000 2.18858147
v 16.87999916 40.00000000 9.00000000
v 17.00000000 39.08822632 9.00000000
v 17.00000000 40.00000000 8.90909958
v 16.48114777 40.00000000 10.00000000
v 16.61040688 40.00000000 11.00000000
v 16.63265419 40.00000000 12.00000000
v 16.75261307 40.00000000 13.00000000
v 16.98135757 40.00000000 14.00000000
v 17.00000000 40.00000000 14.35356426
v 17.00000000 39.67256927 15.00000000
v 17.00000000 40.00000000 15.38087463
v 16.96076775 40.00000000 16.00000000
v 17.00000000 40.00000000 16.30998039
v 17.00000000 39.04540634 17.00000000
v 17.00000000 40.72365570 1.00000000
v 17.00000000 40.32190323 2.00000000
v 17.00000000 40.35195160 9.00000000
v 17.00000000 41.00000000 9.25129032
v 16.63977051 41.00000000 10.00000000
v 16.73280716 41.00000000 11.00000000
v 16.78318787 41.00000000 12.00000000
v 16.73242950 41.00000000 13.00000000
v 16.77412605 41.00000000 14.00000000
v 17.00000000 40.59949875 15.00000000
v 16.98491287 41.00000000 15.00000000
v 17.00000000 40.36818314 16.00000000
v 17.00000000 41.00000000 15.19321632
v 16.83296204 42.00000000 10.00000000
v 17.00000000 42.00000000 9.61969185
v 16.73056602 42.00000000 11.00000000
v 16.84562683 42.00000000 12.00000000
v 16.95967865 42.00000000 13.00000000
v 16.90985489 42.00000000 14.00000000
v 17.00000000 42.00000000 14.84474754
v 17.00000000 41.54418945 15.00000000
v 16.86698723 43.00000000 10.00000000
v 17.00000000 43.00000000 9.75949001
v 16.75978661 43.00000000 11.00000000
v 16.82387352 43.00000000 12.00000000
v 16.85457611 43.00000000 13.00000000
v 16.86792374 43.00000000 14.00000000
v 17.00000000 42.16274643 15.00000000
v 16.93717957 43.00000000 15.00000000
v 17.00000000 43.00000000 15.51290226
v 17.00000000 43.64371490 10.00000000
v 17.00000000 44.00000000 10.53993607
v 16.94515610 44.00000000 11.00000000
v 16.98167419 44.00000000 12.00000000
v 16.98975372 44.00000000 13.00000000
v 17.00000000 44.00000000 13.07600880
v 17.00000000 43.50948334 14.00000000
v 17.00000000 43.30755234 15.00000000
v 17.00000000 44.95003891 11.00000000
v 17.00000000 44.19098663 12.00000000
v 17.00000000 44.12159348 13.00000000
v 17.00000000 45.00000000 13.69167805
v 16.96602058 45.00000000 14.00000000
v 17.00000000 44.79058075 14.00000000
v 17.00000000 45.00000000 14.13668728
v 17.00000000 45.10008621 14.00000000
v 17.96502495 1.00000000 12.00000000
v 18.00000000 0.97746783 12.00000000
v 18.00000000 1.00000000 11.85479736
v 17.73687744 1.00000000 13.00000000
v 18.00000000 0.87626016 13.00000000
v 17.47784042 1.00000000 14.00000000
v 18.00000000 0.53205585 14.00000000
v 17.48677254 1.00000000 15.00000000
v 18.00000000 0.62599444 15.00000000
v 17.56643677 1.00000000 16.00000000
v 18.00000000 0.51516873 16.00000000
v 17.30814934 1.00000000 17.00000000
v 18.00000000 0.54557514 17.00000000
v 17.33734512 1.00000000 18.00000000
v 18.00000000 0.26969481 18.00000000
v 17.30048943 1.00000000 19.00000000
v 18.00000000 0.29415467 19.00000000
v 18.00000000 0.00000000 19.48324203
v 17.75391197 0.00000000 20.00000000
v 17.13866425 1.00000000 20.00000000
v 17.92359734 0.00000000 21.00000000
v 17.10920334 1.00000000 21.00000000
v 17.80026245 0.00000000 22.00000000
v 17.26994514 1.00000000 22.00000000
v 17.88467979 0.00000000 23.00000000
v 17.15123367 1.00000000 23.00000000
v 17.81928825 0.00000000 24.00000000
v 17.40161896 1.00000000 24.00000000
v 18.00000000 0.12740934 25.00000000
v 18.00000000 0.00000000 24.66679955
v 17.24015808 1.00000000 25.00000000
v 18.00000000 0.00000000 25.78477287
v 17.97007561 0.00000000 26.00000000
v 17.40164185 1.00000000 26.00000000
v 18.00000000 0.18411362 27.00000000
v 18.00000000 0.00000000 26.20693398
v 17.45867729 1.00000000 27.00000000
v 18.00000000 0.00000000 27.26093292
v 17.72004128 0.00000000 28.00000000
v 17.32443237 1.00000000 28.00000000
v 17.93269730 0.00000000 29.00000000
v 17.23146629 1.00000000 29.00000000
v 17.84674454 0.00000000 30.00000000
v 17.36909294 1.00000000 30.00000000
v 17.99713707 0.00000000 31.00000000
v 17.35331154 1.00000000 31.00000000
v 17.87797737 0.00000000 32.00000000
v 17.51448822 1.00000000 32.00000000
v 18.00000000 0.24056400 33.00000000
v 18.00000000 0.00000000 32.43732452
v 17.47012901 1.00000000 33.00000000
v 18.00000000 0.00000000 33.94574738
v 17.98933792 0.00000000 34.00000000
v 17.58433533 1.00000000 34.00000000
v 18.00000000 0.36166176 35.00000000
v 18.00000000 0.00000000 34.04697037
v 17.63813400 1.00000000 35.00000000
v 17.71731186 1.00000000 36.00000000
v 18.00000000 0.14217289 36.00000000
v 17.64583588 1.00000000 37.00000000
v 18.00000000 0.54997253 37.00000000
v 17.64647484 1.00000000 38.00000000
v 18.00000000 0.33459902 38.00000000
v 17.68454933 1.00000000 39.00000000
v 18.00000000 0.60745311 39.00000000
v 17.75707436 1.00000000 40.00000000
v 18.00000000 0.35817993 40.00000000
v 17.64008522 1.00000000 41.00000000
v 18.00000000 0.60108322 41.00000000
v 17.70608711 1.00000000 42.00000000
v 18.00000000 0.49282882 42.00000000
v 17.86081314 1.00000000 43.00000000
v 18.00000000 0.83879292 43.00000000
v 17.76402855 1.00000000 44.00000000
v 18.00000000 0.51366663 44.00000000
v 18.00000000 1.00000000 44.52719498
v 17.36779976 2.00000000 10.00000000
v 18.00000000 1.36043394 10.00000000
v 18.00000000 2.00000000 9.12487125
v 17.40944099 2.00000000 11.00000000
v 18.00000000 1.37739408 11.00000000
v 17.27332687 2.00000000 12.00000000
v 17.17787933 2.00000000 13.00000000
v 17.26554871 2.00000000 14.00000000
v 17.55195236 2.00000000 15.00000000
v 17.16580582 2.00000000 16.00000000
v 17.08955574 2.00000000 18.00000000
v 17.18765640 2.00000000 19.00000000
v 17.14322853 2.00000000 20.00000000
v 17.21944809 2.00000000 21.00000000
v 17.28592300 2.00000000 22.00000000
v 17.43116188 2.00000000 23.00000000
v 17.32556725 2.00000000 24.00000000
v 17.37953568 2.00000000 25.00000000
v 17.31133842 2.00000000 26.00000000
v 17.57340622 2.00000000 27.00000000
v 17.31895828 2.00000000 28.00000000
v 17.36660004 2.00000000 29.00000000
v 17.40177155 2.00000000 30.00000000
v 17.60923195 2.00000000 31.00000000
v 17.44603348 2.00000000 32.00000000
v 17.46635437 2.00000000 33.00000000
v 17.62984467 2.00000000 34.00000000
v 17.87900162 2.00000000 35.00000000
v 17.68826294 2.00000000 36.00000000
v 17.74487877 2.00000000 37.00000000
v 17.69470596 2.00000000 38.00000000
v 18.00000000 2.00000000 38.89972305
v 18.00000000 1.85287535 39.00000000
v 18.00000000 2.00000000 39.09922409
v 17.63926888 2.00000000 40.00000000
v 17.73349380 2.00000000 41.00000000
v 17.64116287 2.00000000 42.00000000
v 18.00000000 2.00000000 42.88424683
v 18.00000000 1.68243885 43.00000000
v 18.00000000 2.00000000 43.12422180
v 17.63975334 2.00000000 44.00000000
v 18.00000000 2.00000000 44.89700699
v 17.74219513 3.00000000 9.00000000
v 18.00000000 2.23785043 9.00000000
v 18.00000000 3.00000000 8.80269814
v 17.04543495 3.00000000 10.00000000
v 17.12181854 3.00000000 13.00000000
v 17.15429878 3.00000000 14.00000000
v 17.20037270 3.00000000 15.00000000
v 17.07725906 3.00000000 16.00000000
v 17.16127777 3.00000000 17.00000000
v 17.17851448 3.00000000 18.00000000
v 17.35256958 3.00000000 19.00000000
v 17.22582054 3.00000000 20.00000000
v 17.37109566 3.00000000 21.00000000
v 17.29246712 3.00000000 22.00000000
v 17.42786980 3.00000000 23.00000000
v 17.37332344 3.00000000 24.00000000
v 17.46071243 3.00000000 25.00000000
v 17.41706657 3.00000000 26.00000000
v 17.57208633 3.00000000 27.00000000
v 17.42049408 3.00000000 28.00000000
v 17.49332619 3.00000000 29.00000000
v 17.43995476 3.00000000 30.00000000
v 17.55090523 3.00000000 31.00000000
v 17.49677086 3.00000000 32.00000000
v 17.60707092 3.00000000 33.00000000
v 17.68559837 3.00000000 34.00000000
v 17.84540939 3.00000000 35.00000000
v 17.78216362 3.00000000 36.00000000
v 17.73466682 3.00000000 37.00000000
v 17.70549393 3.00000000 38.00000000
v 18.00000000 2.13451982 39.00000000
v 17.77906418 3.00000000 39.00000000
v 17.70806503 3.00000000 40.00000000
v 17.62479973 3.00000000 41.00000000
v 17.62488556 3.00000000 42.00000000
v 18.00000000 2.17062879 43.00000000
v 17.77229309 3.00000000 43.00000000
v 17.69353867 3.00000000 44.00000000
v 18.00000000 2.18584514 45.00000000
v 17.80307770 3.00000000 45.00000000
v 18.00000000 3.00000000 45.55398560
v 17.09137726 4.00000000 9.00000000
v 18.00000000 4.00000000 8.53187084
v 17.01175117 4.00000000 14.00000000
v 17.11199951 4.00000000 15.00000000
v 17.01737976 4.00000000 16.00000000
v 17.11988449 4.00000000 18.00000000
v 17.20203590 4.00000000 19.00000000
v 17.19651413 4.00000000 20.00000000
v 17.30727386 4.00000000 21.00000000
v 17.39649582 4.00000000 22.00000000
v 17.42623138 4.00000000 23.00000000
v 17.46351051 4.00000000 24.00000000
v 17.43557549 4.00000000 25.00000000
v 17.50874901 4.00000000 26.00000000
v 17.48525620 4.00000000 27.00000000
v 17.46979904 4.00000000 28.00000000
v 17.44426346 4.00000000 29.00000000
v 17.52216911 4.00000000 30.00000000
v 17.52214813 4.00000000 31.00000000
v 17.57112312 4.00000000 32.00000000
v 17.55231285 4.00000000 33.00000000
v 17.68522835 4.00000000 34.00000000
v 17.67692566 4.00000000 35.00000000
v 17.73641777 4.00000000 36.00000000
v 17.67847824 4.00000000 37.00000000
v 17.68440819 4.00000000 38.00000000
v 17.66611481 4.00000000 39.00000000
v 17.73254395 4.00000000 40.00000000
v 17.62805176 4.00000000 41.00000000
v 17.68375969 4.00000000 42.00000000
v 17.72970009 4.00000000 43.00000000
v 17.70447922 4.00000000 44.00000000
v 17.79110527 4.00000000 45.00000000
v 18.00000000 3.84992361 46.00000000
v 17.97306252 4.00000000 46.00000000
v 18.00000000 4.00000000 46.03632736
v 17.02734184 5.00000000 9.00000000
v 18.00000000 5.00000000 8.54474926
v 17.11552238 5.00000000 16.00000000
v 17.07797623 5.00000000 17.00000000
v 17.02037239 5.00000000 18.00000000
v 17.14402771 5.00000000 19.00000000
v 17.22538567 5.00000000 20.00000000
v 17.33014488 5.00000000 21.00000000
v 17.27183533 5.00000000 22.00000000
v 17.48906326 5.00000000 23.00000000
v 17.51309586 5.00000000 24.00000000
v 17.50997543 5.00000000 25.00000000
v 17.46372032 5.00000000 26.00000000
v 17.51841354 5.00000000 27.00000000
v 17.52640533 5.00000000 28.00000000
v 17.47023010 5.00000000 29.00000000
v 17.43258476 5.00000000 30.00000000
v 17.57453156 5.00000000 31.00000000
v 17.62159538 5.00000000 32.00000000
v 17.57750130 5.00000000 33.00000000
v 17.58327866 5.00000000 34.00000000
v 17.70029831 5.00000000 35.00000000
v 17.70048714 5.00000000 36.00000000
v 17.72651863 5.00000000 37.00000000
v 17.63138390 5.00000000 38.00000000
v 17.74806786 5.00000000 39.00000000
v 17.77470589 5.00000000 40.00000000
v 17.65687943 5.00000000 41.00000000
v 17.59070969 5.00000000 42.00000000
v 17.60871696 5.00000000 43.00000000
v 17.67331505 5.00000000 44.00000000
v 17.70793724 5.00000000 45.00000000
v 17.85397530 5.00000000 46.00000000
v 18.00000000 5.00000000 46.21122360
v 17.58333015 6.00000000 1.00000000
v 18.00000000 5.88857365 1.00000000
v 18.00000000 6.00000000 0.82811606
v 18.00000000 6.00000000 1.57744789
v 18.00000000 6.00000000 8.06791210
v 17.10614014 6.00000000 15.00000000
v 17.07382774 6.00000000 16.00000000
v 17.09596634 6.00000000 17.00000000
v 17.01782608 6.00000000 18.00000000
v 17.26512337 6.00000000 19.00000000
v 17.31457520 6.00000000 20.00000000
v 17.35288620 6.00000000 21.00000000
v 17.46461487 6.00000000 22.00000000
v 17.63111115 6.00000000 23.00000000
v 17.51705742 6.00000000 24.00000000
v 17.50172615 6.00000000 25.00000000
v 17.59604645 6.00000000 26.00000000
v 17.68999290 6.00000000 27.00000000
v 17.61554146 6.00000000 28.00000000
v 17.54250145 6.00000000 29.00000000
v 17.59545135 6.00000000 30.00000000
v 17.68483734 6.00000000 31.00000000
v 17.60161400 6.00000000 32.00000000
v 17.58327484 6.00000000 33.00000000
v 17.71449471 6.00000000 34.00000000
v 17.83711815 6.00000000 35.00000000
v 17.72320557 6.00000000 36.00000000
v 17.69535065 6.00000000 37.00000000
v 17.77979660 6.00000000 38.00000000
v 17.81982231 6.00000000 39.00000000
v 17.76527405 6.00000000 40.00000000
v 17.73804474 6.00000000 41.00000000
v 17.66419220 6.00000000 42.00000000
v 17.73659706 6.00000000 43.00000000
v 17.69577217 6.00000000 44.00000000
v 17.75778008 6.00000000 45.00000000
v 17.78223228 6.00000000 46.00000000
v 18.00000000 6.00000000 46.29547882
v 18.00000000 7.00000000 0.47720760
v 18.00000000 7.00000000 1.90994430
v 17.86230469 7.00000000 2.00000000
v 17.84267616 7.00000000 8.00000000
v 18.00000000 6.48411894 8.00000000
v 18.00000000 7.00000000 7.95561552
v 17.13905907 7.00000000 19.00000000
v 17.11435890 7.00000000 20.00000000
v 17.32968903 7.00000000 21.00000000
v 17.44569206 7.00000000 22.00000000
v 17.45467758 7.00000000 23.00000000
v 17.42442513 7.00000000 24.00000000
v 17.57528114 7.00000000 25.00000000
v 17.58614540 7.00000000 26.00000000
v 17.55257416 7.00000000 27.00000000
v 17.51996231 7.00000000 28.00000000
v 17.52201271 7.00000000 29.00000000
v 17.52330780 7.00000000 30.00000000
v 17.53380585 7.00000000 31.00000000
v 17.52076912 7.00000000 32.00000000
v 17.65377808 7.00000000 33.00000000
v 17.69227600 7.00000000 34.00000000
v 17.78260040 7.00000000 35.00000000
v 17.72206688 7.00000000 36.00000000
v 17.69666290 7.00000000 37.00000000
v 17.76652527 7.00000000 38.00000000
v 17.81060982 7.00000000 39.00000000
v 17.74407005 7.00000000 40.00000000
v 17.73363495 7.00000000 41.00000000
v 17.69609642 7.00000000 42.00000000
v 17.68249130 7.00000000 43.00000000
v 17.63326073 7.00000000 44.00000000
v 17.82140732 7.00000000 45.00000000
v 17.78786850 7.00000000 46.00000000
v 18.00000000 7.00000000 46.29312134
v 18.00000000 8.00000000 0.24063613
v 18.00000000 7.07665157 2.00000000
v 18.00000000 8.00000000 2.68314123
v 18.00000000 7.15853500 8.00000000
v 18.00000000 8.00000000 8.27406979
v 17.12421608 8.00000000 18.00000000
v 17.21513367 8.00000000 19.00000000
v 17.27471161 8.00000000 20.00000000
v 17.28891563 8.00000000 21.00000000
v 17.47279549 8.00000000 22.00000000
v 17.46082878 8.00000000 23.00000000
v 17.41956711 8.00000000 24.00000000
v 17.48385048 8.00000000 25.00000000
v 17.61311150 8.00000000 26.00000000
v 17.57955170 8.00000000 27.00000000
v 17.57366943 8.00000000 28.00000000
v 17.46779060 8.00000000 29.00000000
v 17.53835487 8.00000000 30.00000000
v 17.56139374 8.00000000 31.00000000
v 17.52296638 8.00000000 32.00000000
v 17.58983803 8.00000000 33.00000000
v 17.68571091 8.00000000 34.00000000
v 17.68085670 8.00000000 35.00000000
v 17.72249794 8.00000000 36.00000000
v 17.66460419 8.00000000 37.00000000
v 17.73024940 8.00000000 38.00000000
v 17.73456192 8.00000000 39.00000000
v 17.75958824 8.00000000 40.00000000
v 17.76176453 8.00000000 41.00000000
v 17.69547081 8.00000000 42.00000000
v 17.75254822 8.00000000 43.00000000
v 17.64493942 8.00000000 44.00000000
v 17.73723412 8.00000000 45.00000000
v 17.77487946 8.00000000 46.00000000
v 18.00000000 8.00000000 46.28777695
v 18.00000000 9.00000000 0.26853606
v 18.00000000 9.00000000 2.61289597
v 18.00000000 9.00000000 8.55147171
v 17.22318268 9.00000000 19.00000000
v 17.23776436 9.00000000 20.00000000
v 17.31345940 9.00000000 21.00000000
v 17.39794350 9.00000000 22.00000000
v 17.47470093 9.00000000 23.00000000
v 17.43101692 9.00000000 24.00000000
v 17.48850250 9.00000000 25.00000000
v 17.48819733 9.00000000 26.00000000
v 17.60204315 9.00000000 27.00000000
v 17.55266190 9.00000000 28.00000000
v 17.56274605 9.00000000 29.00000000
v 17.57053757 9.00000000 30.00000000
v 17.58021545 9.00000000 31.00000000
v 17.55557251 9.00000000 32.00000000
v 17.59961128 9.00000000 33.00000000
v 17.63160133 9.00000000 34.00000000
v 17.68349075 9.00000000 35.00000000
v 17.65036201 9.00000000 36.00000000
v 17.67860031 9.00000000 37.00000000
v 17.71094131 9.00000000 38.00000000
v 17.75078773 9.00000000 39.00000000
v 17.75650215 9.00000000 40.00000000
v 17.74661446 9.00000000 41.00000000
v 17.68459511 9.00000000 42.00000000
v 17.62266159 9.00000000 43.00000000
v 17.63560677 9.00000000 44.00000000
v 17.78342056 9.00000000 45.00000000
v 17.81193161 9.00000000 46.00000000
v 18.00000000 9.00000000 46.29150391
v 18.00000000 10.00000000 0.06835162
v 18.00000000 10.00000000 2.57261491
v 17.62827873 10.00000000 9.00000000
v 18.00000000 10.00000000 8.63888168
v 17.21125221 10.00000000 19.00000000
v 17.25401878 10.00000000 20.00000000
v 17.30781555 10.00000000 21.00000000
v 17.41968727 10.00000000 22.00000000
v 17.56921577 10.00000000 23.00000000
v 17.38683128 10.00000000 24.00000000
v 17.42648888 10.00000000 25.00000000
v 17.47690964 10.00000000 26.00000000
v 17.66946793 10.00000000 27.00000000
v 17.55616951 10.00000000 28.00000000
v 17.53582191 10.00000000 29.00000000
v 17.57138252 10.00000000 30.00000000
v 17.67877007 10.00000000 31.00000000
v 17.56606865 10.00000000 32.00000000
v 17.55711174 10.00000000 33.00000000
v 17.60626984 10.00000000 34.00000000
v 17.71109009 10.00000000 35.00000000
v 17.56868935 10.00000000 36.00000000
v 17.57020187 10.00000000 37.00000000
v 17.71187401 10.00000000 38.00000000
v 17.79812050 10.00000000 39.00000000
v 17.72342491 10.00000000 40.00000000
v 17.70969772 10.00000000 41.00000000
v 17.63053322 10.00000000 42.00000000
v 17.78801918 10.00000000 43.00000000
v 17.62036133 10.00000000 44.00000000
v 17.66040802 10.00000000 45.00000000
v 17.86376953 10.00000000 46.00000000
v 18.00000000 10.00000000 46.13933563
v 18.00000000 11.00000000 0.10887485
v 18.00000000 11.00000000 2.31771731
v 17.54159164 11.00000000 9.00000000
v 18.00000000 11.00000000 8.65235519
v 17.00267792 11.00000000 18.00000000
v 17.03766251 11.00000000 19.00000000
v 17.07606506 11.00000000 20.00000000
v 17.42875481 11.00000000 21.00000000
v 17.42608643 11.00000000 22.00000000
v 17.39486122 11.00000000 23.00000000
v 17.35191536 11.00000000 24.00000000
v 17.44149399 11.00000000 25.00000000
v 17.38017845 11.00000000 26.00000000
v 17.42722702 11.00000000 27.00000000
v 17.48482895 11.00000000 28.00000000
v 17.57144547 11.00000000 29.00000000
v 17.44255257 11.00000000 30.00000000
v 17.49836731 11.00000000 31.00000000
v 17.51131058 11.00000000 32.00000000
v 17.61192894 11.00000000 33.00000000
v 17.54190063 11.00000000 34.00000000
v 17.59428787 11.00000000 35.00000000
v 17.55499649 11.00000000 36.00000000
v 17.60622597 11.00000000 37.00000000
v 17.68581772 11.00000000 38.00000000
v 17.75933075 11.00000000 39.00000000
v 17.77987289 11.00000000 40.00000000
v 17.70242882 11.00000000 41.00000000
v 17.62371063 11.00000000 42.00000000
v 17.55515099 11.00000000 43.00000000
v 17.52673912 11.00000000 44.00000000
v 17.60914040 11.00000000 45.00000000
v 17.67749596 11.00000000 46.00000000
v 18.00000000 11.00000000 46.39042664
v 18.00000000 12.00000000 0.00630469
v 18.00000000 12.00000000 2.90422869
v 17.66404533 12.00000000 9.00000000
v 18.00000000 12.00000000 8.93909454
v 17.13159370 12.00000000 20.00000000
v 17.33270264 12.00000000 21.00000000
v 17.47307396 12.00000000 22.00000000
v 17.45878029 12.00000000 23.00000000
v 17.30811310 12.00000000 24.00000000
v 17.27572441 12.00000000 25.00000000
v 17.33574486 12.00000000 26.00000000
v 17.37374687 12.00000000 27.00000000
v 17.40115929 12.00000000 28.00000000
v 17.44040680 12.00000000 29.00000000
v 17.44288635 12.00000000 30.00000000
v 17.51191711 12.00000000 31.00000000
v 17.47019577 12.00000000 32.00000000
v 17.54090500 12.00000000 33.00000000
v 17.54865265 12.00000000 34.00000000
v 17.55530167 12.00000000 35.00000000
v 17.52652550 12.00000000 36.00000000
v 17.60789680 12.00000000 37.00000000
v 17.68795586 12.00000000 38.00000000
v 17.71662903 12.00000000 39.00000000
v 17.75218582 12.00000000 40.00000000
v 17.68413925 12.00000000 41.00000000
v 17.69457817 12.00000000 42.00000000
v 17.73838234 12.00000000 43.00000000
v 17.62389946 12.00000000 44.00000000
v 17.67005920 12.00000000 45.00000000
v 17.78646088 12.00000000 46.00000000
v 18.00000000 12.00000000 46.25558472
v 18.00000000 13.00000000 0.17023635
v 18.00000000 13.00000000 2.54570627
v 18.00000000 12.61836720 9.00000000
v 18.00000000 13.00000000 9.04661465
v 17.09594345 13.00000000 19.00000000
v 17.17340851 13.00000000 20.00000000
v 17.21048164 13.00000000 21.00000000
v 17.27018356 13.00000000 22.00000000
v 17.49411392 13.00000000 23.00000000
v 17.39121246 13.00000000 24.00000000
v 17.27141571 13.00000000 25.00000000
v 17.26658058 13.00000000 26.00000000
v 17.36630440 13.00000000 27.00000000
v 17.33627701 13.00000000 28.00000000
v 17.38791847 13.00000000 29.00000000
v 17.34903145 13.00000000 30.00000000
v 17.48422623 13.00000000 31.00000000
v 17.43282127 13.00000000 32.00000000
v 17.51577950 13.00000000 33.00000000
v 17.49509621 13.00000000 34.00000000
v 17.52960777 13.00000000 35.00000000
v 17.55839920 13.00000000 36.00000000
v 17.59270859 13.00000000 37.00000000
v 17.58310127 13.00000000 38.00000000
v 17.75652122 13.00000000 39.00000000
v 17.72064018 13.00000000 40.00000000
v 17.67584801 13.00000000 41.00000000
v 17.56837273 13.00000000 42.00000000
v 17.59118652 13.00000000 43.00000000
v 17.67516327 13.00000000 44.00000000
v 17.68333435 13.00000000 45.00000000
v 17.71003342 13.00000000 46.00000000
v 18.00000000 13.00000000 46.44482803
v 17.13575363 14.00000000 0.00000000
v 18.00000000 13.54574966 0.00000000
v 18.00000000 14.00000000 2.70521855
v 18.00000000 14.00000000 9.10868263
v 17.06154823 14.00000000 19.00000000
v 17.19995880 14.00000000 20.00000000
v 17.25094032 14.00000000 21.00000000
v 17.31667328 14.00000000 22.00000000
v 17.46193695 14.00000000 23.00000000
v 17.29148102 14.00000000 24.00000000
v 17.26926231 14.00000000 25.00000000
v 17.25742149 14.00000000 26.00000000
v 17.38082123 14.00000000 27.00000000
v 17.29787445 14.00000000 28.00000000
v 17.30450439 14.00000000 29.00000000
v 17.36563492 14.00000000 30.00000000
v 17.55380058 14.00000000 31.00000000
v 17.41936874 14.00000000 32.00000000
v 17.46526718 14.00000000 33.00000000
v 17.50297737 14.00000000 34.00000000
v 17.66448784 14.00000000 35.00000000
v 17.52519608 14.00000000 36.00000000
v 17.60217857 14.00000000 37.00000000
v 17.65787888 14.00000000 38.00000000
v 17.82296562 14.00000000 39.00000000
v 17.72781563 14.00000000 40.00000000
v 17.69947815 14.00000000 41.00000000
v 17.64270782 14.00000000 42.00000000
v 17.74713326 14.00000000 43.00000000
v 17.58370781 14.00000000 44.00000000
v 17.59746170 14.00000000 45.00000000
v 17.69185448 14.00000000 46.00000000
v 18.00000000 14.00000000 46.37839508
v 18.00000000 14.66554642 0.00000000
v 18.00000000 15.00000000 0.08395687
v 18.00000000 15.00000000 2.52894020
v 17.03436089 15.00000000 9.00000000
v 18.00000000 15.00000000 9.29624844
v 17.02663994 15.00000000 19.00000000
v 17.04967690 15.00000000 20.00000000
v 17.31356049 15.00000000 21.00000000
v 17.42907143 15.00000000 22.00000000
v 17.36023140 15.00000000 23.00000000
v 17.29233360 15.00000000 24.00000000
v 17.29265404 15.00000000 25.00000000
v 17.18175125 15.00000000 26.00000000
v 17.26351738 15.00000000 27.00000000
v 17.29606247 15.00000000 28.00000000
v 17.32279778 15.00000000 29.00000000
v 17.31800652 15.00000000 30.00000000
v 17.36217880 15.00000000 31.00000000
v 17.33561707 15.00000000 32.00000000
v 17.46074677 15.00000000 33.00000000
v 17.40423775 15.00000000 34.00000000
v 17.56359291 15.00000000 35.00000000
v 17.55526352 15.00000000 36.00000000
v 17.61675835 15.00000000 37.00000000
v 17.67200279 15.00000000 38.00000000
v 17.76448631 15.00000000 39.00000000
v 17.75128365 15.00000000 40.00000000
v 17.65274811 15.00000000 41.00000000
v 17.61842728 15.00000000 42.00000000
v 17.53002167 15.00000000 43.00000000
v 17.49933815 15.00000000 44.00000000
v 17.46025467 15.00000000 45.00000000
v 17.49801445 15.00000000 46.00000000
v 18.00000000 15.00000000 46.68742371
v 17.57647133 16.00000000 0.00000000
v 18.00000000 15.49589634 0.00000000
v 17.16361237 16.00000000 3.00000000
v 18.00000000 16.00000000 2.73072338
v 17.22348213 16.00000000 9.00000000
v 18.00000000 16.00000000 9.08487701
v 17.21761131 16.00000000 20.00000000
v 17.29432297 16.00000000 21.00000000
v 17.43331528 16.00000000 22.00000000
v 17.36940193 16.00000000 23.00000000
v 17.23627663 16.00000000 24.00000000
v 17.22331619 16.00000000 25.00000000
v 17.18905067 16.00000000 26.00000000
v 17.19844246 16.00000000 27.00000000
v 17.28991127 16.00000000 28.00000000
v 17.36301994 16.00000000 29.00000000
v 17.31041718 16.00000000 30.00000000
v 17.36042404 16.00000000 31.00000000
v 17.32285500 16.00000000 32.00000000
v 17.41257858 16.00000000 33.00000000
v 17.44474792 16.00000000 34.00000000
v 17.52400780 16.00000000 35.00000000
v 17.56350708 16.00000000 36.00000000
v 17.60736656 16.00000000 37.00000000
v 17.67740250 16.00000000 38.00000000
v 17.73031044 16.00000000 39.00000000
v 17.77222061 16.00000000 40.00000000
v 17.67349243 16.00000000 41.00000000
v 17.61810303 16.00000000 42.00000000
v 17.61833572 16.00000000 43.00000000
v 17.45803833 16.00000000 44.00000000
v 17.45059776 16.00000000 45.00000000
v 17.45438385 16.00000000 46.00000000
v 18.00000000 16.00000000 46.69314194
v 18.00000000 16.38689423 0.00000000
v 18.00000000 17.00000000 0.10488419
v 18.00000000 17.00000000 2.49139857
v 18.00000000 17.00000000 9.24951267
v 17.05671120 17.00000000 19.00000000
v 17.21072388 17.00000000 20.00000000
v 17.30607605 17.00000000 21.00000000
v 17.29101181 17.00000000 22.00000000
v 17.42373085 17.00000000 23.00000000
v 17.30473709 17.00000000 24.00000000
v 17.13244057 17.00000000 25.00000000
v 17.12117958 17.00000000 26.00000000
v 17.23278236 17.00000000 27.00000000
v 17.20429039 17.00000000 28.00000000
v 17.33937263 17.00000000 29.00000000
v 17.28989983 17.00000000 30.00000000
v 17.37715340 17.00000000 31.00000000
v 17.35260391 17.00000000 32.00000000
v 17.38420486 17.00000000 33.00000000
v 17.41149139 17.00000000 34.00000000
v 17.47232437 17.00000000 35.00000000
v 17.48228073 17.00000000 36.00000000
v 17.60027504 17.00000000 37.00000000
v 17.62209511 17.00000000 38.00000000
v 17.72265244 17.00000000 39.00000000
v 17.70841789 17.00000000 40.00000000
v 17.66818047 17.00000000 41.00000000
v 17.56908417 17.00000000 42.00000000
v 17.43341064 17.00000000 43.00000000
v 17.45935249 17.00000000 44.00000000
v 17.35587502 17.00000000 45.00000000
v 17.52191925 17.00000000 46.00000000
v 18.00000000 17.00000000 46.90531921
v 18.00000000 18.00000000 0.09535444
v 18.00000000 18.00000000 2.72387958
v 18.00000000 18.00000000 9.74363804
v 17.19205666 18.00000000 19.00000000
v 17.26240158 18.00000000 20.00000000
v 17.33515549 18.00000000 21.00000000
v 17.32995605 18.00000000 22.00000000
v 17.34224319 18.00000000 23.00000000
v 17.24479294 18.00000000 24.00000000
v 17.12803078 18.00000000 25.00000000
v 17.15909576 18.00000000 26.00000000
v 17.30503273 18.00000000 27.00000000
v 17.22570229 18.00000000 28.00000000
v 17.30011177 18.00000000 29.00000000
v 17.30459785 18.00000000 30.00000000
v 17.42077827 18.00000000 31.00000000
v 17.33327484 18.00000000 32.00000000
v 17.35116577 18.00000000 33.00000000
v 17.37187767 18.00000000 34.00000000
v 17.54035568 18.00000000 35.00000000
v 17.47090912 18.00000000 36.00000000
v 17.56014633 18.00000000 37.00000000
v 17.62576866 18.00000000 38.00000000
v 17.75574875 18.00000000 39.00000000
v 17.65469360 18.00000000 40.00000000
v 17.59764671 18.00000000 41.00000000
v 17.57313728 18.00000000 42.00000000
v 17.58263969 18.00000000 43.00000000
v 17.39219284 18.00000000 44.00000000
v 17.35099602 18.00000000 45.00000000
v 17.47342682 18.00000000 46.00000000
v 18.00000000 18.00000000 46.65826035
v 18.00000000 19.00000000 0.29152209
v 18.00000000 19.00000000 2.59462810
v 18.00000000 19.00000000 9.78385925
v 17.15251160 19.00000000 19.00000000
v 17.21196747 19.00000000 20.00000000
v 17.42360497 19.00000000 21.00000000
v 17.34977722 19.00000000 22.00000000
v 17.34097672 19.00000000 23.00000000
v 17.30135727 19.00000000 24.00000000
v 17.21461296 19.00000000 25.00000000
v 17.17587090 19.00000000 26.00000000
v 17.19642830 19.00000000 27.00000000
v 17.20042801 19.00000000 28.00000000
v 17.30978966 19.00000000 29.00000000
v 17.25464630 19.00000000 30.00000000
v 17.32275772 19.00000000 31.00000000
v 17.33779335 19.00000000 32.00000000
v 17.41382217 19.00000000 33.00000000
v 17.38912201 19.00000000 34.00000000
v 17.51644135 19.00000000 35.00000000
v 17.54304314 19.00000000 36.00000000
v 17.58502388 19.00000000 37.00000000
v 17.59377861 19.00000000 38.00000000
v 17.62783432 19.00000000 39.00000000
v 17.67286110 19.00000000 40.00000000
v 17.50535774 19.00000000 41.00000000
v 17.43249130 19.00000000 42.00000000
v 17.43970299 19.00000000 43.00000000
v 17.42175674 19.00000000 44.00000000
v 17.29383659 19.00000000 45.00000000
v 17.31356430 19.00000000 46.00000000
v 18.00000000 19.00000000 46.86703491
v 18.00000000 20.00000000 0.17264092
v 18.00000000 19.90852547 3.00000000
v 17.62234116 20.00000000 3.00000000
v 18.00000000 20.00000000 3.01435256
v 18.00000000 20.00000000 9.89445972
v 17.01955795 20.00000000 18.00000000
v 17.18339539 20.00000000 19.00000000
v 17.25339127 20.00000000 20.00000000
v 17.42661285 20.00000000 21.00000000
v 17.42186356 20.00000000 22.00000000
v 17.32390404 20.00000000 23.00000000
v 17.29193878 20.00000000 24.00000000
v 17.22087097 20.00000000 25.00000000
v 17.19425201 20.00000000 26.00000000
v 17.16428757 20.00000000 27.00000000
v 17.18680763 20.00000000 28.00000000
v 17.31514740 20.00000000 29.00000000
v 17.28131104 20.00000000 30.00000000
v 17.30934906 20.00000000 31.00000000
v 17.26329803 20.00000000 32.00000000
v 17.41428757 20.00000000 33.00000000
v 17.42069244 20.00000000 34.00000000
v 17.46704674 20.00000000 35.00000000
v 17.50693321 20.00000000 36.00000000
v 17.56857872 20.00000000 37.00000000
v 17.58955956 20.00000000 38.00000000
v 17.61300850 20.00000000 39.00000000
v 17.64442635 20.00000000 40.00000000
v 17.51511574 20.00000000 41.00000000
v 17.49757576 20.00000000 42.00000000
v 17.55800247 20.00000000 43.00000000
v 17.43105698 20.00000000 44.00000000
v 17.39486694 20.00000000 45.00000000
v 17.53782463 20.00000000 46.00000000
v 18.00000000 20.00000000 46.67350388
v 18.00000000 21.00000000 0.13292891
v 18.00000000 21.00000000 2.63818240
v 18.00000000 20.05834961 3.00000000
v 17.32879448 21.00000000 10.00000000
v 18.00000000 21.00000000 9.74879932
v 17.07470322 21.00000000 18.00000000
v 17.19258308 21.00000000 19.00000000
v 17.26398849 21.00000000 20.00000000
v 17.26628685 21.00000000 21.00000000
v 17.25470734 21.00000000 22.00000000
v 17.49138260 21.00000000 23.00000000
v 17.42897606 21.00000000 24.00000000
v 17.24339485 21.00000000 25.00000000
v 17.18582726 21.00000000 26.00000000
v 17.20626450 21.00000000 27.00000000
v 17.24410629 21.00000000 28.00000000
v 17.22270203 21.00000000 29.00000000
v 17.18469048 21.00000000 30.00000000
v 17.39171982 21.00000000 31.00000000
v 17.36911774 21.00000000 32.00000000
v 17.38496971 21.00000000 33.00000000
v 17.36887741 21.00000000 34.00000000
v 17.44428062 21.00000000 35.00000000
v 17.51812363 21.00000000 36.00000000
v 17.52194977 21.00000000 37.00000000
v 17.49516869 21.00000000 38.00000000
v 17.58843613 21.00000000 39.00000000
v 17.58068085 21.00000000 40.00000000
v 17.50022507 21.00000000 41.00000000
v 17.42848206 21.00000000 42.00000000
v 17.37255859 21.00000000 43.00000000
v 17.52044106 21.00000000 44.00000000
v 17.40851021 21.00000000 45.00000000
v 17.52842140 21.00000000 46.00000000
v 18.00000000 21.00000000 46.90483475
v 18.00000000 22.00000000 0.06976357
v 18.00000000 22.00000000 2.96056485
v 18.00000000 21.64785957 10.00000000
v 17.41896248 22.00000000 10.00000000
v 18.00000000 22.00000000 10.16852188
v 17.24099350 22.00000000 19.00000000
v 17.29508018 22.00000000 20.00000000
v 17.28212547 22.00000000 21.00000000
v 17.29932022 22.00000000 22.00000000
v 17.45532799 22.00000000 23.00000000
v 17.39743423 22.00000000 24.00000000
v 17.25928497 22.00000000 25.00000000
v 17.19284821 22.00000000 26.00000000
v 17.24380493 22.00000000 27.00000000
v 17.17708778 22.00000000 28.00000000
v 17.22466660 22.00000000 29.00000000
v 17.17923927 22.00000000 30.00000000
v 17.39589119 22.00000000 31.00000000
v 17.28996658 22.00000000 32.00000000
v 17.35472298 22.00000000 33.00000000
v 17.32028770 22.00000000 34.00000000
v 17.53862000 22.00000000 35.00000000
v 17.46034622 22.00000000 36.00000000
v 17.50120354 22.00000000 37.00000000
v 17.47503471 22.00000000 38.00000000
v 17.63970757 22.00000000 39.00000000
v 17.53231621 22.00000000 40.00000000
v 17.50197601 22.00000000 41.00000000
v 17.42458153 22.00000000 42.00000000
v 17.46208000 22.00000000 43.00000000
v 17.45956802 22.00000000 44.00000000
v 17.44302940 22.00000000 45.00000000
v 17.70985603 22.00000000 46.00000000
v 18.00000000 22.00000000 46.43134689
v 18.00000000 23.00000000 0.25171143
v 18.00000000 23.00000000 2.58753443
v 18.00000000 22.99538231 10.00000000
v 18.00000000 23.00000000 9.99896526
v 17.05353355 23.00000000 17.00000000
v 17.06707382 23.00000000 18.00000000
v 17.22115707 23.00000000 19.00000000
v 17.37209892 23.00000000 20.00000000
v 17.39306259 23.00000000 21.00000000
v 17.39562988 23.00000000 22.00000000
v 17.25466156 23.00000000 23.00000000
v 17.26182556 23.00000000 24.00000000
v 17.34395599 23.00000000 25.00000000
v 17.24487495 23.00000000 26.00000000
v 17.18237686 23.00000000 27.00000000
v 17.17200279 23.00000000 28.00000000
v 17.19702339 23.00000000 29.00000000
v 17.17189598 23.00000000 30.00000000
v 17.22746277 23.00000000 31.00000000
v 17.24428558 23.00000000 32.00000000
v 17.32806206 23.00000000 33.00000000
v 17.27781487 23.00000000 34.00000000
v 17.47603607 23.00000000 35.00000000
v 17.48583794 23.00000000 36.00000000
v 17.52972794 23.00000000 37.00000000
v 17.48891068 23.00000000 38.00000000
v 17.53127289 23.00000000 39.00000000
v 17.49912834 23.00000000 40.00000000
v 17.42390823 23.00000000 41.00000000
v 17.37759018 23.00000000 42.00000000
v 17.39538956 23.00000000 43.00000000
v 17.43786240 23.00000000 44.00000000
v 17.60462189 23.00000000 45.00000000
v 17.63017654 23.00000000 46.00000000
v 18.00000000 23.00000000 46.47367859
v 18.00000000 24.00000000 0.07266053
v 18.00000000 23.81333351 3.00000000
v 18.00000000 24.00000000 3.04949450
v 18.00000000 24.00000000 9.23676300
v 17.08379936 24.00000000 18.00000000
v 17.16774940 24.00000000 19.00000000
v 17.37926674 24.00000000 20.00000000
v 17.37922859 24.00000000 21.00000000
v 17.40711594 24.00000000 22.00000000
v 17.34531212 24.00000000 23.00000000
v 17.28647804 24.00000000 24.00000000
v 17.32731628 24.00000000 25.00000000
v 17.29914665 24.00000000 26.00000000
v 17.24576187 24.00000000 27.00000000
v 17.20300102 24.00000000 28.00000000
v 17.26417351 24.00000000 29.00000000
v 17.25249100 24.00000000 30.00000000
v 17.29669380 24.00000000 31.00000000
v 17.24239159 24.00000000 32.00000000
v 17.33135796 24.00000000 33.00000000
v 17.34404945 24.00000000 34.00000000
v 17.43415070 24.00000000 35.00000000
v 17.49914742 24.00000000 36.00000000
v 17.51092529 24.00000000 37.00000000
v 17.52545738 24.00000000 38.00000000
v 17.54633713 24.00000000 39.00000000
v 17.51262474 24.00000000 40.00000000
v 17.43098831 24.00000000 41.00000000
v 17.43617439 24.00000000 42.00000000
v 17.53320503 24.00000000 43.00000000
v 17.48464775 24.00000000 44.00000000
v 17.58165932 24.00000000 45.00000000
v 17.76287651 24.00000000 46.00000000
v 18.00000000 24.00000000 46.34547424
v 18.00000000 25.00000000 0.14565745
v 18.00000000 25.00000000 2.72297001
v 18.00000000 24.21538734 3.00000000
v 18.00000000 25.00000000 9.38896656
v 17.23302269 25.00000000 19.00000000
v 17.28101349 25.00000000 20.00000000
v 17.38269234 25.00000000 21.00000000
v 17.35613823 25.00000000 22.00000000
v 17.37473679 25.00000000 23.00000000
v 17.42600632 25.00000000 24.00000000
v 17.27496338 25.00000000 25.00000000
v 17.24215508 25.00000000 26.00000000
v 17.31157494 25.00000000 27.00000000
v 17.25500107 25.00000000 28.00000000
v 17.23568153 25.00000000 29.00000000
v 17.17384338 25.00000000 30.00000000
v 17.28964233 25.00000000 31.00000000
v 17.28445435 25.00000000 32.00000000
v 17.32843971 25.00000000 33.00000000
v 17.32011986 25.00000000 34.00000000
v 17.39762497 25.00000000 35.00000000
v 17.43688011 25.00000000 36.00000000
v 17.48951912 25.00000000 37.00000000
v 17.48233795 25.00000000 38.00000000
v 17.55941963 25.00000000 39.00000000
v 17.55550194 25.00000000 40.00000000
v 17.51455116 25.00000000 41.00000000
v 17.44056702 25.00000000 42.00000000
v 17.37000656 25.00000000 43.00000000
v 17.50633049 25.00000000 44.00000000
v 17.49598885 25.00000000 45.00000000
v 17.68487740 25.00000000 46.00000000
v 18.00000000 25.00000000 46.47725296
v 18.00000000 26.00000000 0.21237710
v 18.00000000 26.00000000 2.95520759
v 18.00000000 26.00000000 9.46617031
v 17.25848579 26.00000000 19.00000000
v 17.21663284 26.00000000 20.00000000
v 17.27538109 26.00000000 21.00000000
v 17.35645103 26.00000000 22.00000000
v 17.36281586 26.00000000 23.00000000
v 17.34297752 26.00000000 24.00000000
v 17.25854683 26.00000000 25.00000000
v 17.17247772 26.00000000 26.00000000
v 17.34541321 26.00000000 27.00000000
v 17.22745895 26.00000000 28.00000000
v 17.25509453 26.00000000 29.00000000
v 17.20050049 26.00000000 30.00000000
v 17.35153580 26.00000000 31.00000000
v 17.30104446 26.00000000 32.00000000
v 17.34522820 26.00000000 33.00000000
v 17.32527924 26.00000000 34.00000000
v 17.47877502 26.00000000 35.00000000
v 17.47413063 26.00000000 36.00000000
v 17.54507256 26.00000000 37.00000000
v 17.59315872 26.00000000 38.00000000
v 17.67904091 26.00000000 39.00000000
v 17.56589508 26.00000000 40.00000000
v 17.53626442 26.00000000 41.00000000
v 17.46588707 26.00000000 42.00000000
v 17.55402946 26.00000000 43.00000000
v 17.43663216 26.00000000 44.00000000
v 17.46589851 26.00000000 45.00000000
v 17.83591080 26.00000000 46.00000000
v 18.00000000 26.00000000 46.17697144
v 18.00000000 27.00000000 0.33119649
v 18.00000000 27.00000000 2.33832550
v 17.81946945 27.00000000 10.00000000
v 18.00000000 27.00000000 9.76815987
v 17.07534027 27.00000000 19.00000000
v 17.21155167 27.00000000 20.00000000
v 17.38818169 27.00000000 21.00000000
v 17.31258011 27.00000000 22.00000000
v 17.24895668 27.00000000 23.00000000
v 17.32355881 27.00000000 24.00000000
v 17.33494377 27.00000000 25.00000000
v 17.19981384 27.00000000 26.00000000
v 17.24988937 27.00000000 27.00000000
v 17.24253273 27.00000000 28.00000000
v 17.26856995 27.00000000 29.00000000
v 17.17377281 27.00000000 30.00000000
v 17.21908379 27.00000000 31.00000000
v 17.23890114 27.00000000 32.00000000
v 17.35010719 27.00000000 33.00000000
v 17.28616714 27.00000000 34.00000000
v 17.42952728 27.00000000 35.00000000
v 17.53438377 27.00000000 36.00000000
v 17.58410835 27.00000000 37.00000000
v 17.58405495 27.00000000 38.00000000
v 17.52849960 27.00000000 39.00000000
v 17.58175850 27.00000000 40.00000000
v 17.47685242 27.00000000 41.00000000
v 17.35879326 27.00000000 42.00000000
v 17.36509895 27.00000000 43.00000000
v 17.45861816 27.00000000 44.00000000
v 17.43254662 27.00000000 45.00000000
v 17.61882591 27.00000000 46.00000000
v 18.00000000 27.00000000 46.46033478
v 18.00000000 28.00000000 0.13431443
v 18.00000000 27.86278725 3.00000000
v 18.00000000 28.00000000 3.05209160
v 18.00000000 28.00000000 9.80063820
v 17.09735489 28.00000000 19.00000000
v 17.18892097 28.00000000 20.00000000
v 17.34017563 28.00000000 21.00000000
v 17.41034126 28.00000000 22.00000000
v 17.33756065 28.00000000 23.00000000
v 17.29443741 28.00000000 24.00000000
v 17.32266045 28.00000000 25.00000000
v 17.25114250 28.00000000 26.00000000
v 17.23273659 28.00000000 27.00000000
v 17.26095200 28.00000000 28.00000000
v 17.30839539 28.00000000 29.00000000
v 17.24491310 28.00000000 30.00000000
v 17.27468681 28.00000000 31.00000000
v 17.24030304 28.00000000 32.00000000
v 17.39680862 28.00000000 33.00000000
v 17.38306999 28.00000000 34.00000000
v 17.43570137 28.00000000 35.00000000
v 17.53365707 28.00000000 36.00000000
v 17.61190987 28.00000000 37.00000000
v 17.56902313 28.00000000 38.00000000
v 17.58568573 28.00000000 39.00000000
v 17.59485626 28.00000000 40.00000000
v 17.50132942 28.00000000 41.00000000
v 17.53248596 28.00000000 42.00000000
v 17.55683708 28.00000000 43.00000000
v 17.50573730 28.00000000 44.00000000
v 17.52632332 28.00000000 45.00000000
v 17.70020485 28.00000000 46.00000000
v 18.00000000 28.00000000 46.37393188
v 18.00000000 29.00000000 0.21472692
v 18.00000000 29.00000000 2.66175508
v 18.00000000 28.15032005 3.00000000
v 17.99189377 29.00000000 10.00000000
v 18.00000000 29.00000000 9.99194336
v 17.01375198 29.00000000 18.00000000
v 17.15514374 29.00000000 19.00000000
v 17.21458626 29.00000000 20.00000000
v 17.31563759 29.00000000 21.00000000
v 17.35665703 29.00000000 22.00000000
v 17.48299217 29.00000000 23.00000000
v 17.42928505 29.00000000 24.00000000
v 17.27159309 29.00000000 25.00000000
v 17.23689842 29.00000000 26.00000000
v 17.25081635 29.00000000 27.00000000
v 17.21040726 29.00000000 28.00000000
v 17.23415184 29.00000000 29.00000000
v 17.14619827 29.00000000 30.00000000
v 17.26717758 29.00000000 31.00000000
v 17.29940987 29.00000000 32.00000000
v 17.32900620 29.00000000 33.00000000
v 17.31512833 29.00000000 34.00000000
v 17.44287682 29.00000000 35.00000000
v 17.50474739 29.00000000 36.00000000
v 17.58443260 29.00000000 37.00000000
v 17.47036362 29.00000000 38.00000000
v 17.59106827 29.00000000 39.00000000
v 17.53547668 29.00000000 40.00000000
v 17.57242775 29.00000000 41.00000000
v 17.49100876 29.00000000 42.00000000
v 17.46487045 29.00000000 43.00000000
v 17.59490013 29.00000000 44.00000000
v 17.43007088 29.00000000 45.00000000
v 17.63158035 29.00000000 46.00000000
v 18.00000000 29.00000000 46.59605408
v 18.00000000 30.00000000 0.08578889
v 17.38144302 30.00000000 3.00000000
v 18.00000000 30.00000000 2.71094632
v 18.00000000 29.03391647 10.00000000
v 18.00000000 30.00000000 10.22386932
v 17.18480492 30.00000000 19.00000000
v 17.23707199 30.00000000 20.00000000
v 17.27611923 30.00000000 21.00000000
v 17.31205750 30.00000000 22.00000000
v 17.50529480 30.00000000 23.00000000
v 17.38253975 30.00000000 24.00000000
v 17.35907745 30.00000000 25.00000000
v 17.22076607 30.00000000 26.00000000
v 17.34652138 30.00000000 27.00000000
v 17.23468208 30.00000000 28.00000000
v 17.25441170 30.00000000 29.00000000
v 17.15908813 30.00000000 30.00000000
v 17.34812164 30.00000000 31.00000000
v 17.28742218 30.00000000 32.00000000
v 17.38533592 30.00000000 33.00000000
v 17.30081177 30.00000000 34.00000000
v 17.57141304 30.00000000 35.00000000
v 17.50731277 30.00000000 36.00000000
v 17.61118889 30.00000000 37.00000000
v 17.56148720 30.00000000 38.00000000
v 17.70714569 30.00000000 39.00000000
v 17.57607269 30.00000000 40.00000000
v 17.56947899 30.00000000 41.00000000
v 17.55520248 30.00000000 42.00000000
v 17.57275772 30.00000000 43.00000000
v 17.58689499 30.00000000 44.00000000
v 17.49655342 30.00000000 45.00000000
v 17.68137169 30.00000000 46.00000000
v 18.00000000 30.00000000 46.41852951
v 18.00000000 31.00000000 0.24630858
v 18.00000000 31.00000000 2.27753329
v 18.00000000 31.00000000 10.37275600
v 17.10694122 31.00000000 19.00000000
v 17.19771004 31.00000000 20.00000000
v 17.32081985 31.00000000 21.00000000
v 17.34604263 31.00000000 22.00000000
v 17.39515495 31.00000000 23.00000000
v 17.39979935 31.00000000 24.00000000
v 17.41699982 31.00000000 25.00000000
v 17.34700394 31.00000000 26.00000000
v 17.27186584 31.00000000 27.00000000
v 17.27528572 31.00000000 28.00000000
v 17.25676537 31.00000000 29.00000000
v 17.20820999 31.00000000 30.00000000
v 17.20774269 31.00000000 31.00000000
v 17.24842072 31.00000000 32.00000000
v 17.40022659 31.00000000 33.00000000
v 17.32139015 31.00000000 34.00000000
v 17.46906853 31.00000000 35.00000000
v 17.50378036 31.00000000 36.00000000
v 17.54578400 31.00000000 37.00000000
v 17.58026123 31.00000000 38.00000000
v 17.54254913 31.00000000 39.00000000
v 17.51470947 31.00000000 40.00000000
v 17.44603157 31.00000000 41.00000000
v 17.50858498 31.00000000 42.00000000
v 17.48433876 31.00000000 43.00000000
v 17.48503494 31.00000000 44.00000000
v 17.55259514 31.00000000 45.00000000
v 17.56263351 31.00000000 46.00000000
v 18.00000000 31.00000000 46.54369354
v 18.00000000 32.00000000 0.04566543
v 18.00000000 32.00000000 2.52440834
v 17.20077896 32.00000000 11.00000000
v 18.00000000 32.00000000 10.51140308
v 17.06745338 32.00000000 18.00000000
v 17.13258934 32.00000000 19.00000000
v 17.27874565 32.00000000 20.00000000
v 17.31432533 32.00000000 21.00000000
v 17.44238091 32.00000000 22.00000000
v 17.46093559 32.00000000 23.00000000
v 17.38351440 32.00000000 24.00000000
v 17.33214760 32.00000000 25.00000000
v 17.36454010 32.00000000 26.00000000
v 17.28386307 32.00000000 27.00000000
v 17.26148415 32.00000000 28.00000000
v 17.24765396 32.00000000 29.00000000
v 17.22344589 32.00000000 30.00000000
v 17.28421402 32.00000000 31.00000000
v 17.20086479 32.00000000 32.00000000
v 17.34279442 32.00000000 33.00000000
v 17.33862305 32.00000000 34.00000000
v 17.46610641 32.00000000 35.00000000
v 17.49710655 32.00000000 36.00000000
v 17.54783821 32.00000000 37.00000000
v 17.58298111 32.00000000 38.00000000
v 17.57176590 32.00000000 39.00000000
v 17.53144264 32.00000000 40.00000000
v 17.46682358 32.00000000 41.00000000
v 17.46894646 32.00000000 42.00000000
v 17.55652428 32.00000000 43.00000000
v 17.46551704 32.00000000 44.00000000
v 17.48855782 32.00000000 45.00000000
v 17.55907059 32.00000000 46.00000000
v 18.00000000 32.00000000 46.57696533
v 18.00000000 33.00000000 0.19339927
v 18.00000000 33.00000000 2.39239335
v 17.33119774 33.00000000 11.00000000
v 18.00000000 33.00000000 10.07021809
v 17.08706474 33.00000000 17.00000000
v 17.20856667 33.00000000 18.00000000
v 17.27358818 33.00000000 19.00000000
v 17.32669258 33.00000000 20.00000000
v 17.36306763 33.00000000 21.00000000
v 17.40099716 33.00000000 22.00000000
v 17.45502663 33.00000000 23.00000000
v 17.41086578 33.00000000 24.00000000
v 17.27107048 33.00000000 25.00000000
v 17.25358582 33.00000000 26.00000000
v 17.30639458 33.00000000 27.00000000
v 17.24887848 33.00000000 28.00000000
v 17.21142960 33.00000000 29.00000000
v 17.20641518 33.00000000 30.00000000
v 17.24325371 33.00000000 31.00000000
v 17.22307587 33.00000000 32.00000000
v 17.35431671 33.00000000 33.00000000
v 17.29892349 33.00000000 34.00000000
v 17.44793129 33.00000000 35.00000000
v 17.42653084 33.00000000 36.00000000
v 17.54980469 33.00000000 37.00000000
v 17.54617882 33.00000000 38.00000000
v 17.59614563 33.00000000 39.00000000
v 17.56658363 33.00000000 40.00000000
v 17.49495506 33.00000000 41.00000000
v 17.47468567 33.00000000 42.00000000
v 17.31977654 33.00000000 43.00000000
v 17.46536636 33.00000000 44.00000000
v 17.39443398 33.00000000 45.00000000
v 17.53372955 33.00000000 46.00000000
v 18.00000000 33.00000000 46.73383713
v 18.00000000 34.00000000 0.25606361
v 18.00000000 34.00000000 2.38600612
v 18.00000000 34.00000000 10.41834927
v 17.19170952 34.00000000 18.00000000
v 17.28516197 34.00000000 19.00000000
v 17.34993553 34.00000000 20.00000000
v 17.35620499 34.00000000 21.00000000
v 17.41711426 34.00000000 22.00000000
v 17.46106339 34.00000000 23.00000000
v 17.40022278 34.00000000 24.00000000
v 17.27335930 34.00000000 25.00000000
v 17.27589989 34.00000000 26.00000000
v 17.36009598 34.00000000 27.00000000
v 17.24805641 34.00000000 28.00000000
v 17.28745651 34.00000000 29.00000000
v 17.24815559 34.00000000 30.00000000
v 17.34858513 34.00000000 31.00000000
v 17.25010872 34.00000000 32.00000000
v 17.29023933 34.00000000 33.00000000
v 17.31776619 34.00000000 34.00000000
v 17.52607346 34.00000000 35.00000000
v 17.47259140 34.00000000 36.00000000
v 17.55964088 34.00000000 37.00000000
v 17.59996986 34.00000000 38.00000000
v 17.71347237 34.00000000 39.00000000
v 17.58231735 34.00000000 40.00000000
v 17.52108574 34.00000000 41.00000000
v 17.51755905 34.00000000 42.00000000
v 17.54059219 34.00000000 43.00000000
v 17.35572433 34.00000000 44.00000000
v 17.37882423 34.00000000 45.00000000
v 17.55417824 34.00000000 46.00000000
v 18.00000000 34.00000000 46.48562241
v 18.00000000 35.00000000 0.45308474
v 18.00000000 35.00000000 2.14456677
v 18.00000000 35.00000000 10.03371716
v 17.04083443 35.00000000 16.00000000
v 17.27350807 35.00000000 17.00000000
v 17.34127045 35.00000000 18.00000000
v 17.35197258 35.00000000 19.00000000
v 17.41049576 35.00000000 20.00000000
v 17.50767517 35.00000000 21.00000000
v 17.45727158 35.00000000 22.00000000
v 17.39085770 35.00000000 23.00000000
v 17.41341782 35.00000000 24.00000000
v 17.34407806 35.00000000 25.00000000
v 17.33744240 35.00000000 26.00000000
v 17.39992523 35.00000000 27.00000000
v 17.40533066 35.00000000 28.00000000
v 17.46034622 35.00000000 29.00000000
v 17.41456795 35.00000000 30.00000000
v 17.36093140 35.00000000 31.00000000
v 17.32777023 35.00000000 32.00000000
v 17.39716721 35.00000000 33.00000000
v 17.34777451 35.00000000 34.00000000
v 17.50610924 35.00000000 35.00000000
v 17.51813889 35.00000000 36.00000000
v 17.58529472 35.00000000 37.00000000
v 17.63194466 35.00000000 38.00000000
v 17.63661194 35.00000000 39.00000000
v 17.64821815 35.00000000 40.00000000
v 17.48513222 35.00000000 41.00000000
v 17.42097855 35.00000000 42.00000000
v 17.34659004 35.00000000 43.00000000
v 17.36626625 35.00000000 44.00000000
v 17.17785835 35.00000000 45.00000000
v 17.30595398 35.00000000 46.00000000
v 18.00000000 35.00000000 46.76327133
v 18.00000000 36.00000000 0.26519433
v 17.69037056 36.00000000 3.00000000
v 18.00000000 36.00000000 2.87592602
v 17.07707024 36.00000000 10.00000000
v 18.00000000 35.09566879 10.00000000
v 18.00000000 36.00000000 9.68779278
v 17.15765762 36.00000000 17.00000000
v 17.29597092 36.00000000 18.00000000
v 17.23308372 36.00000000 19.00000000
v 17.36025429 36.00000000 20.00000000
v 17.43655014 36.00000000 21.00000000
v 17.51478195 36.00000000 22.00000000
v 17.43179131 36.00000000 23.00000000
v 17.42489052 36.00000000 24.00000000
v 17.37651062 36.00000000 25.00000000
v 17.43279076 36.00000000 26.00000000
v 17.43568802 36.00000000 27.00000000
v 17.45011902 36.00000000 28.00000000
v 17.56479073 36.00000000 29.00000000
v 17.51161003 36.00000000 30.00000000
v 17.46213913 36.00000000 31.00000000
v 17.36610413 36.00000000 32.00000000
v 17.43887901 36.00000000 33.00000000
v 17.42792511 36.00000000 34.00000000
v 17.49946022 36.00000000 35.00000000
v 17.59502029 36.00000000 36.00000000
v 17.66039848 36.00000000 37.00000000
v 17.63957596 36.00000000 38.00000000
v 17.64309692 36.00000000 39.00000000
v 17.68100166 36.00000000 40.00000000
v 17.53200150 36.00000000 41.00000000
v 17.52578354 36.00000000 42.00000000
v 17.54118919 36.00000000 43.00000000
v 17.42266083 36.00000000 44.00000000
v 17.33808708 36.00000000 45.00000000
v 17.41534042 36.00000000 46.00000000
v 18.00000000 36.00000000 46.67931366
v 18.00000000 37.00000000 0.33495194
v 18.00000000 37.00000000 2.49894118
v 17.00556755 37.00000000 10.00000000
v 18.00000000 37.00000000 9.40790844
v 17.09871101 37.00000000 15.00000000
v 17.07328033 37.00000000 16.00000000
v 17.20785332 37.00000000 17.00000000
v 17.27357292 37.00000000 18.00000000
v 17.25113106 37.00000000 19.00000000
v 17.33901596 37.00000000 20.00000000
v 17.38603020 37.00000000 21.00000000
v 17.35571289 37.00000000 22.00000000
v 17.46227837 37.00000000 23.00000000
v 17.46691895 37.00000000 24.00000000
v 17.41305733 37.00000000 25.00000000
v 17.46538544 37.00000000 26.00000000
v 17.54327393 37.00000000 27.00000000
v 17.60903931 37.00000000 28.00000000
v 17.72276878 37.00000000 29.00000000
v 17.56386566 37.00000000 30.00000000
v 17.57347298 37.00000000 31.00000000
v 17.53597832 37.00000000 32.00000000
v 17.53012657 37.00000000 33.00000000
v 17.46158791 37.00000000 34.00000000
v 17.53787613 37.00000000 35.00000000
v 17.68470955 37.00000000 36.00000000
v 17.69407082 37.00000000 37.00000000
v 17.61527824 37.00000000 38.00000000
v 17.65647507 37.00000000 39.00000000
v 17.63543320 37.00000000 40.00000000
v 17.56114006 37.00000000 41.00000000
v 17.45803452 37.00000000 42.00000000
v 17.37754440 37.00000000 43.00000000
v 17.46112633 37.00000000 44.00000000
v 17.26957130 37.00000000 45.00000000
v 17.34658051 37.00000000 46.00000000
v 18.00000000 36.91884995 47.00000000
v 17.96426773 37.00000000 47.00000000
v 18.00000000 38.00000000 0.22981234
v 18.00000000 38.00000000 2.60671806
v 18.00000000 38.00000000 9.48186111
v 17.20093918 38.00000000 15.00000000
v 17.01638222 38.00000000 16.00000000
v 17.13193512 38.00000000 17.00000000
v 17.27929878 38.00000000 18.00000000
v 17.41596222 38.00000000 19.00000000
v 17.33659554 38.00000000 20.00000000
v 17.39089394 38.00000000 21.00000000
v 17.32377052 38.00000000 22.00000000
v 17.53023529 38.00000000 23.00000000
v 17.46616936 38.00000000 24.00000000
v 17.45444107 38.00000000 25.00000000
v 17.56569099 38.00000000 26.00000000
v 17.65482521 38.00000000 27.00000000
v 17.60592651 38.00000000 28.00000000
v 17.69900513 38.00000000 29.00000000
v 17.57139587 38.00000000 30.00000000
v 17.63702965 38.00000000 31.00000000
v 17.47751808 38.00000000 32.00000000
v 17.53840256 38.00000000 33.00000000
v 17.52951431 38.00000000 34.00000000
v 17.69874763 38.00000000 35.00000000
v 17.64505196 38.00000000 36.00000000
v 17.72564888 38.00000000 37.00000000
v 17.68854141 38.00000000 38.00000000
v 17.74852180 38.00000000 39.00000000
v 17.67453575 38.00000000 40.00000000
v 17.60809135 38.00000000 41.00000000
v 17.51192284 38.00000000 42.00000000
v 17.53472900 38.00000000 43.00000000
v 17.44392586 38.00000000 44.00000000
v 17.36115074 38.00000000 45.00000000
v 17.41224861 38.00000000 46.00000000
v 18.00000000 38.00000000 46.69307709
v 18.00000000 37.09263611 47.00000000
v 18.00000000 39.00000000 0.46660578
v 18.00000000 39.00000000 2.04194999
v 17.11477852 39.00000000 9.00000000
v 18.00000000 38.85413742 9.00000000
v 18.00000000 39.00000000 8.87925339
v 17.29210281 39.00000000 18.00000000
v 17.42007256 39.00000000 19.00000000
v 17.38202858 39.00000000 20.00000000
v 17.39436722 39.00000000 21.00000000
v 17.41703606 39.00000000 22.00000000
v 17.34160805 39.00000000 23.00000000
v 17.43276215 39.00000000 24.00000000
v 17.45634460 39.00000000 25.00000000
v 17.55653572 39.00000000 26.00000000
v 17.60044479 39.00000000 27.00000000
v 17.60713768 39.00000000 28.00000000
v 17.67820930 39.00000000 29.00000000
v 17.54749489 39.00000000 30.00000000
v 17.44764900 39.00000000 31.00000000
v 17.44078445 39.00000000 32.00000000
v 17.53008270 39.00000000 33.00000000
v 17.51478195 39.00000000 34.00000000
v 17.67159271 39.00000000 35.00000000
v 17.63759995 39.00000000 36.00000000
v 17.66784859 39.00000000 37.00000000
v 17.71817398 39.00000000 38.00000000
v 17.62224579 39.00000000 39.00000000
v 17.57693863 39.00000000 40.00000000
v 17.55125999 39.00000000 41.00000000
v 17.51846313 39.00000000 42.00000000
v 17.44143677 39.00000000 43.00000000
v 17.37960243 39.00000000 44.00000000
v 17.42716026 39.00000000 45.00000000
v 17.33055496 39.00000000 46.00000000
v 18.00000000 39.00000000 46.82484436
v 18.00000000 40.00000000 0.35882342
v 18.00000000 40.00000000 2.12118721
v 18.00000000 40.00000000 8.83540058
v 17.03266335 40.00000000 15.00000000
v 17.09972572 40.00000000 17.00000000
v 17.27220154 40.00000000 18.00000000
v 17.34792137 40.00000000 19.00000000
v 17.34895325 40.00000000 20.00000000
v 17.32677078 40.00000000 21.00000000
v 17.43479156 40.00000000 22.00000000
v 17.42512512 40.00000000 23.00000000
v 17.38526917 40.00000000 24.00000000
v 17.39023590 40.00000000 25.00000000
v 17.56308556 40.00000000 26.00000000
v 17.59176064 40.00000000 27.00000000
v 17.59547997 40.00000000 28.00000000
v 17.63582230 40.00000000 29.00000000
v 17.59579086 40.00000000 30.00000000
v 17.53914070 40.00000000 31.00000000
v 17.42921829 40.00000000 32.00000000
v 17.46802902 40.00000000 33.00000000
v 17.56871033 40.00000000 34.00000000
v 17.63825417 40.00000000 35.00000000
v 17.67859650 40.00000000 36.00000000
v 17.69433212 40.00000000 37.00000000
v 17.70433044 40.00000000 38.00000000
v 17.66900826 40.00000000 39.00000000
v 17.63064575 40.00000000 40.00000000
v 17.59611893 40.00000000 41.00000000
v 17.54927826 40.00000000 42.00000000
v 17.53306770 40.00000000 43.00000000
v 17.42722321 40.00000000 44.00000000
v 17.43598366 40.00000000 45.00000000
v 17.39463806 40.00000000 46.00000000
v 18.00000000 40.00000000 46.71504211
v 18.00000000 40.93070602 1.00000000
v 18.00000000 40.94022751 2.00000000
v 17.73476410 41.00000000 9.00000000
v 18.00000000 41.00000000 8.93941975
v 17.09993362 41.00000000 16.00000000
v 17.07144928 41.00000000 17.00000000
v 17.26298141 41.00000000 18.00000000
v 17.34153748 41.00000000 19.00000000
v 17.45059204 41.00000000 20.00000000
v 17.30367470 41.00000000 21.00000000
v 17.32699585 41.00000000 22.00000000
v 17.36937141 41.00000000 23.00000000
v 17.40969658 41.00000000 24.00000000
v 17.38995552 41.00000000 25.00000000
v 17.47982216 41.00000000 26.00000000
v 17.55267143 41.00000000 27.00000000
v 17.56328201 41.00000000 28.00000000
v 17.67895889 41.00000000 29.00000000
v 17.59556389 41.00000000 30.00000000
v 17.48403549 41.00000000 31.00000000
v 17.49280357 41.00000000 32.00000000
v 17.44458389 41.00000000 33.00000000
v 17.47683525 41.00000000 34.00000000
v 17.61140251 41.00000000 35.00000000
v 17.60861588 41.00000000 36.00000000
v 17.72191048 41.00000000 37.00000000
v 17.66020203 41.00000000 38.00000000
v 17.62638092 41.00000000 39.00000000
v 17.68206978 41.00000000 40.00000000
v 17.55584717 41.00000000 41.00000000
v 17.45578384 41.00000000 42.00000000
v 17.49439049 41.00000000 43.00000000
v 17.53412628 41.00000000 44.00000000
v 17.55211639 41.00000000 45.00000000
v 17.63032722 41.00000000 46.00000000
v 18.00000000 41.00000000 46.73585510
v 18.00000000 41.52909851 9.00000000
v 18.00000000 42.00000000 9.06711864
v 17.02010536 42.00000000 15.00000000
v 17.09371185 42.00000000 16.00000000
v 17.17708397 42.00000000 17.00000000
v 17.18458939 42.00000000 18.00000000
v 17.37014008 42.00000000 19.00000000
v 17.39599419 42.00000000 20.00000000
v 17.42916679 42.00000000 21.00000000
v 17.33824158 42.00000000 22.00000000
v 17.43749809 42.00000000 23.00000000
v 17.39395905 42.00000000 24.00000000
v 17.43108749 42.00000000 25.00000000
v 17.45064545 42.00000000 26.00000000
v 17.62584877 42.00000000 27.00000000
v 17.53543472 42.00000000 28.00000000
v 17.59225082 42.00000000 29.00000000
v 17.54351807 42.00000000 30.00000000
v 17.55541039 42.00000000 31.00000000
v 17.44757843 42.00000000 32.00000000
v 17.45093155 42.00000000 33.00000000
v 17.41389656 42.00000000 34.00000000
v 17.67968369 42.00000000 35.00000000
v 17.58387375 42.00000000 36.00000000
v 17.65902710 42.00000000 37.00000000
v 17.68595695 42.00000000 38.00000000
v 17.70764732 42.00000000 39.00000000
v 17.62883949 42.00000000 40.00000000
v 17.58344269 42.00000000 41.00000000
v 17.49823952 42.00000000 42.00000000
v 17.58839798 42.00000000 43.00000000
v 17.49344635 42.00000000 44.00000000
v 17.53610802 42.00000000 45.00000000
v 17.76259041 42.00000000 46.00000000
v 18.00000000 42.00000000 46.31934357
v 17.96311378 43.00000000 9.00000000
v 18.00000000 42.73046875 9.00000000
v 18.00000000 43.00000000 8.96831226
v 17.08854103 43.00000000 16.00000000
v 17.19883347 43.00000000 17.00000000
v 17.28226662 43.00000000 18.00000000
v 17.41843796 43.00000000 19.00000000
v 17.44474411 43.00000000 20.00000000
v 17.42550468 43.00000000 21.00000000
v 17.36727905 43.00000000 22.00000000
v 17.36676025 43.00000000 23.00000000
v 17.44363976 43.00000000 24.00000000
v 17.41953850 43.00000000 25.00000000
v 17.48931694 43.00000000 26.00000000
v 17.54874229 43.00000000 27.00000000
v 17.57629585 43.00000000 28.00000000
v 17.57612228 43.00000000 29.00000000
v 17.44830513 43.00000000 30.00000000
v 17.34750938 43.00000000 31.00000000
v 17.43721962 43.00000000 32.00000000
v 17.36391830 43.00000000 33.00000000
v 17.43416405 43.00000000 34.00000000
v 17.55814362 43.00000000 35.00000000
v 17.60407066 43.00000000 36.00000000
v 17.64500618 43.00000000 37.00000000
v 17.59485817 43.00000000 38.00000000
v 17.55496216 43.00000000 39.00000000
v 17.65836525 43.00000000 40.00000000
v 17.52735138 43.00000000 41.00000000
v 17.39391136 43.00000000 42.00000000
v 17.40854836 43.00000000 43.00000000
v 17.46729279 43.00000000 44.00000000
v 17.70520782 43.00000000 45.00000000
v 17.78353691 43.00000000 46.00000000
v 18.00000000 43.00000000 46.26840210
v 17.83956718 44.00000000 9.00000000
v 18.00000000 44.00000000 8.93517399
v 17.13842964 44.00000000 10.00000000
v 17.18873024 44.00000000 14.00000000
v 17.19600105 44.00000000 15.00000000
v 17.18543434 44.00000000 16.00000000
v 17.17731094 44.00000000 17.00000000
v 17.40050316 44.00000000 18.00000000
v 17.50164032 44.00000000 19.00000000
v 17.57297516 44.00000000 20.00000000
v 17.53255844 44.00000000 21.00000000
v 17.59889603 44.00000000 22.00000000
v 17.47904396 44.00000000 23.00000000
v 17.57098961 44.00000000 24.00000000
v 17.48358154 44.00000000 25.00000000
v 17.57368088 44.00000000 26.00000000
v 17.67664528 44.00000000 27.00000000
v 17.72134209 44.00000000 28.00000000
v 17.59959030 44.00000000 29.00000000
v 17.60313797 44.00000000 30.00000000
v 17.48628807 44.00000000 31.00000000
v 17.43358803 44.00000000 32.00000000
v 17.34680367 44.00000000 33.00000000
v 17.51067924 44.00000000 34.00000000
v 17.62943649 44.00000000 35.00000000
v 17.66416931 44.00000000 36.00000000
v 17.61387825 44.00000000 37.00000000
v 17.70664215 44.00000000 38.00000000
v 17.67802048 44.00000000 39.00000000
v 17.68011665 44.00000000 40.00000000
v 17.53320122 44.00000000 41.00000000
v 17.52091789 44.00000000 42.00000000
v 17.59100151 44.00000000 43.00000000
v 17.67052841 44.00000000 44.00000000
v 17.74034119 44.00000000 45.00000000
v 17.95777130 44.00000000 46.00000000
v 18.00000000 44.00000000 46.07208633
v 18.00000000 44.09244156 9.00000000
v 18.00000000 45.00000000 9.63018990
v 17.54578972 45.00000000 10.00000000
v 17.00582123 45.00000000 11.00000000
v 17.18271065 45.00000000 12.00000000
v 17.13759995 45.00000000 13.00000000
v 17.29041862 45.00000000 15.00000000
v 17.27089882 45.00000000 16.00000000
v 17.42672920 45.00000000 17.00000000
v 17.35620499 45.00000000 18.00000000
v 17.42953873 45.00000000 19.00000000
v 17.49380112 45.00000000 20.00000000
v 17.55029297 45.00000000 21.00000000
v 17.32334900 45.00000000 22.00000000
v 17.47697258 45.00000000 23.00000000
v 17.50370216 45.00000000 24.00000000
v 17.62413979 45.00000000 25.00000000
v 17.46880150 45.00000000 26.00000000
v 17.56851006 45.00000000 27.00000000
v 17.62747955 45.00000000 28.00000000
v 17.66438866 45.00000000 29.00000000
v 17.38714218 45.00000000 30.00000000
v 17.44612312 45.00000000 31.00000000
v 17.39294815 45.00000000 32.00000000
v 17.42400742 45.00000000 33.00000000
v 17.33327484 45.00000000 34.00000000
v 17.59689522 45.00000000 35.00000000
v 17.59520340 45.00000000 36.00000000
v 17.71695328 45.00000000 37.00000000
v 17.56625557 45.00000000 38.00000000
v 17.66857147 45.00000000 39.00000000
v 17.61864090 45.00000000 40.00000000
v 17.70275307 45.00000000 41.00000000
v 17.45802689 45.00000000 42.00000000
v 17.67656136 45.00000000 43.00000000
v 17.72523499 45.00000000 44.00000000
v 17.88244820 45.00000000 45.00000000
v 17.84794426 45.00000000 46.00000000
v 18.00000000 45.00000000 46.22781754
v 17.90164185 46.00000000 10.00000000
v 18.00000000 46.00000000 9.92274857
v 17.62791634 46.00000000 11.00000000
v 17.53920937 46.00000000 12.00000000
v 17.52469826 46.00000000 13.00000000
v 17.31328773 46.00000000 14.00000000
v 17.42317009 46.00000000 15.00000000
v 17.45812416 46.00000000 16.00000000
v 17.57740211 46.00000000 17.00000000
v 17.43640327 46.00000000 18.00000000
v 17.52990723 46.00000000 19.00000000
v 17.51513290 46.00000000 20.00000000
v 17.65174866 46.00000000 21.00000000
v 17.37300873 46.00000000 22.00000000
v 17.46690941 46.00000000 23.00000000
v 17.44267845 46.00000000 24.00000000
v 17.57941628 46.00000000 25.00000000
v 17.49792290 46.00000000 26.00000000
v 17.67957306 46.00000000 27.00000000
v 17.59912109 46.00000000 28.00000000
v 17.72161484 46.00000000 29.00000000
v 17.40369415 46.00000000 30.00000000
v 17.48666763 46.00000000 31.00000000
v 17.48063469 46.00000000 32.00000000
v 17.53720284 46.00000000 33.00000000
v 17.40152550 46.00000000 34.00000000
v 17.63078499 46.00000000 35.00000000
v 17.62234116 46.00000000 36.00000000
v 17.72447395 46.00000000 37.00000000
v 17.53686905 46.00000000 38.00000000
v 17.60839844 46.00000000 39.00000000
v 17.49587822 46.00000000 40.00000000
v 17.75816154 46.00000000 41.00000000
v 17.51761818 46.00000000 42.00000000
v 17.70305824 46.00000000 43.00000000
v 17.89723778 46.00000000 44.00000000
v 18.00000000 46.00000000 44.48795700
v 18.00000000 45.51158524 45.00000000
v 18.00000000 45.91543961 46.00000000
v 18.00000000 46.07671738 10.00000000
v 18.00000000 46.25989914 11.00000000
v 18.00000000 46.37187958 12.00000000
v 18.00000000 46.36265182 13.00000000
v 18.00000000 46.58979797 14.00000000
v 18.00000000 46.52805710 15.00000000
v 18.00000000 46.64832306 16.00000000
v 18.00000000 46.54632568 17.00000000
v 18.00000000 46.69773865 18.00000000
v 18.00000000 46.60498047 19.00000000
v 18.00000000 46.69141006 20.00000000
v 18.00000000 46.54128265 21.00000000
v 18.00000000 46.70742416 22.00000000
v 18.00000000 46.62955093 23.00000000
v 18.00000000 46.77451706 24.00000000
v 18.00000000 46.66639328 25.00000000
v 18.00000000 46.71191025 26.00000000
v 18.00000000 46.51316071 27.00000000
v 18.00000000 46.51977921 28.00000000
v 18.00000000 46.44521713 29.00000000
v 18.00000000 46.67609406 30.00000000
v 18.00000000 46.68398285 31.00000000
v 18.00000000 46.70807266 32.00000000
v 18.00000000 46.66657257 33.00000000
v 18.00000000 46.67594528 34.00000000
v 18.00000000 46.52256012 35.00000000
v 18.00000000 46.54875946 36.00000000
v 18.00000000 46.44649506 37.00000000
v 18.00000000 46.59187698 38.00000000
v 18.00000000 46.54077911 39.00000000
v 18.00000000 46.73315430 40.00000000
v 18.00000000 46.41226196 41.00000000
v 18.00000000 46.59886169 42.00000000
v 18.00000000 46.44660950 43.00000000
v 18.00000000 46.16603851 44.00000000
v 18.75774956 1.00000000 11.00000000
v 19.00000000 0.97027260 11.00000000
v 19.00000000 1.00000000 10.87565231
v 18.70138931 1.00000000 12.00000000
v 19.00000000 1.00000000 11.81551933
v 19.00000000 1.00000000 12.02140713
v 19.00000000 0.71410412 13.00000000
v 19.00000000 0.67196280 14.00000000
v 19.00000000 0.51986074 15.00000000
v 19.00000000 0.51929474 16.00000000
v 19.00000000 0.62106156 17.00000000
v 19.00000000 0.51825154 18.00000000
v 19.00000000 0.43075603 19.00000000
v 19.00000000 0.00000000 19.90946770
v 18.38518906 0.00000000 23.00000000
v 19.00000000 0.06964664 23.00000000
v 19.00000000 0.00000000 22.67827034
v 19.00000000 0.00000000 23.35280609
v 18.45819283 0.00000000 25.00000000
v 19.00000000 0.12838495 27.00000000
v 19.00000000 0.00000000 26.35898781
v 19.00000000 0.00000000 27.45218086
v 18.01908302 0.00000000 31.00000000
v 19.00000000 0.05801122 31.00000000
v 19.00000000 0.00000000 30.63986397
v 19.00000000 0.00000000 31.37810516
v 18.81125450 0.00000000 33.00000000
v 19.00000000 0.18156825 35.00000000
v 19.00000000 0.00000000 34.10338593
v 19.00000000 0.07677491 36.00000000
v 19.00000000 0.14485593 37.00000000
v 19.00000000 0.11294410 38.00000000
v 19.00000000 0.25311637 39.00000000
v 19.00000000 0.11080655 40.00000000
v 19.00000000 0.15073998 41.00000000
v 19.00000000 0.16136043 42.00000000
v 19.00000000 0.28111169 43.00000000
v 19.00000000 0.15301603 44.00000000
v 18.52397728 1.00000000 45.00000000
v 19.00000000 0.54163909 45.00000000
v 19.00000000 1.00000000 45.24508286
v 18.41193199 2.00000000 9.00000000
v 19.00000000 1.62602854 9.00000000
v 19.00000000 2.00000000 8.89602852
v 19.00000000 1.94647264 10.00000000
v 19.00000000 1.01200855 12.00000000
v 18.04469490 2.00000000 39.00000000
v 18.05290222 2.00000000 43.00000000
v 18.09959602 2.00000000 45.00000000
v 19.00000000 2.00000000 45.84026337
v 19.00000000 2.36675429 9.00000000
v 18.56521416 3.00000000 9.00000000
v 19.00000000 3.00000000 9.38802242
v 18.75184822 3.00000000 46.00000000
v 19.00000000 2.59617925 46.00000000
v 19.00000000 3.00000000 46.07651138
v 19.00000000 3.15413284 9.00000000
v 19.00000000 4.00000000 8.31254482
v 19.00000000 4.00000000 46.45628357
v 19.00000000 5.00000000 8.27990055
v 19.00000000 5.00000000 46.23265076
v 18.21249199 6.00000000 1.00000000
v 18.48333359 6.00000000 8.00000000
v 19.00000000 5.80198002 8.00000000
v 19.00000000 6.00000000 7.96133184
v 19.00000000 6.00000000 46.58605194
v 19.00000000 6.52720690 1.00000000
v 19.00000000 7.00000000 0.36373678
v 19.00000000 6.74429846 2.00000000
v 18.20344353 7.00000000 2.00000000
v 19.00000000 7.00000000 2.16144013
v 19.00000000 7.00000000 7.73600149
v 19.00000000 7.00000000 46.70600510
v 19.00000000 8.00000000 0.67292446
v 19.00000000 7.52867270 2.00000000
v 18.77532768 8.00000000 2.00000000
v 19.00000000 8.00000000 1.57573760
v 18.51043320 8.00000000 8.00000000
v 19.00000000 8.00000000 7.82110214
v 19.00000000 8.00000000 46.65780640
v 19.00000000 9.00000000 0.39987579
v 19.00000000 8.38546753 2.00000000
v 19.00000000 9.00000000 2.41384673
v 18.76181221 9.00000000 8.00000000
v 19.00000000 9.00000000 7.88553143
v 19.00000000 9.00000000 46.37440109
v 19.00000000 10.00000000 0.27612847
v 19.00000000 10.00000000 2.38307786
v 19.00000000 9.36593723 8.00000000
v 19.00000000 10.00000000 8.35318470
v 19.00000000 10.00000000 46.44643402
v 19.00000000 11.00000000 0.29613194
v 19.00000000 11.00000000 2.20017290
v 19.00000000 11.00000000 8.26616287
v 19.00000000 11.00000000 46.45569992
v 19.00000000 12.00000000 0.18941224
v 19.00000000 12.00000000 2.47243524
v 19.00000000 12.00000000 8.55959225
v 19.00000000 12.00000000 46.36444092
v 19.00000000 13.00000000 0.20130949
v 19.00000000 13.00000000 2.30241871
v 18.23156738 13.00000000 9.00000000
v 19.00000000 13.00000000 8.84603119
v 19.00000000 13.00000000 46.26195908
v 19.00000000 14.00000000 0.19636564
v 18.43220520 14.00000000 0.00000000
v 19.00000000 14.00000000 2.47153687
v 19.00000000 13.36026287 9.00000000
v 19.00000000 14.00000000 9.40586662
v 19.00000000 14.00000000 46.64310837
v 19.00000000 15.00000000 0.17073397
v 19.00000000 15.00000000 2.42550063
v 19.00000000 15.00000000 9.32546806
v 19.00000000 15.00000000 46.77433014
v 19.00000000 16.00000000 0.13569693
v 18.39094162 16.00000000 0.00000000
v 19.00000000 16.00000000 2.51097965
v 19.00000000 16.00000000 9.23279572
v 19.00000000 16.00000000 46.93581772
v 19.00000000 17.00000000 0.13449498
v 19.00000000 17.00000000 2.53366518
v 19.00000000 17.00000000 9.93946838
v 19.00000000 17.00000000 46.78174973
v 19.00000000 18.00000000 0.33672765
v 19.00000000 18.00000000 2.54386759
v 19.00000000 18.00000000 9.91709518
v 19.00000000 18.00000000 46.84305954
v 19.00000000 19.00000000 0.28300181
v 19.00000000 19.00000000 2.45726752
v 19.00000000 18.16814995 10.00000000
v 18.28589249 19.00000000 10.00000000
v 19.00000000 18.96166992 11.00000000
v 18.98825073 19.00000000 11.00000000
v 19.00000000 19.00000000 11.01577282
v 19.00000000 19.00000000 46.88636398
v 19.00000000 20.00000000 0.20093356
v 18.34512901 20.00000000 3.00000000
v 19.00000000 20.00000000 2.86922574
v 18.06585884 20.00000000 10.00000000
v 18.80226517 20.00000000 11.00000000
v 19.00000000 20.00000000 11.22421265
v 19.00000000 20.00000000 46.77962875
v 19.00000000 21.00000000 0.05180821
v 19.00000000 21.00000000 2.64648581
v 18.66294861 21.00000000 10.00000000
v 19.00000000 21.00000000 10.21545410
v 19.00000000 20.24711227 11.00000000
v 19.00000000 21.00000000 46.56490326
v 19.00000000 22.00000000 0.16194388
v 19.00000000 22.00000000 2.57293582
v 19.00000000 22.00000000 10.41200924
v 19.00000000 22.00000000 46.67844009
v 19.00000000 23.00000000 0.10746079
v 19.00000000 23.00000000 2.78064728
v 18.00213814 23.00000000 10.00000000
v 19.00000000 23.00000000 10.28403187
v 19.00000000 23.00000000 46.71365738
v 19.00000000 24.00000000 0.01809114
v 19.00000000 23.37561607 3.00000000
v 19.00000000 24.00000000 3.12911248
v 18.96028900 24.00000000 10.00000000
v 19.00000000 24.00000000 10.06086826
v 19.00000000 24.00000000 46.69604111
v 19.00000000 25.00000000 0.12951194
v 19.00000000 25.00000000 2.76306415
v 19.00000000 24.49377251 3.00000000
v 18.88617897 25.00000000 10.00000000
v 19.00000000 25.00000000 10.11636162
v 19.00000000 25.00000000 46.48553848
v 19.00000000 26.00000000 0.38552380
v 19.00000000 26.00000000 2.36840892
v 19.00000000 25.49280167 10.00000000
v 19.00000000 26.00000000 9.66414452
v 19.00000000 26.00000000 46.54906082
v 19.00000000 27.00000000 0.42731532
v 19.00000000 27.00000000 2.11559033
v 19.00000000 26.47754478 10.00000000
v 18.35013771 27.00000000 10.00000000
v 19.00000000 27.00000000 10.28677654
v 19.00000000 27.00000000 46.54009247
v 19.00000000 28.00000000 0.28515333
v 18.28181648 28.00000000 3.00000000
v 19.00000000 28.00000000 2.61237025
v 18.20647812 28.00000000 10.00000000
v 19.00000000 27.63051987 11.00000000
v 18.84926796 28.00000000 11.00000000
v 19.00000000 28.00000000 11.23931217
v 19.00000000 28.00000000 46.61423492
v 19.00000000 29.00000000 0.28133616
v 19.00000000 29.00000000 2.37091208
v 18.02009010 29.00000000 10.00000000
v 19.00000000 29.00000000 10.34623909
v 19.00000000 28.23173714 11.00000000
v 19.00000000 29.00000000 46.40038300
v 19.00000000 30.00000000 0.33766413
v 19.00000000 30.00000000 2.37676930
v 19.00000000 30.00000000 10.51624393
v 19.00000000 30.00000000 46.61941147
v 19.00000000 31.00000000 0.39017436
v 19.00000000 31.00000000 2.20620227
v 19.00000000 31.00000000 10.63390446
v 19.00000000 31.00000000 46.73574066
v 19.00000000 32.00000000 0.19708757
v 19.00000000 32.00000000 2.14032388
v 19.00000000 32.00000000 10.92874908
v 19.00000000 32.00000000 46.86723328
v 19.00000000 33.00000000 0.28293222
v 19.00000000 33.00000000 2.19180679
v 19.00000000 33.00000000 10.89567757
v 19.00000000 33.00000000 46.69114304
v 19.00000000 34.00000000 0.44880822
v 19.00000000 34.00000000 2.05616665
v 19.00000000 34.00000000 10.51722622
v 19.00000000 34.00000000 46.74860764
v 19.00000000 35.00000000 0.63528293
v 19.00000000 35.00000000 2.12532926
v 18.30346680 35.00000000 10.00000000
v 19.00000000 34.82991409 10.00000000
v 19.00000000 35.00000000 9.91841221
v 19.00000000 35.00000000 46.90387726
v 19.00000000 36.00000000 0.39787111
v 19.00000000 36.00000000 2.28554106
v 19.00000000 36.00000000 9.92506123
v 19.00000000 36.00000000 46.89842606
v 19.00000000 37.00000000 0.32930577
v 19.00000000 37.00000000 2.45527363
v 19.00000000 36.62652588 10.00000000
v 18.96145248 37.00000000 10.00000000
v 19.00000000 37.00000000 10.04308319
v 18.24309158 37.00000000 47.00000000
v 19.00000000 37.00000000 46.88773727
v 19.00000000 38.00000000 0.36929980
v 19.00000000 38.00000000 2.31154680
v 19.00000000 37.08004761 10.00000000
v 19.00000000 38.00000000 9.35307217
v 18.97833824 38.00000000 47.00000000
v 19.00000000 37.93487930 47.00000000
v 19.00000000 39.00000000 0.45812288
v 19.00000000 39.00000000 2.04021406
v 18.78573608 39.00000000 9.00000000
v 19.00000000 39.00000000 9.05277729
v 18.48703957 39.00000000 47.00000000
v 19.00000000 40.00000000 0.50052530
v 18.50432205 40.00000000 2.00000000
v 19.00000000 40.00000000 1.79105139
v 19.00000000 39.23304749 2.00000000
v 19.00000000 39.10129166 9.00000000
v 19.00000000 40.00000000 8.81271648
v 18.66058922 40.00000000 47.00000000
v 18.10149765 41.00000000 1.00000000
v 19.00000000 41.00000000 0.72619426
v 19.00000000 41.00000000 1.91104269
v 19.00000000 41.00000000 8.96981716
v 18.87051773 41.00000000 47.00000000
v 19.00000000 41.38863754 1.00000000
v 19.00000000 41.18351364 9.00000000
v 19.00000000 42.00000000 9.31608009
v 19.00000000 42.00000000 46.72539139
v 19.00000000 41.07297134 47.00000000
v 19.00000000 42.25114822 9.00000000
v 19.00000000 43.00000000 8.77676964
v 19.00000000 43.00000000 46.60776901
v 19.00000000 43.88180542 9.00000000
v 18.69775391 44.00000000 9.00000000
v 19.00000000 44.00000000 9.43438244
v 19.00000000 44.00000000 46.16099930
v 19.00000000 44.27024841 10.00000000
v 18.79091072 45.00000000 10.00000000
v 19.00000000 45.00000000 10.21545792
v 18.54907799 45.00000000 46.00000000
v 19.00000000 45.00000000 45.76198578
v 19.00000000 44.40203094 46.00000000
v 18.21044922 46.00000000 10.00000000
v 19.00000000 46.00000000 10.69883537
v 18.35503578 46.00000000 45.00000000
v 19.00000000 46.00000000 45.74950409
v 19.00000000 46.12716675 11.00000000
v 19.00000000 46.11937332 12.00000000
v 19.00000000 46.25175858 13.00000000
v 19.00000000 46.40359116 14.00000000
v 19.00000000 46.55850220 15.00000000
v 19.00000000 46.40985870 16.00000000
v 19.00000000 46.60052490 17.00000000
v 19.00000000 46.61064529 18.00000000
v 19.00000000 46.76581955 19.00000000
v 19.00000000 46.45332718 20.00000000
v 19.00000000 46.61132812 21.00000000
v 19.00000000 46.64780426 22.00000000
v 19.00000000 46.79684067 23.00000000
v 19.00000000 46.56154633 24.00000000
v 19.00000000 46.76126862 25.00000000
v 19.00000000 46.66168213 26.00000000
v 19.00000000 46.78038406 27.00000000
v 19.00000000 46.45906830 28.00000000
v 19.00000000 46.66919708 29.00000000
v 19.00000000 46.72024536 30.00000000
v 19.00000000 46.89539337 31.00000000
v 19.00000000 46.64959717 32.00000000
v 19.00000000 46.76094818 33.00000000
v 19.00000000 46.63472366 34.00000000
v 19.00000000 46.68482590 35.00000000
v 19.00000000 46.45673752 36.00000000
v 19.00000000 46.59866714 37.00000000
v 19.00000000 46.70502853 38.00000000
v 19.00000000 46.78973007 39.00000000
v 19.00000000 46.70439911 40.00000000
v 19.00000000 46.87445831 41.00000000
v 19.00000000 46.71050644 42.00000000
v 19.00000000 46.67718124 43.00000000
v 19.00000000 46.48685837 44.00000000
v 19.00000000 46.32062531 45.00000000
v 19.04799843 1.00000000 11.00000000
v 19.52214050 1.00000000 13.00000000
v 19.59867859 1.00000000 14.00000000
v 20.00000000 1.00000000 14.84691048
v 20.00000000 0.96275461 15.00000000
v 19.82428741 1.00000000 16.00000000
v 20.00000000 1.00000000 15.20261097
v 19.57416344 1.00000000 17.00000000
v 19.72030258 1.00000000 18.00000000
v 19.93272400 1.00000000 19.00000000
v 20.00000000 1.00000000 19.19561958
v 20.00000000 0.67397904 20.00000000
v 19.10941315 0.00000000 20.00000000
v 19.19571114 0.00000000 21.00000000
v 20.00000000 0.46008626 21.00000000
v 19.31391335 0.00000000 22.00000000
v 20.00000000 0.49754515 22.00000000
v 20.00000000 0.24069199 23.00000000
v 19.46322441 0.00000000 24.00000000
v 20.00000000 0.27395332 24.00000000
v 19.53908348 0.00000000 25.00000000
v 20.00000000 0.18677045 25.00000000
v 19.17624474 0.00000000 26.00000000
v 20.00000000 0.46495673 26.00000000
v 20.00000000 0.24940692 27.00000000
v 19.64768410 0.00000000 28.00000000
v 20.00000000 0.15904550 28.00000000
v 19.48299599 0.00000000 29.00000000
v 20.00000000 0.22999506 29.00000000
v 19.33074760 0.00000000 30.00000000
v 20.00000000 0.29662931 30.00000000
v 20.00000000 0.20043315 31.00000000
v 19.45465660 0.00000000 32.00000000
v 20.00000000 0.20185667 32.00000000
v 19.18040657 0.00000000 33.00000000
v 20.00000000 0.27559096 33.00000000
v 19.06721306 0.00000000 34.00000000
v 20.00000000 0.44810644 34.00000000
v 20.00000000 0.46470526 35.00000000
v 20.00000000 0.59463906 36.00000000
v 20.00000000 0.61685526 37.00000000
v 20.00000000 0.45303124 38.00000000
v 20.00000000 0.40132707 39.00000000
v 20.00000000 0.28262460 40.00000000
v 20.00000000 0.37612599 41.00000000
v 20.00000000 0.37370986 42.00000000
v 20.00000000 0.39574227 43.00000000
v 20.00000000 0.38849199 44.00000000
v 19.76970100 1.00000000 45.00000000
v 20.00000000 1.00000000 44.89858627
v 19.09420013 2.00000000 9.00000000
v 19.02769470 2.00000000 10.00000000
v 19.49058533 2.00000000 11.00000000
v 19.93981743 2.00000000 12.00000000
v 19.85239029 2.00000000 13.00000000
v 20.00000000 2.00000000 13.49942017
v 20.00000000 1.66927826 14.00000000
v 20.00000000 1.59502304 16.00000000
v 19.78091431 2.00000000 17.00000000
v 20.00000000 2.00000000 16.35750771
v 20.00000000 2.00000000 17.53460312
v 20.00000000 1.55509698 18.00000000
v 19.94304276 2.00000000 19.00000000
v 20.00000000 2.00000000 18.76018333
v 20.00000000 2.00000000 19.20177460
v 20.00000000 1.27774239 45.00000000
v 20.00000000 2.00000000 45.27546310
v 19.17164612 3.00000000 10.00000000
v 19.62796593 3.00000000 11.00000000
v 19.97440529 3.00000000 12.00000000
v 20.00000000 3.00000000 12.06051826
v 20.00000000 2.31492877 13.00000000
v 20.00000000 2.49593902 17.00000000
v 20.00000000 2.49227786 19.00000000
v 19.14494324 3.00000000 46.00000000
v 20.00000000 3.00000000 45.53684616
v 19.56352615 4.00000000 9.00000000
v 19.73270798 4.00000000 10.00000000
v 19.94675827 4.00000000 11.00000000
v 20.00000000 4.00000000 11.20565033
v 20.00000000 3.09132981 12.00000000
v 19.80819511 4.00000000 46.00000000
v 20.00000000 4.00000000 45.82749557
v 20.00000000 4.94574451 9.00000000
v 20.00000000 5.00000000 8.93704796
v 19.86992645 5.00000000 10.00000000
v 20.00000000 5.00000000 9.15847683
v 20.00000000 5.00000000 10.64702034
v 20.00000000 4.44494438 11.00000000
v 20.00000000 4.80505610 46.00000000
v 20.00000000 5.00000000 46.02633667
v 19.38320732 6.00000000 8.00000000
v 20.00000000 6.00000000 8.17626381
v 20.00000000 5.35046434 10.00000000
v 20.00000000 6.00000000 46.13171005
v 20.00000000 6.28207922 1.00000000
v 20.00000000 7.00000000 0.28186193
v 19.30473900 7.00000000 2.00000000
v 20.00000000 7.00000000 1.58952010
v 20.00000000 6.41879606 8.00000000
v 20.00000000 7.00000000 7.90314674
v 19.94131660 7.00000000 11.00000000
v 20.00000000 7.00000000 10.57496357
v 20.00000000 6.77228308 11.00000000
v 20.00000000 7.00000000 11.13470268
v 19.90978813 7.00000000 46.00000000
v 20.00000000 7.00000000 45.88618851
v 20.00000000 6.74482346 46.00000000
v 20.00000000 8.00000000 0.91814733
v 20.00000000 8.00000000 1.15255368
v 20.00000000 7.22710943 8.00000000
v 19.40032768 8.00000000 8.00000000
v 20.00000000 8.00000000 8.48578739
v 19.85977745 8.00000000 10.00000000
v 20.00000000 8.00000000 9.75048256
v 20.00000000 7.37002897 10.00000000
v 19.90009117 8.00000000 11.00000000
v 20.00000000 8.00000000 11.43392754
v 20.00000000 7.22917223 46.00000000
v 20.00000000 8.00000000 46.17631912
v 20.00000000 9.00000000 0.43266422
v 19.57369232 9.00000000 2.00000000
v 20.00000000 9.00000000 1.77151871
v 19.42807388 9.00000000 8.00000000
v 20.00000000 8.82062531 9.00000000
v 19.87532997 9.00000000 9.00000000
v 19.94235802 9.00000000 10.00000000
v 19.85618973 9.00000000 11.00000000
v 20.00000000 9.00000000 11.70190239
v 19.83294487 9.00000000 46.00000000
v 20.00000000 9.00000000 45.90564728
v 20.00000000 8.76498413 46.00000000
v 20.00000000 10.00000000 0.28251311
v 20.00000000 9.25551701 2.00000000
v 20.00000000 10.00000000 2.50458026
v 19.58075714 10.00000000 9.00000000
v 19.70089149 10.00000000 10.00000000
v 19.69212532 10.00000000 11.00000000
v 20.00000000 9.46532154 12.00000000
v 19.94169426 10.00000000 12.00000000
v 20.00000000 10.00000000 12.50154400
v 19.57657433 10.00000000 46.00000000
v 20.00000000 10.00000000 45.58939743
v 20.00000000 11.00000000 0.33465490
v 19.96540260 11.00000000 2.00000000
v 20.00000000 11.00000000 1.99457359
v 20.00000000 10.99068546 2.00000000
v 19.76527977 11.00000000 9.00000000
v 19.83793831 11.00000000 10.00000000
v 19.83943939 11.00000000 11.00000000
v 19.94205856 11.00000000 12.00000000
v 20.00000000 10.56842518 13.00000000
v 19.95109749 11.00000000 13.00000000
v 20.00000000 11.00000000 13.25507355
v 19.50463104 11.00000000 46.00000000
v 20.00000000 11.00000000 45.39109039
v 20.00000000 12.00000000 0.25713372
v 20.00000000 11.01493073 2.00000000
v 20.00000000 12.00000000 2.45629740
v 19.52953720 12.00000000 9.00000000
v 19.43654251 12.00000000 10.00000000
v 19.52530670 12.00000000 11.00000000
v 19.79850006 12.00000000 12.00000000
v 19.83536911 12.00000000 13.00000000
v 20.00000000 12.00000000 13.81870651
v 19.49133682 12.00000000 46.00000000
v 20.00000000 12.00000000 45.50559998
v 20.00000000 13.00000000 0.38116008
v 20.00000000 13.00000000 2.06629610
v 19.41926384 13.00000000 9.00000000
v 19.83321953 13.00000000 10.00000000
v 19.82029915 13.00000000 11.00000000
v 20.00000000 13.00000000 11.84075260
v 20.00000000 12.86781883 12.00000000
v 20.00000000 12.74300289 13.00000000
v 19.45561790 13.00000000 46.00000000
v 20.00000000 13.00000000 45.55033493
v 20.00000000 14.00000000 0.12699941
v 20.00000000 14.00000000 2.76685357
v 19.47326851 14.00000000 10.00000000
v 19.79253769 14.00000000 11.00000000
v 20.00000000 14.00000000 11.87337589
v 19.80291176 14.00000000 46.00000000
v 20.00000000 14.00000000 45.74443817
v 20.00000000 15.00000000 0.26273474
v 20.00000000 15.00000000 2.40692902
v 19.35237503 15.00000000 10.00000000
v 19.70801163 15.00000000 11.00000000
v 20.00000000 15.00000000 11.95936012
v 19.84899521 15.00000000 46.00000000
v 20.00000000 15.00000000 45.79161835
v 20.00000000 16.00000000 0.16036093
v 20.00000000 16.00000000 2.63692451
v 19.32250023 16.00000000 10.00000000
v 19.61333084 16.00000000 11.00000000
v 20.00000000 15.04158211 12.00000000
v 19.77111244 16.00000000 12.00000000
v 20.00000000 16.00000000 12.81463623
v 20.00000000 15.45873642 46.00000000
v 20.00000000 16.00000000 46.15332413
v 20.00000000 17.00000000 0.30572161
v 20.00000000 17.00000000 2.28489089
v 19.07192993 17.00000000 10.00000000
v 19.69526672 17.00000000 11.00000000
v 19.74213600 17.00000000 12.00000000
v 20.00000000 16.76889992 13.00000000
v 19.98055267 17.00000000 13.00000000
v 20.00000000 17.00000000 13.14730072
v 19.96447563 17.00000000 46.00000000
v 20.00000000 17.00000000 45.96409988
v 20.00000000 16.88165092 46.00000000
v 20.00000000 18.00000000 0.17936225
v 20.00000000 18.00000000 2.86357164
v 19.05254173 18.00000000 10.00000000
v 19.33936119 18.00000000 11.00000000
v 19.69417572 18.00000000 12.00000000
v 19.81318855 18.00000000 13.00000000
v 20.00000000 17.41678619 14.00000000
v 19.83592606 18.00000000 14.00000000
v 20.00000000 18.00000000 14.48446465
v 19.89276886 18.00000000 46.00000000
v 20.00000000 18.00000000 45.85487366
v 20.00000000 19.00000000 0.34309840
v 20.00000000 19.00000000 2.28755522
v 19.91598320 19.00000000 12.00000000
v 19.57531738 19.00000000 13.00000000
v 19.75080490 19.00000000 14.00000000
v 20.00000000 19.00000000 14.87202549
v 19.70647621 19.00000000 46.00000000
v 20.00000000 19.00000000 45.53678894
v 20.00000000 20.00000000 0.20808770
v 20.00000000 20.00000000 2.70013475
v 19.40510368 20.00000000 12.00000000
v 19.51106453 20.00000000 13.00000000
v 19.58597946 20.00000000 14.00000000
v 20.00000000 19.17562103 15.00000000
v 19.81017876 20.00000000 15.00000000
v 20.00000000 20.00000000 15.71414089
v 19.83603859 20.00000000 46.00000000
v 20.00000000 20.00000000 45.71544647
v 20.00000000 21.00000000 0.21105640
v 20.00000000 21.00000000 2.29169846
v 19.35399246 21.00000000 11.00000000
v 19.41813660 21.00000000 12.00000000
v 19.62331581 21.00000000 13.00000000
v 19.67784309 21.00000000 14.00000000
v 19.93068314 21.00000000 15.00000000
v 20.00000000 20.37386894 16.00000000
v 19.87617874 21.00000000 16.00000000
v 20.00000000 21.00000000 16.30027199
v 19.79131508 21.00000000 46.00000000
v 20.00000000 21.00000000 45.71532440
v 19.94868279 22.00000000 0.00000000
v 20.00000000 21.95637131 0.00000000
v 20.00000000 21.93569565 3.00000000
v 19.90276337 22.00000000 3.00000000
v 20.00000000 22.00000000 3.02022910
v 19.36773872 22.00000000 11.00000000
v 19.49938011 22.00000000 12.00000000
v 19.61017609 22.00000000 13.00000000
v 19.59314537 22.00000000 14.00000000
v 19.94384766 22.00000000 15.00000000
v 19.99934006 22.00000000 16.00000000
v 20.00000000 22.00000000 16.00126457
v 19.87571335 22.00000000 46.00000000
v 20.00000000 22.00000000 45.80251312
v 20.00000000 22.06631088 0.00000000
v 20.00000000 23.00000000 0.12439286
v 20.00000000 23.00000000 2.89317632
v 20.00000000 22.36478424 3.00000000
v 19.57930565 23.00000000 11.00000000
v 19.56156158 23.00000000 12.00000000
v 19.81780815 23.00000000 13.00000000
v 19.73880959 23.00000000 14.00000000
v 19.76780319 23.00000000 15.00000000
v 19.94541359 23.00000000 16.00000000
v 20.00000000 23.00000000 16.12378120
v 19.75555229 23.00000000 46.00000000
v 20.00000000 23.00000000 45.64749527
v 20.00000000 24.00000000 0.00747763
v 20.00000000 23.73690224 3.00000000
v 20.00000000 24.00000000 3.01837468
v 19.46573830 24.00000000 11.00000000
v 19.63415337 24.00000000 12.00000000
v 19.80611229 24.00000000 13.00000000
v 19.92612839 24.00000000 14.00000000
v 19.89526939 24.00000000 15.00000000
v 20.00000000 24.00000000 15.65023804
v 20.00000000 23.46736526 16.00000000
v 19.98754501 24.00000000 46.00000000
v 20.00000000 24.00000000 45.98429108
v 20.00000000 25.00000000 0.22765981
v 20.00000000 25.00000000 2.61026645
v 20.00000000 24.07139015 3.00000000
v 19.60340500 25.00000000 11.00000000
v 19.64451027 25.00000000 12.00000000
v 19.84664154 25.00000000 13.00000000
v 19.76349640 25.00000000 14.00000000
v 19.89538574 25.00000000 15.00000000
v 20.00000000 25.00000000 15.82342434
v 19.83503151 25.00000000 46.00000000
v 20.00000000 25.00000000 45.85845566
v 20.00000000 26.00000000 0.22794972
v 20.00000000 25.70381737 3.00000000
v 19.76450348 26.00000000 3.00000000
v 20.00000000 26.00000000 3.06712270
v 19.11496735 26.00000000 10.00000000
v 19.52910995 26.00000000 11.00000000
v 19.72717476 26.00000000 12.00000000
v 19.84113693 26.00000000 13.00000000
v 19.79796791 26.00000000 14.00000000
v 19.90540314 26.00000000 15.00000000
v 20.00000000 25.49671745 16.00000000
v 19.97688675 26.00000000 16.00000000
v 20.00000000 26.00000000 16.08877945
v 19.66753960 26.00000000 46.00000000
v 20.00000000 26.00000000 45.66663361
v 20.00000000 27.00000000 0.43603098
v 19.63687515 27.00000000 2.00000000
v 20.00000000 27.00000000 1.93509817
v 20.00000000 26.91009903 2.00000000
v 20.00000000 26.13334846 3.00000000
v 19.24456215 27.00000000 11.00000000
v 19.61333275 27.00000000 12.00000000
v 19.93983459 27.00000000 13.00000000
v 19.72568321 27.00000000 14.00000000
v 19.99037170 27.00000000 15.00000000
v 19.91300011 27.00000000 16.00000000
v 20.00000000 27.00000000 16.23803902
v 19.56985092 27.00000000 46.00000000
v 20.00000000 27.00000000 45.51040268
v 20.00000000 28.00000000 0.31594017
v 20.00000000 27.13696480 2.00000000
v 20.00000000 28.00000000 2.34484315
v 19.36713219 28.00000000 12.00000000
v 19.87218857 28.00000000 13.00000000
v 19.91193771 28.00000000 14.00000000
v 19.86537361 28.00000000 15.00000000
v 19.95147133 28.00000000 16.00000000
v 20.00000000 28.00000000 16.27818871
v 19.73525429 28.00000000 46.00000000
v 20.00000000 28.00000000 45.65422058
v 20.00000000 29.00000000 0.47889519
v 20.00000000 29.00000000 2.07188892
v 19.44003105 29.00000000 11.00000000
v 19.73989105 29.00000000 12.00000000
v 19.76647568 29.00000000 13.00000000
v 19.87021255 29.00000000 14.00000000
v 19.99488258 29.00000000 15.00000000
v 19.88239288 29.00000000 16.00000000
v 20.00000000 29.00000000 16.36615181
v 19.63145256 29.00000000 46.00000000
v 20.00000000 29.00000000 45.68919754
v 20.00000000 30.00000000 0.23542419
v 20.00000000 30.00000000 2.53853869
v 19.28372765 30.00000000 11.00000000
v 19.73356438 30.00000000 12.00000000
v 19.85796165 30.00000000 13.00000000
v 19.96541023 30.00000000 14.00000000
v 20.00000000 30.00000000 14.29534912
v 20.00000000 29.05796623 15.00000000
v 20.00000000 29.78277397 16.00000000
v 19.81686592 30.00000000 46.00000000
v 20.00000000 30.00000000 45.77735519
v 20.00000000 31.00000000 0.35549673
v 20.00000000 31.00000000 2.16706753
v 19.31508636 31.00000000 11.00000000
v 19.52973175 31.00000000 12.00000000
v 19.90682411 31.00000000 13.00000000
v 20.00000000 31.00000000 13.93407917
v 20.00000000 30.84536552 14.00000000
v 20.00000000 30.90978622 15.00000000
v 19.99168396 31.00000000 15.00000000
v 20.00000000 31.00000000 14.43604755
v 20.00000000 30.41690826 16.00000000
v 19.94448471 31.00000000 16.00000000
v 20.00000000 31.00000000 16.15854645
v 19.81209564 31.00000000 46.00000000
v 20.00000000 31.00000000 45.76029968
v 20.00000000 32.00000000 0.23359165
v 20.00000000 32.00000000 2.27122498
v 19.03748894 32.00000000 11.00000000
v 19.61517525 32.00000000 12.00000000
v 19.90243912 32.00000000 13.00000000
v 20.00000000 32.00000000 13.26095867
v 20.00000000 31.08779716 15.00000000
v 20.00000000 31.43189621 16.00000000
v 20.00000000 31.49338531 46.00000000
v 20.00000000 32.00000000 46.16608429
v 20.00000000 33.00000000 0.44023108
v 19.79432297 33.00000000 2.00000000
v 20.00000000 33.00000000 1.93289030
v 20.00000000 32.89223099 2.00000000
v 19.10840034 33.00000000 11.00000000
v 19.77727318 33.00000000 12.00000000
v 20.00000000 33.00000000 12.77734184
v 20.00000000 32.64523315 13.00000000
v 20.00000000 33.00000000 46.00291061
v 20.00000000 34.00000000 0.28376773
v 20.00000000 33.16213226 2.00000000
v 20.00000000 34.00000000 2.22171831
v 19.33326721 34.00000000 11.00000000
v 19.91729164 34.00000000 12.00000000
v 20.00000000 33.68783188 13.00000000
v 19.96718216 34.00000000 13.00000000
v 20.00000000 34.00000000 13.07652378
v 19.94723129 34.00000000 46.00000000
v 20.00000000 34.00000000 45.94342041
v 20.00000000 33.06694412 46.00000000
v 20.00000000 35.00000000 0.52766997
v 19.50594521 35.00000000 2.00000000
v 20.00000000 35.00000000 1.89050615
v 20.00000000 34.75874710 2.00000000
v 19.06082726 35.00000000 10.00000000
v 19.32229614 35.00000000 11.00000000
v 19.96697044 35.00000000 12.00000000
v 20.00000000 35.00000000 12.22389984
v 20.00000000 34.20174789 13.00000000
v 19.79192734 35.00000000 46.00000000
v 20.00000000 35.00000000 45.74840927
v 20.00000000 36.00000000 0.29246601
v 20.00000000 35.19347000 2.00000000
v 20.00000000 36.00000000 2.29637122
v 19.05517006 36.00000000 10.00000000
v 19.39541626 36.00000000 11.00000000
v 19.87250519 36.00000000 12.00000000
v 20.00000000 36.00000000 12.80147457
v 20.00000000 35.64608765 46.00000000
v 20.00000000 36.00000000 46.11338806
v 20.00000000 37.00000000 0.45864943
v 20.00000000 37.00000000 2.14406586
v 19.70022011 37.00000000 11.00000000
v 20.00000000 37.00000000 11.60232067
v 20.00000000 36.50434875 12.00000000
v 20.00000000 37.00000000 46.24879456
v 20.00000000 38.00000000 0.18379712
v 20.00000000 38.00000000 2.51152849
v 19.29789925 38.00000000 10.00000000
v 19.66725731 38.00000000 11.00000000
v 20.00000000 37.83359146 12.00000000
v 19.96913910 38.00000000 12.00000000
v 20.00000000 38.00000000 12.32626629
v 19.00914955 38.00000000 47.00000000
v 20.00000000 38.00000000 46.40579605
v 20.00000000 39.00000000 0.37704691
v 20.00000000 39.00000000 2.28690886
v 19.29102898 39.00000000 10.00000000
v 19.58942604 39.00000000 11.00000000
v 19.88456535 39.00000000 12.00000000
v 20.00000000 39.00000000 12.61101627
v 19.20281982 39.00000000 47.00000000
v 20.00000000 39.00000000 46.32304001
v 20.00000000 40.00000000 0.52210563
v 19.35126877 40.00000000 2.00000000
v 20.00000000 40.00000000 2.22887802
v 19.18043900 40.00000000 9.00000000
v 19.47579575 40.00000000 10.00000000
v 19.56060600 40.00000000 11.00000000
v 19.89010429 40.00000000 12.00000000
v 20.00000000 40.00000000 12.57161427
v 19.26193428 40.00000000 47.00000000
v 20.00000000 40.00000000 46.49991226
v 20.00000000 40.94022751 1.00000000
v 19.91346741 41.00000000 1.00000000
v 20.00000000 40.44808960 2.00000000
v 19.02474022 41.00000000 9.00000000
v 19.31063271 41.00000000 10.00000000
v 19.74069214 41.00000000 11.00000000
v 20.00000000 41.00000000 11.93066311
v 20.00000000 40.90367126 12.00000000
v 19.02444839 41.00000000 47.00000000
v 20.00000000 41.00000000 46.18033600
v 19.23517799 42.00000000 10.00000000
v 19.45116615 42.00000000 11.00000000
v 20.00000000 42.00000000 11.99870396
v 20.00000000 42.00000000 46.17945862
v 19.39900589 43.00000000 9.00000000
v 19.37151909 43.00000000 10.00000000
v 19.48762703 43.00000000 11.00000000
v 20.00000000 42.68624115 12.00000000
v 19.99966431 43.00000000 12.00000000
v 20.00000000 42.30817795 13.00000000
v 19.91555595 43.00000000 13.00000000
v 20.00000000 43.00000000 13.74706268
v 19.91014481 43.00000000 46.00000000
v 20.00000000 43.00000000 45.92431259
v 20.00000000 42.75198364 46.00000000
v 19.05496979 44.00000000 10.00000000
v 19.33885002 44.00000000 11.00000000
v 19.62983894 44.00000000 12.00000000
v 19.73900986 44.00000000 13.00000000
v 20.00000000 43.17092133 14.00000000
v 19.82752991 44.00000000 14.00000000
v 20.00000000 44.00000000 14.65763950
v 19.52359772 44.00000000 46.00000000
v 20.00000000 44.00000000 45.85824585
v 19.36476517 45.00000000 11.00000000
v 19.71536636 45.00000000 12.00000000
v 19.59577751 45.00000000 13.00000000
v 20.00000000 45.00000000 13.91734982
v 20.00000000 44.75183868 14.00000000
v 20.00000000 45.00000000 14.15976524
v 19.78042412 45.00000000 15.00000000
v 20.00000000 44.23070908 15.00000000
v 20.00000000 45.00000000 15.81368256
v 19.84829903 45.00000000 17.00000000
v 20.00000000 45.00000000 16.20562744
v 20.00000000 44.65109253 17.00000000
v 20.00000000 45.00000000 17.49326324
v 19.86987495 45.00000000 21.00000000
v 20.00000000 45.00000000 20.58997345
v 20.00000000 44.74304962 21.00000000
v 20.00000000 45.00000000 21.27755356
v 19.97387314 45.00000000 25.00000000
v 20.00000000 45.00000000 24.91829109
v 20.00000000 44.95021439 25.00000000
v 20.00000000 45.00000000 25.10430336
v 20.00000000 45.00000000 45.40692902
v 19.14093018 46.00000000 11.00000000
v 19.18064117 46.00000000 12.00000000
v 19.39919090 46.00000000 13.00000000
v 20.00000000 45.13685989 14.00000000
v 19.64980316 46.00000000 14.00000000
v 19.76675224 46.00000000 15.00000000
v 20.00000000 45.27355576 16.00000000
v 19.77009392 46.00000000 16.00000000
v 19.87887001 46.00000000 17.00000000
v 20.00000000 45.70172119 18.00000000
v 19.90417099 46.00000000 18.00000000
v 20.00000000 46.00000000 18.53536224
v 19.93424225 46.00000000 20.00000000
v 20.00000000 46.00000000 19.63030243
v 20.00000000 45.83033752 20.00000000
v 20.00000000 45.88139725 21.00000000
v 20.00000000 46.00000000 20.68601799
v 19.93080521 46.00000000 25.00000000
v 20.00000000 46.00000000 24.70297432
v 20.00000000 46.00000000 25.35055161
v 19.92668915 46.00000000 36.00000000
v 20.00000000 46.00000000 35.76408386
v 20.00000000 45.88883591 36.00000000
v 20.00000000 46.00000000 36.44786453
v 20.00000000 46.00000000 45.07339096
v 20.00000000 46.06359482 19.00000000
v 20.00000000 46.01488113 21.00000000
v 20.00000000 46.15333557 22.00000000
v 20.00000000 46.15871811 23.00000000
v 20.00000000 46.14258575 24.00000000
v 20.00000000 46.14468384 26.00000000
v 20.00000000 46.13066483 27.00000000
v 20.00000000 46.05897141 28.00000000
v 20.00000000 46.14637375 29.00000000
v 20.00000000 46.28954697 30.00000000
v 20.00000000 46.28208160 31.00000000
v 20.00000000 46.28709793 32.00000000
v 20.00000000 46.20991898 33.00000000
v 20.00000000 46.01993179 34.00000000
v 20.00000000 46.12429428 35.00000000
v 20.00000000 46.04624176 37.00000000
v 20.00000000 46.19744873 38.00000000
v 20.00000000 46.26685333 39.00000000
v 20.00000000 46.33723450 40.00000000
v 20.00000000 46.19891357 41.00000000
v 20.00000000 46.58104324 42.00000000
v 20.00000000 46.40685654 43.00000000
v 20.00000000 46.28395844 44.00000000
v 20.00000000 46.04051208 45.00000000
v 20.02720642 1.00000000 15.00000000
v 20.16118622 1.00000000 20.00000000
v 20.26608276 1.00000000 21.00000000
v 20.33289909 1.00000000 22.00000000
v 20.43361092 1.00000000 23.00000000
v 20.34107208 1.00000000 24.00000000
v 20.29927444 1.00000000 25.00000000
v 20.31754112 1.00000000 26.00000000
v 20.31047440 1.00000000 27.00000000
v 20.38643456 1.00000000 28.00000000
v 20.44220924 1.00000000 29.00000000
v 20.46957207 1.00000000 30.00000000
v 20.49055290 1.00000000 31.00000000
v 20.44258499 1.00000000 32.00000000
v 20.37243652 1.00000000 33.00000000
v 20.35935020 1.00000000 34.00000000
v 20.29101372 1.00000000 35.00000000
v 20.26162720 1.00000000 36.00000000
v 20.30934525 1.00000000 37.00000000
v 20.51050186 1.00000000 38.00000000
v 20.49877930 1.00000000 39.00000000
v 20.51998711 1.00000000 40.00000000
v 20.36854172 1.00000000 41.00000000
v 20.47886086 1.00000000 42.00000000
v 20.43584061 1.00000000 43.00000000
v 20.49199104 1.00000000 44.00000000
v 20.08385468 2.00000000 14.00000000
v 20.09425545 2.00000000 15.00000000
v 20.07206917 2.00000000 16.00000000
v 20.09961510 2.00000000 18.00000000
v 20.14842033 2.00000000 20.00000000
v 20.05846405 2.00000000 21.00000000
v 20.35187721 2.00000000 22.00000000
v 20.51744652 2.00000000 23.00000000
v 20.36464500 2.00000000 24.00000000
v 20.30301285 2.00000000 25.00000000
v 20.38903809 2.00000000 26.00000000
v 20.44773293 2.00000000 27.00000000
v 20.44627953 2.00000000 28.00000000
v 20.39826965 2.00000000 29.00000000
v 20.53350449 2.00000000 30.00000000
v 20.65374565 2.00000000 31.00000000
v 20.57701683 2.00000000 32.00000000
v 20.47558594 2.00000000 33.00000000
v 20.48582458 2.00000000 34.00000000
v 20.44436836 2.00000000 35.00000000
v 20.36593628 2.00000000 36.00000000
v 20.32043076 2.00000000 37.00000000
v 20.61178017 2.00000000 38.00000000
v 20.70672989 2.00000000 39.00000000
v 20.64528656 2.00000000 40.00000000
v 20.50795746 2.00000000 41.00000000
v 20.70204735 2.00000000 42.00000000
v 20.74111748 2.00000000 43.00000000
v 20.63517380 2.00000000 44.00000000
v 20.18012619 2.00000000 45.00000000
v 20.16973877 3.00000000 13.00000000
v 20.11047745 3.00000000 14.00000000
v 20.05823898 3.00000000 15.00000000
v 20.26591682 3.00000000 16.00000000
v 20.10762978 3.00000000 17.00000000
v 20.12675667 3.00000000 18.00000000
v 20.03814507 3.00000000 19.00000000
v 20.34603691 3.00000000 20.00000000
v 20.29765129 3.00000000 21.00000000
v 20.41658592 3.00000000 22.00000000
v 20.40850067 3.00000000 23.00000000
v 20.55760193 3.00000000 24.00000000
v 20.45277977 3.00000000 25.00000000
v 20.48185921 3.00000000 26.00000000
v 20.44542313 3.00000000 27.00000000
v 20.56664658 3.00000000 28.00000000
v 20.53059769 3.00000000 29.00000000
v 20.64389801 3.00000000 30.00000000
v 20.59737778 3.00000000 31.00000000
v 20.79168129 3.00000000 32.00000000
v 20.57927513 3.00000000 33.00000000
v 20.59901237 3.00000000 34.00000000
v 20.47095490 3.00000000 35.00000000
v 20.58303833 3.00000000 36.00000000
v 20.57077980 3.00000000 37.00000000
v 20.72665405 3.00000000 38.00000000
v 20.65000343 3.00000000 39.00000000
v 20.80975914 3.00000000 40.00000000
v 20.59645462 3.00000000 41.00000000
v 20.80440521 3.00000000 42.00000000
v 20.84514809 3.00000000 43.00000000
v 20.83246613 3.00000000 44.00000000
v 20.38102150 3.00000000 45.00000000
v 20.14410210 4.00000000 12.00000000
v 20.37243271 4.00000000 13.00000000
v 20.41565895 4.00000000 14.00000000
v 20.25793839 4.00000000 15.00000000
v 20.38682938 4.00000000 16.00000000
v 20.28524017 4.00000000 17.00000000
v 20.38139534 4.00000000 18.00000000
v 20.25983238 4.00000000 19.00000000
v 20.44033623 4.00000000 20.00000000
v 20.56896019 4.00000000 21.00000000
v 20.59713936 4.00000000 22.00000000
v 20.57334137 4.00000000 23.00000000
v 20.71293259 4.00000000 24.00000000
v 20.73426819 4.00000000 25.00000000
v 20.66685486 4.00000000 26.00000000
v 20.58027458 4.00000000 27.00000000
v 20.69548416 4.00000000 28.00000000
v 20.77727699 4.00000000 29.00000000
v 20.75393295 4.00000000 30.00000000
v 20.76985931 4.00000000 31.00000000
v 20.91730118 4.00000000 32.00000000
v 20.82177734 4.00000000 33.00000000
v 20.81190109 4.00000000 34.00000000
v 20.67131424 4.00000000 35.00000000
v 20.78411102 4.00000000 36.00000000
v 20.86690331 4.00000000 37.00000000
v 20.85364532 4.00000000 38.00000000
v 20.88039207 4.00000000 39.00000000
v 20.95614243 4.00000000 40.00000000
v 20.95076942 4.00000000 41.00000000
v 20.95517159 4.00000000 42.00000000
v 20.85969734 4.00000000 43.00000000
v 20.97827339 4.00000000 44.00000000
v 20.77350235 4.00000000 45.00000000
v 20.01996422 5.00000000 9.00000000
v 20.04519463 5.00000000 11.00000000
v 20.24659729 5.00000000 12.00000000
v 20.19037628 5.00000000 13.00000000
v 20.29725075 5.00000000 14.00000000
v 20.33430099 5.00000000 15.00000000
v 20.46473503 5.00000000 16.00000000
v 20.34899330 5.00000000 17.00000000
v 20.29573059 5.00000000 18.00000000
v 20.36054230 5.00000000 19.00000000
v 20.53454208 5.00000000 20.00000000
v 20.61877823 5.00000000 21.00000000
v 20.64479256 5.00000000 22.00000000
v 20.64027214 5.00000000 23.00000000
v 20.79227066 5.00000000 24.00000000
v 20.76756477 5.00000000 25.00000000
v 20.67203903 5.00000000 26.00000000
v 20.63149261 5.00000000 27.00000000
v 20.65788651 5.00000000 28.00000000
v 20.74656105 5.00000000 29.00000000
v 20.74712181 5.00000000 30.00000000
v 20.75341415 5.00000000 31.00000000
v 20.98074341 5.00000000 32.00000000
v 20.90653229 5.00000000 33.00000000
v 20.79523849 5.00000000 34.00000000
v 20.88901711 5.00000000 35.00000000
v 20.95868492 5.00000000 36.00000000
v 20.97114182 5.00000000 37.00000000
v 21.00000000 5.00000000 37.33638000
v 21.00000000 4.77369213 38.00000000
v 20.90567970 5.00000000 39.00000000
v 21.00000000 5.00000000 38.34167099
v 21.00000000 5.00000000 39.86867523
v 21.00000000 4.77520704 40.00000000
v 20.99950027 5.00000000 41.00000000
v 21.00000000 5.00000000 40.96674728
v 21.00000000 5.00000000 41.00989151
v 21.00000000 4.47970867 42.00000000
v 21.00000000 4.64876032 43.00000000
v 21.00000000 4.27088451 44.00000000
v 20.47751999 5.00000000 45.00000000
v 21.00000000 5.00000000 44.09546661
v 20.02597809 5.00000000 46.00000000
v 20.47957230 6.00000000 9.00000000
v 20.14139938 6.00000000 10.00000000
v 20.15476608 6.00000000 11.00000000
v 20.24475670 6.00000000 12.00000000
v 20.38067436 6.00000000 13.00000000
v 20.28984642 6.00000000 14.00000000
v 20.35140991 6.00000000 15.00000000
v 20.37815285 6.00000000 16.00000000
v 20.35582733 6.00000000 17.00000000
v 20.36138535 6.00000000 18.00000000
v 20.51532555 6.00000000 19.00000000
v 20.51470375 6.00000000 20.00000000
v 20.68268967 6.00000000 21.00000000
v 20.69616127 6.00000000 22.00000000
v 20.75885582 6.00000000 23.00000000
v 20.99607849 6.00000000 24.00000000
v 20.90132904 6.00000000 25.00000000
v 20.66183090 6.00000000 26.00000000
v 20.66736221 6.00000000 27.00000000
v 20.60391998 6.00000000 28.00000000
v 20.77830696 6.00000000 29.00000000
v 20.84135246 6.00000000 30.00000000
v 20.86331940 6.00000000 31.00000000
v 21.00000000 6.00000000 31.75319672
v 21.00000000 5.28550053 32.00000000
v 20.97646904 6.00000000 33.00000000
v 21.00000000 6.00000000 32.65998840
v 20.92121506 6.00000000 34.00000000
v 21.00000000 6.00000000 34.49280548
v 21.00000000 5.57452250 35.00000000
v 21.00000000 5.43272018 36.00000000
v 21.00000000 5.22624016 37.00000000
v 21.00000000 5.36271811 39.00000000
v 20.92361450 6.00000000 41.00000000
v 21.00000000 6.00000000 40.46183014
v 21.00000000 5.89873552 42.00000000
v 20.99460602 6.00000000 42.00000000
v 21.00000000 6.00000000 42.17677689
v 20.92641258 6.00000000 44.00000000
v 21.00000000 6.00000000 43.33459473
v 21.00000000 5.45657253 44.00000000
v 20.43485641 6.00000000 45.00000000
v 20.14423561 6.00000000 46.00000000
v 21.00000000 6.55195618 1.00000000
v 21.00000000 7.00000000 0.62946630
v 21.00000000 7.00000000 1.43942511
v 20.17854309 7.00000000 8.00000000
v 20.53716850 7.00000000 9.00000000
v 20.07816315 7.00000000 10.00000000
v 20.35366631 7.00000000 12.00000000
v 20.28321648 7.00000000 13.00000000
v 20.25920296 7.00000000 14.00000000
v 20.12220001 7.00000000 15.00000000
v 20.29921722 7.00000000 16.00000000
v 20.30965805 7.00000000 17.00000000
v 20.33433914 7.00000000 18.00000000
v 20.39263153 7.00000000 19.00000000
v 20.52210808 7.00000000 20.00000000
v 20.63365936 7.00000000 21.00000000
v 20.66878700 7.00000000 22.00000000
v 20.65560150 7.00000000 23.00000000
v 20.95366669 7.00000000 24.00000000
v 20.89203262 7.00000000 25.00000000
v 20.63407898 7.00000000 26.00000000
v 20.66880226 7.00000000 27.00000000
v 20.53094673 7.00000000 28.00000000
v 20.65568352 7.00000000 29.00000000
v 20.69939804 7.00000000 30.00000000
v 20.85043716 7.00000000 31.00000000
v 21.00000000 7.00000000 31.47596550
v 21.00000000 6.21107054 33.00000000
v 21.00000000 6.36220312 34.00000000
v 20.90740013 7.00000000 41.00000000
v 21.00000000 7.00000000 40.65435791
v 20.89937401 7.00000000 42.00000000
v 21.00000000 6.46154976 43.00000000
v 20.95407677 7.00000000 43.00000000
v 20.92771149 7.00000000 44.00000000
v 20.34921455 7.00000000 45.00000000
v 21.00000000 7.86118603 1.00000000
v 20.50774384 8.00000000 1.00000000
v 20.38242722 8.00000000 9.00000000
v 20.13611603 8.00000000 12.00000000
v 20.35263443 8.00000000 13.00000000
v 20.37434959 8.00000000 14.00000000
v 20.27188683 8.00000000 15.00000000
v 20.28464508 8.00000000 16.00000000
v 20.34526825 8.00000000 17.00000000
v 20.38027763 8.00000000 18.00000000
v 20.46097183 8.00000000 19.00000000
v 20.57238007 8.00000000 20.00000000
v 20.76019287 8.00000000 21.00000000
v 20.90788078 8.00000000 22.00000000
v 20.82504845 8.00000000 23.00000000
v 21.00000000 8.00000000 23.59606934
v 21.00000000 7.23064470 24.00000000
v 21.00000000 7.40807629 25.00000000
v 20.92664909 8.00000000 26.00000000
v 21.00000000 8.00000000 25.68820763
v 20.71337509 8.00000000 27.00000000
v 20.65019226 8.00000000 28.00000000
v 20.82030678 8.00000000 29.00000000
v 20.94364357 8.00000000 30.00000000
v 20.91164970 8.00000000 31.00000000
v 21.00000000 8.00000000 31.32048416
v 20.97701073 8.00000000 41.00000000
v 21.00000000 8.00000000 40.90950775
v 21.00000000 8.00000000 41.12131500
v 21.00000000 7.35896063 42.00000000
v 21.00000000 7.30916643 43.00000000
v 20.99390411 8.00000000 44.00000000
v 21.00000000 8.00000000 43.94419098
v 20.65358353 8.00000000 45.00000000
v 20.16122627 8.00000000 46.00000000
v 21.00000000 8.04760742 1.00000000
v 21.00000000 9.00000000 0.40264431
v 21.00000000 9.00000000 1.86939120
v 20.05599213 9.00000000 12.00000000
v 20.16399765 9.00000000 13.00000000
v 20.29977226 9.00000000 14.00000000
v 20.32159615 9.00000000 15.00000000
v 20.36526871 9.00000000 16.00000000
v 20.07988739 9.00000000 17.00000000
v 20.35191536 9.00000000 18.00000000
v 20.41829109 9.00000000 19.00000000
v 20.55471611 9.00000000 20.00000000
v 20.64880371 9.00000000 21.00000000
v 20.82696533 9.00000000 22.00000000
v 21.00000000 9.00000000 22.74852562
v 21.00000000 8.79185200 23.00000000
v 20.81971550 9.00000000 26.00000000
v 21.00000000 9.00000000 25.45256424
v 20.97961998 9.00000000 27.00000000
v 20.66942024 9.00000000 28.00000000
v 20.95634270 9.00000000 29.00000000
v 21.00000000 9.00000000 29.36897469
v 21.00000000 8.52934456 30.00000000
v 21.00000000 8.42245293 31.00000000
v 20.85482597 9.00000000 41.00000000
v 21.00000000 9.00000000 40.53555298
v 21.00000000 8.91624832 42.00000000
v 20.98371506 9.00000000 42.00000000
v 21.00000000 8.81129932 43.00000000
v 20.97998238 9.00000000 43.00000000
v 20.76158714 9.00000000 44.00000000
v 20.37189865 9.00000000 45.00000000
v 21.00000000 10.00000000 0.32079116
v 21.00000000 9.59414101 2.00000000
v 21.00000000 10.00000000 2.09077907
v 20.06370354 10.00000000 13.00000000
v 20.07518959 10.00000000 14.00000000
v 20.08830070 10.00000000 15.00000000
v 20.27705765 10.00000000 16.00000000
v 20.18297768 10.00000000 17.00000000
v 20.30132866 10.00000000 18.00000000
v 20.37155342 10.00000000 19.00000000
v 20.58659172 10.00000000 20.00000000
v 20.69498062 10.00000000 21.00000000
v 20.91928291 10.00000000 22.00000000
v 21.00000000 10.00000000 22.37373543
v 21.00000000 9.58516121 26.00000000
v 21.00000000 9.06346607 27.00000000
v 21.00000000 9.80533886 28.00000000
v 21.00000000 9.23811436 29.00000000
v 20.87980270 10.00000000 41.00000000
v 21.00000000 10.00000000 40.44134140
v 21.00000000 10.00000000 41.67149734
v 21.00000000 9.18462372 42.00000000
v 20.81866646 10.00000000 43.00000000
v 21.00000000 10.00000000 42.28299332
v 20.66615486 10.00000000 44.00000000
v 20.38325500 10.00000000 45.00000000
v 21.00000000 11.00000000 0.44528562
v 20.01886177 11.00000000 2.00000000
v 21.00000000 11.00000000 2.24015975
v 20.12789536 11.00000000 14.00000000
v 20.02893448 11.00000000 15.00000000
v 20.13694954 11.00000000 16.00000000
v 20.15655708 11.00000000 17.00000000
v 20.37696838 11.00000000 18.00000000
v 20.41718674 11.00000000 19.00000000
v 20.54873466 11.00000000 20.00000000
v 20.59462929 11.00000000 21.00000000
v 20.92725182 11.00000000 22.00000000
v 21.00000000 11.00000000 22.24479485
v 20.76795578 11.00000000 41.00000000
v 21.00000000 11.00000000 40.33930206
v 21.00000000 10.40563583 42.00000000
v 20.88339996 11.00000000 42.00000000
v 20.70737267 11.00000000 43.00000000
v 20.61132622 11.00000000 44.00000000
v 20.18103027 11.00000000 45.00000000
v 21.00000000 12.00000000 0.37417907
v 21.00000000 12.00000000 2.13948274
v 20.03138733 12.00000000 14.00000000
v 20.02084923 12.00000000 15.00000000
v 20.29963303 12.00000000 16.00000000
v 20.32873154 12.00000000 17.00000000
v 20.52123833 12.00000000 18.00000000
v 20.53826523 12.00000000 19.00000000
v 20.61087036 12.00000000 20.00000000
v 20.87007713 12.00000000 21.00000000
v 20.87467384 12.00000000 22.00000000
v 21.00000000 12.00000000 22.42728043
v 20.87252617 12.00000000 41.00000000
v 21.00000000 12.00000000 40.39301682
v 20.94842720 12.00000000 42.00000000
v 20.70263863 12.00000000 43.00000000
v 20.53793716 12.00000000 44.00000000
v 20.28583908 12.00000000 45.00000000
v 21.00000000 13.00000000 0.33609825
v 21.00000000 13.00000000 2.49365973
v 20.02453041 13.00000000 12.00000000
v 20.06870842 13.00000000 13.00000000
v 20.12189293 13.00000000 14.00000000
v 20.36987495 13.00000000 15.00000000
v 20.60393906 13.00000000 16.00000000
v 20.61106682 13.00000000 17.00000000
v 20.61973572 13.00000000 18.00000000
v 20.76203728 13.00000000 19.00000000
v 20.84278297 13.00000000 20.00000000
v 21.00000000 13.00000000 20.40841675
v 21.00000000 12.28354549 21.00000000
v 21.00000000 12.38973522 22.00000000
v 20.88373375 13.00000000 41.00000000
v 21.00000000 13.00000000 40.04568481
v 21.00000000 13.00000000 41.82252121
v 21.00000000 12.63799763 42.00000000
v 20.89378548 13.00000000 43.00000000
v 21.00000000 13.00000000 42.21096039
v 20.74994469 13.00000000 44.00000000
v 20.25070763 13.00000000 45.00000000
v 21.00000000 14.00000000 0.22729316
v 21.00000000 14.00000000 2.56906796
v 20.02393913 14.00000000 12.00000000
v 20.00063133 14.00000000 13.00000000
v 20.15974236 14.00000000 14.00000000
v 20.31669617 14.00000000 15.00000000
v 20.83747864 14.00000000 16.00000000
v 20.68276024 14.00000000 17.00000000
v 20.69641495 14.00000000 18.00000000
v 20.79820251 14.00000000 19.00000000
v 20.93919373 14.00000000 20.00000000
v 21.00000000 14.00000000 20.61750984
v 20.99005318 14.00000000 40.00000000
v 21.00000000 14.00000000 39.88220596
v 21.00000000 13.36021137 40.00000000
v 20.83172607 14.00000000 41.00000000
v 21.00000000 13.23518181 42.00000000
v 20.92422104 14.00000000 42.00000000
v 20.72846413 14.00000000 43.00000000
v 20.87649155 14.00000000 44.00000000
v 20.41465378 14.00000000 45.00000000
v 21.00000000 15.00000000 0.41027874
v 21.00000000 15.00000000 2.79341245
v 20.00917816 15.00000000 12.00000000
v 20.11172485 15.00000000 13.00000000
v 20.18377876 15.00000000 14.00000000
v 20.40206718 15.00000000 15.00000000
v 20.73264503 15.00000000 16.00000000
v 20.67344666 15.00000000 17.00000000
v 20.64172745 15.00000000 18.00000000
v 20.71648407 15.00000000 19.00000000
v 20.86533928 15.00000000 20.00000000
v 21.00000000 15.00000000 20.82766533
v 20.95888519 15.00000000 40.00000000
v 21.00000000 15.00000000 39.35207367
v 20.70532799 15.00000000 41.00000000
v 20.69303322 15.00000000 42.00000000
v 20.67516136 15.00000000 43.00000000
v 20.74865150 15.00000000 44.00000000
v 20.37817955 15.00000000 45.00000000
v 21.00000000 16.00000000 0.29837751
v 21.00000000 16.00000000 2.60682464
v 20.06048775 16.00000000 13.00000000
v 20.25841713 16.00000000 14.00000000
v 20.45402718 16.00000000 15.00000000
v 20.68691444 16.00000000 16.00000000
v 20.73987007 16.00000000 17.00000000
v 20.74707413 16.00000000 18.00000000
v 20.85245323 16.00000000 19.00000000
v 20.79406357 16.00000000 20.00000000
v 21.00000000 16.00000000 20.81346512
v 21.00000000 15.69451427 40.00000000
v 20.90843201 16.00000000 41.00000000
v 21.00000000 16.00000000 40.16750336
v 20.95181847 16.00000000 42.00000000
v 20.75908089 16.00000000 43.00000000
v 20.82357216 16.00000000 44.00000000
v 20.58218384 16.00000000 45.00000000
v 20.14989853 16.00000000 46.00000000
v 21.00000000 17.00000000 0.29139411
v 21.00000000 17.00000000 2.87839413
v 20.10833549 17.00000000 14.00000000
v 20.36280060 17.00000000 15.00000000
v 20.79629707 17.00000000 16.00000000
v 20.57356453 17.00000000 17.00000000
v 20.58905983 17.00000000 18.00000000
v 20.65405273 17.00000000 19.00000000
v 21.00000000 17.00000000 19.83578491
v 21.00000000 16.69474983 20.00000000
v 20.78880310 17.00000000 41.00000000
v 21.00000000 17.00000000 40.20730972
v 20.85403442 17.00000000 42.00000000
v 20.82278252 17.00000000 43.00000000
v 20.69582748 17.00000000 44.00000000
v 20.36705017 17.00000000 45.00000000
v 21.00000000 18.00000000 0.27874807
v 21.00000000 18.00000000 2.61086369
v 20.15119171 18.00000000 15.00000000
v 20.51330376 18.00000000 16.00000000
v 20.55799484 18.00000000 17.00000000
v 20.49732780 18.00000000 18.00000000
v 20.62483597 18.00000000 19.00000000
v 21.00000000 17.29281235 20.00000000
v 20.72175407 18.00000000 20.00000000
v 21.00000000 17.55806351 21.00000000
v 20.84881783 18.00000000 21.00000000
v 21.00000000 18.00000000 21.32218552
v 20.87684250 18.00000000 40.00000000
v 21.00000000 18.00000000 39.42081451
v 21.00000000 17.29656029 40.00000000
v 20.80164146 18.00000000 41.00000000
v 20.89216995 18.00000000 42.00000000
v 20.75830841 18.00000000 43.00000000
v 20.67442513 18.00000000 44.00000000
v 20.43815804 18.00000000 45.00000000
v 21.00000000 19.00000000 0.43288407
v 21.00000000 19.00000000 2.39976048
v 20.04330444 19.00000000 15.00000000
v 20.25901413 19.00000000 16.00000000
v 20.63043022 19.00000000 17.00000000
v 20.59162903 19.00000000 18.00000000
v 20.46208191 19.00000000 19.00000000
v 20.61407661 19.00000000 20.00000000
v 20.83856583 19.00000000 21.00000000
v 21.00000000 19.00000000 21.16442108
v 20.95532608 19.00000000 39.00000000
v 21.00000000 19.00000000 38.90510559
v 21.00000000 18.70970917 39.00000000
v 20.94101143 19.00000000 40.00000000
v 20.79387665 19.00000000 41.00000000
v 20.79368591 19.00000000 42.00000000
v 20.62388420 19.00000000 43.00000000
v 20.58198929 19.00000000 44.00000000
v 20.26773262 19.00000000 45.00000000
v 21.00000000 20.00000000 0.25177026
v 21.00000000 20.00000000 2.52129388
v 20.08890343 20.00000000 16.00000000
v 20.50216866 20.00000000 17.00000000
v 20.48406029 20.00000000 18.00000000
v 20.55982971 20.00000000 19.00000000
v 20.49611473 20.00000000 20.00000000
v 20.99129868 20.00000000 21.00000000
v 21.00000000 20.00000000 21.02425766
v 20.96537590 20.00000000 39.00000000
v 21.00000000 20.00000000 38.90735626
v 20.75689125 20.00000000 40.00000000
v 20.73979950 20.00000000 41.00000000
v 20.83880234 20.00000000 42.00000000
v 20.63199043 20.00000000 43.00000000
v 20.51061440 20.00000000 44.00000000
v 20.35366821 20.00000000 45.00000000
v 21.00000000 21.00000000 0.16966256
v 21.00000000 20.97275162 3.00000000
v 20.98401642 21.00000000 3.00000000
v 21.00000000 21.00000000 3.00687742
v 20.34722710 21.00000000 17.00000000
v 20.49616241 21.00000000 18.00000000
v 20.63465881 21.00000000 19.00000000
v 20.65890884 21.00000000 20.00000000
v 20.93470383 21.00000000 21.00000000
v 21.00000000 21.00000000 21.09913254
v 21.00000000 20.44589615 39.00000000
v 20.84852600 21.00000000 40.00000000
v 21.00000000 21.00000000 39.21474838
v 20.73497200 21.00000000 41.00000000
v 20.82450676 21.00000000 42.00000000
v 20.75595856 21.00000000 43.00000000
v 20.66838837 21.00000000 44.00000000
v 20.22779274 21.00000000 45.00000000
v 21.00000000 21.84035683 0.00000000
v 21.00000000 22.00000000 3.16075230
v 20.37311554 22.00000000 17.00000000
v 20.56205750 22.00000000 18.00000000
v 20.84271622 22.00000000 19.00000000
v 20.50283813 22.00000000 20.00000000
v 20.86411095 22.00000000 21.00000000
v 21.00000000 22.00000000 21.21467781
v 20.99916458 22.00000000 40.00000000
v 21.00000000 22.00000000 39.98948669
v 20.78909302 22.00000000 41.00000000
v 20.79671288 22.00000000 42.00000000
v 20.70351791 22.00000000 43.00000000
v 20.72107315 22.00000000 44.00000000
v 20.32966423 22.00000000 45.00000000
v 21.00000000 22.11725616 0.00000000
v 21.00000000 23.00000000 0.25826216
v 20.85218430 23.00000000 3.00000000
v 21.00000000 23.00000000 3.00869775
v 20.40397644 23.00000000 17.00000000
v 20.56196594 23.00000000 18.00000000
v 20.77432060 23.00000000 19.00000000
v 20.55186272 23.00000000 20.00000000
v 20.91627884 23.00000000 21.00000000
v 21.00000000 23.00000000 21.12666512
v 20.96817970 23.00000000 39.00000000
v 21.00000000 23.00000000 38.67839813
v 21.00000000 22.72931099 39.00000000
v 20.98708534 23.00000000 40.00000000
v 20.77546310 23.00000000 41.00000000
v 20.65647125 23.00000000 42.00000000
v 20.66469002 23.00000000 43.00000000
v 20.62957764 23.00000000 44.00000000
v 20.30768013 23.00000000 45.00000000
v 21.00000000 24.00000000 0.14530812
v 21.00000000 24.00000000 3.11295485
v 20.06048203 24.00000000 16.00000000
v 20.45512962 24.00000000 17.00000000
v 20.76823616 24.00000000 18.00000000
v 20.98169708 24.00000000 19.00000000
v 20.69848442 24.00000000 20.00000000
v 20.99001312 24.00000000 21.00000000
v 21.00000000 24.00000000 21.01620674
v 21.00000000 23.28338432 39.00000000
v 20.92458344 24.00000000 40.00000000
v 21.00000000 24.00000000 39.45712280
v 20.90131569 24.00000000 41.00000000
v 20.83645630 24.00000000 42.00000000
v 20.75470734 24.00000000 43.00000000
v 20.60427666 24.00000000 44.00000000
v 20.42526627 24.00000000 45.00000000
v 21.00000000 25.00000000 0.21164730
v 21.00000000 25.00000000 2.98937845
v 21.00000000 24.94814301 3.00000000
v 20.03628540 25.00000000 16.00000000
v 20.18714333 25.00000000 17.00000000
v 20.67377663 25.00000000 18.00000000
v 20.92987442 25.00000000 19.00000000
v 20.97872353 25.00000000 20.00000000
v 21.00000000 25.00000000 20.07069016
v 21.00000000 24.02833557 21.00000000
v 21.00000000 24.71602249 40.00000000
v 20.83098221 25.00000000 41.00000000
v 21.00000000 25.00000000 40.15213394
v 20.78165436 25.00000000 42.00000000
v 20.79122162 25.00000000 43.00000000
v 20.66029930 25.00000000 44.00000000
v 20.37547302 25.00000000 45.00000000
v 21.00000000 26.00000000 0.24475469
v 20.36336136 26.00000000 3.00000000
v 21.00000000 26.00000000 2.55748510
v 20.28655434 26.00000000 17.00000000
v 20.65955353 26.00000000 18.00000000
v 20.87721252 26.00000000 19.00000000
v 20.89764404 26.00000000 20.00000000
v 21.00000000 25.71578026 21.00000000
v 20.91740417 26.00000000 21.00000000
v 21.00000000 26.00000000 21.15772057
v 20.82284546 26.00000000 41.00000000
v 21.00000000 26.00000000 40.06602859
v 20.89289856 26.00000000 42.00000000
v 20.74654007 26.00000000 43.00000000
v 20.58979988 26.00000000 44.00000000
v 20.42930603 26.00000000 45.00000000
v 21.00000000 27.00000000 0.45301154
v 20.16939545 27.00000000 2.00000000
v 21.00000000 27.00000000 2.23652053
v 20.37828445 27.00000000 17.00000000
v 20.64241409 27.00000000 18.00000000
v 20.70779037 27.00000000 19.00000000
v 21.00000000 27.00000000 19.58263397
v 21.00000000 26.34072685 20.00000000
v 21.00000000 26.39397430 21.00000000
v 20.95830345 27.00000000 39.00000000
v 21.00000000 27.00000000 38.69766617
v 21.00000000 26.64619446 39.00000000
v 21.00000000 27.00000000 39.48019028
v 20.78410912 27.00000000 41.00000000
v 21.00000000 27.00000000 40.14524841
v 20.79523849 27.00000000 42.00000000
v 20.73404694 27.00000000 43.00000000
v 20.63473129 27.00000000 44.00000000
v 20.32869339 27.00000000 45.00000000
v 21.00000000 28.00000000 0.38423681
v 21.00000000 28.00000000 2.24390531
v 20.18094444 28.00000000 17.00000000
v 20.53505325 28.00000000 18.00000000
v 20.83930016 28.00000000 19.00000000
v 21.00000000 27.60964394 20.00000000
v 20.86850166 28.00000000 20.00000000
v 21.00000000 28.00000000 20.64377213
v 20.92358208 28.00000000 38.00000000
v 21.00000000 28.00000000 37.75737762
v 21.00000000 27.53405952 38.00000000
v 20.94081306 28.00000000 39.00000000
v 21.00000000 27.19807625 40.00000000
v 20.83626938 28.00000000 40.00000000
v 20.78713036 28.00000000 41.00000000
v 20.76471519 28.00000000 42.00000000
v 20.68731689 28.00000000 43.00000000
v 20.44357872 28.00000000 44.00000000
v 20.34629822 28.00000000 45.00000000
v 21.00000000 29.00000000 0.37594801
v 21.00000000 29.00000000 2.37356901
v 20.23744202 29.00000000 17.00000000
v 20.38348770 29.00000000 18.00000000
v 20.66467094 29.00000000 19.00000000
v 20.75980949 29.00000000 20.00000000
v 21.00000000 28.71674538 21.00000000
v 20.96926498 29.00000000 21.00000000
v 21.00000000 29.00000000 21.06994820
v 21.00000000 28.68968391 38.00000000
v 20.83074760 29.00000000 39.00000000
v 21.00000000 29.00000000 38.16387177
v 20.80342102 29.00000000 40.00000000
v 20.86020279 29.00000000 41.00000000
v 20.79235840 29.00000000 42.00000000
v 20.85827065 29.00000000 43.00000000
v 20.73059654 29.00000000 44.00000000
v 20.31422043 29.00000000 45.00000000
v 21.00000000 30.00000000 0.25959450
v 21.00000000 30.00000000 2.21019435
v 20.07825661 30.00000000 15.00000000
v 20.03890419 30.00000000 16.00000000
v 20.16394615 30.00000000 17.00000000
v 20.33546448 30.00000000 18.00000000
v 20.65413094 30.00000000 19.00000000
v 20.65798378 30.00000000 20.00000000
v 20.79891968 30.00000000 21.00000000
v 21.00000000 30.00000000 21.42255020
v 20.97742462 30.00000000 38.00000000
v 21.00000000 30.00000000 37.91747284
v 21.00000000 29.61961174 38.00000000
v 20.83000183 30.00000000 39.00000000
v 20.74094391 30.00000000 40.00000000
v 20.73152161 30.00000000 41.00000000
v 20.78302765 30.00000000 42.00000000
v 20.80308151 30.00000000 43.00000000
v 20.77396202 30.00000000 44.00000000
v 20.37435532 30.00000000 45.00000000
v 21.00000000 31.00000000 0.49277189
v 21.00000000 31.00000000 2.26773572
v 20.00701523 31.00000000 14.00000000
v 20.27657700 31.00000000 17.00000000
v 20.44536781 31.00000000 18.00000000
v 20.48036194 31.00000000 19.00000000
v 20.85916138 31.00000000 20.00000000
v 20.75792503 31.00000000 21.00000000
v 21.00000000 31.00000000 21.52178955
v 20.81973457 31.00000000 38.00000000
v 21.00000000 31.00000000 37.42010880
v 20.74683189 31.00000000 39.00000000
v 20.76210785 31.00000000 40.00000000
v 20.68344688 31.00000000 41.00000000
v 20.68503761 31.00000000 42.00000000
v 20.76931763 31.00000000 43.00000000
v 20.72857857 31.00000000 44.00000000
v 20.45183754 31.00000000 45.00000000
v 21.00000000 32.00000000 0.37769365
v 21.00000000 32.00000000 2.04713058
v 20.21875572 32.00000000 14.00000000
v 20.07628250 32.00000000 15.00000000
v 20.06593704 32.00000000 16.00000000
v 20.18325615 32.00000000 17.00000000
v 20.42706490 32.00000000 18.00000000
v 20.53713608 32.00000000 19.00000000
v 20.78219414 32.00000000 20.00000000
v 20.99802971 32.00000000 21.00000000
v 21.00000000 32.00000000 21.00641441
v 21.00000000 31.80175591 38.00000000
v 20.80770874 32.00000000 39.00000000
v 21.00000000 32.00000000 38.18468857
v 20.77420425 32.00000000 40.00000000
v 20.80006790 32.00000000 41.00000000
v 20.83338165 32.00000000 42.00000000
v 20.84222603 32.00000000 43.00000000
v 20.80613708 32.00000000 44.00000000
v 20.58818245 32.00000000 45.00000000
v 20.15832329 32.00000000 46.00000000
v 21.00000000 33.00000000 0.35063493
v 20.12892723 33.00000000 2.00000000
v 21.00000000 33.00000000 2.29178500
v 20.04819679 33.00000000 13.00000000
v 20.35511780 33.00000000 14.00000000
v 20.19200516 33.00000000 15.00000000
v 20.24200439 33.00000000 16.00000000
v 20.00282288 33.00000000 17.00000000
v 20.38286209 33.00000000 18.00000000
v 20.56387138 33.00000000 19.00000000
v 20.95011139 33.00000000 20.00000000
v 20.96705627 33.00000000 21.00000000
v 21.00000000 33.00000000 21.07476044
v 20.95458603 33.00000000 39.00000000
v 21.00000000 33.00000000 38.67422867
v 20.81119919 33.00000000 40.00000000
v 20.72142792 33.00000000 41.00000000
v 20.81028366 33.00000000 42.00000000
v 20.89467621 33.00000000 43.00000000
v 20.70214844 33.00000000 44.00000000
v 20.39759064 33.00000000 45.00000000
v 20.00286102 33.00000000 46.00000000
v 21.00000000 34.00000000 0.30668798
v 21.00000000 33.86309433 2.00000000
v 20.82823753 34.00000000 2.00000000
v 21.00000000 34.00000000 1.94958770
v 20.27976799 34.00000000 14.00000000
v 20.26857185 34.00000000 15.00000000
v 20.27324295 34.00000000 16.00000000
v 20.22283173 34.00000000 17.00000000
v 20.54045105 34.00000000 18.00000000
v 20.80264473 34.00000000 19.00000000
v 20.82105637 34.00000000 20.00000000
v 20.83910751 34.00000000 21.00000000
v 21.00000000 34.00000000 21.67303658
v 20.97170639 34.00000000 39.00000000
v 21.00000000 34.00000000 38.80209732
v 20.80105782 34.00000000 40.00000000
v 20.80134392 34.00000000 41.00000000
v 20.83582497 34.00000000 42.00000000
v 20.88843727 34.00000000 43.00000000
v 20.65633011 34.00000000 44.00000000
v 20.50357246 34.00000000 45.00000000
v 21.00000000 35.00000000 0.47824445
v 20.25672531 35.00000000 2.00000000
v 21.00000000 34.18385696 2.00000000
v 21.00000000 35.00000000 2.23682165
v 20.06611824 35.00000000 13.00000000
v 20.27465820 35.00000000 14.00000000
v 20.35083008 35.00000000 15.00000000
v 20.34246445 35.00000000 16.00000000
v 20.43291283 35.00000000 17.00000000
v 20.65724182 35.00000000 18.00000000
v 20.63413239 35.00000000 19.00000000
v 21.00000000 35.00000000 19.97040367
v 21.00000000 34.92500305 20.00000000
v 20.83390236 35.00000000 21.00000000
v 21.00000000 35.00000000 20.07738495
v 21.00000000 35.00000000 21.65948486
v 20.91572762 35.00000000 39.00000000
v 21.00000000 35.00000000 38.09402466
v 20.89066124 35.00000000 40.00000000
v 20.82361031 35.00000000 41.00000000
v 20.82532883 35.00000000 42.00000000
v 20.80004120 35.00000000 43.00000000
v 20.69009972 35.00000000 44.00000000
v 20.40587425 35.00000000 45.00000000
v 21.00000000 36.00000000 0.30625522
v 21.00000000 36.00000000 2.36464787
v 20.03415489 36.00000000 13.00000000
v 20.23785591 36.00000000 14.00000000
v 20.29794693 36.00000000 15.00000000
v 20.36410904 36.00000000 16.00000000
v 20.41091156 36.00000000 17.00000000
v 20.60570908 36.00000000 18.00000000
v 20.83882904 36.00000000 19.00000000
v 21.00000000 35.10021210 20.00000000
v 20.87453079 36.00000000 20.00000000
v 20.86783600 36.00000000 21.00000000
v 21.00000000 35.33989334 22.00000000
v 20.85260391 36.00000000 22.00000000
v 21.00000000 36.00000000 22.43093681
v 20.90424538 36.00000000 39.00000000
v 21.00000000 36.00000000 38.03319931
v 20.86788368 36.00000000 40.00000000
v 20.84915352 36.00000000 41.00000000
v 20.95509911 36.00000000 42.00000000
v 20.86251068 36.00000000 43.00000000
v 20.75254250 36.00000000 44.00000000
v 20.60273170 36.00000000 45.00000000
v 20.10475540 36.00000000 46.00000000
v 21.00000000 37.00000000 0.30574611
v 21.00000000 37.00000000 2.52773142
v 20.10113144 37.00000000 12.00000000
v 20.08343315 37.00000000 13.00000000
v 20.33099556 37.00000000 14.00000000
v 20.45752907 37.00000000 15.00000000
v 20.64829063 37.00000000 16.00000000
v 20.44333839 37.00000000 17.00000000
v 20.68538857 37.00000000 18.00000000
v 20.69534111 37.00000000 19.00000000
v 20.86842346 37.00000000 20.00000000
v 20.84178925 37.00000000 21.00000000
v 21.00000000 37.00000000 21.95936012
v 21.00000000 36.96824646 22.00000000
v 21.00000000 36.48763657 39.00000000
v 20.98662758 37.00000000 40.00000000
v 21.00000000 37.00000000 39.88127899
v 20.97183800 37.00000000 41.00000000
v 21.00000000 37.00000000 41.16324234
v 21.00000000 36.27272034 42.00000000
v 21.00000000 36.43649673 43.00000000
v 21.00000000 36.84455490 44.00000000
v 20.56490135 37.00000000 45.00000000
v 21.00000000 37.00000000 44.09512329
v 20.21185112 37.00000000 46.00000000
v 21.00000000 38.00000000 0.14293022
v 21.00000000 38.00000000 2.54915833
v 20.04957008 38.00000000 13.00000000
v 20.28779984 38.00000000 14.00000000
v 20.37582207 38.00000000 15.00000000
v 20.60288620 38.00000000 16.00000000
v 20.53806305 38.00000000 17.00000000
v 20.70042801 38.00000000 18.00000000
v 20.79821777 38.00000000 19.00000000
v 20.79341698 38.00000000 20.00000000
v 20.71936035 38.00000000 21.00000000
v 21.00000000 38.00000000 21.81633186
v 21.00000000 37.43395615 40.00000000
v 20.90957642 38.00000000 41.00000000
v 21.00000000 38.00000000 40.14662170
v 21.00000000 37.62495041 42.00000000
v 20.92866325 38.00000000 42.00000000
v 21.00000000 37.76416016 43.00000000
v 20.94644547 38.00000000 43.00000000
v 21.00000000 38.00000000 43.33296967
v 20.69885826 38.00000000 45.00000000
v 21.00000000 38.00000000 44.33477783
v 20.40345764 38.00000000 46.00000000
v 21.00000000 39.00000000 0.74570310
v 21.00000000 39.00000000 2.45986819
v 20.05217361 39.00000000 13.00000000
v 20.16546822 39.00000000 14.00000000
v 20.20804787 39.00000000 15.00000000
v 20.54317093 39.00000000 16.00000000
v 20.53926659 39.00000000 17.00000000
v 20.53053093 39.00000000 18.00000000
v 20.59141159 39.00000000 19.00000000
v 20.88848114 39.00000000 20.00000000
v 20.57269096 39.00000000 21.00000000
v 21.00000000 38.17335129 22.00000000
v 20.71198654 39.00000000 22.00000000
v 21.00000000 38.12254333 23.00000000
v 20.67883682 39.00000000 23.00000000
v 21.00000000 39.00000000 23.79357147
v 20.84794044 39.00000000 25.00000000
v 21.00000000 39.00000000 24.34945488
v 21.00000000 38.60354996 25.00000000
v 21.00000000 38.62143707 26.00000000
v 20.79496002 39.00000000 26.00000000
v 21.00000000 38.70186234 27.00000000
v 20.79697227 39.00000000 27.00000000
v 21.00000000 39.00000000 27.82482338
v 20.93195724 39.00000000 29.00000000
v 21.00000000 39.00000000 28.42895699
v 21.00000000 38.88373184 29.00000000
v 21.00000000 39.00000000 29.16947937
v 20.92043114 39.00000000 41.00000000
v 21.00000000 39.00000000 40.70764542
v 20.95849419 39.00000000 42.00000000
v 21.00000000 39.00000000 42.79541397
v 21.00000000 38.86683273 43.00000000
v 20.70836067 39.00000000 45.00000000
v 21.00000000 39.00000000 44.24736404
v 20.30374908 39.00000000 46.00000000
v 21.00000000 40.00000000 0.65879786
v 21.00000000 40.00000000 2.18406367
v 20.09150696 40.00000000 13.00000000
v 20.20256996 40.00000000 14.00000000
v 20.27734375 40.00000000 15.00000000
v 20.49722672 40.00000000 16.00000000
v 20.54184723 40.00000000 17.00000000
v 20.64586830 40.00000000 18.00000000
v 20.63174820 40.00000000 19.00000000
v 20.76231575 40.00000000 20.00000000
v 20.74847794 40.00000000 21.00000000
v 20.77994156 40.00000000 22.00000000
v 20.79396439 40.00000000 23.00000000
v 21.00000000 39.64592361 24.00000000
v 20.95362473 40.00000000 24.00000000
v 21.00000000 39.80218506 25.00000000
v 21.00000000 40.00000000 24.54423714
v 20.91118050 40.00000000 26.00000000
v 21.00000000 40.00000000 25.27912712
v 20.88267517 40.00000000 27.00000000
v 21.00000000 40.00000000 27.92818451
v 21.00000000 39.25563812 29.00000000
v 20.99353981 40.00000000 31.00000000
v 21.00000000 40.00000000 30.44124985
v 21.00000000 39.81219864 31.00000000
v 21.00000000 40.00000000 31.02757645
v 20.95838165 40.00000000 39.00000000
v 21.00000000 40.00000000 38.79953003
v 21.00000000 39.30566406 39.00000000
v 21.00000000 40.00000000 39.31473923
v 20.98978806 40.00000000 41.00000000
v 21.00000000 40.00000000 40.90113449
v 21.00000000 40.00000000 41.24581909
v 21.00000000 39.53351212 42.00000000
v 20.91367149 40.00000000 45.00000000
v 21.00000000 40.00000000 44.38642883
v 20.52844620 40.00000000 46.00000000
v 20.48560143 41.00000000 1.00000000
v 21.00000000 41.00000000 0.97122651
v 20.98290634 41.00000000 2.00000000
v 21.00000000 41.00000000 2.00575042
v 20.01218796 41.00000000 12.00000000
v 20.06283379 41.00000000 13.00000000
v 20.23405838 41.00000000 14.00000000
v 20.29228020 41.00000000 15.00000000
v 20.50327301 41.00000000 16.00000000
v 20.45703506 41.00000000 17.00000000
v 20.56364632 41.00000000 18.00000000
v 20.56943893 41.00000000 19.00000000
v 20.79798126 41.00000000 20.00000000
v 20.62627792 41.00000000 21.00000000
v 20.91898346 41.00000000 22.00000000
v 20.80261803 41.00000000 23.00000000
v 20.92878914 41.00000000 24.00000000
v 21.00000000 40.08933258 25.00000000
v 20.68033028 41.00000000 25.00000000
v 20.82467270 41.00000000 26.00000000
v 20.66099548 41.00000000 27.00000000
v 21.00000000 40.31317520 28.00000000
v 20.97841644 41.00000000 28.00000000
v 21.00000000 40.71809769 29.00000000
v 20.93373108 41.00000000 29.00000000
v 21.00000000 41.00000000 29.44297028
v 20.87616158 41.00000000 31.00000000
v 21.00000000 41.00000000 30.31760216
v 21.00000000 41.00000000 31.40498543
v 20.99852180 41.00000000 39.00000000
v 21.00000000 41.00000000 38.99235535
v 21.00000000 41.00000000 39.06390762
v 20.81042671 41.00000000 41.00000000
v 21.00000000 41.00000000 40.09182739
v 21.00000000 40.32254028 42.00000000
v 20.93294525 41.00000000 42.00000000
v 21.00000000 41.00000000 42.46258163
v 20.66341019 41.00000000 45.00000000
v 21.00000000 41.00000000 44.04301071
v 20.19471550 41.00000000 46.00000000
v 21.00000000 41.06072235 1.00000000
v 21.00000000 41.01242828 2.00000000
v 20.00045013 42.00000000 12.00000000
v 20.02840805 42.00000000 13.00000000
v 20.13216400 42.00000000 14.00000000
v 20.16708565 42.00000000 15.00000000
v 20.47862434 42.00000000 16.00000000
v 20.42635155 42.00000000 17.00000000
v 20.55661011 42.00000000 18.00000000
v 20.54117966 42.00000000 19.00000000
v 20.60755348 42.00000000 20.00000000
v 20.53068161 42.00000000 21.00000000
v 20.72431183 42.00000000 22.00000000
v 20.64130974 42.00000000 23.00000000
v 20.73316956 42.00000000 24.00000000
v 20.65021324 42.00000000 25.00000000
v 20.64166451 42.00000000 26.00000000
v 20.54890633 42.00000000 27.00000000
v 20.68140221 42.00000000 28.00000000
v 20.73105240 42.00000000 29.00000000
v 21.00000000 41.24526215 30.00000000
v 20.79553795 42.00000000 30.00000000
v 20.69612694 42.00000000 31.00000000
v 21.00000000 41.72866058 32.00000000
v 20.93449402 42.00000000 32.00000000
v 21.00000000 41.09869385 33.00000000
v 20.84228325 42.00000000 33.00000000
v 21.00000000 42.00000000 33.58942413
v 20.92384529 42.00000000 35.00000000
v 21.00000000 42.00000000 34.64952850
v 21.00000000 41.39301300 35.00000000
v 21.00000000 41.51561356 36.00000000
v 20.86585236 42.00000000 36.00000000
v 21.00000000 41.39263153 37.00000000
v 20.81181145 42.00000000 37.00000000
v 21.00000000 41.86659622 38.00000000
v 20.96917343 42.00000000 38.00000000
v 20.83459091 42.00000000 39.00000000
v 21.00000000 41.10566330 40.00000000
v 20.85832787 42.00000000 40.00000000
v 20.76985741 42.00000000 41.00000000
v 20.95912933 42.00000000 42.00000000
v 21.00000000 41.37738800 43.00000000
v 20.85621071 42.00000000 43.00000000
v 21.00000000 42.00000000 43.85757065
v 20.78313255 42.00000000 45.00000000
v 21.00000000 42.00000000 44.10381317
v 20.15900421 42.00000000 46.00000000
v 20.02333069 43.00000000 14.00000000
v 20.12896347 43.00000000 15.00000000
v 20.31928444 43.00000000 16.00000000
v 20.40356255 43.00000000 17.00000000
v 20.45232582 43.00000000 18.00000000
v 20.36146164 43.00000000 19.00000000
v 20.49852562 43.00000000 20.00000000
v 20.41268539 43.00000000 21.00000000
v 20.63183975 43.00000000 22.00000000
v 20.53498077 43.00000000 23.00000000
v 20.69448280 43.00000000 24.00000000
v 20.58589363 43.00000000 25.00000000
v 20.56283569 43.00000000 26.00000000
v 20.45199966 43.00000000 27.00000000
v 20.56040382 43.00000000 28.00000000
v 20.55877686 43.00000000 29.00000000
v 20.69051552 43.00000000 30.00000000
v 20.64859772 43.00000000 31.00000000
v 20.83633041 43.00000000 32.00000000
v 20.68989182 43.00000000 33.00000000
v 21.00000000 42.50880051 34.00000000
v 20.86293602 43.00000000 34.00000000
v 20.68580818 43.00000000 35.00000000
v 20.77342415 43.00000000 36.00000000
v 20.64993858 43.00000000 37.00000000
v 20.86725044 43.00000000 38.00000000
v 20.69651222 43.00000000 39.00000000
v 20.79518127 43.00000000 40.00000000
v 20.61579514 43.00000000 41.00000000
v 20.82324028 43.00000000 42.00000000
v 20.78104019 43.00000000 43.00000000
v 21.00000000 42.08703995 44.00000000
v 20.76690102 43.00000000 44.00000000
v 20.45691299 43.00000000 45.00000000
v 20.04451561 44.00000000 15.00000000
v 20.09625053 44.00000000 16.00000000
v 20.25533867 44.00000000 17.00000000
v 20.24321938 44.00000000 18.00000000
v 20.23795319 44.00000000 19.00000000
v 20.12943268 44.00000000 20.00000000
v 20.27682686 44.00000000 21.00000000
v 20.29845810 44.00000000 22.00000000
v 20.38813591 44.00000000 23.00000000
v 20.33633804 44.00000000 24.00000000
v 20.40678024 44.00000000 25.00000000
v 20.35601616 44.00000000 26.00000000
v 20.34810257 44.00000000 27.00000000
v 20.26345444 44.00000000 28.00000000
v 20.41470528 44.00000000 29.00000000
v 20.44987297 44.00000000 30.00000000
v 20.57067490 44.00000000 31.00000000
v 20.59646797 44.00000000 32.00000000
v 20.64482498 44.00000000 33.00000000
v 20.62027359 44.00000000 34.00000000
v 20.65054893 44.00000000 35.00000000
v 20.47825432 44.00000000 36.00000000
v 20.54718208 44.00000000 37.00000000
v 20.52268600 44.00000000 38.00000000
v 20.58582115 44.00000000 39.00000000
v 20.52165604 44.00000000 40.00000000
v 20.52470589 44.00000000 41.00000000
v 20.69721794 44.00000000 42.00000000
v 20.74322128 44.00000000 43.00000000
v 20.72199249 44.00000000 44.00000000
v 20.60968590 44.00000000 45.00000000
v 20.02930450 45.00000000 14.00000000
v 20.04104805 45.00000000 16.00000000
v 20.14093781 45.00000000 18.00000000
v 20.05562401 45.00000000 19.00000000
v 20.14622116 45.00000000 20.00000000
v 20.27374840 45.00000000 22.00000000
v 20.05679131 45.00000000 23.00000000
v 20.24417114 45.00000000 24.00000000
v 20.18432426 45.00000000 26.00000000
v 20.14981079 45.00000000 27.00000000
v 20.21315765 45.00000000 28.00000000
v 20.01054001 45.00000000 29.00000000
v 20.37278748 45.00000000 30.00000000
v 20.37447739 45.00000000 31.00000000
v 20.52990532 45.00000000 32.00000000
v 20.34520531 45.00000000 33.00000000
v 20.40498734 45.00000000 34.00000000
v 20.30283737 45.00000000 35.00000000
v 20.34316254 45.00000000 36.00000000
v 20.22288895 45.00000000 37.00000000
v 20.42329407 45.00000000 38.00000000
v 20.41936493 45.00000000 39.00000000
v 20.50692177 45.00000000 40.00000000
v 20.27511024 45.00000000 41.00000000
v 20.59680367 45.00000000 42.00000000
v 20.73713303 45.00000000 43.00000000
v 20.81601143 45.00000000 44.00000000
v 20.30339432 45.00000000 45.00000000
v 20.04717064 46.00000000 19.00000000
v 20.01241875 46.00000000 21.00000000
v 20.10441971 46.00000000 22.00000000
v 20.13276100 46.00000000 23.00000000
v 20.10538864 46.00000000 24.00000000
v 20.07480240 46.00000000 26.00000000
v 20.09519577 46.00000000 27.00000000
v 20.04234123 46.00000000 28.00000000
v 20.12831116 46.00000000 29.00000000
v 20.20344734 46.00000000 30.00000000
v 20.23996925 46.00000000 31.00000000
v 20.22649193 46.00000000 32.00000000
v 20.18486977 46.00000000 33.00000000
v 20.01507568 46.00000000 34.00000000
v 20.12734985 46.00000000 35.00000000
v 20.04862785 46.00000000 37.00000000
v 20.16168022 46.00000000 38.00000000
v 20.25903511 46.00000000 39.00000000
v 20.28279877 46.00000000 40.00000000
v 20.16502380 46.00000000 41.00000000
v 20.40006065 46.00000000 42.00000000
v 20.34177589 46.00000000 43.00000000
v 20.34357643 46.00000000 44.00000000
v 20.05391884 46.00000000 45.00000000
v 21.04000282 5.00000000 38.00000000
v 21.01084518 5.00000000 40.00000000
v 21.03724289 5.00000000 42.00000000
v 21.06347656 5.00000000 43.00000000
v 21.03857422 5.00000000 44.00000000
v 21.95136833 6.00000000 1.00000000
v 22.00000000 5.98428440 1.00000000
v 22.00000000 6.00000000 0.95661825
v 22.00000000 6.00000000 1.03784978
v 21.04393959 6.00000000 32.00000000
v 21.06150627 6.00000000 35.00000000
v 21.05682182 6.00000000 36.00000000
v 21.07961082 6.00000000 37.00000000
v 21.11884880 6.00000000 38.00000000
v 21.13023186 6.00000000 39.00000000
v 21.06098557 6.00000000 40.00000000
v 21.02255058 6.00000000 43.00000000
v 22.00000000 7.00000000 0.36642122
v 22.00000000 7.00000000 1.59207809
v 21.11745071 7.00000000 32.00000000
v 21.06908226 7.00000000 33.00000000
v 21.11768341 7.00000000 34.00000000
v 21.03565979 7.00000000 35.00000000
v 21.16278458 7.00000000 36.00000000
v 21.10409927 7.00000000 37.00000000
v 21.10222816 7.00000000 38.00000000
v 21.09664154 7.00000000 39.00000000
v 21.13752174 7.00000000 40.00000000
v 21.20083618 8.00000000 1.00000000
v 22.00000000 8.00000000 0.69125348
v 22.00000000 8.00000000 1.58275163
v 21.12948799 8.00000000 24.00000000
v 21.12362289 8.00000000 25.00000000
v 21.17796707 8.00000000 32.00000000
v 21.18295670 8.00000000 33.00000000
v 21.24270439 8.00000000 34.00000000
v 21.08321190 8.00000000 35.00000000
v 21.24404716 8.00000000 36.00000000
v 21.25264549 8.00000000 37.00000000
v 21.27262306 8.00000000 38.00000000
v 21.14858246 8.00000000 39.00000000
v 21.19058037 8.00000000 40.00000000
v 21.12899971 8.00000000 42.00000000
v 21.06443787 8.00000000 43.00000000
v 22.00000000 9.00000000 0.41830280
v 21.59580231 9.00000000 2.00000000
v 22.00000000 8.58287811 2.00000000
v 22.00000000 9.00000000 2.06328321
v 21.03798866 9.00000000 23.00000000
v 21.22918701 9.00000000 24.00000000
v 21.14406204 9.00000000 25.00000000
v 21.05935860 9.00000000 30.00000000
v 21.10677338 9.00000000 31.00000000
v 21.26545906 9.00000000 32.00000000
v 21.28453064 9.00000000 33.00000000
v 21.27705956 9.00000000 34.00000000
v 21.31987762 9.00000000 35.00000000
v 21.31170464 9.00000000 36.00000000
v 21.15030098 9.00000000 37.00000000
v 21.29508209 9.00000000 38.00000000
v 21.18872643 9.00000000 39.00000000
v 21.13264656 9.00000000 40.00000000
v 22.00000000 10.00000000 0.10572870
v 22.00000000 10.00000000 2.15660620
v 21.10937500 10.00000000 23.00000000
v 21.31632805 10.00000000 24.00000000
v 21.22221565 10.00000000 25.00000000
v 21.21106529 10.00000000 26.00000000
v 21.31096458 10.00000000 27.00000000
v 21.09391212 10.00000000 28.00000000
v 21.10314178 10.00000000 29.00000000
v 21.19221878 10.00000000 30.00000000
v 21.28759003 10.00000000 31.00000000
v 21.37750244 10.00000000 32.00000000
v 21.42714691 10.00000000 33.00000000
v 21.37690735 10.00000000 34.00000000
v 21.41476631 10.00000000 35.00000000
v 21.48447418 10.00000000 36.00000000
v 21.31180000 10.00000000 37.00000000
v 21.30118752 10.00000000 38.00000000
v 21.21398735 10.00000000 39.00000000
v 21.09225655 10.00000000 40.00000000
v 21.05148506 10.00000000 42.00000000
v 22.00000000 11.00000000 0.17974353
v 22.00000000 11.00000000 2.31563640
v 21.23576355 11.00000000 23.00000000
v 21.54967880 11.00000000 24.00000000
v 21.42642593 11.00000000 25.00000000
v 21.42108536 11.00000000 26.00000000
v 21.48344612 11.00000000 27.00000000
v 21.19634819 11.00000000 28.00000000
v 21.25933266 11.00000000 29.00000000
v 21.35529327 11.00000000 30.00000000
v 21.28528214 11.00000000 31.00000000
v 21.54449081 11.00000000 32.00000000
v 21.76602364 11.00000000 33.00000000
v 21.66255569 11.00000000 34.00000000
v 21.59703255 11.00000000 35.00000000
v 21.54136086 11.00000000 36.00000000
v 21.22189331 11.00000000 37.00000000
v 21.20473671 11.00000000 38.00000000
v 21.14353752 11.00000000 39.00000000
v 21.10265350 11.00000000 40.00000000
v 22.00000000 12.00000000 0.14655599
v 22.00000000 12.00000000 2.35939765
v 21.18752861 12.00000000 23.00000000
v 21.66800880 12.00000000 24.00000000
v 21.77816582 12.00000000 25.00000000
v 21.68192673 12.00000000 26.00000000
v 21.81653214 12.00000000 27.00000000
v 21.57480621 12.00000000 28.00000000
v 21.49971962 12.00000000 29.00000000
v 21.46853256 12.00000000 30.00000000
v 21.57773209 12.00000000 31.00000000
v 21.69452477 12.00000000 32.00000000
v 21.98961067 12.00000000 33.00000000
v 21.78310776 12.00000000 34.00000000
v 21.73135185 12.00000000 35.00000000
v 21.66744614 12.00000000 36.00000000
v 21.38053894 12.00000000 37.00000000
v 21.15628624 12.00000000 38.00000000
v 21.13769531 12.00000000 39.00000000
v 21.07260513 12.00000000 40.00000000
v 22.00000000 13.00000000 0.27407935
v 22.00000000 13.00000000 2.22954965
v 21.23930740 13.00000000 21.00000000
v 21.24972343 13.00000000 22.00000000
v 21.47108841 13.00000000 23.00000000
v 21.89833450 13.00000000 24.00000000
v 21.97136879 13.00000000 25.00000000
v 22.00000000 13.00000000 25.09155655
v 22.00000000 12.44569778 26.00000000
v 22.00000000 12.35557556 27.00000000
v 22.00000000 12.50099659 28.00000000
v 22.00000000 12.46570492 29.00000000
v 22.00000000 12.56596851 30.00000000
v 22.00000000 12.85902691 31.00000000
v 22.00000000 12.49308014 32.00000000
v 22.00000000 12.02467442 33.00000000
v 22.00000000 12.92283916 34.00000000
v 21.91803360 13.00000000 35.00000000
v 22.00000000 13.00000000 34.16228867
v 21.78075218 13.00000000 36.00000000
v 21.52814674 13.00000000 37.00000000
v 21.32701683 13.00000000 38.00000000
v 21.03157806 13.00000000 39.00000000
v 21.00482941 13.00000000 40.00000000
v 21.01894760 13.00000000 42.00000000
v 22.00000000 14.00000000 0.13975099
v 22.00000000 14.00000000 2.56601000
v 21.04951477 14.00000000 21.00000000
v 21.35467339 14.00000000 22.00000000
v 21.47315025 14.00000000 23.00000000
v 22.00000000 14.00000000 23.45618629
v 22.00000000 13.20253658 24.00000000
v 22.00000000 13.09016132 25.00000000
v 22.00000000 13.62321568 35.00000000
v 21.90576363 14.00000000 36.00000000
v 22.00000000 14.00000000 35.33583450
v 21.63853073 14.00000000 37.00000000
v 21.33197784 14.00000000 38.00000000
v 21.07275009 14.00000000 39.00000000
v 22.00000000 15.00000000 0.23939940
v 22.00000000 15.00000000 2.26360917
v 21.03900146 15.00000000 21.00000000
v 21.44677162 15.00000000 22.00000000
v 21.77704430 15.00000000 23.00000000
v 22.00000000 15.00000000 23.36451340
v 21.93664742 15.00000000 36.00000000
v 22.00000000 15.00000000 35.76181030
v 21.66858673 15.00000000 37.00000000
v 21.37856483 15.00000000 38.00000000
v 21.02236366 15.00000000 39.00000000
v 22.00000000 16.00000000 0.19338606
v 22.00000000 16.00000000 2.65989137
v 21.07573318 16.00000000 21.00000000
v 21.50859070 16.00000000 22.00000000
v 21.89950180 16.00000000 23.00000000
v 22.00000000 16.00000000 23.11185646
v 22.00000000 15.35351562 36.00000000
v 21.73189926 16.00000000 37.00000000
v 22.00000000 16.00000000 36.33362961
v 21.46396446 16.00000000 38.00000000
v 21.08561134 16.00000000 39.00000000
v 21.01411057 16.00000000 40.00000000
v 22.00000000 17.00000000 0.28488165
v 22.00000000 17.00000000 2.43785334
v 21.11572647 17.00000000 20.00000000
v 21.25581169 17.00000000 21.00000000
v 21.48662186 17.00000000 22.00000000
v 22.00000000 17.00000000 22.60177422
v 22.00000000 16.19941139 23.00000000
v 21.79991341 17.00000000 37.00000000
v 22.00000000 17.00000000 36.20690536
v 21.48961449 17.00000000 38.00000000
v 21.13384056 17.00000000 39.00000000
v 21.04422760 17.00000000 40.00000000
v 22.00000000 18.00000000 0.17824961
v 22.00000000 18.00000000 2.63782763
v 21.41043472 18.00000000 22.00000000
v 22.00000000 18.00000000 22.66928673
v 21.76419067 18.00000000 37.00000000
v 22.00000000 18.00000000 36.34553909
v 21.48268700 18.00000000 38.00000000
v 21.08583450 18.00000000 39.00000000
v 22.00000000 19.00000000 0.32467583
v 22.00000000 19.00000000 2.45795202
v 21.71170425 19.00000000 22.00000000
v 22.00000000 19.00000000 22.33869362
v 21.73914909 19.00000000 37.00000000
v 22.00000000 19.00000000 36.41714859
v 21.33415985 19.00000000 38.00000000
v 22.00000000 20.00000000 0.16953941
v 22.00000000 20.00000000 2.98539948
v 21.44484901 20.00000000 22.00000000
v 22.00000000 20.00000000 22.85790062
v 21.66312599 20.00000000 37.00000000
v 22.00000000 20.00000000 36.36332321
v 21.28505898 20.00000000 38.00000000
v 22.00000000 21.00000000 0.12329195
v 21.02241135 21.00000000 3.00000000
v 22.00000000 21.00000000 2.69832945
v 21.62901115 21.00000000 22.00000000
v 22.00000000 21.00000000 22.37475204
v 21.71496010 21.00000000 37.00000000
v 22.00000000 21.00000000 36.13634109
v 21.34241676 21.00000000 38.00000000
v 21.03868294 21.00000000 39.00000000
v 22.00000000 22.00000000 0.05276503
v 21.43240929 22.00000000 0.00000000
v 22.00000000 21.78535461 3.00000000
v 22.00000000 22.00000000 3.08964968
v 21.57773018 22.00000000 22.00000000
v 22.00000000 22.00000000 22.55672646
v 21.55876923 22.00000000 37.00000000
v 22.00000000 22.00000000 36.16554260
v 21.24165535 22.00000000 38.00000000
v 21.06792450 22.00000000 39.00000000
v 22.00000000 23.00000000 0.15499188
v 21.04389572 23.00000000 3.00000000
v 22.00000000 23.00000000 2.62000465
v 22.00000000 22.29987144 3.00000000
v 21.70838737 23.00000000 22.00000000
v 22.00000000 23.00000000 22.35292435
v 21.39388275 23.00000000 37.00000000
v 22.00000000 23.00000000 36.03406525
v 21.06600761 23.00000000 38.00000000
v 22.00000000 24.00000000 0.10594810
v 22.00000000 23.44771385 3.00000000
v 22.00000000 24.00000000 3.27381516
v 21.66830063 24.00000000 22.00000000
v 22.00000000 24.00000000 22.47383308
v 21.46641350 24.00000000 37.00000000
v 22.00000000 24.00000000 36.27000046
v 21.25154686 24.00000000 38.00000000
v 21.07198524 24.00000000 39.00000000
v 22.00000000 25.00000000 0.19569528
v 22.00000000 25.00000000 2.69037557
v 22.00000000 24.53505707 3.00000000
v 21.33137321 25.00000000 21.00000000
v 21.72499657 25.00000000 22.00000000
v 22.00000000 25.00000000 22.22146034
v 21.46142387 25.00000000 37.00000000
v 22.00000000 25.00000000 36.08891296
v 21.24456024 25.00000000 38.00000000
v 21.10962105 25.00000000 39.00000000
v 21.02883911 25.00000000 40.00000000
v 22.00000000 26.00000000 0.09356504
v 22.00000000 26.00000000 2.84869671
v 21.62455750 26.00000000 22.00000000
v 22.00000000 26.00000000 22.42093849
v 21.51379585 26.00000000 37.00000000
v 22.00000000 26.00000000 36.07894135
v 21.17107391 26.00000000 38.00000000
v 21.07306671 26.00000000 39.00000000
v 21.01175880 26.00000000 40.00000000
v 22.00000000 27.00000000 0.32806316
v 22.00000000 27.00000000 2.25155258
v 21.23343468 27.00000000 20.00000000
v 21.21666908 27.00000000 21.00000000
v 21.79450989 27.00000000 22.00000000
v 22.00000000 27.00000000 22.27843094
v 21.35816956 27.00000000 37.00000000
v 22.00000000 27.00000000 36.06525803
v 21.10012817 27.00000000 38.00000000
v 21.04014969 27.00000000 40.00000000
v 22.00000000 28.00000000 0.24304892
v 22.00000000 28.00000000 2.57395482
v 21.07523918 28.00000000 21.00000000
v 21.62658882 28.00000000 22.00000000
v 22.00000000 27.92235565 23.00000000
v 21.96465111 28.00000000 23.00000000
v 22.00000000 28.00000000 23.06030655
v 21.27182579 28.00000000 37.00000000
v 22.00000000 28.00000000 36.08860016
v 22.00000000 29.00000000 0.26064947
v 22.00000000 29.00000000 2.29158592
v 21.53205872 29.00000000 22.00000000
v 22.00000000 29.00000000 22.51584053
v 22.00000000 28.13545799 23.00000000
v 21.96069145 29.00000000 36.00000000
v 22.00000000 29.00000000 35.91845322
v 22.00000000 28.67379570 36.00000000
v 21.27730370 29.00000000 37.00000000
v 21.03823471 29.00000000 38.00000000
v 22.00000000 30.00000000 0.24165006
v 22.00000000 30.00000000 2.35568810
v 21.41367722 30.00000000 22.00000000
v 22.00000000 30.00000000 22.85710335
v 21.85146713 30.00000000 36.00000000
v 22.00000000 30.00000000 35.62473297
v 21.30558205 30.00000000 37.00000000
v 22.00000000 31.00000000 0.42473918
v 21.60818481 31.00000000 2.00000000
v 22.00000000 31.00000000 1.73908532
v 22.00000000 30.64742661 2.00000000
v 21.32250786 31.00000000 22.00000000
v 22.00000000 31.00000000 22.66337585
v 21.85431480 31.00000000 36.00000000
v 22.00000000 31.00000000 35.69237518
v 21.16320038 31.00000000 37.00000000
v 22.00000000 32.00000000 0.29321626
v 22.00000000 31.39762688 2.00000000
v 22.00000000 32.00000000 2.29138231
v 21.44304848 32.00000000 22.00000000
v 22.00000000 31.72931290 23.00000000
v 21.88205147 32.00000000 23.00000000
v 22.00000000 32.00000000 23.12964439
v 21.95786858 32.00000000 36.00000000
v 22.00000000 32.00000000 35.82878876
v 21.28738594 32.00000000 37.00000000
v 21.04290962 32.00000000 38.00000000
v 22.00000000 33.00000000 0.33644795
v 22.00000000 33.00000000 2.09203720
v 21.47408867 33.00000000 22.00000000
v 21.77240181 33.00000000 23.00000000
v 22.00000000 33.00000000 23.38788223
v 21.87524414 33.00000000 36.00000000
v 22.00000000 33.00000000 35.70564651
v 21.40053940 33.00000000 37.00000000
v 21.08876991 33.00000000 38.00000000
v 22.00000000 34.00000000 0.27930176
v 21.09618187 34.00000000 2.00000000
v 22.00000000 34.00000000 2.37910676
v 21.10426521 34.00000000 22.00000000
v 21.52265739 34.00000000 23.00000000
v 22.00000000 34.00000000 23.80377579
v 21.86713982 34.00000000 36.00000000
v 22.00000000 34.00000000 35.60004425
v 21.42117882 34.00000000 37.00000000
v 21.10847664 34.00000000 38.00000000
v 22.00000000 35.00000000 0.38819060
v 22.00000000 35.00000000 2.17585707
v 21.01500702 35.00000000 20.00000000
v 21.10498619 35.00000000 22.00000000
v 21.27767372 35.00000000 23.00000000
v 22.00000000 35.00000000 23.82839203
v 21.81101227 35.00000000 36.00000000
v 22.00000000 35.00000000 35.50666046
v 21.27769852 35.00000000 37.00000000
v 21.00803185 35.00000000 38.00000000
v 22.00000000 36.00000000 0.19969654
v 22.00000000 36.00000000 2.56598091
v 21.17473221 36.00000000 23.00000000
v 22.00000000 35.19499207 24.00000000
v 21.57838058 36.00000000 24.00000000
v 22.00000000 35.86409760 25.00000000
v 21.94721985 36.00000000 25.00000000
v 22.00000000 36.00000000 25.10231018
v 21.76981926 36.00000000 36.00000000
v 22.00000000 36.00000000 35.28544235
v 21.24403954 36.00000000 37.00000000
v 21.00337791 36.00000000 38.00000000
v 22.00000000 37.00000000 0.28489974
v 22.00000000 37.00000000 2.54217672
v 21.00543785 37.00000000 22.00000000
v 21.01773643 37.00000000 23.00000000
v 21.45443916 37.00000000 24.00000000
v 21.79405403 37.00000000 25.00000000
v 22.00000000 36.80321503 26.00000000
v 21.90382767 37.00000000 26.00000000
v 22.00000000 37.00000000 26.55717087
v 21.96780777 37.00000000 28.00000000
v 22.00000000 37.00000000 27.75998116
v 22.00000000 36.95685577 28.00000000
v 22.00000000 37.00000000 28.19554329
v 21.89404678 37.00000000 35.00000000
v 22.00000000 37.00000000 34.57390976
v 22.00000000 36.45503998 35.00000000
v 21.62613297 37.00000000 36.00000000
v 21.38483810 37.00000000 37.00000000
v 21.24084091 37.00000000 38.00000000
v 21.08883667 37.00000000 39.00000000
v 21.10340691 37.00000000 42.00000000
v 21.16682434 37.00000000 43.00000000
v 21.03520393 37.00000000 44.00000000
v 22.00000000 38.00000000 0.40863702
v 22.00000000 38.00000000 2.63375974
v 21.06276512 38.00000000 22.00000000
v 21.05477905 38.00000000 23.00000000
v 21.19809914 38.00000000 24.00000000
v 21.32861710 38.00000000 25.00000000
v 21.45639801 38.00000000 26.00000000
v 22.00000000 37.14577484 27.00000000
v 21.52065468 38.00000000 27.00000000
v 21.56401253 38.00000000 28.00000000
v 22.00000000 37.15704346 29.00000000
v 21.45447540 38.00000000 29.00000000
v 22.00000000 37.33996582 30.00000000
v 21.72142220 38.00000000 30.00000000
v 22.00000000 37.28663254 31.00000000
v 21.63234711 38.00000000 31.00000000
v 22.00000000 37.60575485 32.00000000
v 21.80230713 38.00000000 32.00000000
v 22.00000000 37.26794815 33.00000000
v 21.71345901 38.00000000 33.00000000
v 22.00000000 37.44512939 34.00000000
v 21.82682228 38.00000000 34.00000000
v 21.65629768 38.00000000 35.00000000
v 21.52240562 38.00000000 36.00000000
v 21.21037102 38.00000000 37.00000000
v 21.19046783 38.00000000 38.00000000
v 21.03904533 38.00000000 39.00000000
v 21.01634979 38.00000000 40.00000000
v 21.08839798 38.00000000 44.00000000
v 22.00000000 39.00000000 0.70411175
v 22.00000000 39.00000000 2.23520374
v 21.08735275 39.00000000 24.00000000
v 21.05317497 39.00000000 28.00000000
v 21.24030876 39.00000000 30.00000000
v 21.03988075 39.00000000 31.00000000
v 21.39404106 39.00000000 32.00000000
v 21.14384842 39.00000000 33.00000000
v 21.42438889 39.00000000 34.00000000
v 21.43003273 39.00000000 35.00000000
v 21.39166451 39.00000000 36.00000000
v 21.16463852 39.00000000 37.00000000
v 21.13541031 39.00000000 38.00000000
v 21.02306557 39.00000000 39.00000000
v 21.17157745 39.00000000 40.00000000
v 21.00959969 39.00000000 43.00000000
v 21.06350899 39.00000000 44.00000000
v 22.00000000 40.00000000 0.78917938
v 22.00000000 40.00000000 2.47747946
v 21.03226471 40.00000000 25.00000000
v 21.01250458 40.00000000 28.00000000
v 21.14040947 40.00000000 29.00000000
v 21.00536728 40.00000000 30.00000000
v 21.25473213 40.00000000 32.00000000
v 21.11803055 40.00000000 33.00000000
v 21.25452423 40.00000000 34.00000000
v 21.28299522 40.00000000 35.00000000
v 21.17759323 40.00000000 36.00000000
v 21.06286621 40.00000000 37.00000000
v 21.15929604 40.00000000 38.00000000
v 21.08728409 40.00000000 40.00000000
v 21.02701950 40.00000000 42.00000000
v 21.02583694 40.00000000 43.00000000
v 21.03303719 40.00000000 44.00000000
v 22.00000000 41.00000000 0.85747910
v 21.13906479 41.00000000 2.00000000
v 22.00000000 41.00000000 1.86306596
v 22.00000000 40.94699478 2.00000000
v 21.05270958 41.00000000 30.00000000
v 21.17249107 41.00000000 32.00000000
v 21.02051163 41.00000000 33.00000000
v 21.19115639 41.00000000 34.00000000
v 21.06093597 41.00000000 35.00000000
v 21.14266014 41.00000000 36.00000000
v 21.09945107 41.00000000 37.00000000
v 21.13971138 41.00000000 38.00000000
v 21.01680374 41.00000000 40.00000000
v 21.06957626 41.00000000 43.00000000
v 21.01427078 41.00000000 44.00000000
v 22.00000000 41.62455368 1.00000000
v 22.00000000 41.61303711 2.00000000
v 21.29219627 41.19315720 1.86031902
v 21.95313263 42.00000000 2.00000000
v 22.00000000 42.00000000 1.85719311
v 22.00000000 42.00000000 2.02662015
v 21.09546089 42.00000000 34.00000000
v 21.01565552 42.00000000 44.00000000
v 22.00000000 42.02366257 2.00000000
v 22.03073120 6.00000000 1.00000000
v 23.00000000 6.43275166 1.00000000
v 23.00000000 7.00000000 0.27231798
v 23.00000000 6.78330946 2.00000000
v 22.78661156 7.00000000 2.00000000
v 23.00000000 7.00000000 2.05438447
v 23.00000000 8.00000000 0.75122511
v 23.00000000 8.00000000 1.46453846
v 23.00000000 7.28647089 2.00000000
v 23.00000000 9.00000000 0.20953390
v 23.00000000 8.27526855 2.00000000
v 23.00000000 9.00000000 2.38369584
v 23.00000000 10.00000000 0.08437058
v 23.00000000 10.00000000 2.24601579
v 23.00000000 11.00000000 0.14521846
v 23.00000000 11.00000000 2.26389527
v 23.00000000 12.00000000 0.16017564
v 23.00000000 12.00000000 2.12397742
v 23.00000000 13.00000000 0.19947290
v 23.00000000 13.00000000 2.59375834
v 22.40049934 13.00000000 26.00000000
v 22.74893570 13.00000000 27.00000000
v 22.35484314 13.00000000 28.00000000
v 22.53582001 13.00000000 29.00000000
v 22.39461136 13.00000000 30.00000000
v 22.09598732 13.00000000 31.00000000
v 22.33591652 13.00000000 32.00000000
v 22.31398201 13.00000000 33.00000000
v 22.01914215 13.00000000 34.00000000
v 23.00000000 14.00000000 0.29702806
v 23.00000000 14.00000000 2.46466112
v 22.59329987 14.00000000 24.00000000
v 23.00000000 14.00000000 24.95971298
v 23.00000000 13.94764519 25.00000000
v 23.00000000 13.74995518 26.00000000
v 23.00000000 13.23709774 27.00000000
v 23.00000000 13.82322979 28.00000000
v 23.00000000 13.80961609 29.00000000
v 23.00000000 13.88885593 30.00000000
v 22.96520805 14.00000000 31.00000000
v 23.00000000 14.00000000 30.74332428
v 22.93075371 14.00000000 32.00000000
v 22.76879120 14.00000000 33.00000000
v 22.35005379 14.00000000 34.00000000
v 22.06493950 14.00000000 35.00000000
v 23.00000000 15.00000000 0.28010559
v 23.00000000 15.00000000 2.56809235
v 23.00000000 14.98308372 24.00000000
v 23.00000000 15.00000000 23.99137688
v 23.00000000 14.06419849 31.00000000
v 23.00000000 14.18541431 32.00000000
v 22.90033340 15.00000000 33.00000000
v 23.00000000 15.00000000 32.75157928
v 22.39770699 15.00000000 34.00000000
v 22.30825043 15.00000000 35.00000000
v 23.00000000 16.00000000 0.15363668
v 23.00000000 16.00000000 2.33993483
v 23.00000000 16.00000000 23.39908028
v 23.00000000 15.32658291 33.00000000
v 22.62233162 16.00000000 34.00000000
v 23.00000000 16.00000000 33.38711548
v 22.35234451 16.00000000 35.00000000
v 22.13841629 16.00000000 36.00000000
v 23.00000000 17.00000000 0.13446163
v 23.00000000 16.98440742 3.00000000
v 22.99116325 17.00000000 3.00000000
v 23.00000000 17.00000000 3.00356817
v 22.61877823 17.00000000 23.00000000
v 23.00000000 17.00000000 23.32275772
v 22.78471565 17.00000000 34.00000000
v 23.00000000 17.00000000 33.63275909
v 22.43951988 17.00000000 35.00000000
v 22.05758476 17.00000000 36.00000000
v 23.00000000 18.00000000 0.24840707
v 23.00000000 18.00000000 2.67911053
v 23.00000000 17.01889992 3.00000000
v 23.00000000 17.39190865 23.00000000
v 23.00000000 18.00000000 22.66167259
v 22.99497795 18.00000000 34.00000000
v 23.00000000 18.00000000 33.99382782
v 22.57710266 18.00000000 35.00000000
v 22.13129425 18.00000000 36.00000000
v 23.00000000 19.00000000 0.26426446
v 23.00000000 19.00000000 2.87894869
v 23.00000000 19.00000000 22.70624924
v 23.00000000 18.15555763 34.00000000
v 22.76028061 19.00000000 35.00000000
v 23.00000000 19.00000000 34.11953354
v 22.20959473 19.00000000 36.00000000
v 23.00000000 20.00000000 0.13840918
v 23.00000000 19.23198318 3.00000000
v 22.03716087 20.00000000 3.00000000
v 23.00000000 20.00000000 3.31368828
v 23.00000000 20.00000000 22.78298759
v 22.73380089 20.00000000 35.00000000
v 23.00000000 20.00000000 34.25119019
v 22.19413567 20.00000000 36.00000000
v 23.00000000 21.00000000 0.07375672
v 22.53027534 21.00000000 3.00000000
v 23.00000000 21.00000000 3.36242914
v 23.00000000 20.80700111 23.00000000
v 22.92901802 21.00000000 23.00000000
v 23.00000000 21.00000000 23.05072784
v 22.87927818 21.00000000 35.00000000
v 23.00000000 21.00000000 34.85774231
v 22.06583977 21.00000000 36.00000000
v 23.00000000 22.00000000 0.18419148
v 23.00000000 21.94871521 3.00000000
v 22.85091591 22.00000000 3.00000000
v 23.00000000 22.00000000 2.97756338
v 23.00000000 21.08072281 23.00000000
v 23.00000000 22.00000000 22.30346680
v 23.00000000 21.52699471 35.00000000
v 22.10053635 22.00000000 36.00000000
v 23.00000000 22.00000000 35.08773422
v 23.00000000 23.00000000 0.26832798
v 23.00000000 23.00000000 2.92475033
v 23.00000000 23.00000000 22.57956123
v 22.04015732 23.00000000 36.00000000
v 23.00000000 23.00000000 35.30307388
v 23.00000000 24.00000000 0.22439644
v 23.00000000 23.15457916 3.00000000
v 23.00000000 24.00000000 3.62413621
v 23.00000000 24.00000000 22.14154625
v 22.23020363 24.00000000 36.00000000
v 23.00000000 24.00000000 35.26760864
v 23.00000000 25.00000000 0.15778051
v 23.00000000 25.00000000 2.92850637
v 23.00000000 24.83819580 3.00000000
v 23.00000000 25.00000000 22.35110092
v 22.07691193 25.00000000 36.00000000
v 23.00000000 25.00000000 35.17116547
v 23.00000000 26.00000000 0.23494411
v 23.00000000 26.00000000 2.65793681
v 23.00000000 26.00000000 22.65517426
v 22.05550385 26.00000000 36.00000000
v 23.00000000 26.00000000 35.06761169
v 23.00000000 27.00000000 0.25505796
v 23.00000000 27.00000000 2.52207327
v 23.00000000 27.00000000 22.51037407
v 22.07188797 27.00000000 36.00000000
v 23.00000000 27.00000000 35.05905151
v 23.00000000 28.00000000 0.25461334
v 23.00000000 28.00000000 2.72645640
v 23.00000000 27.90725899 23.00000000
v 23.00000000 28.00000000 23.04881859
v 22.90513229 28.00000000 35.00000000
v 23.00000000 28.00000000 34.89315796
v 23.00000000 27.43916893 35.00000000
v 22.08509636 28.00000000 36.00000000
v 23.00000000 29.00000000 0.25559956
v 23.00000000 29.00000000 2.42262053
v 23.00000000 28.18108559 23.00000000
v 23.00000000 29.00000000 22.82936859
v 22.60214043 29.00000000 35.00000000
v 23.00000000 29.00000000 34.37501907
v 23.00000000 30.00000000 0.32670766
v 23.00000000 30.00000000 2.32465553
v 23.00000000 29.53916740 23.00000000
v 22.44561195 30.00000000 23.00000000
v 23.00000000 30.00000000 23.13091469
v 22.39021873 30.00000000 35.00000000
v 23.00000000 30.00000000 34.15663147
v 23.00000000 31.00000000 0.40384859
v 22.44307137 31.00000000 2.00000000
v 23.00000000 31.00000000 2.24052978
v 22.66578674 31.00000000 23.00000000
v 23.00000000 31.00000000 23.17571640
v 22.72801971 31.00000000 34.00000000
v 23.00000000 31.00000000 33.55544281
v 23.00000000 30.24263000 34.00000000
v 22.46187592 31.00000000 35.00000000
v 23.00000000 32.00000000 0.23795672
v 23.00000000 32.00000000 2.10441113
v 23.00000000 32.00000000 23.34781456
v 22.80401993 32.00000000 34.00000000
v 23.00000000 32.00000000 33.70499039
v 22.30706215 32.00000000 35.00000000
v 23.00000000 33.00000000 0.14757220
v 23.00000000 33.00000000 2.47489452
v 23.00000000 33.00000000 23.70736885
v 22.93305969 33.00000000 34.00000000
v 23.00000000 33.00000000 33.84846497
v 22.42391586 33.00000000 35.00000000
v 23.00000000 34.00000000 0.23100162
v 23.00000000 34.00000000 2.27535772
v 23.00000000 33.43772888 24.00000000
v 22.26674080 34.00000000 24.00000000
v 23.00000000 34.00000000 24.75357056
v 22.71623230 34.00000000 34.00000000
v 23.00000000 34.00000000 33.46983719
v 22.26037025 34.00000000 35.00000000
v 23.00000000 35.00000000 0.34627673
v 23.00000000 35.00000000 2.71682429
v 22.13351822 35.00000000 24.00000000
v 23.00000000 34.39813614 25.00000000
v 22.68658638 35.00000000 25.00000000
v 23.00000000 35.00000000 25.79902077
v 22.86367989 35.00000000 30.00000000
v 23.00000000 35.00000000 29.22140121
v 23.00000000 34.33340454 30.00000000
v 23.00000000 34.50617218 31.00000000
v 22.91654396 35.00000000 31.00000000
v 23.00000000 35.00000000 31.27483749
v 22.88582420 35.00000000 33.00000000
v 23.00000000 35.00000000 32.69190979
v 23.00000000 34.72753143 33.00000000
v 22.54409599 35.00000000 34.00000000
v 22.29002380 35.00000000 35.00000000
v 23.00000000 36.00000000 0.19549951
v 23.00000000 36.00000000 2.94085431
v 23.00000000 35.06103897 26.00000000
v 22.43860626 36.00000000 26.00000000
v 23.00000000 35.47383499 27.00000000
v 22.73680878 36.00000000 27.00000000
v 23.00000000 35.36340332 28.00000000
v 22.67903709 36.00000000 28.00000000
v 23.00000000 35.08943939 29.00000000
v 22.55780220 36.00000000 29.00000000
v 22.49431229 36.00000000 30.00000000
v 22.68068123 36.00000000 31.00000000
v 23.00000000 35.59595490 32.00000000
v 22.83728218 36.00000000 32.00000000
v 22.63462830 36.00000000 33.00000000
v 22.30490875 36.00000000 34.00000000
v 22.11006737 36.00000000 35.00000000
v 23.00000000 37.00000000 0.18343446
v 23.00000000 36.26978683 3.00000000
v 22.85897636 37.00000000 3.00000000
v 23.00000000 37.00000000 3.03981090
v 22.09946442 37.00000000 27.00000000
v 22.13348007 37.00000000 29.00000000
v 22.20096207 37.00000000 30.00000000
v 22.13204765 37.00000000 31.00000000
v 22.36317825 37.00000000 32.00000000
v 22.15305519 37.00000000 33.00000000
v 22.15928650 37.00000000 34.00000000
v 23.00000000 38.00000000 0.33250111
v 23.00000000 38.00000000 2.74848127
v 23.00000000 37.21781540 3.00000000
v 23.00000000 39.00000000 0.51647300
v 23.00000000 39.00000000 2.71371746
v 23.00000000 40.00000000 0.57902092
v 23.00000000 39.83283997 3.00000000
v 22.90235901 40.00000000 3.00000000
v 23.00000000 40.00000000 3.02540755
v 23.00000000 41.00000000 0.73955971
v 22.04087067 41.00000000 2.00000000
v 23.00000000 41.00000000 2.83369637
v 23.00000000 40.31126404 3.00000000
v 23.00000000 41.42285156 1.00000000
v 22.11384964 42.00000000 2.00000000
v 23.00000000 41.82688141 2.00000000
v 23.00000000 43.00000000 1.91773093
v 22.93062210 43.00000000 2.00000000
v 23.00000000 42.71675491 2.00000000
v 23.00000000 43.00000000 2.08780575
v 23.00000000 43.05005264 2.00000000
v 24.00000000 6.30458975 1.00000000
v 24.00000000 7.00000000 0.79422987
v 23.30622482 7.00000000 2.00000000
v 24.00000000 7.00000000 1.43132401
v 24.00000000 8.00000000 0.30874324
v 23.32202148 8.00000000 2.00000000
v 24.00000000 7.30169058 2.00000000
v 24.00000000 8.00000000 2.30461359
v 24.00000000 9.00000000 0.27050585
v 24.00000000 9.00000000 2.53128672
v 24.00000000 10.00000000 0.14235452
v 24.00000000 10.00000000 2.47403717
v 24.00000000 11.00000000 0.20186920
v 24.00000000 11.00000000 2.13178039
v 24.00000000 12.00000000 0.14332323
v 24.00000000 12.00000000 2.26201296
v 24.00000000 13.00000000 0.29420966
v 24.00000000 13.00000000 2.20246267
v 24.00000000 14.00000000 0.15060589
v 24.00000000 14.00000000 2.64011049
v 23.01780891 14.00000000 25.00000000
v 23.23767090 14.00000000 26.00000000
v 23.35029030 14.00000000 27.00000000
v 23.20643806 14.00000000 28.00000000
v 23.14890099 14.00000000 29.00000000
v 23.10395050 14.00000000 30.00000000
v 24.00000000 15.00000000 0.27779317
v 24.00000000 15.00000000 2.23797989
v 23.01991081 15.00000000 24.00000000
v 23.59354210 15.00000000 25.00000000
v 23.74524117 15.00000000 26.00000000
v 24.00000000 15.00000000 26.80797195
v 24.00000000 14.94199371 27.00000000
v 23.80902290 15.00000000 28.00000000
v 24.00000000 15.00000000 27.18107986
v 23.75770187 15.00000000 29.00000000
v 23.65324783 15.00000000 30.00000000
v 23.44661903 15.00000000 31.00000000
v 23.42279434 15.00000000 32.00000000
v 24.00000000 16.00000000 0.04210722
v 24.00000000 16.00000000 2.47210503
v 24.00000000 15.68033886 24.00000000
v 24.00000000 16.00000000 23.83291054
v 24.00000000 15.41664219 25.00000000
v 24.00000000 15.32936192 26.00000000
v 24.00000000 15.36073589 28.00000000
v 24.00000000 15.74875736 29.00000000
v 24.00000000 15.63743782 30.00000000
v 23.85811234 16.00000000 31.00000000
v 24.00000000 16.00000000 30.60479164
v 23.90526581 16.00000000 32.00000000
v 23.33828354 16.00000000 33.00000000
v 24.00000000 17.00000000 0.21989772
v 23.00907516 17.00000000 3.00000000
v 24.00000000 17.00000000 2.43169141
v 24.00000000 17.00000000 23.71839333
v 24.00000000 16.30723000 31.00000000
v 24.00000000 16.40507126 32.00000000
v 23.56117821 17.00000000 33.00000000
v 24.00000000 17.00000000 32.22514725
v 24.00000000 18.00000000 0.09864126
v 24.00000000 18.00000000 2.61510086
v 24.00000000 17.66325188 23.00000000
v 24.00000000 18.00000000 22.55497169
v 24.00000000 17.77370834 33.00000000
v 24.00000000 18.00000000 33.19351959
v 24.00000000 19.00000000 0.23904148
v 24.00000000 19.00000000 2.68358278
v 24.00000000 19.00000000 22.12228775
v 23.08878136 19.00000000 34.00000000
v 24.00000000 19.00000000 33.54657364
v 24.00000000 20.00000000 0.18068665
v 24.00000000 19.59077644 3.00000000
v 24.00000000 20.00000000 3.23885846
v 24.00000000 20.00000000 22.82562065
v 23.74987602 20.00000000 34.00000000
v 24.00000000 20.00000000 33.95191956
v 24.00000000 21.00000000 0.20689380
v 24.00000000 21.00000000 3.18539405
v 23.68073845 21.00000000 22.00000000
v 24.00000000 20.49350929 22.00000000
v 24.00000000 21.00000000 21.56668854
v 23.09487724 21.00000000 23.00000000
v 24.00000000 20.11562538 34.00000000
v 24.00000000 21.00000000 34.28534317
v 24.00000000 22.00000000 0.13991319
v 23.05525970 22.00000000 3.00000000
v 24.00000000 22.00000000 3.57548165
v 23.99485016 22.00000000 17.00000000
v 24.00000000 21.98666573 17.00000000
v 24.00000000 22.00000000 16.94501114
v 24.00000000 22.00000000 17.02097893
v 23.96129227 22.00000000 19.00000000
v 24.00000000 21.92199516 19.00000000
v 24.00000000 22.00000000 18.90715027
v 23.72844315 22.00000000 20.00000000
v 24.00000000 21.23901939 20.00000000
v 23.92761803 22.00000000 21.00000000
v 24.00000000 21.81378555 21.00000000
v 24.00000000 22.00000000 21.79218483
v 24.00000000 21.92720985 22.00000000
v 24.00000000 22.00000000 22.02480125
v 23.22543144 22.00000000 35.00000000
v 24.00000000 22.00000000 34.61376190
v 24.00000000 23.00000000 0.31317440
v 24.00000000 23.00000000 2.92722130
v 24.00000000 22.88208389 3.00000000
v 24.00000000 23.00000000 3.67806888
v 23.96020508 23.00000000 4.00000000
v 24.00000000 22.92077827 4.00000000
v 24.00000000 23.00000000 4.06250429
v 23.83968353 23.00000000 8.00000000
v 24.00000000 22.69514847 8.00000000
v 24.00000000 23.00000000 7.70978212
v 24.00000000 23.00000000 8.20853329
v 24.00000000 22.11623001 17.00000000
v 23.73703194 23.00000000 19.00000000
v 24.00000000 23.00000000 18.13815498
v 23.61313629 23.00000000 20.00000000
v 23.58077621 23.00000000 21.00000000
v 24.00000000 22.03384209 22.00000000
v 23.42841339 23.00000000 22.00000000
v 23.62314224 23.00000000 35.00000000
v 24.00000000 23.00000000 34.81218719
v 24.00000000 24.00000000 0.18954296
v 23.94038200 24.00000000 3.00000000
v 24.00000000 24.00000000 2.97209573
v 24.00000000 24.00000000 3.14446282
v 23.61596870 24.00000000 4.00000000
v 24.00000000 24.00000000 4.37908983
v 23.67783737 24.00000000 8.00000000
v 24.00000000 24.00000000 7.60296202
v 24.00000000 24.00000000 8.51198483
v 23.85711861 24.00000000 16.00000000
v 24.00000000 23.48008919 16.00000000
v 24.00000000 24.00000000 15.51416588
v 24.00000000 24.00000000 16.37103081
v 24.00000000 23.86620140 19.00000000
v 24.00000000 24.00000000 19.11362457
v 23.56237411 24.00000000 20.00000000
v 23.79021835 24.00000000 21.00000000
v 23.10529709 24.00000000 22.00000000
v 23.67180252 24.00000000 35.00000000
v 24.00000000 24.00000000 34.81063843
v 24.00000000 25.00000000 0.26741832
v 24.00000000 25.00000000 2.86499381
v 24.00000000 24.24836349 4.00000000
v 24.00000000 24.72438049 8.00000000
v 24.00000000 24.32531738 16.00000000
v 23.82399178 25.00000000 19.00000000
v 24.00000000 24.17279625 19.00000000
v 24.00000000 25.00000000 18.14281845
v 24.00000000 25.00000000 19.72923279
v 24.00000000 24.81442642 20.00000000
v 24.00000000 25.00000000 20.37555885
v 23.83121109 25.00000000 21.00000000
v 23.41508484 25.00000000 22.00000000
v 23.31831169 25.00000000 35.00000000
v 24.00000000 25.00000000 34.59165573
v 24.00000000 26.00000000 0.10650352
v 24.00000000 26.00000000 2.73906183
v 24.00000000 25.28479576 19.00000000
v 24.00000000 25.21037102 21.00000000
v 24.00000000 25.67671013 22.00000000
v 24.00000000 26.00000000 22.24328995
v 23.17309189 26.00000000 35.00000000
v 24.00000000 26.00000000 34.62102127
v 24.00000000 27.00000000 0.21335237
v 24.00000000 27.00000000 2.61530304
v 24.00000000 27.00000000 22.24873734
v 23.13583565 27.00000000 35.00000000
v 24.00000000 27.00000000 34.60538864
v 24.00000000 28.00000000 0.22823229
v 24.00000000 28.00000000 2.56639934
v 24.00000000 27.68792343 23.00000000
v 24.00000000 28.00000000 23.30922699
v 23.88373184 28.00000000 34.00000000
v 24.00000000 28.00000000 33.91856766
v 24.00000000 27.87419891 34.00000000
v 24.00000000 29.00000000 0.32995385
v 24.00000000 29.00000000 2.33148766
v 24.00000000 28.53882217 23.00000000
v 24.00000000 29.00000000 22.75986099
v 23.53872108 29.00000000 34.00000000
v 24.00000000 29.00000000 33.74975586
v 24.00000000 30.00000000 0.16320485
v 24.00000000 30.00000000 2.59016109
v 24.00000000 29.40632057 23.00000000
v 24.00000000 30.00000000 23.34435844
v 23.20904732 30.00000000 34.00000000
v 24.00000000 30.00000000 33.51647568
v 24.00000000 31.00000000 0.31940490
v 24.00000000 31.00000000 2.26316619
v 24.00000000 31.00000000 23.47691917
v 23.95976067 31.00000000 30.00000000
v 24.00000000 31.00000000 29.84955025
v 24.00000000 30.95337677 30.00000000
v 24.00000000 31.00000000 30.36535072
v 24.00000000 31.00000000 33.14248276
v 24.00000000 32.00000000 0.08692250
v 24.00000000 32.00000000 2.55404472
v 24.00000000 31.52426147 24.00000000
v 23.67866325 32.00000000 24.00000000
v 24.00000000 31.66866302 25.00000000
v 23.78568459 32.00000000 25.00000000
v 24.00000000 32.00000000 25.87830734
v 23.97351837 32.00000000 27.00000000
v 24.00000000 32.00000000 26.51758766
v 24.00000000 31.94491959 27.00000000
v 24.00000000 31.53660202 28.00000000
v 23.70919609 32.00000000 28.00000000
v 24.00000000 31.34169769 29.00000000
v 23.64795494 32.00000000 29.00000000
v 23.39651489 32.00000000 30.00000000
v 24.00000000 31.28584480 31.00000000
v 23.79808426 32.00000000 31.00000000
v 24.00000000 31.73242950 32.00000000
v 23.83468056 32.00000000 32.00000000
v 24.00000000 31.59204865 33.00000000
v 23.85559845 32.00000000 33.00000000
v 24.00000000 33.00000000 0.20705451
v 24.00000000 33.00000000 2.71347976
v 23.26371193 33.00000000 24.00000000
v 24.00000000 33.00000000 24.91292763
v 24.00000000 32.78040695 25.00000000
v 24.00000000 32.24284744 27.00000000
v 23.60673904 33.00000000 28.00000000
v 24.00000000 33.00000000 27.16258621
v 23.68798637 33.00000000 29.00000000
v 23.52813911 33.00000000 30.00000000
v 23.49923515 33.00000000 31.00000000
v 23.76627541 33.00000000 32.00000000
v 23.61620140 33.00000000 33.00000000
v 24.00000000 34.00000000 0.09475766
v 24.00000000 34.00000000 2.75192499
v 24.00000000 33.14638901 25.00000000
v 23.21291924 34.00000000 25.00000000
v 24.00000000 33.02900696 26.00000000
v 23.45762825 34.00000000 26.00000000
v 24.00000000 33.24211884 27.00000000
v 23.61733818 34.00000000 27.00000000
v 23.16531181 34.00000000 28.00000000
v 23.34366035 34.00000000 29.00000000
v 23.09033585 34.00000000 30.00000000
v 23.15608406 34.00000000 31.00000000
v 23.38261223 34.00000000 32.00000000
v 23.32681084 34.00000000 33.00000000
v 24.00000000 35.00000000 0.27881852
v 24.00000000 35.00000000 2.74353147
v 23.03736115 35.00000000 26.00000000
v 23.23366928 35.00000000 27.00000000
v 23.16831017 35.00000000 28.00000000
v 23.04029083 35.00000000 29.00000000
v 23.27354622 35.00000000 32.00000000
v 24.00000000 36.00000000 0.14767174
v 24.00000000 36.00000000 2.96681285
v 24.00000000 37.00000000 0.31445754
v 23.36668396 37.00000000 3.00000000
v 24.00000000 37.00000000 2.84969950
v 24.00000000 38.00000000 0.23592475
v 23.56721306 38.00000000 3.00000000
v 24.00000000 37.38663101 3.00000000
v 24.00000000 38.00000000 3.10619020
v 24.00000000 39.00000000 0.48250073
v 24.00000000 39.00000000 2.88319016
v 24.00000000 38.68380737 3.00000000
v 24.00000000 40.00000000 0.51252943
v 24.00000000 39.79697037 3.00000000
v 24.00000000 40.00000000 3.01511502
v 24.00000000 41.00000000 0.84663570
v 24.00000000 41.00000000 2.20923376
v 24.00000000 40.05802917 3.00000000
v 24.00000000 41.32401276 1.00000000
v 24.00000000 41.50218582 2.00000000
v 23.14330864 43.00000000 2.00000000
v 25.00000000 6.21087027 1.00000000
v 25.00000000 7.00000000 0.36340475
v 24.23666000 7.00000000 2.00000000
v 25.00000000 6.18653393 2.00000000
v 25.00000000 7.00000000 2.28787184
v 25.00000000 8.00000000 0.32265583
v 25.00000000 8.00000000 2.22392917
v 25.00000000 9.00000000 0.20719804
v 25.00000000 9.00000000 2.65223241
v 24.83236504 10.00000000 0.00000000
v 25.00000000 9.87244701 0.00000000
v 25.00000000 10.00000000 2.25990486
v 25.00000000 10.08503532 0.00000000
v 25.00000000 11.00000000 0.35232702
v 25.00000000 11.00000000 2.15560579
v 25.00000000 12.00000000 0.26305905
v 24.99907684 12.00000000 2.00000000
v 25.00000000 12.00000000 1.99964774
v 25.00000000 11.99856377 2.00000000
v 25.00000000 13.00000000 0.34718049
v 25.00000000 12.00085735 2.00000000
v 25.00000000 13.00000000 2.32659268
v 25.00000000 14.00000000 0.21399492
v 25.00000000 14.00000000 2.14829302
v 25.00000000 15.00000000 0.37673226
v 25.00000000 15.00000000 2.27218795
v 24.05395889 15.00000000 27.00000000
v 25.00000000 16.00000000 0.16531698
v 25.00000000 16.00000000 2.51266479
v 24.27958870 16.00000000 24.00000000
v 24.48733902 16.00000000 25.00000000
v 24.38873100 16.00000000 26.00000000
v 24.33069992 16.00000000 27.00000000
v 24.33051682 16.00000000 28.00000000
v 24.09400368 16.00000000 29.00000000
v 24.15410233 16.00000000 30.00000000
v 25.00000000 17.00000000 0.18573150
v 25.00000000 16.87662506 3.00000000
v 24.92978287 17.00000000 3.00000000
v 25.00000000 17.00000000 3.02816486
v 24.34920692 17.00000000 24.00000000
v 24.66867828 17.00000000 25.00000000
v 24.68013382 17.00000000 26.00000000
v 25.00000000 17.00000000 26.83426476
v 25.00000000 16.92743492 27.00000000
v 24.55075836 17.00000000 28.00000000
v 25.00000000 17.00000000 27.08340263
v 24.83255768 17.00000000 29.00000000
v 24.51346970 17.00000000 30.00000000
v 24.34138870 17.00000000 31.00000000
v 24.15076065 17.00000000 32.00000000
v 25.00000000 18.00000000 0.08603508
v 25.00000000 18.00000000 2.84481955
v 25.00000000 17.28689194 3.00000000
v 25.00000000 17.98274994 23.00000000
v 25.00000000 18.00000000 22.96731758
v 25.00000000 17.34993172 24.00000000
v 25.00000000 17.30091667 25.00000000
v 25.00000000 17.74930382 26.00000000
v 24.92344093 18.00000000 28.00000000
v 25.00000000 18.00000000 27.60561180
v 25.00000000 18.00000000 28.47453690
v 25.00000000 17.52253914 29.00000000
v 24.97897148 18.00000000 30.00000000
v 25.00000000 18.00000000 29.84917259
v 24.82649994 18.00000000 31.00000000
v 24.64455986 18.00000000 32.00000000
v 24.14950943 18.00000000 33.00000000
v 25.00000000 19.00000000 0.35569948
v 25.00000000 19.00000000 2.70124936
v 24.22840118 19.00000000 22.00000000
v 25.00000000 18.67456055 22.00000000
v 25.00000000 19.00000000 21.73362541
v 25.00000000 18.15506172 28.00000000
v 25.00000000 18.03468513 30.00000000
v 25.00000000 18.23744774 31.00000000
v 25.00000000 18.71187973 32.00000000
v 24.71238327 19.00000000 33.00000000
v 25.00000000 19.00000000 32.43132401
v 25.00000000 20.00000000 0.09932498
v 25.00000000 19.53247070 3.00000000
v 25.00000000 20.00000000 3.58904028
v 24.93548965 20.00000000 21.00000000
v 25.00000000 19.95190239 21.00000000
v 25.00000000 20.00000000 20.77431297
v 24.31002235 20.00000000 22.00000000
v 25.00000000 19.30667305 33.00000000
v 25.00000000 20.00000000 33.42086792
v 25.00000000 21.00000000 0.21073921
v 25.00000000 21.00000000 3.87088060
v 24.61108017 21.00000000 21.00000000
v 25.00000000 21.00000000 20.34004021
v 24.48283195 21.00000000 34.00000000
v 25.00000000 21.00000000 33.65706635
v 25.00000000 22.00000000 0.10895129
v 25.00000000 21.19448853 4.00000000
v 24.43428040 22.00000000 4.00000000
v 25.00000000 22.00000000 4.61850691
v 24.83666229 22.00000000 8.00000000
v 25.00000000 21.46216393 8.00000000
v 25.00000000 22.00000000 7.74349976
v 25.00000000 22.00000000 8.17110634
v 24.50852966 22.00000000 16.00000000
v 25.00000000 21.74615860 16.00000000
v 25.00000000 22.00000000 15.56617546
v 24.08982849 22.00000000 17.00000000
v 25.00000000 22.00000000 16.62109756
v 25.00000000 21.03117752 18.00000000
v 25.00000000 22.00000000 17.12709427
v 24.40141487 22.00000000 18.00000000
v 25.00000000 21.38181114 19.00000000
v 25.00000000 21.17431450 20.00000000
v 24.03708649 22.00000000 22.00000000
v 24.89746475 22.00000000 34.00000000
v 25.00000000 22.00000000 33.92673874
v 25.00000000 23.00000000 0.32290134
v 24.20099258 23.00000000 3.00000000
v 25.00000000 23.00000000 4.88290119
v 24.82541847 23.00000000 7.00000000
v 25.00000000 22.71383858 7.00000000
v 25.00000000 23.00000000 6.77521276
v 24.87639236 23.00000000 9.00000000
v 25.00000000 22.80113602 9.00000000
v 25.00000000 23.00000000 9.52740383
v 24.95743179 23.00000000 11.00000000
v 25.00000000 22.33756638 11.00000000
v 25.00000000 23.00000000 10.72689056
v 25.00000000 23.00000000 11.10101414
v 24.49300385 23.00000000 15.00000000
v 25.00000000 22.50453568 15.00000000
v 25.00000000 23.00000000 14.31658459
v 24.47713089 23.00000000 16.00000000
v 24.14396667 22.15268707 16.86443520
v 25.00000000 22.10414314 17.00000000
v 24.08023834 23.00000000 17.00000000
v 24.09471321 22.22570610 17.15254593
v 24.07584572 23.00000000 18.00000000
v 25.00000000 22.38446808 34.00000000
v 25.00000000 23.00000000 34.16235733
v 25.00000000 24.00000000 0.15405358
v 24.03399086 24.00000000 3.00000000
v 25.00000000 23.13964462 5.00000000
v 24.62802887 24.00000000 5.00000000
v 24.94648933 24.00000000 6.00000000
v 25.00000000 23.90979004 6.00000000
v 24.89394951 24.00000000 7.00000000
v 24.41870308 24.00000000 9.00000000
v 25.00000000 23.16283417 10.00000000
v 24.60935020 24.00000000 10.00000000
v 24.73212051 24.00000000 11.00000000
v 25.00000000 23.96262741 12.00000000
v 24.96518707 24.00000000 12.00000000
v 25.00000000 24.00000000 12.09744930
v 24.45727921 24.00000000 15.00000000
v 25.00000000 24.00000000 14.60278034
v 24.58950806 24.00000000 17.00000000
v 24.52790451 24.00000000 18.00000000
v 24.07259560 24.00000000 19.00000000
v 25.00000000 24.00000000 34.23836517
v 25.00000000 25.00000000 0.20115659
v 24.18955612 25.00000000 3.00000000
v 24.60208321 25.00000000 4.00000000
v 25.00000000 25.00000000 4.91119671
v 25.00000000 24.83268356 5.00000000
v 25.00000000 24.13956451 6.00000000
v 25.00000000 25.00000000 6.53644037
v 24.78583336 25.00000000 7.00000000
v 24.14649582 25.00000000 8.00000000
v 24.48052788 25.00000000 9.00000000
v 25.00000000 25.00000000 9.84310627
v 25.00000000 24.82844353 10.00000000
v 25.00000000 25.00000000 10.19342804
v 24.52416611 25.00000000 11.00000000
v 24.95620346 25.00000000 12.00000000
v 25.00000000 25.00000000 12.21409893
v 25.00000000 24.69935226 15.00000000
v 24.93234062 25.00000000 16.00000000
v 25.00000000 25.00000000 15.78203011
v 24.67972374 25.00000000 17.00000000
v 24.31715202 25.00000000 18.00000000
v 24.17654800 25.00000000 20.00000000
v 25.00000000 25.00000000 34.47554016
v 24.92571831 26.00000000 0.00000000
v 25.00000000 25.96395683 0.00000000
v 24.30029106 26.00000000 3.00000000
v 24.55727768 26.00000000 4.00000000
v 25.00000000 26.00000000 4.49371290
v 25.00000000 25.81291199 7.00000000
v 25.00000000 26.00000000 7.05708265
v 24.42531395 26.00000000 8.00000000
v 24.78553581 26.00000000 9.00000000
v 25.00000000 25.28060532 10.00000000
v 24.75443840 26.00000000 10.00000000
v 24.89708328 26.00000000 11.00000000
v 24.78848457 26.00000000 12.00000000
v 25.00000000 26.00000000 12.27949238
v 24.98456955 26.00000000 16.00000000
v 25.00000000 26.00000000 15.86626434
v 25.00000000 26.00000000 16.04936790
v 25.00000000 25.68382454 17.00000000
v 25.00000000 25.74197006 18.00000000
v 25.00000000 25.89925575 19.00000000
v 24.82856178 26.00000000 20.00000000
v 25.00000000 26.00000000 19.35444641
v 25.00000000 25.96450806 21.00000000
v 25.00000000 26.00000000 20.82216835
v 24.43641090 26.00000000 22.00000000
v 25.00000000 26.00000000 21.07438087
v 25.00000000 26.00000000 34.09812546
v 25.00000000 26.02593613 0.00000000
v 25.00000000 27.00000000 0.30246314
v 25.00000000 27.00000000 2.78690362
v 25.00000000 26.75215340 3.00000000
v 25.00000000 26.45263672 4.00000000
v 24.91770744 27.00000000 8.00000000
v 25.00000000 27.00000000 7.88432503
v 24.87662125 27.00000000 9.00000000
v 25.00000000 27.00000000 9.67036724
v 25.00000000 26.76500702 10.00000000
v 25.00000000 26.26883316 11.00000000
v 25.00000000 26.36997795 12.00000000
v 25.00000000 26.01951408 16.00000000
v 25.00000000 26.18886375 20.00000000
v 24.53547287 27.00000000 22.00000000
v 25.00000000 27.00000000 21.55113983
v 25.00000000 27.00000000 34.09205627
v 25.00000000 28.00000000 0.14113194
v 25.00000000 27.34508324 3.00000000
v 24.55570030 28.00000000 3.00000000
v 25.00000000 28.00000000 3.35671043
v 25.00000000 27.04815292 8.00000000
v 25.00000000 27.23649406 9.00000000
v 25.00000000 27.28762627 22.00000000
v 24.55416298 28.00000000 23.00000000
v 25.00000000 28.00000000 22.66091728
v 25.00000000 28.00000000 33.39390182
v 25.00000000 27.12129021 34.00000000
v 25.00000000 29.00000000 0.29843974
v 25.00000000 29.00000000 2.70418429
v 25.00000000 28.54182243 3.00000000
v 24.22342110 29.00000000 23.00000000
v 25.00000000 28.21286583 23.00000000
v 25.00000000 28.78966331 24.00000000
v 24.78969765 29.00000000 24.00000000
v 25.00000000 28.59319687 25.00000000
v 24.78034973 29.00000000 25.00000000
v 25.00000000 29.00000000 25.41898727
v 24.64330673 29.00000000 33.00000000
v 25.00000000 29.00000000 32.47513199
v 25.00000000 28.46828651 33.00000000
v 25.00000000 30.00000000 0.14713487
v 25.00000000 29.95593262 3.00000000
v 24.97107315 30.00000000 3.00000000
v 25.00000000 30.00000000 3.01198983
v 24.53527832 30.00000000 24.00000000
v 24.63160706 30.00000000 25.00000000
v 25.00000000 30.00000000 25.84482384
v 24.78469276 30.00000000 28.00000000
v 25.00000000 30.00000000 27.29565430
v 25.00000000 29.61331367 28.00000000
v 25.00000000 29.12303352 29.00000000
v 24.69372368 30.00000000 29.00000000
v 25.00000000 29.50578880 30.00000000
v 24.60141182 30.00000000 30.00000000
v 25.00000000 29.45963287 31.00000000
v 24.68041801 30.00000000 31.00000000
v 25.00000000 30.00000000 31.79848862
v 24.58854485 30.00000000 33.00000000
v 25.00000000 30.00000000 32.20465088
v 25.00000000 31.00000000 0.35369477
v 25.00000000 31.00000000 2.56052876
v 25.00000000 30.02533722 3.00000000
v 24.36881256 31.00000000 24.00000000
v 24.51167488 31.00000000 25.00000000
v 25.00000000 30.25753975 26.00000000
v 24.70073509 31.00000000 26.00000000
v 25.00000000 30.13681221 27.00000000
v 24.40418053 31.00000000 27.00000000
v 24.37931061 31.00000000 28.00000000
v 24.17861748 31.00000000 29.00000000
v 24.05932236 31.00000000 31.00000000
v 25.00000000 30.18913269 32.00000000
v 24.61562347 31.00000000 32.00000000
v 24.12817764 31.00000000 33.00000000
v 25.00000000 32.00000000 0.16616572
v 25.00000000 32.00000000 2.80808020
v 24.03096581 32.00000000 26.00000000
v 25.00000000 33.00000000 0.23801379
v 25.00000000 33.00000000 2.80283928
v 24.05484581 33.00000000 25.00000000
v 24.01053238 33.00000000 26.00000000
v 24.07324791 33.00000000 27.00000000
v 25.00000000 34.00000000 0.11045635
v 25.00000000 34.00000000 2.68614006
v 25.00000000 35.00000000 0.40019056
v 25.00000000 35.00000000 2.54653764
v 25.00000000 36.00000000 0.14909393
v 25.00000000 36.00000000 2.96395350
v 25.00000000 37.00000000 0.31905320
v 25.00000000 37.00000000 2.76698208
v 25.00000000 38.00000000 0.40993589
v 24.63330460 38.00000000 3.00000000
v 25.00000000 38.00000000 2.81148362
v 25.00000000 39.00000000 0.66009301
v 25.00000000 39.00000000 2.82659435
v 25.00000000 40.00000000 0.70585531
v 24.15720177 40.00000000 3.00000000
v 25.00000000 40.00000000 2.73725438
v 25.00000000 40.65798187 1.00000000
v 24.63389206 41.00000000 1.00000000
v 25.00000000 41.00000000 1.45021248
v 25.00000000 41.00000000 2.34224081
v 25.00000000 41.29312134 2.00000000
v 25.54257965 6.00000000 1.00000000
v 26.00000000 5.83197403 1.00000000
v 26.00000000 6.00000000 0.81819230
v 26.00000000 6.00000000 1.47046387
v 26.00000000 7.00000000 0.48988792
v 26.00000000 7.00000000 1.87962604
v 25.87972069 7.00000000 2.00000000
v 26.00000000 8.00000000 0.23395255
v 26.00000000 7.20987988 2.00000000
v 26.00000000 8.00000000 2.22991204
v 26.00000000 9.00000000 0.19812675
v 26.00000000 9.00000000 2.13972902
v 26.00000000 10.00000000 0.07837699
v 25.33793449 10.00000000 0.00000000
v 26.00000000 10.00000000 2.23742223
v 26.00000000 11.00000000 0.30358166
v 25.66410255 11.00000000 2.00000000
v 26.00000000 11.00000000 1.85963404
v 26.00000000 10.70753574 2.00000000
v 26.00000000 12.00000000 0.27293918
v 25.00475883 12.00000000 2.00000000
v 26.00000000 11.62707138 2.00000000
v 26.00000000 12.00000000 2.06506419
v 26.00000000 13.00000000 0.46063063
v 26.00000000 13.00000000 2.06341100
v 26.00000000 14.00000000 0.28682309
v 26.00000000 14.00000000 2.16440129
v 26.00000000 15.00000000 0.44517416
v 26.00000000 15.00000000 2.15656924
v 26.00000000 16.00000000 0.25348902
v 26.00000000 16.00000000 2.42085147
v 26.00000000 17.00000000 0.27387691
v 25.08751297 17.00000000 3.00000000
v 26.00000000 17.00000000 2.51756430
v 25.05026245 17.00000000 27.00000000
v 26.00000000 18.00000000 0.22231130
v 26.00000000 18.00000000 2.74812460
v 25.03061485 18.00000000 23.00000000
v 26.00000000 18.00000000 23.41442490
v 26.00000000 17.52112007 24.00000000
v 25.62415886 18.00000000 25.00000000
v 26.00000000 18.00000000 24.62784767
v 25.36711121 18.00000000 26.00000000
v 25.21285248 18.00000000 27.00000000
v 25.11375237 18.00000000 29.00000000
v 26.00000000 19.00000000 0.28985703
v 26.00000000 19.00000000 2.76822233
v 25.71352196 19.00000000 22.00000000
v 26.00000000 19.00000000 22.19841194
v 26.00000000 18.57754517 23.00000000
v 26.00000000 18.39830971 25.00000000
v 26.00000000 18.48208427 26.00000000
v 26.00000000 18.66525459 27.00000000
v 25.90893555 19.00000000 28.00000000
v 26.00000000 19.00000000 27.83958817
v 26.00000000 19.00000000 28.18884659
v 26.00000000 18.78627968 29.00000000
v 25.73699760 19.00000000 30.00000000
v 26.00000000 19.00000000 29.54555321
v 25.81816864 19.00000000 31.00000000
v 25.26123810 19.00000000 32.00000000
v 26.00000000 20.00000000 0.21842198
v 26.00000000 19.54720116 3.00000000
v 26.00000000 20.00000000 3.31961036
v 25.54807472 20.00000000 20.00000000
v 26.00000000 19.91344261 20.00000000
v 26.00000000 20.00000000 19.84868050
v 26.00000000 19.61389732 21.00000000
v 26.00000000 19.13349724 22.00000000
v 26.00000000 19.09427452 28.00000000
v 26.00000000 19.18480492 30.00000000
v 26.00000000 19.17536163 31.00000000
v 26.00000000 19.54141998 32.00000000
v 25.67942047 20.00000000 33.00000000
v 26.00000000 20.00000000 32.63005066
v 26.00000000 21.00000000 0.23610331
v 26.00000000 20.70527649 4.00000000
v 25.35230446 21.00000000 4.00000000
v 25.55928612 21.00000000 5.00000000
v 26.00000000 20.61207008 5.00000000
v 25.91694641 21.00000000 6.00000000
v 26.00000000 20.94169998 6.00000000
v 25.59426498 21.00000000 7.00000000
v 26.00000000 20.29741096 7.00000000
v 25.30983925 21.00000000 8.00000000
v 26.00000000 20.60308647 8.00000000
v 26.00000000 21.00000000 8.84492016
v 25.89830780 21.00000000 10.00000000
v 26.00000000 20.68158913 10.00000000
v 26.00000000 21.00000000 9.24802208
v 25.51433945 21.00000000 11.00000000
v 26.00000000 20.79756546 11.00000000
v 26.00000000 21.00000000 11.29144573
v 25.06487846 21.00000000 18.00000000
v 26.00000000 20.70646667 18.00000000
v 26.00000000 21.00000000 17.43259430
v 26.00000000 21.00000000 18.59614754
v 25.27097893 21.00000000 20.00000000
v 26.00000000 21.00000000 19.43963432
v 25.89830208 21.00000000 33.00000000
v 26.00000000 21.00000000 32.90921783
v 26.00000000 22.00000000 0.16069332
v 25.44098473 22.00000000 5.00000000
v 25.71576881 22.00000000 6.00000000
v 25.33851814 22.00000000 7.00000000
v 25.40917015 22.00000000 9.00000000
v 26.00000000 21.04782295 9.00000000
v 25.27807426 22.00000000 10.00000000
v 25.03689384 22.00000000 11.00000000
v 26.00000000 22.00000000 11.82338142
v 26.00000000 21.71409035 16.00000000
v 26.00000000 22.00000000 15.69822598
v 25.40348434 22.00000000 17.00000000
v 26.00000000 21.62162209 17.00000000
v 26.00000000 21.30291557 19.00000000
v 26.00000000 21.11564827 33.00000000
v 26.00000000 22.00000000 33.89153671
v 26.00000000 23.00000000 0.27091646
v 25.37499046 23.00000000 5.00000000
v 25.41312218 23.00000000 6.00000000
v 25.26871681 23.00000000 10.00000000
v 26.00000000 23.00000000 11.83718109
v 25.54591942 23.00000000 13.00000000
v 26.00000000 22.76712418 13.00000000
v 26.00000000 23.00000000 12.65388966
v 26.00000000 23.00000000 13.09828377
v 26.00000000 22.62049675 15.00000000
v 26.00000000 23.00000000 14.70798492
v 25.58227158 23.00000000 34.00000000
v 26.00000000 23.00000000 33.86326218
v 26.00000000 24.00000000 0.16561274
v 26.00000000 23.34079933 12.00000000
v 25.31741714 24.00000000 13.00000000
v 26.00000000 24.00000000 13.84413433
v 26.00000000 24.00000000 14.31033802
v 26.00000000 23.59243584 34.00000000
v 26.00000000 24.00000000 34.05580902
v 26.00000000 25.00000000 0.17615373
v 25.08825684 25.00000000 5.00000000
v 25.46874809 25.00000000 6.00000000
v 25.08444977 25.00000000 10.00000000
v 25.26348495 25.00000000 13.00000000
v 26.00000000 25.00000000 13.92061329
v 25.39365005 25.00000000 15.00000000
v 26.00000000 25.00000000 14.15743160
v 25.75696564 25.00000000 16.00000000
v 26.00000000 25.00000000 15.94509315
v 26.00000000 24.95775032 16.00000000
v 26.00000000 25.00000000 16.02553368
v 26.00000000 25.00000000 34.02767181
v 26.00000000 26.00000000 0.05338008
v 25.13666344 26.00000000 0.00000000
v 25.79618835 26.00000000 5.00000000
v 25.81323433 26.00000000 6.00000000
v 25.13400650 26.00000000 7.00000000
v 26.00000000 26.00000000 12.80137253
v 26.00000000 25.70899582 13.00000000
v 26.00000000 25.41616631 15.00000000
v 25.02858543 26.00000000 16.00000000
v 26.00000000 25.87125969 17.00000000
v 26.00000000 25.97992897 18.00000000
v 25.41192627 26.00000000 19.00000000
v 26.00000000 26.00000000 18.13901329
v 25.78501511 26.00000000 21.00000000
v 25.40531158 26.00000000 34.00000000
v 26.00000000 26.00000000 33.81710052
v 26.00000000 25.18396950 34.00000000
v 26.00000000 27.00000000 0.19201538
v 25.78961372 27.00000000 3.00000000
v 26.00000000 27.00000000 3.41225719
v 26.00000000 26.45688248 4.00000000
v 26.00000000 26.16586304 5.00000000
v 26.00000000 27.00000000 5.97007370
v 25.95532417 27.00000000 6.00000000
v 25.43158340 27.00000000 7.00000000
v 25.14469147 27.00000000 10.00000000
v 25.28458595 27.00000000 11.00000000
v 25.35938644 27.00000000 12.00000000
v 26.00000000 27.00000000 12.95984650
v 26.00000000 26.11947632 19.00000000
v 26.00000000 26.75861931 20.00000000
v 26.00000000 26.05736923 21.00000000
v 26.00000000 26.98861504 22.00000000
v 25.97279930 27.00000000 22.00000000
v 26.00000000 27.00000000 22.00808525
v 25.13789177 27.00000000 34.00000000
v 26.00000000 27.00000000 33.31740952
v 26.00000000 28.00000000 0.13770513
v 26.00000000 28.00000000 3.15465903
v 26.00000000 27.02525330 6.00000000
v 26.00000000 27.61946106 7.00000000
v 26.00000000 27.83072662 8.00000000
v 25.71298599 28.00000000 9.00000000
v 26.00000000 28.00000000 8.41384602
v 25.65676308 28.00000000 10.00000000
v 26.00000000 28.00000000 10.90672684
v 26.00000000 27.94999504 11.00000000
v 26.00000000 27.64545441 12.00000000
v 26.00000000 28.00000000 22.82023621
v 25.76193428 28.00000000 33.00000000
v 26.00000000 28.00000000 32.77230072
v 26.00000000 27.66400528 33.00000000
v 26.00000000 29.00000000 0.26213709
v 26.00000000 29.00000000 2.71000600
v 26.00000000 28.19648170 3.00000000
v 26.00000000 28.14454079 9.00000000
v 26.00000000 28.16427803 10.00000000
v 26.00000000 28.23917198 23.00000000
v 26.00000000 28.48973274 24.00000000
v 26.00000000 28.40136147 25.00000000
v 26.00000000 29.00000000 25.49364471
v 25.74565506 29.00000000 28.00000000
v 26.00000000 29.00000000 27.75293350
v 26.00000000 28.75148392 28.00000000
v 26.00000000 28.86118507 29.00000000
v 25.37550163 29.00000000 29.00000000
v 26.00000000 29.00000000 29.46395302
v 25.52975845 29.00000000 31.00000000
v 26.00000000 29.00000000 30.27753258
v 26.00000000 28.62057686 31.00000000
v 26.00000000 28.66619492 32.00000000
v 25.65936279 29.00000000 32.00000000
v 26.00000000 30.00000000 0.18582892
v 26.00000000 29.78164482 3.00000000
v 26.00000000 30.00000000 3.04075241
v 26.00000000 29.49023628 26.00000000
v 25.22931099 30.00000000 26.00000000
v 26.00000000 29.95564270 27.00000000
v 25.84579659 30.00000000 27.00000000
v 26.00000000 29.11788368 30.00000000
v 25.12122345 30.00000000 32.00000000
v 26.00000000 31.00000000 0.47793818
v 26.00000000 31.00000000 2.27062702
v 26.00000000 30.11592484 3.00000000
v 26.00000000 32.00000000 0.29866666
v 26.00000000 32.00000000 2.35446215
v 26.00000000 33.00000000 0.33873621
v 26.00000000 33.00000000 2.38089013
v 26.00000000 34.00000000 0.28451583
v 26.00000000 34.00000000 2.52273130
v 26.00000000 35.00000000 0.42540479
v 26.00000000 35.00000000 2.30401707
v 26.00000000 36.00000000 0.29549658
v 26.00000000 36.00000000 2.52969670
v 26.00000000 37.00000000 0.48054132
v 26.00000000 37.00000000 2.22477627
v 26.00000000 38.00000000 0.53556299
v 26.00000000 38.00000000 2.50251532
v 26.00000000 38.98618317 1.00000000
v 25.98471069 39.00000000 1.00000000
v 26.00000000 39.00000000 1.04154766
v 26.00000000 39.00000000 2.30819368
v 26.00000000 39.07146835 1.00000000
v 26.00000000 40.00000000 0.91218984
v 26.00000000 40.00000000 2.17333698
v 26.00000000 40.38385010 1.00000000
v 26.00000000 40.28192902 2.00000000
v 25.34275246 41.00000000 2.00000000
v 26.26526642 6.00000000 1.00000000
v 27.00000000 6.62561846 1.00000000
v 27.00000000 7.00000000 0.47023210
v 27.00000000 7.00000000 1.62329912
v 27.00000000 8.00000000 0.34660098
v 26.45412254 8.00000000 2.00000000
v 27.00000000 8.00000000 1.53412104
v 27.00000000 9.00000000 0.12351902
v 26.89765358 9.00000000 2.00000000
v 27.00000000 9.00000000 1.97281361
v 26.65553093 10.00000000 0.00000000
v 27.00000000 9.72584534 0.00000000
v 27.00000000 9.35009766 2.00000000
v 27.00000000 10.00000000 2.03719974
v 27.00000000 10.18684387 0.00000000
v 27.00000000 11.00000000 0.18627667
v 27.00000000 11.00000000 1.84718132
v 27.00000000 10.22130585 2.00000000
v 27.00000000 12.00000000 0.23433945
v 26.21323395 12.00000000 2.00000000
v 27.00000000 12.00000000 1.71874321
v 27.00000000 13.00000000 0.42321175
v 26.35626793 13.00000000 2.00000000
v 27.00000000 13.00000000 1.82157910
v 27.00000000 14.00000000 0.33063301
v 27.00000000 13.40284729 2.00000000
v 27.00000000 14.00000000 2.18923759
v 27.00000000 15.00000000 0.45513731
v 27.00000000 15.00000000 2.38841081
v 27.00000000 16.00000000 0.31727332
v 27.00000000 16.00000000 2.45829225
v 27.00000000 17.00000000 0.19475092
v 27.00000000 16.45402718 3.00000000
v 26.73149872 17.00000000 3.00000000
v 27.00000000 17.00000000 3.10105920
v 27.00000000 18.00000000 0.21233501
v 26.62484360 18.00000000 3.00000000
v 27.00000000 18.00000000 3.14032555
v 26.55705070 18.00000000 24.00000000
v 27.00000000 19.00000000 0.37006757
v 27.00000000 19.00000000 2.95534706
v 27.00000000 18.83283043 3.00000000
v 26.52204704 19.00000000 23.00000000
v 27.00000000 19.00000000 23.92356110
v 27.00000000 18.95298767 24.00000000
v 27.00000000 18.65000916 25.00000000
v 26.49419594 19.00000000 26.00000000
v 27.00000000 19.00000000 25.58670044
v 26.82902718 19.00000000 27.00000000
v 26.35061264 19.00000000 29.00000000
v 27.00000000 20.00000000 0.28037903
v 27.00000000 19.06328773 3.00000000
v 27.00000000 20.00000000 3.71340680
v 26.91948891 20.00000000 9.00000000
v 27.00000000 19.98022079 9.00000000
v 27.00000000 20.00000000 8.47992897
v 27.00000000 20.00000000 9.05335140
v 27.00000000 19.95608139 20.00000000
v 27.00000000 20.00000000 19.94991493
v 27.00000000 19.85697746 21.00000000
v 27.00000000 19.64993668 22.00000000
v 27.00000000 19.38415909 23.00000000
v 27.00000000 19.23195648 26.00000000
v 27.00000000 19.12250519 27.00000000
v 27.00000000 19.70646667 28.00000000
v 27.00000000 19.58132362 29.00000000
v 27.00000000 19.71939087 30.00000000
v 27.00000000 19.92957687 31.00000000
v 26.98751259 20.00000000 32.00000000
v 27.00000000 20.00000000 31.90478897
v 27.00000000 21.00000000 0.16089976
v 27.00000000 20.70030594 4.00000000
v 27.00000000 20.56301689 5.00000000
v 27.00000000 20.71873665 6.00000000
v 27.00000000 20.32088470 7.00000000
v 27.00000000 20.04291344 8.00000000
v 26.08680534 21.00000000 9.00000000
v 27.00000000 20.72489548 10.00000000
v 27.00000000 20.73107910 11.00000000
v 27.00000000 21.00000000 11.79373837
v 26.85009003 21.00000000 15.00000000
v 27.00000000 20.90542030 15.00000000
v 27.00000000 21.00000000 14.74305725
v 27.00000000 21.00000000 15.42239571
v 26.47244072 21.00000000 17.00000000
v 27.00000000 20.74192047 17.00000000
v 27.00000000 21.00000000 16.39317894
v 27.00000000 20.63169098 18.00000000
v 26.30261612 21.00000000 19.00000000
v 27.00000000 20.65493011 19.00000000
v 27.00000000 20.01134109 32.00000000
v 27.00000000 21.00000000 32.57711411
v 27.00000000 22.00000000 0.24114816
v 27.00000000 21.15368652 12.00000000
v 26.17729568 22.00000000 12.00000000
v 26.45384026 22.00000000 13.00000000
v 27.00000000 21.52870750 13.00000000
v 26.54660225 22.00000000 14.00000000
v 27.00000000 21.49428177 14.00000000
v 26.42879295 22.00000000 15.00000000
v 27.00000000 21.19899940 16.00000000
v 27.00000000 21.32786369 33.00000000
v 27.00000000 22.00000000 33.44684219
v 27.00000000 23.00000000 0.23932606
v 26.10354042 23.00000000 12.00000000
v 27.00000000 22.73879814 14.00000000
v 27.00000000 23.00000000 13.36900616
v 27.00000000 23.00000000 14.16564369
v 27.00000000 23.00000000 33.36114883
v 27.00000000 24.00000000 0.16808178
v 27.00000000 23.40472603 14.00000000
v 26.25602722 24.00000000 14.00000000
v 26.11745262 24.00000000 34.00000000
v 27.00000000 24.00000000 33.56604004
v 27.00000000 25.00000000 0.09843210
v 26.27571678 25.00000000 14.00000000
v 26.04076958 25.00000000 16.00000000
v 26.06509590 25.00000000 34.00000000
v 27.00000000 25.00000000 33.44944382
v 27.00000000 26.00000000 0.10949135
v 26.22470093 26.00000000 13.00000000
v 26.99678612 26.00000000 14.00000000
v 27.00000000 25.41364861 15.00000000
v 27.00000000 26.00000000 14.00620365
v 26.73163605 26.00000000 16.00000000
v 27.00000000 26.00000000 15.77456856
v 26.20377350 26.00000000 17.00000000
v 26.03396034 26.00000000 18.00000000
v 27.00000000 26.00000000 33.38103867
v 27.00000000 27.00000000 0.17049934
v 27.00000000 27.00000000 3.49453878
v 27.00000000 26.40650177 4.00000000
v 26.93834877 27.00000000 5.00000000
v 27.00000000 27.00000000 4.88548565
v 26.23978043 27.00000000 13.00000000
v 27.00000000 27.00000000 13.10458660
v 27.00000000 26.00321960 14.00000000
v 27.00000000 26.19798470 16.00000000
v 27.00000000 26.80789185 17.00000000
v 27.00000000 26.63425636 18.00000000
v 27.00000000 26.05962753 19.00000000
v 26.20787048 27.00000000 20.00000000
v 27.00000000 27.00000000 19.28977585
v 26.36611938 27.00000000 21.00000000
v 26.01507950 27.00000000 22.00000000
v 26.33665657 27.00000000 33.00000000
v 27.00000000 27.00000000 32.58987808
v 27.00000000 26.56463051 33.00000000
v 27.00000000 28.00000000 0.14850001
v 27.00000000 28.00000000 3.97074199
v 27.00000000 27.09983635 5.00000000
v 27.00000000 27.24102402 6.00000000
v 27.00000000 27.93313789 7.00000000
v 26.33136368 28.00000000 8.00000000
v 27.00000000 28.00000000 7.13653326
v 26.05614281 28.00000000 11.00000000
v 27.00000000 28.00000000 11.59875584
v 27.00000000 27.66623497 12.00000000
v 27.00000000 27.09052277 13.00000000
v 27.00000000 27.48929214 20.00000000
v 27.00000000 27.18928528 21.00000000
v 27.00000000 27.49353027 22.00000000
v 27.00000000 28.00000000 22.61632156
v 26.98357964 28.00000000 30.00000000
v 27.00000000 28.00000000 29.82204247
v 27.00000000 27.98554039 30.00000000
v 27.00000000 28.00000000 30.04452324
v 26.51812744 28.00000000 32.00000000
v 27.00000000 28.00000000 31.36148643
v 27.00000000 27.63970375 32.00000000
v 27.00000000 29.00000000 0.25253862
v 27.00000000 29.00000000 2.66614676
v 27.00000000 28.62409592 3.00000000
v 27.00000000 28.32775307 8.00000000
v 27.00000000 28.35817146 9.00000000
v 27.00000000 28.26157188 10.00000000
v 27.00000000 28.21078682 11.00000000
v 27.00000000 28.13262749 23.00000000
v 27.00000000 28.23140335 24.00000000
v 27.00000000 28.29933357 25.00000000
v 27.00000000 28.54772568 26.00000000
v 26.45397568 29.00000000 26.00000000
v 27.00000000 28.48492241 27.00000000
v 26.44005966 29.00000000 27.00000000
v 27.00000000 28.25959969 28.00000000
v 27.00000000 28.03402901 29.00000000
v 26.09207535 29.00000000 30.00000000
v 27.00000000 28.14830589 31.00000000
v 27.00000000 30.00000000 0.32994086
v 26.22258568 30.00000000 3.00000000
v 27.00000000 30.00000000 2.67374921
v 27.00000000 31.00000000 0.36737853
v 27.00000000 31.00000000 2.40970492
v 27.00000000 32.00000000 0.37327233
v 27.00000000 32.00000000 2.41196942
v 27.00000000 33.00000000 0.35732594
v 27.00000000 33.00000000 2.21007776
v 27.00000000 34.00000000 0.44050616
v 27.00000000 34.00000000 2.21255040
v 27.00000000 35.00000000 0.54435492
v 27.00000000 35.00000000 2.24172330
v 27.00000000 36.00000000 0.42030844
v 27.00000000 36.00000000 2.21565437
v 27.00000000 37.00000000 0.50107610
v 27.00000000 37.00000000 2.28864980
v 27.00000000 38.00000000 0.78230786
v 27.00000000 38.00000000 2.34066391
v 26.09142685 39.00000000 1.00000000
v 27.00000000 39.00000000 0.92727703
v 27.00000000 39.00000000 2.24830246
v 27.00000000 39.75380707 1.00000000
v 26.80011559 40.00000000 1.00000000
v 26.36900902 40.00000000 2.00000000
v 27.00000000 39.50010681 2.00000000
v 28.00000000 6.34348488 1.00000000
v 28.00000000 7.00000000 0.34762141
v 28.00000000 7.00000000 1.40902376
v 28.00000000 8.00000000 0.14565523
v 28.00000000 8.00000000 1.87134731
v 28.00000000 9.00000000 0.12469541
v 28.00000000 9.00000000 1.82567966
v 28.00000000 9.78366375 0.00000000
v 28.00000000 9.29463100 2.00000000
v 28.00000000 10.00000000 2.32712889
v 28.00000000 10.12987518 0.00000000
v 28.00000000 11.00000000 0.17009166
v 28.00000000 11.00000000 1.79238486
v 28.00000000 10.60009098 2.00000000
v 28.00000000 12.00000000 0.15425611
v 28.00000000 11.49108315 2.00000000
v 27.50548172 12.00000000 2.00000000
v 28.00000000 12.00000000 2.17038727
v 28.00000000 13.00000000 0.30279484
v 28.00000000 13.00000000 1.84559226
v 28.00000000 12.62806416 2.00000000
v 28.00000000 14.00000000 0.17440854
v 28.00000000 13.19689655 2.00000000
v 28.00000000 14.00000000 2.50059319
v 28.00000000 15.00000000 0.33544701
v 28.00000000 15.00000000 2.47664165
v 28.00000000 16.00000000 0.11267798
v 28.00000000 16.00000000 2.81434345
v 28.00000000 17.00000000 0.18896659
v 27.31240845 17.00000000 3.00000000
v 28.00000000 17.00000000 2.59674597
v 28.00000000 18.00000000 0.07553680
v 28.00000000 17.69465446 3.00000000
v 28.00000000 18.00000000 3.17478418
v 28.00000000 19.00000000 0.25273246
v 28.00000000 19.00000000 2.93305159
v 28.00000000 18.75501823 3.00000000
v 27.04220963 19.00000000 24.00000000
v 27.32379532 19.00000000 25.00000000
v 28.00000000 20.00000000 0.09594380
v 28.00000000 19.15796089 3.00000000
v 28.00000000 20.00000000 3.92141771
v 27.06241798 20.00000000 9.00000000
v 27.16049385 20.00000000 20.00000000
v 27.14420700 20.00000000 21.00000000
v 28.00000000 20.00000000 21.66579247
v 28.00000000 19.67205620 22.00000000
v 28.00000000 19.94251633 23.00000000
v 28.00000000 19.54047966 24.00000000
v 28.00000000 19.71412277 25.00000000
v 28.00000000 19.91054726 26.00000000
v 27.87926102 20.00000000 27.00000000
v 28.00000000 20.00000000 26.46782494
v 27.69912720 20.00000000 28.00000000
v 27.37951469 20.00000000 29.00000000
v 27.61997986 20.00000000 30.00000000
v 27.08527946 20.00000000 31.00000000
v 28.00000000 21.00000000 0.17777978
v 28.00000000 20.36688614 4.00000000
v 28.00000000 20.69774818 5.00000000
v 27.62382698 21.00000000 6.00000000
v 28.00000000 21.00000000 5.80531693
v 28.00000000 21.00000000 6.49529123
v 28.00000000 20.88697243 7.00000000
v 28.00000000 20.19894028 8.00000000
v 28.00000000 20.85432434 9.00000000
v 28.00000000 20.95895195 10.00000000
v 27.48067856 21.00000000 11.00000000
v 28.00000000 21.00000000 10.09773636
v 27.25982475 21.00000000 15.00000000
v 28.00000000 20.95596313 16.00000000
v 28.00000000 21.00000000 15.91651535
v 27.84050369 21.00000000 16.00000000
v 27.67954254 21.00000000 17.00000000
v 28.00000000 21.00000000 16.20680809
v 28.00000000 21.00000000 17.38163185
v 28.00000000 20.82318687 18.00000000
v 28.00000000 20.99185562 19.00000000
v 28.00000000 20.55053902 20.00000000
v 28.00000000 20.64995384 21.00000000
v 28.00000000 20.12896538 27.00000000
v 28.00000000 20.19715691 28.00000000
v 28.00000000 20.55256081 29.00000000
v 28.00000000 20.21673775 30.00000000
v 28.00000000 20.90091133 31.00000000
v 27.88810539 21.00000000 32.00000000
v 28.00000000 21.00000000 31.50514984
v 28.00000000 22.00000000 0.10694269
v 28.00000000 21.12998009 6.00000000
v 28.00000000 21.36665535 11.00000000
v 28.00000000 21.56261635 12.00000000
v 27.39662170 22.00000000 13.00000000
v 28.00000000 22.00000000 12.59618187
v 27.79248238 22.00000000 14.00000000
v 28.00000000 22.00000000 14.56130409
v 28.00000000 21.82469559 15.00000000
v 28.00000000 21.15684128 17.00000000
v 28.00000000 21.07252693 32.00000000
v 27.99050140 22.00000000 33.00000000
v 28.00000000 22.00000000 32.99113846
v 28.00000000 23.00000000 0.20445964
v 27.38751984 23.00000000 13.00000000
v 28.00000000 23.00000000 12.86295414
v 28.00000000 23.00000000 14.22636986
v 28.00000000 22.33697701 33.00000000
v 28.00000000 23.00000000 33.01282120
v 28.00000000 24.00000000 0.10762712
v 28.00000000 23.48328018 13.00000000
v 28.00000000 23.54778099 14.00000000
v 28.00000000 24.00000000 33.21216965
v 28.00000000 25.00000000 0.22079432
v 27.82299614 25.00000000 13.00000000
v 28.00000000 25.00000000 12.71782875
v 28.00000000 24.45457649 13.00000000
v 28.00000000 25.00000000 13.65880013
v 27.77037811 25.00000000 15.00000000
v 28.00000000 25.00000000 14.52150249
v 28.00000000 24.91283226 15.00000000
v 28.00000000 25.00000000 15.18497276
v 27.99397087 25.00000000 33.00000000
v 28.00000000 25.00000000 32.99573898
v 28.00000000 24.98783875 33.00000000
v 28.00000000 26.00000000 0.04966831
v 27.95175362 26.00000000 6.00000000
v 28.00000000 26.00000000 5.94345665
v 28.00000000 25.90204620 6.00000000
v 28.00000000 26.00000000 6.03842783
v 27.80128288 26.00000000 13.00000000
v 28.00000000 26.00000000 12.85172272
v 28.00000000 25.15124321 14.00000000
v 27.00483131 26.00000000 14.00000000
v 28.00000000 25.52263641 15.00000000
v 28.00000000 26.00000000 14.87006760
v 27.83888435 26.00000000 15.00000000
v 28.00000000 25.13686752 33.00000000
v 28.00000000 26.00000000 33.01608658
v 28.00000000 27.00000000 0.17554818
v 27.66862297 27.00000000 4.00000000
v 28.00000000 26.07404518 6.00000000
v 27.19707298 27.00000000 13.00000000
v 28.00000000 27.00000000 12.71328354
v 28.00000000 26.12389755 15.00000000
v 28.00000000 26.03673172 16.00000000
v 28.00000000 26.58802032 17.00000000
v 28.00000000 26.13775444 18.00000000
v 28.00000000 26.98810387 19.00000000
v 28.00000000 27.00000000 19.01107597
v 28.00000000 27.00000000 32.09897232
v 28.00000000 26.02175140 33.00000000
v 28.00000000 28.00000000 0.15025282
v 28.00000000 28.00000000 3.19734287
v 28.00000000 27.32290077 4.00000000
v 28.00000000 27.12674141 5.00000000
v 28.00000000 27.31301308 6.00000000
v 28.00000000 27.57725525 7.00000000
v 28.00000000 28.00000000 7.36453962
v 27.35002708 28.00000000 10.00000000
v 28.00000000 28.00000000 9.70668602
v 28.00000000 27.72422981 10.00000000
v 28.00000000 28.00000000 10.72321987
v 28.00000000 28.00000000 11.22353363
v 28.00000000 27.63856888 12.00000000
v 28.00000000 27.62020493 20.00000000
v 28.00000000 27.26036072 21.00000000
v 28.00000000 27.51705551 22.00000000
v 28.00000000 28.00000000 22.92348099
v 27.87909126 28.00000000 28.00000000
v 28.00000000 28.00000000 27.82719612
v 28.00000000 27.94632149 28.00000000
v 28.00000000 27.97130966 29.00000000
v 27.72720528 28.00000000 29.00000000
v 28.00000000 27.67061996 30.00000000
v 28.00000000 27.66132164 31.00000000
v 27.39894104 28.00000000 31.00000000
v 28.00000000 27.13382339 32.00000000
v 28.00000000 29.00000000 0.35331282
v 28.00000000 29.00000000 2.84644771
v 28.00000000 28.41398048 3.00000000
v 28.00000000 28.47834396 8.00000000
v 28.00000000 28.38233376 9.00000000
v 28.00000000 28.05056763 11.00000000
v 28.00000000 28.01446342 23.00000000
v 28.00000000 28.05737114 24.00000000
v 28.00000000 28.14426994 25.00000000
v 28.00000000 28.27820969 26.00000000
v 28.00000000 28.20886040 27.00000000
v 28.00000000 30.00000000 0.13408114
v 28.00000000 29.35537148 3.00000000
v 27.64257240 30.00000000 3.00000000
v 28.00000000 30.00000000 3.10245061
v 28.00000000 31.00000000 0.33381826
v 28.00000000 31.00000000 2.45644832
v 28.00000000 30.27983284 3.00000000
v 28.00000000 32.00000000 0.26712567
v 28.00000000 32.00000000 2.49839449
v 28.00000000 33.00000000 0.46826315
v 28.00000000 33.00000000 2.10235143
v 28.00000000 34.00000000 0.28652704
v 28.00000000 34.00000000 2.33290935
v 28.00000000 35.00000000 0.54103422
v 28.00000000 35.00000000 2.02645278
v 28.00000000 36.00000000 0.28543431
v 28.00000000 36.00000000 2.26469016
v 28.00000000 37.00000000 0.68169171
v 27.93718719 37.00000000 2.00000000
v 28.00000000 37.00000000 1.95333171
v 28.00000000 36.96065140 2.00000000
v 28.00000000 38.00000000 0.67252010
v 28.00000000 37.06319427 2.00000000
v 28.00000000 38.00000000 2.31030583
v 28.00000000 39.00000000 0.84563643
v 28.00000000 39.00000000 2.03646493
v 28.00000000 39.62743378 1.00000000
v 28.00000000 39.21349335 2.00000000
v 28.93045998 7.00000000 1.00000000
v 29.00000000 7.06939268 1.00000000
v 29.00000000 8.00000000 0.22284892
v 29.00000000 8.00000000 1.32852960
v 29.00000000 9.00000000 0.12544148
v 29.00000000 9.00000000 1.80382717
v 29.00000000 9.42554379 0.00000000
v 28.63523865 10.00000000 2.00000000
v 29.00000000 10.00000000 1.76005065
v 29.00000000 10.27975655 0.00000000
v 29.00000000 11.00000000 0.35090744
v 28.97658157 11.00000000 2.00000000
v 29.00000000 10.97292328 2.00000000
v 29.00000000 11.00000000 2.00405645
v 29.00000000 12.00000000 0.19223948
v 29.00000000 12.00000000 1.69569075
v 28.51869774 12.00000000 2.00000000
v 29.00000000 11.02433014 2.00000000
v 29.00000000 13.00000000 0.31953034
v 28.24139977 13.00000000 2.00000000
v 29.00000000 12.33271694 2.00000000
v 29.00000000 13.00000000 2.53740621
v 28.89105988 14.00000000 0.00000000
v 29.00000000 13.93013000 0.00000000
v 29.00000000 14.00000000 2.56136298
v 29.00000000 14.05601788 0.00000000
v 29.00000000 15.00000000 0.42610133
v 29.00000000 15.00000000 2.82076788
v 29.00000000 16.00000000 0.04583124
v 29.00000000 16.00000000 2.83722591
v 29.00000000 17.00000000 0.15643553
v 29.00000000 16.28716660 3.00000000
v 28.59290695 17.00000000 3.00000000
v 29.00000000 17.00000000 3.15113592
v 28.80695343 18.00000000 0.00000000
v 29.00000000 17.89002419 0.00000000
v 29.00000000 18.00000000 3.32791758
v 29.00000000 18.08556747 0.00000000
v 29.00000000 19.00000000 0.22235607
v 28.28913116 19.00000000 3.00000000
v 29.00000000 19.00000000 3.26772618
v 29.00000000 20.00000000 0.04734448
v 29.00000000 20.00000000 3.99196982
v 28.19369507 20.00000000 22.00000000
v 28.03439331 20.00000000 23.00000000
v 28.30897141 20.00000000 24.00000000
v 28.14860535 20.00000000 25.00000000
v 28.05874062 20.00000000 26.00000000
v 29.00000000 21.00000000 0.08620156
v 29.00000000 20.06679344 4.00000000
v 29.00000000 20.72107124 5.00000000
v 29.00000000 21.00000000 5.35706711
v 28.15710258 21.00000000 7.00000000
v 28.28466988 21.00000000 8.00000000
v 28.05834770 21.00000000 9.00000000
v 28.02914238 21.00000000 10.00000000
v 28.05992889 21.00000000 16.00000000
v 28.15446281 21.00000000 18.00000000
v 28.01685524 21.00000000 19.00000000
v 28.21966743 21.00000000 20.00000000
v 28.37443924 21.00000000 21.00000000
v 28.57542992 21.00000000 22.00000000
v 29.00000000 21.00000000 22.75330162
v 29.00000000 20.92710686 23.00000000
v 28.67654800 21.00000000 24.00000000
v 29.00000000 21.00000000 23.22283745
v 29.00000000 21.00000000 24.64395523
v 29.00000000 20.87360001 25.00000000
v 28.89237022 21.00000000 26.00000000
v 29.00000000 21.00000000 25.61044502
v 28.50219345 21.00000000 27.00000000
v 28.37661743 21.00000000 28.00000000
v 28.34320831 21.00000000 29.00000000
v 28.45201874 21.00000000 30.00000000
v 28.05411339 21.00000000 31.00000000
v 28.49658012 22.00000000 0.00000000
v 29.00000000 21.45029068 0.00000000
v 28.45786095 22.00000000 6.00000000
v 29.00000000 22.00000000 5.33098936
v 28.81686020 22.00000000 7.00000000
v 28.77350044 22.00000000 8.00000000
v 28.49111938 22.00000000 9.00000000
v 28.66905022 22.00000000 10.00000000
v 28.76628113 22.00000000 11.00000000
v 28.42841721 22.00000000 12.00000000
v 29.00000000 21.91337967 15.00000000
v 29.00000000 22.00000000 14.87098312
v 29.00000000 21.49127769 16.00000000
v 29.00000000 21.78326225 17.00000000
v 28.94696999 22.00000000 18.00000000
v 29.00000000 22.00000000 17.81263733
v 28.69496155 22.00000000 19.00000000
v 28.94355774 22.00000000 20.00000000
v 28.68060303 22.00000000 21.00000000
v 29.00000000 22.00000000 21.50770760
v 29.00000000 21.57546425 22.00000000
v 29.00000000 21.96793747 23.00000000
v 28.99607086 22.00000000 23.00000000
v 29.00000000 22.00000000 22.98550797
v 29.00000000 21.40848923 24.00000000
v 29.00000000 22.00000000 23.00651550
v 29.00000000 21.16799355 26.00000000
v 29.00000000 21.62746239 27.00000000
v 28.90699768 22.00000000 28.00000000
v 29.00000000 22.00000000 27.61219406
v 28.58993912 22.00000000 29.00000000
v 28.84172249 22.00000000 30.00000000
v 28.65290451 22.00000000 31.00000000
v 28.42254448 22.00000000 32.00000000
v 29.00000000 22.32362556 0.00000000
v 29.00000000 23.00000000 0.27027506
v 28.87416077 23.00000000 6.00000000
v 29.00000000 23.00000000 5.82768011
v 29.00000000 23.00000000 6.48894119
v 29.00000000 22.47767448 7.00000000
v 29.00000000 22.57435608 8.00000000
v 28.71587944 23.00000000 9.00000000
v 29.00000000 23.00000000 8.40878201
v 28.75049400 23.00000000 10.00000000
v 28.55275917 23.00000000 11.00000000
v 28.66827011 23.00000000 12.00000000
v 29.00000000 23.00000000 14.84336758
v 29.00000000 22.36383629 18.00000000
v 28.56816101 23.00000000 19.00000000
v 29.00000000 23.00000000 18.10923195
v 28.56343460 23.00000000 20.00000000
v 29.00000000 23.00000000 20.78191566
v 29.00000000 22.70027351 21.00000000
v 28.94674301 23.00000000 23.00000000
v 29.00000000 23.00000000 22.89611626
v 29.00000000 23.00000000 23.15108681
v 29.00000000 22.51697922 28.00000000
v 28.96859360 23.00000000 29.00000000
v 29.00000000 23.00000000 28.75927734
v 29.00000000 23.00000000 29.43792534
v 29.00000000 22.80674362 30.00000000
v 28.82861900 23.00000000 31.00000000
v 29.00000000 23.00000000 30.16543007
v 28.51479340 23.00000000 32.00000000
v 28.00762177 23.00000000 33.00000000
v 29.00000000 24.00000000 0.03238821
v 28.81446075 24.00000000 6.00000000
v 29.00000000 24.00000000 5.53831530
v 29.00000000 24.00000000 6.61342144
v 28.99141121 24.00000000 8.00000000
v 29.00000000 24.00000000 7.89594269
v 29.00000000 23.96081352 8.00000000
v 28.93657684 24.00000000 9.00000000
v 29.00000000 24.00000000 9.33974743
v 29.00000000 23.65139580 10.00000000
v 28.79306221 24.00000000 11.00000000
v 29.00000000 24.00000000 10.33276367
v 28.75473404 24.00000000 12.00000000
v 28.20640182 24.00000000 13.00000000
v 28.46442795 24.00000000 14.00000000
v 29.00000000 23.38393593 15.00000000
v 28.86895180 24.00000000 15.00000000
v 29.00000000 24.00000000 15.20208931
v 28.84072113 24.00000000 19.00000000
v 29.00000000 24.00000000 18.72793961
v 28.86546135 24.00000000 20.00000000
v 29.00000000 24.00000000 20.29701996
v 29.00000000 23.39797020 23.00000000
v 29.00000000 23.53634262 29.00000000
v 28.88358116 24.00000000 31.00000000
v 29.00000000 24.00000000 30.71135521
v 28.64160919 24.00000000 32.00000000
v 28.14707184 24.00000000 33.00000000
v 29.00000000 25.00000000 0.18746020
v 29.00000000 24.45137596 6.00000000
v 29.00000000 24.04572868 8.00000000
v 29.00000000 24.55287361 9.00000000
v 29.00000000 25.00000000 9.23007202
v 28.84508896 25.00000000 10.00000000
v 29.00000000 24.41794777 10.00000000
v 29.00000000 24.77103424 11.00000000
v 29.00000000 25.00000000 10.70049286
v 29.00000000 24.70339012 12.00000000
v 29.00000000 25.00000000 12.31385612
v 28.22801971 25.00000000 14.00000000
v 28.72270393 25.00000000 15.00000000
v 28.61323357 24.75487328 14.68247032
v 29.00000000 25.00000000 14.90580845
v 29.00000000 24.80454063 15.00000000
v 28.79723167 25.00000000 18.00000000
v 29.00000000 25.00000000 17.66520882
v 29.00000000 24.59405708 18.00000000
v 29.00000000 24.28531647 19.00000000
v 29.00000000 25.00000000 18.42193985
v 29.00000000 24.15176201 20.00000000
v 29.00000000 24.63036156 31.00000000
v 28.48486710 25.00000000 32.00000000
v 29.00000000 25.00000000 31.13559532
v 29.00000000 26.00000000 0.02232335
v 29.00000000 26.00000000 5.10182953
v 29.00000000 25.37534904 6.00000000
v 29.00000000 26.00000000 6.77381706
v 28.72434044 26.00000000 9.00000000
v 29.00000000 26.00000000 8.41368198
v 29.00000000 25.10839844 9.00000000
v 29.00000000 25.34005547 10.00000000
v 29.00000000 26.00000000 9.55878925
v 29.00000000 26.00000000 12.31748009
v 29.00000000 25.07194901 15.00000000
v 28.15579987 26.00000000 15.00000000
v 29.00000000 25.33479118 16.00000000
v 28.04178047 26.00000000 16.00000000
v 29.00000000 25.64011955 17.00000000
v 28.67575073 26.00000000 17.00000000
v 29.00000000 25.85277367 18.00000000
v 29.00000000 26.00000000 17.86613846
v 29.00000000 26.00000000 18.33445549
v 28.88200188 26.00000000 19.00000000
v 29.00000000 25.79951096 19.00000000
v 29.00000000 26.00000000 19.21408844
v 28.79619408 26.00000000 31.00000000
v 29.00000000 26.00000000 30.28435707
v 29.00000000 25.32662392 31.00000000
v 28.49080658 26.00000000 32.00000000
v 28.01077080 26.00000000 33.00000000
v 29.00000000 27.00000000 0.22056836
v 28.25021553 27.00000000 6.00000000
v 29.00000000 27.00000000 5.00081825
v 29.00000000 26.23125839 7.00000000
v 28.60629463 27.00000000 7.00000000
v 29.00000000 26.87352943 8.00000000
v 28.95806885 27.00000000 8.00000000
v 28.86062241 27.00000000 9.00000000
v 29.00000000 27.00000000 9.27071190
v 28.89627075 27.00000000 12.00000000
v 29.00000000 27.00000000 11.67008686
v 29.00000000 26.63064575 12.00000000
v 29.00000000 27.00000000 17.90976524
v 28.82424736 27.00000000 18.00000000
v 29.00000000 27.00000000 18.27453041
v 29.00000000 26.44818306 20.00000000
v 28.64002419 27.00000000 20.00000000
v 29.00000000 26.58855438 21.00000000
v 28.27401543 27.00000000 21.00000000
v 29.00000000 27.00000000 21.33138084
v 28.79105186 27.00000000 25.00000000
v 29.00000000 27.00000000 24.70659447
v 29.00000000 26.55597496 25.00000000
v 29.00000000 27.00000000 25.38062859
v 28.74355316 27.00000000 28.00000000
v 29.00000000 27.00000000 27.07656097
v 29.00000000 26.58680344 28.00000000
v 29.00000000 26.05389214 29.00000000
v 28.50621796 27.00000000 29.00000000
v 29.00000000 26.27702713 30.00000000
v 28.65042686 27.00000000 30.00000000
v 28.54342651 27.00000000 31.00000000
v 28.08477974 27.00000000 32.00000000
v 29.00000000 28.00000000 0.13328657
v 28.88700867 28.00000000 4.00000000
v 29.00000000 28.00000000 4.09085703
v 29.00000000 27.00162315 5.00000000
v 28.41470337 28.00000000 8.00000000
v 28.39773941 28.00000000 9.00000000
v 29.00000000 27.31318665 10.00000000
v 29.00000000 27.19557762 11.00000000
v 28.14422607 28.00000000 11.00000000
v 29.00000000 27.05445671 18.00000000
v 29.00000000 27.31614876 22.00000000
v 29.00000000 27.42215729 23.00000000
v 28.03630257 28.00000000 23.00000000
v 29.00000000 27.31528282 24.00000000
v 28.09743118 28.00000000 24.00000000
v 28.11494637 28.00000000 25.00000000
v 29.00000000 27.20077324 26.00000000
v 28.24034882 28.00000000 26.00000000
v 29.00000000 27.03240204 27.00000000
v 28.24127197 28.00000000 27.00000000
v 29.00000000 29.00000000 0.20705381
v 28.61309814 29.00000000 3.00000000
v 29.00000000 29.00000000 3.10689640
v 29.00000000 28.06491280 4.00000000
v 29.00000000 30.00000000 0.03505686
v 29.00000000 30.00000000 3.18458557
v 29.00000000 31.00000000 0.32088429
v 29.00000000 31.00000000 2.67166352
v 29.00000000 30.35927200 3.00000000
v 29.00000000 32.00000000 0.08753955
v 29.00000000 32.00000000 2.69531298
v 29.00000000 33.00000000 0.18978815
v 29.00000000 33.00000000 2.62431026
v 29.00000000 34.00000000 0.13550876
v 29.00000000 34.00000000 2.36465549
v 29.00000000 35.00000000 0.28764421
v 29.00000000 35.00000000 2.49037051
v 29.00000000 36.00000000 0.14536770
v 29.00000000 36.00000000 2.46600175
v 29.00000000 37.00000000 0.42812076
v 28.03575706 37.00000000 2.00000000
v 29.00000000 37.00000000 2.54825497
v 29.00000000 38.00000000 0.46590915
v 29.00000000 38.00000000 2.17250729
v 29.00000000 39.00000000 0.94013518
v 29.00000000 39.00000000 2.19584441
v 29.00000000 39.68861389 1.00000000
v 29.00000000 39.26806259 2.00000000
v 29.42419815 7.00000000 1.00000000
v 30.00000000 6.94467449 1.00000000
v 30.00000000 7.00000000 0.91658980
v 30.00000000 7.00000000 1.03668118
v 30.00000000 8.00000000 0.44605371
v 30.00000000 8.00000000 1.39797795
v 30.00000000 9.00000000 0.41925639
v 30.00000000 9.00000000 1.38657928
v 30.00000000 10.00000000 0.21494557
v 29.46911240 10.00000000 0.00000000
v 30.00000000 10.00000000 1.87047100
v 30.00000000 11.00000000 0.37478065
v 29.01583481 11.00000000 2.00000000
v 30.00000000 11.00000000 1.61419034
v 30.00000000 12.00000000 0.43166861
v 29.50452042 12.00000000 2.00000000
v 30.00000000 11.61214161 2.00000000
v 30.00000000 12.00000000 2.18180919
v 30.00000000 13.00000000 0.41733217
v 30.00000000 13.00000000 2.07234526
v 30.00000000 14.00000000 0.30494580
v 29.08679581 14.00000000 0.00000000
v 30.00000000 14.00000000 2.54741287
v 30.00000000 15.00000000 0.47698370
v 30.00000000 15.00000000 2.50850940
v 30.00000000 16.00000000 0.36584949
v 30.00000000 16.00000000 2.81254196
v 30.00000000 17.00000000 0.31350121
v 29.54532242 17.00000000 3.00000000
v 30.00000000 17.00000000 2.77232575
v 30.00000000 18.00000000 0.17415780
v 29.13194084 18.00000000 0.00000000
v 30.00000000 17.55617142 3.00000000
v 30.00000000 18.00000000 3.15037274
v 30.00000000 19.00000000 0.28251711
v 30.00000000 19.00000000 3.42139077
v 30.00000000 20.00000000 0.24246103
v 30.00000000 19.87623405 4.00000000
v 29.06405067 20.00000000 4.00000000
v 30.00000000 20.00000000 4.16000271
v 30.00000000 21.00000000 0.17448778
v 30.00000000 20.58531570 5.00000000
v 30.00000000 21.00000000 5.34476042
v 29.07101250 21.00000000 23.00000000
v 29.13821602 21.00000000 25.00000000
v 30.00000000 22.00000000 0.09777569
v 29.57139015 22.00000000 0.00000000
v 30.00000000 22.00000000 5.47938633
v 29.06684113 22.00000000 15.00000000
v 30.00000000 22.00000000 15.88028431
v 30.00000000 21.91004944 16.00000000
v 29.16513634 22.00000000 17.00000000
v 30.00000000 22.00000000 16.14407349
v 29.23527908 22.00000000 22.00000000
v 29.42076111 22.00000000 24.00000000
v 29.18831062 22.00000000 25.00000000
v 29.36452866 22.00000000 26.00000000
v 29.18127441 22.00000000 27.00000000
v 30.00000000 23.00000000 0.31047082
v 30.00000000 23.00000000 5.00349665
v 29.18027878 23.00000000 7.00000000
v 29.20936966 23.00000000 8.00000000
v 29.37970161 23.00000000 15.00000000
v 30.00000000 23.00000000 15.27839661
v 29.77732277 23.00000000 17.00000000
v 30.00000000 23.00000000 16.74804497
v 29.13705444 23.00000000 18.00000000
v 29.21943283 23.00000000 21.00000000
v 29.41244507 23.00000000 22.00000000
v 29.29451561 23.00000000 24.00000000
v 29.24187469 23.00000000 25.00000000
v 29.29055595 23.00000000 26.00000000
v 29.13456345 23.00000000 27.00000000
v 29.09333611 23.00000000 28.00000000
v 29.03764725 23.00000000 30.00000000
v 30.00000000 24.00000000 0.24892485
v 30.00000000 24.00000000 5.12018633
v 29.10960197 24.00000000 7.00000000
v 29.08143616 24.00000000 10.00000000
v 30.00000000 24.00000000 15.44865417
v 30.00000000 23.61915970 17.00000000
v 30.00000000 23.60719490 18.00000000
v 30.00000000 24.00000000 18.28714371
v 29.47542381 24.00000000 21.00000000
v 29.50680351 24.00000000 22.00000000
v 29.14932060 24.00000000 23.00000000
v 29.42951965 24.00000000 24.00000000
v 29.40497971 24.00000000 25.00000000
v 29.58996582 24.00000000 26.00000000
v 29.47697449 24.00000000 27.00000000
v 29.16711998 24.00000000 28.00000000
v 29.02834702 24.00000000 29.00000000
v 29.20685577 24.00000000 30.00000000
v 30.00000000 25.00000000 0.29521671
v 29.26971626 25.00000000 6.00000000
v 30.00000000 25.00000000 5.57527065
v 29.29916382 25.00000000 7.00000000
v 29.16877937 25.00000000 8.00000000
v 29.03316879 25.00000000 9.00000000
v 29.05189514 25.00000000 11.00000000
v 29.07361794 25.00000000 12.00000000
v 29.02457809 25.00000000 15.00000000
v 30.00000000 24.48812866 16.00000000
v 29.39453125 25.00000000 16.00000000
v 30.00000000 24.27960968 17.00000000
v 29.76227570 25.00000000 17.00000000
v 30.00000000 24.85815811 18.00000000
v 29.54756355 25.00000000 19.00000000
v 29.74773788 25.00000000 20.00000000
v 29.49159431 25.00000000 21.00000000
v 29.23270416 25.00000000 22.00000000
v 29.30689812 25.00000000 23.00000000
v 29.47349930 25.00000000 24.00000000
v 29.19180679 25.00000000 25.00000000
v 29.43549538 25.00000000 26.00000000
v 29.46518707 25.00000000 27.00000000
v 29.32822609 25.00000000 28.00000000
v 29.18602180 25.00000000 29.00000000
v 29.05515289 25.00000000 30.00000000
v 29.05336189 25.00000000 31.00000000
v 30.00000000 26.00000000 0.02932763
v 29.84780121 26.00000000 4.00000000
v 30.00000000 26.00000000 3.92815971
v 30.00000000 25.87777519 4.00000000
v 30.00000000 26.00000000 4.25715065
v 30.00000000 26.00000000 5.32924080
v 29.08003616 26.00000000 7.00000000
v 29.19247055 26.00000000 8.00000000
v 29.31600571 26.00000000 10.00000000
v 29.21894455 26.00000000 11.00000000
v 29.12967491 26.00000000 12.00000000
v 29.07481956 26.00000000 18.00000000
v 29.41664124 26.00000000 20.00000000
v 29.58905411 26.00000000 21.00000000
v 29.28782082 26.00000000 22.00000000
v 29.14380646 26.00000000 23.00000000
v 29.65040207 26.00000000 24.00000000
v 29.16086769 26.00000000 25.00000000
v 29.29123878 26.00000000 26.00000000
v 29.20431137 26.00000000 27.00000000
v 29.20478821 26.00000000 28.00000000
v 29.02387619 26.00000000 29.00000000
v 29.05228806 26.00000000 30.00000000
v 30.00000000 27.00000000 0.15976000
v 30.00000000 26.30757713 4.00000000
v 30.00000000 27.00000000 4.17187881
v 29.00104523 27.00000000 5.00000000
v 30.00000000 26.21031761 5.00000000
v 29.22490692 27.00000000 10.00000000
v 29.11382675 27.00000000 11.00000000
v 29.05430603 27.00000000 18.00000000
v 29.30252266 27.00000000 22.00000000
v 29.25439262 27.00000000 23.00000000
v 29.39609909 27.00000000 24.00000000
v 29.13865280 27.00000000 26.00000000
v 29.01425743 27.00000000 27.00000000
v 30.00000000 28.00000000 0.14396945
v 30.00000000 28.00000000 4.09431648
v 30.00000000 29.00000000 0.20764683
v 30.00000000 29.00000000 3.10688758
v 30.00000000 28.08265877 4.00000000
v 30.00000000 30.00000000 0.08986282
v 30.00000000 30.00000000 3.07688284
v 30.00000000 31.00000000 0.26596317
v 30.00000000 31.00000000 2.48965406
v 30.00000000 30.17383194 3.00000000
v 30.00000000 32.00000000 0.17965600
v 30.00000000 32.00000000 2.66080284
v 30.00000000 33.00000000 0.19837327
v 30.00000000 33.00000000 2.45318961
v 30.00000000 34.00000000 0.04479765
v 30.00000000 34.00000000 2.71254659
v 30.00000000 35.00000000 0.21121779
v 30.00000000 35.00000000 2.46083951
v 30.00000000 36.00000000 0.11818376
v 30.00000000 36.00000000 2.61419821
v 30.00000000 37.00000000 0.27278578
v 30.00000000 37.00000000 2.22478223
v 30.00000000 38.00000000 0.45609576
v 30.00000000 38.00000000 2.31915212
v 30.00000000 39.00000000 0.89076841
v 29.44126892 39.00000000 2.00000000
v 30.00000000 39.00000000 1.27091098
v 30.00000000 38.58834076 2.00000000
v 30.00000000 39.40609360 1.00000000
v 30.07861710 7.00000000 1.00000000
v 30.96873856 8.00000000 1.00000000
v 31.00000000 8.02448845 1.00000000
v 31.00000000 9.00000000 0.56101418
v 31.00000000 9.00000000 1.34681523
v 31.00000000 10.00000000 0.70711595
v 31.00000000 10.00000000 1.26873064
v 31.00000000 11.00000000 0.48472270
v 31.00000000 11.00000000 1.73238134
v 31.00000000 12.00000000 0.47176316
v 30.87788773 12.00000000 2.00000000
v 31.00000000 12.00000000 1.90075409
v 31.00000000 13.00000000 0.39069441
v 31.00000000 12.06584454 2.00000000
v 31.00000000 13.00000000 2.49990654
v 31.00000000 14.00000000 0.28598964
v 31.00000000 14.00000000 2.52239490
v 31.00000000 15.00000000 0.42873406
v 31.00000000 15.00000000 2.81055260
v 31.00000000 16.00000000 0.34893799
v 31.00000000 16.00000000 2.99645495
v 31.00000000 17.00000000 0.23403122
v 31.00000000 16.00482559 3.00000000
v 30.39349365 17.00000000 3.00000000
v 31.00000000 17.00000000 3.18277478
v 31.00000000 18.00000000 0.24262376
v 31.00000000 18.00000000 3.20505214
v 31.00000000 19.00000000 0.32831952
v 31.00000000 19.00000000 3.28540039
v 31.00000000 20.00000000 0.30695084
v 30.15113068 20.00000000 4.00000000
v 31.00000000 20.00000000 3.62815762
v 31.00000000 21.00000000 0.29918909
v 30.76399040 21.00000000 4.00000000
v 31.00000000 21.00000000 3.89403725
v 30.43598366 21.00000000 5.00000000
v 31.00000000 22.00000000 0.13785769
v 31.00000000 21.33711243 4.00000000
v 30.52312279 22.00000000 5.00000000
v 31.00000000 22.00000000 4.37569714
v 30.05837059 22.00000000 16.00000000
v 31.00000000 23.00000000 0.36007553
v 30.00239182 23.00000000 5.00000000
v 31.00000000 23.00000000 4.23357201
v 30.16767311 23.00000000 16.00000000
v 31.00000000 24.00000000 0.28410816
v 30.18560982 24.00000000 5.00000000
v 31.00000000 24.00000000 4.17290211
v 30.16517258 24.00000000 16.00000000
v 30.04484940 24.00000000 17.00000000
v 30.07875443 24.00000000 18.00000000
v 31.00000000 25.00000000 0.25196663
v 30.83438683 25.00000000 4.00000000
v 31.00000000 25.00000000 3.92553663
v 31.00000000 24.50849533 4.00000000
v 30.61846733 25.00000000 5.00000000
v 31.00000000 26.00000000 0.22021170
v 31.00000000 26.00000000 3.76150346
v 30.22908401 26.00000000 5.00000000
v 31.00000000 27.00000000 0.18691914
v 30.22797966 27.00000000 4.00000000
v 31.00000000 27.00000000 3.60659099
v 31.00000000 28.00000000 0.31729761
v 30.05686378 28.00000000 4.00000000
v 31.00000000 28.00000000 3.51618147
v 31.00000000 29.00000000 0.29319093
v 31.00000000 29.00000000 3.02828884
v 31.00000000 30.00000000 0.19665387
v 31.00000000 30.00000000 3.01883197
v 31.00000000 31.00000000 0.33187377
v 31.00000000 31.00000000 2.57063055
v 31.00000000 30.06094170 3.00000000
v 31.00000000 32.00000000 0.19325148
v 31.00000000 32.00000000 2.77545834
v 31.00000000 33.00000000 0.09061972
v 31.00000000 33.00000000 2.68730927
v 30.36557388 34.00000000 0.00000000
v 31.00000000 33.45951462 0.00000000
v 31.00000000 34.00000000 2.53208733
v 31.00000000 34.87183762 0.00000000
v 31.00000000 35.00000000 0.02094392
v 31.00000000 35.00000000 2.70136023
v 30.85321426 36.00000000 0.00000000
v 31.00000000 35.33590317 0.00000000
v 31.00000000 36.00000000 2.64135790
v 31.00000000 36.34773254 0.00000000
v 31.00000000 37.00000000 0.10633374
v 31.00000000 37.00000000 2.33177209
v 31.00000000 38.00000000 0.33365098
v 30.78605080 38.00000000 2.00000000
v 31.00000000 38.00000000 1.86363673
v 31.00000000 37.68032074 2.00000000
v 31.00000000 39.00000000 0.76111799
v 31.00000000 39.00000000 1.46536732
v 31.00000000 39.61730576 1.00000000
v 32.00000000 8.63008690 1.00000000
v 32.00000000 9.00000000 0.95778191
v 32.00000000 9.00000000 1.03591335
v 32.00000000 10.00000000 0.24060197
v 32.00000000 9.77039051 2.00000000
v 31.63015747 10.00000000 2.00000000
v 32.00000000 10.00000000 2.12683177
v 32.00000000 11.00000000 0.39764795
v 31.64912224 11.00000000 2.00000000
v 32.00000000 11.00000000 2.05243087
v 32.00000000 12.00000000 0.23810525
v 31.06721115 12.00000000 2.00000000
v 32.00000000 12.00000000 2.39775205
v 32.00000000 13.00000000 0.33907619
v 32.00000000 13.00000000 2.24761605
v 32.00000000 14.00000000 0.03725921
v 32.00000000 14.00000000 2.71885705
v 32.00000000 15.00000000 0.22031753
v 32.00000000 15.00000000 2.84622645
v 32.00000000 16.00000000 0.04154000
v 32.00000000 16.00000000 2.99585795
v 32.00000000 17.00000000 0.28419149
v 31.52877235 17.00000000 3.00000000
v 32.00000000 17.00000000 2.68012238
v 32.00000000 18.00000000 0.03285193
v 32.00000000 17.68453407 3.00000000
v 32.00000000 18.00000000 3.09950829
v 32.00000000 19.00000000 0.20906608
v 32.00000000 19.00000000 3.17510223
v 32.00000000 20.00000000 0.25932127
v 32.00000000 20.00000000 3.50628686
v 32.00000000 21.00000000 0.21890160
v 32.00000000 21.00000000 3.56843114
v 32.00000000 22.00000000 0.04469155
v 31.68669510 22.00000000 4.00000000
v 32.00000000 22.00000000 3.90203452
v 32.00000000 23.00000000 0.17639795
v 32.00000000 22.44587898 4.00000000
v 32.00000000 23.00000000 4.17936230
v 32.00000000 24.00000000 0.10543793
v 32.00000000 24.00000000 4.08953810
v 32.00000000 25.00000000 0.29224074
v 32.00000000 25.00000000 3.59414506
v 32.00000000 24.10267448 4.00000000
v 32.00000000 26.00000000 0.12858574
v 32.00000000 26.00000000 3.60132575
v 32.00000000 27.00000000 0.21835729
v 32.00000000 27.00000000 3.48779273
v 32.00000000 28.00000000 0.26908627
v 32.00000000 28.00000000 3.33236361
v 32.00000000 29.00000000 0.35781723
v 31.39054298 29.00000000 3.00000000
v 32.00000000 29.00000000 2.94171309
v 32.00000000 28.90264893 3.00000000
v 32.00000000 30.00000000 0.09143263
v 32.00000000 29.17847443 3.00000000
v 32.00000000 30.00000000 3.13013029
v 32.00000000 31.00000000 0.20373113
v 32.00000000 31.00000000 2.60064030
v 32.00000000 30.37222099 3.00000000
v 32.00000000 32.00000000 0.11450300
v 32.00000000 32.00000000 2.68569064
v 32.00000000 33.00000000 0.17957392
v 32.00000000 33.00000000 2.36922431
v 32.00000000 33.46247482 0.00000000
v 32.00000000 34.00000000 2.68243241
v 31.11569023 35.00000000 0.00000000
v 32.00000000 35.00000000 2.71964765
v 32.00000000 36.00000000 2.53511333
v 32.00000000 36.40908813 0.00000000
v 32.00000000 37.00000000 0.31749842
v 32.00000000 37.00000000 2.01122999
v 32.00000000 38.00000000 0.33508551
v 31.78086472 38.00000000 2.00000000
v 32.00000000 38.00000000 2.02759361
v 32.00000000 39.00000000 0.73167580
v 32.00000000 39.00000000 1.49831188
v 32.00000000 38.06953812 2.00000000
v 32.00000000 39.80821609 1.00000000
v 32.08645630 9.00000000 1.00000000
v 32.88364029 10.00000000 1.00000000
v 32.20914459 10.00000000 2.00000000
v 33.00000000 10.15012836 1.00000000
v 33.00000000 11.00000000 0.78164196
v 32.30988312 11.00000000 2.00000000
v 33.00000000 11.00000000 1.62676537
v 33.00000000 12.00000000 0.71989673
v 32.68690491 12.00000000 2.00000000
v 33.00000000 12.00000000 1.53896785
v 33.00000000 13.00000000 0.54483747
v 33.00000000 12.64908886 2.00000000
v 33.00000000 13.00000000 2.15719581
v 33.00000000 14.00000000 0.28453010
v 33.00000000 14.00000000 2.25059462
v 33.00000000 15.00000000 0.52650481
v 33.00000000 15.00000000 2.59172559
v 33.00000000 16.00000000 0.17531869
v 33.00000000 16.00000000 2.38310957
v 33.00000000 17.00000000 0.21246651
v 33.00000000 16.88689232 3.00000000
v 32.86796951 17.00000000 3.00000000
v 33.00000000 17.00000000 3.02228928
v 32.85839844 18.00000000 0.00000000
v 33.00000000 17.98071480 0.00000000
v 33.00000000 18.00000000 2.83564305
v 32.53596497 18.00000000 3.00000000
v 33.00000000 17.27601433 3.00000000
v 33.00000000 18.01273918 0.00000000
v 33.00000000 19.00000000 0.40914604
v 32.69515228 19.00000000 3.00000000
v 33.00000000 19.00000000 2.91483498
v 33.00000000 20.00000000 0.15408473
v 32.76554108 20.00000000 3.00000000
v 33.00000000 20.00000000 2.73044157
v 33.00000000 21.00000000 0.21477999
v 33.00000000 20.24716377 3.00000000
v 33.00000000 21.00000000 3.36554813
v 32.47351456 22.00000000 0.00000000
v 33.00000000 21.80208206 0.00000000
v 33.00000000 22.00000000 3.50086355
v 33.00000000 22.14486504 0.00000000
v 33.00000000 23.00000000 0.35194972
v 32.23998260 23.00000000 4.00000000
v 33.00000000 23.00000000 3.60687733
v 33.00000000 24.00000000 0.09229364
v 32.08504868 24.00000000 4.00000000
v 33.00000000 24.00000000 3.50061226
v 33.00000000 25.00000000 0.24220732
v 33.00000000 25.00000000 3.47737384
v 32.98790741 26.00000000 0.00000000
v 33.00000000 25.99379539 0.00000000
v 33.00000000 26.00000000 3.27419972
v 33.00000000 26.00450134 0.00000000
v 33.00000000 27.00000000 0.38279882
v 33.00000000 27.00000000 3.17821884
v 33.00000000 28.00000000 0.26877633
v 33.00000000 28.00000000 3.04870582
v 33.00000000 29.00000000 0.33994254
v 32.37270355 29.00000000 3.00000000
v 33.00000000 29.00000000 3.05253696
v 33.00000000 30.00000000 0.19096932
v 33.00000000 29.43747139 3.00000000
v 32.68018723 30.00000000 3.00000000
v 33.00000000 30.00000000 2.85034442
v 33.00000000 31.00000000 0.46029654
v 33.00000000 31.00000000 2.63387942
v 33.00000000 32.00000000 0.28017482
v 33.00000000 32.00000000 2.42174268
v 33.00000000 33.00000000 0.42922148
v 33.00000000 33.00000000 2.67394853
v 33.00000000 34.00000000 0.18660228
v 32.61785507 34.00000000 0.00000000
v 33.00000000 34.00000000 2.26571727
v 33.00000000 35.00000000 0.41656348
v 32.19411469 35.00000000 0.00000000
v 33.00000000 35.00000000 2.45304918
v 33.00000000 36.00000000 0.46966517
v 32.32482147 36.00000000 0.00000000
v 32.74786758 36.00000000 2.00000000
v 33.00000000 36.00000000 1.69738519
v 33.00000000 35.69832993 2.00000000
v 33.00000000 36.79895020 1.00000000
v 32.84018326 37.00000000 1.00000000
v 32.02889633 37.00000000 2.00000000
v 32.70618820 38.00000000 1.00000000
v 32.02649689 38.00000000 2.00000000
v 32.34173965 39.00000000 1.00000000
v 33.33379745 11.00000000 1.00000000
v 33.36539078 12.00000000 1.00000000
v 33.94145966 13.00000000 1.00000000
v 33.21643829 13.00000000 2.00000000
v 34.00000000 13.08536053 1.00000000
v 34.00000000 14.00000000 0.58303612
v 33.86820221 14.00000000 2.00000000
v 34.00000000 14.00000000 1.91077614
v 34.00000000 15.00000000 0.63301224
v 33.83187485 15.00000000 2.00000000
v 34.00000000 15.00000000 1.79795802
v 34.00000000 16.00000000 0.44433838
v 34.00000000 15.25526524 2.00000000
v 34.00000000 16.00000000 2.32747102
v 34.00000000 17.00000000 0.35837752
v 33.07410812 17.00000000 3.00000000
v 34.00000000 17.00000000 2.26303077
v 34.00000000 18.00000000 0.24282418
v 33.02103424 18.00000000 0.00000000
v 34.00000000 18.00000000 2.49210119
v 34.00000000 19.00000000 0.35109296
v 34.00000000 19.00000000 2.59318662
v 34.00000000 20.00000000 0.32563409
v 34.00000000 20.00000000 2.84707451
v 34.00000000 21.00000000 0.20005663
v 34.00000000 20.66602135 3.00000000
v 34.00000000 21.00000000 3.05066776
v 34.00000000 22.00000000 0.23015338
v 33.22970581 22.00000000 0.00000000
v 34.00000000 22.00000000 3.06800008
v 34.00000000 23.00000000 0.43446684
v 34.00000000 23.00000000 3.30477977
v 34.00000000 24.00000000 0.34521842
v 34.00000000 24.00000000 3.21329570
v 34.00000000 25.00000000 0.32241747
v 34.00000000 25.00000000 3.15252137
v 34.00000000 26.00000000 0.19541185
v 33.00906754 26.00000000 0.00000000
v 34.00000000 26.00000000 3.02936578
v 34.00000000 27.00000000 0.34229466
v 33.70927811 27.00000000 3.00000000
v 34.00000000 27.00000000 2.85207796
v 34.00000000 26.29542732 3.00000000
v 34.00000000 28.00000000 0.40621573
v 33.16110611 28.00000000 3.00000000
v 34.00000000 28.00000000 2.60243130
v 34.00000000 29.00000000 0.43929124
v 33.13552094 29.00000000 3.00000000
v 34.00000000 29.00000000 2.48957229
v 34.00000000 30.00000000 0.44717565
v 34.00000000 30.00000000 2.40488148
v 34.00000000 31.00000000 0.67048740
v 34.00000000 31.00000000 2.01184249
v 34.00000000 32.00000000 0.50250655
v 34.00000000 32.00000000 2.15524864
v 34.00000000 33.00000000 0.56140280
v 33.86449051 33.00000000 2.00000000
v 34.00000000 33.00000000 1.83914340
v 34.00000000 32.62870789 2.00000000
v 34.00000000 34.00000000 0.60880876
v 33.75454330 34.00000000 2.00000000
v 34.00000000 34.00000000 1.83596444
v 34.00000000 35.00000000 0.93557596
v 33.51707840 35.00000000 2.00000000
v 34.00000000 35.00000000 1.10216534
v 34.00000000 35.26274490 1.00000000
v 33.76950073 36.00000000 1.00000000
v 34.41606522 14.00000000 1.00000000
v 34.56467438 15.00000000 1.00000000
v 34.77985001 16.00000000 1.00000000
v 34.34064484 16.00000000 2.00000000
v 35.00000000 16.41690636 1.00000000
v 35.00000000 17.00000000 0.81410247
v 35.00000000 16.98626137 2.00000000
v 35.00000000 17.00000000 2.01136947
v 35.00000000 18.00000000 0.86030990
v 35.00000000 18.00000000 2.13501668
v 35.00000000 19.00000000 0.86419421
v 35.00000000 19.00000000 2.08485436
v 35.00000000 20.00000000 0.74830967
v 34.93869019 20.00000000 2.00000000
v 35.00000000 20.00000000 1.80062401
v 35.00000000 19.53076172 2.00000000
v 35.00000000 21.00000000 0.49374127
v 35.00000000 20.08808708 2.00000000
v 35.00000000 20.73841476 3.00000000
v 35.00000000 21.00000000 3.07898140
v 35.00000000 22.00000000 0.63347846
v 34.25096130 22.00000000 3.00000000
v 35.00000000 22.00000000 2.58972120
v 35.00000000 21.34425354 3.00000000
v 35.00000000 23.00000000 0.69074559
v 34.85586548 23.00000000 3.00000000
v 35.00000000 23.00000000 2.88199496
v 35.00000000 24.00000000 0.64819038
v 35.00000000 23.34004593 3.00000000
v 35.00000000 24.00000000 3.06218290
v 35.00000000 25.00000000 0.37325764
v 35.00000000 25.00000000 3.02799535
v 35.00000000 26.00000000 0.53066057
v 34.16193771 26.00000000 3.00000000
v 35.00000000 26.00000000 2.70701957
v 35.00000000 25.15558624 3.00000000
v 35.00000000 27.00000000 0.47558722
v 35.00000000 27.00000000 2.45559645
v 35.00000000 28.00000000 0.70493072
v 34.91020966 28.00000000 2.00000000
v 35.00000000 28.00000000 1.81335545
v 35.00000000 27.86338615 2.00000000
v 35.00000000 29.00000000 0.69235551
v 35.00000000 28.55768394 2.00000000
v 35.00000000 29.00000000 2.09624481
v 35.00000000 29.83122253 1.00000000
v 34.91411972 30.00000000 1.00000000
v 35.00000000 29.19491386 2.00000000
v 34.66013336 30.00000000 2.00000000
v 34.62356567 31.00000000 1.00000000
v 34.02781296 31.00000000 2.00000000
v 34.85326767 32.00000000 1.00000000
v 34.19522476 32.00000000 2.00000000
v 34.81886673 33.00000000 1.00000000
v 34.47464371 34.00000000 1.00000000
v 34.05849457 35.00000000 1.00000000
v 35.27193069 17.00000000 1.00000000
v 35.01211548 17.00000000 2.00000000
v 35.23455429 18.00000000 1.00000000
v 35.35204315 18.00000000 2.00000000
v 35.23556137 19.00000000 1.00000000
v 35.09559631 19.00000000 2.00000000
v 35.51116943 20.00000000 1.00000000
v 36.00000000 20.68849373 1.00000000
v 36.00000000 21.00000000 0.90916741
v 35.82415390 21.00000000 2.00000000
v 36.00000000 21.00000000 1.44027400
v 35.12773132 21.00000000 3.00000000
v 36.00000000 21.41304398 1.00000000
v 35.73928452 22.00000000 1.00000000
v 36.00000000 21.38571167 2.00000000
v 36.00000000 22.00000000 1.41240609
v 36.00000000 22.00000000 2.20033479
v 36.00000000 22.53910065 1.00000000
v 36.00000000 23.00000000 0.87783390
v 36.00000000 22.94670677 2.00000000
v 35.97995758 23.00000000 2.00000000
v 36.00000000 23.00000000 1.91423118
v 36.00000000 23.67755508 1.00000000
v 35.86599350 24.00000000 1.00000000
v 36.00000000 23.06868744 2.00000000
v 36.00000000 24.00000000 1.27226639
v 35.18640137 24.00000000 3.00000000
v 36.00000000 24.00000000 2.19657874
v 36.00000000 24.30745697 1.00000000
v 36.00000000 25.00000000 0.87772310
v 35.04759598 25.00000000 3.00000000
v 36.00000000 25.00000000 2.16944027
v 36.00000000 26.00000000 0.98111802
v 36.00000000 26.00000000 2.36238861
v 36.00000000 27.00000000 0.74153799
v 35.57800293 27.00000000 2.00000000
v 36.00000000 27.00000000 1.50363958
v 36.00000000 26.52669716 2.00000000
v 36.00000000 28.00000000 0.97145385
v 36.00000000 28.00000000 1.09348166
v 36.00000000 28.11933517 1.00000000
v 35.66027069 29.00000000 1.00000000
v 35.07746506 29.00000000 2.00000000
v 36.06790161 21.00000000 1.00000000
v 36.13174438 22.00000000 2.00000000
v 36.09474182 23.00000000 1.00000000
v 36.14247513 24.00000000 2.00000000
v 36.09301376 25.00000000 1.00000000
v 36.12957001 25.00000000 2.00000000
v 36.01173019 26.00000000 1.00000000
v 36.19526672 26.00000000 2.00000000
v 36.19466019 27.00000000 1.00000000
v 36.01460266 28.00000000 1.00000000
f 3 2 1
f 4 1 2
f 3 1 5
f 3 5 6
f 1 4 7
f 1 7 5
f 8 6 5
f 8 5 7
f 11 10 9
f 12 9 10
f 11 9 13
f 11 13 14
f 9 12 15
f 16 9 15
f 13 9 16
f 17 16 15
f 14 13 18
f 14 18 19
f 16 21 20
f 18 16 20
f 13 16 18
f 21 16 17
f 19 18 22
f 19 22 23
f 18 20 24
f 18 24 22
f 25 23 22
f 25 22 24
f 28 27 26
f 29 26 27
f 28 26 30
f 28 30 31
f 26 29 32
f 33 26 32
f 30 26 33
f 34 33 32
f 31 30 35
f 31 35 36
f 37 30 33
f 35 30 37
f 33 34 38
f 33 38 37
f 36 35 39
f 36 39 40
f 37 42 41
f 39 37 41
f 35 37 39
f 42 37 38
f 40 39 43
f 40 43 44
f 39 41 45
f 46 39 45
f 43 39 46
f 47 46 45
f 44 43 48
f 44 48 49
f 50 43 46
f 48 43 50
f 46 47 51
f 46 51 50
f 49 48 52
f 49 52 53
f 54 48 50
f 52 48 54
f 50 51 55
f 50 55 54
f 53 52 56
f 53 56 57
f 58 52 54
f 56 52 58
f 54 55 59
f 54 59 58
f 57 56 60
f 57 60 61
f 62 56 58
f 60 56 62
f 58 59 63
f 58 63 62
f 61 60 64
f 61 64 65
f 66 60 62
f 64 60 66
f 62 63 67
f 62 67 66
f 65 64 68
f 65 68 69
f 3 68 2
f 68 66 2
f 68 64 66
f 4 2 66
f 67 4 66
f 70 4 67
f 69 68 71
f 69 71 72
f 6 71 3
f 3 71 68
f 74 7 73
f 7 70 73
f 7 4 70
f 75 74 73
f 72 71 76
f 72 76 77
f 8 78 6
f 78 71 6
f 78 76 71
f 7 74 8
f 74 78 8
f 74 79 78
f 74 75 80
f 74 80 79
f 77 76 10
f 11 77 10
f 81 77 11
f 10 76 12
f 76 82 12
f 76 78 82
f 79 84 83
f 82 79 83
f 78 79 82
f 84 79 80
f 14 81 11
f 14 85 81
f 82 15 12
f 17 15 82
f 83 17 82
f 86 17 83
f 19 85 14
f 19 87 85
f 88 20 21
f 89 88 21
f 17 89 21
f 86 89 17
f 23 87 19
f 23 90 87
f 91 24 88
f 88 24 20
f 88 89 92
f 88 92 91
f 23 25 93
f 94 23 93
f 90 23 94
f 24 91 25
f 91 93 25
f 91 95 93
f 91 92 96
f 91 96 95
f 94 93 97
f 94 97 98
f 99 93 95
f 97 93 99
f 95 96 100
f 95 100 99
f 98 97 101
f 98 101 102
f 103 97 99
f 101 97 103
f 99 100 104
f 105 99 104
f 103 99 105
f 106 105 104
f 102 101 107
f 102 107 108
f 109 101 103
f 107 101 109
f 105 111 110
f 109 105 110
f 103 105 109
f 111 105 106
f 108 107 112
f 108 112 113
f 114 107 109
f 112 107 114
f 109 110 115
f 109 115 114
f 113 112 116
f 113 116 117
f 114 119 118
f 116 114 118
f 112 114 116
f 119 114 115
f 120 117 116
f 120 116 118
f 123 122 121
f 124 121 122
f 123 121 125
f 123 125 126
f 121 124 127
f 128 121 127
f 125 121 128
f 129 128 127
f 126 125 130
f 126 130 131
f 128 133 132
f 130 128 132
f 125 128 130
f 133 128 129
f 131 130 27
f 28 131 27
f 134 131 28
f 136 135 29
f 136 29 27
f 132 136 27
f 130 132 27
f 137 135 136
f 139 134 138
f 134 31 138
f 134 28 31
f 135 32 29
f 34 32 135
f 137 34 135
f 140 34 137
f 36 141 31
f 31 141 138
f 140 38 34
f 142 38 140
f 141 36 143
f 36 144 143
f 36 40 144
f 145 41 42
f 146 145 42
f 38 146 42
f 142 146 38
f 148 144 147
f 144 44 147
f 144 40 44
f 145 45 41
f 47 45 145
f 146 47 145
f 149 47 146
f 147 44 150
f 44 151 150
f 44 49 151
f 149 51 47
f 152 51 149
f 53 151 49
f 53 153 151
f 152 55 51
f 154 55 152
f 57 153 53
f 57 155 153
f 154 59 55
f 156 59 154
f 61 155 57
f 61 157 155
f 156 63 59
f 158 63 156
f 65 157 61
f 65 159 157
f 158 67 63
f 160 67 158
f 69 159 65
f 69 161 159
f 160 70 67
f 162 70 160
f 72 161 69
f 72 163 161
f 73 70 164
f 70 165 164
f 70 162 165
f 164 75 73
f 77 163 72
f 77 166 163
f 165 167 164
f 75 164 167
f 168 75 167
f 80 75 168
f 81 166 77
f 81 169 166
f 171 170 84
f 84 170 83
f 84 80 168
f 84 168 171
f 85 169 81
f 85 172 169
f 174 86 173
f 86 170 173
f 86 83 170
f 175 174 173
f 87 172 85
f 87 176 172
f 177 89 174
f 174 89 86
f 174 175 178
f 174 178 177
f 90 176 87
f 90 179 176
f 180 92 177
f 177 92 89
f 177 178 181
f 177 181 180
f 94 179 90
f 94 182 179
f 183 96 180
f 180 96 92
f 180 181 184
f 180 184 183
f 98 182 94
f 98 185 182
f 186 100 183
f 183 100 96
f 183 184 187
f 183 187 186
f 102 185 98
f 102 188 185
f 186 104 100
f 106 104 186
f 187 106 186
f 189 106 187
f 108 188 102
f 108 190 188
f 191 110 111
f 192 191 111
f 106 192 111
f 189 192 106
f 113 190 108
f 113 193 190
f 195 194 191
f 194 110 191
f 194 115 110
f 195 191 192
f 117 193 113
f 117 196 193
f 197 118 119
f 198 197 119
f 115 198 119
f 194 198 115
f 117 120 199
f 200 117 199
f 196 117 200
f 118 197 120
f 197 199 120
f 197 201 199
f 197 198 202
f 197 202 201
f 200 199 203
f 200 203 204
f 205 199 201
f 203 199 205
f 201 202 206
f 201 206 205
f 207 204 203
f 207 203 205
f 207 205 208
f 208 205 206
f 210 209 122
f 210 122 123
f 124 122 209
f 124 209 211
f 126 210 123
f 126 212 210
f 127 124 213
f 124 214 213
f 124 211 214
f 213 129 127
f 131 212 126
f 131 215 212
f 213 214 133
f 214 132 133
f 214 216 132
f 213 133 129
f 134 215 131
f 134 217 215
f 136 132 218
f 132 219 218
f 132 216 219
f 218 137 136
f 221 220 139
f 220 134 139
f 220 217 134
f 219 222 218
f 137 218 222
f 223 137 222
f 140 137 223
f 221 224 220
f 223 142 140
f 225 142 223
f 143 144 226
f 226 144 227
f 225 146 142
f 228 146 225
f 230 229 148
f 229 144 148
f 229 227 144
f 228 149 146
f 231 149 228
f 150 151 230
f 151 229 230
f 151 232 229
f 231 152 149
f 233 152 231
f 153 232 151
f 153 234 232
f 233 154 152
f 235 154 233
f 155 234 153
f 155 236 234
f 235 156 154
f 237 156 235
f 157 236 155
f 157 238 236
f 237 158 156
f 239 158 237
f 159 238 157
f 159 240 238
f 239 160 158
f 241 160 239
f 161 240 159
f 161 242 240
f 241 162 160
f 243 162 241
f 163 242 161
f 163 244 242
f 243 165 162
f 245 165 243
f 166 244 163
f 166 246 244
f 167 165 247
f 165 248 247
f 165 245 248
f 247 168 167
f 169 246 166
f 169 249 246
f 247 248 171
f 248 170 171
f 248 250 170
f 247 171 168
f 172 249 169
f 172 251 249
f 173 170 252
f 170 253 252
f 170 250 253
f 252 175 173
f 176 251 172
f 176 254 251
f 253 255 252
f 175 252 255
f 256 175 255
f 178 175 256
f 179 254 176
f 179 257 254
f 260 259 258
f 256 260 258
f 181 256 258
f 178 256 181
f 182 257 179
f 182 261 257
f 258 259 262
f 262 259 263
f 262 184 181
f 262 181 258
f 185 261 182
f 185 264 261
f 262 263 265
f 265 263 266
f 265 187 184
f 265 184 262
f 188 264 185
f 188 267 264
f 266 268 265
f 187 265 268
f 269 187 268
f 189 187 269
f 190 267 188
f 190 270 267
f 269 192 189
f 271 192 269
f 193 270 190
f 193 272 270
f 274 273 195
f 195 273 194
f 195 192 271
f 195 271 274
f 196 272 193
f 196 275 272
f 273 198 194
f 276 198 273
f 200 275 196
f 200 277 275
f 276 202 198
f 278 202 276
f 204 277 200
f 204 279 277
f 278 206 202
f 280 206 278
f 204 207 281
f 282 204 281
f 279 204 282
f 208 283 207
f 207 283 281
f 284 283 208
f 206 284 208
f 280 284 206
f 282 281 285
f 282 285 286
f 283 288 287
f 285 283 287
f 281 283 285
f 288 283 284
f 289 286 285
f 289 285 287
f 292 291 290
f 293 290 291
f 292 290 294
f 292 294 295
f 290 293 296
f 290 296 294
f 295 294 209
f 210 295 209
f 297 295 210
f 211 209 294
f 296 211 294
f 298 211 296
f 300 297 299
f 297 212 299
f 297 210 212
f 302 214 301
f 214 298 301
f 214 211 298
f 303 302 301
f 215 304 212
f 212 304 299
f 306 305 302
f 305 214 302
f 305 216 214
f 306 302 303
f 217 307 215
f 215 307 304
f 309 219 308
f 219 305 308
f 219 216 305
f 310 309 308
f 307 217 311
f 217 312 311
f 217 220 312
f 309 222 219
f 223 222 309
f 310 223 309
f 313 223 310
f 220 224 312
f 312 224 314
f 313 225 223
f 315 225 313
f 226 227 316
f 316 227 317
f 320 319 318
f 315 320 318
f 228 315 318
f 225 315 228
f 322 317 321
f 317 229 321
f 317 227 229
f 319 323 318
f 228 318 323
f 324 228 323
f 231 228 324
f 321 229 325
f 229 326 325
f 229 232 326
f 324 233 231
f 327 233 324
f 234 326 232
f 234 328 326
f 331 330 329
f 327 331 329
f 235 327 329
f 233 327 235
f 236 328 234
f 236 332 328
f 329 330 333
f 333 330 334
f 333 237 235
f 333 235 329
f 238 332 236
f 238 335 332
f 334 336 333
f 237 333 336
f 337 237 336
f 239 237 337
f 240 335 238
f 240 338 335
f 337 241 239
f 339 241 337
f 242 338 240
f 242 340 338
f 339 243 241
f 341 243 339
f 244 340 242
f 244 342 340
f 341 245 243
f 343 245 341
f 246 342 244
f 246 344 342
f 343 248 245
f 345 248 343
f 249 344 246
f 249 346 344
f 345 250 248
f 347 250 345
f 251 346 249
f 251 348 346
f 347 253 250
f 349 253 347
f 254 348 251
f 254 350 348
f 255 253 351
f 253 352 351
f 253 349 352
f 351 256 255
f 257 350 254
f 257 353 350
f 351 352 260
f 352 259 260
f 352 354 259
f 351 260 256
f 261 353 257
f 261 355 353
f 354 263 259
f 356 263 354
f 264 355 261
f 264 357 355
f 356 266 263
f 358 266 356
f 267 357 264
f 267 359 357
f 268 266 360
f 266 361 360
f 266 358 361
f 360 269 268
f 270 359 267
f 270 362 359
f 360 361 363
f 363 361 364
f 363 271 269
f 363 269 360
f 272 362 270
f 272 365 362
f 363 364 274
f 364 273 274
f 364 366 273
f 363 274 271
f 275 365 272
f 275 367 365
f 366 276 273
f 368 276 366
f 277 367 275
f 277 369 367
f 368 278 276
f 370 278 368
f 279 369 277
f 279 371 369
f 370 280 278
f 372 280 370
f 282 371 279
f 282 373 371
f 372 284 280
f 374 284 372
f 286 373 282
f 286 375 373
f 376 287 288
f 377 376 288
f 284 377 288
f 374 377 284
f 378 375 286
f 378 286 289
f 289 287 376
f 379 289 376
f 378 289 379
f 379 376 377
f 382 381 380
f 383 380 381
f 384 382 380
f 384 380 383
f 386 385 291
f 386 291 292
f 388 387 293
f 291 388 293
f 385 388 291
f 389 387 388
f 295 386 292
f 295 390 386
f 392 391 387
f 391 293 387
f 391 296 293
f 392 387 389
f 394 390 393
f 390 297 393
f 390 295 297
f 396 298 395
f 298 391 395
f 298 296 391
f 397 396 395
f 300 393 297
f 396 301 298
f 303 301 396
f 397 303 396
f 398 303 397
f 399 305 306
f 400 399 306
f 303 400 306
f 398 400 303
f 399 308 305
f 310 308 399
f 400 310 399
f 401 310 400
f 312 402 311
f 401 313 310
f 403 313 401
f 405 402 404
f 402 312 404
f 314 406 404
f 314 404 312
f 403 315 313
f 407 315 403
f 409 408 317
f 408 404 317
f 406 316 317
f 406 317 404
f 410 319 320
f 411 410 320
f 315 411 320
f 407 411 315
f 322 409 317
f 410 323 319
f 324 323 410
f 411 324 410
f 412 324 411
f 325 326 413
f 413 326 414
f 412 327 324
f 415 327 412
f 328 414 326
f 328 416 414
f 417 330 331
f 418 417 331
f 327 418 331
f 415 418 327
f 332 416 328
f 332 419 416
f 420 334 417
f 417 334 330
f 417 418 421
f 417 421 420
f 335 419 332
f 335 422 419
f 336 334 420
f 425 424 423
f 337 423 424
f 337 421 423
f 337 336 420
f 421 337 420
f 338 422 335
f 338 426 422
f 425 427 424
f 337 424 427
f 428 337 427
f 339 337 428
f 340 426 338
f 340 429 426
f 428 341 339
f 430 341 428
f 342 429 340
f 342 431 429
f 430 343 341
f 432 343 430
f 344 431 342
f 344 433 431
f 432 345 343
f 434 345 432
f 346 433 344
f 346 435 433
f 434 347 345
f 436 347 434
f 348 435 346
f 348 437 435
f 436 349 347
f 438 349 436
f 350 437 348
f 350 439 437
f 438 352 349
f 440 352 438
f 353 439 350
f 353 441 439
f 440 354 352
f 442 354 440
f 355 441 353
f 355 443 441
f 442 356 354
f 444 356 442
f 357 443 355
f 357 445 443
f 444 358 356
f 446 358 444
f 359 445 357
f 359 447 445
f 446 361 358
f 448 361 446
f 362 447 359
f 362 449 447
f 451 364 450
f 364 448 450
f 364 361 448
f 452 451 450
f 365 449 362
f 365 453 449
f 455 454 451
f 454 364 451
f 454 366 364
f 455 451 452
f 367 453 365
f 367 456 453
f 454 368 366
f 457 368 454
f 369 456 367
f 369 458 456
f 457 370 368
f 459 370 457
f 371 458 369
f 371 460 458
f 459 372 370
f 461 372 459
f 373 460 371
f 373 462 460
f 461 374 372
f 463 374 461
f 375 462 373
f 375 464 462
f 463 377 374
f 465 377 463
f 375 378 466
f 467 375 466
f 464 375 467
f 379 468 378
f 378 468 466
f 469 468 379
f 377 469 379
f 465 469 377
f 467 466 381
f 382 467 381
f 470 467 382
f 466 468 471
f 383 466 471
f 472 383 471
f 466 383 381
f 471 468 469
f 473 470 382
f 473 382 384
f 384 383 472
f 384 472 473
f 476 475 474
f 478 477 474
f 478 474 475
f 479 477 478
f 476 474 385
f 386 476 385
f 480 476 386
f 385 474 388
f 388 474 477
f 389 388 477
f 479 389 477
f 481 389 479
f 390 480 386
f 390 482 480
f 483 391 392
f 484 483 392
f 389 484 392
f 481 484 389
f 486 485 394
f 485 390 394
f 485 482 390
f 483 395 391
f 397 395 483
f 484 397 483
f 487 397 484
f 486 488 485
f 487 398 397
f 489 398 487
f 489 400 398
f 490 400 489
f 490 401 400
f 491 401 490
f 494 493 492
f 491 403 401
f 495 403 491
f 497 496 404
f 496 493 404
f 494 405 404
f 494 404 493
f 495 407 403
f 498 407 495
f 497 404 408
f 501 500 499
f 498 411 407
f 502 411 498
f 499 503 501
f 502 412 411
f 504 412 502
f 413 414 505
f 505 414 506
f 504 415 412
f 507 415 504
f 416 506 414
f 416 508 506
f 507 418 415
f 509 418 507
f 419 508 416
f 419 510 508
f 509 421 418
f 511 421 509
f 422 510 419
f 422 512 510
f 513 425 423
f 514 513 423
f 421 514 423
f 511 514 421
f 426 512 422
f 426 515 512
f 513 427 425
f 428 427 513
f 514 428 513
f 516 428 514
f 429 515 426
f 429 517 515
f 516 430 428
f 518 430 516
f 431 517 429
f 431 519 517
f 518 432 430
f 520 432 518
f 433 519 431
f 433 521 519
f 520 434 432
f 522 434 520
f 435 521 433
f 435 523 521
f 522 436 434
f 524 436 522
f 437 523 435
f 437 525 523
f 524 438 436
f 526 438 524
f 439 525 437
f 439 527 525
f 526 440 438
f 528 440 526
f 441 527 439
f 441 529 527
f 528 442 440
f 530 442 528
f 443 529 441
f 443 531 529
f 530 444 442
f 532 444 530
f 445 531 443
f 445 533 531
f 535 446 534
f 446 532 534
f 446 444 532
f 536 535 534
f 447 533 445
f 447 537 533
f 538 448 535
f 535 448 446
f 535 536 539
f 535 539 538
f 449 537 447
f 449 540 537
f 538 450 448
f 452 450 538
f 539 452 538
f 541 452 539
f 453 540 449
f 453 542 540
f 544 543 455
f 455 543 454
f 455 452 541
f 455 541 544
f 456 542 453
f 456 545 542
f 543 457 454
f 546 457 543
f 458 545 456
f 458 547 545
f 546 459 457
f 548 459 546
f 460 547 458
f 460 549 547
f 548 461 459
f 550 461 548
f 462 549 460
f 462 551 549
f 550 463 461
f 552 463 550
f 464 551 462
f 464 553 551
f 552 465 463
f 554 465 552
f 467 553 464
f 467 555 553
f 554 469 465
f 556 469 554
f 470 555 467
f 470 557 555
f 558 472 471
f 559 558 471
f 469 559 471
f 556 559 469
f 560 557 470
f 560 470 473
f 473 472 558
f 561 473 558
f 560 473 561
f 561 558 559
f 564 563 562
f 565 562 563
f 568 567 566
f 570 569 566
f 570 566 567
f 571 569 570
f 572 564 562
f 572 562 565
f 575 574 573
f 573 574 568
f 566 573 568
f 576 573 566
f 577 566 569
f 576 566 577
f 569 571 578
f 579 569 578
f 577 569 579
f 580 579 578
f 583 582 581
f 584 581 582
f 575 573 585
f 575 585 586
f 587 573 576
f 585 573 587
f 588 576 577
f 587 576 588
f 589 577 579
f 588 577 589
f 579 580 590
f 591 579 590
f 589 579 591
f 593 592 591
f 593 591 590
f 594 592 593
f 595 583 581
f 595 581 584
f 476 596 475
f 597 478 475
f 597 475 596
f 597 479 478
f 600 599 598
f 598 599 586
f 585 598 586
f 601 598 585
f 602 585 587
f 601 585 602
f 603 587 588
f 602 587 603
f 604 588 589
f 603 588 604
f 605 589 591
f 604 589 605
f 592 607 606
f 605 592 606
f 591 592 605
f 607 592 594
f 609 608 596
f 476 609 596
f 480 609 476
f 596 608 597
f 597 608 610
f 479 597 610
f 611 479 610
f 481 479 611
f 600 598 612
f 600 612 613
f 614 598 601
f 612 598 614
f 615 601 602
f 614 601 615
f 616 602 603
f 615 602 616
f 617 603 604
f 616 603 617
f 618 604 605
f 617 604 618
f 605 606 619
f 620 605 619
f 618 605 620
f 622 621 620
f 622 620 619
f 624 623 621
f 624 621 622
f 626 625 623
f 626 623 624
f 627 625 626
f 482 609 480
f 482 628 609
f 611 484 481
f 629 484 611
f 613 612 630
f 613 630 631
f 632 612 614
f 630 612 632
f 633 614 615
f 632 614 633
f 634 615 616
f 633 615 634
f 635 616 617
f 634 616 635
f 636 617 618
f 635 617 636
f 637 618 620
f 636 618 637
f 638 620 621
f 637 620 638
f 639 621 623
f 638 621 639
f 625 641 640
f 639 625 640
f 623 625 639
f 641 625 627
f 485 628 482
f 485 642 628
f 629 487 484
f 643 487 629
f 631 630 644
f 631 644 645
f 646 630 632
f 644 630 646
f 647 632 633
f 646 632 647
f 648 633 634
f 647 633 648
f 649 634 635
f 648 634 649
f 650 635 636
f 649 635 650
f 651 636 637
f 650 636 651
f 652 637 638
f 651 637 652
f 653 638 639
f 652 638 653
f 639 640 654
f 655 639 654
f 653 639 655
f 656 655 654
f 658 657 488
f 657 485 488
f 657 642 485
f 643 489 487
f 659 489 643
f 660 645 644
f 662 661 660
f 644 662 660
f 646 662 644
f 663 646 647
f 662 646 663
f 664 647 648
f 663 647 664
f 665 648 649
f 664 648 665
f 666 649 650
f 665 649 666
f 667 650 651
f 666 650 667
f 668 651 652
f 667 651 668
f 669 652 653
f 668 652 669
f 670 653 655
f 669 653 670
f 655 656 671
f 655 671 670
f 657 658 672
f 672 658 673
f 659 490 489
f 674 490 659
f 661 662 675
f 661 675 676
f 677 662 663
f 675 662 677
f 678 663 664
f 677 663 678
f 679 664 665
f 678 664 679
f 680 665 666
f 679 665 680
f 681 666 667
f 680 666 681
f 682 667 668
f 681 667 682
f 683 668 669
f 682 668 683
f 670 685 684
f 683 670 684
f 669 670 683
f 685 670 671
f 672 673 686
f 686 673 687
f 674 491 490
f 688 491 674
f 676 675 689
f 676 689 690
f 691 675 677
f 689 675 691
f 692 677 678
f 691 677 692
f 693 678 679
f 692 678 693
f 694 679 680
f 693 679 694
f 695 680 681
f 694 680 695
f 696 681 682
f 695 681 696
f 697 682 683
f 696 682 697
f 683 684 698
f 699 683 698
f 697 683 699
f 701 700 699
f 701 699 698
f 702 700 701
f 492 493 687
f 493 686 687
f 493 703 686
f 688 495 491
f 704 495 688
f 690 689 705
f 690 705 706
f 707 689 691
f 705 689 707
f 708 691 692
f 707 691 708
f 709 692 693
f 708 692 709
f 710 693 694
f 709 693 710
f 711 694 695
f 710 694 711
f 712 695 696
f 711 695 712
f 713 696 697
f 712 696 713
f 714 697 699
f 713 697 714
f 700 716 715
f 714 700 715
f 699 700 714
f 716 700 702
f 718 717 496
f 717 493 496
f 717 703 493
f 704 498 495
f 719 498 704
f 706 705 720
f 706 720 721
f 722 705 707
f 720 705 722
f 723 707 708
f 722 707 723
f 724 708 709
f 723 708 724
f 725 709 710
f 724 709 725
f 726 710 711
f 725 710 726
f 727 711 712
f 726 711 727
f 728 712 713
f 727 712 728
f 729 713 714
f 728 713 729
f 714 715 730
f 714 730 729
f 500 501 718
f 501 717 718
f 501 731 717
f 719 502 498
f 732 502 719
f 735 734 733
f 733 734 721
f 720 733 721
f 736 733 720
f 737 720 722
f 736 720 737
f 738 722 723
f 737 722 738
f 739 723 724
f 738 723 739
f 740 724 725
f 739 724 740
f 741 725 726
f 740 725 741
f 742 726 727
f 741 726 742
f 743 727 728
f 742 727 743
f 744 728 729
f 743 728 744
f 729 730 745
f 729 745 744
f 747 746 503
f 746 501 503
f 746 731 501
f 749 504 748
f 504 732 748
f 504 502 732
f 750 749 748
f 735 733 751
f 735 751 752
f 753 733 736
f 751 733 753
f 754 736 737
f 753 736 754
f 755 737 738
f 754 737 755
f 756 738 739
f 755 738 756
f 757 739 740
f 756 739 757
f 758 740 741
f 757 740 758
f 759 741 742
f 758 741 759
f 760 742 743
f 759 742 760
f 761 743 744
f 760 743 761
f 744 745 762
f 763 744 762
f 761 744 763
f 764 763 762
f 505 506 747
f 506 746 747
f 506 765 746
f 767 766 749
f 766 504 749
f 766 507 504
f 767 749 750
f 768 752 751
f 770 769 768
f 751 770 768
f 753 770 751
f 771 753 754
f 770 753 771
f 772 754 755
f 771 754 772
f 773 755 756
f 772 755 773
f 774 756 757
f 773 756 774
f 775 757 758
f 774 757 775
f 776 758 759
f 775 758 776
f 777 759 760
f 776 759 777
f 778 760 761
f 777 760 778
f 763 780 779
f 778 763 779
f 761 763 778
f 780 763 764
f 508 765 506
f 508 781 765
f 766 509 507
f 782 509 766
f 769 770 783
f 769 783 784
f 785 770 771
f 783 770 785
f 786 771 772
f 785 771 786
f 787 772 773
f 786 772 787
f 788 773 774
f 787 773 788
f 789 774 775
f 788 774 789
f 790 775 776
f 789 775 790
f 791 776 777
f 790 776 791
f 792 777 778
f 791 777 792
f 778 779 793
f 778 793 792
f 510 781 508
f 510 794 781
f 782 511 509
f 795 511 782
f 784 783 796
f 784 796 797
f 798 783 785
f 796 783 798
f 799 785 786
f 798 785 799
f 800 786 787
f 799 786 800
f 801 787 788
f 800 787 801
f 802 788 789
f 801 788 802
f 803 789 790
f 802 789 803
f 804 790 791
f 803 790 804
f 805 791 792
f 804 791 805
f 792 793 806
f 792 806 805
f 512 794 510
f 512 807 794
f 795 514 511
f 808 514 795
f 797 796 809
f 797 809 810
f 811 796 798
f 809 796 811
f 812 798 799
f 811 798 812
f 813 799 800
f 812 799 813
f 814 800 801
f 813 800 814
f 815 801 802
f 814 801 815
f 816 802 803
f 815 802 816
f 817 803 804
f 816 803 817
f 805 819 818
f 817 805 818
f 804 805 817
f 819 805 806
f 515 807 512
f 515 820 807
f 808 516 514
f 821 516 808
f 822 810 809
f 824 823 822
f 809 824 822
f 811 824 809
f 825 811 812
f 824 811 825
f 826 812 813
f 825 812 826
f 827 813 814
f 826 813 827
f 828 814 815
f 827 814 828
f 829 815 816
f 828 815 829
f 830 816 817
f 829 816 830
f 817 818 831
f 817 831 830
f 517 820 515
f 517 832 820
f 821 518 516
f 833 518 821
f 836 835 834
f 834 835 823
f 824 834 823
f 837 834 824
f 838 824 825
f 837 824 838
f 839 825 826
f 838 825 839
f 840 826 827
f 839 826 840
f 841 827 828
f 840 827 841
f 842 828 829
f 841 828 842
f 843 829 830
f 842 829 843
f 830 831 844
f 845 830 844
f 843 830 845
f 846 845 844
f 519 832 517
f 519 847 832
f 833 520 518
f 848 520 833
f 836 834 849
f 836 849 850
f 851 834 837
f 849 834 851
f 852 837 838
f 851 837 852
f 853 838 839
f 852 838 853
f 854 839 840
f 853 839 854
f 855 840 841
f 854 840 855
f 856 841 842
f 855 841 856
f 843 858 857
f 856 843 857
f 842 843 856
f 858 843 845
f 858 845 859
f 859 845 846
f 521 847 519
f 521 860 847
f 862 522 861
f 522 848 861
f 522 520 848
f 863 862 861
f 850 849 864
f 850 864 865
f 866 849 851
f 864 849 866
f 867 851 852
f 866 851 867
f 868 852 853
f 867 852 868
f 869 853 854
f 868 853 869
f 870 854 855
f 869 854 870
f 871 855 856
f 870 855 871
f 856 857 872
f 873 856 872
f 871 856 873
f 874 873 872
f 523 860 521
f 523 875 860
f 877 876 862
f 876 522 862
f 876 524 522
f 877 862 863
f 865 864 878
f 865 878 879
f 880 864 866
f 878 864 880
f 881 866 867
f 880 866 881
f 882 867 868
f 881 867 882
f 883 868 869
f 882 868 883
f 884 869 870
f 883 869 884
f 885 870 871
f 884 870 885
f 886 871 873
f 885 871 886
f 873 874 887
f 888 873 887
f 886 873 888
f 889 888 887
f 525 875 523
f 525 890 875
f 876 526 524
f 891 526 876
f 879 878 892
f 879 892 893
f 894 878 880
f 892 878 894
f 895 880 881
f 894 880 895
f 896 881 882
f 895 881 896
f 897 882 883
f 896 882 897
f 898 883 884
f 897 883 898
f 899 884 885
f 898 884 899
f 900 885 886
f 899 885 900
f 901 886 888
f 900 886 901
f 888 889 902
f 888 902 901
f 527 890 525
f 527 903 890
f 891 528 526
f 904 528 891
f 905 893 892
f 907 906 905
f 892 907 905
f 894 907 892
f 908 894 895
f 907 894 908
f 909 895 896
f 908 895 909
f 910 896 897
f 909 896 910
f 911 897 898
f 910 897 911
f 912 898 899
f 911 898 912
f 913 899 900
f 912 899 913
f 914 900 901
f 913 900 914
f 901 902 915
f 901 915 914
f 529 903 527
f 529 916 903
f 918 530 917
f 530 904 917
f 530 528 904
f 919 918 917
f 922 921 920
f 920 921 906
f 907 920 906
f 923 920 907
f 924 907 908
f 923 907 924
f 925 908 909
f 924 908 925
f 926 909 910
f 925 909 926
f 927 910 911
f 926 910 927
f 928 911 912
f 927 911 928
f 929 912 913
f 928 912 929
f 930 913 914
f 929 913 930
f 914 915 931
f 914 931 930
f 531 916 529
f 531 932 916
f 934 933 918
f 933 530 918
f 933 532 530
f 934 918 919
f 935 922 920
f 937 936 935
f 920 937 935
f 923 937 920
f 938 923 924
f 937 923 938
f 939 924 925
f 938 924 939
f 940 925 926
f 939 925 940
f 941 926 927
f 940 926 941
f 942 927 928
f 941 927 942
f 943 928 929
f 942 928 943
f 930 945 944
f 943 930 944
f 929 930 943
f 945 930 931
f 533 932 531
f 533 946 932
f 933 947 532
f 532 947 534
f 536 534 947
f 536 947 948
f 936 937 949
f 936 949 950
f 951 937 938
f 949 937 951
f 952 938 939
f 951 938 952
f 953 939 940
f 952 939 953
f 954 940 941
f 953 940 954
f 955 941 942
f 954 941 955
f 956 942 943
f 955 942 956
f 943 944 957
f 958 943 957
f 956 943 958
f 959 958 957
f 537 946 533
f 537 960 946
f 963 962 961
f 948 963 961
f 539 948 961
f 536 948 539
f 950 949 964
f 950 964 965
f 966 949 951
f 964 949 966
f 967 951 952
f 966 951 967
f 968 952 953
f 967 952 968
f 969 953 954
f 968 953 969
f 970 954 955
f 969 954 970
f 971 955 956
f 970 955 971
f 972 956 958
f 971 956 972
f 958 959 973
f 958 973 972
f 540 960 537
f 540 974 960
f 961 962 975
f 975 962 976
f 975 541 539
f 975 539 961
f 977 965 964
f 979 978 977
f 964 979 977
f 966 979 964
f 980 966 967
f 979 966 980
f 981 967 968
f 980 967 981
f 982 968 969
f 981 968 982
f 983 969 970
f 982 969 983
f 984 970 971
f 983 970 984
f 972 986 985
f 984 972 985
f 971 972 984
f 986 972 973
f 542 974 540
f 542 987 974
f 975 976 544
f 976 543 544
f 976 988 543
f 975 544 541
f 978 979 989
f 978 989 990
f 991 979 980
f 989 979 991
f 992 980 981
f 991 980 992
f 993 981 982
f 992 981 993
f 994 982 983
f 993 982 994
f 984 996 995
f 994 984 995
f 983 984 994
f 996 984 985
f 545 987 542
f 545 997 987
f 988 546 543
f 998 546 988
f 1001 1000 999
f 999 1000 990
f 989 999 990
f 1002 999 989
f 1003 989 991
f 1002 989 1003
f 1004 991 992
f 1003 991 1004
f 1005 992 993
f 1004 992 1005
f 1006 993 994
f 1005 993 1006
f 994 995 1007
f 1008 994 1007
f 1006 994 1008
f 1009 1008 1007
f 547 997 545
f 547 1010 997
f 998 548 546
f 1011 548 998
f 1001 999 1012
f 1001 1012 1013
f 1014 999 1002
f 1012 999 1014
f 1015 1002 1003
f 1014 1002 1015
f 1016 1003 1004
f 1015 1003 1016
f 1017 1004 1005
f 1016 1004 1017
f 1006 1019 1018
f 1017 1006 1018
f 1005 1006 1017
f 1019 1006 1008
f 1019 1008 1020
f 1020 1008 1009
f 549 1010 547
f 549 1021 1010
f 1023 550 1022
f 550 1011 1022
f 550 548 1011
f 1024 1023 1022
f 1013 1012 1025
f 1013 1025 1026
f 1027 1012 1014
f 1025 1012 1027
f 1028 1014 1015
f 1027 1014 1028
f 1029 1015 1016
f 1028 1015 1029
f 1030 1016 1017
f 1029 1016 1030
f 1017 1018 1031
f 1032 1017 1031
f 1030 1017 1032
f 1033 1032 1031
f 551 1021 549
f 551 1034 1021
f 1036 1035 1023
f 1035 550 1023
f 1035 552 550
f 1036 1023 1024
f 1026 1025 1037
f 1026 1037 1038
f 1039 1025 1027
f 1037 1025 1039
f 1040 1027 1028
f 1039 1027 1040
f 1041 1028 1029
f 1040 1028 1041
f 1030 1043 1042
f 1041 1030 1042
f 1029 1030 1041
f 1043 1030 1032
f 1043 1032 1044
f 1044 1032 1033
f 553 1034 551
f 553 1045 1034
f 1035 554 552
f 1046 554 1035
f 1049 1048 1047
f 1047 1048 1038
f 1037 1047 1038
f 1050 1047 1037
f 1051 1037 1039
f 1050 1037 1051
f 1052 1039 1040
f 1051 1039 1052
f 1053 1040 1041
f 1052 1040 1053
f 1041 1042 1054
f 1041 1054 1053
f 555 1045 553
f 555 1055 1045
f 1046 556 554
f 1056 556 1046
f 1049 1047 1057
f 1049 1057 1058
f 1059 1047 1050
f 1057 1047 1059
f 1060 1050 1051
f 1059 1050 1060
f 1061 1051 1052
f 1060 1051 1061
f 1062 1052 1053
f 1061 1052 1062
f 1053 1054 1063
f 1064 1053 1063
f 1062 1053 1064
f 1066 1065 1064
f 1066 1064 1063
f 1068 1067 1065
f 1068 1065 1066
f 1069 1067 1068
f 557 1055 555
f 557 1070 1055
f 1056 559 556
f 1071 559 1056
f 1074 1073 1072
f 1072 1073 1058
f 1057 1072 1058
f 1075 1072 1057
f 1076 1057 1059
f 1075 1057 1076
f 1077 1059 1060
f 1076 1059 1077
f 1078 1060 1061
f 1077 1060 1078
f 1079 1061 1062
f 1078 1061 1079
f 1064 1081 1080
f 1079 1064 1080
f 1062 1064 1079
f 1083 1082 1081
f 1064 1083 1081
f 1065 1083 1064
f 1067 1085 1084
f 1083 1067 1084
f 1065 1067 1083
f 1085 1067 1069
f 1086 1070 557
f 1086 557 560
f 1087 560 561
f 1087 1086 560
f 561 559 1071
f 561 1071 1087
f 1088 1074 1072
f 1090 1089 1088
f 1072 1090 1088
f 1075 1090 1072
f 1091 1075 1076
f 1090 1075 1091
f 1092 1076 1077
f 1091 1076 1092
f 1093 1077 1078
f 1092 1077 1093
f 1094 1078 1079
f 1093 1078 1094
f 1079 1080 1095
f 1096 1079 1095
f 1094 1079 1096
f 1082 1083 1097
f 1095 1098 1096
f 1097 1083 1084
f 1089 1090 1099
f 1089 1099 1100
f 1101 1090 1091
f 1099 1090 1101
f 1102 1091 1092
f 1101 1091 1102
f 1103 1092 1093
f 1102 1092 1103
f 1104 1093 1094
f 1103 1093 1104
f 1096 1106 1105
f 1104 1096 1105
f 1094 1096 1104
f 1106 1096 1098
f 1100 1099 1107
f 1100 1107 1108
f 1109 1099 1101
f 1107 1099 1109
f 1110 1101 1102
f 1109 1101 1110
f 1111 1102 1103
f 1110 1102 1111
f 1112 1103 1104
f 1111 1103 1112
f 1104 1105 1113
f 1114 1104 1113
f 1112 1104 1114
f 1115 1114 1113
f 1116 1108 1107
f 1118 1117 1116
f 1107 1118 1116
f 1109 1118 1107
f 1119 1109 1110
f 1118 1109 1119
f 1120 1110 1111
f 1119 1110 1120
f 1112 1122 1121
f 1120 1112 1121
f 1111 1112 1120
f 1122 1112 1114
f 1122 1114 1123
f 1123 1114 1115
f 1124 1117 1118
f 1124 1118 1119
f 1124 1119 1125
f 1125 1119 1120
f 1125 1120 1126
f 1129 1128 1127
f 1121 1126 1120
f 1130 1128 1129
f 1131 1127 1128
f 1131 1128 1130
f 1134 1133 1132
f 1136 1135 1132
f 1136 1132 1133
f 1138 1137 1135
f 1138 1135 1136
f 1140 1139 1137
f 1140 1137 1138
f 1142 1141 1139
f 1142 1139 1140
f 1144 1143 1141
f 1144 1141 1142
f 1146 1145 1143
f 1146 1143 1144
f 1148 1147 1145
f 1148 1145 1146
f 1147 1148 1149
f 1150 1147 1149
f 1151 1147 1150
f 1153 1150 1152
f 1151 1150 1153
f 1155 1152 1154
f 1153 1152 1155
f 1157 1154 1156
f 1155 1154 1157
f 1159 1156 1158
f 1157 1156 1159
f 1158 1161 1160
f 1162 1158 1160
f 1159 1158 1162
f 1162 1160 1163
f 1164 1162 1163
f 1165 1162 1164
f 1164 1167 1166
f 1168 1164 1166
f 1165 1164 1168
f 1168 1166 1169
f 1170 1168 1169
f 1171 1168 1170
f 1173 1170 1172
f 1171 1170 1173
f 1175 1172 1174
f 1173 1172 1175
f 1177 1174 1176
f 1175 1174 1177
f 1179 1176 1178
f 1177 1176 1179
f 1178 1181 1180
f 1182 1178 1180
f 1179 1178 1182
f 1182 1180 1183
f 1184 1182 1183
f 1185 1182 1184
f 1184 1187 1186
f 1188 1184 1186
f 1185 1184 1188
f 1190 1189 1188
f 1190 1188 1186
f 1192 1191 1189
f 1192 1189 1190
f 1194 1193 1191
f 1194 1191 1192
f 1196 1195 1193
f 1196 1193 1194
f 1198 1197 1195
f 1198 1195 1196
f 1200 1199 1197
f 1200 1197 1198
f 1202 1201 1199
f 1202 1199 1200
f 1204 1203 1201
f 1204 1201 1202
f 1206 1205 1203
f 1206 1203 1204
f 1207 1205 1206
f 1210 1209 1208
f 1212 1211 1208
f 1212 1208 1209
f 1211 1212 1134
f 1132 1211 1134
f 1213 1211 1132
f 1214 1132 1135
f 1213 1132 1214
f 1215 1135 1137
f 1214 1135 1215
f 1216 1137 1139
f 1215 1137 1216
f 1217 1139 1141
f 1216 1139 1217
f 564 1217 563
f 1217 1143 563
f 1217 1141 1143
f 563 1143 565
f 1143 1218 565
f 1143 1145 1218
f 1219 1145 1147
f 1218 1145 1219
f 1220 1147 1151
f 1219 1147 1220
f 1221 1151 1153
f 1220 1151 1221
f 1222 1153 1155
f 1221 1153 1222
f 1223 1155 1157
f 1222 1155 1223
f 1224 1157 1159
f 1223 1157 1224
f 1225 1159 1162
f 1224 1159 1225
f 1226 1162 1165
f 1225 1162 1226
f 1227 1165 1168
f 1226 1165 1227
f 1228 1168 1171
f 1227 1168 1228
f 1229 1171 1173
f 1228 1171 1229
f 1230 1173 1175
f 1229 1173 1230
f 1231 1175 1177
f 1230 1175 1231
f 1232 1177 1179
f 1231 1177 1232
f 1233 1179 1182
f 1232 1179 1233
f 1234 1182 1185
f 1233 1182 1234
f 1235 1185 1188
f 1234 1185 1235
f 1236 1188 1189
f 1235 1188 1236
f 1237 1189 1191
f 1236 1189 1237
f 1238 1191 1193
f 1237 1191 1238
f 1195 1240 1239
f 1238 1195 1239
f 1193 1195 1238
f 1242 1241 1240
f 1195 1242 1240
f 1197 1242 1195
f 1243 1197 1199
f 1242 1197 1243
f 1244 1199 1201
f 1243 1199 1244
f 1203 1246 1245
f 1244 1203 1245
f 1201 1203 1244
f 1248 1247 1246
f 1203 1248 1246
f 1205 1248 1203
f 1205 1207 1249
f 1205 1249 1248
f 1252 1251 1250
f 1250 1251 1210
f 1208 1250 1210
f 1253 1250 1208
f 568 1253 567
f 1253 1211 567
f 1253 1208 1211
f 567 1211 570
f 570 1211 1213
f 570 1213 571
f 1213 1254 571
f 1213 1214 1254
f 1255 1214 1215
f 1254 1214 1255
f 1256 1215 1216
f 1255 1215 1256
f 1257 1216 1217
f 1256 1216 1257
f 572 1258 564
f 1258 1217 564
f 1258 1257 1217
f 565 1218 572
f 1218 1258 572
f 1218 1259 1258
f 1260 1218 1219
f 1259 1218 1260
f 1261 1219 1220
f 1260 1219 1261
f 1262 1220 1221
f 1261 1220 1262
f 1263 1221 1222
f 1262 1221 1263
f 1264 1222 1223
f 1263 1222 1264
f 1265 1223 1224
f 1264 1223 1265
f 1266 1224 1225
f 1265 1224 1266
f 1267 1225 1226
f 1266 1225 1267
f 1268 1226 1227
f 1267 1226 1268
f 1269 1227 1228
f 1268 1227 1269
f 1270 1228 1229
f 1269 1228 1270
f 1271 1229 1230
f 1270 1229 1271
f 1272 1230 1231
f 1271 1230 1272
f 1273 1231 1232
f 1272 1231 1273
f 1274 1232 1233
f 1273 1232 1274
f 1275 1233 1234
f 1274 1233 1275
f 1276 1234 1235
f 1275 1234 1276
f 1277 1235 1236
f 1276 1235 1277
f 1278 1236 1237
f 1277 1236 1278
f 1279 1237 1238
f 1278 1237 1279
f 1238 1239 1280
f 1281 1238 1280
f 1279 1238 1281
f 1281 1280 1241
f 1242 1281 1241
f 1282 1281 1242
f 1283 1242 1243
f 1282 1242 1283
f 1284 1243 1244
f 1283 1243 1284
f 1244 1245 1285
f 1286 1244 1285
f 1284 1244 1286
f 1286 1285 1247
f 1248 1286 1247
f 1287 1286 1248
f 1248 1249 1288
f 1289 1248 1288
f 1287 1248 1289
f 1290 1289 1288
f 1252 1250 1291
f 1252 1291 1292
f 575 1291 574
f 1291 1253 574
f 1291 1250 1253
f 574 1253 568
f 1254 578 571
f 578 1254 580
f 1254 1293 580
f 1254 1255 1293
f 1294 1255 1256
f 1293 1255 1294
f 1295 1256 1257
f 1294 1256 1295
f 583 1295 582
f 1295 1258 582
f 1295 1257 1258
f 582 1258 584
f 1258 1296 584
f 1258 1259 1296
f 1297 1259 1260
f 1296 1259 1297
f 1298 1260 1261
f 1297 1260 1298
f 1299 1261 1262
f 1298 1261 1299
f 1300 1262 1263
f 1299 1262 1300
f 1301 1263 1264
f 1300 1263 1301
f 1302 1264 1265
f 1301 1264 1302
f 1303 1265 1266
f 1302 1265 1303
f 1304 1266 1267
f 1303 1266 1304
f 1305 1267 1268
f 1304 1267 1305
f 1306 1268 1269
f 1305 1268 1306
f 1307 1269 1270
f 1306 1269 1307
f 1308 1270 1271
f 1307 1270 1308
f 1309 1271 1272
f 1308 1271 1309
f 1310 1272 1273
f 1309 1272 1310
f 1311 1273 1274
f 1310 1273 1311
f 1312 1274 1275
f 1311 1274 1312
f 1313 1275 1276
f 1312 1275 1313
f 1314 1276 1277
f 1313 1276 1314
f 1315 1277 1278
f 1314 1277 1315
f 1316 1278 1279
f 1315 1278 1316
f 1317 1279 1281
f 1316 1279 1317
f 1318 1281 1282
f 1317 1281 1318
f 1319 1282 1283
f 1318 1282 1319
f 1320 1283 1284
f 1319 1283 1320
f 1321 1284 1286
f 1320 1284 1321
f 1322 1286 1287
f 1321 1286 1322
f 1323 1287 1289
f 1322 1287 1323
f 1289 1290 1324
f 1325 1289 1324
f 1323 1289 1325
f 1326 1325 1324
f 1292 1291 1327
f 1292 1327 1328
f 586 1327 575
f 575 1327 1291
f 1293 590 580
f 590 1293 593
f 593 1293 1294
f 593 1294 594
f 1294 1329 594
f 1294 1295 1329
f 595 1330 583
f 1330 1295 583
f 1330 1329 1295
f 584 1296 595
f 1296 1330 595
f 1296 1331 1330
f 1332 1296 1297
f 1331 1296 1332
f 1333 1297 1298
f 1332 1297 1333
f 1334 1298 1299
f 1333 1298 1334
f 1335 1299 1300
f 1334 1299 1335
f 1336 1300 1301
f 1335 1300 1336
f 1337 1301 1302
f 1336 1301 1337
f 1338 1302 1303
f 1337 1302 1338
f 1339 1303 1304
f 1338 1303 1339
f 1340 1304 1305
f 1339 1304 1340
f 1341 1305 1306
f 1340 1305 1341
f 1342 1306 1307
f 1341 1306 1342
f 1343 1307 1308
f 1342 1307 1343
f 1344 1308 1309
f 1343 1308 1344
f 1345 1309 1310
f 1344 1309 1345
f 1346 1310 1311
f 1345 1310 1346
f 1347 1311 1312
f 1346 1311 1347
f 1348 1312 1313
f 1347 1312 1348
f 1349 1313 1314
f 1348 1313 1349
f 1350 1314 1315
f 1349 1314 1350
f 1351 1315 1316
f 1350 1315 1351
f 1352 1316 1317
f 1351 1316 1352
f 1353 1317 1318
f 1352 1317 1353
f 1354 1318 1319
f 1353 1318 1354
f 1355 1319 1320
f 1354 1319 1355
f 1356 1320 1321
f 1355 1320 1356
f 1357 1321 1322
f 1356 1321 1357
f 1358 1322 1323
f 1357 1322 1358
f 1359 1323 1325
f 1358 1323 1359
f 1325 1326 1360
f 1325 1360 1359
f 1363 1362 1361
f 1364 1361 1362
f 1328 1327 599
f 600 1328 599
f 1365 1328 600
f 599 1327 586
f 1366 606 607
f 594 1329 607
f 1329 1366 607
f 1329 1367 1366
f 1368 1329 1330
f 1367 1329 1368
f 1369 1330 1331
f 1368 1330 1369
f 1370 1331 1332
f 1369 1331 1370
f 1371 1332 1333
f 1370 1332 1371
f 1372 1333 1334
f 1371 1333 1372
f 1373 1334 1335
f 1372 1334 1373
f 1374 1335 1336
f 1373 1335 1374
f 1375 1336 1337
f 1374 1336 1375
f 1376 1337 1338
f 1375 1337 1376
f 1377 1338 1339
f 1376 1338 1377
f 1378 1339 1340
f 1377 1339 1378
f 1379 1340 1341
f 1378 1340 1379
f 1380 1341 1342
f 1379 1341 1380
f 1381 1342 1343
f 1380 1342 1381
f 1382 1343 1344
f 1381 1343 1382
f 1383 1344 1345
f 1382 1344 1383
f 1384 1345 1346
f 1383 1345 1384
f 1385 1346 1347
f 1384 1346 1385
f 1386 1347 1348
f 1385 1347 1386
f 1387 1348 1349
f 1386 1348 1387
f 1388 1349 1350
f 1387 1349 1388
f 1389 1350 1351
f 1388 1350 1389
f 1390 1351 1352
f 1389 1351 1390
f 1391 1352 1353
f 1390 1352 1391
f 1392 1353 1354
f 1391 1353 1392
f 1393 1354 1355
f 1392 1354 1393
f 1394 1355 1356
f 1393 1355 1394
f 1395 1356 1357
f 1394 1356 1395
f 1396 1357 1358
f 1395 1357 1396
f 1397 1358 1359
f 1396 1358 1397
f 1359 1360 1398
f 1359 1398 1397
f 1363 1361 608
f 609 1363 608
f 1399 1363 609
f 610 608 1361
f 1400 610 1361
f 1364 1400 1361
f 1401 610 1400
f 1401 611 610
f 1404 1403 1402
f 1403 1365 1402
f 1365 613 1402
f 1365 600 613
f 1366 619 606
f 619 1366 622
f 622 1366 1367
f 622 1367 624
f 624 1367 1368
f 624 1368 626
f 626 1368 1369
f 626 1369 627
f 1369 1405 627
f 1369 1370 1405
f 1406 1370 1371
f 1405 1370 1406
f 1407 1371 1372
f 1406 1371 1407
f 1408 1372 1373
f 1407 1372 1408
f 1409 1373 1374
f 1408 1373 1409
f 1410 1374 1375
f 1409 1374 1410
f 1411 1375 1376
f 1410 1375 1411
f 1412 1376 1377
f 1411 1376 1412
f 1413 1377 1378
f 1412 1377 1413
f 1414 1378 1379
f 1413 1378 1414
f 1415 1379 1380
f 1414 1379 1415
f 1416 1380 1381
f 1415 1380 1416
f 1417 1381 1382
f 1416 1381 1417
f 1418 1382 1383
f 1417 1382 1418
f 1419 1383 1384
f 1418 1383 1419
f 1420 1384 1385
f 1419 1384 1420
f 1421 1385 1386
f 1420 1385 1421
f 1422 1386 1387
f 1421 1386 1422
f 1423 1387 1388
f 1422 1387 1423
f 1424 1388 1389
f 1423 1388 1424
f 1425 1389 1390
f 1424 1389 1425
f 1426 1390 1391
f 1425 1390 1426
f 1427 1391 1392
f 1426 1391 1427
f 1428 1392 1393
f 1427 1392 1428
f 1429 1393 1394
f 1428 1393 1429
f 1430 1394 1395
f 1429 1394 1430
f 1431 1395 1396
f 1430 1395 1431
f 1432 1396 1397
f 1431 1396 1432
f 1397 1398 1433
f 1397 1433 1432
f 628 1399 609
f 628 1434 1399
f 1400 1435 1401
f 611 1401 1435
f 1436 611 1435
f 629 611 1436
f 1437 1404 1402
f 1402 613 1437
f 613 1438 1437
f 613 631 1438
f 1439 640 641
f 627 1405 641
f 1405 1439 641
f 1405 1440 1439
f 1441 1405 1406
f 1440 1405 1441
f 1442 1406 1407
f 1441 1406 1442
f 1443 1407 1408
f 1442 1407 1443
f 1444 1408 1409
f 1443 1408 1444
f 1445 1409 1410
f 1444 1409 1445
f 1446 1410 1411
f 1445 1410 1446
f 1447 1411 1412
f 1446 1411 1447
f 1448 1412 1413
f 1447 1412 1448
f 1449 1413 1414
f 1448 1413 1449
f 1450 1414 1415
f 1449 1414 1450
f 1451 1415 1416
f 1450 1415 1451
f 1452 1416 1417
f 1451 1416 1452
f 1453 1417 1418
f 1452 1417 1453
f 1454 1418 1419
f 1453 1418 1454
f 1455 1419 1420
f 1454 1419 1455
f 1456 1420 1421
f 1455 1420 1456
f 1457 1421 1422
f 1456 1421 1457
f 1458 1422 1423
f 1457 1422 1458
f 1459 1423 1424
f 1458 1423 1459
f 1460 1424 1425
f 1459 1424 1460
f 1461 1425 1426
f 1460 1425 1461
f 1462 1426 1427
f 1461 1426 1462
f 1463 1427 1428
f 1462 1427 1463
f 1464 1428 1429
f 1463 1428 1464
f 1465 1429 1430
f 1464 1429 1465
f 1466 1430 1431
f 1465 1430 1466
f 1467 1431 1432
f 1466 1431 1467
f 1432 1433 1468
f 1432 1468 1467
f 642 1434 628
f 642 1469 1434
f 1436 643 629
f 1470 643 1436
f 645 1438 631
f 645 1471 1438
f 1439 654 640
f 654 1439 656
f 1439 1472 656
f 1439 1440 1472
f 1473 1440 1441
f 1472 1440 1473
f 1474 1441 1442
f 1473 1441 1474
f 1475 1442 1443
f 1474 1442 1475
f 1476 1443 1444
f 1475 1443 1476
f 1477 1444 1445
f 1476 1444 1477
f 1478 1445 1446
f 1477 1445 1478
f 1479 1446 1447
f 1478 1446 1479
f 1480 1447 1448
f 1479 1447 1480
f 1481 1448 1449
f 1480 1448 1481
f 1482 1449 1450
f 1481 1449 1482
f 1483 1450 1451
f 1482 1450 1483
f 1484 1451 1452
f 1483 1451 1484
f 1485 1452 1453
f 1484 1452 1485
f 1486 1453 1454
f 1485 1453 1486
f 1487 1454 1455
f 1486 1454 1487
f 1488 1455 1456
f 1487 1455 1488
f 1489 1456 1457
f 1488 1456 1489
f 1490 1457 1458
f 1489 1457 1490
f 1491 1458 1459
f 1490 1458 1491
f 1492 1459 1460
f 1491 1459 1492
f 1493 1460 1461
f 1492 1460 1493
f 1494 1461 1462
f 1493 1461 1494
f 1495 1462 1463
f 1494 1462 1495
f 1496 1463 1464
f 1495 1463 1496
f 1497 1464 1465
f 1496 1464 1497
f 1498 1465 1466
f 1497 1465 1498
f 1499 1466 1467
f 1498 1466 1499
f 1467 1468 1500
f 1467 1500 1499
f 657 1469 642
f 657 1501 1469
f 1470 659 643
f 1502 659 1470
f 645 660 1503
f 1504 645 1503
f 1471 645 1504
f 661 1503 660
f 1505 671 1472
f 1472 671 656
f 1506 1472 1473
f 1505 1472 1506
f 1507 1473 1474
f 1506 1473 1507
f 1508 1474 1475
f 1507 1474 1508
f 1509 1475 1476
f 1508 1475 1509
f 1510 1476 1477
f 1509 1476 1510
f 1511 1477 1478
f 1510 1477 1511
f 1512 1478 1479
f 1511 1478 1512
f 1513 1479 1480
f 1512 1479 1513
f 1514 1480 1481
f 1513 1480 1514
f 1515 1481 1482
f 1514 1481 1515
f 1516 1482 1483
f 1515 1482 1516
f 1517 1483 1484
f 1516 1483 1517
f 1518 1484 1485
f 1517 1484 1518
f 1519 1485 1486
f 1518 1485 1519
f 1520 1486 1487
f 1519 1486 1520
f 1521 1487 1488
f 1520 1487 1521
f 1522 1488 1489
f 1521 1488 1522
f 1523 1489 1490
f 1522 1489 1523
f 1524 1490 1491
f 1523 1490 1524
f 1525 1491 1492
f 1524 1491 1525
f 1526 1492 1493
f 1525 1492 1526
f 1527 1493 1494
f 1526 1493 1527
f 1528 1494 1495
f 1527 1494 1528
f 1529 1495 1496
f 1528 1495 1529
f 1530 1496 1497
f 1529 1496 1530
f 1531 1497 1498
f 1530 1497 1531
f 1532 1498 1499
f 1531 1498 1532
f 1499 1500 1533
f 1499 1533 1532
f 672 1501 657
f 672 1534 1501
f 1502 674 659
f 1535 674 1502
f 1504 1503 1536
f 1504 1536 1537
f 676 1536 661
f 661 1536 1503
f 1538 684 685
f 671 1505 685
f 1505 1538 685
f 1505 1539 1538
f 1540 1505 1506
f 1539 1505 1540
f 1541 1506 1507
f 1540 1506 1541
f 1542 1507 1508
f 1541 1507 1542
f 1543 1508 1509
f 1542 1508 1543
f 1544 1509 1510
f 1543 1509 1544
f 1545 1510 1511
f 1544 1510 1545
f 1546 1511 1512
f 1545 1511 1546
f 1547 1512 1513
f 1546 1512 1547
f 1548 1513 1514
f 1547 1513 1548
f 1549 1514 1515
f 1548 1514 1549
f 1550 1515 1516
f 1549 1515 1550
f 1551 1516 1517
f 1550 1516 1551
f 1552 1517 1518
f 1551 1517 1552
f 1553 1518 1519
f 1552 1518 1553
f 1554 1519 1520
f 1553 1519 1554
f 1555 1520 1521
f 1554 1520 1555
f 1556 1521 1522
f 1555 1521 1556
f 1557 1522 1523
f 1556 1522 1557
f 1558 1523 1524
f 1557 1523 1558
f 1559 1524 1525
f 1558 1524 1559
f 1560 1525 1526
f 1559 1525 1560
f 1561 1526 1527
f 1560 1526 1561
f 1562 1527 1528
f 1561 1527 1562
f 1563 1528 1529
f 1562 1528 1563
f 1564 1529 1530
f 1563 1529 1564
f 1565 1530 1531
f 1564 1530 1565
f 1566 1531 1532
f 1565 1531 1566
f 1532 1533 1567
f 1532 1567 1566
f 686 1534 672
f 686 1568 1534
f 1535 688 674
f 1569 688 1535
f 1537 1536 1570
f 1537 1570 1571
f 690 1570 676
f 676 1570 1536
f 1538 698 684
f 698 1538 701
f 701 1538 1539
f 701 1539 702
f 1539 1572 702
f 1539 1540 1572
f 1573 1540 1541
f 1572 1540 1573
f 1574 1541 1542
f 1573 1541 1574
f 1575 1542 1543
f 1574 1542 1575
f 1576 1543 1544
f 1575 1543 1576
f 1577 1544 1545
f 1576 1544 1577
f 1578 1545 1546
f 1577 1545 1578
f 1579 1546 1547
f 1578 1546 1579
f 1580 1547 1548
f 1579 1547 1580
f 1581 1548 1549
f 1580 1548 1581
f 1582 1549 1550
f 1581 1549 1582
f 1583 1550 1551
f 1582 1550 1583
f 1584 1551 1552
f 1583 1551 1584
f 1585 1552 1553
f 1584 1552 1585
f 1586 1553 1554
f 1585 1553 1586
f 1587 1554 1555
f 1586 1554 1587
f 1588 1555 1556
f 1587 1555 1588
f 1589 1556 1557
f 1588 1556 1589
f 1590 1557 1558
f 1589 1557 1590
f 1591 1558 1559
f 1590 1558 1591
f 1592 1559 1560
f 1591 1559 1592
f 1593 1560 1561
f 1592 1560 1593
f 1594 1561 1562
f 1593 1561 1594
f 1595 1562 1563
f 1594 1562 1595
f 1596 1563 1564
f 1595 1563 1596
f 1597 1564 1565
f 1596 1564 1597
f 1598 1565 1566
f 1597 1565 1598
f 1566 1567 1599
f 1566 1599 1598
f 703 1568 686
f 703 1600 1568
f 1569 704 688
f 1601 704 1569
f 1602 1571 1570
f 1570 690 1602
f 690 1603 1602
f 690 706 1603
f 1604 715 716
f 702 1572 716
f 1572 1604 716
f 1572 1605 1604
f 1606 1572 1573
f 1605 1572 1606
f 1607 1573 1574
f 1606 1573 1607
f 1608 1574 1575
f 1607 1574 1608
f 1609 1575 1576
f 1608 1575 1609
f 1610 1576 1577
f 1609 1576 1610
f 1611 1577 1578
f 1610 1577 1611
f 1612 1578 1579
f 1611 1578 1612
f 1613 1579 1580
f 1612 1579 1613
f 1614 1580 1581
f 1613 1580 1614
f 1615 1581 1582
f 1614 1581 1615
f 1616 1582 1583
f 1615 1582 1616
f 1617 1583 1584
f 1616 1583 1617
f 1618 1584 1585
f 1617 1584 1618
f 1619 1585 1586
f 1618 1585 1619
f 1620 1586 1587
f 1619 1586 1620
f 1621 1587 1588
f 1620 1587 1621
f 1622 1588 1589
f 1621 1588 1622
f 1623 1589 1590
f 1622 1589 1623
f 1624 1590 1591
f 1623 1590 1624
f 1625 1591 1592
f 1624 1591 1625
f 1626 1592 1593
f 1625 1592 1626
f 1627 1593 1594
f 1626 1593 1627
f 1628 1594 1595
f 1627 1594 1628
f 1629 1595 1596
f 1628 1595 1629
f 1630 1596 1597
f 1629 1596 1630
f 1631 1597 1598
f 1630 1597 1631
f 1598 1599 1632
f 1598 1632 1631
f 1634 1600 1633
f 1600 717 1633
f 1600 703 717
f 1601 719 704
f 1635 719 1601
f 721 1603 706
f 721 1636 1603
f 1637 730 1604
f 1604 730 715
f 1638 1604 1605
f 1637 1604 1638
f 1639 1605 1606
f 1638 1605 1639
f 1640 1606 1607
f 1639 1606 1640
f 1641 1607 1608
f 1640 1607 1641
f 1642 1608 1609
f 1641 1608 1642
f 1643 1609 1610
f 1642 1609 1643
f 1644 1610 1611
f 1643 1610 1644
f 1645 1611 1612
f 1644 1611 1645
f 1646 1612 1613
f 1645 1612 1646
f 1647 1613 1614
f 1646 1613 1647
f 1648 1614 1615
f 1647 1614 1648
f 1649 1615 1616
f 1648 1615 1649
f 1650 1616 1617
f 1649 1616 1650
f 1651 1617 1618
f 1650 1617 1651
f 1652 1618 1619
f 1651 1618 1652
f 1653 1619 1620
f 1652 1619 1653
f 1654 1620 1621
f 1653 1620 1654
f 1655 1621 1622
f 1654 1621 1655
f 1656 1622 1623
f 1655 1622 1656
f 1657 1623 1624
f 1656 1623 1657
f 1658 1624 1625
f 1657 1624 1658
f 1659 1625 1626
f 1658 1625 1659
f 1660 1626 1627
f 1659 1626 1660
f 1661 1627 1628
f 1660 1627 1661
f 1662 1628 1629
f 1661 1628 1662
f 1663 1629 1630
f 1662 1629 1663
f 1664 1630 1631
f 1663 1630 1664
f 1631 1632 1665
f 1631 1665 1664
f 1633 717 1666
f 717 1667 1666
f 717 731 1667
f 1635 732 719
f 1668 732 1635
f 735 1669 734
f 1669 1670 734
f 1670 721 734
f 1670 1636 721
f 1671 745 1637
f 1637 745 730
f 1672 1637 1638
f 1671 1637 1672
f 1673 1638 1639
f 1672 1638 1673
f 1674 1639 1640
f 1673 1639 1674
f 1675 1640 1641
f 1674 1640 1675
f 1676 1641 1642
f 1675 1641 1676
f 1677 1642 1643
f 1676 1642 1677
f 1678 1643 1644
f 1677 1643 1678
f 1679 1644 1645
f 1678 1644 1679
f 1680 1645 1646
f 1679 1645 1680
f 1681 1646 1647
f 1680 1646 1681
f 1682 1647 1648
f 1681 1647 1682
f 1683 1648 1649
f 1682 1648 1683
f 1684 1649 1650
f 1683 1649 1684
f 1685 1650 1651
f 1684 1650 1685
f 1686 1651 1652
f 1685 1651 1686
f 1687 1652 1653
f 1686 1652 1687
f 1688 1653 1654
f 1687 1653 1688
f 1689 1654 1655
f 1688 1654 1689
f 1690 1655 1656
f 1689 1655 1690
f 1691 1656 1657
f 1690 1656 1691
f 1692 1657 1658
f 1691 1657 1692
f 1693 1658 1659
f 1692 1658 1693
f 1694 1659 1660
f 1693 1659 1694
f 1695 1660 1661
f 1694 1660 1695
f 1696 1661 1662
f 1695 1661 1696
f 1697 1662 1663
f 1696 1662 1697
f 1698 1663 1664
f 1697 1663 1698
f 1664 1665 1699
f 1664 1699 1698
f 1701 1667 1700
f 1667 746 1700
f 1667 731 746
f 748 732 1702
f 732 1703 1702
f 732 1668 1703
f 1702 750 748
f 752 1704 1669
f 752 1669 735
f 1670 1669 1705
f 1705 1669 1704
f 1671 762 745
f 762 1671 764
f 1671 1706 764
f 1671 1672 1706
f 1707 1672 1673
f 1706 1672 1707
f 1708 1673 1674
f 1707 1673 1708
f 1709 1674 1675
f 1708 1674 1709
f 1710 1675 1676
f 1709 1675 1710
f 1711 1676 1677
f 1710 1676 1711
f 1712 1677 1678
f 1711 1677 1712
f 1713 1678 1679
f 1712 1678 1713
f 1714 1679 1680
f 1713 1679 1714
f 1715 1680 1681
f 1714 1680 1715
f 1716 1681 1682
f 1715 1681 1716
f 1717 1682 1683
f 1716 1682 1717
f 1718 1683 1684
f 1717 1683 1718
f 1719 1684 1685
f 1718 1684 1719
f 1720 1685 1686
f 1719 1685 1720
f 1721 1686 1687
f 1720 1686 1721
f 1722 1687 1688
f 1721 1687 1722
f 1723 1688 1689
f 1722 1688 1723
f 1724 1689 1690
f 1723 1689 1724
f 1725 1690 1691
f 1724 1690 1725
f 1726 1691 1692
f 1725 1691 1726
f 1727 1692 1693
f 1726 1692 1727
f 1728 1693 1694
f 1727 1693 1728
f 1729 1694 1695
f 1728 1694 1729
f 1730 1695 1696
f 1729 1695 1730
f 1731 1696 1697
f 1730 1696 1731
f 1732 1697 1698
f 1731 1697 1732
f 1698 1699 1733
f 1698 1733 1732
f 1700 746 1734
f 746 1735 1734
f 746 765 1735
f 1702 1703 767
f 1703 766 767
f 1703 1736 766
f 1702 767 750
f 768 1704 752
f 768 769 1704
f 769 1705 1704
f 769 1737 1705
f 1738 779 780
f 764 1706 780
f 1706 1738 780
f 1706 1739 1738
f 1740 1706 1707
f 1739 1706 1740
f 1741 1707 1708
f 1740 1707 1741
f 1742 1708 1709
f 1741 1708 1742
f 1743 1709 1710
f 1742 1709 1743
f 1744 1710 1711
f 1743 1710 1744
f 1745 1711 1712
f 1744 1711 1745
f 1746 1712 1713
f 1745 1712 1746
f 1747 1713 1714
f 1746 1713 1747
f 1748 1714 1715
f 1747 1714 1748
f 1749 1715 1716
f 1748 1715 1749
f 1750 1716 1717
f 1749 1716 1750
f 1751 1717 1718
f 1750 1717 1751
f 1752 1718 1719
f 1751 1718 1752
f 1753 1719 1720
f 1752 1719 1753
f 1754 1720 1721
f 1753 1720 1754
f 1755 1721 1722
f 1754 1721 1755
f 1756 1722 1723
f 1755 1722 1756
f 1757 1723 1724
f 1756 1723 1757
f 1758 1724 1725
f 1757 1724 1758
f 1759 1725 1726
f 1758 1725 1759
f 1760 1726 1727
f 1759 1726 1760
f 1761 1727 1728
f 1760 1727 1761
f 1762 1728 1729
f 1761 1728 1762
f 1763 1729 1730
f 1762 1729 1763
f 1764 1730 1731
f 1763 1730 1764
f 1765 1731 1732
f 1764 1731 1765
f 1732 1733 1766
f 1732 1766 1765
f 781 1735 765
f 781 1767 1735
f 1736 782 766
f 1768 782 1736
f 784 1737 769
f 784 1769 1737
f 1770 793 1738
f 1738 793 779
f 1771 1738 1739
f 1770 1738 1771
f 1772 1739 1740
f 1771 1739 1772
f 1773 1740 1741
f 1772 1740 1773
f 1774 1741 1742
f 1773 1741 1774
f 1775 1742 1743
f 1774 1742 1775
f 1776 1743 1744
f 1775 1743 1776
f 1777 1744 1745
f 1776 1744 1777
f 1778 1745 1746
f 1777 1745 1778
f 1779 1746 1747
f 1778 1746 1779
f 1780 1747 1748
f 1779 1747 1780
f 1781 1748 1749
f 1780 1748 1781
f 1782 1749 1750
f 1781 1749 1782
f 1783 1750 1751
f 1782 1750 1783
f 1784 1751 1752
f 1783 1751 1784
f 1785 1752 1753
f 1784 1752 1785
f 1786 1753 1754
f 1785 1753 1786
f 1787 1754 1755
f 1786 1754 1787
f 1788 1755 1756
f 1787 1755 1788
f 1789 1756 1757
f 1788 1756 1789
f 1790 1757 1758
f 1789 1757 1790
f 1791 1758 1759
f 1790 1758 1791
f 1792 1759 1760
f 1791 1759 1792
f 1793 1760 1761
f 1792 1760 1793
f 1794 1761 1762
f 1793 1761 1794
f 1795 1762 1763
f 1794 1762 1795
f 1796 1763 1764
f 1795 1763 1796
f 1797 1764 1765
f 1796 1764 1797
f 1765 1766 1798
f 1765 1798 1797
f 794 1767 781
f 794 1799 1767
f 1768 795 782
f 1800 795 1768
f 797 1769 784
f 797 1801 1769
f 1802 806 1770
f 1770 806 793
f 1803 1770 1771
f 1802 1770 1803
f 1804 1771 1772
f 1803 1771 1804
f 1805 1772 1773
f 1804 1772 1805
f 1806 1773 1774
f 1805 1773 1806
f 1807 1774 1775
f 1806 1774 1807
f 1808 1775 1776
f 1807 1775 1808
f 1809 1776 1777
f 1808 1776 1809
f 1810 1777 1778
f 1809 1777 1810
f 1811 1778 1779
f 1810 1778 1811
f 1812 1779 1780
f 1811 1779 1812
f 1813 1780 1781
f 1812 1780 1813
f 1814 1781 1782
f 1813 1781 1814
f 1815 1782 1783
f 1814 1782 1815
f 1816 1783 1784
f 1815 1783 1816
f 1817 1784 1785
f 1816 1784 1817
f 1818 1785 1786
f 1817 1785 1818
f 1819 1786 1787
f 1818 1786 1819
f 1820 1787 1788
f 1819 1787 1820
f 1821 1788 1789
f 1820 1788 1821
f 1822 1789 1790
f 1821 1789 1822
f 1823 1790 1791
f 1822 1790 1823
f 1824 1791 1792
f 1823 1791 1824
f 1825 1792 1793
f 1824 1792 1825
f 1826 1793 1794
f 1825 1793 1826
f 1827 1794 1795
f 1826 1794 1827
f 1828 1795 1796
f 1827 1795 1828
f 1829 1796 1797
f 1828 1796 1829
f 1797 1798 1830
f 1797 1830 1829
f 807 1799 794
f 807 1831 1799
f 1833 808 1832
f 808 1800 1832
f 808 795 1800
f 1834 1833 1832
f 810 1801 797
f 810 1835 1801
f 1836 818 819
f 806 1802 819
f 1802 1836 819
f 1802 1837 1836
f 1838 1802 1803
f 1837 1802 1838
f 1839 1803 1804
f 1838 1803 1839
f 1840 1804 1805
f 1839 1804 1840
f 1841 1805 1806
f 1840 1805 1841
f 1842 1806 1807
f 1841 1806 1842
f 1843 1807 1808
f 1842 1807 1843
f 1844 1808 1809
f 1843 1808 1844
f 1845 1809 1810
f 1844 1809 1845
f 1846 1810 1811
f 1845 1810 1846
f 1847 1811 1812
f 1846 1811 1847
f 1848 1812 1813
f 1847 1812 1848
f 1849 1813 1814
f 1848 1813 1849
f 1850 1814 1815
f 1849 1814 1850
f 1851 1815 1816
f 1850 1815 1851
f 1852 1816 1817
f 1851 1816 1852
f 1853 1817 1818
f 1852 1817 1853
f 1854 1818 1819
f 1853 1818 1854
f 1855 1819 1820
f 1854 1819 1855
f 1856 1820 1821
f 1855 1820 1856
f 1857 1821 1822
f 1856 1821 1857
f 1858 1822 1823
f 1857 1822 1858
f 1859 1823 1824
f 1858 1823 1859
f 1860 1824 1825
f 1859 1824 1860
f 1861 1825 1826
f 1860 1825 1861
f 1862 1826 1827
f 1861 1826 1862
f 1863 1827 1828
f 1862 1827 1863
f 1864 1828 1829
f 1863 1828 1864
f 1829 1830 1865
f 1829 1865 1864
f 820 1831 807
f 820 1866 1831
f 1868 1867 1833
f 1867 808 1833
f 1867 821 808
f 1868 1833 1834
f 810 822 1869
f 1870 810 1869
f 1835 810 1870
f 823 1869 822
f 1871 831 1836
f 1836 831 818
f 1872 1836 1837
f 1871 1836 1872
f 1873 1837 1838
f 1872 1837 1873
f 1874 1838 1839
f 1873 1838 1874
f 1875 1839 1840
f 1874 1839 1875
f 1876 1840 1841
f 1875 1840 1876
f 1877 1841 1842
f 1876 1841 1877
f 1878 1842 1843
f 1877 1842 1878
f 1879 1843 1844
f 1878 1843 1879
f 1880 1844 1845
f 1879 1844 1880
f 1881 1845 1846
f 1880 1845 1881
f 1882 1846 1847
f 1881 1846 1882
f 1883 1847 1848
f 1882 1847 1883
f 1884 1848 1849
f 1883 1848 1884
f 1885 1849 1850
f 1884 1849 1885
f 1886 1850 1851
f 1885 1850 1886
f 1887 1851 1852
f 1886 1851 1887
f 1888 1852 1853
f 1887 1852 1888
f 1889 1853 1854
f 1888 1853 1889
f 1890 1854 1855
f 1889 1854 1890
f 1891 1855 1856
f 1890 1855 1891
f 1892 1856 1857
f 1891 1856 1892
f 1893 1857 1858
f 1892 1857 1893
f 1894 1858 1859
f 1893 1858 1894
f 1895 1859 1860
f 1894 1859 1895
f 1896 1860 1861
f 1895 1860 1896
f 1897 1861 1862
f 1896 1861 1897
f 1898 1862 1863
f 1897 1862 1898
f 1899 1863 1864
f 1898 1863 1899
f 1864 1865 1900
f 1864 1900 1899
f 832 1866 820
f 832 1901 1866
f 1867 833 821
f 1902 833 1867
f 1870 1904 1903
f 1870 836 1904
f 1870 1869 835
f 836 1870 835
f 1869 823 835
f 1905 1903 1904
f 1871 844 831
f 844 1871 846
f 1871 1906 846
f 1871 1872 1906
f 1907 1872 1873
f 1906 1872 1907
f 1908 1873 1874
f 1907 1873 1908
f 1909 1874 1875
f 1908 1874 1909
f 1910 1875 1876
f 1909 1875 1910
f 1911 1876 1877
f 1910 1876 1911
f 1912 1877 1878
f 1911 1877 1912
f 1913 1878 1879
f 1912 1878 1913
f 1914 1879 1880
f 1913 1879 1914
f 1915 1880 1881
f 1914 1880 1915
f 1916 1881 1882
f 1915 1881 1916
f 1917 1882 1883
f 1916 1882 1917
f 1918 1883 1884
f 1917 1883 1918
f 1919 1884 1885
f 1918 1884 1919
f 1920 1885 1886
f 1919 1885 1920
f 1921 1886 1887
f 1920 1886 1921
f 1922 1887 1888
f 1921 1887 1922
f 1923 1888 1889
f 1922 1888 1923
f 1924 1889 1890
f 1923 1889 1924
f 1925 1890 1891
f 1924 1890 1925
f 1926 1891 1892
f 1925 1891 1926
f 1927 1892 1893
f 1926 1892 1927
f 1928 1893 1894
f 1927 1893 1928
f 1929 1894 1895
f 1928 1894 1929
f 1930 1895 1896
f 1929 1895 1930
f 1931 1896 1897
f 1930 1896 1931
f 1932 1897 1898
f 1931 1897 1932
f 1933 1898 1899
f 1932 1898 1933
f 1899 1900 1934
f 1899 1934 1933
f 847 1901 832
f 847 1935 1901
f 1902 848 833
f 1936 848 1902
f 1938 1937 1904
f 836 1938 1904
f 850 1938 836
f 1904 1937 1905
f 1939 857 858
f 859 1940 858
f 858 1940 1939
f 846 1906 859
f 1906 1940 859
f 1906 1941 1940
f 1942 1906 1907
f 1941 1906 1942
f 1943 1907 1908
f 1942 1907 1943
f 1944 1908 1909
f 1943 1908 1944
f 1945 1909 1910
f 1944 1909 1945
f 1946 1910 1911
f 1945 1910 1946
f 1947 1911 1912
f 1946 1911 1947
f 1948 1912 1913
f 1947 1912 1948
f 1949 1913 1914
f 1948 1913 1949
f 1950 1914 1915
f 1949 1914 1950
f 1951 1915 1916
f 1950 1915 1951
f 1952 1916 1917
f 1951 1916 1952
f 1953 1917 1918
f 1952 1917 1953
f 1954 1918 1919
f 1953 1918 1954
f 1955 1919 1920
f 1954 1919 1955
f 1956 1920 1921
f 1955 1920 1956
f 1957 1921 1922
f 1956 1921 1957
f 1958 1922 1923
f 1957 1922 1958
f 1959 1923 1924
f 1958 1923 1959
f 1960 1924 1925
f 1959 1924 1960
f 1961 1925 1926
f 1960 1925 1961
f 1962 1926 1927
f 1961 1926 1962
f 1963 1927 1928
f 1962 1927 1963
f 1964 1928 1929
f 1963 1928 1964
f 1965 1929 1930
f 1964 1929 1965
f 1966 1930 1931
f 1965 1930 1966
f 1967 1931 1932
f 1966 1931 1967
f 1968 1932 1933
f 1967 1932 1968
f 1933 1934 1969
f 1933 1969 1968
f 860 1935 847
f 860 1970 1935
f 1936 1971 848
f 848 1971 861
f 863 861 1971
f 863 1971 1972
f 865 1938 850
f 865 1973 1938
f 1939 872 857
f 872 1939 874
f 1939 1974 874
f 1939 1940 1974
f 1975 1940 1941
f 1974 1940 1975
f 1976 1941 1942
f 1975 1941 1976
f 1977 1942 1943
f 1976 1942 1977
f 1978 1943 1944
f 1977 1943 1978
f 1979 1944 1945
f 1978 1944 1979
f 1980 1945 1946
f 1979 1945 1980
f 1981 1946 1947
f 1980 1946 1981
f 1982 1947 1948
f 1981 1947 1982
f 1983 1948 1949
f 1982 1948 1983
f 1984 1949 1950
f 1983 1949 1984
f 1985 1950 1951
f 1984 1950 1985
f 1986 1951 1952
f 1985 1951 1986
f 1987 1952 1953
f 1986 1952 1987
f 1988 1953 1954
f 1987 1953 1988
f 1989 1954 1955
f 1988 1954 1989
f 1990 1955 1956
f 1989 1955 1990
f 1991 1956 1957
f 1990 1956 1991
f 1992 1957 1958
f 1991 1957 1992
f 1993 1958 1959
f 1992 1958 1993
f 1994 1959 1960
f 1993 1959 1994
f 1995 1960 1961
f 1994 1960 1995
f 1996 1961 1962
f 1995 1961 1996
f 1997 1962 1963
f 1996 1962 1997
f 1998 1963 1964
f 1997 1963 1998
f 1999 1964 1965
f 1998 1964 1999
f 2000 1965 1966
f 1999 1965 2000
f 2001 1966 1967
f 2000 1966 2001
f 2002 1967 1968
f 2001 1967 2002
f 1968 1969 2003
f 1968 2003 2002
f 875 1970 860
f 875 2004 1970
f 2006 2005 877
f 877 2005 876
f 877 863 1972
f 877 1972 2006
f 879 1973 865
f 879 2007 1973
f 1974 887 874
f 887 1974 889
f 1974 2008 889
f 1974 1975 2008
f 2009 1975 1976
f 2008 1975 2009
f 2010 1976 1977
f 2009 1976 2010
f 2011 1977 1978
f 2010 1977 2011
f 2012 1978 1979
f 2011 1978 2012
f 2013 1979 1980
f 2012 1979 2013
f 2014 1980 1981
f 2013 1980 2014
f 2015 1981 1982
f 2014 1981 2015
f 2016 1982 1983
f 2015 1982 2016
f 2017 1983 1984
f 2016 1983 2017
f 2018 1984 1985
f 2017 1984 2018
f 2019 1985 1986
f 2018 1985 2019
f 2020 1986 1987
f 2019 1986 2020
f 2021 1987 1988
f 2020 1987 2021
f 2022 1988 1989
f 2021 1988 2022
f 2023 1989 1990
f 2022 1989 2023
f 2024 1990 1991
f 2023 1990 2024
f 2025 1991 1992
f 2024 1991 2025
f 2026 1992 1993
f 2025 1992 2026
f 2027 1993 1994
f 2026 1993 2027
f 2028 1994 1995
f 2027 1994 2028
f 2029 1995 1996
f 2028 1995 2029
f 2030 1996 1997
f 2029 1996 2030
f 2031 1997 1998
f 2030 1997 2031
f 2032 1998 1999
f 2031 1998 2032
f 2033 1999 2000
f 2032 1999 2033
f 2034 2000 2001
f 2033 2000 2034
f 2035 2001 2002
f 2034 2001 2035
f 2002 2003 2036
f 2002 2036 2035
f 890 2004 875
f 890 2037 2004
f 2005 891 876
f 2038 891 2005
f 893 2007 879
f 893 2039 2007
f 2040 902 2008
f 2008 902 889
f 2041 2008 2009
f 2040 2008 2041
f 2042 2009 2010
f 2041 2009 2042
f 2043 2010 2011
f 2042 2010 2043
f 2044 2011 2012
f 2043 2011 2044
f 2045 2012 2013
f 2044 2012 2045
f 2046 2013 2014
f 2045 2013 2046
f 2047 2014 2015
f 2046 2014 2047
f 2048 2015 2016
f 2047 2015 2048
f 2049 2016 2017
f 2048 2016 2049
f 2050 2017 2018
f 2049 2017 2050
f 2051 2018 2019
f 2050 2018 2051
f 2052 2019 2020
f 2051 2019 2052
f 2053 2020 2021
f 2052 2020 2053
f 2054 2021 2022
f 2053 2021 2054
f 2055 2022 2023
f 2054 2022 2055
f 2056 2023 2024
f 2055 2023 2056
f 2057 2024 2025
f 2056 2024 2057
f 2058 2025 2026
f 2057 2025 2058
f 2059 2026 2027
f 2058 2026 2059
f 2060 2027 2028
f 2059 2027 2060
f 2061 2028 2029
f 2060 2028 2061
f 2062 2029 2030
f 2061 2029 2062
f 2063 2030 2031
f 2062 2030 2063
f 2064 2031 2032
f 2063 2031 2064
f 2065 2032 2033
f 2064 2032 2065
f 2066 2033 2034
f 2065 2033 2066
f 2067 2034 2035
f 2066 2034 2067
f 2035 2036 2068
f 2035 2068 2067
f 903 2037 890
f 903 2069 2037
f 2038 904 891
f 2070 904 2038
f 893 905 2071
f 2072 893 2071
f 2039 893 2072
f 906 2071 905
f 2073 915 2040
f 2040 915 902
f 2074 2040 2041
f 2073 2040 2074
f 2075 2041 2042
f 2074 2041 2075
f 2076 2042 2043
f 2075 2042 2076
f 2077 2043 2044
f 2076 2043 2077
f 2078 2044 2045
f 2077 2044 2078
f 2079 2045 2046
f 2078 2045 2079
f 2080 2046 2047
f 2079 2046 2080
f 2081 2047 2048
f 2080 2047 2081
f 2082 2048 2049
f 2081 2048 2082
f 2083 2049 2050
f 2082 2049 2083
f 2084 2050 2051
f 2083 2050 2084
f 2085 2051 2052
f 2084 2051 2085
f 2086 2052 2053
f 2085 2052 2086
f 2087 2053 2054
f 2086 2053 2087
f 2088 2054 2055
f 2087 2054 2088
f 2089 2055 2056
f 2088 2055 2089
f 2090 2056 2057
f 2089 2056 2090
f 2091 2057 2058
f 2090 2057 2091
f 2092 2058 2059
f 2091 2058 2092
f 2093 2059 2060
f 2092 2059 2093
f 2094 2060 2061
f 2093 2060 2094
f 2095 2061 2062
f 2094 2061 2095
f 2096 2062 2063
f 2095 2062 2096
f 2097 2063 2064
f 2096 2063 2097
f 2098 2064 2065
f 2097 2064 2098
f 2099 2065 2066
f 2098 2065 2099
f 2100 2066 2067
f 2099 2066 2100
f 2067 2068 2101
f 2067 2101 2100
f 916 2069 903
f 916 2102 2069
f 2070 2103 904
f 904 2103 917
f 919 917 2103
f 919 2103 2104
f 2072 2071 921
f 922 2072 921
f 2105 2072 922
f 921 2071 906
f 2106 931 2073
f 2073 931 915
f 2107 2073 2074
f 2106 2073 2107
f 2108 2074 2075
f 2107 2074 2108
f 2109 2075 2076
f 2108 2075 2109
f 2110 2076 2077
f 2109 2076 2110
f 2111 2077 2078
f 2110 2077 2111
f 2112 2078 2079
f 2111 2078 2112
f 2113 2079 2080
f 2112 2079 2113
f 2114 2080 2081
f 2113 2080 2114
f 2115 2081 2082
f 2114 2081 2115
f 2116 2082 2083
f 2115 2082 2116
f 2117 2083 2084
f 2116 2083 2117
f 2118 2084 2085
f 2117 2084 2118
f 2119 2085 2086
f 2118 2085 2119
f 2120 2086 2087
f 2119 2086 2120
f 2121 2087 2088
f 2120 2087 2121
f 2122 2088 2089
f 2121 2088 2122
f 2123 2089 2090
f 2122 2089 2123
f 2124 2090 2091
f 2123 2090 2124
f 2125 2091 2092
f 2124 2091 2125
f 2126 2092 2093
f 2125 2092 2126
f 2127 2093 2094
f 2126 2093 2127
f 2128 2094 2095
f 2127 2094 2128
f 2129 2095 2096
f 2128 2095 2129
f 2130 2096 2097
f 2129 2096 2130
f 2131 2097 2098
f 2130 2097 2131
f 2132 2098 2099
f 2131 2098 2132
f 2133 2099 2100
f 2132 2099 2133
f 2100 2101 2134
f 2100 2134 2133
f 932 2102 916
f 932 2135 2102
f 2137 2136 934
f 934 2136 933
f 934 919 2104
f 934 2104 2137
f 922 935 2138
f 2139 922 2138
f 2105 922 2139
f 936 2138 935
f 2140 944 945
f 931 2106 945
f 2106 2140 945
f 2106 2141 2140
f 2142 2106 2107
f 2141 2106 2142
f 2143 2107 2108
f 2142 2107 2143
f 2144 2108 2109
f 2143 2108 2144
f 2145 2109 2110
f 2144 2109 2145
f 2146 2110 2111
f 2145 2110 2146
f 2147 2111 2112
f 2146 2111 2147
f 2148 2112 2113
f 2147 2112 2148
f 2149 2113 2114
f 2148 2113 2149
f 2150 2114 2115
f 2149 2114 2150
f 2151 2115 2116
f 2150 2115 2151
f 2152 2116 2117
f 2151 2116 2152
f 2153 2117 2118
f 2152 2117 2153
f 2154 2118 2119
f 2153 2118 2154
f 2155 2119 2120
f 2154 2119 2155
f 2156 2120 2121
f 2155 2120 2156
f 2157 2121 2122
f 2156 2121 2157
f 2158 2122 2123
f 2157 2122 2158
f 2159 2123 2124
f 2158 2123 2159
f 2160 2124 2125
f 2159 2124 2160
f 2161 2125 2126
f 2160 2125 2161
f 2162 2126 2127
f 2161 2126 2162
f 2163 2127 2128
f 2162 2127 2163
f 2164 2128 2129
f 2163 2128 2164
f 2165 2129 2130
f 2164 2129 2165
f 2166 2130 2131
f 2165 2130 2166
f 2167 2131 2132
f 2166 2131 2167
f 2168 2132 2133
f 2167 2132 2168
f 2133 2134 2169
f 2133 2169 2168
f 946 2135 932
f 946 2170 2135
f 947 933 2171
f 933 2172 2171
f 933 2136 2172
f 2171 948 947
f 2173 2139 2138
f 2138 936 2173
f 936 2174 2173
f 936 950 2174
f 2140 957 944
f 957 2140 959
f 2140 2175 959
f 2140 2141 2175
f 2176 2141 2142
f 2175 2141 2176
f 2177 2142 2143
f 2176 2142 2177
f 2178 2143 2144
f 2177 2143 2178
f 2179 2144 2145
f 2178 2144 2179
f 2180 2145 2146
f 2179 2145 2180
f 2181 2146 2147
f 2180 2146 2181
f 2182 2147 2148
f 2181 2147 2182
f 2183 2148 2149
f 2182 2148 2183
f 2184 2149 2150
f 2183 2149 2184
f 2185 2150 2151
f 2184 2150 2185
f 2186 2151 2152
f 2185 2151 2186
f 2187 2152 2153
f 2186 2152 2187
f 2188 2153 2154
f 2187 2153 2188
f 2189 2154 2155
f 2188 2154 2189
f 2190 2155 2156
f 2189 2155 2190
f 2191 2156 2157
f 2190 2156 2191
f 2192 2157 2158
f 2191 2157 2192
f 2193 2158 2159
f 2192 2158 2193
f 2194 2159 2160
f 2193 2159 2194
f 2195 2160 2161
f 2194 2160 2195
f 2196 2161 2162
f 2195 2161 2196
f 2197 2162 2163
f 2196 2162 2197
f 2198 2163 2164
f 2197 2163 2198
f 2199 2164 2165
f 2198 2164 2199
f 2200 2165 2166
f 2199 2165 2200
f 2201 2166 2167
f 2200 2166 2201
f 2202 2167 2168
f 2201 2167 2202
f 2168 2169 2203
f 2168 2203 2202
f 960 2170 946
f 960 2204 2170
f 2171 2172 963
f 2172 962 963
f 2172 2205 962
f 2171 963 948
f 965 2174 950
f 965 2206 2174
f 2207 973 2175
f 2175 973 959
f 2208 2175 2176
f 2207 2175 2208
f 2209 2176 2177
f 2208 2176 2209
f 2210 2177 2178
f 2209 2177 2210
f 2211 2178 2179
f 2210 2178 2211
f 2212 2179 2180
f 2211 2179 2212
f 2213 2180 2181
f 2212 2180 2213
f 2214 2181 2182
f 2213 2181 2214
f 2215 2182 2183
f 2214 2182 2215
f 2216 2183 2184
f 2215 2183 2216
f 2217 2184 2185
f 2216 2184 2217
f 2218 2185 2186
f 2217 2185 2218
f 2219 2186 2187
f 2218 2186 2219
f 2220 2187 2188
f 2219 2187 2220
f 2221 2188 2189
f 2220 2188 2221
f 2222 2189 2190
f 2221 2189 2222
f 2223 2190 2191
f 2222 2190 2223
f 2224 2191 2192
f 2223 2191 2224
f 2225 2192 2193
f 2224 2192 2225
f 2226 2193 2194
f 2225 2193 2226
f 2227 2194 2195
f 2226 2194 2227
f 2228 2195 2196
f 2227 2195 2228
f 2229 2196 2197
f 2228 2196 2229
f 2230 2197 2198
f 2229 2197 2230
f 2231 2198 2199
f 2230 2198 2231
f 2232 2199 2200
f 2231 2199 2232
f 2233 2200 2201
f 2232 2200 2233
f 2234 2201 2202
f 2233 2201 2234
f 2202 2203 2235
f 2202 2235 2234
f 974 2204 960
f 974 2236 2204
f 2205 976 962
f 2237 976 2205
f 965 977 2238
f 2239 965 2238
f 2206 965 2239
f 978 2238 977
f 2240 985 986
f 973 2207 986
f 2207 2240 986
f 2207 2241 2240
f 2242 2207 2208
f 2241 2207 2242
f 2243 2208 2209
f 2242 2208 2243
f 2244 2209 2210
f 2243 2209 2244
f 2245 2210 2211
f 2244 2210 2245
f 2246 2211 2212
f 2245 2211 2246
f 2247 2212 2213
f 2246 2212 2247
f 2248 2213 2214
f 2247 2213 2248
f 2249 2214 2215
f 2248 2214 2249
f 2250 2215 2216
f 2249 2215 2250
f 2251 2216 2217
f 2250 2216 2251
f 2252 2217 2218
f 2251 2217 2252
f 2253 2218 2219
f 2252 2218 2253
f 2254 2219 2220
f 2253 2219 2254
f 2255 2220 2221
f 2254 2220 2255
f 2256 2221 2222
f 2255 2221 2256
f 2257 2222 2223
f 2256 2222 2257
f 2258 2223 2224
f 2257 2223 2258
f 2259 2224 2225
f 2258 2224 2259
f 2260 2225 2226
f 2259 2225 2260
f 2261 2226 2227
f 2260 2226 2261
f 2262 2227 2228
f 2261 2227 2262
f 2263 2228 2229
f 2262 2228 2263
f 2264 2229 2230
f 2263 2229 2264
f 2265 2230 2231
f 2264 2230 2265
f 2266 2231 2232
f 2265 2231 2266
f 2267 2232 2233
f 2266 2232 2267
f 2268 2233 2234
f 2267 2233 2268
f 2234 2235 2269
f 2234 2269 2268
f 987 2236 974
f 987 2270 2236
f 2237 988 976
f 2271 988 2237
f 2239 2238 2272
f 2239 2272 2273
f 990 2272 978
f 978 2272 2238
f 2274 995 996
f 985 2240 996
f 2240 2274 996
f 2240 2275 2274
f 2276 2240 2241
f 2275 2240 2276
f 2277 2241 2242
f 2276 2241 2277
f 2278 2242 2243
f 2277 2242 2278
f 2279 2243 2244
f 2278 2243 2279
f 2280 2244 2245
f 2279 2244 2280
f 2281 2245 2246
f 2280 2245 2281
f 2282 2246 2247
f 2281 2246 2282
f 2283 2247 2248
f 2282 2247 2283
f 2284 2248 2249
f 2283 2248 2284
f 2285 2249 2250
f 2284 2249 2285
f 2286 2250 2251
f 2285 2250 2286
f 2287 2251 2252
f 2286 2251 2287
f 2288 2252 2253
f 2287 2252 2288
f 2289 2253 2254
f 2288 2253 2289
f 2290 2254 2255
f 2289 2254 2290
f 2291 2255 2256
f 2290 2255 2291
f 2292 2256 2257
f 2291 2256 2292
f 2293 2257 2258
f 2292 2257 2293
f 2294 2258 2259
f 2293 2258 2294
f 2295 2259 2260
f 2294 2259 2295
f 2296 2260 2261
f 2295 2260 2296
f 2297 2261 2262
f 2296 2261 2297
f 2298 2262 2263
f 2297 2262 2298
f 2299 2263 2264
f 2298 2263 2299
f 2300 2264 2265
f 2299 2264 2300
f 2301 2265 2266
f 2300 2265 2301
f 2302 2266 2267
f 2301 2266 2302
f 2303 2267 2268
f 2302 2267 2303
f 2268 2269 2304
f 2268 2304 2303
f 997 2270 987
f 997 2305 2270
f 2271 998 988
f 2306 998 2271
f 2273 2272 1000
f 1001 2273 1000
f 2307 2273 1001
f 1000 2272 990
f 2274 1007 995
f 1007 2274 1009
f 2274 2308 1009
f 2274 2275 2308
f 2309 2275 2276
f 2308 2275 2309
f 2310 2276 2277
f 2309 2276 2310
f 2311 2277 2278
f 2310 2277 2311
f 2312 2278 2279
f 2311 2278 2312
f 2313 2279 2280
f 2312 2279 2313
f 2314 2280 2281
f 2313 2280 2314
f 2315 2281 2282
f 2314 2281 2315
f 2316 2282 2283
f 2315 2282 2316
f 2317 2283 2284
f 2316 2283 2317
f 2318 2284 2285
f 2317 2284 2318
f 2319 2285 2286
f 2318 2285 2319
f 2320 2286 2287
f 2319 2286 2320
f 2321 2287 2288
f 2320 2287 2321
f 2322 2288 2289
f 2321 2288 2322
f 2323 2289 2290
f 2322 2289 2323
f 2324 2290 2291
f 2323 2290 2324
f 2325 2291 2292
f 2324 2291 2325
f 2326 2292 2293
f 2325 2292 2326
f 2327 2293 2294
f 2326 2293 2327
f 2328 2294 2295
f 2327 2294 2328
f 2329 2295 2296
f 2328 2295 2329
f 2330 2296 2297
f 2329 2296 2330
f 2331 2297 2298
f 2330 2297 2331
f 2332 2298 2299
f 2331 2298 2332
f 2333 2299 2300
f 2332 2299 2333
f 2334 2300 2301
f 2333 2300 2334
f 2335 2301 2302
f 2334 2301 2335
f 2336 2302 2303
f 2335 2302 2336
f 2303 2304 2337
f 2303 2337 2336
f 1010 2305 997
f 1010 2338 2305
f 2306 1011 998
f 2339 1011 2306
f 1013 2307 1001
f 1013 2340 2307
f 2341 1018 1019
f 1020 2342 1019
f 1019 2342 2341
f 1009 2308 1020
f 2308 2342 1020
f 2308 2343 2342
f 2344 2308 2309
f 2343 2308 2344
f 2345 2309 2310
f 2344 2309 2345
f 2346 2310 2311
f 2345 2310 2346
f 2347 2311 2312
f 2346 2311 2347
f 2348 2312 2313
f 2347 2312 2348
f 2349 2313 2314
f 2348 2313 2349
f 2350 2314 2315
f 2349 2314 2350
f 2351 2315 2316
f 2350 2315 2351
f 2352 2316 2317
f 2351 2316 2352
f 2353 2317 2318
f 2352 2317 2353
f 2354 2318 2319
f 2353 2318 2354
f 2355 2319 2320
f 2354 2319 2355
f 2356 2320 2321
f 2355 2320 2356
f 2357 2321 2322
f 2356 2321 2357
f 2358 2322 2323
f 2357 2322 2358
f 2359 2323 2324
f 2358 2323 2359
f 2360 2324 2325
f 2359 2324 2360
f 2361 2325 2326
f 2360 2325 2361
f 2362 2326 2327
f 2361 2326 2362
f 2363 2327 2328
f 2362 2327 2363
f 2364 2328 2329
f 2363 2328 2364
f 2365 2329 2330
f 2364 2329 2365
f 2366 2330 2331
f 2365 2330 2366
f 2367 2331 2332
f 2366 2331 2367
f 2368 2332 2333
f 2367 2332 2368
f 2369 2333 2334
f 2368 2333 2369
f 2370 2334 2335
f 2369 2334 2370
f 2371 2335 2336
f 2370 2335 2371
f 2336 2337 2372
f 2336 2372 2371
f 1021 2338 1010
f 1021 2373 2338
f 1022 1011 2374
f 1011 2375 2374
f 1011 2339 2375
f 2374 1024 1022
f 2378 2377 2376
f 2377 2340 2376
f 2340 1026 2376
f 2340 1013 1026
f 2341 1031 1018
f 1031 2341 1033
f 2341 2379 1033
f 2341 2342 2379
f 2380 2342 2343
f 2379 2342 2380
f 2381 2343 2344
f 2380 2343 2381
f 2382 2344 2345
f 2381 2344 2382
f 2383 2345 2346
f 2382 2345 2383
f 2384 2346 2347
f 2383 2346 2384
f 2385 2347 2348
f 2384 2347 2385
f 2386 2348 2349
f 2385 2348 2386
f 2387 2349 2350
f 2386 2349 2387
f 2388 2350 2351
f 2387 2350 2388
f 2389 2351 2352
f 2388 2351 2389
f 2390 2352 2353
f 2389 2352 2390
f 2391 2353 2354
f 2390 2353 2391
f 2392 2354 2355
f 2391 2354 2392
f 2393 2355 2356
f 2392 2355 2393
f 2394 2356 2357
f 2393 2356 2394
f 2395 2357 2358
f 2394 2357 2395
f 2396 2358 2359
f 2395 2358 2396
f 2397 2359 2360
f 2396 2359 2397
f 2398 2360 2361
f 2397 2360 2398
f 2399 2361 2362
f 2398 2361 2399
f 2400 2362 2363
f 2399 2362 2400
f 2401 2363 2364
f 2400 2363 2401
f 2402 2364 2365
f 2401 2364 2402
f 2403 2365 2366
f 2402 2365 2403
f 2404 2366 2367
f 2403 2366 2404
f 2405 2367 2368
f 2404 2367 2405
f 2406 2368 2369
f 2405 2368 2406
f 2407 2369 2370
f 2406 2369 2407
f 2408 2370 2371
f 2407 2370 2408
f 2371 2372 2409
f 2371 2409 2408
f 1034 2373 1021
f 1034 2410 2373
f 2374 2375 1036
f 2375 1035 1036
f 2375 2411 1035
f 2374 1036 1024
f 2378 2376 2412
f 2378 2412 2413
f 1038 2412 1026
f 1026 2412 2376
f 2414 1042 1043
f 1044 2415 1043
f 1043 2415 2414
f 1033 2379 1044
f 2379 2415 1044
f 2379 2416 2415
f 2417 2379 2380
f 2416 2379 2417
f 2418 2380 2381
f 2417 2380 2418
f 2419 2381 2382
f 2418 2381 2419
f 2420 2382 2383
f 2419 2382 2420
f 2421 2383 2384
f 2420 2383 2421
f 2422 2384 2385
f 2421 2384 2422
f 2423 2385 2386
f 2422 2385 2423
f 2424 2386 2387
f 2423 2386 2424
f 2425 2387 2388
f 2424 2387 2425
f 2426 2388 2389
f 2425 2388 2426
f 2427 2389 2390
f 2426 2389 2427
f 2428 2390 2391
f 2427 2390 2428
f 2429 2391 2392
f 2428 2391 2429
f 2430 2392 2393
f 2429 2392 2430
f 2431 2393 2394
f 2430 2393 2431
f 2432 2394 2395
f 2431 2394 2432
f 2433 2395 2396
f 2432 2395 2433
f 2434 2396 2397
f 2433 2396 2434
f 2435 2397 2398
f 2434 2397 2435
f 2436 2398 2399
f 2435 2398 2436
f 2437 2399 2400
f 2436 2399 2437
f 2438 2400 2401
f 2437 2400 2438
f 2439 2401 2402
f 2438 2401 2439
f 2440 2402 2403
f 2439 2402 2440
f 2441 2403 2404
f 2440 2403 2441
f 2442 2404 2405
f 2441 2404 2442
f 2443 2405 2406
f 2442 2405 2443
f 2444 2406 2407
f 2443 2406 2444
f 2445 2407 2408
f 2444 2407 2445
f 2408 2409 2446
f 2447 2408 2446
f 2445 2408 2447
f 1045 2410 1034
f 1045 2448 2410
f 2411 1046 1035
f 2449 1046 2411
f 2413 2412 1048
f 1049 2413 1048
f 2450 2413 1049
f 1048 2412 1038
f 2451 1054 2414
f 2414 1054 1042
f 2452 2414 2415
f 2451 2414 2452
f 2453 2415 2416
f 2452 2415 2453
f 2454 2416 2417
f 2453 2416 2454
f 2455 2417 2418
f 2454 2417 2455
f 2456 2418 2419
f 2455 2418 2456
f 2457 2419 2420
f 2456 2419 2457
f 2458 2420 2421
f 2457 2420 2458
f 2459 2421 2422
f 2458 2421 2459
f 2460 2422 2423
f 2459 2422 2460
f 2461 2423 2424
f 2460 2423 2461
f 2462 2424 2425
f 2461 2424 2462
f 2463 2425 2426
f 2462 2425 2463
f 2464 2426 2427
f 2463 2426 2464
f 2465 2427 2428
f 2464 2427 2465
f 2466 2428 2429
f 2465 2428 2466
f 2467 2429 2430
f 2466 2429 2467
f 2468 2430 2431
f 2467 2430 2468
f 2469 2431 2432
f 2468 2431 2469
f 2470 2432 2433
f 2469 2432 2470
f 2471 2433 2434
f 2470 2433 2471
f 2472 2434 2435
f 2471 2434 2472
f 2473 2435 2436
f 2472 2435 2473
f 2474 2436 2437
f 2473 2436 2474
f 2475 2437 2438
f 2474 2437 2475
f 2476 2438 2439
f 2475 2438 2476
f 2477 2439 2440
f 2476 2439 2477
f 2478 2440 2441
f 2477 2440 2478
f 2479 2441 2442
f 2478 2441 2479
f 2480 2442 2443
f 2479 2442 2480
f 2481 2443 2444
f 2480 2443 2481
f 2482 2444 2445
f 2481 2444 2482
f 2447 2484 2483
f 2482 2447 2483
f 2445 2447 2482
f 1055 2448 1045
f 1055 2485 2448
f 2449 1056 1046
f 2486 1056 2449
f 2489 2488 2487
f 2488 2450 2487
f 2450 1058 2487
f 2450 1049 1058
f 2451 1063 1054
f 1063 2451 1066
f 1066 2451 2452
f 1066 2452 1068
f 1068 2452 2453
f 1068 2453 1069
f 2453 2490 1069
f 2453 2454 2490
f 2491 2454 2455
f 2490 2454 2491
f 2492 2455 2456
f 2491 2455 2492
f 2493 2456 2457
f 2492 2456 2493
f 2494 2457 2458
f 2493 2457 2494
f 2495 2458 2459
f 2494 2458 2495
f 2496 2459 2460
f 2495 2459 2496
f 2497 2460 2461
f 2496 2460 2497
f 2498 2461 2462
f 2497 2461 2498
f 2499 2462 2463
f 2498 2462 2499
f 2500 2463 2464
f 2499 2463 2500
f 2501 2464 2465
f 2500 2464 2501
f 2502 2465 2466
f 2501 2465 2502
f 2503 2466 2467
f 2502 2466 2503
f 2504 2467 2468
f 2503 2467 2504
f 2505 2468 2469
f 2504 2468 2505
f 2506 2469 2470
f 2505 2469 2506
f 2507 2470 2471
f 2506 2470 2507
f 2508 2471 2472
f 2507 2471 2508
f 2509 2472 2473
f 2508 2472 2509
f 2510 2473 2474
f 2509 2473 2510
f 2511 2474 2475
f 2510 2474 2511
f 2512 2475 2476
f 2511 2475 2512
f 2513 2476 2477
f 2512 2476 2513
f 2514 2477 2478
f 2513 2477 2514
f 2515 2478 2479
f 2514 2478 2515
f 2516 2479 2480
f 2515 2479 2516
f 2517 2480 2481
f 2516 2480 2517
f 2518 2481 2482
f 2517 2481 2518
f 2482 2483 2519
f 2482 2519 2518
f 1070 2485 1055
f 1070 2520 2485
f 2486 1071 1056
f 2521 1071 2486
f 2489 2487 1073
f 1074 2489 1073
f 2522 2489 1074
f 1073 2487 1058
f 2523 1080 1081
f 1082 2523 1081
f 2524 1084 1085
f 1069 2490 1085
f 2490 2524 1085
f 2490 2525 2524
f 2526 2490 2491
f 2525 2490 2526
f 2527 2491 2492
f 2526 2491 2527
f 2528 2492 2493
f 2527 2492 2528
f 2529 2493 2494
f 2528 2493 2529
f 2530 2494 2495
f 2529 2494 2530
f 2531 2495 2496
f 2530 2495 2531
f 2532 2496 2497
f 2531 2496 2532
f 2533 2497 2498
f 2532 2497 2533
f 2534 2498 2499
f 2533 2498 2534
f 2535 2499 2500
f 2534 2499 2535
f 2536 2500 2501
f 2535 2500 2536
f 2537 2501 2502
f 2536 2501 2537
f 2538 2502 2503
f 2537 2502 2538
f 2539 2503 2504
f 2538 2503 2539
f 2540 2504 2505
f 2539 2504 2540
f 2541 2505 2506
f 2540 2505 2541
f 2542 2506 2507
f 2541 2506 2542
f 2543 2507 2508
f 2542 2507 2543
f 2544 2508 2509
f 2543 2508 2544
f 2545 2509 2510
f 2544 2509 2545
f 2546 2510 2511
f 2545 2510 2546
f 2547 2511 2512
f 2546 2511 2547
f 2548 2512 2513
f 2547 2512 2548
f 2549 2513 2514
f 2548 2513 2549
f 2550 2514 2515
f 2549 2514 2550
f 2551 2515 2516
f 2550 2515 2551
f 2552 2516 2517
f 2551 2516 2552
f 2553 2517 2518
f 2552 2517 2553
f 2518 2519 2554
f 2518 2554 2553
f 2555 2520 1070
f 2555 1070 1086
f 2556 1086 1087
f 2556 2555 1086
f 1087 1071 2521
f 1087 2521 2556
f 1074 1088 2557
f 2558 1074 2557
f 2522 1074 2558
f 1089 2557 1088
f 2523 1095 1080
f 1098 1095 2559
f 1095 2523 2559
f 1082 1097 2559
f 1082 2559 2523
f 1084 2524 1097
f 2524 2559 1097
f 2524 2560 2559
f 2561 2524 2525
f 2560 2524 2561
f 2562 2525 2526
f 2561 2525 2562
f 2563 2526 2527
f 2562 2526 2563
f 2564 2527 2528
f 2563 2527 2564
f 2565 2528 2529
f 2564 2528 2565
f 2566 2529 2530
f 2565 2529 2566
f 2567 2530 2531
f 2566 2530 2567
f 2568 2531 2532
f 2567 2531 2568
f 2569 2532 2533
f 2568 2532 2569
f 2570 2533 2534
f 2569 2533 2570
f 2571 2534 2535
f 2570 2534 2571
f 2572 2535 2536
f 2571 2535 2572
f 2573 2536 2537
f 2572 2536 2573
f 2574 2537 2538
f 2573 2537 2574
f 2575 2538 2539
f 2574 2538 2575
f 2576 2539 2540
f 2575 2539 2576
f 2577 2540 2541
f 2576 2540 2577
f 2578 2541 2542
f 2577 2541 2578
f 2579 2542 2543
f 2578 2542 2579
f 2580 2543 2544
f 2579 2543 2580
f 2581 2544 2545
f 2580 2544 2581
f 2582 2545 2546
f 2581 2545 2582
f 2583 2546 2547
f 2582 2546 2583
f 2584 2547 2548
f 2583 2547 2584
f 2585 2548 2549
f 2584 2548 2585
f 2586 2549 2550
f 2585 2549 2586
f 2587 2550 2551
f 2586 2550 2587
f 2588 2551 2552
f 2587 2551 2588
f 2589 2552 2553
f 2588 2552 2589
f 2553 2554 2590
f 2553 2590 2589
f 2591 2558 2557
f 2557 1089 2591
f 1089 2592 2591
f 1089 1100 2592
f 2593 1105 1106
f 1098 2559 1106
f 2559 2593 1106
f 2559 2594 2593
f 2595 2559 2560
f 2594 2559 2595
f 2596 2560 2561
f 2595 2560 2596
f 2597 2561 2562
f 2596 2561 2597
f 2598 2562 2563
f 2597 2562 2598
f 2599 2563 2564
f 2598 2563 2599
f 2600 2564 2565
f 2599 2564 2600
f 2601 2565 2566
f 2600 2565 2601
f 2602 2566 2567
f 2601 2566 2602
f 2603 2567 2568
f 2602 2567 2603
f 2604 2568 2569
f 2603 2568 2604
f 2605 2569 2570
f 2604 2569 2605
f 2606 2570 2571
f 2605 2570 2606
f 2607 2571 2572
f 2606 2571 2607
f 2608 2572 2573
f 2607 2572 2608
f 2609 2573 2574
f 2608 2573 2609
f 2610 2574 2575
f 2609 2574 2610
f 2611 2575 2576
f 2610 2575 2611
f 2612 2576 2577
f 2611 2576 2612
f 2613 2577 2578
f 2612 2577 2613
f 2614 2578 2579
f 2613 2578 2614
f 2615 2579 2580
f 2614 2579 2615
f 2616 2580 2581
f 2615 2580 2616
f 2617 2581 2582
f 2616 2581 2617
f 2618 2582 2583
f 2617 2582 2618
f 2619 2583 2584
f 2618 2583 2619
f 2620 2584 2585
f 2619 2584 2620
f 2621 2585 2586
f 2620 2585 2621
f 2622 2586 2587
f 2621 2586 2622
f 2623 2587 2588
f 2622 2587 2623
f 2624 2588 2589
f 2623 2588 2624
f 2589 2590 2625
f 2589 2625 2624
f 2628 2627 2626
f 2627 2592 2626
f 2592 1108 2626
f 2592 1100 1108
f 2593 1113 1105
f 1113 2593 1115
f 2593 2629 1115
f 2593 2594 2629
f 2630 2594 2595
f 2629 2594 2630
f 2631 2595 2596
f 2630 2595 2631
f 2632 2596 2597
f 2631 2596 2632
f 2633 2597 2598
f 2632 2597 2633
f 2634 2598 2599
f 2633 2598 2634
f 2635 2599 2600
f 2634 2599 2635
f 2636 2600 2601
f 2635 2600 2636
f 2637 2601 2602
f 2636 2601 2637
f 2638 2602 2603
f 2637 2602 2638
f 2639 2603 2604
f 2638 2603 2639
f 2640 2604 2605
f 2639 2604 2640
f 2641 2605 2606
f 2640 2605 2641
f 2642 2606 2607
f 2641 2606 2642
f 2643 2607 2608
f 2642 2607 2643
f 2644 2608 2609
f 2643 2608 2644
f 2645 2609 2610
f 2644 2609 2645
f 2646 2610 2611
f 2645 2610 2646
f 2647 2611 2612
f 2646 2611 2647
f 2648 2612 2613
f 2647 2612 2648
f 2649 2613 2614
f 2648 2613 2649
f 2650 2614 2615
f 2649 2614 2650
f 2651 2615 2616
f 2650 2615 2651
f 2652 2616 2617
f 2651 2616 2652
f 2653 2617 2618
f 2652 2617 2653
f 2654 2618 2619
f 2653 2618 2654
f 2655 2619 2620
f 2654 2619 2655
f 2656 2620 2621
f 2655 2620 2656
f 2657 2621 2622
f 2656 2621 2657
f 2658 2622 2623
f 2657 2622 2658
f 2659 2623 2624
f 2658 2623 2659
f 2624 2625 2660
f 2624 2660 2659
f 2628 2626 2661
f 2628 2661 2662
f 1116 2663 1108
f 2663 2626 1108
f 2663 2661 2626
f 1117 2663 1116
f 2664 1121 1122
f 1123 2665 1122
f 1122 2665 2664
f 1115 2629 1123
f 2629 2665 1123
f 2629 2666 2665
f 2667 2629 2630
f 2666 2629 2667
f 2668 2630 2631
f 2667 2630 2668
f 2669 2631 2632
f 2668 2631 2669
f 2670 2632 2633
f 2669 2632 2670
f 2671 2633 2634
f 2670 2633 2671
f 2672 2634 2635
f 2671 2634 2672
f 2673 2635 2636
f 2672 2635 2673
f 2674 2636 2637
f 2673 2636 2674
f 2675 2637 2638
f 2674 2637 2675
f 2676 2638 2639
f 2675 2638 2676
f 2677 2639 2640
f 2676 2639 2677
f 2678 2640 2641
f 2677 2640 2678
f 2679 2641 2642
f 2678 2641 2679
f 2680 2642 2643
f 2679 2642 2680
f 2681 2643 2644
f 2680 2643 2681
f 2682 2644 2645
f 2681 2644 2682
f 2683 2645 2646
f 2682 2645 2683
f 2684 2646 2647
f 2683 2646 2684
f 2685 2647 2648
f 2684 2647 2685
f 2686 2648 2649
f 2685 2648 2686
f 2687 2649 2650
f 2686 2649 2687
f 2688 2650 2651
f 2687 2650 2688
f 2689 2651 2652
f 2688 2651 2689
f 2690 2652 2653
f 2689 2652 2690
f 2691 2653 2654
f 2690 2653 2691
f 2692 2654 2655
f 2691 2654 2692
f 2693 2655 2656
f 2692 2655 2693
f 2694 2656 2657
f 2693 2656 2694
f 2695 2657 2658
f 2694 2657 2695
f 2696 2658 2659
f 2695 2658 2696
f 2659 2660 2697
f 2659 2697 2696
f 2698 2662 2661
f 2700 2699 2698
f 2661 2700 2698
f 2663 2700 2661
f 1124 2701 1117
f 2701 2663 1117
f 2701 2700 2663
f 1125 2702 1124
f 1124 2702 2701
f 1126 2703 1125
f 1125 2703 2702
f 1126 1121 2703
f 1121 2664 2703
f 1129 1127 2703
f 1129 2703 2664
f 1129 2664 1130
f 2664 2704 1130
f 2664 2665 2704
f 2705 2665 2666
f 2704 2665 2705
f 2706 2666 2667
f 2705 2666 2706
f 2707 2667 2668
f 2706 2667 2707
f 2708 2668 2669
f 2707 2668 2708
f 2709 2669 2670
f 2708 2669 2709
f 2710 2670 2671
f 2709 2670 2710
f 2711 2671 2672
f 2710 2671 2711
f 2712 2672 2673
f 2711 2672 2712
f 2713 2673 2674
f 2712 2673 2713
f 2714 2674 2675
f 2713 2674 2714
f 2715 2675 2676
f 2714 2675 2715
f 2716 2676 2677
f 2715 2676 2716
f 2717 2677 2678
f 2716 2677 2717
f 2718 2678 2679
f 2717 2678 2718
f 2719 2679 2680
f 2718 2679 2719
f 2720 2680 2681
f 2719 2680 2720
f 2721 2681 2682
f 2720 2681 2721
f 2722 2682 2683
f 2721 2682 2722
f 2723 2683 2684
f 2722 2683 2723
f 2724 2684 2685
f 2723 2684 2724
f 2725 2685 2686
f 2724 2685 2725
f 2726 2686 2687
f 2725 2686 2726
f 2727 2687 2688
f 2726 2687 2727
f 2728 2688 2689
f 2727 2688 2728
f 2729 2689 2690
f 2728 2689 2729
f 2730 2690 2691
f 2729 2690 2730
f 2731 2691 2692
f 2730 2691 2731
f 2732 2692 2693
f 2731 2692 2732
f 2733 2693 2694
f 2732 2693 2733
f 2734 2694 2695
f 2733 2694 2734
f 2735 2695 2696
f 2734 2695 2735
f 2696 2697 2736
f 2696 2736 2735
f 2699 2700 2737
f 2699 2737 2738
f 2739 2700 2701
f 2737 2700 2739
f 2740 2701 2702
f 2739 2701 2740
f 2741 2702 2703
f 2740 2702 2741
f 1131 2742 1127
f 2742 2703 1127
f 2742 2741 2703
f 1130 2704 1131
f 2704 2742 1131
f 2704 2743 2742
f 2744 2704 2705
f 2743 2704 2744
f 2745 2705 2706
f 2744 2705 2745
f 2746 2706 2707
f 2745 2706 2746
f 2747 2707 2708
f 2746 2707 2747
f 2748 2708 2709
f 2747 2708 2748
f 2749 2709 2710
f 2748 2709 2749
f 2750 2710 2711
f 2749 2710 2750
f 2751 2711 2712
f 2750 2711 2751
f 2752 2712 2713
f 2751 2712 2752
f 2753 2713 2714
f 2752 2713 2753
f 2754 2714 2715
f 2753 2714 2754
f 2755 2715 2716
f 2754 2715 2755
f 2756 2716 2717
f 2755 2716 2756
f 2757 2717 2718
f 2756 2717 2757
f 2758 2718 2719
f 2757 2718 2758
f 2759 2719 2720
f 2758 2719 2759
f 2760 2720 2721
f 2759 2720 2760
f 2761 2721 2722
f 2760 2721 2761
f 2762 2722 2723
f 2761 2722 2762
f 2763 2723 2724
f 2762 2723 2763
f 2764 2724 2725
f 2763 2724 2764
f 2765 2725 2726
f 2764 2725 2765
f 2766 2726 2727
f 2765 2726 2766
f 2767 2727 2728
f 2766 2727 2767
f 2768 2728 2729
f 2767 2728 2768
f 2769 2729 2730
f 2768 2729 2769
f 2770 2730 2731
f 2769 2730 2770
f 2771 2731 2732
f 2770 2731 2771
f 2772 2732 2733
f 2771 2732 2772
f 2734 2774 2773
f 2772 2734 2773
f 2733 2734 2772
f 2774 2734 2735
f 2774 2735 2775
f 2775 2735 2736
f 2776 2738 2737
f 2776 2737 2739
f 2776 2739 2777
f 2777 2739 2740
f 2777 2740 2778
f 2778 2740 2741
f 2778 2741 2779
f 2779 2741 2742
f 2779 2742 2780
f 2780 2742 2743
f 2780 2743 2781
f 2781 2743 2744
f 2781 2744 2782
f 2782 2744 2745
f 2782 2745 2783
f 2783 2745 2746
f 2783 2746 2784
f 2784 2746 2747
f 2784 2747 2785
f 2785 2747 2748
f 2785 2748 2786
f 2786 2748 2749
f 2786 2749 2787
f 2787 2749 2750
f 2787 2750 2788
f 2788 2750 2751
f 2788 2751 2789
f 2789 2751 2752
f 2789 2752 2790
f 2790 2752 2753
f 2790 2753 2791
f 2791 2753 2754
f 2791 2754 2792
f 2792 2754 2755
f 2792 2755 2793
f 2793 2755 2756
f 2793 2756 2794
f 2794 2756 2757
f 2794 2757 2795
f 2795 2757 2758
f 2795 2758 2796
f 2796 2758 2759
f 2796 2759 2797
f 2797 2759 2760
f 2797 2760 2798
f 2798 2760 2761
f 2798 2761 2799
f 2799 2761 2762
f 2799 2762 2800
f 2800 2762 2763
f 2800 2763 2801
f 2801 2763 2764
f 2801 2764 2802
f 2802 2764 2765
f 2802 2765 2803
f 2803 2765 2766
f 2803 2766 2804
f 2804 2766 2767
f 2804 2767 2805
f 2805 2767 2768
f 2805 2768 2806
f 2806 2768 2769
f 2806 2769 2807
f 2807 2769 2770
f 2807 2770 2808
f 2808 2770 2771
f 2808 2771 2809
f 2809 2771 2772
f 2809 2772 2810
f 2810 2772 2773
f 2813 2812 2811
f 2814 1133 1134
f 2815 2811 2812
f 1133 2814 2816
f 2817 1133 2816
f 1136 1133 2817
f 1136 2818 1138
f 2817 2818 1136
f 1138 2819 1140
f 2818 2819 1138
f 1140 2820 1142
f 2819 2820 1140
f 1142 2821 1144
f 2820 2821 1142
f 1144 2822 1146
f 2821 2822 1144
f 1146 2823 1148
f 2822 2823 1146
f 1149 1148 2824
f 2824 1148 2823
f 2827 2826 2825
f 2825 2826 2828
f 2829 1160 1161
f 1160 2829 1163
f 2831 2830 1167
f 1167 2830 1166
f 1169 1166 2832
f 2832 1166 2830
f 2835 2834 2833
f 2833 2834 2836
f 2837 1180 1181
f 1180 2837 1183
f 2839 2838 1187
f 1187 2838 1186
f 1186 2840 1190
f 2838 2840 1186
f 1190 2841 1192
f 2840 2841 1190
f 1192 2842 1194
f 2841 2842 1192
f 1194 2843 1196
f 2842 2843 1194
f 1196 2844 1198
f 2843 2844 1196
f 1198 2845 1200
f 2844 2845 1198
f 1200 2846 1202
f 2845 2846 1200
f 1202 2847 1204
f 2846 2847 1202
f 1204 2848 1206
f 2847 2848 1204
f 2850 2849 1207
f 1206 2850 1207
f 2848 2850 1206
f 2851 2849 2850
f 2854 2853 2852
f 1209 1210 2852
f 2853 1209 2852
f 2855 1209 2853
f 2811 1212 2813
f 1212 2855 2813
f 1212 1209 2855
f 2811 2815 1212
f 2815 2856 1212
f 2814 1134 1212
f 2814 1212 2856
f 2814 2856 2816
f 2857 1239 1240
f 1241 2857 1240
f 2858 1245 1246
f 1247 2858 1246
f 2859 1249 2849
f 2849 1249 1207
f 2849 2851 2860
f 2849 2860 2859
f 2854 2862 2861
f 2854 1252 2862
f 2854 2852 1251
f 1252 2854 1251
f 2852 1210 1251
f 2863 2861 2862
f 2857 1280 1239
f 1280 2857 1241
f 2858 1285 1245
f 1285 2858 1247
f 2859 1288 1249
f 2865 2864 1290
f 2865 1290 1288
f 2860 2865 1288
f 2859 2860 1288
f 2866 2864 2865
f 2868 2867 2862
f 1252 2868 2862
f 1292 2868 1252
f 2862 2867 2863
f 2864 1324 1290
f 1326 1324 2864
f 2866 1326 2864
f 2869 1326 2866
f 1328 2868 1292
f 1328 2870 2868
f 2869 1360 1326
f 2871 1360 2869
f 1363 2872 1362
f 2872 1364 1362
f 2875 2874 2873
f 2874 2870 2873
f 2870 1365 2873
f 2870 1328 1365
f 2871 1398 1360
f 2876 1398 2871
f 2878 2877 2872
f 1363 2878 2872
f 1399 2878 1363
f 1400 1364 2872
f 2879 1400 2872
f 2877 2879 2872
f 1400 2879 2880
f 2881 2880 2879
f 2875 2873 1403
f 1404 2875 1403
f 2882 2875 1404
f 1403 2873 1365
f 2876 1433 1398
f 2883 1433 2876
f 1434 2878 1399
f 1434 2884 2878
f 1435 1400 2880
f 2887 2886 2885
f 1436 2885 2886
f 1436 2881 2885
f 1436 1435 2880
f 2881 1436 2880
f 1404 1437 2888
f 2889 1404 2888
f 2882 1404 2889
f 1438 2888 1437
f 2883 1468 1433
f 2890 1468 2883
f 1469 2884 1434
f 1469 2891 2884
f 2887 2892 2886
f 1436 2886 2892
f 2893 1436 2892
f 1470 1436 2893
f 2889 2888 2894
f 2889 2894 2895
f 1471 2894 1438
f 1438 2894 2888
f 2890 1500 1468
f 2896 1500 2890
f 1501 2891 1469
f 1501 2897 2891
f 2893 1502 1470
f 2898 1502 2893
f 2899 2895 2894
f 2894 1471 2899
f 1471 2900 2899
f 1471 1504 2900
f 2896 1533 1500
f 2901 1533 2896
f 1534 2897 1501
f 1534 2902 2897
f 2898 1535 1502
f 2903 1535 2898
f 1537 2900 1504
f 1537 2904 2900
f 2901 1567 1533
f 2905 1567 2901
f 1568 2902 1534
f 1568 2906 2902
f 2903 1569 1535
f 2907 1569 2903
f 1571 2904 1537
f 1571 2908 2904
f 2905 1599 1567
f 2909 1599 2905
f 1600 2906 1568
f 1600 2910 2906
f 2907 1601 1569
f 2911 1601 2907
f 1571 1602 2912
f 2913 1571 2912
f 2908 1571 2913
f 1603 2912 1602
f 2909 1632 1599
f 2914 1632 2909
f 2916 2915 1634
f 2915 1600 1634
f 2915 2910 1600
f 2911 1635 1601
f 2917 1635 2911
f 2918 2913 2912
f 2912 1603 2918
f 1603 2919 2918
f 1603 1636 2919
f 2914 1665 1632
f 2920 1665 2914
f 1666 1667 2916
f 1667 2915 2916
f 1667 2921 2915
f 2917 1668 1635
f 2922 1668 2917
f 1670 2919 1636
f 1670 2923 2919
f 2920 1699 1665
f 2924 1699 2920
f 2926 2925 1701
f 2925 1667 1701
f 2925 2921 1667
f 2922 1703 1668
f 2927 1703 2922
f 1705 2923 1670
f 1705 2928 2923
f 2924 1733 1699
f 2929 1733 2924
f 1734 1735 2926
f 1735 2925 2926
f 1735 2930 2925
f 2927 1736 1703
f 2931 1736 2927
f 1737 2928 1705
f 1737 2932 2928
f 2929 1766 1733
f 2933 1766 2929
f 1767 2930 1735
f 1767 2934 2930
f 2931 1768 1736
f 2935 1768 2931
f 1769 2932 1737
f 1769 2936 2932
f 2933 1798 1766
f 2937 1798 2933
f 1799 2934 1767
f 1799 2938 2934
f 2935 1800 1768
f 2939 1800 2935
f 1801 2941 2940
f 2936 1801 2940
f 1769 1801 2936
f 2943 2942 2941
f 2941 2942 2940
f 2943 2944 2942
f 2937 1830 1798
f 2945 1830 2937
f 1831 2938 1799
f 1831 2946 2938
f 1832 1800 2947
f 1800 2948 2947
f 1800 2939 2948
f 2947 1834 1832
f 1835 2949 2941
f 1835 2941 1801
f 2941 2950 2943
f 2941 2949 2950
f 2944 2943 2951
f 2951 2943 2950
f 2945 1865 1830
f 2952 1865 2945
f 1866 2946 1831
f 1866 2953 2946
f 2947 2948 1868
f 2948 1867 1868
f 2948 2954 1867
f 2947 1868 1834
f 1870 2955 2949
f 1870 2949 1835
f 2957 2950 2956
f 2950 2955 2956
f 2950 2949 2955
f 2950 2957 2951
f 2952 1900 1865
f 2958 1900 2952
f 1901 2953 1866
f 1901 2959 2953
f 2954 1902 1867
f 2960 1902 2954
f 1903 2955 1870
f 1903 1905 2955
f 1905 2956 2955
f 1905 2961 2956
f 2958 1934 1900
f 2962 1934 2958
f 1935 2959 1901
f 1935 2963 2959
f 2960 1936 1902
f 2964 1936 2960
f 1938 2965 1937
f 2965 2966 1937
f 2966 1905 1937
f 2966 2961 1905
f 2962 1969 1934
f 2967 1969 2962
f 1970 2963 1935
f 1970 2968 2963
f 2964 2969 1936
f 1936 2969 1971
f 1972 1971 2969
f 1972 2969 2970
f 1973 2971 2965
f 1973 2965 1938
f 2966 2965 2972
f 2972 2965 2971
f 2967 2003 1969
f 2973 2003 2967
f 2004 2968 1970
f 2004 2974 2968
f 2976 2975 2006
f 2006 2975 2005
f 2006 1972 2970
f 2006 2970 2976
f 2007 2977 2971
f 2007 2971 1973
f 2972 2971 2978
f 2978 2971 2977
f 2973 2036 2003
f 2979 2036 2973
f 2037 2974 2004
f 2037 2980 2974
f 2975 2038 2005
f 2981 2038 2975
f 2983 2982 2977
f 2007 2983 2977
f 2039 2983 2007
f 2977 2982 2978
f 2979 2068 2036
f 2984 2068 2979
f 2069 2980 2037
f 2069 2985 2980
f 2981 2070 2038
f 2986 2070 2981
f 2072 2988 2987
f 2983 2072 2987
f 2039 2072 2983
f 2988 2989 2987
f 2984 2101 2068
f 2990 2101 2984
f 2102 2985 2069
f 2102 2991 2985
f 2103 2070 2992
f 2070 2993 2992
f 2070 2986 2993
f 2992 2104 2103
f 2105 2994 2988
f 2105 2988 2072
f 2989 2988 2995
f 2988 2996 2995
f 2988 2994 2996
f 2996 2997 2995
f 2990 2134 2101
f 2998 2134 2990
f 2135 2991 2102
f 2135 2999 2991
f 2992 2993 2137
f 2993 2136 2137
f 2993 3000 2136
f 2992 2137 2104
f 2139 3001 2994
f 2139 2994 2105
f 3003 2996 3002
f 2996 3001 3002
f 2996 2994 3001
f 2996 3003 2997
f 2998 2169 2134
f 3004 2169 2998
f 2170 2999 2135
f 2170 3005 2999
f 3000 2172 2136
f 3006 2172 3000
f 2173 3001 2139
f 2173 2174 3001
f 2174 3002 3001
f 2174 3007 3002
f 3004 2203 2169
f 3008 2203 3004
f 2204 3005 2170
f 2204 3009 3005
f 3006 2205 2172
f 3010 2205 3006
f 2206 3007 2174
f 2206 3011 3007
f 3008 2235 2203
f 3012 2235 3008
f 2236 3009 2204
f 2236 3013 3009
f 3010 2237 2205
f 3014 2237 3010
f 2239 3011 2206
f 2239 3015 3011
f 3012 2269 2235
f 3016 2269 3012
f 2270 3013 2236
f 2270 3017 3013
f 3014 2271 2237
f 3018 2271 3014
f 2273 3015 2239
f 2273 3019 3015
f 3016 2304 2269
f 3020 2304 3016
f 2305 3017 2270
f 2305 3021 3017
f 3018 2306 2271
f 3022 2306 3018
f 2307 3019 2273
f 2307 3023 3019
f 3020 2337 2304
f 3024 2337 3020
f 2338 3021 2305
f 2338 3025 3021
f 3022 2339 2306
f 3026 2339 3022
f 3029 3028 3027
f 3028 3023 3027
f 3023 2340 3027
f 3023 2307 2340
f 3024 2372 2337
f 3030 2372 3024
f 2373 3025 2338
f 2373 3031 3025
f 3026 2375 2339
f 3032 2375 3026
f 3029 3027 2377
f 2378 3029 2377
f 3033 3029 2378
f 2377 3027 2340
f 3030 2409 2372
f 3034 2409 3030
f 2410 3031 2373
f 2410 3035 3031
f 3032 2411 2375
f 3036 2411 3032
f 2413 3038 3037
f 3033 2413 3037
f 2378 2413 3033
f 3038 3039 3037
f 2446 2409 3040
f 2409 3041 3040
f 2409 3034 3041
f 2448 3035 2410
f 2448 3042 3035
f 3036 2449 2411
f 3043 2449 3036
f 3045 3044 3038
f 2413 3045 3038
f 2450 3045 2413
f 3038 3044 3039
f 3047 3046 3041
f 3046 2483 3041
f 2484 3040 3041
f 2484 3041 2483
f 2485 3042 2448
f 2485 3048 3042
f 3043 2486 2449
f 3049 2486 3043
f 2489 3050 2488
f 3050 3051 2488
f 3051 2450 2488
f 3051 3045 2450
f 3052 2519 3046
f 3046 2519 2483
f 2520 3048 2485
f 2520 3053 3048
f 3056 3055 3054
f 3049 3056 3054
f 2521 3049 3054
f 2486 3049 2521
f 3058 3057 3050
f 2489 3058 3050
f 2522 3058 2489
f 3050 3057 3051
f 3059 2554 3052
f 3052 2554 2519
f 2520 2555 3060
f 3061 2520 3060
f 3053 2520 3061
f 3055 3062 3054
f 3062 2555 3054
f 2555 2556 3054
f 2555 3062 3060
f 3054 2556 2521
f 2558 3058 2522
f 2558 3063 3058
f 3064 2590 3059
f 3059 2590 2554
f 3065 3061 3060
f 3065 3060 3062
f 3066 3063 2558
f 3066 2558 2591
f 2591 2592 3066
f 3066 2592 3067
f 3069 3068 3064
f 3068 2590 3064
f 3068 2625 2590
f 3071 3070 2627
f 3071 2627 2628
f 2592 2627 3067
f 3067 2627 3070
f 3068 2660 2625
f 3072 2660 3068
f 2662 3074 3073
f 3071 2662 3073
f 2628 2662 3071
f 3074 3075 3073
f 3072 2697 2660
f 3076 2697 3072
f 2698 3074 2662
f 3078 3077 2699
f 2699 3077 2698
f 3077 3075 2698
f 3075 3074 2698
f 3078 3079 3077
f 3082 3081 3080
f 3076 3082 3080
f 2736 3076 3080
f 2697 3076 2736
f 2738 3083 3078
f 2738 3078 2699
f 3079 3078 3084
f 3084 3078 3083
f 3085 2773 2774
f 3081 3086 3080
f 3086 2774 3080
f 2774 2775 3080
f 2774 3086 3085
f 3080 2775 2736
f 2776 3083 2738
f 3087 3084 3083
f 2776 3087 3083
f 2777 3087 2776
f 3088 2777 2778
f 3088 3087 2777
f 3089 2778 2779
f 3089 3088 2778
f 3090 2779 2780
f 3090 3089 2779
f 3091 2780 2781
f 3091 3090 2780
f 3092 2781 2782
f 3092 3091 2781
f 3093 2782 2783
f 3093 3092 2782
f 3094 2783 2784
f 3094 3093 2783
f 3095 2784 2785
f 3095 3094 2784
f 3096 2785 2786
f 3096 3095 2785
f 3097 2786 2787
f 3097 3096 2786
f 3098 2787 2788
f 3098 3097 2787
f 3099 2788 2789
f 3099 3098 2788
f 3100 2789 2790
f 3100 3099 2789
f 3101 2790 2791
f 3101 3100 2790
f 3102 2791 2792
f 3102 3101 2791
f 3103 2792 2793
f 3103 3102 2792
f 3104 2793 2794
f 3104 3103 2793
f 3105 2794 2795
f 3105 3104 2794
f 3106 2795 2796
f 3106 3105 2795
f 3107 2796 2797
f 3107 3106 2796
f 3108 2797 2798
f 3108 3107 2797
f 3109 2798 2799
f 3109 3108 2798
f 3110 2799 2800
f 3110 3109 2799
f 3111 2800 2801
f 3111 3110 2800
f 3112 2801 2802
f 3112 3111 2801
f 3113 2802 2803
f 3113 3112 2802
f 3114 2803 2804
f 3114 3113 2803
f 3115 2804 2805
f 3115 3114 2804
f 3116 2805 2806
f 3116 3115 2805
f 3117 2806 2807
f 3117 3116 2806
f 3118 2807 2808
f 3118 3117 2807
f 3119 2808 2809
f 3119 3118 2808
f 3120 2809 2810
f 3120 3119 2809
f 2810 2773 3085
f 3121 2810 3085
f 3120 2810 3121
f 3121 3085 3086
f 2813 3122 2812
f 3122 2815 2812
f 2816 3123 2817
f 3124 2818 2817
f 3124 2817 3123
f 2818 3124 3125
f 3126 2818 3125
f 2819 2818 3126
f 3126 3128 3127
f 2820 3126 3127
f 2819 3126 2820
f 3129 2821 2820
f 3129 2820 3127
f 3130 2822 2821
f 3130 2821 3129
f 3131 2823 2822
f 3131 2822 3130
f 3131 3132 2823
f 2823 3132 2824
f 3132 3133 2824
f 3133 3134 2824
f 3134 3133 3135
f 3135 3133 3136
f 3135 3136 3137
f 3137 3136 3138
f 3137 3138 2827
f 3138 2826 2827
f 3138 3139 2826
f 2828 2826 3140
f 2826 3141 3140
f 2826 3139 3141
f 3140 3141 3142
f 3142 3141 3143
f 3142 3143 3144
f 3144 3143 3145
f 3144 3145 2831
f 3145 2830 2831
f 3145 3146 2830
f 2832 2830 3147
f 2830 3148 3147
f 2830 3146 3148
f 3147 3148 3149
f 3149 3148 3150
f 3149 3150 3151
f 3151 3150 3152
f 3151 3152 2835
f 3152 2834 2835
f 3152 3153 2834
f 2836 2834 3154
f 2834 3155 3154
f 2834 3153 3155
f 3154 3155 3156
f 3156 3155 3157
f 3156 3157 3158
f 3158 3157 3159
f 3158 3159 2839
f 3159 2838 2839
f 3159 3160 2838
f 2838 3161 2840
f 3160 3161 2838
f 2840 3162 2841
f 3161 3162 2840
f 2841 3163 2842
f 3162 3163 2841
f 2842 3164 2843
f 3163 3164 2842
f 2843 3165 2844
f 3164 3165 2843
f 2844 3166 2845
f 3165 3166 2844
f 2845 3167 2846
f 3166 3167 2845
f 2846 3168 2847
f 3167 3168 2846
f 2847 3169 2848
f 3168 3169 2847
f 3169 3171 3170
f 2850 3169 3170
f 2848 3169 2850
f 3170 2851 2850
f 2854 3172 2853
f 3173 2855 2853
f 3173 2853 3172
f 3122 2813 2855
f 3173 3122 2855
f 3174 3122 3173
f 3175 2856 2815
f 3122 3175 2815
f 3174 3175 3122
f 3123 2816 2856
f 3175 3123 2856
f 3176 3123 3175
f 3178 3124 3177
f 3124 3176 3177
f 3124 3123 3176
f 3124 3178 3125
f 3128 3179 3127
f 3181 3180 3179
f 3180 3127 3179
f 3180 3129 3127
f 3183 3130 3182
f 3130 3180 3182
f 3130 3129 3180
f 3185 3184 3183
f 3184 3130 3183
f 3184 3131 3130
f 3132 3131 3186
f 3186 3131 3184
f 3171 3187 3170
f 2851 3170 3187
f 3188 2851 3187
f 2860 2851 3188
f 2861 3172 2854
f 3172 2861 2863
f 3189 3172 2863
f 3173 3172 3189
f 3173 3190 3174
f 3173 3189 3190
f 3174 3191 3175
f 3174 3190 3191
f 3193 3176 3192
f 3176 3191 3192
f 3176 3175 3191
f 3176 3193 3177
f 3181 3194 3180
f 3180 3194 3182
f 3185 3195 3184
f 3184 3195 3186
f 2865 2860 3196
f 2860 3197 3196
f 2860 3188 3197
f 3196 2866 2865
f 2868 3198 2867
f 3189 2863 2867
f 3198 3189 2867
f 3199 3189 3198
f 3189 3200 3190
f 3189 3199 3200
f 3202 3191 3201
f 3191 3200 3201
f 3191 3190 3200
f 3191 3202 3192
f 3196 3197 3203
f 3203 3197 3204
f 3203 2869 2866
f 3203 2866 3196
f 3206 3205 3198
f 2868 3206 3198
f 2870 3206 2868
f 3208 3207 3205
f 3207 3198 3205
f 3207 3199 3198
f 3210 3200 3209
f 3200 3207 3209
f 3200 3199 3207
f 3200 3210 3201
f 3204 3211 3203
f 2869 3203 3211
f 3212 2869 3211
f 2871 2869 3212
f 2875 3213 2874
f 3213 3214 2874
f 3214 2870 2874
f 3214 3206 2870
f 3208 3215 3207
f 3207 3215 3209
f 3212 2876 2871
f 3216 2876 3212
f 3218 3217 2877
f 3218 2877 2878
f 3217 3220 3219
f 2879 3217 3219
f 2877 3217 2879
f 3219 2881 2879
f 3222 3221 3213
f 2875 3222 3213
f 2882 3222 2875
f 3213 3221 3214
f 3225 3224 3223
f 3223 3226 3225
f 3229 3228 3227
f 3216 3229 3227
f 2883 3216 3227
f 2876 3216 2883
f 2884 3218 2878
f 2884 3230 3218
f 3219 3220 2885
f 3220 2887 2885
f 3220 3231 2887
f 3219 2885 2881
f 2889 3233 3232
f 3222 2889 3232
f 2882 2889 3222
f 3233 3234 3232
f 3237 3236 3235
f 3237 3235 3224
f 3235 3223 3224
f 3235 3238 3223
f 3226 3223 3239
f 3239 3223 3238
f 3228 3240 3227
f 2883 3227 3240
f 3241 2883 3240
f 2890 2883 3241
f 2891 3230 2884
f 2891 3242 3230
f 2892 2887 3243
f 2887 3244 3243
f 2887 3231 3244
f 3243 2893 2892
f 2895 3245 3233
f 2895 3233 2889
f 3234 3233 3246
f 3233 3247 3246
f 3233 3245 3247
f 3246 3247 3236
f 3247 3235 3236
f 3247 3248 3235
f 3235 3249 3238
f 3235 3248 3249
f 3239 3238 3250
f 3250 3238 3249
f 3253 3252 3251
f 3241 3253 3251
f 2896 3241 3251
f 2890 3241 2896
f 2897 3242 2891
f 2897 3254 3242
f 3244 3255 3243
f 2893 3243 3255
f 3256 2893 3255
f 2898 2893 3256
f 2899 3245 2895
f 3245 2899 2900
f 3257 3245 2900
f 3247 3245 3257
f 3247 3258 3248
f 3247 3257 3258
f 3248 3259 3249
f 3248 3258 3259
f 3250 3249 3260
f 3249 3261 3260
f 3249 3259 3261
f 3261 3262 3260
f 3251 3252 3263
f 3263 3252 3264
f 3263 2901 2896
f 3263 2896 3251
f 2902 3254 2897
f 2902 3265 3254
f 3268 3267 3266
f 3256 3268 3266
f 2903 3256 3266
f 2898 3256 2903
f 2904 3269 3257
f 2904 3257 2900
f 3257 3270 3258
f 3257 3269 3270
f 3258 3271 3259
f 3258 3270 3271
f 3259 3272 3261
f 3259 3271 3272
f 3262 3261 3273
f 3261 3274 3273
f 3261 3272 3274
f 3274 3275 3273
f 3263 3264 3276
f 3276 3264 3277
f 3276 2905 2901
f 3276 2901 3263
f 2906 3265 2902
f 2906 3278 3265
f 3267 3279 3266
f 2903 3266 3279
f 3280 2903 3279
f 2907 2903 3280
f 2908 3281 3269
f 2908 3269 2904
f 3269 3282 3270
f 3269 3281 3282
f 3270 3283 3271
f 3270 3282 3283
f 3271 3284 3272
f 3271 3283 3284
f 3272 3285 3274
f 3272 3284 3285
f 3275 3274 3286
f 3286 3274 3285
f 3276 3277 3287
f 3287 3277 3288
f 3287 2909 2905
f 3287 2905 3276
f 2910 3278 2906
f 2910 3289 3278
f 3280 2911 2907
f 3290 2911 3280
f 2913 3291 3281
f 2913 3281 2908
f 3281 3292 3282
f 3281 3291 3292
f 3282 3293 3283
f 3282 3292 3293
f 3295 3284 3294
f 3284 3293 3294
f 3284 3283 3293
f 3284 3295 3285
f 3285 3295 3296
f 3285 3296 3286
f 3287 3288 3297
f 3297 3288 3298
f 3297 2914 2909
f 3297 2909 3287
f 2915 3289 2910
f 2915 3299 3289
f 3290 2917 2911
f 3300 2917 3290
f 2918 3291 2913
f 3291 2918 2919
f 3301 3291 2919
f 3292 3291 3301
f 3292 3302 3293
f 3292 3301 3302
f 3294 3293 3303
f 3303 3293 3302
f 3297 3298 3304
f 3304 3298 3305
f 3304 2920 2914
f 3304 2914 3297
f 2921 3299 2915
f 2921 3306 3299
f 3300 2922 2917
f 3307 2922 3300
f 2923 3308 3301
f 2923 3301 2919
f 3301 3309 3302
f 3301 3308 3309
f 3303 3302 3310
f 3310 3302 3309
f 3304 3305 3311
f 3311 3305 3312
f 3311 2924 2920
f 3311 2920 3304
f 2925 3306 2921
f 2925 3313 3306
f 3307 2927 2922
f 3314 2927 3307
f 2928 3315 3308
f 2928 3308 2923
f 3308 3316 3309
f 3308 3315 3316
f 3310 3309 3317
f 3309 3318 3317
f 3309 3316 3318
f 3318 3319 3317
f 3312 3320 3311
f 2924 3311 3320
f 3321 2924 3320
f 2929 2924 3321
f 2930 3313 2925
f 2930 3322 3313
f 3314 2931 2927
f 3323 2931 3314
f 2932 3324 3315
f 2932 3315 2928
f 3315 3325 3316
f 3315 3324 3325
f 3316 3326 3318
f 3316 3325 3326
f 3319 3318 3327
f 3318 3328 3327
f 3318 3326 3328
f 3328 3329 3327
f 3332 3331 3330
f 3321 3332 3330
f 2933 3321 3330
f 2929 3321 2933
f 2934 3322 2930
f 2934 3333 3322
f 3323 2935 2931
f 3334 2935 3323
f 2936 3335 3324
f 2936 3324 2932
f 3324 3336 3325
f 3324 3335 3336
f 3325 3337 3326
f 3325 3336 3337
f 3326 3338 3328
f 3326 3337 3338
f 3329 3328 3339
f 3328 3340 3339
f 3328 3338 3340
f 3340 3341 3339
f 3330 3331 3342
f 3342 3331 3343
f 3342 2937 2933
f 3342 2933 3330
f 2938 3333 2934
f 2938 3344 3333
f 3334 2939 2935
f 3345 2939 3334
f 2940 3335 2936
f 3335 2940 2942
f 3335 2942 3336
f 3336 2942 2944
f 3346 3336 2944
f 3337 3336 3346
f 3337 3347 3338
f 3337 3346 3347
f 3338 3348 3340
f 3338 3347 3348
f 3341 3340 3349
f 3349 3340 3348
f 3342 3343 3350
f 3350 3343 3351
f 3350 2945 2937
f 3350 2937 3342
f 2946 3344 2938
f 2946 3352 3344
f 3345 2948 2939
f 3353 2948 3345
f 2951 3354 3346
f 2951 3346 2944
f 3346 3355 3347
f 3346 3354 3355
f 3347 3356 3348
f 3347 3355 3356
f 3349 3348 3357
f 3348 3358 3357
f 3348 3356 3358
f 3358 3359 3357
f 3350 3351 3360
f 3360 3351 3361
f 3360 2952 2945
f 3360 2945 3350
f 2953 3352 2946
f 2953 3362 3352
f 3353 2954 2948
f 3363 2954 3353
f 2956 3364 2957
f 3354 2951 2957
f 3364 3354 2957
f 3365 3354 3364
f 3354 3366 3355
f 3354 3365 3366
f 3355 3367 3356
f 3355 3366 3367
f 3356 3368 3358
f 3356 3367 3368
f 3359 3358 3369
f 3358 3370 3369
f 3358 3368 3370
f 3370 3371 3369
f 3360 3361 3372
f 3372 3361 3373
f 3372 2958 2952
f 3372 2952 3360
f 3375 3362 3374
f 3362 2959 3374
f 3362 2953 2959
f 3377 2960 3376
f 2960 3363 3376
f 2960 2954 3363
f 3378 3377 3376
f 2961 3379 3364
f 2961 3364 2956
f 3364 3380 3365
f 3364 3379 3380
f 3365 3381 3366
f 3365 3380 3381
f 3366 3382 3367
f 3366 3381 3382
f 3367 3383 3368
f 3367 3382 3383
f 3368 3384 3370
f 3368 3383 3384
f 3371 3370 3385
f 3385 3370 3384
f 3372 3373 3386
f 3386 3373 3387
f 3386 2962 2958
f 3386 2958 3372
f 3374 2959 3388
f 2959 3389 3388
f 2959 2963 3389
f 3391 3390 3377
f 3390 2960 3377
f 3390 2964 2960
f 3391 3377 3378
f 2966 3392 3379
f 2966 3379 2961
f 3379 3393 3380
f 3379 3392 3393
f 3380 3394 3381
f 3380 3393 3394
f 3381 3395 3382
f 3381 3394 3395
f 3382 3396 3383
f 3382 3395 3396
f 3383 3397 3384
f 3383 3396 3397
f 3385 3384 3398
f 3398 3384 3397
f 3386 3387 3399
f 3399 3387 3400
f 3399 2967 2962
f 3399 2962 3386
f 2968 3389 2963
f 2968 3401 3389
f 3390 3402 2964
f 2964 3402 2969
f 2970 2969 3402
f 2970 3402 3403
f 2972 3404 3392
f 2972 3392 2966
f 3392 3405 3393
f 3392 3404 3405
f 3393 3406 3394
f 3393 3405 3406
f 3394 3407 3395
f 3394 3406 3407
f 3395 3408 3396
f 3395 3407 3408
f 3410 3397 3409
f 3397 3408 3409
f 3397 3396 3408
f 3397 3410 3398
f 3399 3400 3411
f 3411 3400 3412
f 3411 2973 2967
f 3411 2967 3399
f 2974 3401 2968
f 2974 3413 3401
f 3415 3414 2976
f 2976 3414 2975
f 2976 2970 3403
f 2976 3403 3415
f 2978 3416 3404
f 2978 3404 2972
f 3404 3417 3405
f 3404 3416 3417
f 3405 3418 3406
f 3405 3417 3418
f 3406 3419 3407
f 3406 3418 3419
f 3407 3420 3408
f 3407 3419 3420
f 3409 3408 3421
f 3421 3408 3420
f 3411 3412 3422
f 3422 3412 3423
f 3422 2979 2973
f 3422 2973 3411
f 2980 3413 2974
f 2980 3424 3413
f 3426 2981 3425
f 2981 3414 3425
f 2981 2975 3414
f 3427 3426 3425
f 2983 3428 2982
f 3416 2978 2982
f 3428 3416 2982
f 3429 3416 3428
f 3416 3430 3417
f 3416 3429 3430
f 3417 3431 3418
f 3417 3430 3431
f 3418 3432 3419
f 3418 3431 3432
f 3419 3433 3420
f 3419 3432 3433
f 3421 3420 3434
f 3420 3435 3434
f 3420 3433 3435
f 3435 3436 3434
f 3422 3423 3437
f 3437 3423 3438
f 3437 2984 2979
f 3437 2979 3422
f 2985 3424 2980
f 2985 3439 3424
f 3442 3441 3440
f 3443 3442 3426
f 3442 2986 3426
f 2986 2981 3426
f 3442 3440 2986
f 3443 3426 3427
f 2987 3428 2983
f 3428 2987 2989
f 3444 3428 2989
f 3429 3428 3444
f 3429 3445 3430
f 3429 3444 3445
f 3430 3446 3431
f 3430 3445 3446
f 3431 3447 3432
f 3431 3446 3447
f 3432 3448 3433
f 3432 3447 3448
f 3433 3449 3435
f 3433 3448 3449
f 3436 3435 3450
f 3450 3435 3449
f 3437 3438 3451
f 3451 3438 3452
f 3451 2990 2984
f 3451 2984 3437
f 2991 3439 2985
f 2991 3453 3439
f 3441 3454 3440
f 2986 3440 3454
f 3455 2986 3454
f 2993 2986 3455
f 2995 3444 2989
f 3444 2995 2997
f 3456 3444 2997
f 3445 3444 3456
f 3445 3457 3446
f 3445 3456 3457
f 3446 3458 3447
f 3446 3457 3458
f 3447 3459 3448
f 3447 3458 3459
f 3448 3460 3449
f 3448 3459 3460
f 3450 3449 3461
f 3461 3449 3460
f 3451 3452 3462
f 3462 3452 3463
f 3462 2998 2990
f 3462 2990 3451
f 2999 3453 2991
f 2999 3464 3453
f 3455 3000 2993
f 3465 3000 3455
f 3002 3466 3003
f 3456 2997 3003
f 3466 3456 3003
f 3467 3456 3466
f 3456 3468 3457
f 3456 3467 3468
f 3457 3469 3458
f 3457 3468 3469
f 3458 3470 3459
f 3458 3469 3470
f 3459 3471 3460
f 3459 3470 3471
f 3461 3460 3472
f 3472 3460 3471
f 3462 3463 3473
f 3473 3463 3474
f 3473 3004 2998
f 3473 2998 3462
f 3005 3464 2999
f 3005 3475 3464
f 3465 3006 3000
f 3476 3006 3465
f 3007 3477 3466
f 3007 3466 3002
f 3466 3478 3467
f 3466 3477 3478
f 3467 3479 3468
f 3467 3478 3479
f 3468 3480 3469
f 3468 3479 3480
f 3482 3470 3481
f 3470 3480 3481
f 3470 3469 3480
f 3470 3482 3471
f 3471 3482 3483
f 3471 3483 3472
f 3473 3474 3484
f 3484 3474 3485
f 3484 3008 3004
f 3484 3004 3473
f 3009 3475 3005
f 3009 3486 3475
f 3476 3010 3006
f 3487 3010 3476
f 3011 3488 3477
f 3011 3477 3007
f 3477 3489 3478
f 3477 3488 3489
f 3478 3490 3479
f 3478 3489 3490
f 3492 3480 3491
f 3480 3490 3491
f 3480 3479 3490
f 3495 3494 3493
f 3480 3492 3481
f 3497 3496 3494
f 3494 3496 3493
f 3497 3498 3496
f 3484 3485 3499
f 3499 3485 3500
f 3499 3012 3008
f 3499 3008 3484
f 3013 3486 3009
f 3013 3501 3486
f 3487 3014 3010
f 3502 3014 3487
f 3015 3503 3488
f 3015 3488 3011
f 3488 3504 3489
f 3488 3503 3504
f 3489 3505 3490
f 3489 3504 3505
f 3491 3490 3506
f 3506 3490 3505
f 3495 3507 3494
f 3494 3507 3497
f 3497 3507 3508
f 3497 3508 3498
f 3500 3509 3499
f 3012 3499 3509
f 3510 3012 3509
f 3016 3012 3510
f 3017 3501 3013
f 3017 3511 3501
f 3514 3513 3512
f 3502 3514 3512
f 3018 3502 3512
f 3014 3502 3018
f 3019 3515 3503
f 3019 3503 3015
f 3503 3516 3504
f 3503 3515 3516
f 3518 3505 3517
f 3505 3516 3517
f 3505 3504 3516
f 3505 3518 3506
f 3510 3020 3016
f 3519 3020 3510
f 3021 3511 3017
f 3021 3520 3511
f 3513 3521 3512
f 3018 3512 3521
f 3522 3018 3521
f 3022 3018 3522
f 3023 3523 3515
f 3023 3515 3019
f 3515 3524 3516
f 3515 3523 3524
f 3517 3516 3525
f 3516 3526 3525
f 3516 3524 3526
f 3526 3527 3525
f 3530 3529 3528
f 3519 3530 3528
f 3024 3519 3528
f 3020 3519 3024
f 3025 3520 3021
f 3025 3531 3520
f 3534 3533 3532
f 3522 3534 3532
f 3026 3522 3532
f 3022 3522 3026
f 3029 3535 3028
f 3523 3023 3028
f 3535 3523 3028
f 3536 3523 3535
f 3523 3537 3524
f 3523 3536 3537
f 3539 3526 3538
f 3526 3537 3538
f 3526 3524 3537
f 3526 3539 3527
f 3528 3529 3540
f 3540 3529 3541
f 3540 3030 3024
f 3540 3024 3528
f 3031 3531 3025
f 3031 3542 3531
f 3533 3543 3532
f 3026 3532 3543
f 3544 3026 3543
f 3032 3026 3544
f 3033 3545 3535
f 3033 3535 3029
f 3535 3546 3536
f 3535 3545 3546
f 3536 3547 3537
f 3536 3546 3547
f 3538 3537 3548
f 3548 3537 3547
f 3541 3549 3540
f 3030 3540 3549
f 3550 3030 3549
f 3034 3030 3550
f 3035 3542 3031
f 3035 3551 3542
f 3544 3036 3032
f 3552 3036 3544
f 3037 3545 3033
f 3545 3037 3039
f 3553 3545 3039
f 3546 3545 3553
f 3555 3547 3554
f 3547 3553 3554
f 3547 3546 3553
f 3547 3555 3548
f 3550 3041 3034
f 3556 3041 3550
f 3042 3551 3035
f 3042 3557 3551
f 3552 3043 3036
f 3558 3043 3552
f 3045 3559 3044
f 3553 3039 3044
f 3559 3553 3044
f 3560 3553 3559
f 3554 3553 3561
f 3553 3562 3561
f 3553 3560 3562
f 3562 3563 3561
f 3047 3041 3564
f 3041 3565 3564
f 3041 3556 3565
f 3048 3557 3042
f 3048 3566 3557
f 3558 3049 3043
f 3567 3049 3558
f 3051 3568 3559
f 3051 3559 3045
f 3559 3569 3560
f 3559 3568 3569
f 3560 3570 3562
f 3560 3569 3570
f 3563 3562 3571
f 3571 3562 3570
f 3564 3565 3572
f 3572 3565 3573
f 3053 3566 3048
f 3053 3574 3566
f 3575 3055 3056
f 3576 3575 3056
f 3049 3576 3056
f 3567 3576 3049
f 3058 3577 3057
f 3568 3051 3057
f 3577 3568 3057
f 3578 3568 3577
f 3568 3579 3569
f 3568 3578 3579
f 3569 3580 3570
f 3569 3579 3580
f 3571 3570 3581
f 3581 3570 3580
f 3572 3573 3582
f 3582 3573 3583
f 3061 3585 3584
f 3574 3061 3584
f 3053 3061 3574
f 3586 3584 3575
f 3584 3062 3575
f 3062 3055 3575
f 3584 3585 3062
f 3586 3575 3576
f 3063 3587 3577
f 3063 3577 3058
f 3577 3588 3578
f 3577 3587 3588
f 3578 3589 3579
f 3578 3588 3589
f 3591 3580 3590
f 3580 3589 3590
f 3580 3579 3589
f 3580 3591 3581
f 3582 3583 3592
f 3592 3583 3593
f 3065 3585 3061
f 3585 3065 3062
f 3066 3587 3063
f 3587 3066 3067
f 3594 3587 3067
f 3588 3587 3594
f 3588 3595 3589
f 3588 3594 3595
f 3590 3589 3596
f 3596 3589 3595
f 3592 3593 3069
f 3593 3068 3069
f 3593 3597 3068
f 3071 3598 3070
f 3594 3067 3070
f 3598 3594 3070
f 3599 3594 3598
f 3594 3600 3595
f 3594 3599 3600
f 3596 3595 3601
f 3595 3602 3601
f 3595 3600 3602
f 3604 3603 3602
f 3602 3603 3601
f 3604 3605 3603
f 3608 3607 3606
f 3597 3608 3606
f 3072 3597 3606
f 3068 3597 3072
f 3073 3598 3071
f 3598 3073 3075
f 3609 3598 3075
f 3599 3598 3609
f 3599 3610 3600
f 3599 3609 3610
f 3600 3611 3602
f 3600 3610 3611
f 3602 3612 3604
f 3602 3611 3612
f 3605 3604 3613
f 3604 3614 3613
f 3604 3612 3614
f 3614 3615 3613
f 3606 3607 3616
f 3616 3607 3617
f 3616 3076 3072
f 3616 3072 3606
f 3077 3609 3075
f 3609 3077 3079
f 3618 3609 3079
f 3610 3609 3618
f 3610 3619 3611
f 3610 3618 3619
f 3611 3620 3612
f 3611 3619 3620
f 3622 3614 3621
f 3614 3620 3621
f 3614 3612 3620
f 3622 3623 3614
f 3623 3624 3614
f 3625 3615 3614
f 3625 3614 3624
f 3624 3626 3625
f 3629 3628 3627
f 3627 3630 3629
f 3633 3632 3631
f 3631 3634 3633
f 3637 3636 3635
f 3635 3638 3637
f 3616 3617 3082
f 3617 3081 3082
f 3617 3639 3081
f 3616 3082 3076
f 3084 3640 3618
f 3084 3618 3079
f 3618 3641 3619
f 3618 3640 3641
f 3619 3642 3620
f 3619 3641 3642
f 3621 3620 3643
f 3620 3644 3643
f 3620 3642 3644
f 3643 3644 3623
f 3644 3624 3623
f 3644 3645 3624
f 3626 3624 3646
f 3624 3647 3646
f 3624 3645 3647
f 3646 3647 3628
f 3647 3627 3628
f 3647 3648 3627
f 3630 3627 3649
f 3627 3650 3649
f 3627 3648 3650
f 3650 3651 3649
f 3654 3653 3652
f 3656 3655 3652
f 3655 3631 3652
f 3632 3654 3652
f 3632 3652 3631
f 3631 3655 3634
f 3635 3636 3657
f 3657 3636 3658
f 3638 3635 3659
f 3659 3635 3657
f 3662 3661 3660
f 3660 3663 3662
f 3639 3086 3081
f 3664 3086 3639
f 3087 3640 3084
f 3640 3087 3088
f 3640 3088 3641
f 3641 3088 3089
f 3641 3089 3642
f 3642 3089 3090
f 3642 3090 3644
f 3644 3090 3091
f 3644 3091 3645
f 3645 3091 3092
f 3645 3092 3647
f 3647 3092 3093
f 3647 3093 3648
f 3648 3093 3094
f 3648 3094 3650
f 3665 3651 3650
f 3094 3665 3650
f 3095 3665 3094
f 3096 3652 3653
f 3665 3096 3653
f 3095 3096 3665
f 3666 3656 3652
f 3096 3666 3652
f 3097 3666 3096
f 3667 3097 3098
f 3667 3666 3097
f 3668 3098 3099
f 3668 3667 3098
f 3669 3099 3100
f 3669 3668 3099
f 3101 3657 3658
f 3669 3101 3658
f 3100 3101 3669
f 3670 3659 3657
f 3101 3670 3657
f 3102 3670 3101
f 3671 3102 3103
f 3671 3670 3102
f 3672 3103 3104
f 3672 3671 3103
f 3673 3104 3105
f 3673 3672 3104
f 3674 3105 3106
f 3674 3673 3105
f 3675 3106 3107
f 3675 3674 3106
f 3676 3107 3108
f 3676 3675 3107
f 3677 3108 3109
f 3677 3676 3108
f 3678 3109 3110
f 3678 3677 3109
f 3679 3110 3111
f 3679 3678 3110
f 3112 3660 3661
f 3679 3112 3661
f 3111 3112 3679
f 3680 3663 3660
f 3112 3680 3660
f 3113 3680 3112
f 3681 3113 3114
f 3681 3680 3113
f 3682 3114 3115
f 3682 3681 3114
f 3683 3115 3116
f 3683 3682 3115
f 3684 3116 3117
f 3684 3683 3116
f 3685 3117 3118
f 3685 3684 3117
f 3686 3118 3119
f 3686 3685 3118
f 3687 3119 3120
f 3687 3686 3119
f 3688 3120 3121
f 3688 3687 3120
f 3121 3086 3664
f 3121 3664 3688
f 3125 3689 3126
f 3689 3128 3126
f 3132 3690 3133
f 3691 3136 3133
f 3691 3133 3690
f 3692 3138 3136
f 3692 3136 3691
f 3693 3139 3138
f 3693 3138 3692
f 3694 3141 3139
f 3694 3139 3693
f 3695 3143 3141
f 3695 3141 3694
f 3696 3145 3143
f 3696 3143 3695
f 3697 3146 3145
f 3697 3145 3696
f 3698 3148 3146
f 3698 3146 3697
f 3699 3150 3148
f 3699 3148 3698
f 3700 3152 3150
f 3700 3150 3699
f 3701 3153 3152
f 3701 3152 3700
f 3702 3155 3153
f 3702 3153 3701
f 3703 3157 3155
f 3703 3155 3702
f 3704 3159 3157
f 3704 3157 3703
f 3705 3160 3159
f 3705 3159 3704
f 3706 3161 3160
f 3706 3160 3705
f 3707 3162 3161
f 3707 3161 3706
f 3708 3163 3162
f 3708 3162 3707
f 3709 3164 3163
f 3709 3163 3708
f 3710 3165 3164
f 3710 3164 3709
f 3711 3166 3165
f 3711 3165 3710
f 3712 3167 3166
f 3712 3166 3711
f 3713 3168 3167
f 3713 3167 3712
f 3714 3169 3168
f 3714 3168 3713
f 3714 3171 3169
f 3177 3715 3178
f 3689 3125 3178
f 3715 3689 3178
f 3716 3689 3715
f 3717 3179 3128
f 3689 3717 3128
f 3716 3717 3689
f 3717 3181 3179
f 3182 3718 3183
f 3718 3185 3183
f 3186 3719 3690
f 3186 3690 3132
f 3690 3720 3691
f 3690 3719 3720
f 3691 3721 3692
f 3691 3720 3721
f 3692 3722 3693
f 3692 3721 3722
f 3693 3723 3694
f 3693 3722 3723
f 3694 3724 3695
f 3694 3723 3724
f 3695 3725 3696
f 3695 3724 3725
f 3696 3726 3697
f 3696 3725 3726
f 3697 3727 3698
f 3697 3726 3727
f 3698 3728 3699
f 3698 3727 3728
f 3699 3729 3700
f 3699 3728 3729
f 3700 3730 3701
f 3700 3729 3730
f 3701 3731 3702
f 3701 3730 3731
f 3702 3732 3703
f 3702 3731 3732
f 3703 3733 3704
f 3703 3732 3733
f 3704 3734 3705
f 3704 3733 3734
f 3705 3735 3706
f 3705 3734 3735
f 3706 3736 3707
f 3706 3735 3736
f 3707 3737 3708
f 3707 3736 3737
f 3708 3738 3709
f 3708 3737 3738
f 3709 3739 3710
f 3709 3738 3739
f 3710 3740 3711
f 3710 3739 3740
f 3711 3741 3712
f 3711 3740 3741
f 3712 3742 3713
f 3712 3741 3742
f 3713 3743 3714
f 3713 3742 3743
f 3744 3187 3171
f 3714 3744 3171
f 3743 3744 3714
f 3744 3188 3187
f 3192 3745 3193
f 3715 3177 3193
f 3745 3715 3193
f 3746 3715 3745
f 3715 3747 3716
f 3715 3746 3747
f 3716 3748 3717
f 3716 3747 3748
f 3749 3194 3181
f 3717 3749 3181
f 3748 3749 3717
f 3718 3182 3194
f 3749 3718 3194
f 3750 3718 3749
f 3751 3195 3185
f 3718 3751 3185
f 3750 3751 3718
f 3719 3186 3195
f 3751 3719 3195
f 3752 3719 3751
f 3719 3753 3720
f 3719 3752 3753
f 3720 3754 3721
f 3720 3753 3754
f 3721 3755 3722
f 3721 3754 3755
f 3722 3756 3723
f 3722 3755 3756
f 3723 3757 3724
f 3723 3756 3757
f 3724 3758 3725
f 3724 3757 3758
f 3725 3759 3726
f 3725 3758 3759
f 3726 3760 3727
f 3726 3759 3760
f 3727 3761 3728
f 3727 3760 3761
f 3728 3762 3729
f 3728 3761 3762
f 3729 3763 3730
f 3729 3762 3763
f 3730 3764 3731
f 3730 3763 3764
f 3731 3765 3732
f 3731 3764 3765
f 3732 3766 3733
f 3732 3765 3766
f 3733 3767 3734
f 3733 3766 3767
f 3734 3768 3735
f 3734 3767 3768
f 3735 3769 3736
f 3735 3768 3769
f 3736 3770 3737
f 3736 3769 3770
f 3737 3771 3738
f 3737 3770 3771
f 3738 3772 3739
f 3738 3771 3772
f 3739 3773 3740
f 3739 3772 3773
f 3740 3774 3741
f 3740 3773 3774
f 3741 3775 3742
f 3741 3774 3775
f 3742 3776 3743
f 3742 3775 3776
f 3743 3777 3744
f 3743 3776 3777
f 3777 3197 3188
f 3777 3188 3744
f 3201 3778 3202
f 3745 3192 3202
f 3778 3745 3202
f 3779 3745 3778
f 3745 3780 3746
f 3745 3779 3780
f 3746 3781 3747
f 3746 3780 3781
f 3747 3782 3748
f 3747 3781 3782
f 3748 3783 3749
f 3748 3782 3783
f 3749 3784 3750
f 3749 3783 3784
f 3750 3785 3751
f 3750 3784 3785
f 3751 3786 3752
f 3751 3785 3786
f 3752 3787 3753
f 3752 3786 3787
f 3753 3788 3754
f 3753 3787 3788
f 3754 3789 3755
f 3754 3788 3789
f 3755 3790 3756
f 3755 3789 3790
f 3756 3791 3757
f 3756 3790 3791
f 3757 3792 3758
f 3757 3791 3792
f 3758 3793 3759
f 3758 3792 3793
f 3759 3794 3760
f 3759 3793 3794
f 3760 3795 3761
f 3760 3794 3795
f 3761 3796 3762
f 3761 3795 3796
f 3762 3797 3763
f 3762 3796 3797
f 3763 3798 3764
f 3763 3797 3798
f 3764 3799 3765
f 3764 3798 3799
f 3765 3800 3766
f 3765 3799 3800
f 3766 3801 3767
f 3766 3800 3801
f 3767 3802 3768
f 3767 3801 3802
f 3768 3803 3769
f 3768 3802 3803
f 3769 3804 3770
f 3769 3803 3804
f 3770 3805 3771
f 3770 3804 3805
f 3771 3806 3772
f 3771 3805 3806
f 3772 3807 3773
f 3772 3806 3807
f 3773 3808 3774
f 3773 3807 3808
f 3774 3809 3775
f 3774 3808 3809
f 3775 3810 3776
f 3775 3809 3810
f 3776 3811 3777
f 3776 3810 3811
f 3811 3204 3197
f 3811 3197 3777
f 3206 3812 3205
f 3812 3208 3205
f 3209 3813 3210
f 3778 3201 3210
f 3813 3778 3210
f 3814 3778 3813
f 3778 3815 3779
f 3778 3814 3815
f 3779 3816 3780
f 3779 3815 3816
f 3780 3817 3781
f 3780 3816 3817
f 3781 3818 3782
f 3781 3817 3818
f 3782 3819 3783
f 3782 3818 3819
f 3783 3820 3784
f 3783 3819 3820
f 3784 3821 3785
f 3784 3820 3821
f 3785 3822 3786
f 3785 3821 3822
f 3786 3823 3787
f 3786 3822 3823
f 3787 3824 3788
f 3787 3823 3824
f 3788 3825 3789
f 3788 3824 3825
f 3789 3826 3790
f 3789 3825 3826
f 3790 3827 3791
f 3790 3826 3827
f 3791 3828 3792
f 3791 3827 3828
f 3792 3829 3793
f 3792 3828 3829
f 3793 3830 3794
f 3793 3829 3830
f 3794 3831 3795
f 3794 3830 3831
f 3795 3832 3796
f 3795 3831 3832
f 3796 3833 3797
f 3796 3832 3833
f 3797 3834 3798
f 3797 3833 3834
f 3798 3835 3799
f 3798 3834 3835
f 3799 3836 3800
f 3799 3835 3836
f 3800 3837 3801
f 3800 3836 3837
f 3801 3838 3802
f 3801 3837 3838
f 3802 3839 3803
f 3802 3838 3839
f 3841 3804 3840
f 3804 3839 3840
f 3804 3803 3839
f 3843 3842 3841
f 3842 3804 3841
f 3842 3805 3804
f 3845 3806 3844
f 3806 3842 3844
f 3806 3805 3842
f 3847 3846 3845
f 3846 3806 3845
f 3846 3807 3806
f 3849 3808 3848
f 3808 3846 3848
f 3808 3807 3846
f 3808 3849 3809
f 3809 3849 3850
f 3809 3850 3810
f 3810 3850 3851
f 3853 3852 3851
f 3852 3810 3851
f 3852 3811 3810
f 3854 3211 3204
f 3811 3854 3204
f 3852 3854 3811
f 3854 3212 3211
f 3214 3855 3812
f 3214 3812 3206
f 3856 3215 3208
f 3812 3856 3208
f 3855 3856 3812
f 3813 3209 3215
f 3856 3813 3215
f 3857 3813 3856
f 3813 3858 3814
f 3813 3857 3858
f 3814 3859 3815
f 3814 3858 3859
f 3815 3860 3816
f 3815 3859 3860
f 3816 3861 3817
f 3816 3860 3861
f 3817 3862 3818
f 3817 3861 3862
f 3818 3863 3819
f 3818 3862 3863
f 3819 3864 3820
f 3819 3863 3864
f 3820 3865 3821
f 3820 3864 3865
f 3821 3866 3822
f 3821 3865 3866
f 3822 3867 3823
f 3822 3866 3867
f 3823 3868 3824
f 3823 3867 3868
f 3824 3869 3825
f 3824 3868 3869
f 3825 3870 3826
f 3825 3869 3870
f 3826 3871 3827
f 3826 3870 3871
f 3827 3872 3828
f 3827 3871 3872
f 3828 3873 3829
f 3828 3872 3873
f 3829 3874 3830
f 3829 3873 3874
f 3830 3875 3831
f 3830 3874 3875
f 3831 3876 3832
f 3831 3875 3876
f 3832 3877 3833
f 3832 3876 3877
f 3879 3834 3878
f 3834 3877 3878
f 3834 3833 3877
f 3881 3880 3879
f 3880 3834 3879
f 3880 3835 3834
f 3835 3882 3836
f 3835 3880 3882
f 3884 3837 3883
f 3837 3882 3883
f 3837 3836 3882
f 3837 3884 3838
f 3838 3884 3885
f 3838 3885 3839
f 3839 3885 3886
f 3839 3886 3840
f 3843 3887 3842
f 3842 3887 3844
f 3846 3847 3888
f 3888 3847 3889
f 3848 3846 3890
f 3846 3891 3890
f 3846 3888 3891
f 3891 3892 3890
f 3895 3894 3893
f 3895 3893 3853
f 3893 3852 3853
f 3893 3896 3852
f 3852 3897 3854
f 3852 3896 3897
f 3897 3216 3212
f 3897 3212 3854
f 3899 3898 3217
f 3899 3217 3218
f 3220 3217 3898
f 3220 3898 3900
f 3222 3901 3221
f 3855 3214 3221
f 3901 3855 3221
f 3902 3855 3901
f 3855 3903 3856
f 3855 3902 3903
f 3903 3224 3225
f 3857 3903 3225
f 3856 3903 3857
f 3857 3225 3226
f 3904 3857 3226
f 3858 3857 3904
f 3858 3905 3859
f 3858 3904 3905
f 3859 3906 3860
f 3859 3905 3906
f 3860 3907 3861
f 3860 3906 3907
f 3861 3908 3862
f 3861 3907 3908
f 3862 3909 3863
f 3862 3908 3909
f 3863 3910 3864
f 3863 3909 3910
f 3864 3911 3865
f 3864 3910 3911
f 3865 3912 3866
f 3865 3911 3912
f 3866 3913 3867
f 3866 3912 3913
f 3867 3914 3868
f 3867 3913 3914
f 3868 3915 3869
f 3868 3914 3915
f 3869 3916 3870
f 3869 3915 3916
f 3870 3917 3871
f 3870 3916 3917
f 3871 3918 3872
f 3871 3917 3918
f 3872 3919 3873
f 3872 3918 3919
f 3873 3920 3874
f 3873 3919 3920
f 3874 3921 3875
f 3874 3920 3921
f 3875 3922 3876
f 3875 3921 3922
f 3876 3923 3877
f 3876 3922 3923
f 3878 3877 3924
f 3924 3877 3923
f 3881 3925 3880
f 3880 3925 3882
f 3882 3925 3926
f 3882 3926 3883
f 3888 3889 3927
f 3927 3889 3928
f 3888 3929 3891
f 3888 3927 3929
f 3892 3891 3930
f 3891 3931 3930
f 3891 3929 3931
f 3930 3931 3894
f 3931 3893 3894
f 3931 3932 3893
f 3893 3933 3896
f 3893 3932 3933
f 3933 3228 3229
f 3897 3933 3229
f 3896 3933 3897
f 3897 3229 3216
f 3230 3935 3934
f 3899 3230 3934
f 3218 3230 3899
f 3900 3934 3935
f 3231 3900 3935
f 3220 3900 3231
f 3232 3901 3222
f 3901 3232 3234
f 3936 3901 3234
f 3902 3901 3936
f 3936 3236 3237
f 3903 3936 3237
f 3902 3936 3903
f 3903 3237 3224
f 3239 3937 3904
f 3239 3904 3226
f 3904 3938 3905
f 3904 3937 3938
f 3905 3939 3906
f 3905 3938 3939
f 3906 3940 3907
f 3906 3939 3940
f 3907 3941 3908
f 3907 3940 3941
f 3908 3942 3909
f 3908 3941 3942
f 3909 3943 3910
f 3909 3942 3943
f 3910 3944 3911
f 3910 3943 3944
f 3911 3945 3912
f 3911 3944 3945
f 3912 3946 3913
f 3912 3945 3946
f 3913 3947 3914
f 3913 3946 3947
f 3914 3948 3915
f 3914 3947 3948
f 3950 3916 3949
f 3916 3948 3949
f 3916 3915 3948
f 3916 3950 3917
f 3917 3950 3951
f 3953 3952 3951
f 3952 3917 3951
f 3952 3918 3917
f 3918 3954 3919
f 3918 3952 3954
f 3919 3955 3920
f 3919 3954 3955
f 3920 3956 3921
f 3920 3955 3956
f 3921 3957 3922
f 3921 3956 3957
f 3922 3958 3923
f 3922 3957 3958
f 3924 3923 3959
f 3959 3923 3958
f 3927 3928 3960
f 3960 3928 3961
f 3963 3929 3962
f 3929 3960 3962
f 3929 3927 3960
f 3929 3963 3931
f 3931 3963 3964
f 3966 3965 3964
f 3965 3931 3964
f 3965 3932 3931
f 3932 3967 3933
f 3932 3965 3967
f 3968 3240 3228
f 3933 3968 3228
f 3967 3968 3933
f 3968 3241 3240
f 3970 3969 3935
f 3230 3970 3935
f 3242 3970 3230
f 3231 3935 3969
f 3971 3231 3969
f 3244 3231 3971
f 3246 3936 3234
f 3936 3246 3236
f 3250 3972 3937
f 3250 3937 3239
f 3937 3973 3938
f 3937 3972 3973
f 3938 3974 3939
f 3938 3973 3974
f 3939 3975 3940
f 3939 3974 3975
f 3940 3976 3941
f 3940 3975 3976
f 3941 3977 3942
f 3941 3976 3977
f 3942 3978 3943
f 3942 3977 3978
f 3943 3979 3944
f 3943 3978 3979
f 3944 3980 3945
f 3944 3979 3980
f 3945 3981 3946
f 3945 3980 3981
f 3946 3982 3947
f 3946 3981 3982
f 3984 3948 3983
f 3948 3982 3983
f 3948 3947 3982
f 3948 3984 3949
f 3952 3953 3985
f 3985 3953 3986
f 3952 3987 3954
f 3952 3985 3987
f 3954 3988 3955
f 3954 3987 3988
f 3955 3989 3956
f 3955 3988 3989
f 3991 3957 3990
f 3957 3989 3990
f 3957 3956 3989
f 3957 3991 3958
f 3958 3991 3992
f 3958 3992 3959
f 3960 3961 3993
f 3993 3961 3994
f 3962 3960 3995
f 3960 3996 3995
f 3960 3993 3996
f 3998 3997 3996
f 3996 3997 3995
f 3997 3998 3966
f 3998 3965 3966
f 3998 3999 3965
f 3965 4000 3967
f 3965 3999 4000
f 4000 3252 3253
f 3968 4000 3253
f 3967 4000 3968
f 3968 3253 3241
f 3254 3970 3242
f 3254 4001 3970
f 3971 4002 3244
f 3244 4002 3255
f 3256 3255 4002
f 3256 4002 4003
f 3260 3972 3250
f 3972 3260 3262
f 4004 3972 3262
f 3973 3972 4004
f 3973 4005 3974
f 3973 4004 4005
f 3974 4006 3975
f 3974 4005 4006
f 3975 4007 3976
f 3975 4006 4007
f 3976 4008 3977
f 3976 4007 4008
f 3977 4009 3978
f 3977 4008 4009
f 3978 4010 3979
f 3978 4009 4010
f 3979 4011 3980
f 3979 4010 4011
f 3980 4012 3981
f 3980 4011 4012
f 3981 4013 3982
f 3981 4012 4013
f 3983 3982 4014
f 4014 3982 4013
f 3986 4015 3985
f 3985 4015 3987
f 3987 4015 4016
f 3987 4016 3988
f 3988 4016 4017
f 3988 4017 3989
f 3989 4017 4018
f 3989 4018 3990
f 3993 3994 4019
f 4019 3994 4020
f 4022 3996 4021
f 3996 4019 4021
f 3996 3993 4019
f 4024 4023 4022
f 4023 3996 4022
f 4023 3998 3996
f 3998 4025 3999
f 3998 4023 4025
f 3999 4026 4000
f 3999 4025 4026
f 4026 3264 3252
f 4026 3252 4000
f 3265 4001 3254
f 3265 4027 4001
f 4028 3267 3268
f 4029 4028 3268
f 3256 4029 3268
f 4003 4029 3256
f 3273 4004 3262
f 4004 3273 3275
f 4030 4004 3275
f 4005 4004 4030
f 4005 4031 4006
f 4005 4030 4031
f 4006 4032 4007
f 4006 4031 4032
f 4007 4033 4008
f 4007 4032 4033
f 4008 4034 4009
f 4008 4033 4034
f 4009 4035 4010
f 4009 4034 4035
f 4010 4036 4011
f 4010 4035 4036
f 4011 4037 4012
f 4011 4036 4037
f 4012 4038 4013
f 4012 4037 4038
f 4014 4013 4039
f 4039 4013 4038
f 4019 4020 4040
f 4040 4020 4041
f 4021 4019 4042
f 4019 4043 4042
f 4019 4040 4043
f 4042 4043 4024
f 4043 4023 4024
f 4043 4044 4023
f 4023 4045 4025
f 4023 4044 4045
f 4025 4046 4026
f 4025 4045 4046
f 4046 3277 3264
f 4046 3264 4026
f 3278 4027 3265
f 3278 4047 4027
f 4028 3279 3267
f 3280 3279 4028
f 4029 3280 4028
f 4048 3280 4029
f 3286 4049 4030
f 3286 4030 3275
f 4030 4050 4031
f 4030 4049 4050
f 4031 4051 4032
f 4031 4050 4051
f 4032 4052 4033
f 4032 4051 4052
f 4033 4053 4034
f 4033 4052 4053
f 4034 4054 4035
f 4034 4053 4054
f 4035 4055 4036
f 4035 4054 4055
f 4036 4056 4037
f 4036 4055 4056
f 4037 4057 4038
f 4037 4056 4057
f 4039 4038 4058
f 4058 4038 4057
f 4040 4041 4059
f 4059 4041 4060
f 4040 4061 4043
f 4040 4059 4061
f 4043 4062 4044
f 4043 4061 4062
f 4044 4063 4045
f 4044 4062 4063
f 4045 4064 4046
f 4045 4063 4064
f 4064 3288 3277
f 4064 3277 4046
f 3289 4047 3278
f 3289 4065 4047
f 4048 3290 3280
f 4066 3290 4048
f 3294 4067 3295
f 4068 3296 3295
f 4068 3295 4067
f 4049 3286 3296
f 4068 4049 3296
f 4069 4049 4068
f 4049 4070 4050
f 4049 4069 4070
f 4050 4071 4051
f 4050 4070 4071
f 4051 4072 4052
f 4051 4071 4072
f 4052 4073 4053
f 4052 4072 4073
f 4053 4074 4054
f 4053 4073 4074
f 4054 4075 4055
f 4054 4074 4075
f 4077 4056 4076
f 4056 4075 4076
f 4056 4055 4075
f 4056 4077 4057
f 4057 4077 4078
f 4057 4078 4058
f 4059 4060 4079
f 4079 4060 4080
f 4082 4061 4081
f 4061 4079 4081
f 4061 4059 4079
f 4084 4083 4082
f 4083 4061 4082
f 4083 4062 4061
f 4062 4085 4063
f 4062 4083 4085
f 4063 4086 4064
f 4063 4085 4086
f 4086 3298 3288
f 4086 3288 4064
f 3299 4065 3289
f 3299 4087 4065
f 4066 3300 3290
f 4088 3300 4066
f 3303 4089 4067
f 3303 4067 3294
f 4067 4090 4068
f 4067 4089 4090
f 4068 4091 4069
f 4068 4090 4091
f 4069 4092 4070
f 4069 4091 4092
f 4070 4093 4071
f 4070 4092 4093
f 4071 4094 4072
f 4071 4093 4094
f 4072 4095 4073
f 4072 4094 4095
f 4073 4096 4074
f 4073 4095 4096
f 4074 4097 4075
f 4074 4096 4097
f 4076 4075 4098
f 4098 4075 4097
f 4101 4100 4099
f 4101 4099 4080
f 4099 4079 4080
f 4099 4102 4079
f 4081 4079 4103
f 4079 4104 4103
f 4079 4102 4104
f 4103 4104 4084
f 4104 4083 4084
f 4104 4105 4083
f 4083 4106 4085
f 4083 4105 4106
f 4085 4107 4086
f 4085 4106 4107
f 4107 3305 3298
f 4107 3298 4086
f 3306 4087 3299
f 3306 4108 4087
f 4088 3307 3300
f 4109 3307 4088
f 3310 4110 4089
f 3310 4089 3303
f 4089 4111 4090
f 4089 4110 4111
f 4090 4112 4091
f 4090 4111 4112
f 4091 4113 4092
f 4091 4112 4113
f 4092 4114 4093
f 4092 4113 4114
f 4093 4115 4094
f 4093 4114 4115
f 4094 4116 4095
f 4094 4115 4116
f 4095 4117 4096
f 4095 4116 4117
f 4096 4118 4097
f 4096 4117 4118
f 4098 4097 4119
f 4119 4097 4118
f 4099 4100 4120
f 4120 4100 4121
f 4099 4122 4102
f 4099 4120 4122
f 4102 4123 4104
f 4102 4122 4123
f 4104 4124 4105
f 4104 4123 4124
f 4105 4125 4106
f 4105 4124 4125
f 4106 4126 4107
f 4106 4125 4126
f 4126 3312 3305
f 4126 3305 4107
f 3313 4108 3306
f 3313 4127 4108
f 4109 3314 3307
f 4128 3314 4109
f 3317 4110 3310
f 4110 3317 3319
f 4129 4110 3319
f 4111 4110 4129
f 4111 4130 4112
f 4111 4129 4130
f 4112 4131 4113
f 4112 4130 4131
f 4113 4132 4114
f 4113 4131 4132
f 4114 4133 4115
f 4114 4132 4133
f 4115 4134 4116
f 4115 4133 4134
f 4116 4135 4117
f 4116 4134 4135
f 4117 4136 4118
f 4117 4135 4136
f 4119 4118 4137
f 4137 4118 4136
f 4121 4138 4120
f 4140 4139 4138
f 4139 4120 4138
f 4139 4122 4120
f 4122 4141 4123
f 4122 4139 4141
f 4123 4142 4124
f 4123 4141 4142
f 4124 4143 4125
f 4124 4142 4143
f 4125 4144 4126
f 4125 4143 4144
f 4145 3320 3312
f 4126 4145 3312
f 4144 4145 4126
f 4145 3321 3320
f 3322 4127 3313
f 3322 4146 4127
f 4128 3323 3314
f 4147 3323 4128
f 3327 4129 3319
f 4129 3327 3329
f 4148 4129 3329
f 4130 4129 4148
f 4130 4149 4131
f 4130 4148 4149
f 4131 4150 4132
f 4131 4149 4150
f 4132 4151 4133
f 4132 4150 4151
f 4133 4152 4134
f 4133 4151 4152
f 4134 4153 4135
f 4134 4152 4153
f 4155 4136 4154
f 4136 4153 4154
f 4136 4135 4153
f 4136 4155 4137
f 4139 4140 4156
f 4156 4140 4157
f 4139 4158 4141
f 4139 4156 4158
f 4141 4159 4142
f 4141 4158 4159
f 4142 4160 4143
f 4142 4159 4160
f 4143 4161 4144
f 4143 4160 4161
f 4161 3331 3332
f 4145 4161 3332
f 4144 4161 4145
f 4145 3332 3321
f 3333 4146 3322
f 3333 4162 4146
f 4147 3334 3323
f 4163 3334 4147
f 3339 4148 3329
f 4148 3339 3341
f 4164 4148 3341
f 4149 4148 4164
f 4149 4165 4150
f 4149 4164 4165
f 4150 4166 4151
f 4150 4165 4166
f 4151 4167 4152
f 4151 4166 4167
f 4152 4168 4153
f 4152 4167 4168
f 4154 4153 4169
f 4153 4170 4169
f 4153 4168 4170
f 4172 4171 4170
f 4170 4171 4169
f 4172 4173 4171
f 4176 4175 4174
f 4176 4174 4157
f 4174 4156 4157
f 4174 4177 4156
f 4156 4178 4158
f 4156 4177 4178
f 4158 4179 4159
f 4158 4178 4179
f 4159 4180 4160
f 4159 4179 4180
f 4160 4181 4161
f 4160 4180 4181
f 4181 3343 3331
f 4181 3331 4161
f 3344 4162 3333
f 3344 4182 4162
f 4163 3345 3334
f 4183 3345 4163
f 3349 4184 4164
f 3349 4164 3341
f 4164 4185 4165
f 4164 4184 4185
f 4165 4186 4166
f 4165 4185 4186
f 4166 4187 4167
f 4166 4186 4187
f 4167 4188 4168
f 4167 4187 4188
f 4168 4189 4170
f 4168 4188 4189
f 4170 4190 4172
f 4170 4189 4190
f 4173 4172 4191
f 4191 4172 4190
f 4194 4193 4192
f 4194 4192 4175
f 4192 4174 4175
f 4192 4195 4174
f 4174 4196 4177
f 4174 4195 4196
f 4177 4197 4178
f 4177 4196 4197
f 4178 4198 4179
f 4178 4197 4198
f 4179 4199 4180
f 4179 4198 4199
f 4180 4200 4181
f 4180 4199 4200
f 4200 3351 3343
f 4200 3343 4181
f 3352 4182 3344
f 3352 4201 4182
f 4183 3353 3345
f 4202 3353 4183
f 3357 4184 3349
f 4184 3357 3359
f 4203 4184 3359
f 4185 4184 4203
f 4185 4204 4186
f 4185 4203 4204
f 4186 4205 4187
f 4186 4204 4205
f 4187 4206 4188
f 4187 4205 4206
f 4188 4207 4189
f 4188 4206 4207
f 4189 4208 4190
f 4189 4207 4208
f 4191 4190 4209
f 4209 4190 4208
f 4192 4193 4210
f 4210 4193 4211
f 4192 4212 4195
f 4192 4210 4212
f 4195 4213 4196
f 4195 4212 4213
f 4196 4214 4197
f 4196 4213 4214
f 4197 4215 4198
f 4197 4214 4215
f 4198 4216 4199
f 4198 4215 4216
f 4199 4217 4200
f 4199 4216 4217
f 4217 3361 3351
f 4217 3351 4200
f 3362 4201 3352
f 3362 4218 4201
f 4220 3363 4219
f 3363 4202 4219
f 3363 3353 4202
f 4221 4220 4219
f 3369 4203 3359
f 4203 3369 3371
f 4222 4203 3371
f 4204 4203 4222
f 4204 4223 4205
f 4204 4222 4223
f 4205 4224 4206
f 4205 4223 4224
f 4206 4225 4207
f 4206 4224 4225
f 4207 4226 4208
f 4207 4225 4226
f 4209 4208 4227
f 4227 4208 4226
f 4211 4228 4210
f 4230 4229 4228
f 4229 4210 4228
f 4229 4212 4210
f 4212 4231 4213
f 4212 4229 4231
f 4213 4232 4214
f 4213 4231 4232
f 4214 4233 4215
f 4214 4232 4233
f 4215 4234 4216
f 4215 4233 4234
f 4216 4235 4217
f 4216 4234 4235
f 4235 3373 3361
f 4235 3361 4217
f 3362 3375 4218
f 4218 3375 4236
f 4220 3376 3363
f 3378 3376 4220
f 4221 3378 4220
f 4237 3378 4221
f 3385 4238 4222
f 3385 4222 3371
f 4222 4239 4223
f 4222 4238 4239
f 4223 4240 4224
f 4223 4239 4240
f 4224 4241 4225
f 4224 4240 4241
f 4225 4242 4226
f 4225 4241 4242
f 4227 4226 4243
f 4243 4226 4242
f 4229 4230 4244
f 4244 4230 4245
f 4229 4246 4231
f 4229 4244 4246
f 4231 4247 4232
f 4231 4246 4247
f 4232 4248 4233
f 4232 4247 4248
f 4233 4249 4234
f 4233 4248 4249
f 4234 4250 4235
f 4234 4249 4250
f 4250 3387 3373
f 4250 3373 4235
f 3388 3389 4251
f 4251 3389 4252
f 4253 3390 3391
f 4254 4253 3391
f 3378 4254 3391
f 4237 4254 3378
f 3398 4255 4238
f 3398 4238 3385
f 4238 4256 4239
f 4238 4255 4256
f 4239 4257 4240
f 4239 4256 4257
f 4240 4258 4241
f 4240 4257 4258
f 4241 4259 4242
f 4241 4258 4259
f 4243 4242 4260
f 4260 4242 4259
f 4263 4262 4261
f 4263 4261 4245
f 4261 4244 4245
f 4261 4264 4244
f 4244 4265 4246
f 4244 4264 4265
f 4246 4266 4247
f 4246 4265 4266
f 4247 4267 4248
f 4247 4266 4267
f 4248 4268 4249
f 4248 4267 4268
f 4249 4269 4250
f 4249 4268 4269
f 4269 3400 3387
f 4269 3387 4250
f 3401 4252 3389
f 3401 4270 4252
f 4253 3402 3390
f 3403 3402 4253
f 4254 3403 4253
f 4271 3403 4254
f 3409 4272 3410
f 4255 3398 3410
f 4272 4255 3410
f 4273 4255 4272
f 4255 4274 4256
f 4255 4273 4274
f 4256 4275 4257
f 4256 4274 4275
f 4257 4276 4258
f 4257 4275 4276
f 4258 4277 4259
f 4258 4276 4277
f 4260 4259 4278
f 4278 4259 4277
f 4262 4279 4261
f 4281 4280 4279
f 4280 4261 4279
f 4280 4264 4261
f 4264 4282 4265
f 4264 4280 4282
f 4265 4283 4266
f 4265 4282 4283
f 4266 4284 4267
f 4266 4283 4284
f 4267 4285 4268
f 4267 4284 4285
f 4268 4286 4269
f 4268 4285 4286
f 4286 3412 3400
f 4286 3400 4269
f 3413 4270 3401
f 3413 4287 4270
f 4289 4288 3415
f 3415 4288 3414
f 3415 3403 4271
f 3415 4271 4289
f 3421 4290 4272
f 3421 4272 3409
f 4272 4291 4273
f 4272 4290 4291
f 4273 4292 4274
f 4273 4291 4292
f 4274 4293 4275
f 4274 4292 4293
f 4275 4294 4276
f 4275 4293 4294
f 4296 4277 4295
f 4277 4294 4295
f 4277 4276 4294
f 4277 4296 4278
f 4281 4297 4280
f 4299 4298 4297
f 4298 4280 4297
f 4298 4282 4280
f 4282 4300 4283
f 4282 4298 4300
f 4283 4301 4284
f 4283 4300 4301
f 4284 4302 4285
f 4284 4301 4302
f 4285 4303 4286
f 4285 4302 4303
f 4303 3423 3412
f 4303 3412 4286
f 3424 4287 3413
f 3424 4304 4287
f 3425 3414 4305
f 3414 4306 4305
f 3414 4288 4306
f 4305 3427 3425
f 3434 4290 3421
f 4290 3434 3436
f 4307 4290 3436
f 4291 4290 4307
f 4291 4308 4292
f 4291 4307 4308
f 4292 4309 4293
f 4292 4308 4309
f 4293 4310 4294
f 4293 4309 4310
f 4295 4294 4311
f 4294 4312 4311
f 4294 4310 4312
f 4312 4313 4311
f 4298 4299 4314
f 4314 4299 4315
f 4298 4316 4300
f 4298 4314 4316
f 4300 4317 4301
f 4300 4316 4317
f 4301 4318 4302
f 4301 4317 4318
f 4302 4319 4303
f 4302 4318 4319
f 4319 3438 3423
f 4319 3423 4303
f 3439 4304 3424
f 3439 4320 4304
f 4321 3441 3442
f 4306 4322 4305
f 4322 3442 4305
f 3442 3443 4305
f 3442 4322 4321
f 4305 3443 3427
f 3450 4323 4307
f 3450 4307 3436
f 4307 4324 4308
f 4307 4323 4324
f 4308 4325 4309
f 4308 4324 4325
f 4327 4310 4326
f 4310 4325 4326
f 4310 4309 4325
f 4310 4327 4312
f 4312 4327 4328
f 4312 4328 4313
f 4331 4330 4329
f 4329 4332 4331
f 4314 4315 4333
f 4333 4315 4334
f 4314 4335 4316
f 4314 4333 4335
f 4316 4336 4317
f 4316 4335 4336
f 4317 4337 4318
f 4317 4336 4337
f 4318 4338 4319
f 4318 4337 4338
f 4338 3452 3438
f 4338 3438 4319
f 3453 4320 3439
f 3453 4339 4320
f 4321 3454 3441
f 3455 3454 4321
f 4322 3455 4321
f 4340 3455 4322
f 3461 4341 4323
f 3461 4323 3450
f 4323 4342 4324
f 4323 4341 4342
f 4324 4343 4325
f 4324 4342 4343
f 4326 4325 4344
f 4325 4345 4344
f 4325 4343 4345
f 4345 4346 4344
f 4349 4348 4347
f 4349 4347 4330
f 4347 4329 4330
f 4347 4350 4329
f 4332 4329 4351
f 4329 4352 4351
f 4329 4350 4352
f 4351 4352 4334
f 4352 4333 4334
f 4352 4353 4333
f 4333 4354 4335
f 4333 4353 4354
f 4335 4355 4336
f 4335 4354 4355
f 4336 4356 4337
f 4336 4355 4356
f 4337 4357 4338
f 4337 4356 4357
f 4357 3463 3452
f 4357 3452 4338
f 3464 4339 3453
f 3464 4358 4339
f 4340 3465 3455
f 4359 3465 4340
f 3472 4360 4341
f 3472 4341 3461
f 4341 4361 4342
f 4341 4360 4361
f 4342 4362 4343
f 4342 4361 4362
f 4343 4363 4345
f 4343 4362 4363
f 4346 4345 4364
f 4345 4365 4364
f 4345 4363 4365
f 4365 4366 4364
f 4348 4367 4347
f 4369 4368 4367
f 4368 4347 4367
f 4368 4350 4347
f 4350 4370 4352
f 4350 4368 4370
f 4352 4371 4353
f 4352 4370 4371
f 4353 4372 4354
f 4353 4371 4372
f 4354 4373 4355
f 4354 4372 4373
f 4355 4374 4356
f 4355 4373 4374
f 4356 4375 4357
f 4356 4374 4375
f 4375 3474 3463
f 4375 3463 4357
f 3475 4358 3464
f 3475 4376 4358
f 4359 3476 3465
f 4377 3476 4359
f 3481 4378 3482
f 4379 3483 3482
f 4379 3482 4378
f 4360 3472 3483
f 4379 4360 3483
f 4380 4360 4379
f 4360 4381 4361
f 4360 4380 4381
f 4361 4382 4362
f 4361 4381 4382
f 4362 4383 4363
f 4362 4382 4383
f 4363 4384 4365
f 4363 4383 4384
f 4366 4365 4385
f 4385 4365 4384
f 4388 4387 4386
f 4388 4386 4369
f 4386 4368 4369
f 4386 4389 4368
f 4368 4390 4370
f 4368 4389 4390
f 4370 4391 4371
f 4370 4390 4391
f 4371 4392 4372
f 4371 4391 4392
f 4372 4393 4373
f 4372 4392 4393
f 4373 4394 4374
f 4373 4393 4394
f 4374 4395 4375
f 4374 4394 4395
f 4395 3485 3474
f 4395 3474 4375
f 3486 4376 3475
f 3486 4396 4376
f 4377 3487 3476
f 4397 3487 4377
f 3491 4398 3492
f 4398 3481 3492
f 4398 4378 3481
f 4398 3495 3493
f 4378 4398 3493
f 4378 3493 3496
f 4378 3496 4379
f 4379 3496 3498
f 4399 4379 3498
f 4380 4379 4399
f 4380 4400 4381
f 4380 4399 4400
f 4381 4401 4382
f 4381 4400 4401
f 4382 4402 4383
f 4382 4401 4402
f 4383 4403 4384
f 4383 4402 4403
f 4385 4384 4404
f 4404 4384 4403
f 4386 4387 4405
f 4405 4387 4406
f 4386 4407 4389
f 4386 4405 4407
f 4389 4408 4390
f 4389 4407 4408
f 4390 4409 4391
f 4390 4408 4409
f 4391 4410 4392
f 4391 4409 4410
f 4392 4411 4393
f 4392 4410 4411
f 4393 4412 4394
f 4393 4411 4412
f 4394 4413 4395
f 4394 4412 4413
f 4413 3500 3485
f 4413 3485 4395
f 3501 4396 3486
f 3501 4414 4396
f 4397 3502 3487
f 4415 3502 4397
f 3506 4416 4398
f 3506 4398 3491
f 4417 3507 3495
f 4398 4417 3495
f 4416 4417 4398
f 4418 3508 3507
f 4418 3507 4417
f 4399 3498 3508
f 4418 4399 3508
f 4419 4399 4418
f 4399 4420 4400
f 4399 4419 4420
f 4400 4421 4401
f 4400 4420 4421
f 4401 4422 4402
f 4401 4421 4422
f 4402 4423 4403
f 4402 4422 4423
f 4404 4403 4424
f 4424 4403 4423
f 4406 4425 4405
f 4427 4426 4425
f 4426 4405 4425
f 4426 4407 4405
f 4407 4428 4408
f 4407 4426 4428
f 4408 4429 4409
f 4408 4428 4429
f 4409 4430 4410
f 4409 4429 4430
f 4410 4431 4411
f 4410 4430 4431
f 4411 4432 4412
f 4411 4431 4432
f 4412 4433 4413
f 4412 4432 4433
f 4434 3509 3500
f 4413 4434 3500
f 4433 4434 4413
f 4434 3510 3509
f 3511 4414 3501
f 3511 4435 4414
f 4436 3513 3514
f 4437 4436 3514
f 3502 4437 3514
f 4415 4437 3502
f 3517 4438 3518
f 4416 3506 3518
f 4438 4416 3518
f 4439 4416 4438
f 4416 4440 4417
f 4416 4439 4440
f 4417 4441 4418
f 4417 4440 4441
f 4418 4442 4419
f 4418 4441 4442
f 4419 4443 4420
f 4419 4442 4443
f 4420 4444 4421
f 4420 4443 4444
f 4421 4445 4422
f 4421 4444 4445
f 4422 4446 4423
f 4422 4445 4446
f 4424 4423 4447
f 4447 4423 4446
f 4426 4427 4448
f 4448 4427 4449
f 4426 4450 4428
f 4426 4448 4450
f 4428 4451 4429
f 4428 4450 4451
f 4429 4452 4430
f 4429 4451 4452
f 4430 4453 4431
f 4430 4452 4453
f 4431 4454 4432
f 4431 4453 4454
f 4432 4455 4433
f 4432 4454 4455
f 4433 4456 4434
f 4433 4455 4456
f 4456 3519 3510
f 4456 3510 4434
f 3520 4435 3511
f 3520 4457 4435
f 3521 3513 4436
f 4460 4459 4458
f 3522 4458 4459
f 3522 4437 4458
f 3522 3521 4436
f 4437 3522 4436
f 3525 4438 3517
f 4438 3525 3527
f 4461 4438 3527
f 4439 4438 4461
f 4439 4462 4440
f 4439 4461 4462
f 4440 4463 4441
f 4440 4462 4463
f 4441 4464 4442
f 4441 4463 4464
f 4442 4465 4443
f 4442 4464 4465
f 4443 4466 4444
f 4443 4465 4466
f 4444 4467 4445
f 4444 4466 4467
f 4445 4468 4446
f 4445 4467 4468
f 4447 4446 4469
f 4469 4446 4468
f 4448 4449 4470
f 4470 4449 4471
f 4448 4472 4450
f 4448 4470 4472
f 4450 4473 4451
f 4450 4472 4473
f 4451 4474 4452
f 4451 4473 4474
f 4452 4475 4453
f 4452 4474 4475
f 4453 4476 4454
f 4453 4475 4476
f 4454 4477 4455
f 4454 4476 4477
f 4477 3529 3530
f 4456 4477 3530
f 4455 4477 4456
f 4456 3530 3519
f 3531 4457 3520
f 3531 4478 4457
f 4479 3533 3534
f 4460 4480 4459
f 4481 4459 4480
f 4481 3522 4459
f 4481 4479 3534
f 3522 4481 3534
f 3538 4482 3539
f 4461 3527 3539
f 4482 4461 3539
f 4483 4461 4482
f 4461 4484 4462
f 4461 4483 4484
f 4462 4485 4463
f 4462 4484 4485
f 4463 4486 4464
f 4463 4485 4486
f 4464 4487 4465
f 4464 4486 4487
f 4465 4488 4466
f 4465 4487 4488
f 4490 4467 4489
f 4467 4488 4489
f 4467 4466 4488
f 4492 4491 4490
f 4491 4467 4490
f 4491 4468 4467
f 4469 4468 4493
f 4493 4468 4491
f 4470 4471 4494
f 4494 4471 4495
f 4470 4496 4472
f 4470 4494 4496
f 4472 4497 4473
f 4472 4496 4497
f 4473 4498 4474
f 4473 4497 4498
f 4474 4499 4475
f 4474 4498 4499
f 4475 4500 4476
f 4475 4499 4500
f 4476 4501 4477
f 4476 4500 4501
f 4501 3541 3529
f 4501 3529 4477
f 3542 4478 3531
f 3542 4502 4478
f 4479 3543 3533
f 3544 3543 4479
f 4481 3544 4479
f 4503 3544 4481
f 3548 4504 4482
f 3548 4482 3538
f 4482 4505 4483
f 4482 4504 4505
f 4483 4506 4484
f 4483 4505 4506
f 4484 4507 4485
f 4484 4506 4507
f 4485 4508 4486
f 4485 4507 4508
f 4486 4509 4487
f 4486 4508 4509
f 4487 4510 4488
f 4487 4509 4510
f 4489 4488 4511
f 4488 4512 4511
f 4488 4510 4512
f 4511 4512 4492
f 4512 4491 4492
f 4512 4513 4491
f 4493 4491 4514
f 4491 4515 4514
f 4491 4513 4515
f 4515 4516 4514
f 4494 4495 4517
f 4517 4495 4518
f 4494 4519 4496
f 4494 4517 4519
f 4496 4520 4497
f 4496 4519 4520
f 4497 4521 4498
f 4497 4520 4521
f 4498 4522 4499
f 4498 4521 4522
f 4499 4523 4500
f 4499 4522 4523
f 4500 4524 4501
f 4500 4523 4524
f 4525 3549 3541
f 4501 4525 3541
f 4524 4525 4501
f 4525 3550 3549
f 3551 4502 3542
f 3551 4526 4502
f 4503 3552 3544
f 4527 3552 4503
f 3554 4528 3555
f 4504 3548 3555
f 4528 4504 3555
f 4529 4504 4528
f 4504 4530 4505
f 4504 4529 4530
f 4505 4531 4506
f 4505 4530 4531
f 4506 4532 4507
f 4506 4531 4532
f 4507 4533 4508
f 4507 4532 4533
f 4508 4534 4509
f 4508 4533 4534
f 4509 4535 4510
f 4509 4534 4535
f 4510 4536 4512
f 4510 4535 4536
f 4512 4537 4513
f 4512 4536 4537
f 4539 4515 4538
f 4515 4537 4538
f 4515 4513 4537
f 4515 4539 4516
f 4518 4540 4517
f 4542 4541 4540
f 4541 4517 4540
f 4541 4519 4517
f 4519 4543 4520
f 4519 4541 4543
f 4545 4521 4544
f 4521 4543 4544
f 4521 4520 4543
f 4521 4545 4522
f 4522 4545 4546
f 4522 4546 4523
f 4523 4546 4547
f 4549 4548 4547
f 4548 4523 4547
f 4548 4524 4523
f 4524 4550 4525
f 4524 4548 4550
f 4550 3556 3550
f 4550 3550 4525
f 3557 4526 3551
f 3557 4551 4526
f 4527 3558 3552
f 4552 3558 4527
f 3561 4528 3554
f 4528 3561 3563
f 4553 4528 3563
f 4529 4528 4553
f 4529 4554 4530
f 4529 4553 4554
f 4530 4555 4531
f 4530 4554 4555
f 4531 4556 4532
f 4531 4555 4556
f 4532 4557 4533
f 4532 4556 4557
f 4533 4558 4534
f 4533 4557 4558
f 4534 4559 4535
f 4534 4558 4559
f 4535 4560 4536
f 4535 4559 4560
f 4536 4561 4537
f 4536 4560 4561
f 4538 4537 4562
f 4562 4537 4561
f 4542 4563 4541
f 4565 4564 4563
f 4564 4541 4563
f 4564 4543 4541
f 4544 4543 4566
f 4543 4567 4566
f 4543 4564 4567
f 4569 4568 4567
f 4567 4568 4566
f 4569 4570 4568
f 4548 4549 4571
f 4571 4549 4572
f 4548 4573 4550
f 4548 4571 4573
f 4573 3565 3556
f 4573 3556 4550
f 3566 4551 3557
f 3566 4574 4551
f 4552 3567 3558
f 4575 3567 4552
f 3571 4576 4553
f 3571 4553 3563
f 4553 4577 4554
f 4553 4576 4577
f 4554 4578 4555
f 4554 4577 4578
f 4555 4579 4556
f 4555 4578 4579
f 4556 4580 4557
f 4556 4579 4580
f 4557 4581 4558
f 4557 4580 4581
f 4558 4582 4559
f 4558 4581 4582
f 4559 4583 4560
f 4559 4582 4583
f 4560 4584 4561
f 4560 4583 4584
f 4562 4561 4585
f 4561 4586 4585
f 4561 4584 4586
f 4588 4587 4586
f 4586 4587 4585
f 4588 4589 4587
f 4592 4591 4590
f 4594 4593 4590
f 4590 4593 4592
f 4596 4595 4594
f 4594 4595 4593
f 4596 4597 4595
f 4600 4599 4598
f 4598 4601 4600
f 4564 4565 4602
f 4602 4565 4603
f 4564 4604 4567
f 4564 4602 4604
f 4606 4569 4605
f 4569 4604 4605
f 4569 4567 4604
f 4569 4606 4570
f 4571 4572 4607
f 4607 4572 4608
f 4571 4609 4573
f 4571 4607 4609
f 4609 3573 3565
f 4609 3565 4573
f 3574 4574 3566
f 3574 4610 4574
f 4575 3576 3567
f 4611 3576 4575
f 3581 4612 4576
f 3581 4576 3571
f 4576 4613 4577
f 4576 4612 4613
f 4577 4614 4578
f 4577 4613 4614
f 4578 4615 4579
f 4578 4614 4615
f 4579 4616 4580
f 4579 4615 4616
f 4580 4617 4581
f 4580 4616 4617
f 4581 4618 4582
f 4581 4617 4618
f 4582 4619 4583
f 4582 4618 4619
f 4583 4620 4584
f 4583 4619 4620
f 4584 4621 4586
f 4584 4620 4621
f 4586 4622 4588
f 4586 4621 4622
f 4589 4588 4623
f 4588 4624 4623
f 4588 4622 4624
f 4626 4625 4624
f 4625 4590 4624
f 4591 4623 4624
f 4591 4624 4590
f 4628 4627 4625
f 4627 4590 4625
f 4627 4594 4590
f 4594 4629 4596
f 4594 4627 4629
f 4597 4596 4630
f 4630 4596 4629
f 4599 4631 4598
f 4598 4631 4601
f 4634 4633 4632
f 4632 4635 4634
f 4638 4637 4636
f 4636 4639 4638
f 4602 4603 4640
f 4640 4603 4641
f 4643 4604 4642
f 4604 4640 4642
f 4604 4602 4640
f 4604 4643 4605
f 4607 4608 4644
f 4644 4608 4645
f 4607 4646 4609
f 4607 4644 4646
f 4646 3583 3573
f 4646 3573 4609
f 3574 3584 4647
f 4648 3574 4647
f 4610 3574 4648
f 3586 4649 3584
f 3584 4649 4647
f 4650 4649 3586
f 3576 4650 3586
f 4611 4650 3576
f 3590 4651 3591
f 4612 3581 3591
f 4651 4612 3591
f 4652 4612 4651
f 4612 4653 4613
f 4612 4652 4653
f 4613 4654 4614
f 4613 4653 4654
f 4614 4655 4615
f 4614 4654 4655
f 4615 4656 4616
f 4615 4655 4656
f 4616 4657 4617
f 4616 4656 4657
f 4617 4658 4618
f 4617 4657 4658
f 4618 4659 4619
f 4618 4658 4659
f 4619 4660 4620
f 4619 4659 4660
f 4620 4661 4621
f 4620 4660 4661
f 4621 4662 4622
f 4621 4661 4662
f 4622 4663 4624
f 4622 4662 4663
f 4626 4624 4664
f 4624 4665 4664
f 4624 4663 4665
f 4664 4665 4628
f 4665 4627 4628
f 4665 4666 4627
f 4627 4667 4629
f 4627 4666 4667
f 4630 4629 4668
f 4629 4669 4668
f 4629 4667 4669
f 4671 4670 4669
f 4669 4670 4668
f 4671 4672 4670
f 4632 4633 4673
f 4673 4633 4674
f 4635 4632 4675
f 4675 4632 4673
f 4636 4637 4676
f 4676 4637 4677
f 4639 4636 4678
f 4678 4636 4676
f 4640 4641 4679
f 4679 4641 4680
f 4642 4640 4681
f 4640 4682 4681
f 4640 4679 4682
f 4682 4683 4681
f 4644 4645 4684
f 4684 4645 4685
f 4644 4686 4646
f 4644 4684 4686
f 4686 3593 3583
f 4686 3583 4646
f 4687 4648 4647
f 4687 4647 4649
f 4687 4649 4688
f 4688 4649 4650
f 3596 4689 4651
f 3596 4651 3590
f 4651 4690 4652
f 4651 4689 4690
f 4652 4691 4653
f 4652 4690 4691
f 4653 4692 4654
f 4653 4691 4692
f 4654 4693 4655
f 4654 4692 4693
f 4655 4694 4656
f 4655 4693 4694
f 4656 4695 4657
f 4656 4694 4695
f 4657 4696 4658
f 4657 4695 4696
f 4658 4697 4659
f 4658 4696 4697
f 4659 4698 4660
f 4659 4697 4698
f 4660 4699 4661
f 4660 4698 4699
f 4661 4700 4662
f 4661 4699 4700
f 4662 4701 4663
f 4662 4700 4701
f 4663 4702 4665
f 4663 4701 4702
f 4665 4703 4666
f 4665 4702 4703
f 4666 4704 4667
f 4666 4703 4704
f 4667 4705 4669
f 4667 4704 4705
f 4669 4706 4671
f 4669 4705 4706
f 4672 4671 4707
f 4671 4708 4707
f 4671 4706 4708
f 4707 4708 4674
f 4708 4673 4674
f 4708 4709 4673
f 4675 4673 4710
f 4673 4711 4710
f 4673 4709 4711
f 4713 4712 4711
f 4711 4712 4710
f 4713 4714 4712
f 4717 4716 4715
f 4719 4718 4715
f 4715 4718 4717
f 4721 4720 4719
f 4719 4720 4718
f 4723 4722 4721
f 4721 4722 4720
f 4722 4723 4677
f 4723 4676 4677
f 4723 4724 4676
f 4678 4676 4725
f 4676 4726 4725
f 4676 4724 4726
f 4725 4726 4680
f 4726 4679 4680
f 4726 4727 4679
f 4679 4728 4682
f 4679 4727 4728
f 4683 4682 4729
f 4682 4730 4729
f 4682 4728 4730
f 4730 4731 4729
f 4684 4685 4732
f 4732 4685 4733
f 4684 4734 4686
f 4684 4732 4734
f 4734 3597 3593
f 4734 3593 4686
f 3601 4689 3596
f 4689 3601 3603
f 4689 3603 4690
f 4690 3603 3605
f 4735 4690 3605
f 4691 4690 4735
f 4691 4736 4692
f 4691 4735 4736
f 4692 4737 4693
f 4692 4736 4737
f 4693 4738 4694
f 4693 4737 4738
f 4694 4739 4695
f 4694 4738 4739
f 4695 4740 4696
f 4695 4739 4740
f 4696 4741 4697
f 4696 4740 4741
f 4697 4742 4698
f 4697 4741 4742
f 4698 4743 4699
f 4698 4742 4743
f 4699 4744 4700
f 4699 4743 4744
f 4700 4745 4701
f 4700 4744 4745
f 4701 4746 4702
f 4701 4745 4746
f 4702 4747 4703
f 4702 4746 4747
f 4703 4748 4704
f 4703 4747 4748
f 4704 4749 4705
f 4704 4748 4749
f 4705 4750 4706
f 4705 4749 4750
f 4706 4751 4708
f 4706 4750 4751
f 4708 4752 4709
f 4708 4751 4752
f 4709 4753 4711
f 4709 4752 4753
f 4711 4754 4713
f 4711 4753 4754
f 4714 4713 4755
f 4713 4756 4755
f 4713 4754 4756
f 4755 4756 4716
f 4756 4715 4716
f 4756 4757 4715
f 4715 4758 4719
f 4715 4757 4758
f 4719 4759 4721
f 4719 4758 4759
f 4721 4760 4723
f 4721 4759 4760
f 4723 4761 4724
f 4723 4760 4761
f 4724 4762 4726
f 4724 4761 4762
f 4726 4763 4727
f 4726 4762 4763
f 4727 4764 4728
f 4727 4763 4764
f 4728 4765 4730
f 4728 4764 4765
f 4731 4730 4766
f 4730 4767 4766
f 4730 4765 4767
f 4766 4767 4733
f 4767 4732 4733
f 4767 4768 4732
f 4768 3607 3608
f 4734 4768 3608
f 4732 4768 4734
f 4734 3608 3597
f 3613 4735 3605
f 4735 3613 3615
f 4769 4735 3615
f 4736 4735 4769
f 4736 4770 4737
f 4736 4769 4770
f 4737 4771 4738
f 4737 4770 4771
f 4738 4772 4739
f 4738 4771 4772
f 4739 4773 4740
f 4739 4772 4773
f 4740 4774 4741
f 4740 4773 4774
f 4741 4775 4742
f 4741 4774 4775
f 4742 4776 4743
f 4742 4775 4776
f 4743 4777 4744
f 4743 4776 4777
f 4744 4778 4745
f 4744 4777 4778
f 4745 4779 4746
f 4745 4778 4779
f 4746 4780 4747
f 4746 4779 4780
f 4747 4781 4748
f 4747 4780 4781
f 4748 4782 4749
f 4748 4781 4782
f 4749 4783 4750
f 4749 4782 4783
f 4750 4784 4751
f 4750 4783 4784
f 4751 4785 4752
f 4751 4784 4785
f 4752 4786 4753
f 4752 4785 4786
f 4753 4787 4754
f 4753 4786 4787
f 4754 4788 4756
f 4754 4787 4788
f 4756 4789 4757
f 4756 4788 4789
f 4757 4790 4758
f 4757 4789 4790
f 4758 4791 4759
f 4758 4790 4791
f 4759 4792 4760
f 4759 4791 4792
f 4760 4793 4761
f 4760 4792 4793
f 4761 4794 4762
f 4761 4793 4794
f 4762 4795 4763
f 4762 4794 4795
f 4763 4796 4764
f 4763 4795 4796
f 4764 4797 4765
f 4764 4796 4797
f 4765 4798 4767
f 4765 4797 4798
f 4767 4799 4768
f 4767 4798 4799
f 4799 3617 3607
f 4799 3607 4768
f 3621 4800 3622
f 3625 4769 3615
f 3623 3622 4800
f 4769 3625 3626
f 4801 4769 3626
f 4770 4769 4801
f 4801 3628 3629
f 4771 4801 3629
f 4770 4801 4771
f 4771 3629 3630
f 4802 4771 3630
f 4772 4771 4802
f 4772 4803 4773
f 4772 4802 4803
f 4773 4804 4774
f 4773 4803 4804
f 4804 3632 3633
f 4775 4804 3633
f 4774 4804 4775
f 4775 3633 3634
f 4805 4775 3634
f 4776 4775 4805
f 4776 4806 4777
f 4776 4805 4806
f 4777 4807 4778
f 4777 4806 4807
f 4807 3636 3637
f 4779 4807 3637
f 4778 4807 4779
f 4779 3637 3638
f 4808 4779 3638
f 4780 4779 4808
f 4780 4809 4781
f 4780 4808 4809
f 4781 4810 4782
f 4781 4809 4810
f 4782 4811 4783
f 4782 4810 4811
f 4783 4812 4784
f 4783 4811 4812
f 4784 4813 4785
f 4784 4812 4813
f 4785 4814 4786
f 4785 4813 4814
f 4786 4815 4787
f 4786 4814 4815
f 4787 4816 4788
f 4787 4815 4816
f 4788 4817 4789
f 4788 4816 4817
f 4789 4818 4790
f 4789 4817 4818
f 4790 4819 4791
f 4790 4818 4819
f 4791 4820 4792
f 4791 4819 4820
f 4792 4821 4793
f 4792 4820 4821
f 4793 4822 4794
f 4793 4821 4822
f 4794 4823 4795
f 4794 4822 4823
f 4795 4824 4796
f 4795 4823 4824
f 4796 4825 4797
f 4796 4824 4825
f 4797 4826 4798
f 4797 4825 4826
f 4798 4827 4799
f 4798 4826 4827
f 4827 3639 3617
f 4827 3617 4799
f 3643 4800 3621
f 4800 3643 3623
f 3646 4801 3626
f 4801 3646 3628
f 3649 4802 3630
f 4802 3649 3651
f 4828 4802 3651
f 4803 4802 4828
f 4828 3653 3654
f 4804 4828 3654
f 4803 4828 4804
f 3632 4804 3654
f 3655 3656 4829
f 4805 3634 3655
f 4829 4805 3655
f 4830 4805 4829
f 4805 4831 4806
f 4805 4830 4831
f 4806 4832 4807
f 4806 4831 4832
f 4832 3658 3636
f 4832 3636 4807
f 3659 4833 4808
f 3659 4808 3638
f 4808 4834 4809
f 4808 4833 4834
f 4809 4835 4810
f 4809 4834 4835
f 4810 4836 4811
f 4810 4835 4836
f 4811 4837 4812
f 4811 4836 4837
f 4812 4838 4813
f 4812 4837 4838
f 4813 4839 4814
f 4813 4838 4839
f 4814 4840 4815
f 4814 4839 4840
f 4815 4841 4816
f 4815 4840 4841
f 4816 4842 4817
f 4816 4841 4842
f 4842 3661 3662
f 4818 4842 3662
f 4817 4842 4818
f 4818 3662 3663
f 4843 4818 3663
f 4819 4818 4843
f 4819 4844 4820
f 4819 4843 4844
f 4820 4845 4821
f 4820 4844 4845
f 4821 4846 4822
f 4821 4845 4846
f 4822 4847 4823
f 4822 4846 4847
f 4823 4848 4824
f 4823 4847 4848
f 4824 4849 4825
f 4824 4848 4849
f 4825 4850 4826
f 4825 4849 4850
f 4826 4851 4827
f 4826 4850 4851
f 4851 3664 3639
f 4851 3639 4827
f 3665 4828 3651
f 4828 3665 3653
f 3666 4829 3656
f 4829 3666 3667
f 4829 3667 4830
f 4830 3667 3668
f 4830 3668 4831
f 4831 3668 3669
f 4831 3669 4832
f 4832 3669 3658
f 3670 4833 3659
f 4833 3670 3671
f 4833 3671 4834
f 4834 3671 3672
f 4834 3672 4835
f 4835 3672 3673
f 4835 3673 4836
f 4836 3673 3674
f 4836 3674 4837
f 4837 3674 3675
f 4837 3675 4838
f 4838 3675 3676
f 4838 3676 4839
f 4839 3676 3677
f 4839 3677 4840
f 4840 3677 3678
f 4840 3678 4841
f 4841 3678 3679
f 4841 3679 4842
f 4842 3679 3661
f 3680 4843 3663
f 4843 3680 3681
f 4843 3681 4844
f 4844 3681 3682
f 4844 3682 4845
f 4845 3682 3683
f 4845 3683 4846
f 4846 3683 3684
f 4846 3684 4847
f 4847 3684 3685
f 4847 3685 4848
f 4848 3685 3686
f 4848 3686 4849
f 4849 3686 3687
f 4849 3687 4850
f 4850 3687 3688
f 4850 3688 4851
f 4851 3688 3664
f 3840 4852 3841
f 4852 3843 3841
f 3844 4853 3845
f 4853 3847 3845
f 3848 4854 3849
f 4855 3850 3849
f 4855 3849 4854
f 4856 3851 3850
f 4856 3850 4855
f 4856 3853 3851
f 4859 4858 4857
f 4860 4857 4858
f 3878 4861 3879
f 4861 3881 3879
f 3883 4862 3884
f 4863 3885 3884
f 4863 3884 4862
f 4864 3886 3885
f 4864 3885 4863
f 4852 3840 3886
f 4864 4852 3886
f 4865 4852 4864
f 4866 3887 3843
f 4852 4866 3843
f 4865 4866 4852
f 4853 3844 3887
f 4866 4853 3887
f 4867 4853 4866
f 4867 3889 3847
f 4867 3847 4853
f 3890 4854 3848
f 4854 3890 3892
f 4868 4854 3892
f 4855 4854 4868
f 4868 3894 3895
f 4856 4868 3895
f 4855 4868 4856
f 4856 3895 3853
f 4859 4857 3898
f 3899 4859 3898
f 4869 4859 3899
f 3900 3898 4857
f 4860 3900 4857
f 4870 3900 4860
f 3924 4871 4861
f 3924 4861 3878
f 4872 3925 3881
f 4861 4872 3881
f 4871 4872 4861
f 4873 3926 3925
f 4873 3925 4872
f 4862 3883 3926
f 4873 4862 3926
f 4874 4862 4873
f 4862 4875 4863
f 4862 4874 4875
f 4863 4876 4864
f 4863 4875 4876
f 4864 4877 4865
f 4864 4876 4877
f 4865 4878 4866
f 4865 4877 4878
f 4866 4879 4867
f 4866 4878 4879
f 4879 3928 3889
f 4879 3889 4867
f 3930 4868 3892
f 4868 3930 3894
f 3899 3934 4880
f 4881 3899 4880
f 4869 3899 4881
f 4882 4880 3934
f 3900 4882 3934
f 4870 4882 3900
f 3949 4883 3950
f 4884 3951 3950
f 4884 3950 4883
f 4884 3953 3951
f 3959 4885 4871
f 3959 4871 3924
f 4871 4886 4872
f 4871 4885 4886
f 4872 4887 4873
f 4872 4886 4887
f 4873 4888 4874
f 4873 4887 4888
f 4874 4889 4875
f 4874 4888 4889
f 4875 4890 4876
f 4875 4889 4890
f 4876 4891 4877
f 4876 4890 4891
f 4877 4892 4878
f 4877 4891 4892
f 4878 4893 4879
f 4878 4892 4893
f 4893 3961 3928
f 4893 3928 4879
f 3962 4894 3963
f 4895 3964 3963
f 4895 3963 4894
f 4895 3966 3964
f 4881 4880 3969
f 3970 4881 3969
f 4896 4881 3970
f 4898 4897 3971
f 4898 3971 3969
f 4882 4898 3969
f 4880 4882 3969
f 4899 4897 4898
f 3983 4900 3984
f 4883 3949 3984
f 4900 4883 3984
f 4901 4883 4900
f 4883 4902 4884
f 4883 4901 4902
f 4902 3986 3953
f 4902 3953 4884
f 3990 4903 3991
f 4904 3992 3991
f 4904 3991 4903
f 4885 3959 3992
f 4904 4885 3992
f 4905 4885 4904
f 4885 4906 4886
f 4885 4905 4906
f 4886 4907 4887
f 4886 4906 4907
f 4887 4908 4888
f 4887 4907 4908
f 4888 4909 4889
f 4888 4908 4909
f 4889 4910 4890
f 4889 4909 4910
f 4890 4911 4891
f 4890 4910 4911
f 4891 4912 4892
f 4891 4911 4912
f 4892 4913 4893
f 4892 4912 4913
f 4913 3994 3961
f 4913 3961 4893
f 3995 4894 3962
f 4894 3995 3997
f 4894 3997 4895
f 4895 3997 3966
f 4001 4896 3970
f 4001 4914 4896
f 4897 4002 3971
f 4003 4002 4897
f 4899 4003 4897
f 4915 4003 4899
f 4014 4916 4900
f 4014 4900 3983
f 4900 4917 4901
f 4900 4916 4917
f 4901 4918 4902
f 4901 4917 4918
f 4919 4015 3986
f 4902 4919 3986
f 4918 4919 4902
f 4920 4016 4015
f 4920 4015 4919
f 4921 4017 4016
f 4921 4016 4920
f 4922 4018 4017
f 4922 4017 4921
f 4903 3990 4018
f 4922 4903 4018
f 4923 4903 4922
f 4903 4924 4904
f 4903 4923 4924
f 4904 4925 4905
f 4904 4924 4925
f 4905 4926 4906
f 4905 4925 4926
f 4906 4927 4907
f 4906 4926 4927
f 4907 4928 4908
f 4907 4927 4928
f 4908 4929 4909
f 4908 4928 4929
f 4909 4930 4910
f 4909 4929 4930
f 4910 4931 4911
f 4910 4930 4931
f 4911 4932 4912
f 4911 4931 4932
f 4912 4933 4913
f 4912 4932 4933
f 4933 4020 3994
f 4933 3994 4913
f 4021 4934 4022
f 4934 4024 4022
f 4027 4914 4001
f 4027 4935 4914
f 4915 4029 4003
f 4936 4029 4915
f 4039 4937 4916
f 4039 4916 4014
f 4916 4938 4917
f 4916 4937 4938
f 4917 4939 4918
f 4917 4938 4939
f 4918 4940 4919
f 4918 4939 4940
f 4919 4941 4920
f 4919 4940 4941
f 4920 4942 4921
f 4920 4941 4942
f 4921 4943 4922
f 4921 4942 4943
f 4922 4944 4923
f 4922 4943 4944
f 4923 4945 4924
f 4923 4944 4945
f 4924 4946 4925
f 4924 4945 4946
f 4925 4947 4926
f 4925 4946 4947
f 4926 4948 4927
f 4926 4947 4948
f 4927 4949 4928
f 4927 4948 4949
f 4928 4950 4929
f 4928 4949 4950
f 4929 4951 4930
f 4929 4950 4951
f 4930 4952 4931
f 4930 4951 4952
f 4931 4953 4932
f 4931 4952 4953
f 4932 4954 4933
f 4932 4953 4954
f 4954 4041 4020
f 4954 4020 4933
f 4042 4934 4021
f 4934 4042 4024
f 4047 4935 4027
f 4047 4955 4935
f 4936 4048 4029
f 4956 4048 4936
f 4058 4957 4937
f 4058 4937 4039
f 4937 4958 4938
f 4937 4957 4958
f 4938 4959 4939
f 4938 4958 4959
f 4939 4960 4940
f 4939 4959 4960
f 4940 4961 4941
f 4940 4960 4961
f 4941 4962 4942
f 4941 4961 4962
f 4942 4963 4943
f 4942 4962 4963
f 4943 4964 4944
f 4943 4963 4964
f 4944 4965 4945
f 4944 4964 4965
f 4945 4966 4946
f 4945 4965 4966
f 4946 4967 4947
f 4946 4966 4967
f 4947 4968 4948
f 4947 4967 4968
f 4948 4969 4949
f 4948 4968 4969
f 4949 4970 4950
f 4949 4969 4970
f 4950 4971 4951
f 4950 4970 4971
f 4951 4972 4952
f 4951 4971 4972
f 4952 4973 4953
f 4952 4972 4973
f 4953 4974 4954
f 4953 4973 4974
f 4974 4060 4041
f 4974 4041 4954
f 4065 4955 4047
f 4065 4975 4955
f 4956 4066 4048
f 4976 4066 4956
f 4076 4977 4077
f 4978 4078 4077
f 4978 4077 4977
f 4957 4058 4078
f 4978 4957 4078
f 4979 4957 4978
f 4957 4980 4958
f 4957 4979 4980
f 4958 4981 4959
f 4958 4980 4981
f 4983 4960 4982
f 4960 4981 4982
f 4960 4959 4981
f 4960 4983 4961
f 4961 4983 4984
f 4961 4984 4962
f 4962 4984 4985
f 4962 4985 4963
f 4963 4985 4986
f 4963 4986 4964
f 4964 4986 4987
f 4964 4987 4965
f 4965 4987 4988
f 4965 4988 4966
f 4966 4988 4989
f 4966 4989 4967
f 4967 4989 4990
f 4967 4990 4968
f 4968 4990 4991
f 4993 4992 4991
f 4992 4968 4991
f 4992 4969 4968
f 4969 4994 4970
f 4969 4992 4994
f 4970 4995 4971
f 4970 4994 4995
f 4971 4996 4972
f 4971 4995 4996
f 4972 4997 4973
f 4972 4996 4997
f 4973 4998 4974
f 4973 4997 4998
f 4998 4080 4060
f 4998 4060 4974
f 4081 4999 4082
f 4999 4084 4082
f 4087 4975 4065
f 4087 5000 4975
f 4976 4088 4066
f 5001 4088 4976
f 4098 5002 4977
f 4098 4977 4076
f 4977 5003 4978
f 4977 5002 5003
f 4978 5004 4979
f 4978 5003 5004
f 5006 4980 5005
f 4980 5004 5005
f 4980 4979 5004
f 4980 5006 4981
f 4981 5006 5007
f 4981 5007 4982
f 4993 5008 4992
f 5010 5009 5008
f 5009 4992 5008
f 5009 4994 4992
f 4994 5011 4995
f 4994 5009 5011
f 4995 5012 4996
f 4995 5011 5012
f 4996 5013 4997
f 4996 5012 5013
f 5013 4100 4101
f 4998 5013 4101
f 4997 5013 4998
f 4998 4101 4080
f 4103 4999 4081
f 4999 4103 4084
f 4108 5000 4087
f 4108 5014 5000
f 5001 4109 4088
f 5015 4109 5001
f 4119 5016 5002
f 4119 5002 4098
f 5002 5017 5003
f 5002 5016 5017
f 5003 5018 5004
f 5003 5017 5018
f 5005 5004 5019
f 5019 5004 5018
f 5009 5010 5020
f 5020 5010 5021
f 5009 5022 5011
f 5009 5020 5022
f 5011 5023 5012
f 5011 5022 5023
f 5012 5024 5013
f 5012 5023 5024
f 5024 4121 4100
f 5024 4100 5013
f 4127 5014 4108
f 4127 5025 5014
f 5015 4128 4109
f 5026 4128 5015
f 4137 5027 5016
f 4137 5016 4119
f 5016 5028 5017
f 5016 5027 5028
f 5017 5029 5018
f 5017 5028 5029
f 5019 5018 5030
f 5030 5018 5029
f 5021 5031 5020
f 5033 5032 5031
f 5032 5020 5031
f 5032 5022 5020
f 5022 5034 5023
f 5022 5032 5034
f 5023 5035 5024
f 5023 5034 5035
f 5036 4138 4121
f 5024 5036 4121
f 5035 5036 5024
f 5036 4140 4138
f 4146 5025 4127
f 4146 5037 5025
f 5026 4147 4128
f 5038 4147 5026
f 4154 5039 4155
f 5027 4137 4155
f 5039 5027 4155
f 5040 5027 5039
f 5027 5041 5028
f 5027 5040 5041
f 5043 5029 5042
f 5029 5041 5042
f 5029 5028 5041
f 5029 5043 5030
f 5032 5033 5044
f 5044 5033 5045
f 5032 5046 5034
f 5032 5044 5046
f 5034 5047 5035
f 5034 5046 5047
f 5035 5048 5036
f 5035 5047 5048
f 5048 4157 4140
f 5048 4140 5036
f 4162 5037 4146
f 4162 5049 5037
f 5038 4163 4147
f 5050 4163 5038
f 4169 5039 4154
f 5039 4169 4171
f 5039 4171 5040
f 5040 4171 4173
f 5051 5040 4173
f 5041 5040 5051
f 5042 5041 5052
f 5052 5041 5051
f 5044 5045 5053
f 5053 5045 5054
f 5044 5055 5046
f 5044 5053 5055
f 5046 5056 5047
f 5046 5055 5056
f 5056 4175 4176
f 5048 5056 4176
f 5047 5056 5048
f 5048 4176 4157
f 4182 5049 4162
f 4182 5057 5049
f 5050 4183 4163
f 5058 4183 5050
f 4191 5059 5051
f 4191 5051 4173
f 5052 5051 5060
f 5060 5051 5059
f 5053 5054 5061
f 5061 5054 5062
f 5053 5063 5055
f 5053 5061 5063
f 5063 4193 4194
f 5056 5063 4194
f 5055 5063 5056
f 5056 4194 4175
f 4201 5057 4182
f 4201 5064 5057
f 5058 4202 4183
f 5065 4202 5058
f 4209 5066 5059
f 4209 5059 4191
f 5060 5059 5067
f 5067 5059 5066
f 5061 5062 5068
f 5068 5062 5069
f 5061 5070 5063
f 5061 5068 5070
f 5070 4211 4193
f 5070 4193 5063
f 4218 5064 4201
f 4218 5071 5064
f 4219 4202 5072
f 4202 5073 5072
f 4202 5065 5073
f 5072 4221 4219
f 4227 5074 5066
f 4227 5066 4209
f 5067 5066 5075
f 5075 5066 5074
f 5068 5069 5076
f 5076 5069 5077
f 5068 5078 5070
f 5068 5076 5078
f 5079 4228 4211
f 5070 5079 4211
f 5078 5079 5070
f 5079 4230 4228
f 5081 5080 4236
f 5080 4218 4236
f 5080 5071 4218
f 5073 5082 5072
f 4221 5072 5082
f 5083 4221 5082
f 4237 4221 5083
f 4243 5084 5074
f 4243 5074 4227
f 5075 5074 5085
f 5085 5074 5084
f 5076 5077 5086
f 5086 5077 5087
f 5076 5088 5078
f 5076 5086 5088
f 5078 5089 5079
f 5078 5088 5089
f 5089 4245 4230
f 5089 4230 5079
f 4251 4252 5081
f 4252 5080 5081
f 4252 5090 5080
f 5093 5092 5091
f 5083 5093 5091
f 4254 5083 5091
f 4237 5083 4254
f 4260 5094 5084
f 4260 5084 4243
f 5085 5084 5095
f 5095 5084 5094
f 5086 5087 5096
f 5096 5087 5097
f 5086 5098 5088
f 5086 5096 5098
f 5098 4262 4263
f 5089 5098 4263
f 5088 5098 5089
f 5089 4263 4245
f 4270 5090 4252
f 4270 5099 5090
f 5092 5100 5091
f 4254 5091 5100
f 5101 4254 5100
f 4271 4254 5101
f 4278 5102 5094
f 4278 5094 4260
f 5095 5094 5103
f 5103 5094 5102
f 5096 5097 5104
f 5104 5097 5105
f 5096 5106 5098
f 5096 5104 5106
f 5107 4279 4262
f 5098 5107 4262
f 5106 5107 5098
f 5107 4281 4279
f 4287 5099 4270
f 4287 5108 5099
f 5110 5109 4289
f 4289 5109 4288
f 4289 4271 5101
f 4289 5101 5110
f 4295 5111 4296
f 5102 4278 4296
f 5111 5102 4296
f 5112 5102 5111
f 5103 5102 5113
f 5113 5102 5112
f 5104 5105 5114
f 5114 5105 5115
f 5104 5116 5106
f 5104 5114 5116
f 5106 5117 5107
f 5106 5116 5117
f 5118 4297 4281
f 5107 5118 4281
f 5117 5118 5107
f 5118 4299 4297
f 4304 5108 4287
f 4304 5119 5108
f 5109 4306 4288
f 5120 4306 5109
f 4311 5111 4295
f 5111 4311 4313
f 5121 5111 4313
f 5112 5111 5121
f 5113 5112 5122
f 5122 5112 5121
f 5114 5115 5123
f 5123 5115 5124
f 5114 5125 5116
f 5114 5123 5125
f 5116 5126 5117
f 5116 5125 5126
f 5117 5127 5118
f 5117 5126 5127
f 5127 4315 4299
f 5127 4299 5118
f 4320 5119 4304
f 4320 5128 5119
f 5120 4322 4306
f 5129 4322 5120
f 4326 5130 4327
f 5131 4328 4327
f 5131 4327 5130
f 5121 4313 4328
f 5131 5121 4328
f 5132 5121 5131
f 5122 5121 5133
f 5133 5121 5132
f 5123 5124 5134
f 5134 5124 5135
f 5123 5136 5125
f 5123 5134 5136
f 5136 4330 4331
f 5126 5136 4331
f 5125 5136 5126
f 5126 4331 4332
f 5137 5126 4332
f 5127 5126 5137
f 5137 4334 4315
f 5137 4315 5127
f 4339 5128 4320
f 4339 5138 5128
f 5129 4340 4322
f 5139 4340 5129
f 4344 5130 4326
f 5130 4344 4346
f 5140 5130 4346
f 5131 5130 5140
f 5131 5141 5132
f 5131 5140 5141
f 5133 5132 5142
f 5132 5143 5142
f 5132 5141 5143
f 5143 5144 5142
f 5134 5135 5145
f 5145 5135 5146
f 5145 4348 4349
f 5136 5145 4349
f 5134 5145 5136
f 5136 4349 4330
f 4351 5137 4332
f 5137 4351 4334
f 4358 5138 4339
f 4358 5147 5138
f 5139 4359 4340
f 5148 4359 5139
f 4364 5140 4346
f 5140 4364 4366
f 5149 5140 4366
f 5141 5140 5149
f 5151 5143 5150
f 5143 5149 5150
f 5143 5141 5149
f 5143 5151 5144
f 5154 5153 5152
f 5154 5152 5146
f 5152 5145 5146
f 5152 5155 5145
f 5156 4367 4348
f 5145 5156 4348
f 5155 5156 5145
f 5156 4369 4367
f 4376 5147 4358
f 4376 5157 5147
f 5148 4377 4359
f 5158 4377 5148
f 4385 5159 5149
f 4385 5149 4366
f 5150 5149 5160
f 5160 5149 5159
f 5152 5153 5161
f 5161 5153 5162
f 5152 5163 5155
f 5152 5161 5163
f 5163 4387 4388
f 5156 5163 4388
f 5155 5163 5156
f 5156 4388 4369
f 4396 5157 4376
f 4396 5164 5157
f 5167 5166 5165
f 5158 5167 5165
f 4397 5158 5165
f 4377 5158 4397
f 4404 5168 5159
f 4404 5159 4385
f 5160 5159 5169
f 5169 5159 5168
f 5161 5162 5170
f 5170 5162 5171
f 5161 5172 5163
f 5161 5170 5172
f 5172 4406 4387
f 5172 4387 5163
f 4414 5164 4396
f 4414 5173 5164
f 5166 5174 5165
f 4397 5165 5174
f 5175 4397 5174
f 4415 4397 5175
f 4424 5176 5168
f 4424 5168 4404
f 5169 5168 5177
f 5168 5178 5177
f 5168 5176 5178
f 5178 5179 5177
f 5170 5171 5180
f 5180 5171 5181
f 5170 5182 5172
f 5170 5180 5182
f 5183 4425 4406
f 5172 5183 4406
f 5182 5183 5172
f 5183 4427 4425
f 4435 5173 4414
f 4435 5184 5173
f 5175 4437 4415
f 5185 4437 5175
f 4447 5186 5176
f 4447 5176 4424
f 5176 5187 5178
f 5176 5186 5187
f 5179 5178 5188
f 5188 5178 5187
f 5180 5181 5189
f 5189 5181 5190
f 5180 5191 5182
f 5180 5189 5191
f 5182 5192 5183
f 5182 5191 5192
f 5192 4449 4427
f 5192 4427 5183
f 4457 5184 4435
f 4457 5193 5184
f 5194 4460 4458
f 5195 5194 4458
f 4437 5195 4458
f 5185 5195 4437
f 4469 5196 5186
f 4469 5186 4447
f 5186 5197 5187
f 5186 5196 5197
f 5188 5187 5198
f 5198 5187 5197
f 5189 5190 5199
f 5199 5190 5200
f 5189 5201 5191
f 5189 5199 5201
f 5191 5202 5192
f 5191 5201 5202
f 5202 4471 4449
f 5202 4449 5192
f 4478 5193 4457
f 4478 5203 5193
f 5194 4480 4460
f 4481 4480 5194
f 5195 4481 5194
f 5204 4481 5195
f 4489 5205 4490
f 5205 4492 4490
f 4493 5206 5196
f 4493 5196 4469
f 5196 5207 5197
f 5196 5206 5207
f 5198 5197 5208
f 5208 5197 5207
f 5199 5200 5209
f 5209 5200 5210
f 5199 5211 5201
f 5199 5209 5211
f 5201 5212 5202
f 5201 5211 5212
f 5212 4495 4471
f 5212 4471 5202
f 4502 5203 4478
f 4502 5213 5203
f 5204 4503 4481
f 5214 4503 5204
f 4511 5205 4489
f 5205 4511 4492
f 4514 5206 4493
f 5206 4514 4516
f 5215 5206 4516
f 5207 5206 5215
f 5208 5207 5216
f 5207 5217 5216
f 5207 5215 5217
f 5219 5218 5217
f 5217 5218 5216
f 5219 5220 5218
f 5209 5210 5221
f 5221 5210 5222
f 5209 5223 5211
f 5209 5221 5223
f 5211 5224 5212
f 5211 5223 5224
f 5224 4518 4495
f 5224 4495 5212
f 4526 5213 4502
f 4526 5225 5213
f 5214 4527 4503
f 5226 4527 5214
f 4538 5227 4539
f 5215 4516 4539
f 5227 5215 4539
f 5228 5215 5227
f 5215 5229 5217
f 5215 5228 5229
f 5217 5230 5219
f 5217 5229 5230
f 5220 5219 5231
f 5219 5232 5231
f 5219 5230 5232
f 5232 5233 5231
f 5236 5235 5234
f 5234 5237 5236
f 5240 5239 5238
f 5240 5238 5222
f 5238 5221 5222
f 5238 5241 5221
f 5221 5242 5223
f 5221 5241 5242
f 5223 5243 5224
f 5223 5242 5243
f 5244 4540 4518
f 5224 5244 4518
f 5243 5244 5224
f 5244 4542 4540
f 4544 5245 4545
f 5246 4546 4545
f 5246 4545 5245
f 5247 4547 4546
f 5247 4546 5246
f 5247 4549 4547
f 4551 5225 4526
f 4551 5248 5225
f 5226 4552 4527
f 5249 4552 5226
f 4562 5250 5227
f 4562 5227 4538
f 5227 5251 5228
f 5227 5250 5251
f 5228 5252 5229
f 5228 5251 5252
f 5229 5253 5230
f 5229 5252 5253
f 5230 5254 5232
f 5230 5253 5254
f 5233 5232 5255
f 5232 5256 5255
f 5232 5254 5256
f 5255 5256 5235
f 5256 5234 5235
f 5256 5257 5234
f 5237 5234 5258
f 5234 5259 5258
f 5234 5257 5259
f 5261 5260 5259
f 5259 5260 5258
f 5263 5262 5261
f 5261 5262 5260
f 5265 5264 5263
f 5263 5264 5262
f 5267 5266 5265
f 5265 5266 5264
f 5269 5268 5267
f 5267 5268 5266
f 5268 5269 5239
f 5269 5238 5239
f 5269 5270 5238
f 5238 5271 5241
f 5238 5270 5271
f 5241 5272 5242
f 5241 5271 5272
f 5242 5273 5243
f 5242 5272 5273
f 5243 5274 5244
f 5243 5273 5274
f 5275 4563 4542
f 5244 5275 4542
f 5274 5275 5244
f 5275 4565 4563
f 4566 5245 4544
f 5245 4566 4568
f 5245 4568 5246
f 5246 4568 4570
f 5276 5246 4570
f 5247 5246 5276
f 5276 4572 4549
f 5276 4549 5247
f 4574 5248 4551
f 4574 5277 5248
f 5249 4575 4552
f 5278 4575 5249
f 4585 5250 4562
f 5250 4585 4587
f 5250 4587 5251
f 5251 4587 4589
f 5279 5251 4589
f 5252 5251 5279
f 5279 4591 4592
f 5253 5279 4592
f 5252 5279 5253
f 5253 4592 4593
f 5253 4593 5254
f 5254 4593 4595
f 5254 4595 5256
f 5256 4595 4597
f 5280 5256 4597
f 5257 5256 5280
f 5280 4599 4600
f 5259 5280 4600
f 5257 5280 5259
f 5259 4600 4601
f 5281 5259 4601
f 5261 5259 5281
f 5261 5282 5263
f 5261 5281 5282
f 5263 5283 5265
f 5263 5282 5283
f 5265 5284 5267
f 5265 5283 5284
f 5267 5285 5269
f 5267 5284 5285
f 5269 5286 5270
f 5269 5285 5286
f 5270 5287 5271
f 5270 5286 5287
f 5271 5288 5272
f 5271 5287 5288
f 5272 5289 5273
f 5272 5288 5289
f 5273 5290 5274
f 5273 5289 5290
f 5274 5291 5275
f 5274 5290 5291
f 5291 4603 4565
f 5291 4565 5275
f 4605 5292 4606
f 5276 4570 4606
f 5292 5276 4606
f 5293 5276 5292
f 5293 4608 4572
f 5293 4572 5276
f 4610 5277 4574
f 4610 5294 5277
f 5278 4611 4575
f 5295 4611 5278
f 4623 5279 4589
f 4591 5279 4623
f 4625 4626 5296
f 5296 4628 4625
f 4630 5297 5280
f 4630 5280 4597
f 5298 4631 4599
f 5280 5298 4599
f 5297 5298 5280
f 5281 4601 4631
f 5298 5281 4631
f 5299 5281 5298
f 5299 4633 4634
f 5282 5299 4634
f 5281 5299 5282
f 5282 4634 4635
f 5300 5282 4635
f 5283 5282 5300
f 5283 5301 5284
f 5283 5300 5301
f 5284 5302 5285
f 5284 5301 5302
f 5285 5303 5286
f 5285 5302 5303
f 5286 5304 5287
f 5286 5303 5304
f 5287 5305 5288
f 5287 5304 5305
f 5288 5306 5289
f 5288 5305 5306
f 5306 4637 4638
f 5290 5306 4638
f 5289 5306 5290
f 5290 4638 4639
f 5307 5290 4639
f 5291 5290 5307
f 5307 4641 4603
f 5307 4603 5291
f 4642 5308 4643
f 5292 4605 4643
f 5308 5292 4643
f 5309 5292 5308
f 5292 5310 5293
f 5292 5309 5310
f 5310 4645 4608
f 5310 4608 5293
f 4648 5294 4610
f 4648 5311 5294
f 5314 5313 5312
f 5295 5314 5312
f 4650 5295 5312
f 4611 5295 4650
f 4664 5296 4626
f 5296 4664 4628
f 4668 5297 4630
f 5297 4668 4670
f 5297 4670 5298
f 5298 4670 4672
f 5315 5298 4672
f 5299 5298 5315
f 5315 4674 4633
f 5315 4633 5299
f 4675 5316 5300
f 4675 5300 4635
f 5300 5317 5301
f 5300 5316 5317
f 5301 5318 5302
f 5301 5317 5318
f 5302 5319 5303
f 5302 5318 5319
f 5303 5320 5304
f 5303 5319 5320
f 5304 5321 5305
f 5304 5320 5321
f 5305 5322 5306
f 5305 5321 5322
f 5322 4677 4637
f 5322 4637 5306
f 4678 5323 5307
f 4678 5307 4639
f 5323 4680 4641
f 5323 4641 5307
f 4681 5308 4642
f 5308 4681 4683
f 5324 5308 4683
f 5309 5308 5324
f 5309 5325 5310
f 5309 5324 5325
f 5325 4685 4645
f 5325 4645 5310
f 5326 5311 4648
f 5326 4648 4687
f 5328 5313 5327
f 5328 5327 5329
f 5328 5329 5330
f 5328 5330 5326
f 5328 5326 4687
f 5328 4687 4688
f 5328 4688 5312
f 5328 5312 5313
f 4688 4650 5312
f 5329 5327 5331
f 4707 5315 4672
f 5315 4707 4674
f 4710 5316 4675
f 5316 4710 4712
f 5316 4712 5317
f 5317 4712 4714
f 5332 5317 4714
f 5318 5317 5332
f 5332 4716 4717
f 5319 5332 4717
f 5318 5332 5319
f 5319 4717 4718
f 5319 4718 5320
f 5320 4718 4720
f 5320 4720 5321
f 5321 4720 4722
f 5321 4722 5322
f 5322 4722 4677
f 4725 5323 4678
f 5323 4725 4680
f 4729 5324 4683
f 5324 4729 4731
f 5333 5324 4731
f 5325 5324 5333
f 5333 4733 4685
f 5333 4685 5325
f 5334 5330 5329
f 5334 5329 5331
f 4755 5332 4714
f 5332 4755 4716
f 4766 5333 4731
f 5333 4766 4733
f 4859 5335 4858
f 5335 4860 4858
f 5337 5336 5335
f 4859 5337 5335
f 4869 5337 4859
f 4870 4860 5335
f 5338 4870 5335
f 5336 5338 5335
f 4870 5338 5339
f 5340 5339 5338
f 4881 5337 4869
f 4881 5341 5337
f 5343 5342 5339
f 5342 4870 5339
f 5342 4882 4870
f 5343 5339 5340
f 4896 5341 4881
f 4896 5344 5341
f 5342 5345 4882
f 4882 5345 4898
f 4899 4898 5345
f 4899 5345 5346
f 4914 5344 4896
f 4914 5347 5344
f 5346 4915 4899
f 5348 4915 5346
f 4935 5347 4914
f 4935 5349 5347
f 5348 4936 4915
f 5350 4936 5348
f 4955 5349 4935
f 4955 5351 5349
f 5350 4956 4936
f 5352 4956 5350
f 4975 5351 4955
f 4975 5353 5351
f 5352 4976 4956
f 5354 4976 5352
f 4982 5355 4983
f 5356 4984 4983
f 5356 4983 5355
f 5357 4985 4984
f 5357 4984 5356
f 5358 4986 4985
f 5358 4985 5357
f 5359 4987 4986
f 5359 4986 5358
f 5360 4988 4987
f 5360 4987 5359
f 5361 4989 4988
f 5361 4988 5360
f 5362 4990 4989
f 5362 4989 5361
f 5363 4991 4990
f 5363 4990 5362
f 5363 4993 4991
f 5000 5353 4975
f 5000 5364 5353
f 5354 5001 4976
f 5365 5001 5354
f 5005 5366 5006
f 5006 5366 5367
f 5368 5006 5367
f 5007 5006 5368
f 4982 5007 5355
f 5007 5369 5355
f 5007 5368 5369
f 5355 5369 5356
f 5356 5369 5370
f 5356 5370 5357
f 5357 5370 5371
f 5357 5371 5358
f 5358 5371 5372
f 5358 5372 5359
f 5359 5372 5373
f 5375 5374 5373
f 5374 5359 5373
f 5374 5360 5359
f 5360 5376 5361
f 5360 5374 5376
f 5361 5377 5362
f 5361 5376 5377
f 5362 5378 5363
f 5362 5377 5378
f 5379 5008 4993
f 5363 5379 4993
f 5378 5379 5363
f 5379 5010 5008
f 5014 5364 5000
f 5014 5380 5364
f 5365 5015 5001
f 5381 5015 5365
f 5383 5382 5366
f 5005 5383 5366
f 5019 5383 5005
f 5366 5382 5367
f 5375 5384 5374
f 5374 5384 5376
f 5376 5384 5385
f 5387 5386 5385
f 5386 5376 5385
f 5386 5377 5376
f 5377 5388 5378
f 5377 5386 5388
f 5378 5389 5379
f 5378 5388 5389
f 5389 5021 5010
f 5389 5010 5379
f 5025 5380 5014
f 5025 5390 5380
f 5381 5026 5015
f 5391 5026 5381
f 5030 5383 5019
f 5030 5392 5383
f 5387 5393 5386
f 5395 5394 5393
f 5394 5386 5393
f 5394 5388 5386
f 5388 5396 5389
f 5388 5394 5396
f 5397 5031 5021
f 5389 5397 5021
f 5396 5397 5389
f 5397 5033 5031
f 5037 5390 5025
f 5037 5398 5390
f 5400 5038 5399
f 5038 5391 5399
f 5038 5026 5391
f 5401 5400 5399
f 5042 5402 5043
f 5402 5403 5043
f 5403 5030 5043
f 5403 5392 5030
f 5394 5395 5404
f 5404 5395 5405
f 5394 5406 5396
f 5394 5404 5406
f 5396 5407 5397
f 5396 5406 5407
f 5407 5045 5033
f 5407 5033 5397
f 5049 5398 5037
f 5049 5408 5398
f 5410 5409 5400
f 5409 5038 5400
f 5409 5050 5038
f 5410 5400 5401
f 5412 5411 5402
f 5042 5412 5402
f 5052 5412 5042
f 5402 5411 5403
f 5404 5405 5413
f 5413 5405 5414
f 5404 5415 5406
f 5404 5413 5415
f 5406 5416 5407
f 5406 5415 5416
f 5416 5054 5045
f 5416 5045 5407
f 5057 5408 5049
f 5057 5417 5408
f 5409 5058 5050
f 5418 5058 5409
f 5060 5412 5052
f 5060 5419 5412
f 5414 5420 5413
f 5422 5421 5420
f 5421 5413 5420
f 5421 5415 5413
f 5415 5423 5416
f 5415 5421 5423
f 5423 5062 5054
f 5423 5054 5416
f 5064 5417 5057
f 5064 5424 5417
f 5426 5065 5425
f 5065 5418 5425
f 5065 5058 5418
f 5427 5426 5425
f 5067 5419 5060
f 5067 5428 5419
f 5421 5422 5429
f 5429 5422 5430
f 5421 5431 5423
f 5421 5429 5431
f 5431 5069 5062
f 5431 5062 5423
f 5071 5424 5064
f 5071 5432 5424
f 5433 5073 5426
f 5426 5073 5065
f 5426 5427 5434
f 5426 5434 5433
f 5075 5436 5435
f 5428 5075 5435
f 5067 5075 5428
f 5436 5437 5435
f 5429 5430 5438
f 5438 5430 5439
f 5429 5440 5431
f 5429 5438 5440
f 5440 5077 5069
f 5440 5069 5431
f 5080 5432 5071
f 5080 5441 5432
f 5082 5073 5433
f 5444 5443 5442
f 5083 5442 5443
f 5083 5434 5442
f 5083 5082 5433
f 5434 5083 5433
f 5446 5445 5436
f 5075 5446 5436
f 5085 5446 5075
f 5436 5445 5437
f 5439 5447 5438
f 5449 5448 5447
f 5448 5438 5447
f 5448 5440 5438
f 5448 5087 5077
f 5448 5077 5440
f 5090 5441 5080
f 5090 5450 5441
f 5443 5444 5093
f 5444 5092 5093
f 5444 5451 5092
f 5443 5093 5083
f 5095 5446 5085
f 5095 5452 5446
f 5448 5449 5453
f 5453 5449 5454
f 5453 5097 5087
f 5453 5087 5448
f 5099 5450 5090
f 5099 5455 5450
f 5451 5456 5092
f 5092 5456 5100
f 5101 5100 5456
f 5101 5456 5457
f 5103 5452 5095
f 5103 5458 5452
f 5453 5454 5459
f 5459 5454 5460
f 5459 5105 5097
f 5459 5097 5453
f 5108 5455 5099
f 5108 5461 5455
f 5463 5462 5110
f 5110 5462 5109
f 5110 5101 5457
f 5110 5457 5463
f 5113 5458 5103
f 5113 5464 5458
f 5459 5460 5465
f 5465 5460 5466
f 5465 5115 5105
f 5465 5105 5459
f 5119 5461 5108
f 5119 5467 5461
f 5462 5120 5109
f 5468 5120 5462
f 5122 5464 5113
f 5122 5469 5464
f 5465 5466 5470
f 5470 5466 5471
f 5470 5124 5115
f 5470 5115 5465
f 5128 5467 5119
f 5128 5472 5467
f 5468 5129 5120
f 5473 5129 5468
f 5133 5469 5122
f 5133 5474 5469
f 5470 5471 5475
f 5475 5471 5476
f 5475 5135 5124
f 5475 5124 5470
f 5138 5472 5128
f 5138 5477 5472
f 5473 5139 5129
f 5478 5139 5473
f 5479 5474 5133
f 5479 5133 5142
f 5142 5144 5479
f 5479 5144 5480
f 5483 5482 5481
f 5483 5481 5476
f 5481 5475 5476
f 5481 5484 5475
f 5484 5146 5135
f 5484 5135 5475
f 5147 5477 5138
f 5147 5485 5477
f 5478 5148 5139
f 5486 5148 5478
f 5488 5487 5151
f 5488 5151 5150
f 5144 5151 5480
f 5480 5151 5487
f 5481 5482 5489
f 5489 5482 5490
f 5489 5153 5154
f 5484 5489 5154
f 5481 5489 5484
f 5484 5154 5146
f 5157 5485 5147
f 5157 5491 5485
f 5486 5158 5148
f 5492 5158 5486
f 5160 5494 5493
f 5488 5160 5493
f 5150 5160 5488
f 5494 5495 5493
f 5489 5490 5496
f 5496 5490 5497
f 5496 5162 5153
f 5496 5153 5489
f 5164 5491 5157
f 5164 5498 5491
f 5499 5166 5167
f 5500 5499 5167
f 5158 5500 5167
f 5492 5500 5158
f 5169 5501 5494
f 5169 5494 5160
f 5495 5494 5502
f 5502 5494 5501
f 5505 5504 5503
f 5505 5503 5497
f 5503 5496 5497
f 5503 5506 5496
f 5506 5171 5162
f 5506 5162 5496
f 5173 5498 5164
f 5173 5507 5498
f 5499 5174 5166
f 5175 5174 5499
f 5500 5175 5499
f 5508 5175 5500
f 5177 5501 5169
f 5177 5179 5501
f 5179 5502 5501
f 5179 5509 5502
f 5503 5504 5510
f 5510 5504 5511
f 5503 5512 5506
f 5503 5510 5512
f 5512 5181 5171
f 5512 5171 5506
f 5184 5507 5173
f 5184 5513 5507
f 5508 5185 5175
f 5514 5185 5508
f 5188 5509 5179
f 5188 5515 5509
f 5510 5511 5516
f 5516 5511 5517
f 5510 5518 5512
f 5510 5516 5518
f 5518 5190 5181
f 5518 5181 5512
f 5193 5513 5184
f 5193 5519 5513
f 5514 5195 5185
f 5520 5195 5514
f 5198 5522 5521
f 5515 5198 5521
f 5188 5198 5515
f 5522 5523 5521
f 5516 5517 5524
f 5524 5517 5525
f 5516 5526 5518
f 5516 5524 5526
f 5526 5200 5190
f 5526 5190 5518
f 5203 5519 5193
f 5203 5527 5519
f 5520 5204 5195
f 5528 5204 5520
f 5208 5529 5522
f 5208 5522 5198
f 5523 5522 5530
f 5522 5531 5530
f 5522 5529 5531
f 5531 5532 5530
f 5535 5534 5533
f 5537 5536 5533
f 5533 5536 5535
f 5537 5538 5536
f 5541 5540 5539
f 5541 5539 5525
f 5539 5524 5525
f 5539 5542 5524
f 5524 5543 5526
f 5524 5542 5543
f 5543 5210 5200
f 5543 5200 5526
f 5213 5527 5203
f 5213 5544 5527
f 5528 5214 5204
f 5545 5214 5528
f 5216 5529 5208
f 5529 5216 5218
f 5529 5218 5531
f 5547 5546 5220
f 5220 5546 5218
f 5546 5532 5218
f 5532 5531 5218
f 5549 5548 5547
f 5547 5548 5546
f 5551 5550 5549
f 5549 5550 5548
f 5553 5552 5551
f 5551 5552 5550
f 5552 5553 5534
f 5553 5533 5534
f 5553 5554 5533
f 5533 5555 5537
f 5533 5554 5555
f 5538 5537 5556
f 5537 5557 5556
f 5537 5555 5557
f 5556 5557 5540
f 5557 5539 5540
f 5557 5558 5539
f 5539 5559 5542
f 5539 5558 5559
f 5542 5560 5543
f 5542 5559 5560
f 5560 5222 5210
f 5560 5210 5543
f 5225 5544 5213
f 5225 5561 5544
f 5563 5226 5562
f 5226 5545 5562
f 5226 5214 5545
f 5564 5563 5562
f 5231 5547 5220
f 5547 5231 5233
f 5565 5547 5233
f 5549 5547 5565
f 5565 5235 5236
f 5551 5565 5236
f 5549 5565 5551
f 5551 5236 5237
f 5566 5551 5237
f 5553 5551 5566
f 5553 5567 5554
f 5553 5566 5567
f 5554 5568 5555
f 5554 5567 5568
f 5555 5569 5557
f 5555 5568 5569
f 5557 5570 5558
f 5557 5569 5570
f 5558 5571 5559
f 5558 5570 5571
f 5571 5239 5240
f 5560 5571 5240
f 5559 5571 5560
f 5560 5240 5222
f 5248 5561 5225
f 5248 5572 5561
f 5574 5573 5563
f 5573 5226 5563
f 5573 5249 5226
f 5574 5563 5564
f 5255 5565 5233
f 5565 5255 5235
f 5258 5566 5237
f 5566 5258 5260
f 5566 5260 5567
f 5567 5260 5262
f 5567 5262 5568
f 5568 5262 5264
f 5568 5264 5569
f 5569 5264 5266
f 5569 5266 5570
f 5570 5266 5268
f 5570 5268 5571
f 5571 5268 5239
f 5277 5572 5248
f 5277 5575 5572
f 5573 5278 5249
f 5576 5278 5573
f 5294 5575 5277
f 5294 5577 5575
f 5579 5295 5578
f 5295 5576 5578
f 5295 5278 5576
f 5580 5579 5578
f 5311 5577 5294
f 5311 5581 5577
f 5582 5313 5314
f 5583 5582 5314
f 5583 5314 5295
f 5584 5583 5295
f 5579 5584 5295
f 5584 5579 5580
f 5585 5581 5311
f 5585 5311 5326
f 5327 5313 5582
f 5330 5586 5326
f 5587 5326 5586
f 5326 5587 5585
f 5331 5587 5586
f 5331 5583 5587
f 5331 5327 5582
f 5583 5331 5582
f 5586 5330 5334
f 5590 5589 5588
f 5334 5331 5586
f 5589 5590 5591
f 5592 5588 5589
f 5592 5589 5591
f 5594 5593 5336
f 5594 5336 5337
f 5593 5596 5595
f 5338 5593 5595
f 5336 5593 5338
f 5595 5340 5338
f 5341 5594 5337
f 5341 5597 5594
f 5599 5598 5596
f 5598 5342 5596
f 5343 5595 5596
f 5343 5596 5342
f 5343 5340 5595
f 5598 5599 5600
f 5344 5597 5341
f 5344 5601 5597
f 5598 5345 5342
f 5346 5345 5598
f 5600 5346 5598
f 5602 5346 5600
f 5347 5601 5344
f 5347 5603 5601
f 5602 5348 5346
f 5604 5348 5602
f 5349 5603 5347
f 5349 5605 5603
f 5604 5350 5348
f 5606 5350 5604
f 5351 5605 5349
f 5351 5607 5605
f 5606 5352 5350
f 5608 5352 5606
f 5353 5607 5351
f 5353 5609 5607
f 5608 5354 5352
f 5610 5354 5608
f 5364 5609 5353
f 5364 5611 5609
f 5610 5365 5354
f 5612 5365 5610
f 5367 5613 5368
f 5614 5369 5368
f 5614 5368 5613
f 5615 5370 5369
f 5615 5369 5614
f 5616 5371 5370
f 5616 5370 5615
f 5617 5372 5371
f 5617 5371 5616
f 5618 5373 5372
f 5618 5372 5617
f 5618 5375 5373
f 5380 5611 5364
f 5380 5619 5611
f 5612 5381 5365
f 5620 5381 5612
f 5383 5621 5382
f 5613 5367 5382
f 5621 5613 5382
f 5622 5613 5621
f 5613 5623 5614
f 5613 5622 5623
f 5625 5615 5624
f 5615 5623 5624
f 5615 5614 5623
f 5627 5626 5625
f 5626 5615 5625
f 5626 5616 5615
f 5616 5628 5617
f 5616 5626 5628
f 5617 5629 5618
f 5617 5628 5629
f 5630 5384 5375
f 5618 5630 5375
f 5629 5630 5618
f 5631 5385 5384
f 5631 5384 5630
f 5631 5387 5385
f 5390 5619 5380
f 5390 5632 5619
f 5620 5391 5381
f 5633 5391 5620
f 5635 5634 5621
f 5383 5635 5621
f 5392 5635 5383
f 5621 5634 5622
f 5622 5634 5636
f 5622 5636 5623
f 5623 5636 5637
f 5623 5637 5624
f 5627 5638 5626
f 5626 5638 5628
f 5628 5638 5639
f 5628 5639 5629
f 5629 5639 5640
f 5642 5641 5640
f 5641 5629 5640
f 5641 5630 5629
f 5630 5643 5631
f 5630 5641 5643
f 5644 5393 5387
f 5631 5644 5387
f 5643 5644 5631
f 5644 5395 5393
f 5398 5632 5390
f 5398 5645 5632
f 5399 5391 5646
f 5391 5647 5646
f 5391 5633 5647
f 5646 5401 5399
f 5403 5635 5392
f 5403 5648 5635
f 5642 5649 5641
f 5641 5649 5643
f 5643 5649 5650
f 5652 5651 5650
f 5651 5643 5650
f 5651 5644 5643
f 5651 5405 5395
f 5651 5395 5644
f 5408 5645 5398
f 5408 5653 5645
f 5646 5647 5410
f 5647 5409 5410
f 5647 5654 5409
f 5646 5410 5401
f 5656 5655 5411
f 5656 5411 5412
f 5403 5411 5648
f 5648 5411 5655
f 5652 5657 5651
f 5405 5651 5657
f 5658 5405 5657
f 5414 5405 5658
f 5417 5653 5408
f 5417 5659 5653
f 5654 5418 5409
f 5660 5418 5654
f 5419 5656 5412
f 5419 5661 5656
f 5420 5414 5662
f 5414 5663 5662
f 5414 5658 5663
f 5662 5422 5420
f 5424 5659 5417
f 5424 5664 5659
f 5660 5665 5418
f 5418 5665 5425
f 5427 5425 5665
f 5427 5665 5666
f 5428 5661 5419
f 5428 5667 5661
f 5662 5663 5668
f 5668 5663 5669
f 5668 5430 5422
f 5668 5422 5662
f 5432 5664 5424
f 5432 5670 5664
f 5666 5434 5427
f 5671 5434 5666
f 5674 5673 5672
f 5675 5672 5435
f 5672 5667 5435
f 5667 5428 5435
f 5667 5672 5673
f 5437 5675 5435
f 5669 5676 5668
f 5430 5668 5676
f 5677 5430 5676
f 5439 5430 5677
f 5441 5670 5432
f 5441 5678 5670
f 5679 5444 5442
f 5680 5679 5442
f 5434 5680 5442
f 5671 5680 5434
f 5683 5682 5681
f 5684 5681 5682
f 5687 5686 5685
f 5689 5688 5685
f 5689 5685 5686
f 5691 5690 5688
f 5691 5688 5689
f 5690 5693 5692
f 5690 5672 5693
f 5690 5691 5674
f 5672 5690 5674
f 5446 5694 5445
f 5694 5672 5445
f 5672 5675 5445
f 5694 5693 5672
f 5445 5675 5437
f 5447 5439 5695
f 5439 5696 5695
f 5439 5677 5696
f 5695 5449 5447
f 5450 5678 5441
f 5450 5697 5678
f 5699 5698 5679
f 5698 5444 5679
f 5698 5451 5444
f 5702 5701 5700
f 5680 5699 5679
f 5703 5701 5702
f 5706 5705 5704
f 5707 5704 5705
f 5708 5683 5681
f 5708 5681 5684
f 5687 5685 5709
f 5687 5709 5710
f 5711 5685 5688
f 5709 5685 5711
f 5712 5688 5690
f 5711 5688 5712
f 5690 5692 5713
f 5714 5690 5713
f 5712 5690 5714
f 5713 5694 5714
f 5694 5452 5714
f 5694 5446 5452
f 5695 5696 5715
f 5715 5696 5716
f 5715 5454 5449
f 5715 5449 5695
f 5455 5697 5450
f 5455 5717 5697
f 5456 5451 5718
f 5451 5719 5718
f 5451 5698 5719
f 5700 5718 5720
f 5718 5700 5456
f 5701 5456 5700
f 5456 5701 5457
f 5721 5457 5701
f 5701 5703 5722
f 5701 5722 5721
f 5706 5704 5723
f 5706 5723 5724
f 5704 5707 5725
f 5704 5725 5723
f 5728 5727 5726
f 5729 5726 5727
f 5730 5710 5709
f 5732 5731 5730
f 5709 5732 5730
f 5711 5732 5709
f 5733 5711 5712
f 5732 5711 5733
f 5734 5712 5714
f 5733 5712 5734
f 5458 5734 5452
f 5452 5734 5714
f 5715 5716 5735
f 5735 5716 5736
f 5735 5460 5454
f 5735 5454 5715
f 5461 5717 5455
f 5461 5737 5717
f 5718 5719 5463
f 5719 5462 5463
f 5719 5738 5462
f 5463 5720 5718
f 5463 5739 5720
f 5463 5457 5721
f 5739 5463 5721
f 5739 5721 5722
f 5740 5724 5723
f 5740 5723 5725
f 5741 5728 5726
f 5741 5726 5729
f 5744 5743 5742
f 5742 5746 5745
f 5742 5732 5746
f 5742 5743 5731
f 5732 5742 5731
f 5748 5747 5746
f 5732 5748 5746
f 5733 5748 5732
f 5749 5733 5734
f 5748 5733 5749
f 5464 5749 5458
f 5458 5749 5734
f 5735 5736 5750
f 5750 5736 5751
f 5750 5466 5460
f 5750 5460 5735
f 5467 5737 5461
f 5467 5752 5737
f 5738 5468 5462
f 5753 5468 5738
f 5754 5744 5742
f 5754 5742 5745
f 5755 5747 5748
f 5755 5748 5749
f 5755 5749 5756
f 5749 5464 5756
f 5464 5757 5756
f 5464 5469 5757
f 5750 5751 5758
f 5758 5751 5759
f 5758 5471 5466
f 5758 5466 5750
f 5472 5752 5467
f 5472 5760 5752
f 5753 5473 5468
f 5761 5473 5753
f 5474 5757 5469
f 5474 5762 5757
f 5758 5759 5763
f 5763 5759 5764
f 5763 5476 5471
f 5763 5471 5758
f 5477 5760 5472
f 5477 5765 5760
f 5761 5478 5473
f 5766 5478 5761
f 5767 5762 5474
f 5767 5474 5479
f 5479 5480 5767
f 5767 5480 5768
f 5771 5770 5769
f 5771 5769 5764
f 5764 5769 5763
f 5769 5482 5763
f 5482 5483 5763
f 5763 5483 5476
f 5485 5765 5477
f 5485 5772 5765
f 5766 5486 5478
f 5773 5486 5766
f 5775 5774 5487
f 5775 5487 5488
f 5480 5487 5768
f 5768 5487 5774
f 5769 5770 5776
f 5776 5770 5777
f 5776 5490 5482
f 5776 5482 5769
f 5491 5772 5485
f 5491 5778 5772
f 5773 5492 5486
f 5779 5492 5773
f 5780 5775 5488
f 5780 5488 5493
f 5493 5495 5780
f 5780 5495 5781
f 5776 5777 5782
f 5782 5777 5783
f 5782 5497 5490
f 5782 5490 5776
f 5498 5778 5491
f 5498 5784 5778
f 5779 5500 5492
f 5785 5500 5779
f 5502 5781 5495
f 5502 5786 5781
f 5789 5788 5787
f 5787 5790 5789
f 5782 5783 5505
f 5783 5504 5505
f 5783 5791 5504
f 5782 5505 5497
f 5507 5784 5498
f 5507 5792 5784
f 5785 5508 5500
f 5793 5508 5785
f 5509 5795 5794
f 5786 5509 5794
f 5502 5509 5786
f 5797 5796 5795
f 5795 5796 5794
f 5797 5798 5796
f 5801 5800 5799
f 5803 5802 5799
f 5799 5802 5801
f 5805 5804 5803
f 5803 5804 5802
f 5804 5805 5788
f 5805 5787 5788
f 5805 5806 5787
f 5790 5787 5807
f 5787 5808 5807
f 5787 5806 5808
f 5810 5809 5808
f 5808 5809 5807
f 5812 5811 5810
f 5810 5811 5809
f 5791 5811 5812
f 5511 5791 5812
f 5504 5791 5511
f 5513 5792 5507
f 5513 5813 5792
f 5793 5514 5508
f 5814 5514 5793
f 5515 5815 5795
f 5515 5795 5509
f 5817 5797 5816
f 5797 5815 5816
f 5797 5795 5815
f 5797 5817 5798
f 5800 5818 5799
f 5820 5819 5818
f 5819 5799 5818
f 5819 5803 5799
f 5803 5821 5805
f 5803 5819 5821
f 5805 5822 5806
f 5805 5821 5822
f 5806 5823 5808
f 5806 5822 5823
f 5808 5824 5810
f 5808 5823 5824
f 5810 5825 5812
f 5810 5824 5825
f 5825 5517 5511
f 5825 5511 5812
f 5519 5813 5513
f 5519 5826 5813
f 5814 5520 5514
f 5827 5520 5814
f 5521 5815 5515
f 5829 5828 5523
f 5523 5828 5521
f 5828 5816 5521
f 5816 5815 5521
f 5831 5830 5829
f 5829 5830 5828
f 5833 5832 5831
f 5831 5832 5830
f 5832 5833 5820
f 5833 5819 5820
f 5833 5834 5819
f 5819 5835 5821
f 5819 5834 5835
f 5821 5836 5822
f 5821 5835 5836
f 5822 5837 5823
f 5822 5836 5837
f 5823 5838 5824
f 5823 5837 5838
f 5824 5839 5825
f 5824 5838 5839
f 5839 5525 5517
f 5839 5517 5825
f 5527 5826 5519
f 5527 5840 5826
f 5827 5528 5520
f 5841 5528 5827
f 5530 5829 5523
f 5829 5530 5532
f 5842 5829 5532
f 5831 5829 5842
f 5831 5843 5833
f 5831 5842 5843
f 5833 5844 5834
f 5833 5843 5844
f 5834 5845 5835
f 5834 5844 5845
f 5845 5534 5535
f 5836 5845 5535
f 5835 5845 5836
f 5836 5535 5536
f 5836 5536 5837
f 5837 5536 5538
f 5846 5837 5538
f 5838 5837 5846
f 5846 5540 5541
f 5839 5846 5541
f 5838 5846 5839
f 5839 5541 5525
f 5544 5840 5527
f 5544 5847 5840
f 5841 5545 5528
f 5848 5545 5841
f 5546 5842 5532
f 5842 5546 5548
f 5842 5548 5843
f 5843 5548 5550
f 5843 5550 5844
f 5844 5550 5552
f 5844 5552 5845
f 5845 5552 5534
f 5556 5846 5538
f 5846 5556 5540
f 5561 5847 5544
f 5561 5849 5847
f 5562 5545 5850
f 5545 5851 5850
f 5545 5848 5851
f 5850 5564 5562
f 5572 5849 5561
f 5572 5852 5849
f 5854 5853 5851
f 5853 5573 5851
f 5574 5850 5851
f 5574 5851 5573
f 5574 5564 5850
f 5853 5854 5855
f 5575 5852 5572
f 5575 5856 5852
f 5858 5857 5853
f 5857 5573 5853
f 5857 5576 5573
f 5858 5853 5855
f 5577 5856 5575
f 5577 5859 5856
f 5857 5860 5576
f 5576 5860 5578
f 5580 5578 5860
f 5580 5860 5861
f 5581 5859 5577
f 5581 5862 5859
f 5864 5863 5584
f 5584 5863 5583
f 5584 5580 5861
f 5584 5861 5864
f 5865 5862 5581
f 5865 5581 5585
f 5866 5585 5587
f 5866 5865 5585
f 5587 5583 5863
f 5587 5863 5866
f 5588 5867 5590
f 5867 5591 5590
f 5592 5867 5588
f 5867 5592 5591
f 5869 5868 5593
f 5869 5593 5594
f 5871 5870 5596
f 5593 5871 5596
f 5868 5871 5593
f 5872 5870 5871
f 5597 5869 5594
f 5597 5873 5869
f 5870 5599 5596
f 5600 5599 5870
f 5872 5600 5870
f 5874 5600 5872
f 5601 5873 5597
f 5601 5875 5873
f 5874 5602 5600
f 5876 5602 5874
f 5878 5875 5877
f 5875 5603 5877
f 5875 5601 5603
f 5876 5604 5602
f 5879 5604 5876
f 5877 5603 5880
f 5603 5881 5880
f 5603 5605 5881
f 5879 5606 5604
f 5882 5606 5879
f 5607 5881 5605
f 5607 5883 5881
f 5886 5885 5884
f 5882 5886 5884
f 5608 5882 5884
f 5606 5882 5608
f 5609 5883 5607
f 5609 5887 5883
f 5885 5888 5884
f 5608 5884 5888
f 5889 5608 5888
f 5610 5608 5889
f 5611 5887 5609
f 5611 5890 5887
f 5889 5612 5610
f 5891 5612 5889
f 5619 5890 5611
f 5619 5892 5890
f 5891 5620 5612
f 5893 5620 5891
f 5624 5894 5625
f 5894 5627 5625
f 5632 5892 5619
f 5632 5895 5892
f 5893 5633 5620
f 5896 5633 5893
f 5635 5897 5634
f 5898 5636 5634
f 5898 5634 5897
f 5899 5637 5636
f 5899 5636 5898
f 5894 5624 5637
f 5899 5894 5637
f 5900 5894 5899
f 5901 5638 5627
f 5894 5901 5627
f 5900 5901 5894
f 5902 5639 5638
f 5902 5638 5901
f 5903 5640 5639
f 5903 5639 5902
f 5903 5642 5640
f 5645 5895 5632
f 5645 5904 5895
f 5906 5647 5905
f 5647 5896 5905
f 5647 5633 5896
f 5907 5906 5905
f 5648 5908 5897
f 5648 5897 5635
f 5897 5909 5898
f 5897 5908 5909
f 5898 5910 5899
f 5898 5909 5910
f 5912 5900 5911
f 5900 5910 5911
f 5900 5899 5910
f 5914 5913 5912
f 5913 5900 5912
f 5913 5901 5900
f 5901 5915 5902
f 5901 5913 5915
f 5902 5916 5903
f 5902 5915 5916
f 5917 5649 5642
f 5903 5917 5642
f 5916 5917 5903
f 5918 5650 5649
f 5918 5649 5917
f 5918 5652 5650
f 5653 5904 5645
f 5653 5919 5904
f 5921 5920 5906
f 5920 5647 5906
f 5920 5654 5647
f 5921 5906 5907
f 5923 5922 5655
f 5923 5655 5656
f 5648 5655 5908
f 5655 5924 5908
f 5655 5922 5924
f 5908 5924 5909
f 5909 5924 5925
f 5909 5925 5910
f 5910 5925 5926
f 5910 5926 5911
f 5913 5914 5927
f 5927 5914 5928
f 5930 5915 5929
f 5915 5927 5929
f 5915 5913 5927
f 5932 5931 5930
f 5931 5915 5930
f 5931 5916 5915
f 5916 5933 5917
f 5916 5931 5933
f 5917 5934 5918
f 5917 5933 5934
f 5935 5657 5652
f 5918 5935 5652
f 5934 5935 5918
f 5935 5658 5657
f 5659 5919 5653
f 5659 5936 5919
f 5920 5660 5654
f 5937 5660 5920
f 5940 5939 5938
f 5939 5923 5938
f 5923 5661 5938
f 5923 5656 5661
f 5928 5941 5927
f 5927 5941 5929
f 5932 5942 5931
f 5931 5942 5933
f 5933 5942 5943
f 5933 5943 5934
f 5934 5943 5944
f 5946 5945 5944
f 5945 5934 5944
f 5945 5935 5934
f 5945 5663 5658
f 5945 5658 5935
f 5664 5936 5659
f 5664 5947 5936
f 5937 5948 5660
f 5660 5948 5665
f 5666 5665 5948
f 5666 5948 5949
f 5952 5951 5950
f 5950 5951 5940
f 5938 5950 5940
f 5953 5950 5938
f 5667 5953 5661
f 5661 5953 5938
f 5946 5954 5945
f 5663 5945 5954
f 5955 5663 5954
f 5669 5663 5955
f 5670 5947 5664
f 5670 5956 5947
f 5949 5671 5666
f 5957 5671 5949
f 5952 5950 5958
f 5952 5958 5959
f 5674 5958 5673
f 5958 5953 5673
f 5958 5950 5953
f 5673 5953 5667
f 5676 5669 5960
f 5669 5961 5960
f 5669 5955 5961
f 5960 5677 5676
f 5678 5956 5670
f 5678 5962 5956
f 5964 5680 5963
f 5680 5957 5963
f 5680 5671 5957
f 5965 5964 5963
f 5968 5967 5966
f 5969 5966 5967
f 5972 5971 5970
f 5973 5682 5683
f 5974 5970 5971
f 5684 5682 5973
f 5977 5976 5975
f 5686 5687 5977
f 5975 5686 5977
f 5978 5686 5975
f 5686 5979 5689
f 5978 5979 5686
f 5958 5691 5959
f 5691 5979 5959
f 5691 5689 5979
f 5691 5958 5674
f 5980 5692 5693
f 5694 5980 5693
f 5960 5961 5981
f 5981 5961 5982
f 5981 5696 5677
f 5981 5677 5960
f 5697 5962 5678
f 5697 5983 5962
f 5984 5698 5699
f 5699 5680 5984
f 5680 5964 5984
f 5702 5700 5984
f 5702 5984 5964
f 5703 5702 5964
f 5965 5703 5964
f 5985 5703 5965
f 5988 5987 5986
f 5986 5987 5968
f 5986 5968 5966
f 5706 5986 5966
f 5705 5706 5966
f 5990 5989 5707
f 5990 5707 5705
f 5969 5990 5705
f 5966 5969 5705
f 5991 5989 5990
f 5994 5993 5992
f 5995 5992 5993
f 5998 5997 5996
f 5996 5997 5972
f 5970 5996 5972
f 5999 5996 5970
f 5973 5683 6000
f 6001 5973 6000
f 5974 6001 6000
f 5970 5974 6000
f 5999 5970 6000
f 6002 5999 6000
f 5708 6002 6000
f 5683 5708 6000
f 5973 6001 6003
f 5684 5973 6003
f 5708 5684 6003
f 6002 5708 6003
f 6004 6002 6003
f 5977 6004 6003
f 5976 5977 6003
f 6001 5976 6003
f 5710 6004 5687
f 5687 6004 5977
f 5980 5713 5692
f 5713 5980 5694
f 5982 6005 5981
f 5696 5981 6005
f 6006 5696 6005
f 5716 5696 6006
f 5717 5983 5697
f 5717 6007 5983
f 6008 5719 5984
f 5984 5719 5698
f 5720 6008 5700
f 5700 6008 5984
f 6010 5722 6009
f 5722 5985 6009
f 5722 5703 5985
f 6012 6011 6010
f 6012 6010 6009
f 6011 6012 5988
f 5986 6011 5988
f 6013 6011 5986
f 5724 6013 5706
f 5706 6013 5986
f 6014 5725 5989
f 5989 5725 5707
f 5989 5991 6015
f 6016 5989 6015
f 6014 5989 6016
f 6016 6015 5994
f 5992 6016 5994
f 6017 6016 5992
f 5992 5995 6018
f 6019 5992 6018
f 6017 5992 6019
f 6020 6019 6018
f 5998 5996 6021
f 5998 6021 6022
f 5728 6021 5727
f 6021 5999 5727
f 6021 5996 5999
f 5727 5999 5729
f 5999 6023 5729
f 5999 6002 6023
f 6024 6002 6004
f 6023 6002 6024
f 5730 6025 5710
f 6025 6004 5710
f 6025 6024 6004
f 5731 6025 5730
f 6006 5736 5716
f 6026 5736 6006
f 5737 6007 5717
f 5737 6027 6007
f 6028 5738 6008
f 6008 5738 5719
f 5739 6029 5720
f 6029 6008 5720
f 6029 6028 6008
f 6030 6029 5739
f 6030 5739 5722
f 6031 6030 5722
f 6010 6031 5722
f 6031 6010 6011
f 6031 6011 6032
f 6034 6033 6032
f 6011 6034 6032
f 6013 6034 6011
f 5740 6035 5724
f 6035 6013 5724
f 6035 6034 6013
f 5725 6014 5740
f 6014 6035 5740
f 6014 6036 6035
f 6016 6038 6037
f 6036 6016 6037
f 6014 6016 6036
f 6040 6039 6038
f 6016 6040 6038
f 6017 6040 6016
f 6041 6017 6019
f 6040 6017 6041
f 6019 6020 6042
f 6019 6042 6041
f 6043 6022 6021
f 6045 6043 6044
f 6044 6043 5741
f 6043 6021 5741
f 6021 5728 5741
f 5729 6023 5741
f 6023 6044 5741
f 6023 6046 6044
f 6047 6023 6024
f 6046 6023 6047
f 5744 6047 5743
f 6047 6025 5743
f 6047 6024 6025
f 5743 6025 5731
f 6048 5745 5746
f 5747 6048 5746
f 6026 5751 5736
f 6049 5751 6026
f 6051 6027 6050
f 6027 5752 6050
f 6027 5737 5752
f 6052 5753 6028
f 6028 5753 5738
f 6053 6028 6029
f 6052 6028 6053
f 6029 6030 6054
f 6029 6054 6053
f 6055 6033 6034
f 6057 6056 6055
f 6034 6057 6055
f 6035 6057 6034
f 6058 6035 6036
f 6057 6035 6058
f 6036 6037 6059
f 6060 6036 6059
f 6058 6036 6060
f 6060 6059 6039
f 6040 6060 6039
f 6061 6060 6040
f 6062 6040 6041
f 6061 6040 6062
f 6041 6042 6063
f 6041 6063 6062
f 6045 6044 6064
f 6045 6064 6065
f 6046 6067 6066
f 6064 6046 6066
f 6044 6046 6064
f 6067 6046 6047
f 6067 6047 6068
f 6068 6047 5744
f 5754 6068 5744
f 6069 6068 5754
f 6069 5754 5745
f 6070 6069 5745
f 6048 6070 5745
f 6069 6070 6071
f 6070 6048 5747
f 6072 6070 5747
f 5755 6072 5747
f 6073 6070 6072
f 6075 6072 6074
f 6072 5756 6074
f 6072 5755 5756
f 5757 6074 5756
f 6049 5759 5751
f 6076 5759 6049
f 6050 5752 6077
f 5752 6078 6077
f 5752 5760 6078
f 6080 6079 6052
f 6079 5753 6052
f 6079 5761 5753
f 6080 6052 6053
f 6080 6053 6081
f 6081 6053 6054
f 6056 6057 6082
f 6056 6082 6083
f 6084 6057 6058
f 6082 6057 6084
f 6060 6086 6085
f 6084 6060 6085
f 6058 6060 6084
f 6086 6060 6061
f 6086 6061 6087
f 6087 6061 6062
f 6087 6062 6088
f 6088 6062 6063
f 6089 6065 6064
f 6089 6064 6066
f 6090 6071 6070
f 6090 6070 6073
f 6075 6074 6091
f 6075 6091 6092
f 5762 6091 5757
f 5757 6091 6074
f 6076 5764 5759
f 6093 5764 6076
f 5765 6078 5760
f 5765 6094 6078
f 6096 5766 6095
f 5766 6079 6095
f 5766 5761 6079
f 6097 6096 6095
f 6098 6083 6082
f 6098 6082 6084
f 6098 6084 6099
f 6099 6084 6085
f 6100 6092 6091
f 6102 6100 6101
f 6101 6100 5767
f 6100 6091 5767
f 6091 5762 5767
f 5768 6101 5767
f 6104 6103 5771
f 5771 6103 5770
f 5771 5764 6093
f 5771 6093 6104
f 5772 6094 5765
f 5772 6105 6094
f 6107 6106 6096
f 6106 5766 6096
f 6106 5773 5766
f 6107 6096 6097
f 5774 5775 6108
f 6101 6109 6102
f 6109 6101 6110
f 5768 6110 6101
f 6110 5768 6111
f 5774 6111 5768
f 6111 5774 6108
f 6113 6112 6111
f 6111 6112 6110
f 6113 6114 6112
f 6117 6116 6115
f 6103 6117 6115
f 5777 6103 6115
f 5770 6103 5777
f 5778 6105 5772
f 5778 6118 6105
f 6120 5779 6119
f 5779 6106 6119
f 5779 5773 6106
f 6121 6120 6119
f 5780 6108 5775
f 6108 5780 5781
f 6122 6108 5781
f 6111 6108 6122
f 6111 6123 6113
f 6111 6122 6123
f 6114 6113 6124
f 6124 6113 6123
f 6127 6126 6125
f 6129 6128 6125
f 6125 6128 6127
f 6131 6130 6129
f 6129 6130 6128
f 6133 6132 6131
f 6131 6132 6130
f 6133 6134 6132
f 6115 6116 6135
f 6135 6116 6136
f 6135 5783 5777
f 6135 5777 6115
f 5784 6118 5778
f 5784 6137 6118
f 6139 6138 6120
f 6138 5779 6120
f 6138 5785 5779
f 6139 6120 6121
f 5786 6140 6122
f 5786 6122 5781
f 6122 6141 6123
f 6122 6140 6141
f 6124 6123 6142
f 6123 6143 6142
f 6123 6141 6143
f 6145 6144 6143
f 6143 6144 6142
f 6144 6145 6126
f 6145 6125 6126
f 6145 6146 6125
f 6125 6147 6129
f 6125 6146 6147
f 6147 5788 5789
f 6131 6147 5789
f 6129 6147 6131
f 6131 5789 5790
f 6148 6131 5790
f 6133 6131 6148
f 6134 6133 6149
f 6133 6150 6149
f 6133 6148 6150
f 6149 6150 6136
f 6150 6135 6136
f 6150 6151 6135
f 6151 5791 5783
f 6151 5783 6135
f 5792 6137 5784
f 5792 6152 6137
f 6138 5793 5785
f 6153 5793 6138
f 5794 6140 5786
f 6140 5794 5796
f 6140 5796 6141
f 6141 5796 5798
f 6154 6141 5798
f 6143 6141 6154
f 6154 5800 5801
f 6145 6154 5801
f 6143 6154 6145
f 6145 5801 5802
f 6145 5802 6146
f 6146 5802 5804
f 6146 5804 6147
f 6147 5804 5788
f 5807 6148 5790
f 6148 5807 5809
f 6148 5809 6150
f 6150 5809 5811
f 6150 5811 6151
f 6151 5811 5791
f 5813 6152 5792
f 5813 6155 6152
f 6153 5814 5793
f 6156 5814 6153
f 5816 6157 5817
f 6154 5798 5817
f 6157 6154 5817
f 6158 6154 6157
f 6159 5818 5800
f 6154 6159 5800
f 6158 6159 6154
f 6159 5820 5818
f 5826 6155 5813
f 5826 6160 6155
f 6156 5827 5814
f 6161 5827 6156
f 5828 6157 5816
f 6157 5828 5830
f 6157 5830 6158
f 6158 5830 5832
f 6158 5832 6159
f 6159 5832 5820
f 5840 6160 5826
f 5840 6162 6160
f 6161 5841 5827
f 6163 5841 6161
f 5847 6162 5840
f 5847 6164 6162
f 6163 5848 5841
f 6165 5848 6163
f 5849 6164 5847
f 5849 6166 6164
f 6165 5851 5848
f 6167 5851 6165
f 5852 6166 5849
f 5852 6168 6166
f 5854 5851 6169
f 5851 6170 6169
f 5851 6167 6170
f 6169 5855 5854
f 5856 6168 5852
f 5856 6171 6168
f 6169 6170 5858
f 6170 5857 5858
f 6170 6172 5857
f 6169 5858 5855
f 5859 6171 5856
f 5859 6173 6171
f 5860 5857 6174
f 5857 6175 6174
f 5857 6172 6175
f 6174 5861 5860
f 5862 6177 6176
f 6173 5862 6176
f 5859 5862 6173
f 6177 6178 6176
f 6174 6175 5864
f 6175 5863 5864
f 6175 6179 5863
f 6174 5864 5861
f 5865 6177 5862
f 6180 6178 6177
f 5865 6180 6177
f 5866 6180 5865
f 5866 5863 6179
f 5866 6179 6180
f 6183 6182 6181
f 6184 6181 6182
f 6183 6181 5868
f 5869 6183 5868
f 6185 6183 5869
f 5871 5868 6181
f 6186 5871 6181
f 6184 6186 6181
f 6187 5871 6186
f 6187 5872 5871
f 5873 6185 5869
f 5873 6188 6185
f 6186 6189 6187
f 5872 6187 6189
f 6190 5872 6189
f 5874 5872 6190
f 5875 6188 5873
f 5875 6191 6188
f 6190 5876 5874
f 6192 5876 6190
f 6194 6193 5878
f 6193 5875 5878
f 6193 6191 5875
f 6192 5879 5876
f 6195 5879 6192
f 5880 5881 6194
f 5881 6193 6194
f 5881 6196 6193
f 6199 6198 6197
f 6195 6199 6197
f 5882 6195 6197
f 5879 6195 5882
f 5883 6196 5881
f 5883 6200 6196
f 6201 5885 5886
f 6198 6202 6197
f 6203 6197 6202
f 6203 5882 6197
f 6203 6201 5886
f 5882 6203 5886
f 5887 6200 5883
f 5887 6204 6200
f 6201 5888 5885
f 5889 5888 6201
f 6203 5889 6201
f 6205 5889 6203
f 5890 6204 5887
f 5890 6206 6204
f 6205 5891 5889
f 6207 5891 6205
f 5892 6206 5890
f 5892 6208 6206
f 6207 5893 5891
f 6209 5893 6207
f 5895 6208 5892
f 5895 6210 6208
f 6209 5896 5893
f 6211 5896 6209
f 5904 6210 5895
f 5904 6212 6210
f 5905 5896 6213
f 5896 6214 6213
f 5896 6211 6214
f 6213 5907 5905
f 5911 6215 5912
f 6215 5914 5912
f 5919 6212 5904
f 5919 6216 6212
f 6213 6214 5921
f 6214 5920 5921
f 6214 6217 5920
f 6213 5921 5907
f 5923 6218 5922
f 5922 6218 6219
f 6220 5922 6219
f 5924 5922 6220
f 6220 6222 6221
f 5925 6220 6221
f 5924 6220 5925
f 6223 5926 5925
f 6223 5925 6221
f 6215 5911 5926
f 6223 6215 5926
f 6224 6215 6223
f 6224 5928 5914
f 6224 5914 6215
f 5929 6225 5930
f 6225 5932 5930
f 5936 6216 5919
f 5936 6226 6216
f 6217 5937 5920
f 6227 5937 6217
f 5940 6228 5939
f 6228 6229 5939
f 5939 6229 5923
f 6229 6230 5923
f 6230 6218 5923
f 6218 6230 6219
f 6222 6231 6221
f 6221 6231 6223
f 6223 6231 6232
f 6223 6232 6224
f 6224 6232 6233
f 6233 6235 6234
f 6233 6234 5941
f 6224 6233 5941
f 5928 6224 5941
f 6234 6236 5941
f 5941 6236 5929
f 6236 6237 5929
f 6237 6225 5929
f 6237 6239 6238
f 6237 6238 5942
f 6225 6237 5942
f 5932 6225 5942
f 6240 5943 5942
f 6240 5942 6238
f 6241 5944 5943
f 6241 5943 6240
f 6241 5946 5944
f 5947 6226 5936
f 5947 6242 6226
f 6227 6243 5937
f 5937 6243 5948
f 5949 5948 6243
f 5949 6243 6244
f 6247 6246 6245
f 5951 5952 6245
f 6246 5951 6245
f 6248 5951 6246
f 5940 5951 6228
f 5951 6249 6228
f 5951 6248 6249
f 6228 6249 6229
f 6235 6250 6234
f 6234 6250 6236
f 6239 6251 6238
f 6238 6251 6240
f 6240 6251 6252
f 6240 6252 6241
f 6241 6252 6253
f 6253 6255 6254
f 6253 6254 5954
f 6241 6253 5954
f 5946 6241 5954
f 6254 5955 5954
f 5956 6242 5947
f 5956 6256 6242
f 6258 5957 6257
f 5957 6244 6257
f 5957 5949 6244
f 6260 6259 6258
f 6260 6258 6257
f 6262 6261 6259
f 6262 6259 6260
f 6264 6263 6261
f 6264 6261 6262
f 6266 6265 6263
f 6266 6263 6264
f 6267 6265 6266
f 6270 6269 6268
f 6272 6271 6268
f 6272 6268 6269
f 6273 6271 6272
f 6276 6275 6274
f 6277 6274 6275
f 6247 6245 6278
f 6247 6278 6279
f 5959 6278 5952
f 5952 6278 6245
f 6254 6255 6280
f 6280 6255 6281
f 6280 5961 5955
f 6280 5955 6254
f 5962 6256 5956
f 5962 6282 6256
f 6258 5963 5957
f 5963 6258 5965
f 6258 6283 5965
f 6258 6259 6283
f 6284 6259 6261
f 6283 6259 6284
f 6285 6261 6263
f 6284 6261 6285
f 5968 6285 5967
f 6285 6265 5967
f 6285 6263 6265
f 6287 6286 5969
f 6287 5969 5967
f 6267 6287 5967
f 6265 6267 5967
f 6286 6287 6270
f 6268 6286 6270
f 6288 6286 6268
f 6289 6268 6271
f 6288 6268 6289
f 6271 6273 6290
f 6271 6290 6289
f 6292 6291 5971
f 6292 5971 5972
f 6294 6293 5974
f 5971 6294 5974
f 6291 6294 5971
f 6293 6294 6276
f 6293 6276 6274
f 5976 6293 6274
f 5975 5976 6274
f 6277 6295 6274
f 6295 5975 6274
f 6295 5978 5975
f 6278 5979 6279
f 5979 6295 6279
f 5979 5978 6295
f 5979 6278 5959
f 6281 6296 6280
f 5961 6280 6296
f 6297 5961 6296
f 5982 5961 6297
f 5983 6282 5962
f 5983 6298 6282
f 6299 5985 6283
f 6283 5985 5965
f 6300 6283 6284
f 6299 6283 6300
f 5988 6300 5987
f 6300 6285 5987
f 6300 6284 6285
f 5987 6285 5968
f 6286 5990 5969
f 5990 6286 5991
f 6286 6301 5991
f 6286 6288 6301
f 5994 6301 5993
f 6301 6289 5993
f 6301 6288 6289
f 5995 5993 6289
f 6290 5995 6289
f 6302 5995 6290
f 6305 6304 6303
f 6306 6303 6304
f 6308 6307 5997
f 6308 5997 5998
f 5972 5997 6292
f 6292 5997 6307
f 6293 6001 5974
f 6001 6293 5976
f 6005 5982 6309
f 5982 6310 6309
f 5982 6297 6310
f 6309 6006 6005
f 6007 6298 5983
f 6007 6311 6298
f 6299 6009 5985
f 6009 6299 6012
f 6012 6299 6300
f 6012 6300 5988
f 6301 6015 5991
f 6015 6301 5994
f 6302 6312 5995
f 5995 6312 6018
f 6303 6313 6020
f 6312 6303 6020
f 6018 6312 6020
f 6305 6303 6312
f 6303 6306 6314
f 6303 6314 6313
f 6022 6308 5998
f 6022 6315 6308
f 6310 6316 6309
f 6006 6309 6316
f 6317 6006 6316
f 6026 6006 6317
f 6027 6311 6007
f 6027 6318 6311
f 6319 6030 6031
f 6032 6320 6031
f 6031 6320 6319
f 6033 6320 6032
f 6321 6037 6038
f 6039 6321 6038
f 6322 6042 6313
f 6313 6042 6020
f 6313 6314 6323
f 6313 6323 6322
f 6022 6043 6324
f 6325 6022 6324
f 6315 6022 6325
f 6324 6043 6045
f 6328 6327 6326
f 6326 6329 6328
f 6317 6049 6026
f 6330 6049 6317
f 6332 6331 6051
f 6331 6027 6051
f 6331 6318 6027
f 6333 6054 6319
f 6319 6054 6030
f 6334 6319 6320
f 6333 6319 6334
f 6055 6335 6033
f 6335 6320 6033
f 6335 6334 6320
f 6056 6335 6055
f 6321 6059 6037
f 6059 6321 6039
f 6337 6336 6322
f 6336 6042 6322
f 6336 6063 6042
f 6337 6322 6323
f 6338 6325 6324
f 6065 6324 6045
f 6324 6065 6338
f 6339 6338 6065
f 6338 6339 6327
f 6326 6327 6339
f 6067 6340 6066
f 6340 6326 6066
f 6326 6339 6066
f 6326 6340 6329
f 6341 6067 6068
f 6341 6340 6067
f 6343 6341 6342
f 6341 6069 6342
f 6341 6068 6069
f 6071 6342 6069
f 6344 6073 6072
f 6075 6344 6072
f 6347 6346 6345
f 6330 6347 6345
f 6076 6330 6345
f 6049 6330 6076
f 6077 6078 6332
f 6078 6331 6332
f 6078 6348 6331
f 6349 6079 6080
f 6349 6080 6350
f 6080 6351 6350
f 6080 6081 6351
f 6081 6054 6333
f 6352 6081 6333
f 6351 6081 6352
f 6354 6353 6352
f 6333 6354 6352
f 6334 6354 6333
f 6355 6334 6335
f 6354 6334 6355
f 6083 6355 6056
f 6056 6355 6335
f 6356 6085 6086
f 6087 6357 6086
f 6086 6357 6356
f 6088 6358 6087
f 6087 6358 6357
f 6359 6358 6088
f 6063 6359 6088
f 6336 6359 6063
f 6089 6339 6065
f 6339 6089 6066
f 6360 6343 6342
f 6360 6342 6071
f 6090 6360 6071
f 6361 6360 6090
f 6090 6073 6344
f 6362 6090 6344
f 6361 6090 6362
f 6075 6092 6344
f 6092 6363 6344
f 6363 6362 6344
f 6363 6092 6364
f 6364 6365 6363
f 6345 6346 6366
f 6366 6346 6367
f 6366 6093 6076
f 6366 6076 6345
f 6094 6348 6078
f 6094 6368 6348
f 6349 6095 6079
f 6097 6095 6349
f 6350 6097 6349
f 6369 6097 6350
f 6370 6353 6354
f 6370 6354 6355
f 6370 6355 6371
f 6371 6355 6083
f 6098 6371 6083
f 6372 6371 6098
f 6374 6372 6373
f 6372 6099 6373
f 6372 6098 6099
f 6085 6356 6099
f 6356 6373 6099
f 6356 6375 6373
f 6357 6377 6376
f 6375 6357 6376
f 6356 6357 6375
f 6377 6357 6358
f 6377 6358 6378
f 6378 6358 6359
f 6100 6364 6092
f 6100 6102 6364
f 6102 6365 6364
f 6102 6379 6365
f 6382 6381 6380
f 6382 6380 6367
f 6367 6380 6366
f 6380 6103 6366
f 6103 6104 6366
f 6366 6104 6093
f 6105 6368 6094
f 6105 6383 6368
f 6385 6384 6107
f 6107 6384 6106
f 6107 6097 6369
f 6107 6369 6385
f 6386 6374 6373
f 6386 6373 6375
f 6386 6375 6387
f 6387 6375 6376
f 6388 6379 6102
f 6388 6102 6109
f 6389 6109 6110
f 6389 6388 6109
f 6390 6110 6112
f 6390 6389 6110
f 6112 6114 6390
f 6390 6114 6391
f 6394 6393 6392
f 6396 6395 6392
f 6392 6395 6394
f 6396 6397 6395
f 6400 6399 6398
f 6402 6401 6398
f 6398 6401 6400
f 6401 6402 6381
f 6381 6402 6380
f 6402 6116 6380
f 6116 6117 6380
f 6380 6117 6103
f 6118 6383 6105
f 6118 6403 6383
f 6384 6404 6106
f 6106 6404 6119
f 6121 6119 6404
f 6121 6404 6405
f 6124 6407 6406
f 6391 6124 6406
f 6114 6124 6391
f 6409 6408 6407
f 6407 6408 6406
f 6408 6409 6393
f 6393 6409 6392
f 6409 6126 6392
f 6126 6127 6392
f 6392 6127 6128
f 6392 6128 6396
f 6410 6397 6396
f 6128 6410 6396
f 6130 6410 6128
f 6132 6398 6399
f 6410 6132 6399
f 6130 6132 6410
f 6398 6132 6134
f 6411 6398 6134
f 6402 6398 6411
f 6411 6136 6116
f 6411 6116 6402
f 6137 6403 6118
f 6137 6412 6403
f 6414 6413 6139
f 6139 6413 6138
f 6139 6121 6405
f 6139 6405 6414
f 6142 6407 6124
f 6407 6142 6144
f 6407 6144 6409
f 6409 6144 6126
f 6149 6411 6134
f 6411 6149 6136
f 6152 6412 6137
f 6152 6415 6412
f 6413 6153 6138
f 6416 6153 6413
f 6155 6415 6152
f 6155 6417 6415
f 6416 6156 6153
f 6418 6156 6416
f 6160 6417 6155
f 6160 6419 6417
f 6418 6161 6156
f 6420 6161 6418
f 6162 6419 6160
f 6162 6421 6419
f 6420 6163 6161
f 6422 6163 6420
f 6164 6421 6162
f 6164 6423 6421
f 6422 6165 6163
f 6424 6165 6422
f 6166 6423 6164
f 6166 6425 6423
f 6424 6167 6165
f 6426 6167 6424
f 6168 6425 6166
f 6168 6427 6425
f 6426 6170 6167
f 6428 6170 6426
f 6171 6430 6429
f 6427 6171 6429
f 6168 6171 6427
f 6430 6431 6429
f 6428 6172 6170
f 6432 6172 6428
f 6434 6433 6430
f 6171 6434 6430
f 6173 6434 6171
f 6430 6433 6431
f 6432 6175 6172
f 6435 6175 6432
f 6436 6434 6173
f 6436 6173 6176
f 6438 6437 6178
f 6437 6176 6178
f 6437 6436 6176
f 6435 6437 6438
f 6179 6435 6438
f 6175 6435 6179
f 6180 6438 6178
f 6438 6180 6179
f 6183 6439 6182
f 6439 6184 6182
f 6441 6440 6439
f 6183 6441 6439
f 6185 6441 6183
f 6184 6439 6440
f 6442 6184 6440
f 6186 6184 6442
f 6188 6441 6185
f 6188 6443 6441
f 6189 6186 6444
f 6186 6445 6444
f 6186 6442 6445
f 6444 6190 6189
f 6191 6443 6188
f 6191 6446 6443
f 6444 6445 6447
f 6447 6445 6448
f 6447 6192 6190
f 6447 6190 6444
f 6450 6446 6449
f 6446 6193 6449
f 6446 6191 6193
f 6448 6451 6447
f 6192 6447 6451
f 6452 6192 6451
f 6195 6192 6452
f 6449 6193 6453
f 6193 6454 6453
f 6193 6196 6454
f 6456 6455 6199
f 6199 6455 6198
f 6199 6195 6452
f 6199 6452 6456
f 6200 6454 6196
f 6200 6457 6454
f 6202 6198 6458
f 6198 6459 6458
f 6198 6455 6459
f 6458 6203 6202
f 6204 6457 6200
f 6204 6460 6457
f 6458 6459 6461
f 6461 6459 6462
f 6461 6205 6203
f 6461 6203 6458
f 6206 6460 6204
f 6206 6463 6460
f 6462 6464 6461
f 6205 6461 6464
f 6465 6205 6464
f 6207 6205 6465
f 6208 6463 6206
f 6208 6466 6463
f 6465 6209 6207
f 6467 6209 6465
f 6210 6466 6208
f 6210 6468 6466
f 6467 6211 6209
f 6469 6211 6467
f 6212 6468 6210
f 6212 6470 6468
f 6472 6214 6471
f 6214 6469 6471
f 6214 6211 6469
f 6473 6472 6471
f 6216 6470 6212
f 6216 6474 6470
f 6475 6217 6472
f 6472 6217 6214
f 6472 6473 6476
f 6472 6476 6475
f 6219 6477 6220
f 6477 6222 6220
f 6226 6474 6216
f 6226 6478 6474
f 6480 6479 6475
f 6479 6217 6475
f 6479 6227 6217
f 6480 6475 6476
f 6229 6481 6230
f 6481 6482 6230
f 6230 6482 6219
f 6482 6483 6219
f 6483 6477 6219
f 6477 6483 6222
f 6483 6231 6222
f 6483 6484 6231
f 6484 6486 6485
f 6232 6484 6485
f 6231 6484 6232
f 6487 6233 6232
f 6487 6232 6485
f 6487 6235 6233
f 6236 6488 6237
f 6488 6239 6237
f 6242 6478 6226
f 6242 6489 6478
f 6479 6490 6227
f 6227 6490 6243
f 6244 6243 6490
f 6244 6490 6491
f 6494 6493 6492
f 6495 6492 6493
f 6497 6496 6246
f 6497 6246 6247
f 6246 6498 6248
f 6496 6498 6246
f 6248 6499 6249
f 6498 6499 6248
f 6229 6249 6481
f 6249 6500 6481
f 6249 6499 6500
f 6481 6500 6482
f 6486 6501 6485
f 6485 6501 6487
f 6487 6501 6502
f 6487 6502 6235
f 6502 6250 6235
f 6502 6503 6250
f 6236 6250 6488
f 6250 6504 6488
f 6250 6503 6504
f 6488 6504 6239
f 6504 6251 6239
f 6504 6505 6251
f 6251 6506 6252
f 6505 6506 6251
f 6506 6508 6507
f 6253 6506 6507
f 6252 6506 6253
f 6507 6255 6253
f 6256 6489 6242
f 6256 6509 6489
f 6491 6510 6244
f 6244 6510 6257
f 6257 6511 6260
f 6510 6511 6257
f 6260 6512 6262
f 6511 6512 6260
f 6262 6513 6264
f 6512 6513 6262
f 6264 6514 6266
f 6513 6514 6264
f 6492 6515 6267
f 6514 6492 6267
f 6266 6514 6267
f 6494 6492 6514
f 6516 6269 6270
f 6492 6516 6270
f 6515 6492 6270
f 6516 6492 6495
f 6269 6517 6272
f 6516 6517 6269
f 6273 6272 6517
f 6273 6517 6518
f 6521 6520 6519
f 6522 6519 6520
f 6525 6524 6523
f 6275 6276 6523
f 6524 6275 6523
f 6526 6275 6524
f 6528 6527 6277
f 6275 6528 6277
f 6526 6528 6275
f 6528 6497 6527
f 6497 6279 6527
f 6497 6247 6279
f 6508 6529 6507
f 6255 6507 6529
f 6530 6255 6529
f 6281 6255 6530
f 6282 6509 6256
f 6282 6531 6509
f 6515 6287 6267
f 6287 6515 6270
f 6533 6290 6532
f 6290 6518 6532
f 6290 6273 6518
f 6535 6534 6533
f 6535 6533 6532
f 6537 6536 6534
f 6537 6534 6535
f 6536 6537 6521
f 6519 6536 6521
f 6538 6536 6519
f 6539 6291 6292
f 6519 6539 6292
f 6538 6519 6292
f 6539 6519 6522
f 6523 6294 6525
f 6294 6539 6525
f 6294 6291 6539
f 6294 6523 6276
f 6527 6295 6277
f 6295 6527 6279
f 6530 6540 6281
f 6281 6540 6296
f 6297 6296 6540
f 6297 6540 6541
f 6298 6531 6282
f 6298 6542 6531
f 6543 6302 6533
f 6533 6302 6290
f 6305 6543 6304
f 6543 6534 6304
f 6543 6533 6534
f 6534 6536 6544
f 6306 6534 6544
f 6545 6306 6544
f 6534 6306 6304
f 6308 6546 6307
f 6546 6536 6307
f 6536 6538 6307
f 6546 6544 6536
f 6307 6538 6292
f 6541 6310 6297
f 6547 6310 6541
f 6311 6542 6298
f 6311 6548 6542
f 6543 6312 6302
f 6312 6543 6305
f 6550 6314 6549
f 6314 6545 6549
f 6314 6306 6545
f 6549 6546 6550
f 6546 6315 6550
f 6546 6308 6315
f 6316 6310 6551
f 6310 6552 6551
f 6310 6547 6552
f 6551 6317 6316
f 6318 6548 6311
f 6318 6553 6548
f 6554 6323 6550
f 6550 6323 6314
f 6325 6554 6315
f 6315 6554 6550
f 6555 6327 6328
f 6329 6555 6328
f 6551 6552 6556
f 6556 6552 6557
f 6556 6330 6317
f 6556 6317 6551
f 6331 6553 6318
f 6331 6558 6553
f 6559 6336 6337
f 6323 6554 6337
f 6554 6559 6337
f 6554 6560 6559
f 6560 6554 6325
f 6561 6560 6325
f 6338 6561 6325
f 6562 6560 6561
f 6561 6338 6327
f 6563 6561 6327
f 6555 6563 6327
f 6561 6563 6564
f 6340 6565 6329
f 6565 6555 6329
f 6565 6563 6555
f 6341 6566 6340
f 6340 6566 6565
f 6343 6566 6341
f 6556 6557 6347
f 6557 6346 6347
f 6557 6567 6346
f 6556 6347 6330
f 6348 6558 6331
f 6348 6568 6558
f 6570 6569 6351
f 6351 6569 6350
f 6572 6570 6571
f 6570 6352 6571
f 6570 6351 6352
f 6353 6571 6352
f 6573 6359 6559
f 6559 6359 6336
f 6560 6575 6574
f 6573 6560 6574
f 6559 6560 6573
f 6575 6560 6562
f 6576 6564 6563
f 6576 6563 6565
f 6576 6565 6577
f 6577 6565 6566
f 6577 6566 6578
f 6578 6566 6343
f 6360 6578 6343
f 6579 6578 6360
f 6581 6579 6580
f 6579 6361 6580
f 6579 6360 6361
f 6362 6582 6361
f 6361 6582 6580
f 6363 6583 6362
f 6362 6583 6582
f 6365 6583 6363
f 6586 6585 6584
f 6567 6586 6584
f 6367 6567 6584
f 6346 6567 6367
f 6368 6568 6348
f 6368 6587 6568
f 6569 6369 6350
f 6588 6369 6569
f 6589 6572 6571
f 6589 6571 6353
f 6370 6589 6353
f 6590 6589 6370
f 6591 6370 6371
f 6591 6590 6370
f 6593 6591 6592
f 6591 6372 6592
f 6591 6371 6372
f 6374 6592 6372
f 6594 6376 6377
f 6594 6377 6595
f 6377 6596 6595
f 6377 6378 6596
f 6378 6359 6573
f 6597 6378 6573
f 6596 6378 6597
f 6597 6573 6574
f 6598 6581 6580
f 6598 6580 6582
f 6598 6582 6599
f 6599 6582 6583
f 6599 6583 6600
f 6583 6365 6600
f 6365 6601 6600
f 6365 6379 6601
f 6604 6603 6602
f 6602 6605 6604
f 6608 6607 6606
f 6608 6606 6585
f 6585 6606 6584
f 6606 6381 6584
f 6381 6382 6584
f 6584 6382 6367
f 6383 6587 6368
f 6383 6609 6587
f 6611 6610 6385
f 6385 6610 6384
f 6385 6369 6588
f 6385 6588 6611
f 6612 6593 6592
f 6612 6592 6374
f 6386 6612 6374
f 6613 6612 6386
f 6614 6386 6387
f 6614 6613 6386
f 6387 6376 6594
f 6615 6387 6594
f 6614 6387 6615
f 6615 6594 6595
f 6616 6601 6379
f 6616 6379 6388
f 6617 6388 6389
f 6617 6616 6388
f 6618 6389 6390
f 6618 6617 6389
f 6620 6619 6391
f 6619 6390 6391
f 6619 6618 6390
f 6622 6621 6620
f 6620 6621 6619
f 6393 6394 6622
f 6394 6621 6622
f 6394 6623 6621
f 6624 6394 6395
f 6624 6623 6394
f 6625 6602 6397
f 6602 6624 6397
f 6624 6395 6397
f 6602 6603 6624
f 6400 6626 6399
f 6626 6602 6399
f 6602 6625 6399
f 6602 6626 6605
f 6401 6606 6607
f 6626 6401 6607
f 6400 6401 6626
f 6606 6401 6381
f 6403 6609 6383
f 6403 6627 6609
f 6404 6384 6628
f 6384 6629 6628
f 6384 6610 6629
f 6628 6405 6404
f 6406 6620 6391
f 6620 6406 6408
f 6620 6408 6622
f 6622 6408 6393
f 6410 6625 6397
f 6625 6410 6399
f 6412 6627 6403
f 6412 6630 6627
f 6628 6629 6414
f 6629 6413 6414
f 6629 6631 6413
f 6628 6414 6405
f 6415 6630 6412
f 6415 6632 6630
f 6631 6416 6413
f 6633 6416 6631
f 6417 6632 6415
f 6417 6634 6632
f 6633 6418 6416
f 6635 6418 6633
f 6419 6634 6417
f 6419 6636 6634
f 6635 6420 6418
f 6637 6420 6635
f 6421 6636 6419
f 6421 6638 6636
f 6637 6422 6420
f 6639 6422 6637
f 6423 6638 6421
f 6423 6640 6638
f 6639 6424 6422
f 6641 6424 6639
f 6425 6640 6423
f 6425 6642 6640
f 6641 6426 6424
f 6643 6426 6641
f 6427 6642 6425
f 6427 6644 6642
f 6643 6428 6426
f 6645 6428 6643
f 6427 6429 6646
f 6647 6427 6646
f 6644 6427 6647
f 6431 6646 6429
f 6645 6432 6428
f 6648 6432 6645
f 6647 6650 6649
f 6647 6434 6650
f 6647 6646 6433
f 6434 6647 6433
f 6431 6433 6646
f 6652 6649 6651
f 6650 6651 6649
f 6648 6652 6651
f 6435 6648 6651
f 6432 6648 6435
f 6436 6650 6434
f 6650 6436 6437
f 6650 6437 6651
f 6651 6437 6435
f 6654 6653 6440
f 6654 6440 6441
f 6442 6440 6653
f 6442 6653 6655
f 6443 6654 6441
f 6443 6656 6654
f 6655 6445 6442
f 6657 6445 6655
f 6446 6656 6443
f 6446 6658 6656
f 6657 6448 6445
f 6659 6448 6657
f 6446 6450 6658
f 6658 6450 6660
f 6659 6661 6448
f 6448 6661 6451
f 6452 6451 6661
f 6452 6661 6662
f 6453 6454 6663
f 6663 6454 6664
f 6666 6665 6456
f 6456 6665 6455
f 6456 6452 6662
f 6456 6662 6666
f 6457 6664 6454
f 6457 6667 6664
f 6669 6459 6668
f 6459 6665 6668
f 6459 6455 6665
f 6670 6669 6668
f 6460 6667 6457
f 6460 6671 6667
f 6673 6672 6669
f 6672 6459 6669
f 6672 6462 6459
f 6673 6669 6670
f 6463 6671 6460
f 6463 6674 6671
f 6672 6675 6462
f 6462 6675 6464
f 6465 6464 6675
f 6465 6675 6676
f 6466 6674 6463
f 6466 6677 6674
f 6676 6467 6465
f 6678 6467 6676
f 6468 6677 6466
f 6468 6679 6677
f 6678 6469 6467
f 6680 6469 6678
f 6470 6679 6468
f 6470 6681 6679
f 6471 6469 6682
f 6469 6683 6682
f 6469 6680 6683
f 6682 6473 6471
f 6474 6681 6470
f 6474 6684 6681
f 6683 6685 6682
f 6473 6682 6685
f 6686 6473 6685
f 6476 6473 6686
f 6478 6684 6474
f 6478 6687 6684
f 6689 6688 6480
f 6480 6688 6479
f 6480 6476 6686
f 6480 6686 6689
f 6482 6690 6483
f 6691 6484 6483
f 6691 6483 6690
f 6691 6486 6484
f 6489 6687 6478
f 6489 6692 6687
f 6688 6693 6479
f 6479 6693 6490
f 6491 6490 6693
f 6491 6693 6694
f 6494 6695 6493
f 6695 6495 6493
f 6497 6696 6496
f 6697 6498 6496
f 6697 6496 6696
f 6498 6697 6698
f 6699 6498 6698
f 6499 6498 6699
f 6499 6700 6500
f 6699 6700 6499
f 6482 6500 6690
f 6500 6701 6690
f 6500 6700 6701
f 6690 6701 6691
f 6691 6701 6702
f 6691 6702 6486
f 6702 6501 6486
f 6702 6703 6501
f 6703 6705 6704
f 6502 6703 6704
f 6501 6703 6502
f 6706 6503 6502
f 6706 6502 6704
f 6707 6504 6503
f 6707 6503 6706
f 6708 6505 6504
f 6708 6504 6707
f 6709 6506 6505
f 6709 6505 6708
f 6709 6508 6506
f 6509 6692 6489
f 6509 6710 6692
f 6694 6711 6491
f 6491 6711 6510
f 6510 6712 6511
f 6711 6712 6510
f 6712 6714 6713
f 6512 6712 6713
f 6511 6712 6512
f 6512 6713 6715
f 6716 6512 6715
f 6513 6512 6716
f 6513 6717 6514
f 6716 6717 6513
f 6494 6514 6695
f 6514 6718 6695
f 6514 6717 6718
f 6695 6718 6495
f 6718 6516 6495
f 6718 6719 6516
f 6719 6721 6720
f 6517 6719 6720
f 6516 6719 6517
f 6720 6518 6517
f 6521 6722 6520
f 6522 6520 6722
f 6725 6724 6723
f 6726 6524 6525
f 6727 6725 6723
f 6524 6726 6728
f 6729 6524 6728
f 6526 6524 6729
f 6526 6730 6528
f 6729 6730 6526
f 6497 6528 6696
f 6528 6731 6696
f 6528 6730 6731
f 6696 6731 6697
f 6697 6731 6732
f 6697 6732 6698
f 6705 6733 6704
f 6704 6733 6706
f 6706 6733 6734
f 6706 6734 6707
f 6707 6734 6735
f 6707 6735 6708
f 6708 6735 6736
f 6708 6736 6709
f 6709 6736 6737
f 6737 6739 6738
f 6737 6738 6529
f 6709 6737 6529
f 6508 6709 6529
f 6738 6530 6529
f 6531 6710 6509
f 6531 6740 6710
f 6714 6741 6713
f 6713 6741 6715
f 6721 6742 6720
f 6720 6742 6518
f 6742 6532 6518
f 6742 6743 6532
f 6743 6745 6744
f 6535 6743 6744
f 6532 6743 6535
f 6746 6537 6535
f 6746 6535 6744
f 6746 6747 6537
f 6537 6747 6521
f 6747 6748 6521
f 6748 6722 6521
f 6724 6725 6748
f 6725 6539 6748
f 6522 6722 6748
f 6522 6748 6539
f 6725 6727 6539
f 6727 6749 6539
f 6726 6525 6539
f 6726 6539 6749
f 6726 6749 6728
f 6739 6750 6738
f 6750 6752 6751
f 6750 6751 6540
f 6738 6750 6540
f 6530 6738 6540
f 6751 6541 6540
f 6542 6740 6531
f 6542 6753 6740
f 6744 6745 6754
f 6754 6745 6755
f 6754 6545 6544
f 6746 6754 6544
f 6744 6754 6746
f 6544 6546 6746
f 6546 6747 6746
f 6546 6756 6747
f 6752 6757 6751
f 6541 6751 6757
f 6758 6541 6757
f 6547 6541 6758
f 6548 6753 6542
f 6548 6759 6753
f 6755 6760 6754
f 6754 6760 6545
f 6760 6549 6545
f 6760 6761 6549
f 6546 6549 6756
f 6756 6549 6761
f 6758 6552 6547
f 6762 6552 6758
f 6553 6759 6548
f 6553 6763 6759
f 6766 6765 6764
f 6764 6767 6766
f 6770 6769 6768
f 6768 6771 6770
f 6774 6773 6772
f 6762 6774 6772
f 6557 6762 6772
f 6552 6762 6557
f 6558 6763 6553
f 6558 6775 6763
f 6778 6777 6776
f 6776 6779 6778
f 6764 6765 6780
f 6780 6765 6781
f 6767 6764 6782
f 6764 6783 6782
f 6764 6780 6783
f 6769 6561 6768
f 6561 6769 6783
f 6782 6783 6769
f 6561 6783 6562
f 6786 6785 6784
f 6786 6784 6564
f 6784 6771 6564
f 6768 6561 6564
f 6768 6564 6771
f 6773 6787 6772
f 6557 6772 6787
f 6788 6557 6787
f 6567 6557 6788
f 6568 6775 6558
f 6568 6789 6775
f 6790 6569 6570
f 6572 6790 6570
f 6777 6791 6776
f 6776 6791 6779
f 6780 6781 6792
f 6792 6781 6793
f 6792 6574 6575
f 6783 6792 6575
f 6780 6792 6783
f 6786 6794 6785
f 6562 6783 6575
f 6794 6786 6564
f 6576 6794 6564
f 6795 6794 6576
f 6796 6576 6577
f 6796 6795 6576
f 6797 6577 6578
f 6797 6796 6577
f 6798 6578 6579
f 6798 6797 6578
f 6579 6581 6798
f 6798 6581 6799
f 6801 6800 6586
f 6586 6800 6585
f 6586 6567 6788
f 6586 6788 6801
f 6587 6789 6568
f 6587 6802 6789
f 6804 6803 6790
f 6803 6569 6790
f 6803 6588 6569
f 6804 6790 6572
f 6589 6804 6572
f 6805 6804 6589
f 6806 6589 6590
f 6806 6805 6589
f 6807 6590 6591
f 6807 6806 6590
f 6591 6593 6807
f 6807 6593 6808
f 6811 6810 6809
f 6809 6812 6811
f 6814 6813 6596
f 6596 6813 6595
f 6597 6792 6793
f 6814 6597 6793
f 6596 6597 6814
f 6792 6597 6574
f 6815 6799 6581
f 6815 6581 6598
f 6816 6598 6599
f 6816 6815 6598
f 6817 6599 6600
f 6817 6816 6599
f 6600 6601 6817
f 6817 6601 6818
f 6821 6820 6819
f 6823 6822 6819
f 6819 6822 6821
f 6603 6604 6823
f 6604 6822 6823
f 6604 6824 6822
f 6826 6825 6605
f 6825 6604 6605
f 6825 6824 6604
f 6607 6608 6826
f 6608 6825 6826
f 6608 6827 6825
f 6608 6585 6800
f 6608 6800 6827
f 6609 6802 6587
f 6609 6828 6802
f 6830 6829 6611
f 6611 6829 6610
f 6611 6588 6803
f 6611 6803 6830
f 6831 6808 6593
f 6831 6593 6612
f 6832 6612 6613
f 6832 6831 6612
f 6614 6809 6810
f 6832 6614 6810
f 6613 6614 6832
f 6833 6812 6809
f 6614 6833 6809
f 6615 6833 6614
f 6615 6595 6813
f 6615 6813 6833
f 6834 6818 6601
f 6834 6601 6616
f 6835 6616 6617
f 6835 6834 6616
f 6836 6617 6618
f 6836 6835 6617
f 6837 6618 6619
f 6837 6836 6618
f 6838 6619 6621
f 6838 6837 6619
f 6623 6819 6820
f 6838 6623 6820
f 6621 6623 6838
f 6819 6623 6624
f 6819 6624 6823
f 6823 6624 6603
f 6626 6826 6605
f 6826 6626 6607
f 6627 6828 6609
f 6627 6839 6828
f 6841 6629 6840
f 6629 6829 6840
f 6629 6610 6829
f 6842 6841 6840
f 6630 6839 6627
f 6630 6843 6839
f 6845 6844 6841
f 6844 6629 6841
f 6844 6631 6629
f 6845 6841 6842
f 6632 6843 6630
f 6632 6846 6843
f 6844 6633 6631
f 6847 6633 6844
f 6634 6846 6632
f 6634 6848 6846
f 6847 6635 6633
f 6849 6635 6847
f 6636 6848 6634
f 6636 6850 6848
f 6849 6637 6635
f 6851 6637 6849
f 6638 6850 6636
f 6638 6852 6850
f 6851 6639 6637
f 6853 6639 6851
f 6640 6852 6638
f 6640 6854 6852
f 6853 6641 6639
f 6855 6641 6853
f 6642 6854 6640
f 6642 6856 6854
f 6859 6858 6857
f 6855 6859 6857
f 6643 6855 6857
f 6641 6855 6643
f 6644 6856 6642
f 6644 6860 6856
f 6858 6861 6857
f 6643 6857 6861
f 6862 6643 6861
f 6645 6643 6862
f 6647 6860 6644
f 6647 6863 6860
f 6862 6648 6645
f 6864 6648 6862
f 6865 6863 6647
f 6865 6647 6649
f 6866 6649 6652
f 6866 6865 6649
f 6652 6648 6864
f 6652 6864 6866
f 6654 6867 6653
f 6867 6655 6653
f 6869 6868 6867
f 6654 6869 6867
f 6656 6869 6654
f 6655 6867 6868
f 6870 6655 6868
f 6657 6655 6870
f 6658 6869 6656
f 6658 6871 6869
f 6870 6659 6657
f 6872 6659 6870
f 6658 6660 6871
f 6871 6660 6873
f 6661 6659 6874
f 6659 6875 6874
f 6659 6872 6875
f 6874 6662 6661
f 6663 6664 6876
f 6876 6664 6877
f 6879 6878 6875
f 6878 6665 6875
f 6666 6874 6875
f 6666 6875 6665
f 6666 6662 6874
f 6878 6879 6880
f 6667 6877 6664
f 6667 6881 6877
f 6883 6668 6882
f 6668 6665 6882
f 6882 6665 6878
f 6884 6882 6878
f 6878 6880 6884
f 6668 6883 6670
f 6671 6881 6667
f 6671 6885 6881
f 6886 6672 6673
f 6882 6887 6883
f 6888 6883 6887
f 6888 6670 6883
f 6888 6886 6673
f 6670 6888 6673
f 6890 6885 6889
f 6885 6674 6889
f 6885 6671 6674
f 6886 6675 6672
f 6676 6675 6886
f 6888 6676 6886
f 6891 6676 6888
f 6889 6674 6892
f 6674 6893 6892
f 6674 6677 6893
f 6891 6678 6676
f 6894 6678 6891
f 6679 6893 6677
f 6679 6895 6893
f 6894 6680 6678
f 6896 6680 6894
f 6681 6895 6679
f 6681 6897 6895
f 6899 6683 6898
f 6683 6896 6898
f 6683 6680 6896
f 6900 6899 6898
f 6902 6897 6901
f 6897 6684 6901
f 6897 6681 6684
f 6899 6685 6683
f 6686 6685 6899
f 6900 6686 6899
f 6903 6686 6900
f 6901 6684 6904
f 6684 6905 6904
f 6684 6687 6905
f 6906 6688 6689
f 6907 6906 6689
f 6686 6907 6689
f 6903 6907 6686
f 6692 6905 6687
f 6692 6908 6905
f 6906 6693 6688
f 6694 6693 6906
f 6907 6694 6906
f 6909 6694 6907
f 6698 6910 6699
f 6911 6700 6699
f 6911 6699 6910
f 6912 6701 6700
f 6912 6700 6911
f 6913 6702 6701
f 6913 6701 6912
f 6914 6703 6702
f 6914 6702 6913
f 6914 6705 6703
f 6710 6908 6692
f 6710 6915 6908
f 6909 6916 6694
f 6694 6916 6711
f 6711 6917 6712
f 6916 6917 6711
f 6714 6712 6917
f 6714 6917 6918
f 6715 6919 6716
f 6920 6717 6716
f 6920 6716 6919
f 6921 6718 6717
f 6921 6717 6920
f 6922 6719 6718
f 6922 6718 6921
f 6922 6721 6719
f 6724 6923 6723
f 6923 6727 6723
f 6728 6924 6729
f 6925 6730 6729
f 6925 6729 6924
f 6926 6731 6730
f 6926 6730 6925
f 6927 6732 6731
f 6927 6731 6926
f 6910 6698 6732
f 6927 6910 6732
f 6928 6910 6927
f 6930 6911 6929
f 6911 6928 6929
f 6911 6910 6928
f 6932 6931 6930
f 6931 6911 6930
f 6931 6912 6911
f 6934 6913 6933
f 6913 6931 6933
f 6913 6912 6931
f 6936 6935 6934
f 6935 6913 6934
f 6935 6914 6913
f 6937 6733 6705
f 6914 6937 6705
f 6935 6937 6914
f 6938 6734 6733
f 6938 6733 6937
f 6939 6735 6734
f 6939 6734 6938
f 6940 6736 6735
f 6940 6735 6939
f 6941 6737 6736
f 6941 6736 6940
f 6941 6739 6737
f 6943 6915 6942
f 6915 6740 6942
f 6915 6710 6740
f 6741 6714 6944
f 6714 6945 6944
f 6714 6918 6945
f 6919 6715 6741
f 6944 6919 6741
f 6946 6919 6944
f 6919 6947 6920
f 6919 6946 6947
f 6920 6948 6921
f 6920 6947 6948
f 6921 6949 6922
f 6921 6948 6949
f 6950 6742 6721
f 6922 6950 6721
f 6949 6950 6922
f 6951 6743 6742
f 6951 6742 6950
f 6951 6745 6743
f 6953 6952 6748
f 6953 6748 6747
f 6724 6748 6923
f 6748 6954 6923
f 6748 6952 6954
f 6923 6954 6727
f 6954 6749 6727
f 6954 6955 6749
f 6749 6955 6728
f 6955 6956 6728
f 6956 6924 6728
f 6956 6955 6957
f 6924 6958 6925
f 6924 6956 6958
f 6925 6959 6926
f 6925 6958 6959
f 6926 6960 6927
f 6926 6959 6960
f 6962 6928 6961
f 6928 6960 6961
f 6928 6927 6960
f 6965 6964 6963
f 6928 6962 6929
f 6966 6931 6932
f 6964 6967 6963
f 6931 6966 6933
f 6936 6968 6935
f 6935 6968 6937
f 6937 6968 6969
f 6971 6970 6969
f 6970 6937 6969
f 6970 6938 6937
f 6938 6972 6939
f 6938 6970 6972
f 6939 6973 6940
f 6939 6972 6973
f 6940 6974 6941
f 6940 6973 6974
f 6975 6750 6739
f 6941 6975 6739
f 6974 6975 6941
f 6975 6752 6750
f 6942 6740 6976
f 6740 6977 6976
f 6740 6753 6977
f 6944 6945 6978
f 6978 6945 6979
f 6981 6946 6980
f 6946 6978 6980
f 6946 6944 6978
f 6946 6981 6947
f 6947 6981 6982
f 6984 6983 6982
f 6983 6947 6982
f 6983 6948 6947
f 6948 6985 6949
f 6948 6983 6985
f 6949 6986 6950
f 6949 6985 6986
f 6950 6987 6951
f 6950 6986 6987
f 6987 6755 6745
f 6987 6745 6951
f 6756 6953 6747
f 6756 6988 6953
f 6957 6989 6956
f 6991 6990 6989
f 6990 6956 6989
f 6990 6958 6956
f 6958 6992 6959
f 6958 6990 6992
f 6994 6960 6993
f 6960 6992 6993
f 6960 6959 6992
f 6960 6994 6961
f 6964 6965 6995
f 6995 6965 6996
f 6967 6964 6997
f 6997 6964 6995
f 6971 6998 6970
f 7000 6999 6998
f 6999 6970 6998
f 6999 6972 6970
f 7002 6973 7001
f 6973 6999 7001
f 6973 6972 6999
f 7004 7003 7002
f 7003 6973 7002
f 7003 6974 6973
f 6974 7005 6975
f 6974 7003 7005
f 7006 6757 6752
f 6975 7006 6752
f 7005 7006 6975
f 7006 6758 6757
f 6759 6977 6753
f 6759 7007 6977
f 6978 6979 7008
f 7008 6979 7009
f 6980 6978 7010
f 7010 6978 7008
f 7013 7012 7011
f 7013 7011 6984
f 7011 6983 6984
f 7011 7014 6983
f 7016 6985 7015
f 6985 7014 7015
f 6985 6983 7014
f 7018 7017 7016
f 7017 6985 7016
f 7017 6986 6985
f 6986 7019 6987
f 6986 7017 7019
f 7020 6760 6755
f 6987 7020 6755
f 7019 7020 6987
f 7021 6761 6760
f 7021 6760 7020
f 6988 6756 7022
f 6756 7021 7022
f 7021 7023 7022
f 6756 6761 7021
f 7023 7024 7022
f 6990 6991 7025
f 7025 6991 7026
f 6990 7027 6992
f 6990 7025 7027
f 6993 6992 7028
f 7028 6992 7027
f 6996 7029 6995
f 6995 7029 6997
f 7000 7030 6999
f 6999 7030 7001
f 7003 7004 7031
f 7031 7004 7032
f 7003 7033 7005
f 7003 7031 7033
f 7005 7034 7006
f 7005 7033 7034
f 7034 6762 6758
f 7034 6758 7006
f 6763 7007 6759
f 6763 7035 7007
f 7009 7036 7008
f 7008 7036 7010
f 7012 7037 7011
f 7011 7037 7014
f 7014 7037 7038
f 7038 7039 7014
f 7039 7040 7014
f 7041 7015 7014
f 7041 7014 7040
f 7043 7042 7040
f 7042 7017 7040
f 7018 7041 7040
f 7018 7040 7017
f 7017 7042 7019
f 7019 7042 7044
f 7045 6765 6766
f 7019 7045 6766
f 7020 7019 6766
f 7044 7045 7019
f 7020 6766 6767
f 7046 7020 6767
f 7021 7020 7046
f 7048 6770 7047
f 7048 7047 7049
f 7048 7049 7050
f 7048 7050 7023
f 7048 7023 7021
f 7048 7021 7046
f 7048 7046 6769
f 7048 6769 6770
f 7050 7024 7023
f 6771 7047 6770
f 7053 7052 7051
f 7054 7025 7026
f 7051 7055 7053
f 7025 7054 7027
f 7027 7054 7056
f 7027 7056 7028
f 7032 7057 7031
f 7059 7058 7057
f 7058 7031 7057
f 7058 7033 7031
f 7058 6773 6774
f 7034 7058 6774
f 7033 7058 7034
f 7034 6774 6762
f 6775 7035 6763
f 6775 7060 7035
f 7062 7061 6778
f 6778 7061 6777
f 6778 6779 7062
f 7062 6779 7063
f 7066 7065 7064
f 7068 7067 7064
f 7067 7040 7064
f 7039 7066 7064
f 7039 7064 7040
f 7040 7067 7043
f 7045 6781 6765
f 7069 6781 7045
f 6782 7046 6767
f 7047 7070 7049
f 7071 6784 6785
f 7046 6782 6769
f 7070 7047 7072
f 6771 7072 7047
f 7072 6771 7073
f 6784 7073 6771
f 7073 6784 7071
f 7075 7074 7073
f 7073 7074 7072
f 7077 7076 7075
f 7076 7051 7075
f 7052 7074 7075
f 7052 7075 7051
f 7076 7078 7051
f 7078 7079 7051
f 7080 7055 7051
f 7080 7051 7079
f 7079 7081 7080
f 7084 7083 7082
f 7084 7082 7059
f 7082 7058 7059
f 7082 7085 7058
f 7086 6787 6773
f 7058 7086 6773
f 7085 7086 7058
f 7086 6788 6787
f 6789 7060 6775
f 6789 7087 7060
f 6791 6777 7088
f 6777 7089 7088
f 6777 7061 7089
f 7063 6779 7090
f 6779 7088 7090
f 7088 7091 7090
f 6779 6791 7088
f 7093 7092 7091
f 7091 7092 7090
f 7092 7093 7065
f 7093 7064 7065
f 7093 7094 7064
f 7068 7064 7095
f 7095 7064 7094
f 7098 7097 7096
f 7069 7098 7096
f 6793 7069 7096
f 6781 7069 6793
f 6794 7071 6785
f 7071 6794 6795
f 7071 6795 7073
f 7073 6795 6796
f 7073 6796 7075
f 6796 6797 7075
f 6797 7099 7075
f 7099 7077 7075
f 6797 7100 7099
f 7078 7101 7079
f 7101 6797 7079
f 6797 6798 7079
f 6797 7101 7100
f 7103 7102 6799
f 6799 7102 6798
f 7102 7081 6798
f 7081 7079 6798
f 7105 7104 7103
f 7103 7104 7102
f 7105 7106 7104
f 7109 7108 7107
f 7107 7110 7109
f 7113 7112 7111
f 7115 7114 7111
f 7111 7114 7113
f 7117 7116 7115
f 7115 7116 7114
f 7116 7117 7083
f 7117 7082 7083
f 7117 7118 7082
f 7082 7119 7085
f 7082 7118 7119
f 7119 6800 6801
f 7086 7119 6801
f 7085 7119 7086
f 7086 6801 6788
f 6802 7087 6789
f 6802 7120 7087
f 7121 6803 6804
f 7121 6804 7122
f 6804 7123 7122
f 6804 6805 7123
f 6806 7088 7089
f 7123 6806 7089
f 6805 6806 7123
f 7088 6806 6807
f 7088 6807 7091
f 7091 6807 6808
f 7124 7091 6808
f 7093 7091 7124
f 7093 7125 7094
f 7093 7124 7125
f 6811 7126 6810
f 7126 7094 6810
f 7094 7125 6810
f 7094 7126 7095
f 7128 7127 6812
f 7127 6811 6812
f 7127 7126 6811
f 7127 7128 7097
f 7097 7128 7096
f 7128 6813 7096
f 6813 6814 7096
f 7096 6814 6793
f 7129 7099 7100
f 7129 7100 7101
f 6815 7103 6799
f 7103 6815 6816
f 7103 6816 7105
f 7130 7106 7105
f 6816 7130 7105
f 6817 7130 6816
f 7132 7131 6818
f 7131 6817 6818
f 7131 7130 6817
f 7134 7133 7132
f 7132 7133 7131
f 7133 7134 7108
f 7134 7107 7108
f 7134 7135 7107
f 7110 7107 7136
f 7107 7137 7136
f 7107 7135 7137
f 7139 7138 7137
f 7137 7138 7136
f 7138 7139 7112
f 7112 7139 7111
f 7139 6820 7111
f 6820 6821 7111
f 7111 6821 6822
f 7111 6822 7115
f 7115 6822 6824
f 7115 6824 7117
f 7117 6824 6825
f 7117 6825 7118
f 7118 6825 6827
f 7118 6827 7119
f 7119 6827 6800
f 6828 7120 6802
f 6828 7140 7120
f 7141 6829 6830
f 7142 7141 6830
f 7142 6830 6803
f 7143 7142 6803
f 7121 7143 6803
f 7143 7121 7122
f 6831 7124 6808
f 7124 6831 6832
f 7124 6832 7125
f 7125 6832 6810
f 6833 7128 6812
f 7128 6833 6813
f 6834 7132 6818
f 7132 6834 6835
f 7132 6835 7134
f 7134 6835 6836
f 7134 6836 7135
f 7135 6836 6837
f 7135 6837 7137
f 7137 6837 6838
f 7137 6838 7139
f 7139 6838 6820
f 6839 7140 6828
f 6839 7144 7140
f 7141 6840 6829
f 6842 6840 7141
f 7142 6842 7141
f 7145 6842 7142
f 6843 7144 6839
f 6843 7146 7144
f 7148 7147 6845
f 6845 7147 6844
f 6845 6842 7145
f 6845 7145 7148
f 6846 7146 6843
f 6846 7149 7146
f 7147 6847 6844
f 7150 6847 7147
f 6848 7149 6846
f 6848 7151 7149
f 7150 6849 6847
f 7152 6849 7150
f 6850 7151 6848
f 6850 7153 7151
f 7152 6851 6849
f 7154 6851 7152
f 6852 7153 6850
f 6852 7155 7153
f 7154 6853 6851
f 7156 6853 7154
f 6854 7155 6852
f 6854 7157 7155
f 7156 6855 6853
f 7158 6855 7156
f 6856 7157 6854
f 6856 7159 7157
f 7160 6858 6859
f 7161 7160 6859
f 6855 7161 6859
f 7158 7161 6855
f 6860 7159 6856
f 6860 7162 7159
f 7160 6861 6858
f 6862 6861 7160
f 7161 6862 7160
f 7163 6862 7161
f 6863 7162 6860
f 6863 7164 7162
f 7163 6864 6862
f 7165 6864 7163
f 7166 7164 6863
f 7166 6863 6865
f 7167 6865 6866
f 7167 7166 6865
f 6866 6864 7165
f 6866 7165 7167
f 7170 7169 7168
f 7171 7168 7169
f 7170 7168 6868
f 6869 7170 6868
f 7172 7170 6869
f 6870 6868 7168
f 7171 6870 7168
f 7173 6870 7171
f 6871 7172 6869
f 6871 7174 7172
f 7173 6872 6870
f 7175 6872 7173
f 7177 7176 6873
f 7176 6871 6873
f 7176 7174 6871
f 7175 6875 6872
f 7178 6875 7175
f 6876 6877 7177
f 6877 7176 7177
f 6877 7179 7176
f 6879 6875 7180
f 6875 7181 7180
f 6875 7178 7181
f 7180 6880 6879
f 6881 7179 6877
f 6881 7182 7179
f 7184 7183 7181
f 7183 6882 7181
f 6884 7180 7181
f 6884 7181 6882
f 6884 6880 7180
f 7183 7184 7185
f 6885 7182 6881
f 6885 7186 7182
f 7183 6887 6882
f 6888 6887 7183
f 7185 6888 7183
f 7187 6888 7185
f 7189 7188 6890
f 7188 6885 6890
f 7188 7186 6885
f 7187 6891 6888
f 7190 6891 7187
f 6892 6893 7189
f 6893 7188 7189
f 6893 7191 7188
f 7190 6894 6891
f 7192 6894 7190
f 6895 7191 6893
f 6895 7193 7191
f 7192 6896 6894
f 7194 6896 7192
f 6897 7193 6895
f 6897 7195 7193
f 6898 6896 7196
f 6896 7197 7196
f 6896 7194 7197
f 7196 6900 6898
f 7199 7198 6902
f 7198 6897 6902
f 7198 7195 6897
f 7197 7200 7196
f 6900 7196 7200
f 7201 6900 7200
f 6903 6900 7201
f 6904 6905 7199
f 6905 7198 7199
f 6905 7202 7198
f 7201 6907 6903
f 7203 6907 7201
f 6908 7202 6905
f 6908 7204 7202
f 7206 6909 7205
f 6909 7203 7205
f 6909 6907 7203
f 7207 7206 7205
f 6915 7204 6908
f 6915 7208 7204
f 7206 6916 6909
f 7207 7209 7206
f 7209 6916 7206
f 7209 6917 6916
f 6918 6917 7209
f 6918 7209 7210
f 6929 7211 6930
f 7211 6932 6930
f 6933 7212 6934
f 7212 6936 6934
f 7214 7213 6943
f 7213 6915 6943
f 7213 7208 6915
f 7210 6945 6918
f 7215 6945 7210
f 6953 7216 6952
f 6952 7216 7217
f 7218 6952 7217
f 6954 6952 7218
f 7218 7220 7219
f 6955 7218 7219
f 6954 7218 6955
f 7219 6957 6955
f 6961 7221 6962
f 7221 6929 6962
f 7221 7211 6929
f 7221 6965 6963
f 7211 7221 6963
f 7222 6963 6967
f 7222 7211 6963
f 7222 6966 6932
f 7211 7222 6932
f 7212 6933 6966
f 7222 7212 6966
f 7223 7212 7222
f 7224 6968 6936
f 7212 7224 6936
f 7223 7224 7212
f 7225 6969 6968
f 7225 6968 7224
f 7225 6971 6969
f 6976 6977 7214
f 6977 7213 7214
f 6977 7226 7213
f 7215 6979 6945
f 7227 6979 7215
f 6980 7228 6981
f 7229 6982 6981
f 7229 6981 7228
f 7229 6984 6982
f 6988 7230 7216
f 6988 7216 6953
f 7217 7216 7231
f 7231 7216 7230
f 7219 7220 7232
f 7232 7220 7233
f 7234 6989 6957
f 7219 7234 6957
f 7232 7234 7219
f 7234 6991 6989
f 6993 7235 6994
f 7221 6961 6994
f 7235 7221 6994
f 7236 7221 7235
f 7236 6996 6965
f 7236 6965 7221
f 6997 7237 7222
f 6997 7222 6967
f 7222 7238 7223
f 7222 7237 7238
f 7223 7239 7224
f 7223 7238 7239
f 7224 7240 7225
f 7224 7239 7240
f 7241 6998 6971
f 7225 7241 6971
f 7240 7241 7225
f 7241 7000 6998
f 7001 7242 7002
f 7242 7004 7002
f 7007 7226 6977
f 7007 7243 7226
f 7227 7009 6979
f 7244 7009 7227
f 7010 7245 7228
f 7010 7228 6980
f 7245 7012 7013
f 7229 7245 7013
f 7228 7245 7229
f 7229 7013 6984
f 7015 7246 7016
f 7246 7018 7016
f 7022 7230 6988
f 7022 7024 7230
f 7024 7231 7230
f 7024 7247 7231
f 7233 7248 7232
f 7232 7248 7234
f 7234 7248 7249
f 6991 7234 7249
f 7250 6991 7249
f 7026 6991 7250
f 7028 7251 7235
f 7028 7235 6993
f 7235 7252 7236
f 7235 7251 7252
f 7253 7029 6996
f 7236 7253 6996
f 7252 7253 7236
f 7237 6997 7029
f 7253 7237 7029
f 7254 7237 7253
f 7237 7255 7238
f 7237 7254 7255
f 7238 7256 7239
f 7238 7255 7256
f 7239 7257 7240
f 7239 7256 7257
f 7240 7258 7241
f 7240 7257 7258
f 7259 7030 7000
f 7241 7259 7000
f 7258 7259 7241
f 7242 7001 7030
f 7259 7242 7030
f 7260 7242 7259
f 7260 7032 7004
f 7260 7004 7242
f 7035 7243 7007
f 7035 7261 7243
f 7036 7009 7262
f 7009 7263 7262
f 7009 7244 7263
f 7245 7010 7036
f 7262 7245 7036
f 7264 7245 7262
f 7265 7037 7012
f 7245 7265 7012
f 7264 7265 7245
f 7266 7038 7037
f 7266 7037 7265
f 7041 7246 7015
f 7039 7038 7266
f 7018 7246 7041
f 7042 7043 7267
f 7268 7044 7042
f 7268 7042 7267
f 7268 7045 7044
f 7049 7269 7050
f 7247 7024 7270
f 7024 7269 7270
f 7269 7271 7270
f 7024 7050 7269
f 7273 7272 7271
f 7271 7272 7270
f 7052 7053 7273
f 7053 7272 7273
f 7053 7274 7272
f 7250 7054 7026
f 7054 7250 7275
f 7274 7275 7250
f 7275 7274 7055
f 7053 7055 7274
f 7276 7056 7054
f 7276 7054 7275
f 7251 7028 7056
f 7276 7251 7056
f 7277 7251 7276
f 7251 7278 7252
f 7251 7277 7278
f 7252 7279 7253
f 7252 7278 7279
f 7253 7280 7254
f 7253 7279 7280
f 7254 7281 7255
f 7254 7280 7281
f 7255 7282 7256
f 7255 7281 7282
f 7256 7283 7257
f 7256 7282 7283
f 7257 7284 7258
f 7257 7283 7284
f 7258 7285 7259
f 7258 7284 7285
f 7259 7286 7260
f 7259 7285 7286
f 7287 7057 7032
f 7260 7287 7032
f 7286 7287 7260
f 7287 7059 7057
f 7060 7261 7035
f 7060 7288 7261
f 7291 7290 7289
f 7289 7292 7291
f 7262 7263 7062
f 7263 7061 7062
f 7263 7293 7061
f 7262 7062 7063
f 7294 7262 7063
f 7264 7262 7294
f 7264 7295 7265
f 7264 7294 7295
f 7295 7065 7066
f 7266 7295 7066
f 7265 7295 7266
f 7039 7266 7066
f 7067 7068 7296
f 7267 7043 7067
f 7296 7267 7067
f 7297 7267 7296
f 7267 7298 7268
f 7267 7297 7298
f 7298 7069 7045
f 7298 7045 7268
f 7070 7269 7049
f 7269 7070 7072
f 7269 7072 7271
f 7271 7072 7074
f 7271 7074 7273
f 7052 7273 7074
f 7076 7077 7299
f 7080 7275 7055
f 7078 7076 7299
f 7275 7080 7081
f 7300 7275 7081
f 7276 7275 7300
f 7276 7301 7277
f 7276 7300 7301
f 7277 7302 7278
f 7277 7301 7302
f 7278 7303 7279
f 7278 7302 7303
f 7279 7304 7280
f 7279 7303 7304
f 7280 7305 7281
f 7280 7304 7305
f 7281 7306 7282
f 7281 7305 7306
f 7282 7307 7283
f 7282 7306 7307
f 7283 7308 7284
f 7283 7307 7308
f 7284 7309 7285
f 7284 7308 7309
f 7285 7310 7286
f 7285 7309 7310
f 7310 7083 7084
f 7287 7310 7084
f 7286 7310 7287
f 7287 7084 7059
f 7087 7288 7060
f 7087 7311 7288
f 7290 7312 7289
f 7312 7313 7289
f 7313 7314 7289
f 7315 7292 7289
f 7315 7289 7314
f 7293 7315 7314
f 7089 7293 7314
f 7061 7293 7089
f 7090 7294 7063
f 7294 7090 7092
f 7294 7092 7295
f 7295 7092 7065
f 7095 7316 7296
f 7095 7296 7068
f 7296 7317 7297
f 7296 7316 7317
f 7317 7097 7098
f 7298 7317 7098
f 7297 7317 7298
f 7298 7098 7069
f 7099 7318 7299
f 7099 7299 7077
f 7318 7101 7078
f 7318 7078 7299
f 7102 7300 7081
f 7300 7102 7104
f 7300 7104 7301
f 7301 7104 7106
f 7319 7301 7106
f 7302 7301 7319
f 7302 7320 7303
f 7302 7319 7320
f 7303 7321 7304
f 7303 7320 7321
f 7321 7108 7109
f 7305 7321 7109
f 7304 7321 7305
f 7305 7109 7110
f 7322 7305 7110
f 7306 7305 7322
f 7306 7323 7307
f 7306 7322 7323
f 7323 7112 7113
f 7308 7323 7113
f 7307 7323 7308
f 7308 7113 7114
f 7308 7114 7309
f 7309 7114 7116
f 7309 7116 7310
f 7310 7116 7083
f 7120 7311 7087
f 7120 7324 7311
f 7314 7313 7123
f 7313 7122 7123
f 7313 7325 7122
f 7314 7123 7089
f 7126 7316 7095
f 7316 7126 7127
f 7316 7127 7317
f 7317 7127 7097
f 7129 7318 7099
f 7318 7129 7101
f 7130 7319 7106
f 7319 7130 7131
f 7319 7131 7320
f 7320 7131 7133
f 7320 7133 7321
f 7321 7133 7108
f 7136 7322 7110
f 7322 7136 7138
f 7322 7138 7323
f 7323 7138 7112
f 7140 7324 7120
f 7140 7326 7324
f 7328 7327 7143
f 7143 7327 7142
f 7143 7122 7325
f 7143 7325 7328
f 7144 7326 7140
f 7144 7329 7326
f 7327 7145 7142
f 7330 7145 7327
f 7146 7329 7144
f 7146 7331 7329
f 7333 7332 7148
f 7148 7332 7147
f 7148 7145 7330
f 7148 7330 7333
f 7149 7331 7146
f 7149 7334 7331
f 7332 7150 7147
f 7335 7150 7332
f 7151 7334 7149
f 7151 7336 7334
f 7335 7152 7150
f 7337 7152 7335
f 7153 7336 7151
f 7153 7338 7336
f 7337 7154 7152
f 7339 7154 7337
f 7155 7338 7153
f 7155 7340 7338
f 7339 7156 7154
f 7341 7156 7339
f 7157 7340 7155
f 7157 7342 7340
f 7341 7158 7156
f 7343 7158 7341
f 7159 7342 7157
f 7159 7344 7342
f 7343 7161 7158
f 7345 7161 7343
f 7162 7344 7159
f 7162 7346 7344
f 7345 7163 7161
f 7347 7163 7345
f 7164 7346 7162
f 7164 7348 7346
f 7351 7350 7349
f 7347 7351 7349
f 7165 7347 7349
f 7163 7347 7165
f 7352 7348 7164
f 7352 7164 7166
f 7167 7349 7350
f 7352 7167 7350
f 7166 7167 7352
f 7349 7167 7165
f 7170 7353 7169
f 7353 7171 7169
f 7172 7354 7353
f 7172 7353 7170
f 7354 7173 7171
f 7354 7171 7353
f 7356 7355 7354
f 7172 7356 7354
f 7174 7356 7172
f 7173 7354 7355
f 7357 7173 7355
f 7175 7173 7357
f 7176 7356 7174
f 7176 7358 7356
f 7357 7178 7175
f 7359 7178 7357
f 7179 7358 7176
f 7179 7360 7358
f 7359 7181 7178
f 7361 7181 7359
f 7182 7360 7179
f 7182 7362 7360
f 7184 7181 7363
f 7181 7364 7363
f 7181 7361 7364
f 7363 7185 7184
f 7186 7362 7182
f 7186 7365 7362
f 7364 7366 7363
f 7185 7363 7366
f 7367 7185 7366
f 7187 7185 7367
f 7188 7365 7186
f 7188 7368 7365
f 7367 7190 7187
f 7369 7190 7367
f 7191 7368 7188
f 7191 7370 7368
f 7369 7192 7190
f 7371 7192 7369
f 7193 7370 7191
f 7193 7372 7370
f 7371 7194 7192
f 7373 7194 7371
f 7195 7372 7193
f 7195 7374 7372
f 7376 7197 7375
f 7197 7373 7375
f 7197 7194 7373
f 7377 7376 7375
f 7198 7374 7195
f 7198 7378 7374
f 7376 7200 7197
f 7201 7200 7376
f 7377 7201 7376
f 7379 7201 7377
f 7202 7378 7198
f 7202 7380 7378
f 7379 7203 7201
f 7381 7203 7379
f 7204 7380 7202
f 7204 7382 7380
f 7205 7203 7383
f 7203 7384 7383
f 7203 7381 7384
f 7383 7207 7205
f 7208 7382 7204
f 7208 7385 7382
f 7383 7384 7386
f 7386 7384 7387
f 7388 7209 7207
f 7383 7388 7207
f 7386 7388 7383
f 7388 7210 7209
f 7213 7385 7208
f 7213 7389 7385
f 7387 7390 7386
f 7392 7391 7390
f 7391 7386 7390
f 7391 7388 7386
f 7391 7215 7210
f 7391 7210 7388
f 7217 7393 7218
f 7393 7220 7218
f 7226 7389 7213
f 7226 7394 7389
f 7391 7392 7395
f 7395 7392 7396
f 7395 7227 7215
f 7395 7215 7391
f 7231 7397 7393
f 7231 7393 7217
f 7397 7233 7220
f 7397 7220 7393
f 7243 7394 7226
f 7243 7398 7394
f 7395 7396 7399
f 7399 7396 7400
f 7399 7244 7227
f 7399 7227 7395
f 7247 7401 7397
f 7247 7397 7231
f 7402 7248 7233
f 7397 7402 7233
f 7401 7402 7397
f 7403 7249 7248
f 7403 7248 7402
f 7403 7250 7249
f 7261 7398 7243
f 7261 7404 7398
f 7407 7406 7405
f 7407 7405 7400
f 7405 7399 7400
f 7405 7408 7399
f 7408 7263 7244
f 7408 7244 7399
f 7270 7401 7247
f 7401 7270 7272
f 7401 7272 7402
f 7402 7272 7274
f 7402 7274 7403
f 7403 7274 7250
f 7288 7404 7261
f 7288 7409 7404
f 7405 7406 7291
f 7406 7290 7291
f 7406 7410 7290
f 7405 7291 7292
f 7411 7405 7292
f 7408 7405 7411
f 7411 7293 7263
f 7411 7263 7408
f 7311 7409 7288
f 7311 7412 7409
f 7312 7290 7413
f 7290 7414 7413
f 7290 7410 7414
f 7315 7411 7292
f 7313 7312 7413
f 7411 7315 7293
f 7324 7412 7311
f 7324 7415 7412
f 7413 7414 7416
f 7416 7414 7417
f 7416 7325 7313
f 7416 7313 7413
f 7326 7415 7324
f 7326 7418 7415
f 7416 7417 7328
f 7417 7327 7328
f 7417 7419 7327
f 7416 7328 7325
f 7329 7418 7326
f 7329 7420 7418
f 7419 7330 7327
f 7421 7330 7419
f 7331 7420 7329
f 7331 7422 7420
f 7424 7423 7333
f 7333 7423 7332
f 7333 7330 7421
f 7333 7421 7424
f 7334 7422 7331
f 7334 7425 7422
f 7423 7335 7332
f 7426 7335 7423
f 7336 7425 7334
f 7336 7427 7425
f 7426 7337 7335
f 7428 7337 7426
f 7430 7427 7429
f 7427 7338 7429
f 7427 7336 7338
f 7428 7339 7337
f 7431 7339 7428
f 7429 7338 7432
f 7338 7433 7432
f 7338 7340 7433
f 7431 7341 7339
f 7434 7341 7431
f 7436 7433 7435
f 7433 7342 7435
f 7433 7340 7342
f 7434 7343 7341
f 7437 7343 7434
f 7435 7342 7438
f 7342 7439 7438
f 7342 7344 7439
f 7437 7345 7343
f 7440 7345 7437
f 7346 7439 7344
f 7346 7441 7439
f 7444 7443 7442
f 7440 7444 7442
f 7347 7440 7442
f 7345 7440 7347
f 7348 7441 7346
f 7348 7445 7441
f 7442 7443 7351
f 7443 7350 7351
f 7443 7446 7350
f 7442 7351 7347
f 7447 7445 7348
f 7447 7348 7352
f 7352 7350 7446
f 7352 7446 7447
f 7449 7448 7355
f 7449 7355 7356
f 7357 7355 7448
f 7357 7448 7450
f 7358 7449 7356
f 7358 7451 7449
f 7453 7359 7452
f 7359 7450 7452
f 7359 7357 7450
f 7454 7453 7452
f 7360 7451 7358
f 7360 7455 7451
f 7456 7361 7453
f 7453 7361 7359
f 7453 7454 7457
f 7453 7457 7456
f 7362 7455 7360
f 7362 7458 7455
f 7459 7364 7456
f 7456 7364 7361
f 7456 7457 7460
f 7456 7460 7459
f 7365 7458 7362
f 7365 7461 7458
f 7459 7366 7364
f 7367 7366 7459
f 7460 7367 7459
f 7462 7367 7460
f 7368 7461 7365
f 7368 7463 7461
f 7462 7369 7367
f 7464 7369 7462
f 7370 7463 7368
f 7370 7465 7463
f 7464 7371 7369
f 7466 7371 7464
f 7372 7465 7370
f 7372 7467 7465
f 7466 7373 7371
f 7468 7373 7466
f 7374 7467 7372
f 7374 7469 7467
f 7375 7373 7470
f 7373 7471 7470
f 7373 7468 7471
f 7470 7377 7375
f 7378 7469 7374
f 7378 7472 7469
f 7471 7473 7470
f 7377 7470 7473
f 7474 7377 7473
f 7379 7377 7474
f 7380 7472 7378
f 7380 7475 7472
f 7474 7381 7379
f 7476 7381 7474
f 7382 7475 7380
f 7382 7477 7475
f 7476 7384 7381
f 7478 7384 7476
f 7385 7477 7382
f 7385 7479 7477
f 7478 7387 7384
f 7480 7387 7478
f 7389 7479 7385
f 7389 7481 7479
f 7390 7387 7482
f 7387 7483 7482
f 7387 7480 7483
f 7482 7392 7390
f 7394 7481 7389
f 7394 7484 7481
f 7483 7485 7482
f 7392 7482 7485
f 7486 7392 7485
f 7396 7392 7486
f 7398 7484 7394
f 7398 7487 7484
f 7486 7400 7396
f 7488 7400 7486
f 7404 7487 7398
f 7404 7489 7487
f 7491 7490 7407
f 7407 7490 7406
f 7407 7400 7488
f 7407 7488 7491
f 7409 7489 7404
f 7409 7492 7489
f 7490 7410 7406
f 7493 7410 7490
f 7412 7492 7409
f 7412 7494 7492
f 7493 7414 7410
f 7495 7414 7493
f 7415 7494 7412
f 7415 7496 7494
f 7495 7417 7414
f 7497 7417 7495
f 7418 7496 7415
f 7418 7498 7496
f 7501 7500 7499
f 7497 7501 7499
f 7419 7497 7499
f 7417 7497 7419
f 7420 7498 7418
f 7420 7502 7498
f 7500 7503 7499
f 7419 7499 7503
f 7504 7419 7503
f 7421 7419 7504
f 7422 7502 7420
f 7422 7505 7502
f 7507 7506 7424
f 7424 7506 7423
f 7424 7421 7504
f 7424 7504 7507
f 7425 7505 7422
f 7425 7508 7505
f 7506 7426 7423
f 7509 7426 7506
f 7427 7508 7425
f 7427 7510 7508
f 7509 7428 7426
f 7511 7428 7509
f 7427 7430 7510
f 7510 7430 7512
f 7511 7431 7428
f 7513 7431 7511
f 7433 7514 7432
f 7513 7434 7431
f 7515 7434 7513
f 7436 7514 7433
f 7515 7437 7434
f 7516 7437 7515
f 7438 7439 7517
f 7517 7439 7518
f 7516 7440 7437
f 7519 7440 7516
f 7441 7518 7439
f 7441 7520 7518
f 7521 7443 7444
f 7522 7521 7444
f 7440 7522 7444
f 7519 7522 7440
f 7445 7520 7441
f 7445 7523 7520
f 7525 7524 7521
f 7524 7443 7521
f 7524 7446 7443
f 7525 7521 7522
f 7526 7523 7445
f 7526 7445 7447
f 7447 7446 7524
f 7447 7524 7526
f 7449 7527 7448
f 7527 7450 7448
f 7451 7528 7527
f 7451 7527 7449
f 7529 7452 7450
f 7527 7529 7450
f 7528 7529 7527
f 7529 7454 7452
f 7531 7530 7528
f 7451 7531 7528
f 7455 7531 7451
f 7533 7532 7530
f 7532 7528 7530
f 7532 7529 7528
f 7532 7457 7454
f 7532 7454 7529
f 7458 7531 7455
f 7458 7534 7531
f 7532 7533 7535
f 7535 7533 7536
f 7535 7460 7457
f 7535 7457 7532
f 7461 7534 7458
f 7461 7537 7534
f 7536 7538 7535
f 7460 7535 7538
f 7539 7460 7538
f 7462 7460 7539
f 7463 7537 7461
f 7463 7540 7537
f 7539 7464 7462
f 7541 7464 7539
f 7465 7540 7463
f 7465 7542 7540
f 7541 7466 7464
f 7543 7466 7541
f 7467 7542 7465
f 7467 7544 7542
f 7543 7468 7466
f 7545 7468 7543
f 7469 7544 7467
f 7469 7546 7544
f 7548 7471 7547
f 7471 7545 7547
f 7471 7468 7545
f 7549 7548 7547
f 7551 7546 7550
f 7546 7472 7550
f 7546 7469 7472
f 7553 7473 7552
f 7473 7471 7552
f 7552 7471 7548
f 7554 7552 7548
f 7548 7549 7554
f 7473 7553 7474
f 7550 7472 7555
f 7472 7556 7555
f 7472 7475 7556
f 7553 7552 7557
f 7557 7552 7558
f 7557 7476 7474
f 7557 7474 7553
f 7477 7556 7475
f 7477 7559 7556
f 7557 7558 7560
f 7560 7558 7561
f 7560 7478 7476
f 7560 7476 7557
f 7479 7559 7477
f 7479 7562 7559
f 7561 7563 7560
f 7478 7560 7563
f 7564 7478 7563
f 7480 7478 7564
f 7566 7562 7565
f 7562 7481 7565
f 7562 7479 7481
f 7564 7483 7480
f 7567 7483 7564
f 7565 7481 7568
f 7481 7569 7568
f 7481 7484 7569
f 7485 7483 7570
f 7483 7571 7570
f 7483 7567 7571
f 7570 7486 7485
f 7487 7569 7484
f 7487 7572 7569
f 7570 7571 7573
f 7573 7571 7574
f 7573 7488 7486
f 7573 7486 7570
f 7489 7572 7487
f 7489 7575 7572
f 7573 7574 7491
f 7574 7490 7491
f 7574 7576 7490
f 7573 7491 7488
f 7578 7575 7577
f 7575 7492 7577
f 7575 7489 7492
f 7576 7493 7490
f 7579 7493 7576
f 7577 7492 7580
f 7492 7581 7580
f 7492 7494 7581
f 7579 7495 7493
f 7582 7495 7579
f 7496 7581 7494
f 7496 7583 7581
f 7582 7497 7495
f 7584 7497 7582
f 7498 7583 7496
f 7498 7585 7583
f 7586 7500 7501
f 7587 7586 7501
f 7497 7587 7501
f 7584 7587 7497
f 7502 7585 7498
f 7502 7588 7585
f 7503 7500 7586
f 7591 7590 7589
f 7504 7589 7590
f 7504 7587 7589
f 7504 7503 7586
f 7587 7504 7586
f 7505 7588 7502
f 7505 7592 7588
f 7590 7591 7507
f 7591 7506 7507
f 7591 7593 7506
f 7590 7507 7504
f 7508 7592 7505
f 7508 7594 7592
f 7593 7509 7506
f 7595 7509 7593
f 7510 7594 7508
f 7510 7596 7594
f 7595 7511 7509
f 7597 7511 7595
f 7599 7598 7512
f 7598 7510 7512
f 7598 7596 7510
f 7597 7513 7511
f 7600 7513 7597
f 7598 7599 7601
f 7601 7599 7602
f 7600 7515 7513
f 7603 7515 7600
f 7601 7602 7604
f 7604 7602 7605
f 7608 7607 7606
f 7603 7608 7606
f 7516 7603 7606
f 7515 7603 7516
f 7610 7609 7518
f 7518 7609 7517
f 7609 7604 7517
f 7604 7605 7517
f 7609 7610 7607
f 7610 7606 7607
f 7610 7611 7606
f 7611 7519 7516
f 7611 7516 7606
f 7520 7612 7610
f 7520 7610 7518
f 7610 7613 7611
f 7610 7612 7613
f 7613 7522 7519
f 7613 7519 7611
f 7523 7614 7612
f 7523 7612 7520
f 7614 7524 7525
f 7613 7614 7525
f 7612 7614 7613
f 7613 7525 7522
f 7526 7614 7523
f 7614 7526 7524
f 7531 7615 7530
f 7615 7533 7530
f 7534 7616 7615
f 7534 7615 7531
f 7616 7536 7533
f 7616 7533 7615
f 7537 7617 7616
f 7537 7616 7534
f 7618 7538 7536
f 7616 7618 7536
f 7617 7618 7616
f 7618 7539 7538
f 7620 7619 7617
f 7537 7620 7617
f 7540 7620 7537
f 7622 7621 7619
f 7621 7617 7619
f 7621 7618 7617
f 7621 7541 7539
f 7621 7539 7618
f 7542 7620 7540
f 7542 7623 7620
f 7621 7622 7624
f 7624 7622 7625
f 7624 7543 7541
f 7624 7541 7621
f 7544 7623 7542
f 7544 7626 7623
f 7625 7627 7624
f 7543 7624 7627
f 7628 7543 7627
f 7545 7543 7628
f 7546 7626 7544
f 7546 7629 7626
f 7547 7545 7630
f 7545 7631 7630
f 7545 7628 7631
f 7630 7549 7547
f 7633 7632 7551
f 7632 7546 7551
f 7632 7629 7546
f 7630 7631 7554
f 7631 7552 7554
f 7631 7634 7552
f 7630 7554 7549
f 7555 7556 7633
f 7556 7632 7633
f 7556 7635 7632
f 7634 7558 7552
f 7636 7558 7634
f 7559 7635 7556
f 7559 7637 7635
f 7636 7561 7558
f 7638 7561 7636
f 7562 7637 7559
f 7562 7639 7637
f 7638 7640 7561
f 7561 7640 7563
f 7564 7563 7640
f 7564 7640 7641
f 7643 7642 7566
f 7642 7562 7566
f 7642 7639 7562
f 7641 7567 7564
f 7644 7567 7641
f 7568 7569 7643
f 7569 7642 7643
f 7569 7645 7642
f 7644 7571 7567
f 7646 7571 7644
f 7572 7645 7569
f 7572 7647 7645
f 7646 7574 7571
f 7648 7574 7646
f 7575 7647 7572
f 7575 7649 7647
f 7648 7576 7574
f 7650 7576 7648
f 7652 7651 7578
f 7651 7575 7578
f 7651 7649 7575
f 7650 7579 7576
f 7653 7579 7650
f 7580 7581 7652
f 7581 7651 7652
f 7581 7654 7651
f 7657 7656 7655
f 7653 7657 7655
f 7582 7653 7655
f 7579 7653 7582
f 7583 7654 7581
f 7583 7658 7654
f 7655 7656 7659
f 7659 7656 7660
f 7659 7584 7582
f 7659 7582 7655
f 7585 7658 7583
f 7585 7661 7658
f 7659 7660 7662
f 7662 7660 7663
f 7662 7587 7584
f 7662 7584 7659
f 7588 7661 7585
f 7588 7664 7661
f 7662 7663 7589
f 7663 7591 7589
f 7663 7665 7591
f 7662 7589 7587
f 7592 7664 7588
f 7592 7666 7664
f 7665 7593 7591
f 7667 7593 7665
f 7594 7666 7592
f 7594 7668 7666
f 7667 7595 7593
f 7669 7595 7667
f 7596 7668 7594
f 7596 7670 7668
f 7673 7672 7671
f 7669 7673 7671
f 7597 7669 7671
f 7595 7669 7597
f 7598 7670 7596
f 7598 7674 7670
f 7671 7672 7675
f 7675 7672 7676
f 7675 7600 7597
f 7675 7597 7671
f 7601 7674 7598
f 7601 7677 7674
f 7675 7676 7678
f 7678 7676 7679
f 7678 7603 7600
f 7678 7600 7675
f 7604 7681 7680
f 7677 7604 7680
f 7601 7604 7677
f 7680 7681 7679
f 7679 7681 7678
f 7681 7607 7678
f 7607 7608 7678
f 7678 7608 7603
f 7609 7681 7604
f 7681 7609 7607
f 7620 7682 7619
f 7682 7622 7619
f 7623 7683 7682
f 7623 7682 7620
f 7683 7625 7622
f 7683 7622 7682
f 7626 7684 7683
f 7626 7683 7623
f 7685 7627 7625
f 7683 7685 7625
f 7684 7685 7683
f 7685 7628 7627
f 7687 7686 7684
f 7626 7687 7684
f 7629 7687 7626
f 7684 7686 7685
f 7685 7686 7688
f 7628 7685 7688
f 7689 7628 7688
f 7631 7628 7689
f 7632 7687 7629
f 7632 7690 7687
f 7689 7634 7631
f 7691 7634 7689
f 7635 7690 7632
f 7635 7692 7690
f 7691 7636 7634
f 7693 7636 7691
f 7637 7692 7635
f 7637 7694 7692
f 7697 7696 7695
f 7693 7697 7695
f 7638 7693 7695
f 7636 7693 7638
f 7639 7694 7637
f 7639 7698 7694
f 7696 7699 7695
f 7695 7699 7638
f 7699 7640 7638
f 7699 7700 7640
f 7641 7640 7700
f 7641 7700 7701
f 7642 7698 7639
f 7642 7702 7698
f 7705 7704 7703
f 7701 7705 7703
f 7644 7701 7703
f 7641 7701 7644
f 7645 7702 7642
f 7645 7706 7702
f 7703 7704 7707
f 7707 7704 7708
f 7707 7646 7644
f 7707 7644 7703
f 7647 7706 7645
f 7647 7709 7706
f 7708 7710 7707
f 7646 7707 7710
f 7711 7646 7710
f 7648 7646 7711
f 7649 7709 7647
f 7649 7712 7709
f 7711 7650 7648
f 7713 7650 7711
f 7651 7712 7649
f 7651 7714 7712
f 7717 7716 7715
f 7713 7717 7715
f 7653 7713 7715
f 7650 7713 7653
f 7654 7714 7651
f 7654 7718 7714
f 7715 7716 7657
f 7716 7656 7657
f 7716 7719 7656
f 7715 7657 7653
f 7658 7718 7654
f 7658 7720 7718
f 7723 7722 7721
f 7719 7723 7721
f 7660 7719 7721
f 7656 7719 7660
f 7661 7720 7658
f 7661 7724 7720
f 7722 7725 7721
f 7660 7721 7725
f 7726 7660 7725
f 7663 7660 7726
f 7664 7728 7727
f 7724 7664 7727
f 7661 7664 7724
f 7730 7729 7728
f 7728 7729 7727
f 7726 7729 7730
f 7665 7726 7730
f 7663 7726 7665
f 7666 7731 7728
f 7666 7728 7664
f 7728 7732 7730
f 7728 7731 7732
f 7732 7667 7665
f 7732 7665 7730
f 7668 7733 7731
f 7668 7731 7666
f 7731 7734 7732
f 7731 7733 7734
f 7734 7669 7667
f 7734 7667 7732
f 7670 7735 7733
f 7670 7733 7668
f 7735 7672 7673
f 7734 7735 7673
f 7733 7735 7734
f 7734 7673 7669
f 7674 7736 7735
f 7674 7735 7670
f 7736 7676 7672
f 7736 7672 7735
f 7677 7737 7736
f 7677 7736 7674
f 7737 7679 7676
f 7737 7676 7736
f 7680 7737 7677
f 7737 7680 7679
f 7687 7738 7686
f 7739 7688 7686
f 7739 7686 7738
f 7739 7689 7688
f 7690 7740 7738
f 7690 7738 7687
f 7738 7741 7739
f 7738 7740 7741
f 7741 7691 7689
f 7741 7689 7739
f 7692 7742 7740
f 7692 7740 7690
f 7740 7743 7741
f 7740 7742 7743
f 7743 7693 7691
f 7743 7691 7741
f 7694 7744 7742
f 7694 7742 7692
f 7744 7696 7697
f 7743 7744 7697
f 7742 7744 7743
f 7743 7697 7693
f 7746 7745 7744
f 7694 7746 7744
f 7698 7746 7694
f 7745 7748 7747
f 7745 7747 7699
f 7744 7745 7699
f 7696 7744 7699
f 7749 7700 7699
f 7749 7699 7747
f 7749 7701 7700
f 7702 7751 7750
f 7746 7702 7750
f 7698 7702 7746
f 7752 7747 7748
f 7751 7753 7750
f 7754 7704 7705
f 7747 7754 7705
f 7749 7747 7705
f 7752 7754 7747
f 7749 7705 7701
f 7756 7755 7751
f 7702 7756 7751
f 7706 7756 7702
f 7759 7758 7757
f 7751 7755 7753
f 7754 7757 7758
f 7708 7754 7758
f 7704 7754 7708
f 7709 7761 7760
f 7756 7709 7760
f 7706 7709 7756
f 7762 7758 7759
f 7761 7763 7760
f 7762 7765 7764
f 7762 7764 7710
f 7758 7762 7710
f 7708 7758 7710
f 7764 7711 7710
f 7767 7766 7761
f 7709 7767 7761
f 7712 7767 7709
f 7761 7766 7763
f 7764 7765 7768
f 7768 7765 7769
f 7768 7713 7711
f 7768 7711 7764
f 7714 7767 7712
f 7714 7770 7767
f 7768 7769 7717
f 7769 7716 7717
f 7769 7771 7716
f 7768 7717 7713
f 7718 7770 7714
f 7718 7772 7770
f 7775 7774 7773
f 7771 7775 7773
f 7719 7771 7773
f 7716 7771 7719
f 7720 7772 7718
f 7720 7776 7772
f 7773 7774 7723
f 7774 7722 7723
f 7774 7777 7722
f 7773 7723 7719
f 7724 7779 7778
f 7776 7724 7778
f 7720 7724 7776
f 7779 7780 7725
f 7777 7779 7725
f 7722 7777 7725
f 7779 7777 7778
f 7780 7726 7725
f 7727 7779 7724
f 7779 7727 7729
f 7779 7729 7780
f 7780 7729 7726
f 7746 7781 7745
f 7781 7748 7745
f 7750 7781 7746
f 7782 7750 7753
f 7782 7781 7750
f 7782 7752 7748
f 7781 7782 7748
f 7782 7754 7752
f 7756 7783 7755
f 7783 7753 7755
f 7783 7782 7753
f 7783 7759 7757
f 7782 7783 7757
f 7782 7757 7754
f 7760 7783 7756
f 7784 7760 7763
f 7784 7783 7760
f 7784 7762 7759
f 7783 7784 7759
f 7784 7765 7762
f 7767 7785 7766
f 7784 7763 7766
f 7785 7784 7766
f 7786 7784 7785
f 7786 7769 7765
f 7786 7765 7784
f 7770 7787 7785
f 7770 7785 7767
f 7785 7788 7786
f 7785 7787 7788
f 7788 7771 7769
f 7788 7769 7786
f 7772 7789 7787
f 7772 7787 7770
f 7789 7774 7775
f 7788 7789 7775
f 7787 7789 7788
f 7788 7775 7771
f 7776 7790 7789
f 7776 7789 7772
f 7790 7777 7774
f 7790 7774 7789
f 7778 7790 7776
f 7790 7778 7777

