# https://github.com/mikedh/trimesh
v 8.78973103 24.00000000 1.00000000
v 9.00000000 23.10979271 1.00000000
v 9.00000000 24.00000000 0.78304547
v 9.00000000 24.00000000 1.16480732
v 8.81084251 25.00000000 1.00000000
v 9.00000000 25.00000000 0.69739562
v 9.00000000 25.00000000 1.19660914
v 9.00000000 25.30642509 1.00000000
v 9.97147655 18.00000000 1.00000000
v 10.00000000 17.90394402 1.00000000
v 10.00000000 18.00000000 0.95281404
v 10.00000000 18.00000000 1.04891407
v 9.81239700 19.00000000 1.00000000
v 10.00000000 19.00000000 0.80744874
v 10.00000000 19.00000000 1.16778004
v 9.60103798 20.00000000 1.00000000
v 10.00000000 20.00000000 0.64669889
v 10.00000000 20.00000000 1.48266864
v 9.43210125 21.00000000 1.00000000
v 10.00000000 21.00000000 0.54535598
v 10.00000000 21.00000000 1.52075958
v 9.37476063 22.00000000 1.00000000
v 10.00000000 22.00000000 0.37931141
v 10.00000000 22.00000000 1.97141159
v 9.02443409 23.00000000 1.00000000
v 10.00000000 23.00000000 0.27875805
v 10.00000000 23.00000000 1.67125106
v 10.00000000 23.74842644 0.00000000
v 9.84943676 24.00000000 0.00000000
v 9.83323765 24.00000000 2.00000000
v 10.00000000 23.70395279 2.00000000
v 10.00000000 24.00000000 2.15649343
v 10.00000000 24.32393456 0.00000000
v 10.00000000 25.00000000 0.17909892
v 10.00000000 25.00000000 1.73465562
v 10.00000000 24.31453133 2.00000000
v 9.32895756 26.00000000 1.00000000
v 10.00000000 26.00000000 0.21290891
v 10.00000000 25.93909836 2.00000000
v 9.98160267 26.00000000 2.00000000
v 10.00000000 26.00000000 2.01746750
v 9.32906628 27.00000000 1.00000000
v 10.00000000 27.00000000 0.30891627
v 10.00000000 27.00000000 1.48663580
v 10.00000000 26.03453445 2.00000000
v 9.59952354 28.00000000 1.00000000
v 10.00000000 28.00000000 0.64448845
v 10.00000000 28.00000000 1.39806688
v 10.00000000 28.58399582 1.00000000
v 10.64991570 16.00000000 1.00000000
v 11.00000000 15.44815731 1.00000000
v 11.00000000 16.00000000 0.40364677
v 11.00000000 16.00000000 1.25707352
v 10.71571350 17.00000000 1.00000000
v 11.00000000 17.00000000 0.60754269
v 11.00000000 17.00000000 1.20689833
v 11.00000000 18.00000000 0.29787901
v 11.00000000 18.00000000 1.66613841
v 11.00000000 19.00000000 0.24733236
v 11.00000000 19.00000000 1.63370037
v 11.00000000 20.00000000 0.20104188
v 11.00000000 20.00000000 1.64868093
v 11.00000000 21.00000000 0.21805732
v 11.00000000 20.62445450 2.00000000
v 10.71715164 21.00000000 2.00000000
v 11.00000000 21.00000000 2.29221511
v 11.00000000 22.00000000 0.16864973
v 10.08986664 22.00000000 2.00000000
v 11.00000000 22.00000000 2.24694777
v 11.00000000 23.00000000 0.03295380
v 10.61652279 23.00000000 2.00000000
v 11.00000000 23.00000000 2.28406310
v 11.00000000 23.12582397 0.00000000
v 10.94191074 24.00000000 3.00000000
v 11.00000000 23.91812515 3.00000000
v 11.00000000 24.00000000 3.01652789
v 10.41498566 25.00000000 0.00000000
v 10.40065098 25.00000000 2.00000000
v 11.00000000 25.00000000 2.36285090
v 11.00000000 24.05488014 3.00000000
v 11.00000000 25.79475975 0.00000000
v 11.00000000 26.00000000 0.05719003
v 11.00000000 26.00000000 1.92457807
v 10.17985058 26.00000000 2.00000000
v 11.00000000 25.83494186 2.00000000
v 11.00000000 27.00000000 0.09674765
v 11.00000000 27.00000000 1.93543339
v 11.00000000 28.00000000 0.23825568
v 11.00000000 28.00000000 1.62887836
v 10.45813179 29.00000000 1.00000000
v 11.00000000 29.00000000 0.62194496
v 11.00000000 29.00000000 1.87982953
v 10.71755886 30.00000000 1.00000000
v 11.00000000 30.00000000 0.73313642
v 11.00000000 30.00000000 1.22072995
v 11.00000000 30.27056503 1.00000000
v 11.94758606 3.00000000 17.00000000
v 12.00000000 2.90897489 17.00000000
v 12.00000000 3.00000000 16.70587540
v 12.00000000 3.00000000 17.46707344
v 11.93475342 3.00000000 37.00000000
v 12.00000000 2.87841415 37.00000000
v 12.00000000 3.00000000 36.69092941
v 11.85739326 3.00000000 38.00000000
v 12.00000000 2.41301417 38.00000000
v 12.00000000 3.00000000 38.47112656
v 11.99493027 3.00000000 41.00000000
v 12.00000000 2.98813081 41.00000000
v 12.00000000 3.00000000 40.95860291
v 12.00000000 3.00000000 41.08280945
v 11.85967159 4.00000000 14.00000000
v 12.00000000 3.11171293 14.00000000
v 12.00000000 4.00000000 13.38213062
v 11.94326496 4.00000000 15.00000000
v 12.00000000 3.86088634 15.00000000
v 11.92927074 4.00000000 16.00000000
v 12.00000000 3.64170861 16.00000000
v 11.79424572 4.00000000 17.00000000
v 12.00000000 4.00000000 17.59068680
v 11.94010067 4.00000000 37.00000000
v 12.00000000 4.00000000 36.65252686
v 11.92678928 4.00000000 38.00000000
v 12.00000000 4.00000000 38.65374374
v 12.00000000 3.04660082 41.00000000
v 11.97300339 5.00000000 14.00000000
v 12.00000000 5.00000000 13.92538929
v 11.93077850 5.00000000 15.00000000
v 11.81384563 5.00000000 16.00000000
v 11.90504265 5.00000000 17.00000000
v 12.00000000 5.00000000 17.38167953
v 12.00000000 4.21549177 37.00000000
v 12.00000000 4.85862398 38.00000000
v 11.98264694 5.00000000 40.00000000
v 12.00000000 4.71240950 40.00000000
v 12.00000000 5.00000000 39.82575989
v 12.00000000 5.00000000 40.14468384
v 12.00000000 5.35417938 14.00000000
v 12.00000000 6.00000000 14.52828693
v 11.95024967 6.00000000 15.00000000
v 11.88182354 6.00000000 16.00000000
v 11.95985126 6.00000000 17.00000000
v 12.00000000 6.00000000 17.62575912
v 12.00000000 5.10124445 40.00000000
v 11.94220543 6.00000000 42.00000000
v 12.00000000 5.63514614 42.00000000
v 12.00000000 6.00000000 41.68256378
v 12.00000000 6.00000000 42.25148392
v 11.96733284 7.00000000 14.00000000
v 12.00000000 6.53647566 14.00000000
v 12.00000000 7.00000000 13.77753353
v 11.92698956 7.00000000 15.00000000
v 11.98543739 7.00000000 16.00000000
v 11.98221779 7.00000000 17.00000000
v 12.00000000 7.00000000 17.17909622
v 12.00000000 6.59087706 42.00000000
v 12.00000000 7.40542126 14.00000000
v 12.00000000 7.62689352 15.00000000
v 12.00000000 8.00000000 15.56398678
v 11.96692085 8.00000000 16.00000000
v 11.96824074 8.00000000 17.00000000
v 12.00000000 8.00000000 17.33669090
v 11.97534084 9.00000000 15.00000000
v 12.00000000 8.60551834 15.00000000
v 12.00000000 9.00000000 14.87811565
v 12.00000000 8.39235115 16.00000000
v 12.00000000 9.00000000 15.35237980
v 12.00000000 8.42590141 17.00000000
v 12.00000000 9.19519043 15.00000000
v 11.51953888 14.00000000 1.00000000
v 12.00000000 13.43250942 1.00000000
v 12.00000000 14.00000000 0.37069055
v 12.00000000 14.00000000 1.35380042
v 11.34436607 15.00000000 1.00000000
v 12.00000000 15.00000000 0.34248009
v 12.00000000 15.00000000 1.42443407
v 12.00000000 16.00000000 0.25328067
v 12.00000000 16.00000000 1.39342892
v 12.00000000 17.00000000 0.25698799
v 12.00000000 17.00000000 1.47550666
v 12.00000000 18.00000000 0.04351821
v 12.00000000 18.00000000 1.79187191
v 12.00000000 19.00000000 0.17091681
v 12.00000000 19.00000000 1.86242068
v 12.00000000 20.00000000 0.14720109
v 12.00000000 19.34332275 2.00000000
v 11.51294327 20.00000000 2.00000000
v 12.00000000 20.00000000 2.40504146
v 12.00000000 21.00000000 0.22158222
v 12.00000000 20.99620056 2.00000000
v 11.99401474 21.00000000 2.00000000
v 12.00000000 21.00000000 1.99856448
v 12.00000000 22.00000000 0.04751395
v 12.00000000 21.00223923 2.00000000
v 12.00000000 22.00000000 2.73255253
v 11.82452011 22.00000000 42.00000000
v 12.00000000 21.47780228 42.00000000
v 12.00000000 22.00000000 41.41310120
v 11.87416458 22.00000000 43.00000000
v 12.00000000 21.70782852 43.00000000
v 12.00000000 22.00000000 43.33243179
v 12.00000000 23.00000000 0.27818123
v 12.00000000 23.00000000 2.67548871
v 11.94833755 23.00000000 41.00000000
v 12.00000000 22.75472069 41.00000000
v 12.00000000 23.00000000 40.87017822
v 11.82390404 23.00000000 42.00000000
v 11.87053204 23.00000000 43.00000000
v 12.00000000 23.00000000 43.88384628
v 11.98672485 23.00000000 45.00000000
v 12.00000000 22.91245842 45.00000000
v 12.00000000 23.00000000 44.51523209
v 12.00000000 23.00000000 45.02319336
v 12.00000000 24.00000000 0.06787826
v 11.65899181 24.00000000 0.00000000
v 11.16122532 24.00000000 3.00000000
v 12.00000000 24.00000000 2.67884779
v 11.97704220 24.00000000 41.00000000
v 12.00000000 24.00000000 40.92690277
v 11.81212330 24.00000000 42.00000000
v 11.79970551 24.00000000 43.00000000
v 12.00000000 24.00000000 43.52930450
v 12.00000000 23.12352943 45.00000000
v 12.00000000 25.00000000 0.02424599
v 11.92807484 25.00000000 0.00000000
v 12.00000000 25.00000000 2.22840524
v 12.00000000 24.09313393 41.00000000
v 12.00000000 24.60268402 42.00000000
v 12.00000000 25.00000000 42.79384232
v 11.95971012 25.00000000 43.00000000
v 12.00000000 25.00000000 43.85532379
v 11.99936676 25.00000000 45.00000000
v 12.00000000 24.99461746 45.00000000
v 12.00000000 25.00000000 44.91425323
v 12.00000000 25.00000000 45.00123978
v 12.00000000 25.07798386 0.00000000
v 11.21986771 26.00000000 0.00000000
v 11.15256119 26.00000000 2.00000000
v 12.00000000 26.00000000 2.60234165
v 12.00000000 25.20436478 43.00000000
v 11.93708992 26.00000000 45.00000000
v 12.00000000 26.00000000 44.41801453
v 12.00000000 26.00000000 45.10668182
v 12.00000000 26.44102478 0.00000000
v 12.00000000 27.00000000 0.20675862
v 11.15636444 27.00000000 2.00000000
v 12.00000000 27.00000000 2.50620914
v 11.94515133 27.00000000 45.00000000
v 12.00000000 27.00000000 44.81911850
v 12.00000000 27.00000000 45.09205246
v 12.00000000 28.00000000 0.20053947
v 11.59979153 28.00000000 2.00000000
v 12.00000000 28.00000000 2.35293055
v 11.92356110 28.00000000 45.00000000
v 12.00000000 28.00000000 44.21292114
v 12.00000000 28.00000000 45.21429062
v 12.00000000 29.00000000 0.38842946
v 12.00000000 29.00000000 1.83409512
v 12.00000000 28.71926308 2.00000000
v 11.95451260 29.00000000 42.00000000
v 12.00000000 28.81250381 42.00000000
v 12.00000000 29.00000000 41.85434341
v 12.00000000 29.00000000 42.49712372
v 11.81459808 29.00000000 45.00000000
v 12.00000000 29.00000000 44.03117752
v 12.00000000 29.00000000 45.36803818
v 12.00000000 30.00000000 0.17493498
v 12.00000000 30.00000000 1.72816968
v 11.81488800 30.00000000 42.00000000
v 12.00000000 30.00000000 41.47899628
v 12.00000000 29.50578308 43.00000000
v 11.92432785 30.00000000 43.00000000
v 11.86750889 30.00000000 44.00000000
v 12.00000000 29.04965210 44.00000000
v 11.77384949 30.00000000 45.00000000
v 12.00000000 30.00000000 45.51658249
v 11.66596127 31.00000000 1.00000000
v 12.00000000 31.00000000 0.66534436
v 12.00000000 31.00000000 1.30836713
v 11.96978760 31.00000000 41.00000000
v 12.00000000 30.85432243 41.00000000
v 12.00000000 31.00000000 40.90333939
v 11.99795723 31.00000000 42.00000000
v 11.92346382 31.00000000 43.00000000
v 11.83221149 31.00000000 44.00000000
v 11.87098122 31.00000000 45.00000000
v 12.00000000 31.00000000 45.26602173
v 11.31626034 32.00000000 1.00000000
v 12.00000000 32.00000000 0.71929240
v 12.00000000 32.00000000 1.20892763
v 11.81215477 32.00000000 41.00000000
v 12.00000000 32.00000000 40.30500412
v 11.88498211 32.00000000 42.00000000
v 11.86644363 32.00000000 43.00000000
v 11.85702991 32.00000000 44.00000000
v 11.91453457 32.00000000 45.00000000
v 12.00000000 32.00000000 45.39273453
v 12.00000000 32.62896729 1.00000000
v 11.92534637 33.00000000 41.00000000
v 12.00000000 33.00000000 40.77676392
v 11.84697056 33.00000000 42.00000000
v 11.75716782 33.00000000 43.00000000
v 11.75142670 33.00000000 44.00000000
v 11.80300999 33.00000000 45.00000000
v 12.00000000 33.00000000 45.44283295
v 11.95162868 34.00000000 41.00000000
v 12.00000000 34.00000000 40.56547165
v 11.89764118 34.00000000 42.00000000
v 11.77555370 34.00000000 43.00000000
v 11.67961216 34.00000000 44.00000000
v 11.78880024 34.00000000 45.00000000
v 12.00000000 34.00000000 45.31805420
v 11.96566963 35.00000000 1.00000000
v 12.00000000 34.54961014 1.00000000
v 12.00000000 35.00000000 0.93797451
v 12.00000000 35.00000000 1.03234935
v 11.78155136 35.00000000 41.00000000
v 12.00000000 35.00000000 40.50087738
v 11.91777706 35.00000000 42.00000000
v 11.93336201 35.00000000 43.00000000
v 12.00000000 35.00000000 43.61330414
v 12.00000000 34.87758255 44.00000000
v 12.00000000 34.93759155 45.00000000
v 12.00000000 35.18282318 1.00000000
v 11.96391773 36.00000000 41.00000000
v 12.00000000 36.00000000 40.82257080
v 11.84841824 36.00000000 42.00000000
v 11.86153698 36.00000000 43.00000000
v 12.00000000 35.22808075 44.00000000
v 11.86265659 36.00000000 44.00000000
v 12.00000000 36.00000000 44.57304764
v 11.98078632 37.00000000 41.00000000
v 12.00000000 37.00000000 40.87223434
v 11.95232582 37.00000000 42.00000000
v 11.93381500 37.00000000 43.00000000
v 11.96673012 37.00000000 44.00000000
v 12.00000000 36.57395172 45.00000000
v 11.93069553 37.00000000 45.00000000
v 12.00000000 37.00000000 45.13116074
v 12.00000000 37.16644669 41.00000000
v 12.00000000 38.00000000 41.50824356
v 11.91483498 38.00000000 42.00000000
v 12.00000000 38.00000000 42.67469025
v 12.00000000 37.52655411 43.00000000
v 12.00000000 37.58727646 44.00000000
v 12.00000000 37.67145920 45.00000000
v 11.94672775 39.00000000 41.00000000
v 12.00000000 38.65767670 41.00000000
v 12.00000000 39.00000000 40.76869965
v 12.00000000 39.00000000 41.70672226
v 12.00000000 38.81749725 42.00000000
v 11.98590088 40.00000000 16.00000000
v 12.00000000 39.89601517 16.00000000
v 12.00000000 40.00000000 15.78915501
v 12.00000000 40.00000000 16.38120651
v 11.97204304 40.00000000 41.00000000
v 12.00000000 40.00000000 40.76302338
v 12.00000000 39.90983963 42.00000000
v 11.99775887 40.00000000 42.00000000
v 12.00000000 40.00000000 42.30846024
v 12.00000000 40.07900238 16.00000000
v 12.00000000 40.76907730 41.00000000
v 12.00000000 40.01959991 42.00000000
v 11.94190311 43.00000000 17.00000000
v 12.00000000 42.72765350 17.00000000
v 12.00000000 43.00000000 16.76998138
v 11.93200493 43.00000000 18.00000000
v 12.00000000 42.66176605 18.00000000
v 12.00000000 43.00000000 18.67422867
v 11.98933411 43.00000000 25.00000000
v 12.00000000 42.95257187 25.00000000
v 12.00000000 43.00000000 24.93654823
v 11.98549366 43.00000000 26.00000000
v 12.00000000 42.93936920 26.00000000
v 12.00000000 43.00000000 26.10627365
v 11.95096207 43.00000000 29.00000000
v 12.00000000 42.77745438 29.00000000
v 12.00000000 43.00000000 28.73785591
v 12.00000000 43.00000000 29.21633911
v 12.00000000 43.73032379 17.00000000
v 12.00000000 43.41555405 18.00000000
v 12.00000000 43.19987869 25.00000000
v 12.00000000 43.15192032 26.00000000
v 11.99409008 44.00000000 29.00000000
v 12.00000000 44.00000000 28.93567467
v 12.00000000 44.00000000 29.04420280
v 12.00000000 44.57188034 29.00000000
v 12.73993397 1.00000000 44.00000000
v 13.00000000 0.83102024 44.00000000
v 13.00000000 1.00000000 43.55825806
v 13.00000000 1.00000000 44.35523224
v 12.58519650 2.00000000 14.00000000
v 13.00000000 1.80365932 14.00000000
v 13.00000000 2.00000000 13.62132359
v 13.00000000 2.00000000 14.64599705
v 12.59781933 2.00000000 16.00000000
v 13.00000000 1.72099125 16.00000000
v 13.00000000 2.00000000 15.40043163
v 12.90463066 2.00000000 17.00000000
v 13.00000000 1.91229546 17.00000000
v 12.70172882 2.00000000 18.00000000
v 13.00000000 1.78789532 18.00000000
v 13.00000000 2.00000000 18.35867691
v 12.73611641 2.00000000 22.00000000
v 13.00000000 1.81120539 22.00000000
v 13.00000000 2.00000000 21.52919388
v 12.94715977 2.00000000 23.00000000
v 13.00000000 1.91647601 23.00000000
v 12.89476395 2.00000000 24.00000000
v 13.00000000 1.90593231 24.00000000
v 13.00000000 2.00000000 24.55945396
v 12.79984760 2.00000000 26.00000000
v 13.00000000 1.85795832 26.00000000
v 13.00000000 2.00000000 25.29261208
v 13.00000000 2.00000000 26.43648529
v 12.84043694 2.00000000 28.00000000
v 13.00000000 1.85998201 28.00000000
v 13.00000000 2.00000000 27.60898209
v 12.99011707 2.00000000 29.00000000
v 13.00000000 1.99094486 29.00000000
v 12.81401634 2.00000000 30.00000000
v 13.00000000 1.90083778 30.00000000
v 13.00000000 2.00000000 30.20317078
v 12.64333534 2.00000000 36.00000000
v 13.00000000 1.66845167 36.00000000
v 13.00000000 2.00000000 35.48564911
v 12.71927547 2.00000000 37.00000000
v 13.00000000 1.67031395 37.00000000
v 12.25767231 2.00000000 38.00000000
v 13.00000000 1.48090947 38.00000000
v 12.77616024 2.00000000 39.00000000
v 13.00000000 1.58266938 39.00000000
v 12.54942894 2.00000000 40.00000000
v 13.00000000 1.53221238 40.00000000
v 12.85818005 2.00000000 41.00000000
v 13.00000000 1.87567759 41.00000000
v 12.55867672 2.00000000 42.00000000
v 13.00000000 1.67207909 42.00000000
v 12.73036385 2.00000000 43.00000000
v 13.00000000 1.54789805 43.00000000
v 12.34089947 2.00000000 44.00000000
v 13.00000000 1.56512916 45.00000000
v 12.54153252 2.00000000 45.00000000
v 13.00000000 2.00000000 45.58193207
v 12.42735958 3.00000000 13.00000000
v 13.00000000 2.53007865 13.00000000
v 13.00000000 3.00000000 12.26317501
v 12.03089809 3.00000000 14.00000000
v 13.00000000 2.18531394 15.00000000
v 12.38281441 3.00000000 15.00000000
v 12.15177536 3.00000000 16.00000000
v 12.11118031 3.00000000 18.00000000
v 13.00000000 2.46933079 19.00000000
v 12.59870529 3.00000000 19.00000000
v 12.43567657 3.00000000 20.00000000
v 13.00000000 2.10630512 20.00000000
v 12.37709045 3.00000000 21.00000000
v 13.00000000 2.38077998 21.00000000
v 12.19440842 3.00000000 22.00000000
v 12.53210640 3.00000000 23.00000000
v 12.49232864 3.00000000 24.00000000
v 13.00000000 2.15889525 25.00000000
v 12.40151596 3.00000000 25.00000000
v 12.03530312 3.00000000 26.00000000
v 13.00000000 2.33689380 27.00000000
v 12.56348419 3.00000000 27.00000000
v 12.30846500 3.00000000 28.00000000
v 12.14758778 3.00000000 29.00000000
v 12.41826725 3.00000000 30.00000000
v 13.00000000 3.00000000 30.60955620
v 12.84999371 3.00000000 32.00000000
v 13.00000000 2.71568990 32.00000000
v 13.00000000 3.00000000 31.55504227
v 12.80529976 3.00000000 33.00000000
v 13.00000000 2.79691219 33.00000000
v 12.69451332 3.00000000 34.00000000
v 13.00000000 2.11991668 34.00000000
v 12.88878059 3.00000000 35.00000000
v 13.00000000 2.73897743 35.00000000
v 12.31118202 3.00000000 36.00000000
v 12.36333752 3.00000000 39.00000000
v 12.23071098 3.00000000 40.00000000
v 12.12010002 3.00000000 42.00000000
v 12.52330112 3.00000000 43.00000000
v 12.22699451 3.00000000 44.00000000
v 12.36154556 3.00000000 45.00000000
v 13.00000000 3.00000000 45.47111893
v 12.60996246 4.00000000 12.00000000
v 13.00000000 3.34426427 12.00000000
v 13.00000000 4.00000000 11.67751598
v 12.13032246 4.00000000 13.00000000
v 12.16781425 4.00000000 18.00000000
v 12.32995701 4.00000000 19.00000000
v 12.29323292 4.00000000 20.00000000
v 12.22156715 4.00000000 21.00000000
v 12.24488068 4.00000000 22.00000000
v 12.38164425 4.00000000 23.00000000
v 12.33330059 4.00000000 24.00000000
v 12.27453041 4.00000000 25.00000000
v 12.33797073 4.00000000 26.00000000
v 12.33599663 4.00000000 27.00000000
v 12.01081181 4.00000000 28.00000000
v 12.06151581 4.00000000 29.00000000
v 12.25061798 4.00000000 30.00000000
v 13.00000000 3.80684638 31.00000000
v 12.92281723 4.00000000 31.00000000
v 12.84344387 4.00000000 32.00000000
v 12.70008087 4.00000000 33.00000000
v 12.62898350 4.00000000 34.00000000
v 12.75986004 4.00000000 35.00000000
v 12.19625282 4.00000000 36.00000000
v 12.07931423 4.00000000 39.00000000
v 12.09773636 4.00000000 40.00000000
v 12.15850544 4.00000000 41.00000000
v 12.27613640 4.00000000 42.00000000
v 12.47097683 4.00000000 43.00000000
v 12.08924675 4.00000000 44.00000000
v 12.29812622 4.00000000 45.00000000
v 13.00000000 4.00000000 45.73729324
v 12.74627686 5.00000000 12.00000000
v 13.00000000 5.00000000 11.46870899
v 12.27827168 5.00000000 13.00000000
v 12.16848373 5.00000000 18.00000000
v 12.24651814 5.00000000 19.00000000
v 12.20505810 5.00000000 20.00000000
v 12.29684544 5.00000000 21.00000000
v 12.38886070 5.00000000 22.00000000
v 12.44130325 5.00000000 23.00000000
v 12.34531593 5.00000000 24.00000000
v 12.27143478 5.00000000 25.00000000
v 12.51290703 5.00000000 26.00000000
v 12.35355186 5.00000000 27.00000000
v 12.22469234 5.00000000 28.00000000
v 12.25581169 5.00000000 29.00000000
v 12.63015270 5.00000000 30.00000000
v 12.69681549 5.00000000 31.00000000
v 12.85793304 5.00000000 32.00000000
v 12.65695572 5.00000000 33.00000000
v 12.91257858 5.00000000 34.00000000
v 12.67259693 5.00000000 35.00000000
v 12.31125450 5.00000000 36.00000000
v 12.23474789 5.00000000 37.00000000
v 12.01975822 5.00000000 38.00000000
v 12.14043999 5.00000000 39.00000000
v 12.17999363 5.00000000 41.00000000
v 12.17546654 5.00000000 42.00000000
v 12.33088970 5.00000000 43.00000000
v 12.16654110 5.00000000 44.00000000
v 12.30169773 5.00000000 45.00000000
v 13.00000000 5.00000000 45.75228882
v 12.86659813 6.00000000 11.00000000
v 13.00000000 5.48867321 11.00000000
v 13.00000000 6.00000000 10.73264313
v 12.40618134 6.00000000 12.00000000
v 12.15604782 6.00000000 13.00000000
v 12.04223061 6.00000000 14.00000000
v 12.03073692 6.00000000 18.00000000
v 12.24284935 6.00000000 19.00000000
v 12.31677723 6.00000000 20.00000000
v 12.32519627 6.00000000 21.00000000
v 12.52818871 6.00000000 22.00000000
v 12.44750404 6.00000000 23.00000000
v 12.42715359 6.00000000 24.00000000
v 12.30621719 6.00000000 25.00000000
v 12.38996315 6.00000000 26.00000000
v 12.44390106 6.00000000 27.00000000
v 12.39916134 6.00000000 28.00000000
v 12.35837364 6.00000000 29.00000000
v 12.78353786 6.00000000 30.00000000
v 12.75032330 6.00000000 31.00000000
v 12.87817001 6.00000000 32.00000000
v 12.73161507 6.00000000 33.00000000
v 12.73365688 6.00000000 34.00000000
v 12.62112999 6.00000000 35.00000000
v 12.46549988 6.00000000 36.00000000
v 12.32815170 6.00000000 37.00000000
v 12.28465176 6.00000000 38.00000000
v 12.17671204 6.00000000 39.00000000
v 12.22314739 6.00000000 40.00000000
v 12.16310215 6.00000000 41.00000000
v 12.30595112 6.00000000 43.00000000
v 12.18014050 6.00000000 44.00000000
v 12.37189484 6.00000000 45.00000000
v 13.00000000 5.74721575 46.00000000
v 12.91117096 6.00000000 46.00000000
v 13.00000000 6.00000000 46.04845047
v 12.71514988 7.00000000 11.00000000
v 13.00000000 7.00000000 10.16104889
v 12.38917923 7.00000000 12.00000000
v 12.13530159 7.00000000 13.00000000
v 12.08551693 7.00000000 18.00000000
v 12.22408485 7.00000000 19.00000000
v 12.29740906 7.00000000 20.00000000
v 12.46761894 7.00000000 21.00000000
v 12.49807262 7.00000000 22.00000000
v 12.61213875 7.00000000 23.00000000
v 12.56706333 7.00000000 24.00000000
v 12.49258232 7.00000000 25.00000000
v 12.42079258 7.00000000 26.00000000
v 12.60248280 7.00000000 27.00000000
v 12.56179810 7.00000000 28.00000000
v 12.73416233 7.00000000 29.00000000
v 12.80493355 7.00000000 30.00000000
v 13.00000000 7.00000000 30.50161552
v 13.00000000 6.61631346 31.00000000
v 13.00000000 6.37650442 32.00000000
v 13.00000000 7.00000000 32.66896820
v 12.91234016 7.00000000 33.00000000
v 12.67159367 7.00000000 34.00000000
v 12.66576767 7.00000000 35.00000000
v 12.56269455 7.00000000 36.00000000
v 12.38646126 7.00000000 37.00000000
v 12.35237217 7.00000000 38.00000000
v 12.32635021 7.00000000 39.00000000
v 12.36877537 7.00000000 40.00000000
v 12.04024887 7.00000000 41.00000000
v 12.06901932 7.00000000 42.00000000
v 12.11535740 7.00000000 43.00000000
v 12.20986652 7.00000000 44.00000000
v 12.29000092 7.00000000 45.00000000
v 13.00000000 7.00000000 45.66471100
v 13.00000000 6.32212734 46.00000000
v 12.87504673 8.00000000 11.00000000
v 13.00000000 8.00000000 10.69682693
v 12.31978416 8.00000000 12.00000000
v 12.09301949 8.00000000 13.00000000
v 12.05236721 8.00000000 14.00000000
v 12.03677654 8.00000000 15.00000000
v 12.07528782 8.00000000 18.00000000
v 12.18011951 8.00000000 19.00000000
v 12.31778812 8.00000000 20.00000000
v 12.35720158 8.00000000 21.00000000
v 12.50999928 8.00000000 22.00000000
v 12.59829807 8.00000000 23.00000000
v 12.50543213 8.00000000 24.00000000
v 12.42373562 8.00000000 25.00000000
v 12.44793034 8.00000000 26.00000000
v 12.52155972 8.00000000 27.00000000
v 12.60765743 8.00000000 28.00000000
v 12.62309837 8.00000000 29.00000000
v 12.89670372 8.00000000 30.00000000
v 13.00000000 8.00000000 30.39877129
v 13.00000000 7.56252193 33.00000000
v 13.00000000 8.00000000 33.20027542
v 12.74076557 8.00000000 34.00000000
v 12.65788555 8.00000000 35.00000000
v 12.60528183 8.00000000 36.00000000
v 12.40942478 8.00000000 37.00000000
v 12.37027740 8.00000000 38.00000000
v 12.30798912 8.00000000 39.00000000
v 12.32085800 8.00000000 40.00000000
v 12.00136471 8.00000000 41.00000000
v 12.10208511 8.00000000 42.00000000
v 12.04921341 8.00000000 43.00000000
v 12.27641392 8.00000000 44.00000000
v 12.40831184 8.00000000 45.00000000
v 13.00000000 8.00000000 45.64229584
v 12.83689308 9.00000000 11.00000000
v 13.00000000 9.00000000 10.69360828
v 12.41715908 9.00000000 12.00000000
v 12.21697235 9.00000000 13.00000000
v 12.19208145 9.00000000 14.00000000
v 12.05220985 9.00000000 16.00000000
v 12.05325031 9.00000000 17.00000000
v 12.23322964 9.00000000 18.00000000
v 12.30325413 9.00000000 19.00000000
v 12.47971916 9.00000000 20.00000000
v 12.46240139 9.00000000 21.00000000
v 12.60384178 9.00000000 22.00000000
v 12.68966961 9.00000000 23.00000000
v 12.73159599 9.00000000 24.00000000
v 12.74963570 9.00000000 25.00000000
v 12.65818691 9.00000000 26.00000000
v 12.62941933 9.00000000 27.00000000
v 12.70111656 9.00000000 28.00000000
v 12.77806950 9.00000000 29.00000000
v 13.00000000 9.00000000 29.93733597
v 13.00000000 8.87481308 30.00000000
v 12.96852875 9.00000000 34.00000000
v 13.00000000 9.00000000 33.25242615
v 12.78930759 9.00000000 35.00000000
v 12.75717735 9.00000000 36.00000000
v 12.46705818 9.00000000 37.00000000
v 12.56482697 9.00000000 38.00000000
v 12.32933140 9.00000000 39.00000000
v 12.66395092 9.00000000 40.00000000
v 12.45948792 9.00000000 41.00000000
v 12.48256207 9.00000000 42.00000000
v 12.26165676 9.00000000 43.00000000
v 12.23085690 9.00000000 44.00000000
v 12.12688255 9.00000000 45.00000000
v 13.00000000 9.00000000 45.88071060
v 12.93605900 10.00000000 11.00000000
v 13.00000000 10.00000000 10.73274136
v 12.56136990 10.00000000 12.00000000
v 12.26135063 10.00000000 13.00000000
v 12.23484039 10.00000000 14.00000000
v 12.10787392 10.00000000 15.00000000
v 12.09925175 10.00000000 16.00000000
v 12.16742706 10.00000000 17.00000000
v 12.39498520 10.00000000 18.00000000
v 12.40928555 10.00000000 19.00000000
v 12.45856571 10.00000000 20.00000000
v 12.48949528 10.00000000 21.00000000
v 12.71586800 10.00000000 22.00000000
v 12.76481152 10.00000000 23.00000000
v 12.73616886 10.00000000 24.00000000
v 12.63520145 10.00000000 25.00000000
v 12.81716824 10.00000000 26.00000000
v 12.70268822 10.00000000 27.00000000
v 12.70309830 10.00000000 28.00000000
v 12.67065239 10.00000000 29.00000000
v 13.00000000 9.32270432 30.00000000
v 12.97522545 10.00000000 30.00000000
v 13.00000000 10.00000000 30.10334778
v 12.93318462 10.00000000 33.00000000
v 13.00000000 9.11455154 33.00000000
v 13.00000000 10.00000000 32.72927856
v 13.00000000 10.00000000 33.65180206
v 13.00000000 9.41766167 34.00000000
v 13.00000000 10.00000000 34.32884216
v 12.91858387 10.00000000 35.00000000
v 12.77865505 10.00000000 36.00000000
v 12.60526943 10.00000000 37.00000000
v 12.81431770 10.00000000 38.00000000
v 12.62099838 10.00000000 39.00000000
v 12.74539375 10.00000000 40.00000000
v 12.46164703 10.00000000 41.00000000
v 12.62822437 10.00000000 42.00000000
v 12.48209000 10.00000000 43.00000000
v 12.34295654 10.00000000 44.00000000
v 12.19363785 10.00000000 45.00000000
v 13.00000000 9.48530960 46.00000000
v 12.83411312 10.00000000 46.00000000
v 13.00000000 10.00000000 46.09156418
v 12.89895630 11.00000000 11.00000000
v 13.00000000 11.00000000 10.38875675
v 12.53448486 11.00000000 12.00000000
v 12.29848766 11.00000000 13.00000000
v 12.12276649 11.00000000 14.00000000
v 12.15019417 11.00000000 15.00000000
v 12.17360306 11.00000000 16.00000000
v 12.02117157 11.00000000 17.00000000
v 12.29580021 11.00000000 18.00000000
v 12.49786186 11.00000000 19.00000000
v 12.50716972 11.00000000 20.00000000
v 12.53950977 11.00000000 21.00000000
v 12.77356243 11.00000000 22.00000000
v 12.89054680 11.00000000 23.00000000
v 12.87316227 11.00000000 24.00000000
v 12.83251572 11.00000000 25.00000000
v 12.79861832 11.00000000 26.00000000
v 12.85505772 11.00000000 27.00000000
v 12.83909416 11.00000000 28.00000000
v 12.92110920 11.00000000 29.00000000
v 13.00000000 11.00000000 29.64147758
v 13.00000000 10.33166981 30.00000000
v 13.00000000 10.32214451 33.00000000
v 12.97975731 11.00000000 35.00000000
v 13.00000000 11.00000000 34.51272964
v 12.89449692 11.00000000 36.00000000
v 12.78032303 11.00000000 37.00000000
v 12.89893532 11.00000000 38.00000000
v 12.83661175 11.00000000 39.00000000
v 12.91223907 11.00000000 40.00000000
v 12.74726391 11.00000000 41.00000000
v 12.65835762 11.00000000 42.00000000
v 12.64177608 11.00000000 43.00000000
v 12.56634808 11.00000000 44.00000000
v 12.37912178 11.00000000 45.00000000
v 12.75432682 11.00000000 46.00000000
v 13.00000000 11.00000000 46.19427109
v 12.85289288 12.00000000 11.00000000
v 13.00000000 12.00000000 10.57923603
v 12.56929874 12.00000000 12.00000000
v 12.30523968 12.00000000 13.00000000
v 12.18936348 12.00000000 14.00000000
v 12.11114883 12.00000000 15.00000000
v 12.19768429 12.00000000 16.00000000
v 12.11104965 12.00000000 17.00000000
v 12.35800648 12.00000000 18.00000000
v 12.48041725 12.00000000 19.00000000
v 12.53807926 12.00000000 20.00000000
v 12.55571747 12.00000000 21.00000000
v 12.67514133 12.00000000 22.00000000
v 12.80431843 12.00000000 23.00000000
v 12.79916954 12.00000000 24.00000000
v 12.76660442 12.00000000 25.00000000
v 12.73576355 12.00000000 26.00000000
v 12.78996563 12.00000000 27.00000000
v 12.83938026 12.00000000 28.00000000
v 12.83885002 12.00000000 29.00000000
v 13.00000000 11.19690704 30.00000000
v 12.85348606 12.00000000 30.00000000
v 13.00000000 12.00000000 30.96778870
v 12.95489979 12.00000000 34.00000000
v 13.00000000 11.32823181 34.00000000
v 13.00000000 12.00000000 33.58055496
v 12.97990417 12.00000000 35.00000000
v 12.86050987 12.00000000 36.00000000
v 12.86104774 12.00000000 37.00000000
v 12.79032040 12.00000000 38.00000000
v 12.93076038 12.00000000 39.00000000
v 12.96051216 12.00000000 40.00000000
v 12.96772289 12.00000000 41.00000000
v 12.74165344 12.00000000 42.00000000
v 12.68763828 12.00000000 43.00000000
v 12.48788071 12.00000000 44.00000000
v 12.45818710 12.00000000 45.00000000
v 12.85006332 12.00000000 46.00000000
v 13.00000000 12.00000000 46.11314011
v 12.99904919 13.00000000 11.00000000
v 13.00000000 13.00000000 10.99781895
v 12.66040611 13.00000000 12.00000000
v 12.42092133 13.00000000 13.00000000
v 12.29304409 13.00000000 14.00000000
v 12.04050064 13.00000000 15.00000000
v 12.16509533 13.00000000 16.00000000
v 12.13346577 13.00000000 17.00000000
v 12.33602333 13.00000000 18.00000000
v 12.46051502 13.00000000 19.00000000
v 12.53268719 13.00000000 20.00000000
v 12.59185505 13.00000000 21.00000000
v 12.67419624 13.00000000 22.00000000
v 12.92874050 13.00000000 23.00000000
v 13.00000000 13.00000000 23.61747360
v 13.00000000 12.85479355 24.00000000
v 13.00000000 13.00000000 24.34215736
v 12.91026783 13.00000000 25.00000000
v 12.91456985 13.00000000 26.00000000
v 12.81717014 13.00000000 27.00000000
v 12.88851357 13.00000000 28.00000000
v 12.87860298 13.00000000 29.00000000
v 12.90281963 13.00000000 30.00000000
v 13.00000000 13.00000000 30.93798447
v 12.96011353 13.00000000 33.00000000
v 13.00000000 12.64532089 33.00000000
v 13.00000000 13.00000000 32.57406616
v 13.00000000 12.51769066 34.00000000
v 13.00000000 13.00000000 33.44950104
v 13.00000000 13.00000000 34.72856903
v 12.98577309 13.00000000 35.00000000
v 12.94230366 13.00000000 36.00000000
v 12.85154152 13.00000000 37.00000000
v 13.00000000 13.00000000 37.95373535
v 13.00000000 12.95467567 38.00000000
v 13.00000000 13.00000000 38.08464432
v 12.86760902 13.00000000 39.00000000
v 12.90153313 13.00000000 40.00000000
v 12.71966934 13.00000000 41.00000000
v 12.76764488 13.00000000 42.00000000
v 12.79430866 13.00000000 43.00000000
v 12.57908726 13.00000000 44.00000000
v 12.46831417 13.00000000 45.00000000
v 13.00000000 13.00000000 45.78398132
v 13.00000000 12.37283230 46.00000000
v 13.00000000 13.51815414 1.00000000
v 13.00000000 14.00000000 0.87134862
v 13.00000000 14.00000000 1.02171063
v 12.85375786 14.00000000 11.00000000
v 13.00000000 14.00000000 10.58291245
v 12.63544750 14.00000000 12.00000000
v 12.49322414 14.00000000 13.00000000
v 12.34766960 14.00000000 14.00000000
v 12.15734863 14.00000000 15.00000000
v 12.24876118 14.00000000 16.00000000
v 12.23785019 14.00000000 17.00000000
v 12.22265053 14.00000000 18.00000000
v 12.35873699 14.00000000 19.00000000
v 12.47419453 14.00000000 20.00000000
v 12.56857300 14.00000000 21.00000000
v 12.70679092 14.00000000 22.00000000
v 13.00000000 14.00000000 22.97016907
v 13.00000000 13.88074017 23.00000000
v 13.00000000 14.00000000 23.06808472
v 12.88740349 14.00000000 24.00000000
v 13.00000000 13.25051498 24.00000000
v 12.95237923 14.00000000 25.00000000
v 12.77902603 14.00000000 26.00000000
v 12.83703423 14.00000000 27.00000000
v 12.89497375 14.00000000 28.00000000
v 12.81754398 14.00000000 29.00000000
v 12.83282471 14.00000000 30.00000000
v 13.00000000 13.06388474 31.00000000
v 12.91629696 14.00000000 31.00000000
v 12.89028549 14.00000000 32.00000000
v 13.00000000 13.26387024 32.00000000
v 12.88352680 14.00000000 33.00000000
v 13.00000000 13.39738178 34.00000000
v 12.92951775 14.00000000 34.00000000
v 13.00000000 13.17659664 35.00000000
v 13.00000000 14.00000000 34.46609879
v 13.00000000 14.00000000 35.88241959
v 12.99042225 14.00000000 36.00000000
v 12.84620762 14.00000000 37.00000000
v 13.00000000 13.07493973 38.00000000
v 12.89931870 14.00000000 38.00000000
v 12.81956387 14.00000000 39.00000000
v 12.70429897 14.00000000 40.00000000
v 12.62777805 14.00000000 41.00000000
v 12.79565048 14.00000000 42.00000000
v 12.82212067 14.00000000 43.00000000
v 12.88256359 14.00000000 44.00000000
v 12.63685322 14.00000000 45.00000000
v 13.00000000 14.00000000 45.93077087
v 13.00000000 14.37832832 1.00000000
v 12.92354107 15.00000000 1.00000000
v 12.87265015 15.00000000 11.00000000
v 13.00000000 15.00000000 10.53504944
v 12.70208549 15.00000000 12.00000000
v 12.45318222 15.00000000 13.00000000
v 12.21069527 15.00000000 14.00000000
v 12.24621964 15.00000000 15.00000000
v 12.28384113 15.00000000 16.00000000
v 12.19418812 15.00000000 17.00000000
v 12.28719521 15.00000000 18.00000000
v 12.41904545 15.00000000 19.00000000
v 12.41939354 15.00000000 20.00000000
v 12.65880013 15.00000000 21.00000000
v 12.85295677 15.00000000 22.00000000
v 13.00000000 15.00000000 22.49944305
v 13.00000000 14.52530289 24.00000000
v 13.00000000 14.47963333 25.00000000
v 13.00000000 15.00000000 25.24886894
v 12.84322834 15.00000000 26.00000000
v 12.91121197 15.00000000 27.00000000
v 12.82232571 15.00000000 28.00000000
v 12.85936737 15.00000000 29.00000000
v 12.86683941 15.00000000 30.00000000
v 12.97479248 15.00000000 31.00000000
v 12.98466206 15.00000000 32.00000000
v 12.97475815 15.00000000 33.00000000
v 12.88492203 15.00000000 34.00000000
v 13.00000000 14.91683769 35.00000000
v 12.99380112 15.00000000 35.00000000
v 12.95122337 15.00000000 36.00000000
v 12.94436169 15.00000000 37.00000000
v 12.81591415 15.00000000 38.00000000
v 12.76327133 15.00000000 39.00000000
v 12.78741360 15.00000000 40.00000000
v 12.75820160 15.00000000 41.00000000
v 12.69845390 15.00000000 42.00000000
v 12.95471001 15.00000000 43.00000000
v 12.88866901 15.00000000 44.00000000
v 12.81146622 15.00000000 45.00000000
v 13.00000000 15.00000000 45.83222961
v 13.00000000 15.29874325 1.00000000
v 13.00000000 16.00000000 0.73222363
v 13.00000000 16.00000000 1.08070445
v 12.94182682 16.00000000 11.00000000
v 13.00000000 16.00000000 10.79782677
v 12.62955570 16.00000000 12.00000000
v 12.44029522 16.00000000 13.00000000
v 12.33361912 16.00000000 14.00000000
v 12.29279041 16.00000000 15.00000000
v 12.25599098 16.00000000 16.00000000
v 12.04105663 16.00000000 17.00000000
v 12.24298191 16.00000000 18.00000000
v 12.32186317 16.00000000 19.00000000
v 12.39633751 16.00000000 20.00000000
v 12.46605587 16.00000000 21.00000000
v 12.70104980 16.00000000 22.00000000
v 13.00000000 15.54207516 23.00000000
v 12.90057564 16.00000000 23.00000000
v 12.92728138 16.00000000 24.00000000
v 13.00000000 15.59184742 24.00000000
v 12.92255211 16.00000000 25.00000000
v 13.00000000 15.41757774 25.00000000
v 12.68728733 16.00000000 26.00000000
v 12.73675823 16.00000000 27.00000000
v 12.74216747 16.00000000 28.00000000
v 12.71276665 16.00000000 29.00000000
v 12.76800156 16.00000000 30.00000000
v 12.81930923 16.00000000 31.00000000
v 12.87605762 16.00000000 32.00000000
v 12.84295654 16.00000000 33.00000000
v 12.76221561 16.00000000 34.00000000
v 12.84747982 16.00000000 35.00000000
v 12.81971169 16.00000000 36.00000000
v 12.79672050 16.00000000 37.00000000
v 12.69884014 16.00000000 38.00000000
v 12.61040783 16.00000000 39.00000000
v 12.58068275 16.00000000 40.00000000
v 12.36494732 16.00000000 41.00000000
v 12.43946552 16.00000000 42.00000000
v 12.68735886 16.00000000 43.00000000
v 12.85303593 16.00000000 44.00000000
v 12.83484268 16.00000000 45.00000000
v 13.00000000 16.00000000 45.63800049
v 13.00000000 17.00000000 0.32643729
v 13.00000000 17.00000000 1.48614931
v 12.96486950 17.00000000 11.00000000
v 13.00000000 17.00000000 10.91697979
v 12.75299740 17.00000000 12.00000000
v 12.48220348 17.00000000 13.00000000
v 12.43328857 17.00000000 14.00000000
v 12.27934456 17.00000000 15.00000000
v 12.38915634 17.00000000 16.00000000
v 12.24877834 17.00000000 17.00000000
v 12.37425423 17.00000000 18.00000000
v 12.43520832 17.00000000 19.00000000
v 12.46873093 17.00000000 20.00000000
v 12.63673973 17.00000000 21.00000000
v 12.79679871 17.00000000 22.00000000
v 12.91327381 17.00000000 23.00000000
v 13.00000000 17.00000000 23.51147461
v 13.00000000 16.52939034 24.00000000
v 13.00000000 17.00000000 24.63564301
v 12.94787407 17.00000000 25.00000000
v 12.69033241 17.00000000 26.00000000
v 12.87008858 17.00000000 27.00000000
v 12.81875134 17.00000000 28.00000000
v 12.71648788 17.00000000 29.00000000
v 12.74888515 17.00000000 30.00000000
v 12.79654121 17.00000000 31.00000000
v 12.89788818 17.00000000 32.00000000
v 12.93648720 17.00000000 33.00000000
v 12.79945374 17.00000000 34.00000000
v 12.86171627 17.00000000 35.00000000
v 12.90433502 17.00000000 36.00000000
v 12.82377338 17.00000000 37.00000000
v 12.71120548 17.00000000 38.00000000
v 12.58396816 17.00000000 39.00000000
v 12.58244038 17.00000000 40.00000000
v 12.54361725 17.00000000 41.00000000
v 12.52611256 17.00000000 42.00000000
v 12.83447266 17.00000000 43.00000000
v 12.87936592 17.00000000 44.00000000
v 12.67128468 17.00000000 45.00000000
v 13.00000000 17.00000000 45.64152527
v 12.41433239 18.00000000 0.00000000
v 13.00000000 17.83353615 0.00000000
v 13.00000000 18.00000000 1.52191758
v 13.00000000 17.70653343 11.00000000
v 13.00000000 18.00000000 11.03003693
v 12.65087128 18.00000000 12.00000000
v 12.37943554 18.00000000 13.00000000
v 12.49632645 18.00000000 14.00000000
v 12.43101311 18.00000000 15.00000000
v 12.37721729 18.00000000 16.00000000
v 12.36336040 18.00000000 17.00000000
v 12.48638725 18.00000000 18.00000000
v 12.42160511 18.00000000 19.00000000
v 12.46622372 18.00000000 20.00000000
v 12.58172035 18.00000000 21.00000000
v 12.80435848 18.00000000 22.00000000
v 12.81423759 18.00000000 23.00000000
v 13.00000000 17.26312256 24.00000000
v 12.79815865 18.00000000 24.00000000
v 12.79777145 18.00000000 25.00000000
v 12.61665344 18.00000000 26.00000000
v 12.75060177 18.00000000 27.00000000
v 12.74139023 18.00000000 28.00000000
v 12.72546005 18.00000000 29.00000000
v 12.72819328 18.00000000 30.00000000
v 12.85175037 18.00000000 31.00000000
v 12.78937340 18.00000000 32.00000000
v 12.82885075 18.00000000 33.00000000
v 12.83396053 18.00000000 34.00000000
v 12.90580273 18.00000000 35.00000000
v 12.75446510 18.00000000 36.00000000
v 12.67819118 18.00000000 37.00000000
v 12.59022522 18.00000000 38.00000000
v 12.48668957 18.00000000 39.00000000
v 12.25286388 18.00000000 40.00000000
v 12.27277184 18.00000000 41.00000000
v 12.48606110 18.00000000 42.00000000
v 12.70581055 18.00000000 43.00000000
v 12.65317345 18.00000000 44.00000000
v 12.66843700 18.00000000 45.00000000
v 13.00000000 18.00000000 45.64579773
v 13.00000000 18.12453651 0.00000000
v 13.00000000 19.00000000 0.36552602
v 13.00000000 19.00000000 1.99387538
v 12.94830322 19.00000000 11.00000000
v 13.00000000 18.19540024 11.00000000
v 13.00000000 19.00000000 10.73377037
v 12.62303638 19.00000000 12.00000000
v 12.41957283 19.00000000 13.00000000
v 12.29674244 19.00000000 14.00000000
v 12.44996738 19.00000000 15.00000000
v 12.50382900 19.00000000 16.00000000
v 12.30258656 19.00000000 17.00000000
v 12.46849632 19.00000000 18.00000000
v 12.55613422 19.00000000 19.00000000
v 12.53854275 19.00000000 20.00000000
v 12.56659126 19.00000000 21.00000000
v 12.76597214 19.00000000 22.00000000
v 12.83471680 19.00000000 23.00000000
v 12.79497337 19.00000000 24.00000000
v 12.65037918 19.00000000 25.00000000
v 12.59665966 19.00000000 26.00000000
v 12.77152824 19.00000000 27.00000000
v 12.84618473 19.00000000 28.00000000
v 12.72815323 19.00000000 29.00000000
v 12.65307331 19.00000000 30.00000000
v 12.68830109 19.00000000 31.00000000
v 12.76347446 19.00000000 32.00000000
v 12.68727112 19.00000000 33.00000000
v 12.69424248 19.00000000 34.00000000
v 12.73115349 19.00000000 35.00000000
v 12.67409229 19.00000000 36.00000000
v 12.55472660 19.00000000 37.00000000
v 12.36352921 19.00000000 38.00000000
v 12.41525364 19.00000000 39.00000000
v 12.34328079 19.00000000 40.00000000
v 12.16104221 19.00000000 41.00000000
v 12.41470528 19.00000000 42.00000000
v 12.66154575 19.00000000 43.00000000
v 12.67128468 19.00000000 44.00000000
v 12.77175999 19.00000000 45.00000000
v 13.00000000 19.00000000 45.75643158
v 13.00000000 20.00000000 0.18758327
v 12.61889267 20.00000000 2.00000000
v 13.00000000 20.00000000 1.81049359
v 12.86077785 20.00000000 11.00000000
v 13.00000000 20.00000000 10.26076984
v 12.48163223 20.00000000 12.00000000
v 12.32904339 20.00000000 13.00000000
v 12.32007885 20.00000000 14.00000000
v 12.40024662 20.00000000 15.00000000
v 12.47952747 20.00000000 16.00000000
v 12.41242218 20.00000000 17.00000000
v 12.42055035 20.00000000 18.00000000
v 12.45840454 20.00000000 19.00000000
v 12.41771507 20.00000000 20.00000000
v 12.50108624 20.00000000 21.00000000
v 12.58328056 20.00000000 22.00000000
v 12.80051041 20.00000000 23.00000000
v 12.69050312 20.00000000 24.00000000
v 12.52299500 20.00000000 25.00000000
v 12.51576042 20.00000000 26.00000000
v 12.62910843 20.00000000 27.00000000
v 12.63794041 20.00000000 28.00000000
v 12.61933422 20.00000000 29.00000000
v 12.59995937 20.00000000 30.00000000
v 12.69692993 20.00000000 31.00000000
v 12.74002457 20.00000000 32.00000000
v 12.67470360 20.00000000 33.00000000
v 12.68663406 20.00000000 34.00000000
v 12.73940372 20.00000000 35.00000000
v 12.58495140 20.00000000 36.00000000
v 12.54607105 20.00000000 37.00000000
v 12.31258392 20.00000000 38.00000000
v 12.36821270 20.00000000 39.00000000
v 12.35298920 20.00000000 40.00000000
v 12.26891232 20.00000000 41.00000000
v 12.30915451 20.00000000 42.00000000
v 12.38102055 20.00000000 43.00000000
v 12.51413345 20.00000000 44.00000000
v 12.71788597 20.00000000 45.00000000
v 13.00000000 20.00000000 45.53509140
v 13.00000000 21.00000000 0.22725792
v 12.01064968 21.00000000 2.00000000
v 13.00000000 20.63478088 2.00000000
v 13.00000000 21.00000000 2.14373112
v 13.00000000 20.88621330 11.00000000
v 13.00000000 21.00000000 11.04862881
v 12.59489250 21.00000000 12.00000000
v 12.44947147 21.00000000 13.00000000
v 12.47970963 21.00000000 14.00000000
v 12.42849064 21.00000000 15.00000000
v 12.62363243 21.00000000 16.00000000
v 12.48430920 21.00000000 17.00000000
v 12.58014202 21.00000000 18.00000000
v 12.55542564 21.00000000 19.00000000
v 12.51850986 21.00000000 20.00000000
v 12.47162437 21.00000000 21.00000000
v 12.50769901 21.00000000 22.00000000
v 12.58950901 21.00000000 23.00000000
v 12.59628296 21.00000000 24.00000000
v 12.54687119 21.00000000 25.00000000
v 12.57140923 21.00000000 26.00000000
v 12.66737556 21.00000000 27.00000000
v 12.75673103 21.00000000 28.00000000
v 12.70957661 21.00000000 29.00000000
v 12.66297436 21.00000000 30.00000000
v 12.60496330 21.00000000 31.00000000
v 12.73700523 21.00000000 32.00000000
v 12.66284084 21.00000000 33.00000000
v 12.74230480 21.00000000 34.00000000
v 12.82905674 21.00000000 35.00000000
v 12.65394497 21.00000000 36.00000000
v 12.45175362 21.00000000 37.00000000
v 12.46390915 21.00000000 38.00000000
v 12.17545414 21.00000000 39.00000000
v 12.24917316 21.00000000 40.00000000
v 12.11728573 21.00000000 41.00000000
v 12.21111584 21.00000000 42.00000000
v 12.25769901 21.00000000 43.00000000
v 12.44614887 21.00000000 44.00000000
v 12.35799313 21.00000000 45.00000000
v 13.00000000 21.00000000 45.76590729
v 13.00000000 22.00000000 0.16696857
v 13.00000000 22.00000000 2.22757554
v 12.91065979 22.00000000 11.00000000
v 13.00000000 21.17948723 11.00000000
v 13.00000000 22.00000000 10.50068283
v 12.55876732 22.00000000 12.00000000
v 12.49855614 22.00000000 13.00000000
v 12.44791698 22.00000000 14.00000000
v 12.44778538 22.00000000 15.00000000
v 12.54969883 22.00000000 16.00000000
v 12.57955360 22.00000000 17.00000000
v 12.43389606 22.00000000 18.00000000
v 12.49542713 22.00000000 19.00000000
v 12.59293270 22.00000000 20.00000000
v 12.53868961 22.00000000 21.00000000
v 12.51501179 22.00000000 22.00000000
v 12.41864872 22.00000000 23.00000000
v 12.33805561 22.00000000 24.00000000
v 12.50939178 22.00000000 25.00000000
v 12.42427826 22.00000000 26.00000000
v 12.56622505 22.00000000 27.00000000
v 12.67066097 22.00000000 28.00000000
v 12.63767338 22.00000000 29.00000000
v 12.61974716 22.00000000 30.00000000
v 12.63347435 22.00000000 31.00000000
v 12.61339283 22.00000000 32.00000000
v 12.63088989 22.00000000 33.00000000
v 12.61454487 22.00000000 34.00000000
v 12.75819206 22.00000000 35.00000000
v 12.60714722 22.00000000 36.00000000
v 12.47253323 22.00000000 37.00000000
v 12.47665596 22.00000000 38.00000000
v 12.30898762 22.00000000 39.00000000
v 12.14325619 22.00000000 40.00000000
v 12.15552330 22.00000000 41.00000000
v 12.24086571 22.00000000 44.00000000
v 12.22607136 22.00000000 45.00000000
v 13.00000000 21.67895889 46.00000000
v 12.89712620 22.00000000 46.00000000
v 13.00000000 22.00000000 46.06548691
v 13.00000000 23.00000000 0.42813814
v 13.00000000 23.00000000 2.49219489
v 12.94929218 23.00000000 11.00000000
v 13.00000000 23.00000000 10.83231068
v 12.59250355 23.00000000 12.00000000
v 12.45396805 23.00000000 13.00000000
v 12.47309780 23.00000000 14.00000000
v 12.79088402 23.00000000 15.00000000
v 12.80280018 23.00000000 16.00000000
v 12.59685898 23.00000000 17.00000000
v 12.54388809 23.00000000 18.00000000
v 12.56254864 23.00000000 19.00000000
v 12.57106972 23.00000000 20.00000000
v 12.55084133 23.00000000 21.00000000
v 12.46812344 23.00000000 22.00000000
v 12.53389454 23.00000000 23.00000000
v 12.36701870 23.00000000 24.00000000
v 12.36641502 23.00000000 25.00000000
v 12.44505215 23.00000000 26.00000000
v 12.60644531 23.00000000 27.00000000
v 12.64261246 23.00000000 28.00000000
v 12.70463181 23.00000000 29.00000000
v 12.62612343 23.00000000 30.00000000
v 12.64295292 23.00000000 31.00000000
v 12.67878342 23.00000000 32.00000000
v 12.57480431 23.00000000 33.00000000
v 12.58403111 23.00000000 34.00000000
v 12.67290306 23.00000000 35.00000000
v 12.58728218 23.00000000 36.00000000
v 12.55463505 23.00000000 37.00000000
v 12.44149208 23.00000000 38.00000000
v 12.44650459 23.00000000 39.00000000
v 12.33026505 23.00000000 40.00000000
v 12.01735401 23.00000000 44.00000000
v 12.90721607 23.00000000 46.00000000
v 13.00000000 23.00000000 46.07299805
v 13.00000000 24.00000000 0.25339597
v 13.00000000 24.00000000 2.52475691
v 12.91571236 24.00000000 11.00000000
v 13.00000000 24.00000000 10.58427238
v 12.55374813 24.00000000 12.00000000
v 12.43678665 24.00000000 13.00000000
v 12.57659531 24.00000000 14.00000000
v 12.73411751 24.00000000 15.00000000
v 12.78707314 24.00000000 16.00000000
v 12.53402710 24.00000000 17.00000000
v 12.47057915 24.00000000 18.00000000
v 12.47185612 24.00000000 19.00000000
v 12.53952026 24.00000000 20.00000000
v 12.44286060 24.00000000 21.00000000
v 12.41537189 24.00000000 22.00000000
v 12.45281506 24.00000000 23.00000000
v 12.32117844 24.00000000 24.00000000
v 12.25809765 24.00000000 25.00000000
v 12.45073032 24.00000000 26.00000000
v 12.55731201 24.00000000 27.00000000
v 12.60232735 24.00000000 28.00000000
v 12.57769489 24.00000000 29.00000000
v 12.59182930 24.00000000 30.00000000
v 12.58876991 24.00000000 31.00000000
v 12.57242393 24.00000000 32.00000000
v 12.36465836 24.00000000 33.00000000
v 12.38855743 24.00000000 34.00000000
v 12.52635765 24.00000000 35.00000000
v 12.49782753 24.00000000 36.00000000
v 12.52107620 24.00000000 37.00000000
v 12.37996578 24.00000000 38.00000000
v 12.38118553 24.00000000 39.00000000
v 12.30425930 24.00000000 40.00000000
v 12.14811897 24.00000000 44.00000000
v 12.17186069 24.00000000 45.00000000
v 12.84500408 24.00000000 46.00000000
v 13.00000000 24.00000000 46.10438538
v 13.00000000 25.00000000 0.18808325
v 13.00000000 25.00000000 2.59001541
v 13.00000000 24.48050499 11.00000000
v 13.00000000 25.00000000 11.20460892
v 12.72012901 25.00000000 12.00000000
v 12.52314091 25.00000000 13.00000000
v 12.70715714 25.00000000 14.00000000
v 12.88272285 25.00000000 15.00000000
v 12.91625214 25.00000000 16.00000000
v 12.81416321 25.00000000 17.00000000
v 12.65156841 25.00000000 18.00000000
v 12.65459728 25.00000000 19.00000000
v 12.62664318 25.00000000 20.00000000
v 12.48259163 25.00000000 21.00000000
v 12.56707287 25.00000000 22.00000000
v 12.46313477 25.00000000 23.00000000
v 12.50696373 25.00000000 24.00000000
v 12.53087521 25.00000000 25.00000000
v 12.60575771 25.00000000 26.00000000
v 12.70327187 25.00000000 27.00000000
v 12.68355560 25.00000000 28.00000000
v 12.62592888 25.00000000 29.00000000
v 12.72163391 25.00000000 30.00000000
v 12.69803619 25.00000000 31.00000000
v 12.71237659 25.00000000 32.00000000
v 12.48426247 25.00000000 33.00000000
v 12.54243088 25.00000000 34.00000000
v 12.55334759 25.00000000 35.00000000
v 12.59357071 25.00000000 36.00000000
v 12.44221210 25.00000000 37.00000000
v 12.53989410 25.00000000 38.00000000
v 12.35947037 25.00000000 39.00000000
v 12.57407856 25.00000000 40.00000000
v 12.35456848 25.00000000 41.00000000
v 12.15854263 25.00000000 42.00000000
v 12.00882912 25.00000000 44.00000000
v 12.75710773 25.00000000 46.00000000
v 13.00000000 25.00000000 46.14783859
v 13.00000000 26.00000000 0.04706762
v 12.83742714 26.00000000 0.00000000
v 13.00000000 26.00000000 2.28321886
v 12.82085133 26.00000000 12.00000000
v 13.00000000 26.00000000 11.55872536
v 12.65393829 26.00000000 13.00000000
v 12.73361492 26.00000000 14.00000000
v 12.79755688 26.00000000 15.00000000
v 12.93790913 26.00000000 16.00000000
v 12.75673580 26.00000000 17.00000000
v 12.65782452 26.00000000 18.00000000
v 12.58533955 26.00000000 19.00000000
v 12.60135460 26.00000000 20.00000000
v 12.52274227 26.00000000 21.00000000
v 12.68032455 26.00000000 22.00000000
v 12.57106686 26.00000000 23.00000000
v 12.53225708 26.00000000 24.00000000
v 12.55965614 26.00000000 25.00000000
v 12.65624619 26.00000000 26.00000000
v 12.67255306 26.00000000 27.00000000
v 12.60947609 26.00000000 28.00000000
v 12.51722431 26.00000000 29.00000000
v 12.62592411 26.00000000 30.00000000
v 12.68467903 26.00000000 31.00000000
v 12.64773083 26.00000000 32.00000000
v 12.57604885 26.00000000 33.00000000
v 12.53605270 26.00000000 34.00000000
v 12.50932693 26.00000000 35.00000000
v 12.49492168 26.00000000 36.00000000
v 12.50380325 26.00000000 37.00000000
v 12.61414623 26.00000000 38.00000000
v 12.63872147 26.00000000 39.00000000
v 12.48936844 26.00000000 40.00000000
v 12.39011955 26.00000000 41.00000000
v 12.29223347 26.00000000 42.00000000
v 12.18974495 26.00000000 43.00000000
v 12.05372620 26.00000000 44.00000000
v 12.66535759 26.00000000 46.00000000
v 13.00000000 26.00000000 46.25022507
v 13.00000000 27.00000000 0.29888359
v 13.00000000 27.00000000 2.49161339
v 12.77317333 27.00000000 12.00000000
v 13.00000000 27.00000000 11.55012417
v 12.57988644 27.00000000 13.00000000
v 12.60493565 27.00000000 14.00000000
v 12.79762650 27.00000000 15.00000000
v 12.83900261 27.00000000 16.00000000
v 12.77580547 27.00000000 17.00000000
v 12.70387650 27.00000000 18.00000000
v 12.61727905 27.00000000 19.00000000
v 12.67667866 27.00000000 20.00000000
v 12.47187805 27.00000000 21.00000000
v 12.52284336 27.00000000 22.00000000
v 12.60529709 27.00000000 23.00000000
v 12.64292145 27.00000000 24.00000000
v 12.57702255 27.00000000 25.00000000
v 12.56764889 27.00000000 26.00000000
v 12.72149658 27.00000000 27.00000000
v 12.65126419 27.00000000 28.00000000
v 12.53608704 27.00000000 29.00000000
v 12.47190094 27.00000000 30.00000000
v 12.57378960 27.00000000 31.00000000
v 12.63564873 27.00000000 32.00000000
v 12.50245094 27.00000000 33.00000000
v 12.47418118 27.00000000 34.00000000
v 12.59092522 27.00000000 35.00000000
v 12.47433567 27.00000000 36.00000000
v 12.38377476 27.00000000 37.00000000
v 12.36868286 27.00000000 38.00000000
v 12.48225975 27.00000000 39.00000000
v 12.65046883 27.00000000 40.00000000
v 12.41183376 27.00000000 41.00000000
v 12.32350540 27.00000000 42.00000000
v 12.19706059 27.00000000 43.00000000
v 12.25223732 27.00000000 44.00000000
v 12.59707546 27.00000000 46.00000000
v 13.00000000 27.00000000 46.29960632
v 13.00000000 28.00000000 0.23450106
v 13.00000000 28.00000000 2.32136226
v 12.70960140 28.00000000 12.00000000
v 13.00000000 28.00000000 11.25825214
v 12.57378387 28.00000000 13.00000000
v 12.39919853 28.00000000 14.00000000
v 12.62195778 28.00000000 15.00000000
v 12.74630737 28.00000000 16.00000000
v 12.69991016 28.00000000 17.00000000
v 12.62835026 28.00000000 18.00000000
v 12.62726974 28.00000000 19.00000000
v 12.49761772 28.00000000 20.00000000
v 12.39011288 28.00000000 21.00000000
v 12.50137424 28.00000000 22.00000000
v 12.50267029 28.00000000 23.00000000
v 12.45881271 28.00000000 24.00000000
v 12.50852680 28.00000000 25.00000000
v 12.55697155 28.00000000 26.00000000
v 12.55957985 28.00000000 27.00000000
v 12.40139866 28.00000000 28.00000000
v 12.40886021 28.00000000 29.00000000
v 12.43797493 28.00000000 30.00000000
v 12.57529545 28.00000000 31.00000000
v 12.63508987 28.00000000 32.00000000
v 12.55585575 28.00000000 33.00000000
v 12.50143147 28.00000000 34.00000000
v 12.50130844 28.00000000 35.00000000
v 12.43037701 28.00000000 36.00000000
v 12.49019814 28.00000000 37.00000000
v 12.41854763 28.00000000 38.00000000
v 12.59435463 28.00000000 39.00000000
v 12.63224220 28.00000000 40.00000000
v 12.59767723 28.00000000 41.00000000
v 12.35863590 28.00000000 42.00000000
v 12.13668633 28.00000000 43.00000000
v 12.02691650 28.00000000 44.00000000
v 12.54148006 28.00000000 46.00000000
v 13.00000000 28.00000000 46.26584244
v 13.00000000 29.00000000 0.23645298
v 12.24961185 29.00000000 2.00000000
v 13.00000000 29.00000000 2.38837337
v 12.89108467 29.00000000 12.00000000
v 13.00000000 29.00000000 11.68739986
v 12.60739899 29.00000000 13.00000000
v 12.56711864 29.00000000 14.00000000
v 12.58976460 29.00000000 15.00000000
v 12.75220871 29.00000000 16.00000000
v 12.56913185 29.00000000 17.00000000
v 12.61093903 29.00000000 18.00000000
v 12.67653847 29.00000000 19.00000000
v 12.56951809 29.00000000 20.00000000
v 12.42746830 29.00000000 21.00000000
v 12.37187767 29.00000000 22.00000000
v 12.45398235 29.00000000 23.00000000
v 12.42643452 29.00000000 24.00000000
v 12.41371441 29.00000000 25.00000000
v 12.46305561 29.00000000 26.00000000
v 12.57463360 29.00000000 27.00000000
v 12.48201370 29.00000000 28.00000000
v 12.45438862 29.00000000 29.00000000
v 12.53088951 29.00000000 30.00000000
v 12.64650059 29.00000000 31.00000000
v 12.74830723 29.00000000 32.00000000
v 12.47679901 29.00000000 33.00000000
v 12.58487797 29.00000000 34.00000000
v 12.57173157 29.00000000 35.00000000
v 12.45084667 29.00000000 36.00000000
v 12.37864780 29.00000000 37.00000000
v 12.29955292 29.00000000 38.00000000
v 12.53158283 29.00000000 39.00000000
v 12.52720737 29.00000000 40.00000000
v 12.38947773 29.00000000 41.00000000
v 12.10393333 29.00000000 43.00000000
v 12.00817299 29.00000000 44.00000000
v 12.61276340 29.00000000 46.00000000
v 13.00000000 29.00000000 46.21635437
v 12.70241356 30.00000000 0.00000000
v 13.00000000 29.81524467 0.00000000
v 13.00000000 30.00000000 1.55228519
v 13.00000000 29.39631653 2.00000000
v 12.76548958 30.00000000 12.00000000
v 13.00000000 30.00000000 11.17256451
v 12.66151524 30.00000000 13.00000000
v 12.43951797 30.00000000 14.00000000
v 12.38725281 30.00000000 15.00000000
v 12.57455349 30.00000000 16.00000000
v 12.61232185 30.00000000 17.00000000
v 12.46213055 30.00000000 18.00000000
v 12.58057404 30.00000000 19.00000000
v 12.59497356 30.00000000 20.00000000
v 12.47917271 30.00000000 21.00000000
v 12.42770481 30.00000000 22.00000000
v 12.33252621 30.00000000 23.00000000
v 12.32641697 30.00000000 24.00000000
v 12.43160725 30.00000000 25.00000000
v 12.43245411 30.00000000 26.00000000
v 12.47108269 30.00000000 27.00000000
v 12.45253849 30.00000000 28.00000000
v 12.44531250 30.00000000 29.00000000
v 12.52310276 30.00000000 30.00000000
v 12.54468250 30.00000000 31.00000000
v 12.66630173 30.00000000 32.00000000
v 12.63368797 30.00000000 33.00000000
v 12.45208645 30.00000000 34.00000000
v 12.48962784 30.00000000 35.00000000
v 12.36990547 30.00000000 36.00000000
v 12.38345051 30.00000000 37.00000000
v 12.32755184 30.00000000 38.00000000
v 12.26686859 30.00000000 39.00000000
v 12.27298927 30.00000000 40.00000000
v 12.26789665 30.00000000 41.00000000
v 12.38371849 30.00000000 46.00000000
v 13.00000000 30.00000000 46.30408859
v 13.00000000 30.09327126 0.00000000
v 13.00000000 31.00000000 0.56056798
v 13.00000000 31.00000000 1.49770486
v 12.83785534 31.00000000 11.00000000
v 13.00000000 30.24586105 11.00000000
v 13.00000000 31.00000000 10.54164028
v 12.69166756 31.00000000 12.00000000
v 12.39885235 31.00000000 13.00000000
v 12.21476555 31.00000000 14.00000000
v 12.52379036 31.00000000 15.00000000
v 12.55154991 31.00000000 16.00000000
v 12.55110645 31.00000000 17.00000000
v 12.55732632 31.00000000 18.00000000
v 12.64269829 31.00000000 19.00000000
v 12.60983562 31.00000000 20.00000000
v 12.47192764 31.00000000 21.00000000
v 12.43045712 31.00000000 22.00000000
v 12.41976833 31.00000000 23.00000000
v 12.34212303 31.00000000 24.00000000
v 12.21533585 31.00000000 25.00000000
v 12.33808613 31.00000000 26.00000000
v 12.43578529 31.00000000 27.00000000
v 12.30346107 31.00000000 28.00000000
v 12.38564587 31.00000000 29.00000000
v 12.51397419 31.00000000 30.00000000
v 12.83333015 31.00000000 31.00000000
v 12.91503334 31.00000000 32.00000000
v 12.59342670 31.00000000 33.00000000
v 12.51996231 31.00000000 34.00000000
v 12.51170158 31.00000000 35.00000000
v 12.44990063 31.00000000 36.00000000
v 12.23797417 31.00000000 37.00000000
v 12.27698612 31.00000000 38.00000000
v 12.23041344 31.00000000 39.00000000
v 12.34347820 31.00000000 40.00000000
v 12.54754543 31.00000000 46.00000000
v 13.00000000 31.00000000 46.32863998
v 13.00000000 32.00000000 0.95873320
v 13.00000000 32.00000000 1.02212787
v 13.00000000 31.98825073 11.00000000
v 13.00000000 32.00000000 11.00276279
v 12.45819378 32.00000000 12.00000000
v 12.24767017 32.00000000 13.00000000
v 12.20447540 32.00000000 14.00000000
v 12.42743111 32.00000000 15.00000000
v 12.48782825 32.00000000 16.00000000
v 12.39175320 32.00000000 17.00000000
v 12.56010914 32.00000000 18.00000000
v 12.62135887 32.00000000 19.00000000
v 12.57108116 32.00000000 20.00000000
v 12.36305237 32.00000000 21.00000000
v 12.41414547 32.00000000 22.00000000
v 12.36972523 32.00000000 23.00000000
v 12.28912830 32.00000000 24.00000000
v 12.22095203 32.00000000 25.00000000
v 12.29724121 32.00000000 26.00000000
v 12.38814354 32.00000000 27.00000000
v 12.41659927 32.00000000 28.00000000
v 12.35650539 32.00000000 29.00000000
v 12.47035789 32.00000000 30.00000000
v 12.71367168 32.00000000 31.00000000
v 12.78398514 32.00000000 32.00000000
v 12.47260571 32.00000000 33.00000000
v 12.39975452 32.00000000 34.00000000
v 12.33943748 32.00000000 35.00000000
v 12.36229706 32.00000000 36.00000000
v 12.27776146 32.00000000 37.00000000
v 12.19062710 32.00000000 38.00000000
v 12.20031834 32.00000000 39.00000000
v 12.11505222 32.00000000 40.00000000
v 12.45935917 32.00000000 46.00000000
v 13.00000000 32.00000000 46.20899200
v 12.59979725 33.00000000 1.00000000
v 13.00000000 33.00000000 0.83784616
v 13.00000000 33.00000000 1.19380879
v 12.65320396 33.00000000 12.00000000
v 13.00000000 33.00000000 11.38773060
v 12.41287994 33.00000000 13.00000000
v 12.34820175 33.00000000 14.00000000
v 12.36838055 33.00000000 15.00000000
v 12.49103355 33.00000000 16.00000000
v 12.61639690 33.00000000 17.00000000
v 12.62681961 33.00000000 18.00000000
v 12.77554321 33.00000000 19.00000000
v 12.75064850 33.00000000 20.00000000
v 12.56139851 33.00000000 21.00000000
v 12.57292557 33.00000000 22.00000000
v 12.42984295 33.00000000 23.00000000
v 12.47633648 33.00000000 24.00000000
v 12.39386749 33.00000000 25.00000000
v 12.57327843 33.00000000 26.00000000
v 12.55008698 33.00000000 27.00000000
v 12.56567383 33.00000000 28.00000000
v 12.52559948 33.00000000 29.00000000
v 12.78446102 33.00000000 30.00000000
v 12.93698406 33.00000000 31.00000000
v 12.94780254 33.00000000 32.00000000
v 12.64097977 33.00000000 33.00000000
v 12.53398800 33.00000000 34.00000000
v 12.45693493 33.00000000 35.00000000
v 12.41810894 33.00000000 36.00000000
v 12.26275539 33.00000000 37.00000000
v 12.26153183 33.00000000 38.00000000
v 12.18217564 33.00000000 39.00000000
v 12.27632618 33.00000000 40.00000000
v 12.58682442 33.00000000 46.00000000
v 13.00000000 33.00000000 46.19802856
v 12.18592930 34.00000000 1.00000000
v 13.00000000 34.00000000 0.32778853
v 13.00000000 34.00000000 1.21034467
v 12.69306850 34.00000000 12.00000000
v 13.00000000 34.00000000 11.47778606
v 12.44846916 34.00000000 13.00000000
v 12.47339344 34.00000000 14.00000000
v 12.32595539 34.00000000 15.00000000
v 12.33446217 34.00000000 16.00000000
v 12.47431469 34.00000000 17.00000000
v 12.65459919 34.00000000 18.00000000
v 12.66316605 34.00000000 19.00000000
v 12.70150185 34.00000000 20.00000000
v 12.60104752 34.00000000 21.00000000
v 12.72980785 34.00000000 22.00000000
v 12.54621792 34.00000000 23.00000000
v 12.45454121 34.00000000 24.00000000
v 12.40675354 34.00000000 25.00000000
v 12.64061546 34.00000000 26.00000000
v 12.60659504 34.00000000 27.00000000
v 12.48068810 34.00000000 28.00000000
v 12.40001678 34.00000000 29.00000000
v 12.88753223 34.00000000 30.00000000
v 13.00000000 34.00000000 30.93131638
v 13.00000000 33.87561798 31.00000000
v 13.00000000 34.00000000 31.11014557
v 12.92186832 34.00000000 32.00000000
v 12.68681908 34.00000000 33.00000000
v 12.58491802 34.00000000 34.00000000
v 12.46066189 34.00000000 35.00000000
v 12.34125519 34.00000000 36.00000000
v 12.31538486 34.00000000 37.00000000
v 12.39018345 34.00000000 38.00000000
v 12.26546097 34.00000000 39.00000000
v 12.08909321 34.00000000 40.00000000
v 12.88765621 34.00000000 46.00000000
v 13.00000000 34.00000000 46.05819321
v 13.00000000 34.76752090 1.00000000
v 12.38191986 35.00000000 1.00000000
v 12.70197105 35.00000000 12.00000000
v 13.00000000 35.00000000 11.23502827
v 12.38167858 35.00000000 13.00000000
v 12.26678085 35.00000000 14.00000000
v 12.30515003 35.00000000 15.00000000
v 12.36050606 35.00000000 16.00000000
v 12.24217701 35.00000000 17.00000000
v 12.45574951 35.00000000 18.00000000
v 12.61034870 35.00000000 19.00000000
v 12.73085880 35.00000000 20.00000000
v 12.76595020 35.00000000 21.00000000
v 12.62487793 35.00000000 22.00000000
v 12.63031864 35.00000000 23.00000000
v 12.51138973 35.00000000 24.00000000
v 12.35688496 35.00000000 25.00000000
v 12.36931515 35.00000000 26.00000000
v 12.50860882 35.00000000 27.00000000
v 12.49479961 35.00000000 28.00000000
v 12.54573441 35.00000000 29.00000000
v 12.82747746 35.00000000 30.00000000
v 13.00000000 35.00000000 30.64937592
v 12.87594128 35.00000000 32.00000000
v 13.00000000 35.00000000 31.30389404
v 12.59140873 35.00000000 33.00000000
v 12.38807297 35.00000000 34.00000000
v 12.42320633 35.00000000 35.00000000
v 12.41411018 35.00000000 36.00000000
v 12.24498749 35.00000000 37.00000000
v 12.21226883 35.00000000 38.00000000
v 12.32837963 35.00000000 39.00000000
v 12.25835228 35.00000000 40.00000000
v 12.03873730 35.00000000 44.00000000
v 12.02366638 35.00000000 45.00000000
v 12.89746857 35.00000000 46.00000000
v 13.00000000 35.00000000 46.06224060
v 12.80596638 36.00000000 12.00000000
v 13.00000000 36.00000000 11.39432812
v 12.42689705 36.00000000 13.00000000
v 12.28866482 36.00000000 14.00000000
v 12.37009811 36.00000000 15.00000000
v 12.33597851 36.00000000 16.00000000
v 12.32462025 36.00000000 17.00000000
v 12.42523098 36.00000000 18.00000000
v 12.66197872 36.00000000 19.00000000
v 12.58372593 36.00000000 20.00000000
v 12.68870640 36.00000000 21.00000000
v 12.61466980 36.00000000 22.00000000
v 12.63604546 36.00000000 23.00000000
v 12.40770340 36.00000000 24.00000000
v 12.34923649 36.00000000 25.00000000
v 12.40253544 36.00000000 26.00000000
v 12.47423267 36.00000000 27.00000000
v 12.36021709 36.00000000 28.00000000
v 12.41854668 36.00000000 29.00000000
v 12.61923599 36.00000000 30.00000000
v 13.00000000 35.62668991 31.00000000
v 12.95240498 36.00000000 31.00000000
v 12.78463078 36.00000000 32.00000000
v 12.60812664 36.00000000 33.00000000
v 12.41663551 36.00000000 34.00000000
v 12.45487404 36.00000000 35.00000000
v 12.33197594 36.00000000 36.00000000
v 12.33185196 36.00000000 37.00000000
v 12.30704689 36.00000000 38.00000000
v 12.37008572 36.00000000 39.00000000
v 12.22157669 36.00000000 40.00000000
v 12.14256096 36.00000000 45.00000000
v 13.00000000 36.00000000 45.92491150
v 13.00000000 35.57400894 46.00000000
v 12.96835804 37.00000000 12.00000000
v 13.00000000 37.00000000 11.93242836
v 12.31783104 37.00000000 13.00000000
v 12.26665401 37.00000000 14.00000000
v 12.17129326 37.00000000 15.00000000
v 12.34108639 37.00000000 16.00000000
v 12.28048992 37.00000000 17.00000000
v 12.38708401 37.00000000 18.00000000
v 12.49104691 37.00000000 19.00000000
v 12.61740494 37.00000000 20.00000000
v 12.56349659 37.00000000 21.00000000
v 12.59674549 37.00000000 22.00000000
v 12.63150311 37.00000000 23.00000000
v 12.44972420 37.00000000 24.00000000
v 12.28441143 37.00000000 25.00000000
v 12.42690754 37.00000000 26.00000000
v 12.41556740 37.00000000 27.00000000
v 12.38264942 37.00000000 28.00000000
v 12.38859367 37.00000000 29.00000000
v 12.56227589 37.00000000 30.00000000
v 12.84050465 37.00000000 31.00000000
v 12.87779331 37.00000000 32.00000000
v 12.63659859 37.00000000 33.00000000
v 12.60373497 37.00000000 34.00000000
v 12.49927235 37.00000000 35.00000000
v 12.41499805 37.00000000 36.00000000
v 12.23106670 37.00000000 37.00000000
v 12.34937286 37.00000000 38.00000000
v 12.30818939 37.00000000 39.00000000
v 12.19908047 37.00000000 40.00000000
v 13.00000000 37.00000000 45.89637756
v 12.88378334 38.00000000 12.00000000
v 13.00000000 38.00000000 11.69957447
v 12.45018196 38.00000000 13.00000000
v 12.19029999 38.00000000 14.00000000
v 12.13839436 38.00000000 15.00000000
v 12.14262676 38.00000000 16.00000000
v 12.24485397 38.00000000 17.00000000
v 12.26038361 38.00000000 18.00000000
v 12.38856983 38.00000000 19.00000000
v 12.55695057 38.00000000 20.00000000
v 12.57326221 38.00000000 21.00000000
v 12.55748749 38.00000000 22.00000000
v 12.57790375 38.00000000 23.00000000
v 12.41787243 38.00000000 24.00000000
v 12.35064888 38.00000000 25.00000000
v 12.34540558 38.00000000 26.00000000
v 12.32033730 38.00000000 27.00000000
v 12.34592533 38.00000000 28.00000000
v 12.42566681 38.00000000 29.00000000
v 12.46513653 38.00000000 30.00000000
v 12.63389778 38.00000000 31.00000000
v 12.64193726 38.00000000 32.00000000
v 12.59868336 38.00000000 33.00000000
v 12.46883202 38.00000000 34.00000000
v 12.44796848 38.00000000 35.00000000
v 12.45761204 38.00000000 36.00000000
v 12.39769363 38.00000000 37.00000000
v 12.37388611 38.00000000 38.00000000
v 12.30240917 38.00000000 39.00000000
v 12.16442490 38.00000000 40.00000000
v 12.11967754 38.00000000 41.00000000
v 12.07610798 38.00000000 43.00000000
v 12.02823925 38.00000000 44.00000000
v 12.05550003 38.00000000 45.00000000
v 13.00000000 37.41822433 46.00000000
v 12.81655121 38.00000000 46.00000000
v 13.00000000 38.00000000 46.09726334
v 12.78393650 39.00000000 12.00000000
v 13.00000000 39.00000000 11.43143463
v 12.32527924 39.00000000 13.00000000
v 12.12022591 39.00000000 14.00000000
v 12.06644630 39.00000000 15.00000000
v 12.12043285 39.00000000 16.00000000
v 12.14237785 39.00000000 17.00000000
v 12.20487785 39.00000000 18.00000000
v 12.30144405 39.00000000 19.00000000
v 12.49100113 39.00000000 20.00000000
v 12.61001873 39.00000000 21.00000000
v 12.54524899 39.00000000 22.00000000
v 12.56515980 39.00000000 23.00000000
v 12.46273327 39.00000000 24.00000000
v 12.28817177 39.00000000 25.00000000
v 12.34879589 39.00000000 26.00000000
v 12.32155895 39.00000000 27.00000000
v 12.27932262 39.00000000 28.00000000
v 12.22914886 39.00000000 29.00000000
v 12.50066090 39.00000000 30.00000000
v 12.62869358 39.00000000 31.00000000
v 12.69126701 39.00000000 32.00000000
v 12.63223553 39.00000000 33.00000000
v 12.52437401 39.00000000 34.00000000
v 12.57785225 39.00000000 35.00000000
v 12.44955254 39.00000000 36.00000000
v 12.39974308 39.00000000 37.00000000
v 12.37054348 39.00000000 38.00000000
v 12.31214619 39.00000000 39.00000000
v 12.20832443 39.00000000 40.00000000
v 12.03089046 39.00000000 42.00000000
v 12.09412670 39.00000000 43.00000000
v 12.04926395 39.00000000 44.00000000
v 12.05896473 39.00000000 45.00000000
v 12.77986431 39.00000000 46.00000000
v 13.00000000 39.00000000 46.13834381
v 12.54952812 40.00000000 12.00000000
v 13.00000000 40.00000000 11.08439255
v 12.16630268 40.00000000 13.00000000
v 12.12786102 40.00000000 14.00000000
v 12.05476570 40.00000000 15.00000000
v 12.02459145 40.00000000 17.00000000
v 12.20658112 40.00000000 18.00000000
v 12.26414013 40.00000000 19.00000000
v 12.36147404 40.00000000 20.00000000
v 12.37094212 40.00000000 21.00000000
v 12.42868519 40.00000000 22.00000000
v 12.48362160 40.00000000 23.00000000
v 12.29998779 40.00000000 24.00000000
v 12.14417934 40.00000000 25.00000000
v 12.24065781 40.00000000 26.00000000
v 12.15696526 40.00000000 27.00000000
v 12.22894859 40.00000000 28.00000000
v 12.22703457 40.00000000 29.00000000
v 12.50464153 40.00000000 30.00000000
v 12.76029873 40.00000000 31.00000000
v 12.66796875 40.00000000 32.00000000
v 12.67008018 40.00000000 33.00000000
v 12.51604176 40.00000000 34.00000000
v 12.51003361 40.00000000 35.00000000
v 12.45385170 40.00000000 36.00000000
v 12.36182690 40.00000000 37.00000000
v 12.29859734 40.00000000 38.00000000
v 12.28733730 40.00000000 39.00000000
v 12.11750984 40.00000000 40.00000000
v 12.00715923 40.00000000 43.00000000
v 12.14600563 40.00000000 44.00000000
v 12.14281464 40.00000000 45.00000000
v 12.55132771 40.00000000 46.00000000
v 13.00000000 40.00000000 46.21248627
v 12.63568974 41.00000000 12.00000000
v 13.00000000 41.00000000 11.12809181
v 12.38606453 41.00000000 13.00000000
v 12.20994663 41.00000000 14.00000000
v 12.07085037 41.00000000 15.00000000
v 12.16257191 41.00000000 16.00000000
v 12.04207611 41.00000000 17.00000000
v 12.17644787 41.00000000 18.00000000
v 12.28722858 41.00000000 19.00000000
v 12.38572216 41.00000000 20.00000000
v 12.35137558 41.00000000 21.00000000
v 12.32423019 41.00000000 22.00000000
v 12.37011147 41.00000000 23.00000000
v 12.40109921 41.00000000 24.00000000
v 12.22642994 41.00000000 25.00000000
v 12.27364922 41.00000000 26.00000000
v 12.25710678 41.00000000 27.00000000
v 12.33311367 41.00000000 28.00000000
v 12.22255516 41.00000000 29.00000000
v 12.54003143 41.00000000 30.00000000
v 12.70026398 41.00000000 31.00000000
v 12.69610882 41.00000000 32.00000000
v 12.64937496 41.00000000 33.00000000
v 12.63186359 41.00000000 34.00000000
v 12.78482246 41.00000000 35.00000000
v 12.65970230 41.00000000 36.00000000
v 12.39848042 41.00000000 37.00000000
v 12.36997604 41.00000000 38.00000000
v 12.30285740 41.00000000 39.00000000
v 12.32086277 41.00000000 40.00000000
v 12.01634216 41.00000000 41.00000000
v 12.14824963 41.00000000 42.00000000
v 12.11598969 41.00000000 43.00000000
v 12.08166695 41.00000000 44.00000000
v 12.22904587 41.00000000 45.00000000
v 12.88744068 41.00000000 46.00000000
v 13.00000000 41.00000000 46.10718918
v 12.66658020 42.00000000 12.00000000
v 13.00000000 42.00000000 11.43193054
v 12.50533485 42.00000000 13.00000000
v 12.32569599 42.00000000 14.00000000
v 12.13215065 42.00000000 15.00000000
v 12.17061138 42.00000000 16.00000000
v 12.15509033 42.00000000 17.00000000
v 12.16257668 42.00000000 18.00000000
v 12.13606167 42.00000000 19.00000000
v 12.29701138 42.00000000 20.00000000
v 12.36336040 42.00000000 21.00000000
v 12.38234711 42.00000000 22.00000000
v 12.38741875 42.00000000 23.00000000
v 12.32192421 42.00000000 24.00000000
v 12.30748558 42.00000000 25.00000000
v 12.30651474 42.00000000 26.00000000
v 12.28338242 42.00000000 27.00000000
v 12.14021683 42.00000000 28.00000000
v 12.22378540 42.00000000 29.00000000
v 12.39471245 42.00000000 30.00000000
v 12.53425217 42.00000000 31.00000000
v 12.70421410 42.00000000 32.00000000
v 12.73224831 42.00000000 33.00000000
v 12.69872379 42.00000000 34.00000000
v 12.83538246 42.00000000 35.00000000
v 12.69754982 42.00000000 36.00000000
v 12.57269287 42.00000000 37.00000000
v 12.52506161 42.00000000 38.00000000
v 12.45738697 42.00000000 39.00000000
v 12.34963322 42.00000000 40.00000000
v 12.31684303 42.00000000 41.00000000
v 12.26106167 42.00000000 42.00000000
v 12.32907104 42.00000000 43.00000000
v 12.11579895 42.00000000 44.00000000
v 12.28408241 42.00000000 45.00000000
v 13.00000000 42.00000000 45.77402496
v 13.00000000 41.29212952 46.00000000
v 12.79059410 43.00000000 12.00000000
v 13.00000000 43.00000000 11.56557083
v 12.46417141 43.00000000 13.00000000
v 12.30340481 43.00000000 14.00000000
v 12.30394173 43.00000000 15.00000000
v 12.24645329 43.00000000 16.00000000
v 12.07520580 43.00000000 19.00000000
v 12.23687267 43.00000000 20.00000000
v 12.10917187 43.00000000 21.00000000
v 12.36064720 43.00000000 22.00000000
v 12.24835873 43.00000000 23.00000000
v 12.27093887 43.00000000 24.00000000
v 12.25644112 43.00000000 27.00000000
v 12.19412613 43.00000000 28.00000000
v 12.32868099 43.00000000 30.00000000
v 12.50679398 43.00000000 31.00000000
v 12.71884727 43.00000000 32.00000000
v 13.00000000 43.00000000 32.97370148
v 13.00000000 42.97494888 33.00000000
v 13.00000000 43.00000000 33.05104828
v 12.81623650 43.00000000 34.00000000
v 12.86819172 43.00000000 35.00000000
v 12.75693798 43.00000000 36.00000000
v 12.54457855 43.00000000 37.00000000
v 12.56820011 43.00000000 38.00000000
v 12.50342274 43.00000000 39.00000000
v 12.40594959 43.00000000 40.00000000
v 12.03900051 43.00000000 41.00000000
v 12.27347279 43.00000000 42.00000000
v 12.46593761 43.00000000 43.00000000
v 12.29152775 43.00000000 44.00000000
v 12.79278946 43.00000000 45.00000000
v 13.00000000 43.00000000 45.25870895
v 13.00000000 43.68248749 12.00000000
v 13.00000000 44.00000000 12.18524170
v 12.60423946 44.00000000 13.00000000
v 12.49308681 44.00000000 14.00000000
v 12.25667572 44.00000000 15.00000000
v 12.32562065 44.00000000 16.00000000
v 12.03500462 44.00000000 17.00000000
v 12.19832134 44.00000000 18.00000000
v 12.01090813 44.00000000 19.00000000
v 12.24899006 44.00000000 20.00000000
v 12.18050194 44.00000000 21.00000000
v 12.40877628 44.00000000 22.00000000
v 12.21104813 44.00000000 23.00000000
v 12.27914333 44.00000000 24.00000000
v 12.09882927 44.00000000 25.00000000
v 12.15866852 44.00000000 26.00000000
v 12.05492020 44.00000000 27.00000000
v 12.12627602 44.00000000 28.00000000
v 12.21310139 44.00000000 30.00000000
v 12.13418484 44.00000000 31.00000000
v 12.47834110 44.00000000 32.00000000
v 13.00000000 43.03245926 33.00000000
v 12.70559978 44.00000000 33.00000000
v 12.67563915 44.00000000 34.00000000
v 12.82740116 44.00000000 35.00000000
v 12.71105671 44.00000000 36.00000000
v 12.65455818 44.00000000 37.00000000
v 12.54674816 44.00000000 38.00000000
v 12.44920731 44.00000000 39.00000000
v 12.58695507 44.00000000 40.00000000
v 12.41205025 44.00000000 41.00000000
v 12.42733860 44.00000000 42.00000000
v 12.49090767 44.00000000 43.00000000
v 12.33689594 44.00000000 44.00000000
v 12.77718544 44.00000000 45.00000000
v 13.00000000 44.00000000 45.22175217
v 13.00000000 44.63033676 13.00000000
v 13.00000000 44.91892624 14.00000000
v 13.00000000 45.00000000 14.16913795
v 12.63610458 45.00000000 15.00000000
v 12.69349289 45.00000000 16.00000000
v 12.32607460 45.00000000 17.00000000
v 12.77639294 45.00000000 18.00000000
v 12.39053440 45.00000000 19.00000000
v 12.52593899 45.00000000 20.00000000
v 12.40698433 45.00000000 21.00000000
v 12.94116497 45.00000000 22.00000000
v 12.53693867 45.00000000 23.00000000
v 12.69838238 45.00000000 24.00000000
v 12.45497799 45.00000000 25.00000000
v 12.74141884 45.00000000 26.00000000
v 12.40429020 45.00000000 27.00000000
v 12.37277699 45.00000000 28.00000000
v 12.01080132 45.00000000 29.00000000
v 12.22201252 45.00000000 30.00000000
v 12.34267998 45.00000000 31.00000000
v 12.72723007 45.00000000 32.00000000
v 12.73958111 45.00000000 33.00000000
v 13.00000000 45.00000000 33.42812729
v 13.00000000 44.63236237 34.00000000
v 13.00000000 44.50057602 35.00000000
v 13.00000000 44.78796387 36.00000000
v 13.00000000 45.00000000 36.67490005
v 12.94553852 45.00000000 37.00000000
v 13.00000000 45.00000000 37.77429581
v 13.00000000 44.97624207 38.00000000
v 13.00000000 45.00000000 38.17117691
v 12.91005230 45.00000000 39.00000000
v 13.00000000 45.00000000 39.39583588
v 13.00000000 44.79000473 40.00000000
v 13.00000000 44.82170105 41.00000000
v 13.00000000 45.00000000 41.90452576
v 12.98518848 45.00000000 42.00000000
v 12.98288345 45.00000000 43.00000000
v 12.91044807 45.00000000 44.00000000
v 13.00000000 45.00000000 44.22939301
v 13.00000000 44.42136383 45.00000000
v 13.00000000 45.83158112 15.00000000
v 13.00000000 46.00000000 15.61256695
v 12.96657372 46.00000000 16.00000000
v 12.73167992 46.00000000 17.00000000
v 13.00000000 46.00000000 17.54787827
v 13.00000000 45.30030823 18.00000000
v 13.00000000 46.00000000 18.89775658
v 12.96905899 46.00000000 19.00000000
v 13.00000000 46.00000000 19.05779266
v 13.00000000 45.46844101 20.00000000
v 13.00000000 45.62553787 21.00000000
v 13.00000000 45.08988571 22.00000000
v 13.00000000 46.00000000 22.88062477
v 12.96251774 46.00000000 23.00000000
v 13.00000000 46.00000000 23.21488190
v 13.00000000 45.66845703 24.00000000
v 13.00000000 45.97657394 25.00000000
v 13.00000000 45.74241638 26.00000000
v 13.00000000 46.00000000 26.24232101
v 12.79438782 46.00000000 27.00000000
v 13.00000000 46.00000000 27.73587990
v 13.00000000 45.91542053 28.00000000
v 13.00000000 46.00000000 28.16597557
v 12.63529110 46.00000000 29.00000000
v 12.42013359 46.00000000 30.00000000
v 12.40507793 46.00000000 31.00000000
v 12.92925072 46.00000000 32.00000000
v 12.88213825 46.00000000 33.00000000
v 13.00000000 46.00000000 33.21274185
v 13.00000000 45.09916687 37.00000000
v 13.00000000 45.24823761 39.00000000
v 13.00000000 45.01800919 42.00000000
v 13.00000000 45.03906631 43.00000000
v 13.00000000 45.10042572 44.00000000
v 13.00000000 46.02542877 16.00000000
v 13.00000000 46.12010956 17.00000000
v 13.00000000 46.01277542 19.00000000
v 13.00000000 46.01659012 23.00000000
v 13.00000000 46.10089493 27.00000000
v 13.00000000 46.19199753 29.00000000
v 13.00000000 46.42229462 30.00000000
v 13.00000000 46.44836807 31.00000000
v 13.00000000 46.04075241 32.00000000
v 13.00000000 46.06735611 33.00000000
v 14.00000000 0.68444836 44.00000000
v 14.00000000 1.00000000 43.35882568
v 14.00000000 1.00000000 44.48051071
v 13.44344807 2.00000000 14.00000000
v 14.00000000 1.68282115 16.00000000
v 14.00000000 2.00000000 15.37182713
v 13.38171196 2.00000000 17.00000000
v 14.00000000 2.00000000 16.75565720
v 14.00000000 2.00000000 17.45427704
v 14.00000000 1.78899980 18.00000000
v 14.00000000 2.00000000 18.42395973
v 13.38193703 2.00000000 22.00000000
v 13.10799408 2.00000000 23.00000000
v 13.51091099 2.00000000 24.00000000
v 13.70315742 2.00000000 26.00000000
v 14.00000000 1.97683108 28.00000000
v 14.00000000 2.00000000 27.93777847
v 13.01284218 2.00000000 29.00000000
v 14.00000000 2.00000000 28.03794861
v 13.32111454 2.00000000 30.00000000
v 14.00000000 1.73002422 36.00000000
v 14.00000000 2.00000000 35.53372574
v 13.34941673 2.00000000 37.00000000
v 14.00000000 2.00000000 36.39845276
v 14.00000000 2.00000000 37.88408661
v 14.00000000 1.92040181 38.00000000
v 13.27112198 2.00000000 39.00000000
v 14.00000000 2.00000000 38.16059113
v 14.00000000 2.00000000 39.78442001
v 14.00000000 1.88980174 40.00000000
v 13.15983009 2.00000000 41.00000000
v 14.00000000 2.00000000 40.14697647
v 14.00000000 2.00000000 41.61666107
v 14.00000000 1.63026822 42.00000000
v 14.00000000 1.46192181 43.00000000
v 14.00000000 1.44543982 45.00000000
v 13.92263031 2.00000000 46.00000000
v 14.00000000 1.96700215 46.00000000
v 14.00000000 2.00000000 46.01176453
v 14.00000000 2.94386053 13.00000000
v 14.00000000 3.00000000 12.87162113
v 14.00000000 2.36692142 14.00000000
v 14.00000000 2.22488093 15.00000000
v 14.00000000 2.14818025 17.00000000
v 14.00000000 2.17250371 19.00000000
v 14.00000000 2.05133557 20.00000000
v 13.94489288 3.00000000 21.00000000
v 14.00000000 3.00000000 20.97037697
v 14.00000000 3.00000000 21.04753685
v 14.00000000 2.43105268 22.00000000
v 14.00000000 2.42008924 23.00000000
v 14.00000000 2.19972491 24.00000000
v 13.61956024 3.00000000 25.00000000
v 14.00000000 3.00000000 24.59977341
v 14.00000000 3.00000000 25.47812653
v 14.00000000 2.22339559 26.00000000
v 14.00000000 2.47413921 27.00000000
v 13.71437073 3.00000000 29.00000000
v 14.00000000 3.00000000 28.73062706
v 14.00000000 3.00000000 29.64769936
v 14.00000000 2.77101660 30.00000000
v 14.00000000 3.00000000 30.18612480
v 13.41902065 3.00000000 32.00000000
v 13.17516899 3.00000000 33.00000000
v 14.00000000 3.00000000 33.64498138
v 14.00000000 2.34209299 34.00000000
v 14.00000000 2.54805207 35.00000000
v 13.94506645 3.00000000 37.00000000
v 14.00000000 3.00000000 36.93449020
v 14.00000000 3.00000000 37.07044601
v 14.00000000 2.62477660 39.00000000
v 13.93138599 3.00000000 41.00000000
v 14.00000000 3.00000000 40.91518021
v 14.00000000 3.00000000 41.05214310
v 13.71443558 3.00000000 46.00000000
v 14.00000000 3.00000000 46.07877731
v 14.00000000 3.65281463 12.00000000
v 14.00000000 4.00000000 11.72746372
v 14.00000000 3.02380896 21.00000000
v 14.00000000 3.20485425 25.00000000
v 14.00000000 3.17834330 29.00000000
v 14.00000000 3.65934610 31.00000000
v 14.00000000 3.47946382 32.00000000
v 14.00000000 3.53738999 33.00000000
v 14.00000000 3.04085612 37.00000000
v 14.00000000 3.03369331 41.00000000
v 13.47740936 4.00000000 46.00000000
v 14.00000000 4.00000000 46.15631866
v 13.76604176 5.00000000 11.00000000
v 14.00000000 4.91919804 11.00000000
v 14.00000000 5.00000000 10.94874859
v 13.37349033 5.00000000 46.00000000
v 14.00000000 5.00000000 46.24957275
v 14.00000000 6.00000000 10.57209206
v 14.00000000 6.00000000 46.07962036
v 14.00000000 7.00000000 10.22945881
v 13.17573071 7.00000000 31.00000000
v 13.21859074 7.00000000 32.00000000
v 13.32126236 7.00000000 46.00000000
v 14.00000000 7.00000000 46.24005508
v 14.00000000 8.00000000 10.05226803
v 13.12768078 8.00000000 31.00000000
v 13.22073174 8.00000000 32.00000000
v 13.07286835 8.00000000 33.00000000
v 13.51004791 8.00000000 46.00000000
v 14.00000000 8.00000000 46.18122101
v 14.00000000 9.00000000 10.32619190
v 13.01108170 9.00000000 30.00000000
v 13.24580574 9.00000000 31.00000000
v 13.25476170 9.00000000 32.00000000
v 13.01075649 9.00000000 33.00000000
v 13.20628548 9.00000000 46.00000000
v 14.00000000 9.00000000 46.31113052
v 14.00000000 10.00000000 10.51172447
v 13.25397682 10.00000000 31.00000000
v 13.19046307 10.00000000 32.00000000
v 13.03834152 10.00000000 34.00000000
v 14.00000000 10.00000000 46.27487564
v 14.00000000 11.00000000 10.33001137
v 13.04211426 11.00000000 30.00000000
v 13.15914726 11.00000000 31.00000000
v 13.20423508 11.00000000 32.00000000
v 13.13685989 11.00000000 33.00000000
v 13.02072525 11.00000000 34.00000000
v 14.00000000 11.00000000 46.41681290
v 14.00000000 12.00000000 10.24451733
v 13.00532341 12.00000000 31.00000000
v 13.06410027 12.00000000 32.00000000
v 13.05068111 12.00000000 33.00000000
v 14.00000000 12.00000000 46.41160965
v 13.17366982 13.00000000 1.00000000
v 14.00000000 12.70509720 1.00000000
v 14.00000000 13.00000000 0.79791027
v 14.00000000 13.00000000 1.10211086
v 14.00000000 13.00000000 10.34738159
v 13.05350876 13.00000000 24.00000000
v 13.00535870 13.00000000 31.00000000
v 13.04194069 13.00000000 32.00000000
v 13.03300190 13.00000000 34.00000000
v 13.00945568 13.00000000 38.00000000
v 13.23870850 13.00000000 46.00000000
v 14.00000000 13.00000000 46.57722473
v 14.00000000 14.00000000 0.43984023
v 14.00000000 14.00000000 1.18878746
v 14.00000000 14.00000000 10.54506397
v 13.01257133 14.00000000 23.00000000
v 13.07328320 14.00000000 35.00000000
v 13.05616283 14.00000000 46.00000000
v 14.00000000 14.00000000 46.37444687
v 14.00000000 14.82379532 1.00000000
v 14.00000000 15.00000000 10.21027088
v 13.15499592 15.00000000 23.00000000
v 13.21375179 15.00000000 24.00000000
v 13.07575893 15.00000000 25.00000000
v 13.04672718 15.00000000 46.00000000
v 14.00000000 15.00000000 46.72062302
v 14.00000000 15.47615147 1.00000000
v 14.00000000 16.00000000 0.75006878
v 14.00000000 16.00000000 1.09577787
v 14.00000000 16.00000000 10.18505001
v 13.12276077 16.00000000 46.00000000
v 14.00000000 16.00000000 46.61150360
v 14.00000000 17.00000000 0.29558763
v 14.00000000 17.00000000 1.55237544
v 14.00000000 17.00000000 10.05824852
v 13.09486485 17.00000000 24.00000000
v 13.21314907 17.00000000 46.00000000
v 14.00000000 17.00000000 46.73501968
v 14.00000000 17.67142105 0.00000000
v 14.00000000 18.00000000 1.91181672
v 13.02169228 18.00000000 11.00000000
v 14.00000000 18.00000000 10.34071159
v 13.25806713 18.00000000 46.00000000
v 14.00000000 18.00000000 46.41665268
v 14.00000000 18.77159691 0.00000000
v 14.00000000 19.00000000 0.03729526
v 14.00000000 19.00000000 1.82186794
v 14.00000000 19.00000000 10.22882175
v 13.10614586 19.00000000 46.00000000
v 14.00000000 19.00000000 46.43090820
v 14.00000000 20.00000000 0.11324268
v 14.00000000 19.61124611 2.00000000
v 13.60711288 20.00000000 2.00000000
v 14.00000000 20.00000000 2.11059189
v 13.52993202 20.00000000 10.00000000
v 14.00000000 19.82734489 10.00000000
v 14.00000000 20.00000000 9.92576408
v 13.36318016 20.00000000 46.00000000
v 14.00000000 20.00000000 46.34466934
v 14.00000000 21.00000000 0.13015573
v 14.00000000 21.00000000 2.18695235
v 14.00000000 20.39398956 10.00000000
v 13.04120159 21.00000000 11.00000000
v 14.00000000 21.00000000 10.13873386
v 13.23741627 21.00000000 46.00000000
v 14.00000000 21.00000000 46.45796967
v 14.00000000 22.00000000 0.02455668
v 14.00000000 22.00000000 2.19205666
v 14.00000000 22.00000000 10.53596020
v 14.00000000 22.00000000 46.29525375
v 14.00000000 23.00000000 0.26935223
v 14.00000000 23.00000000 2.25848746
v 14.00000000 23.00000000 10.20529747
v 14.00000000 23.00000000 46.52962494
v 14.00000000 24.00000000 0.07604399
v 14.00000000 24.00000000 2.59193945
v 14.00000000 24.00000000 10.47836018
v 14.00000000 24.00000000 46.52484512
v 14.00000000 25.00000000 0.13276114
v 14.00000000 25.00000000 2.47949648
v 13.16993809 25.00000000 11.00000000
v 14.00000000 25.00000000 10.45254421
v 14.00000000 25.00000000 46.51902771
v 13.48622990 26.00000000 0.00000000
v 14.00000000 25.80362892 0.00000000
v 14.00000000 26.00000000 2.57818365
v 13.73732185 26.00000000 11.00000000
v 14.00000000 26.00000000 10.92112160
v 14.00000000 26.00000000 46.45185852
v 14.00000000 26.27534294 0.00000000
v 14.00000000 27.00000000 0.10874625
v 14.00000000 27.00000000 2.20755053
v 13.66118240 27.00000000 11.00000000
v 14.00000000 27.00000000 10.77177429
v 14.00000000 27.00000000 46.49879837
v 14.00000000 28.00000000 0.06159978
v 14.00000000 28.00000000 2.36781597
v 13.55766678 28.00000000 11.00000000
v 14.00000000 28.00000000 10.86554718
v 14.00000000 28.00000000 46.49351501
v 14.00000000 29.00000000 0.08288779
v 14.00000000 29.00000000 2.18655109
v 13.58132267 29.00000000 11.00000000
v 14.00000000 29.00000000 10.75607395
v 14.00000000 29.00000000 46.59712982
v 14.00000000 29.55644035 0.00000000
v 13.86033916 30.00000000 2.00000000
v 14.00000000 30.00000000 2.06941080
v 13.35232544 30.00000000 11.00000000
v 14.00000000 30.00000000 10.88185024
v 14.00000000 30.00000000 46.39713287
v 14.00000000 30.20845985 0.00000000
v 14.00000000 31.00000000 0.52490783
v 14.00000000 31.00000000 1.24191499
v 14.00000000 30.09334755 2.00000000
v 14.00000000 31.00000000 10.61327934
v 14.00000000 31.00000000 46.55477905
v 14.00000000 32.00000000 0.63761675
v 14.00000000 32.00000000 1.25523412
v 13.02466774 32.00000000 11.00000000
v 14.00000000 32.00000000 10.86539268
v 14.00000000 32.00000000 46.50628281
v 14.00000000 33.00000000 0.35250932
v 14.00000000 33.00000000 1.63692129
v 13.77630329 33.00000000 11.00000000
v 14.00000000 33.00000000 10.89344501
v 14.00000000 33.00000000 46.52904129
v 14.00000000 34.00000000 0.23917489
v 14.00000000 34.00000000 1.68503273
v 14.00000000 33.16977692 11.00000000
v 14.00000000 34.00000000 11.27136421
v 13.01690006 34.00000000 31.00000000
v 14.00000000 34.00000000 46.36356735
v 13.84440517 35.00000000 1.00000000
v 14.00000000 35.00000000 0.55419147
v 14.00000000 35.00000000 1.01570296
v 13.32850266 35.00000000 11.00000000
v 14.00000000 34.52564240 11.00000000
v 14.00000000 35.00000000 10.57012749
v 13.06860256 35.00000000 31.00000000
v 14.00000000 35.00000000 46.36542511
v 13.20665455 36.00000000 1.00000000
v 14.00000000 36.00000000 0.32433459
v 14.00000000 36.00000000 1.21718228
v 14.00000000 35.96006775 11.00000000
v 14.00000000 36.00000000 11.01446247
v 13.10463524 36.00000000 46.00000000
v 14.00000000 36.00000000 46.33934784
v 14.00000000 36.56248856 1.00000000
v 13.59560871 37.00000000 11.00000000
v 14.00000000 36.04473877 11.00000000
v 14.00000000 37.00000000 10.56376457
v 13.13557911 37.00000000 46.00000000
v 14.00000000 37.00000000 46.45672226
v 14.00000000 37.72452164 11.00000000
v 14.00000000 38.00000000 11.18263912
v 14.00000000 38.00000000 46.25616074
v 13.41757202 39.00000000 11.00000000
v 14.00000000 38.25155258 11.00000000
v 14.00000000 39.00000000 10.70999718
v 14.00000000 39.00000000 46.48645782
v 13.17935944 40.00000000 11.00000000
v 14.00000000 40.00000000 10.69675064
v 14.00000000 40.00000000 46.51586151
v 13.26951885 41.00000000 11.00000000
v 14.00000000 41.00000000 10.76813889
v 14.00000000 41.00000000 46.40506363
v 14.00000000 41.42304993 11.00000000
v 14.00000000 42.00000000 11.25500488
v 13.32138824 42.00000000 46.00000000
v 14.00000000 42.00000000 46.34139252
v 13.88867569 43.00000000 11.00000000
v 14.00000000 42.86888504 11.00000000
v 14.00000000 43.00000000 10.94420624
v 13.03788662 43.00000000 33.00000000
v 13.79639530 43.00000000 46.00000000
v 14.00000000 43.00000000 46.10351944
v 14.00000000 43.04718399 11.00000000
v 13.43793583 44.00000000 12.00000000
v 14.00000000 44.00000000 11.84651470
v 14.00000000 44.00000000 45.80828094
v 14.00000000 43.46524811 46.00000000
v 14.00000000 44.33827209 12.00000000
v 13.76010895 45.00000000 13.00000000
v 14.00000000 45.00000000 12.75515079
v 13.11491203 45.00000000 14.00000000
v 13.93164158 45.00000000 24.00000000
v 14.00000000 45.00000000 23.93039131
v 14.00000000 44.96005630 24.00000000
v 14.00000000 44.91878128 25.00000000
v 13.90486717 45.00000000 25.00000000
v 14.00000000 45.00000000 25.16208076
v 13.36565208 45.00000000 34.00000000
v 13.67283916 45.00000000 35.00000000
v 13.66310596 45.00000000 36.00000000
v 13.01966190 45.00000000 38.00000000
v 13.37270451 45.00000000 40.00000000
v 13.94226360 45.00000000 41.00000000
v 13.74302864 45.00000000 45.00000000
v 14.00000000 45.00000000 45.34735489
v 14.00000000 45.11264801 13.00000000
v 14.00000000 46.00000000 13.87914371
v 13.85729694 46.00000000 14.00000000
v 13.21045589 46.00000000 15.00000000
v 13.54340839 46.00000000 18.00000000
v 14.00000000 45.75516129 19.00000000
v 14.00000000 46.00000000 18.63647652
v 13.19179630 46.00000000 19.00000000
v 14.00000000 45.36361313 20.00000000
v 14.00000000 45.29795074 21.00000000
v 13.86509514 46.00000000 22.00000000
v 14.00000000 46.00000000 21.94570541
v 14.00000000 45.82029343 23.00000000
v 14.00000000 46.00000000 22.42090225
v 13.38718605 46.00000000 23.00000000
v 14.00000000 46.00000000 25.90073013
v 13.46370602 46.00000000 26.00000000
v 14.00000000 46.00000000 27.13380051
v 14.00000000 45.83379745 28.00000000
v 14.00000000 45.75587463 29.00000000
v 13.65753174 46.00000000 29.00000000
v 14.00000000 46.00000000 29.16317368
v 13.63093376 46.00000000 33.00000000
v 14.00000000 46.00000000 32.59559250
v 14.00000000 45.83427048 33.00000000
v 14.00000000 46.00000000 33.53469467
v 13.87907505 46.00000000 34.00000000
v 14.00000000 46.00000000 34.40797043
v 14.00000000 45.53050995 35.00000000
v 14.00000000 45.08461380 36.00000000
v 14.00000000 45.39872360 37.00000000
v 13.50494576 46.00000000 38.00000000
v 14.00000000 46.00000000 37.54098892
v 13.64302349 46.00000000 39.00000000
v 14.00000000 46.00000000 39.16446686
v 14.00000000 45.23122406 40.00000000
v 14.00000000 45.01111984 41.00000000
v 13.83637238 46.00000000 42.00000000
v 14.00000000 46.00000000 41.82871628
v 13.93547630 46.00000000 43.00000000
v 14.00000000 46.00000000 43.54428101
v 14.00000000 45.93783951 44.00000000
v 14.00000000 45.14629745 45.00000000
v 14.00000000 46.05762482 14.00000000
v 14.00000000 46.16991806 15.00000000
v 14.00000000 46.14375305 16.00000000
v 14.00000000 46.23922729 17.00000000
v 14.00000000 46.11100769 18.00000000
v 14.00000000 46.02084732 22.00000000
v 14.00000000 46.03941727 26.00000000
v 14.00000000 46.00955963 27.00000000
v 14.00000000 46.51522064 30.00000000
v 14.00000000 46.63563156 31.00000000
v 14.00000000 46.09477615 32.00000000
v 14.00000000 46.04029846 34.00000000
v 14.00000000 46.20694733 38.00000000
v 14.00000000 46.08600616 39.00000000
v 14.00000000 46.06407166 42.00000000
v 14.00000000 46.02012634 43.00000000
v 15.00000000 0.59007871 44.00000000
v 15.00000000 1.00000000 43.47870636
v 14.84720516 1.00000000 45.00000000
v 15.00000000 0.88765746 45.00000000
v 15.00000000 1.00000000 45.06557846
v 15.00000000 1.88626897 16.00000000
v 15.00000000 2.00000000 15.63372231
v 15.00000000 2.00000000 16.65704918
v 15.00000000 1.86741686 18.00000000
v 15.00000000 2.00000000 17.21691513
v 14.94207191 2.00000000 19.00000000
v 15.00000000 1.98401165 19.00000000
v 15.00000000 2.00000000 19.03276825
v 14.04244995 2.00000000 28.00000000
v 14.60881042 2.00000000 36.00000000
v 14.11726093 2.00000000 38.00000000
v 14.22894859 2.00000000 40.00000000
v 15.00000000 1.79773319 42.00000000
v 15.00000000 2.00000000 41.64721680
v 15.00000000 1.56005847 43.00000000
v 15.00000000 2.00000000 45.80573654
v 14.14583206 2.00000000 46.00000000
v 14.10026646 3.00000000 13.00000000
v 15.00000000 3.00000000 13.60291195
v 15.00000000 2.56550813 14.00000000
v 15.00000000 2.16373110 15.00000000
v 15.00000000 2.03534222 17.00000000
v 15.00000000 2.32002330 20.00000000
v 15.00000000 3.00000000 20.91257095
v 14.64538956 3.00000000 22.00000000
v 14.71619987 3.00000000 23.00000000
v 15.00000000 3.00000000 23.39010048
v 15.00000000 2.58316159 24.00000000
v 15.00000000 3.00000000 24.50423241
v 14.51609039 3.00000000 26.00000000
v 14.63913727 3.00000000 27.00000000
v 15.00000000 3.00000000 27.37559509
v 15.00000000 2.58977365 28.00000000
v 15.00000000 3.00000000 28.54866982
v 14.14708805 3.00000000 30.00000000
v 14.66954517 3.00000000 32.00000000
v 15.00000000 2.88216448 32.00000000
v 15.00000000 3.00000000 31.85689163
v 15.00000000 3.00000000 32.53094101
v 14.69028378 3.00000000 34.00000000
v 14.81460857 3.00000000 35.00000000
v 15.00000000 3.00000000 35.10987091
v 15.00000000 2.26963949 36.00000000
v 15.00000000 3.00000000 36.83932114
v 14.73535156 3.00000000 38.00000000
v 14.66643810 3.00000000 39.00000000
v 15.00000000 3.00000000 39.21707535
v 15.00000000 2.46054220 40.00000000
v 15.00000000 2.67789412 41.00000000
v 14.14144135 3.00000000 41.00000000
v 14.68257046 3.00000000 46.00000000
v 15.00000000 3.00000000 45.91813660
v 15.00000000 3.71980619 12.00000000
v 15.00000000 4.00000000 11.63610935
v 15.00000000 3.47429061 13.00000000
v 15.00000000 3.11231947 21.00000000
v 15.00000000 3.31535792 22.00000000
v 15.00000000 3.23299003 23.00000000
v 15.00000000 3.44202113 25.00000000
v 15.00000000 3.38228941 26.00000000
v 15.00000000 3.32271171 27.00000000
v 15.00000000 3.49308014 29.00000000
v 14.98190022 4.00000000 30.00000000
v 15.00000000 4.00000000 29.96900749
v 14.88184929 4.00000000 31.00000000
v 15.00000000 4.00000000 31.09611130
v 15.00000000 3.18212318 33.00000000
v 15.00000000 3.17914939 34.00000000
v 15.00000000 3.07952070 35.00000000
v 15.00000000 3.12816167 37.00000000
v 15.00000000 3.26991892 38.00000000
v 15.00000000 3.14504075 39.00000000
v 15.00000000 3.13014960 46.00000000
v 15.00000000 4.00000000 46.28200150
v 15.00000000 4.76115942 11.00000000
v 15.00000000 5.00000000 10.79292488
v 15.00000000 4.00861168 30.00000000
v 15.00000000 4.02835369 31.00000000
v 15.00000000 5.00000000 46.20026016
v 15.00000000 6.00000000 10.53893661
v 15.00000000 6.00000000 46.28085327
v 15.00000000 7.00000000 10.15641880
v 15.00000000 7.00000000 46.39551544
v 15.00000000 8.00000000 10.46835709
v 15.00000000 8.00000000 46.28112793
v 15.00000000 9.00000000 10.32781696
v 15.00000000 9.00000000 46.35755157
v 15.00000000 10.00000000 10.02539444
v 15.00000000 10.00000000 46.43236160
v 15.00000000 11.00000000 10.18620110
v 15.00000000 11.00000000 46.65639877
v 15.00000000 12.00000000 10.33547974
v 15.00000000 12.00000000 46.56175613
v 15.00000000 12.51797962 1.00000000
v 15.00000000 13.00000000 0.62892568
v 15.00000000 13.00000000 1.23775733
v 15.00000000 13.00000000 10.20295334
v 15.00000000 13.00000000 46.62601471
v 15.00000000 14.00000000 0.48618728
v 15.00000000 14.00000000 1.34635544
v 14.92299938 14.00000000 10.00000000
v 15.00000000 13.70432663 10.00000000
v 15.00000000 14.00000000 9.94872761
v 15.00000000 14.00000000 46.71429443
v 14.11365223 15.00000000 1.00000000
v 15.00000000 15.00000000 0.16216925
v 15.00000000 15.00000000 1.53416264
v 14.61395359 15.00000000 10.00000000
v 15.00000000 15.00000000 9.79795647
v 15.00000000 14.86513710 47.00000000
v 14.85280704 15.00000000 47.00000000
v 15.00000000 16.00000000 0.18925387
v 15.00000000 16.00000000 1.48961163
v 15.00000000 15.79413509 10.00000000
v 15.00000000 16.00000000 10.03624916
v 15.00000000 16.00000000 46.91648865
v 15.00000000 15.32405663 47.00000000
v 15.00000000 17.00000000 0.00273434
v 15.00000000 16.83984566 2.00000000
v 14.79752731 17.00000000 2.00000000
v 15.00000000 17.00000000 2.15312004
v 15.00000000 17.00000000 10.09062958
v 15.00000000 17.00000000 46.79861832
v 15.00000000 17.13042641 0.00000000
v 14.26249504 18.00000000 2.00000000
v 15.00000000 18.00000000 2.15663052
v 14.48646927 18.00000000 10.00000000
v 15.00000000 17.19027901 10.00000000
v 15.00000000 18.00000000 9.57300663
v 15.00000000 18.00000000 46.62602234
v 15.00000000 18.17372322 0.00000000
v 15.00000000 19.00000000 0.07344609
v 14.86860561 19.00000000 2.00000000
v 15.00000000 19.00000000 2.03891563
v 14.64025021 19.00000000 10.00000000
v 15.00000000 19.00000000 9.62552357
v 15.00000000 19.00000000 46.75023270
v 15.00000000 20.00000000 0.14645015
v 15.00000000 20.00000000 1.84905601
v 14.44794178 20.00000000 2.00000000
v 15.00000000 19.16176987 2.00000000
v 15.00000000 20.00000000 9.75425625
v 15.00000000 20.00000000 46.50511551
v 15.00000000 21.00000000 0.24429305
v 15.00000000 20.24796677 2.00000000
v 15.00000000 21.00000000 2.50521517
v 15.00000000 20.60026550 10.00000000
v 15.00000000 21.00000000 10.10453224
v 15.00000000 21.00000000 46.50483322
v 15.00000000 22.00000000 0.36473194
v 15.00000000 22.00000000 2.24713874
v 14.62473011 22.00000000 10.00000000
v 15.00000000 21.23503685 10.00000000
v 15.00000000 22.00000000 9.73754978
v 15.00000000 22.00000000 46.55702209
v 15.00000000 23.00000000 0.26596040
v 15.00000000 23.00000000 2.23723698
v 14.35983181 23.00000000 10.00000000
v 15.00000000 23.00000000 9.69072342
v 15.00000000 23.00000000 46.69757462
v 15.00000000 24.00000000 0.16104193
v 15.00000000 24.00000000 2.44599819
v 14.94635391 24.00000000 10.00000000
v 15.00000000 24.00000000 9.97986507
v 15.00000000 24.00000000 46.69555664
v 15.00000000 25.00000000 0.15720613
v 15.00000000 25.00000000 2.57423043
v 15.00000000 24.03624725 10.00000000
v 15.00000000 25.00000000 10.51932144
v 15.00000000 25.00000000 46.65985489
v 15.00000000 26.00000000 0.15396829
v 14.16694736 26.00000000 0.00000000
v 15.00000000 26.00000000 2.17852449
v 15.00000000 26.00000000 10.44935322
v 15.00000000 26.00000000 46.60368347
v 15.00000000 27.00000000 0.15975185
v 15.00000000 27.00000000 2.27799821
v 15.00000000 27.00000000 10.78149796
v 15.00000000 27.00000000 46.78272629
v 15.00000000 28.00000000 0.09492420
v 14.91478825 28.00000000 2.00000000
v 15.00000000 28.00000000 1.97188413
v 15.00000000 27.85377312 2.00000000
v 15.00000000 28.00000000 10.99581623
v 15.00000000 28.00000000 46.67127228
v 14.53285789 29.00000000 0.00000000
v 15.00000000 28.63514900 0.00000000
v 15.00000000 28.19014168 2.00000000
v 15.00000000 29.00000000 2.19742942
v 15.00000000 28.00741577 11.00000000
v 14.42025280 29.00000000 11.00000000
v 15.00000000 29.00000000 11.19941902
v 15.00000000 29.00000000 46.61909103
v 15.00000000 30.00000000 0.12882571
v 15.00000000 29.34082794 0.00000000
v 14.31979656 30.00000000 0.00000000
v 14.36659718 30.00000000 2.00000000
v 15.00000000 30.00000000 1.88246107
v 15.00000000 29.54002762 2.00000000
v 15.00000000 29.91284752 11.00000000
v 15.00000000 30.00000000 10.96413612
v 15.00000000 30.00000000 46.61660767
v 15.00000000 31.00000000 0.21600948
v 15.00000000 31.00000000 1.49454713
v 15.00000000 31.00000000 10.85741520
v 15.00000000 31.00000000 46.79382324
v 15.00000000 32.00000000 0.38097802
v 15.00000000 32.00000000 1.37929249
v 15.00000000 32.00000000 10.85550976
v 15.00000000 32.00000000 46.64825821
v 14.90299511 33.00000000 0.00000000
v 15.00000000 32.92188263 0.00000000
v 15.00000000 33.00000000 1.51811147
v 15.00000000 33.00000000 10.87605381
v 15.00000000 33.00000000 46.59817123
v 15.00000000 33.16669464 0.00000000
v 15.00000000 34.00000000 0.25051320
v 15.00000000 34.00000000 1.65766406
v 14.73696232 34.00000000 11.00000000
v 15.00000000 34.00000000 10.75798798
v 15.00000000 34.00000000 46.48404694
v 15.00000000 34.96697235 1.00000000
v 14.44872665 35.00000000 1.00000000
v 15.00000000 35.00000000 10.49431801
v 15.00000000 35.00000000 46.63785934
v 15.00000000 35.03860474 1.00000000
v 15.00000000 36.00000000 0.25872254
v 15.00000000 36.00000000 1.31617451
v 14.04109192 36.00000000 11.00000000
v 15.00000000 36.00000000 10.52542210
v 15.00000000 36.00000000 46.43628693
v 15.00000000 36.93914795 1.00000000
v 15.00000000 37.00000000 10.68341255
v 15.00000000 37.00000000 46.49142075
v 14.25974464 38.00000000 11.00000000
v 15.00000000 38.00000000 10.52206516
v 15.00000000 38.00000000 46.41718292
v 15.00000000 39.00000000 10.55675125
v 15.00000000 39.00000000 46.58187485
v 15.00000000 40.00000000 10.56508446
v 15.00000000 40.00000000 46.54871750
v 15.00000000 41.00000000 10.60908794
v 15.00000000 41.00000000 46.64971924
v 14.48481560 42.00000000 11.00000000
v 15.00000000 42.00000000 10.41300774
v 15.00000000 42.00000000 46.33000946
v 15.00000000 43.00000000 10.89687824
v 15.00000000 43.00000000 46.43793488
v 15.00000000 43.07965469 11.00000000
v 15.00000000 44.00000000 11.91006088
v 15.00000000 44.00000000 45.63320923
v 15.00000000 43.62214661 46.00000000
v 15.00000000 44.11616516 12.00000000
v 15.00000000 45.00000000 12.63323307
v 14.29413033 45.00000000 24.00000000
v 15.00000000 45.00000000 24.30596733
v 15.00000000 44.76653290 25.00000000
v 15.00000000 45.00000000 25.54459381
v 14.17944145 45.00000000 41.00000000
v 15.00000000 45.00000000 40.84867477
v 15.00000000 44.95475769 41.00000000
v 15.00000000 45.00000000 41.05309677
v 15.00000000 45.00000000 45.57203674
v 15.00000000 45.26980591 13.00000000
v 15.00000000 45.85897446 14.00000000
v 14.50068665 46.00000000 14.00000000
v 15.00000000 46.00000000 14.31514168
v 15.00000000 46.00000000 18.34298134
v 15.00000000 45.76804352 19.00000000
v 15.00000000 45.28797913 20.00000000
v 15.00000000 45.44462585 21.00000000
v 15.00000000 45.75831604 22.00000000
v 14.18562031 46.00000000 22.00000000
v 15.00000000 45.58633041 23.00000000
v 15.00000000 45.06668472 24.00000000
v 15.00000000 45.15405655 26.00000000
v 14.13659000 46.00000000 26.00000000
v 15.00000000 45.42435455 27.00000000
v 14.04407787 46.00000000 27.00000000
v 15.00000000 45.66020203 28.00000000
v 15.00000000 45.72024155 29.00000000
v 15.00000000 46.00000000 29.43591690
v 15.00000000 46.00000000 32.29074860
v 15.00000000 45.18684387 33.00000000
v 15.00000000 45.42753601 34.00000000
v 14.14108467 46.00000000 34.00000000
v 15.00000000 45.30448151 35.00000000
v 15.00000000 45.37757111 36.00000000
v 15.00000000 45.79101562 37.00000000
v 15.00000000 46.00000000 37.42808151
v 15.00000000 46.00000000 39.26896286
v 15.00000000 45.27115250 40.00000000
v 15.00000000 45.74171829 42.00000000
v 14.39290428 46.00000000 42.00000000
v 15.00000000 46.00000000 42.55764008
v 14.11212921 46.00000000 44.00000000
v 15.00000000 46.00000000 44.41503143
v 15.00000000 45.45624161 45.00000000
v 15.00000000 46.13615036 15.00000000
v 15.00000000 46.14778519 16.00000000
v 15.00000000 46.17020035 17.00000000
v 15.00000000 46.05396271 18.00000000
v 15.00000000 46.31740952 30.00000000
v 15.00000000 46.42200470 31.00000000
v 15.00000000 46.12451553 32.00000000
v 15.00000000 46.14211273 38.00000000
v 15.00000000 46.12291336 39.00000000
v 15.00000000 46.09144592 43.00000000
v 15.00000000 46.21883011 44.00000000
v 16.00000000 0.63417155 44.00000000
v 16.00000000 1.00000000 43.21147537
v 16.00000000 0.66727376 45.00000000
v 16.00000000 1.00000000 45.25801086
v 16.00000000 1.24779451 16.00000000
v 16.00000000 2.00000000 15.04960251
v 15.10107040 2.00000000 17.00000000
v 16.00000000 1.33206964 17.00000000
v 16.00000000 1.95151675 18.00000000
v 15.63222790 2.00000000 19.00000000
v 16.00000000 2.00000000 18.80589676
v 16.00000000 1.92411423 20.00000000
v 16.00000000 2.00000000 19.08686829
v 15.82839680 2.00000000 20.00000000
v 16.00000000 2.00000000 20.13944054
v 15.96721363 2.00000000 32.00000000
v 16.00000000 1.97575927 32.00000000
v 16.00000000 2.00000000 31.96849060
v 16.00000000 2.00000000 32.07690811
v 15.37271214 2.00000000 36.00000000
v 16.00000000 1.57300758 36.00000000
v 16.00000000 2.00000000 35.36167145
v 16.00000000 2.00000000 36.47165680
v 15.62264156 2.00000000 40.00000000
v 16.00000000 1.73603916 40.00000000
v 16.00000000 2.00000000 39.69466400
v 16.00000000 2.00000000 40.50175476
v 16.00000000 1.73452020 42.00000000
v 16.00000000 2.00000000 41.48789597
v 16.00000000 1.39398468 43.00000000
v 16.00000000 2.00000000 45.59911346
v 15.98522568 3.00000000 14.00000000
v 16.00000000 3.00000000 14.00376415
v 16.00000000 2.03553319 15.00000000
v 16.00000000 2.01301932 19.00000000
v 16.00000000 3.00000000 20.78363800
v 15.56569481 3.00000000 24.00000000
v 15.66283512 3.00000000 28.00000000
v 15.26103973 3.00000000 32.00000000
v 16.00000000 2.08227062 32.00000000
v 15.15293980 3.00000000 35.00000000
v 16.00000000 2.33992696 35.00000000
v 16.00000000 3.00000000 34.18788147
v 16.00000000 3.00000000 36.66140366
v 15.23317337 3.00000000 39.00000000
v 16.00000000 2.56350517 39.00000000
v 16.00000000 3.00000000 38.52457428
v 16.00000000 2.30442023 41.00000000
v 16.00000000 3.00000000 45.60326004
v 15.71614361 4.00000000 12.00000000
v 16.00000000 4.00000000 12.18584061
v 16.00000000 3.48601007 13.00000000
v 16.00000000 3.00585842 14.00000000
v 16.00000000 3.07453918 21.00000000
v 16.00000000 3.89531350 22.00000000
v 16.00000000 3.02048898 23.00000000
v 16.00000000 3.28168941 24.00000000
v 16.00000000 3.40220213 25.00000000
v 16.00000000 3.87099886 26.00000000
v 16.00000000 3.17982435 27.00000000
v 16.00000000 3.29779029 28.00000000
v 16.00000000 3.43879032 29.00000000
v 16.00000000 4.00000000 29.71649551
v 15.17368412 4.00000000 31.00000000
v 16.00000000 3.47904897 31.00000000
v 16.00000000 4.00000000 30.53480721
v 16.00000000 3.36942863 32.00000000
v 16.00000000 3.20023417 33.00000000
v 16.00000000 3.12581062 34.00000000
v 16.00000000 3.15369701 37.00000000
v 16.00000000 3.58495212 38.00000000
v 16.00000000 3.54068947 46.00000000
v 16.00000000 4.00000000 46.17526627
v 16.00000000 4.64864635 11.00000000
v 16.00000000 5.00000000 10.80509281
v 16.00000000 4.21442223 12.00000000
v 16.00000000 4.10881948 30.00000000
v 16.00000000 5.00000000 46.38472748
v 16.00000000 6.00000000 10.42304897
v 16.00000000 6.00000000 46.28078461
v 16.00000000 7.00000000 10.64300537
v 16.00000000 7.00000000 46.53810120
v 16.00000000 8.00000000 10.37752628
v 16.00000000 8.00000000 46.46344757
v 16.00000000 9.00000000 10.54610348
v 16.00000000 9.00000000 46.56586075
v 16.00000000 10.00000000 10.67866516
v 16.00000000 10.00000000 46.52231598
v 16.00000000 11.00000000 10.68150711
v 16.00000000 11.00000000 46.73565292
v 16.00000000 12.00000000 10.82079029
v 16.00000000 12.00000000 46.59071732
v 16.00000000 12.42946625 1.00000000
v 16.00000000 13.00000000 0.86063528
v 16.00000000 13.00000000 1.08413386
v 16.00000000 13.00000000 10.02331734
v 16.00000000 13.00000000 46.69262314
v 16.00000000 14.00000000 0.39863884
v 16.00000000 14.00000000 1.78034532
v 16.00000000 13.29098892 10.00000000
v 16.00000000 14.00000000 9.96090984
v 16.00000000 14.00000000 46.63290787
v 16.00000000 15.00000000 0.48863766
v 16.00000000 15.00000000 1.45339167
v 16.00000000 14.10093117 10.00000000
v 15.29443741 15.00000000 10.00000000
v 16.00000000 15.00000000 10.28829479
v 15.28861713 15.00000000 47.00000000
v 16.00000000 15.00000000 46.90291977
v 16.00000000 16.00000000 0.03733539
v 16.00000000 15.97748852 2.00000000
v 15.98330021 16.00000000 2.00000000
v 16.00000000 16.00000000 2.00805092
v 15.07452869 16.00000000 10.00000000
v 16.00000000 16.00000000 9.44048595
v 16.00000000 15.42674351 10.00000000
v 16.00000000 16.00000000 46.72264862
v 16.00000000 17.00000000 0.16628209
v 16.00000000 17.00000000 1.99197459
v 15.93648624 17.00000000 2.00000000
v 16.00000000 16.56768608 2.00000000
v 15.37807560 17.00000000 10.00000000
v 16.00000000 17.00000000 9.80170441
v 16.00000000 17.00000000 46.82658386
v 16.00000000 18.00000000 0.06524624
v 15.19183540 18.00000000 0.00000000
v 16.00000000 17.02039909 2.00000000
v 16.00000000 18.00000000 2.37140560
v 16.00000000 17.26739502 10.00000000
v 15.48565292 18.00000000 10.00000000
v 16.00000000 18.00000000 10.32421780
v 16.00000000 18.00000000 46.57714081
v 16.00000000 19.00000000 0.18529828
v 16.00000000 19.00000000 2.05747485
v 15.30736732 19.00000000 10.00000000
v 16.00000000 19.00000000 10.29771519
v 16.00000000 19.00000000 46.71067810
v 16.00000000 20.00000000 0.20431517
v 16.00000000 20.00000000 1.96791768
v 16.00000000 19.62978172 2.00000000
v 16.00000000 19.79373550 10.00000000
v 16.00000000 20.00000000 9.84608173
v 16.00000000 20.00000000 46.48454666
v 16.00000000 21.00000000 0.40207034
v 15.96142197 21.00000000 2.00000000
v 16.00000000 21.00000000 1.97934937
v 15.60956287 21.00000000 10.00000000
v 16.00000000 21.00000000 9.94373322
v 16.00000000 21.00000000 46.62682343
v 16.00000000 22.00000000 0.31425816
v 16.00000000 21.04763222 2.00000000
v 16.00000000 22.00000000 2.40921426
v 16.00000000 21.89865112 10.00000000
v 15.97828674 22.00000000 10.00000000
v 16.00000000 22.00000000 10.01089668
v 16.00000000 22.00000000 46.50910950
v 16.00000000 23.00000000 0.47363877
v 15.62851429 23.00000000 2.00000000
v 16.00000000 23.00000000 1.85473633
v 16.00000000 22.75123405 2.00000000
v 15.84577465 23.00000000 10.00000000
v 16.00000000 23.00000000 10.06591606
v 16.00000000 23.00000000 46.70458984
v 16.00000000 24.00000000 0.20668165
v 16.00000000 23.72425652 2.00000000
v 16.00000000 24.00000000 2.04792619
v 16.00000000 23.20636177 10.00000000
v 16.00000000 24.00000000 9.76947117
v 16.00000000 24.00000000 46.61256790
v 16.00000000 25.00000000 0.36024025
v 15.73754692 25.00000000 2.00000000
v 16.00000000 25.00000000 1.81335986
v 16.00000000 24.20015907 2.00000000
v 16.00000000 24.49387741 10.00000000
v 16.00000000 25.00000000 10.25590706
v 16.00000000 25.00000000 46.72934341
v 16.00000000 26.00000000 0.17795204
v 16.00000000 25.47288895 2.00000000
v 16.00000000 26.00000000 2.16332674
v 16.00000000 26.00000000 10.84105873
v 16.00000000 26.00000000 46.62642670
v 16.00000000 27.00000000 0.26490879
v 15.60815811 27.00000000 2.00000000
v 16.00000000 27.00000000 1.86023605
v 16.00000000 26.57845688 2.00000000
v 16.00000000 26.48216438 11.00000000
v 15.40645599 27.00000000 11.00000000
v 16.00000000 27.00000000 11.12619591
v 16.00000000 27.00000000 46.80409622
v 16.00000000 28.00000000 0.05775890
v 16.00000000 28.00000000 1.86783636
v 15.00455284 28.00000000 11.00000000
v 16.00000000 28.00000000 11.32721710
v 16.00000000 28.00000000 46.70161057
v 16.00000000 29.00000000 0.27136582
v 15.23527431 29.00000000 0.00000000
v 15.28628922 29.00000000 2.00000000
v 16.00000000 29.00000000 1.63122952
v 16.00000000 29.00000000 10.88830757
v 15.72417259 29.00000000 11.00000000
v 16.00000000 28.81092453 11.00000000
v 16.00000000 29.00000000 46.84501648
v 16.00000000 30.00000000 0.07414723
v 16.00000000 30.00000000 1.99914718
v 15.17253685 30.00000000 11.00000000
v 16.00000000 29.45410347 11.00000000
v 16.00000000 30.00000000 11.08791637
v 16.00000000 30.00000000 46.67399979
v 16.00000000 31.00000000 0.46560529
v 16.00000000 31.00000000 1.45981610
v 16.00000000 30.77614594 11.00000000
v 16.00000000 31.00000000 10.96802425
v 16.00000000 31.00000000 46.91259003
v 16.00000000 32.00000000 0.15892614
v 16.00000000 32.00000000 1.54777086
v 16.00000000 31.25207329 11.00000000
v 15.51010323 32.00000000 11.00000000
v 16.00000000 32.00000000 11.10499001
v 16.00000000 32.00000000 46.70161057
v 16.00000000 33.00000000 0.46386623
v 15.10000610 33.00000000 0.00000000
v 16.00000000 33.00000000 1.40190697
v 16.00000000 32.29790878 11.00000000
v 16.00000000 33.00000000 10.57716656
v 16.00000000 33.00000000 46.81135941
v 16.00000000 34.00000000 0.22164325
v 16.00000000 34.00000000 1.58670831
v 16.00000000 34.00000000 10.69856167
v 16.00000000 34.00000000 46.65107727
v 15.07858753 35.00000000 1.00000000
v 16.00000000 35.00000000 0.61251193
v 16.00000000 35.00000000 1.23549736
v 16.00000000 35.00000000 10.51021862
v 16.00000000 35.00000000 46.77344513
v 16.00000000 36.00000000 0.49935395
v 16.00000000 36.00000000 1.21291614
v 15.92088318 36.00000000 10.00000000
v 16.00000000 35.94106293 10.00000000
v 16.00000000 36.00000000 9.96861172
v 16.00000000 36.00000000 46.62390518
v 16.00000000 36.57172775 1.00000000
v 15.89782429 37.00000000 10.00000000
v 16.00000000 37.00000000 9.96943378
v 16.00000000 37.00000000 46.70299530
v 16.00000000 37.12865067 10.00000000
v 16.00000000 38.00000000 10.46169472
v 16.00000000 38.00000000 46.50705338
v 16.00000000 39.00000000 10.66903400
v 16.00000000 39.00000000 46.72381973
v 15.54194832 40.00000000 10.00000000
v 16.00000000 39.58080673 10.00000000
v 16.00000000 40.00000000 9.58662415
v 16.00000000 40.00000000 46.58497620
v 16.00000000 40.94776917 10.00000000
v 16.00000000 41.00000000 10.06456089
v 16.00000000 41.00000000 46.52597427
v 16.00000000 42.00000000 10.92150211
v 16.00000000 42.00000000 46.42182541
v 16.00000000 43.00000000 10.76179981
v 16.00000000 43.00000000 46.28757858
v 16.00000000 43.34065247 11.00000000
v 16.00000000 44.00000000 11.89649582
v 16.00000000 44.00000000 45.64342499
v 16.00000000 43.44633865 46.00000000
v 16.00000000 44.07513428 12.00000000
v 16.00000000 45.00000000 12.75000286
v 16.00000000 45.00000000 24.03186798
v 16.00000000 44.85371017 25.00000000
v 16.00000000 44.75033188 26.00000000
v 15.37759972 45.00000000 26.00000000
v 16.00000000 45.00000000 26.63217545
v 16.00000000 45.00000000 40.81081772
v 16.00000000 44.90848923 41.00000000
v 16.00000000 45.00000000 41.14036179
v 16.00000000 45.00000000 45.86947250
v 16.00000000 45.26441956 13.00000000
v 16.00000000 45.75856018 14.00000000
v 16.00000000 46.00000000 14.92833233
v 15.38183975 46.00000000 18.00000000
v 16.00000000 46.00000000 17.37519455
v 16.00000000 45.80438995 18.00000000
v 16.00000000 45.87210846 19.00000000
v 16.00000000 45.13495636 20.00000000
v 16.00000000 45.64593124 21.00000000
v 16.00000000 45.87958145 22.00000000
v 16.00000000 45.90652466 23.00000000
v 16.00000000 45.01271439 24.00000000
v 16.00000000 45.29990387 27.00000000
v 16.00000000 45.17296600 28.00000000
v 15.79046154 46.00000000 29.00000000
v 16.00000000 46.00000000 28.64065933
v 16.00000000 46.00000000 32.48931503
v 16.00000000 45.38809204 33.00000000
v 16.00000000 45.02138901 34.00000000
v 16.00000000 45.72388840 35.00000000
v 16.00000000 45.71264648 36.00000000
v 15.49211502 46.00000000 37.00000000
v 16.00000000 46.00000000 36.29209518
v 16.00000000 46.00000000 39.38683319
v 16.00000000 45.36934662 40.00000000
v 16.00000000 45.48899078 42.00000000
v 16.00000000 46.00000000 42.82799911
v 15.93487072 46.00000000 45.00000000
v 16.00000000 46.00000000 45.15380096
v 16.00000000 46.01055908 15.00000000
v 16.00000000 46.07191849 16.00000000
v 16.00000000 46.05238724 17.00000000
v 16.00000000 46.06716537 29.00000000
v 16.00000000 46.21879578 30.00000000
v 16.00000000 46.59275818 31.00000000
v 16.00000000 46.18215179 32.00000000
v 16.00000000 46.14116287 37.00000000
v 16.00000000 46.34115219 38.00000000
v 16.00000000 46.24298096 39.00000000
v 16.00000000 46.05431747 43.00000000
v 16.00000000 46.58488464 44.00000000
v 16.00000000 46.03105164 45.00000000
v 16.85423660 1.00000000 15.00000000
v 17.00000000 0.94217676 15.00000000
v 17.00000000 1.00000000 14.81761837
v 16.55138016 1.00000000 16.00000000
v 17.00000000 0.85291892 16.00000000
v 16.45352936 1.00000000 17.00000000
v 17.00000000 0.87768030 17.00000000
v 16.83328438 1.00000000 18.00000000
v 17.00000000 0.90138674 18.00000000
v 16.65579414 1.00000000 19.00000000
v 17.00000000 0.82420719 19.00000000
v 17.00000000 1.00000000 19.88363838
v 16.97598648 1.00000000 22.00000000
v 17.00000000 0.97070521 22.00000000
v 17.00000000 1.00000000 21.92038536
v 16.60216522 1.00000000 23.00000000
v 17.00000000 0.73956287 23.00000000
v 17.00000000 1.00000000 23.96345520
v 16.78652382 1.00000000 27.00000000
v 17.00000000 0.85540462 27.00000000
v 17.00000000 1.00000000 26.00862885
v 17.00000000 1.00000000 27.63923073
v 16.87800598 1.00000000 31.00000000
v 17.00000000 0.93039864 31.00000000
v 17.00000000 1.00000000 30.60399246
v 16.91734505 1.00000000 32.00000000
v 17.00000000 0.94379473 32.00000000
v 17.00000000 1.00000000 32.25711823
v 16.79268837 1.00000000 35.00000000
v 17.00000000 0.91836327 35.00000000
v 17.00000000 1.00000000 34.58819199
v 17.00000000 1.00000000 35.40039062
v 16.80027771 1.00000000 39.00000000
v 17.00000000 0.90114456 39.00000000
v 17.00000000 1.00000000 38.58044434
v 16.91963005 1.00000000 40.00000000
v 17.00000000 0.96597856 40.00000000
v 17.00000000 1.00000000 40.28463364
v 17.00000000 0.19104086 44.00000000
v 17.00000000 1.00000000 43.13953400
v 17.00000000 0.54468757 45.00000000
v 17.00000000 1.00000000 45.38159943
v 16.92927361 2.00000000 11.00000000
v 17.00000000 1.34187961 11.00000000
v 17.00000000 2.00000000 10.89422607
v 16.18093300 2.00000000 12.00000000
v 17.00000000 1.87932396 12.00000000
v 17.00000000 2.00000000 12.61301994
v 16.48002243 2.00000000 14.00000000
v 17.00000000 1.67708111 14.00000000
v 17.00000000 2.00000000 13.19373608
v 16.05942154 2.00000000 15.00000000
v 16.01328659 2.00000000 19.00000000
v 17.00000000 1.07794952 20.00000000
v 16.70685196 2.00000000 21.00000000
v 17.00000000 1.63549387 21.00000000
v 16.78428650 2.00000000 22.00000000
v 16.62547112 2.00000000 23.00000000
v 17.00000000 1.03448749 24.00000000
v 16.08948135 2.00000000 24.00000000
v 16.82529068 2.00000000 25.00000000
v 17.00000000 1.46517015 25.00000000
v 16.68372345 2.00000000 26.00000000
v 17.00000000 1.00841725 26.00000000
v 16.65458298 2.00000000 27.00000000
v 17.00000000 1.28539276 28.00000000
v 16.05769730 2.00000000 28.00000000
v 17.00000000 2.00000000 28.93457031
v 16.88324738 2.00000000 30.00000000
v 17.00000000 1.65522659 30.00000000
v 17.00000000 2.00000000 29.20845985
v 16.80201340 2.00000000 31.00000000
v 16.67079735 2.00000000 33.00000000
v 17.00000000 1.64015985 33.00000000
v 16.72029114 2.00000000 34.00000000
v 17.00000000 1.59768462 34.00000000
v 16.36823654 2.00000000 35.00000000
v 17.00000000 1.37957633 36.00000000
v 16.85466194 2.00000000 37.00000000
v 17.00000000 1.84979796 37.00000000
v 17.00000000 2.00000000 37.44431305
v 16.73511314 2.00000000 39.00000000
v 17.00000000 2.00000000 38.35128403
v 16.69575882 2.00000000 41.00000000
v 17.00000000 1.58514655 41.00000000
v 17.00000000 1.01890755 42.00000000
v 17.00000000 1.14947760 43.00000000
v 17.00000000 2.00000000 45.68884659
v 17.00000000 2.54548836 11.00000000
v 17.00000000 3.00000000 11.11909008
v 16.53815079 3.00000000 12.00000000
v 17.00000000 2.18681765 13.00000000
v 16.60688782 3.00000000 13.00000000
v 16.00485802 3.00000000 14.00000000
v 16.07416344 3.00000000 21.00000000
v 16.42634010 3.00000000 22.00000000
v 16.01721001 3.00000000 23.00000000
v 16.27870369 3.00000000 24.00000000
v 16.28943443 3.00000000 25.00000000
v 16.55565071 3.00000000 26.00000000
v 16.16042328 3.00000000 27.00000000
v 16.23396683 3.00000000 28.00000000
v 17.00000000 2.06101942 29.00000000
v 16.38704872 3.00000000 29.00000000
v 16.63983727 3.00000000 30.00000000
v 16.18895531 3.00000000 31.00000000
v 16.34944916 3.00000000 32.00000000
v 16.14746666 3.00000000 33.00000000
v 16.12066650 3.00000000 34.00000000
v 16.17427826 3.00000000 37.00000000
v 17.00000000 2.12637329 38.00000000
v 16.38785934 3.00000000 38.00000000
v 17.00000000 2.25979733 46.00000000
v 16.45486259 3.00000000 46.00000000
v 17.00000000 3.00000000 46.30115509
v 16.55641174 4.00000000 11.00000000
v 17.00000000 3.11261559 11.00000000
v 17.00000000 4.00000000 10.52495384
v 16.23680878 4.00000000 12.00000000
v 16.15586472 4.00000000 30.00000000
v 17.00000000 4.00000000 46.41514587
v 17.00000000 5.00000000 10.82018852
v 17.00000000 5.00000000 46.60783768
v 17.00000000 6.00000000 10.80238628
v 17.00000000 6.00000000 46.84029770
v 17.00000000 7.00000000 10.93795967
v 17.00000000 6.69381952 47.00000000
v 16.81873512 7.00000000 47.00000000
v 17.00000000 7.32291317 11.00000000
v 16.80489349 8.00000000 11.00000000
v 17.00000000 8.00000000 11.06931877
v 16.77912712 8.00000000 47.00000000
v 17.00000000 8.37662506 11.00000000
v 17.00000000 9.00000000 10.81372833
v 17.00000000 9.00000000 46.94683456
v 17.00000000 8.73994350 47.00000000
v 17.00000000 10.00000000 10.80183792
v 17.00000000 10.00000000 46.96231842
v 17.00000000 11.00000000 10.32994080
v 17.00000000 10.35753727 47.00000000
v 16.76075935 11.00000000 47.00000000
v 16.93010139 12.00000000 1.00000000
v 17.00000000 11.96164799 1.00000000
v 17.00000000 12.00000000 0.99328005
v 17.00000000 12.00000000 1.00336170
v 17.00000000 12.00000000 10.41280270
v 16.85085297 12.00000000 47.00000000
v 17.00000000 13.00000000 0.60741431
v 17.00000000 13.00000000 1.27511668
v 17.00000000 13.00000000 10.66681290
v 17.00000000 13.00000000 46.82549286
v 17.00000000 12.28517723 47.00000000
v 17.00000000 14.00000000 0.48142523
v 17.00000000 14.00000000 1.23610485
v 16.09265900 14.00000000 10.00000000
v 17.00000000 14.00000000 10.46737289
v 17.00000000 14.00000000 46.95717621
v 17.00000000 15.00000000 0.43552467
v 17.00000000 15.00000000 1.51560795
v 17.00000000 15.00000000 10.23780537
v 17.00000000 14.58023071 47.00000000
v 16.70482635 15.00000000 47.00000000
v 17.00000000 16.00000000 0.26745829
v 16.02483940 16.00000000 2.00000000
v 17.00000000 16.00000000 1.60062730
v 16.63330650 16.00000000 10.00000000
v 17.00000000 16.00000000 10.21196556
v 16.61725426 16.00000000 47.00000000
v 17.00000000 17.00000000 0.10075469
v 17.00000000 17.00000000 1.81738293
v 16.59732056 17.00000000 10.00000000
v 17.00000000 17.00000000 10.15036488
v 17.00000000 17.00000000 46.92179871
v 17.00000000 16.68332291 47.00000000
v 17.00000000 18.00000000 0.11573870
v 16.91717148 18.00000000 2.00000000
v 17.00000000 18.00000000 1.95886731
v 17.00000000 18.00000000 10.34809589
v 17.00000000 18.00000000 46.95138931
v 17.00000000 19.00000000 0.37814552
v 17.00000000 18.28674126 2.00000000
v 17.00000000 19.00000000 2.18343973
v 17.00000000 19.00000000 10.20643711
v 17.00000000 18.46856880 47.00000000
v 16.78807068 19.00000000 47.00000000
v 17.00000000 20.00000000 0.22338066
v 17.00000000 20.00000000 1.92933226
v 17.00000000 19.46727180 2.00000000
v 16.49923515 20.00000000 10.00000000
v 17.00000000 20.00000000 10.11004066
v 17.00000000 20.00000000 46.96878052
v 17.00000000 19.69079590 47.00000000
v 17.00000000 21.00000000 0.29116660
v 17.00000000 21.00000000 1.66595638
v 16.16827393 21.00000000 10.00000000
v 17.00000000 21.00000000 10.28704643
v 17.00000000 21.00000000 46.70392990
v 17.00000000 22.00000000 0.30531055
v 16.51793289 22.00000000 2.00000000
v 17.00000000 22.00000000 1.71153092
v 17.00000000 22.00000000 10.30244255
v 17.00000000 22.00000000 46.85365295
v 17.00000000 23.00000000 0.39011291
v 17.00000000 23.00000000 1.89796793
v 17.00000000 23.00000000 10.09597969
v 17.00000000 23.00000000 46.87170029
v 17.00000000 24.00000000 0.23896961
v 16.44264221 24.00000000 2.00000000
v 17.00000000 24.00000000 1.95299625
v 16.38108635 24.00000000 10.00000000
v 17.00000000 24.00000000 10.36566925
v 17.00000000 23.71218681 47.00000000
v 16.87423706 24.00000000 47.00000000
v 17.00000000 25.00000000 0.19097760
v 17.00000000 25.00000000 1.77871001
v 17.00000000 25.00000000 10.26691151
v 17.00000000 25.00000000 46.80811310
v 17.00000000 24.22556496 47.00000000
v 17.00000000 26.00000000 0.10327019
v 16.61802673 26.00000000 2.00000000
v 17.00000000 26.00000000 1.89459598
v 17.00000000 26.00000000 10.66440678
v 17.00000000 26.00000000 46.95384216
v 17.00000000 27.00000000 0.28576553
v 16.58987617 27.00000000 2.00000000
v 17.00000000 26.54951477 2.00000000
v 17.00000000 27.00000000 2.23026371
v 17.00000000 26.99287796 11.00000000
v 17.00000000 27.00000000 11.00183773
v 17.00000000 26.65366936 47.00000000
v 16.87406921 27.00000000 47.00000000
v 17.00000000 28.00000000 0.04470707
v 17.00000000 28.00000000 1.97527027
v 17.00000000 27.73716545 2.00000000
v 16.54473877 28.00000000 11.00000000
v 17.00000000 27.00644684 11.00000000
v 17.00000000 28.00000000 10.66458321
v 16.87444305 28.00000000 47.00000000
v 17.00000000 29.00000000 0.06542934
v 17.00000000 29.00000000 1.72173989
v 17.00000000 29.00000000 10.91508770
v 17.00000000 29.00000000 46.87448502
v 17.00000000 28.27781868 47.00000000
v 16.69278717 30.00000000 0.00000000
v 17.00000000 29.65810776 0.00000000
v 17.00000000 30.00000000 1.72993076
v 16.51658630 30.00000000 11.00000000
v 17.00000000 30.00000000 10.87923908
v 17.00000000 30.00000000 46.98892593
v 17.00000000 30.12737656 0.00000000
v 17.00000000 31.00000000 0.29140005
v 17.00000000 31.00000000 1.75485468
v 17.00000000 31.00000000 10.74215317
v 17.00000000 30.07448769 47.00000000
v 16.30112648 31.00000000 47.00000000
v 17.00000000 32.00000000 0.06471279
v 17.00000000 32.00000000 1.68896425
v 16.30181503 32.00000000 11.00000000
v 17.00000000 32.00000000 10.77145958
v 16.55306244 32.00000000 47.00000000
v 17.00000000 33.00000000 0.00044749
v 17.00000000 33.00000000 1.69155729
v 17.00000000 32.66971588 11.00000000
v 16.67381859 33.00000000 11.00000000
v 17.00000000 33.00000000 11.10048294
v 17.00000000 33.00000000 46.92752838
v 17.00000000 32.76440430 47.00000000
v 17.00000000 34.00000000 0.17888437
v 17.00000000 34.00000000 1.64102566
v 17.00000000 33.63980103 11.00000000
v 17.00000000 34.00000000 10.90836620
v 17.00000000 34.00000000 46.93440628
v 17.00000000 35.00000000 0.50320870
v 17.00000000 35.00000000 1.37066555
v 17.00000000 35.00000000 10.49765491
v 17.00000000 34.34394836 47.00000000
v 16.58481789 35.00000000 47.00000000
v 17.00000000 36.00000000 0.40107074
v 17.00000000 36.00000000 1.31700253
v 16.08534813 36.00000000 10.00000000
v 17.00000000 36.00000000 10.35260105
v 16.80133247 36.00000000 47.00000000
v 16.50181389 37.00000000 1.00000000
v 17.00000000 37.00000000 0.69000494
v 17.00000000 37.00000000 1.14734054
v 16.06342316 37.00000000 10.00000000
v 17.00000000 37.00000000 10.70192432
v 17.00000000 37.00000000 46.87210846
v 17.00000000 36.41204071 47.00000000
v 17.00000000 37.32581329 1.00000000
v 17.00000000 38.00000000 10.48839951
v 17.00000000 38.00000000 46.86488342
v 17.00000000 39.00000000 10.51790047
v 17.00000000 39.00000000 46.98419189
v 16.55954552 40.00000000 10.00000000
v 17.00000000 40.00000000 10.34920406
v 17.00000000 39.16310501 47.00000000
v 16.83379936 40.00000000 47.00000000
v 17.00000000 41.00000000 10.46925640
v 17.00000000 41.00000000 46.79368210
v 17.00000000 40.30965424 47.00000000
v 16.73208046 42.00000000 10.00000000
v 17.00000000 41.50033951 10.00000000
v 17.00000000 42.00000000 9.88681793
v 17.00000000 42.00000000 46.71378708
v 17.00000000 42.37633133 10.00000000
v 17.00000000 43.00000000 10.53261185
v 17.00000000 43.00000000 46.87407303
v 17.00000000 43.77544403 11.00000000
v 17.00000000 44.00000000 11.34732437
v 16.88220406 44.00000000 46.00000000
v 17.00000000 44.00000000 46.04842377
v 17.00000000 44.46261597 12.00000000
v 17.00000000 45.00000000 12.51645470
v 16.41024780 45.00000000 25.00000000
v 17.00000000 45.00000000 25.31437111
v 17.00000000 44.48741150 26.00000000
v 17.00000000 45.00000000 26.48050117
v 16.09001923 45.00000000 34.00000000
v 17.00000000 45.00000000 33.40620041
v 17.00000000 44.74152374 34.00000000
v 17.00000000 45.00000000 34.44761276
v 17.00000000 45.00000000 40.85974503
v 17.00000000 44.95178604 41.00000000
v 17.00000000 44.93499756 42.00000000
v 16.81834602 45.00000000 42.00000000
v 17.00000000 45.00000000 42.13304901
v 17.00000000 45.00000000 45.60592270
v 17.00000000 44.09667969 46.00000000
v 17.00000000 45.14167023 13.00000000
v 17.00000000 45.37718201 14.00000000
v 17.00000000 45.49192429 15.00000000
v 16.02677917 46.00000000 15.00000000
v 17.00000000 45.53203964 16.00000000
v 16.17018890 46.00000000 16.00000000
v 17.00000000 45.81245041 17.00000000
v 16.28698540 46.00000000 17.00000000
v 17.00000000 45.86567688 18.00000000
v 17.00000000 45.70312119 19.00000000
v 17.00000000 45.49547577 20.00000000
v 17.00000000 45.56402206 21.00000000
v 17.00000000 45.53511810 22.00000000
v 17.00000000 45.41612625 23.00000000
v 17.00000000 45.15588760 24.00000000
v 17.00000000 45.22551346 25.00000000
v 17.00000000 45.47845078 27.00000000
v 17.00000000 45.46329498 28.00000000
v 17.00000000 45.46738815 29.00000000
v 16.11864471 46.00000000 29.00000000
v 17.00000000 45.80514908 30.00000000
v 16.69901848 46.00000000 30.00000000
v 17.00000000 45.78882217 31.00000000
v 16.79521942 46.00000000 31.00000000
v 17.00000000 45.45893097 32.00000000
v 16.31780243 46.00000000 32.00000000
v 17.00000000 45.27923965 33.00000000
v 17.00000000 45.29007721 35.00000000
v 17.00000000 45.59106445 36.00000000
v 17.00000000 45.81240082 37.00000000
v 16.41598129 46.00000000 37.00000000
v 17.00000000 46.00000000 37.96321869
v 16.72617722 46.00000000 39.00000000
v 17.00000000 46.00000000 38.09317017
v 17.00000000 45.85353470 39.00000000
v 17.00000000 45.37833023 40.00000000
v 17.00000000 45.63835907 43.00000000
v 16.20944214 46.00000000 43.00000000
v 17.00000000 46.00000000 43.42625046
v 17.00000000 46.00000000 45.52431870
v 17.00000000 46.00540161 38.00000000
v 17.00000000 46.18708801 44.00000000
v 17.00000000 46.17132187 45.00000000
v 18.00000000 0.89788967 15.00000000
v 18.00000000 1.00000000 14.32597351
v 17.78787422 1.00000000 16.00000000
v 18.00000000 1.00000000 15.79634285
v 18.00000000 1.00000000 16.23187828
v 18.00000000 0.91733223 17.00000000
v 18.00000000 0.96057820 18.00000000
v 17.89548302 1.00000000 19.00000000
v 18.00000000 1.00000000 18.54146957
v 17.95471001 1.00000000 21.00000000
v 18.00000000 0.99130481 21.00000000
v 18.00000000 1.00000000 20.94974518
v 18.00000000 0.89257878 22.00000000
v 18.00000000 0.85313523 23.00000000
v 18.00000000 1.00000000 23.56450081
v 17.27220917 1.00000000 25.00000000
v 18.00000000 0.88116300 25.00000000
v 18.00000000 1.00000000 24.44429207
v 17.00893021 1.00000000 26.00000000
v 18.00000000 0.78968227 26.00000000
v 18.00000000 0.96673602 27.00000000
v 18.00000000 1.00000000 27.12607574
v 17.59905243 1.00000000 31.00000000
v 17.19607162 1.00000000 32.00000000
v 17.51301765 1.00000000 35.00000000
v 17.53582001 1.00000000 39.00000000
v 17.10081482 1.00000000 40.00000000
v 17.88932419 1.00000000 42.00000000
v 18.00000000 0.99882257 42.00000000
v 18.00000000 1.00000000 41.99143219
v 17.36972618 1.00000000 43.00000000
v 18.00000000 0.86954379 43.00000000
v 18.00000000 0.60140920 44.00000000
v 18.00000000 0.71711600 45.00000000
v 18.00000000 1.00000000 45.20276260
v 17.17866516 2.00000000 11.00000000
v 18.00000000 2.00000000 11.56651402
v 18.00000000 1.80279028 12.00000000
v 17.36538124 2.00000000 13.00000000
v 18.00000000 1.81523526 13.00000000
v 18.00000000 1.15630829 14.00000000
v 18.00000000 1.06175220 16.00000000
v 18.00000000 1.07983983 19.00000000
v 18.00000000 1.53133178 20.00000000
v 18.00000000 1.30828679 24.00000000
v 18.00000000 1.70555305 28.00000000
v 17.54549026 2.00000000 29.00000000
v 18.00000000 1.81496847 29.00000000
v 18.00000000 1.19980705 30.00000000
v 18.00000000 1.26938462 31.00000000
v 18.00000000 1.49834514 32.00000000
v 18.00000000 1.50000036 33.00000000
v 18.00000000 1.47487068 34.00000000
v 18.00000000 1.44260263 35.00000000
v 17.86738014 2.00000000 36.00000000
v 18.00000000 2.00000000 35.76157379
v 17.26207161 2.00000000 37.00000000
v 18.00000000 1.84263098 38.00000000
v 18.00000000 2.00000000 37.69123459
v 17.49858475 2.00000000 38.00000000
v 18.00000000 1.37806642 39.00000000
v 18.00000000 1.87918651 40.00000000
v 17.52780914 2.00000000 41.00000000
v 18.00000000 2.00000000 40.43466568
v 18.00000000 2.00000000 41.09303284
v 18.00000000 2.00000000 45.52511978
v 18.00000000 3.00000000 11.42745686
v 18.00000000 2.12988710 36.00000000
v 18.00000000 2.33023071 37.00000000
v 18.00000000 2.06909251 41.00000000
v 17.88221359 3.00000000 46.00000000
v 18.00000000 3.00000000 45.95658875
v 18.00000000 3.47862077 11.00000000
v 18.00000000 4.00000000 10.47288227
v 18.00000000 3.05815053 46.00000000
v 18.00000000 4.00000000 46.52475357
v 18.00000000 5.00000000 10.56386471
v 18.00000000 5.00000000 46.74920654
v 18.00000000 6.00000000 10.62608242
v 18.00000000 6.00000000 46.98077393
v 18.00000000 7.00000000 10.76403904
v 18.00000000 6.50433826 47.00000000
v 17.50221062 8.00000000 11.00000000
v 18.00000000 8.00000000 10.94839668
v 18.00000000 9.00000000 10.72525215
v 17.38366508 9.00000000 47.00000000
v 18.00000000 9.82597351 11.00000000
v 17.69367027 10.00000000 11.00000000
v 18.00000000 10.00000000 11.07535172
v 17.23395538 10.00000000 47.00000000
v 17.48960495 11.00000000 1.00000000
v 18.00000000 10.28988743 1.00000000
v 18.00000000 11.00000000 0.81290877
v 18.00000000 11.00000000 1.09620726
v 18.00000000 10.13912010 11.00000000
v 18.00000000 11.00000000 10.49569321
v 18.00000000 10.49279308 47.00000000
v 17.34776688 11.00000000 47.00000000
v 18.00000000 11.00000000 46.88072968
v 18.00000000 12.00000000 0.56021661
v 18.00000000 12.00000000 1.29323113
v 18.00000000 12.00000000 10.88831043
v 18.00000000 11.88370609 47.00000000
v 18.00000000 13.00000000 0.41328335
v 18.00000000 13.00000000 1.46148324
v 18.00000000 13.00000000 10.55167198
v 18.00000000 13.00000000 46.84173203
v 18.00000000 12.09594345 47.00000000
v 18.00000000 14.00000000 0.05846248
v 18.00000000 14.00000000 1.73045540
v 18.00000000 14.00000000 10.88443184
v 18.00000000 14.00000000 46.99607849
v 18.00000000 15.00000000 0.21266012
v 18.00000000 15.00000000 1.64320672
v 18.00000000 15.00000000 10.70574188
v 17.13601112 15.00000000 47.00000000
v 18.00000000 15.00000000 46.80444717
v 17.78758049 16.00000000 0.00000000
v 18.00000000 15.78429317 0.00000000
v 18.00000000 15.91673565 2.00000000
v 17.90872383 16.00000000 2.00000000
v 18.00000000 16.00000000 2.04474664
v 18.00000000 16.00000000 10.74343872
v 18.00000000 15.91135597 47.00000000
v 18.00000000 16.45104599 0.00000000
v 18.00000000 17.00000000 0.04912752
v 17.71428108 17.00000000 2.00000000
v 18.00000000 17.00000000 2.10018611
v 18.00000000 17.00000000 10.29753971
v 18.00000000 17.00000000 46.92295837
v 18.00000000 16.22443962 47.00000000
v 18.00000000 18.00000000 0.08625083
v 17.06234550 18.00000000 2.00000000
v 18.00000000 18.00000000 2.61886287
v 18.00000000 18.00000000 10.80956650
v 18.00000000 18.00000000 46.97303009
v 18.00000000 19.00000000 0.20935377
v 18.00000000 18.59749794 2.00000000
v 17.19712067 19.00000000 2.00000000
v 18.00000000 19.00000000 1.76105201
v 18.00000000 19.00000000 10.81189442
v 17.17271042 19.00000000 47.00000000
v 18.00000000 19.00000000 46.75665665
v 18.00000000 20.00000000 0.10211623
v 17.27196884 20.00000000 2.00000000
v 18.00000000 19.57165909 2.00000000
v 18.00000000 20.00000000 2.59311223
v 18.00000000 20.00000000 10.73929501
v 18.00000000 20.00000000 46.88122177
v 18.00000000 21.00000000 0.16871496
v 17.65404701 21.00000000 2.00000000
v 18.00000000 21.00000000 2.32623816
v 18.00000000 21.00000000 10.15447807
v 18.00000000 21.00000000 46.71574402
v 18.00000000 22.00000000 0.15337150
v 17.40850067 22.00000000 2.00000000
v 18.00000000 21.70997810 3.00000000
v 17.72145653 22.00000000 3.00000000
v 18.00000000 22.00000000 3.10678506
v 18.00000000 22.00000000 10.70330143
v 18.00000000 22.00000000 46.78758240
v 18.00000000 23.00000000 0.36378500
v 18.00000000 23.00000000 1.70172334
v 18.00000000 22.53617477 2.00000000
v 18.00000000 22.26171494 3.00000000
v 18.00000000 23.00000000 10.56026554
v 18.00000000 23.00000000 46.70431900
v 18.00000000 24.00000000 0.02989420
v 18.00000000 23.90197563 2.00000000
v 17.55613518 24.00000000 2.00000000
v 18.00000000 24.00000000 2.29936433
v 18.00000000 24.00000000 10.39242744
v 17.31413269 24.00000000 47.00000000
v 18.00000000 24.00000000 46.87093353
v 18.00000000 25.00000000 0.11618818
v 17.55790710 25.00000000 2.00000000
v 18.00000000 25.00000000 2.31402445
v 18.00000000 25.00000000 10.20191574
v 18.00000000 25.00000000 46.87381363
v 18.00000000 26.00000000 0.07661451
v 17.14144516 26.00000000 2.00000000
v 18.00000000 25.73160744 3.00000000
v 17.75865555 26.00000000 3.00000000
v 18.00000000 26.00000000 3.11613536
v 18.00000000 26.00000000 10.32246780
v 18.00000000 26.00000000 46.91782761
v 18.00000000 27.00000000 0.18841089
v 18.00000000 26.82696915 2.00000000
v 17.39227486 27.00000000 2.00000000
v 18.00000000 27.00000000 1.88318086
v 18.00000000 26.24064636 3.00000000
v 17.00573730 27.00000000 11.00000000
v 18.00000000 27.00000000 10.58639717
v 17.13515282 27.00000000 47.00000000
v 18.00000000 27.00000000 46.84085846
v 17.31028938 28.00000000 0.00000000
v 18.00000000 27.65021706 0.00000000
v 17.13023567 28.00000000 2.00000000
v 18.00000000 27.39416695 2.00000000
v 18.00000000 28.00000000 2.91798568
v 18.00000000 28.00000000 10.93616772
v 17.51397705 28.00000000 47.00000000
v 18.00000000 28.00000000 46.94702530
v 17.48460770 29.00000000 0.00000000
v 17.68605042 29.00000000 2.00000000
v 18.00000000 29.00000000 2.21541762
v 18.00000000 29.00000000 10.59824657
v 18.00000000 29.00000000 46.90250015
v 17.43018913 30.00000000 2.00000000
v 18.00000000 30.00000000 2.47525382
v 18.00000000 30.00000000 10.79195309
v 18.00000000 29.81003189 47.00000000
v 17.35621834 30.00000000 47.00000000
v 18.00000000 30.56560326 0.00000000
v 18.00000000 31.00000000 0.12073606
v 18.00000000 31.00000000 1.58048284
v 18.00000000 30.48712921 2.00000000
v 18.00000000 31.00000000 10.65240002
v 17.22701454 32.00000000 0.00000000
v 18.00000000 31.31931114 0.00000000
v 18.00000000 32.00000000 1.91424096
v 18.00000000 31.85330772 11.00000000
v 17.78958702 32.00000000 11.00000000
v 18.00000000 32.00000000 11.05697250
v 18.00000000 32.93317795 0.00000000
v 18.00000000 33.00000000 0.01313266
v 18.00000000 33.00000000 1.96966588
v 18.00000000 33.00000000 11.24389935
v 17.51058197 33.00000000 47.00000000
v 18.00000000 34.00000000 0.05779067
v 18.00000000 34.00000000 1.85825026
v 17.22675896 34.00000000 11.00000000
v 18.00000000 34.00000000 11.20588303
v 17.47924423 34.00000000 47.00000000
v 18.00000000 35.00000000 0.31580183
v 18.00000000 35.00000000 1.52403748
v 18.00000000 34.89256668 11.00000000
v 18.00000000 35.00000000 10.97134876
v 18.00000000 34.41266632 47.00000000
v 17.55223465 35.00000000 47.00000000
v 18.00000000 35.00000000 46.89021301
v 18.00000000 36.00000000 0.13464251
v 18.00000000 36.00000000 1.69961834
v 18.00000000 35.19920731 11.00000000
v 17.84283447 36.00000000 11.00000000
v 18.00000000 36.00000000 11.10843754
v 18.00000000 35.75574493 47.00000000
v 18.00000000 37.00000000 0.40752655
v 18.00000000 37.00000000 1.41744494
v 18.00000000 36.33249283 11.00000000
v 18.00000000 37.00000000 10.69724274
v 18.00000000 37.00000000 46.88279343
v 18.00000000 36.26866150 47.00000000
v 17.66065025 38.00000000 1.00000000
v 18.00000000 38.00000000 0.75719959
v 18.00000000 38.00000000 1.16107571
v 18.00000000 37.88162613 11.00000000
v 17.91275215 38.00000000 11.00000000
v 18.00000000 38.00000000 11.04002571
v 18.00000000 38.00000000 46.95451736
v 18.00000000 38.24686050 1.00000000
v 18.00000000 38.16735077 11.00000000
v 18.00000000 39.00000000 10.86243248
v 18.00000000 39.00000000 46.77127075
v 18.00000000 39.89439392 11.00000000
v 17.97150040 40.00000000 11.00000000
v 18.00000000 40.00000000 11.01921368
v 17.56677818 40.00000000 47.00000000
v 18.00000000 40.00000000 46.93112946
v 18.00000000 40.13323975 11.00000000
v 18.00000000 41.00000000 10.78484058
v 18.00000000 41.00000000 46.77075195
v 17.20128441 42.00000000 10.00000000
v 18.00000000 41.64995956 11.00000000
v 17.83916092 42.00000000 11.00000000
v 18.00000000 42.00000000 11.08266449
v 18.00000000 42.00000000 46.86770248
v 18.00000000 42.63680649 11.00000000
v 18.00000000 43.00000000 10.95184517
v 18.00000000 43.00000000 46.46601486
v 18.00000000 43.06880188 11.00000000
v 18.00000000 43.83196640 12.00000000
v 17.44668579 44.00000000 12.00000000
v 18.00000000 44.00000000 12.23029137
v 18.00000000 44.00000000 46.30163193
v 18.00000000 44.61674881 13.00000000
v 17.29713249 45.00000000 13.00000000
v 18.00000000 44.97560883 14.00000000
v 17.96019745 45.00000000 14.00000000
v 18.00000000 44.98137283 15.00000000
v 17.96493340 45.00000000 15.00000000
v 18.00000000 45.00000000 15.06871033
v 17.91144943 45.00000000 20.00000000
v 18.00000000 45.00000000 19.85843277
v 18.00000000 44.95309830 20.00000000
v 18.00000000 44.93426514 21.00000000
v 17.91020775 45.00000000 21.00000000
v 18.00000000 44.64906311 22.00000000
v 17.52941513 45.00000000 22.00000000
v 18.00000000 44.69116592 23.00000000
v 17.43756294 45.00000000 23.00000000
v 18.00000000 44.88981628 24.00000000
v 17.62895012 45.00000000 24.00000000
v 18.00000000 44.58856583 25.00000000
v 17.24594688 45.00000000 25.00000000
v 18.00000000 44.51704407 26.00000000
v 18.00000000 44.76600647 27.00000000
v 17.79467964 45.00000000 27.00000000
v 18.00000000 44.43153381 28.00000000
v 17.38334465 45.00000000 28.00000000
v 18.00000000 44.37691879 29.00000000
v 17.43395615 45.00000000 29.00000000
v 18.00000000 44.20853806 30.00000000
v 17.43393517 45.00000000 30.00000000
v 18.00000000 44.38142395 31.00000000
v 17.34541702 45.00000000 31.00000000
v 18.00000000 44.18618011 32.00000000
v 17.35325050 45.00000000 32.00000000
v 18.00000000 44.24622345 33.00000000
v 17.14895439 45.00000000 33.00000000
v 18.00000000 44.25321198 34.00000000
v 18.00000000 44.51367188 35.00000000
v 17.57898521 45.00000000 35.00000000
v 18.00000000 44.69039917 36.00000000
v 17.67441750 45.00000000 36.00000000
v 18.00000000 44.78777695 37.00000000
v 17.86743927 45.00000000 37.00000000
v 18.00000000 44.58697510 38.00000000
v 17.33885193 45.00000000 38.00000000
v 18.00000000 44.52386093 39.00000000
v 17.48336029 45.00000000 39.00000000
v 18.00000000 44.74900436 40.00000000
v 17.60431671 45.00000000 40.00000000
v 18.00000000 44.20576477 41.00000000
v 18.00000000 44.51858521 42.00000000
v 18.00000000 45.00000000 42.86570740
v 17.98957825 45.00000000 45.00000000
v 18.00000000 45.00000000 44.98505402
v 18.00000000 44.99057770 45.00000000
v 18.00000000 44.41270828 46.00000000
v 18.00000000 45.23583603 16.00000000
v 18.00000000 45.19490814 17.00000000
v 18.00000000 45.20224380 18.00000000
v 18.00000000 45.34762955 19.00000000
v 17.00577736 46.00000000 38.00000000
v 18.00000000 45.07955551 43.00000000
v 18.00000000 45.67554855 44.00000000
v 17.53771210 46.00000000 44.00000000
v 17.26516914 46.00000000 45.00000000
v 18.42550659 1.00000000 15.00000000
v 18.15940857 1.00000000 17.00000000
v 18.05931664 1.00000000 18.00000000
v 18.02298355 1.00000000 21.00000000
v 18.17790604 1.00000000 22.00000000
v 18.39386177 1.00000000 23.00000000
v 18.26974487 1.00000000 25.00000000
v 18.28663635 1.00000000 26.00000000
v 18.06454086 1.00000000 27.00000000
v 18.00408554 1.00000000 42.00000000
v 18.21216202 1.00000000 43.00000000
v 18.94855499 1.00000000 44.00000000
v 18.22853088 1.00000000 45.00000000
v 18.17029381 2.00000000 12.00000000
v 18.30911064 2.00000000 13.00000000
v 18.76748657 2.00000000 14.00000000
v 19.00000000 2.00000000 14.32105064
v 19.00000000 1.44668484 15.00000000
v 19.00000000 1.89360535 16.00000000
v 19.00000000 1.91782355 17.00000000
v 18.71596718 2.00000000 18.00000000
v 19.00000000 2.00000000 17.23684120
v 18.70801353 2.00000000 19.00000000
v 18.54799843 2.00000000 20.00000000
v 18.86419487 2.00000000 21.00000000
v 18.90509605 2.00000000 22.00000000
v 19.00000000 2.00000000 22.36694145
v 19.00000000 1.73762727 23.00000000
v 18.70624733 2.00000000 24.00000000
v 19.00000000 2.00000000 23.43191910
v 18.93261719 2.00000000 25.00000000
v 18.63368797 2.00000000 26.00000000
v 18.54453659 2.00000000 27.00000000
v 18.22706032 2.00000000 28.00000000
v 18.04607773 2.00000000 29.00000000
v 18.42644882 2.00000000 30.00000000
v 18.46971130 2.00000000 31.00000000
v 18.39173126 2.00000000 32.00000000
v 18.45742416 2.00000000 33.00000000
v 18.24135590 2.00000000 34.00000000
v 18.27596283 2.00000000 35.00000000
v 18.09699821 2.00000000 38.00000000
v 18.38669586 2.00000000 39.00000000
v 18.09787369 2.00000000 40.00000000
v 18.78581429 2.00000000 42.00000000
v 18.72930908 2.00000000 43.00000000
v 19.00000000 2.00000000 43.49840164
v 19.00000000 1.10693216 44.00000000
v 19.00000000 1.94691801 45.00000000
v 19.00000000 2.00000000 45.04707718
v 18.23387146 3.00000000 12.00000000
v 18.86174774 3.00000000 13.00000000
v 19.00000000 3.00000000 13.11204815
v 19.00000000 2.31085443 14.00000000
v 19.00000000 2.57541394 18.00000000
v 19.00000000 2.35381603 19.00000000
v 19.00000000 2.50406289 20.00000000
v 19.00000000 2.10008025 21.00000000
v 19.00000000 2.13998342 22.00000000
v 19.00000000 2.56547070 24.00000000
v 18.95655632 3.00000000 25.00000000
v 19.00000000 3.00000000 24.79376411
v 18.81237221 3.00000000 26.00000000
v 19.00000000 3.00000000 26.32695198
v 19.00000000 2.62228084 27.00000000
v 18.86111832 3.00000000 28.00000000
v 19.00000000 3.00000000 27.68747330
v 18.87598991 3.00000000 29.00000000
v 19.00000000 3.00000000 29.32638168
v 19.00000000 2.80287528 30.00000000
v 19.00000000 2.48232365 31.00000000
v 18.87460518 3.00000000 32.00000000
v 19.00000000 3.00000000 31.76098251
v 19.00000000 3.00000000 32.62213898
v 19.00000000 2.70756006 33.00000000
v 18.76727486 3.00000000 34.00000000
v 19.00000000 3.00000000 33.36160660
v 19.00000000 3.00000000 34.57361603
v 19.00000000 2.85922074 35.00000000
v 18.71097183 3.00000000 36.00000000
v 19.00000000 3.00000000 35.33519745
v 18.82390976 3.00000000 37.00000000
v 19.00000000 3.00000000 37.40826035
v 19.00000000 2.86874485 38.00000000
v 19.00000000 2.61872792 39.00000000
v 19.00000000 2.93459678 40.00000000
v 19.00000000 2.48227096 41.00000000
v 19.00000000 2.26080894 42.00000000
v 19.00000000 2.15032291 43.00000000
v 19.00000000 3.00000000 45.95224380
v 18.21746635 4.00000000 11.00000000
v 18.89632607 4.00000000 12.00000000
v 19.00000000 4.00000000 12.16023540
v 19.00000000 3.11556935 13.00000000
v 19.00000000 3.04989100 25.00000000
v 19.00000000 3.13750219 26.00000000
v 19.00000000 3.11942410 28.00000000
v 19.00000000 3.10644245 29.00000000
v 19.00000000 3.12898064 32.00000000
v 19.00000000 3.12494373 34.00000000
v 19.00000000 3.15030003 36.00000000
v 19.00000000 3.10144043 37.00000000
v 19.00000000 3.05866170 46.00000000
v 19.00000000 4.00000000 46.31557083
v 19.00000000 4.65664482 11.00000000
v 19.00000000 5.00000000 10.72053432
v 19.00000000 4.10004759 12.00000000
v 19.00000000 5.00000000 46.33327866
v 19.00000000 6.00000000 10.88312054
v 19.00000000 6.00000000 46.75205231
v 19.00000000 7.00000000 10.76194286
v 18.54252815 7.00000000 47.00000000
v 19.00000000 7.00000000 46.98388672
v 19.00000000 7.07241249 11.00000000
v 18.17098045 8.00000000 11.00000000
v 19.00000000 8.00000000 11.19733238
v 19.00000000 7.09655476 47.00000000
v 18.31558418 9.00000000 11.00000000
v 19.00000000 9.00000000 11.38193607
v 18.42781258 9.00000000 47.00000000
v 19.00000000 9.00000000 46.86973572
v 19.00000000 8.51700020 47.00000000
v 18.16197395 10.00000000 11.00000000
v 19.00000000 10.00000000 10.60581112
v 19.00000000 9.66549683 11.00000000
v 18.35060883 10.00000000 47.00000000
v 19.00000000 10.00000000 46.75179291
v 19.00000000 10.70042992 1.00000000
v 19.00000000 11.00000000 0.76108700
v 19.00000000 11.00000000 1.06571448
v 19.00000000 11.00000000 10.67766476
v 19.00000000 11.00000000 46.73227310
v 19.00000000 12.00000000 0.62899429
v 19.00000000 12.00000000 1.12421548
v 19.00000000 12.00000000 10.72397804
v 18.04533768 12.00000000 47.00000000
v 19.00000000 12.00000000 46.62716293
v 19.00000000 13.00000000 0.19638936
v 19.00000000 13.00000000 1.33692086
v 19.00000000 12.62092400 11.00000000
v 18.72626686 13.00000000 11.00000000
v 19.00000000 13.00000000 11.10913849
v 19.00000000 13.00000000 46.39923859
v 19.00000000 14.00000000 0.27404577
v 19.00000000 14.00000000 1.47260439
v 19.00000000 13.63062859 11.00000000
v 19.00000000 14.00000000 10.86152554
v 19.00000000 14.00000000 46.54063034
v 19.00000000 15.00000000 0.28748128
v 19.00000000 15.00000000 1.57529736
v 19.00000000 14.49217510 11.00000000
v 18.82399940 15.00000000 11.00000000
v 19.00000000 15.00000000 11.10038757
v 19.00000000 15.00000000 46.64784622
v 19.00000000 16.00000000 0.16934395
v 18.25676918 16.00000000 0.00000000
v 18.10830688 16.00000000 2.00000000
v 19.00000000 16.00000000 1.71772981
v 18.51973724 16.00000000 11.00000000
v 19.00000000 16.00000000 11.12879181
v 18.08030891 16.00000000 47.00000000
v 19.00000000 16.00000000 46.77323914
v 19.00000000 17.00000000 0.11863695
v 19.00000000 16.57772064 2.00000000
v 19.00000000 17.00000000 2.37262559
v 18.86730003 17.00000000 11.00000000
v 19.00000000 17.00000000 11.11041355
v 19.00000000 17.00000000 46.48513031
v 19.00000000 18.00000000 0.32472837
v 18.95905876 18.00000000 2.00000000
v 19.00000000 18.00000000 1.97547090
v 19.00000000 17.91797447 2.00000000
v 19.00000000 17.64736557 11.00000000
v 19.00000000 18.00000000 10.87813187
v 19.00000000 18.00000000 46.48311615
v 19.00000000 19.00000000 0.24322666
v 19.00000000 19.00000000 1.82797003
v 19.00000000 18.11365128 11.00000000
v 18.25000763 19.00000000 11.00000000
v 19.00000000 19.00000000 11.42325020
v 19.00000000 19.00000000 46.57211304
v 19.00000000 20.00000000 0.08861598
v 19.00000000 19.75142479 2.00000000
v 18.33458138 20.00000000 3.00000000
v 19.00000000 19.25119400 3.00000000
v 19.00000000 20.00000000 3.21885920
v 18.22717857 20.00000000 11.00000000
v 19.00000000 20.00000000 11.41883278
v 19.00000000 20.00000000 46.44591141
v 19.00000000 21.00000000 0.06036611
v 19.00000000 21.00000000 2.96834040
v 19.00000000 20.94560814 3.00000000
v 18.96920586 21.00000000 11.00000000
v 19.00000000 21.00000000 11.03482914
v 19.00000000 21.00000000 46.24628830
v 19.00000000 22.00000000 0.06712534
v 18.98233414 22.00000000 2.00000000
v 19.00000000 22.00000000 1.99261057
v 19.00000000 21.98594475 2.00000000
v 19.00000000 22.00000000 2.04701471
v 19.00000000 21.10164070 3.00000000
v 19.00000000 22.00000000 3.13596797
v 19.00000000 21.28058243 11.00000000
v 19.00000000 22.00000000 10.89568806
v 19.00000000 22.00000000 46.45302200
v 19.00000000 23.00000000 0.06449308
v 18.75011253 23.00000000 2.00000000
v 19.00000000 22.05873680 2.00000000
v 18.93353271 23.00000000 3.00000000
v 19.00000000 23.00000000 3.03776884
v 19.00000000 23.00000000 10.70137501
v 19.00000000 23.00000000 46.58935928
v 18.24353027 24.00000000 0.00000000
v 19.00000000 23.32898521 0.00000000
v 18.13317680 24.00000000 3.00000000
v 19.00000000 24.00000000 3.47816753
v 19.00000000 24.00000000 10.81825447
v 19.00000000 24.00000000 46.73672104
v 18.62149239 25.00000000 0.00000000
v 18.89702988 25.00000000 3.00000000
v 19.00000000 25.00000000 3.13293433
v 19.00000000 25.00000000 10.26573753
v 19.00000000 25.00000000 46.53104401
v 19.00000000 25.44359970 0.00000000
v 19.00000000 26.00000000 0.12726423
v 19.00000000 26.00000000 3.06219411
v 18.76658440 26.00000000 10.00000000
v 19.00000000 25.79009247 10.00000000
v 19.00000000 26.00000000 9.92140007
v 19.00000000 26.00000000 46.56657410
v 18.67558670 27.00000000 0.00000000
v 19.00000000 26.57731247 0.00000000
v 18.49025154 27.00000000 2.00000000
v 19.00000000 27.00000000 2.55612516
v 19.00000000 26.32122040 3.00000000
v 19.00000000 26.36774445 10.00000000
v 19.00000000 27.00000000 10.16367531
v 19.00000000 27.00000000 46.62418365
v 18.04151917 28.00000000 3.00000000
v 19.00000000 27.20747566 3.00000000
v 19.00000000 28.00000000 3.31296968
v 19.00000000 28.00000000 10.69070625
v 19.00000000 28.00000000 46.61650085
v 19.00000000 29.00000000 2.52714849
v 19.00000000 28.43021202 3.00000000
v 19.00000000 29.00000000 10.73326397
v 19.00000000 29.00000000 46.39614487
v 19.00000000 30.00000000 2.15003920
v 19.00000000 30.00000000 10.71863937
v 18.06894493 30.00000000 47.00000000
v 19.00000000 30.00000000 46.68755341
v 18.56609535 31.00000000 0.00000000
v 19.00000000 31.00000000 1.99946308
v 19.00000000 30.99575996 2.00000000
v 19.00000000 31.00000000 10.74232101
v 18.03011894 31.00000000 47.00000000
v 19.00000000 31.00000000 46.83496857
v 19.00000000 32.00000000 1.96836936
v 18.57232666 32.00000000 11.00000000
v 19.00000000 32.00000000 10.96517658
v 19.00000000 31.76050758 47.00000000
v 18.06496429 33.00000000 0.00000000
v 19.00000000 32.21600342 2.00000000
v 18.17330360 33.00000000 2.00000000
v 19.00000000 33.00000000 2.14094877
v 19.00000000 32.07231140 11.00000000
v 19.00000000 33.00000000 11.58623981
v 18.18165970 33.00000000 47.00000000
v 19.00000000 33.00000000 46.66809082
v 19.00000000 32.14441299 47.00000000
v 19.00000000 33.50437927 0.00000000
v 19.00000000 34.00000000 0.21194972
v 19.00000000 34.00000000 1.70528126
v 19.00000000 33.33789062 2.00000000
v 19.00000000 34.00000000 11.42217445
v 18.17680168 34.00000000 47.00000000
v 19.00000000 34.00000000 46.65102386
v 19.00000000 35.00000000 0.04055946
v 19.00000000 35.00000000 1.47356319
v 18.05092621 35.00000000 11.00000000
v 19.00000000 35.00000000 11.51030159
v 19.00000000 35.00000000 46.75964355
v 19.00000000 36.00000000 0.05318292
v 19.00000000 36.00000000 1.53409433
v 19.00000000 36.00000000 11.29494667
v 18.10511589 36.00000000 47.00000000
v 19.00000000 36.00000000 46.69040298
v 18.62213898 37.00000000 0.00000000
v 19.00000000 36.23628998 0.00000000
v 19.00000000 37.00000000 1.17274666
v 18.24281502 37.00000000 11.00000000
v 19.00000000 37.00000000 11.55414295
v 19.00000000 37.00000000 46.44639587
v 19.00000000 37.44051361 0.00000000
v 19.00000000 38.00000000 0.39376357
v 19.00000000 38.00000000 1.19560921
v 19.00000000 38.00000000 11.42522907
v 19.00000000 38.00000000 46.55060196
v 19.00000000 38.53180695 1.00000000
v 18.29740906 39.00000000 11.00000000
v 19.00000000 39.00000000 11.39361668
v 19.00000000 39.00000000 46.67086029
v 19.00000000 40.00000000 11.30183983
v 19.00000000 40.00000000 46.74194336
v 18.15902138 41.00000000 11.00000000
v 19.00000000 41.00000000 11.54380703
v 19.00000000 41.00000000 46.42591476
v 19.00000000 42.00000000 11.76061726
v 19.00000000 42.00000000 46.14764786
v 18.05380630 43.00000000 11.00000000
v 19.00000000 43.00000000 11.87499237
v 19.00000000 43.00000000 46.00246811
v 19.00000000 43.18019485 12.00000000
v 19.00000000 43.99112701 13.00000000
v 18.98866081 44.00000000 13.00000000
v 19.00000000 43.95108414 14.00000000
v 18.92771721 44.00000000 14.00000000
v 19.00000000 44.00000000 14.11451435
v 18.92607689 44.00000000 20.00000000
v 19.00000000 44.00000000 19.79337502
v 19.00000000 43.92792130 20.00000000
v 19.00000000 43.82262039 21.00000000
v 18.80352020 44.00000000 21.00000000
v 19.00000000 44.00000000 21.78178596
v 18.87545967 44.00000000 24.00000000
v 19.00000000 44.00000000 23.30636406
v 19.00000000 43.93363190 24.00000000
v 19.00000000 43.88117599 25.00000000
v 18.82758331 44.00000000 25.00000000
v 19.00000000 43.64263916 26.00000000
v 18.59325600 44.00000000 26.00000000
v 19.00000000 43.89601517 27.00000000
v 18.77770424 44.00000000 27.00000000
v 19.00000000 43.29581451 28.00000000
v 18.29212761 44.00000000 28.00000000
v 19.00000000 43.27272415 29.00000000
v 18.25708771 44.00000000 29.00000000
v 19.00000000 43.24857712 30.00000000
v 18.15143585 44.00000000 30.00000000
v 19.00000000 43.35592651 31.00000000
v 18.38801956 44.00000000 31.00000000
v 19.00000000 43.64188766 32.00000000
v 18.16320038 44.00000000 32.00000000
v 19.00000000 43.76474762 33.00000000
v 18.45261002 44.00000000 33.00000000
v 19.00000000 43.45304871 34.00000000
v 18.23712158 44.00000000 34.00000000
v 19.00000000 43.54795456 35.00000000
v 18.26487160 44.00000000 35.00000000
v 19.00000000 43.39492035 36.00000000
v 18.37264824 44.00000000 36.00000000
v 19.00000000 43.65681076 37.00000000
v 18.50230980 44.00000000 37.00000000
v 19.00000000 43.74726868 38.00000000
v 18.73741722 44.00000000 38.00000000
v 19.00000000 43.82440186 39.00000000
v 18.73080063 44.00000000 39.00000000
v 19.00000000 43.89187241 40.00000000
v 18.77564049 44.00000000 40.00000000
v 19.00000000 44.00000000 40.83856583
v 18.27114677 44.00000000 46.00000000
v 19.00000000 44.00000000 45.25058365
v 19.00000000 43.00400925 46.00000000
v 19.00000000 44.47944260 15.00000000
v 19.00000000 44.66144562 16.00000000
v 18.45698547 45.00000000 16.00000000
v 19.00000000 45.00000000 16.62222290
v 18.24946404 45.00000000 18.00000000
v 19.00000000 45.00000000 17.24093246
v 19.00000000 44.29389572 18.00000000
v 19.00000000 44.37741852 19.00000000
v 18.37114334 45.00000000 19.00000000
v 19.00000000 44.05824661 22.00000000
v 19.00000000 44.04167938 23.00000000
v 19.00000000 44.01677704 41.00000000
v 19.00000000 44.18905258 42.00000000
v 19.00000000 44.31647110 43.00000000
v 18.10476685 45.00000000 43.00000000
v 19.00000000 44.19551468 44.00000000
v 18.61624336 45.00000000 44.00000000
v 19.00000000 44.27368546 45.00000000
v 19.00000000 45.08720016 17.00000000
v 19.26887321 2.00000000 15.00000000
v 19.12087059 2.00000000 16.00000000
v 19.07279015 2.00000000 17.00000000
v 19.11202240 2.00000000 23.00000000
v 19.22711563 2.00000000 44.00000000
v 19.04837608 2.00000000 45.00000000
v 19.34432602 3.00000000 14.00000000
v 19.77532005 3.00000000 15.00000000
v 19.66569519 3.00000000 16.00000000
v 19.51237869 3.00000000 17.00000000
v 19.22244263 3.00000000 18.00000000
v 19.41056633 3.00000000 19.00000000
v 19.46936989 3.00000000 20.00000000
v 19.34107399 3.00000000 21.00000000
v 19.56213760 3.00000000 22.00000000
v 19.51891518 3.00000000 23.00000000
v 19.21857643 3.00000000 24.00000000
v 19.19766426 3.00000000 27.00000000
v 19.18081665 3.00000000 30.00000000
v 19.35570717 3.00000000 31.00000000
v 19.07315636 3.00000000 33.00000000
v 19.07284355 3.00000000 35.00000000
v 19.13018990 3.00000000 38.00000000
v 19.31397057 3.00000000 39.00000000
v 19.06159782 3.00000000 40.00000000
v 19.30373001 3.00000000 41.00000000
v 19.51913452 3.00000000 42.00000000
v 19.90309525 3.00000000 43.00000000
v 19.99949646 3.00000000 44.00000000
v 19.69346428 3.00000000 45.00000000
v 19.44034004 4.00000000 13.00000000
v 19.95915985 4.00000000 14.00000000
v 20.00000000 4.00000000 14.13252544
v 20.00000000 3.42742634 15.00000000
v 20.00000000 3.52308607 16.00000000
v 20.00000000 3.68996716 17.00000000
v 20.00000000 3.76138687 18.00000000
v 20.00000000 3.98804879 19.00000000
v 20.00000000 3.62709260 20.00000000
v 19.95736313 4.00000000 21.00000000
v 20.00000000 4.00000000 20.72463417
v 20.00000000 4.00000000 21.22554588
v 20.00000000 3.68417525 22.00000000
v 20.00000000 3.83289170 23.00000000
v 19.87291145 4.00000000 24.00000000
v 20.00000000 4.00000000 23.46214104
v 19.69909859 4.00000000 25.00000000
v 19.86836815 4.00000000 26.00000000
v 19.65294266 4.00000000 27.00000000
v 19.72542000 4.00000000 28.00000000
v 19.60644341 4.00000000 29.00000000
v 19.96899796 4.00000000 30.00000000
v 20.00000000 4.00000000 30.53367043
v 20.00000000 3.95496893 31.00000000
v 19.87985229 4.00000000 32.00000000
v 20.00000000 4.00000000 31.22772789
v 19.73791504 4.00000000 33.00000000
v 19.83561134 4.00000000 34.00000000
v 19.64658356 4.00000000 35.00000000
v 19.69425011 4.00000000 36.00000000
v 19.65374756 4.00000000 37.00000000
v 19.97308731 4.00000000 38.00000000
v 20.00000000 4.00000000 38.37218857
v 20.00000000 3.92575312 39.00000000
v 20.00000000 3.93382239 40.00000000
v 19.91398430 4.00000000 41.00000000
v 20.00000000 4.00000000 40.25304031
v 20.00000000 4.00000000 41.58106232
v 20.00000000 3.85958529 42.00000000
v 20.00000000 3.18429208 43.00000000
v 20.00000000 3.00266314 44.00000000
v 20.00000000 3.62590432 45.00000000
v 19.45962524 4.00000000 46.00000000
v 20.00000000 4.00000000 45.21827698
v 19.31033897 5.00000000 11.00000000
v 20.00000000 5.00000000 11.89191246
v 20.00000000 4.92225409 12.00000000
v 20.00000000 4.80110645 13.00000000
v 20.00000000 4.05689430 14.00000000
v 20.00000000 4.06478691 21.00000000
v 20.00000000 4.17534733 24.00000000
v 20.00000000 4.47526360 25.00000000
v 20.00000000 4.25624228 26.00000000
v 20.00000000 4.58310318 27.00000000
v 20.00000000 4.38214397 28.00000000
v 20.00000000 4.58408689 29.00000000
v 20.00000000 4.04319715 30.00000000
v 20.00000000 4.15072250 32.00000000
v 20.00000000 4.37292576 33.00000000
v 20.00000000 4.24248838 34.00000000
v 20.00000000 4.49126482 35.00000000
v 20.00000000 4.36915684 36.00000000
v 20.00000000 4.49241114 37.00000000
v 20.00000000 4.04088068 38.00000000
v 20.00000000 4.12448359 41.00000000
v 19.73085022 5.00000000 46.00000000
v 20.00000000 5.00000000 45.61553574
v 19.20079994 6.00000000 11.00000000
v 20.00000000 6.00000000 11.50626850
v 19.94978523 6.00000000 46.00000000
v 20.00000000 6.00000000 45.86008453
v 19.03061867 7.00000000 11.00000000
v 20.00000000 7.00000000 11.52880478
v 20.00000000 6.31620502 46.00000000
v 20.00000000 7.00000000 46.10344315
v 20.00000000 8.00000000 11.99705315
v 19.21244812 8.00000000 47.00000000
v 20.00000000 8.00000000 46.42952728
v 20.00000000 9.00000000 11.72657394
v 20.00000000 9.00000000 46.14096069
v 19.30286026 10.00000000 11.00000000
v 20.00000000 10.00000000 11.54328918
v 19.98360825 10.00000000 46.00000000
v 20.00000000 10.00000000 45.98354721
v 20.00000000 9.91162491 46.00000000
v 19.74138451 11.00000000 1.00000000
v 19.30219841 11.00000000 11.00000000
v 20.00000000 11.00000000 11.37620163
v 19.96622086 11.00000000 46.00000000
v 20.00000000 11.00000000 45.95421219
v 20.00000000 11.08485508 1.00000000
v 20.00000000 12.00000000 0.35687181
v 20.00000000 12.00000000 1.27972293
v 19.31314850 12.00000000 11.00000000
v 20.00000000 12.00000000 11.46302414
v 20.00000000 11.71125793 46.00000000
v 20.00000000 12.00000000 46.00886154
v 20.00000000 13.00000000 0.22167288
v 20.00000000 13.00000000 1.36951721
v 20.00000000 13.00000000 11.35730648
v 19.65504456 13.00000000 46.00000000
v 20.00000000 13.00000000 45.67301941
v 20.00000000 12.05216789 46.00000000
v 20.00000000 14.00000000 0.05675737
v 20.00000000 13.93547821 2.00000000
v 19.92627716 14.00000000 2.00000000
v 20.00000000 14.00000000 2.04827380
v 19.14898872 14.00000000 11.00000000
v 20.00000000 14.00000000 11.42719460
v 19.67831230 14.00000000 46.00000000
v 20.00000000 14.00000000 45.67000198
v 20.00000000 15.00000000 0.30727032
v 20.00000000 15.00000000 1.96841884
v 20.00000000 14.68824005 2.00000000
v 20.00000000 15.00000000 11.69892979
v 19.85758209 15.00000000 46.00000000
v 20.00000000 15.00000000 45.77839661
v 20.00000000 16.00000000 0.19644256
v 20.00000000 15.08055496 2.00000000
v 19.51370811 16.00000000 2.00000000
v 20.00000000 16.00000000 2.40061283
v 20.00000000 16.00000000 11.84760857
v 20.00000000 15.54914284 46.00000000
v 20.00000000 16.00000000 46.09323120
v 20.00000000 17.00000000 0.21669498
v 20.00000000 17.00000000 2.04634666
v 20.00000000 17.00000000 11.48265934
v 19.70572090 17.00000000 46.00000000
v 20.00000000 17.00000000 45.65987778
v 20.00000000 16.31244087 46.00000000
v 20.00000000 18.00000000 0.04469522
v 19.03274345 18.00000000 2.00000000
v 20.00000000 17.56594658 3.00000000
v 19.23069000 18.00000000 3.00000000
v 20.00000000 18.00000000 3.35296392
v 19.08944130 18.00000000 11.00000000
v 20.00000000 18.00000000 11.49833107
v 19.59710884 18.00000000 46.00000000
v 20.00000000 18.00000000 45.55065918
v 20.00000000 19.00000000 0.26736552
v 19.58299637 19.00000000 2.00000000
v 19.35153389 19.00000000 3.00000000
v 20.00000000 19.00000000 3.56087542
v 20.00000000 19.00000000 11.60867310
v 19.62167549 19.00000000 46.00000000
v 20.00000000 19.00000000 45.41429138
v 20.00000000 20.00000000 0.09357741
v 20.00000000 20.00000000 3.72770739
v 20.00000000 19.78047180 12.00000000
v 19.90168571 20.00000000 12.00000000
v 20.00000000 20.00000000 12.09229755
v 19.67445183 20.00000000 46.00000000
v 20.00000000 20.00000000 45.63475800
v 20.00000000 21.00000000 0.00304141
v 19.05714417 21.00000000 3.00000000
v 20.00000000 21.00000000 3.53467059
v 20.00000000 20.47871399 12.00000000
v 20.00000000 21.00000000 11.82083988
v 19.49065781 21.00000000 46.00000000
v 20.00000000 21.00000000 45.54643250
v 19.22376823 22.00000000 0.00000000
v 20.00000000 21.01091576 0.00000000
v 19.00653267 22.00000000 2.00000000
v 20.00000000 22.00000000 3.96249008
v 19.99326706 22.00000000 8.00000000
v 20.00000000 21.98538589 8.00000000
v 20.00000000 22.00000000 7.99305582
v 20.00000000 22.00000000 8.03540707
v 19.12485886 22.00000000 11.00000000
v 20.00000000 22.00000000 11.59865952
v 19.67303658 22.00000000 46.00000000
v 20.00000000 22.00000000 45.63179398
v 19.75976372 23.00000000 0.00000000
v 20.00000000 22.09689140 4.00000000
v 19.72475052 23.00000000 4.00000000
v 20.00000000 23.00000000 4.42946577
v 19.94549561 23.00000000 8.00000000
v 20.00000000 23.00000000 7.90658712
v 20.00000000 22.44811821 9.00000000
v 19.74573135 23.00000000 9.00000000
v 20.00000000 23.00000000 9.32917213
v 20.00000000 22.91519165 11.00000000
v 20.00000000 23.00000000 10.92508030
v 19.97060394 23.00000000 46.00000000
v 20.00000000 23.00000000 45.95744705
v 19.78940392 24.00000000 4.00000000
v 20.00000000 24.00000000 4.29129076
v 20.00000000 23.32109261 8.00000000
v 20.00000000 23.66164589 9.00000000
v 20.00000000 24.00000000 9.92808342
v 19.98193550 24.00000000 10.00000000
v 20.00000000 23.98092651 10.00000000
v 20.00000000 23.14106750 46.00000000
v 20.00000000 24.00000000 46.11695480
v 19.79153061 25.00000000 4.00000000
v 20.00000000 25.00000000 4.26091337
v 19.93803787 25.00000000 9.00000000
v 20.00000000 24.79180336 9.00000000
v 20.00000000 25.00000000 8.90965557
v 19.42040634 25.00000000 10.00000000
v 19.92846870 25.00000000 46.00000000
v 20.00000000 25.00000000 45.91227341
v 20.00000000 24.70921707 46.00000000
v 19.41206551 26.00000000 0.00000000
v 20.00000000 26.00000000 3.85365129
v 20.00000000 25.36313057 4.00000000
v 20.00000000 25.09737778 9.00000000
v 20.00000000 26.00000000 9.60742378
v 19.72748184 26.00000000 46.00000000
v 20.00000000 26.00000000 45.64615631
v 19.50244141 27.00000000 3.00000000
v 20.00000000 26.33217812 4.00000000
v 19.74974060 27.00000000 4.00000000
v 20.00000000 27.00000000 4.38961983
v 19.61064720 27.00000000 9.00000000
v 20.00000000 26.53130913 9.00000000
v 20.00000000 27.00000000 8.16635704
v 19.23376656 27.00000000 10.00000000
v 19.73884583 27.00000000 46.00000000
v 20.00000000 27.00000000 45.61974335
v 19.97855377 28.00000000 4.00000000
v 20.00000000 28.00000000 4.02533627
v 19.96730423 28.00000000 9.00000000
v 20.00000000 28.00000000 8.95187569
v 19.92378044 28.00000000 10.00000000
v 19.80215073 28.00000000 46.00000000
v 20.00000000 28.00000000 45.70518112
v 19.90336990 29.00000000 3.00000000
v 20.00000000 29.00000000 3.10180807
v 20.00000000 28.03706551 4.00000000
v 20.00000000 28.05986404 9.00000000
v 20.00000000 28.16841316 10.00000000
v 20.00000000 29.00000000 10.55799294
v 19.62982941 29.00000000 46.00000000
v 20.00000000 29.00000000 45.62680054
v 19.58660889 30.00000000 3.00000000
v 20.00000000 30.00000000 3.30636764
v 20.00000000 29.59009361 11.00000000
v 19.64867020 30.00000000 11.00000000
v 20.00000000 30.00000000 11.13428593
v 19.81910896 30.00000000 46.00000000
v 20.00000000 30.00000000 45.78084183
v 20.00000000 30.94501877 0.00000000
v 20.00000000 31.00000000 0.01953977
v 19.77528954 31.00000000 0.00000000
v 19.00199318 31.00000000 2.00000000
v 20.00000000 31.00000000 2.44296789
v 20.00000000 30.59831619 3.00000000
v 20.00000000 30.54652786 11.00000000
v 20.00000000 31.00000000 10.90684605
v 20.00000000 30.73436546 46.00000000
v 20.00000000 31.00000000 46.05029678
v 20.00000000 31.11419296 0.00000000
v 19.07210350 32.00000000 2.00000000
v 20.00000000 32.00000000 2.40364766
v 20.00000000 31.16698074 11.00000000
v 19.09941101 32.00000000 11.00000000
v 20.00000000 32.00000000 11.82128143
v 19.06635475 32.00000000 47.00000000
v 20.00000000 32.00000000 46.30099487
v 20.00000000 33.00000000 2.04333687
v 20.00000000 33.00000000 11.76293945
v 19.89125633 33.00000000 46.00000000
v 20.00000000 33.00000000 45.85505295
v 20.00000000 32.80635452 46.00000000
v 19.60841942 34.00000000 0.00000000
v 19.93148613 34.00000000 2.00000000
v 20.00000000 34.00000000 2.02383351
v 20.00000000 34.00000000 11.65454388
v 19.82048035 34.00000000 46.00000000
v 20.00000000 34.00000000 45.79757309
v 20.00000000 34.47825241 0.00000000
v 20.00000000 35.00000000 0.18116042
v 20.00000000 35.00000000 1.58688951
v 20.00000000 34.04866791 2.00000000
v 20.00000000 35.00000000 11.79913712
v 19.84366226 35.00000000 46.00000000
v 20.00000000 35.00000000 45.76783371
v 19.20066643 36.00000000 0.00000000
v 20.00000000 35.45783234 0.00000000
v 20.00000000 36.00000000 1.92851543
v 20.00000000 36.00000000 11.99147606
v 20.00000000 35.63874435 46.00000000
v 20.00000000 36.00000000 46.06301117
v 20.00000000 37.00000000 1.49350905
v 20.00000000 37.00000000 11.69633389
v 19.77075386 37.00000000 46.00000000
v 20.00000000 37.00000000 45.76786423
v 20.00000000 36.39984512 46.00000000
v 19.98679161 38.00000000 0.00000000
v 20.00000000 38.00000000 1.60575461
v 20.00000000 38.00000000 11.83809662
v 19.76037025 38.00000000 46.00000000
v 20.00000000 38.00000000 45.75231171
v 19.53841209 39.00000000 1.00000000
v 20.00000000 38.00628662 0.00000000
v 20.00000000 39.00000000 0.64544493
v 20.00000000 39.00000000 1.22512889
v 20.00000000 38.72800827 12.00000000
v 19.87325287 39.00000000 12.00000000
v 20.00000000 39.00000000 12.05062866
v 19.86933899 39.00000000 46.00000000
v 20.00000000 39.00000000 45.81574249
v 20.00000000 39.76434326 1.00000000
v 19.88967896 40.00000000 12.00000000
v 20.00000000 40.00000000 12.07286930
v 20.00000000 39.79501343 46.00000000
v 20.00000000 40.00000000 46.02912903
v 19.73317146 41.00000000 12.00000000
v 20.00000000 41.00000000 12.21165180
v 19.58641243 41.00000000 46.00000000
v 20.00000000 41.00000000 45.41071320
v 20.00000000 40.07149124 46.00000000
v 19.31128883 42.00000000 12.00000000
v 20.00000000 42.00000000 12.72087669
v 19.16610527 42.00000000 46.00000000
v 20.00000000 42.00000000 45.24096298
v 19.09378433 43.00000000 12.00000000
v 20.00000000 42.26799774 13.00000000
v 19.57572746 43.00000000 13.00000000
v 20.00000000 43.00000000 13.98256683
v 19.89483833 43.00000000 19.00000000
v 20.00000000 43.00000000 18.62399292
v 20.00000000 42.91176605 19.00000000
v 20.00000000 42.79310226 20.00000000
v 19.75732803 43.00000000 20.00000000
v 20.00000000 42.69490433 21.00000000
v 19.66520500 43.00000000 21.00000000
v 20.00000000 43.00000000 21.87302399
v 19.71889305 43.00000000 23.00000000
v 20.00000000 43.00000000 22.16630363
v 20.00000000 42.77650452 23.00000000
v 20.00000000 42.97182083 24.00000000
v 19.96841431 43.00000000 24.00000000
v 20.00000000 42.69033051 25.00000000
v 19.71679306 43.00000000 25.00000000
v 20.00000000 42.80198669 26.00000000
v 19.75794983 43.00000000 26.00000000
v 20.00000000 42.60419846 27.00000000
v 19.62018394 43.00000000 27.00000000
v 20.00000000 42.19183350 28.00000000
v 19.30435371 43.00000000 28.00000000
v 20.00000000 42.11520004 29.00000000
v 19.25236702 43.00000000 29.00000000
v 20.00000000 42.19580078 30.00000000
v 19.29926872 43.00000000 30.00000000
v 20.00000000 42.24068832 31.00000000
v 19.34209061 43.00000000 31.00000000
v 20.00000000 42.39948273 32.00000000
v 19.61230469 43.00000000 32.00000000
v 20.00000000 42.31408310 33.00000000
v 19.44525146 43.00000000 33.00000000
v 20.00000000 42.41559601 34.00000000
v 19.49486732 43.00000000 34.00000000
v 20.00000000 42.30007553 35.00000000
v 19.43534088 43.00000000 35.00000000
v 20.00000000 42.17996597 36.00000000
v 19.31282234 43.00000000 36.00000000
v 20.00000000 42.14716721 37.00000000
v 19.46541595 43.00000000 37.00000000
v 20.00000000 42.35300064 38.00000000
v 19.62815475 43.00000000 38.00000000
v 20.00000000 42.51306915 39.00000000
v 19.65058136 43.00000000 39.00000000
v 20.00000000 42.75551224 40.00000000
v 19.82326317 43.00000000 40.00000000
v 20.00000000 42.31793594 41.00000000
v 19.61450958 43.00000000 41.00000000
v 20.00000000 42.76858139 42.00000000
v 19.88469696 43.00000000 42.00000000
v 20.00000000 42.51519012 43.00000000
v 19.84251022 43.00000000 43.00000000
v 20.00000000 42.65092850 44.00000000
v 19.79711914 43.00000000 44.00000000
v 20.00000000 42.35408020 45.00000000
v 19.61202431 43.00000000 45.00000000
v 19.00221443 43.00000000 46.00000000
v 20.00000000 43.01710510 14.00000000
v 20.00000000 43.43932724 15.00000000
v 19.47717094 44.00000000 15.00000000
v 20.00000000 43.39638138 16.00000000
v 19.48530006 44.00000000 16.00000000
v 20.00000000 43.37612534 17.00000000
v 19.70415878 44.00000000 17.00000000
v 20.00000000 43.28501129 18.00000000
v 19.23016548 44.00000000 18.00000000
v 19.21444893 44.00000000 19.00000000
v 20.00000000 43.05194473 22.00000000
v 19.04310799 44.00000000 22.00000000
v 19.02665901 44.00000000 23.00000000
v 19.02331924 44.00000000 41.00000000
v 19.20472717 44.00000000 42.00000000
v 19.34515190 44.00000000 43.00000000
v 19.07351685 44.00000000 44.00000000
v 19.22146034 44.00000000 45.00000000
v 19.12229729 45.00000000 17.00000000
v 20.59855270 4.00000000 15.00000000
v 20.29828644 4.00000000 16.00000000
v 20.20442009 4.00000000 17.00000000
v 20.23835945 4.00000000 18.00000000
v 20.00806808 4.00000000 19.00000000
v 20.15062904 4.00000000 20.00000000
v 20.15683746 4.00000000 22.00000000
v 20.10778427 4.00000000 23.00000000
v 20.02825165 4.00000000 31.00000000
v 20.04983902 4.00000000 39.00000000
v 20.04312897 4.00000000 40.00000000
v 20.08443069 4.00000000 42.00000000
v 20.32137108 4.00000000 43.00000000
v 20.16660309 4.00000000 44.00000000
v 20.18872261 4.00000000 45.00000000
v 20.05899620 5.00000000 12.00000000
v 20.32496643 5.00000000 13.00000000
v 21.00000000 5.00000000 13.49353218
v 21.00000000 4.67452097 14.00000000
v 21.00000000 4.40215015 15.00000000
v 21.00000000 4.74101830 16.00000000
v 21.00000000 4.86146688 17.00000000
v 21.00000000 4.91621256 18.00000000
v 21.00000000 4.98499298 19.00000000
v 20.69127274 5.00000000 20.00000000
v 21.00000000 5.00000000 19.02904320
v 21.00000000 4.93832350 21.00000000
v 21.00000000 5.00000000 20.90254974
v 20.87859154 5.00000000 22.00000000
v 21.00000000 5.00000000 21.30496025
v 20.73744583 5.00000000 23.00000000
v 20.58510208 5.00000000 24.00000000
v 20.63037872 5.00000000 25.00000000
v 20.43683052 5.00000000 26.00000000
v 20.31480408 5.00000000 27.00000000
v 20.35798645 5.00000000 28.00000000
v 20.40197754 5.00000000 29.00000000
v 20.74861908 5.00000000 30.00000000
v 20.77182961 5.00000000 31.00000000
v 20.56705093 5.00000000 32.00000000
v 20.61121941 5.00000000 33.00000000
v 20.52223587 5.00000000 34.00000000
v 20.40283775 5.00000000 35.00000000
v 20.53822899 5.00000000 36.00000000
v 20.70133209 5.00000000 37.00000000
v 21.00000000 5.00000000 37.75464249
v 21.00000000 4.95144892 38.00000000
v 20.80480194 5.00000000 39.00000000
v 21.00000000 5.00000000 38.28771591
v 20.77717018 5.00000000 40.00000000
v 21.00000000 4.95141077 41.00000000
v 21.00000000 5.00000000 40.83116531
v 20.98176003 5.00000000 42.00000000
v 21.00000000 5.00000000 41.73332214
v 20.80929947 5.00000000 43.00000000
v 20.96367073 5.00000000 44.00000000
v 20.36125565 5.00000000 45.00000000
v 20.84445572 6.00000000 12.00000000
v 21.00000000 6.00000000 12.16673851
v 21.00000000 5.29280710 13.00000000
v 21.00000000 5.47184849 20.00000000
v 21.00000000 5.10358763 22.00000000
v 21.00000000 5.19081593 23.00000000
v 21.00000000 5.71041965 24.00000000
v 21.00000000 5.43881512 25.00000000
v 21.00000000 5.89747572 26.00000000
v 20.94080544 6.00000000 27.00000000
v 21.00000000 6.00000000 26.46586990
v 21.00000000 6.00000000 27.23218727
v 21.00000000 5.83092165 28.00000000
v 21.00000000 5.64761591 29.00000000
v 21.00000000 5.24872303 30.00000000
v 21.00000000 5.14241791 31.00000000
v 21.00000000 5.87461853 32.00000000
v 21.00000000 5.71583843 33.00000000
v 21.00000000 5.60218477 34.00000000
v 21.00000000 5.75778866 35.00000000
v 21.00000000 5.61501074 36.00000000
v 21.00000000 5.35799408 37.00000000
v 21.00000000 5.31060076 39.00000000
v 21.00000000 5.51570320 40.00000000
v 21.00000000 5.02583027 42.00000000
v 21.00000000 5.30658865 43.00000000
v 21.00000000 5.06977892 44.00000000
v 20.58284950 6.00000000 45.00000000
v 21.00000000 6.00000000 44.62215424
v 21.00000000 6.42858267 12.00000000
v 21.00000000 7.00000000 11.91506100
v 21.00000000 6.04755831 27.00000000
v 21.00000000 6.77796221 45.00000000
v 20.17796707 7.00000000 46.00000000
v 21.00000000 7.00000000 45.11167145
v 21.00000000 7.36254406 12.00000000
v 20.01822281 8.00000000 12.00000000
v 21.00000000 8.00000000 12.35149384
v 20.61889076 8.00000000 46.00000000
v 21.00000000 8.00000000 45.57861710
v 20.97065163 9.00000000 12.00000000
v 21.00000000 9.00000000 12.01198483
v 20.74123764 9.00000000 46.00000000
v 21.00000000 9.00000000 45.90816116
v 21.00000000 9.84798622 0.00000000
v 20.80256844 10.00000000 0.00000000
v 21.00000000 10.00000000 0.24157603
v 21.00000000 9.03773117 12.00000000
v 21.00000000 10.00000000 11.83199310
v 21.00000000 10.00000000 45.60458755
v 21.00000000 10.96414757 1.00000000
v 20.73433495 11.00000000 1.00000000
v 20.83827209 11.00000000 0.00000000
v 21.00000000 11.00000000 1.00884688
v 21.00000000 10.82937527 12.00000000
v 20.91769600 11.00000000 12.00000000
v 21.00000000 11.00000000 12.06030369
v 21.00000000 11.00000000 45.61952209
v 20.69046974 12.00000000 0.00000000
v 21.00000000 12.00000000 1.23279560
v 21.00000000 11.22265911 12.00000000
v 21.00000000 12.00000000 11.83607101
v 20.04371071 12.00000000 46.00000000
v 21.00000000 12.00000000 45.56902313
v 21.00000000 12.52858353 0.00000000
v 21.00000000 13.00000000 0.08988202
v 21.00000000 13.00000000 1.66911781
v 21.00000000 12.63942623 12.00000000
v 20.85742188 13.00000000 12.00000000
v 21.00000000 13.00000000 12.14085674
v 21.00000000 13.00000000 45.64489365
v 21.00000000 14.00000000 0.06931304
v 20.09799004 14.00000000 2.00000000
v 21.00000000 14.00000000 1.56902754
v 21.00000000 13.69037247 12.00000000
v 21.00000000 14.00000000 11.95107746
v 21.00000000 14.00000000 45.69130325
v 21.00000000 15.00000000 0.45627764
v 20.13121605 15.00000000 2.00000000
v 21.00000000 14.75425243 2.00000000
v 21.00000000 15.00000000 2.23598814
v 21.00000000 14.09330940 12.00000000
v 20.27249908 15.00000000 12.00000000
v 21.00000000 15.00000000 12.55462742
v 21.00000000 15.00000000 45.56074524
v 21.00000000 16.00000000 0.27398890
v 21.00000000 15.93846798 2.00000000
v 20.96335983 16.00000000 2.00000000
v 21.00000000 16.00000000 1.98643470
v 20.37131882 16.00000000 12.00000000
v 21.00000000 16.00000000 12.34440613
v 20.40653992 16.00000000 46.00000000
v 21.00000000 16.00000000 45.70985794
v 21.00000000 17.00000000 0.27010009
v 21.00000000 16.02213478 2.00000000
v 21.00000000 16.64297867 3.00000000
v 20.67739868 17.00000000 3.00000000
v 21.00000000 17.00000000 3.21067071
v 21.00000000 16.58743858 12.00000000
v 21.00000000 17.00000000 11.84438610
v 21.00000000 17.00000000 45.56009293
v 21.00000000 18.00000000 0.11706271
v 21.00000000 18.00000000 3.48967242
v 21.00000000 18.00000000 11.86247921
v 21.00000000 18.00000000 45.38475800
v 21.00000000 19.00000000 0.29667887
v 21.00000000 18.78229332 4.00000000
v 20.62247658 19.00000000 4.00000000
v 21.00000000 19.00000000 4.13962841
v 21.00000000 18.80740547 12.00000000
v 20.90664101 19.00000000 12.00000000
v 21.00000000 19.00000000 12.06208038
v 20.84500504 19.00000000 45.00000000
v 21.00000000 19.00000000 44.77856827
v 21.00000000 18.84957123 45.00000000
v 21.00000000 20.00000000 0.06875692
v 20.78073502 20.00000000 4.00000000
v 21.00000000 20.00000000 4.06189775
v 20.20437241 20.00000000 12.00000000
v 21.00000000 20.00000000 11.51591969
v 21.00000000 19.08595467 12.00000000
v 21.00000000 19.30455780 45.00000000
v 21.00000000 20.00000000 45.17517090
v 21.00000000 21.00000000 0.02915493
v 20.29535103 21.00000000 4.00000000
v 21.00000000 20.71844292 5.00000000
v 20.67818642 21.00000000 5.00000000
v 21.00000000 21.00000000 5.38226604
v 21.00000000 21.00000000 11.32867813
v 21.00000000 21.00000000 45.23804474
v 21.00000000 21.10634613 0.00000000
v 20.05281639 22.00000000 4.00000000
v 20.77960014 22.00000000 5.00000000
v 21.00000000 22.00000000 5.41541767
v 21.00000000 21.62022018 8.00000000
v 21.00000000 22.00000000 7.58021927
v 21.00000000 22.00000000 8.96196842
v 20.44910240 22.00000000 10.00000000
v 21.00000000 21.33849907 10.00000000
v 21.00000000 22.00000000 9.01998425
v 21.00000000 22.00000000 10.58450508
v 21.00000000 22.00000000 11.33429146
v 21.00000000 22.00000000 45.43644333
v 20.87375450 23.00000000 5.00000000
v 21.00000000 23.00000000 5.19389868
v 20.86625099 23.00000000 7.00000000
v 21.00000000 22.76820755 7.00000000
v 21.00000000 23.00000000 6.85187960
v 21.00000000 22.05319595 9.00000000
v 20.52459335 23.00000000 10.00000000
v 21.00000000 22.42401123 11.00000000
v 20.72437477 23.00000000 21.00000000
v 21.00000000 23.00000000 20.63773727
v 21.00000000 22.84393501 21.00000000
v 21.00000000 22.92972374 22.00000000
v 20.98480988 23.00000000 22.00000000
v 21.00000000 22.44159317 23.00000000
v 20.67111969 23.00000000 23.00000000
v 21.00000000 23.00000000 23.39183426
v 21.00000000 23.00000000 45.46406555
v 20.96813393 24.00000000 5.00000000
v 21.00000000 24.00000000 5.03660345
v 21.00000000 23.51649666 7.00000000
v 20.44352531 24.00000000 8.00000000
v 21.00000000 24.00000000 7.34588385
v 20.49283028 24.00000000 9.00000000
v 20.44137955 24.00000000 21.00000000
v 21.00000000 24.00000000 20.22273445
v 21.00000000 24.00000000 21.65332413
v 21.00000000 23.15557098 22.00000000
v 21.00000000 23.88302994 23.00000000
v 20.34293938 24.00000000 46.00000000
v 21.00000000 24.00000000 45.47138596
v 20.66434860 25.00000000 5.00000000
v 21.00000000 25.00000000 5.65706205
v 20.71709824 25.00000000 8.00000000
v 21.00000000 25.00000000 7.44056797
v 21.00000000 24.31587791 21.00000000
v 21.00000000 24.75768471 22.00000000
v 20.96972084 25.00000000 22.00000000
v 21.00000000 25.00000000 21.92733765
v 21.00000000 25.00000000 22.05943298
v 21.00000000 25.00000000 45.66564560
v 20.18303680 26.00000000 4.00000000
v 20.91374969 26.00000000 5.00000000
v 21.00000000 26.00000000 5.09686947
v 21.00000000 25.46335030 8.00000000
v 21.00000000 25.63632202 9.00000000
v 21.00000000 26.00000000 9.05428600
v 21.00000000 25.03251839 22.00000000
v 21.00000000 26.00000000 45.56838226
v 20.86426735 27.00000000 5.00000000
v 21.00000000 27.00000000 5.21535635
v 20.35216522 27.00000000 9.00000000
v 21.00000000 27.00000000 9.63743114
v 21.00000000 27.00000000 45.40490723
v 21.00000000 28.00000000 4.78836823
v 21.00000000 27.43793678 5.00000000
v 20.05657959 28.00000000 9.00000000
v 21.00000000 28.00000000 9.75550461
v 21.00000000 28.00000000 45.15759659
v 20.47669983 29.00000000 4.00000000
v 21.00000000 29.00000000 4.45958376
v 21.00000000 28.21364784 10.00000000
v 21.00000000 28.52953148 11.00000000
v 20.32273674 29.00000000 11.00000000
v 21.00000000 29.00000000 11.73388100
v 21.00000000 29.00000000 45.42679596
v 21.00000000 30.00000000 3.77842069
v 21.00000000 29.81242371 4.00000000
v 21.00000000 30.00000000 11.70664310
v 21.00000000 30.00000000 45.64046478
v 20.33197594 31.00000000 0.00000000
v 21.00000000 31.00000000 2.71190023
v 21.00000000 30.62039948 3.00000000
v 20.15955353 31.00000000 11.00000000
v 21.00000000 31.00000000 11.81333065
v 20.31038094 31.00000000 46.00000000
v 21.00000000 31.00000000 45.78504562
v 21.00000000 32.00000000 2.73175883
v 21.00000000 32.00000000 11.89308262
v 20.82678413 32.00000000 46.00000000
v 21.00000000 32.00000000 45.86602783
v 21.00000000 33.00000000 2.41194773
v 21.00000000 33.00000000 11.92338848
v 21.00000000 33.00000000 45.77060699
v 20.09721184 34.00000000 2.00000000
v 21.00000000 34.00000000 1.84292924
v 21.00000000 33.70565033 2.00000000
v 21.00000000 33.42652130 12.00000000
v 20.76736259 34.00000000 12.00000000
v 21.00000000 34.00000000 12.12250423
v 21.00000000 34.00000000 45.49961472
v 21.00000000 34.88940430 0.00000000
v 21.00000000 35.00000000 0.01009599
v 21.00000000 35.00000000 1.92017651
v 20.50689697 35.00000000 12.00000000
v 21.00000000 35.00000000 12.11902523
v 21.00000000 35.00000000 45.33577728
v 21.00000000 35.03859711 0.00000000
v 21.00000000 36.00000000 1.62704277
v 21.00000000 35.65095520 12.00000000
v 21.00000000 36.00000000 11.90278816
v 20.21448898 36.00000000 46.00000000
v 21.00000000 36.00000000 45.46684265
v 21.00000000 37.00000000 1.71749640
v 21.00000000 36.19375610 12.00000000
v 20.45705414 37.00000000 12.00000000
v 21.00000000 37.00000000 12.21593571
v 21.00000000 37.00000000 45.21130371
v 21.00000000 38.00000000 1.39281762
v 20.79963684 38.00000000 12.00000000
v 21.00000000 38.00000000 12.03987122
v 21.00000000 38.00000000 45.30064774
v 21.00000000 38.87220001 1.00000000
v 20.71779442 39.00000000 1.00000000
v 21.00000000 38.28295135 0.00000000
v 21.00000000 39.00000000 12.21405792
v 21.00000000 39.00000000 45.00541306
v 20.42222023 40.00000000 1.00000000
v 21.00000000 40.00000000 0.77531916
v 21.00000000 39.48236084 1.00000000
v 21.00000000 40.00000000 1.07093990
v 21.00000000 40.00000000 12.28552818
v 20.99904060 40.00000000 33.00000000
v 21.00000000 40.00000000 32.99645996
v 21.00000000 39.99674606 33.00000000
v 21.00000000 40.00000000 33.00391769
v 20.95036316 40.00000000 37.00000000
v 21.00000000 40.00000000 36.61019135
v 21.00000000 39.81669617 37.00000000
v 21.00000000 40.00000000 37.14490891
v 20.97319412 40.00000000 45.00000000
v 21.00000000 40.00000000 44.95660019
v 21.00000000 39.09244919 45.00000000
v 20.06593132 40.00000000 46.00000000
v 21.00000000 40.15328979 1.00000000
v 21.00000000 41.00000000 12.62761307
v 20.84297180 41.00000000 31.00000000
v 21.00000000 41.00000000 30.10904694
v 21.00000000 40.76971817 31.00000000
v 21.00000000 40.92247391 32.00000000
v 20.96495819 41.00000000 32.00000000
v 20.67947769 41.00000000 33.00000000
v 21.00000000 41.00000000 33.72913361
v 20.97399712 41.00000000 35.00000000
v 21.00000000 41.00000000 34.80613327
v 21.00000000 40.92594147 35.00000000
v 21.00000000 40.32620239 36.00000000
v 20.78111267 41.00000000 36.00000000
v 20.79098129 41.00000000 37.00000000
v 21.00000000 41.00000000 37.61320114
v 20.78371429 41.00000000 44.00000000
v 21.00000000 41.00000000 43.23412323
v 21.00000000 40.64156723 44.00000000
v 20.44325829 41.00000000 45.00000000
v 21.00000000 41.28098297 13.00000000
v 20.24356079 42.00000000 13.00000000
v 21.00000000 42.00000000 13.66637516
v 20.75143242 42.00000000 25.00000000
v 21.00000000 42.00000000 24.40090942
v 21.00000000 41.55348587 25.00000000
v 21.00000000 41.57049942 26.00000000
v 20.69781494 42.00000000 26.00000000
v 21.00000000 41.11620331 27.00000000
v 20.53315926 42.00000000 27.00000000
v 21.00000000 41.18935776 28.00000000
v 20.20734024 42.00000000 28.00000000
v 21.00000000 41.01533508 29.00000000
v 20.13311958 42.00000000 29.00000000
v 21.00000000 41.02695465 30.00000000
v 20.14708328 42.00000000 30.00000000
v 20.15418625 42.00000000 31.00000000
v 20.25663185 42.00000000 32.00000000
v 20.24352837 42.00000000 33.00000000
v 21.00000000 41.13655090 34.00000000
v 20.27589417 42.00000000 34.00000000
v 20.19225693 42.00000000 35.00000000
v 20.18883705 42.00000000 36.00000000
v 20.12825966 42.00000000 37.00000000
v 21.00000000 41.15956497 38.00000000
v 20.27116966 42.00000000 38.00000000
v 21.00000000 41.06195831 39.00000000
v 20.52290916 42.00000000 39.00000000
v 21.00000000 41.57424545 40.00000000
v 20.60799980 42.00000000 40.00000000
v 21.00000000 41.11436081 41.00000000
v 20.35774612 42.00000000 41.00000000
v 21.00000000 41.21023560 42.00000000
v 20.35334969 42.00000000 42.00000000
v 21.00000000 41.11255646 43.00000000
v 20.22610283 42.00000000 43.00000000
v 20.50264168 42.00000000 44.00000000
v 20.36438751 42.00000000 45.00000000
v 21.00000000 42.53699112 14.00000000
v 20.03488541 43.00000000 14.00000000
v 21.00000000 42.45312119 15.00000000
v 20.43315887 43.00000000 15.00000000
v 21.00000000 42.52386856 16.00000000
v 20.50043869 43.00000000 16.00000000
v 21.00000000 42.48432159 17.00000000
v 20.32503700 43.00000000 17.00000000
v 21.00000000 42.12321091 18.00000000
v 20.42335701 43.00000000 18.00000000
v 21.00000000 42.06958008 19.00000000
v 21.00000000 42.16560364 20.00000000
v 21.00000000 42.16963959 21.00000000
v 21.00000000 42.21970367 22.00000000
v 20.08901978 43.00000000 22.00000000
v 21.00000000 42.28380203 23.00000000
v 21.00000000 42.23870468 24.00000000
v 21.33746910 5.00000000 14.00000000
v 21.49941826 5.00000000 15.00000000
v 21.50293732 5.00000000 16.00000000
v 21.18260193 5.00000000 17.00000000
v 21.06944466 5.00000000 18.00000000
v 21.01548004 5.00000000 19.00000000
v 21.05072784 5.00000000 21.00000000
v 21.06004333 5.00000000 38.00000000
v 21.06918907 5.00000000 41.00000000
v 22.00000000 5.97748184 13.00000000
v 22.00000000 6.00000000 12.95273399
v 22.00000000 5.63522387 14.00000000
v 22.00000000 5.55641270 15.00000000
v 22.00000000 5.25074530 16.00000000
v 22.00000000 5.53249693 17.00000000
v 22.00000000 5.66029310 18.00000000
v 21.85604095 6.00000000 19.00000000
v 22.00000000 6.00000000 18.83463860
v 21.69554138 6.00000000 20.00000000
v 21.68476105 6.00000000 21.00000000
v 21.92249870 6.00000000 22.00000000
v 21.59588432 6.00000000 23.00000000
v 21.43627930 6.00000000 24.00000000
v 21.48131371 6.00000000 25.00000000
v 21.13621330 6.00000000 26.00000000
v 21.35645485 6.00000000 28.00000000
v 21.37129021 6.00000000 29.00000000
v 21.73353767 6.00000000 30.00000000
v 21.66574669 6.00000000 31.00000000
v 21.20516014 6.00000000 32.00000000
v 21.15388680 6.00000000 33.00000000
v 21.44750404 6.00000000 34.00000000
v 21.18852615 6.00000000 35.00000000
v 21.61610413 6.00000000 36.00000000
v 21.61188507 6.00000000 37.00000000
v 21.82099152 6.00000000 38.00000000
v 21.62273788 6.00000000 39.00000000
v 21.93544388 6.00000000 40.00000000
v 21.36227608 6.00000000 41.00000000
v 21.77769852 6.00000000 42.00000000
v 21.63266563 6.00000000 43.00000000
v 21.59315491 6.00000000 44.00000000
v 21.12783813 7.00000000 12.00000000
v 22.00000000 7.00000000 12.90900707
v 22.00000000 6.12231779 19.00000000
v 21.93977165 7.00000000 20.00000000
v 22.00000000 7.00000000 19.89113045
v 22.00000000 7.00000000 20.19391823
v 22.00000000 6.46948767 21.00000000
v 22.00000000 6.13541603 22.00000000
v 22.00000000 6.54355049 23.00000000
v 22.00000000 6.65226221 24.00000000
v 22.00000000 6.95783281 25.00000000
v 21.79497719 7.00000000 26.00000000
v 22.00000000 7.00000000 25.05409431
v 22.00000000 6.95725965 27.00000000
v 22.00000000 7.00000000 26.85802269
v 21.91241646 7.00000000 28.00000000
v 22.00000000 7.00000000 27.29590988
v 22.00000000 7.00000000 28.24709702
v 22.00000000 6.61974573 29.00000000
v 22.00000000 6.35506010 30.00000000
v 22.00000000 6.43960810 31.00000000
v 21.93259239 7.00000000 32.00000000
v 22.00000000 7.00000000 31.82285500
v 21.77857018 7.00000000 33.00000000
v 21.78438377 7.00000000 34.00000000
v 22.00000000 7.00000000 34.68306351
v 22.00000000 6.86272621 35.00000000
v 22.00000000 6.57622623 36.00000000
v 22.00000000 6.35901356 37.00000000
v 22.00000000 6.34603214 38.00000000
v 22.00000000 6.46419621 39.00000000
v 22.00000000 6.06393719 40.00000000
v 22.00000000 6.56360817 41.00000000
v 22.00000000 6.54854584 42.00000000
v 22.00000000 6.37100410 43.00000000
v 22.00000000 6.68024254 44.00000000
v 21.16801071 7.00000000 45.00000000
v 22.00000000 7.00000000 44.27305984
v 22.00000000 8.00000000 12.88506413
v 22.00000000 7.13776684 20.00000000
v 22.00000000 7.38491249 26.00000000
v 22.00000000 7.18839407 28.00000000
v 22.00000000 7.20440960 32.00000000
v 22.00000000 7.54352856 33.00000000
v 22.00000000 7.45325613 34.00000000
v 21.59341812 8.00000000 45.00000000
v 22.00000000 8.00000000 44.19055557
v 22.00000000 9.00000000 12.87674522
v 22.00000000 8.83247471 45.00000000
v 22.00000000 9.00000000 45.05295181
v 21.39975548 10.00000000 1.00000000
v 22.00000000 9.42555141 1.00000000
v 22.00000000 9.42945766 0.00000000
v 22.00000000 10.00000000 1.26416290
v 21.50502396 10.00000000 12.00000000
v 22.00000000 10.00000000 12.44299793
v 21.83990860 10.00000000 45.00000000
v 22.00000000 10.00000000 44.77886963
v 22.00000000 9.32180023 45.00000000
v 22.00000000 11.00000000 1.36045480
v 22.00000000 11.00000000 12.76881409
v 22.00000000 10.37112713 45.00000000
v 22.00000000 11.00000000 45.24689865
v 22.00000000 12.00000000 1.33389544
v 21.25051117 12.00000000 12.00000000
v 22.00000000 12.00000000 12.69267464
v 22.00000000 12.00000000 45.24101257
v 21.69827271 13.00000000 0.00000000
v 22.00000000 13.00000000 1.58818746
v 22.00000000 13.00000000 12.75431633
v 22.00000000 13.00000000 45.56545639
v 22.00000000 13.46423721 0.00000000
v 22.00000000 14.00000000 0.06248291
v 22.00000000 14.00000000 1.77507043
v 21.06554222 14.00000000 12.00000000
v 22.00000000 13.54569817 13.00000000
v 21.78663635 14.00000000 13.00000000
v 22.00000000 14.00000000 13.33606434
v 22.00000000 14.00000000 45.46698380
v 22.00000000 15.00000000 0.16964486
v 21.53418732 15.00000000 2.00000000
v 22.00000000 15.00000000 1.87776077
v 22.00000000 14.51019001 13.00000000
v 22.00000000 15.00000000 12.83192348
v 22.00000000 15.00000000 45.64065552
v 22.00000000 16.00000000 0.23770784
v 21.02970123 16.00000000 2.00000000
v 22.00000000 15.28932667 2.00000000
v 22.00000000 16.00000000 2.50658154
v 22.00000000 15.60038948 13.00000000
v 21.76182938 16.00000000 13.00000000
v 22.00000000 16.00000000 13.19888783
v 22.00000000 16.00000000 45.35605621
v 22.00000000 17.00000000 0.23744248
v 22.00000000 17.00000000 2.86978483
v 21.75555038 17.00000000 3.00000000
v 21.24582672 17.00000000 12.00000000
v 22.00000000 17.00000000 12.76812363
v 22.00000000 16.47779465 13.00000000
v 22.00000000 17.00000000 45.37390137
v 22.00000000 18.00000000 0.11850668
v 22.00000000 17.44614029 3.00000000
v 22.00000000 18.00000000 3.21558809
v 22.00000000 17.74748802 12.00000000
v 22.00000000 18.00000000 11.86465931
v 21.77001190 18.00000000 44.00000000
v 22.00000000 18.00000000 43.77587509
v 22.00000000 17.76404953 44.00000000
v 22.00000000 17.59762192 45.00000000
v 21.59160423 18.00000000 45.00000000
v 22.00000000 19.00000000 0.18453769
v 22.00000000 18.77800941 4.00000000
v 22.00000000 19.00000000 4.22373199
v 21.89102554 19.00000000 12.00000000
v 22.00000000 19.00000000 11.99529171
v 21.58040810 19.00000000 44.00000000
v 22.00000000 19.00000000 43.11713028
v 21.34714699 19.00000000 45.00000000
v 22.00000000 18.67459297 45.00000000
v 22.00000000 19.00000000 44.57476044
v 22.00000000 19.00000000 45.13409424
v 22.00000000 20.00000000 0.00501884
v 22.00000000 20.00000000 4.51147556
v 22.00000000 19.14788628 12.00000000
v 21.93785095 20.00000000 12.00000000
v 22.00000000 20.00000000 12.03820038
v 21.72476387 20.00000000 44.00000000
v 22.00000000 20.00000000 43.84662247
v 22.00000000 19.47763252 45.00000000
v 21.52611542 20.00000000 45.00000000
v 21.50966263 21.00000000 0.00000000
v 22.00000000 20.13055229 0.00000000
v 22.00000000 20.32102394 5.00000000
v 21.78168678 21.00000000 6.00000000
v 22.00000000 20.89253235 6.00000000
v 22.00000000 21.00000000 6.25175810
v 21.90279007 21.00000000 10.00000000
v 22.00000000 20.94788933 10.00000000
v 22.00000000 21.00000000 9.95433521
v 21.72218704 21.00000000 11.00000000
v 22.00000000 20.81900406 11.00000000
v 22.00000000 20.02866364 12.00000000
v 22.00000000 20.46929359 44.00000000
v 22.00000000 20.63384247 45.00000000
v 22.00000000 21.00000000 45.08757019
v 22.00000000 22.00000000 5.80818939
v 22.00000000 21.43447304 6.00000000
v 22.00000000 21.57016563 8.00000000
v 22.00000000 22.00000000 7.40302181
v 22.00000000 22.00000000 8.65575504
v 22.00000000 22.00000000 9.31099987
v 22.00000000 21.93432617 11.00000000
v 22.00000000 22.00000000 10.97811413
v 22.00000000 22.00000000 11.00812435
v 22.00000000 22.00000000 45.00321198
v 22.00000000 23.00000000 5.60289335
v 22.00000000 22.42996597 7.00000000
v 22.00000000 23.00000000 6.50599670
v 22.00000000 22.34738922 9.00000000
v 22.00000000 22.01290321 11.00000000
v 21.15306091 23.00000000 21.00000000
v 21.03888130 23.00000000 22.00000000
v 22.00000000 23.00000000 22.99089050
v 22.00000000 22.98096466 23.00000000
v 22.00000000 23.00000000 23.01312447
v 22.00000000 23.00000000 45.26505280
v 22.00000000 24.00000000 5.62333250
v 21.33074951 24.00000000 7.00000000
v 22.00000000 24.00000000 6.73615980
v 21.68496513 24.00000000 9.00000000
v 22.00000000 24.00000000 8.85341072
v 22.00000000 23.83200645 9.00000000
v 22.00000000 24.00000000 9.07602119
v 21.33994865 24.00000000 21.00000000
v 22.00000000 24.00000000 22.12363434
v 21.12909698 24.00000000 23.00000000
v 22.00000000 23.73151016 24.00000000
v 21.63071060 24.00000000 24.00000000
v 22.00000000 23.90793037 25.00000000
v 21.00028419 24.00000000 25.00000000
v 22.00000000 24.00000000 25.23442459
v 21.99777412 24.00000000 44.00000000
v 22.00000000 24.00000000 43.99389267
v 22.00000000 23.99464798 44.00000000
v 22.00000000 23.52655792 45.00000000
v 21.61228752 24.00000000 45.00000000
v 22.00000000 24.52864647 6.00000000
v 21.21476364 25.00000000 6.00000000
v 21.95251846 25.00000000 7.00000000
v 21.45498657 25.00000000 8.00000000
v 22.00000000 24.68773842 8.00000000
v 22.00000000 25.00000000 7.03173256
v 21.21681976 25.00000000 9.00000000
v 22.00000000 25.00000000 9.26447392
v 21.04949188 25.00000000 22.00000000
v 22.00000000 24.41736031 23.00000000
v 22.00000000 24.09372520 24.00000000
v 22.00000000 24.08490562 25.00000000
v 22.00000000 24.00448990 44.00000000
v 22.00000000 24.37898064 45.00000000
v 22.00000000 25.00000000 45.30019760
v 22.00000000 26.00000000 5.76989222
v 22.00000000 25.65525055 6.00000000
v 22.00000000 25.00973701 7.00000000
v 22.00000000 26.00000000 9.93047523
v 21.84296989 26.00000000 45.00000000
v 22.00000000 26.00000000 44.75471497
v 22.00000000 25.73048401 45.00000000
v 22.00000000 27.00000000 5.48745966
v 22.00000000 26.55980873 10.00000000
v 21.93778992 27.00000000 10.00000000
v 22.00000000 27.00000000 10.04067230
v 22.00000000 26.32675743 45.00000000
v 22.00000000 27.00000000 45.25942230
v 21.27241898 28.00000000 5.00000000
v 22.00000000 28.00000000 5.35975695
v 21.86865234 28.00000000 10.00000000
v 22.00000000 27.54581642 11.00000000
v 21.50452995 28.00000000 11.00000000
v 22.00000000 28.00000000 11.60740566
v 21.56997871 28.00000000 45.00000000
v 22.00000000 28.00000000 44.82722092
v 22.00000000 27.73144722 45.00000000
v 22.00000000 29.00000000 4.90863609
v 22.00000000 28.90466309 5.00000000
v 22.00000000 29.00000000 11.65696526
v 22.00000000 28.19750977 45.00000000
v 22.00000000 29.00000000 45.37479782
v 22.00000000 30.00000000 3.16784525
v 22.00000000 29.35013580 4.00000000
v 22.00000000 29.27744484 12.00000000
v 21.65939522 30.00000000 12.00000000
v 22.00000000 30.00000000 12.18927956
v 22.00000000 30.00000000 45.38110352
v 22.00000000 31.00000000 2.18603444
v 22.00000000 30.24249268 3.00000000
v 21.35987663 31.00000000 12.00000000
v 22.00000000 31.00000000 12.24785042
v 22.00000000 31.00000000 45.56079102
v 22.00000000 32.00000000 2.82675838
v 21.17340279 32.00000000 12.00000000
v 22.00000000 32.00000000 12.45303726
v 22.00000000 32.00000000 45.38946915
v 22.00000000 33.00000000 2.21313405
v 21.18976212 33.00000000 12.00000000
v 22.00000000 33.00000000 12.41625023
v 22.00000000 33.00000000 45.43428802
v 21.38654709 34.00000000 2.00000000
v 22.00000000 34.00000000 2.24904466
v 22.00000000 34.00000000 12.43073845
v 21.61785698 34.00000000 45.00000000
v 22.00000000 34.00000000 44.16624832
v 22.00000000 33.65013504 45.00000000
v 21.06622887 35.00000000 0.00000000
v 22.00000000 35.00000000 1.79904103
v 22.00000000 34.57430649 2.00000000
v 22.00000000 35.00000000 12.37304020
v 21.97201347 35.00000000 44.00000000
v 22.00000000 35.00000000 43.96852112
v 22.00000000 34.76204681 44.00000000
v 22.00000000 34.79530716 45.00000000
v 22.00000000 35.00000000 44.19479370
v 22.00000000 35.00000000 45.08060074
v 22.00000000 35.88551712 2.00000000
v 21.93601036 36.00000000 2.00000000
v 22.00000000 36.00000000 2.02842355
v 21.11814499 36.00000000 12.00000000
v 22.00000000 36.00000000 12.46950912
v 22.00000000 35.04854584 44.00000000
v 22.00000000 35.35296249 45.00000000
v 21.71303940 36.00000000 45.00000000
v 22.00000000 36.00000000 44.72118378
v 22.00000000 37.00000000 1.65216577
v 22.00000000 36.07192230 2.00000000
v 22.00000000 37.00000000 12.33121395
v 22.00000000 36.71777344 45.00000000
v 22.00000000 37.00000000 45.06412888
v 22.00000000 38.00000000 1.60422015
v 22.00000000 38.00000000 12.35874271
v 21.98918152 38.00000000 44.00000000
v 22.00000000 38.00000000 43.97784424
v 22.00000000 37.96857071 44.00000000
v 22.00000000 37.17153931 45.00000000
v 21.45853806 38.00000000 45.00000000
v 21.42405701 39.00000000 1.00000000
v 22.00000000 38.89559555 0.00000000
v 22.00000000 39.00000000 0.15961599
v 22.00000000 39.00000000 1.09359181
v 22.00000000 39.00000000 12.36248875
v 21.75965118 39.00000000 33.00000000
v 22.00000000 39.00000000 32.64031219
v 22.00000000 38.81832504 33.00000000
v 22.00000000 38.92292023 34.00000000
v 21.91914558 39.00000000 34.00000000
v 22.00000000 39.00000000 34.14331436
v 21.92562866 39.00000000 37.00000000
v 22.00000000 39.00000000 36.65384674
v 22.00000000 38.95330429 37.00000000
v 22.00000000 39.00000000 37.07527924
v 22.00000000 38.06652069 44.00000000
v 21.01171303 39.00000000 45.00000000
v 22.00000000 39.00000000 44.40716934
v 22.00000000 40.00000000 0.54597366
v 22.00000000 40.00000000 1.18743765
v 22.00000000 40.00000000 12.65961647
v 21.72038269 40.00000000 30.00000000
v 22.00000000 40.00000000 29.19770241
v 22.00000000 39.54856491 30.00000000
v 22.00000000 39.32318115 31.00000000
v 21.68167686 40.00000000 31.00000000
v 22.00000000 39.77872086 32.00000000
v 21.85164642 40.00000000 32.00000000
v 21.68112755 40.00000000 34.00000000
v 22.00000000 39.43391418 35.00000000
v 21.50983047 40.00000000 35.00000000
v 22.00000000 39.09672928 36.00000000
v 21.19865990 40.00000000 36.00000000
v 22.00000000 39.41550827 38.00000000
v 21.48822594 40.00000000 38.00000000
v 22.00000000 39.50685120 39.00000000
v 21.72717667 40.00000000 39.00000000
v 22.00000000 40.00000000 39.79580688
v 21.68988991 40.00000000 44.00000000
v 22.00000000 40.00000000 43.20638657
v 22.00000000 39.37336731 44.00000000
v 22.00000000 40.42615128 1.00000000
v 22.00000000 40.69613647 13.00000000
v 21.55011940 41.00000000 13.00000000
v 22.00000000 41.00000000 13.30747032
v 21.80519485 41.00000000 26.00000000
v 22.00000000 41.00000000 25.16541100
v 22.00000000 40.62817001 26.00000000
v 22.00000000 41.00000000 26.61880493
v 21.39642906 41.00000000 28.00000000
v 22.00000000 41.00000000 27.22244072
v 22.00000000 40.47261047 28.00000000
v 22.00000000 40.14927292 29.00000000
v 21.03001213 41.00000000 29.00000000
v 21.02733994 41.00000000 30.00000000
v 21.13363266 41.00000000 34.00000000
v 21.09473228 41.00000000 38.00000000
v 21.03805161 41.00000000 39.00000000
v 22.00000000 40.15604019 40.00000000
v 21.54428864 41.00000000 40.00000000
v 22.00000000 40.37440872 41.00000000
v 21.19109154 41.00000000 41.00000000
v 22.00000000 40.10803986 42.00000000
v 21.23452568 41.00000000 42.00000000
v 22.00000000 40.19241333 43.00000000
v 21.25820923 41.00000000 43.00000000
v 22.00000000 41.47804642 14.00000000
v 21.38913918 42.00000000 14.00000000
v 22.00000000 41.94634247 15.00000000
v 21.89909744 42.00000000 15.00000000
v 22.00000000 42.00000000 15.47943020
v 21.64189720 42.00000000 17.00000000
v 22.00000000 42.00000000 16.19920921
v 22.00000000 41.81741714 17.00000000
v 22.00000000 41.27405548 18.00000000
v 21.17871094 42.00000000 18.00000000
v 22.00000000 41.28102112 19.00000000
v 21.09405136 42.00000000 19.00000000
v 22.00000000 41.37289047 20.00000000
v 21.27140999 42.00000000 20.00000000
v 22.00000000 41.16348648 21.00000000
v 21.23621178 42.00000000 21.00000000
v 22.00000000 41.18212128 22.00000000
v 21.20397377 42.00000000 22.00000000
v 22.00000000 41.13982773 23.00000000
v 21.34685326 42.00000000 23.00000000
v 22.00000000 41.10456848 24.00000000
v 21.30826759 42.00000000 24.00000000
v 22.00000000 41.03647232 25.00000000
v 22.00000000 41.07921219 27.00000000
v 22.00000000 42.06795502 16.00000000
v 22.03129768 6.00000000 13.00000000
v 22.43345070 6.00000000 14.00000000
v 22.61386108 6.00000000 15.00000000
v 23.00000000 6.00000000 15.55021477
v 23.00000000 5.87515306 16.00000000
v 22.78331566 6.00000000 17.00000000
v 23.00000000 6.00000000 16.51156616
v 22.47192383 6.00000000 18.00000000
v 22.24830437 7.00000000 13.00000000
v 23.00000000 7.00000000 13.83357430
v 23.00000000 6.85042143 14.00000000
v 22.81670189 7.00000000 15.00000000
v 23.00000000 7.00000000 14.26203728
v 23.00000000 7.00000000 15.32816982
v 23.00000000 6.31044340 17.00000000
v 22.65807152 7.00000000 18.00000000
v 23.00000000 7.00000000 17.54612160
v 22.50976944 7.00000000 19.00000000
v 22.23785400 7.00000000 21.00000000
v 22.34540367 7.00000000 22.00000000
v 22.23041725 7.00000000 23.00000000
v 22.11175728 7.00000000 24.00000000
v 22.01255989 7.00000000 25.00000000
v 22.03075027 7.00000000 27.00000000
v 22.21120071 7.00000000 29.00000000
v 22.43161964 7.00000000 30.00000000
v 22.26398659 7.00000000 31.00000000
v 22.07325363 7.00000000 35.00000000
v 22.15805244 7.00000000 36.00000000
v 22.33891106 7.00000000 37.00000000
v 22.21838379 7.00000000 38.00000000
v 22.21201324 7.00000000 39.00000000
v 22.22570801 7.00000000 40.00000000
v 22.19218636 7.00000000 41.00000000
v 22.25584030 7.00000000 42.00000000
v 22.28984451 7.00000000 43.00000000
v 22.12693024 7.00000000 44.00000000
v 22.10462570 8.00000000 13.00000000
v 23.00000000 7.10926676 14.00000000
v 22.44120789 8.00000000 14.00000000
v 23.00000000 7.35125875 15.00000000
v 23.00000000 8.00000000 14.61048031
v 22.92508125 8.00000000 18.00000000
v 23.00000000 8.00000000 17.70577240
v 22.82367897 8.00000000 19.00000000
v 22.33121681 8.00000000 20.00000000
v 22.62272835 8.00000000 21.00000000
v 22.53932571 8.00000000 22.00000000
v 22.52853584 8.00000000 23.00000000
v 22.30169296 8.00000000 24.00000000
v 22.41912842 8.00000000 25.00000000
v 22.31927299 8.00000000 26.00000000
v 22.41078186 8.00000000 27.00000000
v 22.27648163 8.00000000 28.00000000
v 22.57227135 8.00000000 29.00000000
v 22.59004974 8.00000000 30.00000000
v 22.55284309 8.00000000 31.00000000
v 22.19816589 8.00000000 32.00000000
v 22.17477226 8.00000000 33.00000000
v 22.22454453 8.00000000 34.00000000
v 22.22768021 8.00000000 35.00000000
v 22.21077347 8.00000000 36.00000000
v 22.61754799 8.00000000 37.00000000
v 22.43213844 8.00000000 38.00000000
v 22.47554588 8.00000000 39.00000000
v 22.40127373 8.00000000 40.00000000
v 22.42866516 8.00000000 41.00000000
v 22.37355423 8.00000000 42.00000000
v 22.41406250 8.00000000 43.00000000
v 22.08715820 8.00000000 44.00000000
v 22.27885818 9.00000000 0.00000000
v 22.59631920 9.00000000 1.00000000
v 23.00000000 8.77231979 1.00000000
v 23.00000000 8.49243927 0.00000000
v 23.00000000 9.00000000 1.16613317
v 22.42892075 9.00000000 13.00000000
v 23.00000000 9.00000000 13.45412922
v 23.00000000 8.74336624 14.00000000
v 23.00000000 8.09367752 18.00000000
v 23.00000000 8.20057583 19.00000000
v 23.00000000 8.94597435 20.00000000
v 23.00000000 8.69221973 21.00000000
v 23.00000000 8.59811497 22.00000000
v 23.00000000 8.71125126 23.00000000
v 22.88375664 9.00000000 24.00000000
v 23.00000000 9.00000000 23.71669197
v 22.72463799 9.00000000 25.00000000
v 22.79417038 9.00000000 26.00000000
v 23.00000000 9.00000000 26.91557503
v 23.00000000 8.97609901 27.00000000
v 22.95269775 9.00000000 28.00000000
v 23.00000000 9.00000000 27.25640488
v 22.91878700 9.00000000 29.00000000
v 22.97702217 9.00000000 30.00000000
v 23.00000000 9.00000000 30.13676453
v 23.00000000 8.77783203 31.00000000
v 22.92284393 9.00000000 32.00000000
v 23.00000000 9.00000000 31.73047638
v 22.92027855 9.00000000 33.00000000
v 22.73700142 9.00000000 34.00000000
v 23.00000000 9.00000000 34.91682434
v 23.00000000 8.96603584 35.00000000
v 23.00000000 8.87122059 36.00000000
v 23.00000000 8.86421204 37.00000000
v 23.00000000 8.83986950 38.00000000
v 23.00000000 8.93664360 39.00000000
v 22.91760063 9.00000000 40.00000000
v 23.00000000 9.00000000 39.36180115
v 22.86817741 9.00000000 41.00000000
v 22.64967346 9.00000000 42.00000000
v 22.52920723 9.00000000 43.00000000
v 22.33891487 9.00000000 44.00000000
v 22.05479622 9.00000000 45.00000000
v 23.00000000 10.00000000 1.35891414
v 22.34227943 10.00000000 13.00000000
v 23.00000000 10.00000000 13.61729050
v 23.00000000 9.30865192 24.00000000
v 23.00000000 9.62978363 25.00000000
v 22.99779892 10.00000000 26.00000000
v 23.00000000 10.00000000 25.98759651
v 23.00000000 9.43754768 27.00000000
v 22.98176765 10.00000000 27.00000000
v 23.00000000 9.22683620 28.00000000
v 23.00000000 10.00000000 27.11507797
v 23.00000000 9.85053730 29.00000000
v 23.00000000 9.08847046 30.00000000
v 23.00000000 9.20543385 32.00000000
v 23.00000000 9.35959816 33.00000000
v 23.00000000 9.39506817 34.00000000
v 23.00000000 9.37113762 40.00000000
v 23.00000000 9.45356274 41.00000000
v 23.00000000 9.61461258 42.00000000
v 22.85144615 10.00000000 43.00000000
v 23.00000000 10.00000000 42.73679352
v 22.45260048 10.00000000 44.00000000
v 23.00000000 11.00000000 1.31371844
v 23.00000000 10.94221020 13.00000000
v 23.00000000 11.00000000 12.97069073
v 23.00000000 10.00747490 26.00000000
v 22.99911880 11.00000000 27.00000000
v 23.00000000 11.00000000 26.99582100
v 23.00000000 11.00000000 27.00368500
v 22.73200417 11.00000000 43.00000000
v 23.00000000 11.00000000 42.67633438
v 22.75188255 11.00000000 44.00000000
v 22.22667122 11.00000000 45.00000000
v 23.00000000 12.00000000 1.34896934
v 23.00000000 11.27710533 13.00000000
v 22.71560287 12.00000000 13.00000000
v 23.00000000 12.00000000 13.28793335
v 23.00000000 11.00483990 27.00000000
v 23.00000000 11.52677727 43.00000000
v 23.00000000 11.66300201 44.00000000
v 22.30528450 12.00000000 45.00000000
v 23.00000000 12.00000000 44.16292191
v 23.00000000 12.85506821 2.00000000
v 22.84314156 13.00000000 2.00000000
v 23.00000000 13.00000000 2.17097640
v 22.49676704 13.00000000 13.00000000
v 23.00000000 13.00000000 13.38695621
v 22.79885483 13.00000000 45.00000000
v 23.00000000 13.00000000 44.71870422
v 23.00000000 13.37459850 0.00000000
v 23.00000000 14.00000000 0.28906581
v 22.61039925 14.00000000 2.00000000
v 23.00000000 14.00000000 2.08675885
v 23.00000000 14.00000000 13.76213264
v 22.62798691 14.00000000 45.00000000
v 23.00000000 14.00000000 44.62787628
v 23.00000000 15.00000000 0.25865361
v 22.92933464 15.00000000 2.00000000
v 23.00000000 15.00000000 2.01767612
v 22.27301025 15.00000000 13.00000000
v 23.00000000 15.00000000 13.75393581
v 22.56438065 15.00000000 43.00000000
v 23.00000000 15.00000000 42.33672714
v 23.00000000 14.40926743 43.00000000
v 23.00000000 15.00000000 43.98676682
v 22.58404160 15.00000000 45.00000000
v 23.00000000 15.00000000 44.01809692
v 23.00000000 16.00000000 0.16745859
v 23.00000000 16.00000000 1.89851904
v 22.79555130 16.00000000 2.00000000
v 23.00000000 15.10750771 2.00000000
v 23.00000000 16.00000000 13.94637012
v 22.84036827 16.00000000 43.00000000
v 23.00000000 16.00000000 42.65320969
v 23.00000000 15.06932640 44.00000000
v 22.79686356 16.00000000 44.00000000
v 22.35663795 16.00000000 45.00000000
v 23.00000000 17.00000000 0.15011981
v 23.00000000 16.15748596 2.00000000
v 23.00000000 16.60449219 3.00000000
v 22.21336365 17.00000000 3.00000000
v 23.00000000 17.00000000 3.34069800
v 22.18259430 17.00000000 13.00000000
v 23.00000000 17.00000000 13.88204479
v 22.88723564 17.00000000 43.00000000
v 23.00000000 17.00000000 42.61798477
v 22.84335327 17.00000000 44.00000000
v 22.35458183 17.00000000 45.00000000
v 23.00000000 18.00000000 0.20944241
v 23.00000000 17.85511398 3.00000000
v 22.66525459 18.00000000 3.00000000
v 23.00000000 18.00000000 2.89300752
v 22.93814278 18.00000000 4.00000000
v 23.00000000 17.95992851 4.00000000
v 23.00000000 18.00000000 3.67715049
v 23.00000000 18.00000000 4.04109192
v 22.39338493 18.00000000 12.00000000
v 22.34706306 18.00000000 13.00000000
v 23.00000000 18.00000000 13.54083729
v 22.53185463 18.00000000 43.00000000
v 23.00000000 18.00000000 42.45427322
v 23.00000000 19.00000000 0.22463019
v 23.00000000 18.16853333 3.00000000
v 22.61827469 19.00000000 4.00000000
v 23.00000000 19.00000000 3.79478669
v 22.76856232 18.29657936 3.65949702
v 23.00000000 18.27234840 4.00000000
v 22.02826118 19.00000000 12.00000000
v 23.00000000 19.00000000 12.23061943
v 23.00000000 18.51031685 13.00000000
v 22.02725983 19.00000000 43.00000000
v 23.00000000 19.00000000 42.25910950
v 22.09823990 19.00000000 45.00000000
v 23.00000000 20.00000000 0.03890529
v 23.00000000 19.27086449 4.00000000
v 23.00000000 20.00000000 4.32459593
v 23.00000000 20.00000000 11.77847195
v 22.15994263 20.00000000 12.00000000
v 23.00000000 19.53186798 12.00000000
v 22.51591301 20.00000000 43.00000000
v 23.00000000 20.00000000 42.23666763
v 23.00000000 20.58800316 0.00000000
v 23.00000000 20.58614922 5.00000000
v 22.26280022 21.00000000 6.00000000
v 23.00000000 21.00000000 5.45161533
v 23.00000000 20.83333588 10.00000000
v 23.00000000 21.00000000 9.81137562
v 23.00000000 20.79750061 11.00000000
v 22.89012337 21.00000000 43.00000000
v 23.00000000 21.00000000 42.75179672
v 22.28634453 21.00000000 44.00000000
v 22.08823395 21.00000000 45.00000000
v 23.00000000 21.36104584 0.00000000
v 23.00000000 22.00000000 0.04939177
v 22.82079887 22.00000000 0.00000000
v 23.00000000 22.00000000 5.81757021
v 22.70014763 22.00000000 8.00000000
v 23.00000000 22.00000000 9.44359493
v 22.02470016 22.00000000 11.00000000
v 22.95330048 22.00000000 26.00000000
v 23.00000000 22.00000000 25.92983818
v 23.00000000 21.88867569 26.00000000
v 23.00000000 22.00000000 26.06914520
v 22.74514008 22.00000000 42.00000000
v 23.00000000 22.00000000 41.74728394
v 23.00000000 21.48180580 42.00000000
v 22.36184120 22.00000000 43.00000000
v 22.43527222 22.00000000 44.00000000
v 22.00353432 22.00000000 45.00000000
v 23.00000000 23.00000000 0.02509122
v 22.85901260 23.00000000 0.00000000
v 23.00000000 23.00000000 5.45737123
v 23.00000000 22.87163162 7.00000000
v 23.00000000 23.00000000 6.80005550
v 23.00000000 22.56665421 8.00000000
v 22.85512161 23.00000000 9.00000000
v 23.00000000 23.00000000 8.66218376
v 23.00000000 23.00000000 9.10079670
v 23.00000000 23.00000000 22.82153511
v 23.00000000 22.89854240 23.00000000
v 23.00000000 23.00000000 23.37907791
v 22.54450417 23.00000000 25.00000000
v 23.00000000 23.00000000 24.19954491
v 23.00000000 22.60910988 25.00000000
v 22.76333427 23.00000000 26.00000000
v 23.00000000 23.00000000 26.24469566
v 22.78908730 23.00000000 42.00000000
v 23.00000000 23.00000000 41.41231918
v 22.29034615 23.00000000 43.00000000
v 22.39495277 23.00000000 44.00000000
v 22.16578865 23.00000000 45.00000000
v 23.00000000 23.38154030 0.00000000
v 23.00000000 24.00000000 5.68153524
v 23.00000000 23.14450073 7.00000000
v 22.35917091 24.00000000 7.00000000
v 23.00000000 23.25645828 8.00000000
v 22.54972267 24.00000000 8.00000000
v 23.00000000 24.00000000 9.49196911
v 23.00000000 24.00000000 22.18469810
v 23.00000000 23.11229324 24.00000000
v 22.19570351 24.00000000 26.00000000
v 23.00000000 24.00000000 26.81976509
v 22.75749397 24.00000000 42.00000000
v 23.00000000 24.00000000 41.42150497
v 22.37701416 24.00000000 43.00000000
v 22.81637001 25.00000000 6.00000000
v 23.00000000 25.00000000 5.89547110
v 22.02313423 25.00000000 7.00000000
v 23.00000000 25.00000000 9.59668922
v 23.00000000 24.52298164 23.00000000
v 23.00000000 24.80092621 24.00000000
v 22.98585320 25.00000000 25.00000000
v 23.00000000 25.00000000 24.96313667
v 23.00000000 25.00000000 25.35412025
v 23.00000000 24.97941589 26.00000000
v 23.00000000 24.93411064 42.00000000
v 22.99319077 25.00000000 43.00000000
v 23.00000000 25.00000000 42.77621460
v 22.76003838 25.00000000 44.00000000
v 22.30576897 25.00000000 45.00000000
v 22.64535141 26.00000000 6.00000000
v 23.00000000 25.43755722 6.00000000
v 23.00000000 26.00000000 6.35714054
v 23.00000000 26.00000000 9.56888199
v 22.71875191 26.00000000 23.00000000
v 23.00000000 26.00000000 22.90101051
v 23.00000000 25.89831924 23.00000000
v 23.00000000 26.00000000 23.26770973
v 22.28923988 26.00000000 25.00000000
v 23.00000000 26.00000000 24.31462288
v 23.00000000 26.00000000 25.35449409
v 23.00000000 25.04221916 43.00000000
v 22.48345184 26.00000000 44.00000000
v 23.00000000 26.00000000 43.18370819
v 23.00000000 27.00000000 5.60698080
v 23.00000000 26.28071404 6.00000000
v 23.00000000 26.91632843 10.00000000
v 23.00000000 27.00000000 10.13316441
v 23.00000000 26.34797096 23.00000000
v 22.79472351 27.00000000 25.00000000
v 23.00000000 27.00000000 24.51244545
v 23.00000000 27.00000000 25.44370461
v 22.88302422 27.00000000 27.00000000
v 23.00000000 27.00000000 26.56706238
v 23.00000000 26.73870659 27.00000000
v 23.00000000 27.00000000 27.17532921
v 22.58453178 27.00000000 43.00000000
v 23.00000000 27.00000000 42.58184052
v 23.00000000 26.24041748 43.00000000
v 22.51485825 27.00000000 44.00000000
v 22.21110725 27.00000000 45.00000000
v 23.00000000 28.00000000 5.19895411
v 23.00000000 27.47298431 11.00000000
v 23.00000000 27.28976059 12.00000000
v 22.47942924 28.00000000 12.00000000
v 23.00000000 28.00000000 12.33415985
v 22.83642769 28.00000000 22.00000000
v 23.00000000 28.00000000 21.67794800
v 23.00000000 27.54528999 22.00000000
v 23.00000000 27.20283890 23.00000000
v 22.17170334 28.00000000 23.00000000
v 23.00000000 27.34935951 24.00000000
v 22.62020874 28.00000000 24.00000000
v 22.37872314 28.00000000 25.00000000
v 23.00000000 28.00000000 25.95539856
v 23.00000000 27.63732910 27.00000000
v 23.00000000 27.56200790 43.00000000
v 22.98233795 28.00000000 44.00000000
v 23.00000000 28.00000000 43.96548843
v 22.86119461 29.00000000 3.00000000
v 23.00000000 29.00000000 2.95847249
v 23.00000000 28.95016861 3.00000000
v 23.00000000 28.89951134 4.00000000
v 22.90988731 29.00000000 4.00000000
v 23.00000000 28.14467621 5.00000000
v 22.54591751 29.00000000 12.00000000
v 23.00000000 29.00000000 12.07125568
v 22.92639732 29.00000000 21.00000000
v 23.00000000 29.00000000 20.86141014
v 23.00000000 28.82285309 21.00000000
v 23.00000000 28.58667183 22.00000000
v 23.00000000 29.00000000 21.39145088
v 23.00000000 28.47457886 23.00000000
v 23.00000000 28.63866043 24.00000000
v 22.99858856 29.00000000 25.00000000
v 23.00000000 29.00000000 24.99275208
v 23.00000000 29.00000000 25.01607895
v 23.00000000 28.01310349 44.00000000
v 22.67344856 29.00000000 45.00000000
v 23.00000000 29.00000000 44.76694107
v 22.31539917 30.00000000 3.00000000
v 23.00000000 30.00000000 2.70979667
v 22.52883911 30.00000000 12.00000000
v 23.00000000 30.00000000 11.86292553
v 23.00000000 29.26388550 12.00000000
v 23.00000000 29.07106018 21.00000000
v 22.78997993 30.00000000 25.00000000
v 23.00000000 30.00000000 24.78859520
v 23.00000000 30.00000000 25.29460716
v 23.00000000 29.90941620 45.00000000
v 23.00000000 30.00000000 45.01641083
v 23.00000000 31.00000000 2.20770502
v 23.00000000 30.21349716 12.00000000
v 23.00000000 31.00000000 12.40167618
v 22.96855545 31.00000000 23.00000000
v 23.00000000 31.00000000 22.82973862
v 23.00000000 30.35172844 23.00000000
v 23.00000000 31.00000000 23.07374001
v 23.00000000 30.54051018 25.00000000
v 22.98216248 31.00000000 27.00000000
v 23.00000000 31.00000000 26.93929100
v 23.00000000 30.91477394 27.00000000
v 23.00000000 31.00000000 27.02735138
v 22.87156677 31.00000000 43.00000000
v 23.00000000 31.00000000 42.78978348
v 23.00000000 30.83114433 43.00000000
v 23.00000000 31.00000000 43.29890823
v 22.58661842 31.00000000 45.00000000
v 23.00000000 31.00000000 44.45174026
v 23.00000000 30.04045677 45.00000000
v 23.00000000 32.00000000 2.20796919
v 23.00000000 32.00000000 12.74191761
v 23.00000000 31.15283585 23.00000000
v 22.91090202 32.00000000 25.00000000
v 23.00000000 32.00000000 24.31553650
v 23.00000000 31.48740959 25.00000000
v 23.00000000 32.00000000 25.15682983
v 23.00000000 31.05294800 27.00000000
v 23.00000000 31.30901909 43.00000000
v 22.55414009 32.00000000 45.00000000
v 23.00000000 32.00000000 44.55923080
v 23.00000000 33.00000000 2.18939686
v 23.00000000 33.00000000 12.69697094
v 23.00000000 32.13830566 25.00000000
v 22.58006668 33.00000000 45.00000000
v 23.00000000 33.00000000 44.33984375
v 22.75572586 34.00000000 2.00000000
v 23.00000000 34.00000000 1.89533901
v 23.00000000 33.71913528 2.00000000
v 23.00000000 33.70629120 13.00000000
v 22.79380608 34.00000000 13.00000000
v 23.00000000 34.00000000 13.13127518
v 22.09223366 34.00000000 44.00000000
v 23.00000000 34.00000000 43.21878052
v 23.00000000 33.26083755 44.00000000
v 23.00000000 35.00000000 1.69418478
v 23.00000000 34.15452576 13.00000000
v 23.00000000 35.00000000 12.56401920
v 22.65564919 35.00000000 43.00000000
v 23.00000000 35.00000000 42.61821365
v 23.00000000 34.35327148 43.00000000
v 22.06944084 35.00000000 45.00000000
v 22.07145119 36.00000000 2.00000000
v 23.00000000 36.00000000 1.69954002
v 23.00000000 36.00000000 12.58263302
v 23.00000000 35.61370087 43.00000000
v 22.82384109 36.00000000 44.00000000
v 23.00000000 36.00000000 43.70820618
v 23.00000000 37.00000000 1.93244338
v 23.00000000 37.00000000 12.74774456
v 23.00000000 36.61029816 44.00000000
v 22.09087944 37.00000000 45.00000000
v 23.00000000 37.00000000 44.08238983
v 23.00000000 38.00000000 1.67979562
v 23.00000000 38.00000000 12.98530102
v 22.94127464 38.00000000 30.00000000
v 23.00000000 38.00000000 29.79234695
v 23.00000000 37.93404007 30.00000000
v 23.00000000 37.99746704 31.00000000
v 22.99777603 38.00000000 31.00000000
v 23.00000000 37.78332138 32.00000000
v 22.82661819 38.00000000 32.00000000
v 23.00000000 37.99456024 33.00000000
v 22.99516106 38.00000000 33.00000000
v 23.00000000 37.97157669 34.00000000
v 22.97675323 38.00000000 34.00000000
v 23.00000000 37.55245209 35.00000000
v 22.62068748 38.00000000 35.00000000
v 23.00000000 38.00000000 35.92314529
v 22.72617149 38.00000000 37.00000000
v 23.00000000 38.00000000 36.13683701
v 23.00000000 37.63230133 37.00000000
v 23.00000000 37.81771851 38.00000000
v 22.84563255 38.00000000 38.00000000
v 23.00000000 37.88827133 39.00000000
v 22.92098808 38.00000000 39.00000000
v 23.00000000 38.00000000 39.14281082
v 22.86769104 38.00000000 42.00000000
v 23.00000000 38.00000000 41.67411423
v 23.00000000 37.82486343 42.00000000
v 23.00000000 37.68960190 43.00000000
v 22.82033539 38.00000000 43.00000000
v 23.00000000 37.14577103 44.00000000
v 22.32772636 39.00000000 0.00000000
v 23.00000000 39.00000000 1.40923536
v 23.00000000 39.00000000 12.79279709
v 22.98055649 39.00000000 21.00000000
v 23.00000000 39.00000000 20.83392334
v 23.00000000 38.92550278 21.00000000
v 23.00000000 39.00000000 21.04336166
v 22.98366165 39.00000000 25.00000000
v 23.00000000 39.00000000 24.98048973
v 23.00000000 38.97480774 25.00000000
v 23.00000000 39.00000000 25.18729401
v 22.76803017 39.00000000 27.00000000
v 23.00000000 39.00000000 26.15703392
v 23.00000000 38.46978760 27.00000000
v 23.00000000 39.00000000 27.55952072
v 22.95964050 39.00000000 29.00000000
v 23.00000000 39.00000000 28.92233086
v 23.00000000 38.91767502 29.00000000
v 22.57529831 39.00000000 30.00000000
v 22.19700623 39.00000000 31.00000000
v 22.57429314 39.00000000 32.00000000
v 22.25885010 39.00000000 35.00000000
v 23.00000000 38.03956604 36.00000000
v 22.05993652 39.00000000 36.00000000
v 22.31690216 39.00000000 38.00000000
v 22.27396584 39.00000000 39.00000000
v 23.00000000 38.98619080 40.00000000
v 22.99351692 39.00000000 40.00000000
v 23.00000000 38.50024414 41.00000000
v 22.70814705 39.00000000 41.00000000
v 22.57964516 39.00000000 42.00000000
v 22.35460091 39.00000000 43.00000000
v 22.15137672 39.00000000 44.00000000
v 23.00000000 39.32329178 0.00000000
v 23.00000000 40.00000000 0.17227168
v 23.00000000 40.00000000 1.40543818
v 23.00000000 39.64428329 13.00000000
v 22.74851990 40.00000000 13.00000000
v 23.00000000 40.00000000 13.27631950
v 22.97885132 40.00000000 18.00000000
v 23.00000000 40.00000000 17.95527077
v 23.00000000 39.92987061 18.00000000
v 23.00000000 39.34997559 19.00000000
v 22.86393166 40.00000000 19.00000000
v 23.00000000 39.19168472 20.00000000
v 22.65129280 40.00000000 20.00000000
v 22.82056999 40.00000000 21.00000000
v 23.00000000 39.83730316 22.00000000
v 22.86949921 40.00000000 22.00000000
v 23.00000000 39.33134079 23.00000000
v 22.79498100 40.00000000 23.00000000
v 23.00000000 39.45888519 24.00000000
v 22.51487541 40.00000000 24.00000000
v 22.32275391 40.00000000 25.00000000
v 23.00000000 39.08629227 26.00000000
v 22.31042671 40.00000000 26.00000000
v 22.23377037 40.00000000 27.00000000
v 23.00000000 39.22437286 28.00000000
v 22.27150726 40.00000000 28.00000000
v 22.11840057 40.00000000 29.00000000
v 22.06335831 40.00000000 40.00000000
v 22.15354729 40.00000000 41.00000000
v 22.08791161 40.00000000 42.00000000
v 22.07340050 40.00000000 43.00000000
v 22.66196251 41.00000000 1.00000000
v 23.00000000 41.00000000 0.80232847
v 23.00000000 41.00000000 1.15651762
v 23.00000000 41.00000000 13.88678265
v 22.28378296 41.00000000 18.00000000
v 23.00000000 41.00000000 17.67477417
v 22.61960411 41.00000000 19.00000000
v 22.61215210 41.00000000 20.00000000
v 22.24422646 41.00000000 21.00000000
v 22.41967010 41.00000000 22.00000000
v 22.61769867 41.00000000 23.00000000
v 22.40843582 41.00000000 24.00000000
v 22.05084229 41.00000000 25.00000000
v 22.14019775 41.00000000 27.00000000
v 23.00000000 41.13270187 1.00000000
v 23.00000000 41.06134796 14.00000000
v 23.00000000 41.39556122 15.00000000
v 23.00000000 41.60011673 16.00000000
v 22.08780479 42.00000000 16.00000000
v 23.00000000 41.57379150 17.00000000
v 23.13795853 6.00000000 16.00000000
v 23.08062172 7.00000000 14.00000000
v 23.34651756 7.00000000 16.00000000
v 23.27741051 7.00000000 17.00000000
v 24.00000000 7.97025728 0.00000000
v 23.96750069 8.00000000 0.00000000
v 24.00000000 8.00000000 0.22638364
v 23.30033684 8.00000000 15.00000000
v 23.47740746 8.00000000 16.00000000
v 23.20461273 8.00000000 17.00000000
v 24.00000000 8.08176994 1.00000000
v 24.00000000 9.00000000 1.38597274
v 23.23596954 9.00000000 14.00000000
v 23.72278023 9.00000000 15.00000000
v 23.93683624 9.00000000 16.00000000
v 24.00000000 9.00000000 16.57308960
v 24.00000000 8.93746853 17.00000000
v 23.50231552 9.00000000 18.00000000
v 24.00000000 9.00000000 17.06093216
v 23.39891243 9.00000000 19.00000000
v 23.04411316 9.00000000 20.00000000
v 23.15133476 9.00000000 21.00000000
v 23.22883415 9.00000000 22.00000000
v 23.14891434 9.00000000 23.00000000
v 23.00830841 9.00000000 27.00000000
v 23.09609604 9.00000000 31.00000000
v 23.01633263 9.00000000 35.00000000
v 23.06458473 9.00000000 36.00000000
v 23.04254150 9.00000000 37.00000000
v 23.07673454 9.00000000 38.00000000
v 23.02857399 9.00000000 39.00000000
v 24.00000000 10.00000000 1.66257215
v 23.65590286 10.00000000 14.00000000
v 24.00000000 10.00000000 14.88691235
v 24.00000000 9.91011333 15.00000000
v 24.00000000 9.59856796 16.00000000
v 24.00000000 9.85896683 18.00000000
v 23.50649643 10.00000000 19.00000000
v 24.00000000 10.00000000 18.14879608
v 23.44912148 10.00000000 20.00000000
v 23.33193588 10.00000000 21.00000000
v 23.56127739 10.00000000 22.00000000
v 23.43738747 10.00000000 23.00000000
v 23.19651031 10.00000000 24.00000000
v 23.10464287 10.00000000 25.00000000
v 23.11477852 10.00000000 28.00000000
v 23.01304245 10.00000000 29.00000000
v 23.22181702 10.00000000 30.00000000
v 23.23390770 10.00000000 31.00000000
v 23.17920113 10.00000000 32.00000000
v 23.08212280 10.00000000 33.00000000
v 23.28436470 10.00000000 34.00000000
v 23.27223015 10.00000000 35.00000000
v 23.49135971 10.00000000 36.00000000
v 23.35849571 10.00000000 37.00000000
v 23.40468407 10.00000000 38.00000000
v 23.32314682 10.00000000 39.00000000
v 23.12517738 10.00000000 40.00000000
v 23.10268593 10.00000000 41.00000000
v 23.17002678 10.00000000 42.00000000
v 24.00000000 11.00000000 1.65280771
v 23.04574585 11.00000000 13.00000000
v 23.79675293 11.00000000 14.00000000
v 24.00000000 11.00000000 14.47165108
v 24.00000000 10.66602707 19.00000000
v 23.94233131 11.00000000 20.00000000
v 24.00000000 11.00000000 19.84471321
v 23.88577461 11.00000000 21.00000000
v 23.82293701 11.00000000 22.00000000
v 23.61299706 11.00000000 23.00000000
v 23.51871681 11.00000000 24.00000000
v 23.23091316 11.00000000 25.00000000
v 23.22575569 11.00000000 26.00000000
v 23.22328758 11.00000000 28.00000000
v 23.25646591 11.00000000 29.00000000
v 23.44447899 11.00000000 30.00000000
v 23.21208000 11.00000000 31.00000000
v 23.32761002 11.00000000 32.00000000
v 23.36528778 11.00000000 33.00000000
v 23.48338318 11.00000000 34.00000000
v 23.44636536 11.00000000 35.00000000
v 23.50143051 11.00000000 36.00000000
v 23.67287254 11.00000000 37.00000000
v 23.56693840 11.00000000 38.00000000
v 23.49338913 11.00000000 39.00000000
v 23.40809441 11.00000000 40.00000000
v 23.24910545 11.00000000 41.00000000
v 23.31192780 11.00000000 42.00000000
v 24.00000000 12.00000000 1.73019040
v 23.66260910 12.00000000 14.00000000
v 24.00000000 12.00000000 14.66723728
v 24.00000000 11.99167156 20.00000000
v 24.00000000 11.96566105 21.00000000
v 23.88388634 12.00000000 22.00000000
v 24.00000000 12.00000000 21.03186035
v 23.70940971 12.00000000 23.00000000
v 23.57982445 12.00000000 24.00000000
v 23.25769615 12.00000000 25.00000000
v 23.16382790 12.00000000 26.00000000
v 23.17815590 12.00000000 27.00000000
v 23.30179977 12.00000000 28.00000000
v 23.32001305 12.00000000 29.00000000
v 23.40917206 12.00000000 30.00000000
v 23.38356972 12.00000000 31.00000000
v 23.33543396 12.00000000 32.00000000
v 23.40598488 12.00000000 33.00000000
v 23.48048973 12.00000000 34.00000000
v 23.55500412 12.00000000 35.00000000
v 23.59740639 12.00000000 36.00000000
v 23.73827744 12.00000000 37.00000000
v 23.65706825 12.00000000 38.00000000
v 23.60508919 12.00000000 39.00000000
v 23.50840187 12.00000000 40.00000000
v 23.25445557 12.00000000 41.00000000
v 23.39669800 12.00000000 42.00000000
v 23.13340759 12.00000000 43.00000000
v 23.05837440 12.00000000 44.00000000
v 24.00000000 12.89943123 0.00000000
v 24.00000000 13.00000000 0.03154504
v 23.78068161 13.00000000 0.00000000
v 23.46422195 13.00000000 2.00000000
v 24.00000000 13.00000000 1.88437915
v 23.65839767 13.00000000 14.00000000
v 24.00000000 13.00000000 14.72998810
v 23.84987068 13.00000000 22.00000000
v 24.00000000 13.00000000 21.06222153
v 23.77911568 13.00000000 23.00000000
v 23.74191093 13.00000000 24.00000000
v 23.38535690 13.00000000 25.00000000
v 23.17009926 13.00000000 26.00000000
v 23.26373482 13.00000000 27.00000000
v 23.30787468 13.00000000 28.00000000
v 23.47604942 13.00000000 29.00000000
v 23.49494362 13.00000000 30.00000000
v 23.49848366 13.00000000 31.00000000
v 23.53931808 13.00000000 32.00000000
v 23.50892830 13.00000000 33.00000000
v 23.69880676 13.00000000 34.00000000
v 23.58862686 13.00000000 35.00000000
v 23.65828514 13.00000000 36.00000000
v 23.69827080 13.00000000 37.00000000
v 23.68637276 13.00000000 38.00000000
v 23.62334633 13.00000000 39.00000000
v 23.69749832 13.00000000 40.00000000
v 23.32492256 13.00000000 41.00000000
v 23.31568336 13.00000000 42.00000000
v 23.22813988 13.00000000 43.00000000
v 23.24388885 13.00000000 44.00000000
v 24.00000000 14.00000000 0.04874439
v 24.00000000 13.63789845 2.00000000
v 24.00000000 14.00000000 2.11846995
v 23.18622780 14.00000000 14.00000000
v 24.00000000 13.36971855 15.00000000
v 23.88069344 14.00000000 15.00000000
v 24.00000000 14.00000000 15.23809910
v 23.76237106 14.00000000 21.00000000
v 24.00000000 14.00000000 20.02674484
v 24.00000000 13.03897285 21.00000000
v 23.75540924 14.00000000 22.00000000
v 23.64531136 14.00000000 23.00000000
v 23.74301910 14.00000000 24.00000000
v 23.31066132 14.00000000 25.00000000
v 23.22795677 14.00000000 26.00000000
v 23.22010231 14.00000000 27.00000000
v 23.36459351 14.00000000 28.00000000
v 23.34477043 14.00000000 29.00000000
v 23.52132225 14.00000000 30.00000000
v 23.49555206 14.00000000 31.00000000
v 23.60118294 14.00000000 32.00000000
v 23.53309822 14.00000000 33.00000000
v 23.71288681 14.00000000 34.00000000
v 23.59526634 14.00000000 35.00000000
v 23.92704391 14.00000000 36.00000000
v 23.70392418 14.00000000 37.00000000
v 23.75940132 14.00000000 38.00000000
v 23.62789917 14.00000000 39.00000000
v 23.68358421 14.00000000 40.00000000
v 23.42263412 14.00000000 41.00000000
v 23.30426598 14.00000000 42.00000000
v 23.19938469 14.00000000 43.00000000
v 23.26991272 14.00000000 44.00000000
v 24.00000000 15.00000000 0.25648206
v 23.22476959 15.00000000 2.00000000
v 24.00000000 15.00000000 1.94947171
v 24.00000000 14.68333435 2.00000000
v 23.20265770 15.00000000 14.00000000
v 23.62626266 15.00000000 15.00000000
v 24.00000000 14.94188404 16.00000000
v 23.97591019 15.00000000 16.00000000
v 24.00000000 15.00000000 16.09090424
v 23.87784386 15.00000000 19.00000000
v 24.00000000 15.00000000 18.62767982
v 24.00000000 14.01879978 19.00000000
v 24.00000000 14.02905083 20.00000000
v 23.77754784 15.00000000 20.00000000
v 23.68319702 15.00000000 21.00000000
v 23.77742004 15.00000000 22.00000000
v 23.67544746 15.00000000 23.00000000
v 23.70465088 15.00000000 24.00000000
v 23.21138191 15.00000000 25.00000000
v 23.20234871 15.00000000 26.00000000
v 23.09966660 15.00000000 27.00000000
v 23.31725693 15.00000000 28.00000000
v 23.42920303 15.00000000 29.00000000
v 23.63294983 15.00000000 30.00000000
v 23.54923820 15.00000000 31.00000000
v 23.67442703 15.00000000 32.00000000
v 23.65541840 15.00000000 33.00000000
v 23.74130440 15.00000000 34.00000000
v 23.68071365 15.00000000 35.00000000
v 23.73369026 15.00000000 36.00000000
v 23.79110718 15.00000000 37.00000000
v 23.83090973 15.00000000 38.00000000
v 23.59694862 15.00000000 39.00000000
v 23.63163376 15.00000000 40.00000000
v 23.35712051 15.00000000 41.00000000
v 23.19317818 15.00000000 42.00000000
v 23.00637817 15.00000000 44.00000000
v 24.00000000 16.00000000 0.03638241
v 23.31619072 16.00000000 2.00000000
v 24.00000000 15.16114902 2.00000000
v 24.00000000 16.00000000 2.26765370
v 23.05201912 16.00000000 14.00000000
v 23.69950104 16.00000000 15.00000000
v 24.00000000 16.00000000 15.56390667
v 24.00000000 15.10287857 16.00000000
v 23.91847992 16.00000000 19.00000000
v 24.00000000 16.00000000 18.80018234
v 24.00000000 16.00000000 19.78348732
v 24.00000000 15.92296696 20.00000000
v 23.45500374 16.00000000 21.00000000
v 24.00000000 16.00000000 20.03431320
v 23.45492172 16.00000000 22.00000000
v 23.46635246 16.00000000 23.00000000
v 23.40055275 16.00000000 24.00000000
v 23.14136696 16.00000000 25.00000000
v 23.13126755 16.00000000 26.00000000
v 23.12930107 16.00000000 27.00000000
v 23.24820518 16.00000000 28.00000000
v 23.37246132 16.00000000 29.00000000
v 23.45385551 16.00000000 30.00000000
v 23.53735542 16.00000000 31.00000000
v 23.73493004 16.00000000 32.00000000
v 23.92142487 16.00000000 33.00000000
v 23.87915611 16.00000000 34.00000000
v 23.84906960 16.00000000 35.00000000
v 23.90796471 16.00000000 36.00000000
v 23.87794876 16.00000000 37.00000000
v 23.81793594 16.00000000 38.00000000
v 23.67239189 16.00000000 39.00000000
v 23.69594955 16.00000000 40.00000000
v 23.28199387 16.00000000 41.00000000
v 23.15493011 16.00000000 42.00000000
v 24.00000000 17.00000000 0.19514412
v 24.00000000 17.00000000 2.16631985
v 23.44768143 17.00000000 3.00000000
v 23.11479759 17.00000000 14.00000000
v 24.00000000 17.00000000 14.89111519
v 24.00000000 16.78091240 15.00000000
v 24.00000000 16.47556114 19.00000000
v 24.00000000 16.64937401 20.00000000
v 23.98256493 17.00000000 20.00000000
v 24.00000000 17.00000000 19.88082123
v 23.42196465 17.00000000 21.00000000
v 23.53268433 17.00000000 22.00000000
v 23.56195068 17.00000000 23.00000000
v 23.59351921 17.00000000 24.00000000
v 23.32324791 17.00000000 25.00000000
v 23.05430984 17.00000000 26.00000000
v 23.28474236 17.00000000 27.00000000
v 23.38786697 17.00000000 28.00000000
v 23.36614037 17.00000000 29.00000000
v 23.52851105 17.00000000 30.00000000
v 23.62974930 17.00000000 31.00000000
v 23.70557213 17.00000000 32.00000000
v 23.71297646 17.00000000 33.00000000
v 23.83849525 17.00000000 34.00000000
v 23.97941017 17.00000000 35.00000000
v 23.90321922 17.00000000 36.00000000
v 23.80654716 17.00000000 37.00000000
v 23.80811501 17.00000000 38.00000000
v 23.68345261 17.00000000 39.00000000
v 23.66494370 17.00000000 40.00000000
v 23.45791054 17.00000000 41.00000000
v 23.11930656 17.00000000 42.00000000
v 24.00000000 18.00000000 0.10330009
v 24.00000000 18.00000000 2.53866601
v 23.04631805 18.00000000 4.00000000
v 23.76036072 18.00000000 14.00000000
v 24.00000000 18.00000000 14.78342056
v 23.97579002 18.00000000 17.00000000
v 24.00000000 18.00000000 16.95392799
v 24.00000000 17.93387222 17.00000000
v 24.00000000 18.00000000 17.24560165
v 23.68185616 18.00000000 19.00000000
v 24.00000000 18.00000000 18.16466331
v 24.00000000 17.20580101 19.00000000
v 23.86982727 18.00000000 20.00000000
v 23.32571793 18.00000000 21.00000000
v 23.35416222 18.00000000 22.00000000
v 23.48938179 18.00000000 23.00000000
v 23.55408096 18.00000000 24.00000000
v 23.40306664 18.00000000 25.00000000
v 23.31300926 18.00000000 26.00000000
v 23.15114212 18.00000000 27.00000000
v 23.37713051 18.00000000 28.00000000
v 23.26313019 18.00000000 29.00000000
v 23.44543648 18.00000000 30.00000000
v 23.67588234 18.00000000 31.00000000
v 23.79342079 18.00000000 32.00000000
v 23.76347542 18.00000000 33.00000000
v 23.80375290 18.00000000 34.00000000
v 23.75166321 18.00000000 35.00000000
v 23.88744164 18.00000000 36.00000000
v 23.68956757 18.00000000 37.00000000
v 23.74551010 18.00000000 38.00000000
v 23.69170380 18.00000000 39.00000000
v 23.58283615 18.00000000 40.00000000
v 23.28721237 18.00000000 41.00000000
v 23.17346573 18.00000000 42.00000000
v 24.00000000 19.00000000 0.15185444
v 23.56554222 19.00000000 3.00000000
v 24.00000000 19.00000000 2.63528490
v 23.55326080 19.00000000 13.00000000
v 24.00000000 19.00000000 13.71311855
v 24.00000000 18.46190834 14.00000000
v 24.00000000 18.05027199 17.00000000
v 23.95720100 19.00000000 19.00000000
v 24.00000000 19.00000000 18.92348099
v 23.69443130 19.00000000 20.00000000
v 23.53527260 19.00000000 21.00000000
v 23.62520409 19.00000000 22.00000000
v 23.28640938 19.00000000 23.00000000
v 23.53549576 19.00000000 24.00000000
v 23.31919479 19.00000000 25.00000000
v 23.35116577 19.00000000 26.00000000
v 23.15518188 19.00000000 27.00000000
v 23.30780983 19.00000000 28.00000000
v 23.51564980 19.00000000 29.00000000
v 23.53990555 19.00000000 30.00000000
v 23.74511719 19.00000000 31.00000000
v 23.68846130 19.00000000 32.00000000
v 23.71604538 19.00000000 33.00000000
v 23.67274094 19.00000000 34.00000000
v 23.78742599 19.00000000 35.00000000
v 23.69292641 19.00000000 36.00000000
v 23.76874733 19.00000000 37.00000000
v 23.83761215 19.00000000 38.00000000
v 23.67260742 19.00000000 39.00000000
v 23.52634430 19.00000000 40.00000000
v 23.23649788 19.00000000 41.00000000
v 23.19179153 19.00000000 42.00000000
v 24.00000000 20.00000000 0.07021371
v 24.00000000 19.72545242 3.00000000
v 24.00000000 19.73637772 4.00000000
v 24.00000000 20.00000000 4.16811800
v 23.14765358 20.00000000 12.00000000
v 23.34150696 20.00000000 13.00000000
v 24.00000000 20.00000000 13.79597569
v 23.82157326 20.00000000 19.00000000
v 24.00000000 20.00000000 18.59759331
v 24.00000000 20.00000000 19.89993286
v 24.00000000 19.93116379 20.00000000
v 23.55188179 20.00000000 21.00000000
v 24.00000000 20.00000000 20.04433632
v 23.44714928 20.00000000 22.00000000
v 23.07619667 20.00000000 23.00000000
v 23.46099663 20.00000000 24.00000000
v 23.36359406 20.00000000 25.00000000
v 23.34416199 20.00000000 26.00000000
v 23.34188843 20.00000000 27.00000000
v 23.45044708 20.00000000 28.00000000
v 23.59996033 20.00000000 29.00000000
v 23.64724922 20.00000000 30.00000000
v 23.61186028 20.00000000 31.00000000
v 23.74807167 20.00000000 32.00000000
v 23.68486023 20.00000000 33.00000000
v 23.67987251 20.00000000 34.00000000
v 23.72295952 20.00000000 35.00000000
v 23.74458694 20.00000000 36.00000000
v 23.74351501 20.00000000 37.00000000
v 23.79355431 20.00000000 38.00000000
v 23.62628365 20.00000000 39.00000000
v 23.49316025 20.00000000 40.00000000
v 23.11474419 20.00000000 41.00000000
v 23.08253860 20.00000000 42.00000000
v 24.00000000 21.00000000 0.06164908
v 23.27028656 21.00000000 0.00000000
v 24.00000000 20.83204842 5.00000000
v 24.00000000 21.00000000 5.11632919
v 23.17808342 21.00000000 10.00000000
v 23.18267059 21.00000000 11.00000000
v 23.43650436 21.00000000 12.00000000
v 23.69304276 21.00000000 13.00000000
v 24.00000000 21.00000000 13.54538822
v 24.00000000 20.66779137 19.00000000
v 23.69640923 21.00000000 21.00000000
v 24.00000000 21.00000000 20.24759674
v 23.53693771 21.00000000 22.00000000
v 23.41997147 21.00000000 23.00000000
v 23.65479660 21.00000000 24.00000000
v 23.41883659 21.00000000 25.00000000
v 23.33509636 21.00000000 26.00000000
v 23.48530960 21.00000000 27.00000000
v 23.59248161 21.00000000 28.00000000
v 23.74942207 21.00000000 29.00000000
v 23.77079391 21.00000000 30.00000000
v 23.77584648 21.00000000 31.00000000
v 23.96107674 21.00000000 32.00000000
v 24.00000000 21.00000000 32.62334061
v 24.00000000 20.92832947 33.00000000
v 24.00000000 20.84597397 34.00000000
v 23.88312721 21.00000000 35.00000000
v 24.00000000 21.00000000 34.30476761
v 23.79682350 21.00000000 36.00000000
v 23.88651848 21.00000000 37.00000000
v 23.92542267 21.00000000 38.00000000
v 23.75774765 21.00000000 39.00000000
v 23.71121979 21.00000000 40.00000000
v 23.18519020 21.00000000 41.00000000
v 23.15851212 21.00000000 42.00000000
v 24.00000000 22.00000000 0.04657560
v 23.71166420 22.00000000 5.00000000
v 24.00000000 22.00000000 4.41202068
v 24.00000000 21.45079994 5.00000000
v 23.21256828 22.00000000 10.00000000
v 23.28741455 22.00000000 11.00000000
v 23.67131615 22.00000000 12.00000000
v 23.47272301 22.00000000 13.00000000
v 24.00000000 22.00000000 13.86840820
v 23.99403763 22.00000000 19.00000000
v 24.00000000 22.00000000 18.96605301
v 24.00000000 21.95470428 19.00000000
v 24.00000000 21.61435890 20.00000000
v 23.95977592 22.00000000 20.00000000
v 23.57442474 22.00000000 21.00000000
v 23.27849960 22.00000000 22.00000000
v 23.30999947 22.00000000 23.00000000
v 23.35376549 22.00000000 24.00000000
v 23.33677864 22.00000000 25.00000000
v 23.40648460 22.00000000 27.00000000
v 23.78984833 22.00000000 28.00000000
v 23.61945915 22.00000000 29.00000000
v 23.96417809 22.00000000 30.00000000
v 23.73127365 22.00000000 31.00000000
v 24.00000000 22.00000000 31.86110115
v 24.00000000 21.42329025 32.00000000
v 24.00000000 22.00000000 32.21271515
v 23.83315277 22.00000000 33.00000000
v 24.00000000 21.10700798 33.00000000
v 24.00000000 21.30058670 34.00000000
v 23.83889008 22.00000000 34.00000000
v 23.74616623 22.00000000 35.00000000
v 23.90558815 22.00000000 36.00000000
v 23.62887573 22.00000000 37.00000000
v 23.78149605 22.00000000 38.00000000
v 23.60350609 22.00000000 39.00000000
v 23.58076096 22.00000000 40.00000000
v 23.29370308 22.00000000 41.00000000
v 24.00000000 23.00000000 0.11225992
v 23.50694466 23.00000000 5.00000000
v 24.00000000 23.00000000 4.68629551
v 23.09440041 23.00000000 7.00000000
v 23.14687538 23.00000000 8.00000000
v 23.62555504 23.00000000 10.00000000
v 23.41298676 23.00000000 11.00000000
v 23.45930862 23.00000000 12.00000000
v 23.77479172 23.00000000 13.00000000
v 24.00000000 23.00000000 13.34185600
v 24.00000000 22.03164673 19.00000000
v 23.75894547 23.00000000 20.00000000
v 24.00000000 23.00000000 19.38735199
v 23.38448715 23.00000000 21.00000000
v 23.30780220 23.00000000 22.00000000
v 23.08163261 23.00000000 24.00000000
v 23.16959763 23.00000000 27.00000000
v 23.67508507 23.00000000 28.00000000
v 23.82175255 23.00000000 29.00000000
v 24.00000000 23.00000000 29.39982033
v 24.00000000 22.09704208 30.00000000
v 24.00000000 22.89534760 31.00000000
v 24.00000000 23.00000000 31.25731850
v 23.88598061 23.00000000 32.00000000
v 24.00000000 22.32347107 32.00000000
v 23.87226295 23.00000000 33.00000000
v 23.93866730 23.00000000 34.00000000
v 23.92656898 23.00000000 35.00000000
v 23.86024094 23.00000000 36.00000000
v 23.78641510 23.00000000 37.00000000
v 23.83433151 23.00000000 38.00000000
v 23.59889603 23.00000000 39.00000000
v 23.49348640 23.00000000 40.00000000
v 23.08440781 23.00000000 41.00000000
v 24.00000000 23.70175743 0.00000000
v 23.51157188 24.00000000 5.00000000
v 24.00000000 24.00000000 4.57928467
v 23.56332970 24.00000000 10.00000000
v 23.57390976 24.00000000 11.00000000
v 23.73546219 24.00000000 12.00000000
v 23.62936592 24.00000000 13.00000000
v 24.00000000 23.93087196 14.00000000
v 23.95643234 24.00000000 14.00000000
v 24.00000000 24.00000000 14.64470482
v 23.97382736 24.00000000 19.00000000
v 24.00000000 24.00000000 18.71322060
v 24.00000000 23.88465500 19.00000000
v 24.00000000 23.61496544 20.00000000
v 24.00000000 24.00000000 19.11634636
v 23.47962189 24.00000000 21.00000000
v 24.00000000 24.00000000 20.24518967
v 23.11486816 24.00000000 22.00000000
v 23.10500908 24.00000000 27.00000000
v 24.00000000 24.00000000 27.98040581
v 24.00000000 23.94895935 28.00000000
v 23.69253159 24.00000000 29.00000000
v 24.00000000 24.00000000 28.05414391
v 24.00000000 23.65863991 30.00000000
v 23.84393501 24.00000000 30.00000000
v 24.00000000 23.11566734 31.00000000
v 23.67807198 24.00000000 31.00000000
v 23.88354683 24.00000000 32.00000000
v 23.87176514 24.00000000 33.00000000
v 23.96677399 24.00000000 34.00000000
v 23.92822075 24.00000000 35.00000000
v 23.93751144 24.00000000 36.00000000
v 23.81822014 24.00000000 37.00000000
v 23.84798431 24.00000000 38.00000000
v 23.59258842 24.00000000 39.00000000
v 23.44865227 24.00000000 40.00000000
v 23.10586739 24.00000000 41.00000000
v 24.00000000 24.92868614 0.00000000
v 24.00000000 25.00000000 0.00459212
v 23.96895981 25.00000000 0.00000000
v 24.00000000 24.69950104 5.00000000
v 24.00000000 25.00000000 5.22633696
v 23.31225395 25.00000000 10.00000000
v 23.73203850 25.00000000 11.00000000
v 23.99538803 25.00000000 12.00000000
v 23.84791946 25.00000000 13.00000000
v 24.00000000 25.00000000 13.29903507
v 24.00000000 24.10982704 14.00000000
v 24.00000000 24.06120300 19.00000000
v 23.74078178 25.00000000 21.00000000
v 24.00000000 25.00000000 20.53661346
v 23.62817955 25.00000000 22.00000000
v 23.43625450 25.00000000 23.00000000
v 23.17592621 25.00000000 24.00000000
v 23.02188683 25.00000000 26.00000000
v 23.40429115 25.00000000 27.00000000
v 24.00000000 25.00000000 27.66847610
v 24.00000000 24.97117043 29.00000000
v 24.00000000 24.92322350 30.00000000
v 23.85722733 25.00000000 31.00000000
v 24.00000000 25.00000000 30.07230568
v 24.00000000 25.00000000 31.56502342
v 24.00000000 24.40018654 32.00000000
v 24.00000000 24.47410965 33.00000000
v 24.00000000 24.51162529 34.00000000
v 24.00000000 24.78009224 35.00000000
v 24.00000000 24.39272881 36.00000000
v 23.83203316 25.00000000 37.00000000
v 24.00000000 25.00000000 36.32572556
v 24.00000000 25.00000000 37.92539978
v 24.00000000 24.90373230 38.00000000
v 23.71747780 25.00000000 39.00000000
v 24.00000000 25.00000000 38.04086685
v 23.64879417 25.00000000 40.00000000
v 23.36271286 25.00000000 41.00000000
v 23.01632881 25.00000000 42.00000000
v 24.00000000 25.03428841 0.00000000
v 23.24346161 26.00000000 6.00000000
v 24.00000000 26.00000000 5.14854479
v 23.28101158 26.00000000 10.00000000
v 23.24517441 26.00000000 11.00000000
v 23.61502266 26.00000000 12.00000000
v 23.54082298 26.00000000 13.00000000
v 24.00000000 26.00000000 13.58923149
v 23.94439125 26.00000000 19.00000000
v 24.00000000 26.00000000 18.87711716
v 24.00000000 25.89680290 19.00000000
v 24.00000000 25.92233276 20.00000000
v 23.97698021 26.00000000 20.00000000
v 23.49459076 26.00000000 21.00000000
v 23.32967186 26.00000000 22.00000000
v 23.11553764 26.00000000 24.00000000
v 23.28847885 26.00000000 26.00000000
v 23.33189964 26.00000000 27.00000000
v 24.00000000 26.00000000 27.97027779
v 23.64381218 26.00000000 29.00000000
v 24.00000000 26.00000000 28.05946541
v 24.00000000 25.02576256 29.00000000
v 24.00000000 25.13559723 30.00000000
v 23.91507339 26.00000000 30.00000000
v 23.96902466 26.00000000 31.00000000
v 24.00000000 26.00000000 31.28798485
v 23.81596756 26.00000000 33.00000000
v 24.00000000 26.00000000 32.25078964
v 24.00000000 25.39989662 33.00000000
v 24.00000000 26.00000000 33.66493607
v 23.85862160 26.00000000 35.00000000
v 24.00000000 26.00000000 34.33942413
v 24.00000000 25.10422707 35.00000000
v 24.00000000 26.00000000 35.47216415
v 23.76904869 26.00000000 37.00000000
v 24.00000000 26.00000000 36.40678406
v 24.00000000 25.08308983 38.00000000
v 23.83659935 26.00000000 38.00000000
v 23.66006660 26.00000000 39.00000000
v 23.63055801 26.00000000 40.00000000
v 23.34724045 26.00000000 41.00000000
v 23.26416969 26.00000000 42.00000000
v 23.05646324 26.00000000 43.00000000
v 24.00000000 27.00000000 5.36129618
v 23.22119713 27.00000000 11.00000000
v 23.11492729 27.00000000 12.00000000
v 23.80839920 27.00000000 13.00000000
v 24.00000000 27.00000000 13.22305012
v 23.92829704 27.00000000 19.00000000
v 24.00000000 27.00000000 18.76346779
v 23.46025848 27.00000000 20.00000000
v 23.19460297 27.00000000 21.00000000
v 23.10584068 27.00000000 22.00000000
v 23.07988548 27.00000000 23.00000000
v 23.11572456 27.00000000 24.00000000
v 23.19834709 27.00000000 26.00000000
v 24.00000000 26.05189323 28.00000000
v 23.59625435 27.00000000 28.00000000
v 23.78569794 27.00000000 29.00000000
v 24.00000000 27.00000000 29.94159698
v 24.00000000 26.83310699 30.00000000
v 23.97403526 27.00000000 31.00000000
v 24.00000000 27.00000000 30.49265099
v 24.00000000 27.00000000 31.20672226
v 23.87917137 27.00000000 33.00000000
v 24.00000000 27.00000000 32.28497314
v 24.00000000 27.00000000 33.47676086
v 24.00000000 26.61303902 35.00000000
v 24.00000000 26.88314438 36.00000000
v 23.97068596 27.00000000 36.00000000
v 24.00000000 27.00000000 35.81015015
v 23.97264099 27.00000000 37.00000000
v 23.98884392 27.00000000 38.00000000
v 23.68723679 27.00000000 39.00000000
v 23.60532761 27.00000000 40.00000000
v 23.42936325 27.00000000 41.00000000
v 23.40970230 27.00000000 42.00000000
v 23.29302406 28.00000000 5.00000000
v 24.00000000 28.00000000 4.48842573
v 24.00000000 27.44405174 5.00000000
v 23.50596619 28.00000000 13.00000000
v 24.00000000 28.00000000 13.54297066
v 23.94774818 28.00000000 18.00000000
v 24.00000000 28.00000000 17.88147736
v 24.00000000 27.71714592 18.00000000
v 23.67952728 28.00000000 19.00000000
v 23.29461670 28.00000000 20.00000000
v 23.17706490 28.00000000 21.00000000
v 23.01726913 28.00000000 26.00000000
v 23.06247902 28.00000000 27.00000000
v 23.43746185 28.00000000 28.00000000
v 23.45292473 28.00000000 29.00000000
v 24.00000000 27.02971077 30.00000000
v 23.60922623 28.00000000 30.00000000
v 23.58658409 28.00000000 31.00000000
v 24.00000000 28.00000000 31.98441887
v 23.85257530 28.00000000 33.00000000
v 24.00000000 28.00000000 32.05744934
v 24.00000000 27.37235451 34.00000000
v 23.78199196 28.00000000 34.00000000
v 24.00000000 27.30360603 35.00000000
v 23.77751923 28.00000000 35.00000000
v 23.85005188 28.00000000 36.00000000
v 23.85542488 28.00000000 37.00000000
v 23.85084343 28.00000000 38.00000000
v 23.66079521 28.00000000 39.00000000
v 23.66605949 28.00000000 40.00000000
v 23.48382759 28.00000000 41.00000000
v 23.46801186 28.00000000 42.00000000
v 23.17901039 28.00000000 43.00000000
v 24.00000000 29.00000000 2.47418857
v 24.00000000 28.09092903 3.00000000
v 24.00000000 28.31878471 4.00000000
v 23.56691360 29.00000000 13.00000000
v 24.00000000 29.00000000 13.39792442
v 24.00000000 28.21529007 18.00000000
v 23.83441544 29.00000000 19.00000000
v 24.00000000 29.00000000 18.44748688
v 23.39050102 29.00000000 20.00000000
v 23.06823158 29.00000000 22.00000000
v 23.23223877 29.00000000 23.00000000
v 23.12879372 29.00000000 24.00000000
v 23.08768845 29.00000000 26.00000000
v 23.29755211 29.00000000 27.00000000
v 23.80902672 29.00000000 28.00000000
v 23.56577873 29.00000000 29.00000000
v 23.94306183 29.00000000 30.00000000
v 23.72349548 29.00000000 31.00000000
v 24.00000000 28.03102493 32.00000000
v 23.77449226 29.00000000 32.00000000
v 23.76263428 29.00000000 33.00000000
v 23.86762810 29.00000000 34.00000000
v 23.82745361 29.00000000 35.00000000
v 23.80832672 29.00000000 36.00000000
v 23.84582710 29.00000000 37.00000000
v 23.93237495 29.00000000 38.00000000
v 23.78929138 29.00000000 39.00000000
v 23.95683479 29.00000000 40.00000000
v 23.52199745 29.00000000 41.00000000
v 23.55868721 29.00000000 42.00000000
v 23.43158340 29.00000000 43.00000000
v 23.60885429 29.00000000 44.00000000
v 24.00000000 30.00000000 2.46581197
v 23.12689972 30.00000000 12.00000000
v 23.44167519 30.00000000 13.00000000
v 24.00000000 30.00000000 13.46022606
v 23.82283020 30.00000000 18.00000000
v 24.00000000 30.00000000 17.54574966
v 24.00000000 29.49236870 18.00000000
v 23.51147461 30.00000000 19.00000000
v 23.68791771 30.00000000 20.00000000
v 23.35217857 30.00000000 21.00000000
v 23.19155884 30.00000000 22.00000000
v 23.01083374 30.00000000 23.00000000
v 23.19647598 30.00000000 24.00000000
v 23.15125465 30.00000000 26.00000000
v 23.16717720 30.00000000 27.00000000
v 23.72651291 30.00000000 28.00000000
v 23.44385147 30.00000000 29.00000000
v 23.75257874 30.00000000 30.00000000
v 23.65204239 30.00000000 31.00000000
v 23.64583015 30.00000000 32.00000000
v 23.55093384 30.00000000 33.00000000
v 23.64906120 30.00000000 34.00000000
v 23.59324646 30.00000000 35.00000000
v 23.82686234 30.00000000 36.00000000
v 23.61187744 30.00000000 37.00000000
v 23.73690796 30.00000000 38.00000000
v 23.63408661 30.00000000 39.00000000
v 23.79325294 30.00000000 40.00000000
v 23.45143127 30.00000000 41.00000000
v 23.44377708 30.00000000 42.00000000
v 23.41767693 30.00000000 43.00000000
v 23.61086082 30.00000000 44.00000000
v 23.01345634 30.00000000 45.00000000
v 24.00000000 31.00000000 2.06011868
v 23.62603951 31.00000000 13.00000000
v 24.00000000 31.00000000 13.33150673
v 24.00000000 30.44193459 18.00000000
v 23.77849579 31.00000000 19.00000000
v 24.00000000 31.00000000 18.58572578
v 23.51593399 31.00000000 20.00000000
v 23.26800156 31.00000000 21.00000000
v 23.11559677 31.00000000 22.00000000
v 23.20539093 31.00000000 24.00000000
v 23.05018234 31.00000000 25.00000000
v 23.31268120 31.00000000 26.00000000
v 23.59155464 31.00000000 28.00000000
v 23.67931175 31.00000000 29.00000000
v 23.76872253 31.00000000 30.00000000
v 23.75224686 31.00000000 31.00000000
v 23.82461357 31.00000000 32.00000000
v 23.63595772 31.00000000 33.00000000
v 23.68300438 31.00000000 34.00000000
v 23.60486603 31.00000000 35.00000000
v 23.54106331 31.00000000 36.00000000
v 23.66979599 31.00000000 37.00000000
v 23.88120842 31.00000000 38.00000000
v 23.56526375 31.00000000 39.00000000
v 23.67082214 31.00000000 40.00000000
v 23.55017853 31.00000000 41.00000000
v 23.53982162 31.00000000 42.00000000
v 23.37927628 31.00000000 44.00000000
v 24.00000000 32.00000000 2.14745760
v 23.28245354 32.00000000 13.00000000
v 24.00000000 32.00000000 13.46436501
v 24.00000000 31.77590561 19.00000000
v 24.00000000 31.74089432 20.00000000
v 23.46563911 32.00000000 21.00000000
v 24.00000000 32.00000000 20.21502876
v 23.21806335 32.00000000 22.00000000
v 23.10788727 32.00000000 23.00000000
v 23.03944588 32.00000000 24.00000000
v 23.26825333 32.00000000 26.00000000
v 23.27950287 32.00000000 27.00000000
v 23.63861275 32.00000000 28.00000000
v 23.46372223 32.00000000 29.00000000
v 23.48702431 32.00000000 30.00000000
v 23.58903313 32.00000000 31.00000000
v 23.74597740 32.00000000 32.00000000
v 23.79184341 32.00000000 33.00000000
v 23.63676262 32.00000000 34.00000000
v 23.58580017 32.00000000 35.00000000
v 23.65536880 32.00000000 36.00000000
v 23.66945839 32.00000000 37.00000000
v 23.62387276 32.00000000 38.00000000
v 23.59458160 32.00000000 39.00000000
v 23.82381439 32.00000000 40.00000000
v 23.36534119 32.00000000 41.00000000
v 23.37221146 32.00000000 42.00000000
v 23.27909279 32.00000000 43.00000000
v 23.24931717 32.00000000 44.00000000
v 23.67068863 33.00000000 2.00000000
v 24.00000000 33.00000000 1.86051798
v 24.00000000 32.52135468 2.00000000
v 23.40972328 33.00000000 13.00000000
v 24.00000000 33.00000000 13.52038765
v 23.69755363 33.00000000 21.00000000
v 24.00000000 33.00000000 20.29835510
v 23.71034431 33.00000000 22.00000000
v 23.47520828 33.00000000 23.00000000
v 23.52906799 33.00000000 24.00000000
v 23.33490372 33.00000000 25.00000000
v 23.45890617 33.00000000 26.00000000
v 23.48843002 33.00000000 27.00000000
v 23.83777618 33.00000000 28.00000000
v 23.64885521 33.00000000 29.00000000
v 23.64110184 33.00000000 30.00000000
v 23.72630310 33.00000000 31.00000000
v 23.71479034 33.00000000 32.00000000
v 23.69204330 33.00000000 33.00000000
v 23.77885818 33.00000000 34.00000000
v 23.70989227 33.00000000 35.00000000
v 23.79632950 33.00000000 36.00000000
v 23.60257339 33.00000000 37.00000000
v 23.76835632 33.00000000 38.00000000
v 23.62763214 33.00000000 39.00000000
v 23.73552322 33.00000000 40.00000000
v 23.60690498 33.00000000 41.00000000
v 23.36432457 33.00000000 42.00000000
v 23.16709328 33.00000000 43.00000000
v 23.16228485 33.00000000 44.00000000
v 24.00000000 34.00000000 1.89450467
v 24.00000000 34.00000000 13.50263214
v 23.90368080 34.00000000 19.00000000
v 24.00000000 34.00000000 18.80704689
v 24.00000000 33.55336380 19.00000000
v 24.00000000 34.00000000 19.23350525
v 23.70995140 34.00000000 21.00000000
v 24.00000000 34.00000000 20.49249649
v 23.87080383 34.00000000 22.00000000
v 23.66058159 34.00000000 23.00000000
v 23.47968102 34.00000000 24.00000000
v 23.24962425 34.00000000 25.00000000
v 23.52603149 34.00000000 26.00000000
v 23.43214989 34.00000000 27.00000000
v 23.75011063 34.00000000 28.00000000
v 23.40049362 34.00000000 29.00000000
v 23.58883286 34.00000000 30.00000000
v 23.66535187 34.00000000 31.00000000
v 23.62236786 34.00000000 32.00000000
v 23.51931000 34.00000000 33.00000000
v 23.57919121 34.00000000 34.00000000
v 23.52491570 34.00000000 35.00000000
v 23.79899025 34.00000000 36.00000000
v 23.50581932 34.00000000 37.00000000
v 23.45965004 34.00000000 38.00000000
v 23.48699951 34.00000000 39.00000000
v 23.54053497 34.00000000 40.00000000
v 23.38580322 34.00000000 41.00000000
v 23.41041946 34.00000000 42.00000000
v 23.11333847 34.00000000 43.00000000
v 24.00000000 35.00000000 1.81788528
v 23.92527771 35.00000000 13.00000000
v 24.00000000 35.00000000 13.07909203
v 24.00000000 34.49055099 19.00000000
v 24.00000000 34.61455536 21.00000000
v 24.00000000 34.57346725 22.00000000
v 23.72451401 35.00000000 23.00000000
v 24.00000000 35.00000000 22.27263069
v 23.58283043 35.00000000 24.00000000
v 23.46800232 35.00000000 25.00000000
v 23.60110092 35.00000000 26.00000000
v 23.34519196 35.00000000 27.00000000
v 23.63418388 35.00000000 28.00000000
v 23.57841110 35.00000000 29.00000000
v 23.65581322 35.00000000 30.00000000
v 23.56072807 35.00000000 31.00000000
v 23.69494247 35.00000000 32.00000000
v 23.51209450 35.00000000 33.00000000
v 23.55024147 35.00000000 34.00000000
v 23.59832001 35.00000000 35.00000000
v 23.62811279 35.00000000 36.00000000
v 23.47886848 35.00000000 37.00000000
v 23.54888725 35.00000000 38.00000000
v 23.35738182 35.00000000 39.00000000
v 23.58508492 35.00000000 40.00000000
v 23.47730637 35.00000000 41.00000000
v 23.48046303 35.00000000 42.00000000
v 24.00000000 36.00000000 1.98482859
v 23.57762718 36.00000000 13.00000000
v 24.00000000 36.00000000 13.33052635
v 23.97833252 36.00000000 19.00000000
v 24.00000000 36.00000000 18.83910751
v 24.00000000 35.81615829 19.00000000
v 24.00000000 36.00000000 19.43256378
v 23.76008606 36.00000000 21.00000000
v 24.00000000 36.00000000 20.10930252
v 24.00000000 35.45899582 21.00000000
v 24.00000000 35.24520493 22.00000000
v 23.67392159 36.00000000 22.00000000
v 23.51391983 36.00000000 23.00000000
v 23.51706505 36.00000000 24.00000000
v 23.32469940 36.00000000 25.00000000
v 23.39045525 36.00000000 26.00000000
v 23.34421158 36.00000000 27.00000000
v 23.48566437 36.00000000 28.00000000
v 23.42685890 36.00000000 29.00000000
v 23.32835007 36.00000000 30.00000000
v 23.32068825 36.00000000 31.00000000
v 23.39142799 36.00000000 32.00000000
v 23.35988426 36.00000000 33.00000000
v 23.40244102 36.00000000 34.00000000
v 23.42976952 36.00000000 35.00000000
v 23.34082031 36.00000000 36.00000000
v 23.32989311 36.00000000 37.00000000
v 23.23356819 36.00000000 38.00000000
v 23.20121002 36.00000000 39.00000000
v 23.37761116 36.00000000 40.00000000
v 23.28161621 36.00000000 41.00000000
v 23.35274315 36.00000000 42.00000000
v 23.15911865 36.00000000 43.00000000
v 24.00000000 37.00000000 1.80543876
v 23.47112846 37.00000000 13.00000000
v 24.00000000 37.00000000 13.42263508
v 23.89923286 37.00000000 19.00000000
v 24.00000000 37.00000000 18.05306435
v 24.00000000 36.11725616 20.00000000
v 23.73904610 37.00000000 20.00000000
v 23.69595909 37.00000000 21.00000000
v 23.61363983 37.00000000 22.00000000
v 23.62319374 37.00000000 23.00000000
v 23.59463120 37.00000000 24.00000000
v 23.50281143 37.00000000 25.00000000
v 23.54062462 37.00000000 26.00000000
v 23.46552467 37.00000000 27.00000000
v 23.47702980 37.00000000 28.00000000
v 23.33623505 37.00000000 29.00000000
v 23.35835838 37.00000000 30.00000000
v 23.26003647 37.00000000 31.00000000
v 23.35097885 37.00000000 32.00000000
v 23.39352989 37.00000000 33.00000000
v 23.34666824 37.00000000 34.00000000
v 23.30139923 37.00000000 35.00000000
v 23.25067520 37.00000000 36.00000000
v 23.20585823 37.00000000 37.00000000
v 23.39708710 37.00000000 38.00000000
v 23.26354027 37.00000000 39.00000000
v 23.48648834 37.00000000 40.00000000
v 23.35921860 37.00000000 41.00000000
v 23.39352036 37.00000000 42.00000000
v 23.15492821 37.00000000 43.00000000
v 23.03608131 37.00000000 44.00000000
v 24.00000000 38.00000000 1.88400233
v 23.01278496 38.00000000 13.00000000
v 24.00000000 38.00000000 13.80490398
v 23.93303108 38.00000000 17.00000000
v 24.00000000 38.00000000 16.90844345
v 24.00000000 37.89715195 17.00000000
v 24.00000000 37.00763321 18.00000000
v 23.46661186 38.00000000 18.00000000
v 23.23135376 38.00000000 19.00000000
v 23.30453873 38.00000000 20.00000000
v 23.18950462 38.00000000 21.00000000
v 23.45967674 38.00000000 22.00000000
v 23.35234261 38.00000000 23.00000000
v 23.27622414 38.00000000 24.00000000
v 23.19379616 38.00000000 25.00000000
v 23.08621597 38.00000000 26.00000000
v 23.10828972 38.00000000 27.00000000
v 23.23124313 38.00000000 28.00000000
v 23.09637260 38.00000000 29.00000000
v 23.01600266 38.00000000 36.00000000
v 23.19474792 38.00000000 40.00000000
v 23.12610817 38.00000000 41.00000000
v 24.00000000 38.68865204 0.00000000
v 24.00000000 39.00000000 0.14412726
v 23.35172081 39.00000000 0.00000000
v 24.00000000 39.00000000 1.49260163
v 23.28132439 39.00000000 13.00000000
v 24.00000000 38.64846039 14.00000000
v 23.90960693 39.00000000 14.00000000
v 24.00000000 39.00000000 14.17830944
v 23.82532883 39.00000000 17.00000000
v 24.00000000 39.00000000 16.74444389
v 23.24773979 39.00000000 18.00000000
v 23.04594994 39.00000000 19.00000000
v 23.06823921 39.00000000 20.00000000
v 23.42290878 39.00000000 22.00000000
v 23.08213234 39.00000000 23.00000000
v 23.28671074 39.00000000 24.00000000
v 23.02611160 39.00000000 26.00000000
v 23.08758163 39.00000000 28.00000000
v 24.00000000 40.00000000 0.12149976
v 24.00000000 40.00000000 1.53135228
v 23.79472160 40.00000000 14.00000000
v 24.00000000 39.60770416 15.00000000
v 23.75547218 40.00000000 15.00000000
v 24.00000000 40.00000000 15.80414391
v 23.32921219 40.00000000 17.00000000
v 24.00000000 40.00000000 16.07896996
v 24.00000000 40.90557861 1.00000000
v 23.63460350 41.00000000 1.00000000
v 23.06706810 41.00000000 14.00000000
v 23.38825417 41.00000000 15.00000000
v 24.00000000 40.14861679 16.00000000
v 23.64152908 41.00000000 16.00000000
v 23.39156151 41.00000000 17.00000000
v 24.05637360 8.00000000 0.00000000
v 25.00000000 7.84343433 1.00000000
v 25.00000000 8.00000000 0.72257739
v 24.34714508 8.00000000 1.00000000
v 25.00000000 8.00000000 1.06326759
v 25.00000000 8.53929424 0.00000000
v 25.00000000 9.00000000 1.44214177
v 24.04040337 9.00000000 17.00000000
v 25.00000000 10.00000000 1.47272146
v 24.02472305 10.00000000 15.00000000
v 24.04179382 10.00000000 16.00000000
v 24.02972221 10.00000000 17.00000000
v 24.07571030 10.00000000 18.00000000
v 25.00000000 11.00000000 1.46072805
v 24.18724632 11.00000000 15.00000000
v 24.39278603 11.00000000 16.00000000
v 24.39617729 11.00000000 17.00000000
v 24.27844048 11.00000000 18.00000000
v 24.15467453 11.00000000 19.00000000
v 25.00000000 11.66351414 0.00000000
v 25.00000000 12.00000000 0.03327584
v 24.93327904 12.00000000 0.00000000
v 25.00000000 12.00000000 1.48465717
v 24.06018066 12.00000000 15.00000000
v 24.30860329 12.00000000 16.00000000
v 24.33237076 12.00000000 17.00000000
v 24.18136787 12.00000000 18.00000000
v 24.10911179 12.00000000 19.00000000
v 24.00028992 12.00000000 20.00000000
v 24.00210571 12.00000000 21.00000000
v 25.00000000 13.00000000 0.14542626
v 25.00000000 13.00000000 1.67055929
v 24.06912804 13.00000000 15.00000000
v 24.35280991 13.00000000 16.00000000
v 24.42588425 13.00000000 17.00000000
v 24.22652435 13.00000000 18.00000000
v 24.10094070 13.00000000 19.00000000
v 24.03591537 13.00000000 20.00000000
v 24.00712204 13.00000000 21.00000000
v 25.00000000 14.00000000 0.08935924
v 24.11871529 14.00000000 2.00000000
v 25.00000000 14.00000000 1.53167832
v 24.27548218 14.00000000 16.00000000
v 24.15031242 14.00000000 17.00000000
v 24.05626678 14.00000000 18.00000000
v 24.00163841 14.00000000 19.00000000
v 24.00521851 14.00000000 20.00000000
v 25.00000000 15.00000000 0.40910989
v 25.00000000 15.00000000 1.54563189
v 24.18807411 15.00000000 17.00000000
v 24.16433525 15.00000000 18.00000000
v 25.00000000 16.00000000 0.10861000
v 24.39364624 16.00000000 2.00000000
v 25.00000000 16.00000000 1.73953879
v 24.19302177 16.00000000 16.00000000
v 24.09564781 16.00000000 17.00000000
v 24.21627426 16.00000000 18.00000000
v 24.01561356 16.00000000 20.00000000
v 25.00000000 17.00000000 0.19538057
v 25.00000000 16.58551788 2.00000000
v 25.00000000 17.00000000 2.34391379
v 24.08505249 17.00000000 15.00000000
v 24.27927971 17.00000000 16.00000000
v 24.22569084 17.00000000 17.00000000
v 24.08470726 17.00000000 18.00000000
v 24.05673981 17.00000000 19.00000000
v 25.00000000 18.00000000 0.02360718
v 24.70107841 18.00000000 2.00000000
v 25.00000000 18.00000000 1.90125775
v 25.00000000 17.64160347 2.00000000
v 24.03526878 18.00000000 15.00000000
v 24.46936798 18.00000000 16.00000000
v 24.04409599 18.00000000 18.00000000
v 25.00000000 19.00000000 0.32945359
v 25.00000000 18.61196899 2.00000000
v 25.00000000 19.00000000 2.08161688
v 24.12051964 19.00000000 14.00000000
v 24.40642357 19.00000000 15.00000000
v 24.61723137 19.00000000 16.00000000
v 24.41121864 19.00000000 17.00000000
v 24.24853516 19.00000000 18.00000000
v 25.00000000 20.00000000 0.00288718
v 24.10635376 20.00000000 3.00000000
v 25.00000000 20.00000000 2.05356240
v 24.11577797 20.00000000 4.00000000
v 24.11410141 20.00000000 14.00000000
v 24.26762199 20.00000000 15.00000000
v 24.54016685 20.00000000 16.00000000
v 24.24735260 20.00000000 17.00000000
v 24.23157883 20.00000000 18.00000000
v 24.01508331 20.00000000 20.00000000
v 25.00000000 21.00000000 0.20004873
v 25.00000000 20.93200111 3.00000000
v 24.08065224 21.00000000 4.00000000
v 25.00000000 21.00000000 3.05525756
v 24.10010147 21.00000000 5.00000000
v 24.16933060 21.00000000 14.00000000
v 24.40753365 21.00000000 15.00000000
v 24.49333572 21.00000000 16.00000000
v 24.43516922 21.00000000 17.00000000
v 24.28098297 21.00000000 18.00000000
v 24.05831528 21.00000000 19.00000000
v 24.03171158 21.00000000 20.00000000
v 24.01602554 21.00000000 33.00000000
v 24.03884315 21.00000000 34.00000000
v 25.00000000 22.00000000 0.00891491
v 24.99709320 22.00000000 3.00000000
v 25.00000000 22.00000000 2.99288297
v 25.00000000 21.97547150 3.00000000
v 24.13223839 22.00000000 4.00000000
v 24.05821037 22.00000000 14.00000000
v 24.10076904 22.00000000 15.00000000
v 24.46995926 22.00000000 16.00000000
v 24.23031425 22.00000000 17.00000000
v 24.10141563 22.00000000 18.00000000
v 24.03348541 22.00000000 32.00000000
v 25.00000000 23.00000000 0.28874338
v 24.40216827 23.00000000 3.00000000
v 25.00000000 23.00000000 2.51148176
v 24.31756592 23.00000000 4.00000000
v 24.29589462 23.00000000 14.00000000
v 24.35622787 23.00000000 15.00000000
v 24.30008125 23.00000000 16.00000000
v 24.13288307 23.00000000 17.00000000
v 24.16908455 23.00000000 18.00000000
v 24.08012772 23.00000000 19.00000000
v 24.20870590 23.00000000 30.00000000
v 24.03250122 23.00000000 31.00000000
v 25.00000000 24.00000000 0.04803442
v 24.51075745 24.00000000 0.00000000
v 24.35272408 24.00000000 3.00000000
v 25.00000000 24.00000000 2.68926311
v 24.44349861 24.00000000 4.00000000
v 24.01656342 24.00000000 15.00000000
v 24.34156990 24.00000000 16.00000000
v 24.19414330 24.00000000 17.00000000
v 24.03715324 24.00000000 18.00000000
v 24.08241463 24.00000000 20.00000000
v 24.01567650 24.00000000 28.00000000
v 25.00000000 25.00000000 0.03994621
v 24.64582253 25.00000000 3.00000000
v 25.00000000 25.00000000 2.85728765
v 24.12672424 25.00000000 4.00000000
v 24.14968109 25.00000000 5.00000000
v 24.17124367 25.00000000 14.00000000
v 24.26959229 25.00000000 15.00000000
v 24.44551468 25.00000000 16.00000000
v 24.29086876 25.00000000 17.00000000
v 24.18509674 25.00000000 18.00000000
v 24.16882706 25.00000000 19.00000000
v 24.12817001 25.00000000 20.00000000
v 24.10623169 25.00000000 28.00000000
v 24.01002884 25.00000000 29.00000000
v 24.00868988 25.00000000 30.00000000
v 24.07361984 25.00000000 32.00000000
v 24.08226395 25.00000000 33.00000000
v 24.02384186 25.00000000 34.00000000
v 24.01626587 25.00000000 35.00000000
v 24.05609703 25.00000000 36.00000000
v 24.01062012 25.00000000 38.00000000
v 25.00000000 25.27360344 0.00000000
v 24.42083931 26.00000000 3.00000000
v 25.00000000 26.00000000 2.62495565
v 24.58698845 26.00000000 4.00000000
v 24.05821991 26.00000000 5.00000000
v 24.27568436 26.00000000 14.00000000
v 24.39307213 26.00000000 15.00000000
v 24.57112122 26.00000000 16.00000000
v 24.13844109 26.00000000 17.00000000
v 24.15766907 26.00000000 18.00000000
v 24.01326942 26.00000000 28.00000000
v 24.04892921 26.00000000 32.00000000
v 24.07307625 26.00000000 34.00000000
v 24.12986374 26.00000000 36.00000000
v 25.00000000 26.56859016 0.00000000
v 25.00000000 27.00000000 0.09303910
v 24.54426575 27.00000000 0.00000000
v 24.49479866 27.00000000 3.00000000
v 25.00000000 27.00000000 2.57699847
v 24.30534554 27.00000000 4.00000000
v 24.18130302 27.00000000 5.00000000
v 24.43992996 27.00000000 14.00000000
v 24.49858475 27.00000000 15.00000000
v 24.74950027 27.00000000 16.00000000
v 24.39253044 27.00000000 17.00000000
v 24.07398224 27.00000000 18.00000000
v 24.01175499 27.00000000 30.00000000
v 24.03764534 27.00000000 32.00000000
v 24.11952591 27.00000000 34.00000000
v 24.07699776 27.00000000 35.00000000
v 25.00000000 27.33653450 0.00000000
v 24.15337181 28.00000000 3.00000000
v 25.00000000 28.00000000 2.42122102
v 24.22922897 28.00000000 4.00000000
v 24.31393623 28.00000000 14.00000000
v 24.43278122 28.00000000 15.00000000
v 24.50378990 28.00000000 16.00000000
v 24.24027824 28.00000000 17.00000000
v 24.00476646 28.00000000 32.00000000
v 25.00000000 29.00000000 2.25936365
v 24.41179848 29.00000000 14.00000000
v 24.89435005 29.00000000 15.00000000
v 24.72633553 29.00000000 16.00000000
v 24.36535072 29.00000000 17.00000000
v 24.08969307 29.00000000 18.00000000
v 24.83713722 30.00000000 2.00000000
v 25.00000000 30.00000000 1.94975436
v 25.00000000 29.70915031 2.00000000
v 24.58527184 30.00000000 14.00000000
v 24.90151215 30.00000000 15.00000000
v 24.82138824 30.00000000 16.00000000
v 24.20667648 30.00000000 17.00000000
v 25.00000000 30.92304420 0.00000000
v 25.00000000 31.00000000 0.02680578
v 24.86609650 31.00000000 0.00000000
v 24.19386292 31.00000000 2.00000000
v 25.00000000 31.00000000 1.82311940
v 24.88856316 31.00000000 14.00000000
v 24.91554451 31.00000000 15.00000000
v 25.00000000 31.00000000 15.41475677
v 25.00000000 30.66763878 16.00000000
v 24.44599915 31.00000000 17.00000000
v 25.00000000 31.00000000 16.14056396
v 24.13184547 31.00000000 18.00000000
v 25.00000000 31.27633095 0.00000000
v 24.32537460 32.00000000 2.00000000
v 25.00000000 32.00000000 1.74643040
v 24.67087746 32.00000000 14.00000000
v 24.97574425 32.00000000 15.00000000
v 25.00000000 31.48342896 16.00000000
v 24.89669037 32.00000000 16.00000000
v 24.73090172 32.00000000 17.00000000
v 24.21546936 32.00000000 18.00000000
v 24.02858543 32.00000000 19.00000000
v 24.10673523 32.00000000 20.00000000
v 25.00000000 32.52124405 0.00000000
v 25.00000000 33.00000000 0.06023064
v 24.60752487 33.00000000 0.00000000
v 24.72684669 33.00000000 2.00000000
v 25.00000000 32.85733414 2.00000000
v 25.00000000 33.00000000 2.03731966
v 24.45465088 33.00000000 14.00000000
v 24.93447113 33.00000000 15.00000000
v 25.00000000 33.00000000 15.19559097
v 25.00000000 32.28449631 16.00000000
v 24.73697090 33.00000000 17.00000000
v 25.00000000 33.00000000 16.46187973
v 24.32257652 33.00000000 18.00000000
v 24.08815575 33.00000000 19.00000000
v 24.08167648 33.00000000 20.00000000
v 25.00000000 33.54426575 0.00000000
v 25.00000000 34.00000000 1.72723126
v 25.00000000 33.11846542 2.00000000
v 24.51235199 34.00000000 14.00000000
v 24.81186867 34.00000000 15.00000000
v 25.00000000 33.71986771 16.00000000
v 24.90505409 34.00000000 16.00000000
v 24.59311295 34.00000000 17.00000000
v 24.29515457 34.00000000 18.00000000
v 24.21137047 34.00000000 20.00000000
v 25.00000000 34.26194000 0.00000000
v 25.00000000 35.00000000 0.18607987
v 24.35172462 35.00000000 0.00000000
v 25.00000000 35.00000000 1.54520559
v 24.84033585 35.00000000 14.00000000
v 24.82025146 35.00000000 15.00000000
v 24.79749870 35.00000000 16.00000000
v 24.55740166 35.00000000 17.00000000
v 24.33914757 35.00000000 18.00000000
v 24.07290840 35.00000000 19.00000000
v 24.00530624 35.00000000 20.00000000
v 24.11291504 35.00000000 21.00000000
v 24.06625366 35.00000000 22.00000000
v 25.00000000 35.51208115 0.00000000
v 25.00000000 36.00000000 1.66076899
v 24.60294914 36.00000000 14.00000000
v 24.72268677 36.00000000 15.00000000
v 24.68767166 36.00000000 16.00000000
v 24.36914635 36.00000000 17.00000000
v 24.09110832 36.00000000 18.00000000
v 24.02053642 36.00000000 20.00000000
v 25.00000000 37.00000000 1.54601669
v 24.52363396 37.00000000 14.00000000
v 24.76066399 37.00000000 15.00000000
v 24.69204140 37.00000000 16.00000000
v 24.34446716 37.00000000 17.00000000
v 24.00304413 37.00000000 18.00000000
v 25.00000000 38.00000000 1.47895527
v 24.13051796 38.00000000 14.00000000
v 24.34144402 38.00000000 15.00000000
v 24.46822357 38.00000000 16.00000000
v 25.00000000 38.60165787 0.00000000
v 25.00000000 39.00000000 0.37479511
v 25.00000000 39.00000000 1.18311477
v 24.31842041 39.00000000 15.00000000
v 24.29268837 39.00000000 16.00000000
v 25.00000000 40.00000000 0.24129118
v 25.00000000 40.00000000 1.26276159
v 24.04262543 40.00000000 16.00000000
v 25.00000000 40.85300064 1.00000000
v 26.00000000 7.90961695 1.00000000
v 26.00000000 8.00000000 0.76137352
v 26.00000000 8.00000000 1.05863392
v 26.00000000 9.00000000 0.28818959
v 25.89486694 9.00000000 0.00000000
v 26.00000000 9.00000000 1.04928184
v 26.00000000 9.15704632 0.00000000
v 26.00000000 10.00000000 1.25039685
v 26.00000000 11.00000000 1.26121950
v 25.37947655 12.00000000 0.00000000
v 26.00000000 12.00000000 1.36996436
v 26.00000000 12.11094379 0.00000000
v 26.00000000 13.00000000 0.46682352
v 26.00000000 13.00000000 1.31130171
v 26.00000000 14.00000000 0.19248681
v 26.00000000 14.00000000 1.55296421
v 26.00000000 15.00000000 0.39590845
v 26.00000000 15.00000000 1.51290762
v 26.00000000 16.00000000 0.09484069
v 26.00000000 16.00000000 1.77295339
v 26.00000000 17.00000000 0.21870477
v 25.72529221 17.00000000 2.00000000
v 26.00000000 17.00000000 1.92461634
v 26.00000000 18.00000000 0.06729510
v 25.54773140 18.00000000 2.00000000
v 26.00000000 17.45090294 2.00000000
v 26.00000000 18.00000000 2.07785010
v 26.00000000 19.00000000 0.20305593
v 26.00000000 19.00000000 1.82321727
v 25.26088142 19.00000000 2.00000000
v 26.00000000 18.31490135 2.00000000
v 26.00000000 20.00000000 0.04139945
v 26.00000000 19.53996086 2.00000000
v 26.00000000 20.00000000 2.17213607
v 26.00000000 21.00000000 0.14985704
v 25.07862473 21.00000000 3.00000000
v 26.00000000 21.00000000 2.20094943
v 25.12930489 22.00000000 0.00000000
v 26.00000000 21.72456169 0.00000000
v 26.00000000 22.00000000 2.42003584
v 26.00000000 22.31105614 0.00000000
v 26.00000000 23.00000000 0.13108629
v 26.00000000 23.00000000 2.38356256
v 25.72816467 24.00000000 0.00000000
v 26.00000000 23.88321304 0.00000000
v 26.00000000 24.00000000 2.55455613
v 26.00000000 24.48796654 0.00000000
v 26.00000000 25.00000000 0.01527013
v 26.00000000 25.00000000 2.48587751
v 26.00000000 25.08646011 0.00000000
v 26.00000000 26.00000000 2.46493101
v 25.55649376 27.00000000 0.00000000
v 25.62305069 27.00000000 2.00000000
v 26.00000000 27.00000000 1.87231648
v 26.00000000 26.80108452 2.00000000
v 26.00000000 27.27335548 2.00000000
v 26.00000000 28.00000000 2.34235716
v 26.00000000 29.00000000 2.12668943
v 25.26666641 30.00000000 2.00000000
v 26.00000000 30.00000000 2.13032508
v 25.56555557 31.00000000 0.00000000
v 26.00000000 31.00000000 1.51847875
v 26.00000000 30.23199272 2.00000000
v 25.07828331 31.00000000 16.00000000
v 26.00000000 32.00000000 1.69168711
v 26.00000000 32.57492065 0.00000000
v 26.00000000 33.00000000 0.08381412
v 25.13169289 33.00000000 2.00000000
v 26.00000000 33.00000000 1.74085820
v 25.17128181 33.00000000 16.00000000
v 26.00000000 34.00000000 0.04332436
v 25.54816055 34.00000000 0.00000000
v 26.00000000 34.00000000 1.75985551
v 26.00000000 35.00000000 0.17193294
v 26.00000000 35.00000000 1.45256925
v 26.00000000 35.47546387 0.00000000
v 26.00000000 36.00000000 1.70973921
v 26.00000000 37.00000000 1.36517990
v 26.00000000 38.00000000 1.63657987
v 25.98229218 39.00000000 0.00000000
v 26.00000000 39.00000000 1.21351230
v 25.87391663 40.00000000 0.00000000
v 26.00000000 40.00000000 1.40261042
v 25.28985023 41.00000000 1.00000000
v 26.00000000 40.02260590 0.00000000
v 26.00000000 41.00000000 0.82451057
v 26.00000000 41.00000000 1.12447476
v 26.00000000 41.20507812 1.00000000
v 26.18722343 8.00000000 1.00000000
v 26.36926842 9.00000000 1.00000000
v 27.00000000 9.29067230 1.00000000
v 27.00000000 9.35107899 0.00000000
v 27.00000000 10.00000000 1.16659987
v 27.00000000 11.00000000 1.05122840
v 27.00000000 12.00000000 1.22964990
v 27.00000000 12.30769444 0.00000000
v 27.00000000 13.00000000 0.27555627
v 27.00000000 13.00000000 1.15458214
v 27.00000000 14.00000000 0.19970703
v 27.00000000 14.00000000 1.41292965
v 27.00000000 15.00000000 0.43663073
v 27.00000000 15.00000000 1.21695304
v 27.00000000 16.00000000 0.10624155
v 27.00000000 16.00000000 1.46738207
v 27.00000000 17.00000000 0.12725341
v 27.00000000 17.00000000 1.66583145
v 27.00000000 18.00000000 0.19854087
v 26.29601479 18.00000000 2.00000000
v 27.00000000 18.00000000 1.72511709
v 27.00000000 19.00000000 0.67231143
v 27.00000000 19.00000000 1.25495505
v 27.00000000 20.00000000 0.25725174
v 26.23369789 20.00000000 2.00000000
v 27.00000000 20.00000000 1.54085386
v 27.00000000 21.00000000 0.24337238
v 26.47676086 21.00000000 2.00000000
v 27.00000000 21.00000000 1.78052437
v 27.00000000 22.00000000 0.29064608
v 26.20809746 22.00000000 0.00000000
v 26.83037567 22.00000000 2.00000000
v 27.00000000 22.00000000 1.86841619
v 27.00000000 23.00000000 0.43391746
v 27.00000000 22.74990463 2.00000000
v 27.00000000 23.00000000 2.03267789
v 27.00000000 24.00000000 0.19697043
v 26.09641266 24.00000000 0.00000000
v 26.83804512 24.00000000 2.00000000
v 27.00000000 24.00000000 1.87108111
v 27.00000000 23.22081375 2.00000000
v 27.00000000 25.00000000 0.15125871
v 27.00000000 24.29185867 2.00000000
v 27.00000000 25.00000000 2.34529114
v 27.00000000 26.00000000 0.14538322
v 26.60166740 26.00000000 0.00000000
v 26.60393715 26.00000000 2.00000000
v 27.00000000 26.00000000 1.69186783
v 27.00000000 25.41656303 2.00000000
v 27.00000000 26.82204056 0.00000000
v 27.00000000 27.00000000 1.45560193
v 26.43647003 28.00000000 2.00000000
v 27.00000000 28.00000000 1.65046728
v 26.40965652 29.00000000 2.00000000
v 27.00000000 29.00000000 1.72255754
v 26.21516037 30.00000000 2.00000000
v 27.00000000 30.00000000 1.54914927
v 27.00000000 31.00000000 1.22994423
v 27.00000000 32.00000000 1.31452751
v 26.38473320 33.00000000 0.00000000
v 27.00000000 33.00000000 1.37173617
v 27.00000000 33.58535004 0.00000000
v 27.00000000 34.00000000 0.14957267
v 27.00000000 34.00000000 1.39296436
v 27.00000000 34.98950577 1.00000000
v 26.98936272 35.00000000 1.00000000
v 27.00000000 36.00000000 0.10316245
v 26.68991661 36.00000000 0.00000000
v 27.00000000 35.01187134 1.00000000
v 27.00000000 36.00000000 1.32749295
v 27.00000000 36.33096695 0.00000000
v 27.00000000 37.00000000 1.10744119
v 27.00000000 38.00000000 1.35360992
v 26.05493546 39.00000000 0.00000000
v 27.00000000 38.86014175 1.00000000
v 26.74630356 39.00000000 1.00000000
v 27.00000000 38.34753799 0.00000000
v 27.00000000 40.00000000 0.36375055
v 27.00000000 39.23683548 1.00000000
v 26.08919716 40.00000000 0.00000000
v 27.00000000 40.00000000 1.17379642
v 27.00000000 41.00000000 0.98107034
v 27.00000000 41.00000000 1.00766206
v 27.00000000 41.01147461 1.00000000
v 28.00000000 8.61304569 0.00000000
v 27.42217636 9.00000000 0.00000000
v 28.00000000 9.00000000 0.57493389
v 28.00000000 9.13217926 1.00000000
v 28.00000000 10.00000000 1.40902722
v 28.00000000 11.00000000 1.20598888
v 28.00000000 12.00000000 1.39413893
v 27.44425964 13.00000000 0.00000000
v 28.00000000 13.00000000 1.30100954
v 27.41423798 14.00000000 0.00000000
v 28.00000000 14.00000000 1.55441356
v 28.00000000 14.72824764 0.00000000
v 28.00000000 15.00000000 0.10110185
v 28.00000000 15.00000000 1.47603250
v 27.34677315 16.00000000 0.00000000
v 28.00000000 15.32436085 0.00000000
v 28.00000000 16.00000000 1.61368656
v 28.00000000 16.64713669 0.00000000
v 28.00000000 17.00000000 0.08606852
v 28.00000000 17.00000000 1.50471056
v 28.00000000 18.00000000 0.04068302
v 28.00000000 18.00000000 1.65841544
v 28.00000000 19.00000000 0.45811614
v 28.00000000 19.00000000 1.32250488
v 28.00000000 20.00000000 0.31514260
v 28.00000000 20.00000000 1.50484943
v 28.00000000 21.00000000 0.31408262
v 28.00000000 21.00000000 1.65034127
v 28.00000000 22.00000000 0.29214293
v 28.00000000 22.00000000 1.78339791
v 28.00000000 23.00000000 0.55876851
v 27.06213188 23.00000000 2.00000000
v 28.00000000 23.00000000 1.44374037
v 28.00000000 24.00000000 0.44472525
v 28.00000000 24.00000000 1.70862985
v 28.00000000 25.00000000 0.38970682
v 27.34054184 25.00000000 2.00000000
v 28.00000000 25.00000000 1.53961718
v 28.00000000 26.00000000 0.16489163
v 28.00000000 26.00000000 1.99195874
v 28.00000000 27.00000000 0.34379625
v 27.15599823 27.00000000 0.00000000
v 28.00000000 27.00000000 1.28370106
v 28.00000000 27.70828629 0.00000000
v 28.00000000 28.00000000 1.51929963
v 28.00000000 28.54762077 0.00000000
v 28.00000000 29.00000000 0.08598357
v 27.78641129 29.00000000 0.00000000
v 28.00000000 29.00000000 1.51630390
v 28.00000000 29.18842697 0.00000000
v 28.00000000 30.00000000 1.52371192
v 28.00000000 30.99431229 0.00000000
v 28.00000000 31.00000000 0.00291200
v 27.98541641 31.00000000 0.00000000
v 28.00000000 31.00000000 1.30065119
v 28.00000000 31.01106644 0.00000000
v 28.00000000 32.00000000 1.30742264
v 28.00000000 32.62406921 0.00000000
v 28.00000000 33.00000000 0.19887364
v 27.62323761 33.00000000 0.00000000
v 28.00000000 33.00000000 1.22866225
v 28.00000000 33.95003510 0.00000000
v 27.95704651 34.00000000 0.00000000
v 28.00000000 34.00000000 1.32324946
v 28.00000000 34.01653671 0.00000000
v 28.00000000 34.88689041 1.00000000
v 27.94056320 36.00000000 0.00000000
v 28.00000000 35.98651505 0.00000000
v 28.00000000 35.18530273 1.00000000
v 28.00000000 36.00000000 1.22226644
v 28.00000000 37.00000000 0.44729206
v 28.00000000 36.03160858 0.00000000
v 27.51079178 37.00000000 0.00000000
v 28.00000000 37.00000000 1.10079396
v 28.00000000 38.00000000 0.09940118
v 27.33731079 38.00000000 0.00000000
v 28.00000000 38.00000000 1.27136374
v 28.00000000 39.00000000 0.54408276
v 27.27569389 39.00000000 1.00000000
v 28.00000000 39.00000000 1.16278827
v 28.00000000 39.72185516 1.00000000
v 27.76094627 40.00000000 1.00000000
v 27.01445770 41.00000000 1.00000000
v 28.85453224 9.00000000 0.00000000
v 29.00000000 9.04223633 0.00000000
v 29.00000000 9.23512650 1.00000000
v 29.00000000 10.00000000 1.13218224
v 29.00000000 11.00000000 1.09745693
v 29.00000000 12.00000000 1.23466504
v 29.00000000 13.00000000 1.36045074
v 29.00000000 14.00000000 1.44052172
v 28.35690117 15.00000000 0.00000000
v 29.00000000 15.00000000 1.10866666
v 29.00000000 16.00000000 1.33443844
v 28.50638962 17.00000000 0.00000000
v 29.00000000 17.00000000 1.71044517
v 28.19468307 18.00000000 0.00000000
v 29.00000000 18.00000000 1.48477972
v 29.00000000 18.36617279 0.00000000
v 29.00000000 19.00000000 0.43013626
v 29.00000000 19.00000000 1.28068781
v 29.00000000 20.00000000 0.19989522
v 29.00000000 20.00000000 1.31904376
v 29.00000000 21.00000000 0.33063093
v 29.00000000 21.00000000 1.66770625
v 29.00000000 22.00000000 0.19330767
v 29.00000000 22.00000000 1.51481533
v 29.00000000 23.00000000 0.92033243
v 29.00000000 23.00000000 1.05927634
v 29.00000000 24.00000000 0.56842577
v 29.00000000 24.00000000 1.23988092
v 29.00000000 25.00000000 0.49499014
v 29.00000000 25.00000000 1.87964499
v 29.00000000 26.00000000 0.25285751
v 29.00000000 26.00000000 1.41399419
v 29.00000000 27.00000000 0.69355959
v 29.00000000 27.00000000 1.19180262
v 29.00000000 28.00000000 0.14731063
v 28.42930222 28.00000000 0.00000000
v 29.00000000 28.00000000 1.34626114
v 29.00000000 28.96309662 0.00000000
v 28.94191933 29.00000000 0.00000000
v 29.00000000 29.00000000 1.58532465
v 29.00000000 30.00000000 1.34559309
v 29.00000000 30.49377251 0.00000000
v 29.00000000 31.00000000 0.34173357
v 29.00000000 31.00000000 1.14128029
v 29.00000000 31.48596001 0.00000000
v 29.00000000 32.00000000 1.21066403
v 29.00000000 32.57026291 0.00000000
v 29.00000000 33.00000000 0.11569297
v 29.00000000 33.00000000 1.39443052
v 29.00000000 34.00000000 0.29723039
v 28.02404404 34.00000000 0.00000000
v 29.00000000 34.00000000 1.21467662
v 29.00000000 34.99873734 1.00000000
v 29.00000000 36.00000000 0.46022710
v 28.02090263 36.00000000 0.00000000
v 29.00000000 35.00270844 1.00000000
v 29.00000000 36.00000000 1.11492515
v 29.00000000 36.88193893 1.00000000
v 28.83733559 37.00000000 1.00000000
v 29.00000000 37.24750137 1.00000000
v 29.00000000 38.00000000 0.75061893
v 29.00000000 38.00000000 1.05715024
v 29.00000000 38.13024139 1.00000000
v 28.26214790 39.00000000 1.00000000
v 30.00000000 9.95218945 1.00000000
v 30.00000000 9.25720501 0.00000000
v 30.00000000 10.00000000 1.01522446
v 30.00000000 11.00000000 1.12640905
v 30.00000000 12.00000000 1.13144994
v 30.00000000 13.00000000 1.21600473
v 30.00000000 14.00000000 1.41592538
v 30.00000000 15.00000000 1.26122689
v 30.00000000 16.00000000 1.38943112
v 30.00000000 17.00000000 1.45625007
v 30.00000000 18.00000000 1.56018853
v 30.00000000 18.65884972 0.00000000
v 30.00000000 19.00000000 0.25246406
v 30.00000000 19.00000000 1.30271828
v 30.00000000 20.00000000 0.00410744
v 30.00000000 20.00000000 1.44939280
v 30.00000000 21.00000000 0.28203148
v 30.00000000 21.00000000 1.51908875
v 30.00000000 22.00000000 0.23939709
v 30.00000000 22.00000000 1.63557482
v 30.00000000 23.00000000 0.64519197
v 30.00000000 23.00000000 1.23588836
v 30.00000000 24.00000000 0.63957208
v 30.00000000 24.00000000 1.23136234
v 30.00000000 25.00000000 0.54476345
v 30.00000000 25.00000000 1.37560749
v 30.00000000 26.00000000 0.34833145
v 30.00000000 26.00000000 1.49829590
v 30.00000000 27.00000000 0.35641730
v 30.00000000 27.00000000 1.33869767
v 30.00000000 28.00000000 0.02688085
v 30.00000000 28.00000000 1.27889752
v 30.00000000 29.00000000 0.10356941
v 29.06524658 29.00000000 0.00000000
v 30.00000000 29.00000000 1.31188059
v 30.00000000 29.33469009 0.00000000
v 30.00000000 30.00000000 1.30162239
v 29.85866737 31.00000000 0.00000000
v 30.00000000 31.00000000 1.10500252
v 30.00000000 32.00000000 1.22948813
v 30.00000000 32.39299011 0.00000000
v 30.00000000 33.00000000 0.33542219
v 30.00000000 33.00000000 1.21967387
v 30.00000000 34.00000000 0.37043631
v 30.00000000 34.00000000 1.16160429
v 29.00203133 35.00000000 1.00000000
v 30.00000000 35.00000000 0.50293630
v 30.00000000 35.00000000 1.13524830
v 30.00000000 36.00000000 0.87903810
v 30.00000000 36.00000000 1.01042497
v 30.00000000 36.04693222 1.00000000
v 29.14746857 38.00000000 1.00000000
v 30.04683685 10.00000000 1.00000000
v 30.57556152 10.00000000 0.00000000
v 31.00000000 10.47450066 0.00000000
v 30.37522316 11.00000000 1.00000000
v 31.00000000 11.00000000 0.33048636
v 31.00000000 11.83599281 1.00000000
v 31.00000000 12.00000000 1.04869235
v 31.00000000 13.00000000 1.15709627
v 31.00000000 14.00000000 1.36767137
v 31.00000000 15.00000000 1.15929353
v 31.00000000 16.00000000 1.29757750
v 31.00000000 17.00000000 1.65091383
v 31.00000000 18.00000000 1.64026392
v 30.74059486 19.00000000 0.00000000
v 31.00000000 19.00000000 1.36035371
v 30.01914215 20.00000000 0.00000000
v 31.00000000 20.00000000 1.54185140
v 30.97945786 21.00000000 0.00000000
v 31.00000000 21.00000000 1.69264567
v 31.00000000 21.22390175 0.00000000
v 31.00000000 22.00000000 0.02449956
v 31.00000000 22.00000000 1.65443289
v 31.00000000 23.00000000 0.41496077
v 31.00000000 23.00000000 1.33750498
v 31.00000000 24.00000000 0.12746441
v 31.00000000 24.00000000 1.50253940
v 31.00000000 25.00000000 0.06776757
v 31.00000000 25.00000000 1.42668021
v 31.00000000 26.00000000 0.15779465
v 31.00000000 26.00000000 1.47426820
v 31.00000000 27.00000000 0.61952114
v 31.00000000 27.00000000 1.06204581
v 31.00000000 28.00000000 0.00156687
v 31.00000000 28.00000000 1.25571775
v 30.39180756 29.00000000 0.00000000
v 31.00000000 28.00744057 0.00000000
v 31.00000000 29.00000000 1.16295552
v 30.65788651 30.00000000 0.00000000
v 31.00000000 29.60026360 0.00000000
v 31.00000000 30.00000000 0.13800269
v 31.00000000 30.00000000 1.23397577
v 31.00000000 30.56963158 1.00000000
v 30.43958282 31.00000000 1.00000000
v 30.53618813 31.00000000 0.00000000
v 31.00000000 31.69496536 0.00000000
v 31.00000000 31.45787811 1.00000000
v 31.00000000 32.00000000 1.16294003
v 30.80587006 33.00000000 0.00000000
v 31.00000000 33.00000000 1.14086735
v 31.00000000 33.37692261 0.00000000
v 31.00000000 34.00000000 0.90668237
v 31.00000000 34.00000000 1.00610900
v 31.00000000 34.02687073 1.00000000
v 30.47733498 35.00000000 1.00000000
v 31.00000000 35.54567719 1.00000000
v 31.00000000 36.00000000 0.30677384
v 31.00000000 36.00000000 1.13798821
v 31.00000000 36.64329147 1.00000000
v 31.61268806 11.00000000 0.00000000
v 31.20193291 12.00000000 1.00000000
v 32.00000000 12.00000000 0.15263619
v 32.00000000 11.69081020 0.00000000
v 31.35355186 13.00000000 0.00000000
v 32.00000000 12.55380440 1.00000000
v 32.00000000 13.00000000 0.32921171
v 32.00000000 12.31297112 0.00000000
v 32.00000000 13.00000000 1.15912437
v 32.00000000 13.41454792 0.00000000
v 32.00000000 14.00000000 1.27171862
v 32.00000000 14.98169231 0.00000000
v 32.00000000 15.00000000 0.00712612
v 31.98223877 15.00000000 0.00000000
v 32.00000000 15.00000000 1.28421783
v 32.00000000 15.01246262 0.00000000
v 32.00000000 16.00000000 1.33001125
v 32.00000000 17.00000000 1.44582510
v 32.00000000 18.00000000 1.52978778
v 32.00000000 19.00000000 1.49097657
v 32.00000000 20.00000000 1.69979370
v 32.00000000 21.00000000 1.69041944
v 31.07003212 22.00000000 0.00000000
v 32.00000000 22.00000000 1.91018939
v 32.00000000 22.95145226 0.00000000
v 32.00000000 23.00000000 0.01307449
v 32.00000000 23.00000000 1.68962049
v 31.40237236 24.00000000 0.00000000
v 32.00000000 23.07472610 0.00000000
v 32.00000000 24.00000000 1.79181397
v 32.00000000 24.67182541 0.00000000
v 32.00000000 25.00000000 0.08003446
v 32.00000000 25.00000000 1.57340252
v 31.79723740 26.00000000 0.00000000
v 32.00000000 25.70851898 0.00000000
v 32.00000000 26.00000000 1.68777394
v 32.00000000 26.43523979 0.00000000
v 32.00000000 27.00000000 0.07825466
v 32.00000000 27.00000000 1.35655630
v 31.00509262 28.00000000 0.00000000
v 32.00000000 27.22725296 0.00000000
v 32.00000000 28.00000000 1.50112593
v 31.59036446 29.00000000 0.00000000
v 32.00000000 28.67851639 0.00000000
v 32.00000000 29.00000000 0.10028207
v 32.00000000 29.00000000 1.35165286
v 32.00000000 29.51668167 0.00000000
v 31.50641632 30.00000000 0.00000000
v 32.00000000 30.00000000 1.51457393
v 31.52408028 31.00000000 1.00000000
v 32.00000000 30.35482597 0.00000000
v 32.00000000 31.00000000 0.29255468
v 32.00000000 31.00000000 1.16751647
v 32.00000000 31.58577538 0.00000000
v 32.00000000 32.00000000 1.23550248
v 32.00000000 32.31583023 0.00000000
v 32.00000000 33.00000000 0.33972660
v 31.22955894 33.00000000 0.00000000
v 32.00000000 33.00000000 1.19690239
v 32.00000000 34.00000000 0.22126156
v 32.00000000 34.00000000 1.15568936
v 32.00000000 34.83496857 1.00000000
v 32.00000000 35.10270309 1.00000000
v 32.00000000 36.00000000 0.17390203
v 32.00000000 36.00000000 1.20340669
v 32.00000000 36.82060623 1.00000000
v 32.06957626 12.00000000 0.00000000
v 32.34758759 13.00000000 1.00000000
v 32.32032013 14.00000000 0.00000000
v 32.83335495 14.00000000 1.00000000
v 32.49519348 15.00000000 1.00000000
v 33.00000000 16.00000000 0.47539976
v 32.58805466 16.00000000 0.00000000
v 33.00000000 15.69867229 1.00000000
v 33.00000000 16.00000000 1.10248971
v 33.00000000 17.00000000 0.26343423
v 32.04078293 17.00000000 0.00000000
v 33.00000000 17.00000000 1.26025891
v 33.00000000 17.41271210 0.00000000
v 33.00000000 18.00000000 1.38466847
v 33.00000000 18.86371994 0.00000000
v 33.00000000 19.00000000 0.07385950
v 32.70800400 19.00000000 0.00000000
v 33.00000000 19.00000000 1.24387217
v 33.00000000 19.14920616 0.00000000
v 33.00000000 20.00000000 1.38839066
v 33.00000000 21.00000000 1.58514404
v 33.00000000 22.00000000 1.55099130
v 33.00000000 22.98733902 0.00000000
v 33.00000000 23.00000000 0.01203161
v 33.00000000 23.00000000 1.30798471
v 33.00000000 23.01582527 0.00000000
v 33.00000000 24.00000000 1.51276791
v 33.00000000 24.98711395 0.00000000
v 33.00000000 25.00000000 0.00477369
v 33.00000000 25.00000000 1.61985624
v 33.00000000 25.01765442 0.00000000
v 33.00000000 26.00000000 1.57584774
v 33.00000000 26.54536057 0.00000000
v 33.00000000 27.00000000 0.46497470
v 33.00000000 27.00000000 1.16513574
v 33.00000000 27.72138977 0.00000000
v 33.00000000 28.00000000 1.39609206
v 33.00000000 28.23007202 0.00000000
v 33.00000000 29.00000000 0.42195123
v 33.00000000 29.00000000 1.21584928
v 33.00000000 30.00000000 0.27419117
v 32.30587006 30.00000000 0.00000000
v 33.00000000 30.00000000 1.24891639
v 33.00000000 30.54286003 1.00000000
v 32.46500778 31.00000000 1.00000000
v 33.00000000 32.00000000 0.60709053
v 32.22049713 32.00000000 0.00000000
v 33.00000000 31.63229370 1.00000000
v 33.00000000 32.00000000 1.10558999
v 33.00000000 32.82385254 1.00000000
v 32.89590454 33.00000000 1.00000000
v 33.00000000 33.23210144 1.00000000
v 33.00000000 34.00000000 0.70619851
v 33.00000000 34.00000000 1.09614861
v 33.00000000 34.36087036 1.00000000
v 32.63926697 36.00000000 1.00000000
v 33.30443192 16.00000000 1.00000000
v 33.60540771 17.00000000 1.00000000
v 34.00000000 18.00000000 0.31683627
v 33.48980713 18.00000000 0.00000000
v 34.00000000 17.36314011 1.00000000
v 34.00000000 18.00000000 1.22881997
v 34.00000000 19.00000000 0.54093170
v 34.00000000 19.00000000 1.11317348
v 34.00000000 19.84391594 0.00000000
v 34.00000000 20.00000000 1.15032566
v 34.00000000 20.17501450 0.00000000
v 34.00000000 21.00000000 0.35204527
v 33.33229828 21.00000000 0.00000000
v 34.00000000 21.00000000 1.28619325
v 34.00000000 22.00000000 0.16063668
v 33.79402924 22.00000000 0.00000000
v 34.00000000 22.00000000 1.38234305
v 34.00000000 23.00000000 0.46330920
v 34.00000000 23.00000000 1.18632138
v 34.00000000 24.00000000 0.07376248
v 33.90207291 24.00000000 0.00000000
v 34.00000000 24.00000000 1.27393341
v 34.00000000 25.00000000 0.51261604
v 34.00000000 25.00000000 1.29916799
v 34.00000000 26.00000000 0.13081837
v 33.65542221 26.00000000 0.00000000
v 34.00000000 26.00000000 1.50465715
v 34.00000000 27.00000000 0.54285771
v 34.00000000 27.00000000 1.18226910
v 34.00000000 28.00000000 0.55871940
v 33.24252701 28.00000000 0.00000000
v 34.00000000 28.00000000 1.13274980
v 34.00000000 29.00000000 0.95959264
v 34.00000000 29.00000000 1.01958430
v 34.00000000 30.00000000 0.94529599
v 34.00000000 30.00000000 1.02798128
v 34.00000000 30.07779884 1.00000000
v 33.59028625 32.00000000 1.00000000
v 33.36656952 34.00000000 1.00000000
v 34.54053879 18.00000000 1.00000000
v 34.33433914 19.00000000 1.00000000
v 34.10144424 20.00000000 0.00000000
v 34.97698593 20.00000000 1.00000000
v 34.65718460 21.00000000 1.00000000
v 35.00000000 21.80217552 1.00000000
v 35.00000000 22.00000000 0.89137930
v 35.00000000 22.00000000 1.03534198
v 35.00000000 22.10190392 1.00000000
v 34.43482590 23.00000000 1.00000000
v 35.00000000 23.90047073 1.00000000
v 35.00000000 24.00000000 0.89409798
v 35.00000000 24.00000000 1.03596413
v 35.00000000 25.00000000 0.51214272
v 35.00000000 25.00000000 1.24457538
v 35.00000000 26.00000000 0.80822688
v 35.00000000 26.00000000 1.10589385
v 35.00000000 26.39919853 1.00000000
v 34.72385406 27.00000000 1.00000000
v 34.79929352 28.00000000 1.00000000
v 34.07098389 29.00000000 1.00000000
v 34.07739258 30.00000000 1.00000000
v 35.52251053 22.00000000 1.00000000
v 36.00000000 23.91697693 1.00000000
v 36.00000000 24.00000000 0.92878640
v 36.00000000 24.00000000 1.02032208
v 36.00000000 25.00000000 0.71220672
v 36.00000000 25.00000000 1.19756114
v 36.00000000 26.00000000 0.51090634
v 36.00000000 26.00000000 1.32624066
v 36.00000000 26.62150383 1.00000000
v 36.17189407 24.00000000 1.00000000
v 36.22337341 25.00000000 1.00000000
v 36.69716644 26.00000000 1.00000000
f 3 2 1
f 4 1 2
f 3 1 5
f 3 5 6
f 1 4 7
f 1 7 5
f 8 6 5
f 8 5 7
f 11 10 9
f 12 9 10
f 11 9 13
f 11 13 14
f 9 12 15
f 9 15 13
f 14 13 16
f 14 16 17
f 13 15 18
f 13 18 16
f 17 16 19
f 17 19 20
f 16 18 21
f 16 21 19
f 20 19 22
f 20 22 23
f 19 21 24
f 19 24 22
f 23 22 25
f 23 25 26
f 22 24 27
f 22 27 25
f 29 28 26
f 29 26 25
f 3 29 25
f 2 3 25
f 31 30 4
f 31 4 2
f 27 31 2
f 25 27 2
f 32 30 31
f 29 3 33
f 3 34 33
f 3 6 34
f 36 35 30
f 35 4 30
f 35 7 4
f 36 30 32
f 6 8 37
f 38 6 37
f 34 6 38
f 7 35 39
f 37 7 39
f 40 37 39
f 8 7 37
f 41 40 39
f 38 37 42
f 38 42 43
f 40 45 44
f 42 40 44
f 37 40 42
f 45 40 41
f 43 42 46
f 43 46 47
f 42 44 48
f 42 48 46
f 49 47 46
f 49 46 48
f 52 51 50
f 53 50 51
f 52 50 54
f 52 54 55
f 50 53 56
f 50 56 54
f 55 54 10
f 11 55 10
f 57 55 11
f 12 10 54
f 56 12 54
f 58 12 56
f 14 57 11
f 14 59 57
f 58 15 12
f 60 15 58
f 17 59 14
f 17 61 59
f 60 18 15
f 62 18 60
f 20 61 17
f 20 63 61
f 65 21 64
f 21 62 64
f 21 18 62
f 66 65 64
f 23 63 20
f 23 67 63
f 68 24 65
f 65 24 21
f 65 66 69
f 65 69 68
f 26 67 23
f 26 70 67
f 71 27 68
f 68 27 24
f 68 69 72
f 68 72 71
f 26 28 70
f 70 28 73
f 71 31 27
f 75 74 32
f 75 32 31
f 72 75 31
f 71 72 31
f 76 74 75
f 34 77 33
f 78 35 36
f 79 78 36
f 79 36 32
f 80 79 32
f 74 80 32
f 80 74 76
f 77 34 81
f 34 82 81
f 34 38 82
f 84 39 83
f 39 35 83
f 83 35 78
f 85 83 78
f 78 79 85
f 39 84 41
f 43 82 38
f 43 86 82
f 84 83 45
f 83 44 45
f 83 87 44
f 84 45 41
f 47 86 43
f 47 88 86
f 87 48 44
f 89 48 87
f 47 49 90
f 91 47 90
f 88 47 91
f 92 90 49
f 48 92 49
f 89 92 48
f 91 90 93
f 91 93 94
f 90 92 95
f 90 95 93
f 96 94 93
f 96 93 95
f 99 98 97
f 100 97 98
f 103 102 101
f 105 104 101
f 105 101 102
f 106 104 105
f 109 108 107
f 110 107 108
f 113 112 111
f 115 114 111
f 115 111 112
f 117 116 114
f 117 114 115
f 116 117 99
f 97 116 99
f 118 116 97
f 97 100 119
f 97 119 118
f 103 101 120
f 103 120 121
f 122 101 104
f 120 101 122
f 104 106 123
f 104 123 122
f 124 109 107
f 124 107 110
f 113 111 125
f 113 125 126
f 127 111 114
f 125 111 127
f 128 114 116
f 127 114 128
f 129 116 118
f 128 116 129
f 118 119 130
f 118 130 129
f 131 121 120
f 131 120 122
f 131 122 132
f 132 122 123
f 135 134 133
f 136 133 134
f 137 126 125
f 139 138 137
f 125 139 137
f 127 139 125
f 140 127 128
f 139 127 140
f 141 128 129
f 140 128 141
f 129 130 142
f 129 142 141
f 143 135 133
f 143 133 136
f 146 145 144
f 147 144 145
f 150 149 148
f 148 149 138
f 139 148 138
f 151 148 139
f 152 139 140
f 151 139 152
f 153 140 141
f 152 140 153
f 141 142 154
f 141 154 153
f 155 146 144
f 155 144 147
f 156 150 148
f 156 148 151
f 156 151 157
f 159 158 157
f 151 159 157
f 152 159 151
f 160 152 153
f 159 152 160
f 153 154 161
f 153 161 160
f 164 163 162
f 158 159 165
f 163 166 162
f 165 159 160
f 165 160 167
f 167 160 161
f 168 164 162
f 168 162 166
f 171 170 169
f 172 169 170
f 171 169 173
f 171 173 174
f 169 172 175
f 169 175 173
f 174 173 51
f 52 174 51
f 176 174 52
f 53 51 173
f 175 53 173
f 177 53 175
f 55 176 52
f 55 178 176
f 177 56 53
f 179 56 177
f 57 178 55
f 57 180 178
f 179 58 56
f 181 58 179
f 59 180 57
f 59 182 180
f 181 60 58
f 183 60 181
f 61 182 59
f 61 184 182
f 186 62 185
f 62 183 185
f 62 60 183
f 187 186 185
f 63 184 61
f 63 188 184
f 64 62 186
f 191 190 189
f 66 189 190
f 66 187 189
f 66 64 186
f 187 66 186
f 67 188 63
f 67 192 188
f 191 193 190
f 66 190 193
f 194 66 193
f 69 66 194
f 197 196 195
f 199 198 195
f 199 195 196
f 200 198 199
f 70 192 67
f 70 201 192
f 194 72 69
f 202 72 194
f 205 204 203
f 203 204 197
f 195 203 197
f 206 203 195
f 207 195 198
f 206 195 207
f 198 200 208
f 198 208 207
f 211 210 209
f 212 209 210
f 214 213 73
f 213 70 73
f 213 201 70
f 75 72 215
f 72 216 215
f 72 202 216
f 215 76 75
f 205 203 217
f 205 217 218
f 219 203 206
f 217 203 219
f 220 206 207
f 219 206 220
f 207 208 221
f 207 221 220
f 222 211 209
f 222 209 212
f 213 214 223
f 223 214 224
f 215 216 80
f 216 79 80
f 216 225 79
f 215 80 76
f 226 218 217
f 226 217 219
f 226 219 227
f 229 228 227
f 219 229 227
f 220 229 219
f 220 221 230
f 220 230 229
f 233 232 231
f 234 231 232
f 235 223 224
f 82 236 81
f 237 83 85
f 238 237 85
f 79 238 85
f 225 238 79
f 239 228 229
f 239 229 230
f 233 231 240
f 233 240 241
f 231 234 242
f 231 242 240
f 236 82 243
f 82 244 243
f 82 86 244
f 245 87 237
f 237 87 83
f 237 238 246
f 237 246 245
f 241 240 247
f 241 247 248
f 240 242 249
f 240 249 247
f 88 244 86
f 88 250 244
f 251 89 245
f 245 89 87
f 245 246 252
f 245 252 251
f 248 247 253
f 248 253 254
f 247 249 255
f 247 255 253
f 91 250 88
f 91 256 250
f 258 257 251
f 257 89 251
f 257 92 89
f 258 251 252
f 261 260 259
f 262 259 260
f 254 253 263
f 254 263 264
f 253 255 265
f 253 265 263
f 94 256 91
f 94 266 256
f 257 95 92
f 267 95 257
f 261 259 268
f 261 268 269
f 259 262 270
f 271 259 270
f 268 259 271
f 273 272 271
f 273 271 270
f 272 273 264
f 263 272 264
f 274 272 263
f 263 265 275
f 263 275 274
f 94 96 276
f 277 94 276
f 266 94 277
f 278 276 96
f 95 278 96
f 267 278 95
f 281 280 279
f 279 280 269
f 268 279 269
f 282 279 268
f 283 268 271
f 282 268 283
f 284 271 272
f 283 271 284
f 285 272 274
f 284 272 285
f 274 275 286
f 274 286 285
f 277 276 287
f 277 287 288
f 276 278 289
f 276 289 287
f 281 279 290
f 281 290 291
f 292 279 282
f 290 279 292
f 293 282 283
f 292 282 293
f 294 283 284
f 293 283 294
f 295 284 285
f 294 284 295
f 285 286 296
f 285 296 295
f 297 288 287
f 297 287 289
f 291 290 298
f 291 298 299
f 300 290 292
f 298 290 300
f 301 292 293
f 300 292 301
f 302 293 294
f 301 293 302
f 303 294 295
f 302 294 303
f 295 296 304
f 295 304 303
f 299 298 305
f 299 305 306
f 307 298 300
f 305 298 307
f 308 300 301
f 307 300 308
f 309 301 302
f 308 301 309
f 310 302 303
f 309 302 310
f 303 304 311
f 303 311 310
f 314 313 312
f 315 312 313
f 306 305 316
f 306 316 317
f 318 305 307
f 316 305 318
f 319 307 308
f 318 307 319
f 309 321 320
f 319 309 320
f 308 309 319
f 321 309 310
f 321 310 322
f 322 310 311
f 323 314 312
f 323 312 315
f 317 316 324
f 317 324 325
f 326 316 318
f 324 316 326
f 327 318 319
f 326 318 327
f 319 320 328
f 329 319 328
f 327 319 329
f 330 329 328
f 325 324 331
f 325 331 332
f 333 324 326
f 331 324 333
f 334 326 327
f 333 326 334
f 335 327 329
f 334 327 335
f 329 330 336
f 337 329 336
f 335 329 337
f 338 337 336
f 339 332 331
f 341 340 339
f 331 341 339
f 333 341 331
f 334 343 342
f 341 334 342
f 333 334 341
f 343 334 335
f 343 335 344
f 344 335 337
f 344 337 345
f 345 337 338
f 348 347 346
f 346 350 349
f 346 341 350
f 346 347 340
f 341 346 340
f 350 341 342
f 353 352 351
f 354 351 352
f 348 346 355
f 348 355 356
f 346 349 357
f 358 346 357
f 355 346 358
f 359 358 357
f 360 353 351
f 360 351 354
f 361 356 355
f 361 355 358
f 361 358 362
f 362 358 359
f 365 364 363
f 367 366 363
f 367 363 364
f 368 366 367
f 371 370 369
f 373 372 369
f 373 369 370
f 374 372 373
f 377 376 375
f 378 375 376
f 379 365 363
f 379 363 366
f 379 366 380
f 380 366 368
f 381 371 369
f 381 369 372
f 381 372 382
f 382 372 374
f 377 375 383
f 377 383 384
f 375 378 385
f 375 385 383
f 386 384 383
f 386 383 385
f 389 388 387
f 390 387 388
f 393 392 391
f 394 391 392
f 397 396 395
f 399 398 395
f 399 395 396
f 401 400 398
f 401 398 399
f 402 400 401
f 405 404 403
f 407 406 403
f 407 403 404
f 409 408 406
f 409 406 407
f 410 408 409
f 413 412 411
f 414 411 412
f 417 416 415
f 419 418 415
f 419 415 416
f 421 420 418
f 421 418 419
f 422 420 421
f 425 424 423
f 427 426 423
f 427 423 424
f 429 428 426
f 429 426 427
f 431 430 428
f 431 428 429
f 433 432 430
f 433 430 431
f 435 434 432
f 435 432 433
f 437 436 434
f 437 434 435
f 439 438 436
f 439 436 437
f 438 439 389
f 387 438 389
f 440 438 387
f 387 390 441
f 442 387 441
f 440 387 442
f 443 442 441
f 446 445 444
f 444 445 393
f 391 444 393
f 447 444 391
f 391 394 448
f 449 391 448
f 447 391 449
f 449 448 397
f 395 449 397
f 450 449 395
f 99 450 98
f 450 398 98
f 450 395 398
f 98 398 100
f 398 451 100
f 398 400 451
f 400 402 452
f 453 400 452
f 451 400 453
f 455 454 453
f 455 453 452
f 457 456 454
f 457 454 455
f 456 457 405
f 403 456 405
f 458 456 403
f 459 403 406
f 458 403 459
f 460 406 408
f 459 406 460
f 408 410 461
f 462 408 461
f 460 408 462
f 462 461 413
f 411 462 413
f 463 462 411
f 411 414 464
f 465 411 464
f 463 411 465
f 465 464 417
f 415 465 417
f 466 465 415
f 467 415 418
f 466 415 467
f 468 418 420
f 467 418 468
f 420 422 469
f 420 469 468
f 472 471 470
f 474 473 470
f 474 470 471
f 476 475 473
f 476 473 474
f 478 477 475
f 478 475 476
f 477 478 425
f 423 477 425
f 479 477 423
f 103 479 102
f 479 426 102
f 479 423 426
f 102 426 105
f 105 426 428
f 105 428 106
f 428 480 106
f 428 430 480
f 481 430 432
f 480 430 481
f 109 481 108
f 481 434 108
f 481 432 434
f 108 434 110
f 434 482 110
f 434 436 482
f 483 436 438
f 482 436 483
f 484 438 440
f 483 438 484
f 485 440 442
f 484 440 485
f 442 443 486
f 442 486 485
f 489 488 487
f 487 488 446
f 444 487 446
f 490 487 444
f 113 490 112
f 490 447 112
f 490 444 447
f 112 447 115
f 115 447 449
f 115 449 117
f 117 449 450
f 117 450 99
f 491 119 451
f 451 119 100
f 492 451 453
f 491 451 492
f 493 453 454
f 492 453 493
f 494 454 456
f 493 454 494
f 495 456 458
f 494 456 495
f 496 458 459
f 495 458 496
f 497 459 460
f 496 459 497
f 498 460 462
f 497 460 498
f 499 462 463
f 498 462 499
f 500 463 465
f 499 463 500
f 501 465 466
f 500 465 501
f 502 466 467
f 501 466 502
f 503 467 468
f 502 467 503
f 468 469 504
f 505 468 504
f 503 468 505
f 505 504 472
f 470 505 472
f 506 505 470
f 507 470 473
f 506 470 507
f 508 473 475
f 507 473 508
f 509 475 477
f 508 475 509
f 510 477 479
f 509 477 510
f 121 510 103
f 103 510 479
f 511 123 480
f 480 123 106
f 512 480 481
f 511 480 512
f 124 513 109
f 513 481 109
f 513 512 481
f 110 482 124
f 482 513 124
f 482 514 513
f 515 482 483
f 514 482 515
f 516 483 484
f 515 483 516
f 517 484 485
f 516 484 517
f 485 486 518
f 485 518 517
f 489 487 519
f 489 519 520
f 521 487 490
f 519 487 521
f 126 521 113
f 113 521 490
f 522 130 491
f 491 130 119
f 523 491 492
f 522 491 523
f 524 492 493
f 523 492 524
f 525 493 494
f 524 493 525
f 526 494 495
f 525 494 526
f 527 495 496
f 526 495 527
f 528 496 497
f 527 496 528
f 529 497 498
f 528 497 529
f 530 498 499
f 529 498 530
f 531 499 500
f 530 499 531
f 532 500 501
f 531 500 532
f 533 501 502
f 532 501 533
f 534 502 503
f 533 502 534
f 535 503 505
f 534 503 535
f 536 505 506
f 535 505 536
f 537 506 507
f 536 506 537
f 538 507 508
f 537 507 538
f 539 508 509
f 538 508 539
f 540 509 510
f 539 509 540
f 131 541 121
f 541 510 121
f 541 540 510
f 132 542 131
f 131 542 541
f 123 511 132
f 511 542 132
f 511 543 542
f 135 543 134
f 543 512 134
f 543 511 512
f 134 512 136
f 512 544 136
f 512 513 544
f 545 513 514
f 544 513 545
f 546 514 515
f 545 514 546
f 547 515 516
f 546 515 547
f 548 516 517
f 547 516 548
f 517 518 549
f 517 549 548
f 552 551 550
f 550 551 520
f 519 550 520
f 553 550 519
f 554 519 521
f 553 519 554
f 137 555 126
f 555 521 126
f 555 554 521
f 138 555 137
f 556 142 522
f 522 142 130
f 557 522 523
f 556 522 557
f 558 523 524
f 557 523 558
f 559 524 525
f 558 524 559
f 560 525 526
f 559 525 560
f 561 526 527
f 560 526 561
f 562 527 528
f 561 527 562
f 563 528 529
f 562 528 563
f 564 529 530
f 563 529 564
f 565 530 531
f 564 530 565
f 566 531 532
f 565 531 566
f 567 532 533
f 566 532 567
f 568 533 534
f 567 533 568
f 569 534 535
f 568 534 569
f 570 535 536
f 569 535 570
f 571 536 537
f 570 536 571
f 572 537 538
f 571 537 572
f 573 538 539
f 572 538 573
f 574 539 540
f 573 539 574
f 575 540 541
f 574 540 575
f 576 541 542
f 575 541 576
f 577 542 543
f 576 542 577
f 143 578 135
f 578 543 135
f 578 577 543
f 136 544 143
f 544 578 143
f 544 579 578
f 146 579 145
f 579 545 145
f 579 544 545
f 145 545 147
f 545 580 147
f 545 546 580
f 581 546 547
f 580 546 581
f 582 547 548
f 581 547 582
f 548 549 583
f 584 548 583
f 582 548 584
f 585 584 583
f 552 550 586
f 552 586 587
f 588 550 553
f 586 550 588
f 589 553 554
f 588 553 589
f 150 589 149
f 589 555 149
f 589 554 555
f 149 555 138
f 590 154 556
f 556 154 142
f 591 556 557
f 590 556 591
f 592 557 558
f 591 557 592
f 593 558 559
f 592 558 593
f 594 559 560
f 593 559 594
f 595 560 561
f 594 560 595
f 596 561 562
f 595 561 596
f 597 562 563
f 596 562 597
f 598 563 564
f 597 563 598
f 599 564 565
f 598 564 599
f 600 565 566
f 599 565 600
f 601 566 567
f 600 566 601
f 602 567 568
f 601 567 602
f 569 604 603
f 602 569 603
f 568 569 602
f 604 569 570
f 604 570 605
f 607 606 605
f 570 607 605
f 571 607 570
f 608 571 572
f 607 571 608
f 609 572 573
f 608 572 609
f 610 573 574
f 609 573 610
f 611 574 575
f 610 574 611
f 612 575 576
f 611 575 612
f 613 576 577
f 612 576 613
f 614 577 578
f 613 577 614
f 615 578 579
f 614 578 615
f 155 616 146
f 616 579 146
f 616 615 579
f 147 580 155
f 580 616 155
f 580 617 616
f 618 580 581
f 617 580 618
f 619 581 582
f 618 581 619
f 584 621 620
f 619 584 620
f 582 584 619
f 621 584 585
f 587 586 622
f 587 622 623
f 624 586 588
f 622 586 624
f 625 588 589
f 624 588 625
f 156 626 150
f 626 589 150
f 626 625 589
f 157 627 156
f 156 627 626
f 158 627 157
f 628 161 590
f 590 161 154
f 629 590 591
f 628 590 629
f 630 591 592
f 629 591 630
f 631 592 593
f 630 592 631
f 632 593 594
f 631 593 632
f 633 594 595
f 632 594 633
f 634 595 596
f 633 595 634
f 635 596 597
f 634 596 635
f 636 597 598
f 635 597 636
f 637 598 599
f 636 598 637
f 638 599 600
f 637 599 638
f 639 600 601
f 638 600 639
f 640 601 602
f 639 601 640
f 602 603 641
f 602 641 640
f 642 606 607
f 644 643 642
f 607 644 642
f 608 644 607
f 645 608 609
f 644 608 645
f 646 609 610
f 645 609 646
f 647 610 611
f 646 610 647
f 648 611 612
f 647 611 648
f 649 612 613
f 648 612 649
f 650 613 614
f 649 613 650
f 651 614 615
f 650 614 651
f 652 615 616
f 651 615 652
f 653 616 617
f 652 616 653
f 654 617 618
f 653 617 654
f 655 618 619
f 654 618 655
f 619 620 656
f 619 656 655
f 623 622 657
f 623 657 658
f 659 622 624
f 657 622 659
f 660 624 625
f 659 624 660
f 661 625 626
f 660 625 661
f 164 661 163
f 661 627 163
f 661 626 627
f 166 163 662
f 163 627 662
f 158 165 662
f 158 662 627
f 167 663 165
f 165 663 662
f 161 628 167
f 628 663 167
f 628 664 663
f 665 628 629
f 664 628 665
f 666 629 630
f 665 629 666
f 667 630 631
f 666 630 667
f 668 631 632
f 667 631 668
f 669 632 633
f 668 632 669
f 670 633 634
f 669 633 670
f 671 634 635
f 670 634 671
f 672 635 636
f 671 635 672
f 673 636 637
f 672 636 673
f 674 637 638
f 673 637 674
f 675 638 639
f 674 638 675
f 640 677 676
f 675 640 676
f 639 640 675
f 677 640 641
f 643 644 678
f 643 678 679
f 680 644 645
f 678 644 680
f 681 645 646
f 680 645 681
f 682 646 647
f 681 646 682
f 683 647 648
f 682 647 683
f 684 648 649
f 683 648 684
f 685 649 650
f 684 649 685
f 686 650 651
f 685 650 686
f 687 651 652
f 686 651 687
f 688 652 653
f 687 652 688
f 689 653 654
f 688 653 689
f 690 654 655
f 689 654 690
f 655 656 691
f 655 691 690
f 658 657 692
f 658 692 693
f 694 657 659
f 692 657 694
f 695 659 660
f 694 659 695
f 696 660 661
f 695 660 696
f 168 697 164
f 697 661 164
f 697 696 661
f 166 662 168
f 662 697 168
f 662 698 697
f 699 662 663
f 698 662 699
f 700 663 664
f 699 663 700
f 701 664 665
f 700 664 701
f 702 665 666
f 701 665 702
f 703 666 667
f 702 666 703
f 704 667 668
f 703 667 704
f 705 668 669
f 704 668 705
f 706 669 670
f 705 669 706
f 707 670 671
f 706 670 707
f 708 671 672
f 707 671 708
f 709 672 673
f 708 672 709
f 710 673 674
f 709 673 710
f 711 674 675
f 710 674 711
f 675 676 712
f 713 675 712
f 711 675 713
f 714 713 712
f 717 716 715
f 715 719 718
f 715 678 719
f 715 716 679
f 678 715 679
f 721 720 719
f 678 721 719
f 680 721 678
f 722 680 681
f 721 680 722
f 723 681 682
f 722 681 723
f 724 682 683
f 723 682 724
f 725 683 684
f 724 683 725
f 726 684 685
f 725 684 726
f 727 685 686
f 726 685 727
f 728 686 687
f 727 686 728
f 729 687 688
f 728 687 729
f 730 688 689
f 729 688 730
f 731 689 690
f 730 689 731
f 690 691 732
f 733 690 732
f 731 690 733
f 734 733 732
f 693 692 735
f 693 735 736
f 737 692 694
f 735 692 737
f 738 694 695
f 737 694 738
f 739 695 696
f 738 695 739
f 740 696 697
f 739 696 740
f 741 697 698
f 740 697 741
f 742 698 699
f 741 698 742
f 743 699 700
f 742 699 743
f 744 700 701
f 743 700 744
f 745 701 702
f 744 701 745
f 746 702 703
f 745 702 746
f 747 703 704
f 746 703 747
f 748 704 705
f 747 704 748
f 749 705 706
f 748 705 749
f 750 706 707
f 749 706 750
f 751 707 708
f 750 707 751
f 752 708 709
f 751 708 752
f 753 709 710
f 752 709 753
f 754 710 711
f 753 710 754
f 713 756 755
f 754 713 755
f 711 713 754
f 756 713 714
f 757 717 715
f 757 715 718
f 720 721 758
f 720 758 759
f 760 721 722
f 758 721 760
f 761 722 723
f 760 722 761
f 762 723 724
f 761 723 762
f 763 724 725
f 762 724 763
f 764 725 726
f 763 725 764
f 765 726 727
f 764 726 765
f 766 727 728
f 765 727 766
f 767 728 729
f 766 728 767
f 768 729 730
f 767 729 768
f 769 730 731
f 768 730 769
f 770 731 733
f 769 731 770
f 733 734 771
f 733 771 770
f 736 735 772
f 736 772 773
f 774 735 737
f 772 735 774
f 775 737 738
f 774 737 775
f 776 738 739
f 775 738 776
f 777 739 740
f 776 739 777
f 778 740 741
f 777 740 778
f 779 741 742
f 778 741 779
f 780 742 743
f 779 742 780
f 781 743 744
f 780 743 781
f 782 744 745
f 781 744 782
f 783 745 746
f 782 745 783
f 784 746 747
f 783 746 784
f 785 747 748
f 784 747 785
f 786 748 749
f 785 748 786
f 787 749 750
f 786 749 787
f 788 750 751
f 787 750 788
f 789 751 752
f 788 751 789
f 790 752 753
f 789 752 790
f 791 753 754
f 790 753 791
f 754 755 792
f 793 754 792
f 791 754 793
f 794 793 792
f 797 796 795
f 795 796 759
f 758 795 759
f 798 795 758
f 799 758 760
f 798 758 799
f 800 760 761
f 799 760 800
f 801 761 762
f 800 761 801
f 802 762 763
f 801 762 802
f 803 763 764
f 802 763 803
f 804 764 765
f 803 764 804
f 805 765 766
f 804 765 805
f 806 766 767
f 805 766 806
f 807 767 768
f 806 767 807
f 808 768 769
f 807 768 808
f 809 769 770
f 808 769 809
f 770 771 810
f 770 810 809
f 773 772 811
f 773 811 812
f 813 772 774
f 811 772 813
f 814 774 775
f 813 774 814
f 815 775 776
f 814 775 815
f 816 776 777
f 815 776 816
f 817 777 778
f 816 777 817
f 818 778 779
f 817 778 818
f 819 779 780
f 818 779 819
f 820 780 781
f 819 780 820
f 821 781 782
f 820 781 821
f 822 782 783
f 821 782 822
f 823 783 784
f 822 783 823
f 824 784 785
f 823 784 824
f 786 826 825
f 824 786 825
f 785 786 824
f 828 827 826
f 786 828 826
f 787 828 786
f 829 787 788
f 828 787 829
f 830 788 789
f 829 788 830
f 831 789 790
f 830 789 831
f 832 790 791
f 831 790 832
f 833 791 793
f 832 791 833
f 793 794 834
f 793 834 833
f 837 836 835
f 797 795 838
f 836 839 835
f 841 840 838
f 795 841 838
f 798 841 795
f 842 798 799
f 841 798 842
f 843 799 800
f 842 799 843
f 801 845 844
f 843 801 844
f 800 801 843
f 847 846 845
f 801 847 845
f 802 847 801
f 848 802 803
f 847 802 848
f 849 803 804
f 848 803 849
f 850 804 805
f 849 804 850
f 851 805 806
f 850 805 851
f 852 806 807
f 851 806 852
f 853 807 808
f 852 807 853
f 809 855 854
f 853 809 854
f 808 809 853
f 855 809 810
f 857 856 170
f 857 170 171
f 172 170 856
f 172 856 858
f 812 811 859
f 812 859 860
f 861 811 813
f 859 811 861
f 862 813 814
f 861 813 862
f 863 814 815
f 862 814 863
f 864 815 816
f 863 815 864
f 865 816 817
f 864 816 865
f 866 817 818
f 865 817 866
f 867 818 819
f 866 818 867
f 868 819 820
f 867 819 868
f 869 820 821
f 868 820 869
f 870 821 822
f 869 821 870
f 871 822 823
f 870 822 871
f 824 873 872
f 871 824 872
f 823 824 871
f 824 874 873
f 824 875 874
f 824 825 876
f 875 824 876
f 875 876 827
f 828 875 827
f 877 875 828
f 878 828 829
f 877 828 878
f 879 829 830
f 878 829 879
f 880 830 831
f 879 830 880
f 881 831 832
f 880 831 881
f 882 832 833
f 881 832 882
f 833 834 883
f 884 833 883
f 882 833 884
f 886 885 884
f 886 884 883
f 885 886 837
f 835 885 837
f 887 885 835
f 835 839 888
f 889 835 888
f 887 835 889
f 840 841 890
f 888 891 889
f 893 892 890
f 841 893 890
f 842 893 841
f 894 842 843
f 893 842 894
f 843 844 895
f 896 843 895
f 894 843 896
f 896 895 846
f 847 896 846
f 897 896 847
f 898 847 848
f 897 847 898
f 899 848 849
f 898 848 899
f 900 849 850
f 899 849 900
f 901 850 851
f 900 850 901
f 902 851 852
f 901 851 902
f 903 852 853
f 902 852 903
f 853 854 904
f 853 904 903
f 174 906 905
f 857 174 905
f 171 174 857
f 858 905 906
f 175 858 906
f 172 858 175
f 860 859 907
f 860 907 908
f 909 859 861
f 907 859 909
f 910 861 862
f 909 861 910
f 911 862 863
f 910 862 911
f 912 863 864
f 911 863 912
f 913 864 865
f 912 864 913
f 914 865 866
f 913 865 914
f 915 866 867
f 914 866 915
f 916 867 868
f 915 867 916
f 917 868 869
f 916 868 917
f 918 869 870
f 917 869 918
f 919 870 871
f 918 870 919
f 871 872 920
f 871 920 919
f 921 874 875
f 921 875 877
f 921 877 922
f 924 923 922
f 877 924 922
f 878 924 877
f 925 878 879
f 924 878 925
f 926 879 880
f 925 879 926
f 927 880 881
f 926 880 927
f 928 881 882
f 927 881 928
f 929 882 884
f 928 882 929
f 930 884 885
f 929 884 930
f 931 885 887
f 930 885 931
f 932 887 889
f 931 887 932
f 889 891 933
f 934 889 933
f 932 889 934
f 934 933 892
f 893 934 892
f 935 934 893
f 936 893 894
f 935 893 936
f 937 894 896
f 936 894 937
f 938 896 897
f 937 896 938
f 939 897 898
f 938 897 939
f 940 898 899
f 939 898 940
f 941 899 900
f 940 899 941
f 942 900 901
f 941 900 942
f 943 901 902
f 942 901 943
f 944 902 903
f 943 902 944
f 903 904 945
f 903 945 944
f 947 946 906
f 174 947 906
f 176 947 174
f 175 906 946
f 948 175 946
f 177 175 948
f 908 907 949
f 908 949 950
f 951 907 909
f 949 907 951
f 952 909 910
f 951 909 952
f 953 910 911
f 952 910 953
f 954 911 912
f 953 911 954
f 955 912 913
f 954 912 955
f 956 913 914
f 955 913 956
f 957 914 915
f 956 914 957
f 958 915 916
f 957 915 958
f 959 916 917
f 958 916 959
f 960 917 918
f 959 917 960
f 961 918 919
f 960 918 961
f 919 920 962
f 963 919 962
f 961 919 963
f 965 964 963
f 965 963 962
f 967 966 964
f 967 964 965
f 966 967 923
f 924 966 923
f 968 966 924
f 969 924 925
f 968 924 969
f 970 925 926
f 969 925 970
f 971 926 927
f 970 926 971
f 972 927 928
f 971 927 972
f 973 928 929
f 972 928 973
f 974 929 930
f 973 929 974
f 975 930 931
f 974 930 975
f 976 931 932
f 975 931 976
f 977 932 934
f 976 932 977
f 978 934 935
f 977 934 978
f 979 935 936
f 978 935 979
f 980 936 937
f 979 936 980
f 981 937 938
f 980 937 981
f 982 938 939
f 981 938 982
f 983 939 940
f 982 939 983
f 984 940 941
f 983 940 984
f 985 941 942
f 984 941 985
f 986 942 943
f 985 942 986
f 987 943 944
f 986 943 987
f 944 945 988
f 944 988 987
f 178 947 176
f 178 989 947
f 948 179 177
f 990 179 948
f 950 949 991
f 950 991 992
f 993 949 951
f 991 949 993
f 994 951 952
f 993 951 994
f 995 952 953
f 994 952 995
f 996 953 954
f 995 953 996
f 997 954 955
f 996 954 997
f 998 955 956
f 997 955 998
f 999 956 957
f 998 956 999
f 1000 957 958
f 999 957 1000
f 1001 958 959
f 1000 958 1001
f 1002 959 960
f 1001 959 1002
f 1003 960 961
f 1002 960 1003
f 1004 961 963
f 1003 961 1004
f 964 1006 1005
f 1004 964 1005
f 963 964 1004
f 1008 1007 1006
f 964 1008 1006
f 966 1008 964
f 1009 966 968
f 1008 966 1009
f 1010 968 969
f 1009 968 1010
f 1011 969 970
f 1010 969 1011
f 1012 970 971
f 1011 970 1012
f 1013 971 972
f 1012 971 1013
f 1014 972 973
f 1013 972 1014
f 1015 973 974
f 1014 973 1015
f 1016 974 975
f 1015 974 1016
f 1017 975 976
f 1016 975 1017
f 1018 976 977
f 1017 976 1018
f 1019 977 978
f 1018 977 1019
f 1020 978 979
f 1019 978 1020
f 1021 979 980
f 1020 979 1021
f 1022 980 981
f 1021 980 1022
f 1023 981 982
f 1022 981 1023
f 1024 982 983
f 1023 982 1024
f 1025 983 984
f 1024 983 1025
f 1026 984 985
f 1025 984 1026
f 1027 985 986
f 1026 985 1027
f 1028 986 987
f 1027 986 1028
f 987 988 1029
f 987 1029 1028
f 1031 989 1030
f 989 180 1030
f 989 178 180
f 990 181 179
f 1032 181 990
f 1033 992 991
f 1035 1034 1033
f 991 1035 1033
f 993 1035 991
f 1036 993 994
f 1035 993 1036
f 1037 994 995
f 1036 994 1037
f 1038 995 996
f 1037 995 1038
f 1039 996 997
f 1038 996 1039
f 1040 997 998
f 1039 997 1040
f 1041 998 999
f 1040 998 1041
f 1042 999 1000
f 1041 999 1042
f 1043 1000 1001
f 1042 1000 1043
f 1044 1001 1002
f 1043 1001 1044
f 1045 1002 1003
f 1044 1002 1045
f 1046 1003 1004
f 1045 1003 1046
f 1004 1005 1047
f 1048 1004 1047
f 1046 1004 1048
f 1048 1047 1007
f 1008 1048 1007
f 1049 1048 1008
f 1050 1008 1009
f 1049 1008 1050
f 1051 1009 1010
f 1050 1009 1051
f 1052 1010 1011
f 1051 1010 1052
f 1053 1011 1012
f 1052 1011 1053
f 1054 1012 1013
f 1053 1012 1054
f 1055 1013 1014
f 1054 1013 1055
f 1056 1014 1015
f 1055 1014 1056
f 1057 1015 1016
f 1056 1015 1057
f 1058 1016 1017
f 1057 1016 1058
f 1059 1017 1018
f 1058 1017 1059
f 1060 1018 1019
f 1059 1018 1060
f 1061 1019 1020
f 1060 1019 1061
f 1062 1020 1021
f 1061 1020 1062
f 1063 1021 1022
f 1062 1021 1063
f 1064 1022 1023
f 1063 1022 1064
f 1065 1023 1024
f 1064 1023 1065
f 1066 1024 1025
f 1065 1024 1066
f 1067 1025 1026
f 1066 1025 1067
f 1068 1026 1027
f 1067 1026 1068
f 1069 1027 1028
f 1068 1027 1069
f 1028 1029 1070
f 1028 1070 1069
f 1030 180 1071
f 180 1072 1071
f 180 182 1072
f 1032 183 181
f 1073 183 1032
f 1076 1075 1074
f 1074 1075 1034
f 1035 1074 1034
f 1077 1074 1035
f 1078 1035 1036
f 1077 1035 1078
f 1079 1036 1037
f 1078 1036 1079
f 1080 1037 1038
f 1079 1037 1080
f 1081 1038 1039
f 1080 1038 1081
f 1082 1039 1040
f 1081 1039 1082
f 1083 1040 1041
f 1082 1040 1083
f 1084 1041 1042
f 1083 1041 1084
f 1085 1042 1043
f 1084 1042 1085
f 1086 1043 1044
f 1085 1043 1086
f 1087 1044 1045
f 1086 1044 1087
f 1088 1045 1046
f 1087 1045 1088
f 1089 1046 1048
f 1088 1046 1089
f 1090 1048 1049
f 1089 1048 1090
f 1091 1049 1050
f 1090 1049 1091
f 1092 1050 1051
f 1091 1050 1092
f 1093 1051 1052
f 1092 1051 1093
f 1094 1052 1053
f 1093 1052 1094
f 1095 1053 1054
f 1094 1053 1095
f 1096 1054 1055
f 1095 1054 1096
f 1097 1055 1056
f 1096 1055 1097
f 1098 1056 1057
f 1097 1056 1098
f 1099 1057 1058
f 1098 1057 1099
f 1100 1058 1059
f 1099 1058 1100
f 1101 1059 1060
f 1100 1059 1101
f 1102 1060 1061
f 1101 1060 1102
f 1103 1061 1062
f 1102 1061 1103
f 1104 1062 1063
f 1103 1062 1104
f 1105 1063 1064
f 1104 1063 1105
f 1106 1064 1065
f 1105 1064 1106
f 1107 1065 1066
f 1106 1065 1107
f 1108 1066 1067
f 1107 1066 1108
f 1109 1067 1068
f 1108 1067 1109
f 1110 1068 1069
f 1109 1068 1110
f 1069 1070 1111
f 1069 1111 1110
f 184 1072 182
f 184 1112 1072
f 185 183 1113
f 183 1114 1113
f 183 1073 1114
f 1113 187 185
f 1076 1074 1115
f 1076 1115 1116
f 1117 1074 1077
f 1115 1074 1117
f 1118 1077 1078
f 1117 1077 1118
f 1119 1078 1079
f 1118 1078 1119
f 1120 1079 1080
f 1119 1079 1120
f 1121 1080 1081
f 1120 1080 1121
f 1122 1081 1082
f 1121 1081 1122
f 1123 1082 1083
f 1122 1082 1123
f 1124 1083 1084
f 1123 1083 1124
f 1125 1084 1085
f 1124 1084 1125
f 1126 1085 1086
f 1125 1085 1126
f 1127 1086 1087
f 1126 1086 1127
f 1128 1087 1088
f 1127 1087 1128
f 1129 1088 1089
f 1128 1088 1129
f 1130 1089 1090
f 1129 1089 1130
f 1131 1090 1091
f 1130 1090 1131
f 1132 1091 1092
f 1131 1091 1132
f 1133 1092 1093
f 1132 1092 1133
f 1134 1093 1094
f 1133 1093 1134
f 1135 1094 1095
f 1134 1094 1135
f 1136 1095 1096
f 1135 1095 1136
f 1137 1096 1097
f 1136 1096 1137
f 1138 1097 1098
f 1137 1097 1138
f 1139 1098 1099
f 1138 1098 1139
f 1140 1099 1100
f 1139 1099 1140
f 1141 1100 1101
f 1140 1100 1141
f 1142 1101 1102
f 1141 1101 1142
f 1143 1102 1103
f 1142 1102 1143
f 1144 1103 1104
f 1143 1103 1144
f 1145 1104 1105
f 1144 1104 1145
f 1146 1105 1106
f 1145 1105 1146
f 1147 1106 1107
f 1146 1106 1147
f 1148 1107 1108
f 1147 1107 1148
f 1149 1108 1109
f 1148 1108 1149
f 1150 1109 1110
f 1149 1109 1150
f 1110 1111 1151
f 1110 1151 1150
f 188 1112 184
f 188 1152 1112
f 1153 191 189
f 1114 1154 1113
f 1155 1113 1154
f 1155 187 1113
f 1155 1153 189
f 187 1155 189
f 1156 1116 1115
f 1158 1157 1156
f 1115 1158 1156
f 1117 1158 1115
f 1159 1117 1118
f 1158 1117 1159
f 1160 1118 1119
f 1159 1118 1160
f 1161 1119 1120
f 1160 1119 1161
f 1162 1120 1121
f 1161 1120 1162
f 1163 1121 1122
f 1162 1121 1163
f 1164 1122 1123
f 1163 1122 1164
f 1165 1123 1124
f 1164 1123 1165
f 1166 1124 1125
f 1165 1124 1166
f 1167 1125 1126
f 1166 1125 1167
f 1168 1126 1127
f 1167 1126 1168
f 1169 1127 1128
f 1168 1127 1169
f 1170 1128 1129
f 1169 1128 1170
f 1171 1129 1130
f 1170 1129 1171
f 1172 1130 1131
f 1171 1130 1172
f 1173 1131 1132
f 1172 1131 1173
f 1174 1132 1133
f 1173 1132 1174
f 1175 1133 1134
f 1174 1133 1175
f 1176 1134 1135
f 1175 1134 1176
f 1177 1135 1136
f 1176 1135 1177
f 1178 1136 1137
f 1177 1136 1178
f 1179 1137 1138
f 1178 1137 1179
f 1180 1138 1139
f 1179 1138 1180
f 1181 1139 1140
f 1180 1139 1181
f 1182 1140 1141
f 1181 1140 1182
f 1183 1141 1142
f 1182 1141 1183
f 1184 1142 1143
f 1183 1142 1184
f 1185 1143 1144
f 1184 1143 1185
f 1186 1144 1145
f 1185 1144 1186
f 1187 1145 1146
f 1186 1145 1187
f 1188 1146 1147
f 1187 1146 1188
f 1189 1147 1148
f 1188 1147 1189
f 1190 1148 1149
f 1189 1148 1190
f 1191 1149 1150
f 1190 1149 1191
f 1150 1151 1192
f 1150 1192 1191
f 192 1152 188
f 192 1193 1152
f 1153 193 191
f 194 193 1153
f 1155 194 1153
f 1194 194 1155
f 1197 1196 1195
f 1195 1196 1157
f 1158 1195 1157
f 1198 1195 1158
f 1199 1158 1159
f 1198 1158 1199
f 1200 1159 1160
f 1199 1159 1200
f 1201 1160 1161
f 1200 1160 1201
f 1202 1161 1162
f 1201 1161 1202
f 1203 1162 1163
f 1202 1162 1203
f 1204 1163 1164
f 1203 1163 1204
f 1205 1164 1165
f 1204 1164 1205
f 1206 1165 1166
f 1205 1165 1206
f 1207 1166 1167
f 1206 1166 1207
f 1208 1167 1168
f 1207 1167 1208
f 1209 1168 1169
f 1208 1168 1209
f 1210 1169 1170
f 1209 1169 1210
f 1211 1170 1171
f 1210 1170 1211
f 1212 1171 1172
f 1211 1171 1212
f 1213 1172 1173
f 1212 1172 1213
f 1214 1173 1174
f 1213 1173 1214
f 1215 1174 1175
f 1214 1174 1215
f 1216 1175 1176
f 1215 1175 1216
f 1217 1176 1177
f 1216 1176 1217
f 1218 1177 1178
f 1217 1177 1218
f 1219 1178 1179
f 1218 1178 1219
f 1220 1179 1180
f 1219 1179 1220
f 1221 1180 1181
f 1220 1180 1221
f 1222 1181 1182
f 1221 1181 1222
f 1223 1182 1183
f 1222 1182 1223
f 1224 1183 1184
f 1223 1183 1224
f 1225 1184 1185
f 1224 1184 1225
f 1226 1185 1186
f 1225 1185 1226
f 1227 1186 1187
f 1226 1186 1227
f 197 1227 196
f 1227 1188 196
f 1227 1187 1188
f 196 1188 199
f 199 1188 1189
f 199 1189 200
f 1189 1228 200
f 1189 1190 1228
f 1229 1190 1191
f 1228 1190 1229
f 1191 1192 1230
f 1231 1191 1230
f 1229 1191 1231
f 1232 1231 1230
f 201 1193 192
f 201 1233 1193
f 1194 202 194
f 1234 202 1194
f 1197 1195 1235
f 1197 1235 1236
f 1237 1195 1198
f 1235 1195 1237
f 1238 1198 1199
f 1237 1198 1238
f 1239 1199 1200
f 1238 1199 1239
f 1240 1200 1201
f 1239 1200 1240
f 1241 1201 1202
f 1240 1201 1241
f 1242 1202 1203
f 1241 1202 1242
f 1243 1203 1204
f 1242 1203 1243
f 1244 1204 1205
f 1243 1204 1244
f 1245 1205 1206
f 1244 1205 1245
f 1246 1206 1207
f 1245 1206 1246
f 1247 1207 1208
f 1246 1207 1247
f 1248 1208 1209
f 1247 1208 1248
f 1249 1209 1210
f 1248 1209 1249
f 1250 1210 1211
f 1249 1210 1250
f 1251 1211 1212
f 1250 1211 1251
f 1252 1212 1213
f 1251 1212 1252
f 1253 1213 1214
f 1252 1213 1253
f 1254 1214 1215
f 1253 1214 1254
f 1255 1215 1216
f 1254 1215 1255
f 1256 1216 1217
f 1255 1216 1256
f 1257 1217 1218
f 1256 1217 1257
f 1258 1218 1219
f 1257 1218 1258
f 1259 1219 1220
f 1258 1219 1259
f 1260 1220 1221
f 1259 1220 1260
f 1261 1221 1222
f 1260 1221 1261
f 1262 1222 1223
f 1261 1222 1262
f 1263 1223 1224
f 1262 1223 1263
f 1264 1224 1225
f 1263 1224 1264
f 1265 1225 1226
f 1264 1225 1265
f 205 1265 204
f 1265 1227 204
f 1265 1226 1227
f 204 1227 197
f 1266 208 1228
f 1228 208 200
f 211 1266 210
f 1266 1229 210
f 1266 1228 1229
f 210 1229 212
f 1229 1267 212
f 1229 1231 1267
f 1231 1232 1268
f 1231 1268 1267
f 213 1233 201
f 213 1269 1233
f 1234 216 202
f 1270 216 1234
f 1236 1235 1271
f 1236 1271 1272
f 1273 1235 1237
f 1271 1235 1273
f 1274 1237 1238
f 1273 1237 1274
f 1275 1238 1239
f 1274 1238 1275
f 1276 1239 1240
f 1275 1239 1276
f 1277 1240 1241
f 1276 1240 1277
f 1278 1241 1242
f 1277 1241 1278
f 1279 1242 1243
f 1278 1242 1279
f 1280 1243 1244
f 1279 1243 1280
f 1281 1244 1245
f 1280 1244 1281
f 1282 1245 1246
f 1281 1245 1282
f 1283 1246 1247
f 1282 1246 1283
f 1284 1247 1248
f 1283 1247 1284
f 1285 1248 1249
f 1284 1248 1285
f 1286 1249 1250
f 1285 1249 1286
f 1287 1250 1251
f 1286 1250 1287
f 1288 1251 1252
f 1287 1251 1288
f 1289 1252 1253
f 1288 1252 1289
f 1290 1253 1254
f 1289 1253 1290
f 1291 1254 1255
f 1290 1254 1291
f 1292 1255 1256
f 1291 1255 1292
f 1293 1256 1257
f 1292 1256 1293
f 1294 1257 1258
f 1293 1257 1294
f 1295 1258 1259
f 1294 1258 1295
f 1296 1259 1260
f 1295 1259 1296
f 1297 1260 1261
f 1296 1260 1297
f 1298 1261 1262
f 1297 1261 1298
f 1299 1262 1263
f 1298 1262 1299
f 1300 1263 1264
f 1299 1263 1300
f 1301 1264 1265
f 1300 1264 1301
f 218 1301 205
f 205 1301 1265
f 1302 221 1266
f 1266 221 208
f 222 1303 211
f 1303 1266 211
f 1303 1302 1266
f 212 1267 222
f 1267 1303 222
f 1267 1304 1303
f 1267 1268 1305
f 1267 1305 1304
f 223 1269 213
f 223 1306 1269
f 1270 225 216
f 1307 225 1270
f 1308 1272 1271
f 1310 1309 1308
f 1271 1310 1308
f 1273 1310 1271
f 1311 1273 1274
f 1310 1273 1311
f 1312 1274 1275
f 1311 1274 1312
f 1313 1275 1276
f 1312 1275 1313
f 1314 1276 1277
f 1313 1276 1314
f 1315 1277 1278
f 1314 1277 1315
f 1316 1278 1279
f 1315 1278 1316
f 1317 1279 1280
f 1316 1279 1317
f 1318 1280 1281
f 1317 1280 1318
f 1319 1281 1282
f 1318 1281 1319
f 1320 1282 1283
f 1319 1282 1320
f 1321 1283 1284
f 1320 1283 1321
f 1322 1284 1285
f 1321 1284 1322
f 1323 1285 1286
f 1322 1285 1323
f 1324 1286 1287
f 1323 1286 1324
f 1325 1287 1288
f 1324 1287 1325
f 1326 1288 1289
f 1325 1288 1326
f 1327 1289 1290
f 1326 1289 1327
f 1328 1290 1291
f 1327 1290 1328
f 1329 1291 1292
f 1328 1291 1329
f 1330 1292 1293
f 1329 1292 1330
f 1331 1293 1294
f 1330 1293 1331
f 1332 1294 1295
f 1331 1294 1332
f 1333 1295 1296
f 1332 1295 1333
f 1334 1296 1297
f 1333 1296 1334
f 1335 1297 1298
f 1334 1297 1335
f 1336 1298 1299
f 1335 1298 1336
f 1337 1299 1300
f 1336 1299 1337
f 1338 1300 1301
f 1337 1300 1338
f 226 1339 218
f 1339 1301 218
f 1339 1338 1301
f 227 1340 226
f 226 1340 1339
f 228 1340 227
f 1341 230 1302
f 1302 230 221
f 233 1341 232
f 1341 1303 232
f 1341 1302 1303
f 232 1303 234
f 1303 1342 234
f 1303 1304 1342
f 1304 1305 1343
f 1304 1343 1342
f 1345 1344 235
f 1344 223 235
f 1344 1306 223
f 1307 238 225
f 1346 238 1307
f 1309 1310 1347
f 1309 1347 1348
f 1349 1310 1311
f 1347 1310 1349
f 1350 1311 1312
f 1349 1311 1350
f 1351 1312 1313
f 1350 1312 1351
f 1352 1313 1314
f 1351 1313 1352
f 1353 1314 1315
f 1352 1314 1353
f 1354 1315 1316
f 1353 1315 1354
f 1355 1316 1317
f 1354 1316 1355
f 1356 1317 1318
f 1355 1317 1356
f 1357 1318 1319
f 1356 1318 1357
f 1358 1319 1320
f 1357 1319 1358
f 1359 1320 1321
f 1358 1320 1359
f 1360 1321 1322
f 1359 1321 1360
f 1361 1322 1323
f 1360 1322 1361
f 1362 1323 1324
f 1361 1323 1362
f 1363 1324 1325
f 1362 1324 1363
f 1364 1325 1326
f 1363 1325 1364
f 1365 1326 1327
f 1364 1326 1365
f 1366 1327 1328
f 1365 1327 1366
f 1367 1328 1329
f 1366 1328 1367
f 1368 1329 1330
f 1367 1329 1368
f 1369 1330 1331
f 1368 1330 1369
f 1370 1331 1332
f 1369 1331 1370
f 1371 1332 1333
f 1370 1332 1371
f 1372 1333 1334
f 1371 1333 1372
f 1373 1334 1335
f 1372 1334 1373
f 1374 1335 1336
f 1373 1335 1374
f 1375 1336 1337
f 1374 1336 1375
f 1376 1337 1338
f 1375 1337 1376
f 1377 1338 1339
f 1376 1338 1377
f 1378 1339 1340
f 1377 1339 1378
f 239 1379 228
f 1379 1340 228
f 1379 1378 1340
f 230 1341 239
f 1341 1379 239
f 1341 1380 1379
f 241 1380 233
f 233 1380 1341
f 1381 242 1342
f 1342 242 234
f 1342 1343 1382
f 1342 1382 1381
f 243 244 1345
f 244 1344 1345
f 244 1383 1344
f 1346 246 238
f 1384 246 1346
f 1348 1347 1385
f 1348 1385 1386
f 1387 1347 1349
f 1385 1347 1387
f 1388 1349 1350
f 1387 1349 1388
f 1389 1350 1351
f 1388 1350 1389
f 1390 1351 1352
f 1389 1351 1390
f 1391 1352 1353
f 1390 1352 1391
f 1392 1353 1354
f 1391 1353 1392
f 1393 1354 1355
f 1392 1354 1393
f 1394 1355 1356
f 1393 1355 1394
f 1395 1356 1357
f 1394 1356 1395
f 1396 1357 1358
f 1395 1357 1396
f 1397 1358 1359
f 1396 1358 1397
f 1398 1359 1360
f 1397 1359 1398
f 1399 1360 1361
f 1398 1360 1399
f 1400 1361 1362
f 1399 1361 1400
f 1401 1362 1363
f 1400 1362 1401
f 1402 1363 1364
f 1401 1363 1402
f 1403 1364 1365
f 1402 1364 1403
f 1404 1365 1366
f 1403 1365 1404
f 1405 1366 1367
f 1404 1366 1405
f 1406 1367 1368
f 1405 1367 1406
f 1407 1368 1369
f 1406 1368 1407
f 1408 1369 1370
f 1407 1369 1408
f 1409 1370 1371
f 1408 1370 1409
f 1410 1371 1372
f 1409 1371 1410
f 1411 1372 1373
f 1410 1372 1411
f 1412 1373 1374
f 1411 1373 1412
f 1413 1374 1375
f 1412 1374 1413
f 1414 1375 1376
f 1413 1375 1414
f 1415 1376 1377
f 1414 1376 1415
f 1416 1377 1378
f 1415 1377 1416
f 1417 1378 1379
f 1416 1378 1417
f 1418 1379 1380
f 1417 1379 1418
f 248 1418 241
f 241 1418 1380
f 1419 249 1381
f 1381 249 242
f 1381 1382 1420
f 1381 1420 1419
f 250 1383 244
f 250 1421 1383
f 1384 252 246
f 1422 252 1384
f 1386 1385 1423
f 1386 1423 1424
f 1425 1385 1387
f 1423 1385 1425
f 1426 1387 1388
f 1425 1387 1426
f 1427 1388 1389
f 1426 1388 1427
f 1428 1389 1390
f 1427 1389 1428
f 1429 1390 1391
f 1428 1390 1429
f 1430 1391 1392
f 1429 1391 1430
f 1431 1392 1393
f 1430 1392 1431
f 1432 1393 1394
f 1431 1393 1432
f 1433 1394 1395
f 1432 1394 1433
f 1434 1395 1396
f 1433 1395 1434
f 1435 1396 1397
f 1434 1396 1435
f 1436 1397 1398
f 1435 1397 1436
f 1437 1398 1399
f 1436 1398 1437
f 1438 1399 1400
f 1437 1399 1438
f 1439 1400 1401
f 1438 1400 1439
f 1440 1401 1402
f 1439 1401 1440
f 1441 1402 1403
f 1440 1402 1441
f 1442 1403 1404
f 1441 1403 1442
f 1443 1404 1405
f 1442 1404 1443
f 1444 1405 1406
f 1443 1405 1444
f 1445 1406 1407
f 1444 1406 1445
f 1446 1407 1408
f 1445 1407 1446
f 1447 1408 1409
f 1446 1408 1447
f 1448 1409 1410
f 1447 1409 1448
f 1449 1410 1411
f 1448 1410 1449
f 1450 1411 1412
f 1449 1411 1450
f 1451 1412 1413
f 1450 1412 1451
f 1452 1413 1414
f 1451 1413 1452
f 1453 1414 1415
f 1452 1414 1453
f 1454 1415 1416
f 1453 1415 1454
f 1455 1416 1417
f 1454 1416 1455
f 1456 1417 1418
f 1455 1417 1456
f 254 1456 248
f 248 1456 1418
f 1457 255 1419
f 1419 255 249
f 1419 1420 1458
f 1419 1458 1457
f 256 1421 250
f 256 1459 1421
f 1460 257 258
f 1461 1460 258
f 252 1461 258
f 1422 1461 252
f 1424 1423 1462
f 1424 1462 1463
f 1464 1423 1425
f 1462 1423 1464
f 1465 1425 1426
f 1464 1425 1465
f 1466 1426 1427
f 1465 1426 1466
f 1467 1427 1428
f 1466 1427 1467
f 1468 1428 1429
f 1467 1428 1468
f 1469 1429 1430
f 1468 1429 1469
f 1470 1430 1431
f 1469 1430 1470
f 1471 1431 1432
f 1470 1431 1471
f 1472 1432 1433
f 1471 1432 1472
f 1473 1433 1434
f 1472 1433 1473
f 1474 1434 1435
f 1473 1434 1474
f 1475 1435 1436
f 1474 1435 1475
f 1476 1436 1437
f 1475 1436 1476
f 1477 1437 1438
f 1476 1437 1477
f 1478 1438 1439
f 1477 1438 1478
f 1479 1439 1440
f 1478 1439 1479
f 1480 1440 1441
f 1479 1440 1480
f 1481 1441 1442
f 1480 1441 1481
f 1482 1442 1443
f 1481 1442 1482
f 1483 1443 1444
f 1482 1443 1483
f 1484 1444 1445
f 1483 1444 1484
f 1485 1445 1446
f 1484 1445 1485
f 1486 1446 1447
f 1485 1446 1486
f 1487 1447 1448
f 1486 1447 1487
f 1488 1448 1449
f 1487 1448 1488
f 1489 1449 1450
f 1488 1449 1489
f 1490 1450 1451
f 1489 1450 1490
f 1491 1451 1452
f 1490 1451 1491
f 1492 1452 1453
f 1491 1452 1492
f 261 1492 260
f 1492 1454 260
f 1492 1453 1454
f 260 1454 262
f 1454 1493 262
f 1454 1455 1493
f 1494 1455 1456
f 1493 1455 1494
f 264 1494 254
f 254 1494 1456
f 1495 265 1457
f 1457 265 255
f 1457 1458 1496
f 1457 1496 1495
f 1498 1459 1497
f 1459 266 1497
f 1459 256 266
f 1500 1499 1460
f 1499 257 1460
f 1499 267 257
f 1500 1460 1461
f 1463 1462 1501
f 1463 1501 1502
f 1503 1462 1464
f 1501 1462 1503
f 1504 1464 1465
f 1503 1464 1504
f 1505 1465 1466
f 1504 1465 1505
f 1506 1466 1467
f 1505 1466 1506
f 1507 1467 1468
f 1506 1467 1507
f 1508 1468 1469
f 1507 1468 1508
f 1509 1469 1470
f 1508 1469 1509
f 1510 1470 1471
f 1509 1470 1510
f 1511 1471 1472
f 1510 1471 1511
f 1512 1472 1473
f 1511 1472 1512
f 1513 1473 1474
f 1512 1473 1513
f 1514 1474 1475
f 1513 1474 1514
f 1515 1475 1476
f 1514 1475 1515
f 1516 1476 1477
f 1515 1476 1516
f 1517 1477 1478
f 1516 1477 1517
f 1518 1478 1479
f 1517 1478 1518
f 1519 1479 1480
f 1518 1479 1519
f 1520 1480 1481
f 1519 1480 1520
f 1521 1481 1482
f 1520 1481 1521
f 1522 1482 1483
f 1521 1482 1522
f 1523 1483 1484
f 1522 1483 1523
f 1524 1484 1485
f 1523 1484 1524
f 1525 1485 1486
f 1524 1485 1525
f 1526 1486 1487
f 1525 1486 1526
f 1527 1487 1488
f 1526 1487 1527
f 1528 1488 1489
f 1527 1488 1528
f 1529 1489 1490
f 1528 1489 1529
f 1530 1490 1491
f 1529 1490 1530
f 1531 1491 1492
f 1530 1491 1531
f 269 1531 261
f 261 1531 1492
f 1493 270 262
f 270 1493 273
f 273 1493 1494
f 273 1494 264
f 1532 275 1495
f 1495 275 265
f 1495 1496 1533
f 1495 1533 1532
f 1497 266 1534
f 266 1535 1534
f 266 277 1535
f 1499 278 267
f 1536 278 1499
f 1539 1538 1537
f 1537 1538 1502
f 1501 1537 1502
f 1540 1537 1501
f 1541 1501 1503
f 1540 1501 1541
f 1542 1503 1504
f 1541 1503 1542
f 1543 1504 1505
f 1542 1504 1543
f 1544 1505 1506
f 1543 1505 1544
f 1545 1506 1507
f 1544 1506 1545
f 1546 1507 1508
f 1545 1507 1546
f 1547 1508 1509
f 1546 1508 1547
f 1548 1509 1510
f 1547 1509 1548
f 1549 1510 1511
f 1548 1510 1549
f 1550 1511 1512
f 1549 1511 1550
f 1551 1512 1513
f 1550 1512 1551
f 1552 1513 1514
f 1551 1513 1552
f 1553 1514 1515
f 1552 1514 1553
f 1554 1515 1516
f 1553 1515 1554
f 1555 1516 1517
f 1554 1516 1555
f 1556 1517 1518
f 1555 1517 1556
f 1557 1518 1519
f 1556 1518 1557
f 1558 1519 1520
f 1557 1519 1558
f 1559 1520 1521
f 1558 1520 1559
f 1560 1521 1522
f 1559 1521 1560
f 1561 1522 1523
f 1560 1522 1561
f 1562 1523 1524
f 1561 1523 1562
f 1563 1524 1525
f 1562 1524 1563
f 1564 1525 1526
f 1563 1525 1564
f 1565 1526 1527
f 1564 1526 1565
f 1566 1527 1528
f 1565 1527 1566
f 1567 1528 1529
f 1566 1528 1567
f 1568 1529 1530
f 1567 1529 1568
f 281 1568 280
f 1568 1531 280
f 1568 1530 1531
f 280 1531 269
f 1569 286 1532
f 1532 286 275
f 1532 1533 1570
f 1532 1570 1569
f 288 1535 277
f 288 1571 1535
f 1536 289 278
f 1572 289 1536
f 1573 1539 1537
f 1575 1574 1573
f 1537 1575 1573
f 1540 1575 1537
f 1576 1540 1541
f 1575 1540 1576
f 1577 1541 1542
f 1576 1541 1577
f 1578 1542 1543
f 1577 1542 1578
f 1579 1543 1544
f 1578 1543 1579
f 1580 1544 1545
f 1579 1544 1580
f 1581 1545 1546
f 1580 1545 1581
f 1582 1546 1547
f 1581 1546 1582
f 1583 1547 1548
f 1582 1547 1583
f 1584 1548 1549
f 1583 1548 1584
f 1585 1549 1550
f 1584 1549 1585
f 1586 1550 1551
f 1585 1550 1586
f 1587 1551 1552
f 1586 1551 1587
f 1588 1552 1553
f 1587 1552 1588
f 1589 1553 1554
f 1588 1553 1589
f 1590 1554 1555
f 1589 1554 1590
f 1591 1555 1556
f 1590 1555 1591
f 1592 1556 1557
f 1591 1556 1592
f 1593 1557 1558
f 1592 1557 1593
f 1594 1558 1559
f 1593 1558 1594
f 1595 1559 1560
f 1594 1559 1595
f 1596 1560 1561
f 1595 1560 1596
f 1597 1561 1562
f 1596 1561 1597
f 1598 1562 1563
f 1597 1562 1598
f 1599 1563 1564
f 1598 1563 1599
f 1600 1564 1565
f 1599 1564 1600
f 1601 1565 1566
f 1600 1565 1601
f 1602 1566 1567
f 1601 1566 1602
f 1603 1567 1568
f 1602 1567 1603
f 291 1603 281
f 281 1603 1568
f 1604 296 1569
f 1569 296 286
f 1569 1570 1605
f 1569 1605 1604
f 288 297 1606
f 1607 288 1606
f 1571 288 1607
f 1608 1606 297
f 289 1608 297
f 1572 1608 289
f 1574 1575 1609
f 1574 1609 1610
f 1611 1575 1576
f 1609 1575 1611
f 1612 1576 1577
f 1611 1576 1612
f 1613 1577 1578
f 1612 1577 1613
f 1614 1578 1579
f 1613 1578 1614
f 1615 1579 1580
f 1614 1579 1615
f 1616 1580 1581
f 1615 1580 1616
f 1617 1581 1582
f 1616 1581 1617
f 1618 1582 1583
f 1617 1582 1618
f 1619 1583 1584
f 1618 1583 1619
f 1620 1584 1585
f 1619 1584 1620
f 1621 1585 1586
f 1620 1585 1621
f 1622 1586 1587
f 1621 1586 1622
f 1623 1587 1588
f 1622 1587 1623
f 1624 1588 1589
f 1623 1588 1624
f 1625 1589 1590
f 1624 1589 1625
f 1626 1590 1591
f 1625 1590 1626
f 1627 1591 1592
f 1626 1591 1627
f 1628 1592 1593
f 1627 1592 1628
f 1629 1593 1594
f 1628 1593 1629
f 1630 1594 1595
f 1629 1594 1630
f 1631 1595 1596
f 1630 1595 1631
f 1632 1596 1597
f 1631 1596 1632
f 1633 1597 1598
f 1632 1597 1633
f 1634 1598 1599
f 1633 1598 1634
f 1635 1599 1600
f 1634 1599 1635
f 1636 1600 1601
f 1635 1600 1636
f 1637 1601 1602
f 1636 1601 1637
f 1638 1602 1603
f 1637 1602 1638
f 299 1638 291
f 291 1638 1603
f 1639 304 1604
f 1604 304 296
f 1604 1605 1640
f 1604 1640 1639
f 1607 1606 1641
f 1607 1641 1642
f 1606 1608 1643
f 1606 1643 1641
f 1610 1609 1644
f 1610 1644 1645
f 1646 1609 1611
f 1644 1609 1646
f 1647 1611 1612
f 1646 1611 1647
f 1648 1612 1613
f 1647 1612 1648
f 1649 1613 1614
f 1648 1613 1649
f 1650 1614 1615
f 1649 1614 1650
f 1651 1615 1616
f 1650 1615 1651
f 1652 1616 1617
f 1651 1616 1652
f 1653 1617 1618
f 1652 1617 1653
f 1654 1618 1619
f 1653 1618 1654
f 1655 1619 1620
f 1654 1619 1655
f 1656 1620 1621
f 1655 1620 1656
f 1657 1621 1622
f 1656 1621 1657
f 1658 1622 1623
f 1657 1622 1658
f 1659 1623 1624
f 1658 1623 1659
f 1660 1624 1625
f 1659 1624 1660
f 1661 1625 1626
f 1660 1625 1661
f 1662 1626 1627
f 1661 1626 1662
f 1663 1627 1628
f 1662 1627 1663
f 1629 1665 1664
f 1663 1629 1664
f 1628 1629 1663
f 1667 1666 1665
f 1629 1667 1665
f 1630 1667 1629
f 1668 1630 1631
f 1667 1630 1668
f 1669 1631 1632
f 1668 1631 1669
f 1670 1632 1633
f 1669 1632 1670
f 1671 1633 1634
f 1670 1633 1671
f 1672 1634 1635
f 1671 1634 1672
f 1673 1635 1636
f 1672 1635 1673
f 1674 1636 1637
f 1673 1636 1674
f 1675 1637 1638
f 1674 1637 1675
f 306 1675 299
f 299 1675 1638
f 1676 311 1639
f 1639 311 304
f 1639 1640 1677
f 1639 1677 1676
f 1642 1679 1678
f 1642 314 1679
f 1642 1641 313
f 314 1642 313
f 315 1678 1679
f 315 1643 1678
f 315 313 1641
f 1643 315 1641
f 1645 1644 1680
f 1645 1680 1681
f 1682 1644 1646
f 1680 1644 1682
f 1683 1646 1647
f 1682 1646 1683
f 1684 1647 1648
f 1683 1647 1684
f 1685 1648 1649
f 1684 1648 1685
f 1686 1649 1650
f 1685 1649 1686
f 1687 1650 1651
f 1686 1650 1687
f 1688 1651 1652
f 1687 1651 1688
f 1689 1652 1653
f 1688 1652 1689
f 1690 1653 1654
f 1689 1653 1690
f 1691 1654 1655
f 1690 1654 1691
f 1692 1655 1656
f 1691 1655 1692
f 1693 1656 1657
f 1692 1656 1693
f 1694 1657 1658
f 1693 1657 1694
f 1695 1658 1659
f 1694 1658 1695
f 1696 1659 1660
f 1695 1659 1696
f 1697 1660 1661
f 1696 1660 1697
f 1698 1661 1662
f 1697 1661 1698
f 1699 1662 1663
f 1698 1662 1699
f 1663 1664 1700
f 1663 1700 1699
f 1666 1667 1701
f 1666 1701 1702
f 1703 1667 1668
f 1701 1667 1703
f 1704 1668 1669
f 1703 1668 1704
f 1705 1669 1670
f 1704 1669 1705
f 1706 1670 1671
f 1705 1670 1706
f 1707 1671 1672
f 1706 1671 1707
f 1708 1672 1673
f 1707 1672 1708
f 1709 1673 1674
f 1708 1673 1709
f 1710 1674 1675
f 1709 1674 1710
f 317 1710 306
f 306 1710 1675
f 1711 320 321
f 322 1712 321
f 321 1712 1711
f 311 1676 322
f 1676 1712 322
f 1676 1713 1712
f 1676 1677 1714
f 1676 1714 1713
f 323 1679 314
f 1679 323 315
f 1681 1680 1715
f 1681 1715 1716
f 1717 1680 1682
f 1715 1680 1717
f 1718 1682 1683
f 1717 1682 1718
f 1719 1683 1684
f 1718 1683 1719
f 1720 1684 1685
f 1719 1684 1720
f 1721 1685 1686
f 1720 1685 1721
f 1722 1686 1687
f 1721 1686 1722
f 1723 1687 1688
f 1722 1687 1723
f 1724 1688 1689
f 1723 1688 1724
f 1725 1689 1690
f 1724 1689 1725
f 1726 1690 1691
f 1725 1690 1726
f 1727 1691 1692
f 1726 1691 1727
f 1728 1692 1693
f 1727 1692 1728
f 1729 1693 1694
f 1728 1693 1729
f 1730 1694 1695
f 1729 1694 1730
f 1731 1695 1696
f 1730 1695 1731
f 1732 1696 1697
f 1731 1696 1732
f 1733 1697 1698
f 1732 1697 1733
f 1734 1698 1699
f 1733 1698 1734
f 1699 1700 1735
f 1736 1699 1735
f 1734 1699 1736
f 1736 1735 1702
f 1701 1736 1702
f 1737 1736 1701
f 1738 1701 1703
f 1737 1701 1738
f 1739 1703 1704
f 1738 1703 1739
f 1740 1704 1705
f 1739 1704 1740
f 1741 1705 1706
f 1740 1705 1741
f 1742 1706 1707
f 1741 1706 1742
f 1743 1707 1708
f 1742 1707 1743
f 1744 1708 1709
f 1743 1708 1744
f 1745 1709 1710
f 1744 1709 1745
f 325 1745 317
f 317 1745 1710
f 1711 328 320
f 328 1711 330
f 1711 1746 330
f 1711 1712 1746
f 1713 1748 1747
f 1746 1713 1747
f 1712 1713 1746
f 1748 1713 1714
f 1716 1715 1749
f 1716 1749 1750
f 1751 1715 1717
f 1749 1715 1751
f 1752 1717 1718
f 1751 1717 1752
f 1753 1718 1719
f 1752 1718 1753
f 1754 1719 1720
f 1753 1719 1754
f 1755 1720 1721
f 1754 1720 1755
f 1756 1721 1722
f 1755 1721 1756
f 1757 1722 1723
f 1756 1722 1757
f 1758 1723 1724
f 1757 1723 1758
f 1759 1724 1725
f 1758 1724 1759
f 1760 1725 1726
f 1759 1725 1760
f 1761 1726 1727
f 1760 1726 1761
f 1762 1727 1728
f 1761 1727 1762
f 1763 1728 1729
f 1762 1728 1763
f 1764 1729 1730
f 1763 1729 1764
f 1765 1730 1731
f 1764 1730 1765
f 1766 1731 1732
f 1765 1731 1766
f 1767 1732 1733
f 1766 1732 1767
f 1768 1733 1734
f 1767 1733 1768
f 1769 1734 1736
f 1768 1734 1769
f 1770 1736 1737
f 1769 1736 1770
f 1771 1737 1738
f 1770 1737 1771
f 1772 1738 1739
f 1771 1738 1772
f 1773 1739 1740
f 1772 1739 1773
f 1774 1740 1741
f 1773 1740 1774
f 1775 1741 1742
f 1774 1741 1775
f 1776 1742 1743
f 1775 1742 1776
f 1777 1743 1744
f 1776 1743 1777
f 1778 1744 1745
f 1777 1744 1778
f 332 1778 325
f 325 1778 1745
f 1746 336 330
f 338 336 1746
f 1747 338 1746
f 1779 338 1747
f 1750 1749 1780
f 1750 1780 1781
f 1782 1749 1751
f 1780 1749 1782
f 1783 1751 1752
f 1782 1751 1783
f 1784 1752 1753
f 1783 1752 1784
f 1785 1753 1754
f 1784 1753 1785
f 1786 1754 1755
f 1785 1754 1786
f 1787 1755 1756
f 1786 1755 1787
f 1788 1756 1757
f 1787 1756 1788
f 1789 1757 1758
f 1788 1757 1789
f 1790 1758 1759
f 1789 1758 1790
f 1791 1759 1760
f 1790 1759 1791
f 1792 1760 1761
f 1791 1760 1792
f 1793 1761 1762
f 1792 1761 1793
f 1794 1762 1763
f 1793 1762 1794
f 1795 1763 1764
f 1794 1763 1795
f 1796 1764 1765
f 1795 1764 1796
f 1797 1765 1766
f 1796 1765 1797
f 1798 1766 1767
f 1797 1766 1798
f 1799 1767 1768
f 1798 1767 1799
f 1800 1768 1769
f 1799 1768 1800
f 1801 1769 1770
f 1800 1769 1801
f 1802 1770 1771
f 1801 1770 1802
f 1803 1771 1772
f 1802 1771 1803
f 1804 1772 1773
f 1803 1772 1804
f 1805 1773 1774
f 1804 1773 1805
f 1806 1774 1775
f 1805 1774 1806
f 1807 1775 1776
f 1806 1775 1807
f 1808 1776 1777
f 1807 1776 1808
f 1809 1777 1778
f 1808 1777 1809
f 339 1810 332
f 1810 1778 332
f 1810 1809 1778
f 340 1810 339
f 1811 342 343
f 344 1812 343
f 343 1812 1811
f 345 1813 344
f 344 1813 1812
f 338 1779 1814
f 1813 338 1814
f 1815 1813 1814
f 345 338 1813
f 1816 1815 1814
f 1781 1780 1817
f 1781 1817 1818
f 1819 1780 1782
f 1817 1780 1819
f 1820 1782 1783
f 1819 1782 1820
f 1821 1783 1784
f 1820 1783 1821
f 1822 1784 1785
f 1821 1784 1822
f 1823 1785 1786
f 1822 1785 1823
f 1824 1786 1787
f 1823 1786 1824
f 1825 1787 1788
f 1824 1787 1825
f 1826 1788 1789
f 1825 1788 1826
f 1827 1789 1790
f 1826 1789 1827
f 1828 1790 1791
f 1827 1790 1828
f 1829 1791 1792
f 1828 1791 1829
f 1830 1792 1793
f 1829 1792 1830
f 1831 1793 1794
f 1830 1793 1831
f 1832 1794 1795
f 1831 1794 1832
f 1833 1795 1796
f 1832 1795 1833
f 1834 1796 1797
f 1833 1796 1834
f 1835 1797 1798
f 1834 1797 1835
f 1836 1798 1799
f 1835 1798 1836
f 1837 1799 1800
f 1836 1799 1837
f 1838 1800 1801
f 1837 1800 1838
f 1839 1801 1802
f 1838 1801 1839
f 1840 1802 1803
f 1839 1802 1840
f 1841 1803 1804
f 1840 1803 1841
f 1842 1804 1805
f 1841 1804 1842
f 1843 1805 1806
f 1842 1805 1843
f 1844 1806 1807
f 1843 1806 1844
f 1845 1807 1808
f 1844 1807 1845
f 1846 1808 1809
f 1845 1808 1846
f 348 1846 347
f 1846 1810 347
f 1846 1809 1810
f 347 1810 340
f 1847 349 350
f 342 1811 350
f 1811 1847 350
f 1811 1848 1847
f 1849 1811 1812
f 1848 1811 1849
f 1850 1812 1813
f 1849 1812 1850
f 1851 1813 1815
f 1850 1813 1851
f 1815 1816 1852
f 1815 1852 1851
f 1818 1817 1853
f 1818 1853 1854
f 1855 1817 1819
f 1853 1817 1855
f 1856 1819 1820
f 1855 1819 1856
f 1857 1820 1821
f 1856 1820 1857
f 353 1857 352
f 1857 1822 352
f 1857 1821 1822
f 352 1822 354
f 1822 1858 354
f 1822 1823 1858
f 1859 1823 1824
f 1858 1823 1859
f 1860 1824 1825
f 1859 1824 1860
f 1861 1825 1826
f 1860 1825 1861
f 1862 1826 1827
f 1861 1826 1862
f 1863 1827 1828
f 1862 1827 1863
f 1864 1828 1829
f 1863 1828 1864
f 1865 1829 1830
f 1864 1829 1865
f 1866 1830 1831
f 1865 1830 1866
f 1867 1831 1832
f 1866 1831 1867
f 1868 1832 1833
f 1867 1832 1868
f 1869 1833 1834
f 1868 1833 1869
f 1870 1834 1835
f 1869 1834 1870
f 1871 1835 1836
f 1870 1835 1871
f 1872 1836 1837
f 1871 1836 1872
f 1873 1837 1838
f 1872 1837 1873
f 1874 1838 1839
f 1873 1838 1874
f 1875 1839 1840
f 1874 1839 1875
f 1876 1840 1841
f 1875 1840 1876
f 1877 1841 1842
f 1876 1841 1877
f 1878 1842 1843
f 1877 1842 1878
f 1879 1843 1844
f 1878 1843 1879
f 1880 1844 1845
f 1879 1844 1880
f 1881 1845 1846
f 1880 1845 1881
f 356 1881 348
f 348 1881 1846
f 1847 357 349
f 357 1847 359
f 1847 1882 359
f 1847 1848 1882
f 1883 1848 1849
f 1882 1848 1883
f 1884 1849 1850
f 1883 1849 1884
f 1885 1850 1851
f 1884 1850 1885
f 1851 1852 1886
f 1851 1886 1885
f 1854 1853 1887
f 1854 1887 1888
f 1889 1853 1855
f 1887 1853 1889
f 1890 1855 1856
f 1889 1855 1890
f 1891 1856 1857
f 1890 1856 1891
f 360 1892 353
f 1892 1857 353
f 1892 1891 1857
f 354 1858 360
f 1858 1892 360
f 1858 1893 1892
f 1894 1858 1859
f 1893 1858 1894
f 1895 1859 1860
f 1894 1859 1895
f 1896 1860 1861
f 1895 1860 1896
f 1897 1861 1862
f 1896 1861 1897
f 1898 1862 1863
f 1897 1862 1898
f 1899 1863 1864
f 1898 1863 1899
f 1900 1864 1865
f 1899 1864 1900
f 1901 1865 1866
f 1900 1865 1901
f 1902 1866 1867
f 1901 1866 1902
f 1903 1867 1868
f 1902 1867 1903
f 1904 1868 1869
f 1903 1868 1904
f 1905 1869 1870
f 1904 1869 1905
f 1906 1870 1871
f 1905 1870 1906
f 1907 1871 1872
f 1906 1871 1907
f 1908 1872 1873
f 1907 1872 1908
f 1909 1873 1874
f 1908 1873 1909
f 1910 1874 1875
f 1909 1874 1910
f 1911 1875 1876
f 1910 1875 1911
f 1912 1876 1877
f 1911 1876 1912
f 1913 1877 1878
f 1912 1877 1913
f 1914 1878 1879
f 1913 1878 1914
f 1915 1879 1880
f 1914 1879 1915
f 1916 1880 1881
f 1915 1880 1916
f 361 1917 356
f 1917 1881 356
f 1917 1916 1881
f 362 1918 361
f 361 1918 1917
f 359 1882 362
f 1882 1918 362
f 1882 1919 1918
f 1920 1882 1883
f 1919 1882 1920
f 1921 1883 1884
f 1920 1883 1921
f 1922 1884 1885
f 1921 1884 1922
f 1885 1886 1923
f 1885 1923 1922
f 1888 1887 1924
f 1888 1924 1925
f 1926 1887 1889
f 1924 1887 1926
f 1927 1889 1890
f 1926 1889 1927
f 1928 1890 1891
f 1927 1890 1928
f 1929 1891 1892
f 1928 1891 1929
f 1930 1892 1893
f 1929 1892 1930
f 1931 1893 1894
f 1930 1893 1931
f 1932 1894 1895
f 1931 1894 1932
f 1933 1895 1896
f 1932 1895 1933
f 1934 1896 1897
f 1933 1896 1934
f 1935 1897 1898
f 1934 1897 1935
f 1936 1898 1899
f 1935 1898 1936
f 1937 1899 1900
f 1936 1899 1937
f 1938 1900 1901
f 1937 1900 1938
f 1939 1901 1902
f 1938 1901 1939
f 1940 1902 1903
f 1939 1902 1940
f 1941 1903 1904
f 1940 1903 1941
f 1942 1904 1905
f 1941 1904 1942
f 1943 1905 1906
f 1942 1905 1943
f 1944 1906 1907
f 1943 1906 1944
f 1945 1907 1908
f 1944 1907 1945
f 1946 1908 1909
f 1945 1908 1946
f 1947 1909 1910
f 1946 1909 1947
f 1948 1910 1911
f 1947 1910 1948
f 1949 1911 1912
f 1948 1911 1949
f 1950 1912 1913
f 1949 1912 1950
f 1951 1913 1914
f 1950 1913 1951
f 1952 1914 1915
f 1951 1914 1952
f 1953 1915 1916
f 1952 1915 1953
f 1954 1916 1917
f 1953 1916 1954
f 1955 1917 1918
f 1954 1917 1955
f 1956 1918 1919
f 1955 1918 1956
f 1957 1919 1920
f 1956 1919 1957
f 1958 1920 1921
f 1957 1920 1958
f 1922 1960 1959
f 1958 1922 1959
f 1921 1922 1958
f 1960 1922 1923
f 1925 1924 1961
f 1925 1961 1962
f 1963 1924 1926
f 1961 1924 1963
f 1964 1926 1927
f 1963 1926 1964
f 1965 1927 1928
f 1964 1927 1965
f 1966 1928 1929
f 1965 1928 1966
f 365 1966 364
f 1966 1930 364
f 1966 1929 1930
f 364 1930 367
f 367 1930 1931
f 367 1931 368
f 1931 1967 368
f 1931 1932 1967
f 1968 1932 1933
f 1967 1932 1968
f 1969 1933 1934
f 1968 1933 1969
f 1970 1934 1935
f 1969 1934 1970
f 1971 1935 1936
f 1970 1935 1971
f 1972 1936 1937
f 1971 1936 1972
f 371 1972 370
f 1972 1938 370
f 1972 1937 1938
f 370 1938 373
f 373 1938 1939
f 373 1939 374
f 1939 1973 374
f 1939 1940 1973
f 1974 1940 1941
f 1973 1940 1974
f 377 1974 376
f 1974 1942 376
f 1974 1941 1942
f 376 1942 378
f 1942 1975 378
f 1942 1943 1975
f 1976 1943 1944
f 1975 1943 1976
f 1977 1944 1945
f 1976 1944 1977
f 1946 1979 1978
f 1977 1946 1978
f 1945 1946 1977
f 1981 1980 1979
f 1946 1981 1979
f 1947 1981 1946
f 1982 1947 1948
f 1981 1947 1982
f 1983 1948 1949
f 1982 1948 1983
f 1984 1949 1950
f 1983 1949 1984
f 1985 1950 1951
f 1984 1950 1985
f 1986 1951 1952
f 1985 1951 1986
f 1987 1952 1953
f 1986 1952 1987
f 1988 1953 1954
f 1987 1953 1988
f 1989 1954 1955
f 1988 1954 1989
f 1990 1955 1956
f 1989 1955 1990
f 1991 1956 1957
f 1990 1956 1991
f 1992 1957 1958
f 1991 1957 1992
f 1958 1959 1993
f 1958 1993 1992
f 1994 1962 1961
f 1996 1995 1994
f 1961 1996 1994
f 1963 1996 1961
f 1997 1963 1964
f 1996 1963 1997
f 1998 1964 1965
f 1997 1964 1998
f 1999 1965 1966
f 1998 1965 1999
f 379 2000 365
f 2000 1966 365
f 2000 1999 1966
f 380 2001 379
f 379 2001 2000
f 368 1967 380
f 1967 2001 380
f 1967 2002 2001
f 2003 1967 1968
f 2002 1967 2003
f 2004 1968 1969
f 2003 1968 2004
f 2005 1969 1970
f 2004 1969 2005
f 2006 1970 1971
f 2005 1970 2006
f 2007 1971 1972
f 2006 1971 2007
f 381 2008 371
f 2008 1972 371
f 2008 2007 1972
f 382 2009 381
f 381 2009 2008
f 374 1973 382
f 1973 2009 382
f 1973 2010 2009
f 2011 1973 1974
f 2010 1973 2011
f 384 2011 377
f 377 2011 1974
f 2012 385 1975
f 1975 385 378
f 2013 1975 1976
f 2012 1975 2013
f 2014 1976 1977
f 2013 1976 2014
f 1977 1978 2015
f 2016 1977 2015
f 2014 1977 2016
f 2016 2015 1980
f 1981 2016 1980
f 2017 2016 1981
f 2018 1981 1982
f 2017 1981 2018
f 2019 1982 1983
f 2018 1982 2019
f 2020 1983 1984
f 2019 1983 2020
f 2021 1984 1985
f 2020 1984 2021
f 2022 1985 1986
f 2021 1985 2022
f 2023 1986 1987
f 2022 1986 2023
f 2024 1987 1988
f 2023 1987 2024
f 2025 1988 1989
f 2024 1988 2025
f 2026 1989 1990
f 2025 1989 2026
f 2027 1990 1991
f 2026 1990 2027
f 2028 1991 1992
f 2027 1991 2028
f 1992 1993 2029
f 1992 2029 2028
f 2030 1995 1996
f 2030 1996 1997
f 2030 1997 2031
f 2033 2032 2031
f 1997 2033 2031
f 1998 2033 1997
f 2034 1998 1999
f 2033 1998 2034
f 2035 1999 2000
f 2034 1999 2035
f 2036 2000 2001
f 2035 2000 2036
f 2037 2001 2002
f 2036 2001 2037
f 2038 2002 2003
f 2037 2002 2038
f 2039 2003 2004
f 2038 2003 2039
f 2040 2004 2005
f 2039 2004 2040
f 2041 2005 2006
f 2040 2005 2041
f 2042 2006 2007
f 2041 2006 2042
f 2043 2007 2008
f 2042 2007 2043
f 2044 2008 2009
f 2043 2008 2044
f 2045 2009 2010
f 2044 2009 2045
f 2046 2010 2011
f 2045 2010 2046
f 386 2047 384
f 2047 2011 384
f 2047 2046 2011
f 385 2012 386
f 2012 2047 386
f 2012 2048 2047
f 2049 2012 2013
f 2048 2012 2049
f 2050 2013 2014
f 2049 2013 2050
f 2051 2014 2016
f 2050 2014 2051
f 2017 2053 2052
f 2051 2017 2052
f 2016 2017 2051
f 2053 2017 2018
f 2053 2018 2054
f 2054 2018 2019
f 2054 2019 2055
f 2057 2056 2055
f 2019 2057 2055
f 2020 2057 2019
f 2021 2059 2058
f 2057 2021 2058
f 2020 2021 2057
f 2061 2060 2059
f 2021 2061 2059
f 2022 2061 2021
f 2023 2063 2062
f 2061 2023 2062
f 2022 2023 2061
f 2063 2023 2024
f 2063 2024 2064
f 2066 2065 2064
f 2024 2066 2064
f 2025 2066 2024
f 2067 2025 2026
f 2066 2025 2067
f 2068 2026 2027
f 2067 2026 2068
f 2028 2070 2069
f 2068 2028 2069
f 2027 2028 2068
f 2070 2028 2029
f 2071 2032 2033
f 2073 2072 2071
f 2033 2073 2071
f 2034 2073 2033
f 2074 2034 2035
f 2073 2034 2074
f 2036 2076 2075
f 2074 2036 2075
f 2035 2036 2074
f 2078 2077 2076
f 2036 2078 2076
f 2037 2078 2036
f 2038 2080 2079
f 2078 2038 2079
f 2037 2038 2078
f 2080 2038 2039
f 2080 2039 2081
f 2081 2039 2040
f 2081 2040 2082
f 2084 2083 2082
f 2040 2084 2082
f 2041 2084 2040
f 2042 2086 2085
f 2084 2042 2085
f 2041 2042 2084
f 2086 2042 2043
f 2086 2043 2087
f 2087 2043 2044
f 2087 2044 2088
f 2090 2089 2088
f 2044 2090 2088
f 2045 2090 2044
f 2046 2092 2091
f 2090 2046 2091
f 2045 2046 2090
f 2094 2093 2092
f 2046 2094 2092
f 2047 2094 2046
f 2095 2047 2048
f 2094 2047 2095
f 2096 2048 2049
f 2095 2048 2096
f 2097 2049 2050
f 2096 2049 2097
f 2098 2050 2051
f 2097 2050 2098
f 2051 2052 2099
f 2051 2099 2098
f 2100 2056 2057
f 2100 2057 2058
f 2101 2060 2061
f 2101 2061 2062
f 2102 2065 2066
f 2102 2066 2067
f 2102 2067 2103
f 2103 2067 2068
f 2103 2068 2104
f 2104 2068 2069
f 2105 2072 2073
f 2105 2073 2074
f 2105 2074 2106
f 2106 2074 2075
f 2107 2077 2078
f 2107 2078 2079
f 2108 2083 2084
f 2108 2084 2085
f 2109 2089 2090
f 2109 2090 2091
f 2110 2093 2094
f 2110 2094 2095
f 2110 2095 2111
f 2111 2095 2096
f 2111 2096 2112
f 2112 2096 2097
f 2112 2097 2113
f 2113 2097 2098
f 2113 2098 2114
f 2114 2098 2099
f 2116 2115 388
f 2116 388 389
f 390 388 2115
f 390 2115 2117
f 393 2118 392
f 2118 394 392
f 2120 2119 396
f 2120 396 397
f 2119 2122 2121
f 399 2119 2121
f 396 2119 399
f 399 2121 2123
f 2124 399 2123
f 401 399 2124
f 402 401 2124
f 402 2124 2125
f 405 2126 404
f 2127 407 404
f 2127 404 2126
f 2128 409 407
f 2128 407 2127
f 2128 410 409
f 413 2129 412
f 2129 414 412
f 2131 2130 416
f 2131 416 417
f 2130 2133 2132
f 419 2130 2132
f 416 2130 419
f 2134 421 419
f 2134 419 2132
f 2134 422 421
f 2136 2135 424
f 2136 424 425
f 2135 2138 2137
f 427 2135 2137
f 424 2135 427
f 427 2137 2139
f 2140 427 2139
f 429 427 2140
f 2140 2142 2141
f 431 2140 2141
f 429 2140 431
f 431 2141 2143
f 2144 431 2143
f 433 431 2144
f 2144 2146 2145
f 435 2144 2145
f 433 2144 435
f 435 2145 2147
f 2148 435 2147
f 437 435 2148
f 437 2149 439
f 2148 2149 437
f 389 439 2116
f 2116 439 2149
f 2117 2150 390
f 390 2150 441
f 2152 2151 443
f 441 2152 443
f 2150 2152 441
f 2153 2151 2152
f 2155 2154 445
f 2155 445 446
f 393 445 2118
f 445 2156 2118
f 445 2154 2156
f 2118 2156 394
f 2156 448 394
f 2156 2157 448
f 397 448 2120
f 2120 448 2157
f 2122 2158 2121
f 2121 2158 2123
f 2125 2159 402
f 402 2159 452
f 452 2160 455
f 2159 2160 452
f 2160 2162 2161
f 457 2160 2161
f 455 2160 457
f 2161 2163 457
f 457 2163 405
f 2163 2164 405
f 2164 2126 405
f 2126 2164 2127
f 2127 2164 2165
f 2127 2165 2128
f 2128 2165 2166
f 2166 2168 2167
f 2166 2167 461
f 2128 2166 461
f 410 2128 461
f 2167 2169 461
f 461 2169 413
f 2169 2170 413
f 2170 2129 413
f 2129 2170 414
f 2170 464 414
f 2170 2171 464
f 417 464 2131
f 2131 464 2171
f 2132 2133 2172
f 2172 2133 2173
f 2175 2134 2174
f 2134 2172 2174
f 2134 2132 2172
f 422 2134 2175
f 2176 422 2175
f 469 422 2176
f 472 2177 471
f 2178 474 471
f 2178 471 2177
f 474 2178 2179
f 2180 474 2179
f 476 474 2180
f 476 2181 478
f 2180 2181 476
f 425 478 2136
f 2136 478 2181
f 2137 2138 2182
f 2182 2138 2183
f 2139 2137 2184
f 2184 2137 2182
f 2142 2185 2141
f 2141 2185 2143
f 2145 2146 2186
f 2186 2146 2187
f 2147 2145 2188
f 2188 2145 2186
f 2189 486 2151
f 2151 486 443
f 2151 2153 2190
f 2151 2190 2189
f 2192 2191 488
f 2192 488 489
f 446 488 2155
f 2155 488 2191
f 2162 2193 2161
f 2161 2193 2163
f 2168 2194 2167
f 2167 2194 2169
f 2173 2195 2172
f 2172 2195 2174
f 2176 2196 469
f 469 2196 504
f 472 504 2177
f 504 2197 2177
f 504 2196 2197
f 2177 2197 2178
f 2178 2197 2198
f 2178 2198 2179
f 2183 2199 2182
f 2182 2199 2184
f 2187 2200 2186
f 2186 2200 2188
f 2201 518 2189
f 2189 518 486
f 2189 2190 2202
f 2189 2202 2201
f 2205 2204 2203
f 2204 2192 2203
f 2192 520 2203
f 2192 489 520
f 2206 549 2201
f 2201 549 518
f 2201 2202 2207
f 2201 2207 2206
f 2205 2203 551
f 552 2205 551
f 2208 2205 552
f 551 2203 520
f 2206 583 549
f 585 583 2206
f 2207 585 2206
f 2209 585 2207
f 587 2208 552
f 587 2210 2208
f 2211 603 604
f 605 2212 604
f 604 2212 2211
f 606 2212 605
f 2213 620 621
f 2214 2213 621
f 585 2214 621
f 2209 2214 585
f 623 2210 587
f 623 2215 2210
f 2216 641 2211
f 2211 641 603
f 2217 2211 2212
f 2216 2211 2217
f 642 2218 606
f 2218 2212 606
f 2218 2217 2212
f 643 2218 642
f 2219 656 2213
f 2213 656 620
f 2213 2214 2220
f 2213 2220 2219
f 658 2215 623
f 658 2221 2215
f 2222 676 677
f 641 2216 677
f 2216 2222 677
f 2216 2223 2222
f 2224 2216 2217
f 2223 2216 2224
f 2225 2217 2218
f 2224 2217 2225
f 679 2225 643
f 643 2225 2218
f 2226 691 2219
f 2219 691 656
f 2219 2220 2227
f 2219 2227 2226
f 693 2221 658
f 693 2228 2221
f 2222 712 676
f 712 2222 714
f 2222 2229 714
f 2222 2223 2229
f 2230 2223 2224
f 2229 2223 2230
f 717 2230 716
f 2230 2225 716
f 2230 2224 2225
f 716 2225 679
f 2231 718 719
f 720 2231 719
f 2226 732 691
f 734 732 2226
f 2227 734 2226
f 2232 734 2227
f 736 2228 693
f 736 2233 2228
f 2234 755 756
f 714 2229 756
f 2229 2234 756
f 2229 2235 2234
f 2236 2229 2230
f 2235 2229 2236
f 757 2237 717
f 2237 2230 717
f 2237 2236 2230
f 718 2231 757
f 2231 2237 757
f 2231 2238 2237
f 759 2238 720
f 720 2238 2231
f 2232 771 734
f 2239 771 2232
f 773 2233 736
f 773 2240 2233
f 2234 792 755
f 792 2234 794
f 2234 2241 794
f 2234 2235 2241
f 2242 2235 2236
f 2241 2235 2242
f 2243 2236 2237
f 2242 2236 2243
f 797 2243 796
f 2243 2238 796
f 2243 2237 2238
f 796 2238 759
f 2239 810 771
f 2244 810 2239
f 2247 2246 2245
f 2248 2245 2246
f 812 2240 773
f 812 2249 2240
f 2250 825 826
f 827 2250 826
f 2251 834 2241
f 2241 834 794
f 2252 2241 2242
f 2251 2241 2252
f 837 2252 836
f 2252 2243 836
f 2252 2242 2243
f 839 836 2253
f 836 2243 2253
f 797 838 2253
f 797 2253 2243
f 840 2253 838
f 2254 844 845
f 846 2254 845
f 2255 854 855
f 2256 2255 855
f 810 2256 855
f 2244 2256 810
f 2247 2245 856
f 857 2247 856
f 2257 2247 857
f 858 856 2245
f 2248 858 2245
f 2258 858 2248
f 860 2249 812
f 860 2259 2249
f 2260 872 873
f 825 2250 876
f 2260 873 874
f 876 2250 827
f 2251 883 834
f 883 2251 886
f 886 2251 2252
f 886 2252 837
f 2253 888 839
f 891 888 2261
f 888 2253 2261
f 840 890 2261
f 840 2261 2253
f 892 2261 890
f 2254 895 844
f 895 2254 846
f 2262 904 2255
f 2255 904 854
f 2255 2256 2263
f 2255 2263 2262
f 2264 2257 857
f 2264 857 905
f 905 858 2258
f 905 2258 2264
f 908 2259 860
f 908 2265 2259
f 2266 920 2260
f 2260 920 872
f 921 2267 874
f 2267 2260 874
f 2267 2266 2260
f 922 2268 921
f 921 2268 2267
f 923 2268 922
f 2261 933 891
f 933 2261 892
f 2269 945 2262
f 2262 945 904
f 2262 2263 2270
f 2262 2270 2269
f 2272 2271 946
f 2272 946 947
f 948 946 2271
f 948 2271 2273
f 950 2265 908
f 950 2274 2265
f 2266 962 920
f 962 2266 965
f 965 2266 2267
f 965 2267 967
f 967 2267 2268
f 967 2268 923
f 2275 988 2269
f 2269 988 945
f 2269 2270 2276
f 2269 2276 2275
f 989 2272 947
f 989 2277 2272
f 2273 990 948
f 2278 990 2273
f 992 2274 950
f 992 2279 2274
f 2280 1005 1006
f 1007 2280 1006
f 2281 1029 2275
f 2275 1029 988
f 2275 2276 2282
f 2275 2282 2281
f 989 1031 2277
f 2277 1031 2283
f 2278 1032 990
f 2284 1032 2278
f 992 1033 2285
f 2286 992 2285
f 2279 992 2286
f 1034 2285 1033
f 2280 1047 1005
f 1047 2280 1007
f 2287 1070 2281
f 2281 1070 1029
f 2281 2282 2288
f 2281 2288 2287
f 1071 1072 2289
f 2289 1072 2290
f 2284 1073 1032
f 2291 1073 2284
f 2286 2285 1075
f 1076 2286 1075
f 2292 2286 1076
f 1075 2285 1034
f 2293 1111 2287
f 2287 1111 1070
f 2287 2288 2294
f 2287 2294 2293
f 1112 2290 1072
f 1112 2295 2290
f 2297 1114 2296
f 1114 2291 2296
f 1114 1073 2291
f 2298 2297 2296
f 2301 2300 2299
f 2300 2292 2299
f 2292 1116 2299
f 2292 1076 1116
f 2302 1151 2293
f 2293 1151 1111
f 2293 2294 2303
f 2293 2303 2302
f 1152 2295 1112
f 1152 2304 2295
f 2297 1154 1114
f 1155 1154 2297
f 2298 1155 2297
f 2305 1155 2298
f 2306 2301 2299
f 2308 2306 2307
f 2307 2306 1156
f 2306 2299 1156
f 2299 1116 1156
f 1157 2307 1156
f 2309 1192 2302
f 2302 1192 1151
f 2302 2303 2310
f 2302 2310 2309
f 1193 2304 1152
f 1193 2311 2304
f 2305 1194 1155
f 2312 1194 2305
f 2308 2307 1196
f 1197 2308 1196
f 2313 2308 1197
f 1196 2307 1157
f 2309 1230 1192
f 1232 1230 2309
f 2310 1232 2309
f 2314 1232 2310
f 1233 2311 1193
f 1233 2315 2311
f 2312 1234 1194
f 2316 1234 2312
f 1236 2313 1197
f 1236 2317 2313
f 2314 1268 1232
f 2318 1268 2314
f 1269 2315 1233
f 1269 2319 2315
f 2316 1270 1234
f 2320 1270 2316
f 1272 2317 1236
f 1272 2321 2317
f 2318 1305 1268
f 2322 1305 2318
f 1306 2319 1269
f 1306 2323 2319
f 2320 1307 1270
f 2324 1307 2320
f 1272 1308 2325
f 2326 1272 2325
f 2321 1272 2326
f 1309 2325 1308
f 2322 1343 1305
f 2327 1343 2322
f 2329 2323 2328
f 2323 1344 2328
f 2323 1306 1344
f 2324 1346 1307
f 2330 1346 2324
f 2326 2325 2331
f 2326 2331 2332
f 1348 2331 1309
f 1309 2331 2325
f 2327 1382 1343
f 2333 1382 2327
f 2328 1344 2334
f 1344 2335 2334
f 1344 1383 2335
f 2330 1384 1346
f 2336 1384 2330
f 2332 2331 2337
f 2332 2337 2338
f 1386 2337 1348
f 1348 2337 2331
f 2333 1420 1382
f 2339 1420 2333
f 1421 2335 1383
f 1421 2340 2335
f 2336 1422 1384
f 2341 1422 2336
f 2338 2337 2342
f 2338 2342 2343
f 1424 2342 1386
f 1386 2342 2337
f 2339 1458 1420
f 2344 1458 2339
f 1459 2340 1421
f 1459 2345 2340
f 2341 1461 1422
f 2346 1461 2341
f 2343 2342 2347
f 2343 2347 2348
f 1463 2347 1424
f 1424 2347 2342
f 2344 1496 1458
f 2349 1496 2344
f 1459 1498 2345
f 2345 1498 2350
f 2351 1499 1500
f 2352 2351 1500
f 1461 2352 1500
f 2346 2352 1461
f 2348 2347 2353
f 2348 2353 2354
f 1502 2353 1463
f 1463 2353 2347
f 2349 1533 1496
f 2355 1533 2349
f 1534 1535 2356
f 2356 1535 2357
f 2359 2358 2351
f 2358 1499 2351
f 2358 1536 1499
f 2359 2351 2352
f 2354 2353 1538
f 1539 2354 1538
f 2360 2354 1539
f 1538 2353 1502
f 2355 1570 1533
f 2361 1570 2355
f 1571 2357 1535
f 1571 2362 2357
f 2358 1572 1536
f 2363 1572 2358
f 1539 1573 2364
f 2365 1539 2364
f 2360 1539 2365
f 1574 2364 1573
f 2361 1605 1570
f 2366 1605 2361
f 1607 2362 1571
f 1607 2367 2362
f 2363 1608 1572
f 2368 1608 2363
f 2365 2364 2369
f 2365 2369 2370
f 1610 2369 1574
f 1574 2369 2364
f 2366 1640 1605
f 2371 1640 2366
f 1642 2367 1607
f 1642 2372 2367
f 2368 1643 1608
f 2373 1643 2368
f 2374 2370 2369
f 2369 1610 2374
f 1610 2375 2374
f 1610 1645 2375
f 2376 1664 1665
f 1666 2376 1665
f 2371 1677 1640
f 2377 1677 2371
f 1642 1678 2378
f 2379 1642 2378
f 2372 1642 2379
f 2380 2378 1678
f 1643 2380 1678
f 2373 2380 1643
f 2383 2382 2381
f 2382 2375 2381
f 2375 1681 2381
f 2375 1645 1681
f 2384 1700 2376
f 2376 1700 1664
f 1702 2384 1666
f 1666 2384 2376
f 2377 1714 1677
f 2385 1714 2377
f 2379 2378 2386
f 2379 2386 2387
f 2378 2380 2388
f 2378 2388 2386
f 2389 2383 2381
f 2381 1681 2389
f 1681 2390 2389
f 1681 1716 2390
f 2384 1735 1700
f 1735 2384 1702
f 2391 1747 1748
f 2392 2391 1748
f 1714 2392 1748
f 2385 2392 1714
f 2393 2387 2386
f 2393 2386 2388
f 2396 2395 2394
f 2395 2390 2394
f 2390 1750 2394
f 2390 1716 1750
f 2397 1779 2391
f 2391 1779 1747
f 2391 2392 2398
f 2391 2398 2397
f 2399 2396 2394
f 2394 1750 2399
f 1750 2400 2399
f 1750 1781 2400
f 2397 1814 1779
f 1816 1814 2397
f 2398 1816 2397
f 2401 1816 2398
f 2404 2403 2402
f 2403 2400 2402
f 2400 1818 2402
f 2400 1781 1818
f 2401 1852 1816
f 2405 1852 2401
f 2404 2402 2406
f 2404 2406 2407
f 1854 2406 1818
f 1818 2406 2402
f 2405 1886 1852
f 2408 1886 2405
f 2407 2406 2409
f 2407 2409 2410
f 1888 2409 1854
f 1854 2409 2406
f 2408 1923 1886
f 2411 1923 2408
f 2412 2410 2409
f 2409 1888 2412
f 1888 2413 2412
f 1888 1925 2413
f 2414 1959 1960
f 2415 2414 1960
f 1923 2415 1960
f 2411 2415 1923
f 2418 2417 2416
f 2417 2413 2416
f 2413 1962 2416
f 2413 1925 1962
f 2419 1978 1979
f 1980 2419 1979
f 2420 1993 2414
f 2414 1993 1959
f 2414 2415 2421
f 2414 2421 2420
f 2422 2418 2416
f 2424 2422 2423
f 2423 2422 1994
f 2422 2416 1994
f 2416 1962 1994
f 1995 2423 1994
f 2419 2015 1978
f 2015 2419 1980
f 2426 2425 2420
f 2425 1993 2420
f 2425 2029 1993
f 2426 2420 2421
f 2427 2424 2423
f 2429 2427 2428
f 2428 2427 2030
f 2427 2423 2030
f 2423 1995 2030
f 2031 2430 2030
f 2030 2430 2428
f 2032 2430 2031
f 2433 2432 2431
f 2435 2434 2431
f 2431 2434 2433
f 2435 2436 2434
f 2437 2052 2053
f 2054 2438 2053
f 2053 2438 2437
f 2055 2439 2054
f 2054 2439 2438
f 2056 2439 2055
f 2440 2058 2059
f 2060 2440 2059
f 2441 2062 2063
f 2064 2442 2063
f 2063 2442 2441
f 2065 2442 2064
f 2443 2069 2070
f 2444 2443 2070
f 2029 2444 2070
f 2425 2444 2029
f 2445 2429 2428
f 2447 2446 2445
f 2428 2447 2445
f 2430 2447 2428
f 2071 2448 2032
f 2448 2430 2032
f 2448 2447 2430
f 2072 2448 2071
f 2449 2075 2076
f 2451 2449 2450
f 2449 2076 2450
f 2077 2452 2450
f 2077 2450 2076
f 2079 2080 2452
f 2080 2450 2452
f 2080 2453 2450
f 2454 2080 2081
f 2454 2453 2080
f 2456 2454 2455
f 2454 2082 2455
f 2454 2081 2082
f 2458 2455 2457
f 2455 2082 2457
f 2083 2459 2457
f 2083 2457 2082
f 2457 2459 2432
f 2432 2459 2431
f 2459 2085 2431
f 2085 2086 2431
f 2431 2086 2087
f 2431 2087 2435
f 2087 2088 2435
f 2088 2460 2435
f 2460 2436 2435
f 2088 2461 2460
f 2089 2461 2088
f 2463 2462 2092
f 2092 2462 2091
f 2465 2464 2093
f 2464 2092 2093
f 2464 2463 2092
f 2465 2466 2464
f 2469 2468 2467
f 2052 2467 2099
f 2467 2052 2469
f 2437 2469 2052
f 2469 2437 2470
f 2471 2470 2437
f 2438 2473 2472
f 2471 2438 2472
f 2437 2438 2471
f 2473 2438 2439
f 2473 2439 2474
f 2474 2439 2056
f 2100 2474 2056
f 2475 2474 2100
f 2475 2100 2058
f 2476 2475 2058
f 2440 2476 2058
f 2475 2476 2477
f 2101 2478 2060
f 2478 2440 2060
f 2478 2476 2440
f 2479 2478 2101
f 2479 2101 2062
f 2480 2479 2062
f 2441 2480 2062
f 2480 2441 2442
f 2480 2442 2481
f 2483 2481 2482
f 2482 2481 2102
f 2481 2442 2102
f 2442 2065 2102
f 2103 2484 2102
f 2102 2484 2482
f 2484 2103 2485
f 2103 2486 2485
f 2103 2104 2486
f 2104 2069 2443
f 2487 2104 2443
f 2486 2104 2487
f 2487 2443 2444
f 2488 2446 2447
f 2488 2447 2448
f 2488 2448 2489
f 2489 2448 2072
f 2105 2489 2072
f 2490 2489 2105
f 2491 2105 2106
f 2491 2490 2105
f 2106 2075 2449
f 2492 2106 2449
f 2491 2106 2492
f 2077 2107 2452
f 2449 2451 2492
f 2452 2107 2079
f 2493 2456 2455
f 2083 2108 2459
f 2455 2458 2493
f 2459 2108 2085
f 2494 2460 2461
f 2494 2461 2089
f 2109 2494 2089
f 2495 2494 2109
f 2109 2091 2462
f 2109 2462 2495
f 2110 2465 2093
f 2496 2466 2465
f 2110 2496 2465
f 2111 2496 2110
f 2497 2111 2112
f 2497 2496 2111
f 2498 2112 2113
f 2498 2497 2112
f 2114 2467 2468
f 2498 2114 2468
f 2113 2114 2498
f 2471 2499 2470
f 2099 2467 2114
f 2499 2471 2472
f 2500 2477 2476
f 2500 2476 2478
f 2500 2478 2501
f 2501 2478 2479
f 2502 2483 2482
f 2502 2482 2484
f 2502 2484 2503
f 2503 2484 2485
f 2505 2504 2115
f 2505 2115 2116
f 2507 2506 2117
f 2115 2507 2117
f 2504 2507 2115
f 2508 2506 2507
f 2510 2509 2119
f 2510 2119 2120
f 2122 2119 2509
f 2122 2509 2511
f 2513 2512 2124
f 2513 2124 2123
f 2515 2514 2125
f 2124 2515 2125
f 2512 2515 2124
f 2516 2514 2515
f 2131 2517 2130
f 2517 2133 2130
f 2136 2518 2135
f 2518 2138 2135
f 2139 2519 2140
f 2519 2142 2140
f 2143 2520 2144
f 2520 2146 2144
f 2522 2521 2148
f 2522 2148 2147
f 2148 2523 2149
f 2521 2523 2148
f 2116 2149 2505
f 2505 2149 2523
f 2506 2150 2117
f 2152 2150 2506
f 2524 2152 2506
f 2508 2524 2506
f 2525 2152 2524
f 2525 2153 2152
f 2155 2526 2154
f 2154 2526 2527
f 2528 2154 2527
f 2156 2154 2528
f 2156 2529 2157
f 2528 2529 2156
f 2120 2157 2510
f 2510 2157 2529
f 2511 2530 2122
f 2122 2530 2158
f 2123 2158 2513
f 2513 2158 2530
f 2514 2159 2125
f 2516 2531 2514
f 2531 2159 2514
f 2531 2160 2159
f 2162 2160 2531
f 2162 2531 2532
f 2163 2533 2164
f 2534 2165 2164
f 2534 2164 2533
f 2165 2534 2535
f 2536 2165 2535
f 2166 2165 2536
f 2168 2166 2536
f 2168 2536 2537
f 2169 2538 2170
f 2539 2171 2170
f 2539 2170 2538
f 2539 2540 2171
f 2171 2540 2131
f 2540 2541 2131
f 2541 2517 2131
f 2133 2517 2541
f 2542 2133 2541
f 2173 2133 2542
f 2174 2543 2175
f 2543 2176 2175
f 2546 2545 2544
f 2547 2544 2545
f 2179 2548 2180
f 2549 2181 2180
f 2549 2180 2548
f 2549 2550 2181
f 2181 2550 2136
f 2550 2551 2136
f 2551 2518 2136
f 2138 2518 2551
f 2552 2138 2551
f 2183 2138 2552
f 2184 2553 2519
f 2184 2519 2139
f 2554 2185 2142
f 2519 2554 2142
f 2553 2554 2519
f 2554 2555 2185
f 2185 2555 2143
f 2555 2556 2143
f 2556 2520 2143
f 2187 2146 2520
f 2557 2187 2520
f 2556 2557 2520
f 2187 2557 2558
f 2557 2522 2558
f 2522 2188 2558
f 2522 2147 2188
f 2525 2524 2559
f 2559 2524 2560
f 2559 2190 2153
f 2559 2153 2525
f 2562 2561 2191
f 2562 2191 2192
f 2155 2191 2526
f 2191 2563 2526
f 2191 2561 2563
f 2526 2563 2527
f 2532 2564 2162
f 2162 2564 2193
f 2163 2193 2533
f 2193 2565 2533
f 2193 2564 2565
f 2533 2565 2534
f 2534 2565 2566
f 2534 2566 2535
f 2537 2567 2168
f 2168 2567 2194
f 2169 2194 2538
f 2194 2568 2538
f 2194 2567 2568
f 2538 2568 2539
f 2539 2568 2569
f 2539 2569 2540
f 2542 2570 2173
f 2173 2570 2195
f 2195 2570 2174
f 2570 2571 2174
f 2571 2543 2174
f 2571 2570 2572
f 2573 2196 2176
f 2543 2573 2176
f 2571 2573 2543
f 2574 2546 2544
f 2196 2574 2544
f 2197 2196 2544
f 2574 2196 2573
f 2547 2575 2544
f 2575 2197 2544
f 2575 2198 2197
f 2179 2198 2548
f 2198 2576 2548
f 2198 2575 2576
f 2548 2576 2549
f 2549 2576 2577
f 2549 2577 2550
f 2552 2578 2183
f 2183 2578 2199
f 2184 2199 2553
f 2199 2579 2553
f 2199 2578 2579
f 2553 2579 2554
f 2554 2579 2580
f 2554 2580 2555
f 2558 2200 2187
f 2200 2558 2188
f 2560 2581 2559
f 2190 2559 2581
f 2582 2190 2581
f 2202 2190 2582
f 2584 2583 2204
f 2584 2204 2205
f 2192 2204 2562
f 2562 2204 2583
f 2572 2585 2571
f 2571 2585 2573
f 2573 2585 2586
f 2573 2586 2574
f 2582 2207 2202
f 2587 2207 2582
f 2208 2584 2205
f 2208 2588 2584
f 2587 2209 2207
f 2589 2209 2587
f 2210 2588 2208
f 2210 2590 2588
f 2589 2214 2209
f 2591 2214 2589
f 2215 2590 2210
f 2215 2592 2590
f 2591 2220 2214
f 2593 2220 2591
f 2221 2592 2215
f 2221 2594 2592
f 2593 2227 2220
f 2595 2227 2593
f 2228 2594 2221
f 2228 2596 2594
f 2595 2232 2227
f 2597 2232 2595
f 2233 2596 2228
f 2233 2598 2596
f 2597 2239 2232
f 2599 2239 2597
f 2240 2598 2233
f 2240 2600 2598
f 2599 2244 2239
f 2601 2244 2599
f 2603 2602 2246
f 2603 2246 2247
f 2248 2246 2602
f 2248 2602 2604
f 2249 2600 2240
f 2249 2605 2600
f 2601 2256 2244
f 2606 2256 2601
f 2257 2603 2247
f 2257 2607 2603
f 2604 2258 2248
f 2608 2258 2604
f 2611 2610 2609
f 2610 2605 2609
f 2605 2259 2609
f 2605 2249 2259
f 2606 2263 2256
f 2612 2263 2606
f 2257 2264 2613
f 2614 2257 2613
f 2607 2257 2614
f 2615 2613 2264
f 2258 2615 2264
f 2608 2615 2258
f 2611 2609 2616
f 2611 2616 2617
f 2265 2616 2259
f 2259 2616 2609
f 2619 2270 2618
f 2270 2612 2618
f 2270 2263 2612
f 2614 2613 2271
f 2272 2614 2271
f 2620 2614 2272
f 2273 2271 2613
f 2615 2273 2613
f 2621 2273 2615
f 2622 2617 2616
f 2616 2265 2622
f 2265 2623 2622
f 2265 2274 2623
f 2625 2624 2619
f 2624 2270 2619
f 2624 2276 2270
f 2277 2620 2272
f 2277 2626 2620
f 2628 2278 2627
f 2278 2621 2627
f 2278 2273 2621
f 2629 2628 2627
f 2279 2623 2274
f 2279 2630 2623
f 2624 2282 2276
f 2631 2282 2624
f 2277 2283 2626
f 2626 2283 2632
f 2633 2284 2628
f 2628 2284 2278
f 2628 2629 2634
f 2628 2634 2633
f 2637 2636 2635
f 2636 2630 2635
f 2630 2286 2635
f 2630 2279 2286
f 2631 2288 2282
f 2638 2288 2631
f 2289 2290 2639
f 2639 2290 2640
f 2641 2291 2633
f 2633 2291 2284
f 2633 2634 2642
f 2633 2642 2641
f 2637 2635 2643
f 2637 2643 2644
f 2292 2643 2286
f 2286 2643 2635
f 2638 2294 2288
f 2645 2294 2638
f 2295 2640 2290
f 2295 2646 2640
f 2648 2296 2647
f 2296 2291 2647
f 2647 2291 2641
f 2649 2647 2641
f 2641 2642 2649
f 2296 2648 2298
f 2644 2643 2300
f 2301 2644 2300
f 2650 2644 2301
f 2300 2643 2292
f 2645 2303 2294
f 2651 2303 2645
f 2304 2646 2295
f 2304 2652 2646
f 2647 2653 2648
f 2298 2648 2653
f 2654 2298 2653
f 2305 2298 2654
f 2655 2650 2301
f 2655 2301 2306
f 2306 2308 2655
f 2655 2308 2656
f 2651 2310 2303
f 2657 2310 2651
f 2311 2652 2304
f 2311 2658 2652
f 2654 2312 2305
f 2659 2312 2654
f 2662 2661 2660
f 2661 2656 2660
f 2656 2313 2660
f 2656 2308 2313
f 2657 2314 2310
f 2663 2314 2657
f 2315 2658 2311
f 2315 2664 2658
f 2659 2316 2312
f 2665 2316 2659
f 2662 2660 2666
f 2662 2666 2667
f 2317 2666 2313
f 2313 2666 2660
f 2663 2318 2314
f 2668 2318 2663
f 2319 2664 2315
f 2319 2669 2664
f 2665 2320 2316
f 2670 2320 2665
f 2667 2666 2671
f 2667 2671 2672
f 2321 2671 2317
f 2317 2671 2666
f 2668 2322 2318
f 2673 2322 2668
f 2323 2669 2319
f 2323 2674 2669
f 2670 2324 2320
f 2675 2324 2670
f 2676 2672 2671
f 2671 2321 2676
f 2321 2677 2676
f 2321 2326 2677
f 2673 2327 2322
f 2678 2327 2673
f 2680 2679 2329
f 2679 2323 2329
f 2679 2674 2323
f 2675 2330 2324
f 2681 2330 2675
f 2332 2677 2326
f 2332 2682 2677
f 2678 2333 2327
f 2683 2333 2678
f 2334 2335 2680
f 2335 2679 2680
f 2335 2684 2679
f 2681 2336 2330
f 2685 2336 2681
f 2338 2682 2332
f 2338 2686 2682
f 2683 2339 2333
f 2687 2339 2683
f 2340 2684 2335
f 2340 2688 2684
f 2691 2690 2689
f 2685 2691 2689
f 2341 2685 2689
f 2336 2685 2341
f 2343 2686 2338
f 2343 2692 2686
f 2687 2344 2339
f 2693 2344 2687
f 2695 2688 2694
f 2688 2345 2694
f 2688 2340 2345
f 2690 2696 2689
f 2341 2689 2696
f 2697 2341 2696
f 2346 2341 2697
f 2348 2699 2698
f 2692 2348 2698
f 2343 2348 2692
f 2699 2700 2698
f 2693 2349 2344
f 2701 2349 2693
f 2703 2694 2702
f 2694 2345 2702
f 2350 2704 2702
f 2350 2702 2345
f 2707 2706 2705
f 2697 2707 2705
f 2352 2697 2705
f 2346 2697 2352
f 2709 2708 2699
f 2348 2709 2699
f 2354 2709 2348
f 2699 2708 2700
f 2701 2355 2349
f 2710 2355 2701
f 2356 2357 2704
f 2357 2702 2704
f 2357 2711 2702
f 2705 2706 2359
f 2706 2358 2359
f 2706 2712 2358
f 2705 2359 2352
f 2360 2709 2354
f 2360 2713 2709
f 2710 2361 2355
f 2714 2361 2710
f 2362 2711 2357
f 2362 2715 2711
f 2712 2363 2358
f 2716 2363 2712
f 2365 2713 2360
f 2365 2717 2713
f 2714 2366 2361
f 2718 2366 2714
f 2720 2715 2719
f 2715 2367 2719
f 2715 2362 2367
f 2716 2368 2363
f 2721 2368 2716
f 2370 2717 2365
f 2370 2722 2717
f 2718 2371 2366
f 2723 2371 2718
f 2719 2367 2724
f 2367 2725 2724
f 2367 2372 2725
f 2721 2373 2368
f 2726 2373 2721
f 2370 2374 2727
f 2728 2370 2727
f 2722 2370 2728
f 2375 2727 2374
f 2723 2377 2371
f 2729 2377 2723
f 2379 2731 2730
f 2725 2379 2730
f 2372 2379 2725
f 2726 2730 2731
f 2380 2726 2731
f 2373 2726 2380
f 2728 2727 2382
f 2383 2728 2382
f 2732 2728 2383
f 2382 2727 2375
f 2729 2385 2377
f 2733 2385 2729
f 2735 2734 2731
f 2379 2735 2731
f 2387 2735 2379
f 2380 2731 2734
f 2736 2380 2734
f 2388 2380 2736
f 2383 2389 2737
f 2738 2383 2737
f 2732 2383 2738
f 2390 2737 2389
f 2733 2392 2385
f 2739 2392 2733
f 2740 2735 2387
f 2740 2387 2393
f 2393 2388 2736
f 2393 2736 2740
f 2738 2737 2395
f 2396 2738 2395
f 2741 2738 2396
f 2395 2737 2390
f 2739 2398 2392
f 2742 2398 2739
f 2396 2399 2743
f 2744 2396 2743
f 2741 2396 2744
f 2400 2743 2399
f 2742 2401 2398
f 2745 2401 2742
f 2744 2743 2403
f 2404 2744 2403
f 2746 2744 2404
f 2403 2743 2400
f 2745 2405 2401
f 2747 2405 2745
f 2407 2746 2404
f 2407 2748 2746
f 2747 2408 2405
f 2749 2408 2747
f 2410 2748 2407
f 2410 2750 2748
f 2749 2411 2408
f 2751 2411 2749
f 2410 2412 2752
f 2753 2410 2752
f 2750 2410 2753
f 2413 2752 2412
f 2751 2415 2411
f 2754 2415 2751
f 2753 2752 2417
f 2418 2753 2417
f 2755 2753 2418
f 2417 2752 2413
f 2754 2421 2415
f 2756 2421 2754
f 2757 2755 2418
f 2757 2418 2422
f 2422 2424 2757
f 2757 2424 2758
f 2760 2759 2426
f 2426 2759 2425
f 2426 2421 2756
f 2426 2756 2760
f 2761 2758 2424
f 2761 2424 2427
f 2427 2429 2761
f 2761 2429 2762
f 2763 2432 2433
f 2763 2433 2764
f 2433 2765 2764
f 2433 2434 2765
f 2434 2436 2765
f 2765 2436 2766
f 2769 2768 2767
f 2767 2770 2769
f 2759 2444 2425
f 2771 2444 2759
f 2772 2762 2429
f 2772 2429 2445
f 2774 2773 2446
f 2773 2445 2446
f 2773 2772 2445
f 2774 2775 2773
f 2777 2776 2450
f 2450 2776 2451
f 2778 2450 2453
f 2778 2777 2450
f 2779 2453 2454
f 2779 2778 2453
f 2781 2780 2456
f 2780 2454 2456
f 2780 2779 2454
f 2458 2457 2781
f 2457 2780 2781
f 2457 2782 2780
f 2457 2432 2763
f 2783 2457 2763
f 2782 2457 2783
f 2783 2763 2764
f 2460 2785 2784
f 2766 2460 2784
f 2436 2460 2766
f 2787 2786 2785
f 2785 2786 2784
f 2462 2463 2787
f 2463 2786 2787
f 2463 2788 2786
f 2789 2463 2464
f 2789 2788 2463
f 2464 2466 2789
f 2789 2466 2790
f 2792 2791 2469
f 2469 2791 2468
f 2794 2793 2470
f 2793 2469 2470
f 2793 2792 2469
f 2472 2473 2794
f 2473 2793 2794
f 2473 2795 2793
f 2796 2473 2474
f 2796 2795 2473
f 2797 2474 2475
f 2797 2796 2474
f 2475 2477 2797
f 2797 2477 2798
f 2800 2799 2480
f 2480 2799 2479
f 2481 2767 2768
f 2800 2481 2768
f 2480 2481 2800
f 2802 2801 2483
f 2483 2801 2481
f 2801 2770 2481
f 2770 2767 2481
f 2802 2803 2801
f 2804 2485 2486
f 2804 2486 2805
f 2486 2806 2805
f 2486 2487 2806
f 2487 2444 2771
f 2487 2771 2806
f 2488 2774 2446
f 2807 2775 2774
f 2488 2807 2774
f 2489 2807 2488
f 2808 2489 2490
f 2808 2807 2489
f 2809 2490 2491
f 2809 2808 2490
f 2810 2491 2492
f 2810 2809 2491
f 2492 2451 2776
f 2492 2776 2810
f 2493 2781 2456
f 2781 2493 2458
f 2494 2785 2460
f 2785 2494 2495
f 2785 2495 2787
f 2787 2495 2462
f 2811 2790 2466
f 2811 2466 2496
f 2812 2496 2497
f 2812 2811 2496
f 2813 2497 2498
f 2813 2812 2497
f 2498 2468 2791
f 2498 2791 2813
f 2499 2794 2470
f 2794 2499 2472
f 2814 2798 2477
f 2814 2477 2500
f 2815 2500 2501
f 2815 2814 2500
f 2501 2479 2799
f 2501 2799 2815
f 2502 2802 2483
f 2816 2803 2802
f 2502 2816 2802
f 2503 2816 2502
f 2503 2485 2804
f 2817 2503 2804
f 2816 2503 2817
f 2817 2804 2805
f 2819 2818 2504
f 2819 2504 2505
f 2504 2820 2507
f 2818 2820 2504
f 2508 2507 2820
f 2508 2820 2821
f 2823 2822 2509
f 2823 2509 2510
f 2825 2824 2511
f 2509 2825 2511
f 2822 2825 2509
f 2512 2513 2824
f 2825 2512 2824
f 2826 2512 2825
f 2826 2828 2827
f 2515 2826 2827
f 2512 2826 2515
f 2516 2515 2827
f 2831 2830 2829
f 2832 2831 2829
f 2835 2834 2833
f 2836 2833 2834
f 2839 2838 2837
f 2840 2837 2838
f 2843 2842 2841
f 2844 2841 2842
f 2846 2845 2521
f 2846 2521 2522
f 2521 2847 2523
f 2845 2847 2521
f 2505 2523 2819
f 2819 2523 2847
f 2821 2524 2508
f 2848 2524 2821
f 2527 2849 2528
f 2528 2849 2850
f 2851 2528 2850
f 2529 2528 2851
f 2510 2529 2823
f 2823 2529 2851
f 2824 2530 2511
f 2530 2824 2513
f 2828 2852 2827
f 2830 2831 2852
f 2831 2531 2852
f 2516 2827 2852
f 2516 2852 2531
f 2532 2531 2831
f 2832 2532 2831
f 2853 2532 2832
f 2535 2854 2536
f 2854 2537 2536
f 2540 2855 2541
f 2855 2542 2541
f 2545 2546 2856
f 2833 2857 2835
f 2833 2836 2857
f 2545 2856 2547
f 2860 2859 2858
f 2858 2859 2839
f 2858 2839 2837
f 2550 2858 2837
f 2551 2550 2837
f 2552 2551 2837
f 2840 2552 2837
f 2861 2552 2840
f 2864 2863 2862
f 2862 2863 2843
f 2862 2843 2841
f 2555 2862 2841
f 2556 2555 2841
f 2844 2865 2841
f 2865 2556 2841
f 2865 2557 2556
f 2522 2557 2846
f 2846 2557 2865
f 2848 2560 2524
f 2866 2560 2848
f 2562 2867 2561
f 2561 2867 2868
f 2869 2561 2868
f 2563 2561 2869
f 2527 2563 2849
f 2563 2870 2849
f 2563 2869 2870
f 2849 2870 2850
f 2853 2871 2532
f 2532 2871 2564
f 2564 2872 2565
f 2871 2872 2564
f 2565 2873 2566
f 2872 2873 2565
f 2535 2566 2854
f 2566 2874 2854
f 2566 2873 2874
f 2854 2874 2537
f 2874 2567 2537
f 2874 2875 2567
f 2567 2876 2568
f 2875 2876 2567
f 2568 2877 2569
f 2876 2877 2568
f 2540 2569 2855
f 2569 2878 2855
f 2569 2877 2878
f 2855 2878 2542
f 2878 2570 2542
f 2878 2879 2570
f 2572 2570 2879
f 2572 2879 2880
f 2883 2882 2881
f 2882 2884 2856
f 2574 2882 2856
f 2546 2574 2856
f 2881 2882 2574
f 2856 2884 2547
f 2884 2575 2547
f 2884 2885 2575
f 2575 2886 2576
f 2885 2886 2575
f 2858 2577 2860
f 2577 2886 2860
f 2577 2576 2886
f 2577 2858 2550
f 2861 2887 2552
f 2552 2887 2578
f 2578 2888 2579
f 2887 2888 2578
f 2862 2580 2864
f 2580 2888 2864
f 2580 2579 2888
f 2580 2862 2555
f 2866 2889 2560
f 2560 2889 2581
f 2582 2581 2889
f 2582 2889 2890
f 2892 2891 2583
f 2892 2583 2584
f 2562 2583 2867
f 2583 2893 2867
f 2583 2891 2893
f 2867 2893 2868
f 2880 2894 2572
f 2572 2894 2585
f 2881 2586 2883
f 2586 2894 2883
f 2586 2585 2894
f 2586 2881 2574
f 2890 2587 2582
f 2895 2587 2890
f 2588 2892 2584
f 2588 2896 2892
f 2895 2589 2587
f 2897 2589 2895
f 2590 2896 2588
f 2590 2898 2896
f 2897 2591 2589
f 2899 2591 2897
f 2592 2898 2590
f 2592 2900 2898
f 2899 2593 2591
f 2901 2593 2899
f 2594 2900 2592
f 2594 2902 2900
f 2901 2595 2593
f 2903 2595 2901
f 2596 2902 2594
f 2596 2904 2902
f 2903 2597 2595
f 2905 2597 2903
f 2598 2904 2596
f 2598 2906 2904
f 2905 2599 2597
f 2907 2599 2905
f 2600 2906 2598
f 2600 2908 2906
f 2907 2601 2599
f 2909 2601 2907
f 2911 2910 2602
f 2911 2602 2603
f 2604 2602 2910
f 2604 2910 2912
f 2605 2908 2600
f 2605 2913 2908
f 2909 2606 2601
f 2914 2606 2909
f 2607 2911 2603
f 2607 2915 2911
f 2912 2608 2604
f 2916 2608 2912
f 2918 2917 2610
f 2918 2610 2611
f 2605 2610 2913
f 2913 2610 2917
f 2914 2612 2606
f 2919 2612 2914
f 2614 2915 2607
f 2614 2920 2915
f 2916 2615 2608
f 2921 2615 2916
f 2617 2923 2922
f 2918 2617 2922
f 2611 2617 2918
f 2923 2924 2922
f 2618 2612 2925
f 2612 2926 2925
f 2612 2919 2926
f 2620 2920 2614
f 2620 2927 2920
f 2929 2621 2928
f 2621 2921 2928
f 2621 2615 2921
f 2930 2929 2928
f 2932 2622 2931
f 2932 2617 2622
f 2923 2617 2932
f 2923 2932 2933
f 2933 2924 2923
f 2623 2931 2622
f 2925 2926 2625
f 2926 2624 2625
f 2926 2934 2624
f 2626 2927 2620
f 2626 2935 2927
f 2937 2627 2936
f 2627 2621 2936
f 2936 2621 2929
f 2938 2936 2929
f 2929 2930 2938
f 2627 2937 2629
f 2932 2931 2939
f 2932 2939 2940
f 2630 2939 2623
f 2623 2939 2931
f 2934 2631 2624
f 2941 2631 2934
f 2943 2942 2632
f 2942 2626 2632
f 2942 2935 2626
f 2936 2944 2937
f 2629 2937 2944
f 2945 2629 2944
f 2634 2629 2945
f 2940 2947 2946
f 2940 2637 2947
f 2940 2939 2636
f 2637 2940 2636
f 2939 2630 2636
f 2948 2946 2947
f 2941 2638 2631
f 2949 2638 2941
f 2639 2640 2943
f 2640 2942 2943
f 2640 2950 2942
f 2945 2642 2634
f 2951 2642 2945
f 2644 2952 2947
f 2644 2947 2637
f 2948 2947 2953
f 2953 2947 2952
f 2949 2645 2638
f 2954 2645 2949
f 2646 2950 2640
f 2646 2955 2950
f 2957 2956 2649
f 2649 2956 2647
f 2649 2642 2951
f 2649 2951 2957
f 2959 2958 2952
f 2644 2959 2952
f 2650 2959 2644
f 2952 2958 2953
f 2954 2651 2645
f 2960 2651 2954
f 2652 2955 2646
f 2652 2961 2955
f 2653 2647 2962
f 2647 2963 2962
f 2647 2956 2963
f 2962 2654 2653
f 2650 2655 2964
f 2965 2650 2964
f 2959 2650 2965
f 2656 2964 2655
f 2960 2657 2651
f 2966 2657 2960
f 2658 2961 2652
f 2658 2967 2961
f 2963 2968 2962
f 2654 2962 2968
f 2969 2654 2968
f 2659 2654 2969
f 2965 2971 2970
f 2965 2662 2971
f 2965 2964 2661
f 2662 2965 2661
f 2964 2656 2661
f 2972 2970 2971
f 2966 2663 2657
f 2973 2663 2966
f 2664 2967 2658
f 2664 2974 2967
f 2977 2976 2975
f 2969 2977 2975
f 2665 2969 2975
f 2659 2969 2665
f 2667 2978 2971
f 2667 2971 2662
f 2972 2971 2979
f 2979 2971 2978
f 2973 2668 2663
f 2980 2668 2973
f 2669 2974 2664
f 2669 2981 2974
f 2976 2982 2975
f 2665 2975 2982
f 2983 2665 2982
f 2670 2665 2983
f 2985 2984 2978
f 2667 2985 2978
f 2672 2985 2667
f 2978 2984 2979
f 2980 2673 2668
f 2986 2673 2980
f 2674 2981 2669
f 2674 2987 2981
f 2990 2989 2988
f 2983 2990 2988
f 2675 2983 2988
f 2670 2983 2675
f 2991 2985 2672
f 2991 2672 2676
f 2676 2677 2991
f 2991 2677 2992
f 2986 2678 2673
f 2993 2678 2986
f 2679 2987 2674
f 2679 2994 2987
f 2989 2995 2988
f 2675 2988 2995
f 2996 2675 2995
f 2681 2675 2996
f 2682 2992 2677
f 2682 2997 2992
f 2993 2683 2678
f 2998 2683 2993
f 2684 2994 2679
f 2684 2999 2994
f 3002 3001 3000
f 2996 3002 3000
f 2685 2996 3000
f 2681 2996 2685
f 2686 3004 3003
f 2997 2686 3003
f 2682 2686 2997
f 3004 3005 3003
f 2998 2687 2683
f 3006 2687 2998
f 2688 2999 2684
f 2688 3007 2999
f 3000 3001 2691
f 3001 2690 2691
f 3001 3008 2690
f 3000 2691 2685
f 2692 3009 3004
f 2692 3004 2686
f 3005 3004 3010
f 3010 3004 3009
f 3006 2693 2687
f 3011 2693 3006
f 3013 3012 2695
f 3012 2688 2695
f 3012 3007 2688
f 2696 2690 3014
f 2690 3015 3014
f 2690 3008 3015
f 3014 2697 2696
f 3009 2692 2698
f 3018 3017 3016
f 3017 3018 2700
f 3018 3010 2700
f 3009 2698 2700
f 3009 2700 3010
f 3011 2701 2693
f 3019 2701 3011
f 2703 2702 3013
f 2702 3012 3013
f 2702 3020 3012
f 3014 3015 2707
f 3015 2706 2707
f 3015 3021 2706
f 3014 2707 2697
f 2708 2709 3022
f 3017 3023 3016
f 3023 3017 3024
f 3017 2700 3024
f 2708 3022 3024
f 2708 3024 2700
f 3019 2710 2701
f 3025 2710 3019
f 2711 3020 2702
f 2711 3026 3020
f 3021 2712 2706
f 3027 2712 3021
f 3029 3028 3022
f 2709 3029 3022
f 2713 3029 2709
f 3022 3028 3024
f 3025 2714 2710
f 3030 2714 3025
f 2715 3026 2711
f 2715 3031 3026
f 3027 2716 2712
f 3032 2716 3027
f 2717 3034 3033
f 3029 2717 3033
f 2713 2717 3029
f 3034 3035 3033
f 3030 2718 2714
f 3036 2718 3030
f 3038 3037 2720
f 3037 2715 2720
f 3037 3031 2715
f 3032 2721 2716
f 3039 2721 3032
f 3041 3040 3034
f 2717 3041 3034
f 2722 3041 2717
f 3034 3040 3035
f 3036 2723 2718
f 3042 2723 3036
f 2724 2725 3038
f 2725 3037 3038
f 2725 3043 3037
f 3039 2726 2721
f 3044 2726 3039
f 2728 3041 2722
f 2728 3045 3041
f 3042 2729 2723
f 3046 2729 3042
f 2725 2730 3047
f 3048 2725 3047
f 3043 2725 3048
f 3049 3047 2730
f 2726 3049 2730
f 3044 3049 2726
f 2732 3045 2728
f 2732 3050 3045
f 3046 2733 2729
f 3051 2733 3046
f 3048 3047 2734
f 2735 3048 2734
f 3052 3048 2735
f 2736 2734 3047
f 3049 2736 3047
f 3053 2736 3049
f 3056 3055 3054
f 3055 3050 3054
f 3050 2738 3054
f 3050 2732 2738
f 3051 2739 2733
f 3057 2739 3051
f 3058 3052 2735
f 3058 2735 2740
f 2740 2736 3053
f 2740 3053 3058
f 3056 3054 3059
f 3056 3059 3060
f 2741 3059 2738
f 2738 3059 3054
f 3057 2742 2739
f 3061 2742 3057
f 3062 3060 3059
f 3059 2741 3062
f 2741 3063 3062
f 2741 2744 3063
f 3061 2745 2742
f 3064 2745 3061
f 2746 3063 2744
f 2746 3065 3063
f 3064 2747 2745
f 3066 2747 3064
f 3069 3068 3067
f 3068 3065 3067
f 3065 2748 3067
f 3065 2746 2748
f 3066 2749 2747
f 3070 2749 3066
f 3071 3069 3067
f 3067 2748 3071
f 2748 3072 3071
f 2748 2750 3072
f 3070 2751 2749
f 3073 2751 3070
f 2753 3072 2750
f 2753 3074 3072
f 3073 2754 2751
f 3075 2754 3073
f 2755 3074 2753
f 2755 3076 3074
f 3075 2756 2754
f 3077 2756 3075
f 3078 3076 2755
f 3078 2755 2757
f 2757 2758 3078
f 3078 2758 3079
f 3081 3080 2760
f 2760 3080 2759
f 2760 2756 3077
f 2760 3077 3081
f 3082 3079 2758
f 3082 2758 2761
f 2761 2762 3082
f 3082 2762 3083
f 3085 3084 2765
f 2765 3084 2764
f 3087 3086 2766
f 3086 2765 2766
f 3086 3085 2765
f 3087 3088 3086
f 3090 3089 2769
f 2769 3089 2768
f 2769 2770 3090
f 3090 2770 3091
f 3080 2771 2759
f 3092 2771 3080
f 3093 3083 2762
f 3093 2762 2772
f 3094 2772 2773
f 3094 3093 2772
f 2773 2775 3094
f 3094 2775 3095
f 3098 3097 3096
f 2776 2777 3096
f 2777 3098 3096
f 2777 3099 3098
f 3100 2777 2778
f 3100 3099 2777
f 3101 2778 2779
f 3101 3100 2778
f 3102 2779 2780
f 3102 3101 2779
f 3103 2780 2782
f 3103 3102 2780
f 3104 2782 2783
f 3104 3103 2782
f 2783 2764 3084
f 2783 3084 3104
f 2784 3087 2766
f 3105 3088 3087
f 2784 3105 3087
f 2786 3105 2784
f 3106 2786 2788
f 3106 3105 2786
f 3108 3106 3107
f 3106 2789 3107
f 3106 2788 2789
f 2790 3107 2789
f 3110 3109 2792
f 2792 3109 2791
f 3111 2792 2793
f 3111 3110 2792
f 3112 2793 2795
f 3112 3111 2793
f 3113 2795 2796
f 3113 3112 2795
f 3115 3113 3114
f 3113 2797 3114
f 3113 2796 2797
f 2798 3114 2797
f 3117 3116 2800
f 2800 3116 2799
f 2800 2768 3089
f 2800 3089 3117
f 3118 3091 2770
f 3118 2770 2801
f 2801 2803 3118
f 3118 2803 3119
f 3120 2805 2806
f 3121 3120 2806
f 2771 3121 2806
f 3092 3121 2771
f 3122 3095 2775
f 3122 2775 2807
f 3123 2807 2808
f 3123 3122 2807
f 3124 2808 2809
f 3124 3123 2808
f 2810 3096 3097
f 3124 2810 3097
f 2809 2810 3124
f 3096 2810 2776
f 3125 3108 3107
f 3125 3107 2790
f 2811 3125 2790
f 3126 3125 2811
f 3127 2811 2812
f 3127 3126 2811
f 3128 2812 2813
f 3128 3127 2812
f 2813 2791 3109
f 2813 3109 3128
f 3129 3115 3114
f 3129 3114 2798
f 2814 3129 2798
f 3130 3129 2814
f 3131 2814 2815
f 3131 3130 2814
f 2815 2799 3116
f 2815 3116 3131
f 3132 3119 2803
f 3132 2803 2816
f 3133 2816 2817
f 3133 3132 2816
f 2817 2805 3120
f 3134 2817 3120
f 3133 2817 3134
f 3134 3120 3121
f 3137 3136 3135
f 3139 3138 3135
f 3139 3135 3136
f 3141 3140 3138
f 3141 3138 3139
f 3143 3142 3140
f 3143 3140 3141
f 3145 3144 3142
f 3145 3142 3143
f 3146 3144 3145
f 3149 3148 3147
f 3151 3150 3147
f 3151 3147 3148
f 3152 3150 3151
f 3155 3154 3153
f 3156 3153 3154
f 3159 3158 3157
f 3161 3160 3157
f 3161 3157 3158
f 3162 3160 3161
f 3165 3164 3163
f 3166 3163 3164
f 3169 3168 3167
f 3171 3170 3167
f 3171 3167 3168
f 3172 3170 3171
f 3174 3173 2818
f 3174 2818 2819
f 2818 3175 2820
f 3173 3175 2818
f 2821 2820 3175
f 2821 3175 3176
f 3179 3178 3177
f 3181 3180 3177
f 3181 3177 3178
f 3182 3180 3181
f 3185 3184 3183
f 3183 3184 3137
f 3135 3183 3137
f 3186 3183 3135
f 2823 3186 2822
f 3186 3138 2822
f 3186 3135 3138
f 2822 3138 2825
f 2825 3138 3140
f 2825 3140 2826
f 2826 3140 3142
f 2826 3142 2828
f 3142 3187 2828
f 3142 3144 3187
f 3188 2829 2830
f 3144 3188 2830
f 3187 3144 2830
f 3188 3144 3146
f 3190 3189 2832
f 2829 3190 2832
f 3188 3190 2829
f 3189 3190 3149
f 3147 3189 3149
f 3191 3189 3147
f 3192 3147 3150
f 3191 3147 3192
f 3150 3152 3193
f 3194 3150 3193
f 3192 3150 3194
f 3196 3195 3194
f 3196 3194 3193
f 3198 3197 3195
f 3198 3195 3196
f 3197 3198 3155
f 3153 3197 3155
f 3199 3197 3153
f 3153 3156 3200
f 3201 3153 3200
f 3199 3153 3201
f 3202 3201 3200
f 3205 3204 3203
f 3203 3204 3159
f 3157 3203 3159
f 3206 3203 3157
f 2835 3206 2834
f 3206 3160 2834
f 3206 3157 3160
f 3208 3207 2836
f 3208 2836 2834
f 3162 3208 2834
f 3160 3162 2834
f 3210 3209 3207
f 3210 3207 3208
f 3209 3210 3165
f 3163 3209 3165
f 3211 3209 3163
f 3212 2838 2839
f 3163 3212 2839
f 3211 3163 2839
f 3212 3163 3166
f 3214 3213 2840
f 2838 3214 2840
f 3212 3214 2838
f 3215 3213 3214
f 3169 3167 3216
f 3169 3216 3217
f 2843 3216 2842
f 3216 3170 2842
f 3216 3167 3170
f 3219 3218 2844
f 3219 2844 2842
f 3172 3219 2842
f 3170 3172 2842
f 2845 2846 3218
f 3219 2845 3218
f 3220 2845 3219
f 2845 3221 2847
f 3220 3221 2845
f 2819 2847 3174
f 3174 2847 3221
f 3176 2848 2821
f 3222 2848 3176
f 3223 3179 3177
f 3225 3224 3223
f 3177 3225 3223
f 3180 3225 3177
f 3180 3182 3226
f 3227 3180 3226
f 3225 3180 3227
f 3227 3226 3185
f 3183 3227 3185
f 3228 3227 3183
f 2850 3228 2851
f 3228 3186 2851
f 3228 3183 3186
f 2851 3186 2823
f 3187 2852 2828
f 2852 3187 2830
f 3229 2853 3189
f 3189 2853 2832
f 3230 3189 3191
f 3229 3189 3230
f 3231 3191 3192
f 3230 3191 3231
f 3232 3192 3194
f 3231 3192 3232
f 3233 3194 3195
f 3232 3194 3233
f 3234 3195 3197
f 3233 3195 3234
f 3235 3197 3199
f 3234 3197 3235
f 3236 3199 3201
f 3235 3199 3236
f 3201 3202 3237
f 3238 3201 3237
f 3236 3201 3238
f 3238 3237 3205
f 3203 3238 3205
f 3239 3238 3203
f 3240 3203 3206
f 3239 3203 3240
f 2857 3241 2835
f 3241 3206 2835
f 3241 3240 3206
f 2836 3207 2857
f 3207 3241 2857
f 3207 3242 3241
f 3243 3207 3209
f 3242 3207 3243
f 2860 3243 2859
f 3243 3211 2859
f 3243 3209 3211
f 2859 3211 2839
f 3244 2861 3213
f 3213 2861 2840
f 3213 3215 3245
f 3246 3213 3245
f 3244 3213 3246
f 3246 3245 3217
f 3246 3217 3216
f 2864 3246 3216
f 2863 2864 3216
f 2863 3216 2843
f 3218 2865 2844
f 2865 3218 2846
f 3248 2866 3247
f 2866 3222 3247
f 2866 2848 3222
f 3249 3248 3247
f 3252 3251 3250
f 3250 3251 3224
f 3225 3250 3224
f 3253 3250 3225
f 2868 3253 2869
f 3253 3227 2869
f 3253 3225 3227
f 2869 3227 2870
f 2870 3227 3228
f 2870 3228 2850
f 3229 2871 2853
f 2871 3229 2872
f 2872 3229 3230
f 2872 3230 2873
f 2873 3230 3231
f 2873 3231 2874
f 2874 3231 3232
f 2874 3232 2875
f 2875 3232 3233
f 2875 3233 2876
f 2876 3233 3234
f 2876 3234 2877
f 2877 3234 3235
f 2877 3235 2878
f 2878 3235 3236
f 2878 3236 2879
f 2879 3236 3238
f 2879 3238 2880
f 3238 3254 2880
f 3238 3239 3254
f 2883 3254 2882
f 3254 3240 2882
f 3254 3239 3240
f 2882 3240 2884
f 2884 3240 3241
f 2884 3241 2885
f 2885 3241 3242
f 2885 3242 2886
f 2886 3242 3243
f 2886 3243 2860
f 3244 2887 2861
f 2887 3244 2888
f 2888 3244 3246
f 2888 3246 2864
f 3248 2889 2866
f 2890 2889 3248
f 3249 2890 3248
f 3255 2890 3249
f 3252 3250 2891
f 2892 3252 2891
f 3256 3252 2892
f 2891 3250 2893
f 2893 3250 3253
f 2893 3253 2868
f 3254 2894 2880
f 2894 3254 2883
f 3255 2895 2890
f 3257 2895 3255
f 2896 3256 2892
f 2896 3258 3256
f 3257 2897 2895
f 3259 2897 3257
f 2898 3258 2896
f 2898 3260 3258
f 3262 2899 3261
f 2899 3259 3261
f 2899 2897 3259
f 2900 3264 3263
f 3260 2900 3263
f 2898 2900 3260
f 3264 3265 3263
f 3266 2901 3262
f 3262 2901 2899
f 3268 3267 3264
f 2900 3268 3264
f 2902 3268 2900
f 3264 3267 3265
f 3270 3269 3266
f 3269 2901 3266
f 3269 2903 2901
f 2904 3268 2902
f 2904 3271 3268
f 3269 2905 2903
f 3272 2905 3269
f 2906 3271 2904
f 2906 3273 3271
f 3275 2907 3274
f 2907 3272 3274
f 2907 2905 3272
f 3278 3277 3276
f 3279 3276 3277
f 2908 3273 2906
f 2908 3280 3273
f 3281 2909 3275
f 3275 2909 2907
f 3278 3276 2910
f 2911 3278 2910
f 3282 3278 2911
f 2912 2910 3276
f 3279 2912 3276
f 3283 2912 3279
f 2913 3280 2908
f 2913 3284 3280
f 3286 3285 3281
f 3285 2909 3281
f 3285 2914 2909
f 2915 3282 2911
f 2915 3287 3282
f 3283 2916 2912
f 3288 2916 3283
f 2918 3289 2917
f 3289 3290 2917
f 3290 2913 2917
f 3290 3284 2913
f 3285 2919 2914
f 3291 2919 3285
f 2920 3287 2915
f 2920 3292 3287
f 3288 2921 2916
f 3293 2921 3288
f 2922 3289 2918
f 2922 2924 3289
f 2924 3290 3289
f 2924 3294 3290
f 3296 2926 3295
f 2926 3291 3295
f 2926 2919 3291
f 2927 3292 2920
f 2927 3297 3292
f 2928 2921 3298
f 2921 3299 3298
f 2921 3293 3299
f 3298 2930 2928
f 2932 3300 2933
f 3300 3301 2933
f 3301 2924 2933
f 3301 3294 2924
f 3302 2934 3296
f 3296 2934 2926
f 2935 3297 2927
f 2935 3303 3297
f 3298 3299 2938
f 3299 2936 2938
f 3299 3304 2936
f 3298 2938 2930
f 2940 3305 3300
f 2940 3300 2932
f 3301 3300 3306
f 3306 3300 3305
f 3308 3307 3302
f 3307 2934 3302
f 3307 2941 2934
f 2942 3303 2935
f 2942 3309 3303
f 2944 2936 3310
f 2936 3311 3310
f 2936 3304 3311
f 3310 2945 2944
f 2946 3305 2940
f 2946 2948 3305
f 2948 3306 3305
f 2948 3312 3306
f 3307 2949 2941
f 3313 2949 3307
f 2950 3309 2942
f 2950 3314 3309
f 3311 3315 3310
f 2945 3310 3315
f 3316 2945 3315
f 2951 2945 3316
f 2953 3312 2948
f 2953 3317 3312
f 3319 2954 3318
f 2954 3313 3318
f 2954 2949 3313
f 2955 3314 2950
f 2955 3320 3314
f 3322 3321 2957
f 2957 3321 2956
f 2957 2951 3316
f 2957 3316 3322
f 2959 3323 2958
f 3323 3324 2958
f 3324 2953 2958
f 3324 3317 2953
f 3326 3325 3319
f 3325 2954 3319
f 3325 2960 2954
f 2961 3320 2955
f 2961 3327 3320
f 3321 2963 2956
f 3328 2963 3321
f 2965 3329 3323
f 2965 3323 2959
f 3324 3323 3330
f 3330 3323 3329
f 3325 2966 2960
f 3331 2966 3325
f 2967 3327 2961
f 2967 3332 3327
f 2968 2963 3333
f 2963 3334 3333
f 2963 3328 3334
f 3333 2969 2968
f 2970 3329 2965
f 2970 2972 3329
f 2972 3330 3329
f 2972 3335 3330
f 3331 2973 2966
f 3336 2973 3331
f 2974 3332 2967
f 2974 3337 3332
f 3333 3334 2977
f 3334 2976 2977
f 3334 3338 2976
f 3333 2977 2969
f 2979 3335 2972
f 2979 3339 3335
f 3336 2980 2973
f 3340 2980 3336
f 2981 3337 2974
f 2981 3341 3337
f 2982 2976 3342
f 2976 3343 3342
f 2976 3338 3343
f 3342 2983 2982
f 2985 3344 2984
f 3344 3345 2984
f 3345 2979 2984
f 3345 3339 2979
f 3347 2986 3346
f 2986 3340 3346
f 2986 2980 3340
f 2987 3341 2981
f 2987 3348 3341
f 3342 3343 2990
f 3343 2989 2990
f 3343 3349 2989
f 3342 2990 2983
f 2991 3344 2985
f 2991 2992 3344
f 2992 3345 3344
f 2992 3350 3345
f 3352 3351 3347
f 3351 2986 3347
f 3351 2993 2986
f 2994 3348 2987
f 2994 3353 3348
f 2995 2989 3354
f 2989 3355 3354
f 2989 3349 3355
f 3354 2996 2995
f 2997 3350 2992
f 2997 3356 3350
f 3351 2998 2993
f 3357 2998 3351
f 2999 3353 2994
f 2999 3358 3353
f 3359 3001 3002
f 3355 3360 3354
f 3361 3354 3360
f 3361 2996 3354
f 3361 3359 3002
f 2996 3361 3002
f 3362 3356 2997
f 3362 2997 3003
f 3003 3005 3362
f 3362 3005 3363
f 3365 3006 3364
f 3006 3357 3364
f 3006 2998 3357
f 3007 3358 2999
f 3007 3366 3358
f 3368 3367 3359
f 3367 3001 3359
f 3367 3008 3001
f 3368 3359 3361
f 3371 3370 3369
f 3370 3363 3369
f 3363 3010 3369
f 3363 3005 3010
f 3372 3011 3365
f 3365 3011 3006
f 3012 3366 3007
f 3012 3373 3366
f 3367 3015 3008
f 3374 3015 3367
f 3371 3369 3018
f 3016 3371 3018
f 3375 3371 3016
f 3018 3369 3010
f 3377 3376 3372
f 3376 3011 3372
f 3376 3019 3011
f 3379 3373 3378
f 3373 3020 3378
f 3373 3012 3020
f 3374 3021 3015
f 3380 3021 3374
f 3016 3023 3381
f 3382 3016 3381
f 3375 3016 3382
f 3024 3381 3023
f 3376 3025 3019
f 3383 3025 3376
f 3378 3020 3384
f 3020 3385 3384
f 3020 3026 3385
f 3380 3027 3021
f 3386 3027 3380
f 3382 3381 3028
f 3029 3382 3028
f 3387 3382 3029
f 3028 3381 3024
f 3389 3030 3388
f 3030 3383 3388
f 3030 3025 3383
f 3031 3385 3026
f 3031 3390 3385
f 3386 3032 3027
f 3391 3032 3386
f 3029 3033 3392
f 3393 3029 3392
f 3387 3029 3393
f 3035 3392 3033
f 3394 3036 3389
f 3389 3036 3030
f 3037 3390 3031
f 3037 3395 3390
f 3391 3039 3032
f 3396 3039 3391
f 3393 3398 3397
f 3393 3041 3398
f 3393 3392 3040
f 3041 3393 3040
f 3392 3035 3040
f 3399 3397 3398
f 3401 3400 3394
f 3400 3036 3394
f 3400 3042 3036
f 3043 3395 3037
f 3043 3402 3395
f 3396 3044 3039
f 3403 3044 3396
f 3405 3404 3398
f 3041 3405 3398
f 3045 3405 3041
f 3398 3404 3399
f 3400 3046 3042
f 3406 3046 3400
f 3048 3402 3043
f 3048 3407 3402
f 3403 3049 3044
f 3408 3049 3403
f 3050 3405 3045
f 3050 3409 3405
f 3411 3051 3410
f 3051 3406 3410
f 3051 3046 3406
f 3052 3407 3048
f 3052 3412 3407
f 3408 3053 3049
f 3413 3053 3408
f 3056 3414 3055
f 3414 3415 3055
f 3415 3050 3055
f 3415 3409 3050
f 3416 3057 3411
f 3411 3057 3051
f 3052 3058 3417
f 3418 3052 3417
f 3412 3052 3418
f 3419 3417 3058
f 3053 3419 3058
f 3413 3419 3053
f 3060 3420 3414
f 3060 3414 3056
f 3415 3414 3421
f 3421 3414 3420
f 3423 3422 3416
f 3422 3057 3416
f 3422 3061 3057
f 3424 3418 3417
f 3424 3417 3419
f 3062 3420 3060
f 3062 3063 3420
f 3063 3421 3420
f 3063 3425 3421
f 3422 3064 3061
f 3426 3064 3422
f 3065 3425 3063
f 3065 3427 3425
f 3426 3066 3064
f 3428 3066 3426
f 3069 3429 3068
f 3429 3430 3068
f 3430 3065 3068
f 3430 3427 3065
f 3432 3070 3431
f 3070 3428 3431
f 3070 3066 3428
f 3071 3429 3069
f 3071 3072 3429
f 3072 3430 3429
f 3072 3433 3430
f 3435 3434 3432
f 3434 3070 3432
f 3434 3073 3070
f 3438 3437 3436
f 3437 3433 3436
f 3433 3074 3436
f 3433 3072 3074
f 3434 3075 3073
f 3439 3075 3434
f 3440 3438 3436
f 3436 3074 3440
f 3074 3441 3440
f 3074 3076 3441
f 3439 3077 3075
f 3442 3077 3439
f 3443 3441 3076
f 3443 3076 3078
f 3078 3079 3443
f 3443 3079 3444
f 3445 3080 3081
f 3446 3445 3081
f 3077 3446 3081
f 3442 3446 3077
f 3447 3444 3079
f 3447 3079 3082
f 3082 3083 3447
f 3447 3083 3448
f 3449 3084 3085
f 3449 3085 3450
f 3085 3451 3450
f 3085 3086 3451
f 3086 3088 3451
f 3451 3088 3452
f 3455 3454 3453
f 3453 3456 3455
f 3458 3457 3090
f 3090 3457 3089
f 3460 3459 3091
f 3459 3090 3091
f 3459 3458 3090
f 3460 3461 3459
f 3463 3462 3445
f 3462 3080 3445
f 3462 3092 3080
f 3463 3445 3446
f 3464 3448 3083
f 3464 3083 3093
f 3465 3093 3094
f 3465 3464 3093
f 3467 3466 3095
f 3466 3094 3095
f 3466 3465 3094
f 3469 3468 3467
f 3467 3468 3466
f 3471 3470 3469
f 3469 3470 3468
f 3097 3098 3471
f 3098 3470 3471
f 3098 3472 3470
f 3473 3098 3099
f 3473 3472 3098
f 3474 3099 3100
f 3474 3473 3099
f 3475 3100 3101
f 3475 3474 3100
f 3476 3101 3102
f 3476 3475 3101
f 3477 3102 3103
f 3477 3476 3102
f 3478 3103 3104
f 3478 3477 3103
f 3104 3084 3449
f 3479 3104 3449
f 3478 3104 3479
f 3479 3449 3450
f 3480 3452 3088
f 3480 3088 3105
f 3481 3105 3106
f 3481 3480 3105
f 3483 3482 3108
f 3482 3106 3108
f 3482 3481 3106
f 3485 3484 3483
f 3483 3484 3482
f 3487 3486 3485
f 3485 3486 3484
f 3489 3488 3487
f 3487 3488 3486
f 3109 3110 3489
f 3110 3488 3489
f 3110 3490 3488
f 3111 3453 3454
f 3490 3111 3454
f 3110 3111 3490
f 3491 3456 3453
f 3111 3491 3453
f 3112 3491 3111
f 3492 3112 3113
f 3492 3491 3112
f 3494 3493 3115
f 3493 3113 3115
f 3493 3492 3113
f 3494 3495 3493
f 3498 3497 3496
f 3116 3117 3496
f 3117 3498 3496
f 3117 3499 3498
f 3117 3089 3457
f 3117 3457 3499
f 3118 3460 3091
f 3501 3500 3119
f 3119 3500 3118
f 3500 3461 3118
f 3461 3460 3118
f 3501 3502 3500
f 3462 3121 3092
f 3503 3121 3462
f 3122 3467 3095
f 3467 3122 3123
f 3467 3123 3469
f 3469 3123 3124
f 3469 3124 3471
f 3471 3124 3097
f 3125 3483 3108
f 3483 3125 3126
f 3483 3126 3485
f 3485 3126 3127
f 3485 3127 3487
f 3487 3127 3128
f 3487 3128 3489
f 3489 3128 3109
f 3129 3494 3115
f 3504 3495 3494
f 3129 3504 3494
f 3130 3504 3129
f 3131 3496 3497
f 3504 3131 3497
f 3130 3131 3504
f 3496 3131 3116
f 3132 3501 3119
f 3505 3502 3501
f 3132 3505 3501
f 3133 3505 3132
f 3506 3133 3134
f 3506 3505 3133
f 3134 3121 3503
f 3134 3503 3506
f 3508 3507 3136
f 3508 3136 3137
f 3507 3510 3509
f 3139 3507 3509
f 3136 3507 3139
f 3139 3509 3511
f 3512 3139 3511
f 3141 3139 3512
f 3141 3513 3143
f 3512 3513 3141
f 3513 3515 3514
f 3145 3513 3514
f 3143 3513 3145
f 3514 3146 3145
f 3518 3517 3516
f 3148 3149 3516
f 3517 3148 3516
f 3519 3148 3517
f 3148 3520 3151
f 3519 3520 3148
f 3152 3151 3520
f 3152 3520 3521
f 3524 3523 3522
f 3526 3525 3522
f 3526 3522 3523
f 3154 3155 3525
f 3526 3154 3525
f 3527 3154 3526
f 3156 3154 3527
f 3156 3527 3528
f 3159 3529 3158
f 3530 3161 3158
f 3530 3158 3529
f 3530 3162 3161
f 3165 3531 3164
f 3531 3166 3164
f 3169 3532 3168
f 3533 3171 3168
f 3533 3168 3532
f 3533 3172 3171
f 3536 3535 3534
f 3538 3537 3534
f 3538 3534 3535
f 3173 3174 3537
f 3538 3173 3537
f 3539 3173 3538
f 3173 3540 3175
f 3539 3540 3173
f 3176 3175 3540
f 3176 3540 3541
f 3179 3542 3178
f 3178 3542 3543
f 3544 3178 3543
f 3181 3178 3544
f 3546 3545 3182
f 3181 3546 3182
f 3544 3546 3181
f 3184 3185 3545
f 3546 3184 3545
f 3547 3184 3546
f 3137 3184 3508
f 3508 3184 3547
f 3510 3548 3509
f 3509 3548 3511
f 3515 3549 3514
f 3514 3549 3146
f 3549 3188 3146
f 3549 3550 3188
f 3516 3190 3518
f 3190 3550 3518
f 3190 3188 3550
f 3190 3516 3149
f 3521 3551 3152
f 3152 3551 3193
f 3522 3196 3524
f 3196 3551 3524
f 3196 3193 3551
f 3196 3522 3198
f 3198 3522 3525
f 3198 3525 3155
f 3528 3552 3156
f 3156 3552 3200
f 3554 3553 3202
f 3200 3554 3202
f 3552 3554 3200
f 3204 3205 3553
f 3554 3204 3553
f 3555 3204 3554
f 3159 3204 3529
f 3204 3556 3529
f 3204 3555 3556
f 3529 3556 3530
f 3530 3556 3557
f 3530 3557 3162
f 3557 3208 3162
f 3557 3558 3208
f 3208 3559 3210
f 3558 3559 3208
f 3165 3210 3531
f 3210 3560 3531
f 3210 3559 3560
f 3560 3562 3561
f 3560 3561 3212
f 3531 3560 3212
f 3166 3531 3212
f 3563 3214 3212
f 3563 3212 3561
f 3215 3214 3563
f 3566 3565 3564
f 3564 3567 3532
f 3217 3564 3532
f 3169 3217 3532
f 3566 3564 3217
f 3532 3567 3533
f 3533 3567 3568
f 3568 3570 3569
f 3568 3569 3219
f 3533 3568 3219
f 3172 3533 3219
f 3571 3536 3534
f 3219 3571 3534
f 3220 3219 3534
f 3571 3219 3569
f 3220 3534 3221
f 3221 3534 3537
f 3221 3537 3174
f 3541 3222 3176
f 3572 3222 3541
f 3223 3542 3179
f 3223 3224 3542
f 3224 3543 3542
f 3224 3573 3543
f 3545 3226 3182
f 3226 3545 3185
f 3553 3237 3202
f 3237 3553 3205
f 3562 3574 3561
f 3561 3574 3563
f 3563 3574 3575
f 3565 3566 3575
f 3566 3245 3575
f 3215 3563 3575
f 3215 3575 3245
f 3245 3566 3217
f 3570 3576 3569
f 3569 3576 3571
f 3247 3222 3577
f 3222 3578 3577
f 3222 3572 3578
f 3577 3249 3247
f 3580 3579 3251
f 3580 3251 3252
f 3224 3251 3573
f 3573 3251 3579
f 3578 3581 3577
f 3249 3577 3581
f 3582 3249 3581
f 3255 3249 3582
f 3256 3580 3252
f 3256 3583 3580
f 3582 3257 3255
f 3584 3257 3582
f 3258 3583 3256
f 3258 3585 3583
f 3584 3259 3257
f 3586 3259 3584
f 3260 3585 3258
f 3260 3587 3585
f 3586 3588 3259
f 3259 3588 3261
f 3260 3263 3589
f 3590 3260 3589
f 3587 3260 3590
f 3265 3589 3263
f 3590 3589 3267
f 3268 3590 3267
f 3591 3590 3268
f 3267 3589 3265
f 3592 3269 3270
f 3271 3594 3593
f 3591 3271 3593
f 3268 3271 3591
f 3594 3595 3593
f 3596 3272 3592
f 3592 3272 3269
f 3599 3598 3597
f 3600 3597 3598
f 3602 3601 3594
f 3271 3602 3594
f 3273 3602 3271
f 3594 3601 3595
f 3274 3272 3596
f 3605 3604 3603
f 3599 3597 3277
f 3278 3599 3277
f 3606 3599 3278
f 3279 3277 3597
f 3600 3279 3597
f 3607 3279 3600
f 3280 3602 3273
f 3280 3608 3602
f 3605 3609 3604
f 3282 3606 3278
f 3282 3610 3606
f 3607 3283 3279
f 3611 3283 3607
f 3284 3608 3280
f 3284 3612 3608
f 3614 3613 3286
f 3286 3613 3285
f 3287 3610 3282
f 3287 3615 3610
f 3611 3288 3283
f 3616 3288 3611
f 3290 3612 3284
f 3290 3617 3612
f 3613 3291 3285
f 3618 3291 3613
f 3292 3615 3287
f 3292 3619 3615
f 3616 3293 3288
f 3620 3293 3616
f 3294 3617 3290
f 3294 3621 3617
f 3295 3291 3622
f 3291 3623 3622
f 3291 3618 3623
f 3625 3619 3624
f 3619 3297 3624
f 3619 3292 3297
f 3627 3299 3626
f 3299 3620 3626
f 3299 3293 3620
f 3628 3627 3626
f 3301 3621 3294
f 3301 3629 3621
f 3623 3630 3622
f 3624 3297 3631
f 3297 3632 3631
f 3297 3303 3632
f 3633 3304 3627
f 3627 3304 3299
f 3627 3628 3634
f 3627 3634 3633
f 3306 3629 3301
f 3306 3635 3629
f 3637 3636 3308
f 3308 3636 3307
f 3309 3632 3303
f 3309 3638 3632
f 3639 3311 3633
f 3633 3311 3304
f 3633 3634 3640
f 3633 3640 3639
f 3312 3635 3306
f 3312 3641 3635
f 3636 3313 3307
f 3642 3313 3636
f 3314 3638 3309
f 3314 3643 3638
f 3315 3311 3639
f 3646 3645 3644
f 3316 3644 3645
f 3316 3640 3644
f 3316 3315 3639
f 3640 3316 3639
f 3317 3641 3312
f 3317 3647 3641
f 3318 3313 3648
f 3313 3649 3648
f 3313 3642 3649
f 3320 3643 3314
f 3320 3650 3643
f 3652 3651 3646
f 3651 3321 3646
f 3322 3645 3646
f 3322 3646 3321
f 3322 3316 3645
f 3651 3652 3653
f 3324 3647 3317
f 3324 3654 3647
f 3648 3649 3326
f 3649 3325 3326
f 3649 3655 3325
f 3327 3650 3320
f 3327 3656 3650
f 3657 3328 3651
f 3651 3328 3321
f 3651 3653 3658
f 3651 3658 3657
f 3330 3654 3324
f 3330 3659 3654
f 3655 3331 3325
f 3660 3331 3655
f 3332 3656 3327
f 3332 3661 3656
f 3662 3334 3657
f 3657 3334 3328
f 3657 3658 3663
f 3664 3657 3663
f 3662 3657 3664
f 3665 3664 3663
f 3335 3659 3330
f 3335 3666 3659
f 3660 3336 3331
f 3667 3336 3660
f 3337 3661 3332
f 3337 3668 3661
f 3670 3669 3662
f 3669 3334 3662
f 3669 3338 3334
f 3670 3662 3664
f 3670 3664 3671
f 3671 3664 3665
f 3339 3666 3335
f 3339 3672 3666
f 3667 3340 3336
f 3673 3340 3667
f 3341 3668 3337
f 3341 3674 3668
f 3676 3343 3675
f 3343 3669 3675
f 3343 3338 3669
f 3677 3676 3675
f 3345 3672 3339
f 3345 3678 3672
f 3346 3340 3679
f 3340 3680 3679
f 3340 3673 3680
f 3348 3674 3341
f 3348 3681 3674
f 3682 3349 3676
f 3676 3349 3343
f 3676 3677 3683
f 3676 3683 3682
f 3350 3678 3345
f 3350 3684 3678
f 3679 3680 3352
f 3680 3351 3352
f 3680 3685 3351
f 3353 3681 3348
f 3353 3686 3681
f 3687 3355 3682
f 3682 3355 3349
f 3682 3683 3688
f 3689 3682 3688
f 3687 3682 3689
f 3690 3689 3688
f 3356 3684 3350
f 3356 3691 3684
f 3685 3357 3351
f 3692 3357 3685
f 3358 3686 3353
f 3358 3693 3686
f 3360 3355 3687
f 3696 3695 3694
f 3694 3695 3697
f 3361 3697 3695
f 3697 3361 3689
f 3360 3689 3361
f 3689 3360 3687
f 3697 3689 3690
f 3356 3362 3698
f 3699 3356 3698
f 3691 3356 3699
f 3363 3698 3362
f 3364 3357 3700
f 3357 3701 3700
f 3357 3692 3701
f 3703 3693 3702
f 3693 3366 3702
f 3693 3358 3366
f 3704 3367 3368
f 3696 3705 3695
f 3706 3695 3705
f 3706 3361 3695
f 3706 3704 3368
f 3361 3706 3368
f 3699 3698 3370
f 3371 3699 3370
f 3707 3699 3371
f 3370 3698 3363
f 3700 3701 3708
f 3708 3701 3709
f 3373 3710 3366
f 3366 3710 3702
f 3711 3374 3704
f 3704 3374 3367
f 3704 3706 3712
f 3704 3712 3711
f 3375 3707 3371
f 3375 3713 3707
f 3708 3709 3377
f 3709 3376 3377
f 3709 3714 3376
f 3379 3710 3373
f 3715 3380 3711
f 3711 3380 3374
f 3711 3712 3716
f 3711 3716 3715
f 3382 3713 3375
f 3382 3717 3713
f 3719 3383 3718
f 3383 3714 3718
f 3383 3376 3714
f 3384 3385 3720
f 3720 3385 3721
f 3723 3722 3715
f 3722 3380 3715
f 3722 3386 3380
f 3723 3715 3716
f 3387 3717 3382
f 3387 3724 3717
f 3719 3388 3383
f 3726 3721 3725
f 3721 3390 3725
f 3721 3385 3390
f 3722 3391 3386
f 3727 3391 3722
f 3393 3729 3728
f 3724 3393 3728
f 3387 3393 3724
f 3729 3730 3728
f 3725 3390 3731
f 3390 3732 3731
f 3390 3395 3732
f 3727 3396 3391
f 3733 3396 3727
f 3397 3729 3393
f 3397 3399 3729
f 3399 3730 3729
f 3399 3734 3730
f 3735 3400 3401
f 3402 3732 3395
f 3402 3736 3732
f 3733 3403 3396
f 3737 3403 3733
f 3405 3738 3404
f 3738 3739 3404
f 3739 3399 3404
f 3739 3734 3399
f 3740 3406 3735
f 3735 3406 3400
f 3407 3736 3402
f 3407 3741 3736
f 3737 3408 3403
f 3742 3408 3737
f 3744 3743 3738
f 3405 3744 3738
f 3409 3744 3405
f 3738 3743 3739
f 3410 3406 3740
f 3747 3746 3745
f 3412 3741 3407
f 3412 3748 3741
f 3742 3413 3408
f 3749 3413 3742
f 3415 3751 3750
f 3744 3415 3750
f 3409 3415 3744
f 3751 3752 3750
f 3747 3753 3746
f 3418 3748 3412
f 3418 3754 3748
f 3749 3419 3413
f 3755 3419 3749
f 3757 3756 3751
f 3415 3757 3751
f 3421 3757 3415
f 3751 3756 3752
f 3759 3758 3423
f 3423 3758 3422
f 3418 3424 3760
f 3761 3418 3760
f 3754 3418 3761
f 3762 3760 3424
f 3419 3762 3424
f 3755 3762 3419
f 3425 3764 3763
f 3757 3425 3763
f 3421 3425 3757
f 3764 3765 3763
f 3758 3426 3422
f 3766 3426 3758
f 3767 3761 3760
f 3767 3760 3762
f 3769 3768 3764
f 3425 3769 3764
f 3427 3769 3425
f 3764 3768 3765
f 3766 3428 3426
f 3770 3428 3766
f 3430 3772 3771
f 3769 3430 3771
f 3427 3430 3769
f 3772 3773 3771
f 3431 3428 3774
f 3428 3775 3774
f 3428 3770 3775
f 3777 3776 3772
f 3430 3777 3772
f 3433 3777 3430
f 3772 3776 3773
f 3774 3775 3435
f 3775 3434 3435
f 3775 3778 3434
f 3438 3779 3437
f 3777 3433 3780
f 3433 3779 3780
f 3779 3781 3780
f 3433 3437 3779
f 3781 3782 3780
f 3778 3439 3434
f 3783 3439 3778
f 3440 3779 3438
f 3781 3779 3784
f 3779 3441 3784
f 3441 3785 3784
f 3441 3779 3440
f 3781 3784 3782
f 3783 3442 3439
f 3786 3442 3783
f 3787 3785 3441
f 3787 3441 3443
f 3789 3788 3444
f 3788 3443 3444
f 3788 3787 3443
f 3789 3790 3788
f 3786 3446 3442
f 3791 3446 3786
f 3447 3789 3444
f 3793 3792 3448
f 3448 3792 3447
f 3792 3790 3447
f 3790 3789 3447
f 3795 3794 3793
f 3793 3794 3792
f 3797 3796 3795
f 3795 3796 3794
f 3797 3798 3796
f 3801 3800 3799
f 3803 3802 3799
f 3799 3802 3801
f 3805 3804 3803
f 3803 3804 3802
f 3807 3806 3805
f 3805 3806 3804
f 3809 3808 3807
f 3807 3808 3806
f 3811 3810 3809
f 3809 3810 3808
f 3450 3451 3811
f 3451 3810 3811
f 3451 3812 3810
f 3814 3813 3452
f 3813 3451 3452
f 3813 3812 3451
f 3816 3815 3814
f 3814 3815 3813
f 3818 3817 3816
f 3816 3817 3815
f 3820 3819 3818
f 3818 3819 3817
f 3822 3821 3820
f 3820 3821 3819
f 3824 3823 3822
f 3822 3823 3821
f 3826 3825 3824
f 3824 3825 3823
f 3454 3455 3826
f 3455 3825 3826
f 3455 3827 3825
f 3829 3828 3456
f 3828 3455 3456
f 3828 3827 3455
f 3831 3830 3829
f 3829 3830 3828
f 3833 3832 3831
f 3831 3832 3830
f 3835 3834 3833
f 3833 3834 3832
f 3837 3836 3835
f 3835 3836 3834
f 3839 3838 3837
f 3837 3838 3836
f 3457 3458 3839
f 3458 3838 3839
f 3458 3840 3838
f 3841 3458 3459
f 3841 3840 3458
f 3459 3461 3841
f 3841 3461 3842
f 3845 3844 3843
f 3462 3463 3843
f 3463 3845 3843
f 3463 3846 3845
f 3463 3446 3791
f 3463 3791 3846
f 3464 3793 3448
f 3793 3464 3465
f 3793 3465 3795
f 3795 3465 3466
f 3795 3466 3797
f 3847 3798 3797
f 3466 3847 3797
f 3468 3847 3466
f 3848 3468 3470
f 3848 3847 3468
f 3849 3470 3472
f 3849 3848 3470
f 3850 3472 3473
f 3850 3849 3472
f 3474 3799 3800
f 3850 3474 3800
f 3473 3474 3850
f 3799 3474 3475
f 3799 3475 3803
f 3803 3475 3476
f 3803 3476 3805
f 3805 3476 3477
f 3805 3477 3807
f 3807 3477 3478
f 3807 3478 3809
f 3809 3478 3479
f 3809 3479 3811
f 3811 3479 3450
f 3480 3814 3452
f 3814 3480 3481
f 3814 3481 3816
f 3816 3481 3482
f 3816 3482 3818
f 3818 3482 3484
f 3818 3484 3820
f 3820 3484 3486
f 3820 3486 3822
f 3822 3486 3488
f 3822 3488 3824
f 3824 3488 3490
f 3824 3490 3826
f 3826 3490 3454
f 3491 3829 3456
f 3829 3491 3492
f 3829 3492 3831
f 3831 3492 3493
f 3831 3493 3833
f 3833 3493 3495
f 3851 3833 3495
f 3835 3833 3851
f 3851 3497 3498
f 3837 3851 3498
f 3835 3851 3837
f 3837 3498 3499
f 3837 3499 3839
f 3839 3499 3457
f 3852 3842 3461
f 3852 3461 3500
f 3854 3853 3502
f 3853 3500 3502
f 3853 3852 3500
f 3853 3854 3844
f 3854 3843 3844
f 3854 3855 3843
f 3855 3503 3462
f 3855 3462 3843
f 3504 3851 3495
f 3851 3504 3497
f 3505 3854 3502
f 3854 3505 3506
f 3854 3506 3855
f 3855 3506 3503
f 3508 3856 3507
f 3856 3510 3507
f 3511 3857 3512
f 3858 3513 3512
f 3858 3512 3857
f 3858 3515 3513
f 3518 3859 3517
f 3860 3519 3517
f 3860 3517 3859
f 3861 3520 3519
f 3861 3519 3860
f 3861 3521 3520
f 3524 3862 3523
f 3863 3526 3523
f 3863 3523 3862
f 3864 3527 3526
f 3864 3526 3863
f 3864 3528 3527
f 3536 3865 3535
f 3866 3538 3535
f 3866 3535 3865
f 3867 3539 3538
f 3867 3538 3866
f 3868 3540 3539
f 3868 3539 3867
f 3868 3541 3540
f 3543 3869 3544
f 3870 3546 3544
f 3870 3544 3869
f 3871 3547 3546
f 3871 3546 3870
f 3871 3872 3547
f 3547 3872 3508
f 3872 3873 3508
f 3873 3856 3508
f 3856 3873 3510
f 3873 3548 3510
f 3873 3874 3548
f 3511 3548 3857
f 3548 3875 3857
f 3548 3874 3875
f 3877 3876 3875
f 3876 3857 3875
f 3876 3858 3857
f 3878 3549 3515
f 3858 3878 3515
f 3876 3878 3858
f 3879 3550 3549
f 3879 3549 3878
f 3859 3518 3550
f 3879 3859 3550
f 3880 3859 3879
f 3859 3881 3860
f 3859 3880 3881
f 3883 3861 3882
f 3861 3881 3882
f 3861 3860 3881
f 3883 3885 3884
f 3883 3884 3551
f 3861 3883 3551
f 3521 3861 3551
f 3862 3524 3551
f 3884 3862 3551
f 3886 3862 3884
f 3862 3887 3863
f 3862 3886 3887
f 3863 3888 3864
f 3863 3887 3888
f 3889 3552 3528
f 3864 3889 3528
f 3888 3889 3864
f 3890 3554 3552
f 3890 3552 3889
f 3891 3555 3554
f 3891 3554 3890
f 3892 3556 3555
f 3892 3555 3891
f 3893 3557 3556
f 3893 3556 3892
f 3894 3558 3557
f 3894 3557 3893
f 3895 3559 3558
f 3895 3558 3894
f 3896 3560 3559
f 3896 3559 3895
f 3896 3562 3560
f 3565 3897 3564
f 3898 3567 3564
f 3898 3564 3897
f 3899 3568 3567
f 3899 3567 3898
f 3899 3570 3568
f 3571 3900 3865
f 3571 3865 3536
f 3865 3901 3866
f 3865 3900 3901
f 3903 3867 3902
f 3867 3901 3902
f 3867 3866 3901
f 3867 3903 3868
f 3868 3903 3904
f 3541 3868 3904
f 3905 3541 3904
f 3572 3541 3905
f 3573 3906 3869
f 3573 3869 3543
f 3869 3907 3870
f 3869 3906 3907
f 3909 3871 3908
f 3871 3907 3908
f 3871 3870 3907
f 3871 3909 3872
f 3877 3910 3876
f 3876 3910 3878
f 3878 3910 3911
f 3878 3911 3879
f 3879 3911 3912
f 3879 3912 3880
f 3880 3912 3913
f 3880 3913 3881
f 3881 3913 3914
f 3881 3914 3882
f 3885 3915 3884
f 3917 3916 3915
f 3916 3884 3915
f 3916 3886 3884
f 3886 3918 3887
f 3886 3916 3918
f 3920 3888 3919
f 3888 3918 3919
f 3888 3887 3918
f 3922 3921 3920
f 3921 3888 3920
f 3921 3889 3888
f 3889 3923 3890
f 3889 3921 3923
f 3925 3891 3924
f 3891 3923 3924
f 3891 3890 3923
f 3891 3925 3892
f 3892 3925 3926
f 3928 3927 3926
f 3927 3892 3926
f 3927 3893 3892
f 3930 3894 3929
f 3894 3927 3929
f 3894 3893 3927
f 3932 3931 3930
f 3931 3894 3930
f 3931 3895 3894
f 3934 3896 3933
f 3896 3931 3933
f 3896 3895 3931
f 3934 3936 3935
f 3934 3935 3574
f 3896 3934 3574
f 3562 3896 3574
f 3937 3575 3574
f 3937 3574 3935
f 3937 3938 3575
f 3575 3938 3565
f 3938 3939 3565
f 3939 3897 3565
f 3897 3939 3898
f 3898 3939 3940
f 3898 3940 3899
f 3899 3940 3941
f 3899 3941 3570
f 3941 3576 3570
f 3941 3942 3576
f 3571 3576 3900
f 3576 3943 3900
f 3576 3942 3943
f 3900 3943 3901
f 3901 3943 3944
f 3901 3944 3902
f 3905 3578 3572
f 3945 3578 3905
f 3580 3946 3579
f 3906 3573 3579
f 3946 3906 3579
f 3947 3906 3946
f 3949 3907 3948
f 3907 3947 3948
f 3907 3906 3947
f 3907 3949 3908
f 3917 3950 3916
f 3916 3950 3918
f 3918 3950 3951
f 3918 3951 3919
f 3922 3952 3921
f 3921 3952 3923
f 3923 3952 3953
f 3923 3953 3924
f 3928 3954 3927
f 3927 3954 3929
f 3932 3955 3931
f 3931 3955 3933
f 3936 3956 3935
f 3935 3956 3937
f 3937 3956 3957
f 3937 3957 3938
f 3945 3958 3578
f 3578 3958 3581
f 3582 3581 3958
f 3582 3958 3959
f 3961 3960 3946
f 3580 3961 3946
f 3583 3961 3580
f 3946 3960 3947
f 3947 3960 3962
f 3947 3962 3948
f 3959 3584 3582
f 3963 3584 3959
f 3585 3961 3583
f 3585 3964 3961
f 3963 3586 3584
f 3965 3586 3963
f 3587 3964 3585
f 3587 3966 3964
f 3588 3586 3967
f 3586 3968 3967
f 3586 3965 3968
f 3590 3970 3969
f 3966 3590 3969
f 3587 3590 3966
f 3970 3971 3969
f 3968 3972 3967
f 3591 3973 3970
f 3591 3970 3590
f 3971 3970 3974
f 3974 3970 3973
f 3977 3976 3975
f 3979 3593 3978
f 3979 3591 3593
f 3973 3591 3979
f 3973 3979 3980
f 3980 3974 3973
f 3595 3978 3593
f 3975 3976 3981
f 3981 3976 3982
f 3984 3983 3598
f 3984 3598 3599
f 3600 3598 3983
f 3600 3983 3985
f 3979 3978 3601
f 3602 3979 3601
f 3986 3979 3602
f 3601 3978 3595
f 3981 3982 3603
f 3982 3605 3603
f 3982 3987 3605
f 3606 3984 3599
f 3606 3988 3984
f 3985 3607 3600
f 3989 3607 3985
f 3608 3986 3602
f 3608 3990 3986
f 3609 3605 3991
f 3605 3992 3991
f 3605 3987 3992
f 3610 3988 3606
f 3610 3993 3988
f 3989 3611 3607
f 3994 3611 3989
f 3612 3996 3995
f 3990 3612 3995
f 3608 3612 3990
f 3996 3997 3995
f 3991 3992 3614
f 3992 3613 3614
f 3992 3998 3613
f 3615 3993 3610
f 3615 3999 3993
f 3994 3616 3611
f 4000 3616 3994
f 4002 4001 3996
f 3612 4002 3996
f 3617 4002 3612
f 3996 4001 3997
f 3998 3618 3613
f 4003 3618 3998
f 3619 3999 3615
f 3619 4004 3999
f 4000 3620 3616
f 4005 3620 4000
f 3621 4007 4006
f 4002 3621 4006
f 3617 3621 4002
f 4007 4008 4006
f 4003 3623 3618
f 4009 3623 4003
f 4011 4010 3625
f 4010 3619 3625
f 4010 4004 3619
f 3626 3620 4012
f 3620 4013 4012
f 3620 4005 4013
f 4012 3628 3626
f 3629 4014 4007
f 3629 4007 3621
f 4008 4007 4015
f 4015 4007 4014
f 3630 3623 4016
f 3623 4017 4016
f 3623 4009 4017
f 3631 3632 4011
f 3632 4010 4011
f 3632 4018 4010
f 4013 4019 4012
f 3628 4012 4019
f 4020 3628 4019
f 3634 3628 4020
f 3635 4021 4014
f 3635 4014 3629
f 4015 4014 4022
f 4022 4014 4021
f 4016 4017 3637
f 4017 3636 3637
f 4017 4023 3636
f 3638 4018 3632
f 3638 4024 4018
f 4027 4026 4025
f 4020 4027 4025
f 3640 4020 4025
f 3634 4020 3640
f 4029 4028 4021
f 3635 4029 4021
f 3641 4029 3635
f 4021 4028 4022
f 4023 3642 3636
f 4030 3642 4023
f 3643 4024 3638
f 3643 4031 4024
f 4025 4026 3644
f 4026 3646 3644
f 4026 4032 3646
f 4025 3644 3640
f 3647 4034 4033
f 4029 3647 4033
f 3641 3647 4029
f 4034 4035 4033
f 4030 3649 3642
f 4036 3649 4030
f 3650 4031 3643
f 3650 4037 4031
f 4032 4038 3646
f 3646 4038 3652
f 4040 4039 3653
f 3652 4040 3653
f 4038 4040 3652
f 4041 4039 4040
f 3654 4042 4034
f 3654 4034 3647
f 4035 4034 4043
f 4043 4034 4042
f 4036 3655 3649
f 4044 3655 4036
f 3656 4037 3650
f 3656 4045 4037
f 4047 4046 4039
f 4046 3653 4039
f 4046 3658 3653
f 4047 4039 4041
f 3659 4048 4042
f 3659 4042 3654
f 4043 4042 4049
f 4049 4042 4048
f 4044 3660 3655
f 4050 3660 4044
f 3661 4045 3656
f 3661 4051 4045
f 4054 4053 4052
f 4055 4054 4052
f 3658 4056 3663
f 4056 3658 4046
f 3665 3663 4056
f 3665 4056 4057
f 4059 4058 4048
f 3659 4059 4048
f 3666 4059 3659
f 4048 4058 4049
f 4050 3667 3660
f 4060 3667 4050
f 3668 4051 3661
f 3668 4061 4051
f 4062 3669 3670
f 4053 4063 4052
f 4052 4063 4055
f 4064 3670 3671
f 3670 4064 4062
f 4065 4064 3671
f 3665 4065 3671
f 4057 4065 3665
f 3672 4059 3666
f 3672 4066 4059
f 4060 3673 3667
f 4067 3673 4060
f 4069 4061 4068
f 4061 3674 4068
f 4061 3668 3674
f 4062 3675 3669
f 3675 4062 3677
f 4062 4070 3677
f 4062 4064 4070
f 4064 4065 4071
f 4064 4071 4070
f 3678 4066 3672
f 3678 4072 4066
f 4067 3680 3673
f 4073 3680 4067
f 3681 4074 3674
f 3674 4074 4068
f 4075 3683 4070
f 4070 3683 3677
f 4070 4071 4076
f 4070 4076 4075
f 3684 4072 3678
f 3684 4077 4072
f 4073 3685 3680
f 4078 3685 4073
f 4074 3681 4079
f 3681 4080 4079
f 3681 3686 4080
f 4075 3688 3683
f 3690 3688 4075
f 4076 3690 4075
f 4081 3690 4076
f 4084 4083 4082
f 4083 4077 4082
f 4077 3691 4082
f 4077 3684 3691
f 4078 3692 3685
f 4085 3692 4078
f 4087 4080 4086
f 4080 3693 4086
f 4080 3686 3693
f 4088 3696 3694
f 4088 3694 4089
f 3694 4090 4089
f 3694 3697 4090
f 3697 3690 4081
f 3697 4081 4090
f 4091 4084 4082
f 4082 3691 4091
f 3691 4092 4091
f 3691 3699 4092
f 4085 3701 3692
f 4093 3701 4085
f 3703 4086 3693
f 4088 3705 3696
f 4095 4094 3706
f 4095 3706 3705
f 4089 4095 3705
f 4088 4089 3705
f 4096 4094 4095
f 3707 4092 3699
f 3707 4097 4092
f 4093 3709 3701
f 4098 3709 4093
f 4100 4099 4094
f 4099 3706 4094
f 4099 3712 3706
f 4100 4094 4096
f 3713 4097 3707
f 3713 4101 4097
f 4098 3714 3709
f 4102 3714 4098
f 4099 3716 3712
f 4103 3716 4099
f 3717 4101 3713
f 3717 4104 4101
f 3718 3714 4105
f 3714 4106 4105
f 3714 4102 4106
f 3721 4107 3720
f 4109 4108 3723
f 3723 4108 3722
f 3723 3716 4103
f 3723 4103 4109
f 3724 4104 3717
f 3724 4110 4104
f 4105 4106 4111
f 4111 4106 4112
f 3726 4107 3721
f 4108 3727 3722
f 4113 3727 4108
f 3724 3728 4114
f 4115 3724 4114
f 4110 3724 4115
f 3730 4114 3728
f 4112 4116 4111
f 3732 4117 3731
f 4119 3733 4118
f 3733 4113 4118
f 3733 3727 4113
f 4120 4119 4118
f 4121 4115 4114
f 4114 3730 4121
f 3730 4122 4121
f 3730 3734 4122
f 4125 4124 4123
f 4117 3732 4126
f 3732 4127 4126
f 3732 3736 4127
f 4129 4128 4119
f 4128 3733 4119
f 4128 3737 3733
f 4129 4119 4120
f 3739 4122 3734
f 3739 4130 4122
f 4123 4124 4131
f 4131 4124 4132
f 3741 4127 3736
f 3741 4133 4127
f 4128 3742 3737
f 4134 3742 4128
f 3744 4135 3743
f 4135 4136 3743
f 4136 3739 3743
f 4136 4130 3739
f 4131 4132 3745
f 4132 3747 3745
f 4132 4137 3747
f 3748 4133 3741
f 3748 4138 4133
f 4134 3749 3742
f 4139 3749 4134
f 3750 4135 3744
f 3750 3752 4135
f 3752 4136 4135
f 3752 4140 4136
f 3753 3747 4141
f 3747 4142 4141
f 3747 4137 4142
f 4144 4138 4143
f 4138 3754 4143
f 4138 3748 3754
f 4139 3755 3749
f 4145 3755 4139
f 3757 4146 3756
f 4146 4147 3756
f 4147 3752 3756
f 4147 4140 3752
f 4141 4142 3759
f 4142 3758 3759
f 4142 4148 3758
f 4143 3754 4149
f 3754 4150 4149
f 3754 3761 4150
f 4145 3762 3755
f 4151 3762 4145
f 3763 4146 3757
f 3763 3765 4146
f 3765 4147 4146
f 3765 4152 4147
f 4148 3766 3758
f 4153 3766 4148
f 4154 4150 3761
f 4154 3761 3767
f 3767 3762 4151
f 3767 4151 4154
f 3769 4155 3768
f 4155 4156 3768
f 4156 3765 3768
f 4156 4152 3765
f 4153 3770 3766
f 4157 3770 4153
f 3771 4155 3769
f 3771 3773 4155
f 3773 4156 4155
f 3773 4158 4156
f 4157 3775 3770
f 4159 3775 4157
f 3777 4160 3776
f 4160 4161 3776
f 4161 3773 3776
f 4161 4158 3773
f 4159 3778 3775
f 4162 3778 4159
f 3780 4160 3777
f 3780 3782 4160
f 3782 4161 4160
f 3782 4163 4161
f 4162 3783 3778
f 4164 3783 4162
f 3785 4165 3784
f 4165 4166 3784
f 4166 3782 3784
f 4166 4163 3782
f 4164 3786 3783
f 4167 3786 4164
f 3787 4165 3785
f 4168 4166 4165
f 3787 4168 4165
f 3788 4168 3787
f 4170 4169 3790
f 4169 3788 3790
f 4169 4168 3788
f 4172 4171 4170
f 4170 4171 4169
f 4172 4173 4171
f 4176 4175 4174
f 4178 4177 4174
f 4174 4177 4176
f 4178 4179 4177
f 4182 4181 4180
f 4184 4183 4180
f 4180 4183 4182
f 4186 4185 4184
f 4184 4185 4183
f 4188 4187 4186
f 4186 4187 4185
f 4190 4189 4188
f 4188 4189 4187
f 4192 4191 4190
f 4190 4191 4189
f 4194 4193 4192
f 4192 4193 4191
f 4196 4195 4194
f 4194 4195 4193
f 4198 4197 4196
f 4196 4197 4195
f 4200 4199 4198
f 4198 4199 4197
f 4202 4201 4200
f 4200 4201 4199
f 4204 4203 4202
f 4202 4203 4201
f 4206 4205 4204
f 4204 4205 4203
f 4208 4207 4206
f 4206 4207 4205
f 4210 4209 4208
f 4208 4209 4207
f 4212 4211 4210
f 4210 4211 4209
f 4214 4213 4212
f 4212 4213 4211
f 4214 4215 4213
f 4218 4217 4216
f 4167 4218 4216
f 3791 4167 4216
f 3786 4167 3791
f 3792 4170 3790
f 4170 3792 3794
f 4170 3794 4172
f 4219 4173 4172
f 3794 4219 4172
f 3796 4219 3794
f 4221 4220 3798
f 4220 3796 3798
f 4220 4219 3796
f 4221 4222 4220
f 4225 4224 4223
f 4227 4226 4223
f 4223 4226 4225
f 4226 4227 4175
f 4175 4227 4174
f 4227 3800 4174
f 3800 3801 4174
f 4174 3801 3802
f 4174 3802 4178
f 4228 4179 4178
f 3802 4228 4178
f 3804 4228 3802
f 4229 3804 3806
f 4229 4228 3804
f 3808 4180 4181
f 4229 3808 4181
f 3806 3808 4229
f 4180 3808 3810
f 4180 3810 4184
f 4184 3810 3812
f 4184 3812 4186
f 4186 3812 3813
f 4186 3813 4188
f 4188 3813 3815
f 4188 3815 4190
f 4190 3815 3817
f 4190 3817 4192
f 4192 3817 3819
f 4192 3819 4194
f 4194 3819 3821
f 4194 3821 4196
f 4196 3821 3823
f 4196 3823 4198
f 4198 3823 3825
f 4198 3825 4200
f 4200 3825 3827
f 4200 3827 4202
f 4202 3827 3828
f 4202 3828 4204
f 4204 3828 3830
f 4204 3830 4206
f 4206 3830 3832
f 4206 3832 4208
f 4208 3832 3834
f 4208 3834 4210
f 4210 3834 3836
f 4210 3836 4212
f 4212 3836 3838
f 4212 3838 4214
f 4230 4215 4214
f 3838 4230 4214
f 3840 4230 3838
f 4231 3840 3841
f 4231 4230 3840
f 4233 4232 3842
f 4232 3841 3842
f 4232 4231 3841
f 4235 4234 4233
f 4233 4234 4232
f 3844 3845 4235
f 3845 4234 4235
f 3845 4236 4234
f 3846 4216 4217
f 4236 3846 4217
f 3845 3846 4236
f 4216 3846 3791
f 3847 4221 3798
f 4237 4222 4221
f 3847 4237 4221
f 3848 4237 3847
f 3849 4223 4224
f 4237 3849 4224
f 3848 3849 4237
f 4223 3849 3850
f 4223 3850 4227
f 4227 3850 3800
f 3852 4233 3842
f 4233 3852 3853
f 4233 3853 4235
f 4235 3853 3844
f 3872 4238 3873
f 4239 3874 3873
f 4239 3873 4238
f 4240 3875 3874
f 4240 3874 4239
f 4240 3877 3875
f 3882 4241 3883
f 4241 3885 3883
f 3902 4242 3903
f 4243 3904 3903
f 4243 3903 4242
f 4243 3905 3904
f 3908 4244 3909
f 4238 3872 3909
f 4244 4238 3909
f 4245 4238 4244
f 4238 4246 4239
f 4238 4245 4246
f 4239 4247 4240
f 4239 4246 4247
f 4248 3910 3877
f 4240 4248 3877
f 4247 4248 4240
f 4249 3911 3910
f 4249 3910 4248
f 4250 3912 3911
f 4250 3911 4249
f 4251 3913 3912
f 4251 3912 4250
f 4252 3914 3913
f 4252 3913 4251
f 4241 3882 3914
f 4252 4241 3914
f 4253 4241 4252
f 4254 3915 3885
f 4241 4254 3885
f 4253 4254 4241
f 4254 3917 3915
f 3919 4255 3920
f 4255 3922 3920
f 3924 4256 3925
f 4257 3926 3925
f 4257 3925 4256
f 4257 3928 3926
f 3929 4258 3930
f 4258 3932 3930
f 3933 4259 3934
f 4259 3936 3934
f 3938 4260 3939
f 4261 3940 3939
f 4261 3939 4260
f 4262 3941 3940
f 4262 3940 4261
f 4263 3942 3941
f 4263 3941 4262
f 4264 3943 3942
f 4264 3942 4263
f 4265 3944 3943
f 4265 3943 4264
f 4242 3902 3944
f 4265 4242 3944
f 4266 4242 4265
f 4242 4267 4243
f 4242 4266 4267
f 4267 3945 3905
f 4267 3905 4243
f 3948 4268 3949
f 4244 3908 3949
f 4268 4244 3949
f 4269 4244 4268
f 4271 4245 4270
f 4245 4269 4270
f 4245 4244 4269
f 4245 4271 4246
f 4246 4271 4272
f 4246 4272 4247
f 4247 4272 4273
f 4247 4273 4248
f 4248 4273 4274
f 4248 4274 4249
f 4249 4274 4275
f 4249 4275 4250
f 4250 4275 4276
f 4278 4277 4276
f 4277 4250 4276
f 4277 4251 4250
f 4280 4252 4279
f 4252 4277 4279
f 4252 4251 4277
f 4252 4280 4253
f 4253 4280 4281
f 4283 4282 4281
f 4282 4253 4281
f 4282 4254 4253
f 4284 3950 3917
f 4254 4284 3917
f 4282 4284 4254
f 4285 3951 3950
f 4285 3950 4284
f 4255 3919 3951
f 4285 4255 3951
f 4286 4255 4285
f 4287 3952 3922
f 4255 4287 3922
f 4286 4287 4255
f 4288 3953 3952
f 4288 3952 4287
f 4256 3924 3953
f 4288 4256 3953
f 4289 4256 4288
f 4291 4257 4290
f 4257 4289 4290
f 4257 4256 4289
f 4291 4293 4292
f 4291 4292 3954
f 4257 4291 3954
f 3928 4257 3954
f 4258 3929 3954
f 4292 4258 3954
f 4294 4258 4292
f 4295 3955 3932
f 4258 4295 3932
f 4294 4295 4258
f 4259 3933 3955
f 4295 4259 3955
f 4296 4259 4295
f 4297 3956 3936
f 4259 4297 3936
f 4296 4297 4259
f 4298 3957 3956
f 4298 3956 4297
f 4260 3938 3957
f 4298 4260 3957
f 4299 4260 4298
f 4301 4261 4300
f 4261 4299 4300
f 4261 4260 4299
f 4261 4301 4262
f 4262 4301 4302
f 4304 4303 4302
f 4303 4262 4302
f 4303 4263 4262
f 4306 4264 4305
f 4264 4303 4305
f 4264 4263 4303
f 4264 4306 4265
f 4265 4306 4307
f 4265 4307 4266
f 4266 4307 4308
f 4266 4308 4267
f 4267 4308 4309
f 4309 4311 4310
f 4309 4310 3958
f 4267 4309 3958
f 3945 4267 3958
f 4310 3959 3958
f 3961 4312 3960
f 3960 4312 4313
f 4314 3960 4313
f 3962 3960 4314
f 3948 3962 4268
f 3962 4315 4268
f 3962 4314 4315
f 4268 4315 4269
f 4269 4315 4316
f 4269 4316 4270
f 4278 4317 4277
f 4277 4317 4279
f 4283 4318 4282
f 4282 4318 4284
f 4284 4318 4319
f 4284 4319 4285
f 4285 4319 4320
f 4285 4320 4286
f 4286 4320 4321
f 4286 4321 4287
f 4287 4321 4322
f 4287 4322 4288
f 4288 4322 4323
f 4288 4323 4289
f 4289 4323 4324
f 4289 4324 4290
f 4293 4325 4292
f 4292 4325 4294
f 4294 4325 4326
f 4294 4326 4295
f 4295 4326 4327
f 4295 4327 4296
f 4296 4327 4328
f 4296 4328 4297
f 4297 4328 4329
f 4297 4329 4298
f 4298 4329 4330
f 4298 4330 4299
f 4299 4330 4331
f 4299 4331 4300
f 4304 4332 4303
f 4303 4332 4305
f 4310 4311 4333
f 4333 4311 4334
f 4333 3963 3959
f 4333 3959 4310
f 3964 4335 4312
f 3964 4312 3961
f 4313 4312 4336
f 4336 4312 4335
f 4333 4334 4337
f 4337 4334 4338
f 4337 3965 3963
f 4337 3963 4333
f 3966 4339 4335
f 3966 4335 3964
f 4336 4335 4340
f 4340 4335 4339
f 4338 4341 4337
f 3965 4337 4341
f 4342 3965 4341
f 3968 3965 4342
f 3969 4339 3966
f 3969 3971 4339
f 3971 4340 4339
f 3971 4343 4340
f 3972 3968 4344
f 3968 4345 4344
f 3968 4342 4345
f 3974 4343 3971
f 3974 4346 4343
f 4344 4345 3977
f 4345 3976 3977
f 4345 4347 3976
f 3979 4348 3980
f 4348 4349 3980
f 4349 3974 3980
f 4349 4346 3974
f 4352 4351 4350
f 4347 4352 4350
f 3982 4347 4350
f 3976 4347 3982
f 3984 4353 3983
f 4353 3985 3983
f 3986 4354 4348
f 3986 4348 3979
f 4349 4348 4355
f 4355 4348 4354
f 4350 4351 4356
f 4356 4351 4357
f 4356 3987 3982
f 4356 3982 4350
f 4359 4358 4353
f 3984 4359 4353
f 3988 4359 3984
f 3985 4353 4358
f 4360 3985 4358
f 3989 3985 4360
f 3990 4361 4354
f 3990 4354 3986
f 4355 4354 4362
f 4362 4354 4361
f 4357 4363 4356
f 3987 4356 4363
f 4364 3987 4363
f 3992 3987 4364
f 3993 4359 3988
f 3993 4365 4359
f 4360 3994 3989
f 4366 3994 4360
f 3995 4361 3990
f 3995 3997 4361
f 3997 4362 4361
f 3997 4367 4362
f 4370 4369 4368
f 4364 4370 4368
f 3998 4364 4368
f 3992 4364 3998
f 3999 4365 3993
f 3999 4371 4365
f 4373 4000 4372
f 4000 4366 4372
f 4000 3994 4366
f 4374 4373 4372
f 4002 4375 4001
f 4375 4376 4001
f 4376 3997 4001
f 4376 4367 3997
f 4368 4369 4377
f 4377 4369 4378
f 4377 4003 3998
f 4377 3998 4368
f 4004 4371 3999
f 4004 4379 4371
f 4381 4380 4373
f 4380 4000 4373
f 4380 4005 4000
f 4381 4373 4374
f 4006 4375 4002
f 4006 4008 4375
f 4008 4376 4375
f 4008 4382 4376
f 4377 4378 4383
f 4383 4378 4384
f 4383 4009 4003
f 4383 4003 4377
f 4010 4379 4004
f 4010 4385 4379
f 4387 4013 4386
f 4013 4380 4386
f 4013 4005 4380
f 4388 4387 4386
f 4015 4382 4008
f 4015 4389 4382
f 4384 4390 4383
f 4009 4383 4390
f 4391 4009 4390
f 4017 4009 4391
f 4018 4385 4010
f 4018 4392 4385
f 4387 4019 4013
f 4020 4019 4387
f 4388 4020 4387
f 4393 4020 4388
f 4022 4389 4015
f 4022 4394 4389
f 4397 4396 4395
f 4391 4397 4395
f 4023 4391 4395
f 4017 4391 4023
f 4024 4392 4018
f 4024 4398 4392
f 4399 4026 4027
f 4020 4393 4400
f 4399 4020 4400
f 4401 4399 4400
f 4027 4020 4399
f 4402 4401 4400
f 4029 4403 4028
f 4403 4404 4028
f 4404 4022 4028
f 4404 4394 4022
f 4395 4396 4405
f 4405 4396 4406
f 4405 4030 4023
f 4405 4023 4395
f 4031 4398 4024
f 4031 4407 4398
f 4408 4032 4399
f 4399 4032 4026
f 4409 4399 4401
f 4408 4399 4409
f 4401 4402 4410
f 4401 4410 4409
f 4033 4403 4029
f 4033 4035 4403
f 4035 4404 4403
f 4035 4411 4404
f 4405 4406 4412
f 4412 4406 4413
f 4412 4036 4030
f 4412 4030 4405
f 4037 4407 4031
f 4037 4414 4407
f 4408 4038 4032
f 4038 4408 4040
f 4040 4408 4409
f 4041 4040 4409
f 4410 4041 4409
f 4415 4041 4410
f 4043 4417 4416
f 4411 4043 4416
f 4035 4043 4411
f 4417 4418 4416
f 4412 4413 4419
f 4419 4413 4420
f 4419 4044 4036
f 4419 4036 4412
f 4045 4414 4037
f 4045 4421 4414
f 4422 4046 4047
f 4423 4422 4047
f 4041 4423 4047
f 4415 4423 4041
f 4425 4424 4417
f 4043 4425 4417
f 4049 4425 4043
f 4417 4424 4418
f 4419 4420 4426
f 4426 4420 4427
f 4426 4050 4044
f 4426 4044 4419
f 4429 4421 4428
f 4421 4051 4428
f 4421 4045 4051
f 4430 4053 4054
f 4046 4422 4056
f 4430 4054 4055
f 4057 4056 4422
f 4423 4057 4422
f 4431 4057 4423
f 4434 4433 4432
f 4435 4432 4433
f 4059 4436 4058
f 4436 4437 4058
f 4437 4049 4058
f 4437 4425 4049
f 4426 4427 4438
f 4438 4427 4439
f 4438 4060 4050
f 4438 4050 4426
f 4061 4440 4051
f 4051 4440 4428
f 4430 4063 4053
f 4063 4430 4055
f 4442 4065 4441
f 4065 4431 4441
f 4065 4057 4431
f 4443 4442 4441
f 4434 4432 4444
f 4434 4444 4445
f 4432 4435 4446
f 4447 4432 4446
f 4444 4432 4447
f 4448 4447 4446
f 4450 4449 4436
f 4059 4450 4436
f 4066 4450 4059
f 4436 4449 4437
f 4438 4439 4451
f 4451 4439 4452
f 4451 4067 4060
f 4451 4060 4438
f 4069 4440 4061
f 4453 4071 4442
f 4442 4071 4065
f 4442 4443 4454
f 4442 4454 4453
f 4455 4445 4444
f 4455 4444 4447
f 4455 4447 4456
f 4459 4458 4457
f 4448 4456 4447
f 4459 4450 4458
f 4450 4072 4458
f 4450 4066 4072
f 4452 4460 4451
f 4067 4451 4460
f 4461 4067 4460
f 4073 4067 4461
f 4462 4076 4453
f 4453 4076 4071
f 4453 4454 4463
f 4453 4463 4462
f 4466 4465 4464
f 4464 4465 4457
f 4458 4464 4457
f 4467 4464 4458
f 4077 4467 4072
f 4072 4467 4458
f 4470 4469 4468
f 4461 4470 4468
f 4078 4461 4468
f 4073 4461 4078
f 4080 4471 4079
f 4473 4472 4462
f 4472 4076 4462
f 4472 4081 4076
f 4473 4462 4463
f 4474 4466 4464
f 4084 4475 4083
f 4475 4464 4083
f 4464 4467 4083
f 4475 4474 4464
f 4083 4467 4077
f 4468 4469 4476
f 4476 4469 4477
f 4476 4085 4078
f 4476 4078 4468
f 4087 4471 4080
f 4478 4089 4090
f 4081 4472 4479
f 4478 4081 4479
f 4480 4478 4479
f 4090 4081 4478
f 4481 4480 4479
f 4484 4483 4482
f 4485 4482 4091
f 4482 4475 4091
f 4475 4084 4091
f 4475 4482 4483
f 4092 4485 4091
f 4476 4477 4486
f 4486 4477 4487
f 4486 4093 4085
f 4486 4085 4476
f 4478 4095 4089
f 4095 4478 4096
f 4478 4488 4096
f 4478 4480 4488
f 4480 4481 4489
f 4480 4489 4488
f 4484 4482 4490
f 4484 4490 4491
f 4492 4482 4485
f 4490 4482 4492
f 4097 4492 4092
f 4092 4492 4485
f 4486 4487 4493
f 4493 4487 4494
f 4493 4098 4093
f 4493 4093 4486
f 4495 4099 4100
f 4496 4495 4100
f 4496 4100 4096
f 4497 4496 4096
f 4488 4497 4096
f 4497 4488 4489
f 4498 4491 4490
f 4498 4490 4492
f 4498 4492 4499
f 4492 4097 4499
f 4097 4500 4499
f 4097 4101 4500
f 4493 4494 4501
f 4501 4494 4502
f 4501 4102 4098
f 4501 4098 4493
f 4503 4103 4495
f 4495 4103 4099
f 4495 4496 4504
f 4495 4504 4503
f 4104 4506 4505
f 4500 4104 4505
f 4101 4104 4500
f 4506 4507 4505
f 4501 4502 4508
f 4508 4502 4509
f 4508 4106 4102
f 4508 4102 4501
f 4512 4511 4510
f 4513 4108 4109
f 4514 4513 4109
f 4514 4109 4103
f 4515 4514 4103
f 4503 4515 4103
f 4515 4503 4504
f 4517 4516 4506
f 4104 4517 4506
f 4110 4517 4104
f 4506 4516 4507
f 4509 4518 4508
f 4106 4508 4518
f 4519 4106 4518
f 4112 4106 4519
f 4512 4520 4511
f 4521 4113 4513
f 4513 4113 4108
f 4513 4514 4522
f 4513 4522 4521
f 4115 4524 4523
f 4517 4115 4523
f 4110 4115 4517
f 4524 4525 4523
f 4116 4112 4526
f 4112 4527 4526
f 4112 4519 4527
f 4521 4118 4113
f 4120 4118 4521
f 4522 4120 4521
f 4528 4120 4522
f 4121 4524 4115
f 4121 4122 4524
f 4122 4525 4524
f 4122 4529 4525
f 4532 4531 4530
f 4532 4530 4527
f 4527 4530 4526
f 4530 4124 4526
f 4124 4125 4526
f 4127 4533 4126
f 4534 4128 4129
f 4535 4534 4129
f 4120 4535 4129
f 4528 4535 4120
f 4130 4529 4122
f 4130 4536 4529
f 4530 4531 4537
f 4537 4531 4538
f 4537 4132 4124
f 4537 4124 4530
f 4533 4127 4539
f 4127 4540 4539
f 4127 4133 4540
f 4542 4541 4534
f 4541 4128 4534
f 4541 4134 4128
f 4542 4534 4535
f 4136 4536 4130
f 4136 4543 4536
f 4537 4538 4544
f 4544 4538 4545
f 4544 4137 4132
f 4544 4132 4537
f 4547 4540 4546
f 4540 4138 4546
f 4540 4133 4138
f 4541 4139 4134
f 4548 4139 4541
f 4140 4543 4136
f 4140 4549 4543
f 4545 4550 4544
f 4137 4544 4550
f 4551 4137 4550
f 4142 4137 4551
f 4144 4546 4138
f 4548 4145 4139
f 4552 4145 4548
f 4147 4549 4140
f 4147 4553 4549
f 4556 4555 4554
f 4551 4556 4554
f 4148 4551 4554
f 4142 4551 4148
f 4150 4557 4149
f 4552 4151 4145
f 4558 4151 4552
f 4152 4553 4147
f 4152 4559 4553
f 4554 4555 4560
f 4560 4555 4561
f 4560 4153 4148
f 4560 4148 4554
f 4564 4563 4562
f 4562 4563 4154
f 4563 4557 4154
f 4557 4150 4154
f 4565 4562 4154
f 4151 4565 4154
f 4558 4565 4151
f 4156 4567 4566
f 4559 4156 4566
f 4152 4156 4559
f 4567 4568 4566
f 4560 4561 4569
f 4569 4561 4570
f 4569 4157 4153
f 4569 4153 4560
f 4571 4564 4562
f 4571 4562 4565
f 4158 4572 4567
f 4158 4567 4156
f 4568 4567 4573
f 4573 4567 4572
f 4570 4574 4569
f 4157 4569 4574
f 4575 4157 4574
f 4159 4157 4575
f 4161 4576 4572
f 4161 4572 4158
f 4573 4572 4577
f 4577 4572 4576
f 4580 4579 4578
f 4575 4580 4578
f 4162 4575 4578
f 4159 4575 4162
f 4163 4581 4576
f 4163 4576 4161
f 4577 4576 4582
f 4582 4576 4581
f 4578 4579 4583
f 4583 4579 4584
f 4583 4164 4162
f 4583 4162 4578
f 4166 4585 4581
f 4166 4581 4163
f 4582 4581 4586
f 4581 4587 4586
f 4581 4585 4587
f 4587 4588 4586
f 4591 4590 4589
f 4593 4592 4589
f 4589 4592 4591
f 4595 4594 4593
f 4593 4594 4592
f 4595 4596 4594
f 4599 4598 4597
f 4601 4600 4597
f 4597 4600 4599
f 4603 4602 4601
f 4601 4602 4600
f 4605 4604 4603
f 4603 4604 4602
f 4607 4606 4605
f 4605 4606 4604
f 4609 4608 4607
f 4607 4608 4606
f 4611 4610 4609
f 4609 4610 4608
f 4613 4612 4611
f 4611 4612 4610
f 4615 4614 4613
f 4613 4614 4612
f 4617 4616 4615
f 4615 4616 4614
f 4619 4618 4617
f 4617 4618 4616
f 4621 4620 4619
f 4619 4620 4618
f 4623 4622 4621
f 4621 4622 4620
f 4625 4624 4623
f 4623 4624 4622
f 4627 4626 4625
f 4625 4626 4624
f 4629 4628 4627
f 4627 4628 4626
f 4631 4630 4629
f 4629 4630 4628
f 4633 4632 4631
f 4631 4632 4630
f 4635 4634 4633
f 4633 4634 4632
f 4637 4636 4635
f 4635 4636 4634
f 4639 4638 4637
f 4637 4638 4636
f 4641 4640 4639
f 4639 4640 4638
f 4643 4642 4641
f 4641 4642 4640
f 4642 4643 4584
f 4643 4583 4584
f 4643 4644 4583
f 4644 4167 4164
f 4644 4164 4583
f 4168 4585 4166
f 4585 4168 4169
f 4585 4169 4587
f 4645 4588 4587
f 4169 4645 4587
f 4171 4645 4169
f 4647 4646 4173
f 4646 4171 4173
f 4646 4645 4171
f 4649 4648 4647
f 4647 4648 4646
f 4651 4650 4649
f 4649 4650 4648
f 4653 4652 4651
f 4651 4652 4650
f 4652 4653 4590
f 4653 4589 4590
f 4653 4654 4589
f 4654 4175 4176
f 4593 4654 4176
f 4589 4654 4593
f 4593 4176 4177
f 4593 4177 4595
f 4656 4655 4179
f 4179 4655 4177
f 4655 4596 4177
f 4596 4595 4177
f 4655 4656 4598
f 4656 4597 4598
f 4656 4657 4597
f 4657 4181 4182
f 4601 4657 4182
f 4597 4657 4601
f 4601 4182 4183
f 4601 4183 4603
f 4603 4183 4185
f 4603 4185 4605
f 4605 4185 4187
f 4605 4187 4607
f 4607 4187 4189
f 4607 4189 4609
f 4609 4189 4191
f 4609 4191 4611
f 4611 4191 4193
f 4611 4193 4613
f 4613 4193 4195
f 4613 4195 4615
f 4615 4195 4197
f 4615 4197 4617
f 4617 4197 4199
f 4617 4199 4619
f 4619 4199 4201
f 4619 4201 4621
f 4621 4201 4203
f 4621 4203 4623
f 4623 4203 4205
f 4623 4205 4625
f 4625 4205 4207
f 4625 4207 4627
f 4627 4207 4209
f 4627 4209 4629
f 4629 4209 4211
f 4629 4211 4631
f 4631 4211 4213
f 4631 4213 4633
f 4633 4213 4215
f 4658 4633 4215
f 4635 4633 4658
f 4635 4659 4637
f 4635 4658 4659
f 4637 4660 4639
f 4637 4659 4660
f 4639 4661 4641
f 4639 4660 4661
f 4641 4662 4643
f 4641 4661 4662
f 4662 4217 4218
f 4644 4662 4218
f 4643 4662 4644
f 4644 4218 4167
f 4219 4647 4173
f 4647 4219 4220
f 4647 4220 4649
f 4649 4220 4222
f 4663 4649 4222
f 4651 4649 4663
f 4663 4224 4225
f 4653 4663 4225
f 4651 4663 4653
f 4653 4225 4226
f 4653 4226 4654
f 4654 4226 4175
f 4228 4656 4179
f 4656 4228 4229
f 4656 4229 4657
f 4657 4229 4181
f 4230 4658 4215
f 4658 4230 4231
f 4658 4231 4659
f 4659 4231 4232
f 4659 4232 4660
f 4660 4232 4234
f 4660 4234 4661
f 4661 4234 4236
f 4661 4236 4662
f 4662 4236 4217
f 4237 4663 4222
f 4663 4237 4224
f 4270 4664 4271
f 4665 4272 4271
f 4665 4271 4664
f 4666 4273 4272
f 4666 4272 4665
f 4667 4274 4273
f 4667 4273 4666
f 4668 4275 4274
f 4668 4274 4667
f 4669 4276 4275
f 4669 4275 4668
f 4669 4278 4276
f 4279 4670 4280
f 4671 4281 4280
f 4671 4280 4670
f 4671 4283 4281
f 4290 4672 4291
f 4672 4293 4291
f 4300 4673 4301
f 4674 4302 4301
f 4674 4301 4673
f 4674 4304 4302
f 4305 4675 4306
f 4676 4307 4306
f 4676 4306 4675
f 4677 4308 4307
f 4677 4307 4676
f 4678 4309 4308
f 4678 4308 4677
f 4678 4311 4309
f 4313 4679 4314
f 4680 4315 4314
f 4680 4314 4679
f 4315 4680 4681
f 4682 4315 4681
f 4316 4315 4682
f 4270 4316 4664
f 4316 4683 4664
f 4316 4682 4683
f 4664 4683 4665
f 4665 4683 4684
f 4665 4684 4666
f 4666 4684 4685
f 4666 4685 4667
f 4667 4685 4686
f 4667 4686 4668
f 4668 4686 4687
f 4689 4688 4687
f 4688 4668 4687
f 4688 4669 4668
f 4669 4688 4278
f 4688 4690 4278
f 4690 4317 4278
f 4688 4691 4690
f 4317 4690 4279
f 4690 4692 4279
f 4692 4670 4279
f 4692 4690 4693
f 4670 4694 4671
f 4670 4692 4694
f 4695 4318 4283
f 4671 4695 4283
f 4694 4695 4671
f 4696 4319 4318
f 4696 4318 4695
f 4697 4320 4319
f 4697 4319 4696
f 4698 4321 4320
f 4698 4320 4697
f 4699 4322 4321
f 4699 4321 4698
f 4700 4323 4322
f 4700 4322 4699
f 4701 4324 4323
f 4701 4323 4700
f 4672 4290 4324
f 4701 4672 4324
f 4702 4672 4701
f 4703 4325 4293
f 4672 4703 4293
f 4702 4703 4672
f 4704 4326 4325
f 4704 4325 4703
f 4705 4327 4326
f 4705 4326 4704
f 4706 4328 4327
f 4706 4327 4705
f 4707 4329 4328
f 4707 4328 4706
f 4708 4330 4329
f 4708 4329 4707
f 4330 4708 4709
f 4710 4330 4709
f 4331 4330 4710
f 4331 4710 4300
f 4710 4711 4300
f 4711 4673 4300
f 4711 4710 4712
f 4673 4713 4674
f 4673 4711 4713
f 4674 4713 4304
f 4713 4714 4304
f 4714 4332 4304
f 4713 4715 4714
f 4332 4714 4305
f 4714 4716 4305
f 4716 4675 4305
f 4716 4714 4717
f 4675 4718 4676
f 4675 4716 4718
f 4676 4719 4677
f 4676 4718 4719
f 4677 4720 4678
f 4677 4719 4720
f 4720 4334 4311
f 4720 4311 4678
f 4336 4721 4679
f 4336 4679 4313
f 4723 4680 4722
f 4680 4721 4722
f 4680 4679 4721
f 4680 4723 4681
f 4689 4724 4688
f 4688 4724 4691
f 4693 4725 4692
f 4692 4725 4694
f 4694 4725 4726
f 4694 4726 4695
f 4695 4726 4727
f 4695 4727 4696
f 4696 4727 4728
f 4696 4728 4697
f 4697 4728 4729
f 4731 4730 4729
f 4730 4697 4729
f 4730 4698 4697
f 4733 4699 4732
f 4699 4730 4732
f 4699 4698 4730
f 4699 4733 4700
f 4700 4733 4734
f 4700 4734 4701
f 4701 4734 4735
f 4701 4735 4702
f 4702 4735 4736
f 4702 4736 4703
f 4703 4736 4737
f 4703 4737 4704
f 4704 4737 4738
f 4704 4738 4705
f 4705 4738 4739
f 4705 4739 4706
f 4706 4739 4740
f 4706 4740 4707
f 4707 4740 4741
f 4707 4741 4708
f 4708 4741 4742
f 4708 4742 4709
f 4712 4743 4711
f 4711 4743 4713
f 4713 4743 4744
f 4713 4744 4715
f 4717 4745 4716
f 4716 4745 4718
f 4718 4745 4746
f 4718 4746 4719
f 4719 4746 4747
f 4749 4748 4747
f 4748 4719 4747
f 4748 4720 4719
f 4748 4338 4334
f 4748 4334 4720
f 4751 4750 4721
f 4336 4751 4721
f 4340 4751 4336
f 4721 4750 4722
f 4731 4752 4730
f 4730 4752 4732
f 4749 4753 4748
f 4753 4755 4754
f 4753 4754 4341
f 4748 4753 4341
f 4338 4748 4341
f 4754 4342 4341
f 4343 4757 4756
f 4751 4343 4756
f 4340 4343 4751
f 4757 4758 4756
f 4754 4755 4759
f 4759 4755 4760
f 4759 4345 4342
f 4759 4342 4754
f 4346 4761 4757
f 4346 4757 4343
f 4758 4757 4762
f 4762 4757 4761
f 4759 4760 4763
f 4763 4760 4764
f 4763 4347 4345
f 4763 4345 4759
f 4767 4766 4765
f 4769 4768 4761
f 4346 4769 4761
f 4349 4769 4346
f 4761 4768 4762
f 4763 4764 4352
f 4764 4351 4352
f 4764 4770 4351
f 4763 4352 4347
f 4766 4767 4771
f 4772 4766 4771
f 4773 4766 4772
f 4774 4772 4771
f 4355 4776 4775
f 4769 4355 4775
f 4349 4355 4769
f 4776 4777 4775
f 4770 4357 4351
f 4778 4357 4770
f 4359 4779 4358
f 4779 4772 4358
f 4779 4773 4772
f 4360 4358 4772
f 4774 4360 4772
f 4780 4360 4774
f 4782 4781 4776
f 4355 4782 4776
f 4362 4782 4355
f 4776 4781 4777
f 4363 4357 4783
f 4357 4784 4783
f 4357 4778 4784
f 4783 4364 4363
f 4779 4359 4785
f 4359 4786 4785
f 4359 4365 4786
f 4780 4366 4360
f 4787 4366 4780
f 4367 4789 4788
f 4782 4367 4788
f 4362 4367 4782
f 4789 4790 4788
f 4783 4784 4370
f 4784 4369 4370
f 4784 4791 4369
f 4783 4370 4364
f 4371 4786 4365
f 4371 4792 4786
f 4372 4366 4793
f 4366 4794 4793
f 4366 4787 4794
f 4793 4374 4372
f 4796 4795 4789
f 4367 4796 4789
f 4376 4796 4367
f 4789 4795 4790
f 4791 4378 4369
f 4797 4378 4791
f 4379 4792 4371
f 4379 4798 4792
f 4800 4799 4794
f 4799 4380 4794
f 4381 4793 4794
f 4381 4794 4380
f 4381 4374 4793
f 4799 4800 4801
f 4382 4803 4802
f 4796 4382 4802
f 4376 4382 4796
f 4803 4804 4802
f 4797 4384 4378
f 4805 4384 4797
f 4385 4798 4379
f 4385 4806 4798
f 4386 4380 4799
f 4809 4808 4807
f 4388 4807 4808
f 4388 4801 4807
f 4388 4386 4799
f 4801 4388 4799
f 4389 4810 4803
f 4389 4803 4382
f 4804 4803 4811
f 4811 4803 4810
f 4390 4384 4812
f 4384 4813 4812
f 4384 4805 4813
f 4812 4391 4390
f 4392 4806 4385
f 4392 4814 4806
f 4809 4815 4808
f 4393 4388 4808
f 4816 4393 4808
f 4815 4816 4808
f 4393 4816 4817
f 4818 4817 4816
f 4820 4819 4810
f 4389 4820 4810
f 4394 4820 4389
f 4810 4819 4811
f 4812 4813 4397
f 4813 4396 4397
f 4813 4821 4396
f 4812 4397 4391
f 4398 4814 4392
f 4398 4822 4814
f 4817 4400 4393
f 4402 4400 4817
f 4818 4402 4817
f 4823 4402 4818
f 4404 4820 4394
f 4404 4824 4820
f 4821 4406 4396
f 4825 4406 4821
f 4407 4822 4398
f 4407 4826 4822
f 4828 4410 4827
f 4410 4823 4827
f 4410 4402 4823
f 4829 4828 4827
f 4411 4831 4830
f 4824 4411 4830
f 4404 4411 4824
f 4831 4832 4830
f 4835 4834 4833
f 4825 4835 4833
f 4413 4825 4833
f 4406 4825 4413
f 4414 4826 4407
f 4414 4836 4826
f 4837 4415 4828
f 4828 4415 4410
f 4828 4829 4838
f 4828 4838 4837
f 4840 4416 4839
f 4840 4411 4416
f 4831 4411 4840
f 4831 4840 4841
f 4841 4832 4831
f 4418 4839 4416
f 4834 4842 4833
f 4413 4833 4842
f 4843 4413 4842
f 4420 4413 4843
f 4421 4836 4414
f 4421 4844 4836
f 4845 4423 4837
f 4837 4423 4415
f 4837 4838 4846
f 4847 4837 4846
f 4845 4837 4847
f 4848 4847 4846
f 4840 4839 4424
f 4425 4840 4424
f 4849 4840 4425
f 4424 4839 4418
f 4843 4427 4420
f 4850 4427 4843
f 4421 4429 4844
f 4844 4429 4851
f 4852 4431 4845
f 4845 4431 4423
f 4853 4845 4847
f 4852 4845 4853
f 4847 4848 4854
f 4847 4854 4853
f 4856 4855 4433
f 4856 4433 4434
f 4435 4433 4855
f 4435 4855 4857
f 4860 4859 4858
f 4861 4858 4859
f 4437 4849 4425
f 4437 4862 4849
f 4850 4439 4427
f 4863 4439 4850
f 4852 4441 4431
f 4441 4852 4443
f 4852 4864 4443
f 4852 4853 4864
f 4853 4854 4865
f 4853 4865 4864
f 4868 4867 4866
f 4867 4856 4866
f 4856 4445 4866
f 4856 4434 4445
f 4857 4869 4435
f 4435 4869 4446
f 4858 4870 4448
f 4869 4858 4448
f 4446 4869 4448
f 4860 4858 4869
f 4871 4449 4450
f 4858 4871 4450
f 4870 4858 4450
f 4871 4858 4861
f 4437 4449 4862
f 4862 4449 4871
f 4874 4873 4872
f 4876 4875 4872
f 4872 4875 4874
f 4878 4877 4876
f 4876 4877 4875
f 4878 4879 4877
f 4863 4452 4439
f 4880 4452 4863
f 4881 4454 4864
f 4864 4454 4443
f 4864 4865 4882
f 4864 4882 4881
f 4883 4868 4866
f 4885 4883 4884
f 4884 4883 4455
f 4883 4866 4455
f 4866 4445 4455
f 4456 4886 4455
f 4455 4886 4884
f 4456 4448 4886
f 4448 4870 4886
f 4459 4457 4886
f 4459 4886 4870
f 4459 4870 4450
f 4872 4873 4887
f 4887 4873 4888
f 4890 4876 4889
f 4876 4887 4889
f 4876 4872 4887
f 4876 4890 4878
f 4878 4890 4891
f 4878 4891 4879
f 4460 4452 4892
f 4452 4893 4892
f 4452 4880 4893
f 4892 4461 4460
f 4894 4463 4881
f 4881 4463 4454
f 4881 4882 4895
f 4881 4895 4894
f 4885 4884 4896
f 4885 4896 4897
f 4466 4896 4465
f 4896 4886 4465
f 4896 4884 4886
f 4465 4886 4457
f 4888 4898 4887
f 4901 4900 4899
f 4887 4898 4889
f 4900 4902 4899
f 4892 4893 4470
f 4893 4469 4470
f 4893 4903 4469
f 4892 4470 4461
f 4904 4472 4473
f 4463 4894 4473
f 4894 4904 4473
f 4894 4905 4904
f 4894 4895 4906
f 4894 4906 4905
f 4907 4897 4896
f 4907 4896 4466
f 4474 4907 4466
f 4908 4907 4474
f 4474 4475 4908
f 4908 4475 4909
f 4901 4910 4900
f 4900 4910 4902
f 4903 4477 4469
f 4911 4477 4903
f 4904 4479 4472
f 4479 4904 4481
f 4904 4912 4481
f 4904 4905 4912
f 4905 4906 4913
f 4905 4913 4912
f 4484 4914 4483
f 4914 4915 4483
f 4915 4475 4483
f 4915 4909 4475
f 4911 4487 4477
f 4916 4487 4911
f 4918 4917 4912
f 4917 4481 4912
f 4917 4489 4481
f 4918 4912 4913
f 4491 4919 4914
f 4491 4914 4484
f 4915 4914 4920
f 4920 4914 4919
f 4916 4494 4487
f 4921 4494 4916
f 4922 4496 4497
f 4923 4922 4497
f 4489 4923 4497
f 4917 4923 4489
f 4498 4919 4491
f 4924 4920 4919
f 4498 4924 4919
f 4499 4924 4498
f 4926 4925 4500
f 4925 4499 4500
f 4925 4924 4499
f 4926 4927 4925
f 4921 4502 4494
f 4928 4502 4921
f 4930 4929 4922
f 4929 4496 4922
f 4929 4504 4496
f 4930 4922 4923
f 4505 4926 4500
f 4505 4507 4926
f 4507 4927 4926
f 4507 4931 4927
f 4928 4509 4502
f 4932 4509 4928
f 4511 4933 4510
f 4935 4934 4515
f 4515 4934 4514
f 4515 4504 4929
f 4515 4929 4935
f 4517 4936 4516
f 4936 4937 4516
f 4937 4507 4516
f 4937 4931 4507
f 4518 4509 4938
f 4509 4939 4938
f 4509 4932 4939
f 4938 4519 4518
f 4520 4933 4511
f 4934 4522 4514
f 4940 4522 4934
f 4523 4936 4517
f 4523 4525 4936
f 4525 4937 4936
f 4525 4941 4937
f 4938 4939 4942
f 4942 4939 4943
f 4942 4527 4519
f 4942 4519 4938
f 4940 4528 4522
f 4944 4528 4940
f 4529 4941 4525
f 4529 4945 4941
f 4942 4943 4532
f 4943 4531 4532
f 4943 4946 4531
f 4942 4532 4527
f 4949 4948 4947
f 4944 4949 4947
f 4535 4944 4947
f 4528 4944 4535
f 4536 4951 4950
f 4945 4536 4950
f 4529 4536 4945
f 4951 4952 4950
f 4946 4538 4531
f 4953 4538 4946
f 4539 4540 4954
f 4954 4540 4955
f 4947 4948 4542
f 4948 4541 4542
f 4948 4956 4541
f 4947 4542 4535
f 4543 4957 4951
f 4543 4951 4536
f 4952 4951 4958
f 4958 4951 4957
f 4953 4545 4538
f 4959 4545 4953
f 4540 4547 4955
f 4955 4547 4960
f 4956 4548 4541
f 4961 4548 4956
f 4963 4962 4957
f 4543 4963 4957
f 4549 4963 4543
f 4957 4962 4958
f 4550 4545 4964
f 4545 4965 4964
f 4545 4959 4965
f 4964 4551 4550
f 4961 4552 4548
f 4966 4552 4961
f 4553 4968 4967
f 4963 4553 4967
f 4549 4553 4963
f 4968 4969 4967
f 4964 4965 4556
f 4965 4555 4556
f 4965 4970 4555
f 4964 4556 4551
f 4966 4558 4552
f 4971 4558 4966
f 4559 4972 4968
f 4559 4968 4553
f 4969 4968 4973
f 4973 4968 4972
f 4970 4561 4555
f 4974 4561 4970
f 4976 4975 4564
f 4975 4563 4564
f 4975 4977 4563
f 4971 4975 4976
f 4565 4971 4976
f 4558 4971 4565
f 4566 4972 4559
f 4566 4568 4972
f 4568 4973 4972
f 4568 4978 4973
f 4974 4570 4561
f 4979 4570 4974
f 4981 4571 4980
f 4981 4564 4571
f 4976 4564 4981
f 4976 4981 4982
f 4983 4976 4982
f 4983 4565 4976
f 4983 4980 4571
f 4565 4983 4571
f 4573 4978 4568
f 4573 4984 4978
f 4987 4986 4985
f 4985 4988 4987
f 4991 4990 4989
f 4989 4992 4991
f 4995 4994 4993
f 4993 4996 4574
f 4979 4993 4574
f 4570 4979 4574
f 4993 4979 4995
f 4996 4575 4574
f 4997 4981 4980
f 4997 4980 4983
f 4577 4984 4573
f 4577 4998 4984
f 5001 5000 4999
f 5003 5002 4999
f 4999 5002 5001
f 5002 5003 4986
f 5003 4985 4986
f 5003 5004 4985
f 4988 4985 5005
f 5005 4985 5004
f 5008 5007 5006
f 5010 5009 5006
f 5006 5009 5008
f 5009 5010 4990
f 5010 4989 4990
f 5010 5011 4989
f 4992 4989 5012
f 5012 4989 5011
f 5015 5014 5013
f 5015 5013 4994
f 5013 4993 4994
f 5013 5016 4993
f 5016 4579 4580
f 4996 5016 4580
f 4993 5016 4996
f 4996 4580 4575
f 4582 5018 5017
f 4998 4582 5017
f 4577 4582 4998
f 5018 5019 5017
f 5022 5021 5020
f 5024 5023 5020
f 5020 5023 5022
f 5026 5025 5024
f 5024 5025 5023
f 5028 5027 5026
f 5026 5027 5025
f 5030 5029 5028
f 5028 5029 5027
f 5032 5031 5030
f 5030 5031 5029
f 5031 5032 5000
f 5032 4999 5000
f 5032 5033 4999
f 4999 5034 5003
f 4999 5033 5034
f 5003 5035 5004
f 5003 5034 5035
f 5005 5004 5036
f 5004 5037 5036
f 5004 5035 5037
f 5036 5037 5007
f 5037 5006 5007
f 5037 5038 5006
f 5006 5039 5010
f 5006 5038 5039
f 5010 5040 5011
f 5010 5039 5040
f 5012 5011 5041
f 5011 5042 5041
f 5011 5040 5042
f 5044 5043 5042
f 5042 5043 5041
f 5046 5045 5044
f 5044 5045 5043
f 5048 5047 5046
f 5046 5047 5045
f 5050 5049 5048
f 5048 5049 5047
f 5052 5051 5050
f 5050 5051 5049
f 5051 5052 5014
f 5052 5013 5014
f 5052 5053 5013
f 5013 5054 5016
f 5013 5053 5054
f 5054 4584 4579
f 5054 4579 5016
f 4586 5018 4582
f 5056 5055 4588
f 4588 5055 4586
f 5055 5019 4586
f 5019 5018 4586
f 5058 5057 5056
f 5056 5057 5055
f 5060 5059 5058
f 5058 5059 5057
f 5062 5061 5060
f 5060 5061 5059
f 5064 5063 5062
f 5062 5063 5061
f 4590 4591 5064
f 4591 5063 5064
f 4591 5065 5063
f 5066 4591 4592
f 5066 5065 4591
f 5067 4592 4594
f 5067 5066 4592
f 5069 5068 4596
f 5068 4594 4596
f 5068 5067 4594
f 4598 4599 5069
f 4599 5068 5069
f 4599 5070 5068
f 5071 4599 4600
f 5071 5070 4599
f 4602 5020 5021
f 5071 4602 5021
f 4600 4602 5071
f 5020 4602 4604
f 5020 4604 5024
f 5024 4604 4606
f 5024 4606 5026
f 5026 4606 4608
f 5026 4608 5028
f 5028 4608 4610
f 5028 4610 5030
f 5030 4610 4612
f 5030 4612 5032
f 5032 4612 4614
f 5032 4614 5033
f 5033 4614 4616
f 5033 4616 5034
f 5034 4616 4618
f 5034 4618 5035
f 5035 4618 4620
f 5035 4620 5037
f 5037 4620 4622
f 5037 4622 5038
f 5038 4622 4624
f 5038 4624 5039
f 5039 4624 4626
f 5039 4626 5040
f 5040 4626 4628
f 5040 4628 5042
f 5042 4628 4630
f 5042 4630 5044
f 5044 4630 4632
f 5044 4632 5046
f 5046 4632 4634
f 5046 4634 5048
f 5048 4634 4636
f 5048 4636 5050
f 5050 4636 4638
f 5050 4638 5052
f 5052 4638 4640
f 5052 4640 5053
f 5053 4640 4642
f 5053 4642 5054
f 5054 4642 4584
f 4645 5056 4588
f 5056 4645 4646
f 5056 4646 5058
f 5058 4646 4648
f 5058 4648 5060
f 5060 4648 4650
f 5060 4650 5062
f 5062 4650 4652
f 5062 4652 5064
f 5064 4652 4590
f 4655 5069 4596
f 5069 4655 4598
f 4681 5072 4682
f 5073 4683 4682
f 5073 4682 5072
f 5074 4684 4683
f 5074 4683 5073
f 5075 4685 4684
f 5075 4684 5074
f 5076 4686 4685
f 5076 4685 5075
f 5077 4687 4686
f 5077 4686 5076
f 5077 4689 4687
f 4691 5078 4690
f 5078 4693 4690
f 4709 5079 4710
f 5079 4712 4710
f 4715 5080 4714
f 5080 4717 4714
f 5082 5081 4723
f 5082 4723 4722
f 4681 4723 5072
f 4723 5083 5072
f 4723 5081 5083
f 5072 5083 5073
f 5073 5083 5084
f 5073 5084 5074
f 5074 5084 5085
f 5074 5085 5075
f 5075 5085 5086
f 5075 5086 5076
f 5076 5086 5087
f 5089 5088 5087
f 5088 5076 5087
f 5088 5077 5076
f 5090 4724 4689
f 5077 5090 4689
f 5088 5090 5077
f 5078 4691 4724
f 5090 5078 4724
f 5091 5078 5090
f 5092 4725 4693
f 5078 5092 4693
f 5091 5092 5078
f 5093 4726 4725
f 5093 4725 5092
f 5094 4727 4726
f 5094 4726 5093
f 5095 4728 4727
f 5095 4727 5094
f 5096 4729 4728
f 5096 4728 5095
f 5096 4731 4729
f 4732 5097 4733
f 5098 4734 4733
f 5098 4733 5097
f 5099 4735 4734
f 5099 4734 5098
f 5100 4736 4735
f 5100 4735 5099
f 5101 4737 4736
f 5101 4736 5100
f 5102 4738 4737
f 5102 4737 5101
f 5103 4739 4738
f 5103 4738 5102
f 5104 4740 4739
f 5104 4739 5103
f 5105 4741 4740
f 5105 4740 5104
f 5106 4742 4741
f 5106 4741 5105
f 5079 4709 4742
f 5106 5079 4742
f 5107 5079 5106
f 5108 4743 4712
f 5079 5108 4712
f 5107 5108 5079
f 5109 4744 4743
f 5109 4743 5108
f 5080 4715 4744
f 5109 5080 4744
f 5110 5080 5109
f 5111 4745 4717
f 5080 5111 4717
f 5110 5111 5080
f 5112 4746 4745
f 5112 4745 5111
f 5113 4747 4746
f 5113 4746 5112
f 5113 4749 4747
f 4751 5114 4750
f 5114 5115 4750
f 5115 4722 4750
f 5115 5082 4722
f 5089 5116 5088
f 5118 5117 5116
f 5117 5088 5116
f 5117 5090 5088
f 5120 5091 5119
f 5091 5117 5119
f 5091 5090 5117
f 5091 5120 5092
f 5092 5120 5121
f 5092 5121 5093
f 5093 5121 5122
f 5093 5122 5094
f 5094 5122 5123
f 5094 5123 5095
f 5095 5123 5124
f 5126 5125 5124
f 5125 5095 5124
f 5125 5096 5095
f 5096 5125 4731
f 5125 5127 4731
f 5127 4752 4731
f 5125 5128 5127
f 4752 5127 4732
f 5127 5129 4732
f 5129 5097 4732
f 5129 5127 5130
f 5132 5098 5131
f 5098 5129 5131
f 5098 5097 5129
f 5098 5132 5099
f 5099 5132 5133
f 5099 5133 5100
f 5100 5133 5134
f 5136 5135 5134
f 5135 5100 5134
f 5135 5101 5100
f 5101 5137 5102
f 5101 5135 5137
f 5102 5138 5103
f 5102 5137 5138
f 5140 5104 5139
f 5104 5138 5139
f 5104 5103 5138
f 5104 5140 5105
f 5105 5140 5141
f 5105 5141 5106
f 5106 5141 5142
f 5106 5142 5107
f 5107 5142 5143
f 5107 5143 5108
f 5108 5143 5144
f 5108 5144 5109
f 5109 5144 5145
f 5109 5145 5110
f 5110 5145 5146
f 5110 5146 5111
f 5111 5146 5147
f 5111 5147 5112
f 5112 5147 5148
f 5112 5148 5113
f 5113 5148 5149
f 5149 5151 5150
f 5149 5150 4753
f 5113 5149 4753
f 4749 5113 4753
f 5150 4755 4753
f 4756 5114 4751
f 4756 4758 5114
f 4758 5115 5114
f 4758 5152 5115
f 5118 5153 5117
f 5117 5153 5119
f 5126 5154 5125
f 5125 5154 5128
f 5130 5155 5129
f 5129 5155 5131
f 5136 5156 5135
f 5135 5156 5137
f 5137 5156 5157
f 5137 5157 5138
f 5138 5157 5158
f 5138 5158 5139
f 5150 5151 5159
f 5159 5151 5160
f 5159 4760 4755
f 5159 4755 5150
f 4762 5152 4758
f 4762 5161 5152
f 5160 5162 5159
f 4760 5159 5162
f 5163 4760 5162
f 4764 4760 5163
f 5165 5164 4767
f 4765 5165 4767
f 5166 5165 4765
f 5167 5164 5165
f 4769 5168 4768
f 5168 5169 4768
f 5169 4762 4768
f 5169 5161 4762
f 5172 5171 5170
f 5163 5172 5170
f 4770 5163 5170
f 4764 5163 4770
f 5164 4771 4767
f 4774 4771 5164
f 5167 4774 5164
f 5173 4774 5167
f 4775 5168 4769
f 4775 4777 5168
f 4777 5169 5168
f 4777 5174 5169
f 5171 5175 5170
f 4770 5170 5175
f 5176 4770 5175
f 4778 4770 5176
f 5173 4780 4774
f 5177 4780 5173
f 4782 5178 4781
f 5178 5179 4781
f 5179 4777 4781
f 5179 5174 4777
f 5176 4784 4778
f 5180 4784 5176
f 4786 5181 4785
f 5177 4787 4780
f 5182 4787 5177
f 4788 5178 4782
f 4788 4790 5178
f 4790 5179 5178
f 4790 5183 5179
f 5180 4791 4784
f 5184 4791 5180
f 5181 4786 5185
f 4786 5186 5185
f 4786 4792 5186
f 5182 4794 4787
f 5187 4794 5182
f 4796 5188 4795
f 5183 4790 5189
f 4790 5188 5189
f 5188 5190 5189
f 4790 4795 5188
f 5190 5191 5189
f 5184 4797 4791
f 5192 4797 5184
f 4798 5186 4792
f 4798 5193 5186
f 4800 4794 5194
f 4794 5195 5194
f 4794 5187 5195
f 5194 4801 4800
f 4802 5188 4796
f 5190 5188 5196
f 5188 4804 5196
f 4804 5197 5196
f 4804 5188 4802
f 5190 5196 5191
f 5192 4805 4797
f 5198 4805 5192
f 4806 5193 4798
f 4806 5199 5193
f 5200 4809 4807
f 5195 5201 5194
f 5202 5194 5201
f 5202 4801 5194
f 5202 5200 4807
f 4801 5202 4807
f 4811 5204 5203
f 5197 4811 5203
f 4804 4811 5197
f 5204 5205 5203
f 5198 4813 4805
f 5206 4813 5198
f 4814 5199 4806
f 4814 5207 5199
f 5200 4815 4809
f 4816 4815 5200
f 5208 4816 5200
f 5202 5208 5200
f 5209 4816 5208
f 5209 4818 4816
f 4820 5210 4819
f 5210 5211 4819
f 4819 5211 4811
f 5211 5212 4811
f 5212 5204 4811
f 5204 5212 5205
f 5206 4821 4813
f 5213 4821 5206
f 4822 5207 4814
f 4822 5214 5207
f 5208 5215 5209
f 4818 5209 5215
f 5216 4818 5215
f 4823 4818 5216
f 5218 5217 5210
f 4820 5218 5210
f 4824 5218 4820
f 5210 5217 5211
f 5221 5220 5219
f 5223 5222 5219
f 5219 5222 5221
f 5213 5222 5223
f 4825 5213 5223
f 4821 5213 4825
f 4826 5214 4822
f 4826 5224 5214
f 5216 5225 4823
f 4823 5225 4827
f 4829 4827 5225
f 4829 5225 5226
f 4824 4830 5227
f 5228 4824 5227
f 5218 4824 5228
f 4832 5227 4830
f 5219 5220 5229
f 5229 5220 5230
f 4834 4835 5231
f 5223 5233 5232
f 5233 5223 5229
f 5219 5229 5223
f 5234 5223 5232
f 5234 4825 5223
f 5234 5231 4835
f 4825 5234 4835
f 4836 5224 4826
f 4836 5235 5224
f 5226 4838 4829
f 5236 4838 5226
f 5228 5238 5237
f 5228 4840 5238
f 5228 5227 4841
f 4840 5228 4841
f 5227 4832 4841
f 5239 5237 5238
f 5229 5230 5240
f 5240 5230 5241
f 4842 4834 5231
f 5229 5242 5233
f 5242 5229 5243
f 5240 5243 5229
f 4843 5242 5243
f 4843 5234 5242
f 4843 4842 5231
f 5234 4843 5231
f 5245 5235 5244
f 5235 4844 5244
f 5235 4836 4844
f 5236 5246 4838
f 4838 5246 4846
f 5248 5247 4848
f 4846 5248 4848
f 5246 5248 4846
f 5249 5247 5248
f 5252 5251 5250
f 5254 5253 5250
f 5254 5250 5251
f 5254 5255 5238
f 4849 5254 5238
f 4840 4849 5238
f 5253 5254 4849
f 5238 5255 5239
f 5241 5256 5240
f 5240 5256 5243
f 5243 5256 5257
f 4843 5243 5257
f 5258 4843 5257
f 4850 4843 5258
f 4851 5244 4844
f 5260 5259 5247
f 5259 4848 5247
f 5259 4854 4848
f 5260 5247 5249
f 5262 5261 4855
f 5262 4855 4856
f 4857 4855 5261
f 4857 5261 5263
f 5252 5250 4859
f 4860 5252 4859
f 5264 5252 4860
f 5250 5253 5265
f 4861 5250 5265
f 5266 4861 5265
f 5250 4861 4859
f 5253 4849 5265
f 4849 5267 5265
f 4849 4862 5267
f 5258 4863 4850
f 5268 4863 5258
f 5259 4865 4854
f 5269 4865 5259
f 5271 5270 4867
f 5271 4867 4868
f 4856 4867 5262
f 5262 4867 5270
f 5263 5272 4857
f 4857 5272 4869
f 4860 4869 5264
f 5264 4869 5272
f 5266 5273 4861
f 4861 5273 4871
f 4862 4871 5267
f 5267 4871 5273
f 5274 4873 4874
f 4875 5275 4874
f 4874 5275 5274
f 5275 4875 5276
f 4875 5277 5276
f 4875 4877 5277
f 4877 4879 5277
f 5277 4879 5278
f 5268 4880 4863
f 5279 4880 5268
f 5269 4882 4865
f 5280 4882 5269
f 4868 4883 5281
f 5282 4868 5281
f 5271 4868 5282
f 4885 5281 4883
f 5285 5284 5283
f 5283 5286 5285
f 5287 4888 5274
f 5274 4888 4873
f 4889 5287 4890
f 5287 5275 4890
f 5287 5274 5275
f 4891 4890 5275
f 5288 4891 5275
f 5276 5288 5275
f 5289 4891 5288
f 5278 4879 5290
f 4879 5289 5290
f 5289 5291 5290
f 4879 4891 5289
f 5293 5292 5291
f 5291 5292 5290
f 5293 5294 5292
f 5297 5296 5295
f 5299 5298 5295
f 5295 5298 5297
f 5279 5298 5299
f 4893 5279 5299
f 4880 5279 4893
f 5301 4895 5300
f 4895 5280 5300
f 4895 4882 5280
f 5301 5300 5282
f 5281 5301 5282
f 5302 5301 5281
f 4897 5303 4885
f 5304 4885 5303
f 4885 5304 5281
f 5305 5281 5304
f 5281 5305 5302
f 5304 5303 5284
f 5303 5283 5284
f 5303 5306 5283
f 5286 5283 5307
f 5307 5283 5306
f 5287 4898 4888
f 4898 5287 4889
f 5308 4901 4899
f 5288 5309 5289
f 5308 4899 4902
f 5289 5309 5291
f 5291 5309 5310
f 5291 5310 5293
f 5293 5310 5311
f 5293 5311 5294
f 5296 5312 5295
f 5295 5312 5299
f 5299 5312 5313
f 4893 5299 5313
f 5314 4893 5313
f 4903 4893 5314
f 5316 5315 5301
f 5315 4895 5301
f 5315 4906 4895
f 5316 5301 5302
f 5316 5302 5317
f 4897 4907 5303
f 5302 5305 5317
f 5303 4907 4908
f 5303 4908 5306
f 4908 4909 5306
f 4909 5307 5306
f 4909 5318 5307
f 5308 4910 4901
f 4910 5308 4902
f 5321 5320 5319
f 5314 5321 5319
f 4911 5314 5319
f 4903 5314 4911
f 5315 4913 4906
f 5322 4913 5315
f 4915 5324 5323
f 5318 4915 5323
f 4909 4915 5318
f 5324 5325 5323
f 5320 5326 5319
f 4911 5319 5326
f 5327 4911 5326
f 4916 4911 5327
f 5328 4917 4918
f 5329 5328 4918
f 4913 5329 4918
f 5322 5329 4913
f 4920 5330 5324
f 4920 5324 4915
f 5325 5324 5331
f 5324 5332 5331
f 5324 5330 5332
f 5332 5333 5331
f 5336 5335 5334
f 5327 5336 5334
f 4921 5327 5334
f 4916 5327 4921
f 5338 5337 5328
f 5337 4917 5328
f 5337 4923 4917
f 5338 5328 5329
f 4924 5330 4920
f 5330 4924 4925
f 5330 4925 5332
f 4925 4927 5332
f 4927 5333 5332
f 4927 5339 5333
f 5335 5340 5334
f 4921 5334 5340
f 5341 4921 5340
f 4928 4921 5341
f 5343 5342 4930
f 4930 5342 4929
f 4930 4923 5337
f 4930 5337 5343
f 4931 5345 5344
f 5339 4931 5344
f 4927 4931 5339
f 5345 5346 5344
f 5341 4932 4928
f 5347 4932 5341
f 5349 5348 4935
f 4935 5348 4934
f 4935 4929 5342
f 4935 5342 5349
f 4937 5350 5345
f 4937 5345 4931
f 5346 5345 5351
f 5351 5345 5350
f 5347 4939 4932
f 5352 4939 5347
f 5348 4940 4934
f 5353 4940 5348
f 4941 5354 5350
f 4941 5350 4937
f 5351 5350 5355
f 5355 5350 5354
f 5352 4943 4939
f 5356 4943 5352
f 5353 4944 4940
f 5357 4944 5353
f 4945 5358 5354
f 4945 5354 4941
f 5355 5354 5359
f 5359 5354 5358
f 5356 4946 4943
f 5360 4946 5356
f 5361 4948 4949
f 5362 5361 4949
f 4944 5362 4949
f 5357 5362 4944
f 4950 5358 4945
f 4950 4952 5358
f 4952 5359 5358
f 4952 5363 5359
f 5366 5365 5364
f 5360 5366 5364
f 4953 5360 5364
f 4946 5360 4953
f 4955 5367 4954
f 5369 5368 5361
f 5368 4948 5361
f 5368 4956 4948
f 5369 5361 5362
f 4958 5363 4952
f 4958 5370 5363
f 5373 5372 5371
f 5375 5374 5371
f 5374 5364 5371
f 5365 5373 5371
f 5365 5371 5364
f 4953 5364 5374
f 5376 4953 5374
f 4959 4953 5376
f 4960 5367 4955
f 5378 4961 5377
f 4961 5368 5377
f 4961 4956 5368
f 5379 5378 5377
f 4963 5380 4962
f 5380 5381 4962
f 5381 4958 4962
f 5381 5370 4958
f 5372 5382 5371
f 5385 5384 5383
f 5371 5382 5375
f 5376 5383 5384
f 4965 5376 5384
f 4959 5376 4965
f 5387 5386 5378
f 5386 4961 5378
f 5386 4966 4961
f 5387 5378 5379
f 4967 5380 4963
f 4967 4969 5380
f 4969 5381 5380
f 4969 5388 5381
f 5385 5389 5384
f 4965 5384 5389
f 5390 4965 5389
f 4970 4965 5390
f 5386 4971 4966
f 5391 4971 5386
f 4973 5388 4969
f 4973 5392 5388
f 5395 5394 5393
f 5397 5396 5393
f 5393 5396 5395
f 5390 5396 5397
f 4974 5390 5397
f 4970 5390 4974
f 5400 5399 5398
f 5399 4975 5398
f 5399 4977 4975
f 5401 5398 4975
f 4971 5401 4975
f 5391 5401 4971
f 4978 5392 4973
f 4978 5402 5392
f 5405 5404 5403
f 5407 5406 5403
f 5403 5406 5405
f 5407 5408 5406
f 5411 5410 5409
f 5409 5412 5411
f 5394 5413 5393
f 5415 5414 5413
f 5414 5393 5413
f 5414 5397 5393
f 5414 4979 4974
f 5414 4974 5397
f 5400 5398 4982
f 4981 5400 4982
f 5416 5400 4981
f 4983 4982 5398
f 5401 4983 5398
f 5417 4983 5401
f 4984 5402 4978
f 4984 5418 5402
f 5421 5420 5419
f 5423 5422 5419
f 5419 5422 5421
f 5425 5424 5423
f 5423 5424 5422
f 5424 5425 5404
f 5404 5425 5403
f 5425 4986 5403
f 4986 4987 5403
f 5403 4987 4988
f 5426 5403 4988
f 5407 5403 5426
f 5408 5407 5427
f 5407 5428 5427
f 5407 5426 5428
f 5430 5429 5428
f 5428 5429 5427
f 5429 5430 5410
f 5410 5430 5409
f 5430 4990 5409
f 4990 4991 5409
f 5432 5431 4992
f 4992 5431 4991
f 5431 5412 4991
f 5412 5409 4991
f 5434 5433 5432
f 5432 5433 5431
f 5434 5435 5433
f 5438 5437 5436
f 5438 5436 5415
f 5415 5436 5414
f 5436 4994 5414
f 4994 4995 5414
f 5414 4995 4979
f 5439 5416 4981
f 5439 4981 4997
f 4997 4983 5417
f 4997 5417 5439
f 4998 5441 5440
f 5418 4998 5440
f 4984 4998 5418
f 5441 5442 5440
f 5445 5444 5443
f 5443 5446 5445
f 5449 5448 5447
f 5451 5450 5447
f 5447 5450 5449
f 5450 5451 5420
f 5451 5419 5420
f 5451 5452 5419
f 5452 5000 5001
f 5423 5452 5001
f 5419 5452 5423
f 5423 5001 5002
f 5423 5002 5425
f 5425 5002 4986
f 5005 5453 5426
f 5005 5426 4988
f 5453 5007 5008
f 5428 5453 5008
f 5426 5453 5428
f 5428 5008 5009
f 5428 5009 5430
f 5430 5009 4990
f 5012 5454 5432
f 5012 5432 4992
f 5432 5455 5434
f 5432 5454 5455
f 5435 5434 5456
f 5434 5457 5456
f 5434 5455 5457
f 5459 5458 5457
f 5457 5458 5456
f 5461 5460 5459
f 5459 5460 5458
f 5463 5462 5461
f 5461 5462 5460
f 5462 5463 5437
f 5437 5463 5436
f 5463 5014 5436
f 5014 5015 5436
f 5436 5015 4994
f 5017 5441 4998
f 5465 5464 5019
f 5019 5464 5017
f 5464 5442 5017
f 5442 5441 5017
f 5467 5466 5465
f 5465 5466 5464
f 5467 5468 5466
f 5471 5470 5469
f 5473 5472 5469
f 5469 5472 5471
f 5475 5474 5473
f 5473 5474 5472
f 5477 5476 5475
f 5475 5476 5474
f 5479 5478 5477
f 5477 5478 5476
f 5481 5480 5479
f 5479 5480 5478
f 5483 5482 5481
f 5481 5482 5480
f 5485 5484 5483
f 5483 5484 5482
f 5021 5022 5485
f 5022 5484 5485
f 5022 5486 5484
f 5023 5443 5444
f 5486 5023 5444
f 5022 5023 5486
f 5487 5446 5443
f 5023 5487 5443
f 5025 5487 5023
f 5027 5447 5448
f 5487 5027 5448
f 5025 5027 5487
f 5447 5027 5029
f 5447 5029 5451
f 5451 5029 5031
f 5451 5031 5452
f 5452 5031 5000
f 5036 5453 5005
f 5453 5036 5007
f 5041 5454 5012
f 5454 5041 5043
f 5454 5043 5455
f 5455 5043 5045
f 5455 5045 5457
f 5457 5045 5047
f 5457 5047 5459
f 5459 5047 5049
f 5459 5049 5461
f 5461 5049 5051
f 5461 5051 5463
f 5463 5051 5014
f 5055 5465 5019
f 5465 5055 5057
f 5465 5057 5467
f 5488 5468 5467
f 5057 5488 5467
f 5059 5488 5057
f 5061 5469 5470
f 5488 5061 5470
f 5059 5061 5488
f 5469 5061 5063
f 5469 5063 5473
f 5473 5063 5065
f 5473 5065 5475
f 5475 5065 5066
f 5475 5066 5477
f 5477 5066 5067
f 5477 5067 5479
f 5479 5067 5068
f 5479 5068 5481
f 5481 5068 5070
f 5481 5070 5483
f 5483 5070 5071
f 5483 5071 5485
f 5485 5071 5021
f 5082 5489 5081
f 5490 5083 5081
f 5490 5081 5489
f 5491 5084 5083
f 5491 5083 5490
f 5084 5491 5492
f 5493 5084 5492
f 5085 5084 5493
f 5493 5495 5494
f 5086 5493 5494
f 5085 5493 5086
f 5496 5087 5086
f 5496 5086 5494
f 5496 5089 5087
f 5115 5497 5489
f 5115 5489 5082
f 5499 5490 5498
f 5490 5497 5498
f 5490 5489 5497
f 5501 5500 5499
f 5500 5490 5499
f 5500 5491 5490
f 5492 5491 5502
f 5502 5491 5500
f 5495 5503 5494
f 5505 5504 5503
f 5504 5494 5503
f 5504 5496 5494
f 5506 5116 5089
f 5496 5506 5089
f 5504 5506 5496
f 5506 5118 5116
f 5119 5507 5120
f 5508 5121 5120
f 5508 5120 5507
f 5509 5122 5121
f 5509 5121 5508
f 5510 5123 5122
f 5510 5122 5509
f 5511 5124 5123
f 5511 5123 5510
f 5511 5126 5124
f 5128 5512 5127
f 5512 5130 5127
f 5131 5513 5132
f 5514 5133 5132
f 5514 5132 5513
f 5515 5134 5133
f 5515 5133 5514
f 5515 5136 5134
f 5139 5516 5140
f 5517 5141 5140
f 5517 5140 5516
f 5518 5142 5141
f 5518 5141 5517
f 5519 5143 5142
f 5519 5142 5518
f 5520 5144 5143
f 5520 5143 5519
f 5521 5145 5144
f 5521 5144 5520
f 5522 5146 5145
f 5522 5145 5521
f 5523 5147 5146
f 5523 5146 5522
f 5524 5148 5147
f 5524 5147 5523
f 5525 5149 5148
f 5525 5148 5524
f 5525 5151 5149
f 5152 5526 5497
f 5152 5497 5115
f 5498 5497 5527
f 5497 5528 5527
f 5497 5526 5528
f 5530 5529 5528
f 5529 5500 5528
f 5501 5527 5528
f 5501 5528 5500
f 5500 5529 5502
f 5504 5505 5531
f 5531 5505 5532
f 5504 5533 5506
f 5504 5531 5533
f 5534 5153 5118
f 5506 5534 5118
f 5533 5534 5506
f 5507 5119 5153
f 5534 5507 5153
f 5535 5507 5534
f 5507 5536 5508
f 5507 5535 5536
f 5508 5537 5509
f 5508 5536 5537
f 5509 5538 5510
f 5509 5537 5538
f 5510 5539 5511
f 5510 5538 5539
f 5540 5154 5126
f 5511 5540 5126
f 5539 5540 5511
f 5512 5128 5154
f 5540 5512 5154
f 5541 5512 5540
f 5542 5155 5130
f 5512 5542 5130
f 5541 5542 5512
f 5513 5131 5155
f 5542 5513 5155
f 5543 5513 5542
f 5513 5544 5514
f 5513 5543 5544
f 5514 5545 5515
f 5514 5544 5545
f 5546 5156 5136
f 5515 5546 5136
f 5545 5546 5515
f 5547 5157 5156
f 5547 5156 5546
f 5548 5158 5157
f 5548 5157 5547
f 5516 5139 5158
f 5548 5516 5158
f 5549 5516 5548
f 5516 5550 5517
f 5516 5549 5550
f 5517 5551 5518
f 5517 5550 5551
f 5518 5552 5519
f 5518 5551 5552
f 5519 5553 5520
f 5519 5552 5553
f 5520 5554 5521
f 5520 5553 5554
f 5521 5555 5522
f 5521 5554 5555
f 5522 5556 5523
f 5522 5555 5556
f 5523 5557 5524
f 5523 5556 5557
f 5524 5558 5525
f 5524 5557 5558
f 5558 5160 5151
f 5558 5151 5525
f 5561 5560 5559
f 5561 5559 5562
f 5563 5560 5561
f 5161 5564 5526
f 5161 5526 5152
f 5566 5528 5565
f 5528 5564 5565
f 5528 5526 5564
f 5528 5566 5530
f 5532 5567 5531
f 5531 5567 5533
f 5533 5567 5568
f 5533 5568 5534
f 5534 5568 5569
f 5534 5569 5535
f 5535 5569 5570
f 5535 5570 5536
f 5536 5570 5571
f 5536 5571 5537
f 5537 5571 5572
f 5574 5573 5572
f 5573 5537 5572
f 5573 5538 5537
f 5538 5575 5539
f 5538 5573 5575
f 5539 5576 5540
f 5539 5575 5576
f 5578 5541 5577
f 5541 5576 5577
f 5541 5540 5576
f 5580 5579 5578
f 5579 5541 5578
f 5579 5542 5541
f 5542 5581 5543
f 5542 5579 5581
f 5543 5582 5544
f 5543 5581 5582
f 5584 5545 5583
f 5545 5582 5583
f 5545 5544 5582
f 5586 5585 5584
f 5585 5545 5584
f 5585 5546 5545
f 5546 5587 5547
f 5546 5585 5587
f 5547 5588 5548
f 5547 5587 5588
f 5590 5549 5589
f 5549 5588 5589
f 5549 5548 5588
f 5549 5590 5550
f 5550 5590 5591
f 5550 5591 5551
f 5551 5591 5592
f 5551 5592 5552
f 5552 5592 5593
f 5552 5593 5553
f 5553 5593 5594
f 5596 5595 5594
f 5595 5553 5594
f 5595 5554 5553
f 5554 5597 5555
f 5554 5595 5597
f 5555 5598 5556
f 5555 5597 5598
f 5556 5599 5557
f 5556 5598 5599
f 5557 5600 5558
f 5557 5599 5600
f 5601 5162 5160
f 5558 5601 5160
f 5600 5601 5558
f 5601 5163 5162
f 5166 5559 5165
f 5165 5559 5560
f 5167 5165 5560
f 5563 5167 5560
f 5602 5167 5563
f 5169 5603 5564
f 5169 5564 5161
f 5565 5564 5604
f 5604 5564 5603
f 5574 5605 5573
f 5573 5605 5575
f 5575 5605 5606
f 5608 5607 5606
f 5607 5575 5606
f 5607 5576 5575
f 5577 5576 5609
f 5576 5610 5609
f 5576 5607 5610
f 5611 5579 5580
f 5610 5612 5609
f 5579 5611 5581
f 5581 5611 5613
f 5581 5613 5582
f 5582 5613 5614
f 5582 5614 5583
f 5586 5615 5585
f 5585 5615 5587
f 5587 5615 5616
f 5587 5616 5588
f 5588 5616 5617
f 5588 5617 5589
f 5596 5618 5595
f 5595 5618 5597
f 5597 5618 5619
f 5597 5619 5598
f 5598 5619 5620
f 5622 5621 5620
f 5621 5598 5620
f 5621 5599 5598
f 5599 5623 5600
f 5599 5621 5623
f 5623 5171 5172
f 5601 5623 5172
f 5600 5623 5601
f 5601 5172 5163
f 5602 5173 5167
f 5624 5173 5602
f 5626 5625 5603
f 5169 5626 5603
f 5174 5626 5169
f 5603 5625 5604
f 5608 5627 5607
f 5629 5628 5627
f 5628 5607 5627
f 5628 5610 5607
f 5612 5610 5630
f 5630 5610 5628
f 5621 5622 5631
f 5631 5622 5632
f 5621 5633 5623
f 5621 5631 5633
f 5634 5175 5171
f 5623 5634 5171
f 5633 5634 5623
f 5634 5176 5175
f 5624 5177 5173
f 5635 5177 5624
f 5179 5637 5636
f 5626 5179 5636
f 5174 5179 5626
f 5637 5638 5636
f 5629 5639 5628
f 5628 5639 5630
f 5632 5640 5631
f 5631 5640 5633
f 5633 5640 5641
f 5643 5642 5641
f 5642 5633 5641
f 5642 5634 5633
f 5642 5180 5176
f 5642 5176 5634
f 5645 5182 5644
f 5182 5635 5644
f 5182 5177 5635
f 5646 5645 5644
f 5183 5647 5637
f 5183 5637 5179
f 5638 5637 5648
f 5648 5637 5647
f 5642 5643 5649
f 5649 5643 5650
f 5649 5184 5180
f 5649 5180 5642
f 5185 5186 5651
f 5651 5186 5652
f 5653 5187 5645
f 5645 5187 5182
f 5645 5646 5654
f 5645 5654 5653
f 5189 5647 5183
f 5189 5191 5647
f 5191 5648 5647
f 5191 5655 5648
f 5649 5650 5656
f 5656 5650 5657
f 5656 5192 5184
f 5656 5184 5649
f 5193 5652 5186
f 5193 5658 5652
f 5659 5195 5653
f 5653 5195 5187
f 5653 5654 5660
f 5653 5660 5659
f 5197 5661 5196
f 5661 5662 5196
f 5662 5191 5196
f 5662 5655 5191
f 5665 5664 5663
f 5663 5666 5665
f 5656 5657 5667
f 5667 5657 5668
f 5667 5198 5192
f 5667 5192 5656
f 5199 5658 5193
f 5199 5669 5658
f 5671 5201 5670
f 5201 5195 5670
f 5670 5195 5659
f 5672 5670 5659
f 5659 5660 5672
f 5201 5671 5202
f 5203 5661 5197
f 5203 5205 5661
f 5205 5662 5661
f 5205 5673 5662
f 5663 5664 5674
f 5674 5664 5675
f 5666 5663 5676
f 5663 5677 5676
f 5663 5674 5677
f 5676 5677 5668
f 5677 5667 5668
f 5677 5678 5667
f 5678 5206 5198
f 5678 5198 5667
f 5207 5669 5199
f 5207 5679 5669
f 5670 5680 5671
f 5208 5202 5671
f 5681 5208 5671
f 5680 5681 5671
f 5208 5681 5682
f 5683 5682 5681
f 5211 5684 5212
f 5684 5685 5212
f 5685 5205 5212
f 5685 5673 5205
f 5674 5675 5686
f 5686 5675 5687
f 5674 5688 5677
f 5674 5686 5688
f 5677 5689 5678
f 5677 5688 5689
f 5689 5213 5206
f 5689 5206 5678
f 5214 5679 5207
f 5214 5690 5679
f 5215 5208 5682
f 5693 5692 5691
f 5696 5695 5694
f 5216 5691 5692
f 5691 5216 5683
f 5215 5683 5216
f 5683 5215 5682
f 5697 5694 5695
f 5218 5698 5217
f 5684 5211 5217
f 5698 5684 5217
f 5699 5684 5698
f 5685 5684 5700
f 5700 5684 5699
f 5686 5687 5701
f 5701 5687 5702
f 5701 5220 5221
f 5688 5701 5221
f 5686 5701 5688
f 5688 5221 5222
f 5688 5222 5689
f 5689 5222 5213
f 5224 5690 5214
f 5224 5703 5690
f 5693 5704 5692
f 5707 5706 5705
f 5707 5705 5225
f 5707 5225 5216
f 5707 5216 5692
f 5707 5692 5704
f 5707 5704 5696
f 5707 5696 5694
f 5707 5694 5708
f 5707 5708 5706
f 5694 5697 5708
f 5225 5705 5226
f 5228 5709 5698
f 5228 5698 5218
f 5711 5699 5710
f 5699 5709 5710
f 5699 5698 5709
f 5699 5711 5700
f 5701 5702 5712
f 5712 5702 5713
f 5712 5230 5220
f 5712 5220 5701
f 5233 5714 5232
f 5714 5234 5232
f 5235 5703 5224
f 5235 5715 5703
f 5706 5716 5705
f 5226 5705 5716
f 5717 5226 5716
f 5236 5226 5717
f 5709 5228 5237
f 5720 5719 5718
f 5719 5720 5239
f 5720 5710 5239
f 5709 5237 5239
f 5709 5239 5710
f 5712 5713 5721
f 5721 5713 5722
f 5721 5241 5230
f 5721 5230 5712
f 5242 5714 5233
f 5714 5242 5234
f 5235 5245 5715
f 5715 5245 5723
f 5717 5724 5236
f 5236 5724 5246
f 5724 5726 5725
f 5248 5724 5725
f 5246 5724 5248
f 5725 5249 5248
f 5728 5727 5251
f 5728 5251 5252
f 5251 5729 5254
f 5727 5729 5251
f 5719 5255 5718
f 5255 5729 5718
f 5255 5254 5729
f 5255 5719 5239
f 5721 5722 5730
f 5730 5722 5731
f 5732 5256 5241
f 5721 5732 5241
f 5730 5732 5721
f 5733 5257 5256
f 5733 5256 5732
f 5733 5258 5257
f 5736 5735 5734
f 5725 5726 5260
f 5726 5259 5260
f 5726 5737 5259
f 5725 5260 5249
f 5262 5738 5261
f 5738 5263 5261
f 5264 5728 5252
f 5264 5739 5728
f 5740 5266 5265
f 5267 5740 5265
f 5743 5742 5741
f 5741 5744 5743
f 5747 5746 5745
f 5747 5745 5731
f 5745 5730 5731
f 5745 5748 5730
f 5730 5749 5732
f 5730 5748 5749
f 5732 5750 5733
f 5732 5749 5750
f 5750 5268 5258
f 5750 5258 5733
f 5735 5736 5751
f 5751 5736 5752
f 5737 5269 5259
f 5753 5269 5737
f 5755 5754 5270
f 5755 5270 5271
f 5262 5270 5738
f 5270 5756 5738
f 5270 5754 5756
f 5756 5758 5757
f 5756 5757 5272
f 5738 5756 5272
f 5263 5738 5272
f 5757 5759 5272
f 5759 5264 5272
f 5759 5739 5264
f 5740 5273 5266
f 5273 5740 5267
f 5761 5760 5277
f 5277 5760 5276
f 5277 5278 5761
f 5761 5278 5762
f 5765 5764 5763
f 5765 5763 5742
f 5763 5741 5742
f 5763 5766 5741
f 5744 5741 5767
f 5767 5741 5766
f 5745 5746 5768
f 5768 5746 5769
f 5745 5770 5748
f 5745 5768 5770
f 5748 5771 5749
f 5748 5770 5771
f 5749 5772 5750
f 5749 5771 5772
f 5772 5279 5268
f 5772 5268 5750
f 5752 5773 5751
f 5753 5280 5269
f 5774 5280 5753
f 5282 5776 5775
f 5755 5282 5775
f 5271 5282 5755
f 5778 5777 5776
f 5776 5777 5775
f 5777 5778 5758
f 5758 5778 5757
f 5778 5284 5757
f 5284 5285 5757
f 5285 5286 5757
f 5286 5759 5757
f 5286 5779 5759
f 5760 5288 5276
f 5780 5288 5760
f 5781 5762 5278
f 5781 5278 5290
f 5292 5763 5764
f 5781 5292 5764
f 5290 5292 5781
f 5763 5292 5294
f 5782 5763 5294
f 5766 5763 5782
f 5767 5766 5783
f 5783 5766 5782
f 5768 5769 5784
f 5784 5769 5785
f 5768 5786 5770
f 5768 5784 5786
f 5786 5296 5297
f 5771 5786 5297
f 5770 5786 5771
f 5771 5297 5298
f 5771 5298 5772
f 5772 5298 5279
f 5300 5280 5787
f 5280 5788 5787
f 5280 5774 5788
f 5776 5282 5300
f 5787 5776 5300
f 5789 5776 5787
f 5789 5305 5304
f 5778 5789 5304
f 5776 5789 5778
f 5778 5304 5284
f 5307 5779 5286
f 5307 5790 5779
f 5780 5791 5288
f 5288 5791 5309
f 5309 5792 5310
f 5791 5792 5309
f 5792 5794 5793
f 5311 5792 5793
f 5310 5792 5311
f 5793 5795 5311
f 5311 5795 5294
f 5795 5796 5294
f 5796 5782 5294
f 5782 5796 5783
f 5785 5797 5784
f 5799 5798 5797
f 5798 5784 5797
f 5798 5786 5784
f 5800 5312 5296
f 5786 5800 5296
f 5798 5800 5786
f 5801 5313 5312
f 5801 5312 5800
f 5801 5314 5313
f 5802 5315 5316
f 5788 5803 5787
f 5317 5802 5316
f 5802 5317 5804
f 5789 5804 5317
f 5804 5789 5803
f 5787 5803 5789
f 5789 5317 5305
f 5318 5790 5307
f 5318 5805 5790
f 5808 5807 5806
f 5806 5809 5808
f 5793 5794 5810
f 5810 5794 5811
f 5795 5793 5812
f 5812 5793 5810
f 5799 5813 5798
f 5815 5814 5813
f 5814 5798 5813
f 5814 5800 5798
f 5814 5320 5321
f 5801 5814 5321
f 5800 5814 5801
f 5801 5321 5314
f 5817 5816 5802
f 5816 5315 5802
f 5816 5322 5315
f 5817 5802 5804
f 5818 5805 5318
f 5818 5318 5323
f 5323 5325 5818
f 5818 5325 5819
f 5807 5820 5806
f 5806 5820 5809
f 5810 5811 5821
f 5821 5811 5822
f 5812 5810 5823
f 5823 5810 5821
f 5826 5825 5824
f 5824 5827 5826
f 5830 5829 5828
f 5830 5828 5815
f 5828 5814 5815
f 5828 5831 5814
f 5832 5326 5320
f 5814 5832 5320
f 5831 5832 5814
f 5832 5327 5326
f 5816 5329 5322
f 5833 5329 5816
f 5834 5819 5325
f 5834 5325 5331
f 5836 5835 5333
f 5835 5331 5333
f 5835 5834 5331
f 5836 5837 5835
f 5840 5839 5838
f 5842 5841 5838
f 5838 5841 5840
f 5844 5843 5842
f 5842 5843 5841
f 5843 5844 5822
f 5844 5821 5822
f 5844 5845 5821
f 5823 5821 5846
f 5846 5821 5845
f 5825 5847 5824
f 5824 5847 5827
f 5829 5848 5828
f 5850 5849 5848
f 5849 5828 5848
f 5849 5831 5828
f 5849 5335 5336
f 5832 5849 5336
f 5831 5849 5832
f 5832 5336 5327
f 5853 5852 5851
f 5855 5854 5851
f 5851 5854 5853
f 5337 5338 5855
f 5338 5854 5855
f 5338 5856 5854
f 5338 5329 5833
f 5338 5833 5856
f 5339 5857 5836
f 5339 5836 5333
f 5837 5836 5858
f 5858 5836 5857
f 5861 5860 5859
f 5862 5838 5839
f 5859 5863 5861
f 5838 5862 5842
f 5842 5862 5864
f 5842 5864 5844
f 5844 5864 5865
f 5867 5866 5865
f 5866 5844 5865
f 5866 5845 5844
f 5846 5845 5868
f 5868 5845 5866
f 5850 5869 5849
f 5869 5871 5870
f 5869 5870 5340
f 5849 5869 5340
f 5335 5849 5340
f 5870 5341 5340
f 5851 5852 5872
f 5872 5852 5873
f 5872 5342 5343
f 5855 5872 5343
f 5851 5872 5855
f 5855 5343 5337
f 5875 5344 5874
f 5875 5339 5344
f 5857 5339 5875
f 5857 5875 5876
f 5876 5858 5857
f 5346 5874 5344
f 5860 5877 5859
f 5859 5877 5863
f 5866 5867 5878
f 5878 5867 5879
f 5868 5866 5880
f 5880 5866 5878
f 5871 5881 5870
f 5341 5870 5881
f 5882 5341 5881
f 5347 5341 5882
f 5872 5873 5349
f 5873 5348 5349
f 5873 5883 5348
f 5872 5349 5342
f 5884 5875 5874
f 5874 5346 5884
f 5346 5885 5884
f 5346 5351 5885
f 5888 5887 5886
f 5886 5889 5888
f 5879 5890 5878
f 5878 5890 5880
f 5893 5892 5891
f 5891 5894 5893
f 5897 5896 5895
f 5895 5898 5897
f 5901 5900 5899
f 5882 5901 5899
f 5352 5882 5899
f 5347 5882 5352
f 5883 5353 5348
f 5902 5353 5883
f 5355 5885 5351
f 5355 5903 5885
f 5887 5904 5886
f 5886 5904 5889
f 5907 5906 5905
f 5905 5908 5907
f 5892 5909 5891
f 5891 5909 5894
f 5896 5910 5895
f 5895 5910 5898
f 5899 5900 5911
f 5911 5900 5912
f 5911 5356 5352
f 5911 5352 5899
f 5902 5357 5353
f 5913 5357 5902
f 5359 5903 5355
f 5359 5914 5903
f 5906 5915 5905
f 5905 5915 5908
f 5911 5912 5916
f 5916 5912 5917
f 5916 5360 5356
f 5916 5356 5911
f 5920 5919 5918
f 5913 5920 5918
f 5362 5913 5918
f 5357 5913 5362
f 5363 5922 5921
f 5914 5363 5921
f 5359 5363 5914
f 5922 5923 5921
f 5926 5925 5924
f 5926 5924 5917
f 5917 5924 5916
f 5924 5365 5916
f 5365 5366 5916
f 5916 5366 5360
f 5918 5919 5369
f 5919 5368 5369
f 5919 5927 5368
f 5918 5369 5362
f 5929 5928 5922
f 5363 5929 5922
f 5370 5929 5363
f 5922 5928 5923
f 5932 5931 5930
f 5932 5930 5925
f 5925 5930 5924
f 5930 5372 5924
f 5372 5373 5924
f 5365 5924 5373
f 5374 5375 5933
f 5933 5376 5374
f 5377 5368 5934
f 5368 5935 5934
f 5368 5927 5935
f 5934 5379 5377
f 5381 5929 5370
f 5381 5936 5929
f 5931 5937 5930
f 5937 5939 5938
f 5937 5938 5382
f 5930 5937 5382
f 5372 5930 5382
f 5938 5375 5382
f 5938 5933 5375
f 5938 5385 5383
f 5933 5938 5383
f 5933 5383 5376
f 5934 5935 5387
f 5935 5386 5387
f 5935 5940 5386
f 5934 5387 5379
f 5388 5936 5381
f 5388 5941 5936
f 5939 5942 5938
f 5942 5944 5943
f 5942 5943 5389
f 5938 5942 5389
f 5385 5938 5389
f 5943 5390 5389
f 5940 5391 5386
f 5945 5391 5940
f 5392 5941 5388
f 5392 5946 5941
f 5949 5948 5947
f 5951 5950 5947
f 5947 5950 5949
f 5953 5952 5951
f 5951 5952 5950
f 5955 5954 5953
f 5953 5954 5952
f 5957 5956 5955
f 5955 5956 5954
f 5959 5958 5957
f 5957 5958 5956
f 5959 5960 5958
f 5963 5962 5961
f 5965 5964 5961
f 5961 5964 5963
f 5967 5966 5965
f 5965 5966 5964
f 5967 5968 5966
f 5971 5970 5969
f 5973 5972 5969
f 5969 5972 5971
f 5394 5395 5973
f 5395 5972 5973
f 5395 5974 5972
f 5396 5943 5944
f 5974 5396 5944
f 5395 5396 5974
f 5943 5396 5390
f 5400 5975 5399
f 5945 5401 5391
f 5976 5401 5945
f 5402 5946 5392
f 5402 5977 5946
f 5980 5979 5978
f 5978 5981 5980
f 5984 5983 5982
f 5982 5985 5984
f 5988 5987 5986
f 5986 5989 5988
f 5992 5991 5990
f 5992 5990 5948
f 5990 5947 5948
f 5990 5993 5947
f 5947 5994 5951
f 5947 5993 5994
f 5951 5995 5953
f 5951 5994 5995
f 5995 5404 5405
f 5955 5995 5405
f 5953 5995 5955
f 5955 5405 5406
f 5955 5406 5957
f 5957 5406 5408
f 5996 5957 5408
f 5959 5957 5996
f 5960 5959 5997
f 5959 5998 5997
f 5959 5996 5998
f 5997 5998 5962
f 5962 5998 5961
f 5998 5410 5961
f 5410 5411 5961
f 5961 5411 5412
f 5999 5961 5412
f 5965 5961 5999
f 5965 6000 5967
f 5965 5999 6000
f 5968 5967 6001
f 5967 6002 6001
f 5967 6000 6002
f 6004 6003 6002
f 6002 6003 6001
f 6003 6004 5970
f 6004 5969 5970
f 6004 6005 5969
f 5969 6006 5973
f 5969 6005 6006
f 6007 5413 5394
f 5973 6007 5394
f 6006 6007 5973
f 6007 5415 5413
f 5975 5400 6008
f 5400 6009 6008
f 5400 5416 6009
f 5976 5417 5401
f 6010 5417 5976
f 5418 6012 6011
f 5977 5418 6011
f 5402 5418 5977
f 6012 6013 6011
f 6016 6015 6014
f 6018 6017 6014
f 6014 6017 6016
f 6020 6019 6018
f 6018 6019 6017
f 6019 6020 5979
f 6020 5978 5979
f 6020 6021 5978
f 5981 5978 6022
f 5978 6023 6022
f 5978 6021 6023
f 6025 6024 6023
f 6023 6024 6022
f 6027 6026 6025
f 6025 6026 6024
f 6026 6027 5983
f 6027 5982 5983
f 6027 6028 5982
f 5985 5982 6029
f 5982 6030 6029
f 5982 6028 6030
f 6029 6030 5987
f 6030 5986 5987
f 6030 6031 5986
f 5989 5986 6032
f 5986 6033 6032
f 5986 6031 6033
f 6032 6033 5991
f 6033 5990 5991
f 6033 6034 5990
f 6034 5420 5421
f 5993 6034 5421
f 5990 6034 5993
f 5993 5421 5422
f 5993 5422 5994
f 5994 5422 5424
f 5994 5424 5995
f 5995 5424 5404
f 5427 5996 5408
f 5996 5427 5429
f 5996 5429 5998
f 5998 5429 5410
f 5431 5999 5412
f 5999 5431 5433
f 5999 5433 6000
f 6000 5433 5435
f 6035 6000 5435
f 6002 6000 6035
f 6002 6036 6004
f 6002 6035 6036
f 6004 6037 6005
f 6004 6036 6037
f 6005 6038 6006
f 6005 6037 6038
f 6038 5437 5438
f 6007 6038 5438
f 6006 6038 6007
f 6007 5438 5415
f 5416 5439 6039
f 6040 5416 6039
f 6009 5416 6040
f 6041 6039 5439
f 5417 6041 5439
f 6010 6041 5417
f 5440 6012 5418
f 5440 5442 6012
f 5442 6013 6012
f 5442 6042 6013
f 6014 6015 6043
f 6043 6015 6044
f 6014 6045 6018
f 6014 6043 6045
f 6018 6046 6020
f 6018 6045 6046
f 6020 6047 6021
f 6020 6046 6047
f 6021 6048 6023
f 6021 6047 6048
f 6023 6049 6025
f 6023 6048 6049
f 6025 6050 6027
f 6025 6049 6050
f 6027 6051 6028
f 6027 6050 6051
f 6051 5444 5445
f 6030 6051 5445
f 6028 6051 6030
f 6030 5445 5446
f 6052 6030 5446
f 6031 6030 6052
f 6052 5448 5449
f 6033 6052 5449
f 6031 6052 6033
f 6033 5449 5450
f 6033 5450 6034
f 6034 5450 5420
f 5456 6035 5435
f 6035 5456 5458
f 6035 5458 6036
f 6036 5458 5460
f 6036 5460 6037
f 6037 5460 5462
f 6037 5462 6038
f 6038 5462 5437
f 6053 6040 6039
f 6053 6039 6041
f 6054 6042 5442
f 6054 5442 5464
f 6055 5464 5466
f 6055 6054 5464
f 6057 6056 5468
f 6056 5466 5468
f 6056 6055 5466
f 5470 5471 6057
f 5471 6056 6057
f 5471 6058 6056
f 5472 6043 6044
f 6058 5472 6044
f 5471 5472 6058
f 6043 5472 5474
f 6043 5474 6045
f 6045 5474 5476
f 6045 5476 6046
f 6046 5476 5478
f 6046 5478 6047
f 6047 5478 5480
f 6047 5480 6048
f 6048 5480 5482
f 6048 5482 6049
f 6049 5482 5484
f 6049 5484 6050
f 6050 5484 5486
f 6050 5486 6051
f 6051 5486 5444
f 5487 6052 5446
f 6052 5487 5448
f 5488 6057 5468
f 6057 5488 5470
f 5492 6059 5493
f 6059 5495 5493
f 5498 6060 5499
f 6060 5501 5499
f 5502 6061 6059
f 5502 6059 5492
f 6062 5503 5495
f 6059 6062 5495
f 6061 6062 6059
f 6062 5505 5503
f 6065 6064 6063
f 5527 6060 5498
f 5501 6060 5527
f 5529 5530 6066
f 6061 5502 5529
f 6066 6061 5529
f 6067 6061 6066
f 6061 6068 6062
f 6061 6067 6068
f 6068 5532 5505
f 6068 5505 6062
f 6065 6069 6064
f 6069 5562 6064
f 6069 5561 5562
f 5563 5561 6069
f 5563 6069 6070
f 5565 6071 5566
f 6066 5530 5566
f 6071 6066 5566
f 6072 6066 6071
f 6066 6073 6067
f 6066 6072 6073
f 6075 6068 6074
f 6068 6073 6074
f 6068 6067 6073
f 6075 6077 6076
f 6075 6076 5567
f 6068 6075 5567
f 5532 6068 5567
f 6078 5568 5567
f 6078 5567 6076
f 6079 5569 5568
f 6079 5568 6078
f 6080 5570 5569
f 6080 5569 6079
f 6081 5571 5570
f 6081 5570 6080
f 6082 5572 5571
f 6082 5571 6081
f 6082 5574 5572
f 5577 6083 5578
f 6083 5580 5578
f 5583 6084 5584
f 6084 5586 5584
f 5589 6085 5590
f 6086 5591 5590
f 6086 5590 6085
f 6087 5592 5591
f 6087 5591 6086
f 6088 5593 5592
f 6088 5592 6087
f 6089 5594 5593
f 6089 5593 6088
f 6089 5596 5594
f 6070 5602 5563
f 6090 5602 6070
f 5604 6091 6071
f 5604 6071 5565
f 6093 6072 6092
f 6072 6091 6092
f 6072 6071 6091
f 6072 6093 6073
f 6073 6093 6094
f 6073 6094 6074
f 6077 6095 6076
f 6097 6096 6095
f 6096 6076 6095
f 6096 6078 6076
f 6078 6098 6079
f 6078 6096 6098
f 6079 6099 6080
f 6079 6098 6099
f 6080 6100 6081
f 6080 6099 6100
f 6081 6101 6082
f 6081 6100 6101
f 6102 5605 5574
f 6082 6102 5574
f 6101 6102 6082
f 6103 5606 5605
f 6103 5605 6102
f 6103 5608 5606
f 5609 6083 5577
f 6104 5609 5612
f 6104 6083 5609
f 6104 5611 5580
f 6083 6104 5580
f 6105 5613 5611
f 6105 5611 6104
f 6106 5614 5613
f 6106 5613 6105
f 6084 5583 5614
f 6106 6084 5614
f 6107 6084 6106
f 6108 5615 5586
f 6084 6108 5586
f 6107 6108 6084
f 6109 5616 5615
f 6109 5615 6108
f 6110 5617 5616
f 6110 5616 6109
f 6085 5589 5617
f 6110 6085 5617
f 6111 6085 6110
f 6085 6112 6086
f 6085 6111 6112
f 6086 6113 6087
f 6086 6112 6113
f 6087 6114 6088
f 6087 6113 6114
f 6088 6115 6089
f 6088 6114 6115
f 6116 5618 5596
f 6089 6116 5596
f 6115 6116 6089
f 6117 5619 5618
f 6117 5618 6116
f 6118 5620 5619
f 6118 5619 6117
f 6118 5622 5620
f 6090 5624 5602
f 6119 5624 6090
f 5626 6120 5625
f 6091 5604 5625
f 6120 6091 5625
f 6121 6091 6120
f 6092 6091 6122
f 6122 6091 6121
f 6097 6123 6096
f 6125 6124 6123
f 6124 6096 6123
f 6124 6098 6096
f 6098 6126 6099
f 6098 6124 6126
f 6099 6127 6100
f 6099 6126 6127
f 6100 6128 6101
f 6100 6127 6128
f 6101 6129 6102
f 6101 6128 6129
f 6102 6130 6103
f 6102 6129 6130
f 6131 5627 5608
f 6103 6131 5608
f 6130 6131 6103
f 6131 5629 5627
f 5630 6132 6104
f 5630 6104 5612
f 6104 6133 6105
f 6104 6132 6133
f 6105 6134 6106
f 6105 6133 6134
f 6106 6135 6107
f 6106 6134 6135
f 6107 6136 6108
f 6107 6135 6136
f 6108 6137 6109
f 6108 6136 6137
f 6109 6138 6110
f 6109 6137 6138
f 6110 6139 6111
f 6110 6138 6139
f 6111 6140 6112
f 6111 6139 6140
f 6112 6141 6113
f 6112 6140 6141
f 6113 6142 6114
f 6113 6141 6142
f 6114 6143 6115
f 6114 6142 6143
f 6115 6144 6116
f 6115 6143 6144
f 6116 6145 6117
f 6116 6144 6145
f 6117 6146 6118
f 6117 6145 6146
f 6146 5632 5622
f 6146 5622 6118
f 6119 5635 5624
f 6147 5635 6119
f 5636 6120 5626
f 6120 5636 5638
f 6148 6120 5638
f 6121 6120 6148
f 6122 6121 6149
f 6149 6121 6148
f 6125 6150 6124
f 6124 6150 6126
f 6126 6150 6151
f 6153 6152 6151
f 6152 6126 6151
f 6152 6127 6126
f 6127 6154 6128
f 6127 6152 6154
f 6128 6155 6129
f 6128 6154 6155
f 6129 6156 6130
f 6129 6155 6156
f 6130 6157 6131
f 6130 6156 6157
f 6158 5639 5629
f 6131 6158 5629
f 6157 6158 6131
f 6132 5630 5639
f 6158 6132 5639
f 6159 6132 6158
f 6132 6160 6133
f 6132 6159 6160
f 6133 6161 6134
f 6133 6160 6161
f 6134 6162 6135
f 6134 6161 6162
f 6135 6163 6136
f 6135 6162 6163
f 6136 6164 6137
f 6136 6163 6164
f 6137 6165 6138
f 6137 6164 6165
f 6138 6166 6139
f 6138 6165 6166
f 6139 6167 6140
f 6139 6166 6167
f 6140 6168 6141
f 6140 6167 6168
f 6141 6169 6142
f 6141 6168 6169
f 6142 6170 6143
f 6142 6169 6170
f 6143 6171 6144
f 6143 6170 6171
f 6144 6172 6145
f 6144 6171 6172
f 6145 6173 6146
f 6145 6172 6173
f 6174 5640 5632
f 6146 6174 5632
f 6173 6174 6146
f 6175 5641 5640
f 6175 5640 6174
f 6175 5643 5641
f 6178 6177 6176
f 5644 5635 6179
f 5635 6180 6179
f 5635 6147 6180
f 6179 5646 5644
f 5648 6181 6148
f 5648 6148 5638
f 6149 6148 6182
f 6182 6148 6181
f 6152 6153 6183
f 6183 6153 6184
f 6152 6185 6154
f 6152 6183 6185
f 6154 6186 6155
f 6154 6185 6186
f 6155 6187 6156
f 6155 6186 6187
f 6156 6188 6157
f 6156 6187 6188
f 6157 6189 6158
f 6157 6188 6189
f 6158 6190 6159
f 6158 6189 6190
f 6159 6191 6160
f 6159 6190 6191
f 6160 6192 6161
f 6160 6191 6192
f 6161 6193 6162
f 6161 6192 6193
f 6162 6194 6163
f 6162 6193 6194
f 6163 6195 6164
f 6163 6194 6195
f 6164 6196 6165
f 6164 6195 6196
f 6165 6197 6166
f 6165 6196 6197
f 6166 6198 6167
f 6166 6197 6198
f 6167 6199 6168
f 6167 6198 6199
f 6168 6200 6169
f 6168 6199 6200
f 6169 6201 6170
f 6169 6200 6201
f 6170 6202 6171
f 6170 6201 6202
f 6171 6203 6172
f 6171 6202 6203
f 6172 6204 6173
f 6172 6203 6204
f 6173 6205 6174
f 6173 6204 6205
f 6174 6206 6175
f 6174 6205 6206
f 6206 5650 5643
f 6206 5643 6175
f 5651 5652 6178
f 5652 6177 6178
f 5652 6207 6177
f 6180 6208 6179
f 5646 6179 6208
f 6209 5646 6208
f 5654 5646 6209
f 5655 6210 6181
f 5655 6181 5648
f 6182 6181 6211
f 6181 6212 6211
f 6181 6210 6212
f 6212 6213 6211
f 6216 6215 6214
f 6216 6214 6184
f 6214 6183 6184
f 6214 6217 6183
f 6183 6218 6185
f 6183 6217 6218
f 6185 6219 6186
f 6185 6218 6219
f 6186 6220 6187
f 6186 6219 6220
f 6187 6221 6188
f 6187 6220 6221
f 6188 6222 6189
f 6188 6221 6222
f 6189 6223 6190
f 6189 6222 6223
f 6190 6224 6191
f 6190 6223 6224
f 6191 6225 6192
f 6191 6224 6225
f 6192 6226 6193
f 6192 6225 6226
f 6193 6227 6194
f 6193 6226 6227
f 6194 6228 6195
f 6194 6227 6228
f 6195 6229 6196
f 6195 6228 6229
f 6196 6230 6197
f 6196 6229 6230
f 6197 6231 6198
f 6197 6230 6231
f 6198 6232 6199
f 6198 6231 6232
f 6199 6233 6200
f 6199 6232 6233
f 6200 6234 6201
f 6200 6233 6234
f 6201 6235 6202
f 6201 6234 6235
f 6202 6236 6203
f 6202 6235 6236
f 6203 6237 6204
f 6203 6236 6237
f 6204 6238 6205
f 6204 6237 6238
f 6205 6239 6206
f 6205 6238 6239
f 6239 5657 5650
f 6239 5650 6206
f 5658 6207 5652
f 5658 6240 6207
f 6243 6242 6241
f 6209 6243 6241
f 5660 6209 6241
f 5654 6209 5660
f 5662 6244 6210
f 5662 6210 5655
f 6210 6245 6212
f 6210 6244 6245
f 6213 6212 6246
f 6212 6247 6246
f 6212 6245 6247
f 6247 6248 6246
f 6251 6250 6249
f 6253 6252 6249
f 6249 6252 6251
f 6252 6253 6215
f 6253 6214 6215
f 6253 6254 6214
f 6214 6255 6217
f 6214 6254 6255
f 6217 6256 6218
f 6217 6255 6256
f 6218 6257 6219
f 6218 6256 6257
f 6219 6258 6220
f 6219 6257 6258
f 6220 6259 6221
f 6220 6258 6259
f 6221 6260 6222
f 6221 6259 6260
f 6222 6261 6223
f 6222 6260 6261
f 6223 6262 6224
f 6223 6261 6262
f 6224 6263 6225
f 6224 6262 6263
f 6225 6264 6226
f 6225 6263 6264
f 6226 6265 6227
f 6226 6264 6265
f 6227 6266 6228
f 6227 6265 6266
f 6228 6267 6229
f 6228 6266 6267
f 6229 6268 6230
f 6229 6267 6268
f 6230 6269 6231
f 6230 6268 6269
f 6231 6270 6232
f 6231 6269 6270
f 6232 6271 6233
f 6232 6270 6271
f 6233 6272 6234
f 6233 6271 6272
f 6234 6273 6235
f 6234 6272 6273
f 6235 6274 6236
f 6235 6273 6274
f 6236 6275 6237
f 6236 6274 6275
f 6275 5664 5665
f 6238 6275 5665
f 6237 6275 6238
f 6238 5665 5666
f 6276 6238 5666
f 6239 6238 6276
f 6276 5668 5657
f 6276 5657 6239
f 5669 6240 5658
f 5669 6277 6240
f 6279 6278 6242
f 6278 5670 6242
f 5672 6241 6242
f 5672 6242 5670
f 5672 5660 6241
f 6278 6279 6280
f 5673 6281 6244
f 5673 6244 5662
f 6244 6282 6245
f 6244 6281 6282
f 6284 6247 6283
f 6247 6282 6283
f 6247 6245 6282
f 6247 6284 6248
f 6249 6250 6285
f 6285 6250 6286
f 6288 6253 6287
f 6253 6285 6287
f 6253 6249 6285
f 6290 6289 6288
f 6289 6253 6288
f 6289 6254 6253
f 6254 6291 6255
f 6254 6289 6291
f 6255 6292 6256
f 6255 6291 6292
f 6256 6293 6257
f 6256 6292 6293
f 6257 6294 6258
f 6257 6293 6294
f 6258 6295 6259
f 6258 6294 6295
f 6259 6296 6260
f 6259 6295 6296
f 6260 6297 6261
f 6260 6296 6297
f 6261 6298 6262
f 6261 6297 6298
f 6262 6299 6263
f 6262 6298 6299
f 6263 6300 6264
f 6263 6299 6300
f 6264 6301 6265
f 6264 6300 6301
f 6265 6302 6266
f 6265 6301 6302
f 6266 6303 6267
f 6266 6302 6303
f 6267 6304 6268
f 6267 6303 6304
f 6268 6305 6269
f 6268 6304 6305
f 6269 6306 6270
f 6269 6305 6306
f 6270 6307 6271
f 6270 6306 6307
f 6271 6308 6272
f 6271 6307 6308
f 6272 6309 6273
f 6272 6308 6309
f 6273 6310 6274
f 6273 6309 6310
f 6274 6311 6275
f 6274 6310 6311
f 6311 5675 5664
f 6311 5664 6275
f 5676 6276 5666
f 6276 5676 5668
f 5679 6277 5669
f 5679 6312 6277
f 6278 5680 5670
f 5681 5680 6278
f 6313 5681 6278
f 6280 6313 6278
f 6314 5681 6313
f 6314 5683 5681
f 5685 6315 6281
f 5685 6281 5673
f 6317 6282 6316
f 6282 6315 6316
f 6282 6281 6315
f 6282 6317 6283
f 6286 6318 6285
f 6321 6320 6319
f 6285 6318 6287
f 6319 6320 6290
f 6320 6289 6290
f 6320 6322 6289
f 6289 6323 6291
f 6289 6322 6323
f 6291 6324 6292
f 6291 6323 6324
f 6292 6325 6293
f 6292 6324 6325
f 6293 6326 6294
f 6293 6325 6326
f 6294 6327 6295
f 6294 6326 6327
f 6295 6328 6296
f 6295 6327 6328
f 6296 6329 6297
f 6296 6328 6329
f 6297 6330 6298
f 6297 6329 6330
f 6298 6331 6299
f 6298 6330 6331
f 6299 6332 6300
f 6299 6331 6332
f 6300 6333 6301
f 6300 6332 6333
f 6301 6334 6302
f 6301 6333 6334
f 6302 6335 6303
f 6302 6334 6335
f 6303 6336 6304
f 6303 6335 6336
f 6304 6337 6305
f 6304 6336 6337
f 6305 6338 6306
f 6305 6337 6338
f 6306 6339 6307
f 6306 6338 6339
f 6307 6340 6308
f 6307 6339 6340
f 6308 6341 6309
f 6308 6340 6341
f 6309 6342 6310
f 6309 6341 6342
f 6310 6343 6311
f 6310 6342 6343
f 6343 5687 5675
f 6343 5675 6311
f 5690 6312 5679
f 5690 6344 6312
f 6314 6313 5691
f 6313 5693 5691
f 6313 6345 5693
f 5683 6314 5691
f 5695 5696 6346
f 6346 5697 5695
f 5700 6347 6315
f 5700 6315 5685
f 6316 6315 6348
f 6348 6315 6347
f 6351 6350 6349
f 6349 6352 6351
f 6355 6354 6353
f 6355 6353 6321
f 6353 6320 6321
f 6353 6356 6320
f 6320 6357 6322
f 6320 6356 6357
f 6322 6358 6323
f 6322 6357 6358
f 6323 6359 6324
f 6323 6358 6359
f 6324 6360 6325
f 6324 6359 6360
f 6325 6361 6326
f 6325 6360 6361
f 6326 6362 6327
f 6326 6361 6362
f 6327 6363 6328
f 6327 6362 6363
f 6328 6364 6329
f 6328 6363 6364
f 6329 6365 6330
f 6329 6364 6365
f 6330 6366 6331
f 6330 6365 6366
f 6331 6367 6332
f 6331 6366 6367
f 6332 6368 6333
f 6332 6367 6368
f 6333 6369 6334
f 6333 6368 6369
f 6334 6370 6335
f 6334 6369 6370
f 6335 6371 6336
f 6335 6370 6371
f 6336 6372 6337
f 6336 6371 6372
f 6337 6373 6338
f 6337 6372 6373
f 6338 6374 6339
f 6338 6373 6374
f 6339 6375 6340
f 6339 6374 6375
f 6340 6376 6341
f 6340 6375 6376
f 6341 6377 6342
f 6341 6376 6377
f 6342 6378 6343
f 6342 6377 6378
f 6378 5702 5687
f 6378 5687 6343
f 5703 6344 5690
f 5703 6379 6344
f 5704 5693 6380
f 5693 6381 6380
f 5693 6345 6381
f 6380 5696 5704
f 6380 6346 5696
f 6380 5706 5708
f 6346 6380 5708
f 6346 5708 5697
f 5710 6382 5711
f 6382 6383 5711
f 5711 6383 5700
f 6383 6384 5700
f 6384 6347 5700
f 6347 6384 6348
f 6350 6385 6349
f 6349 6385 6352
f 6353 6354 6386
f 6386 6354 6387
f 6353 6388 6356
f 6353 6386 6388
f 6356 6389 6357
f 6356 6388 6389
f 6357 6390 6358
f 6357 6389 6390
f 6358 6391 6359
f 6358 6390 6391
f 6359 6392 6360
f 6359 6391 6392
f 6360 6393 6361
f 6360 6392 6393
f 6361 6394 6362
f 6361 6393 6394
f 6362 6395 6363
f 6362 6394 6395
f 6363 6396 6364
f 6363 6395 6396
f 6364 6397 6365
f 6364 6396 6397
f 6365 6398 6366
f 6365 6397 6398
f 6366 6399 6367
f 6366 6398 6399
f 6367 6400 6368
f 6367 6399 6400
f 6368 6401 6369
f 6368 6400 6401
f 6369 6402 6370
f 6369 6401 6402
f 6370 6403 6371
f 6370 6402 6403
f 6371 6404 6372
f 6371 6403 6404
f 6372 6405 6373
f 6372 6404 6405
f 6373 6406 6374
f 6373 6405 6406
f 6374 6407 6375
f 6374 6406 6407
f 6375 6408 6376
f 6375 6407 6408
f 6376 6409 6377
f 6376 6408 6409
f 6377 6410 6378
f 6377 6409 6410
f 6410 5713 5702
f 6410 5702 6378
f 5715 6379 5703
f 5715 6411 6379
f 6381 6412 6380
f 6380 6412 5706
f 6412 5716 5706
f 6412 6413 5716
f 5717 5716 6413
f 5717 6413 6414
f 5718 6415 5720
f 6382 5710 5720
f 6415 6382 5720
f 6416 6382 6415
f 6383 6382 6417
f 6417 6382 6416
f 6386 6387 6418
f 6418 6387 6419
f 6421 6388 6420
f 6388 6418 6420
f 6388 6386 6418
f 6423 6422 6421
f 6422 6388 6421
f 6422 6389 6388
f 6389 6424 6390
f 6389 6422 6424
f 6390 6425 6391
f 6390 6424 6425
f 6391 6426 6392
f 6391 6425 6426
f 6392 6427 6393
f 6392 6426 6427
f 6393 6428 6394
f 6393 6427 6428
f 6394 6429 6395
f 6394 6428 6429
f 6395 6430 6396
f 6395 6429 6430
f 6396 6431 6397
f 6396 6430 6431
f 6397 6432 6398
f 6397 6431 6432
f 6398 6433 6399
f 6398 6432 6433
f 6399 6434 6400
f 6399 6433 6434
f 6400 6435 6401
f 6400 6434 6435
f 6401 6436 6402
f 6401 6435 6436
f 6402 6437 6403
f 6402 6436 6437
f 6403 6438 6404
f 6403 6437 6438
f 6404 6439 6405
f 6404 6438 6439
f 6405 6440 6406
f 6405 6439 6440
f 6406 6441 6407
f 6406 6440 6441
f 6407 6442 6408
f 6407 6441 6442
f 6408 6443 6409
f 6408 6442 6443
f 6409 6444 6410
f 6409 6443 6444
f 6444 5722 5713
f 6444 5713 6410
f 6446 6445 5723
f 6445 5715 5723
f 6445 6411 5715
f 6414 6447 5717
f 5717 6447 5724
f 5726 5724 6447
f 5726 6447 6448
f 5728 6449 5727
f 6450 5729 5727
f 6450 5727 6449
f 6415 5718 5729
f 6450 6415 5729
f 6451 6415 6450
f 6415 6452 6416
f 6415 6451 6452
f 6417 6416 6453
f 6453 6416 6452
f 6419 6454 6418
f 6418 6454 6420
f 6422 6423 6455
f 6455 6423 6456
f 6422 6457 6424
f 6422 6455 6457
f 6424 6458 6425
f 6424 6457 6458
f 6425 6459 6426
f 6425 6458 6459
f 6426 6460 6427
f 6426 6459 6460
f 6427 6461 6428
f 6427 6460 6461
f 6428 6462 6429
f 6428 6461 6462
f 6429 6463 6430
f 6429 6462 6463
f 6430 6464 6431
f 6430 6463 6464
f 6431 6465 6432
f 6431 6464 6465
f 6432 6466 6433
f 6432 6465 6466
f 6433 6467 6434
f 6433 6466 6467
f 6469 6435 6468
f 6435 6467 6468
f 6435 6434 6467
f 6435 6469 6436
f 6436 6469 6470
f 6472 6471 6470
f 6471 6436 6470
f 6471 6437 6436
f 6437 6473 6438
f 6437 6471 6473
f 6438 6474 6439
f 6438 6473 6474
f 6439 6475 6440
f 6439 6474 6475
f 6440 6476 6441
f 6440 6475 6476
f 6441 6477 6442
f 6441 6476 6477
f 6442 6478 6443
f 6442 6477 6478
f 6443 6479 6444
f 6443 6478 6479
f 6479 5731 5722
f 6479 5722 6444
f 5734 5735 6446
f 5735 6445 6446
f 5735 6480 6445
f 6483 6482 6481
f 6448 6483 6481
f 5737 6448 6481
f 5726 6448 5737
f 5739 6484 6449
f 5739 6449 5728
f 6449 6485 6450
f 6449 6484 6485
f 6450 6486 6451
f 6450 6485 6486
f 6451 6487 6452
f 6451 6486 6487
f 6453 6452 6488
f 6488 6452 6487
f 6491 6490 6489
f 6493 6492 6489
f 6489 6492 6491
f 6492 6493 6456
f 6493 6455 6456
f 6493 6494 6455
f 6455 6495 6457
f 6455 6494 6495
f 6457 6496 6458
f 6457 6495 6496
f 6458 6497 6459
f 6458 6496 6497
f 6459 6498 6460
f 6459 6497 6498
f 6498 5742 5743
f 6461 6498 5743
f 6460 6498 6461
f 6461 5743 5744
f 6499 6461 5744
f 6462 6461 6499
f 6462 6500 6463
f 6462 6499 6500
f 6463 6501 6464
f 6463 6500 6501
f 6464 6502 6465
f 6464 6501 6502
f 6465 6503 6466
f 6465 6502 6503
f 6505 6467 6504
f 6467 6503 6504
f 6467 6466 6503
f 6505 6506 6467
f 6506 6507 6467
f 6508 6468 6467
f 6508 6467 6507
f 6510 6509 6507
f 6507 6509 6508
f 6509 6510 6472
f 6510 6471 6472
f 6510 6511 6471
f 6471 6512 6473
f 6471 6511 6512
f 6473 6513 6474
f 6473 6512 6513
f 6474 6514 6475
f 6474 6513 6514
f 6475 6515 6476
f 6475 6514 6515
f 6476 6516 6477
f 6476 6515 6516
f 6477 6517 6478
f 6477 6516 6517
f 6517 5746 5747
f 6479 6517 5747
f 6478 6517 6479
f 6479 5747 5731
f 5751 6480 5735
f 5751 6518 6480
f 6481 6482 6519
f 6519 6482 6520
f 6519 5753 5737
f 6519 5737 6481
f 5755 6521 5754
f 6522 5756 5754
f 6522 5754 6521
f 6522 5758 5756
f 5759 6523 6484
f 5759 6484 5739
f 6484 6524 6485
f 6484 6523 6524
f 6485 6525 6486
f 6485 6524 6525
f 6486 6526 6487
f 6486 6525 6526
f 6488 6487 6527
f 6527 6487 6526
f 6490 6528 6489
f 6530 6529 6528
f 6529 6489 6528
f 6529 6493 6489
f 6493 6531 6494
f 6493 6529 6531
f 6494 6532 6495
f 6494 6531 6532
f 6532 5760 5761
f 6496 6532 5761
f 6495 6532 6496
f 6496 5761 5762
f 6533 6496 5762
f 6497 6496 6533
f 6533 5764 5765
f 6498 6533 5765
f 6497 6533 6498
f 6498 5765 5742
f 5767 6534 6499
f 5767 6499 5744
f 6499 6535 6500
f 6499 6534 6535
f 6500 6536 6501
f 6500 6535 6536
f 6538 6502 6537
f 6502 6536 6537
f 6502 6501 6536
f 6502 6538 6503
f 6503 6538 6539
f 6539 6540 6503
f 6540 6541 6503
f 6542 6504 6503
f 6542 6503 6541
f 6542 6541 6506
f 6541 6507 6506
f 6541 6543 6507
f 6507 6544 6510
f 6507 6543 6544
f 6510 6545 6511
f 6510 6544 6545
f 6511 6546 6512
f 6511 6545 6546
f 6512 6547 6513
f 6512 6546 6547
f 6513 6548 6514
f 6513 6547 6548
f 6514 6549 6515
f 6514 6548 6549
f 6515 6550 6516
f 6515 6549 6550
f 6516 6551 6517
f 6516 6550 6551
f 6551 5769 5746
f 6551 5746 6517
f 5751 5773 6518
f 6518 5773 6552
f 6519 6520 6553
f 6553 6520 6554
f 6553 5774 5753
f 6553 5753 6519
f 5775 6521 5755
f 6521 5775 5777
f 6521 5777 6522
f 6522 5777 5758
f 5779 6555 6523
f 5779 6523 5759
f 6523 6556 6524
f 6523 6555 6556
f 6524 6557 6525
f 6524 6556 6557
f 6525 6558 6526
f 6525 6557 6558
f 6527 6526 6559
f 6526 6560 6559
f 6526 6558 6560
f 6560 6561 6559
f 6564 6563 6562
f 6565 6529 6530
f 6562 6566 6564
f 6568 6567 6565
f 6567 6529 6565
f 6567 6531 6529
f 6531 6569 6532
f 6531 6567 6569
f 6569 5780 5760
f 6569 5760 6532
f 5781 6533 5762
f 6533 5781 5764
f 5783 6570 6534
f 5783 6534 5767
f 6572 6535 6571
f 6535 6570 6571
f 6535 6534 6570
f 6574 6573 6572
f 6573 6535 6572
f 6573 6536 6535
f 6537 6536 6575
f 6536 6576 6575
f 6536 6573 6576
f 6578 6577 6576
f 6576 6577 6575
f 6577 6578 6540
f 6578 6541 6540
f 6578 6579 6541
f 6541 6580 6543
f 6541 6579 6580
f 6543 6581 6544
f 6543 6580 6581
f 6544 6582 6545
f 6544 6581 6582
f 6545 6583 6546
f 6545 6582 6583
f 6546 6584 6547
f 6546 6583 6584
f 6547 6585 6548
f 6547 6584 6585
f 6548 6586 6549
f 6548 6585 6586
f 6549 6587 6550
f 6549 6586 6587
f 6550 6588 6551
f 6550 6587 6588
f 6588 5785 5769
f 6588 5769 6551
f 6591 6590 6589
f 6554 6592 6553
f 5774 6553 6592
f 6593 5774 6592
f 5788 5774 6593
f 5790 6594 6555
f 5790 6555 5779
f 6555 6595 6556
f 6555 6594 6595
f 6556 6596 6557
f 6556 6595 6596
f 6557 6597 6558
f 6557 6596 6597
f 6599 6560 6598
f 6560 6597 6598
f 6560 6558 6597
f 6560 6599 6561
f 6563 6600 6562
f 6562 6600 6566
f 6567 6568 6601
f 6601 6568 6602
f 6567 6603 6569
f 6567 6601 6603
f 6604 5791 5780
f 6569 6604 5780
f 6603 6604 6569
f 6605 5792 5791
f 6605 5791 6604
f 6605 5794 5792
f 5795 6606 5796
f 6570 5783 5796
f 6606 6570 5796
f 6607 6570 6606
f 6571 6570 6608
f 6608 6570 6607
f 6574 6609 6573
f 6573 6609 6576
f 6576 6609 6610
f 6612 6611 6610
f 6611 6576 6610
f 6611 6578 6576
f 6614 6579 6613
f 6579 6611 6613
f 6579 6578 6611
f 6579 6614 6580
f 6580 6614 6615
f 6580 6615 6581
f 6581 6615 6616
f 6581 6616 6582
f 6582 6616 6617
f 6582 6617 6583
f 6583 6617 6618
f 6620 6619 6618
f 6619 6583 6618
f 6619 6584 6583
f 6622 6585 6621
f 6585 6619 6621
f 6585 6584 6619
f 6624 6623 6622
f 6623 6585 6622
f 6623 6586 6585
f 6586 6625 6587
f 6586 6623 6625
f 6587 6626 6588
f 6587 6625 6626
f 6627 5797 5785
f 6588 6627 5785
f 6626 6627 6588
f 6627 5799 5797
f 6591 6628 6590
f 5803 5788 6629
f 5788 6630 6629
f 5788 6593 6630
f 6629 5804 5803
f 5805 6631 6594
f 5805 6594 5790
f 6594 6632 6595
f 6594 6631 6632
f 6595 6633 6596
f 6595 6632 6633
f 6596 6634 6597
f 6596 6633 6634
f 6598 6597 6635
f 6635 6597 6634
f 6638 6637 6636
f 6640 6639 6636
f 6636 6639 6638
f 6639 6640 6602
f 6640 6601 6602
f 6640 6641 6601
f 6601 6642 6603
f 6601 6641 6642
f 6642 5807 5808
f 6604 6642 5808
f 6603 6642 6604
f 6604 5808 5809
f 6643 6604 5809
f 6605 6604 6643
f 6643 5811 5794
f 6643 5794 6605
f 5812 6644 6606
f 5812 6606 5795
f 6606 6645 6607
f 6606 6644 6645
f 6608 6607 6646
f 6646 6607 6645
f 6649 6648 6647
f 6651 6650 6647
f 6647 6650 6649
f 6650 6651 6612
f 6651 6611 6612
f 6651 6652 6611
f 6613 6611 6653
f 6653 6611 6652
f 6656 6655 6654
f 6654 6657 6656
f 6660 6659 6658
f 6658 6661 6660
f 6619 6620 6662
f 6662 6620 6663
f 6621 6619 6664
f 6619 6665 6664
f 6619 6662 6665
f 6664 6665 6624
f 6665 6623 6624
f 6665 6666 6623
f 6623 6667 6625
f 6623 6666 6667
f 6625 6668 6626
f 6625 6667 6668
f 6626 6669 6627
f 6626 6668 6669
f 6670 5813 5799
f 6627 6670 5799
f 6669 6670 6627
f 6670 5815 5813
f 6629 6630 5817
f 6630 5816 5817
f 6630 6671 5816
f 6629 5817 5804
f 5818 6631 5805
f 6631 5818 5819
f 6672 6631 5819
f 6632 6631 6672
f 6632 6673 6633
f 6632 6672 6673
f 6633 6674 6634
f 6633 6673 6674
f 6635 6634 6675
f 6675 6634 6674
f 6636 6637 6676
f 6676 6637 6677
f 6636 6678 6640
f 6636 6676 6678
f 6640 6679 6641
f 6640 6678 6679
f 6641 6680 6642
f 6641 6679 6680
f 6681 5820 5807
f 6642 6681 5807
f 6680 6681 6642
f 6643 5809 5820
f 6681 6643 5820
f 6682 6643 6681
f 6682 5822 5811
f 6682 5811 6643
f 5823 6683 6644
f 5823 6644 5812
f 6683 5825 5826
f 6645 6683 5826
f 6644 6683 6645
f 6685 6684 5827
f 5827 6684 5826
f 6684 6646 5826
f 6646 6645 5826
f 6684 6685 6648
f 6685 6647 6648
f 6685 6686 6647
f 6688 6651 6687
f 6651 6686 6687
f 6651 6647 6686
f 6690 6689 6688
f 6689 6651 6688
f 6689 6652 6651
f 6653 6652 6691
f 6691 6652 6689
f 6654 6655 6692
f 6692 6655 6693
f 6657 6654 6694
f 6694 6654 6692
f 6659 6695 6658
f 6698 6697 6696
f 6658 6695 6661
f 6696 6697 6663
f 6697 6662 6663
f 6697 6699 6662
f 6662 6700 6665
f 6662 6699 6700
f 6665 6701 6666
f 6665 6700 6701
f 6666 6702 6667
f 6666 6701 6702
f 6667 6703 6668
f 6667 6702 6703
f 6668 6704 6669
f 6668 6703 6704
f 6704 5829 5830
f 6670 6704 5830
f 6669 6704 6670
f 6670 5830 5815
f 6707 6706 6705
f 6671 6707 6705
f 5833 6671 6705
f 5816 6671 5833
f 5834 6672 5819
f 6672 5834 5835
f 6672 5835 6673
f 6673 5835 5837
f 6708 6673 5837
f 6674 6673 6708
f 6675 6674 6709
f 6709 6674 6708
f 6712 6711 6710
f 6712 6710 6677
f 6710 6676 6677
f 6710 6713 6676
f 6676 6714 6678
f 6676 6713 6714
f 6678 6715 6679
f 6678 6714 6715
f 6715 5839 5840
f 6680 6715 5840
f 6679 6715 6680
f 6680 5840 5841
f 6680 5841 6681
f 6681 5841 5843
f 6681 5843 6682
f 6682 5843 5822
f 5846 6716 6683
f 5846 6683 5823
f 6717 5847 5825
f 6683 6717 5825
f 6716 6717 6683
f 6685 5827 5847
f 6717 6685 5847
f 6718 6685 6717
f 6685 6719 6686
f 6685 6718 6719
f 6687 6686 6720
f 6686 6721 6720
f 6686 6719 6721
f 6720 6721 6690
f 6721 6689 6690
f 6721 6722 6689
f 6691 6689 6723
f 6723 6689 6722
f 6692 6693 6724
f 6724 6693 6725
f 6694 6692 6726
f 6692 6727 6726
f 6692 6724 6727
f 6729 6728 6727
f 6727 6728 6726
f 6728 6729 6698
f 6729 6697 6698
f 6729 6730 6697
f 6697 6731 6699
f 6697 6730 6731
f 6699 6732 6700
f 6699 6731 6732
f 6700 6733 6701
f 6700 6732 6733
f 6701 6734 6702
f 6701 6733 6734
f 6702 6735 6703
f 6702 6734 6735
f 6703 6736 6704
f 6703 6735 6736
f 6737 5848 5829
f 6704 6737 5829
f 6736 6737 6704
f 6737 5850 5848
f 6739 6738 5853
f 5853 6738 5852
f 6740 5853 5854
f 6740 6739 5853
f 5856 6705 6706
f 6740 5856 6706
f 5854 5856 6740
f 6705 5856 5833
f 5858 6741 6708
f 5858 6708 5837
f 6709 6708 6742
f 6742 6708 6741
f 6711 6743 6710
f 6745 6744 6743
f 6744 6710 6743
f 6744 6713 6710
f 6713 6746 6714
f 6713 6744 6746
f 6746 5860 5861
f 6715 6746 5861
f 6714 6746 6715
f 6747 5861 5863
f 6747 6715 5861
f 6747 5862 5839
f 6715 6747 5839
f 6748 5864 5862
f 6748 5862 6747
f 6749 5865 5864
f 6749 5864 6748
f 6749 5867 5865
f 5868 6750 6716
f 5868 6716 5846
f 6716 6751 6717
f 6716 6750 6751
f 6717 6752 6718
f 6717 6751 6752
f 6718 6753 6719
f 6718 6752 6753
f 6719 6754 6721
f 6719 6753 6754
f 6721 6755 6722
f 6721 6754 6755
f 6723 6722 6756
f 6722 6757 6756
f 6722 6755 6757
f 6756 6757 6725
f 6757 6724 6725
f 6757 6758 6724
f 6724 6759 6727
f 6724 6758 6759
f 6727 6760 6729
f 6727 6759 6760
f 6729 6761 6730
f 6729 6760 6761
f 6730 6762 6731
f 6730 6761 6762
f 6731 6763 6732
f 6731 6762 6763
f 6732 6764 6733
f 6732 6763 6764
f 6733 6765 6734
f 6733 6764 6765
f 6734 6766 6735
f 6734 6765 6766
f 6735 6767 6736
f 6735 6766 6767
f 6736 6768 6737
f 6736 6767 6768
f 6769 5869 5850
f 6737 6769 5850
f 6768 6769 6737
f 6769 5871 5869
f 6738 5873 5852
f 6770 5873 6738
f 5875 6771 5876
f 6741 5858 5876
f 6771 6741 5876
f 6772 6741 6771
f 6742 6741 6773
f 6773 6741 6772
f 6776 6775 6774
f 6776 6774 6745
f 6774 6744 6745
f 6774 6777 6744
f 6744 6778 6746
f 6744 6777 6778
f 6779 5877 5860
f 6746 6779 5860
f 6778 6779 6746
f 6747 5863 5877
f 6779 6747 5877
f 6780 6747 6779
f 6747 6781 6748
f 6747 6780 6781
f 6748 6782 6749
f 6748 6781 6782
f 6782 5879 5867
f 6782 5867 6749
f 5880 6783 6750
f 5880 6750 5868
f 6750 6784 6751
f 6750 6783 6784
f 6751 6785 6752
f 6751 6784 6785
f 6752 6786 6753
f 6752 6785 6786
f 6753 6787 6754
f 6753 6786 6787
f 6754 6788 6755
f 6754 6787 6788
f 6755 6789 6757
f 6755 6788 6789
f 6757 6790 6758
f 6757 6789 6790
f 6758 6791 6759
f 6758 6790 6791
f 6759 6792 6760
f 6759 6791 6792
f 6760 6793 6761
f 6760 6792 6793
f 6761 6794 6762
f 6761 6793 6794
f 6762 6795 6763
f 6762 6794 6795
f 6763 6796 6764
f 6763 6795 6796
f 6764 6797 6765
f 6764 6796 6797
f 6765 6798 6766
f 6765 6797 6798
f 6766 6799 6767
f 6766 6798 6799
f 6767 6800 6768
f 6767 6799 6800
f 6768 6801 6769
f 6768 6800 6801
f 6802 5881 5871
f 6769 6802 5871
f 6801 6802 6769
f 6802 5882 5881
f 6770 5883 5873
f 6803 5883 6770
f 5884 6771 5875
f 6771 5884 5885
f 6804 6771 5885
f 6772 6771 6804
f 6773 6772 6805
f 6805 6772 6804
f 6775 6806 6774
f 6808 6807 6806
f 6807 6774 6806
f 6807 6777 6774
f 6777 6809 6778
f 6777 6807 6809
f 6778 6810 6779
f 6778 6809 6810
f 6779 6811 6780
f 6779 6810 6811
f 6811 5887 5888
f 6781 6811 5888
f 6780 6811 6781
f 6781 5888 5889
f 6812 6781 5889
f 6782 6781 6812
f 6813 5890 5879
f 6782 6813 5879
f 6812 6813 6782
f 6783 5880 5890
f 6813 6783 5890
f 6814 6783 6813
f 6814 5892 5893
f 6784 6814 5893
f 6783 6814 6784
f 6784 5893 5894
f 6815 6784 5894
f 6785 6784 6815
f 6785 6816 6786
f 6785 6815 6816
f 6786 6817 6787
f 6786 6816 6817
f 6787 6818 6788
f 6787 6817 6818
f 6788 6819 6789
f 6788 6818 6819
f 6789 6820 6790
f 6789 6819 6820
f 6790 6821 6791
f 6790 6820 6821
f 6791 6822 6792
f 6791 6821 6822
f 6792 6823 6793
f 6792 6822 6823
f 6793 6824 6794
f 6793 6823 6824
f 6794 6825 6795
f 6794 6824 6825
f 6795 6826 6796
f 6795 6825 6826
f 6796 6827 6797
f 6796 6826 6827
f 6797 6828 6798
f 6797 6827 6828
f 6798 6829 6799
f 6798 6828 6829
f 6829 5896 5897
f 6800 6829 5897
f 6799 6829 6800
f 6800 5897 5898
f 6830 6800 5898
f 6801 6800 6830
f 6830 5900 5901
f 6802 6830 5901
f 6801 6830 6802
f 6802 5901 5882
f 6803 5902 5883
f 6831 5902 6803
f 5903 6832 6804
f 5903 6804 5885
f 6805 6804 6833
f 6833 6804 6832
f 6808 6834 6807
f 6807 6834 6809
f 6809 6834 6835
f 6837 6836 6835
f 6836 6809 6835
f 6836 6810 6809
f 6810 6838 6811
f 6810 6836 6838
f 6839 5904 5887
f 6811 6839 5887
f 6838 6839 6811
f 6812 5889 5904
f 6839 6812 5904
f 6840 6812 6839
f 6840 5906 5907
f 6813 6840 5907
f 6812 6840 6813
f 6813 5907 5908
f 6841 6813 5908
f 6814 6813 6841
f 6842 5909 5892
f 6814 6842 5892
f 6841 6842 6814
f 6815 5894 5909
f 6842 6815 5909
f 6843 6815 6842
f 6815 6844 6816
f 6815 6843 6844
f 6816 6845 6817
f 6816 6844 6845
f 6817 6846 6818
f 6817 6845 6846
f 6818 6847 6819
f 6818 6846 6847
f 6819 6848 6820
f 6819 6847 6848
f 6820 6849 6821
f 6820 6848 6849
f 6821 6850 6822
f 6821 6849 6850
f 6822 6851 6823
f 6822 6850 6851
f 6823 6852 6824
f 6823 6851 6852
f 6824 6853 6825
f 6824 6852 6853
f 6825 6854 6826
f 6825 6853 6854
f 6826 6855 6827
f 6826 6854 6855
f 6827 6856 6828
f 6827 6855 6856
f 6828 6857 6829
f 6828 6856 6857
f 6858 5910 5896
f 6829 6858 5896
f 6857 6858 6829
f 6830 5898 5910
f 6858 6830 5910
f 6859 6830 6858
f 6859 5912 5900
f 6859 5900 6830
f 6862 6861 6860
f 6831 6862 6860
f 5913 6831 6860
f 5902 6831 5913
f 5914 6863 6832
f 5914 6832 5903
f 6833 6832 6864
f 6864 6832 6863
f 6836 6837 6865
f 6865 6837 6866
f 6836 6867 6838
f 6836 6865 6867
f 6838 6868 6839
f 6838 6867 6868
f 6839 6869 6840
f 6839 6868 6869
f 6870 5915 5906
f 6840 6870 5906
f 6869 6870 6840
f 6841 5908 5915
f 6870 6841 5915
f 6871 6841 6870
f 6841 6872 6842
f 6841 6871 6872
f 6842 6873 6843
f 6842 6872 6873
f 6843 6874 6844
f 6843 6873 6874
f 6844 6875 6845
f 6844 6874 6875
f 6845 6876 6846
f 6845 6875 6876
f 6846 6877 6847
f 6846 6876 6877
f 6847 6878 6848
f 6847 6877 6878
f 6848 6879 6849
f 6848 6878 6879
f 6849 6880 6850
f 6849 6879 6880
f 6850 6881 6851
f 6850 6880 6881
f 6851 6882 6852
f 6851 6881 6882
f 6852 6883 6853
f 6852 6882 6883
f 6853 6884 6854
f 6853 6883 6884
f 6854 6885 6855
f 6854 6884 6885
f 6855 6886 6856
f 6855 6885 6886
f 6856 6887 6857
f 6856 6886 6887
f 6857 6888 6858
f 6857 6887 6888
f 6858 6889 6859
f 6858 6888 6889
f 6889 5917 5912
f 6889 5912 6859
f 6860 6861 5920
f 6861 5919 5920
f 6861 6890 5919
f 6860 5920 5913
f 5921 6863 5914
f 5921 5923 6863
f 5923 6864 6863
f 5923 6891 6864
f 6894 6893 6892
f 6892 6895 6894
f 6865 6866 6896
f 6896 6866 6897
f 6865 6898 6867
f 6865 6896 6898
f 6867 6899 6868
f 6867 6898 6899
f 6868 6900 6869
f 6868 6899 6900
f 6869 6901 6870
f 6869 6900 6901
f 6870 6902 6871
f 6870 6901 6902
f 6871 6903 6872
f 6871 6902 6903
f 6872 6904 6873
f 6872 6903 6904
f 6873 6905 6874
f 6873 6904 6905
f 6874 6906 6875
f 6874 6905 6906
f 6875 6907 6876
f 6875 6906 6907
f 6876 6908 6877
f 6876 6907 6908
f 6877 6909 6878
f 6877 6908 6909
f 6878 6910 6879
f 6878 6909 6910
f 6879 6911 6880
f 6879 6910 6911
f 6880 6912 6881
f 6880 6911 6912
f 6881 6913 6882
f 6881 6912 6913
f 6882 6914 6883
f 6882 6913 6914
f 6883 6915 6884
f 6883 6914 6915
f 6884 6916 6885
f 6884 6915 6916
f 6885 6917 6886
f 6885 6916 6917
f 6886 6918 6887
f 6886 6917 6918
f 6887 6919 6888
f 6887 6918 6919
f 6919 5925 5926
f 6889 6919 5926
f 6888 6919 6889
f 6889 5926 5917
f 6890 5927 5919
f 6920 5927 6890
f 5929 6921 5928
f 6921 6922 5928
f 6922 5923 5928
f 6922 6891 5923
f 6893 6923 6892
f 6892 6923 6895
f 6897 6924 6896
f 6896 6924 6898
f 6898 6924 6925
f 6927 6926 6925
f 6926 6898 6925
f 6926 6899 6898
f 6899 6928 6900
f 6899 6926 6928
f 6900 6929 6901
f 6900 6928 6929
f 6901 6930 6902
f 6901 6929 6930
f 6902 6931 6903
f 6902 6930 6931
f 6903 6932 6904
f 6903 6931 6932
f 6904 6933 6905
f 6904 6932 6933
f 6905 6934 6906
f 6905 6933 6934
f 6906 6935 6907
f 6906 6934 6935
f 6907 6936 6908
f 6907 6935 6936
f 6908 6937 6909
f 6908 6936 6937
f 6909 6938 6910
f 6909 6937 6938
f 6910 6939 6911
f 6910 6938 6939
f 6911 6940 6912
f 6911 6939 6940
f 6912 6941 6913
f 6912 6940 6941
f 6913 6942 6914
f 6913 6941 6942
f 6914 6943 6915
f 6914 6942 6943
f 6915 6944 6916
f 6915 6943 6944
f 6916 6945 6917
f 6916 6944 6945
f 6917 6946 6918
f 6917 6945 6946
f 6946 5931 5932
f 6919 6946 5932
f 6918 6946 6919
f 6919 5932 5925
f 6920 5935 5927
f 6947 5935 6920
f 5936 6948 6921
f 5936 6921 5929
f 6922 6921 6949
f 6949 6921 6948
f 6952 6951 6950
f 6950 6953 6952
f 6956 6955 6954
f 6958 6957 6954
f 6954 6957 6956
f 6957 6958 6927
f 6958 6926 6927
f 6958 6959 6926
f 6926 6960 6928
f 6926 6959 6960
f 6928 6961 6929
f 6928 6960 6961
f 6929 6962 6930
f 6929 6961 6962
f 6930 6963 6931
f 6930 6962 6963
f 6931 6964 6932
f 6931 6963 6964
f 6932 6965 6933
f 6932 6964 6965
f 6933 6966 6934
f 6933 6965 6966
f 6934 6967 6935
f 6934 6966 6967
f 6935 6968 6936
f 6935 6967 6968
f 6936 6969 6937
f 6936 6968 6969
f 6937 6970 6938
f 6937 6969 6970
f 6938 6971 6939
f 6938 6970 6971
f 6939 6972 6940
f 6939 6971 6972
f 6940 6973 6941
f 6940 6972 6973
f 6941 6974 6942
f 6941 6973 6974
f 6942 6975 6943
f 6942 6974 6975
f 6943 6976 6944
f 6943 6975 6976
f 6944 6977 6945
f 6944 6976 6977
f 6945 6978 6946
f 6945 6977 6978
f 6979 5937 5931
f 6946 6979 5931
f 6978 6979 6946
f 6979 5939 5937
f 6947 5940 5935
f 6980 5940 6947
f 5941 6981 6948
f 5941 6948 5936
f 6949 6948 6982
f 6982 6948 6981
f 6950 6951 6983
f 6983 6951 6984
f 6953 6950 6985
f 6950 6986 6985
f 6950 6983 6986
f 6985 6986 6955
f 6986 6954 6955
f 6986 6987 6954
f 6954 6988 6958
f 6954 6987 6988
f 6958 6989 6959
f 6958 6988 6989
f 6959 6990 6960
f 6959 6989 6990
f 6960 6991 6961
f 6960 6990 6991
f 6961 6992 6962
f 6961 6991 6992
f 6962 6993 6963
f 6962 6992 6993
f 6963 6994 6964
f 6963 6993 6994
f 6964 6995 6965
f 6964 6994 6995
f 6965 6996 6966
f 6965 6995 6996
f 6966 6997 6967
f 6966 6996 6997
f 6967 6998 6968
f 6967 6997 6998
f 6968 6999 6969
f 6968 6998 6999
f 6969 7000 6970
f 6969 6999 7000
f 6970 7001 6971
f 6970 7000 7001
f 6971 7002 6972
f 6971 7001 7002
f 6972 7003 6973
f 6972 7002 7003
f 6973 7004 6974
f 6973 7003 7004
f 6974 7005 6975
f 6974 7004 7005
f 6975 7006 6976
f 6975 7005 7006
f 6976 7007 6977
f 6976 7006 7007
f 6977 7008 6978
f 6977 7007 7008
f 6978 7009 6979
f 6978 7008 7009
f 7010 5942 5939
f 6979 7010 5939
f 7009 7010 6979
f 7010 5944 5942
f 6980 5945 5940
f 7011 5945 6980
f 5946 7012 6981
f 5946 6981 5941
f 6982 6981 7013
f 7013 6981 7012
f 7016 7015 7014
f 7018 7017 7014
f 7014 7017 7016
f 7017 7018 6984
f 7018 6983 6984
f 7018 7019 6983
f 6983 7020 6986
f 6983 7019 7020
f 6986 7021 6987
f 6986 7020 7021
f 6987 7022 6988
f 6987 7021 7022
f 6988 7023 6989
f 6988 7022 7023
f 6989 7024 6990
f 6989 7023 7024
f 6990 7025 6991
f 6990 7024 7025
f 6991 7026 6992
f 6991 7025 7026
f 6992 7027 6993
f 6992 7026 7027
f 6993 7028 6994
f 6993 7027 7028
f 6994 7029 6995
f 6994 7028 7029
f 7029 5948 5949
f 6996 7029 5949
f 6995 7029 6996
f 6996 5949 5950
f 6996 5950 6997
f 6997 5950 5952
f 6997 5952 6998
f 6998 5952 5954
f 6998 5954 6999
f 6999 5954 5956
f 6999 5956 7000
f 7000 5956 5958
f 7000 5958 7001
f 7001 5958 5960
f 7030 7001 5960
f 7002 7001 7030
f 7030 5962 5963
f 7003 7030 5963
f 7002 7030 7003
f 7003 5963 5964
f 7003 5964 7004
f 7004 5964 5966
f 7004 5966 7005
f 7005 5966 5968
f 7031 7005 5968
f 7006 7005 7031
f 7006 7032 7007
f 7006 7031 7032
f 7032 5970 5971
f 7008 7032 5971
f 7007 7032 7008
f 7008 5971 5972
f 7008 5972 7009
f 7009 5972 5974
f 7009 5974 7010
f 7010 5974 5944
f 7035 7034 7033
f 7011 5976 5945
f 7036 5976 7011
f 5977 7037 7012
f 5977 7012 5946
f 7013 7012 7038
f 7012 7039 7038
f 7012 7037 7039
f 7039 7040 7038
f 7014 7015 7041
f 7041 7015 7042
f 7014 7043 7018
f 7014 7041 7043
f 7018 7044 7019
f 7018 7043 7044
f 7019 7045 7020
f 7019 7044 7045
f 7045 5979 5980
f 7021 7045 5980
f 7020 7045 7021
f 7021 5980 5981
f 7046 7021 5981
f 7022 7021 7046
f 7022 7047 7023
f 7022 7046 7047
f 7023 7048 7024
f 7023 7047 7048
f 7048 5983 5984
f 7025 7048 5984
f 7024 7048 7025
f 7025 5984 5985
f 7049 7025 5985
f 7026 7025 7049
f 7049 5987 5988
f 7027 7049 5988
f 7026 7049 7027
f 7027 5988 5989
f 7050 7027 5989
f 7028 7027 7050
f 7050 5991 5992
f 7029 7050 5992
f 7028 7050 7029
f 7029 5992 5948
f 5997 7030 5960
f 7030 5997 5962
f 6001 7031 5968
f 7031 6001 6003
f 7031 6003 7032
f 7032 6003 5970
f 6008 6009 7035
f 6009 7034 7035
f 6009 7051 7034
f 7036 6010 5976
f 7052 6010 7036
f 6011 7037 5977
f 7037 6011 6013
f 7053 7037 6013
f 7039 7037 7053
f 7040 7039 7054
f 7039 7055 7054
f 7039 7053 7055
f 7055 7056 7054
f 7041 7042 7057
f 7057 7042 7058
f 7057 6015 6016
f 7043 7057 6016
f 7041 7057 7043
f 7043 6016 6017
f 7043 6017 7044
f 7044 6017 6019
f 7044 6019 7045
f 7045 6019 5979
f 6022 7046 5981
f 7046 6022 6024
f 7046 6024 7047
f 7047 6024 6026
f 7047 6026 7048
f 7048 6026 5983
f 6029 7049 5985
f 7049 6029 5987
f 6032 7050 5989
f 7050 6032 5991
f 6040 7060 7059
f 7051 6040 7059
f 6009 6040 7051
f 7052 7059 7060
f 6041 7052 7060
f 6010 7052 6041
f 6042 7061 7053
f 6042 7053 6013
f 7053 7062 7055
f 7053 7061 7062
f 7056 7055 7063
f 7055 7064 7063
f 7055 7062 7064
f 7063 7064 7058
f 7064 7057 7058
f 7064 7065 7057
f 7065 6044 6015
f 7065 6015 7057
f 6053 7060 6040
f 7060 6053 6041
f 6054 7061 6042
f 7061 6054 6055
f 7061 6055 7062
f 7062 6055 6056
f 7062 6056 7064
f 7064 6056 6058
f 7064 6058 7065
f 7065 6058 6044
f 6065 6063 7066
f 7069 7068 7067
f 7070 7069 7067
f 7068 7069 7071
f 7069 6069 7071
f 6065 7066 7071
f 6065 7071 6069
f 6070 6069 7069
f 7070 6070 7069
f 7072 6070 7070
f 6074 7073 6075
f 7073 6077 6075
f 7072 6090 6070
f 7074 6090 7072
f 6092 7075 6093
f 7076 6094 6093
f 7076 6093 7075
f 7073 6074 6094
f 7076 7073 6094
f 7077 7073 7076
f 7078 6095 6077
f 7073 7078 6077
f 7077 7078 7073
f 7078 6097 6095
f 7074 6119 6090
f 7079 6119 7074
f 6122 7080 7075
f 6122 7075 6092
f 7075 7081 7076
f 7075 7080 7081
f 7076 7082 7077
f 7076 7081 7082
f 7077 7083 7078
f 7077 7082 7083
f 7084 6123 6097
f 7078 7084 6097
f 7083 7084 7078
f 7084 6125 6123
f 7087 7086 7085
f 7079 6147 6119
f 7088 6147 7079
f 6149 7089 7080
f 6149 7080 6122
f 7080 7090 7081
f 7080 7089 7090
f 7081 7091 7082
f 7081 7090 7091
f 7082 7092 7083
f 7082 7091 7092
f 7083 7093 7084
f 7083 7092 7093
f 7094 6150 6125
f 7084 7094 6125
f 7093 7094 7084
f 7095 6151 6150
f 7095 6150 7094
f 7095 6153 6151
f 6176 6177 7087
f 6177 7086 7087
f 6177 7096 7086
f 7088 6180 6147
f 7097 6180 7088
f 6182 7098 7089
f 6182 7089 6149
f 7089 7099 7090
f 7089 7098 7099
f 7090 7100 7091
f 7090 7099 7100
f 7091 7101 7092
f 7091 7100 7101
f 7092 7102 7093
f 7092 7101 7102
f 7093 7103 7094
f 7093 7102 7103
f 7094 7104 7095
f 7094 7103 7104
f 7104 6184 6153
f 7104 6153 7095
f 6207 7096 6177
f 6207 7105 7096
f 6208 6180 7106
f 6180 7107 7106
f 6180 7097 7107
f 7106 6209 6208
f 6211 7098 6182
f 7098 6211 6213
f 7108 7098 6213
f 7099 7098 7108
f 7099 7109 7100
f 7099 7108 7109
f 7100 7110 7101
f 7100 7109 7110
f 7101 7111 7102
f 7101 7110 7111
f 7102 7112 7103
f 7102 7111 7112
f 7112 6215 6216
f 7104 7112 6216
f 7103 7112 7104
f 7104 6216 6184
f 6240 7105 6207
f 6240 7113 7105
f 7106 7107 6243
f 7107 6242 6243
f 7107 7114 6242
f 7106 6243 6209
f 6246 7108 6213
f 7108 6246 6248
f 7115 7108 6248
f 7109 7108 7115
f 7109 7116 7110
f 7109 7115 7116
f 7116 6250 6251
f 7111 7116 6251
f 7110 7116 7111
f 7111 6251 6252
f 7111 6252 7112
f 7112 6252 6215
f 6277 7113 6240
f 6277 7117 7113
f 6279 6242 7118
f 6242 7119 7118
f 6242 7114 7119
f 7118 6280 6279
f 6283 7120 6284
f 7115 6248 6284
f 7120 7115 6284
f 7121 7115 7120
f 7115 7122 7116
f 7115 7121 7122
f 7122 6286 6250
f 7122 6250 7116
f 6287 7123 6288
f 7123 6290 6288
f 6312 7117 6277
f 6312 7124 7117
f 7119 7125 7118
f 6280 7118 7125
f 7126 6280 7125
f 6313 6280 7126
f 6316 7127 6317
f 7120 6283 6317
f 7127 7120 6317
f 7128 7120 7127
f 7120 7129 7121
f 7120 7128 7129
f 7121 7130 7122
f 7121 7129 7130
f 7131 6318 6286
f 7122 7131 6286
f 7130 7131 7122
f 7131 6287 6318
f 7131 7123 6287
f 7131 6321 6319
f 7123 7131 6319
f 7123 6319 6290
f 6344 7124 6312
f 6344 7132 7124
f 7135 7134 7133
f 7126 7135 7133
f 6345 7126 7133
f 6313 7126 6345
f 6348 7136 7127
f 6348 7127 6316
f 7127 7137 7128
f 7127 7136 7137
f 7137 6350 6351
f 7129 7137 6351
f 7128 7137 7129
f 7129 6351 6352
f 7138 7129 6352
f 7130 7129 7138
f 7138 6354 6355
f 7131 7138 6355
f 7130 7138 7131
f 7131 6355 6321
f 6379 7132 6344
f 6379 7139 7132
f 7134 7140 7133
f 6345 7133 7140
f 7141 6345 7140
f 6381 6345 7141
f 6383 7142 6384
f 7136 6348 6384
f 7142 7136 6384
f 7143 7136 7142
f 7136 7144 7137
f 7136 7143 7144
f 7145 6385 6350
f 7137 7145 6350
f 7144 7145 7137
f 7138 6352 6385
f 7145 7138 6385
f 7146 7138 7145
f 7146 6387 6354
f 7146 6354 7138
f 6411 7139 6379
f 6411 7147 7139
f 6412 6381 7148
f 6381 7149 7148
f 6381 7141 7149
f 7150 6413 6412
f 7150 6412 7148
f 7150 6414 6413
f 6417 7151 7142
f 6417 7142 6383
f 7142 7152 7143
f 7142 7151 7152
f 7143 7153 7144
f 7143 7152 7153
f 7144 7154 7145
f 7144 7153 7154
f 7145 7155 7146
f 7145 7154 7155
f 7155 6419 6387
f 7155 6387 7146
f 6420 7156 6421
f 7156 6423 6421
f 6445 7147 6411
f 6445 7157 7147
f 7149 7158 7148
f 7160 7159 7158
f 7159 7148 7158
f 7159 7150 7148
f 7161 6447 6414
f 7150 7161 6414
f 7159 7161 7150
f 7161 6448 6447
f 6453 7162 7151
f 6453 7151 6417
f 7151 7163 7152
f 7151 7162 7163
f 7152 7164 7153
f 7152 7163 7164
f 7153 7165 7154
f 7153 7164 7165
f 7154 7166 7155
f 7154 7165 7166
f 7167 6454 6419
f 7155 7167 6419
f 7166 7167 7155
f 7156 6420 6454
f 7167 7156 6454
f 7168 7156 7167
f 7168 6456 6423
f 7168 6423 7156
f 6468 7169 6469
f 7170 6470 6469
f 7170 6469 7169
f 7170 6472 6470
f 6480 7157 6445
f 6480 7171 7157
f 7174 7173 7172
f 7174 7172 7160
f 7172 7159 7160
f 7172 7175 7159
f 7175 6482 6483
f 7161 7175 6483
f 7159 7175 7161
f 7161 6483 6448
f 6488 7176 7162
f 6488 7162 6453
f 7162 7177 7163
f 7162 7176 7177
f 7163 7178 7164
f 7163 7177 7178
f 7164 7179 7165
f 7164 7178 7179
f 7165 7180 7166
f 7165 7179 7180
f 7180 6490 6491
f 7167 7180 6491
f 7166 7180 7167
f 7167 6491 6492
f 7167 6492 7168
f 7168 6492 6456
f 6504 7181 6505
f 6508 7169 6468
f 6506 6505 7181
f 7169 6508 6509
f 7169 6509 7170
f 7170 6509 6472
f 6518 7171 6480
f 6518 7182 7171
f 7172 7173 7183
f 7183 7173 7184
f 7172 7185 7175
f 7172 7183 7185
f 7185 6520 6482
f 7185 6482 7175
f 6527 7186 7176
f 6527 7176 6488
f 7176 7187 7177
f 7176 7186 7187
f 7177 7188 7178
f 7177 7187 7188
f 7178 7189 7179
f 7178 7188 7189
f 7179 7190 7180
f 7179 7189 7190
f 7191 6528 6490
f 7180 7191 6490
f 7190 7191 7180
f 7191 6530 6528
f 6537 7192 6538
f 7193 6539 6538
f 7193 6538 7192
f 6542 7181 6504
f 6540 6539 7193
f 7181 6542 6506
f 7195 7194 6552
f 7194 6518 6552
f 7194 7182 6518
f 7183 7184 7196
f 7196 7184 7197
f 7183 7198 7185
f 7183 7196 7198
f 7198 6554 6520
f 7198 6520 7185
f 6559 7186 6527
f 7186 6559 6561
f 7199 7186 6561
f 7187 7186 7199
f 7187 7200 7188
f 7187 7199 7200
f 7188 7201 7189
f 7188 7200 7201
f 7189 7202 7190
f 7189 7201 7202
f 7202 6563 6564
f 7191 7202 6564
f 7190 7202 7191
f 7203 6564 6566
f 7203 7191 6564
f 7203 6565 6530
f 7191 7203 6530
f 7203 6568 6565
f 6571 7204 6572
f 7204 6574 6572
f 6575 7192 6537
f 7192 6575 6577
f 7192 6577 7193
f 7193 6577 6540
f 6589 6590 7195
f 6590 7194 7195
f 6590 7205 7194
f 7196 7197 7206
f 7206 7197 7207
f 7196 7208 7198
f 7196 7206 7208
f 7209 6592 6554
f 7198 7209 6554
f 7208 7209 7198
f 7209 6593 6592
f 6598 7210 6599
f 7199 6561 6599
f 7210 7199 6599
f 7211 7199 7210
f 7199 7212 7200
f 7199 7211 7212
f 7200 7213 7201
f 7200 7212 7213
f 7201 7214 7202
f 7201 7213 7214
f 7215 6600 6563
f 7202 7215 6563
f 7214 7215 7202
f 7203 6566 6600
f 7215 7203 6600
f 7216 7203 7215
f 7216 6602 6568
f 7216 6568 7203
f 6608 7217 7204
f 6608 7204 6571
f 7218 6609 6574
f 7204 7218 6574
f 7217 7218 7204
f 7219 6610 6609
f 7219 6609 7218
f 7219 6612 6610
f 6613 7220 6614
f 7221 6615 6614
f 7221 6614 7220
f 7222 6616 6615
f 7222 6615 7221
f 7223 6617 6616
f 7223 6616 7222
f 7224 6618 6617
f 7224 6617 7223
f 7224 6620 6618
f 6621 7225 6622
f 7225 6624 6622
f 6590 6628 7205
f 7205 6628 7226
f 7206 7207 7227
f 7227 7207 7228
f 7206 7229 7208
f 7206 7227 7229
f 7208 7230 7209
f 7208 7229 7230
f 7230 6630 6593
f 7230 6593 7209
f 6635 7231 7210
f 6635 7210 6598
f 7210 7232 7211
f 7210 7231 7232
f 7211 7233 7212
f 7211 7232 7233
f 7212 7234 7213
f 7212 7233 7234
f 7213 7235 7214
f 7213 7234 7235
f 7235 6637 6638
f 7215 7235 6638
f 7214 7235 7215
f 7215 6638 6639
f 7215 6639 7216
f 7216 6639 6602
f 6646 7236 7217
f 6646 7217 6608
f 7236 6648 6649
f 7218 7236 6649
f 7217 7236 7218
f 7218 6649 6650
f 7218 6650 7219
f 7219 6650 6612
f 6653 7237 7220
f 6653 7220 6613
f 7237 6655 6656
f 7221 7237 6656
f 7220 7237 7221
f 7221 6656 6657
f 7238 7221 6657
f 7222 7221 7238
f 7238 6659 6660
f 7223 7238 6660
f 7222 7238 7223
f 7223 6660 6661
f 7239 7223 6661
f 7224 7223 7239
f 7239 6663 6620
f 7239 6620 7224
f 6664 7225 6621
f 7225 6664 6624
f 7242 7241 7240
f 7227 7228 7243
f 7243 7228 7244
f 7227 7245 7229
f 7227 7243 7245
f 7229 7246 7230
f 7229 7245 7246
f 7246 6671 6630
f 7246 6630 7230
f 6675 7247 7231
f 6675 7231 6635
f 7231 7248 7232
f 7231 7247 7248
f 7232 7249 7233
f 7232 7248 7249
f 7233 7250 7234
f 7233 7249 7250
f 7234 7251 7235
f 7234 7250 7251
f 7251 6677 6637
f 7251 6637 7235
f 6684 7236 6646
f 7236 6684 6648
f 6687 7252 6688
f 7252 6690 6688
f 6691 7253 7237
f 6691 7237 6653
f 7253 6693 6655
f 7253 6655 7237
f 6694 7254 7238
f 6694 7238 6657
f 7255 6695 6659
f 7238 7255 6659
f 7254 7255 7238
f 7255 6661 6695
f 7255 7239 6661
f 7255 6698 6696
f 7239 7255 6696
f 7239 6696 6663
f 7242 7256 7241
f 7243 7244 7257
f 7257 7244 7258
f 7243 7259 7245
f 7243 7257 7259
f 7259 6706 6707
f 7246 7259 6707
f 7245 7259 7246
f 7246 6707 6671
f 6709 7260 7247
f 6709 7247 6675
f 7247 7261 7248
f 7247 7260 7261
f 7248 7262 7249
f 7248 7261 7262
f 7249 7263 7250
f 7249 7262 7263
f 7263 6711 6712
f 7251 7263 6712
f 7250 7263 7251
f 7251 6712 6677
f 6720 7252 6687
f 7252 6720 6690
f 6723 7264 7253
f 6723 7253 6691
f 7264 6725 6693
f 7264 6693 7253
f 6726 7254 6694
f 7254 6726 6728
f 7254 6728 7255
f 7255 6728 6698
f 7257 7258 6739
f 7258 6738 6739
f 7258 7265 6738
f 7257 6739 6740
f 7257 6740 7259
f 7259 6740 6706
f 6742 7266 7260
f 6742 7260 6709
f 7260 7267 7261
f 7260 7266 7267
f 7261 7268 7262
f 7261 7267 7268
f 7262 7269 7263
f 7262 7268 7269
f 7270 6743 6711
f 7263 7270 6711
f 7269 7270 7263
f 7270 6745 6743
f 6756 7264 6723
f 7264 6756 6725
f 7273 7272 7271
f 7265 7273 7271
f 6770 7265 7271
f 6738 7265 6770
f 6773 7274 7266
f 6773 7266 6742
f 7266 7275 7267
f 7266 7274 7275
f 7267 7276 7268
f 7267 7275 7276
f 7268 7277 7269
f 7268 7276 7277
f 7277 6775 6776
f 7270 7277 6776
f 7269 7277 7270
f 7270 6776 6745
f 7280 7279 7278
f 7271 7272 7281
f 7281 7272 7282
f 7281 6803 6770
f 7281 6770 7271
f 6805 7283 7274
f 6805 7274 6773
f 7274 7284 7275
f 7274 7283 7284
f 7286 7276 7285
f 7276 7284 7285
f 7276 7275 7284
f 7288 7287 7286
f 7287 7276 7286
f 7287 7277 7276
f 7289 6806 6775
f 7277 7289 6775
f 7287 7289 7277
f 7289 6808 6806
f 7280 7290 7279
f 7281 7282 7291
f 7291 7282 7292
f 7291 6831 6803
f 7291 6803 7281
f 6833 7293 7283
f 6833 7283 6805
f 7283 7294 7284
f 7283 7293 7294
f 7285 7284 7295
f 7284 7296 7295
f 7284 7294 7296
f 7295 7296 7288
f 7296 7287 7288
f 7296 7297 7287
f 7287 7298 7289
f 7287 7297 7298
f 7299 6834 6808
f 7289 7299 6808
f 7298 7299 7289
f 7300 6835 6834
f 7300 6834 7299
f 7300 6837 6835
f 7303 7302 7301
f 7305 7304 7292
f 7304 6861 7292
f 6862 7291 7292
f 6862 7292 6861
f 6862 6831 7291
f 7304 7305 7306
f 6864 7307 7293
f 6864 7293 6833
f 7293 7308 7294
f 7293 7307 7308
f 7310 7296 7309
f 7296 7308 7309
f 7296 7294 7308
f 7312 7311 7310
f 7311 7296 7310
f 7311 7297 7296
f 7297 7313 7298
f 7297 7311 7313
f 7298 7314 7299
f 7298 7313 7314
f 7299 7315 7300
f 7299 7314 7315
f 7315 6866 6837
f 7315 6837 7300
f 7303 7316 7302
f 7318 7317 7304
f 7317 6861 7304
f 7317 6890 6861
f 7318 7304 7306
f 6891 7319 7307
f 6891 7307 6864
f 7307 7320 7308
f 7307 7319 7320
f 7309 7308 7321
f 7308 7322 7321
f 7308 7320 7322
f 7321 7322 7312
f 7322 7311 7312
f 7322 7323 7311
f 7311 7324 7313
f 7311 7323 7324
f 7324 6893 6894
f 7314 7324 6894
f 7313 7324 7314
f 7314 6894 6895
f 7325 7314 6895
f 7315 7314 7325
f 7325 6897 6866
f 7325 6866 7315
f 7328 7327 7326
f 7317 6920 6890
f 7329 6920 7317
f 6922 7330 7319
f 6922 7319 6891
f 7319 7331 7320
f 7319 7330 7331
f 7320 7332 7322
f 7320 7331 7332
f 7322 7333 7323
f 7322 7332 7333
f 7323 7334 7324
f 7323 7333 7334
f 7335 6923 6893
f 7324 7335 6893
f 7334 7335 7324
f 7325 6895 6923
f 7335 7325 6923
f 7336 7325 7335
f 7337 6924 6897
f 7325 7337 6897
f 7336 7337 7325
f 7338 6925 6924
f 7338 6924 7337
f 7338 6927 6925
f 7328 7339 7327
f 7329 6947 6920
f 7340 6947 7329
f 6949 7341 7330
f 6949 7330 6922
f 7330 7342 7331
f 7330 7341 7342
f 7331 7343 7332
f 7331 7342 7343
f 7332 7344 7333
f 7332 7343 7344
f 7333 7345 7334
f 7333 7344 7345
f 7345 6951 6952
f 7335 7345 6952
f 7334 7345 7335
f 7335 6952 6953
f 7346 7335 6953
f 7336 7335 7346
f 7346 6955 6956
f 7337 7346 6956
f 7336 7346 7337
f 7337 6956 6957
f 7337 6957 7338
f 7338 6957 6927
f 7340 6980 6947
f 7347 6980 7340
f 6982 7348 7341
f 6982 7341 6949
f 7341 7349 7342
f 7341 7348 7349
f 7342 7350 7343
f 7342 7349 7350
f 7343 7351 7344
f 7343 7350 7351
f 7344 7352 7345
f 7344 7351 7352
f 7352 6984 6951
f 7352 6951 7345
f 6985 7346 6953
f 7346 6985 6955
f 7347 7011 6980
f 7353 7011 7347
f 7013 7354 7348
f 7013 7348 6982
f 7348 7355 7349
f 7348 7354 7355
f 7349 7356 7350
f 7349 7355 7356
f 7356 7015 7016
f 7351 7356 7016
f 7350 7356 7351
f 7351 7016 7017
f 7351 7017 7352
f 7352 7017 6984
f 7033 7034 7357
f 7357 7034 7358
f 7353 7036 7011
f 7359 7036 7353
f 7038 7354 7013
f 7354 7038 7040
f 7360 7354 7040
f 7355 7354 7360
f 7355 7361 7356
f 7355 7360 7361
f 7361 7042 7015
f 7361 7015 7356
f 7051 7358 7034
f 7051 7362 7358
f 7359 7052 7036
f 7363 7052 7359
f 7054 7360 7040
f 7360 7054 7056
f 7364 7360 7056
f 7361 7360 7364
f 7364 7058 7042
f 7364 7042 7361
f 7365 7362 7051
f 7365 7051 7059
f 7059 7052 7363
f 7059 7363 7365
f 7063 7364 7056
f 7364 7063 7058
f 7367 7366 7067
f 7367 7067 7068
f 7070 7067 7366
f 7070 7366 7368
f 7370 7369 7071
f 7369 7068 7071
f 7369 7367 7068
f 7368 7072 7070
f 7371 7072 7368
f 7370 7372 7369
f 7371 7074 7072
f 7373 7074 7371
f 7373 7079 7074
f 7374 7079 7373
f 7086 7375 7085
f 7374 7088 7079
f 7376 7088 7374
f 7375 7086 7377
f 7086 7378 7377
f 7086 7096 7378
f 7376 7097 7088
f 7379 7097 7376
f 7105 7378 7096
f 7105 7380 7378
f 7379 7107 7097
f 7381 7107 7379
f 7113 7380 7105
f 7113 7382 7380
f 7381 7114 7107
f 7383 7114 7381
f 7117 7382 7113
f 7117 7384 7382
f 7383 7119 7114
f 7385 7119 7383
f 7124 7384 7117
f 7124 7386 7384
f 7125 7119 7387
f 7119 7388 7387
f 7119 7385 7388
f 7387 7126 7125
f 7132 7386 7124
f 7132 7389 7386
f 7390 7134 7135
f 7388 7391 7387
f 7392 7387 7391
f 7392 7126 7387
f 7392 7390 7135
f 7126 7392 7135
f 7139 7389 7132
f 7139 7393 7389
f 7395 7140 7394
f 7140 7134 7394
f 7394 7134 7390
f 7396 7394 7390
f 7390 7392 7396
f 7140 7395 7141
f 7147 7393 7139
f 7147 7397 7393
f 7394 7398 7395
f 7141 7395 7398
f 7399 7141 7398
f 7149 7141 7399
f 7157 7397 7147
f 7157 7400 7397
f 7158 7149 7401
f 7149 7402 7401
f 7149 7399 7402
f 7401 7160 7158
f 7404 7400 7403
f 7400 7171 7403
f 7400 7157 7171
f 7401 7402 7174
f 7402 7173 7174
f 7402 7405 7173
f 7401 7174 7160
f 7403 7171 7406
f 7171 7407 7406
f 7171 7182 7407
f 7405 7184 7173
f 7408 7184 7405
f 7410 7407 7409
f 7407 7194 7409
f 7407 7182 7194
f 7408 7197 7184
f 7411 7197 7408
f 7409 7194 7412
f 7194 7413 7412
f 7194 7205 7413
f 7411 7207 7197
f 7414 7207 7411
f 7205 7226 7413
f 7413 7226 7415
f 7414 7228 7207
f 7416 7228 7414
f 7241 7417 7240
f 7420 7419 7418
f 7416 7420 7418
f 7244 7416 7418
f 7228 7416 7244
f 7256 7417 7241
f 7419 7421 7418
f 7244 7418 7421
f 7422 7244 7421
f 7258 7244 7422
f 7422 7265 7258
f 7423 7265 7422
f 7424 7272 7273
f 7425 7424 7273
f 7265 7425 7273
f 7423 7425 7265
f 7279 7426 7278
f 7428 7427 7424
f 7427 7272 7424
f 7427 7282 7272
f 7428 7424 7425
f 7285 7429 7286
f 7429 7288 7286
f 7290 7426 7279
f 7427 7292 7282
f 7430 7292 7427
f 7295 7429 7285
f 7429 7295 7288
f 7301 7302 7431
f 7431 7302 7432
f 7305 7292 7433
f 7292 7434 7433
f 7292 7430 7434
f 7433 7306 7305
f 7309 7435 7310
f 7435 7312 7310
f 7437 7436 7316
f 7436 7302 7316
f 7436 7432 7302
f 7433 7434 7318
f 7434 7317 7318
f 7434 7438 7317
f 7433 7318 7306
f 7321 7435 7309
f 7435 7321 7312
f 7326 7327 7437
f 7327 7436 7437
f 7327 7439 7436
f 7438 7329 7317
f 7440 7329 7438
f 7327 7339 7439
f 7439 7339 7441
f 7440 7340 7329
f 7442 7340 7440
f 7442 7347 7340
f 7443 7347 7442
f 7443 7353 7347
f 7444 7353 7443
f 7358 7445 7357
f 7444 7359 7353
f 7446 7359 7444
f 7362 7447 7358
f 7358 7447 7445
f 7446 7363 7359
f 7448 7363 7446
f 7451 7450 7449
f 7449 7450 7365
f 7450 7447 7365
f 7447 7362 7365
f 7452 7449 7365
f 7363 7452 7365
f 7448 7452 7363
f 7453 7451 7449
f 7453 7449 7452
f 7367 7454 7366
f 7454 7368 7366
f 7369 7455 7454
f 7369 7454 7367
f 7455 7371 7368
f 7455 7368 7454
f 7369 7372 7455
f 7372 7456 7455
f 7372 7457 7456
f 7371 7455 7456
f 7458 7371 7456
f 7373 7371 7458
f 7458 7374 7373
f 7459 7374 7458
f 7459 7376 7374
f 7460 7376 7459
f 7377 7378 7461
f 7461 7378 7462
f 7460 7379 7376
f 7463 7379 7460
f 7380 7462 7378
f 7380 7464 7462
f 7463 7381 7379
f 7465 7381 7463
f 7382 7464 7380
f 7382 7466 7464
f 7465 7383 7381
f 7467 7383 7465
f 7384 7466 7382
f 7384 7468 7466
f 7467 7385 7383
f 7469 7385 7467
f 7386 7468 7384
f 7386 7470 7468
f 7469 7388 7385
f 7471 7388 7469
f 7389 7470 7386
f 7389 7472 7470
f 7391 7388 7473
f 7388 7474 7473
f 7388 7471 7474
f 7473 7392 7391
f 7393 7472 7389
f 7393 7475 7472
f 7473 7474 7396
f 7474 7394 7396
f 7474 7476 7394
f 7473 7396 7392
f 7397 7475 7393
f 7397 7477 7475
f 7398 7394 7478
f 7394 7479 7478
f 7394 7476 7479
f 7478 7399 7398
f 7400 7477 7397
f 7400 7480 7477
f 7478 7479 7481
f 7481 7479 7482
f 7481 7402 7399
f 7481 7399 7478
f 7484 7483 7404
f 7483 7400 7404
f 7483 7480 7400
f 7481 7482 7485
f 7485 7482 7486
f 7485 7405 7402
f 7485 7402 7481
f 7406 7407 7484
f 7407 7483 7484
f 7407 7487 7483
f 7486 7488 7485
f 7405 7485 7488
f 7489 7405 7488
f 7408 7405 7489
f 7491 7490 7410
f 7490 7407 7410
f 7490 7487 7407
f 7494 7493 7492
f 7489 7494 7492
f 7411 7489 7492
f 7408 7489 7411
f 7412 7413 7491
f 7413 7490 7491
f 7413 7495 7490
f 7493 7496 7492
f 7411 7492 7496
f 7497 7411 7496
f 7414 7411 7497
f 7499 7498 7415
f 7498 7413 7415
f 7498 7495 7413
f 7502 7501 7500
f 7497 7502 7500
f 7416 7497 7500
f 7414 7497 7416
f 7499 7503 7498
f 7500 7501 7420
f 7501 7419 7420
f 7501 7504 7419
f 7500 7420 7416
f 7421 7419 7505
f 7419 7506 7505
f 7419 7504 7506
f 7505 7422 7421
f 7505 7506 7507
f 7507 7506 7508
f 7507 7423 7422
f 7507 7422 7505
f 7507 7508 7509
f 7509 7508 7510
f 7509 7425 7423
f 7509 7423 7507
f 7509 7510 7428
f 7510 7427 7428
f 7510 7511 7427
f 7509 7428 7425
f 7511 7430 7427
f 7512 7430 7511
f 7432 7513 7431
f 7512 7434 7430
f 7514 7434 7512
f 7513 7432 7515
f 7432 7516 7515
f 7432 7436 7516
f 7514 7438 7434
f 7517 7438 7514
f 7439 7519 7518
f 7516 7439 7518
f 7436 7439 7516
f 7517 7518 7519
f 7440 7517 7519
f 7438 7517 7440
f 7521 7520 7441
f 7441 7520 7439
f 7520 7522 7439
f 7522 7519 7439
f 7440 7519 7522
f 7523 7440 7522
f 7442 7440 7523
f 7521 7524 7520
f 7523 7443 7442
f 7525 7443 7523
f 7525 7444 7443
f 7526 7444 7525
f 7529 7528 7527
f 7527 7528 7530
f 7526 7528 7529
f 7446 7526 7529
f 7444 7526 7446
f 7532 7529 7531
f 7529 7533 7531
f 7529 7527 7533
f 7446 7529 7532
f 7534 7446 7532
f 7448 7446 7534
f 7450 7451 7533
f 7451 7531 7533
f 7451 7535 7531
f 7534 7452 7448
f 7536 7452 7534
f 7537 7535 7451
f 7537 7451 7453
f 7453 7452 7536
f 7453 7536 7537
f 7540 7539 7538
f 7540 7541 7539
f 7541 7457 7539
f 7541 7456 7457
f 7458 7456 7541
f 7458 7541 7542
f 7542 7459 7458
f 7543 7459 7542
f 7543 7460 7459
f 7544 7460 7543
f 7462 7545 7461
f 7544 7463 7460
f 7546 7463 7544
f 7464 7547 7462
f 7462 7547 7545
f 7546 7465 7463
f 7548 7465 7546
f 7547 7464 7549
f 7464 7550 7549
f 7464 7466 7550
f 7548 7467 7465
f 7551 7467 7548
f 7553 7550 7552
f 7550 7468 7552
f 7550 7466 7468
f 7551 7469 7467
f 7554 7469 7551
f 7552 7468 7555
f 7468 7556 7555
f 7468 7470 7556
f 7554 7471 7469
f 7557 7471 7554
f 7472 7556 7470
f 7472 7558 7556
f 7557 7474 7471
f 7559 7474 7557
f 7475 7558 7472
f 7475 7560 7558
f 7559 7476 7474
f 7561 7476 7559
f 7477 7560 7475
f 7477 7562 7560
f 7561 7479 7476
f 7563 7479 7561
f 7480 7562 7477
f 7480 7564 7562
f 7563 7482 7479
f 7565 7482 7563
f 7483 7564 7480
f 7483 7566 7564
f 7565 7486 7482
f 7567 7486 7565
f 7487 7566 7483
f 7487 7568 7566
f 7488 7486 7569
f 7486 7570 7569
f 7486 7567 7570
f 7569 7489 7488
f 7490 7568 7487
f 7490 7571 7568
f 7569 7570 7494
f 7570 7493 7494
f 7570 7572 7493
f 7569 7494 7489
f 7495 7571 7490
f 7495 7573 7571
f 7496 7493 7574
f 7493 7575 7574
f 7493 7572 7575
f 7574 7497 7496
f 7498 7573 7495
f 7498 7576 7573
f 7574 7575 7502
f 7575 7501 7502
f 7575 7577 7501
f 7574 7502 7497
f 7579 7578 7503
f 7578 7498 7503
f 7578 7576 7498
f 7577 7504 7501
f 7580 7504 7577
f 7579 7581 7578
f 7580 7506 7504
f 7582 7506 7580
f 7585 7584 7583
f 7582 7508 7506
f 7586 7508 7582
f 7585 7587 7584
f 7586 7510 7508
f 7588 7510 7586
f 7591 7590 7589
f 7588 7511 7510
f 7592 7511 7588
f 7591 7593 7590
f 7592 7512 7511
f 7594 7512 7592
f 7597 7596 7595
f 7594 7514 7512
f 7598 7514 7594
f 7600 7599 7516
f 7599 7596 7516
f 7597 7515 7516
f 7597 7516 7596
f 7598 7517 7514
f 7601 7517 7598
f 7602 7600 7516
f 7518 7602 7516
f 7603 7602 7518
f 7518 7517 7601
f 7518 7601 7603
f 7522 7520 7604
f 7605 7522 7604
f 7606 7522 7605
f 7523 7522 7606
f 7523 7606 7607
f 7609 7604 7608
f 7604 7520 7608
f 7524 7610 7608
f 7524 7608 7520
f 7607 7525 7523
f 7611 7525 7607
f 7608 7610 7612
f 7612 7610 7613
f 7611 7526 7525
f 7614 7526 7611
f 7530 7528 7613
f 7528 7615 7613
f 7615 7612 7613
f 7528 7616 7615
f 7617 7616 7528
f 7526 7617 7528
f 7614 7617 7526
f 7615 7619 7618
f 7615 7531 7619
f 7615 7616 7532
f 7531 7615 7532
f 7534 7618 7619
f 7534 7617 7618
f 7534 7532 7616
f 7617 7534 7616
f 7535 7620 7619
f 7535 7619 7531
f 7620 7536 7534
f 7620 7534 7619
f 7537 7620 7535
f 7620 7537 7536
f 7621 7540 7538
f 7621 7622 7540
f 7622 7541 7540
f 7622 7623 7541
f 7542 7541 7623
f 7542 7623 7624
f 7624 7543 7542
f 7625 7543 7624
f 7625 7544 7543
f 7626 7544 7625
f 7626 7546 7544
f 7627 7546 7626
f 7627 7548 7546
f 7628 7548 7627
f 7550 7629 7549
f 7628 7551 7548
f 7630 7551 7628
f 7553 7629 7550
f 7630 7554 7551
f 7631 7554 7630
f 7556 7632 7555
f 7631 7557 7554
f 7633 7557 7631
f 7558 7634 7556
f 7556 7634 7632
f 7633 7559 7557
f 7635 7559 7633
f 7634 7558 7636
f 7558 7637 7636
f 7558 7560 7637
f 7635 7561 7559
f 7638 7561 7635
f 7562 7637 7560
f 7562 7639 7637
f 7638 7563 7561
f 7640 7563 7638
f 7564 7639 7562
f 7564 7641 7639
f 7640 7565 7563
f 7642 7565 7640
f 7566 7641 7564
f 7566 7643 7641
f 7642 7567 7565
f 7644 7567 7642
f 7568 7643 7566
f 7568 7645 7643
f 7644 7570 7567
f 7646 7570 7644
f 7571 7645 7568
f 7571 7647 7645
f 7646 7572 7570
f 7648 7572 7646
f 7573 7647 7571
f 7573 7649 7647
f 7648 7575 7572
f 7650 7575 7648
f 7576 7649 7573
f 7576 7651 7649
f 7650 7577 7575
f 7652 7577 7650
f 7578 7651 7576
f 7578 7653 7651
f 7652 7580 7577
f 7654 7580 7652
f 7656 7655 7581
f 7655 7578 7581
f 7655 7653 7578
f 7654 7582 7580
f 7657 7582 7654
f 7659 7658 7584
f 7658 7655 7584
f 7656 7583 7584
f 7656 7584 7655
f 7657 7586 7582
f 7660 7586 7657
f 7587 7659 7584
f 7660 7588 7586
f 7661 7588 7660
f 7589 7590 7662
f 7662 7590 7663
f 7661 7592 7588
f 7664 7592 7661
f 7590 7593 7663
f 7663 7593 7665
f 7664 7594 7592
f 7666 7594 7664
f 7595 7596 7667
f 7667 7596 7668
f 7666 7598 7594
f 7669 7598 7666
f 7671 7670 7599
f 7670 7596 7599
f 7670 7668 7596
f 7669 7601 7598
f 7672 7601 7669
f 7673 7670 7671
f 7602 7673 7671
f 7603 7673 7602
f 7603 7601 7672
f 7603 7672 7673
f 7605 7675 7674
f 7676 7605 7674
f 7606 7605 7676
f 7607 7606 7676
f 7607 7676 7677
f 7679 7678 7608
f 7608 7678 7609
f 7678 7674 7609
f 7674 7675 7609
f 7677 7678 7679
f 7611 7677 7679
f 7607 7677 7611
f 7681 7680 7679
f 7608 7681 7679
f 7612 7681 7608
f 7611 7679 7680
f 7682 7611 7680
f 7614 7611 7682
f 7615 7684 7683
f 7681 7615 7683
f 7612 7615 7681
f 7682 7683 7684
f 7617 7682 7684
f 7614 7682 7617
f 7618 7684 7615
f 7684 7618 7617
f 7622 7685 7623
f 7686 7685 7622
f 7624 7623 7685
f 7624 7685 7687
f 7687 7625 7624
f 7688 7625 7687
f 7688 7626 7625
f 7689 7626 7688
f 7689 7627 7626
f 7690 7627 7689
f 7690 7628 7627
f 7691 7628 7690
f 7691 7630 7628
f 7692 7630 7691
f 7692 7631 7630
f 7693 7631 7692
f 7693 7633 7631
f 7694 7633 7693
f 7694 7635 7633
f 7695 7635 7694
f 7636 7637 7696
f 7696 7637 7697
f 7695 7638 7635
f 7698 7638 7695
f 7639 7697 7637
f 7639 7699 7697
f 7698 7640 7638
f 7700 7640 7698
f 7641 7699 7639
f 7641 7701 7699
f 7700 7642 7640
f 7702 7642 7700
f 7643 7701 7641
f 7643 7703 7701
f 7702 7644 7642
f 7704 7644 7702
f 7645 7703 7643
f 7645 7705 7703
f 7704 7646 7644
f 7706 7646 7704
f 7647 7705 7645
f 7647 7707 7705
f 7706 7648 7646
f 7708 7648 7706
f 7649 7707 7647
f 7649 7709 7707
f 7708 7650 7648
f 7710 7650 7708
f 7651 7709 7649
f 7651 7711 7709
f 7710 7652 7650
f 7712 7652 7710
f 7653 7711 7651
f 7653 7713 7711
f 7712 7654 7652
f 7714 7654 7712
f 7655 7713 7653
f 7655 7715 7713
f 7714 7657 7654
f 7716 7657 7714
f 7718 7717 7658
f 7717 7655 7658
f 7717 7715 7655
f 7716 7660 7657
f 7719 7660 7716
f 7718 7720 7717
f 7719 7661 7660
f 7721 7661 7719
f 7663 7722 7662
f 7721 7664 7661
f 7723 7664 7721
f 7665 7722 7663
f 7723 7666 7664
f 7724 7666 7723
f 7667 7668 7725
f 7725 7668 7726
f 7724 7669 7666
f 7727 7669 7724
f 7670 7726 7668
f 7670 7728 7726
f 7727 7672 7669
f 7729 7672 7727
f 7670 7673 7730
f 7731 7670 7730
f 7728 7670 7731
f 7732 7730 7673
f 7672 7732 7673
f 7729 7732 7672
f 7731 7730 7676
f 7674 7731 7676
f 7733 7731 7674
f 7677 7676 7730
f 7732 7677 7730
f 7734 7677 7732
f 7735 7733 7674
f 7735 7674 7678
f 7678 7677 7734
f 7678 7734 7735
f 7681 7736 7680
f 7736 7682 7680
f 7683 7736 7681
f 7736 7683 7682
f 7737 7685 7686
f 7737 7686 7738
f 7737 7687 7685
f 7741 7740 7739
f 7740 7738 7739
f 7740 7737 7738
f 7740 7688 7687
f 7740 7687 7737
f 7741 7742 7740
f 7688 7740 7742
f 7743 7688 7742
f 7689 7688 7743
f 7743 7690 7689
f 7744 7690 7743
f 7744 7691 7690
f 7745 7691 7744
f 7745 7692 7691
f 7746 7692 7745
f 7746 7693 7692
f 7747 7693 7746
f 7747 7694 7693
f 7748 7694 7747
f 7748 7695 7694
f 7749 7695 7748
f 7697 7750 7696
f 7749 7698 7695
f 7751 7698 7749
f 7699 7752 7697
f 7697 7752 7750
f 7751 7700 7698
f 7753 7700 7751
f 7701 7754 7699
f 7699 7754 7752
f 7753 7702 7700
f 7755 7702 7753
f 7754 7701 7756
f 7701 7757 7756
f 7701 7703 7757
f 7755 7704 7702
f 7758 7704 7755
f 7705 7757 7703
f 7705 7759 7757
f 7758 7706 7704
f 7760 7706 7758
f 7707 7759 7705
f 7707 7761 7759
f 7760 7708 7706
f 7762 7708 7760
f 7709 7761 7707
f 7709 7763 7761
f 7762 7710 7708
f 7764 7710 7762
f 7711 7763 7709
f 7711 7765 7763
f 7764 7712 7710
f 7766 7712 7764
f 7713 7765 7711
f 7713 7767 7765
f 7766 7714 7712
f 7768 7714 7766
f 7715 7767 7713
f 7715 7769 7767
f 7768 7716 7714
f 7770 7716 7768
f 7772 7769 7771
f 7769 7717 7771
f 7769 7715 7717
f 7770 7719 7716
f 7773 7719 7770
f 7771 7717 7720
f 7776 7775 7774
f 7773 7721 7719
f 7777 7721 7773
f 7776 7774 7778
f 7774 7779 7778
f 7774 7780 7779
f 7777 7778 7779
f 7723 7777 7779
f 7721 7777 7723
f 7780 7781 7779
f 7779 7781 7782
f 7723 7779 7782
f 7783 7723 7782
f 7724 7723 7783
f 7726 7784 7725
f 7783 7727 7724
f 7785 7727 7783
f 7784 7726 7786
f 7726 7787 7786
f 7726 7728 7787
f 7785 7729 7727
f 7788 7729 7785
f 7731 7790 7789
f 7787 7731 7789
f 7728 7731 7787
f 7788 7789 7790
f 7732 7788 7790
f 7729 7788 7732
f 7792 7791 7790
f 7731 7792 7790
f 7733 7792 7731
f 7732 7790 7791
f 7793 7732 7791
f 7734 7732 7793
f 7794 7792 7733
f 7794 7733 7735
f 7735 7734 7793
f 7735 7793 7794
f 7795 7741 7739
f 7798 7797 7796
f 7798 7796 7742
f 7795 7798 7742
f 7741 7795 7742
f 7796 7743 7742
f 7801 7800 7799
f 7800 7796 7799
f 7797 7802 7799
f 7797 7799 7796
f 7743 7796 7800
f 7803 7743 7800
f 7744 7743 7803
f 7799 7804 7801
f 7803 7745 7744
f 7805 7745 7803
f 7808 7807 7806
f 7805 7746 7745
f 7809 7746 7805
f 7808 7810 7807
f 7809 7747 7746
f 7811 7747 7809
f 7811 7748 7747
f 7812 7748 7811
f 7812 7749 7748
f 7813 7749 7812
f 7813 7751 7749
f 7814 7751 7813
f 7814 7753 7751
f 7815 7753 7814
f 7815 7755 7753
f 7816 7755 7815
f 7757 7817 7756
f 7816 7758 7755
f 7818 7758 7816
f 7817 7757 7819
f 7757 7820 7819
f 7757 7759 7820
f 7818 7760 7758
f 7821 7760 7818
f 7823 7820 7822
f 7820 7761 7822
f 7820 7759 7761
f 7821 7762 7760
f 7824 7762 7821
f 7822 7761 7825
f 7761 7826 7825
f 7761 7763 7826
f 7824 7764 7762
f 7827 7764 7824
f 7829 7826 7828
f 7826 7765 7828
f 7826 7763 7765
f 7827 7766 7764
f 7830 7766 7827
f 7828 7765 7831
f 7765 7832 7831
f 7765 7767 7832
f 7830 7768 7766
f 7833 7768 7830
f 7835 7832 7834
f 7832 7769 7834
f 7832 7767 7769
f 7833 7770 7768
f 7836 7770 7833
f 7834 7769 7772
f 7839 7838 7837
f 7836 7773 7770
f 7840 7773 7836
f 7841 7839 7837
f 7776 7842 7775
f 7840 7777 7773
f 7843 7777 7840
f 7846 7845 7844
f 7844 7845 7778
f 7845 7842 7778
f 7842 7776 7778
f 7847 7844 7778
f 7777 7847 7778
f 7843 7847 7777
f 7844 7782 7846
f 7782 7848 7846
f 7782 7781 7848
f 7783 7782 7844
f 7847 7783 7844
f 7849 7783 7847
f 7852 7851 7850
f 7849 7785 7783
f 7853 7785 7849
f 7786 7787 7852
f 7787 7851 7852
f 7787 7854 7851
f 7853 7788 7785
f 7855 7788 7853
f 7856 7854 7787
f 7856 7787 7789
f 7789 7788 7855
f 7789 7855 7856
f 7858 7857 7791
f 7858 7791 7792
f 7793 7791 7857
f 7793 7857 7859
f 7860 7858 7792
f 7860 7792 7794
f 7794 7793 7859
f 7794 7859 7860
f 7861 7797 7798
f 7797 7861 7802
f 7800 7801 7862
f 7862 7803 7800
f 7862 7801 7804
f 7863 7862 7804
f 7864 7862 7863
f 7864 7805 7803
f 7864 7803 7862
f 7863 7806 7807
f 7865 7863 7807
f 7864 7863 7865
f 7865 7809 7805
f 7865 7805 7864
f 7867 7866 7810
f 7810 7866 7807
f 7866 7868 7807
f 7868 7865 7807
f 7809 7865 7868
f 7869 7809 7868
f 7811 7809 7869
f 7866 7867 7870
f 7870 7867 7871
f 7869 7812 7811
f 7872 7812 7869
f 7871 7873 7870
f 7872 7813 7812
f 7874 7813 7872
f 7877 7876 7875
f 7874 7814 7813
f 7878 7814 7874
f 7877 7879 7876
f 7878 7815 7814
f 7880 7815 7878
f 7880 7816 7815
f 7881 7816 7880
f 7881 7818 7816
f 7882 7818 7881
f 7819 7820 7883
f 7883 7820 7884
f 7882 7821 7818
f 7885 7821 7882
f 7820 7823 7884
f 7884 7823 7886
f 7885 7824 7821
f 7887 7824 7885
f 7825 7826 7888
f 7888 7826 7889
f 7887 7827 7824
f 7890 7827 7887
f 7826 7829 7889
f 7889 7829 7891
f 7890 7830 7827
f 7892 7830 7890
f 7831 7832 7893
f 7893 7832 7894
f 7892 7833 7830
f 7895 7833 7892
f 7832 7835 7894
f 7894 7835 7896
f 7895 7836 7833
f 7897 7836 7895
f 7838 7839 7898
f 7898 7839 7899
f 7897 7840 7836
f 7900 7840 7897
f 7902 7901 7841
f 7901 7839 7841
f 7901 7899 7839
f 7900 7843 7840
f 7903 7843 7900
f 7905 7904 7846
f 7846 7904 7845
f 7904 7901 7845
f 7901 7902 7845
f 7903 7904 7905
f 7847 7903 7905
f 7843 7903 7847
f 7907 7906 7848
f 7848 7906 7846
f 7906 7908 7846
f 7908 7905 7846
f 7847 7905 7908
f 7909 7847 7908
f 7849 7847 7909
f 7911 7910 7851
f 7851 7910 7850
f 7910 7906 7850
f 7906 7907 7850
f 7909 7910 7911
f 7853 7909 7911
f 7849 7909 7853
f 7913 7912 7911
f 7851 7913 7911
f 7854 7913 7851
f 7853 7911 7912
f 7914 7853 7912
f 7855 7853 7914
f 7915 7913 7854
f 7915 7854 7856
f 7856 7855 7914
f 7856 7914 7915
f 7858 7916 7857
f 7916 7859 7857
f 7860 7916 7858
f 7916 7860 7859
f 7866 7917 7868
f 7917 7869 7868
f 7870 7918 7917
f 7870 7917 7866
f 7918 7872 7869
f 7918 7869 7917
f 7920 7919 7873
f 7873 7919 7870
f 7919 7921 7870
f 7921 7918 7870
f 7872 7918 7921
f 7922 7872 7921
f 7874 7872 7922
f 7875 7876 7920
f 7876 7919 7920
f 7876 7923 7919
f 7922 7878 7874
f 7924 7878 7922
f 7876 7879 7923
f 7923 7879 7925
f 7924 7880 7878
f 7926 7880 7924
f 7929 7928 7927
f 7926 7881 7880
f 7930 7881 7926
f 7928 7929 7931
f 7931 7929 7932
f 7930 7882 7881
f 7933 7882 7930
f 7883 7884 7932
f 7884 7931 7932
f 7884 7934 7931
f 7933 7885 7882
f 7935 7885 7933
f 7937 7936 7886
f 7936 7884 7886
f 7936 7934 7884
f 7935 7887 7885
f 7938 7887 7935
f 7888 7889 7937
f 7889 7936 7937
f 7889 7939 7936
f 7938 7890 7887
f 7940 7890 7938
f 7942 7941 7891
f 7941 7889 7891
f 7941 7939 7889
f 7940 7892 7890
f 7943 7892 7940
f 7893 7894 7942
f 7894 7941 7942
f 7894 7944 7941
f 7943 7895 7892
f 7945 7895 7943
f 7947 7946 7896
f 7946 7894 7896
f 7946 7944 7894
f 7945 7897 7895
f 7948 7897 7945
f 7898 7899 7947
f 7899 7946 7947
f 7899 7949 7946
f 7948 7900 7897
f 7950 7900 7948
f 7901 7949 7899
f 7901 7951 7949
f 7950 7903 7900
f 7952 7903 7950
f 7953 7951 7901
f 7953 7901 7904
f 7904 7903 7952
f 7904 7952 7953
f 7906 7954 7908
f 7954 7909 7908
f 7910 7954 7906
f 7954 7910 7909
f 7913 7955 7912
f 7955 7914 7912
f 7915 7955 7913
f 7955 7915 7914
f 7919 7956 7921
f 7956 7922 7921
f 7923 7957 7956
f 7923 7956 7919
f 7957 7924 7922
f 7957 7922 7956
f 7957 7923 7925
f 7958 7957 7925
f 7959 7957 7958
f 7959 7926 7924
f 7959 7924 7957
f 7958 7927 7928
f 7960 7958 7928
f 7959 7958 7960
f 7960 7930 7926
f 7960 7926 7959
f 7962 7961 7960
f 7928 7962 7960
f 7931 7962 7928
f 7930 7960 7961
f 7963 7930 7961
f 7933 7930 7963
f 7934 7965 7964
f 7962 7934 7964
f 7931 7934 7962
f 7963 7964 7965
f 7935 7963 7965
f 7933 7963 7935
f 7967 7966 7965
f 7934 7967 7965
f 7936 7967 7934
f 7935 7965 7966
f 7968 7935 7966
f 7938 7935 7968
f 7939 7967 7936
f 7939 7969 7967
f 7968 7940 7938
f 7970 7940 7968
f 7941 7969 7939
f 7941 7971 7969
f 7970 7943 7940
f 7972 7943 7970
f 7944 7974 7973
f 7971 7944 7973
f 7941 7944 7971
f 7972 7973 7974
f 7945 7972 7974
f 7943 7972 7945
f 7946 7975 7974
f 7946 7974 7944
f 7975 7948 7945
f 7975 7945 7974
f 7949 7976 7975
f 7949 7975 7946
f 7976 7950 7948
f 7976 7948 7975
f 7951 7977 7976
f 7951 7976 7949
f 7977 7952 7950
f 7977 7950 7976
f 7953 7977 7951
f 7977 7953 7952
f 7962 7978 7961
f 7978 7963 7961
f 7964 7978 7962
f 7978 7964 7963
f 7980 7979 7966
f 7980 7966 7967
f 7968 7966 7979
f 7968 7979 7981
f 7969 7980 7967
f 7969 7982 7980
f 7981 7970 7968
f 7983 7970 7981
f 7971 7982 7969
f 7971 7984 7982
f 7983 7972 7970
f 7985 7972 7983
f 7986 7984 7971
f 7986 7971 7973
f 7973 7972 7985
f 7973 7985 7986
f 7980 7987 7979
f 7987 7981 7979
f 7982 7988 7987
f 7982 7987 7980
f 7988 7983 7981
f 7988 7981 7987
f 7984 7989 7988
f 7984 7988 7982
f 7989 7985 7983
f 7989 7983 7988
f 7986 7989 7984
f 7989 7986 7985

