# https://github.com/mikedh/trimesh
v 5.98452377 1.00000000 18.00000000
v 6.00000000 0.98222101 18.00000000
v 6.00000000 1.00000000 17.94421577
v 6.00000000 1.00000000 18.10873032
v 5.84794998 1.00000000 24.00000000
v 6.00000000 0.82215703 24.00000000
v 6.00000000 1.00000000 23.49841881
v 5.91329956 1.00000000 25.00000000
v 6.00000000 0.89134061 25.00000000
v 5.97820520 1.00000000 26.00000000
v 6.00000000 0.96942413 26.00000000
v 6.00000000 1.00000000 26.09261513
v 5.93555212 2.00000000 9.00000000
v 6.00000000 1.71195006 9.00000000
v 6.00000000 2.00000000 8.84065533
v 5.93329430 2.00000000 10.00000000
v 6.00000000 1.67069054 10.00000000
v 6.00000000 2.00000000 10.45049763
v 5.96830797 2.00000000 12.00000000
v 6.00000000 1.91416240 12.00000000
v 6.00000000 2.00000000 11.75000381
v 5.81693506 2.00000000 13.00000000
v 6.00000000 1.62844682 13.00000000
v 5.95100021 2.00000000 14.00000000
v 6.00000000 1.88518512 14.00000000
v 6.00000000 2.00000000 14.22905445
v 5.96323490 2.00000000 17.00000000
v 6.00000000 1.87722373 17.00000000
v 6.00000000 2.00000000 16.56850624
v 5.82518101 2.00000000 18.00000000
v 6.00000000 1.79122818 19.00000000
v 5.96763229 2.00000000 19.00000000
v 6.00000000 2.00000000 19.28940582
v 5.99134588 2.00000000 21.00000000
v 6.00000000 1.97065783 21.00000000
v 6.00000000 2.00000000 20.91363525
v 5.86743975 2.00000000 22.00000000
v 6.00000000 1.66746461 22.00000000
v 5.72863245 2.00000000 23.00000000
v 6.00000000 1.36298478 23.00000000
v 5.54737568 2.00000000 24.00000000
v 5.66284561 2.00000000 25.00000000
v 5.91135883 2.00000000 26.00000000
v 6.00000000 2.00000000 26.37089157
v 6.00000000 2.84891677 9.00000000
v 6.00000000 2.67189574 10.00000000
v 6.00000000 2.13837600 12.00000000
v 6.00000000 3.00000000 12.85033417
v 5.95463037 3.00000000 13.00000000
v 5.95707703 3.00000000 14.00000000
v 6.00000000 3.00000000 14.14419174
v 6.00000000 2.26502395 17.00000000
v 6.00000000 3.00000000 17.54599762
v 5.91437817 3.00000000 18.00000000
v 6.00000000 3.00000000 18.37651253
v 6.00000000 2.19295669 19.00000000
v 5.95325089 3.00000000 21.00000000
v 6.00000000 3.00000000 20.86303711
v 5.75741673 3.00000000 22.00000000
v 5.61048746 3.00000000 23.00000000
v 5.47192287 3.00000000 24.00000000
v 5.72655725 3.00000000 25.00000000
v 5.95175982 3.00000000 26.00000000
v 6.00000000 3.00000000 26.21971893
v 5.96506166 4.00000000 13.00000000
v 6.00000000 4.00000000 12.92927170
v 6.00000000 4.00000000 13.62761402
v 6.00000000 3.74813032 14.00000000
v 5.96513796 4.00000000 17.00000000
v 6.00000000 3.76964641 17.00000000
v 6.00000000 4.00000000 16.79043007
v 5.89626932 4.00000000 18.00000000
v 6.00000000 3.73855138 19.00000000
v 5.95229816 4.00000000 19.00000000
v 6.00000000 4.00000000 19.17867661
v 5.88876247 4.00000000 21.00000000
v 6.00000000 4.00000000 20.69500160
v 5.80587053 4.00000000 22.00000000
v 5.68717527 4.00000000 23.00000000
v 5.59636307 4.00000000 24.00000000
v 5.81911945 4.00000000 25.00000000
v 6.00000000 4.00000000 25.44810295
v 6.00000000 3.18073082 26.00000000
v 6.00000000 4.11918592 13.00000000
v 6.00000000 4.27348423 17.00000000
v 6.00000000 4.85827017 18.00000000
v 6.00000000 5.00000000 18.15403748
v 5.86696959 5.00000000 19.00000000
v 6.00000000 5.00000000 19.44615173
v 6.00000000 4.68898916 21.00000000
v 6.00000000 5.00000000 21.35341835
v 5.87987185 5.00000000 22.00000000
v 5.95327902 5.00000000 23.00000000
v 5.91974545 5.00000000 24.00000000
v 6.00000000 5.00000000 24.27883339
v 6.00000000 4.57016706 25.00000000
v 6.00000000 5.34181070 19.00000000
v 5.85291624 6.00000000 22.00000000
v 6.00000000 6.00000000 21.08923721
v 5.89043665 6.00000000 23.00000000
v 6.00000000 6.00000000 23.58120346
v 6.00000000 5.48936415 24.00000000
v 5.87968731 7.00000000 21.00000000
v 6.00000000 6.10423183 21.00000000
v 6.00000000 7.00000000 20.83528709
v 5.53571796 7.00000000 22.00000000
v 5.58590221 7.00000000 23.00000000
v 6.00000000 6.68033504 24.00000000
v 5.95808363 7.00000000 24.00000000
v 6.00000000 7.00000000 24.06184578
v 5.70295429 8.00000000 21.00000000
v 6.00000000 8.00000000 20.38986206
v 5.37139273 8.00000000 22.00000000
v 5.38788366 8.00000000 23.00000000
v 5.62454844 8.00000000 24.00000000
v 6.00000000 8.00000000 24.55023956
v 6.00000000 8.97358131 21.00000000
v 6.00000000 9.00000000 21.01956749
v 5.66098404 9.00000000 22.00000000
v 5.73141289 9.00000000 23.00000000
v 5.78810835 9.00000000 24.00000000
v 6.00000000 9.00000000 24.36733055
v 6.00000000 9.93598843 22.00000000
v 6.00000000 10.00000000 22.17044258
v 5.89088535 10.00000000 23.00000000
v 5.94552517 10.00000000 24.00000000
v 6.00000000 10.00000000 24.14491463
v 6.00000000 10.15133286 23.00000000
v 6.00000000 10.09600925 24.00000000
v 5.54665852 17.00000000 8.00000000
v 6.00000000 16.31899261 8.00000000
v 6.00000000 17.00000000 7.85617304
v 5.80909395 17.00000000 9.00000000
v 6.00000000 16.78966331 9.00000000
v 6.00000000 17.00000000 9.05069923
v 5.62576771 18.00000000 8.00000000
v 6.00000000 18.00000000 7.75928307
v 5.40716791 18.00000000 9.00000000
v 6.00000000 18.00000000 9.19322491
v 5.73983622 19.00000000 8.00000000
v 6.00000000 19.00000000 7.84346485
v 5.68032742 19.00000000 9.00000000
v 6.00000000 19.00000000 9.13990784
v 5.77457190 20.00000000 8.00000000
v 6.00000000 20.00000000 7.84101677
v 5.32976770 20.00000000 9.00000000
v 6.00000000 20.00000000 9.26470757
v 5.73240042 21.00000000 8.00000000
v 6.00000000 21.00000000 7.79833317
v 5.56385231 21.00000000 9.00000000
v 6.00000000 21.00000000 9.25593662
v 6.00000000 21.69699669 8.00000000
v 6.00000000 21.74297523 9.00000000
v 5.93514919 30.00000000 22.00000000
v 6.00000000 29.62024879 22.00000000
v 6.00000000 30.00000000 21.40080833
v 6.00000000 30.00000000 22.90398407
v 5.88787889 30.00000000 24.00000000
v 6.00000000 29.55591774 24.00000000
v 6.00000000 30.00000000 23.07524681
v 5.98879671 30.00000000 25.00000000
v 6.00000000 29.95182037 25.00000000
v 6.00000000 30.00000000 25.08452225
v 6.00000000 30.22419548 22.00000000
v 6.00000000 30.32814980 24.00000000
v 6.00000000 30.04525757 25.00000000
v 5.88426113 43.00000000 9.00000000
v 6.00000000 42.85988998 9.00000000
v 6.00000000 43.00000000 8.84238434
v 5.67562437 43.00000000 10.00000000
v 6.00000000 42.72348404 10.00000000
v 6.00000000 43.00000000 10.77149963
v 5.90331459 43.00000000 15.00000000
v 6.00000000 42.70095062 15.00000000
v 6.00000000 43.00000000 14.24444580
v 5.87256193 43.00000000 16.00000000
v 6.00000000 42.57799149 16.00000000
v 5.63017178 43.00000000 17.00000000
v 6.00000000 42.10897827 17.00000000
v 5.51672554 43.00000000 18.00000000
v 6.00000000 42.32945633 18.00000000
v 5.77987194 43.00000000 19.00000000
v 6.00000000 42.64179993 19.00000000
v 5.78578615 43.00000000 20.00000000
v 6.00000000 42.68519592 20.00000000
v 5.98750496 43.00000000 21.00000000
v 6.00000000 42.97679520 21.00000000
v 5.88073015 43.00000000 22.00000000
v 6.00000000 42.84923935 22.00000000
v 5.88137150 43.00000000 23.00000000
v 6.00000000 42.78475571 23.00000000
v 5.83298254 43.00000000 24.00000000
v 6.00000000 42.66210175 24.00000000
v 6.00000000 43.00000000 24.33512497
v 5.78553867 44.00000000 9.00000000
v 6.00000000 44.00000000 8.73043060
v 5.62503910 44.00000000 10.00000000
v 6.00000000 43.39445114 11.00000000
v 5.84705925 44.00000000 11.00000000
v 6.00000000 44.00000000 11.70043755
v 5.78367281 44.00000000 15.00000000
v 6.00000000 44.00000000 14.18015003
v 5.77612400 44.00000000 16.00000000
v 5.52699280 44.00000000 17.00000000
v 5.42995119 44.00000000 18.00000000
v 5.51185846 44.00000000 19.00000000
v 5.64833212 44.00000000 20.00000000
v 5.82997322 44.00000000 21.00000000
v 5.79799414 44.00000000 22.00000000
v 5.66316032 44.00000000 23.00000000
v 5.71943235 44.00000000 24.00000000
v 6.00000000 44.00000000 24.52757072
v 5.97431326 45.00000000 9.00000000
v 6.00000000 45.00000000 8.97447205
v 5.63285732 45.00000000 10.00000000
v 5.72846842 45.00000000 11.00000000
v 6.00000000 45.00000000 11.94661713
v 5.84443045 45.00000000 14.00000000
v 6.00000000 44.27901840 14.00000000
v 6.00000000 45.00000000 13.47248268
v 5.78874779 45.00000000 15.00000000
v 5.95545292 45.00000000 16.00000000
v 5.57064819 45.00000000 17.00000000
v 5.24122524 45.00000000 18.00000000
v 5.33052683 45.00000000 19.00000000
v 5.53225374 45.00000000 20.00000000
v 5.66946030 45.00000000 21.00000000
v 5.60564089 45.00000000 22.00000000
v 5.63913631 45.00000000 23.00000000
v 5.82121277 45.00000000 24.00000000
v 6.00000000 45.00000000 24.61076736
v 5.98560715 45.00000000 26.00000000
v 6.00000000 44.96422958 26.00000000
v 6.00000000 45.00000000 25.90731239
v 5.92083073 45.00000000 27.00000000
v 6.00000000 44.76711655 27.00000000
v 6.00000000 45.00000000 27.35126877
v 6.00000000 45.04475021 9.00000000
v 6.00000000 46.00000000 9.97068501
v 5.98566914 46.00000000 10.00000000
v 6.00000000 46.00000000 10.76016998
v 6.00000000 45.98286057 11.00000000
v 6.00000000 45.56246567 14.00000000
v 6.00000000 45.66899109 15.00000000
v 6.00000000 45.22181320 16.00000000
v 6.00000000 46.00000000 16.55249405
v 5.85764933 46.00000000 17.00000000
v 5.54771900 46.00000000 18.00000000
v 5.58161736 46.00000000 19.00000000
v 5.76915979 46.00000000 20.00000000
v 5.88825798 46.00000000 21.00000000
v 5.86667728 46.00000000 22.00000000
v 5.98219538 46.00000000 23.00000000
v 6.00000000 46.00000000 23.37167168
v 6.00000000 45.84115982 24.00000000
v 6.00000000 45.07980347 26.00000000
v 6.00000000 45.53804398 27.00000000
v 6.00000000 46.01898956 10.00000000
v 6.00000000 46.20701599 17.00000000
v 6.00000000 46.60017014 18.00000000
v 6.00000000 46.63489914 19.00000000
v 6.00000000 46.38535690 20.00000000
v 6.00000000 46.23593521 21.00000000
v 6.00000000 46.22877502 22.00000000
v 6.00000000 46.03392410 23.00000000
v 6.69921684 1.00000000 8.00000000
v 7.00000000 0.67783767 8.00000000
v 7.00000000 1.00000000 7.46249294
v 6.25440884 1.00000000 9.00000000
v 7.00000000 0.53611016 9.00000000
v 6.21623135 1.00000000 10.00000000
v 7.00000000 0.53382671 10.00000000
v 6.51850891 1.00000000 11.00000000
v 7.00000000 0.75026256 11.00000000
v 6.76094961 1.00000000 12.00000000
v 7.00000000 0.90295815 12.00000000
v 6.81726027 1.00000000 13.00000000
v 7.00000000 0.94077581 13.00000000
v 6.84373951 1.00000000 14.00000000
v 7.00000000 0.91341287 14.00000000
v 6.85083342 1.00000000 15.00000000
v 7.00000000 0.85984921 15.00000000
v 6.58310843 1.00000000 16.00000000
v 7.00000000 0.63679522 16.00000000
v 6.49781227 1.00000000 17.00000000
v 7.00000000 0.61618721 17.00000000
v 7.00000000 0.47570008 18.00000000
v 6.29271650 1.00000000 19.00000000
v 7.00000000 0.53633660 19.00000000
v 6.61942053 1.00000000 20.00000000
v 7.00000000 0.67705154 20.00000000
v 6.78559065 1.00000000 21.00000000
v 7.00000000 0.90596032 21.00000000
v 6.57343006 1.00000000 22.00000000
v 7.00000000 0.76574737 22.00000000
v 6.26123142 1.00000000 23.00000000
v 7.00000000 0.47330600 23.00000000
v 7.00000000 0.20901525 24.00000000
v 7.00000000 0.26984775 25.00000000
v 7.00000000 0.33610252 26.00000000
v 6.42290688 1.00000000 27.00000000
v 7.00000000 0.59686446 27.00000000
v 6.56953335 1.00000000 28.00000000
v 7.00000000 0.67776316 28.00000000
v 6.78490877 1.00000000 29.00000000
v 7.00000000 0.79023111 29.00000000
v 6.77511835 1.00000000 30.00000000
v 7.00000000 0.75858968 30.00000000
v 6.91396236 1.00000000 31.00000000
v 7.00000000 0.88920856 31.00000000
v 6.78077793 1.00000000 32.00000000
v 7.00000000 0.76725954 32.00000000
v 7.00000000 1.00000000 32.61294556
v 6.96092749 1.00000000 34.00000000
v 7.00000000 0.96729940 34.00000000
v 7.00000000 1.00000000 33.83575058
v 7.00000000 1.00000000 34.06491089
v 6.51923990 2.00000000 8.00000000
v 7.00000000 2.00000000 7.52927828
v 6.12822771 2.00000000 11.00000000
v 6.23733282 2.00000000 15.00000000
v 6.08523226 2.00000000 16.00000000
v 6.14473867 2.00000000 20.00000000
v 6.21511793 2.00000000 27.00000000
v 6.36323547 2.00000000 28.00000000
v 6.49097013 2.00000000 29.00000000
v 6.51949739 2.00000000 30.00000000
v 6.53558350 2.00000000 31.00000000
v 6.50878239 2.00000000 32.00000000
v 7.00000000 1.43443859 33.00000000
v 6.80519629 2.00000000 33.00000000
v 6.87903833 2.00000000 34.00000000
v 7.00000000 2.00000000 34.41196442
v 7.00000000 2.88157153 8.00000000
v 6.06867599 3.00000000 9.00000000
v 7.00000000 3.00000000 8.21376896
v 6.17065382 3.00000000 10.00000000
v 6.73409462 3.00000000 11.00000000
v 6.77292061 3.00000000 12.00000000
v 6.32879353 3.00000000 15.00000000
v 6.33185148 3.00000000 16.00000000
v 6.19895458 3.00000000 17.00000000
v 6.18202257 3.00000000 19.00000000
v 6.36743593 3.00000000 20.00000000
v 6.29179430 3.00000000 27.00000000
v 6.43664694 3.00000000 28.00000000
v 6.47191620 3.00000000 29.00000000
v 6.38860703 3.00000000 30.00000000
v 6.49902678 3.00000000 31.00000000
v 6.44117403 3.00000000 32.00000000
v 7.00000000 3.00000000 32.82924271
v 7.00000000 2.69396257 33.00000000
v 7.00000000 2.36369777 34.00000000
v 7.00000000 3.44535732 9.00000000
v 7.00000000 3.85178232 10.00000000
v 7.00000000 3.81499219 11.00000000
v 7.00000000 4.00000000 11.40055084
v 6.86202717 4.00000000 12.00000000
v 6.02890396 4.00000000 14.00000000
v 6.21622229 4.00000000 15.00000000
v 6.21254826 4.00000000 16.00000000
v 6.27415276 4.00000000 20.00000000
v 6.31819391 4.00000000 26.00000000
v 6.50119543 4.00000000 27.00000000
v 6.76393795 4.00000000 28.00000000
v 6.74468184 4.00000000 29.00000000
v 6.74286699 4.00000000 30.00000000
v 6.75922775 4.00000000 31.00000000
v 6.65779686 4.00000000 32.00000000
v 7.00000000 4.00000000 32.65234756
v 7.00000000 4.24048424 12.00000000
v 6.73505402 5.00000000 13.00000000
v 7.00000000 5.00000000 12.71373940
v 6.57173347 5.00000000 14.00000000
v 6.27968359 5.00000000 15.00000000
v 6.29041576 5.00000000 16.00000000
v 6.18669271 5.00000000 17.00000000
v 6.04414749 5.00000000 18.00000000
v 6.19814968 5.00000000 20.00000000
v 6.07105398 5.00000000 21.00000000
v 6.21816730 5.00000000 25.00000000
v 6.76182127 5.00000000 26.00000000
v 6.87343693 5.00000000 27.00000000
v 7.00000000 5.00000000 27.55413628
v 7.00000000 4.69924784 28.00000000
v 7.00000000 4.70613289 29.00000000
v 7.00000000 4.62062454 30.00000000
v 7.00000000 5.00000000 30.66715431
v 6.93331575 5.00000000 31.00000000
v 6.92550135 5.00000000 32.00000000
v 7.00000000 5.00000000 32.14853287
v 7.00000000 5.32048559 13.00000000
v 7.00000000 6.00000000 13.75203991
v 6.89968395 6.00000000 14.00000000
v 6.65018892 6.00000000 15.00000000
v 6.63734245 6.00000000 16.00000000
v 6.69115639 6.00000000 17.00000000
v 6.54427004 6.00000000 18.00000000
v 6.30579710 6.00000000 19.00000000
v 6.41704226 6.00000000 20.00000000
v 6.01567507 6.00000000 21.00000000
v 6.06589746 6.00000000 24.00000000
v 6.38127708 6.00000000 25.00000000
v 6.86287642 6.00000000 26.00000000
v 7.00000000 6.00000000 26.76604271
v 7.00000000 5.72633314 27.00000000
v 6.98954296 6.00000000 31.00000000
v 7.00000000 6.00000000 30.91435623
v 7.00000000 6.00000000 31.12575150
v 7.00000000 5.47630930 32.00000000
v 7.00000000 6.57202530 14.00000000
v 7.00000000 7.00000000 14.22821236
v 6.86375523 7.00000000 15.00000000
v 6.89587975 7.00000000 16.00000000
v 6.57152510 7.00000000 17.00000000
v 6.46542263 7.00000000 18.00000000
v 6.47055626 7.00000000 19.00000000
v 6.50468111 7.00000000 20.00000000
v 6.41909456 7.00000000 25.00000000
v 6.77730942 7.00000000 26.00000000
v 7.00000000 6.25518799 27.00000000
v 6.90117693 7.00000000 27.00000000
v 7.00000000 7.00000000 27.38087845
v 6.92269421 7.00000000 30.00000000
v 7.00000000 6.53928328 30.00000000
v 7.00000000 7.00000000 29.48789406
v 6.89974880 7.00000000 31.00000000
v 7.00000000 6.50233698 32.00000000
v 6.94467878 7.00000000 32.00000000
v 7.00000000 7.00000000 32.26252747
v 6.71152496 7.00000000 38.00000000
v 7.00000000 6.61606026 38.00000000
v 7.00000000 7.00000000 37.38675308
v 6.88486862 7.00000000 39.00000000
v 7.00000000 6.79127359 39.00000000
v 7.00000000 7.00000000 39.19261169
v 6.91528368 8.00000000 15.00000000
v 7.00000000 8.00000000 14.30875015
v 6.98472595 8.00000000 16.00000000
v 6.63552904 8.00000000 17.00000000
v 6.37127399 8.00000000 18.00000000
v 6.25120544 8.00000000 19.00000000
v 6.17841291 8.00000000 20.00000000
v 6.25192070 8.00000000 25.00000000
v 6.65284729 8.00000000 26.00000000
v 6.83517694 8.00000000 27.00000000
v 7.00000000 8.00000000 27.57680130
v 6.85183811 8.00000000 30.00000000
v 7.00000000 8.00000000 29.11489296
v 6.88139343 8.00000000 31.00000000
v 6.93502283 8.00000000 32.00000000
v 7.00000000 8.00000000 32.35432053
v 6.96920204 8.00000000 37.00000000
v 7.00000000 7.83932829 37.00000000
v 7.00000000 8.00000000 36.89894104
v 6.59495878 8.00000000 38.00000000
v 6.86697340 8.00000000 39.00000000
v 7.00000000 8.00000000 39.23624802
v 7.00000000 8.61944008 15.00000000
v 7.00000000 8.17445183 16.00000000
v 7.00000000 9.00000000 16.13730240
v 6.70736170 9.00000000 17.00000000
v 6.47628212 9.00000000 18.00000000
v 6.31131506 9.00000000 19.00000000
v 6.15668201 9.00000000 20.00000000
v 6.00558329 9.00000000 21.00000000
v 6.33237314 9.00000000 25.00000000
v 6.59273720 9.00000000 26.00000000
v 6.80056238 9.00000000 27.00000000
v 7.00000000 8.77345276 28.00000000
v 6.96573877 9.00000000 28.00000000
v 6.93235636 9.00000000 29.00000000
v 7.00000000 8.21379662 29.00000000
v 6.79745293 9.00000000 30.00000000
v 6.84903288 9.00000000 31.00000000
v 6.92971897 9.00000000 32.00000000
v 7.00000000 9.00000000 32.41926956
v 7.00000000 8.20097446 37.00000000
v 7.00000000 9.00000000 37.23663712
v 6.59179258 9.00000000 38.00000000
v 6.79881668 9.00000000 39.00000000
v 7.00000000 9.00000000 39.37160873
v 6.70146322 10.00000000 17.00000000
v 7.00000000 10.00000000 16.17692947
v 6.57269430 10.00000000 18.00000000
v 6.45442963 10.00000000 19.00000000
v 6.38650036 10.00000000 20.00000000
v 6.18995810 10.00000000 21.00000000
v 6.01846886 10.00000000 22.00000000
v 6.29191732 10.00000000 25.00000000
v 6.62594223 10.00000000 26.00000000
v 6.76092958 10.00000000 27.00000000
v 6.87590313 10.00000000 28.00000000
v 6.83506775 10.00000000 29.00000000
v 6.79988480 10.00000000 30.00000000
v 6.84733534 10.00000000 31.00000000
v 6.93566895 10.00000000 32.00000000
v 7.00000000 10.00000000 32.31695175
v 6.61754179 10.00000000 38.00000000
v 7.00000000 10.00000000 37.31143951
v 6.73700523 10.00000000 39.00000000
v 7.00000000 10.00000000 39.71628571
v 7.00000000 10.91137505 17.00000000
v 7.00000000 11.00000000 17.53893089
v 6.97176647 11.00000000 18.00000000
v 6.90493155 11.00000000 19.00000000
v 6.85321379 11.00000000 20.00000000
v 6.78763819 11.00000000 21.00000000
v 6.64868021 11.00000000 22.00000000
v 6.53128624 11.00000000 23.00000000
v 6.45734787 11.00000000 24.00000000
v 6.47575092 11.00000000 25.00000000
v 6.78034353 11.00000000 26.00000000
v 6.91884613 11.00000000 27.00000000
v 6.99577284 11.00000000 28.00000000
v 7.00000000 11.00000000 28.16003227
v 7.00000000 10.87502384 29.00000000
v 7.00000000 10.70602131 30.00000000
v 7.00000000 10.60878754 31.00000000
v 7.00000000 10.29433346 32.00000000
v 6.76359749 11.00000000 38.00000000
v 7.00000000 11.00000000 37.31707382
v 7.00000000 11.00000000 38.74412155
v 7.00000000 10.74462795 39.00000000
v 7.00000000 11.14567280 18.00000000
v 7.00000000 11.73870850 19.00000000
v 7.00000000 12.00000000 19.31171417
v 6.93764400 12.00000000 20.00000000
v 6.90808916 12.00000000 21.00000000
v 6.77195168 12.00000000 22.00000000
v 6.66580105 12.00000000 23.00000000
v 6.59934568 12.00000000 24.00000000
v 6.66374731 12.00000000 25.00000000
v 6.89452314 12.00000000 26.00000000
v 6.99009752 12.00000000 27.00000000
v 7.00000000 12.00000000 27.15680504
v 7.00000000 11.07234383 28.00000000
v 6.76939726 12.00000000 38.00000000
v 7.00000000 12.00000000 37.43523407
v 7.00000000 11.51081657 39.00000000
v 6.90536404 12.00000000 39.00000000
v 6.99674988 12.00000000 40.00000000
v 7.00000000 11.98461437 40.00000000
v 7.00000000 12.00000000 40.01834488
v 6.95248985 13.00000000 9.00000000
v 7.00000000 12.88473511 9.00000000
v 7.00000000 13.00000000 8.43092346
v 7.00000000 13.00000000 9.03102112
v 7.00000000 12.63477516 20.00000000
v 7.00000000 12.74507523 21.00000000
v 7.00000000 13.00000000 21.32697105
v 6.93254137 13.00000000 22.00000000
v 6.82234001 13.00000000 23.00000000
v 6.72495937 13.00000000 24.00000000
v 6.81092739 13.00000000 25.00000000
v 6.93669748 13.00000000 26.00000000
v 7.00000000 13.00000000 26.65339279
v 7.00000000 12.20573616 27.00000000
v 6.71091032 13.00000000 38.00000000
v 7.00000000 13.00000000 37.39849854
v 6.85145426 13.00000000 39.00000000
v 6.88210964 13.00000000 40.00000000
v 7.00000000 12.66630840 41.00000000
v 6.88893604 13.00000000 41.00000000
v 7.00000000 13.00000000 41.22055435
v 6.60649633 14.00000000 8.00000000
v 7.00000000 13.07864285 8.00000000
v 7.00000000 14.00000000 7.82288837
v 7.00000000 14.00000000 8.63468361
v 7.00000000 13.16376305 9.00000000
v 7.00000000 13.68534374 22.00000000
v 7.00000000 14.00000000 22.22735214
v 6.91019821 14.00000000 23.00000000
v 6.83052683 14.00000000 24.00000000
v 6.88603783 14.00000000 25.00000000
v 6.97065210 14.00000000 26.00000000
v 7.00000000 14.00000000 26.50018501
v 6.79019451 14.00000000 38.00000000
v 7.00000000 14.00000000 37.27437973
v 6.85911751 14.00000000 39.00000000
v 6.75245142 14.00000000 40.00000000
v 6.68059826 14.00000000 41.00000000
v 7.00000000 14.00000000 41.57351303
v 6.57396269 15.00000000 8.00000000
v 7.00000000 15.00000000 7.77210569
v 7.00000000 14.73375797 9.00000000
v 6.89843559 15.00000000 9.00000000
v 7.00000000 15.00000000 9.04073143
v 6.93038988 15.00000000 23.00000000
v 7.00000000 15.00000000 22.63711739
v 6.82936478 15.00000000 24.00000000
v 6.85486984 15.00000000 25.00000000
v 6.97686052 15.00000000 26.00000000
v 7.00000000 15.00000000 26.44205284
v 6.92209339 15.00000000 38.00000000
v 7.00000000 15.00000000 37.73525620
v 6.96972847 15.00000000 39.00000000
v 6.76282549 15.00000000 40.00000000
v 6.36457586 15.00000000 41.00000000
v 7.00000000 15.00000000 41.68846512
v 6.12289476 16.00000000 8.00000000
v 7.00000000 16.00000000 7.55384302
v 6.81324244 16.00000000 9.00000000
v 7.00000000 16.00000000 9.04151440
v 6.93724394 16.00000000 23.00000000
v 7.00000000 16.00000000 22.57778549
v 6.84755611 16.00000000 24.00000000
v 6.87540865 16.00000000 25.00000000
v 6.93451786 16.00000000 26.00000000
v 7.00000000 16.00000000 26.93992043
v 6.93798780 16.00000000 38.00000000
v 7.00000000 16.00000000 37.72377777
v 7.00000000 16.00000000 38.70951843
v 7.00000000 15.55000401 39.00000000
v 7.00000000 16.00000000 39.13684845
v 6.84201050 16.00000000 40.00000000
v 6.72846317 16.00000000 41.00000000
v 7.00000000 16.00000000 41.36490631
v 7.00000000 17.00000000 7.25428152
v 7.00000000 17.00000000 9.36918736
v 6.96919584 17.00000000 21.00000000
v 7.00000000 16.85748100 21.00000000
v 7.00000000 17.00000000 20.62735748
v 6.94648790 17.00000000 22.00000000
v 7.00000000 16.62951851 22.00000000
v 6.84025764 17.00000000 23.00000000
v 6.81134796 17.00000000 24.00000000
v 6.92444420 17.00000000 25.00000000
v 7.00000000 17.00000000 25.57874870
v 7.00000000 16.57695580 26.00000000
v 7.00000000 16.33484840 38.00000000
v 6.98862171 17.00000000 40.00000000
v 7.00000000 17.00000000 39.94738388
v 6.56809521 17.00000000 41.00000000
v 7.00000000 17.00000000 41.45903397
v 7.00000000 18.00000000 7.13288355
v 7.00000000 18.00000000 9.48429489
v 6.94692278 18.00000000 19.00000000
v 7.00000000 17.61044502 19.00000000
v 7.00000000 18.00000000 18.78684998
v 6.91607475 18.00000000 20.00000000
v 7.00000000 17.41859245 20.00000000
v 6.84684515 18.00000000 21.00000000
v 6.78315544 18.00000000 22.00000000
v 6.81140089 18.00000000 23.00000000
v 6.78265858 18.00000000 24.00000000
v 6.95801258 18.00000000 25.00000000
v 7.00000000 18.00000000 25.25868034
v 7.00000000 17.13443756 40.00000000
v 7.00000000 18.00000000 40.27965927
v 6.75113487 18.00000000 41.00000000
v 7.00000000 18.00000000 41.26465607
v 7.00000000 19.00000000 7.15149450
v 7.00000000 19.00000000 9.43331909
v 6.83573866 19.00000000 19.00000000
v 7.00000000 19.00000000 18.26373863
v 6.75916910 19.00000000 20.00000000
v 6.63933611 19.00000000 21.00000000
v 6.60276413 19.00000000 22.00000000
v 6.68227243 19.00000000 23.00000000
v 6.78204489 19.00000000 24.00000000
v 7.00000000 19.00000000 24.79011345
v 7.00000000 18.42463684 25.00000000
v 6.96914864 19.00000000 28.00000000
v 7.00000000 18.61404037 28.00000000
v 7.00000000 19.00000000 27.54452133
v 6.83243799 19.00000000 29.00000000
v 7.00000000 18.22337151 29.00000000
v 6.89037800 19.00000000 30.00000000
v 7.00000000 18.61424637 30.00000000
v 7.00000000 19.00000000 30.63719368
v 6.61982632 19.00000000 41.00000000
v 7.00000000 19.00000000 40.23416519
v 7.00000000 19.00000000 41.48671341
v 7.00000000 20.00000000 7.23569012
v 7.00000000 20.00000000 9.55400085
v 6.98203850 20.00000000 18.00000000
v 7.00000000 19.82182693 18.00000000
v 7.00000000 20.00000000 17.90913200
v 6.67862129 20.00000000 19.00000000
v 6.65806532 20.00000000 20.00000000
v 6.53199816 20.00000000 21.00000000
v 6.58169222 20.00000000 22.00000000
v 6.70973063 20.00000000 23.00000000
v 6.83339405 20.00000000 24.00000000
v 7.00000000 20.00000000 24.67722321
v 7.00000000 19.32558823 28.00000000
v 7.00000000 20.00000000 28.26853752
v 6.82597828 20.00000000 29.00000000
v 6.84853315 20.00000000 30.00000000
v 7.00000000 19.62752533 31.00000000
v 6.96023703 20.00000000 31.00000000
v 6.94961214 20.00000000 32.00000000
v 7.00000000 19.72120094 32.00000000
v 7.00000000 20.00000000 32.36405563
v 6.82968616 20.00000000 40.00000000
v 7.00000000 19.29654884 40.00000000
v 7.00000000 20.00000000 39.61454391
v 6.47447872 20.00000000 41.00000000
v 7.00000000 19.85015869 42.00000000
v 6.94500399 20.00000000 42.00000000
v 7.00000000 20.00000000 42.02341843
v 7.00000000 21.00000000 7.34927225
v 7.00000000 21.00000000 9.32319164
v 6.91661072 21.00000000 18.00000000
v 7.00000000 21.00000000 17.71130562
v 6.55741501 21.00000000 19.00000000
v 6.50865459 21.00000000 20.00000000
v 6.53203821 21.00000000 21.00000000
v 6.55812788 21.00000000 22.00000000
v 6.65680027 21.00000000 23.00000000
v 6.75167227 21.00000000 24.00000000
v 7.00000000 20.73362732 25.00000000
v 6.97051716 21.00000000 25.00000000
v 7.00000000 21.00000000 25.16803551
v 6.96042871 21.00000000 27.00000000
v 7.00000000 20.77000999 27.00000000
v 7.00000000 21.00000000 26.79720116
v 6.96044493 21.00000000 28.00000000
v 7.00000000 20.62813950 28.00000000
v 6.78874397 21.00000000 29.00000000
v 6.76607418 21.00000000 30.00000000
v 6.72711420 21.00000000 31.00000000
v 6.66138220 21.00000000 32.00000000
v 7.00000000 20.71073723 33.00000000
v 6.96797228 21.00000000 33.00000000
v 7.00000000 21.00000000 33.33886337
v 6.56288624 21.00000000 40.00000000
v 7.00000000 21.00000000 39.33975220
v 6.18428373 21.00000000 41.00000000
v 7.00000000 21.00000000 41.94595718
v 7.00000000 20.61345291 42.00000000
v 6.17519426 22.00000000 8.00000000
v 7.00000000 22.00000000 7.59037209
v 7.00000000 22.00000000 8.86748695
v 7.00000000 21.86407471 9.00000000
v 6.83496428 22.00000000 18.00000000
v 7.00000000 22.00000000 17.61339951
v 6.54707432 22.00000000 19.00000000
v 6.48281097 22.00000000 20.00000000
v 6.43101263 22.00000000 21.00000000
v 6.49265337 22.00000000 22.00000000
v 6.52386284 22.00000000 23.00000000
v 6.60258055 22.00000000 24.00000000
v 6.83995676 22.00000000 25.00000000
v 7.00000000 21.78808022 26.00000000
v 6.95338440 22.00000000 26.00000000
v 6.82820320 22.00000000 27.00000000
v 6.79305553 22.00000000 28.00000000
v 6.67468977 22.00000000 29.00000000
v 6.70986080 22.00000000 30.00000000
v 6.70837307 22.00000000 31.00000000
v 6.55363655 22.00000000 32.00000000
v 6.83756781 22.00000000 33.00000000
v 7.00000000 21.61406517 34.00000000
v 6.95481920 22.00000000 34.00000000
v 7.00000000 22.00000000 34.28691864
v 6.58942699 22.00000000 40.00000000
v 7.00000000 22.00000000 39.34086609
v 6.30364943 22.00000000 41.00000000
v 7.00000000 22.00000000 41.94306564
v 6.65290451 23.00000000 8.00000000
v 7.00000000 23.00000000 7.67912245
v 7.00000000 23.00000000 8.63070965
v 6.87763929 23.00000000 18.00000000
v 7.00000000 23.00000000 17.66889572
v 6.60885620 23.00000000 19.00000000
v 6.58035803 23.00000000 20.00000000
v 6.50179672 23.00000000 21.00000000
v 6.48857117 23.00000000 22.00000000
v 6.47534180 23.00000000 23.00000000
v 6.54723597 23.00000000 24.00000000
v 6.74916077 23.00000000 25.00000000
v 6.91969395 23.00000000 26.00000000
v 6.67964315 23.00000000 27.00000000
v 6.74382019 23.00000000 28.00000000
v 6.70311546 23.00000000 29.00000000
v 6.73765564 23.00000000 30.00000000
v 6.74605274 23.00000000 31.00000000
v 6.62333918 23.00000000 32.00000000
v 6.80814362 23.00000000 33.00000000
v 6.91274118 23.00000000 34.00000000
v 7.00000000 22.77757263 35.00000000
v 6.97067642 23.00000000 35.00000000
v 6.93116236 23.00000000 36.00000000
v 7.00000000 22.51571655 36.00000000
v 7.00000000 23.00000000 36.43461609
v 6.79047728 23.00000000 40.00000000
v 7.00000000 23.00000000 39.44776154
v 6.43296003 23.00000000 41.00000000
v 7.00000000 23.00000000 41.80562973
v 6.84128141 24.00000000 8.00000000
v 7.00000000 24.00000000 7.85129595
v 7.00000000 24.00000000 8.21240044
v 6.92586708 24.00000000 18.00000000
v 7.00000000 24.00000000 17.75297546
v 6.68420362 24.00000000 19.00000000
v 6.63882113 24.00000000 20.00000000
v 6.59112597 24.00000000 21.00000000
v 6.53387594 24.00000000 22.00000000
v 6.47324753 24.00000000 23.00000000
v 6.52801132 24.00000000 24.00000000
v 6.70792818 24.00000000 25.00000000
v 6.77609539 24.00000000 26.00000000
v 6.70983601 24.00000000 27.00000000
v 6.77217054 24.00000000 28.00000000
v 6.78553677 24.00000000 29.00000000
v 6.83707952 24.00000000 30.00000000
v 6.88709068 24.00000000 31.00000000
v 6.82534266 24.00000000 32.00000000
v 6.95404005 24.00000000 33.00000000
v 6.99903917 24.00000000 34.00000000
v 7.00000000 24.00000000 34.01215744
v 7.00000000 23.27219391 35.00000000
v 7.00000000 23.74599266 36.00000000
v 6.90834808 24.00000000 40.00000000
v 7.00000000 24.00000000 39.75403976
v 6.97211456 24.00000000 41.00000000
v 7.00000000 24.00000000 41.05901718
v 7.00000000 24.85426712 8.00000000
v 6.93280554 25.00000000 18.00000000
v 7.00000000 25.00000000 17.73700714
v 6.80061626 25.00000000 19.00000000
v 6.73002338 25.00000000 20.00000000
v 6.64221859 25.00000000 21.00000000
v 6.60188389 25.00000000 22.00000000
v 6.54320621 25.00000000 23.00000000
v 6.54475927 25.00000000 24.00000000
v 6.65493965 25.00000000 25.00000000
v 6.74427891 25.00000000 26.00000000
v 6.64794540 25.00000000 27.00000000
v 6.78935909 25.00000000 28.00000000
v 6.81606531 25.00000000 29.00000000
v 6.92988777 25.00000000 30.00000000
v 6.97588825 25.00000000 31.00000000
v 6.99823999 25.00000000 32.00000000
v 7.00000000 25.00000000 32.01818848
v 7.00000000 24.37290001 33.00000000
v 7.00000000 24.00545311 34.00000000
v 7.00000000 24.77321625 40.00000000
v 7.00000000 25.00000000 40.22116089
v 6.87315464 25.00000000 41.00000000
v 7.00000000 25.00000000 41.20970154
v 7.00000000 25.38547707 18.00000000
v 7.00000000 26.00000000 18.31553459
v 6.80727673 26.00000000 19.00000000
v 6.75254202 26.00000000 20.00000000
v 6.61007833 26.00000000 21.00000000
v 6.60693598 26.00000000 22.00000000
v 6.46156931 26.00000000 23.00000000
v 6.48091078 26.00000000 24.00000000
v 6.48825693 26.00000000 25.00000000
v 6.64220047 26.00000000 26.00000000
v 6.56509590 26.00000000 27.00000000
v 6.73672152 26.00000000 28.00000000
v 6.84786558 26.00000000 29.00000000
v 7.00000000 26.00000000 29.87110710
v 7.00000000 25.74262619 30.00000000
v 7.00000000 25.27209473 31.00000000
v 7.00000000 26.00000000 31.76241875
v 6.98148918 26.00000000 32.00000000
v 7.00000000 26.00000000 32.12310028
v 6.89078903 26.00000000 40.00000000
v 7.00000000 25.21417618 40.00000000
v 7.00000000 26.00000000 39.41562271
v 6.74133110 26.00000000 41.00000000
v 7.00000000 26.00000000 41.36722183
v 6.82996750 27.00000000 18.00000000
v 7.00000000 26.41407585 18.00000000
v 7.00000000 27.00000000 17.19566727
v 6.64984894 27.00000000 19.00000000
v 6.54215813 27.00000000 20.00000000
v 6.43540335 27.00000000 21.00000000
v 6.38510323 27.00000000 22.00000000
v 6.34916878 27.00000000 23.00000000
v 6.34472561 27.00000000 24.00000000
v 6.34850168 27.00000000 25.00000000
v 6.40109587 27.00000000 26.00000000
v 6.31934547 27.00000000 27.00000000
v 6.58425999 27.00000000 28.00000000
v 6.88404322 27.00000000 29.00000000
v 7.00000000 27.00000000 29.46175194
v 7.00000000 26.33787346 32.00000000
v 6.96634483 27.00000000 37.00000000
v 7.00000000 26.82609940 37.00000000
v 7.00000000 27.00000000 36.85910034
v 6.79380894 27.00000000 38.00000000
v 7.00000000 26.30811691 38.00000000
v 6.87441254 27.00000000 39.00000000
v 7.00000000 26.43893814 39.00000000
v 7.00000000 27.00000000 39.64906693
v 7.00000000 26.67045403 40.00000000
v 7.00000000 26.90876770 41.00000000
v 6.86196661 28.00000000 18.00000000
v 7.00000000 28.00000000 17.53676987
v 6.55502415 28.00000000 19.00000000
v 6.48874569 28.00000000 20.00000000
v 6.32811785 28.00000000 21.00000000
v 6.30268812 28.00000000 22.00000000
v 6.24437809 28.00000000 23.00000000
v 6.20959330 28.00000000 24.00000000
v 6.31080198 28.00000000 25.00000000
v 6.36190081 28.00000000 26.00000000
v 6.28284121 28.00000000 27.00000000
v 6.56955385 28.00000000 28.00000000
v 6.75349236 28.00000000 29.00000000
v 7.00000000 28.00000000 29.92111206
v 6.98278952 28.00000000 31.00000000
v 7.00000000 27.84671593 31.00000000
v 7.00000000 28.00000000 30.51263809
v 6.95890903 28.00000000 32.00000000
v 7.00000000 27.50211906 32.00000000
v 7.00000000 28.00000000 32.34296799
v 6.75872278 28.00000000 37.00000000
v 7.00000000 28.00000000 36.28316879
v 6.62982130 28.00000000 38.00000000
v 6.55904293 28.00000000 39.00000000
v 7.00000000 27.24795723 40.00000000
v 6.74500895 28.00000000 40.00000000
v 7.00000000 28.00000000 40.85958099
v 6.90939093 29.00000000 17.00000000
v 7.00000000 28.66159248 17.00000000
v 7.00000000 29.00000000 16.67446899
v 6.63692427 29.00000000 18.00000000
v 6.45102453 29.00000000 19.00000000
v 6.35646677 29.00000000 20.00000000
v 6.22910261 29.00000000 21.00000000
v 6.11938429 29.00000000 22.00000000
v 6.06450176 29.00000000 23.00000000
v 6.12950611 29.00000000 24.00000000
v 6.17842150 29.00000000 25.00000000
v 6.22345018 29.00000000 26.00000000
v 6.23011923 29.00000000 27.00000000
v 6.52918625 29.00000000 28.00000000
v 6.76843262 29.00000000 29.00000000
v 7.00000000 28.16225433 30.00000000
v 6.89905596 29.00000000 30.00000000
v 6.91863489 29.00000000 31.00000000
v 6.91649532 29.00000000 32.00000000
v 7.00000000 29.00000000 32.69896317
v 6.86780167 29.00000000 37.00000000
v 7.00000000 29.00000000 36.46993256
v 6.57744026 29.00000000 38.00000000
v 6.41887665 29.00000000 39.00000000
v 6.53262854 29.00000000 40.00000000
v 7.00000000 28.09036446 41.00000000
v 6.41991472 29.00000000 41.00000000
v 7.00000000 29.00000000 41.83535004
v 6.93496943 30.00000000 16.00000000
v 7.00000000 29.76974487 16.00000000
v 7.00000000 30.00000000 15.82217789
v 6.78192139 30.00000000 17.00000000
v 6.57368898 30.00000000 18.00000000
v 6.41860151 30.00000000 19.00000000
v 6.27445936 30.00000000 20.00000000
v 6.04652596 30.00000000 21.00000000
v 6.00795126 30.00000000 23.00000000
v 6.09732962 30.00000000 26.00000000
v 6.16390038 30.00000000 27.00000000
v 6.49899626 30.00000000 28.00000000
v 6.65923309 30.00000000 29.00000000
v 6.77432299 30.00000000 30.00000000
v 6.83004570 30.00000000 31.00000000
v 6.83551836 30.00000000 32.00000000
v 7.00000000 30.00000000 32.86746216
v 6.96700430 30.00000000 34.00000000
v 7.00000000 29.37930489 34.00000000
v 7.00000000 30.00000000 33.44840240
v 7.00000000 30.00000000 34.85256958
v 6.80643845 30.00000000 37.00000000
v 7.00000000 30.00000000 36.20764160
v 6.64870548 30.00000000 38.00000000
v 6.44592190 30.00000000 39.00000000
v 6.46873856 30.00000000 40.00000000
v 6.38358355 30.00000000 41.00000000
v 7.00000000 30.00000000 41.87788773
v 6.79201698 31.00000000 16.00000000
v 7.00000000 31.00000000 15.57605076
v 6.57412863 31.00000000 17.00000000
v 6.38936806 31.00000000 18.00000000
v 6.37040091 31.00000000 19.00000000
v 6.27414465 31.00000000 20.00000000
v 6.24347448 31.00000000 21.00000000
v 6.22319078 31.00000000 22.00000000
v 6.17429924 31.00000000 23.00000000
v 6.19538593 31.00000000 24.00000000
v 6.21529102 31.00000000 25.00000000
v 6.33272886 31.00000000 26.00000000
v 6.34289837 31.00000000 27.00000000
v 6.62561655 31.00000000 28.00000000
v 6.79746485 31.00000000 29.00000000
v 6.87636328 31.00000000 30.00000000
v 6.93360710 31.00000000 31.00000000
v 6.99030495 31.00000000 32.00000000
v 7.00000000 31.00000000 32.06131744
v 7.00000000 30.23838425 34.00000000
v 6.98516703 31.00000000 37.00000000
v 7.00000000 31.00000000 36.93279648
v 6.76386070 31.00000000 38.00000000
v 6.68048000 31.00000000 39.00000000
v 6.53758430 31.00000000 40.00000000
v 6.19297409 31.00000000 41.00000000
v 7.00000000 30.41143227 42.00000000
v 6.89073133 31.00000000 42.00000000
v 7.00000000 31.00000000 42.06996155
v 6.92857790 32.00000000 15.00000000
v 7.00000000 31.81497383 15.00000000
v 7.00000000 32.00000000 14.90826607
v 6.52066183 32.00000000 16.00000000
v 6.34754515 32.00000000 17.00000000
v 6.31045294 32.00000000 18.00000000
v 6.28801823 32.00000000 19.00000000
v 6.19173288 32.00000000 20.00000000
v 6.16286993 32.00000000 21.00000000
v 6.20469093 32.00000000 22.00000000
v 6.21157837 32.00000000 23.00000000
v 6.16773224 32.00000000 24.00000000
v 6.24709034 32.00000000 25.00000000
v 6.37758350 32.00000000 26.00000000
v 6.47546434 32.00000000 27.00000000
v 6.67307615 32.00000000 28.00000000
v 6.87616777 32.00000000 29.00000000
v 6.96902847 32.00000000 30.00000000
v 7.00000000 32.00000000 30.63938713
v 7.00000000 31.79700661 31.00000000
v 7.00000000 31.08453369 32.00000000
v 7.00000000 31.21852684 37.00000000
v 7.00000000 32.00000000 37.28201675
v 6.86633062 32.00000000 38.00000000
v 6.78029585 32.00000000 39.00000000
v 6.59220934 32.00000000 40.00000000
v 6.49312401 32.00000000 41.00000000
v 7.00000000 32.00000000 41.76753998
v 7.00000000 31.41909218 42.00000000
v 6.88268661 33.00000000 15.00000000
v 7.00000000 33.00000000 14.86385441
v 6.01712179 33.00000000 16.00000000
v 6.14086533 33.00000000 17.00000000
v 6.19492912 33.00000000 18.00000000
v 6.36210442 33.00000000 19.00000000
v 6.29945612 33.00000000 20.00000000
v 6.36947680 33.00000000 21.00000000
v 6.39580441 33.00000000 22.00000000
v 6.34983158 33.00000000 23.00000000
v 6.37951708 33.00000000 24.00000000
v 6.50177860 33.00000000 25.00000000
v 6.54301023 33.00000000 26.00000000
v 6.63435364 33.00000000 27.00000000
v 6.75711679 33.00000000 28.00000000
v 6.92153931 33.00000000 29.00000000
v 6.98928690 33.00000000 30.00000000
v 7.00000000 33.00000000 30.20102310
v 6.99572706 33.00000000 37.00000000
v 7.00000000 32.91625977 37.00000000
v 7.00000000 33.00000000 36.98569107
v 6.95722055 33.00000000 38.00000000
v 6.82604647 33.00000000 39.00000000
v 6.59366035 33.00000000 40.00000000
v 6.29163837 33.00000000 41.00000000
v 7.00000000 33.00000000 41.58449936
v 6.84824133 34.00000000 15.00000000
v 7.00000000 34.00000000 14.74488831
v 6.22968483 34.00000000 16.00000000
v 6.12692976 34.00000000 17.00000000
v 6.27604628 34.00000000 18.00000000
v 6.41131353 34.00000000 19.00000000
v 6.40574932 34.00000000 20.00000000
v 6.47264767 34.00000000 21.00000000
v 6.51328325 34.00000000 22.00000000
v 6.51998377 34.00000000 23.00000000
v 6.52375174 34.00000000 24.00000000
v 6.66819859 34.00000000 25.00000000
v 6.74516821 34.00000000 26.00000000
v 6.76608896 34.00000000 27.00000000
v 6.86327934 34.00000000 28.00000000
v 7.00000000 34.00000000 28.84498978
v 7.00000000 33.75714493 29.00000000
v 7.00000000 33.12353897 30.00000000
v 7.00000000 33.06646347 37.00000000
v 7.00000000 34.00000000 37.41640472
v 6.91341686 34.00000000 38.00000000
v 6.90456676 34.00000000 39.00000000
v 6.68767452 34.00000000 40.00000000
v 6.44468784 34.00000000 41.00000000
v 7.00000000 34.00000000 41.52833939
v 6.78226948 35.00000000 15.00000000
v 7.00000000 35.00000000 14.60215569
v 6.24499369 35.00000000 16.00000000
v 6.44019747 35.00000000 17.00000000
v 6.50906038 35.00000000 18.00000000
v 6.66518307 35.00000000 19.00000000
v 6.64404631 35.00000000 20.00000000
v 6.64297485 35.00000000 21.00000000
v 6.69432878 35.00000000 22.00000000
v 6.68100309 35.00000000 23.00000000
v 6.81345081 35.00000000 24.00000000
v 6.90765667 35.00000000 25.00000000
v 6.93547726 35.00000000 26.00000000
v 6.94675875 35.00000000 27.00000000
v 6.98430252 35.00000000 28.00000000
v 7.00000000 35.00000000 28.12258530
v 7.00000000 34.98307419 38.00000000
v 7.00000000 35.00000000 38.01667404
v 6.85625219 35.00000000 39.00000000
v 6.47106504 35.00000000 40.00000000
v 6.23409557 35.00000000 41.00000000
v 7.00000000 35.00000000 41.58998108
v 7.00000000 35.71873474 15.00000000
v 7.00000000 36.00000000 15.16483879
v 6.57802534 36.00000000 16.00000000
v 6.61471987 36.00000000 17.00000000
v 6.59313297 36.00000000 18.00000000
v 6.63467836 36.00000000 19.00000000
v 6.66202641 36.00000000 20.00000000
v 6.63045073 36.00000000 21.00000000
v 6.66946745 36.00000000 22.00000000
v 6.66151381 36.00000000 23.00000000
v 6.82400036 36.00000000 24.00000000
v 6.92290497 36.00000000 25.00000000
v 6.93472290 36.00000000 26.00000000
v 6.93880892 36.00000000 27.00000000
v 6.98771524 36.00000000 28.00000000
v 7.00000000 36.00000000 28.20208359
v 6.97521162 36.00000000 37.00000000
v 7.00000000 35.58863449 37.00000000
v 7.00000000 36.00000000 36.90260315
v 6.90177584 36.00000000 38.00000000
v 7.00000000 35.01638031 38.00000000
v 6.68430233 36.00000000 39.00000000
v 6.34517717 36.00000000 40.00000000
v 6.10351562 36.00000000 41.00000000
v 7.00000000 36.00000000 41.68873596
v 7.00000000 36.79164505 16.00000000
v 7.00000000 37.00000000 16.33070564
v 6.81157589 37.00000000 17.00000000
v 6.74516487 37.00000000 18.00000000
v 6.73535538 37.00000000 19.00000000
v 6.75202608 37.00000000 20.00000000
v 6.71799898 37.00000000 21.00000000
v 6.76713181 37.00000000 22.00000000
v 6.74434805 37.00000000 23.00000000
v 6.82703257 37.00000000 24.00000000
v 6.96075964 37.00000000 25.00000000
v 6.99435759 37.00000000 26.00000000
v 6.97351027 37.00000000 27.00000000
v 7.00000000 37.00000000 27.57842636
v 7.00000000 36.40623474 28.00000000
v 7.00000000 36.32651901 37.00000000
v 7.00000000 36.54742813 38.00000000
v 7.00000000 37.00000000 38.40756226
v 6.82694340 37.00000000 39.00000000
v 6.34315443 37.00000000 40.00000000
v 6.49222612 37.00000000 41.00000000
v 7.00000000 37.00000000 41.43394470
v 6.89165688 38.00000000 17.00000000
v 7.00000000 38.00000000 16.01608467
v 6.80992079 38.00000000 18.00000000
v 6.86455822 38.00000000 19.00000000
v 6.85003519 38.00000000 20.00000000
v 6.88430023 38.00000000 21.00000000
v 6.89547777 38.00000000 22.00000000
v 6.95922995 38.00000000 23.00000000
v 6.93142891 38.00000000 24.00000000
v 7.00000000 38.00000000 24.30054665
v 7.00000000 37.20833969 25.00000000
v 7.00000000 37.04102707 26.00000000
v 7.00000000 37.24065399 27.00000000
v 7.00000000 37.46039963 39.00000000
v 7.00000000 38.00000000 39.36938095
v 6.68455601 38.00000000 40.00000000
v 6.91703463 38.00000000 41.00000000
v 7.00000000 38.00000000 41.08166122
v 6.90280771 39.00000000 16.00000000
v 7.00000000 38.02694702 16.00000000
v 7.00000000 39.00000000 15.45641422
v 6.83355618 39.00000000 17.00000000
v 6.88419056 39.00000000 18.00000000
v 6.94002008 39.00000000 19.00000000
v 6.93745041 39.00000000 20.00000000
v 6.93207645 39.00000000 21.00000000
v 7.00000000 39.00000000 21.80761719
v 7.00000000 38.87665558 22.00000000
v 7.00000000 38.49809265 23.00000000
v 7.00000000 39.00000000 23.93247604
v 6.99652576 39.00000000 24.00000000
v 7.00000000 39.00000000 24.02004051
v 7.00000000 38.93178558 40.00000000
v 7.00000000 38.35785675 41.00000000
v 6.85213995 40.00000000 15.00000000
v 7.00000000 39.36373520 15.00000000
v 7.00000000 40.00000000 14.63978004
v 6.67663431 40.00000000 16.00000000
v 6.75291109 40.00000000 17.00000000
v 6.89533091 40.00000000 18.00000000
v 6.97580242 40.00000000 19.00000000
v 7.00000000 40.00000000 19.68482208
v 7.00000000 39.87019348 20.00000000
v 7.00000000 40.00000000 20.46858788
v 6.98751116 40.00000000 21.00000000
v 7.00000000 40.00000000 21.19230461
v 7.00000000 39.24611282 24.00000000
v 6.93872452 41.00000000 14.00000000
v 7.00000000 40.82039261 14.00000000
v 7.00000000 41.00000000 13.77451706
v 6.44809914 41.00000000 15.00000000
v 6.23193121 41.00000000 16.00000000
v 6.23307276 41.00000000 17.00000000
v 6.39104843 41.00000000 18.00000000
v 6.60326195 41.00000000 19.00000000
v 7.00000000 40.03657150 20.00000000
v 6.67734432 41.00000000 20.00000000
v 6.75573063 41.00000000 21.00000000
v 7.00000000 40.31989670 22.00000000
v 6.88217306 41.00000000 22.00000000
v 6.79018736 41.00000000 23.00000000
v 7.00000000 40.33462524 23.00000000
v 6.68196917 41.00000000 24.00000000
v 7.00000000 40.04108047 24.00000000
v 6.98042440 41.00000000 25.00000000
v 7.00000000 40.90882874 25.00000000
v 6.97830391 41.00000000 26.00000000
v 7.00000000 40.85070801 26.00000000
v 6.96907997 41.00000000 27.00000000
v 7.00000000 40.66949081 27.00000000
v 6.99242067 41.00000000 28.00000000
v 7.00000000 40.91833878 28.00000000
v 7.00000000 41.00000000 28.38906097
v 6.98881674 41.00000000 31.00000000
v 7.00000000 40.81430435 31.00000000
v 7.00000000 41.00000000 30.79048538
v 6.98656893 41.00000000 32.00000000
v 7.00000000 40.86747742 32.00000000
v 6.99202967 41.00000000 33.00000000
v 7.00000000 40.92937088 33.00000000
v 7.00000000 41.00000000 33.03968811
v 6.87858582 42.00000000 11.00000000
v 7.00000000 41.78136063 11.00000000
v 7.00000000 42.00000000 10.81292820
v 6.86802053 42.00000000 12.00000000
v 7.00000000 41.71677017 12.00000000
v 6.82359409 42.00000000 13.00000000
v 7.00000000 41.55482101 13.00000000
v 6.71216536 42.00000000 14.00000000
v 6.29986858 42.00000000 15.00000000
v 6.20039034 42.00000000 16.00000000
v 6.05792093 42.00000000 17.00000000
v 6.28452110 42.00000000 18.00000000
v 6.33901119 42.00000000 19.00000000
v 6.45637178 42.00000000 20.00000000
v 6.54963112 42.00000000 21.00000000
v 6.66948128 42.00000000 22.00000000
v 6.53247261 42.00000000 23.00000000
v 6.41517925 42.00000000 24.00000000
v 6.83134508 42.00000000 25.00000000
v 6.86280775 42.00000000 26.00000000
v 6.81167412 42.00000000 27.00000000
v 6.77816248 42.00000000 28.00000000
v 7.00000000 41.08116150 29.00000000
v 6.85145330 42.00000000 29.00000000
v 6.80950022 42.00000000 30.00000000
v 7.00000000 41.20033264 30.00000000
v 6.76176071 42.00000000 31.00000000
v 6.74639082 42.00000000 32.00000000
v 6.71591854 42.00000000 33.00000000
v 7.00000000 42.00000000 33.90154648
v 6.97837019 43.00000000 8.00000000
v 7.00000000 42.93678284 8.00000000
v 7.00000000 43.00000000 7.95494795
v 7.00000000 42.38990784 9.00000000
v 7.00000000 42.42107010 10.00000000
v 6.09595490 43.00000000 11.00000000
v 6.18665123 43.00000000 12.00000000
v 6.16186094 43.00000000 13.00000000
v 6.03072739 43.00000000 14.00000000
v 6.33217907 43.00000000 25.00000000
v 6.30233717 43.00000000 26.00000000
v 6.31525135 43.00000000 27.00000000
v 6.30353260 43.00000000 28.00000000
v 6.45917940 43.00000000 29.00000000
v 6.40822172 43.00000000 30.00000000
v 6.40907669 43.00000000 31.00000000
v 6.34900093 43.00000000 32.00000000
v 6.71824837 43.00000000 33.00000000
v 7.00000000 42.25799179 34.00000000
v 6.91631460 43.00000000 34.00000000
v 6.97140598 43.00000000 35.00000000
v 7.00000000 42.67047119 35.00000000
v 7.00000000 43.00000000 35.72648239
v 6.89943600 44.00000000 8.00000000
v 7.00000000 44.00000000 7.70593739
v 6.05361652 44.00000000 12.00000000
v 6.11766052 44.00000000 13.00000000
v 6.04315853 44.00000000 14.00000000
v 6.22107506 44.00000000 25.00000000
v 6.25830460 44.00000000 26.00000000
v 6.18574810 44.00000000 27.00000000
v 6.27033281 44.00000000 28.00000000
v 6.41516590 44.00000000 29.00000000
v 6.40021515 44.00000000 30.00000000
v 6.29416084 44.00000000 31.00000000
v 6.30435467 44.00000000 32.00000000
v 6.64409971 44.00000000 33.00000000
v 6.87776041 44.00000000 34.00000000
v 6.88334656 44.00000000 35.00000000
v 7.00000000 43.34109879 36.00000000
v 6.98089075 44.00000000 36.00000000
v 7.00000000 44.00000000 36.06789780
v 7.00000000 44.12597275 8.00000000
v 7.00000000 45.00000000 8.52714539
v 6.01806831 45.00000000 12.00000000
v 6.14193296 45.00000000 13.00000000
v 6.12381887 45.00000000 25.00000000
v 6.10306835 45.00000000 28.00000000
v 6.32481718 45.00000000 29.00000000
v 6.30879736 45.00000000 30.00000000
v 6.24735546 45.00000000 31.00000000
v 6.33477020 45.00000000 32.00000000
v 6.73547363 45.00000000 33.00000000
v 7.00000000 45.00000000 33.91636276
v 7.00000000 44.85660934 34.00000000
v 7.00000000 44.90791702 35.00000000
v 7.00000000 44.22098923 36.00000000
v 7.00000000 45.72055817 9.00000000
v 7.00000000 46.00000000 9.25715733
v 6.00705719 46.00000000 11.00000000
v 6.25804424 46.00000000 12.00000000
v 6.39086676 46.00000000 13.00000000
v 6.14946270 46.00000000 14.00000000
v 6.13993788 46.00000000 15.00000000
v 6.22020245 46.00000000 16.00000000
v 6.05081749 46.00000000 24.00000000
v 6.34613323 46.00000000 25.00000000
v 6.18468714 46.00000000 26.00000000
v 6.05964708 46.00000000 27.00000000
v 6.14200926 46.00000000 28.00000000
v 6.40768528 46.00000000 29.00000000
v 6.40829372 46.00000000 30.00000000
v 6.48347712 46.00000000 31.00000000
v 6.47017860 46.00000000 32.00000000
v 6.95976400 46.00000000 33.00000000
v 7.00000000 46.00000000 33.13779831
v 7.00000000 46.45595932 10.00000000
v 7.00000000 46.67303467 11.00000000
v 7.00000000 46.57974625 12.00000000
v 7.00000000 46.43405914 13.00000000
v 7.00000000 46.50336075 14.00000000
v 7.00000000 46.64193344 15.00000000
v 7.00000000 46.65185165 16.00000000
v 7.00000000 46.72797012 17.00000000
v 7.00000000 46.85649490 18.00000000
v 6.78526020 47.00000000 19.00000000
v 7.00000000 47.00000000 18.65690041
v 6.73112869 47.00000000 20.00000000
v 7.00000000 47.00000000 20.76621246
v 7.00000000 46.95156479 21.00000000
v 7.00000000 46.81563187 22.00000000
v 7.00000000 46.87247849 23.00000000
v 7.00000000 46.86991119 24.00000000
v 7.00000000 46.75271225 25.00000000
v 7.00000000 46.73614120 26.00000000
v 7.00000000 47.00000000 26.64769745
v 6.74650335 47.00000000 27.00000000
v 6.64869213 47.00000000 28.00000000
v 6.85069752 47.00000000 29.00000000
v 7.00000000 47.00000000 29.36149979
v 7.00000000 46.81970978 30.00000000
v 7.00000000 46.83114624 31.00000000
v 7.00000000 46.80120850 32.00000000
v 7.00000000 46.08200073 33.00000000
v 7.44507360 1.00000000 7.00000000
v 8.00000000 0.59437746 7.00000000
v 8.00000000 1.00000000 6.64645338
v 8.00000000 0.22443825 8.00000000
v 8.00000000 0.11889214 9.00000000
v 8.00000000 0.20742017 10.00000000
v 8.00000000 0.26240471 11.00000000
v 8.00000000 0.41219404 12.00000000
v 8.00000000 0.54935569 13.00000000
v 8.00000000 0.64043403 14.00000000
v 8.00000000 0.52239543 15.00000000
v 8.00000000 0.32778555 16.00000000
v 8.00000000 0.34448817 17.00000000
v 8.00000000 0.32820272 18.00000000
v 8.00000000 0.34778509 19.00000000
v 8.00000000 0.34929967 20.00000000
v 8.00000000 0.62643909 21.00000000
v 8.00000000 0.53191394 22.00000000
v 8.00000000 0.33961317 23.00000000
v 8.00000000 0.02896569 24.00000000
v 8.00000000 0.04779811 25.00000000
v 8.00000000 0.12350383 26.00000000
v 8.00000000 0.22567119 27.00000000
v 8.00000000 0.22706600 28.00000000
v 8.00000000 0.26115182 29.00000000
v 8.00000000 0.25323138 30.00000000
v 8.00000000 0.35522285 31.00000000
v 8.00000000 0.27342570 32.00000000
v 7.23128939 1.00000000 33.00000000
v 8.00000000 0.47801185 33.00000000
v 8.00000000 0.38817635 34.00000000
v 7.43467855 1.00000000 35.00000000
v 8.00000000 0.46886623 35.00000000
v 7.73860741 1.00000000 36.00000000
v 8.00000000 0.73039484 36.00000000
v 7.78982782 1.00000000 37.00000000
v 8.00000000 0.79937196 37.00000000
v 7.69284773 1.00000000 38.00000000
v 8.00000000 0.70048457 38.00000000
v 8.00000000 1.00000000 38.89952469
v 7.53729582 2.00000000 7.00000000
v 8.00000000 2.00000000 6.67237091
v 7.16854286 2.00000000 35.00000000
v 7.46337509 2.00000000 36.00000000
v 7.54194975 2.00000000 37.00000000
v 7.53240871 2.00000000 38.00000000
v 8.00000000 1.22188997 39.00000000
v 7.86822653 2.00000000 39.00000000
v 8.00000000 2.00000000 39.29922485
v 8.00000000 2.96531487 7.00000000
v 7.05182743 3.00000000 8.00000000
v 8.00000000 3.00000000 7.01395893
v 7.07260275 3.00000000 33.00000000
v 7.15673542 3.00000000 34.00000000
v 7.41673136 3.00000000 35.00000000
v 7.53856277 3.00000000 36.00000000
v 7.57181072 3.00000000 37.00000000
v 7.55879974 3.00000000 38.00000000
v 7.86950970 3.00000000 39.00000000
v 8.00000000 3.00000000 39.50735855
v 7.79782057 4.00000000 8.00000000
v 8.00000000 4.00000000 7.82053280
v 7.22578955 4.00000000 9.00000000
v 7.04768467 4.00000000 10.00000000
v 7.05329752 4.00000000 11.00000000
v 7.16126966 4.00000000 33.00000000
v 7.32583046 4.00000000 34.00000000
v 7.52571344 4.00000000 35.00000000
v 7.63686085 4.00000000 36.00000000
v 7.60035372 4.00000000 37.00000000
v 7.60314035 4.00000000 38.00000000
v 7.83046293 4.00000000 39.00000000
v 8.00000000 4.00000000 39.60243988
v 7.98299694 5.00000000 8.00000000
v 8.00000000 5.00000000 7.98219347
v 7.58977318 5.00000000 9.00000000
v 7.65774393 5.00000000 10.00000000
v 7.46664095 5.00000000 11.00000000
v 7.21973324 5.00000000 12.00000000
v 7.07340145 5.00000000 28.00000000
v 7.06997728 5.00000000 29.00000000
v 7.10019016 5.00000000 30.00000000
v 7.29837465 5.00000000 33.00000000
v 7.36334658 5.00000000 34.00000000
v 7.38369322 5.00000000 35.00000000
v 7.53855705 5.00000000 36.00000000
v 7.48093462 5.00000000 37.00000000
v 7.45126581 5.00000000 38.00000000
v 7.63221073 5.00000000 39.00000000
v 8.00000000 4.54512024 40.00000000
v 7.90666008 5.00000000 40.00000000
v 8.00000000 5.00000000 40.36922836
v 8.00000000 5.09574652 8.00000000
v 8.00000000 6.00000000 8.40188980
v 7.77509594 6.00000000 9.00000000
v 8.00000000 6.00000000 9.87834167
v 8.00000000 5.88309765 10.00000000
v 8.00000000 6.00000000 10.40980911
v 7.94536495 6.00000000 11.00000000
v 7.65722942 6.00000000 12.00000000
v 7.20959759 6.00000000 13.00000000
v 7.03793478 6.00000000 27.00000000
v 7.27683783 6.00000000 28.00000000
v 7.17208385 6.00000000 29.00000000
v 7.09667921 6.00000000 30.00000000
v 7.05802679 6.00000000 32.00000000
v 7.38486242 6.00000000 33.00000000
v 7.47639036 6.00000000 34.00000000
v 7.44311333 6.00000000 35.00000000
v 7.56485319 6.00000000 36.00000000
v 7.51620674 6.00000000 37.00000000
v 7.40222931 6.00000000 38.00000000
v 7.57241297 6.00000000 39.00000000
v 7.90611267 6.00000000 40.00000000
v 8.00000000 6.00000000 40.41452789
v 7.73260880 7.00000000 9.00000000
v 8.00000000 7.00000000 8.34922028
v 8.00000000 6.21690702 10.00000000
v 7.87634277 7.00000000 10.00000000
v 7.69015074 7.00000000 11.00000000
v 7.30375767 7.00000000 12.00000000
v 7.06759834 7.00000000 13.00000000
v 7.03802061 7.00000000 14.00000000
v 7.15119934 7.00000000 28.00000000
v 7.06503391 7.00000000 29.00000000
v 7.13818169 7.00000000 33.00000000
v 7.18995237 7.00000000 34.00000000
v 7.24680758 7.00000000 35.00000000
v 7.31569004 7.00000000 36.00000000
v 7.15884113 7.00000000 37.00000000
v 7.49512959 7.00000000 40.00000000
v 8.00000000 6.29702616 41.00000000
v 7.76035357 7.00000000 41.00000000
v 8.00000000 7.00000000 41.98408508
v 7.94606829 8.00000000 8.00000000
v 8.00000000 7.74560785 8.00000000
v 8.00000000 8.00000000 7.95757198
v 7.64252901 8.00000000 9.00000000
v 7.84945393 8.00000000 10.00000000
v 7.66168928 8.00000000 11.00000000
v 7.39126539 8.00000000 12.00000000
v 7.17228508 8.00000000 13.00000000
v 7.04181671 8.00000000 14.00000000
v 7.11292696 8.00000000 28.00000000
v 7.01972723 8.00000000 29.00000000
v 7.09192133 8.00000000 33.00000000
v 7.12558746 8.00000000 34.00000000
v 7.13579082 8.00000000 35.00000000
v 7.25375605 8.00000000 36.00000000
v 7.43508768 8.00000000 40.00000000
v 7.71955490 8.00000000 41.00000000
v 8.00000000 7.25353193 42.00000000
v 7.98713064 8.00000000 42.00000000
v 8.00000000 8.00000000 42.01571274
v 7.70454645 9.00000000 8.00000000
v 8.00000000 9.00000000 7.81723785
v 7.47008276 9.00000000 9.00000000
v 7.68289518 9.00000000 10.00000000
v 7.73286009 9.00000000 11.00000000
v 7.48523617 9.00000000 12.00000000
v 7.35402775 9.00000000 13.00000000
v 7.12317371 9.00000000 14.00000000
v 7.04516268 9.00000000 15.00000000
v 7.06831646 9.00000000 16.00000000
v 7.07338667 9.00000000 33.00000000
v 7.07889891 9.00000000 34.00000000
v 7.22843695 9.00000000 35.00000000
v 7.29079914 9.00000000 36.00000000
v 7.10948038 9.00000000 37.00000000
v 7.29625559 9.00000000 40.00000000
v 7.56052828 9.00000000 41.00000000
v 8.00000000 9.00000000 41.88387680
v 8.00000000 8.18172646 42.00000000
v 7.53754234 10.00000000 8.00000000
v 8.00000000 10.00000000 7.70481253
v 7.33485985 10.00000000 9.00000000
v 7.79817772 10.00000000 10.00000000
v 7.81525087 10.00000000 11.00000000
v 7.63043880 10.00000000 12.00000000
v 7.46514416 10.00000000 13.00000000
v 7.16997385 10.00000000 14.00000000
v 7.00430298 10.00000000 15.00000000
v 7.09122133 10.00000000 16.00000000
v 7.11389780 10.00000000 33.00000000
v 7.14624882 10.00000000 34.00000000
v 7.29915810 10.00000000 35.00000000
v 7.37074137 10.00000000 36.00000000
v 7.15888166 10.00000000 37.00000000
v 7.10346365 10.00000000 40.00000000
v 7.39800930 10.00000000 41.00000000
v 8.00000000 10.00000000 41.92583847
v 7.07277346 11.00000000 8.00000000
v 8.00000000 11.00000000 7.22692633
v 7.12894678 11.00000000 9.00000000
v 7.55160999 11.00000000 10.00000000
v 7.88074398 11.00000000 11.00000000
v 7.90472078 11.00000000 12.00000000
v 7.77043009 11.00000000 13.00000000
v 7.40794849 11.00000000 14.00000000
v 7.11169624 11.00000000 15.00000000
v 7.14454746 11.00000000 16.00000000
v 7.03841543 11.00000000 17.00000000
v 7.01858187 11.00000000 29.00000000
v 7.06225300 11.00000000 30.00000000
v 7.06914854 11.00000000 31.00000000
v 7.11316442 11.00000000 32.00000000
v 7.28256893 11.00000000 33.00000000
v 7.35824442 11.00000000 34.00000000
v 7.41343403 11.00000000 35.00000000
v 7.44014883 11.00000000 36.00000000
v 7.10408163 11.00000000 37.00000000
v 7.12680197 11.00000000 39.00000000
v 7.26939249 11.00000000 40.00000000
v 7.50919819 11.00000000 41.00000000
v 8.00000000 11.00000000 41.57019424
v 7.20111227 12.00000000 8.00000000
v 8.00000000 12.00000000 7.39458418
v 7.16879272 12.00000000 9.00000000
v 7.63171768 12.00000000 10.00000000
v 8.00000000 12.00000000 10.78859234
v 8.00000000 11.59875107 11.00000000
v 8.00000000 11.83027554 12.00000000
v 8.00000000 12.00000000 12.37164974
v 7.96588755 12.00000000 13.00000000
v 7.70269012 12.00000000 14.00000000
v 7.38685513 12.00000000 15.00000000
v 7.34038353 12.00000000 16.00000000
v 7.26006031 12.00000000 17.00000000
v 7.18026781 12.00000000 18.00000000
v 7.03355503 12.00000000 19.00000000
v 7.04850483 12.00000000 28.00000000
v 7.06518698 12.00000000 29.00000000
v 7.11729527 12.00000000 30.00000000
v 7.13865948 12.00000000 31.00000000
v 7.17071819 12.00000000 32.00000000
v 7.33652782 12.00000000 33.00000000
v 7.46052980 12.00000000 34.00000000
v 7.47005320 12.00000000 35.00000000
v 7.50956297 12.00000000 36.00000000
v 7.19869089 12.00000000 37.00000000
v 7.29587889 12.00000000 41.00000000
v 8.00000000 12.00000000 41.85327911
v 7.02637386 13.00000000 8.00000000
v 8.00000000 13.00000000 7.35422230
v 7.68849039 13.00000000 10.00000000
v 8.00000000 13.00000000 10.69503498
v 8.00000000 12.18951130 13.00000000
v 8.00000000 13.00000000 13.49327469
v 7.84389257 13.00000000 14.00000000
v 7.44106913 13.00000000 15.00000000
v 7.35374260 13.00000000 16.00000000
v 7.25244427 13.00000000 17.00000000
v 7.22361851 13.00000000 18.00000000
v 7.08867741 13.00000000 19.00000000
v 7.03807068 13.00000000 20.00000000
v 7.03117800 13.00000000 21.00000000
v 7.03478575 13.00000000 27.00000000
v 7.08821917 13.00000000 28.00000000
v 7.12026358 13.00000000 29.00000000
v 7.15629005 13.00000000 30.00000000
v 7.18499470 13.00000000 31.00000000
v 7.20163822 13.00000000 32.00000000
v 7.39371872 13.00000000 33.00000000
v 7.43250084 13.00000000 34.00000000
v 7.46273756 13.00000000 35.00000000
v 7.49954653 13.00000000 36.00000000
v 7.18749237 13.00000000 37.00000000
v 8.00000000 13.00000000 41.80372620
v 8.00000000 14.00000000 7.36197329
v 7.11299419 14.00000000 9.00000000
v 8.00000000 14.00000000 9.99183941
v 8.00000000 13.97719669 10.00000000
v 7.96622753 14.00000000 14.00000000
v 8.00000000 14.00000000 13.90051460
v 7.50298357 14.00000000 15.00000000
v 7.31779671 14.00000000 16.00000000
v 7.27221394 14.00000000 17.00000000
v 7.24159193 14.00000000 18.00000000
v 7.13520241 14.00000000 19.00000000
v 7.06485319 14.00000000 20.00000000
v 7.11694622 14.00000000 21.00000000
v 7.03068113 14.00000000 22.00000000
v 7.03495359 14.00000000 27.00000000
v 7.08481693 14.00000000 28.00000000
v 7.09845304 14.00000000 29.00000000
v 7.16233110 14.00000000 30.00000000
v 7.18471146 14.00000000 31.00000000
v 7.19574976 14.00000000 32.00000000
v 7.34589291 14.00000000 33.00000000
v 7.39525366 14.00000000 34.00000000
v 7.42164564 14.00000000 35.00000000
v 7.41789818 14.00000000 36.00000000
v 7.10111856 14.00000000 37.00000000
v 8.00000000 14.00000000 41.60717010
v 8.00000000 15.00000000 7.17971468
v 8.00000000 15.00000000 9.89247131
v 8.00000000 14.31770229 14.00000000
v 8.00000000 15.00000000 14.13042641
v 7.58709812 15.00000000 15.00000000
v 7.41546202 15.00000000 16.00000000
v 7.33307981 15.00000000 17.00000000
v 7.28966665 15.00000000 18.00000000
v 7.20489359 15.00000000 19.00000000
v 7.21340275 15.00000000 20.00000000
v 7.21111870 15.00000000 21.00000000
v 7.14034843 15.00000000 22.00000000
v 7.03223896 15.00000000 27.00000000
v 7.04882431 15.00000000 28.00000000
v 7.03269911 15.00000000 29.00000000
v 7.06921625 15.00000000 30.00000000
v 7.16476583 15.00000000 31.00000000
v 7.22439909 15.00000000 32.00000000
v 7.37608099 15.00000000 33.00000000
v 7.39276648 15.00000000 34.00000000
v 7.45324326 15.00000000 35.00000000
v 7.36493301 15.00000000 36.00000000
v 7.20850086 15.00000000 37.00000000
v 8.00000000 15.00000000 41.91796112
v 8.00000000 16.00000000 7.06416273
v 8.00000000 16.00000000 9.92555332
v 7.98561954 16.00000000 14.00000000
v 8.00000000 15.82092762 14.00000000
v 8.00000000 16.00000000 13.94914150
v 7.51452875 16.00000000 15.00000000
v 7.37593651 16.00000000 16.00000000
v 7.29962730 16.00000000 17.00000000
v 7.28502131 16.00000000 18.00000000
v 7.21895981 16.00000000 19.00000000
v 7.17844296 16.00000000 20.00000000
v 7.21465445 16.00000000 21.00000000
v 7.10506058 16.00000000 22.00000000
v 7.00500488 16.00000000 27.00000000
v 7.07203341 16.00000000 28.00000000
v 7.08775091 16.00000000 29.00000000
v 7.11035299 16.00000000 30.00000000
v 7.25572109 16.00000000 31.00000000
v 7.31977129 16.00000000 32.00000000
v 7.41962719 16.00000000 33.00000000
v 7.38309526 16.00000000 34.00000000
v 7.42049122 16.00000000 35.00000000
v 7.33825445 16.00000000 36.00000000
v 7.17339802 16.00000000 37.00000000
v 7.05908346 16.00000000 39.00000000
v 8.00000000 16.00000000 41.61883163
v 7.59584904 17.00000000 7.00000000
v 8.00000000 16.29943657 7.00000000
v 8.00000000 17.00000000 6.89865255
v 8.00000000 16.20828438 10.00000000
v 7.69579935 17.00000000 10.00000000
v 8.00000000 17.00000000 10.36926746
v 7.93671846 17.00000000 14.00000000
v 8.00000000 17.00000000 13.75015354
v 7.57267570 17.00000000 15.00000000
v 7.34296608 17.00000000 16.00000000
v 7.26188469 17.00000000 17.00000000
v 7.18042755 17.00000000 18.00000000
v 7.09110165 17.00000000 19.00000000
v 7.06912422 17.00000000 20.00000000
v 7.05297327 17.00000000 26.00000000
v 7.05212164 17.00000000 27.00000000
v 7.06592941 17.00000000 28.00000000
v 7.08958483 17.00000000 29.00000000
v 7.15229511 17.00000000 30.00000000
v 7.29807806 17.00000000 31.00000000
v 7.34897137 17.00000000 32.00000000
v 7.35458565 17.00000000 33.00000000
v 7.31334639 17.00000000 34.00000000
v 7.45016861 17.00000000 35.00000000
v 7.47034454 17.00000000 36.00000000
v 7.26704550 17.00000000 37.00000000
v 7.17919779 17.00000000 38.00000000
v 7.31665659 17.00000000 39.00000000
v 8.00000000 17.00000000 41.48534775
v 7.58284569 18.00000000 7.00000000
v 8.00000000 18.00000000 6.94104624
v 7.47386503 18.00000000 10.00000000
v 8.00000000 18.00000000 10.60395336
v 7.99990988 18.00000000 13.00000000
v 8.00000000 17.99951935 13.00000000
v 8.00000000 18.00000000 12.99926853
v 7.86889744 18.00000000 14.00000000
v 7.63143301 18.00000000 15.00000000
v 7.37397099 18.00000000 16.00000000
v 7.25545311 18.00000000 17.00000000
v 7.25440407 18.00000000 18.00000000
v 7.11816502 18.00000000 26.00000000
v 7.03743219 18.00000000 27.00000000
v 7.04684877 18.00000000 28.00000000
v 7.04399776 18.00000000 29.00000000
v 7.14966536 18.00000000 30.00000000
v 7.29616642 18.00000000 31.00000000
v 7.25120735 18.00000000 32.00000000
v 7.25357389 18.00000000 33.00000000
v 7.24894190 18.00000000 34.00000000
v 7.43829155 18.00000000 35.00000000
v 7.40732765 18.00000000 36.00000000
v 7.30815363 18.00000000 37.00000000
v 7.33492756 18.00000000 38.00000000
v 7.63017559 18.00000000 39.00000000
v 7.13061237 18.00000000 40.00000000
v 8.00000000 18.00000000 41.59467316
v 7.43248606 19.00000000 7.00000000
v 8.00000000 19.00000000 6.84542799
v 7.56697893 19.00000000 10.00000000
v 8.00000000 19.00000000 10.71543503
v 8.00000000 18.01002693 13.00000000
v 8.00000000 19.00000000 13.11918831
v 7.90579748 19.00000000 14.00000000
v 7.50917196 19.00000000 15.00000000
v 7.24133825 19.00000000 16.00000000
v 7.21652317 19.00000000 17.00000000
v 7.08197308 19.00000000 18.00000000
v 7.05403233 19.00000000 25.00000000
v 7.17438650 19.00000000 26.00000000
v 7.03324127 19.00000000 27.00000000
v 7.06250811 19.00000000 31.00000000
v 7.11810493 19.00000000 32.00000000
v 7.19128132 19.00000000 33.00000000
v 7.15564299 19.00000000 34.00000000
v 7.43123198 19.00000000 35.00000000
v 7.46549463 19.00000000 36.00000000
v 7.40351057 19.00000000 37.00000000
v 7.60221434 19.00000000 38.00000000
v 7.69542265 19.00000000 39.00000000
v 7.10124111 19.00000000 40.00000000
v 8.00000000 19.00000000 41.73818588
v 8.00000000 19.97872925 7.00000000
v 8.00000000 20.00000000 7.00364161
v 7.42643309 20.00000000 10.00000000
v 8.00000000 20.00000000 10.91139889
v 7.94282866 20.00000000 12.00000000
v 8.00000000 19.45334625 12.00000000
v 8.00000000 20.00000000 11.45567799
v 8.00000000 20.00000000 12.69752216
v 7.94384861 20.00000000 14.00000000
v 8.00000000 20.00000000 13.35556984
v 7.63650703 20.00000000 15.00000000
v 7.24930477 20.00000000 16.00000000
v 7.15890789 20.00000000 17.00000000
v 7.07110357 20.00000000 25.00000000
v 7.22889614 20.00000000 26.00000000
v 7.10417080 20.00000000 27.00000000
v 7.05393600 20.00000000 28.00000000
v 7.08670330 20.00000000 33.00000000
v 7.08695745 20.00000000 34.00000000
v 7.40097380 20.00000000 35.00000000
v 7.48872185 20.00000000 36.00000000
v 7.50474024 20.00000000 37.00000000
v 7.54966211 20.00000000 38.00000000
v 7.43086243 20.00000000 39.00000000
v 8.00000000 19.34190941 42.00000000
v 8.00000000 20.00000000 42.17021179
v 8.00000000 21.00000000 7.02080393
v 7.52590036 21.00000000 10.00000000
v 8.00000000 20.28791618 11.00000000
v 7.88524437 21.00000000 11.00000000
v 7.92430830 21.00000000 12.00000000
v 8.00000000 21.00000000 12.83664513
v 8.00000000 20.49141312 14.00000000
v 8.00000000 21.00000000 14.21087265
v 7.80526018 21.00000000 15.00000000
v 7.48200464 21.00000000 16.00000000
v 7.19672298 21.00000000 17.00000000
v 7.13446951 21.00000000 26.00000000
v 7.06695032 21.00000000 34.00000000
v 7.19524145 21.00000000 35.00000000
v 7.23650503 21.00000000 36.00000000
v 7.47424459 21.00000000 37.00000000
v 7.93251324 21.00000000 38.00000000
v 7.28077126 21.00000000 39.00000000
v 7.08688450 21.00000000 42.00000000
v 8.00000000 21.00000000 42.16664124
v 8.00000000 22.00000000 7.21877193
v 7.04426622 22.00000000 9.00000000
v 7.85006189 22.00000000 10.00000000
v 8.00000000 22.00000000 10.47503757
v 8.00000000 21.41069031 11.00000000
v 8.00000000 21.44378471 12.00000000
v 8.00000000 21.99273300 15.00000000
v 8.00000000 22.00000000 15.00364208
v 7.56092930 22.00000000 16.00000000
v 7.25500107 22.00000000 17.00000000
v 7.14210701 22.00000000 35.00000000
v 7.10959196 22.00000000 36.00000000
v 7.50996113 22.00000000 37.00000000
v 7.72653723 22.00000000 38.00000000
v 7.28992844 22.00000000 39.00000000
v 7.09335804 22.00000000 42.00000000
v 8.00000000 22.00000000 42.15007019
v 7.94429874 23.00000000 7.00000000
v 8.00000000 22.88740158 7.00000000
v 8.00000000 23.00000000 6.98496437
v 7.12096024 23.00000000 9.00000000
v 7.78293657 23.00000000 10.00000000
v 8.00000000 22.83465767 11.00000000
v 7.97176218 23.00000000 11.00000000
v 8.00000000 23.00000000 11.86162949
v 7.95523214 23.00000000 14.00000000
v 8.00000000 22.83217621 14.00000000
v 8.00000000 23.00000000 13.56774902
v 8.00000000 23.00000000 14.37666702
v 7.70499563 23.00000000 16.00000000
v 8.00000000 23.00000000 15.25142384
v 7.32477570 23.00000000 17.00000000
v 7.15040398 23.00000000 37.00000000
v 7.36213923 23.00000000 38.00000000
v 7.22653627 23.00000000 39.00000000
v 7.24406624 23.00000000 42.00000000
v 8.00000000 23.00000000 42.21939468
v 7.82865858 24.00000000 7.00000000
v 8.00000000 24.00000000 6.93579912
v 7.26316071 24.00000000 9.00000000
v 7.86580324 24.00000000 10.00000000
v 8.00000000 24.00000000 10.66856003
v 8.00000000 23.30009079 11.00000000
v 7.95174646 24.00000000 14.00000000
v 8.00000000 24.00000000 13.37906075
v 8.00000000 23.81861115 15.00000000
v 7.97964478 24.00000000 15.00000000
v 7.64599895 24.00000000 16.00000000
v 7.28007460 24.00000000 17.00000000
v 7.09907246 24.00000000 35.00000000
v 7.03145123 24.00000000 36.00000000
v 7.35456181 24.00000000 37.00000000
v 7.52393198 24.00000000 38.00000000
v 7.37631798 24.00000000 39.00000000
v 7.80403090 24.00000000 42.00000000
v 8.00000000 24.00000000 42.04843140
v 8.00000000 24.21351433 7.00000000
v 7.02244854 25.00000000 8.00000000
v 8.00000000 25.00000000 7.36985540
v 7.19890690 25.00000000 9.00000000
v 7.85544920 25.00000000 10.00000000
v 8.00000000 25.00000000 10.51705551
v 7.92411995 25.00000000 14.00000000
v 8.00000000 25.00000000 13.37681007
v 7.81981850 25.00000000 15.00000000
v 7.31992531 25.00000000 16.00000000
v 7.24829006 25.00000000 17.00000000
v 7.07534504 25.00000000 33.00000000
v 7.16171265 25.00000000 34.00000000
v 7.26484489 25.00000000 35.00000000
v 7.27379560 25.00000000 36.00000000
v 7.35871935 25.00000000 37.00000000
v 7.37526655 25.00000000 38.00000000
v 7.29298306 25.00000000 39.00000000
v 7.03268719 25.00000000 40.00000000
v 7.79510975 25.00000000 42.00000000
v 8.00000000 25.00000000 42.05973816
v 7.29484606 26.00000000 8.00000000
v 8.00000000 26.00000000 7.50552416
v 7.19462109 26.00000000 9.00000000
v 7.82774878 26.00000000 10.00000000
v 8.00000000 26.00000000 10.51853371
v 7.88123703 26.00000000 13.00000000
v 8.00000000 25.26723099 13.00000000
v 8.00000000 26.00000000 12.41408634
v 7.69467258 26.00000000 14.00000000
v 7.76659346 26.00000000 15.00000000
v 7.30998421 26.00000000 16.00000000
v 7.26782560 26.00000000 17.00000000
v 7.14096546 26.00000000 18.00000000
v 7.02047396 26.00000000 30.00000000
v 7.05991793 26.00000000 31.00000000
v 7.13090038 26.00000000 33.00000000
v 7.25539112 26.00000000 34.00000000
v 7.29590082 26.00000000 35.00000000
v 7.25551558 26.00000000 36.00000000
v 7.18211269 26.00000000 37.00000000
v 7.12738514 26.00000000 38.00000000
v 7.09998083 26.00000000 39.00000000
v 7.70972872 26.00000000 42.00000000
v 8.00000000 26.00000000 42.07534790
v 7.12973833 27.00000000 8.00000000
v 8.00000000 27.00000000 7.52985716
v 7.41134548 27.00000000 9.00000000
v 8.00000000 27.00000000 9.97151947
v 8.00000000 26.93675995 10.00000000
v 7.76732969 27.00000000 13.00000000
v 8.00000000 27.00000000 12.13071060
v 7.63356447 27.00000000 14.00000000
v 7.51211739 27.00000000 15.00000000
v 7.05607510 27.00000000 16.00000000
v 7.05971861 27.00000000 17.00000000
v 7.13176823 27.00000000 30.00000000
v 7.11231661 27.00000000 31.00000000
v 7.04042244 27.00000000 32.00000000
v 7.24478340 27.00000000 33.00000000
v 7.31752872 27.00000000 34.00000000
v 7.35126543 27.00000000 35.00000000
v 7.20328760 27.00000000 36.00000000
v 7.08156729 27.00000000 40.00000000
v 7.04165792 27.00000000 41.00000000
v 8.00000000 27.00000000 41.77555084
v 8.00000000 26.51323891 42.00000000
v 7.26274395 28.00000000 8.00000000
v 8.00000000 28.00000000 7.47184324
v 7.34749031 28.00000000 9.00000000
v 8.00000000 27.09390259 10.00000000
v 7.87654257 28.00000000 10.00000000
v 8.00000000 28.00000000 10.62971878
v 7.96008730 28.00000000 12.00000000
v 8.00000000 27.43319511 12.00000000
v 8.00000000 28.00000000 11.64175320
v 7.84333038 28.00000000 13.00000000
v 7.83605814 28.00000000 14.00000000
v 7.90634489 28.00000000 15.00000000
v 7.41339254 28.00000000 16.00000000
v 7.17937279 28.00000000 17.00000000
v 7.01806784 28.00000000 30.00000000
v 7.08193922 28.00000000 33.00000000
v 7.20957613 28.00000000 34.00000000
v 7.14310932 28.00000000 35.00000000
v 7.09987164 28.00000000 36.00000000
v 7.03820324 28.00000000 41.00000000
v 8.00000000 27.45691872 42.00000000
v 7.65579462 28.00000000 42.00000000
v 8.00000000 28.00000000 42.11980057
v 7.10663033 29.00000000 8.00000000
v 8.00000000 29.00000000 7.29886532
v 7.46349955 29.00000000 9.00000000
v 7.87576103 29.00000000 10.00000000
v 8.00000000 29.00000000 10.70147514
v 8.00000000 28.74842453 12.00000000
v 8.00000000 29.00000000 12.40276241
v 7.97690916 29.00000000 13.00000000
v 7.92619705 29.00000000 14.00000000
v 7.73443222 29.00000000 15.00000000
v 7.25544786 29.00000000 16.00000000
v 7.03898335 29.00000000 33.00000000
v 7.02080011 29.00000000 34.00000000
v 7.11469507 29.00000000 35.00000000
v 7.10693169 29.00000000 36.00000000
v 7.08396769 29.00000000 42.00000000
v 8.00000000 29.00000000 42.40994644
v 7.26438808 30.00000000 8.00000000
v 8.00000000 30.00000000 7.41894960
v 7.45017529 30.00000000 9.00000000
v 8.00000000 30.00000000 9.99808407
v 8.00000000 29.99258423 10.00000000
v 7.97129822 30.00000000 13.00000000
v 8.00000000 30.00000000 12.79287434
v 7.76054716 30.00000000 14.00000000
v 7.38967896 30.00000000 15.00000000
v 7.02584219 30.00000000 33.00000000
v 7.00688696 30.00000000 35.00000000
v 7.05088615 30.00000000 36.00000000
v 7.10272694 30.00000000 42.00000000
v 8.00000000 30.00000000 42.37485123
v 7.51595068 31.00000000 8.00000000
v 8.00000000 31.00000000 7.59501982
v 7.48515654 31.00000000 9.00000000
v 8.00000000 30.02325630 10.00000000
v 7.95892382 31.00000000 10.00000000
v 8.00000000 31.00000000 10.18591690
v 8.00000000 30.13466072 13.00000000
v 8.00000000 31.00000000 13.44268513
v 7.78471565 31.00000000 14.00000000
v 7.30088615 31.00000000 15.00000000
v 7.14692020 31.00000000 33.00000000
v 7.10216331 31.00000000 34.00000000
v 7.15342760 31.00000000 35.00000000
v 7.18335152 31.00000000 36.00000000
v 8.00000000 31.00000000 42.40930176
v 7.59386873 32.00000000 8.00000000
v 8.00000000 32.00000000 7.63597250
v 7.61210489 32.00000000 9.00000000
v 8.00000000 32.00000000 9.80359173
v 8.00000000 31.31848526 10.00000000
v 7.66001892 32.00000000 14.00000000
v 8.00000000 32.00000000 13.10898209
v 7.01682329 32.00000000 31.00000000
v 7.10121059 32.00000000 32.00000000
v 7.22949314 32.00000000 33.00000000
v 7.18387175 32.00000000 34.00000000
v 7.21773577 32.00000000 35.00000000
v 7.22175884 32.00000000 36.00000000
v 7.07058764 32.00000000 37.00000000
v 7.31107140 32.00000000 42.00000000
v 8.00000000 32.00000000 42.19800949
v 7.50810003 33.00000000 8.00000000
v 8.00000000 33.00000000 7.60998154
v 7.57105827 33.00000000 9.00000000
v 8.00000000 33.00000000 9.67747974
v 7.69380236 33.00000000 14.00000000
v 8.00000000 33.00000000 13.28533077
v 7.04885530 33.00000000 31.00000000
v 7.19033337 33.00000000 32.00000000
v 7.21792030 33.00000000 33.00000000
v 7.18782139 33.00000000 34.00000000
v 7.27350616 33.00000000 35.00000000
v 7.32175159 33.00000000 36.00000000
v 7.71958828 33.00000000 42.00000000
v 8.00000000 33.00000000 42.08043289
v 7.53692865 34.00000000 8.00000000
v 8.00000000 34.00000000 7.58674479
v 7.56473255 34.00000000 9.00000000
v 8.00000000 34.00000000 9.98832607
v 7.96748781 34.00000000 12.00000000
v 8.00000000 33.86967087 12.00000000
v 8.00000000 34.00000000 11.89727116
v 7.91594315 34.00000000 13.00000000
v 8.00000000 33.56789017 13.00000000
v 7.52665281 34.00000000 14.00000000
v 7.02376890 34.00000000 29.00000000
v 7.07767677 34.00000000 30.00000000
v 7.15172482 34.00000000 31.00000000
v 7.16422844 34.00000000 32.00000000
v 7.24738836 34.00000000 33.00000000
v 7.21101761 34.00000000 34.00000000
v 7.37079573 34.00000000 35.00000000
v 7.33170366 34.00000000 36.00000000
v 7.08950901 34.00000000 37.00000000
v 7.72056961 34.00000000 42.00000000
v 8.00000000 34.00000000 42.09835434
v 7.77488041 35.00000000 8.00000000
v 8.00000000 35.00000000 7.80413103
v 7.99503136 35.00000000 9.00000000
v 8.00000000 35.00000000 9.01455212
v 7.91408396 35.00000000 11.00000000
v 8.00000000 34.73838043 11.00000000
v 8.00000000 35.00000000 10.74579811
v 7.71624947 35.00000000 12.00000000
v 7.66353512 35.00000000 13.00000000
v 7.40887499 35.00000000 14.00000000
v 7.12449121 35.00000000 29.00000000
v 7.19275188 35.00000000 30.00000000
v 7.24656916 35.00000000 31.00000000
v 7.31682920 35.00000000 32.00000000
v 7.26644993 35.00000000 33.00000000
v 7.28197670 35.00000000 34.00000000
v 7.39678240 35.00000000 35.00000000
v 7.34668636 35.00000000 36.00000000
v 7.05340815 35.00000000 37.00000000
v 7.00252628 35.00000000 38.00000000
v 7.76212978 35.00000000 42.00000000
v 8.00000000 35.00000000 42.06530762
v 7.87972689 36.00000000 8.00000000
v 8.00000000 36.00000000 7.86803818
v 7.96321487 36.00000000 9.00000000
v 8.00000000 36.00000000 9.12001228
v 7.96480656 36.00000000 11.00000000
v 8.00000000 36.00000000 10.85642910
v 7.74645138 36.00000000 12.00000000
v 7.78575468 36.00000000 13.00000000
v 7.60436726 36.00000000 14.00000000
v 7.10293484 36.00000000 15.00000000
v 7.05640125 36.00000000 29.00000000
v 7.11759949 36.00000000 30.00000000
v 7.13851881 36.00000000 31.00000000
v 7.20055056 36.00000000 32.00000000
v 7.19827127 36.00000000 33.00000000
v 7.24883795 36.00000000 34.00000000
v 7.35551214 36.00000000 35.00000000
v 7.29724169 36.00000000 36.00000000
v 7.39766455 36.00000000 42.00000000
v 8.00000000 36.00000000 42.20927048
v 7.62385559 37.00000000 8.00000000
v 8.00000000 37.00000000 7.67436743
v 7.89557219 37.00000000 9.00000000
v 8.00000000 37.00000000 9.20712185
v 8.00000000 36.51534271 11.00000000
v 8.00000000 36.96929932 12.00000000
v 8.00000000 36.88115311 13.00000000
v 8.00000000 37.00000000 13.18690777
v 7.86396837 37.00000000 14.00000000
v 7.42650175 37.00000000 15.00000000
v 7.15480328 37.00000000 16.00000000
v 7.02224874 37.00000000 28.00000000
v 7.07493639 37.00000000 29.00000000
v 7.08711815 37.00000000 30.00000000
v 7.06460285 37.00000000 31.00000000
v 7.10278559 37.00000000 32.00000000
v 7.08915663 37.00000000 33.00000000
v 7.23715973 37.00000000 34.00000000
v 7.29520369 37.00000000 35.00000000
v 7.25785112 37.00000000 36.00000000
v 7.07857084 37.00000000 37.00000000
v 7.12259102 37.00000000 38.00000000
v 8.00000000 37.00000000 41.88726425
v 8.00000000 36.76137161 42.00000000
v 7.50061321 38.00000000 8.00000000
v 8.00000000 38.00000000 7.59110975
v 7.78218412 38.00000000 9.00000000
v 8.00000000 38.00000000 9.35725594
v 7.88534641 38.00000000 14.00000000
v 8.00000000 38.00000000 13.31040764
v 7.40715408 38.00000000 15.00000000
v 7.00370264 38.00000000 16.00000000
v 7.15105200 38.00000000 25.00000000
v 7.15774155 38.00000000 26.00000000
v 7.10167503 38.00000000 27.00000000
v 7.02093506 38.00000000 28.00000000
v 7.08587313 38.00000000 29.00000000
v 7.12793922 38.00000000 30.00000000
v 7.06724262 38.00000000 31.00000000
v 7.05440378 38.00000000 32.00000000
v 7.06726885 38.00000000 33.00000000
v 7.25664520 38.00000000 34.00000000
v 7.35285330 38.00000000 35.00000000
v 7.25749826 38.00000000 36.00000000
v 7.29432154 38.00000000 37.00000000
v 7.30890322 38.00000000 38.00000000
v 7.29304028 38.00000000 39.00000000
v 8.00000000 38.00000000 41.67530060
v 7.53813601 39.00000000 8.00000000
v 8.00000000 39.00000000 7.60682631
v 7.87327147 39.00000000 9.00000000
v 8.00000000 39.00000000 9.22340393
v 7.66038465 39.00000000 14.00000000
v 8.00000000 39.00000000 13.44393444
v 7.11365366 39.00000000 15.00000000
v 7.02305508 39.00000000 22.00000000
v 7.05233240 39.00000000 23.00000000
v 7.17594862 39.00000000 25.00000000
v 7.20455742 39.00000000 26.00000000
v 7.15622950 39.00000000 27.00000000
v 7.13075781 39.00000000 28.00000000
v 7.22077608 39.00000000 29.00000000
v 7.20385170 39.00000000 30.00000000
v 7.09676600 39.00000000 31.00000000
v 7.07733822 39.00000000 32.00000000
v 7.13677740 39.00000000 33.00000000
v 7.34231520 39.00000000 34.00000000
v 7.31910563 39.00000000 35.00000000
v 7.25716734 39.00000000 36.00000000
v 7.38352919 39.00000000 37.00000000
v 7.45706987 39.00000000 38.00000000
v 7.41203499 39.00000000 39.00000000
v 7.02681541 39.00000000 40.00000000
v 7.19577885 39.00000000 41.00000000
v 8.00000000 39.00000000 41.63464355
v 7.51989269 40.00000000 8.00000000
v 8.00000000 40.00000000 7.49648046
v 7.84738779 40.00000000 9.00000000
v 8.00000000 40.00000000 9.23620892
v 7.37303305 40.00000000 14.00000000
v 8.00000000 40.00000000 13.11189270
v 7.01480293 40.00000000 20.00000000
v 7.06666708 40.00000000 22.00000000
v 7.09631252 40.00000000 23.00000000
v 7.01208162 40.00000000 24.00000000
v 7.15176010 40.00000000 25.00000000
v 7.12623930 40.00000000 26.00000000
v 7.06714344 40.00000000 27.00000000
v 7.08279467 40.00000000 28.00000000
v 7.16708040 40.00000000 29.00000000
v 7.15312767 40.00000000 30.00000000
v 7.05563307 40.00000000 31.00000000
v 7.09354353 40.00000000 32.00000000
v 7.11662436 40.00000000 33.00000000
v 7.33116436 40.00000000 34.00000000
v 7.37788773 40.00000000 35.00000000
v 7.35757828 40.00000000 36.00000000
v 7.52452183 40.00000000 37.00000000
v 7.63190985 40.00000000 38.00000000
v 7.64874363 40.00000000 39.00000000
v 7.28586578 40.00000000 40.00000000
v 7.58896208 40.00000000 41.00000000
v 8.00000000 40.00000000 41.35286713
v 7.50507545 41.00000000 8.00000000
v 8.00000000 41.00000000 7.40072823
v 7.79642200 41.00000000 9.00000000
v 8.00000000 41.00000000 9.42115784
v 7.52344179 41.00000000 11.00000000
v 8.00000000 40.48923111 11.00000000
v 8.00000000 41.00000000 10.37745953
v 7.46309090 41.00000000 12.00000000
v 8.00000000 40.48752213 12.00000000
v 7.31850433 41.00000000 13.00000000
v 8.00000000 40.11629486 13.00000000
v 7.01339722 41.00000000 29.00000000
v 7.04761314 41.00000000 30.00000000
v 7.22853470 41.00000000 34.00000000
v 7.25963116 41.00000000 35.00000000
v 7.29074144 41.00000000 36.00000000
v 7.45446253 41.00000000 37.00000000
v 7.67391872 41.00000000 38.00000000
v 7.68749714 41.00000000 39.00000000
v 7.44495535 41.00000000 40.00000000
v 7.54219961 41.00000000 41.00000000
v 8.00000000 41.00000000 41.42591476
v 7.46250677 42.00000000 8.00000000
v 8.00000000 42.00000000 7.51105404
v 7.60418558 42.00000000 9.00000000
v 8.00000000 41.75921249 10.00000000
v 7.87414217 42.00000000 10.00000000
v 7.03476000 42.00000000 34.00000000
v 7.07503319 42.00000000 35.00000000
v 7.12640190 42.00000000 36.00000000
v 7.39183712 42.00000000 37.00000000
v 7.77653790 42.00000000 38.00000000
v 7.77530575 42.00000000 39.00000000
v 7.51559639 42.00000000 40.00000000
v 7.61491060 42.00000000 41.00000000
v 8.00000000 42.00000000 41.36693954
v 7.64589643 43.00000000 7.00000000
v 8.00000000 42.60768127 7.00000000
v 8.00000000 43.00000000 6.84674120
v 7.01376104 43.00000000 36.00000000
v 7.41217327 43.00000000 37.00000000
v 7.83188772 43.00000000 38.00000000
v 7.93866396 43.00000000 39.00000000
v 7.57693386 43.00000000 40.00000000
v 7.81669903 43.00000000 41.00000000
v 8.00000000 43.00000000 41.17374420
v 7.37041426 44.00000000 7.00000000
v 8.00000000 44.00000000 6.71354723
v 7.33395243 44.00000000 37.00000000
v 7.68337917 44.00000000 38.00000000
v 7.75834608 44.00000000 39.00000000
v 7.42552042 44.00000000 40.00000000
v 7.63857460 44.00000000 41.00000000
v 8.00000000 44.00000000 41.44245529
v 8.00000000 44.79368210 7.00000000
v 7.76850605 45.00000000 8.00000000
v 8.00000000 45.00000000 7.33665657
v 7.03182077 45.00000000 34.00000000
v 7.01801205 45.00000000 35.00000000
v 7.11050177 45.00000000 36.00000000
v 7.36913490 45.00000000 37.00000000
v 7.60627985 45.00000000 38.00000000
v 7.70454597 45.00000000 39.00000000
v 7.39264393 45.00000000 40.00000000
v 7.55869961 45.00000000 41.00000000
v 8.00000000 45.00000000 41.63538742
v 8.00000000 45.30832291 8.00000000
v 7.32533646 46.00000000 9.00000000
v 8.00000000 46.00000000 8.48366547
v 7.35599661 46.00000000 34.00000000
v 7.50150347 46.00000000 35.00000000
v 7.46309233 46.00000000 36.00000000
v 7.59828663 46.00000000 37.00000000
v 7.69713020 46.00000000 38.00000000
v 7.85689116 46.00000000 39.00000000
v 7.51183748 46.00000000 40.00000000
v 7.86941051 46.00000000 41.00000000
v 8.00000000 46.00000000 41.21559143
v 8.00000000 46.40977859 9.00000000
v 8.00000000 46.75410080 10.00000000
v 8.00000000 46.90210724 11.00000000
v 8.00000000 46.89563370 12.00000000
v 8.00000000 46.83470154 13.00000000
v 8.00000000 46.81043625 14.00000000
v 8.00000000 46.90912247 15.00000000
v 7.90803051 47.00000000 16.00000000
v 8.00000000 47.00000000 15.78313351
v 7.95421553 47.00000000 17.00000000
v 7.70433617 47.00000000 18.00000000
v 7.19711494 47.00000000 21.00000000
v 7.73863602 47.00000000 22.00000000
v 7.55727577 47.00000000 23.00000000
v 7.40078211 47.00000000 24.00000000
v 8.00000000 47.00000000 24.94239426
v 8.00000000 46.99232101 25.00000000
v 8.00000000 46.91138077 26.00000000
v 8.00000000 47.00000000 26.67373848
v 8.00000000 47.00000000 29.73335457
v 8.00000000 46.96753311 30.00000000
v 8.00000000 46.99345779 31.00000000
v 7.74152327 47.00000000 32.00000000
v 8.00000000 47.00000000 31.12791443
v 8.00000000 47.00000000 32.15233231
v 8.00000000 46.73858643 33.00000000
v 8.00000000 46.49098587 34.00000000
v 8.00000000 46.33338165 35.00000000
v 8.00000000 46.43544006 36.00000000
v 8.00000000 46.38557816 37.00000000
v 8.00000000 46.34268188 38.00000000
v 8.00000000 46.15167999 39.00000000
v 8.00000000 46.44021988 40.00000000
v 8.00000000 46.11449814 41.00000000
v 9.00000000 0.42878574 7.00000000
v 9.00000000 1.00000000 6.41149235
v 9.00000000 0.13484214 8.00000000
v 9.00000000 0.00000000 8.50127125
v 8.46978951 0.00000000 9.00000000
v 8.50924969 0.00000000 10.00000000
v 8.89864635 0.00000000 11.00000000
v 8.72122192 0.00000000 12.00000000
v 8.77869320 0.00000000 13.00000000
v 8.99106121 0.00000000 14.00000000
v 8.97018337 0.00000000 15.00000000
v 8.88687515 0.00000000 16.00000000
v 9.00000000 0.22669558 17.00000000
v 9.00000000 0.00000000 16.11440468
v 9.00000000 0.12763411 18.00000000
v 9.00000000 0.14957748 19.00000000
v 9.00000000 0.02072373 20.00000000
v 9.00000000 0.30733761 21.00000000
v 9.00000000 0.12512878 22.00000000
v 9.00000000 0.01830633 23.00000000
v 9.00000000 0.00000000 23.21081543
v 8.29705620 0.00000000 24.00000000
v 9.00000000 0.08496718 25.00000000
v 9.00000000 0.00000000 24.44206619
v 9.00000000 0.00000000 25.81930161
v 8.86595726 0.00000000 26.00000000
v 9.00000000 0.02240155 27.00000000
v 9.00000000 0.00000000 26.44533348
v 9.00000000 0.00000000 27.17778397
v 8.66662884 0.00000000 28.00000000
v 8.82263184 0.00000000 29.00000000
v 8.74971104 0.00000000 30.00000000
v 9.00000000 0.05611830 31.00000000
v 9.00000000 0.00000000 30.59247398
v 9.00000000 0.10190963 32.00000000
v 9.00000000 0.17172210 33.00000000
v 9.00000000 0.01847996 34.00000000
v 9.00000000 0.11507677 35.00000000
v 9.00000000 0.14387137 36.00000000
v 9.00000000 0.17507353 37.00000000
v 9.00000000 0.00000000 37.69289398
v 8.89730167 0.00000000 38.00000000
v 8.05723572 1.00000000 39.00000000
v 9.00000000 0.28027946 39.00000000
v 9.00000000 0.00000000 38.27198029
v 8.58889198 1.00000000 40.00000000
v 9.00000000 0.71459621 40.00000000
v 9.00000000 1.00000000 40.26204681
v 9.00000000 2.00000000 6.38898373
v 8.47454071 2.00000000 40.00000000
v 9.00000000 2.00000000 40.41803360
v 8.01680374 3.00000000 7.00000000
v 9.00000000 3.00000000 6.33152390
v 8.16210365 3.00000000 40.00000000
v 9.00000000 3.00000000 40.92912674
v 8.78718281 4.00000000 7.00000000
v 9.00000000 4.00000000 6.84234667
v 8.12238026 4.00000000 40.00000000
v 9.00000000 3.53248835 41.00000000
v 8.88749695 4.00000000 41.00000000
v 9.00000000 4.00000000 41.05665588
v 9.00000000 4.35207891 7.00000000
v 9.00000000 5.00000000 7.26999712
v 8.27063847 5.00000000 41.00000000
v 9.00000000 5.00000000 41.58082581
v 8.16534138 6.00000000 8.00000000
v 9.00000000 6.00000000 7.25497341
v 8.02339840 6.00000000 10.00000000
v 8.19461536 6.00000000 41.00000000
v 9.00000000 6.00000000 41.82437134
v 8.17597580 7.00000000 8.00000000
v 9.00000000 7.00000000 7.52909088
v 8.01205540 7.00000000 42.00000000
v 9.00000000 6.21941948 42.00000000
v 9.00000000 7.00000000 42.29215240
v 9.00000000 8.00000000 7.39475298
v 9.00000000 8.00000000 42.41120529
v 9.00000000 9.00000000 7.05062151
v 8.13910770 9.00000000 42.00000000
v 9.00000000 9.00000000 42.30249405
v 8.88409805 10.00000000 7.00000000
v 9.00000000 9.35466194 7.00000000
v 9.00000000 10.00000000 6.93294096
v 8.10648251 10.00000000 42.00000000
v 9.00000000 10.00000000 42.27349854
v 8.44476223 11.00000000 7.00000000
v 9.00000000 11.00000000 6.79349947
v 8.62335396 11.00000000 42.00000000
v 9.00000000 11.00000000 42.09245682
v 8.51506329 12.00000000 7.00000000
v 9.00000000 12.00000000 6.71454287
v 8.06953335 12.00000000 11.00000000
v 8.01984978 12.00000000 12.00000000
v 8.65598392 12.00000000 42.00000000
v 9.00000000 12.00000000 42.04584503
v 8.62820625 13.00000000 7.00000000
v 9.00000000 13.00000000 6.84470797
v 8.13307762 13.00000000 11.00000000
v 8.13744068 13.00000000 12.00000000
v 8.15076733 13.00000000 13.00000000
v 9.00000000 13.00000000 41.81976700
v 9.00000000 12.27857304 42.00000000
v 8.73001099 14.00000000 7.00000000
v 9.00000000 14.00000000 6.87421131
v 8.00690460 14.00000000 10.00000000
v 8.53554726 14.00000000 11.00000000
v 8.44249821 14.00000000 12.00000000
v 8.28779984 14.00000000 13.00000000
v 9.00000000 14.00000000 41.56513596
v 8.62595749 15.00000000 7.00000000
v 9.00000000 15.00000000 6.90193748
v 8.08788776 15.00000000 10.00000000
v 8.66464520 15.00000000 11.00000000
v 8.54436588 15.00000000 12.00000000
v 8.46020222 15.00000000 13.00000000
v 8.07622623 15.00000000 14.00000000
v 9.00000000 15.00000000 41.55250549
v 8.24403572 16.00000000 7.00000000
v 9.00000000 16.00000000 6.84138632
v 8.08385277 16.00000000 10.00000000
v 8.63653469 16.00000000 11.00000000
v 8.49050140 16.00000000 12.00000000
v 8.26625729 16.00000000 13.00000000
v 9.00000000 16.00000000 41.50915527
v 9.00000000 17.00000000 6.84775257
v 8.38604641 17.00000000 11.00000000
v 8.32348442 17.00000000 12.00000000
v 8.16762447 17.00000000 13.00000000
v 9.00000000 17.00000000 41.64979172
v 9.00000000 18.00000000 6.80542803
v 8.22599030 18.00000000 11.00000000
v 8.11400318 18.00000000 12.00000000
v 9.00000000 18.00000000 41.88378906
v 9.00000000 19.00000000 6.78800821
v 8.10488701 19.00000000 11.00000000
v 8.03300476 19.00000000 12.00000000
v 8.00688839 19.00000000 13.00000000
v 9.00000000 18.44297409 42.00000000
v 8.55691814 19.00000000 42.00000000
v 9.00000000 19.00000000 42.07657623
v 8.01967335 20.00000000 7.00000000
v 9.00000000 20.00000000 6.85681629
v 8.03226948 20.00000000 11.00000000
v 8.01675034 20.00000000 13.00000000
v 9.00000000 20.00000000 42.31372070
v 9.00000000 20.75494003 7.00000000
v 9.00000000 21.00000000 7.04693127
v 8.01120758 21.00000000 13.00000000
v 8.03254986 21.00000000 14.00000000
v 9.00000000 21.00000000 42.29274750
v 9.00000000 22.00000000 7.24166250
v 8.11119080 22.00000000 11.00000000
v 8.07021141 22.00000000 12.00000000
v 8.18370342 22.00000000 13.00000000
v 8.16043091 22.00000000 14.00000000
v 8.00087261 22.00000000 15.00000000
v 9.00000000 22.00000000 42.28240967
v 8.07612324 23.00000000 7.00000000
v 9.00000000 23.00000000 7.26689625
v 8.00367069 23.00000000 12.00000000
v 8.03833771 23.00000000 13.00000000
v 8.04844570 23.00000000 15.00000000
v 9.00000000 23.00000000 42.27202225
v 9.00000000 23.98532486 7.00000000
v 9.00000000 24.00000000 6.99656248
v 8.05072689 24.00000000 11.00000000
v 8.10128593 24.00000000 12.00000000
v 8.01836491 24.00000000 13.00000000
v 9.00000000 24.00000000 42.21366119
v 9.00000000 24.01661491 7.00000000
v 9.00000000 25.00000000 7.23936605
v 8.09779930 25.00000000 11.00000000
v 8.09275627 25.00000000 12.00000000
v 8.02733040 25.00000000 13.00000000
v 9.00000000 25.00000000 42.20974731
v 9.00000000 26.00000000 7.24581146
v 8.10972691 26.00000000 11.00000000
v 8.05395126 26.00000000 12.00000000
v 9.00000000 26.00000000 42.14610291
v 9.00000000 27.00000000 7.33192778
v 8.01019573 27.00000000 10.00000000
v 8.07072639 27.00000000 11.00000000
v 8.02158737 27.00000000 12.00000000
v 8.36353493 27.00000000 42.00000000
v 9.00000000 27.00000000 42.13074493
v 9.00000000 28.00000000 7.23162413
v 8.04884148 28.00000000 11.00000000
v 9.00000000 28.00000000 42.23260117
v 9.00000000 29.00000000 7.00955343
v 8.04034805 29.00000000 11.00000000
v 8.00963020 29.00000000 12.00000000
v 9.00000000 29.00000000 42.37049484
v 9.00000000 30.00000000 7.02048540
v 8.00096607 30.00000000 10.00000000
v 8.17131138 30.00000000 11.00000000
v 8.07118607 30.00000000 12.00000000
v 9.00000000 30.00000000 42.37311172
v 9.00000000 31.00000000 7.07982254
v 8.14436436 31.00000000 11.00000000
v 8.07158279 31.00000000 12.00000000
v 8.10414886 31.00000000 13.00000000
v 9.00000000 31.00000000 42.26776505
v 8.98953438 32.00000000 7.00000000
v 9.00000000 31.92996216 7.00000000
v 9.00000000 32.00000000 6.99524736
v 8.10211182 32.00000000 10.00000000
v 8.25341702 32.00000000 11.00000000
v 8.17089653 32.00000000 12.00000000
v 8.02185917 32.00000000 13.00000000
v 9.00000000 32.00000000 42.22526932
v 8.91416740 33.00000000 7.00000000
v 9.00000000 33.00000000 6.95191526
v 8.16244221 33.00000000 10.00000000
v 8.18114853 33.00000000 11.00000000
v 8.15230083 33.00000000 12.00000000
v 8.05461597 33.00000000 13.00000000
v 9.00000000 33.00000000 42.17082214
v 9.00000000 33.73108673 7.00000000
v 9.00000000 34.00000000 7.02116632
v 8.00508785 34.00000000 10.00000000
v 8.18871593 34.00000000 11.00000000
v 9.00000000 34.00000000 42.14124298
v 8.88233280 35.00000000 7.00000000
v 9.00000000 34.17232513 7.00000000
v 9.00000000 35.00000000 6.92385817
v 8.22849274 35.00000000 10.00000000
v 9.00000000 35.00000000 42.18047714
v 8.73146248 36.00000000 7.00000000
v 9.00000000 36.00000000 6.82329226
v 8.18405914 36.00000000 10.00000000
v 9.00000000 36.00000000 42.28788376
v 8.51316929 37.00000000 7.00000000
v 9.00000000 37.00000000 6.63615465
v 8.23937511 37.00000000 10.00000000
v 8.02387619 37.00000000 11.00000000
v 8.00585651 37.00000000 12.00000000
v 8.01894760 37.00000000 13.00000000
v 8.25324631 37.00000000 42.00000000
v 9.00000000 37.00000000 42.15811920
v 8.48628616 38.00000000 7.00000000
v 9.00000000 38.00000000 6.56296349
v 8.21242714 38.00000000 10.00000000
v 8.12852192 38.00000000 11.00000000
v 8.01906395 38.00000000 12.00000000
v 8.03281975 38.00000000 13.00000000
v 8.98025131 38.00000000 42.00000000
v 9.00000000 38.00000000 42.00313568
v 8.49606228 39.00000000 7.00000000
v 9.00000000 39.00000000 6.51934624
v 8.30476856 39.00000000 10.00000000
v 8.22452450 39.00000000 11.00000000
v 8.22443390 39.00000000 12.00000000
v 8.15649033 39.00000000 13.00000000
v 8.67955780 39.00000000 42.00000000
v 9.00000000 39.00000000 42.06897736
v 8.32115555 40.00000000 7.00000000
v 9.00000000 40.00000000 6.48913050
v 8.32974434 40.00000000 10.00000000
v 8.22579288 40.00000000 11.00000000
v 8.24057293 40.00000000 12.00000000
v 8.03653049 40.00000000 13.00000000
v 8.78758717 40.00000000 42.00000000
v 9.00000000 40.00000000 42.08106613
v 8.25879955 41.00000000 7.00000000
v 9.00000000 41.00000000 6.48811674
v 8.19361877 41.00000000 10.00000000
v 8.61893463 41.00000000 42.00000000
v 9.00000000 41.00000000 42.13204193
v 8.36941719 42.00000000 7.00000000
v 9.00000000 42.00000000 6.59412909
v 8.67906857 42.00000000 42.00000000
v 9.00000000 42.00000000 42.11061478
v 9.00000000 43.00000000 6.28730202
v 8.65841103 43.00000000 42.00000000
v 9.00000000 43.00000000 42.17500305
v 9.00000000 44.00000000 6.13843155
v 8.44682312 44.00000000 42.00000000
v 9.00000000 44.00000000 42.28205109
v 8.93682671 45.00000000 6.00000000
v 9.00000000 44.70148087 6.00000000
v 9.00000000 45.00000000 5.96951103
v 8.07706738 45.00000000 7.00000000
v 8.32499695 45.00000000 42.00000000
v 9.00000000 45.00000000 42.30901718
v 8.96127892 46.00000000 6.00000000
v 9.00000000 46.00000000 5.97327709
v 8.46807957 46.00000000 7.00000000
v 8.28783321 46.00000000 8.00000000
v 8.80368710 46.00000000 42.00000000
v 9.00000000 46.00000000 42.07564926
v 9.00000000 46.04889297 6.00000000
v 9.00000000 46.72197342 7.00000000
v 9.00000000 46.91308212 8.00000000
v 8.72347260 47.00000000 9.00000000
v 9.00000000 47.00000000 8.28609180
v 8.57510948 47.00000000 10.00000000
v 8.47585773 47.00000000 11.00000000
v 8.73081493 47.00000000 12.00000000
v 8.75924587 47.00000000 13.00000000
v 8.65178967 47.00000000 14.00000000
v 8.40043354 47.00000000 15.00000000
v 8.03168106 47.00000000 25.00000000
v 8.43099213 47.00000000 26.00000000
v 8.15162563 47.00000000 30.00000000
v 8.03537560 47.00000000 31.00000000
v 8.67794991 47.00000000 33.00000000
v 9.00000000 47.00000000 33.61108017
v 9.00000000 46.94531250 34.00000000
v 9.00000000 46.84145737 35.00000000
v 9.00000000 46.77279282 36.00000000
v 9.00000000 46.81236267 37.00000000
v 9.00000000 46.85725021 38.00000000
v 9.00000000 46.83877563 39.00000000
v 9.00000000 46.90978622 40.00000000
v 9.00000000 46.58821487 41.00000000
v 9.00000000 46.10091019 42.00000000
v 10.00000000 0.25042519 7.00000000
v 10.00000000 1.00000000 6.13618565
v 10.00000000 0.02461985 8.00000000
v 10.00000000 0.00000000 8.06721210
v 9.29837894 0.00000000 16.00000000
v 10.00000000 0.06369703 16.00000000
v 10.00000000 0.00000000 15.63329697
v 10.00000000 0.21078634 17.00000000
v 10.00000000 0.15612768 18.00000000
v 10.00000000 0.00000000 18.97360420
v 9.97334480 0.00000000 19.00000000
v 9.27499485 0.00000000 20.00000000
v 10.00000000 0.10396284 21.00000000
v 10.00000000 0.00000000 20.32065964
v 10.00000000 0.00000000 21.73020744
v 9.71793461 0.00000000 22.00000000
v 9.11216831 0.00000000 23.00000000
v 10.00000000 0.04923460 25.00000000
v 10.00000000 0.00000000 24.45607376
v 10.00000000 0.00000000 25.62845802
v 9.14284134 0.00000000 27.00000000
v 9.39433765 0.00000000 31.00000000
v 10.00000000 0.05304344 32.00000000
v 10.00000000 0.00000000 31.59153748
v 10.00000000 0.12732515 33.00000000
v 10.00000000 0.00000000 33.81093597
v 9.33422470 0.00000000 34.00000000
v 9.45041561 0.00000000 35.00000000
v 9.59090805 0.00000000 36.00000000
v 9.75914764 0.00000000 37.00000000
v 9.82799911 0.00000000 39.00000000
v 10.00000000 0.42697692 40.00000000
v 10.00000000 0.00000000 39.10601425
v 10.00000000 1.00000000 40.67630386
v 10.00000000 2.00000000 6.13713217
v 10.00000000 2.00000000 40.87202072
v 9.40303421 3.00000000 6.00000000
v 10.00000000 2.26424265 6.00000000
v 10.00000000 3.00000000 5.72705030
v 10.00000000 2.49039888 41.00000000
v 9.32776642 3.00000000 41.00000000
v 10.00000000 3.00000000 41.10228348
v 10.00000000 3.87421203 6.00000000
v 10.00000000 4.00000000 6.05554056
v 10.00000000 4.00000000 41.36802292
v 9.27145004 5.00000000 7.00000000
v 10.00000000 5.00000000 6.39329195
v 10.00000000 5.00000000 41.38035202
v 9.31651402 6.00000000 7.00000000
v 10.00000000 6.00000000 6.48310518
v 10.00000000 6.00000000 41.52573013
v 9.83852291 7.00000000 7.00000000
v 10.00000000 7.00000000 6.91863585
v 10.00000000 6.59276247 42.00000000
v 10.00000000 7.00000000 42.13458252
v 9.59465885 8.00000000 7.00000000
v 10.00000000 8.00000000 6.74980688
v 10.00000000 8.00000000 42.26456070
v 9.07282543 9.00000000 7.00000000
v 10.00000000 9.00000000 6.54896832
v 10.00000000 9.00000000 42.19438171
v 10.00000000 10.00000000 6.45459080
v 10.00000000 10.00000000 42.23660660
v 10.00000000 11.00000000 6.60810566
v 9.33714104 11.00000000 42.00000000
v 10.00000000 11.00000000 41.78378296
v 10.00000000 10.68120956 42.00000000
v 10.00000000 12.00000000 6.55289459
v 9.33332920 12.00000000 42.00000000
v 10.00000000 12.00000000 41.88131714
v 10.00000000 13.00000000 6.46574974
v 10.00000000 13.00000000 41.85462570
v 10.00000000 14.00000000 6.58420706
v 10.00000000 14.00000000 41.71439362
v 10.00000000 15.00000000 6.45604372
v 10.00000000 15.00000000 41.73927689
v 10.00000000 16.00000000 6.45036364
v 10.00000000 16.00000000 41.71684265
v 10.00000000 17.00000000 6.50036907
v 10.00000000 17.00000000 41.80106354
v 10.00000000 18.00000000 6.46954107
v 10.00000000 17.65078354 42.00000000
v 9.46595669 18.00000000 42.00000000
v 10.00000000 18.00000000 42.07133102
v 10.00000000 19.00000000 6.61491728
v 10.00000000 19.00000000 42.18261719
v 10.00000000 20.00000000 6.73485136
v 10.00000000 20.00000000 42.40523529
v 9.15850067 21.00000000 7.00000000
v 10.00000000 21.00000000 6.79051876
v 10.00000000 21.00000000 42.37745285
v 10.00000000 21.81843758 7.00000000
v 10.00000000 22.00000000 7.05620861
v 10.00000000 22.00000000 42.36126709
v 9.55855846 23.00000000 7.00000000
v 10.00000000 22.22553062 7.00000000
v 10.00000000 23.00000000 6.83618593
v 10.00000000 23.00000000 42.27303696
v 10.00000000 24.00000000 6.67215347
v 10.00000000 24.00000000 42.22949219
v 9.28693008 25.00000000 7.00000000
v 10.00000000 25.00000000 6.49319553
v 10.00000000 25.00000000 42.10913849
v 9.36846161 26.00000000 7.00000000
v 10.00000000 26.00000000 6.47424459
v 10.00000000 26.00000000 42.03953934
v 9.48076820 27.00000000 7.00000000
v 10.00000000 27.00000000 6.66783428
v 10.00000000 27.00000000 42.00051880
v 9.37804031 28.00000000 7.00000000
v 10.00000000 28.00000000 6.59373045
v 10.00000000 28.00000000 42.09835815
v 9.01523495 29.00000000 7.00000000
v 10.00000000 29.00000000 6.50762558
v 10.00000000 29.00000000 42.22520065
v 9.03608036 30.00000000 7.00000000
v 10.00000000 30.00000000 6.44980335
v 10.00000000 30.00000000 42.24122238
v 9.11056137 31.00000000 7.00000000
v 10.00000000 31.00000000 6.56072760
v 10.00000000 31.00000000 42.17471695
v 10.00000000 32.00000000 6.40690184
v 10.00000000 32.00000000 42.16538239
v 10.00000000 33.00000000 6.25162411
v 10.00000000 33.00000000 42.01160812
v 9.02648640 34.00000000 7.00000000
v 10.00000000 34.00000000 6.21330023
v 10.00000000 34.00000000 42.10184479
v 10.00000000 35.00000000 6.43700552
v 10.00000000 35.00000000 42.08020020
v 10.00000000 36.00000000 6.23087788
v 10.00000000 36.00000000 42.14432526
v 10.00000000 37.00000000 6.17026138
v 10.00000000 37.00000000 42.12425613
v 9.94615173 38.00000000 6.00000000
v 10.00000000 37.85629272 6.00000000
v 10.00000000 38.00000000 5.97358131
v 10.00000000 38.00000000 42.05671692
v 9.99225807 39.00000000 6.00000000
v 10.00000000 39.00000000 5.99668550
v 10.00000000 39.00000000 42.12905884
v 9.75258732 40.00000000 6.00000000
v 10.00000000 40.00000000 5.89031124
v 10.00000000 40.00000000 42.17239380
v 9.83484459 41.00000000 6.00000000
v 10.00000000 41.00000000 5.91911983
v 10.00000000 41.00000000 42.19189453
v 9.81550026 42.00000000 6.00000000
v 10.00000000 42.00000000 5.91483450
v 10.00000000 42.00000000 42.26538849
v 9.41815567 43.00000000 6.00000000
v 10.00000000 43.00000000 5.78082609
v 10.00000000 43.00000000 42.43788910
v 9.17523861 44.00000000 6.00000000
v 10.00000000 44.00000000 5.68927050
v 10.00000000 44.00000000 42.53445053
v 10.00000000 45.00000000 5.62373638
v 10.00000000 45.00000000 42.53202057
v 10.00000000 46.00000000 5.65427494
v 10.00000000 46.00000000 42.27988434
v 10.00000000 46.45310211 6.00000000
v 10.00000000 46.87784195 7.00000000
v 9.74310398 47.00000000 8.00000000
v 10.00000000 47.00000000 7.85090351
v 9.28037167 47.00000000 34.00000000
v 10.00000000 47.00000000 34.61346436
v 10.00000000 46.92518997 35.00000000
v 10.00000000 46.86688614 36.00000000
v 10.00000000 46.94895172 37.00000000
v 10.00000000 46.98937988 38.00000000
v 9.71735573 47.00000000 39.00000000
v 10.00000000 47.00000000 38.16476059
v 9.44287109 47.00000000 40.00000000
v 10.00000000 47.00000000 40.55193329
v 10.00000000 46.88395309 41.00000000
v 10.00000000 46.42080688 42.00000000
v 11.00000000 0.23593967 7.00000000
v 11.00000000 1.00000000 6.19893694
v 11.00000000 0.00618806 8.00000000
v 11.00000000 0.00000000 8.01683235
v 10.32804394 0.00000000 16.00000000
v 10.50199986 0.00000000 17.00000000
v 10.38470936 0.00000000 18.00000000
v 10.41219807 0.00000000 21.00000000
v 10.13718319 0.00000000 25.00000000
v 10.47787285 0.00000000 32.00000000
v 10.53819942 0.00000000 33.00000000
v 11.00000000 0.49958110 40.00000000
v 11.00000000 0.00000000 39.05806351
v 11.00000000 1.00000000 40.69800186
v 11.00000000 2.00000000 6.18665743
v 11.00000000 2.00000000 40.98658752
v 11.00000000 2.47020340 6.00000000
v 11.00000000 3.00000000 5.81428289
v 11.00000000 2.02519417 41.00000000
v 11.00000000 3.00000000 41.23674774
v 10.85429668 4.00000000 6.00000000
v 11.00000000 4.00000000 5.99314022
v 11.00000000 4.00000000 41.34723282
v 11.00000000 4.02950287 6.00000000
v 11.00000000 5.00000000 6.21329117
v 11.00000000 5.00000000 41.35727310
v 11.00000000 6.00000000 6.17923021
v 11.00000000 6.00000000 41.29586029
v 11.00000000 7.00000000 6.41876030
v 10.90715122 7.00000000 41.00000000
v 11.00000000 7.00000000 40.90089798
v 11.00000000 6.78096104 41.00000000
v 10.23741436 7.00000000 42.00000000
v 11.00000000 8.00000000 6.30294704
v 10.94479752 8.00000000 41.00000000
v 11.00000000 8.00000000 40.91506195
v 10.38428307 8.00000000 42.00000000
v 11.00000000 9.00000000 6.24749613
v 11.00000000 8.71123123 41.00000000
v 10.30142975 9.00000000 42.00000000
v 11.00000000 9.00000000 41.02972794
v 11.00000000 10.00000000 6.27245474
v 10.36508179 10.00000000 42.00000000
v 11.00000000 10.00000000 41.23751068
v 11.00000000 11.00000000 6.58472157
v 11.00000000 11.00000000 41.10607910
v 11.00000000 12.00000000 6.52680588
v 11.00000000 12.00000000 41.30844116
v 11.00000000 13.00000000 6.54756355
v 11.00000000 13.00000000 41.38426971
v 11.00000000 14.00000000 6.49531269
v 11.00000000 14.00000000 41.52904510
v 11.00000000 15.00000000 6.53388262
v 11.00000000 15.00000000 41.63802719
v 11.00000000 16.00000000 6.50733995
v 11.00000000 16.00000000 41.65773010
v 11.00000000 17.00000000 6.54869223
v 11.00000000 17.00000000 41.71382523
v 11.00000000 18.00000000 6.44201851
v 10.44239330 18.00000000 42.00000000
v 11.00000000 18.00000000 41.90642166
v 11.00000000 19.00000000 6.77788496
v 11.00000000 18.37300491 42.00000000
v 11.00000000 19.00000000 42.12250900
v 11.00000000 20.00000000 6.86532068
v 11.00000000 20.00000000 42.22283554
v 11.00000000 21.00000000 6.81930590
v 11.00000000 21.00000000 42.23195648
v 10.40823269 22.00000000 7.00000000
v 11.00000000 22.00000000 6.92056561
v 11.00000000 22.00000000 42.22196960
v 11.00000000 23.00000000 6.68589211
v 11.00000000 23.00000000 42.11112213
v 11.00000000 24.00000000 6.44961166
v 11.00000000 24.00000000 42.00681686
v 10.95956421 25.00000000 6.00000000
v 11.00000000 24.94541550 6.00000000
v 11.00000000 25.00000000 5.98107433
v 10.81336880 25.00000000 42.00000000
v 11.00000000 25.00000000 41.94982910
v 11.00000000 24.20560837 42.00000000
v 10.75705051 26.00000000 6.00000000
v 11.00000000 26.00000000 5.89037895
v 10.17187691 26.00000000 42.00000000
v 11.00000000 26.00000000 41.68091965
v 10.87161827 27.00000000 6.00000000
v 11.00000000 27.00000000 5.88848257
v 10.00513840 27.00000000 42.00000000
v 11.00000000 27.00000000 41.84004974
v 10.88095284 28.00000000 6.00000000
v 11.00000000 28.00000000 5.91599989
v 10.55423927 28.00000000 42.00000000
v 11.00000000 28.00000000 41.86116409
v 11.00000000 28.35934830 6.00000000
v 11.00000000 29.00000000 6.14186716
v 10.87230301 29.00000000 42.00000000
v 11.00000000 29.00000000 41.93276215
v 10.59236526 30.00000000 6.00000000
v 11.00000000 29.31306076 6.00000000
v 11.00000000 30.00000000 5.74763250
v 11.00000000 29.97627068 42.00000000
v 11.00000000 30.00000000 42.00078964
v 10.86983204 31.00000000 6.00000000
v 11.00000000 31.00000000 5.89438772
v 11.00000000 31.00000000 42.00149536
v 10.70039654 32.00000000 6.00000000
v 11.00000000 32.00000000 5.87175083
v 11.00000000 32.00000000 42.05764008
v 10.55856514 33.00000000 6.00000000
v 11.00000000 33.00000000 5.81730604
v 11.00000000 33.00000000 42.03949356
v 10.41110897 34.00000000 6.00000000
v 11.00000000 34.00000000 5.82461500
v 11.00000000 34.00000000 42.02983475
v 11.00000000 34.81300735 6.00000000
v 11.00000000 35.00000000 6.04417562
v 10.68121529 35.00000000 42.00000000
v 11.00000000 35.00000000 41.93679047
v 11.00000000 34.42757797 42.00000000
v 11.00000000 36.00000000 6.01758432
v 11.00000000 35.81634521 42.00000000
v 11.00000000 36.00000000 42.00983047
v 10.75644588 37.00000000 6.00000000
v 11.00000000 36.25638580 6.00000000
v 11.00000000 37.00000000 5.94349527
v 11.00000000 37.00000000 42.07084656
v 11.00000000 38.00000000 5.93949366
v 10.77499866 38.00000000 42.00000000
v 11.00000000 38.00000000 41.97222900
v 11.00000000 37.80718994 42.00000000
v 11.00000000 39.00000000 5.92715311
v 11.00000000 38.19161606 42.00000000
v 11.00000000 39.00000000 42.06047058
v 11.00000000 40.00000000 5.85202551
v 11.00000000 40.00000000 42.14110184
v 11.00000000 41.00000000 5.75430965
v 11.00000000 41.00000000 42.21747589
v 11.00000000 42.00000000 5.77617836
v 11.00000000 42.00000000 42.40357208
v 11.00000000 43.00000000 5.68568182
v 11.00000000 43.00000000 42.56878281
v 11.00000000 44.00000000 5.62466812
v 11.00000000 44.00000000 42.68532944
v 11.00000000 45.00000000 5.69514275
v 11.00000000 45.00000000 42.56839752
v 11.00000000 46.00000000 5.66541815
v 11.00000000 46.00000000 42.30706024
v 11.00000000 46.53907013 6.00000000
v 11.00000000 46.99429703 7.00000000
v 11.00000000 47.00000000 7.08256721
v 11.00000000 47.00000000 34.26684570
v 11.00000000 46.91561890 35.00000000
v 11.00000000 46.89032364 36.00000000
v 11.00000000 46.96565247 37.00000000
v 11.00000000 46.94034958 38.00000000
v 11.00000000 47.00000000 38.55835724
v 11.00000000 47.00000000 40.72361374
v 11.00000000 46.95261765 41.00000000
v 11.00000000 46.43459702 42.00000000
v 12.00000000 0.04856833 7.00000000
v 12.00000000 1.00000000 6.06887531
v 12.00000000 0.00000000 7.26258326
v 11.05327892 0.00000000 8.00000000
v 12.00000000 0.31879270 40.00000000
v 12.00000000 0.00000000 39.34519577
v 12.00000000 1.00000000 40.82151413
v 12.00000000 2.00000000 6.05579615
v 12.00000000 2.00000000 40.84022522
v 12.00000000 2.66240573 6.00000000
v 12.00000000 3.00000000 5.97932386
v 12.00000000 2.19506598 41.00000000
v 12.00000000 3.00000000 41.33398438
v 12.00000000 3.08086085 6.00000000
v 11.03139305 4.00000000 6.00000000
v 12.00000000 4.00000000 6.21408319
v 12.00000000 4.00000000 41.40620041
v 12.00000000 5.00000000 6.36890697
v 12.00000000 5.00000000 41.25329208
v 12.00000000 6.00000000 6.39854956
v 12.00000000 6.00000000 41.06609344
v 12.00000000 7.00000000 6.48483515
v 12.00000000 7.00000000 40.13771439
v 12.00000000 6.08717155 41.00000000
v 12.00000000 8.00000000 6.37965965
v 11.97252750 8.00000000 40.00000000
v 12.00000000 8.00000000 39.98530197
v 12.00000000 7.87527466 40.00000000
v 12.00000000 9.00000000 6.36867666
v 12.00000000 8.03840828 40.00000000
v 11.03255653 9.00000000 41.00000000
v 12.00000000 9.00000000 40.38706589
v 12.00000000 10.00000000 6.41871834
v 11.33250904 10.00000000 41.00000000
v 12.00000000 10.00000000 40.60662460
v 12.00000000 11.00000000 6.67217731
v 11.53820419 11.00000000 41.00000000
v 12.00000000 11.00000000 40.86118317
v 12.00000000 12.00000000 6.62033749
v 12.00000000 11.63468647 41.00000000
v 12.00000000 12.00000000 41.03836823
v 12.00000000 13.00000000 6.56148720
v 12.00000000 13.00000000 41.30670166
v 12.00000000 14.00000000 6.51579189
v 12.00000000 14.00000000 41.57419968
v 12.00000000 15.00000000 6.41739464
v 12.00000000 15.00000000 41.76637268
v 12.00000000 16.00000000 6.43140364
v 12.00000000 16.00000000 41.66691208
v 12.00000000 17.00000000 6.36558199
v 12.00000000 17.00000000 41.69292831
v 12.00000000 18.00000000 6.39447689
v 12.00000000 18.00000000 41.85542679
v 12.00000000 19.00000000 6.75323772
v 11.84570599 19.00000000 42.00000000
v 12.00000000 19.00000000 41.97214508
v 12.00000000 20.00000000 6.84873343
v 12.00000000 19.52353096 42.00000000
v 12.00000000 20.00000000 42.01931763
v 12.00000000 21.00000000 6.72409964
v 12.00000000 21.00000000 42.03205109
v 12.00000000 22.00000000 6.76537943
v 12.00000000 22.00000000 42.01707458
v 12.00000000 23.00000000 6.54972219
v 11.65780354 23.00000000 42.00000000
v 12.00000000 23.00000000 41.89721680
v 12.00000000 22.23548508 42.00000000
v 12.00000000 24.00000000 6.35467911
v 11.04057026 24.00000000 42.00000000
v 12.00000000 24.00000000 41.76069641
v 12.00000000 24.86262131 6.00000000
v 12.00000000 25.00000000 5.95736074
v 12.00000000 25.00000000 41.78586960
v 12.00000000 25.47047615 6.00000000
v 11.67029095 26.00000000 6.00000000
v 12.00000000 26.00000000 6.07804871
v 12.00000000 26.00000000 41.62816238
v 12.00000000 26.35759926 6.00000000
v 12.00000000 27.00000000 5.88756037
v 12.00000000 27.00000000 41.69620514
v 12.00000000 28.00000000 5.92656088
v 12.00000000 28.00000000 41.70816803
v 12.00000000 28.25978851 6.00000000
v 12.00000000 29.00000000 6.17469454
v 12.00000000 29.00000000 41.62287903
v 12.00000000 29.55126572 6.00000000
v 12.00000000 30.00000000 5.85585213
v 11.00414085 30.00000000 42.00000000
v 12.00000000 30.00000000 41.69955063
v 12.00000000 31.00000000 5.90033197
v 11.00768375 31.00000000 42.00000000
v 12.00000000 31.00000000 41.70381165
v 12.00000000 32.00000000 5.90542507
v 11.28201199 32.00000000 42.00000000
v 12.00000000 32.00000000 41.76648712
v 12.00000000 33.00000000 5.89198685
v 11.22935009 33.00000000 42.00000000
v 12.00000000 33.00000000 41.79035568
v 12.00000000 34.00000000 5.90702200
v 11.14746189 34.00000000 42.00000000
v 12.00000000 34.00000000 41.77109146
v 12.00000000 34.32947159 6.00000000
v 12.00000000 35.00000000 6.19406033
v 12.00000000 35.00000000 41.77367783
v 12.00000000 36.00000000 6.23015833
v 11.07006741 36.00000000 42.00000000
v 12.00000000 36.00000000 41.81238556
v 11.15026283 37.00000000 6.00000000
v 12.00000000 37.00000000 6.22285843
v 11.51718044 37.00000000 42.00000000
v 12.00000000 37.00000000 41.88911819
v 11.15174007 38.00000000 6.00000000
v 12.00000000 38.00000000 6.26618528
v 12.00000000 38.00000000 41.78117371
v 11.22708321 39.00000000 6.00000000
v 12.00000000 39.00000000 6.20120001
v 11.35420418 39.00000000 42.00000000
v 12.00000000 39.00000000 41.82202911
v 11.45213223 40.00000000 6.00000000
v 12.00000000 40.00000000 6.17411661
v 11.77109051 40.00000000 42.00000000
v 12.00000000 40.00000000 41.93953323
v 12.00000000 40.99864578 6.00000000
v 12.00000000 41.00000000 5.99979448
v 12.00000000 40.18995667 42.00000000
v 12.00000000 41.00000000 42.17854309
v 12.00000000 42.00000000 5.93114996
v 12.00000000 42.00000000 42.38165665
v 12.00000000 43.00000000 5.80328989
v 12.00000000 43.00000000 42.59597778
v 12.00000000 44.00000000 5.76485348
v 12.00000000 44.00000000 42.68790436
v 12.00000000 45.00000000 5.90987492
v 12.00000000 45.00000000 42.54901886
v 12.00000000 46.00000000 5.85870552
v 12.00000000 46.00000000 42.36281967
v 12.00000000 46.42092133 6.00000000
v 11.05250645 47.00000000 7.00000000
v 12.00000000 47.00000000 6.72141457
v 11.41835976 47.00000000 34.00000000
v 12.00000000 47.00000000 33.57344818
v 12.00000000 46.95971298 34.00000000
v 12.00000000 46.91118240 35.00000000
v 12.00000000 46.95378113 36.00000000
v 11.77761745 47.00000000 37.00000000
v 12.00000000 47.00000000 36.86095810
v 11.76177502 47.00000000 38.00000000
v 12.00000000 47.00000000 40.71485519
v 12.00000000 46.94640350 41.00000000
v 12.00000000 46.54722595 42.00000000
v 13.00000000 0.30213767 7.00000000
v 13.00000000 1.00000000 6.33741331
v 12.80631828 0.00000000 8.00000000
v 13.00000000 0.03492183 8.00000000
v 13.00000000 0.00000000 8.13846207
v 12.70298004 0.00000000 40.00000000
v 13.00000000 0.00000000 40.09381104
v 13.00000000 1.00000000 40.53296280
v 13.00000000 2.00000000 6.43505955
v 13.00000000 2.00000000 40.53993225
v 12.04034615 3.00000000 6.00000000
v 13.00000000 3.00000000 6.43734884
v 12.92460823 3.00000000 41.00000000
v 13.00000000 3.00000000 40.96829605
v 13.00000000 4.00000000 6.64284754
v 13.00000000 3.75093746 41.00000000
v 13.00000000 4.00000000 41.00890732
v 13.00000000 5.00000000 6.78726530
v 12.57233429 5.00000000 41.00000000
v 13.00000000 5.00000000 40.82564163
v 13.00000000 4.05626869 41.00000000
v 13.00000000 6.00000000 6.75476122
v 12.10431671 6.00000000 41.00000000
v 13.00000000 6.00000000 40.46817780
v 13.00000000 7.00000000 6.78188801
v 12.25730801 7.00000000 40.00000000
v 13.00000000 7.00000000 39.78302765
v 13.00000000 6.61026192 40.00000000
v 13.00000000 8.00000000 6.72455835
v 13.00000000 8.00000000 39.73868179
v 13.00000000 9.00000000 6.69359159
v 12.88402843 9.00000000 40.00000000
v 13.00000000 9.00000000 39.96637344
v 13.00000000 10.00000000 6.73376656
v 13.00000000 9.13600922 40.00000000
v 13.00000000 10.00000000 40.30524445
v 13.00000000 11.00000000 6.83367538
v 13.00000000 11.00000000 40.80417633
v 13.00000000 12.00000000 6.69693565
v 13.00000000 11.59985542 41.00000000
v 13.00000000 12.00000000 41.10496902
v 13.00000000 13.00000000 6.64549208
v 13.00000000 13.00000000 41.27033615
v 13.00000000 14.00000000 6.56388283
v 13.00000000 14.00000000 41.59424591
v 13.00000000 15.00000000 6.51927471
v 13.00000000 15.00000000 41.72813034
v 13.00000000 16.00000000 6.56484938
v 13.00000000 16.00000000 41.75429916
v 13.00000000 17.00000000 6.31474113
v 13.00000000 17.00000000 41.69054413
v 13.00000000 18.00000000 6.31427813
v 13.00000000 18.00000000 41.70824051
v 13.00000000 19.00000000 6.73868847
v 13.00000000 19.00000000 41.71388626
v 13.00000000 20.00000000 6.76428652
v 12.08097553 20.00000000 42.00000000
v 13.00000000 20.00000000 41.73557281
v 13.00000000 21.00000000 6.86640167
v 12.17472458 21.00000000 42.00000000
v 13.00000000 21.00000000 41.76999283
v 13.00000000 22.00000000 6.92382336
v 12.09977436 22.00000000 42.00000000
v 13.00000000 22.00000000 41.77289963
v 13.00000000 23.00000000 6.80782413
v 13.00000000 23.00000000 41.61356354
v 13.00000000 24.00000000 6.99871111
v 13.00000000 24.00000000 41.67853928
v 12.14807224 25.00000000 6.00000000
v 13.00000000 25.00000000 6.46406651
v 13.00000000 25.00000000 41.55643463
v 13.00000000 26.00000000 6.70238590
v 13.00000000 26.00000000 41.38403320
v 12.22460747 27.00000000 6.00000000
v 13.00000000 27.00000000 6.53344774
v 13.00000000 27.00000000 41.27972031
v 12.21779251 28.00000000 6.00000000
v 13.00000000 28.00000000 6.31913805
v 13.00000000 28.00000000 41.28731155
v 13.00000000 29.00000000 6.20742559
v 13.00000000 29.00000000 41.15726089
v 13.00000000 29.67759132 6.00000000
v 13.00000000 30.00000000 5.91956949
v 13.00000000 30.00000000 41.13994598
v 13.00000000 31.00000000 5.83531713
v 12.99582195 31.00000000 41.00000000
v 13.00000000 31.00000000 40.99774551
v 13.00000000 30.98059464 41.00000000
v 13.00000000 32.00000000 5.91387796
v 13.00000000 31.01503563 41.00000000
v 13.00000000 32.00000000 41.18891907
v 13.00000000 33.00000000 5.89913368
v 13.00000000 33.00000000 41.31942368
v 13.00000000 33.56437302 6.00000000
v 12.60728264 34.00000000 6.00000000
v 13.00000000 34.00000000 6.11754513
v 13.00000000 34.00000000 41.35020828
v 13.00000000 35.00000000 6.78900576
v 13.00000000 35.00000000 41.43033600
v 13.00000000 36.00000000 6.82325792
v 13.00000000 36.00000000 41.40261459
v 13.00000000 37.00000000 6.54411888
v 13.00000000 37.00000000 41.46984863
v 13.00000000 38.00000000 6.61644650
v 13.00000000 38.00000000 41.34934235
v 13.00000000 39.00000000 6.41508198
v 13.00000000 39.00000000 41.41818237
v 13.00000000 40.00000000 6.34848118
v 13.00000000 40.00000000 41.61249924
v 12.00140953 41.00000000 6.00000000
v 13.00000000 41.00000000 6.21153641
v 12.65263748 41.00000000 42.00000000
v 13.00000000 41.00000000 41.85464478
v 12.60526562 42.00000000 6.00000000
v 13.00000000 42.00000000 6.07037592
v 13.00000000 41.81479263 42.00000000
v 13.00000000 42.00000000 42.02529907
v 12.76673889 43.00000000 6.00000000
v 13.00000000 43.00000000 6.08015299
v 13.00000000 43.00000000 42.19047165
v 13.00000000 43.76956177 6.00000000
v 13.00000000 44.00000000 5.98025036
v 13.00000000 44.00000000 42.35203171
v 13.00000000 45.00000000 5.98816490
v 13.00000000 45.00000000 42.24451828
v 13.00000000 45.13378525 6.00000000
v 12.64515114 46.00000000 6.00000000
v 13.00000000 46.00000000 6.12909317
v 13.00000000 46.00000000 42.05548477
v 13.00000000 46.79005051 7.00000000
v 12.35012722 47.00000000 7.00000000
v 13.00000000 47.00000000 7.61045599
v 12.38168812 47.00000000 18.00000000
v 13.00000000 47.00000000 17.14782524
v 13.00000000 46.97733307 18.00000000
v 13.00000000 46.98993683 19.00000000
v 12.81403160 47.00000000 19.00000000
v 13.00000000 47.00000000 19.54293823
v 12.95800591 47.00000000 21.00000000
v 13.00000000 47.00000000 20.64982986
v 13.00000000 46.99514389 21.00000000
v 13.00000000 47.00000000 21.12881088
v 13.00000000 47.00000000 33.73707962
v 13.00000000 46.98029327 34.00000000
v 13.00000000 46.90658188 35.00000000
v 13.00000000 46.90987778 36.00000000
v 13.00000000 46.96425247 37.00000000
v 12.16382599 47.00000000 37.00000000
v 13.00000000 46.99839783 38.00000000
v 12.89705467 47.00000000 38.00000000
v 13.00000000 47.00000000 38.02279282
v 13.00000000 47.00000000 40.26363754
v 13.00000000 46.75271225 41.00000000
v 13.00000000 46.08543777 42.00000000
v 14.00000000 0.81134212 7.00000000
v 14.00000000 1.00000000 6.84711123
v 14.00000000 0.38892058 8.00000000
v 14.00000000 0.00000000 8.79437828
v 13.89234257 0.00000000 10.00000000
v 14.00000000 0.02751418 10.00000000
v 14.00000000 0.00000000 9.76547813
v 14.00000000 0.00000000 10.59053421
v 13.78935623 0.00000000 39.00000000
v 14.00000000 0.11533199 39.00000000
v 14.00000000 0.00000000 38.89362335
v 13.19061470 0.00000000 40.00000000
v 14.00000000 0.56534463 40.00000000
v 14.00000000 1.00000000 40.20593262
v 14.00000000 2.00000000 6.71478271
v 14.00000000 2.00000000 40.34430695
v 14.00000000 3.00000000 6.89442110
v 14.00000000 3.00000000 40.57872391
v 14.00000000 4.00000000 6.96378374
v 13.01944160 4.00000000 41.00000000
v 14.00000000 4.00000000 40.59915924
v 14.00000000 4.24867678 7.00000000
v 13.67337418 5.00000000 7.00000000
v 14.00000000 5.00000000 7.13725996
v 14.00000000 5.00000000 40.36304855
v 13.80620956 6.00000000 7.00000000
v 14.00000000 6.00000000 7.07838631
v 14.00000000 6.00000000 40.01274872
v 13.81418705 7.00000000 7.00000000
v 14.00000000 7.00000000 7.07160568
v 14.00000000 7.00000000 39.43042755
v 14.00000000 6.02223444 40.00000000
v 14.00000000 7.39009857 7.00000000
v 14.00000000 8.00000000 6.91684532
v 14.00000000 8.00000000 39.43130875
v 14.00000000 8.83936214 7.00000000
v 13.95422745 9.00000000 7.00000000
v 14.00000000 9.00000000 7.02634096
v 14.00000000 9.00000000 39.57798767
v 13.86810875 10.00000000 7.00000000
v 14.00000000 10.00000000 7.08896923
v 13.53978062 10.00000000 40.00000000
v 14.00000000 10.00000000 39.80094147
v 13.60220718 11.00000000 7.00000000
v 14.00000000 11.00000000 7.22180271
v 14.00000000 10.41445827 40.00000000
v 14.00000000 11.00000000 40.29815674
v 14.00000000 11.44798756 7.00000000
v 14.00000000 12.00000000 6.81299686
v 13.16190147 12.00000000 41.00000000
v 14.00000000 12.00000000 40.46581650
v 14.00000000 13.00000000 6.79350662
v 13.63896465 13.00000000 41.00000000
v 14.00000000 13.00000000 40.83498764
v 14.00000000 14.00000000 6.72510529
v 14.00000000 13.62987709 41.00000000
v 14.00000000 14.00000000 41.08243942
v 14.00000000 15.00000000 6.79159212
v 14.00000000 15.00000000 41.34730530
v 14.00000000 16.00000000 6.86067295
v 14.00000000 16.00000000 41.38095856
v 14.00000000 17.00000000 6.58130789
v 14.00000000 17.00000000 41.37380600
v 14.00000000 18.00000000 6.54281235
v 14.00000000 18.00000000 41.28009033
v 14.00000000 18.96690369 7.00000000
v 13.92354298 19.00000000 7.00000000
v 14.00000000 19.00000000 7.02710152
v 14.00000000 19.00000000 41.22067261
v 14.00000000 19.13925934 7.00000000
v 14.00000000 20.00000000 6.90615082
v 14.00000000 20.00000000 41.08538437
v 14.00000000 20.32342720 7.00000000
v 13.36135197 21.00000000 7.00000000
v 14.00000000 21.00000000 7.35805750
v 14.00000000 21.00000000 41.12017822
v 13.22105122 22.00000000 7.00000000
v 14.00000000 22.00000000 7.34628630
v 13.98325825 22.00000000 41.00000000
v 14.00000000 22.00000000 40.98654938
v 14.00000000 21.91704178 41.00000000
v 13.15226841 23.00000000 7.00000000
v 14.00000000 23.00000000 7.90677023
v 14.00000000 22.22054100 41.00000000
v 14.00000000 23.00000000 41.05008698
v 13.00103188 24.00000000 7.00000000
v 14.00000000 23.46506119 8.00000000
v 13.89047337 24.00000000 8.00000000
v 14.00000000 24.00000000 8.07317543
v 14.00000000 24.00000000 41.14301300
v 13.41029549 25.00000000 7.00000000
v 14.00000000 25.00000000 7.88893795
v 14.00000000 24.49692345 8.00000000
v 14.00000000 25.00000000 41.10722733
v 13.23056316 26.00000000 7.00000000
v 14.00000000 26.00000000 7.88692999
v 13.64044476 26.00000000 41.00000000
v 14.00000000 26.00000000 40.77348709
v 14.00000000 25.32195663 41.00000000
v 13.49234772 27.00000000 7.00000000
v 14.00000000 27.00000000 7.43174124
v 13.55616474 27.00000000 41.00000000
v 14.00000000 27.00000000 40.75168991
v 14.00000000 27.93567276 7.00000000
v 14.00000000 28.00000000 6.97307158
v 13.43945503 28.00000000 41.00000000
v 14.00000000 28.00000000 40.60658264
v 14.00000000 29.00000000 6.65092468
v 13.24482441 29.00000000 41.00000000
v 14.00000000 29.00000000 40.54136658
v 13.22655201 30.00000000 6.00000000
v 14.00000000 30.00000000 6.45835352
v 13.21618176 30.00000000 41.00000000
v 14.00000000 30.00000000 40.48130035
v 13.58917236 31.00000000 6.00000000
v 14.00000000 31.00000000 6.18411016
v 14.00000000 31.00000000 40.41992188
v 13.28631115 32.00000000 6.00000000
v 14.00000000 32.00000000 6.35814762
v 13.29358482 32.00000000 41.00000000
v 14.00000000 32.00000000 40.58006668
v 13.26287460 33.00000000 6.00000000
v 14.00000000 33.00000000 6.65453148
v 13.56751156 33.00000000 41.00000000
v 14.00000000 33.00000000 40.77290344
v 14.00000000 33.79173660 7.00000000
v 13.93704414 34.00000000 7.00000000
v 14.00000000 34.00000000 7.06557512
v 13.72091675 34.00000000 41.00000000
v 14.00000000 34.00000000 40.85535049
v 13.22014713 35.00000000 7.00000000
v 14.00000000 35.00000000 7.89282656
v 13.95273972 35.00000000 41.00000000
v 14.00000000 35.00000000 40.97389984
v 13.25664806 36.00000000 7.00000000
v 14.00000000 36.00000000 7.64591408
v 13.73426151 36.00000000 41.00000000
v 14.00000000 36.00000000 40.83068466
v 14.00000000 36.80606842 7.00000000
v 14.00000000 37.00000000 6.90866184
v 13.73471642 37.00000000 41.00000000
v 14.00000000 37.00000000 40.79197311
v 14.00000000 38.00000000 6.84108829
v 13.50947285 38.00000000 41.00000000
v 14.00000000 38.00000000 40.63985825
v 14.00000000 39.00000000 6.69421864
v 13.64825726 39.00000000 41.00000000
v 14.00000000 39.00000000 40.77937698
v 14.00000000 40.00000000 6.54411268
v 13.89565182 40.00000000 41.00000000
v 14.00000000 40.00000000 40.93441391
v 14.00000000 41.00000000 6.56647730
v 14.00000000 40.28314972 41.00000000
v 14.00000000 41.00000000 41.17795563
v 14.00000000 42.00000000 6.36874390
v 13.05281544 42.00000000 42.00000000
v 14.00000000 42.00000000 41.39173508
v 14.00000000 43.00000000 6.44543409
v 13.33743382 43.00000000 42.00000000
v 14.00000000 43.00000000 41.43699646
v 13.10217667 44.00000000 6.00000000
v 14.00000000 44.00000000 6.28640461
v 13.55422401 44.00000000 42.00000000
v 14.00000000 44.00000000 41.56388092
v 13.06739712 45.00000000 6.00000000
v 14.00000000 45.00000000 6.26524448
v 13.38778687 45.00000000 42.00000000
v 14.00000000 45.00000000 41.50278854
v 14.00000000 46.00000000 6.50290680
v 13.09805870 46.00000000 42.00000000
v 14.00000000 46.00000000 41.16316223
v 14.00000000 46.59352112 7.00000000
v 14.00000000 47.00000000 7.70401430
v 13.97085667 47.00000000 17.00000000
v 14.00000000 47.00000000 16.99802780
v 14.00000000 46.99986649 17.00000000
v 14.00000000 46.98414230 18.00000000
v 14.00000000 46.93652725 19.00000000
v 14.00000000 46.92845917 20.00000000
v 13.11263180 47.00000000 20.00000000
v 14.00000000 46.94531250 21.00000000
v 14.00000000 47.00000000 21.97731400
v 13.23059273 47.00000000 34.00000000
v 14.00000000 47.00000000 34.43598557
v 14.00000000 46.90024948 35.00000000
v 14.00000000 46.87522125 36.00000000
v 14.00000000 46.86687469 37.00000000
v 14.00000000 46.87990570 38.00000000
v 14.00000000 46.95525742 39.00000000
v 13.68112183 47.00000000 39.00000000
v 14.00000000 46.87633133 40.00000000
v 13.36659718 47.00000000 40.00000000
v 14.00000000 46.18647003 41.00000000
v 14.34154510 1.00000000 7.00000000
v 15.00000000 1.00000000 7.56388426
v 15.00000000 0.75094843 8.00000000
v 14.36226082 0.00000000 9.00000000
v 15.00000000 0.17759195 9.00000000
v 15.00000000 0.13210404 10.00000000
v 14.08404160 0.00000000 11.00000000
v 15.00000000 0.23547861 11.00000000
v 15.00000000 0.00000000 11.87354565
v 14.96406269 0.00000000 14.00000000
v 15.00000000 0.01213723 14.00000000
v 15.00000000 0.00000000 13.84614658
v 14.63923740 0.00000000 15.00000000
v 15.00000000 0.18321298 15.00000000
v 14.96940613 0.00000000 16.00000000
v 15.00000000 0.01571495 16.00000000
v 14.93972588 0.00000000 17.00000000
v 15.00000000 0.03095807 17.00000000
v 14.77472210 0.00000000 18.00000000
v 15.00000000 0.10551864 18.00000000
v 14.23114967 0.00000000 19.00000000
v 15.00000000 0.22142729 19.00000000
v 14.35404778 0.00000000 20.00000000
v 15.00000000 0.25369191 20.00000000
v 14.28236771 0.00000000 21.00000000
v 15.00000000 0.23380667 21.00000000
v 14.09153748 0.00000000 22.00000000
v 15.00000000 0.28852323 22.00000000
v 14.22761440 0.00000000 23.00000000
v 15.00000000 0.37123251 23.00000000
v 14.69947052 0.00000000 24.00000000
v 15.00000000 0.14730559 24.00000000
v 15.00000000 0.00000000 24.43065453
v 14.79351997 0.00000000 38.00000000
v 15.00000000 0.14382084 38.00000000
v 15.00000000 0.00000000 37.34757996
v 15.00000000 0.46460333 39.00000000
v 15.00000000 0.77025437 40.00000000
v 15.00000000 1.00000000 40.30661011
v 14.56767654 2.00000000 7.00000000
v 15.00000000 2.00000000 7.37988567
v 15.00000000 2.00000000 40.30076218
v 14.16426086 3.00000000 7.00000000
v 15.00000000 3.00000000 7.71331310
v 15.00000000 3.00000000 40.25794601
v 14.06191158 4.00000000 7.00000000
v 15.00000000 4.00000000 7.85232353
v 15.00000000 4.00000000 40.13154984
v 15.00000000 5.00000000 7.67018604
v 14.61014271 5.00000000 40.00000000
v 15.00000000 5.00000000 39.78881454
v 15.00000000 4.39466143 40.00000000
v 15.00000000 6.00000000 7.61037445
v 14.03760624 6.00000000 40.00000000
v 15.00000000 6.00000000 39.65316772
v 15.00000000 7.00000000 7.20934057
v 15.00000000 7.00000000 39.18758011
v 14.47403717 8.00000000 7.00000000
v 15.00000000 8.00000000 7.13170958
v 15.00000000 8.00000000 39.08507156
v 15.00000000 9.00000000 7.54301834
v 15.00000000 9.00000000 39.13549042
v 15.00000000 10.00000000 7.68572855
v 15.00000000 10.00000000 39.13604736
v 15.00000000 10.99434948 8.00000000
v 14.99813271 11.00000000 8.00000000
v 15.00000000 11.00000000 8.00123215
v 14.42418671 11.00000000 40.00000000
v 15.00000000 11.00000000 39.45066833
v 14.50693417 12.00000000 7.00000000
v 15.00000000 12.00000000 7.45457220
v 15.00000000 11.00454330 8.00000000
v 14.49739742 12.00000000 40.00000000
v 15.00000000 12.00000000 39.31077576
v 14.50843906 13.00000000 7.00000000
v 15.00000000 13.00000000 7.92311144
v 14.80255795 13.00000000 40.00000000
v 15.00000000 13.00000000 39.73232269
v 14.50905323 14.00000000 7.00000000
v 15.00000000 14.00000000 7.76764917
v 15.00000000 13.70562077 40.00000000
v 14.11988258 14.00000000 41.00000000
v 15.00000000 14.00000000 40.10745239
v 14.50465393 15.00000000 7.00000000
v 15.00000000 15.00000000 7.57302523
v 14.33907318 15.00000000 41.00000000
v 15.00000000 15.00000000 40.25525665
v 14.25573730 16.00000000 7.00000000
v 15.00000000 15.82111549 8.00000000
v 14.95154762 16.00000000 8.00000000
v 15.00000000 16.00000000 8.04280376
v 14.43161201 16.00000000 41.00000000
v 15.00000000 16.00000000 40.35133362
v 14.63705444 17.00000000 7.00000000
v 15.00000000 17.00000000 7.60048914
v 15.00000000 16.20796204 8.00000000
v 14.42427063 17.00000000 41.00000000
v 15.00000000 17.00000000 40.37502670
v 14.76512337 18.00000000 7.00000000
v 15.00000000 18.00000000 7.36019135
v 14.28458691 18.00000000 41.00000000
v 15.00000000 18.00000000 40.28613281
v 15.00000000 19.00000000 7.36042452
v 14.97608662 19.00000000 40.00000000
v 15.00000000 19.00000000 39.96714401
v 15.00000000 18.92357826 40.00000000
v 14.23488235 19.00000000 41.00000000
v 15.00000000 19.95604515 7.00000000
v 15.00000000 20.00000000 6.98836184
v 14.83644772 20.00000000 40.00000000
v 15.00000000 20.00000000 39.73578644
v 14.08394623 20.00000000 41.00000000
v 15.00000000 20.03645897 7.00000000
v 15.00000000 21.00000000 7.36167860
v 14.74770355 21.00000000 40.00000000
v 15.00000000 21.00000000 39.60532379
v 14.10737133 21.00000000 41.00000000
v 15.00000000 22.00000000 7.43201733
v 14.70984459 22.00000000 40.00000000
v 15.00000000 22.00000000 39.54632568
v 15.00000000 23.00000000 7.56876469
v 14.86611557 23.00000000 40.00000000
v 15.00000000 23.00000000 39.78498840
v 14.04117489 23.00000000 41.00000000
v 15.00000000 23.77432632 8.00000000
v 15.00000000 24.00000000 8.16120243
v 14.93519974 24.00000000 40.00000000
v 15.00000000 24.00000000 39.88279724
v 14.13129902 24.00000000 41.00000000
v 14.11169720 25.00000000 8.00000000
v 15.00000000 25.00000000 8.46742439
v 15.00000000 24.97683525 40.00000000
v 14.10503483 25.00000000 41.00000000
v 15.00000000 25.00000000 40.00176620
v 14.21361923 26.00000000 8.00000000
v 15.00000000 26.00000000 8.33149052
v 14.93173504 26.00000000 40.00000000
v 15.00000000 26.00000000 39.88951492
v 15.00000000 25.02783585 40.00000000
v 14.92048264 27.00000000 8.00000000
v 15.00000000 27.00000000 8.05299377
v 14.68895626 27.00000000 40.00000000
v 15.00000000 27.00000000 39.52919769
v 14.03862000 28.00000000 7.00000000
v 15.00000000 28.00000000 7.61764240
v 15.00000000 27.09692001 8.00000000
v 14.51605606 28.00000000 40.00000000
v 15.00000000 28.00000000 39.13131714
v 14.32543850 29.00000000 7.00000000
v 15.00000000 29.00000000 7.54394913
v 14.42276478 29.00000000 40.00000000
v 15.00000000 29.00000000 39.17958450
v 14.55985260 30.00000000 7.00000000
v 15.00000000 30.00000000 7.23920107
v 14.53662014 30.00000000 40.00000000
v 15.00000000 30.00000000 39.24348068
v 15.00000000 30.76750565 7.00000000
v 15.00000000 31.00000000 6.91484785
v 14.55648804 31.00000000 40.00000000
v 15.00000000 31.00000000 39.35521317
v 15.00000000 31.29185677 7.00000000
v 14.68702316 32.00000000 7.00000000
v 15.00000000 32.00000000 7.17307472
v 14.72532272 32.00000000 40.00000000
v 15.00000000 32.00000000 39.48495102
v 14.23781109 33.00000000 7.00000000
v 15.00000000 33.00000000 7.53290606
v 15.00000000 32.79665756 40.00000000
v 15.00000000 33.00000000 40.05171967
v 15.00000000 34.00000000 7.71422005
v 15.00000000 34.00000000 40.14586258
v 15.00000000 34.60086441 8.00000000
v 14.29884624 35.00000000 8.00000000
v 15.00000000 35.00000000 8.14870834
v 15.00000000 35.00000000 40.11295700
v 14.72218990 36.00000000 8.00000000
v 15.00000000 36.00000000 8.07629108
v 14.87601471 36.00000000 40.00000000
v 15.00000000 36.00000000 39.80035782
v 15.00000000 35.46978378 40.00000000
v 14.15993977 37.00000000 7.00000000
v 15.00000000 37.00000000 7.58596992
v 15.00000000 36.19105530 8.00000000
v 14.75717545 37.00000000 40.00000000
v 15.00000000 37.00000000 39.71590042
v 14.28765774 38.00000000 7.00000000
v 15.00000000 38.00000000 7.54707861
v 14.72839260 38.00000000 40.00000000
v 15.00000000 38.00000000 39.67747116
v 14.53795242 39.00000000 7.00000000
v 15.00000000 39.00000000 7.40280151
v 14.78813457 39.00000000 40.00000000
v 15.00000000 39.00000000 39.64527512
v 14.61465454 40.00000000 7.00000000
v 15.00000000 40.00000000 7.42320108
v 14.82603073 40.00000000 40.00000000
v 15.00000000 40.00000000 39.61259079
v 14.59658146 41.00000000 7.00000000
v 15.00000000 41.00000000 7.41357994
v 15.00000000 40.70530701 40.00000000
v 14.18379402 41.00000000 41.00000000
v 15.00000000 41.00000000 40.10032272
v 14.76041317 42.00000000 7.00000000
v 15.00000000 42.00000000 7.29385233
v 14.42852497 42.00000000 41.00000000
v 15.00000000 42.00000000 40.45347595
v 14.87577534 43.00000000 7.00000000
v 15.00000000 43.00000000 7.12231016
v 14.47541046 43.00000000 41.00000000
v 15.00000000 43.00000000 40.45936584
v 15.00000000 43.74344635 7.00000000
v 15.00000000 44.00000000 6.97322416
v 14.63943481 44.00000000 41.00000000
v 15.00000000 44.00000000 40.60813904
v 15.00000000 45.00000000 6.85673904
v 14.60926247 45.00000000 41.00000000
v 15.00000000 45.00000000 40.68858719
v 15.00000000 45.75251007 7.00000000
v 14.90200138 46.00000000 7.00000000
v 15.00000000 46.00000000 7.07694912
v 14.16897392 46.00000000 41.00000000
v 15.00000000 46.00000000 40.37418747
v 15.00000000 47.00000000 7.73700905
v 14.81689548 47.00000000 10.00000000
v 15.00000000 47.00000000 9.09958363
v 15.00000000 46.97336960 10.00000000
v 15.00000000 46.89050674 11.00000000
v 14.12972832 47.00000000 11.00000000
v 15.00000000 46.91093826 12.00000000
v 14.40133381 47.00000000 12.00000000
v 15.00000000 46.93920135 13.00000000
v 14.53328133 47.00000000 13.00000000
v 15.00000000 46.89474869 14.00000000
v 14.29711342 47.00000000 14.00000000
v 15.00000000 46.95182800 15.00000000
v 14.61866093 47.00000000 15.00000000
v 15.00000000 46.97280884 16.00000000
v 14.75423527 47.00000000 16.00000000
v 15.00000000 46.91480637 17.00000000
v 15.00000000 46.88756180 18.00000000
v 15.00000000 46.92390442 19.00000000
v 15.00000000 46.91207504 20.00000000
v 15.00000000 46.95111847 21.00000000
v 15.00000000 46.98194122 22.00000000
v 14.06988621 47.00000000 22.00000000
v 15.00000000 47.00000000 22.13724899
v 14.62197304 47.00000000 34.00000000
v 15.00000000 47.00000000 33.65147400
v 15.00000000 46.94987488 34.00000000
v 15.00000000 46.86764908 35.00000000
v 15.00000000 46.83286667 36.00000000
v 15.00000000 46.85604858 37.00000000
v 15.00000000 46.70787811 38.00000000
v 15.00000000 46.82713699 39.00000000
v 15.00000000 46.57724380 40.00000000
v 15.78405476 1.00000000 8.00000000
v 16.00000000 1.00000000 8.07213593
v 16.00000000 0.30870497 9.00000000
v 16.00000000 0.22683559 10.00000000
v 16.00000000 0.00000000 10.72647762
v 15.71765995 0.00000000 11.00000000
v 15.05013275 0.00000000 14.00000000
v 15.80376244 0.00000000 15.00000000
v 15.13249111 0.00000000 16.00000000
v 15.30689335 0.00000000 17.00000000
v 16.00000000 0.08428191 18.00000000
v 16.00000000 0.00000000 17.44628143
v 16.00000000 0.13402347 19.00000000
v 16.00000000 0.19665721 20.00000000
v 16.00000000 0.15016563 21.00000000
v 16.00000000 0.17555237 22.00000000
v 16.00000000 0.20973502 23.00000000
v 16.00000000 0.07582982 24.00000000
v 16.00000000 0.00000000 24.24454498
v 15.96532536 0.00000000 32.00000000
v 16.00000000 0.00314746 32.00000000
v 16.00000000 0.00000000 31.91574097
v 16.00000000 0.00000000 32.03959274
v 15.62329578 0.00000000 37.00000000
v 16.00000000 0.03942521 37.00000000
v 16.00000000 0.00000000 36.76202393
v 16.00000000 0.27855241 38.00000000
v 16.00000000 0.56842607 39.00000000
v 15.83086395 1.00000000 40.00000000
v 16.00000000 1.00000000 39.93392944
v 16.00000000 1.23346412 8.00000000
v 16.00000000 2.00000000 7.79211092
v 15.92868614 2.00000000 40.00000000
v 16.00000000 2.00000000 39.97391510
v 16.00000000 2.80007958 8.00000000
v 15.83815861 3.00000000 8.00000000
v 16.00000000 3.00000000 8.03606129
v 15.44956589 3.00000000 40.00000000
v 16.00000000 3.00000000 39.72580338
v 15.48632050 4.00000000 8.00000000
v 16.00000000 4.00000000 8.10466957
v 15.20273399 4.00000000 40.00000000
v 16.00000000 4.00000000 39.41107941
v 16.00000000 4.98400974 8.00000000
v 16.00000000 5.00000000 7.99778652
v 16.00000000 5.00000000 39.13008499
v 16.00000000 6.00000000 7.92561817
v 16.00000000 6.00000000 39.04432297
v 16.00000000 7.00000000 7.39362621
v 15.52008152 7.00000000 39.00000000
v 16.00000000 7.00000000 38.84431076
v 16.00000000 6.22047234 39.00000000
v 16.00000000 8.00000000 7.30495739
v 15.27649593 8.00000000 39.00000000
v 16.00000000 8.00000000 38.81719971
v 16.00000000 9.00000000 7.55076313
v 15.18540478 9.00000000 39.00000000
v 16.00000000 9.00000000 38.53923035
v 16.00000000 10.00000000 7.54242897
v 15.15014267 10.00000000 39.00000000
v 16.00000000 10.00000000 38.40034485
v 15.00457096 11.00000000 8.00000000
v 16.00000000 11.00000000 7.51318550
v 15.44833565 11.00000000 39.00000000
v 16.00000000 11.00000000 38.59292221
v 15.75444508 12.00000000 7.00000000
v 16.00000000 11.79436302 7.00000000
v 16.00000000 12.00000000 6.91792822
v 15.24092293 12.00000000 39.00000000
v 16.00000000 12.00000000 38.31114960
v 15.89446354 13.00000000 7.00000000
v 16.00000000 13.00000000 6.96422958
v 15.60064316 13.00000000 39.00000000
v 16.00000000 13.00000000 38.64927292
v 16.00000000 13.43927860 7.00000000
v 16.00000000 14.00000000 7.08340263
v 15.84782314 14.00000000 39.00000000
v 16.00000000 14.00000000 38.85152054
v 15.07130527 14.00000000 40.00000000
v 16.00000000 15.00000000 7.06210613
v 16.00000000 14.88316345 39.00000000
v 15.21474361 15.00000000 40.00000000
v 16.00000000 15.00000000 39.01984787
v 15.24779797 16.00000000 8.00000000
v 16.00000000 16.00000000 7.74084997
v 15.96007919 16.00000000 39.00000000
v 16.00000000 16.00000000 38.96247482
v 16.00000000 15.34009838 39.00000000
v 15.28842068 16.00000000 40.00000000
v 16.00000000 17.00000000 7.43161964
v 15.99522400 17.00000000 39.00000000
v 16.00000000 17.00000000 38.99438095
v 15.31478596 17.00000000 40.00000000
v 16.00000000 18.00000000 7.09910440
v 15.86931801 18.00000000 39.00000000
v 16.00000000 18.00000000 38.85900879
v 15.25547981 18.00000000 40.00000000
v 16.00000000 19.00000000 7.08969069
v 15.73416805 19.00000000 39.00000000
v 16.00000000 19.00000000 38.68255997
v 16.00000000 19.27164078 7.00000000
v 16.00000000 20.00000000 6.84114742
v 15.46844769 20.00000000 39.00000000
v 16.00000000 20.00000000 38.42196655
v 15.67716980 21.00000000 7.00000000
v 16.00000000 21.00000000 6.85356236
v 15.38964653 21.00000000 39.00000000
v 16.00000000 21.00000000 38.39494705
v 15.92420673 22.00000000 7.00000000
v 16.00000000 22.00000000 6.96109009
v 15.37963295 22.00000000 39.00000000
v 16.00000000 22.00000000 38.43122482
v 16.00000000 22.13922691 7.00000000
v 16.00000000 23.00000000 7.18169689
v 15.54957962 23.00000000 39.00000000
v 16.00000000 23.00000000 38.61494446
v 15.23398399 24.00000000 8.00000000
v 16.00000000 24.00000000 7.68397379
v 15.59823227 24.00000000 39.00000000
v 16.00000000 24.00000000 38.65567017
v 16.00000000 24.57155609 8.00000000
v 16.00000000 25.00000000 8.28598881
v 15.77319527 25.00000000 39.00000000
v 16.00000000 25.00000000 38.81987000
v 15.00166035 25.00000000 40.00000000
v 15.89898872 26.00000000 8.00000000
v 16.00000000 25.90797234 8.00000000
v 16.00000000 26.00000000 7.97220039
v 15.75673294 26.00000000 39.00000000
v 16.00000000 26.00000000 38.84601593
v 15.16566086 27.00000000 8.00000000
v 16.00000000 27.00000000 7.82281399
v 15.60358810 27.00000000 39.00000000
v 16.00000000 27.00000000 38.80180359
v 16.00000000 28.00000000 7.36673546
v 15.13615608 28.00000000 39.00000000
v 16.00000000 28.00000000 38.57011414
v 16.00000000 29.00000000 7.32536173
v 15.23566151 29.00000000 39.00000000
v 16.00000000 29.00000000 38.63666153
v 16.00000000 30.00000000 7.07237244
v 15.31174850 30.00000000 39.00000000
v 16.00000000 30.00000000 38.74274445
v 16.00000000 30.25551605 7.00000000
v 16.00000000 31.00000000 6.77927971
v 15.39174557 31.00000000 39.00000000
v 16.00000000 31.00000000 38.72383118
v 15.96417046 32.00000000 7.00000000
v 16.00000000 32.00000000 6.99414873
v 15.53975201 32.00000000 39.00000000
v 16.00000000 32.00000000 38.78408051
v 16.00000000 32.01543427 7.00000000
v 16.00000000 33.00000000 7.37056303
v 15.76083279 33.00000000 39.00000000
v 16.00000000 33.00000000 38.81539917
v 15.08501530 33.00000000 40.00000000
v 16.00000000 34.00000000 7.54601097
v 15.93291378 34.00000000 39.00000000
v 16.00000000 34.00000000 38.93991470
v 15.23875046 34.00000000 40.00000000
v 15.53042126 35.00000000 8.00000000
v 16.00000000 35.00000000 7.83108854
v 15.80669022 35.00000000 39.00000000
v 16.00000000 35.00000000 38.75986862
v 15.11536503 35.00000000 40.00000000
v 15.30540657 36.00000000 8.00000000
v 16.00000000 36.00000000 7.80581379
v 15.46705627 36.00000000 39.00000000
v 16.00000000 36.00000000 38.44234848
v 16.00000000 37.00000000 7.72141266
v 15.56663704 37.00000000 39.00000000
v 16.00000000 37.00000000 38.62753677
v 16.00000000 38.00000000 7.78054047
v 15.59141541 38.00000000 39.00000000
v 16.00000000 38.00000000 38.67117310
v 16.00000000 38.89267349 8.00000000
v 15.93535328 39.00000000 8.00000000
v 16.00000000 39.00000000 8.03238583
v 15.62377930 39.00000000 39.00000000
v 16.00000000 39.00000000 38.76933670
v 15.91240311 40.00000000 8.00000000
v 16.00000000 40.00000000 8.04039001
v 15.58932877 40.00000000 39.00000000
v 16.00000000 40.00000000 38.76108170
v 15.66196537 41.00000000 8.00000000
v 16.00000000 41.00000000 8.18148518
v 16.00000000 40.68330002 39.00000000
v 15.14102173 41.00000000 40.00000000
v 16.00000000 41.00000000 39.16713333
v 15.79148865 42.00000000 8.00000000
v 16.00000000 42.00000000 8.12264252
v 15.85910797 42.00000000 40.00000000
v 16.00000000 42.00000000 39.87154388
v 16.00000000 42.68621063 8.00000000
v 16.00000000 43.00000000 7.92708874
v 16.00000000 42.82608032 40.00000000
v 16.00000000 43.00000000 40.02260971
v 15.04832458 44.00000000 7.00000000
v 16.00000000 44.00000000 7.78276920
v 16.00000000 44.00000000 40.16618347
v 15.26185036 45.00000000 7.00000000
v 16.00000000 45.00000000 7.51502371
v 16.00000000 45.00000000 40.50612640
v 16.00000000 46.00000000 7.76537991
v 16.00000000 46.00000000 40.25482559
v 16.00000000 46.55405426 8.00000000
v 15.53947449 47.00000000 8.00000000
v 16.00000000 46.82517624 9.00000000
v 15.02409649 47.00000000 9.00000000
v 16.00000000 46.84770966 10.00000000
v 16.00000000 46.87026596 11.00000000
v 16.00000000 46.89533997 12.00000000
v 16.00000000 46.95777130 13.00000000
v 16.00000000 46.91156769 14.00000000
v 16.00000000 46.96173477 15.00000000
v 15.84260941 47.00000000 16.00000000
v 16.00000000 47.00000000 15.88790131
v 16.00000000 47.00000000 16.04766273
v 16.00000000 46.90102005 17.00000000
v 16.00000000 46.86396027 18.00000000
v 16.00000000 46.94475937 19.00000000
v 16.00000000 46.95493317 20.00000000
v 16.00000000 46.95922852 21.00000000
v 16.00000000 46.97809601 22.00000000
v 16.00000000 47.00000000 22.31464005
v 15.74098682 47.00000000 25.00000000
v 16.00000000 47.00000000 24.69492912
v 16.00000000 46.97363281 25.00000000
v 16.00000000 46.94946289 26.00000000
v 15.56521797 47.00000000 26.00000000
v 16.00000000 46.97971725 27.00000000
v 15.81443977 47.00000000 27.00000000
v 16.00000000 47.00000000 27.31600189
v 16.00000000 47.00000000 33.37882233
v 16.00000000 46.90732193 34.00000000
v 16.00000000 46.82519913 35.00000000
v 16.00000000 46.85455322 36.00000000
v 16.00000000 46.88378525 37.00000000
v 16.00000000 46.77782059 38.00000000
v 16.00000000 46.76339340 39.00000000
v 16.00000000 46.41730499 40.00000000
v 17.00000000 0.81007653 9.00000000
v 17.00000000 1.00000000 8.79175472
v 17.00000000 0.24188273 10.00000000
v 17.00000000 0.00000000 10.86039639
v 16.94407654 0.00000000 18.00000000
v 17.00000000 0.20535581 19.00000000
v 17.00000000 0.00000000 18.01846886
v 17.00000000 0.17104138 20.00000000
v 17.00000000 0.13577035 21.00000000
v 17.00000000 0.04903383 22.00000000
v 17.00000000 0.09303403 23.00000000
v 17.00000000 0.00000000 23.45053482
v 16.41040993 0.00000000 24.00000000
v 16.73582840 0.00000000 27.00000000
v 17.00000000 0.08621192 27.00000000
v 17.00000000 0.00000000 26.57599640
v 16.84465408 0.00000000 28.00000000
v 17.00000000 0.04924529 28.00000000
v 16.65011024 0.00000000 29.00000000
v 17.00000000 0.11896054 29.00000000
v 16.40740776 0.00000000 30.00000000
v 17.00000000 0.16764121 30.00000000
v 16.08382607 0.00000000 31.00000000
v 17.00000000 0.30673885 31.00000000
v 17.00000000 0.24502131 32.00000000
v 16.19705582 0.00000000 33.00000000
v 17.00000000 0.29886010 33.00000000
v 16.49263382 0.00000000 34.00000000
v 17.00000000 0.17016608 34.00000000
v 16.35066986 0.00000000 35.00000000
v 17.00000000 0.27263850 35.00000000
v 16.30826950 0.00000000 36.00000000
v 17.00000000 0.28807676 36.00000000
v 17.00000000 0.36668137 37.00000000
v 17.00000000 0.70929408 38.00000000
v 16.63975906 1.00000000 39.00000000
v 17.00000000 1.00000000 38.50183105
v 16.35123634 2.00000000 8.00000000
v 17.00000000 2.00000000 8.32436943
v 17.00000000 1.89682317 39.00000000
v 17.00000000 2.00000000 39.02871704
v 17.00000000 3.00000000 8.37367439
v 16.99254990 3.00000000 39.00000000
v 17.00000000 3.00000000 38.99404144
v 17.00000000 2.83458328 39.00000000
v 17.00000000 4.00000000 8.25237274
v 16.64727402 4.00000000 39.00000000
v 17.00000000 4.00000000 38.82314301
v 16.00690269 5.00000000 8.00000000
v 17.00000000 5.00000000 8.21499252
v 16.31203079 5.00000000 39.00000000
v 17.00000000 5.00000000 38.71770859
v 16.16320801 6.00000000 8.00000000
v 17.00000000 6.00000000 8.23892212
v 16.12836647 6.00000000 39.00000000
v 17.00000000 6.00000000 38.69381332
v 17.00000000 6.65142775 8.00000000
v 17.00000000 7.00000000 7.84511995
v 17.00000000 7.00000000 38.60857773
v 17.00000000 8.00000000 7.80652428
v 17.00000000 8.00000000 38.62327576
v 17.00000000 9.00000000 7.47410345
v 17.00000000 9.00000000 38.39572144
v 17.00000000 10.00000000 7.48119545
v 17.00000000 10.00000000 38.09505844
v 17.00000000 11.00000000 7.51423311
v 17.00000000 11.00000000 38.17526245
v 17.00000000 11.74348831 7.00000000
v 17.00000000 12.00000000 6.90414286
v 17.00000000 12.00000000 38.14049911
v 17.00000000 13.00000000 6.75304747
v 17.00000000 13.00000000 38.25997543
v 16.18175697 14.00000000 7.00000000
v 17.00000000 14.00000000 6.81271362
v 17.00000000 14.00000000 38.41652679
v 17.00000000 14.74308777 7.00000000
v 17.00000000 15.00000000 7.09811878
v 16.02388573 15.00000000 39.00000000
v 17.00000000 15.00000000 38.21640778
v 17.00000000 16.00000000 7.55698633
v 17.00000000 16.00000000 38.28582001
v 17.00000000 17.00000000 7.70358276
v 17.00000000 17.00000000 38.28479004
v 17.00000000 18.00000000 7.46129465
v 17.00000000 18.00000000 38.24409866
v 17.00000000 19.00000000 7.66817236
v 17.00000000 19.00000000 38.09320068
v 16.38910866 20.00000000 7.00000000
v 17.00000000 20.00000000 7.31053448
v 17.00000000 20.00000000 38.03017426
v 16.34655952 21.00000000 7.00000000
v 17.00000000 21.00000000 7.23253536
v 16.83168983 21.00000000 38.00000000
v 17.00000000 21.00000000 37.92181396
v 17.00000000 20.28457642 38.00000000
v 16.11548424 22.00000000 7.00000000
v 17.00000000 22.00000000 7.19461250
v 16.89653015 22.00000000 38.00000000
v 17.00000000 22.00000000 37.94440460
v 17.00000000 23.00000000 7.44721842
v 17.00000000 22.51231003 38.00000000
v 17.00000000 23.00000000 38.04454422
v 17.00000000 24.00000000 7.81319475
v 17.00000000 24.00000000 38.22324753
v 17.00000000 24.49964523 8.00000000
v 17.00000000 25.00000000 8.26510620
v 17.00000000 25.00000000 38.32180023
v 17.00000000 25.74744415 8.00000000
v 17.00000000 26.00000000 7.92705536
v 17.00000000 26.00000000 38.39875412
v 17.00000000 27.00000000 7.59279871
v 17.00000000 27.00000000 38.43568039
v 17.00000000 28.00000000 7.28701496
v 17.00000000 28.00000000 38.42150879
v 17.00000000 29.00000000 7.04707909
v 17.00000000 29.00000000 38.48228073
v 16.35685349 30.00000000 7.00000000
v 17.00000000 29.26346779 7.00000000
v 17.00000000 30.00000000 6.87890911
v 17.00000000 30.00000000 38.57217407
v 17.00000000 31.00000000 6.68679857
v 17.00000000 31.00000000 38.42370605
v 17.00000000 32.00000000 6.89592314
v 17.00000000 32.00000000 38.60183716
v 16.98602295 33.00000000 7.00000000
v 17.00000000 33.00000000 6.99658203
v 17.00000000 33.00000000 38.38998032
v 17.00000000 33.02480698 7.00000000
v 17.00000000 34.00000000 7.16291380
v 17.00000000 34.00000000 38.30995560
v 17.00000000 35.00000000 7.46750498
v 17.00000000 35.00000000 38.05518723
v 17.00000000 36.00000000 7.43558693
v 17.00000000 36.00000000 38.10858536
v 17.00000000 37.00000000 7.59494591
v 17.00000000 37.00000000 38.22254562
v 17.00000000 38.00000000 7.77943897
v 17.00000000 38.00000000 38.32690048
v 17.00000000 38.82163620 8.00000000
v 17.00000000 39.00000000 8.06022453
v 17.00000000 39.00000000 38.48794937
v 17.00000000 40.00000000 8.16122055
v 17.00000000 40.00000000 38.59037781
v 17.00000000 41.00000000 8.38002205
v 16.30658340 41.00000000 39.00000000
v 17.00000000 41.00000000 38.82769775
v 17.00000000 42.00000000 8.41502666
v 17.00000000 41.55392456 39.00000000
v 17.00000000 42.00000000 39.18055725
v 16.18117523 43.00000000 8.00000000
v 17.00000000 43.00000000 8.41509628
v 16.06138039 43.00000000 40.00000000
v 17.00000000 43.00000000 39.72485352
v 16.43159103 44.00000000 8.00000000
v 17.00000000 44.00000000 8.30548000
v 17.00000000 43.72484589 40.00000000
v 17.00000000 44.00000000 40.08961487
v 16.95337868 45.00000000 8.00000000
v 17.00000000 45.00000000 8.06601906
v 17.00000000 45.00000000 40.45257950
v 16.44047356 46.00000000 8.00000000
v 17.00000000 46.00000000 8.83016491
v 17.00000000 46.00000000 40.47381973
v 17.00000000 46.07774734 9.00000000
v 17.00000000 46.24308395 10.00000000
v 17.00000000 46.80194473 11.00000000
v 17.00000000 46.96875381 12.00000000
v 16.47922134 47.00000000 13.00000000
v 17.00000000 47.00000000 12.35680676
v 16.66991425 47.00000000 14.00000000
v 16.31513596 47.00000000 15.00000000
v 17.00000000 47.00000000 16.51028633
v 17.00000000 46.91336441 17.00000000
v 17.00000000 46.87503052 18.00000000
v 17.00000000 46.97458649 19.00000000
v 16.59973526 47.00000000 20.00000000
v 17.00000000 47.00000000 19.43671227
v 17.00000000 47.00000000 20.57185173
v 17.00000000 46.97729874 21.00000000
v 17.00000000 46.98358917 22.00000000
v 17.00000000 47.00000000 22.56998062
v 16.89539337 47.00000000 24.00000000
v 17.00000000 47.00000000 23.61972237
v 17.00000000 46.99168396 24.00000000
v 16.37067986 47.00000000 25.00000000
v 17.00000000 47.00000000 24.13550949
v 17.00000000 47.00000000 25.75424385
v 17.00000000 46.98236084 26.00000000
v 16.38567162 47.00000000 27.00000000
v 17.00000000 47.00000000 26.31633759
v 17.00000000 47.00000000 33.20274353
v 17.00000000 46.86992264 34.00000000
v 17.00000000 46.73114014 35.00000000
v 17.00000000 46.74654007 36.00000000
v 17.00000000 46.84941483 37.00000000
v 17.00000000 46.83659363 38.00000000
v 16.79699898 47.00000000 39.00000000
v 17.00000000 47.00000000 38.84275055
v 17.00000000 47.00000000 39.21850967
v 17.00000000 46.75654602 40.00000000
v 18.00000000 0.98652118 9.00000000
v 18.00000000 1.00000000 8.98905087
v 18.00000000 0.26893359 10.00000000
v 18.00000000 0.00000000 10.65842915
v 17.09014320 0.00000000 18.00000000
v 18.00000000 0.04203955 18.00000000
v 18.00000000 0.00000000 17.56708527
v 18.00000000 0.09321618 19.00000000
v 18.00000000 0.15112247 20.00000000
v 18.00000000 0.12919357 21.00000000
v 18.00000000 0.11379495 22.00000000
v 18.00000000 0.18125091 23.00000000
v 17.74716949 0.00000000 24.00000000
v 18.00000000 0.03677526 24.00000000
v 18.00000000 0.00000000 24.39947510
v 18.00000000 0.13675064 27.00000000
v 18.00000000 0.00000000 26.21193123
v 18.00000000 0.24345031 28.00000000
v 18.00000000 0.16590495 29.00000000
v 18.00000000 0.23843284 30.00000000
v 18.00000000 0.31299943 31.00000000
v 18.00000000 0.32556236 32.00000000
v 18.00000000 0.36546057 33.00000000
v 18.00000000 0.35764563 34.00000000
v 18.00000000 0.40089163 35.00000000
v 18.00000000 0.54821086 36.00000000
v 18.00000000 0.69183379 37.00000000
v 17.69425392 1.00000000 38.00000000
v 18.00000000 1.00000000 37.73759460
v 18.00000000 2.00000000 8.47936535
v 18.00000000 1.22999048 38.00000000
v 17.05068779 2.00000000 39.00000000
v 18.00000000 2.00000000 38.40805435
v 18.00000000 3.00000000 8.36744976
v 18.00000000 3.00000000 38.54387283
v 18.00000000 4.00000000 8.17762947
v 18.00000000 4.00000000 38.44471359
v 18.00000000 5.00000000 8.27554607
v 18.00000000 5.00000000 38.29260254
v 18.00000000 6.00000000 8.28470230
v 18.00000000 6.00000000 38.27639008
v 17.82161903 7.00000000 8.00000000
v 18.00000000 7.00000000 8.02763176
v 18.00000000 7.00000000 38.28932953
v 17.91406631 8.00000000 8.00000000
v 18.00000000 8.00000000 8.01536751
v 18.00000000 8.00000000 38.31803513
v 18.00000000 8.20645618 8.00000000
v 18.00000000 9.00000000 7.91361856
v 18.00000000 9.00000000 38.16447067
v 18.00000000 10.00000000 7.87391520
v 17.38005829 10.00000000 38.00000000
v 18.00000000 10.00000000 37.82190704
v 18.00000000 9.55315685 38.00000000
v 18.00000000 10.45303345 8.00000000
v 17.72713280 11.00000000 8.00000000
v 18.00000000 11.00000000 8.29653168
v 17.65826607 11.00000000 38.00000000
v 18.00000000 11.00000000 37.89617920
v 17.30588913 12.00000000 7.00000000
v 18.00000000 12.00000000 7.47966290
v 18.00000000 11.29448414 8.00000000
v 17.52892876 12.00000000 38.00000000
v 18.00000000 12.00000000 37.83086395
v 17.73120499 13.00000000 7.00000000
v 18.00000000 13.00000000 7.25045538
v 17.65636444 13.00000000 38.00000000
v 18.00000000 13.00000000 37.84669113
v 17.80936241 14.00000000 7.00000000
v 18.00000000 14.00000000 7.08128786
v 18.00000000 13.90396214 38.00000000
v 18.00000000 14.00000000 38.01449585
v 18.00000000 15.00000000 7.48004723
v 17.31236649 15.00000000 38.00000000
v 18.00000000 15.00000000 37.54607773
v 18.00000000 14.03816891 38.00000000
v 18.00000000 16.00000000 7.93781471
v 17.37989044 16.00000000 38.00000000
v 18.00000000 16.00000000 37.50522614
v 18.00000000 17.00000000 7.99851370
v 17.41451073 17.00000000 38.00000000
v 18.00000000 17.00000000 37.56981277
v 18.00000000 18.00000000 7.94664860
v 17.35389137 18.00000000 38.00000000
v 18.00000000 18.00000000 37.55785751
v 18.00000000 19.00000000 7.96583223
v 17.24942589 19.00000000 38.00000000
v 18.00000000 19.00000000 37.69701767
v 18.00000000 20.00000000 7.56742191
v 17.11094475 20.00000000 38.00000000
v 18.00000000 20.00000000 37.71800995
v 18.00000000 21.00000000 7.43563128
v 18.00000000 21.00000000 37.70607758
v 18.00000000 22.00000000 7.46614504
v 18.00000000 22.00000000 37.70299530
v 18.00000000 23.00000000 7.52395439
v 17.26264763 23.00000000 38.00000000
v 18.00000000 23.00000000 37.85588455
v 18.00000000 24.00000000 7.87717533
v 18.00000000 23.71086502 38.00000000
v 18.00000000 24.00000000 38.04230118
v 17.74857903 25.00000000 8.00000000
v 18.00000000 25.00000000 7.91580534
v 18.00000000 25.00000000 38.00708771
v 18.00000000 26.00000000 7.69607687
v 18.00000000 26.00000000 38.11316299
v 18.00000000 27.00000000 7.51161098
v 18.00000000 27.00000000 38.09178543
v 18.00000000 28.00000000 7.25399208
v 18.00000000 28.00000000 38.14422989
v 18.00000000 29.00000000 7.28991985
v 18.00000000 29.00000000 38.18647766
v 17.51281357 30.00000000 7.00000000
v 18.00000000 30.00000000 7.12494087
v 18.00000000 30.00000000 38.30291748
v 18.00000000 30.39347076 7.00000000
v 18.00000000 31.00000000 6.83677387
v 18.00000000 31.00000000 38.24512100
v 18.00000000 31.74511909 7.00000000
v 17.66851044 32.00000000 7.00000000
v 18.00000000 32.00000000 7.07571554
v 18.00000000 32.00000000 38.40068054
v 17.02410126 33.00000000 7.00000000
v 18.00000000 33.00000000 7.19811344
v 18.00000000 33.00000000 38.26881409
v 18.00000000 34.00000000 7.17951870
v 18.00000000 34.00000000 38.16399384
v 18.00000000 35.00000000 7.48053360
v 18.00000000 35.00000000 38.03379059
v 18.00000000 36.00000000 7.43237543
v 18.00000000 36.00000000 38.13763428
v 18.00000000 37.00000000 7.54050112
v 18.00000000 37.00000000 38.28125000
v 18.00000000 38.00000000 7.60103083
v 18.00000000 38.00000000 38.42028427
v 17.31336021 39.00000000 8.00000000
v 18.00000000 39.00000000 7.87280798
v 18.00000000 39.00000000 38.55479050
v 17.90212631 40.00000000 8.00000000
v 18.00000000 40.00000000 7.98436689
v 18.00000000 40.00000000 38.63666153
v 18.00000000 40.05287552 8.00000000
v 18.00000000 41.00000000 8.28041077
v 18.00000000 41.00000000 38.76685715
v 18.00000000 42.00000000 8.34570980
v 18.00000000 41.65756989 39.00000000
v 18.00000000 42.00000000 39.12199020
v 18.00000000 43.00000000 8.56328201
v 18.00000000 43.00000000 39.64381790
v 18.00000000 44.00000000 8.51515198
v 18.00000000 43.85641479 40.00000000
v 18.00000000 44.00000000 40.04589081
v 18.00000000 45.00000000 8.59384918
v 18.00000000 45.00000000 40.56066895
v 18.00000000 45.86043167 9.00000000
v 17.48079872 46.00000000 9.00000000
v 18.00000000 46.00000000 9.27590561
v 18.00000000 46.00000000 40.45489120
v 18.00000000 46.14419174 10.00000000
v 18.00000000 46.73226929 11.00000000
v 18.00000000 46.93774033 12.00000000
v 18.00000000 47.00000000 12.33484554
v 17.67427444 47.00000000 17.00000000
v 17.68967438 47.00000000 18.00000000
v 17.12697983 47.00000000 19.00000000
v 17.14837265 47.00000000 21.00000000
v 17.12205887 47.00000000 22.00000000
v 17.08632469 47.00000000 24.00000000
v 17.37321854 47.00000000 26.00000000
v 18.00000000 47.00000000 33.84283447
v 18.00000000 46.97212982 34.00000000
v 18.00000000 46.81032944 35.00000000
v 18.00000000 46.75924301 36.00000000
v 18.00000000 46.87871170 37.00000000
v 18.00000000 46.90423965 38.00000000
v 18.00000000 47.00000000 38.60718918
v 18.00000000 47.00000000 39.36526108
v 18.00000000 46.80827713 40.00000000
v 18.01742172 1.00000000 9.00000000
v 19.00000000 1.00000000 9.62504292
v 19.00000000 0.63101542 10.00000000
v 18.76438141 0.00000000 11.00000000
v 19.00000000 0.03798056 11.00000000
v 19.00000000 0.00000000 11.27331924
v 18.88060379 0.00000000 16.00000000
v 19.00000000 0.02540404 16.00000000
v 19.00000000 0.00000000 15.63292408
v 18.31733131 0.00000000 17.00000000
v 19.00000000 0.11195166 17.00000000
v 19.00000000 0.20660694 18.00000000
v 19.00000000 0.28056312 19.00000000
v 19.00000000 0.31727505 20.00000000
v 19.00000000 0.37587458 21.00000000
v 19.00000000 0.51199514 22.00000000
v 19.00000000 0.38111207 23.00000000
v 19.00000000 0.13693975 24.00000000
v 18.35719872 0.00000000 25.00000000
v 19.00000000 0.09153966 25.00000000
v 18.18540192 0.00000000 26.00000000
v 19.00000000 0.15989234 26.00000000
v 19.00000000 0.38661623 27.00000000
v 19.00000000 0.46646699 28.00000000
v 19.00000000 0.42712250 29.00000000
v 19.00000000 0.42585996 30.00000000
v 19.00000000 0.43251604 31.00000000
v 19.00000000 0.46689522 32.00000000
v 19.00000000 0.58648103 33.00000000
v 19.00000000 0.53249836 34.00000000
v 19.00000000 0.62757665 35.00000000
v 19.00000000 0.77969533 36.00000000
v 19.00000000 0.89713788 37.00000000
v 19.00000000 1.00000000 37.16488266
v 18.73668480 2.00000000 9.00000000
v 19.00000000 2.00000000 9.20410538
v 18.68257141 2.00000000 38.00000000
v 19.00000000 2.00000000 37.70246124
v 19.00000000 2.32124710 9.00000000
v 19.00000000 3.00000000 8.68042278
v 19.00000000 2.62290502 38.00000000
v 19.00000000 3.00000000 38.11343765
v 19.00000000 4.00000000 8.50961304
v 19.00000000 4.00000000 38.07155228
v 19.00000000 5.00000000 8.50375271
v 19.00000000 5.00000000 38.01860809
v 19.00000000 6.00000000 8.47608471
v 19.00000000 6.00000000 38.10522079
v 19.00000000 7.00000000 8.15127945
v 19.00000000 7.00000000 38.06502533
v 19.00000000 8.00000000 8.21680450
v 19.00000000 8.00000000 38.07842255
v 18.27678108 9.00000000 8.00000000
v 19.00000000 9.00000000 8.24224091
v 18.71311569 9.00000000 38.00000000
v 19.00000000 9.00000000 37.89524078
v 19.00000000 8.50917530 38.00000000
v 18.36688805 10.00000000 8.00000000
v 19.00000000 10.00000000 8.39231205
v 19.00000000 10.00000000 37.32126236
v 19.00000000 11.00000000 8.86085033
v 19.00000000 11.00000000 37.05000305
v 19.00000000 11.97076893 8.00000000
v 19.00000000 12.00000000 7.98324013
v 19.00000000 12.00000000 37.12703323
v 19.00000000 13.00000000 7.91234064
v 19.00000000 13.00000000 37.24120712
v 19.00000000 14.00000000 7.45463228
v 18.02195930 14.00000000 38.00000000
v 19.00000000 14.00000000 37.23691940
v 19.00000000 15.00000000 7.21363354
v 18.97205544 15.00000000 37.00000000
v 19.00000000 15.00000000 36.98443985
v 19.00000000 14.94071007 37.00000000
v 19.00000000 16.00000000 7.51855469
v 18.79202461 16.00000000 37.00000000
v 19.00000000 16.00000000 36.89169312
v 19.00000000 17.00000000 7.67670202
v 19.00000000 16.56941605 37.00000000
v 19.00000000 17.00000000 37.08442307
v 19.00000000 18.00000000 7.57289553
v 19.00000000 18.00000000 37.08727264
v 19.00000000 19.00000000 7.73205853
v 19.00000000 19.00000000 37.22332001
v 19.00000000 20.00000000 7.41700172
v 19.00000000 20.00000000 37.24158478
v 19.00000000 21.00000000 7.49603128
v 19.00000000 21.00000000 37.34798431
v 19.00000000 22.00000000 7.49056673
v 19.00000000 22.00000000 37.29578781
v 19.00000000 23.00000000 7.44654226
v 19.00000000 23.00000000 37.59740067
v 19.00000000 24.00000000 7.67469120
v 18.14032173 24.00000000 38.00000000
v 19.00000000 24.00000000 37.63748169
v 19.00000000 25.00000000 7.66670322
v 18.06656456 25.00000000 38.00000000
v 19.00000000 25.00000000 37.84246826
v 19.00000000 26.00000000 7.55385828
v 18.47558403 26.00000000 38.00000000
v 19.00000000 26.00000000 37.79116821
v 19.00000000 27.00000000 7.25352859
v 18.26413918 27.00000000 38.00000000
v 19.00000000 27.00000000 37.63750839
v 19.00000000 28.00000000 7.18159866
v 18.40408134 28.00000000 38.00000000
v 19.00000000 28.00000000 37.58378601
v 19.00000000 29.00000000 7.22179461
v 18.61304283 29.00000000 38.00000000
v 19.00000000 29.00000000 37.78533936
v 19.00000000 30.00000000 7.26238298
v 18.89197159 30.00000000 38.00000000
v 19.00000000 30.00000000 37.93653870
v 18.88813210 31.00000000 7.00000000
v 19.00000000 31.00000000 7.04714346
v 19.00000000 30.33262062 38.00000000
v 19.00000000 31.00000000 38.09232330
v 19.00000000 32.00000000 7.46810675
v 19.00000000 32.00000000 38.15985489
v 19.00000000 33.00000000 7.33860826
v 19.00000000 33.00000000 38.27023697
v 19.00000000 34.00000000 7.33395004
v 19.00000000 34.00000000 38.11860275
v 19.00000000 35.00000000 7.53113413
v 18.19343567 35.00000000 38.00000000
v 19.00000000 35.00000000 37.76907349
v 19.00000000 34.38763809 38.00000000
v 19.00000000 36.00000000 7.53802395
v 18.62616539 36.00000000 38.00000000
v 19.00000000 36.00000000 37.83521652
v 19.00000000 37.00000000 7.63397884
v 18.95891380 37.00000000 38.00000000
v 19.00000000 37.00000000 37.97695923
v 19.00000000 38.00000000 7.73118305
v 19.00000000 37.09457016 38.00000000
v 19.00000000 38.00000000 38.15792465
v 19.00000000 39.00000000 7.76811934
v 19.00000000 39.00000000 38.49732971
v 19.00000000 39.81053543 8.00000000
v 18.28890991 40.00000000 8.00000000
v 19.00000000 40.00000000 8.05388546
v 19.00000000 40.00000000 38.50886536
v 19.00000000 41.00000000 8.27830219
v 19.00000000 41.00000000 38.73505020
v 19.00000000 42.00000000 8.37629128
v 19.00000000 41.69483566 39.00000000
v 19.00000000 42.00000000 39.11004257
v 19.00000000 43.00000000 8.37491322
v 19.00000000 43.00000000 39.60762405
v 19.00000000 44.00000000 8.37463951
v 18.44861221 44.00000000 40.00000000
v 19.00000000 44.00000000 39.92482376
v 19.00000000 45.00000000 8.76109695
v 19.00000000 44.22885513 40.00000000
v 19.00000000 45.00000000 40.21694183
v 19.00000000 45.49947357 9.00000000
v 19.00000000 46.00000000 9.68276119
v 18.82866478 46.00000000 40.00000000
v 19.00000000 46.00000000 39.78780746
v 19.00000000 45.66567993 40.00000000
v 19.00000000 46.12656784 10.00000000
v 19.00000000 46.74501419 11.00000000
v 19.00000000 46.89118958 12.00000000
v 19.00000000 47.00000000 12.62497330
v 18.87865067 47.00000000 14.00000000
v 19.00000000 47.00000000 13.78013325
v 19.00000000 46.98492813 14.00000000
v 19.00000000 46.91702271 15.00000000
v 18.55911064 47.00000000 15.00000000
v 19.00000000 46.90253830 16.00000000
v 18.56479645 47.00000000 16.00000000
v 19.00000000 46.92016602 17.00000000
v 18.33156204 47.00000000 17.00000000
v 19.00000000 46.95323181 18.00000000
v 18.48588943 47.00000000 18.00000000
v 19.00000000 47.00000000 18.33878517
v 18.19391823 47.00000000 26.00000000
v 19.00000000 47.00000000 25.41280365
v 19.00000000 46.89039230 26.00000000
v 19.00000000 46.84595490 27.00000000
v 18.11705399 47.00000000 27.00000000
v 19.00000000 46.83219528 28.00000000
v 18.16317749 47.00000000 28.00000000
v 19.00000000 46.93923187 29.00000000
v 18.52285957 47.00000000 29.00000000
v 19.00000000 46.84415054 30.00000000
v 18.00012016 47.00000000 30.00000000
v 19.00000000 47.00000000 30.97051239
v 18.82606316 47.00000000 33.00000000
v 19.00000000 47.00000000 32.46032333
v 19.00000000 46.97152710 33.00000000
v 19.00000000 46.77995300 34.00000000
v 19.00000000 46.68611908 35.00000000
v 19.00000000 46.55941010 36.00000000
v 19.00000000 46.77251434 37.00000000
v 19.00000000 46.73759842 38.00000000
v 19.00000000 46.64400101 39.00000000
v 18.24337769 47.00000000 39.00000000
v 20.00000000 0.99978042 10.00000000
v 20.00000000 1.00000000 9.99981785
v 20.00000000 0.12755606 11.00000000
v 20.00000000 0.00000000 11.86494541
v 19.15875244 0.00000000 16.00000000
v 19.79255295 0.00000000 17.00000000
v 20.00000000 0.11487300 18.00000000
v 20.00000000 0.00000000 17.23633003
v 20.00000000 0.27863526 19.00000000
v 20.00000000 0.32246777 20.00000000
v 20.00000000 0.48196927 21.00000000
v 20.00000000 0.65575546 22.00000000
v 20.00000000 0.37801132 23.00000000
v 20.00000000 0.02622380 24.00000000
v 20.00000000 0.05799703 25.00000000
v 20.00000000 0.20754333 26.00000000
v 20.00000000 0.50809318 27.00000000
v 20.00000000 0.58060569 28.00000000
v 20.00000000 0.48325431 29.00000000
v 20.00000000 0.47180605 30.00000000
v 20.00000000 0.35018882 31.00000000
v 20.00000000 0.30820906 32.00000000
v 20.00000000 0.33053076 33.00000000
v 20.00000000 0.26323283 34.00000000
v 20.00000000 0.33223817 35.00000000
v 20.00000000 0.49650827 36.00000000
v 20.00000000 0.93597901 37.00000000
v 20.00000000 1.00000000 37.08047485
v 20.00000000 2.00000000 9.49265289
v 20.00000000 2.00000000 37.45903778
v 20.00000000 2.71125436 9.00000000
v 20.00000000 3.00000000 8.87918758
v 19.33828545 3.00000000 38.00000000
v 20.00000000 3.00000000 37.77074814
v 20.00000000 4.00000000 8.78665829
v 19.17571831 4.00000000 38.00000000
v 20.00000000 4.00000000 37.65105057
v 20.00000000 5.00000000 8.62494850
v 19.08761978 5.00000000 38.00000000
v 20.00000000 5.00000000 37.78958511
v 20.00000000 6.00000000 8.51618385
v 19.41993141 6.00000000 38.00000000
v 20.00000000 6.00000000 37.84307480
v 20.00000000 7.00000000 8.15571308
v 19.25364494 7.00000000 38.00000000
v 20.00000000 7.00000000 37.76569366
v 20.00000000 8.00000000 8.26478195
v 19.29380417 8.00000000 38.00000000
v 20.00000000 8.00000000 37.80595016
v 20.00000000 9.00000000 8.39985752
v 20.00000000 9.00000000 37.47525787
v 20.00000000 10.00000000 8.61809254
v 20.00000000 10.00000000 37.04450607
v 20.00000000 11.00000000 8.91031551
v 19.11195946 11.00000000 37.00000000
v 20.00000000 11.00000000 36.37473297
v 20.00000000 10.10744858 37.00000000
v 19.22139931 12.00000000 8.00000000
v 20.00000000 12.00000000 8.10692596
v 19.55411911 12.00000000 37.00000000
v 20.00000000 12.00000000 36.83965683
v 20.00000000 12.19921017 8.00000000
v 20.00000000 13.00000000 7.79957533
v 19.70166969 13.00000000 37.00000000
v 20.00000000 13.00000000 36.88935852
v 20.00000000 14.00000000 7.40754557
v 19.59468079 14.00000000 37.00000000
v 20.00000000 14.00000000 36.82756805
v 19.50182152 15.00000000 7.00000000
v 20.00000000 14.71877384 7.00000000
v 20.00000000 15.00000000 6.89701986
v 20.00000000 15.00000000 36.75631714
v 20.00000000 15.73754120 7.00000000
v 20.00000000 16.00000000 7.07118893
v 20.00000000 16.00000000 36.74690247
v 19.71106720 17.00000000 7.00000000
v 20.00000000 16.22819710 7.00000000
v 20.00000000 17.00000000 6.86954975
v 19.31250954 17.00000000 37.00000000
v 20.00000000 17.00000000 36.80234909
v 19.60527802 18.00000000 7.00000000
v 20.00000000 18.00000000 6.79330587
v 19.37413979 18.00000000 37.00000000
v 20.00000000 18.00000000 36.84424973
v 20.00000000 18.80831718 7.00000000
v 20.00000000 19.00000000 7.07513523
v 19.80213928 19.00000000 37.00000000
v 20.00000000 19.00000000 36.91786194
v 19.92162514 20.00000000 7.00000000
v 20.00000000 19.68791962 7.00000000
v 20.00000000 20.00000000 6.97727633
v 20.00000000 19.37753677 37.00000000
v 20.00000000 20.00000000 37.08207321
v 20.00000000 20.79974365 7.00000000
v 20.00000000 21.00000000 7.00728703
v 20.00000000 21.00000000 37.17676544
v 19.94966507 22.00000000 7.00000000
v 20.00000000 21.19438171 7.00000000
v 20.00000000 22.00000000 6.97845268
v 20.00000000 22.00000000 37.21043015
v 19.72051811 23.00000000 7.00000000
v 20.00000000 23.00000000 6.84128094
v 20.00000000 23.00000000 37.45766449
v 19.99123383 24.00000000 7.00000000
v 20.00000000 24.00000000 6.99553967
v 20.00000000 24.00000000 37.56145096
v 20.00000000 24.07010269 7.00000000
v 20.00000000 25.00000000 7.08335018
v 20.00000000 25.00000000 37.61101532
v 19.86424065 26.00000000 7.00000000
v 20.00000000 25.49344635 7.00000000
v 20.00000000 26.00000000 6.92218876
v 20.00000000 26.00000000 37.57431030
v 19.41348648 27.00000000 7.00000000
v 20.00000000 27.00000000 6.69615984
v 20.00000000 27.00000000 37.37349701
v 19.28477287 28.00000000 7.00000000
v 20.00000000 28.00000000 6.64578819
v 20.00000000 28.00000000 37.27252579
v 19.62980270 29.00000000 7.00000000
v 20.00000000 29.00000000 6.90348434
v 20.00000000 29.00000000 37.36080551
v 20.00000000 29.95822334 7.00000000
v 20.00000000 30.00000000 7.00637245
v 20.00000000 30.00000000 37.55650711
v 20.00000000 31.00000000 7.12852669
v 19.27685928 31.00000000 38.00000000
v 20.00000000 31.00000000 37.70976257
v 20.00000000 32.00000000 7.52186441
v 19.59108162 32.00000000 38.00000000
v 20.00000000 32.00000000 37.87885284
v 20.00000000 33.00000000 7.41092110
v 20.00000000 32.61204910 38.00000000
v 20.00000000 33.00000000 38.07410431
v 20.00000000 34.00000000 7.32004070
v 20.00000000 34.00000000 38.07312775
v 20.00000000 35.00000000 7.53130722
v 20.00000000 35.00000000 37.68646240
v 20.00000000 34.16979980 38.00000000
v 20.00000000 36.00000000 7.44819117
v 20.00000000 36.00000000 37.75767899
v 20.00000000 37.00000000 7.64867353
v 20.00000000 37.00000000 37.84328461
v 20.00000000 38.00000000 7.77132130
v 20.00000000 37.80701065 38.00000000
v 20.00000000 38.00000000 38.04223251
v 20.00000000 39.00000000 7.80147219
v 20.00000000 39.00000000 38.37845993
v 20.00000000 39.62062836 8.00000000
v 20.00000000 40.00000000 8.10014725
v 20.00000000 40.00000000 38.41601181
v 20.00000000 41.00000000 8.09120941
v 20.00000000 41.00000000 38.57617188
v 20.00000000 42.00000000 8.26338768
v 19.37398148 42.00000000 39.00000000
v 20.00000000 42.00000000 38.80923462
v 20.00000000 43.00000000 8.07947254
v 20.00000000 42.67029190 39.00000000
v 20.00000000 43.00000000 39.12829590
v 20.00000000 44.00000000 8.12833309
v 20.00000000 44.00000000 39.35746002
v 20.00000000 45.00000000 8.49535084
v 19.28890038 45.00000000 40.00000000
v 20.00000000 45.00000000 39.30387878
v 20.00000000 45.93298721 9.00000000
v 20.00000000 46.00000000 9.13047409
v 19.60450935 46.00000000 39.00000000
v 20.00000000 46.00000000 38.53268433
v 20.00000000 45.46831131 39.00000000
v 20.00000000 46.28583527 10.00000000
v 20.00000000 46.80215073 11.00000000
v 20.00000000 46.97362518 12.00000000
v 20.00000000 47.00000000 12.20595074
v 19.53470993 47.00000000 14.00000000
v 20.00000000 47.00000000 14.19379330
v 20.00000000 46.94495773 15.00000000
v 20.00000000 46.92306137 16.00000000
v 20.00000000 46.89054108 17.00000000
v 20.00000000 46.89510345 18.00000000
v 20.00000000 47.00000000 18.90596962
v 20.00000000 47.00000000 25.84096146
v 20.00000000 46.97020721 26.00000000
v 20.00000000 46.85134506 27.00000000
v 20.00000000 46.89723206 28.00000000
v 19.58251190 47.00000000 29.00000000
v 20.00000000 47.00000000 28.72067070
v 20.00000000 47.00000000 29.48277664
v 20.00000000 46.95692062 30.00000000
v 20.00000000 47.00000000 30.27086830
v 20.00000000 47.00000000 32.71285248
v 20.00000000 46.94818115 33.00000000
v 20.00000000 46.69906235 34.00000000
v 20.00000000 46.60390091 35.00000000
v 20.00000000 46.59557724 36.00000000
v 20.00000000 46.73604965 37.00000000
v 20.00000000 46.47774124 38.00000000
v 21.00000000 0.85671604 10.00000000
v 21.00000000 1.00000000 9.86377621
v 21.00000000 0.20188174 11.00000000
v 20.21153641 0.00000000 12.00000000
v 21.00000000 0.07825094 12.00000000
v 20.69741821 0.00000000 13.00000000
v 21.00000000 0.06566760 13.00000000
v 21.00000000 0.00000000 13.55415630
v 20.29449463 0.00000000 17.00000000
v 21.00000000 0.07781115 17.00000000
v 21.00000000 0.00000000 16.65809059
v 21.00000000 0.19951959 18.00000000
v 21.00000000 0.34187579 19.00000000
v 21.00000000 0.45546091 20.00000000
v 21.00000000 0.56685835 21.00000000
v 21.00000000 0.63043052 22.00000000
v 21.00000000 0.35819045 23.00000000
v 21.00000000 0.05722034 24.00000000
v 21.00000000 0.19326986 25.00000000
v 21.00000000 0.41178945 26.00000000
v 21.00000000 0.60752755 27.00000000
v 21.00000000 0.68733108 28.00000000
v 21.00000000 0.66158491 29.00000000
v 21.00000000 0.65623486 30.00000000
v 21.00000000 0.50817388 31.00000000
v 21.00000000 0.42005688 32.00000000
v 21.00000000 0.52692348 33.00000000
v 21.00000000 0.46440908 34.00000000
v 21.00000000 0.58692402 35.00000000
v 21.00000000 0.67294043 36.00000000
v 20.33417511 1.00000000 37.00000000
v 21.00000000 1.00000000 36.69266129
v 21.00000000 2.00000000 9.30077267
v 21.00000000 1.56090260 37.00000000
v 21.00000000 2.00000000 37.11761856
v 21.00000000 2.78352594 9.00000000
v 21.00000000 3.00000000 8.94127655
v 21.00000000 3.00000000 37.50053024
v 21.00000000 4.00000000 8.74964714
v 21.00000000 4.00000000 37.48054504
v 21.00000000 5.00000000 8.71283722
v 21.00000000 5.00000000 37.53543472
v 21.00000000 6.00000000 8.61517429
v 21.00000000 6.00000000 37.49895859
v 21.00000000 7.00000000 8.35567188
v 21.00000000 7.00000000 37.36492920
v 21.00000000 8.00000000 8.45382690
v 21.00000000 8.00000000 37.25558853
v 21.00000000 9.00000000 8.57499409
v 21.00000000 9.00000000 37.00345993
v 21.00000000 10.00000000 8.95356464
v 20.13924217 10.00000000 37.00000000
v 21.00000000 10.00000000 36.29472733
v 21.00000000 9.01346016 37.00000000
v 21.00000000 11.00000000 8.76429272
v 21.00000000 11.00000000 36.33417892
v 21.00000000 12.00000000 8.30071831
v 21.00000000 12.00000000 36.58890152
v 21.00000000 12.49537659 8.00000000
v 21.00000000 13.00000000 7.78590441
v 21.00000000 13.00000000 36.65818405
v 21.00000000 14.00000000 7.40661383
v 21.00000000 14.00000000 36.58096313
v 21.00000000 14.62582207 7.00000000
v 21.00000000 15.00000000 6.79975796
v 21.00000000 15.00000000 36.49145508
v 20.18306923 16.00000000 7.00000000
v 21.00000000 16.00000000 6.80812168
v 21.00000000 16.00000000 36.31647110
v 21.00000000 17.00000000 6.72400761
v 21.00000000 17.00000000 36.46529388
v 21.00000000 18.00000000 6.62503529
v 21.00000000 18.00000000 36.68878555
v 21.00000000 18.89273643 7.00000000
v 21.00000000 19.00000000 7.06335592
v 21.00000000 19.00000000 36.68431473
v 21.00000000 19.26858902 7.00000000
v 21.00000000 20.00000000 6.88421440
v 20.46430588 20.00000000 37.00000000
v 21.00000000 20.00000000 36.85631943
v 20.06224060 21.00000000 7.00000000
v 21.00000000 21.00000000 6.91134357
v 21.00000000 20.74575806 37.00000000
v 21.00000000 21.00000000 37.03153992
v 21.00000000 22.00000000 6.87556744
v 21.00000000 22.00000000 37.05916214
v 21.00000000 23.00000000 6.68456507
v 21.00000000 23.00000000 37.34204102
v 21.00000000 23.91235733 7.00000000
v 20.16881180 24.00000000 7.00000000
v 21.00000000 24.00000000 7.02390051
v 21.00000000 24.00000000 37.37072754
v 21.00000000 25.00000000 6.70516777
v 20.20691490 25.00000000 7.00000000
v 21.00000000 24.08829117 7.00000000
v 21.00000000 25.00000000 37.35657120
v 21.00000000 26.00000000 6.71252537
v 21.00000000 26.00000000 37.37135696
v 21.00000000 27.00000000 6.58338785
v 21.00000000 27.00000000 37.18666077
v 21.00000000 28.00000000 6.62961674
v 21.00000000 28.00000000 37.01683044
v 21.00000000 29.00000000 6.93700838
v 21.00000000 29.00000000 37.04494858
v 21.00000000 29.35168648 7.00000000
v 21.00000000 30.00000000 7.18274450
v 21.00000000 30.00000000 37.24042892
v 21.00000000 31.00000000 7.44857883
v 21.00000000 31.00000000 37.48434067
v 21.00000000 32.00000000 7.68913698
v 21.00000000 32.00000000 37.50712585
v 21.00000000 33.00000000 7.43052340
v 20.12414742 33.00000000 38.00000000
v 21.00000000 33.00000000 37.58202362
v 21.00000000 34.00000000 7.28813171
v 20.26982880 34.00000000 38.00000000
v 21.00000000 34.00000000 37.83444595
v 21.00000000 35.00000000 7.39881039
v 21.00000000 35.00000000 37.67064285
v 21.00000000 36.00000000 7.27922440
v 21.00000000 36.00000000 37.80999756
v 21.00000000 37.00000000 7.34488297
v 21.00000000 37.00000000 37.80105591
v 21.00000000 38.00000000 7.61500216
v 20.15926933 38.00000000 38.00000000
v 21.00000000 38.00000000 37.82917786
v 21.00000000 39.00000000 7.64547873
v 21.00000000 38.25603867 38.00000000
v 21.00000000 39.00000000 38.47463989
v 20.43580055 40.00000000 8.00000000
v 21.00000000 40.00000000 7.84860706
v 21.00000000 40.00000000 38.61109924
v 20.30743408 41.00000000 8.00000000
v 21.00000000 41.00000000 7.74967384
v 21.00000000 41.00000000 38.76969910
v 20.73083115 42.00000000 8.00000000
v 21.00000000 42.00000000 7.90243912
v 21.00000000 42.00000000 38.90361023
v 20.22109795 43.00000000 8.00000000
v 21.00000000 43.00000000 7.83796167
v 20.61285782 43.00000000 39.00000000
v 21.00000000 43.00000000 38.92082977
v 20.51154518 44.00000000 8.00000000
v 21.00000000 44.00000000 7.93234873
v 20.97550774 44.00000000 39.00000000
v 21.00000000 44.00000000 38.99158859
v 21.00000000 44.16004181 8.00000000
v 21.00000000 45.00000000 8.44236946
v 20.43138313 45.00000000 39.00000000
v 21.00000000 45.00000000 38.68230820
v 20.36792946 46.00000000 9.00000000
v 21.00000000 46.00000000 8.93036079
v 21.00000000 46.00000000 38.01045990
v 21.00000000 46.10554504 9.00000000
v 21.00000000 46.08572388 10.00000000
v 21.00000000 46.64727402 11.00000000
v 21.00000000 46.76478195 12.00000000
v 21.00000000 46.81915283 13.00000000
v 20.32345581 47.00000000 13.00000000
v 21.00000000 46.76396942 14.00000000
v 20.04810333 47.00000000 14.00000000
v 21.00000000 46.61805725 15.00000000
v 21.00000000 46.61088562 16.00000000
v 21.00000000 46.54327393 17.00000000
v 21.00000000 46.60179138 18.00000000
v 21.00000000 46.82033920 19.00000000
v 20.05740356 47.00000000 19.00000000
v 21.00000000 46.96572876 20.00000000
v 20.75124168 47.00000000 20.00000000
v 21.00000000 47.00000000 20.39597130
v 21.00000000 47.00000000 25.40840912
v 21.00000000 46.91755295 26.00000000
v 21.00000000 46.73675919 27.00000000
v 21.00000000 46.77082443 28.00000000
v 21.00000000 46.95771408 29.00000000
v 20.50881195 47.00000000 29.00000000
v 21.00000000 47.00000000 29.81157875
v 20.82699394 47.00000000 30.00000000
v 21.00000000 47.00000000 32.04001999
v 21.00000000 46.66490173 33.00000000
v 21.00000000 46.49687195 34.00000000
v 21.00000000 46.32325363 35.00000000
v 21.00000000 46.26263046 36.00000000
v 21.00000000 46.28917694 37.00000000
v 21.00000000 46.01360321 38.00000000
v 21.77749062 1.00000000 10.00000000
v 22.00000000 1.00000000 10.04799461
v 22.00000000 0.32544112 11.00000000
v 22.00000000 0.36097321 12.00000000
v 22.00000000 0.35334969 13.00000000
v 21.17893410 0.00000000 14.00000000
v 22.00000000 0.31878942 14.00000000
v 21.35194588 0.00000000 15.00000000
v 22.00000000 0.30519113 15.00000000
v 21.33539391 0.00000000 16.00000000
v 22.00000000 0.36304715 16.00000000
v 22.00000000 0.41380486 17.00000000
v 22.00000000 0.60874289 18.00000000
v 22.00000000 0.69417071 19.00000000
v 22.00000000 0.89961803 20.00000000
v 22.00000000 0.80711675 21.00000000
v 22.00000000 0.92699093 22.00000000
v 22.00000000 0.54951793 23.00000000
v 22.00000000 0.36967713 24.00000000
v 22.00000000 0.52873886 25.00000000
v 22.00000000 0.80460215 26.00000000
v 22.00000000 0.95456940 27.00000000
v 21.85978508 1.00000000 28.00000000
v 22.00000000 1.00000000 27.50071907
v 22.00000000 1.00000000 28.29873466
v 22.00000000 0.89733386 29.00000000
v 22.00000000 0.94261545 30.00000000
v 22.00000000 0.73929894 31.00000000
v 22.00000000 0.71341127 32.00000000
v 22.00000000 0.89997780 33.00000000
v 21.98826981 1.00000000 34.00000000
v 22.00000000 1.00000000 33.94683838
v 21.95014572 1.00000000 35.00000000
v 21.61262321 1.00000000 36.00000000
v 22.00000000 1.04615176 10.00000000
v 22.00000000 2.00000000 9.14468670
v 22.00000000 1.04999852 28.00000000
v 22.00000000 1.00805068 34.00000000
v 22.00000000 1.04631889 35.00000000
v 22.00000000 1.50051486 36.00000000
v 21.32754898 2.00000000 37.00000000
v 22.00000000 2.00000000 36.46946335
v 22.00000000 2.66665053 9.00000000
v 22.00000000 3.00000000 8.96111870
v 22.00000000 2.75209093 37.00000000
v 22.00000000 3.00000000 37.06769562
v 22.00000000 4.00000000 8.80861855
v 21.92642593 4.00000000 37.00000000
v 22.00000000 4.00000000 36.91668701
v 22.00000000 3.59264088 37.00000000
v 22.00000000 5.00000000 8.72309399
v 22.00000000 4.35806894 37.00000000
v 22.00000000 5.00000000 37.06269073
v 22.00000000 6.00000000 8.69675064
v 22.00000000 6.00000000 37.00157928
v 22.00000000 7.00000000 8.57298088
v 22.00000000 7.00000000 37.07712555
v 22.00000000 8.00000000 8.59380150
v 21.57210922 8.00000000 37.00000000
v 22.00000000 8.00000000 36.45215988
v 22.00000000 7.33283615 37.00000000
v 22.00000000 9.00000000 8.62666702
v 21.00827217 9.00000000 37.00000000
v 22.00000000 9.00000000 36.13925552
v 22.00000000 10.00000000 8.86897564
v 22.00000000 10.00000000 36.01930237
v 22.00000000 11.00000000 8.77027035
v 22.00000000 11.00000000 36.28484726
v 22.00000000 12.00000000 8.49114990
v 22.00000000 12.00000000 36.45006943
v 21.63949013 13.00000000 8.00000000
v 22.00000000 13.00000000 8.12329197
v 22.00000000 13.00000000 36.56132889
v 22.00000000 13.24890614 8.00000000
v 22.00000000 14.00000000 7.62467146
v 22.00000000 14.00000000 36.30624771
v 22.00000000 14.84596825 7.00000000
v 22.00000000 15.00000000 6.89334822
v 22.00000000 15.00000000 36.28044128
v 22.00000000 16.00000000 6.90076542
v 21.80689812 16.00000000 36.00000000
v 22.00000000 16.00000000 35.91176605
v 22.00000000 15.74267292 36.00000000
v 22.00000000 17.00000000 6.80226994
v 21.77694893 17.00000000 36.00000000
v 22.00000000 17.00000000 35.86547470
v 22.00000000 18.00000000 6.64492273
v 22.00000000 17.49538612 36.00000000
v 22.00000000 18.00000000 36.17774582
v 22.00000000 18.84151077 7.00000000
v 22.00000000 19.00000000 7.08054256
v 22.00000000 19.00000000 36.71521378
v 22.00000000 19.44551086 7.00000000
v 22.00000000 20.00000000 6.91546345
v 22.00000000 20.00000000 36.67892838
v 22.00000000 21.00000000 6.80940771
v 21.52653313 21.00000000 37.00000000
v 22.00000000 21.00000000 36.96718979
v 22.00000000 22.00000000 6.94863176
v 21.44731903 22.00000000 37.00000000
v 22.00000000 22.00000000 36.91458511
v 22.00000000 23.00000000 6.62262583
v 22.00000000 22.34960938 37.00000000
v 22.00000000 23.00000000 37.14000702
v 21.16459274 24.00000000 7.00000000
v 22.00000000 24.00000000 6.78999710
v 22.00000000 24.00000000 37.06759262
v 22.00000000 25.00000000 6.93361092
v 22.00000000 25.00000000 37.11972046
v 22.00000000 25.20252419 7.00000000
v 21.59669876 26.00000000 7.00000000
v 22.00000000 26.00000000 7.21962643
v 21.98487663 26.00000000 37.00000000
v 22.00000000 26.00000000 36.98509598
v 22.00000000 25.95351219 37.00000000
v 21.81676483 27.00000000 7.00000000
v 22.00000000 27.00000000 7.09232044
v 22.00000000 26.09318733 37.00000000
v 22.00000000 27.00000000 37.06164169
v 21.88326836 28.00000000 7.00000000
v 22.00000000 28.00000000 7.05053043
v 21.04590607 28.00000000 37.00000000
v 22.00000000 28.00000000 36.15104294
v 22.00000000 27.15548897 37.00000000
v 21.17179108 29.00000000 7.00000000
v 22.00000000 29.00000000 7.40605307
v 21.17576981 29.00000000 37.00000000
v 22.00000000 29.00000000 36.47848892
v 22.00000000 30.00000000 7.64430094
v 21.59535599 30.00000000 37.00000000
v 22.00000000 30.00000000 36.56665039
v 22.00000000 31.00000000 7.60881042
v 22.00000000 30.43144608 37.00000000
v 22.00000000 31.00000000 37.21272659
v 22.00000000 32.00000000 7.93608856
v 22.00000000 32.00000000 37.13278580
v 22.00000000 33.00000000 7.54259968
v 22.00000000 33.00000000 37.30950165
v 22.00000000 34.00000000 7.32789278
v 22.00000000 34.00000000 37.62588501
v 22.00000000 35.00000000 7.33249283
v 22.00000000 35.00000000 37.63098145
v 22.00000000 36.00000000 7.20523548
v 22.00000000 36.00000000 37.65583038
v 22.00000000 37.00000000 7.17024136
v 22.00000000 37.00000000 37.63143539
v 22.00000000 38.00000000 7.37715149
v 22.00000000 38.00000000 37.74045181
v 22.00000000 39.00000000 7.47678423
v 22.00000000 38.30855942 38.00000000
v 22.00000000 39.00000000 38.42092896
v 22.00000000 40.00000000 7.71531153
v 22.00000000 40.00000000 38.62620544
v 22.00000000 41.00000000 7.70500803
v 22.00000000 41.00000000 38.65642929
v 22.00000000 42.00000000 7.95177889
v 22.00000000 42.00000000 38.76295853
v 22.00000000 43.00000000 7.93799639
v 22.00000000 43.00000000 38.58900833
v 22.00000000 43.33098221 8.00000000
v 21.37051773 44.00000000 8.00000000
v 22.00000000 44.00000000 8.21290874
v 22.00000000 44.00000000 38.59340668
v 22.00000000 45.00000000 8.70022202
v 22.00000000 45.00000000 38.33046722
v 22.00000000 45.59762955 9.00000000
v 21.24240112 46.00000000 9.00000000
v 22.00000000 45.74142838 10.00000000
v 21.21809578 46.00000000 10.00000000
v 22.00000000 46.00000000 10.23597431
v 21.69697952 46.00000000 36.00000000
v 22.00000000 46.00000000 35.24233627
v 22.00000000 45.87624359 36.00000000
v 22.00000000 45.87968063 37.00000000
v 21.69340324 46.00000000 37.00000000
v 22.00000000 45.55672073 38.00000000
v 21.02789116 46.00000000 38.00000000
v 22.00000000 46.43902206 11.00000000
v 22.00000000 46.51375961 12.00000000
v 22.00000000 46.64149094 13.00000000
v 22.00000000 46.48423004 14.00000000
v 22.00000000 46.26482773 15.00000000
v 22.00000000 46.21319580 16.00000000
v 22.00000000 46.25521469 17.00000000
v 22.00000000 46.42346573 18.00000000
v 22.00000000 46.81778336 19.00000000
v 22.00000000 46.93410110 20.00000000
v 22.00000000 47.00000000 20.34199142
v 21.40441704 47.00000000 25.00000000
v 22.00000000 47.00000000 24.63318062
v 22.00000000 46.88083649 25.00000000
v 22.00000000 46.63052750 26.00000000
v 22.00000000 46.50469971 27.00000000
v 22.00000000 46.42839813 28.00000000
v 22.00000000 46.71358109 29.00000000
v 22.00000000 46.72155380 30.00000000
v 21.03712654 47.00000000 30.00000000
v 22.00000000 46.69752121 31.00000000
v 21.03764153 47.00000000 31.00000000
v 22.00000000 46.69439697 32.00000000
v 21.04655457 47.00000000 32.00000000
v 22.00000000 46.42699432 33.00000000
v 22.00000000 46.20729446 34.00000000
v 22.00000000 46.03627777 35.00000000
v 23.00000000 0.33685040 11.00000000
v 23.00000000 1.00000000 10.02595711
v 23.00000000 0.43340993 12.00000000
v 23.00000000 0.43554497 13.00000000
v 23.00000000 0.49204227 14.00000000
v 23.00000000 0.55414069 15.00000000
v 23.00000000 0.64063209 16.00000000
v 23.00000000 0.72502744 17.00000000
v 23.00000000 0.84869838 18.00000000
v 23.00000000 0.84336805 19.00000000
v 22.39691734 1.00000000 20.00000000
v 23.00000000 1.00000000 19.52006149
v 22.48734856 1.00000000 21.00000000
v 22.18777084 1.00000000 22.00000000
v 23.00000000 1.00000000 22.47789574
v 23.00000000 0.72627354 23.00000000
v 23.00000000 0.52372658 24.00000000
v 23.00000000 0.80046737 25.00000000
v 23.00000000 0.97956812 26.00000000
v 23.00000000 0.90063822 27.00000000
v 23.00000000 1.00000000 27.83582878
v 23.00000000 0.93055475 29.00000000
v 23.00000000 1.00000000 28.20437050
v 22.57124901 1.00000000 30.00000000
v 23.00000000 1.00000000 29.63883018
v 23.00000000 1.00000000 30.33639526
v 23.00000000 0.92299718 31.00000000
v 23.00000000 0.87805504 32.00000000
v 22.30954742 1.00000000 33.00000000
v 23.00000000 1.00000000 32.35953140
v 23.00000000 1.01984847 10.00000000
v 23.00000000 2.00000000 9.34934235
v 23.00000000 1.20207810 20.00000000
v 23.00000000 1.30971730 21.00000000
v 23.00000000 1.38453209 22.00000000
v 23.00000000 1.02109683 28.00000000
v 23.00000000 1.04517055 30.00000000
v 23.00000000 1.25702465 33.00000000
v 23.00000000 1.32633650 34.00000000
v 23.00000000 1.31886983 35.00000000
v 22.67665100 2.00000000 36.00000000
v 23.00000000 2.00000000 35.78666687
v 23.00000000 2.70036459 9.00000000
v 23.00000000 3.00000000 8.86511135
v 22.60493279 3.00000000 36.00000000
v 23.00000000 3.00000000 35.60570145
v 22.11977768 3.00000000 37.00000000
v 23.00000000 4.00000000 8.70344257
v 22.88931274 4.00000000 36.00000000
v 23.00000000 4.00000000 35.89971924
v 23.00000000 5.00000000 8.76536751
v 23.00000000 4.25305748 36.00000000
v 22.16744041 5.00000000 37.00000000
v 23.00000000 5.00000000 36.31198120
v 23.00000000 6.00000000 8.72971630
v 22.00362396 6.00000000 37.00000000
v 23.00000000 6.00000000 36.04131699
v 23.00000000 7.00000000 8.44693661
v 22.89502144 7.00000000 36.00000000
v 23.00000000 7.00000000 35.89256287
v 23.00000000 6.25550175 36.00000000
v 22.17931938 7.00000000 37.00000000
v 23.00000000 8.00000000 8.49710083
v 22.36165810 8.00000000 36.00000000
v 23.00000000 8.00000000 35.39128113
v 23.00000000 9.00000000 8.50736237
v 22.12291908 9.00000000 36.00000000
v 23.00000000 9.00000000 35.04615784
v 23.00000000 10.00000000 8.62674522
v 22.01998138 10.00000000 36.00000000
v 23.00000000 10.00000000 35.40131378
v 23.00000000 11.00000000 8.66925240
v 22.47717476 11.00000000 36.00000000
v 23.00000000 11.00000000 35.71272659
v 23.00000000 12.00000000 8.56675625
v 23.00000000 11.90738583 36.00000000
v 23.00000000 12.00000000 36.04393768
v 23.00000000 13.00000000 8.18133450
v 23.00000000 13.00000000 36.05143738
v 23.00000000 13.35670090 8.00000000
v 23.00000000 14.00000000 7.49171591
v 22.76936722 14.00000000 36.00000000
v 23.00000000 14.00000000 35.87166595
v 23.00000000 13.27906513 36.00000000
v 22.45011711 15.00000000 7.00000000
v 23.00000000 15.00000000 7.14305925
v 22.89393234 15.00000000 36.00000000
v 23.00000000 15.00000000 35.95931625
v 22.40552711 16.00000000 7.00000000
v 23.00000000 16.00000000 7.14896059
v 23.00000000 16.00000000 35.52379227
v 22.48661041 17.00000000 7.00000000
v 23.00000000 17.00000000 7.26612806
v 23.00000000 17.00000000 35.45603561
v 23.00000000 17.84734154 7.00000000
v 23.00000000 18.00000000 6.96605539
v 23.00000000 17.87797737 36.00000000
v 23.00000000 18.00000000 36.14216232
v 23.00000000 18.16015434 7.00000000
v 23.00000000 19.00000000 7.15687752
v 23.00000000 19.00000000 36.72053909
v 22.61028671 20.00000000 7.00000000
v 23.00000000 20.00000000 7.05733061
v 23.00000000 19.83281517 37.00000000
v 22.89083099 20.00000000 37.00000000
v 23.00000000 20.00000000 37.03840637
v 22.40326309 21.00000000 7.00000000
v 23.00000000 21.00000000 7.21419907
v 22.13266182 21.00000000 37.00000000
v 23.00000000 21.00000000 37.24077225
v 22.14365387 22.00000000 7.00000000
v 23.00000000 22.00000000 7.17943764
v 22.56907654 22.00000000 37.00000000
v 23.00000000 22.00000000 37.06801987
v 23.00000000 22.58822060 7.00000000
v 23.00000000 23.00000000 6.67232275
v 23.00000000 23.00000000 37.05426407
v 23.00000000 23.62417984 7.00000000
v 22.57815552 24.00000000 7.00000000
v 23.00000000 24.00000000 7.10959578
v 22.42734718 24.00000000 37.00000000
v 23.00000000 24.00000000 36.77459717
v 23.00000000 23.38670540 37.00000000
v 22.22078514 25.00000000 7.00000000
v 23.00000000 25.00000000 7.27088261
v 22.35070229 25.00000000 37.00000000
v 23.00000000 25.00000000 36.47835159
v 23.00000000 26.00000000 7.64609337
v 23.00000000 26.00000000 36.42371750
v 23.00000000 27.00000000 7.68164921
v 22.16267014 27.00000000 37.00000000
v 23.00000000 27.00000000 36.02302933
v 23.00000000 28.00000000 7.64391851
v 22.36334610 28.00000000 36.00000000
v 23.00000000 28.00000000 35.86584473
v 23.00000000 27.06687355 36.00000000
v 23.00000000 29.00000000 7.56848383
v 22.89734459 29.00000000 36.00000000
v 23.00000000 29.00000000 35.96953583
v 23.00000000 30.00000000 7.69063282
v 22.89054298 30.00000000 36.00000000
v 23.00000000 30.00000000 35.96452713
v 23.00000000 31.00000000 7.65675497
v 23.00000000 30.07931709 36.00000000
v 22.45349503 31.00000000 37.00000000
v 23.00000000 31.00000000 36.54017639
v 23.00000000 32.00000000 7.86723280
v 22.22001457 32.00000000 37.00000000
v 23.00000000 32.00000000 36.29919815
v 23.00000000 33.00000000 7.68244791
v 22.50354004 33.00000000 37.00000000
v 23.00000000 33.00000000 36.34315491
v 23.00000000 34.00000000 7.39844370
v 23.00000000 33.99981308 37.00000000
v 23.00000000 34.00000000 37.00007629
v 23.00000000 35.00000000 7.09537601
v 22.94474602 35.00000000 37.00000000
v 23.00000000 35.00000000 36.93105316
v 23.00000000 34.00147247 37.00000000
v 23.00000000 36.00000000 7.04920864
v 23.00000000 35.17387009 37.00000000
v 23.00000000 36.00000000 37.26494980
v 23.00000000 37.00000000 7.03804111
v 23.00000000 37.00000000 37.47628784
v 23.00000000 38.00000000 7.13863373
v 23.00000000 38.00000000 37.54603577
v 23.00000000 39.00000000 7.23355627
v 23.00000000 38.98807526 38.00000000
v 23.00000000 39.00000000 38.00437927
v 23.00000000 40.00000000 7.36772871
v 23.00000000 40.00000000 38.25592422
v 23.00000000 41.00000000 7.40790987
v 23.00000000 41.00000000 38.33821106
v 23.00000000 42.00000000 7.62032413
v 23.00000000 42.00000000 38.27724075
v 23.00000000 43.00000000 7.81058788
v 23.00000000 43.00000000 38.12601471
v 23.00000000 43.96028519 8.00000000
v 23.00000000 44.00000000 8.01224327
v 23.00000000 44.00000000 38.00466537
v 23.00000000 45.00000000 8.49175835
v 22.96453857 45.00000000 37.00000000
v 23.00000000 45.00000000 36.51706696
v 23.00000000 44.95850754 37.00000000
v 23.00000000 44.02180481 38.00000000
v 22.64414978 45.00000000 38.00000000
v 23.00000000 45.89159393 9.00000000
v 23.00000000 45.89226913 10.00000000
v 23.00000000 45.95421219 11.00000000
v 22.91938210 46.00000000 11.00000000
v 23.00000000 46.00000000 11.75610638
v 22.88012505 46.00000000 14.00000000
v 23.00000000 46.00000000 13.02454853
v 23.00000000 45.90849304 14.00000000
v 23.00000000 45.71679688 15.00000000
v 22.49724770 46.00000000 15.00000000
v 23.00000000 45.45027161 16.00000000
v 22.30545998 46.00000000 16.00000000
v 23.00000000 45.79299927 17.00000000
v 22.67498398 46.00000000 17.00000000
v 23.00000000 46.00000000 17.38287163
v 22.96703720 46.00000000 26.00000000
v 23.00000000 46.00000000 25.91915512
v 23.00000000 45.96768188 26.00000000
v 23.00000000 45.58465576 27.00000000
v 22.58563614 46.00000000 27.00000000
v 23.00000000 45.57556534 28.00000000
v 22.53717804 46.00000000 28.00000000
v 23.00000000 45.76759338 29.00000000
v 22.78680420 46.00000000 29.00000000
v 23.00000000 45.94020081 30.00000000
v 22.94285965 46.00000000 30.00000000
v 23.00000000 46.00000000 30.84038544
v 22.73123550 46.00000000 33.00000000
v 23.00000000 46.00000000 32.21976471
v 23.00000000 45.81152344 33.00000000
v 23.00000000 45.53700256 34.00000000
v 22.40383720 46.00000000 34.00000000
v 23.00000000 45.21699524 35.00000000
v 22.04959869 46.00000000 35.00000000
v 23.00000000 45.03795624 36.00000000
v 23.00000000 46.01542282 12.00000000
v 23.00000000 46.00242233 13.00000000
v 23.00000000 46.22568893 18.00000000
v 23.00000000 46.61168289 19.00000000
v 23.00000000 46.63880157 20.00000000
v 23.00000000 46.02781677 21.00000000
v 22.20874214 47.00000000 21.00000000
v 23.00000000 46.44890213 22.00000000
v 22.41660118 47.00000000 22.00000000
v 23.00000000 46.54042053 23.00000000
v 22.44944191 47.00000000 23.00000000
v 23.00000000 46.55484772 24.00000000
v 22.29357338 47.00000000 24.00000000
v 23.00000000 46.31218338 25.00000000
v 23.00000000 46.01126862 31.00000000
v 23.00000000 46.04663086 32.00000000
v 24.00000000 0.32661420 11.00000000
v 24.00000000 1.00000000 10.11929607
v 24.00000000 0.49078527 12.00000000
v 24.00000000 0.53650570 13.00000000
v 24.00000000 0.61425638 14.00000000
v 24.00000000 0.72891390 15.00000000
v 24.00000000 0.93112791 16.00000000
v 24.00000000 0.97050726 17.00000000
v 23.48366547 1.00000000 18.00000000
v 24.00000000 1.00000000 17.17491531
v 24.00000000 1.00000000 18.55729485
v 24.00000000 0.89325225 19.00000000
v 24.00000000 1.00000000 19.39328957
v 24.00000000 0.91902053 23.00000000
v 24.00000000 1.00000000 22.79218674
v 24.00000000 0.75068843 24.00000000
v 24.00000000 0.82976341 25.00000000
v 24.00000000 0.97033679 26.00000000
v 24.00000000 0.72033018 27.00000000
v 23.19295502 1.00000000 28.00000000
v 24.00000000 0.89187896 28.00000000
v 24.00000000 0.78228086 29.00000000
v 23.23452377 1.00000000 30.00000000
v 24.00000000 0.85916197 30.00000000
v 24.00000000 0.90880895 31.00000000
v 24.00000000 0.93746018 32.00000000
v 24.00000000 1.00000000 32.25473785
v 24.00000000 1.09367955 10.00000000
v 24.00000000 2.00000000 9.32521343
v 24.00000000 1.18723249 18.00000000
v 24.00000000 1.23201668 20.00000000
v 24.00000000 1.38879025 21.00000000
v 24.00000000 1.46373403 22.00000000
v 24.00000000 1.17923844 33.00000000
v 24.00000000 1.21329296 34.00000000
v 24.00000000 1.10237181 35.00000000
v 23.60390854 2.00000000 36.00000000
v 24.00000000 1.87541366 36.00000000
v 24.00000000 2.00000000 36.11468887
v 24.00000000 2.50679827 9.00000000
v 24.00000000 3.00000000 8.73611450
v 24.00000000 3.00000000 35.79193497
v 24.00000000 2.33831644 36.00000000
v 24.00000000 4.00000000 8.54675388
v 24.00000000 3.48522806 36.00000000
v 23.35030365 4.00000000 36.00000000
v 24.00000000 4.00000000 36.24951553
v 24.00000000 5.00000000 8.69979095
v 24.00000000 5.00000000 36.39642334
v 24.00000000 6.00000000 8.55928898
v 23.31979942 6.00000000 36.00000000
v 24.00000000 6.00000000 35.91531372
v 24.00000000 5.75643921 36.00000000
v 24.00000000 7.00000000 8.14344883
v 24.00000000 7.00000000 35.48140335
v 24.00000000 8.00000000 8.14025116
v 23.66844940 8.00000000 35.00000000
v 24.00000000 8.00000000 34.86409760
v 24.00000000 7.73539925 35.00000000
v 24.00000000 9.00000000 8.24446869
v 23.18275452 9.00000000 35.00000000
v 24.00000000 9.00000000 34.84214401
v 24.00000000 10.00000000 8.29354954
v 23.77280045 10.00000000 35.00000000
v 24.00000000 10.00000000 34.89205933
v 24.00000000 11.00000000 8.56343079
v 24.00000000 10.57365799 35.00000000
v 24.00000000 11.00000000 35.08617401
v 24.00000000 12.00000000 8.48101521
v 23.05290031 12.00000000 36.00000000
v 24.00000000 12.00000000 35.39696884
v 23.75538254 13.00000000 8.00000000
v 24.00000000 12.85367203 8.00000000
v 24.00000000 13.00000000 7.91659307
v 23.06146049 13.00000000 36.00000000
v 24.00000000 13.00000000 35.27597809
v 24.00000000 14.00000000 7.34680176
v 24.00000000 14.00000000 35.07676697
v 24.00000000 15.00000000 7.20423079
v 24.00000000 15.00000000 35.25586700
v 24.00000000 16.00000000 7.28564644
v 23.75084877 16.00000000 35.00000000
v 24.00000000 16.00000000 34.79848480
v 24.00000000 15.56543446 35.00000000
v 24.00000000 17.00000000 7.59166527
v 23.87481117 17.00000000 35.00000000
v 24.00000000 17.00000000 34.89050293
v 23.14689827 18.00000000 7.00000000
v 24.00000000 18.00000000 7.25224829
v 24.00000000 17.19368362 35.00000000
v 23.12806702 18.00000000 36.00000000
v 24.00000000 18.00000000 35.34547424
v 24.00000000 19.00000000 7.14225626
v 23.76282883 19.00000000 36.00000000
v 24.00000000 19.00000000 35.77807236
v 24.00000000 20.00000000 7.11661291
v 24.00000000 19.49740410 36.00000000
v 23.06313705 20.00000000 37.00000000
v 24.00000000 20.00000000 36.21378708
v 24.00000000 21.00000000 7.18541050
v 23.47413254 21.00000000 37.00000000
v 24.00000000 21.00000000 36.53964615
v 24.00000000 22.00000000 7.11055470
v 23.10238266 22.00000000 37.00000000
v 24.00000000 22.00000000 36.18446350
v 24.00000000 22.51538658 7.00000000
v 24.00000000 23.00000000 6.70247984
v 23.71450615 23.00000000 36.00000000
v 24.00000000 23.00000000 35.74628067
v 24.00000000 22.40500450 36.00000000
v 23.08512688 23.00000000 37.00000000
v 24.00000000 23.83422661 7.00000000
v 24.00000000 24.00000000 7.03441238
v 23.46557999 24.00000000 36.00000000
v 24.00000000 24.00000000 35.46388626
v 24.00000000 25.00000000 7.45517445
v 23.32282448 25.00000000 36.00000000
v 24.00000000 25.00000000 35.40733719
v 24.00000000 26.00000000 7.91903782
v 23.25398064 26.00000000 36.00000000
v 24.00000000 26.00000000 35.35964966
v 24.00000000 27.00000000 7.87350130
v 23.01527405 27.00000000 36.00000000
v 24.00000000 27.00000000 35.37316513
v 24.00000000 28.00000000 7.99511194
v 24.00000000 28.00000000 35.35754013
v 24.00000000 29.00000000 7.89491177
v 24.00000000 29.00000000 35.34593964
v 24.00000000 29.30638313 8.00000000
v 23.56318283 30.00000000 8.00000000
v 24.00000000 30.00000000 8.21615219
v 24.00000000 30.00000000 35.12905502
v 23.66301727 31.00000000 8.00000000
v 24.00000000 31.00000000 8.20913887
v 23.38637161 31.00000000 36.00000000
v 24.00000000 31.00000000 35.40972519
v 23.29563904 32.00000000 8.00000000
v 24.00000000 32.00000000 8.28810215
v 23.23590088 32.00000000 36.00000000
v 24.00000000 32.00000000 35.15756226
v 24.00000000 32.80905533 8.00000000
v 24.00000000 33.00000000 7.92640257
v 23.23411179 33.00000000 36.00000000
v 24.00000000 33.00000000 35.29944229
v 24.00000000 34.00000000 7.73031187
v 23.45735168 34.00000000 36.00000000
v 24.00000000 34.00000000 35.42228317
v 23.00008392 34.00000000 37.00000000
v 24.00000000 35.00000000 7.33265114
v 23.72067261 35.00000000 36.00000000
v 24.00000000 35.00000000 35.68472290
v 24.00000000 36.00000000 7.24293375
v 24.00000000 35.62617874 36.00000000
v 23.27443314 36.00000000 37.00000000
v 24.00000000 36.00000000 36.19918823
v 24.00000000 37.00000000 7.28671265
v 23.57459831 37.00000000 37.00000000
v 24.00000000 37.00000000 36.52563858
v 24.00000000 38.00000000 7.31148481
v 23.87519073 38.00000000 37.00000000
v 24.00000000 38.00000000 36.85739899
v 24.00000000 39.00000000 7.37581778
v 23.98439598 39.00000000 37.00000000
v 24.00000000 39.00000000 36.98788071
v 23.00679779 39.00000000 38.00000000
v 24.00000000 40.00000000 7.44769859
v 24.00000000 39.02346802 37.00000000
v 23.36962318 40.00000000 38.00000000
v 24.00000000 40.00000000 37.49018097
v 24.00000000 41.00000000 7.35411215
v 23.60448265 41.00000000 38.00000000
v 24.00000000 41.00000000 37.63424301
v 24.00000000 42.00000000 7.50661898
v 23.36443520 42.00000000 38.00000000
v 24.00000000 42.00000000 37.37660980
v 24.00000000 43.00000000 7.71861744
v 23.23876572 43.00000000 38.00000000
v 24.00000000 43.00000000 37.32207870
v 23.04726410 44.00000000 8.00000000
v 24.00000000 44.00000000 7.85909605
v 23.99738503 44.00000000 37.00000000
v 24.00000000 44.00000000 36.96732712
v 24.00000000 43.99237823 37.00000000
v 23.00743294 44.00000000 38.00000000
v 24.00000000 44.39287186 8.00000000
v 24.00000000 45.00000000 8.25531197
v 23.76119232 45.00000000 34.00000000
v 24.00000000 45.00000000 33.64802170
v 24.00000000 44.80501938 34.00000000
v 24.00000000 44.22101974 35.00000000
v 23.23612213 45.00000000 35.00000000
v 24.00000000 44.06231689 36.00000000
v 23.03816795 45.00000000 36.00000000
v 23.17270851 46.00000000 9.00000000
v 24.00000000 46.00000000 8.68058968
v 23.57383537 46.00000000 10.00000000
v 24.00000000 46.00000000 10.31618118
v 24.00000000 45.85249329 11.00000000
v 24.00000000 45.72347260 12.00000000
v 23.05099487 46.00000000 12.00000000
v 24.00000000 45.77701950 13.00000000
v 23.01121140 46.00000000 13.00000000
v 24.00000000 45.61198807 14.00000000
v 24.00000000 45.44122314 15.00000000
v 24.00000000 45.17320251 16.00000000
v 24.00000000 45.38542938 17.00000000
v 24.00000000 45.78755188 18.00000000
v 23.59981918 46.00000000 18.00000000
v 24.00000000 46.00000000 18.32267380
v 23.06208801 46.00000000 21.00000000
v 24.00000000 46.00000000 20.55966759
v 24.00000000 45.70600891 21.00000000
v 24.00000000 46.00000000 21.96918297
v 23.96561241 46.00000000 23.00000000
v 24.00000000 46.00000000 22.30283737
v 24.00000000 45.97936630 23.00000000
v 24.00000000 46.00000000 23.20903969
v 23.87234688 46.00000000 25.00000000
v 24.00000000 46.00000000 24.63026047
v 24.00000000 45.95287704 25.00000000
v 24.00000000 45.61685944 26.00000000
v 24.00000000 45.47792435 27.00000000
v 24.00000000 45.38304520 28.00000000
v 24.00000000 45.50157166 29.00000000
v 24.00000000 45.59404373 30.00000000
v 24.00000000 45.68987656 31.00000000
v 23.03332520 46.00000000 31.00000000
v 24.00000000 45.60110474 32.00000000
v 23.10615158 46.00000000 32.00000000
v 24.00000000 45.26731873 33.00000000
v 24.00000000 46.32125854 9.00000000
v 24.00000000 46.06120682 10.00000000
v 24.00000000 46.32320404 19.00000000
v 24.00000000 46.26485443 20.00000000
v 24.00000000 46.00774002 22.00000000
v 24.00000000 46.06774139 24.00000000
v 24.45854568 1.00000000 10.00000000
v 25.00000000 0.88767159 10.00000000
v 25.00000000 1.00000000 9.90178585
v 25.00000000 0.40122062 11.00000000
v 25.00000000 0.64097160 12.00000000
v 25.00000000 0.58847612 13.00000000
v 25.00000000 0.38973725 14.00000000
v 25.00000000 0.52968806 15.00000000
v 25.00000000 0.77153015 16.00000000
v 25.00000000 0.87269044 17.00000000
v 24.72272682 1.00000000 18.00000000
v 25.00000000 0.94084150 18.00000000
v 25.00000000 0.84117854 19.00000000
v 24.64666939 1.00000000 20.00000000
v 25.00000000 0.89211917 20.00000000
v 25.00000000 1.00000000 20.73652077
v 25.00000000 0.70137769 23.00000000
v 25.00000000 1.00000000 22.00055313
v 25.00000000 0.64772731 24.00000000
v 25.00000000 0.62786835 25.00000000
v 25.00000000 0.54944509 26.00000000
v 25.00000000 0.41340774 27.00000000
v 25.00000000 0.31968579 28.00000000
v 25.00000000 0.53113413 29.00000000
v 25.00000000 0.63092250 30.00000000
v 25.00000000 0.58642882 31.00000000
v 25.00000000 0.67977411 32.00000000
v 24.38863754 1.00000000 33.00000000
v 25.00000000 0.77809316 33.00000000
v 24.60590172 1.00000000 34.00000000
v 25.00000000 0.90995109 34.00000000
v 24.37114334 1.00000000 35.00000000
v 25.00000000 0.90691638 35.00000000
v 25.00000000 1.00000000 35.46239853
v 25.00000000 2.00000000 9.03689480
v 25.00000000 1.05905330 21.00000000
v 25.00000000 1.00033534 22.00000000
v 25.00000000 1.48135710 36.00000000
v 25.00000000 2.00000000 36.25294876
v 25.00000000 2.04355359 9.00000000
v 25.00000000 3.00000000 8.52734947
v 24.59352112 3.00000000 36.00000000
v 25.00000000 3.00000000 36.20837021
v 25.00000000 4.00000000 8.43733597
v 25.00000000 4.00000000 36.56752777
v 25.00000000 5.00000000 8.40370655
v 25.00000000 5.00000000 36.30335617
v 25.00000000 6.00000000 8.33327293
v 25.00000000 6.00000000 35.64651489
v 25.00000000 5.46109200 36.00000000
v 25.00000000 7.00000000 8.23029995
v 25.00000000 7.00000000 35.11895370
v 25.00000000 8.00000000 8.17391968
v 25.00000000 8.00000000 34.85286713
v 25.00000000 7.44284010 35.00000000
v 25.00000000 9.00000000 8.20313454
v 25.00000000 9.00000000 34.63002014
v 25.00000000 10.00000000 8.40531921
v 25.00000000 10.00000000 34.62739182
v 25.00000000 11.00000000 8.82894802
v 24.12686539 11.00000000 35.00000000
v 25.00000000 11.00000000 34.58866882
v 25.00000000 12.00000000 8.71725368
v 24.33424759 12.00000000 35.00000000
v 25.00000000 12.00000000 34.53302765
v 24.45362282 13.00000000 8.00000000
v 25.00000000 13.00000000 8.11876202
v 24.23139763 13.00000000 35.00000000
v 25.00000000 13.00000000 34.39837646
v 25.00000000 13.23068905 8.00000000
v 25.00000000 14.00000000 7.71741533
v 24.05848694 14.00000000 35.00000000
v 25.00000000 14.00000000 34.26795959
v 25.00000000 15.00000000 7.39727640
v 24.15402985 15.00000000 35.00000000
v 25.00000000 15.00000000 34.01485825
v 25.00000000 16.00000000 7.47404146
v 24.86206055 16.00000000 34.00000000
v 25.00000000 16.00000000 33.90463257
v 25.00000000 15.14531040 34.00000000
v 25.00000000 17.00000000 7.76235962
v 24.94813538 17.00000000 34.00000000
v 25.00000000 17.00000000 33.97403717
v 25.00000000 18.00000000 7.59670067
v 25.00000000 17.09165764 34.00000000
v 24.26655960 18.00000000 35.00000000
v 25.00000000 18.00000000 34.27792358
v 25.00000000 19.00000000 7.27787352
v 24.46451950 19.00000000 35.00000000
v 25.00000000 19.00000000 34.48290253
v 25.00000000 20.00000000 7.25930882
v 24.57148170 20.00000000 35.00000000
v 25.00000000 20.00000000 34.59471893
v 24.09730721 20.00000000 36.00000000
v 25.00000000 21.00000000 7.11416149
v 24.66725349 21.00000000 35.00000000
v 25.00000000 21.00000000 34.62134171
v 24.18736839 21.00000000 36.00000000
v 25.00000000 22.00000000 7.07955122
v 24.61395836 22.00000000 35.00000000
v 25.00000000 22.00000000 34.62820816
v 24.08528900 22.00000000 36.00000000
v 24.48766899 23.00000000 7.00000000
v 25.00000000 23.00000000 7.14347124
v 24.55128288 23.00000000 35.00000000
v 25.00000000 23.00000000 34.63672638
v 25.00000000 24.00000000 7.20333147
v 24.39348221 24.00000000 35.00000000
v 25.00000000 24.00000000 34.60573196
v 25.00000000 25.00000000 7.27506590
v 24.35314941 25.00000000 35.00000000
v 25.00000000 25.00000000 34.54524994
v 25.00000000 26.00000000 7.60493755
v 24.37382317 26.00000000 35.00000000
v 25.00000000 26.00000000 34.63821411
v 25.00000000 27.00000000 7.76552677
v 24.49549294 27.00000000 35.00000000
v 25.00000000 27.00000000 34.67920685
v 25.00000000 28.00000000 7.72120237
v 24.46140671 28.00000000 35.00000000
v 25.00000000 28.00000000 34.68511200
v 25.00000000 29.00000000 7.86799765
v 24.48768425 29.00000000 35.00000000
v 25.00000000 29.00000000 34.64408493
v 25.00000000 29.34626198 8.00000000
v 25.00000000 30.00000000 8.31225109
v 24.15483093 30.00000000 35.00000000
v 25.00000000 30.00000000 34.50699615
v 25.00000000 31.00000000 8.41237926
v 24.38223457 31.00000000 35.00000000
v 25.00000000 31.00000000 34.39519882
v 25.00000000 32.00000000 8.37252808
v 24.15127373 32.00000000 35.00000000
v 25.00000000 32.00000000 34.36957169
v 24.69767570 33.00000000 8.00000000
v 25.00000000 33.00000000 8.03614712
v 24.27421379 33.00000000 35.00000000
v 25.00000000 33.00000000 34.34195328
v 24.97794342 34.00000000 8.00000000
v 25.00000000 34.00000000 8.00633907
v 24.31926537 34.00000000 35.00000000
v 25.00000000 34.00000000 34.31677628
v 25.00000000 34.01190567 8.00000000
v 25.00000000 35.00000000 7.63926268
v 24.52990723 35.00000000 35.00000000
v 25.00000000 35.00000000 34.58599854
v 25.00000000 36.00000000 7.50900745
v 24.76647377 36.00000000 35.00000000
v 25.00000000 36.00000000 34.81683731
v 24.10885811 36.00000000 36.00000000
v 25.00000000 37.00000000 7.48682451
v 24.87247276 37.00000000 35.00000000
v 25.00000000 37.00000000 34.89758301
v 24.23026657 37.00000000 36.00000000
v 25.00000000 38.00000000 7.51162338
v 24.89620972 38.00000000 35.00000000
v 25.00000000 38.00000000 34.91682816
v 24.34699440 38.00000000 36.00000000
v 25.00000000 39.00000000 7.69480228
v 24.90902328 39.00000000 35.00000000
v 25.00000000 39.00000000 34.89247894
v 24.60864258 39.00000000 36.00000000
v 25.00000000 40.00000000 7.67459106
v 25.00000000 39.38462067 35.00000000
v 24.84912872 40.00000000 36.00000000
v 25.00000000 40.00000000 35.43309402
v 24.43257713 40.00000000 37.00000000
v 25.00000000 41.00000000 7.64899492
v 24.87569427 41.00000000 36.00000000
v 25.00000000 41.00000000 35.55371475
v 24.53172112 41.00000000 37.00000000
v 25.00000000 42.00000000 7.72813845
v 24.91347122 42.00000000 36.00000000
v 25.00000000 42.00000000 35.56612778
v 24.50199509 42.00000000 37.00000000
v 25.00000000 43.00000000 7.84150028
v 24.56462860 43.00000000 36.00000000
v 25.00000000 43.00000000 35.13351822
v 24.47308540 43.00000000 37.00000000
v 25.00000000 44.00000000 7.88344002
v 24.39930344 44.00000000 35.00000000
v 25.00000000 44.00000000 34.43978882
v 25.00000000 43.13244629 35.00000000
v 24.08266449 44.00000000 36.00000000
v 25.00000000 44.52966309 8.00000000
v 25.00000000 45.00000000 8.18010616
v 24.79881477 45.00000000 16.00000000
v 25.00000000 45.00000000 15.51641083
v 25.00000000 44.95419312 16.00000000
v 25.00000000 45.00000000 16.09517860
v 24.83382607 45.00000000 33.00000000
v 25.00000000 45.00000000 32.92148209
v 25.00000000 44.93405533 33.00000000
v 25.00000000 44.26252365 34.00000000
v 25.00000000 46.00000000 8.94753647
v 25.00000000 46.00000000 10.08437347
v 25.00000000 45.53157043 11.00000000
v 25.00000000 45.40443420 12.00000000
v 25.00000000 45.35597610 13.00000000
v 25.00000000 45.26595688 14.00000000
v 25.00000000 45.04810715 15.00000000
v 25.00000000 45.47751999 17.00000000
v 25.00000000 45.60787582 18.00000000
v 25.00000000 45.97579193 19.00000000
v 24.95541954 46.00000000 19.00000000
v 25.00000000 45.92026520 20.00000000
v 24.81822586 46.00000000 20.00000000
v 24.70655823 46.00000000 21.00000000
v 25.00000000 46.00000000 20.40471840
v 24.06872368 46.00000000 23.00000000
v 24.20599937 46.00000000 25.00000000
v 24.94459915 46.00000000 26.00000000
v 25.00000000 46.00000000 26.07335091
v 25.00000000 45.77421951 27.00000000
v 25.00000000 45.62349319 28.00000000
v 25.00000000 45.56860352 29.00000000
v 25.00000000 45.91007996 30.00000000
v 25.00000000 45.86525726 31.00000000
v 25.00000000 45.61581802 32.00000000
v 25.00000000 46.04963684 9.00000000
v 25.00000000 46.04109955 10.00000000
v 25.00000000 46.10419464 21.00000000
v 25.00000000 46.29330826 22.00000000
v 25.00000000 46.26315308 23.00000000
v 25.00000000 46.31419754 24.00000000
v 25.00000000 46.16065598 25.00000000
v 25.00000000 46.01837921 26.00000000
v 26.00000000 0.83676726 10.00000000
v 26.00000000 1.00000000 9.85049057
v 26.00000000 0.58072901 11.00000000
v 26.00000000 0.75234538 12.00000000
v 26.00000000 0.62909561 13.00000000
v 26.00000000 0.32917902 14.00000000
v 26.00000000 0.39746767 15.00000000
v 26.00000000 0.61590433 16.00000000
v 26.00000000 0.67389065 17.00000000
v 26.00000000 0.61122000 18.00000000
v 26.00000000 0.48678371 19.00000000
v 26.00000000 0.49250031 20.00000000
v 25.07266617 1.00000000 21.00000000
v 26.00000000 0.60545993 21.00000000
v 25.00042343 1.00000000 22.00000000
v 26.00000000 0.59455395 22.00000000
v 26.00000000 0.46661535 23.00000000
v 26.00000000 0.45458722 24.00000000
v 26.00000000 0.49706921 25.00000000
v 26.00000000 0.39331928 26.00000000
v 26.00000000 0.31343240 27.00000000
v 26.00000000 0.17905313 28.00000000
v 26.00000000 0.42488363 29.00000000
v 26.00000000 0.45890960 30.00000000
v 26.00000000 0.59594715 31.00000000
v 26.00000000 0.70464045 32.00000000
v 25.89368820 1.00000000 33.00000000
v 26.00000000 1.00000000 32.91979599
v 25.19058418 1.00000000 34.00000000
v 25.17279434 1.00000000 35.00000000
v 26.00000000 2.00000000 9.13240433
v 26.00000000 1.04288042 33.00000000
v 26.00000000 1.56852448 34.00000000
v 25.87753296 2.00000000 35.00000000
v 26.00000000 2.00000000 34.81162643
v 25.35557938 2.00000000 36.00000000
v 26.00000000 2.13592625 9.00000000
v 26.00000000 3.00000000 8.48211575
v 26.00000000 2.77553248 35.00000000
v 25.23365402 3.00000000 36.00000000
v 26.00000000 3.00000000 35.06726456
v 26.00000000 4.00000000 8.44292355
v 25.65446854 4.00000000 36.00000000
v 26.00000000 4.00000000 35.60835648
v 26.00000000 5.00000000 8.34592724
v 25.84916687 5.00000000 36.00000000
v 26.00000000 5.00000000 35.92072296
v 26.00000000 6.00000000 8.24993992
v 26.00000000 6.00000000 35.46501160
v 26.00000000 7.00000000 8.39148331
v 25.44987488 7.00000000 35.00000000
v 26.00000000 7.00000000 34.83757782
v 26.00000000 6.75621462 35.00000000
v 26.00000000 8.00000000 8.26647186
v 26.00000000 8.00000000 34.58284378
v 26.00000000 9.00000000 8.55030441
v 26.00000000 9.00000000 34.40952682
v 26.00000000 10.00000000 8.85037136
v 26.00000000 10.00000000 34.24564743
v 26.00000000 10.59031487 9.00000000
v 25.63630867 11.00000000 9.00000000
v 26.00000000 11.00000000 9.09951973
v 26.00000000 11.00000000 34.22847748
v 26.00000000 11.93939590 9.00000000
v 26.00000000 12.00000000 8.99375629
v 26.00000000 12.00000000 34.10418320
v 26.00000000 13.00000000 8.55711079
v 25.74388123 13.00000000 34.00000000
v 26.00000000 13.00000000 33.84620667
v 26.00000000 12.48099136 34.00000000
v 25.78839874 14.00000000 8.00000000
v 26.00000000 14.00000000 8.11025333
v 25.46569633 14.00000000 34.00000000
v 26.00000000 14.00000000 33.64441681
v 26.00000000 14.17734146 8.00000000
v 26.00000000 15.00000000 7.60426283
v 25.02525902 15.00000000 34.00000000
v 26.00000000 15.00000000 33.43505859
v 26.00000000 16.00000000 7.65513039
v 26.00000000 16.00000000 33.43720627
v 26.00000000 16.94862938 8.00000000
v 25.93608284 17.00000000 8.00000000
v 26.00000000 17.00000000 8.01218224
v 26.00000000 17.00000000 33.46014023
v 26.00000000 17.04401779 8.00000000
v 26.00000000 18.00000000 7.74346066
v 25.50223351 18.00000000 34.00000000
v 26.00000000 18.00000000 33.69536591
v 26.00000000 19.00000000 7.62535620
v 26.00000000 18.66400528 34.00000000
v 26.00000000 19.00000000 34.07331848
v 26.00000000 20.00000000 7.48254251
v 26.00000000 20.00000000 34.13932037
v 26.00000000 21.00000000 7.28615189
v 26.00000000 21.00000000 34.08435059
v 26.00000000 22.00000000 7.09108114
v 26.00000000 22.00000000 34.12189865
v 26.00000000 23.00000000 7.23819113
v 26.00000000 23.00000000 34.07609177
v 26.00000000 24.00000000 7.15504122
v 26.00000000 24.00000000 34.08211136
v 26.00000000 25.00000000 7.18736935
v 26.00000000 25.00000000 34.06561279
v 26.00000000 26.00000000 7.57531404
v 26.00000000 26.00000000 34.14824295
v 26.00000000 27.00000000 7.67904806
v 26.00000000 27.00000000 34.16260147
v 26.00000000 28.00000000 7.69191074
v 26.00000000 28.00000000 34.13714218
v 26.00000000 29.00000000 7.95602846
v 26.00000000 29.00000000 34.04541397
v 26.00000000 29.20555305 8.00000000
v 26.00000000 30.00000000 8.20688534
v 25.95588875 30.00000000 34.00000000
v 26.00000000 30.00000000 33.97217560
v 26.00000000 29.70508385 34.00000000
v 26.00000000 31.00000000 8.49764442
v 25.68814087 31.00000000 34.00000000
v 26.00000000 31.00000000 33.82900620
v 26.00000000 32.00000000 8.43689346
v 25.68790817 32.00000000 34.00000000
v 26.00000000 32.00000000 33.78487015
v 26.00000000 33.00000000 8.38696671
v 25.50155830 33.00000000 34.00000000
v 26.00000000 33.00000000 33.67306519
v 26.00000000 34.00000000 8.33782864
v 25.44235802 34.00000000 34.00000000
v 26.00000000 34.00000000 33.56597137
v 25.81595230 35.00000000 8.00000000
v 26.00000000 35.00000000 8.09083557
v 25.81178093 35.00000000 34.00000000
v 26.00000000 35.00000000 33.85975647
v 26.00000000 35.78338242 8.00000000
v 26.00000000 36.00000000 7.97921085
v 26.00000000 35.89590836 34.00000000
v 26.00000000 36.00000000 34.01426697
v 26.00000000 37.00000000 7.88470173
v 26.00000000 37.00000000 34.07508850
v 26.00000000 38.00000000 7.75119591
v 26.00000000 38.00000000 34.05274963
v 26.00000000 39.00000000 7.91469812
v 26.00000000 39.00000000 34.11668015
v 26.00000000 40.00000000 7.86346483
v 25.19376373 40.00000000 35.00000000
v 26.00000000 40.00000000 34.32121277
v 26.00000000 40.96357346 8.00000000
v 25.98144341 41.00000000 8.00000000
v 26.00000000 41.00000000 8.00747776
v 25.36004829 41.00000000 35.00000000
v 26.00000000 41.00000000 34.57117844
v 26.00000000 41.29792786 8.00000000
v 26.00000000 42.00000000 7.98521757
v 25.25789452 42.00000000 35.00000000
v 26.00000000 42.00000000 34.65154266
v 26.00000000 43.00000000 7.91432285
v 25.10410309 43.00000000 35.00000000
v 26.00000000 43.00000000 34.35074615
v 26.00000000 44.00000000 7.96298409
v 25.91522598 44.00000000 34.00000000
v 26.00000000 44.00000000 33.96015930
v 26.00000000 43.90707016 34.00000000
v 26.00000000 44.11835861 8.00000000
v 26.00000000 45.00000000 8.63050079
v 26.00000000 45.00000000 15.55522346
v 26.00000000 44.94435120 16.00000000
v 26.00000000 45.00000000 16.10702133
v 26.00000000 45.00000000 32.91914749
v 26.00000000 44.87733078 33.00000000
v 26.00000000 45.33784485 9.00000000
v 25.08433914 46.00000000 9.00000000
v 26.00000000 45.50947189 10.00000000
v 25.09717369 46.00000000 10.00000000
v 26.00000000 45.36136627 11.00000000
v 26.00000000 45.20869064 12.00000000
v 26.00000000 45.33189011 13.00000000
v 26.00000000 45.18349457 14.00000000
v 26.00000000 45.07741928 15.00000000
v 26.00000000 45.53297424 17.00000000
v 26.00000000 45.68868637 18.00000000
v 26.00000000 45.82860565 19.00000000
v 26.00000000 45.73447800 20.00000000
v 26.00000000 45.91799545 21.00000000
v 25.57529640 46.00000000 21.00000000
v 26.00000000 46.00000000 21.23055840
v 26.00000000 46.00000000 26.79719925
v 26.00000000 45.96958542 27.00000000
v 26.00000000 45.73429489 28.00000000
v 26.00000000 45.75527954 29.00000000
v 25.29849243 46.00000000 30.00000000
v 26.00000000 46.00000000 29.54572678
v 25.26154137 46.00000000 31.00000000
v 26.00000000 46.00000000 31.83679390
v 26.00000000 45.92210770 32.00000000
v 26.00000000 46.22572327 22.00000000
v 26.00000000 46.34275436 23.00000000
v 26.00000000 46.18016052 24.00000000
v 26.00000000 46.02024841 25.00000000
v 26.00000000 46.11478043 26.00000000
v 26.00000000 46.18465042 30.00000000
v 26.00000000 46.29979706 31.00000000
v 27.00000000 0.63706809 10.00000000
v 27.00000000 1.00000000 9.56133461
v 27.00000000 0.55456930 11.00000000
v 27.00000000 0.78648537 12.00000000
v 27.00000000 0.94826245 13.00000000
v 27.00000000 0.78112763 14.00000000
v 27.00000000 0.70348841 15.00000000
v 27.00000000 0.84239298 16.00000000
v 27.00000000 0.84879339 17.00000000
v 27.00000000 0.70930886 18.00000000
v 27.00000000 0.53011978 19.00000000
v 27.00000000 0.57552201 20.00000000
v 27.00000000 0.41921017 21.00000000
v 27.00000000 0.30975595 22.00000000
v 27.00000000 0.49329272 23.00000000
v 27.00000000 0.64179325 24.00000000
v 27.00000000 0.66803002 25.00000000
v 27.00000000 0.69549346 26.00000000
v 27.00000000 0.62032419 27.00000000
v 27.00000000 0.57460570 28.00000000
v 27.00000000 0.71298563 29.00000000
v 27.00000000 0.65985906 30.00000000
v 27.00000000 0.82638365 31.00000000
v 26.93315315 1.00000000 32.00000000
v 27.00000000 1.00000000 31.88799095
v 26.76899529 2.00000000 9.00000000
v 27.00000000 1.89788389 9.00000000
v 27.00000000 2.00000000 8.97172356
v 27.00000000 1.02787757 32.00000000
v 27.00000000 1.40308809 33.00000000
v 27.00000000 1.98992515 34.00000000
v 27.00000000 2.00000000 34.03022003
v 27.00000000 3.00000000 8.51272202
v 26.05903244 3.00000000 35.00000000
v 27.00000000 3.00000000 34.21122742
v 27.00000000 4.00000000 8.50607014
v 26.70188904 4.00000000 35.00000000
v 27.00000000 4.00000000 34.73359680
v 27.00000000 5.00000000 8.45697021
v 26.95452881 5.00000000 35.00000000
v 27.00000000 5.00000000 34.96076965
v 27.00000000 6.00000000 8.39371777
v 27.00000000 5.38587761 35.00000000
v 27.00000000 6.00000000 35.04471588
v 27.00000000 7.00000000 8.61279011
v 27.00000000 7.00000000 34.75828171
v 27.00000000 6.11200905 35.00000000
v 27.00000000 8.00000000 8.62029076
v 27.00000000 8.00000000 34.59901047
v 27.00000000 9.00000000 8.77496052
v 27.00000000 9.00000000 34.44923401
v 27.00000000 9.99092197 9.00000000
v 26.97795677 10.00000000 9.00000000
v 27.00000000 10.00000000 9.00230694
v 27.00000000 10.00000000 34.19633865
v 27.00000000 11.00000000 9.43883610
v 27.00000000 11.00000000 34.09502411
v 26.01871300 12.00000000 9.00000000
v 27.00000000 12.00000000 9.38765717
v 26.39115334 12.00000000 34.00000000
v 27.00000000 12.00000000 33.77582550
v 27.00000000 11.37848663 34.00000000
v 26.96507263 13.00000000 9.00000000
v 27.00000000 13.00000000 9.01886177
v 27.00000000 13.00000000 33.53797913
v 27.00000000 13.05588818 9.00000000
v 27.00000000 14.00000000 8.65332317
v 27.00000000 14.00000000 33.37891769
v 27.00000000 14.49293518 8.00000000
v 27.00000000 15.00000000 7.45358562
v 27.00000000 15.00000000 33.34389114
v 27.00000000 16.00000000 7.46838951
v 27.00000000 16.00000000 33.42439270
v 26.05549812 17.00000000 8.00000000
v 27.00000000 17.00000000 7.75597477
v 27.00000000 17.00000000 33.51516342
v 27.00000000 18.00000000 7.72274923
v 27.00000000 18.00000000 33.65969086
v 27.00000000 19.00000000 7.46402025
v 26.44898987 19.00000000 34.00000000
v 27.00000000 19.00000000 33.87730408
v 27.00000000 20.00000000 7.53243923
v 26.65250969 20.00000000 34.00000000
v 27.00000000 20.00000000 33.88903427
v 27.00000000 21.00000000 7.28247690
v 26.45263290 21.00000000 34.00000000
v 27.00000000 21.00000000 33.84728622
v 27.00000000 22.00000000 7.09184217
v 26.52966309 22.00000000 34.00000000
v 27.00000000 22.00000000 33.85640335
v 27.00000000 23.00000000 7.13658571
v 26.31931496 23.00000000 34.00000000
v 27.00000000 23.00000000 33.77873993
v 26.64266396 24.00000000 7.00000000
v 27.00000000 23.61174774 7.00000000
v 27.00000000 24.00000000 6.90880013
v 26.33032036 24.00000000 34.00000000
v 27.00000000 24.00000000 33.73598862
v 26.87485313 25.00000000 7.00000000
v 27.00000000 25.00000000 6.97528028
v 26.21965981 25.00000000 34.00000000
v 27.00000000 25.00000000 33.69203949
v 27.00000000 25.06888962 7.00000000
v 27.00000000 26.00000000 7.29689884
v 26.51449776 26.00000000 34.00000000
v 27.00000000 26.00000000 33.81538773
v 27.00000000 27.00000000 7.38172531
v 26.90606117 27.00000000 34.00000000
v 27.00000000 27.00000000 33.98131561
v 27.00000000 28.00000000 7.57612658
v 27.00000000 27.99123001 34.00000000
v 27.00000000 28.00000000 34.00012589
v 27.00000000 29.00000000 7.78695202
v 26.28045654 29.00000000 34.00000000
v 27.00000000 29.00000000 33.86045456
v 27.00000000 28.00126266 34.00000000
v 26.72620392 30.00000000 8.00000000
v 27.00000000 30.00000000 7.95264626
v 27.00000000 30.00000000 33.79386139
v 27.00000000 30.36684227 8.00000000
v 27.00000000 31.00000000 8.11308479
v 27.00000000 31.00000000 33.68859100
v 27.00000000 32.00000000 8.17791843
v 27.00000000 32.00000000 33.67825317
v 27.00000000 33.00000000 8.21352291
v 27.00000000 33.00000000 33.64732361
v 27.00000000 34.00000000 8.13594341
v 27.00000000 34.00000000 33.61634064
v 27.00000000 35.00000000 8.06995773
v 27.00000000 35.00000000 33.60544586
v 27.00000000 35.71143341 8.00000000
v 27.00000000 36.00000000 7.97833776
v 26.03985405 36.00000000 34.00000000
v 27.00000000 36.00000000 33.63144302
v 27.00000000 37.00000000 7.96455288
v 26.27916718 37.00000000 34.00000000
v 27.00000000 37.00000000 33.77984619
v 27.00000000 38.00000000 7.88153791
v 26.25271225 38.00000000 34.00000000
v 27.00000000 38.00000000 33.83039856
v 27.00000000 39.00000000 7.58923578
v 26.46640968 39.00000000 34.00000000
v 27.00000000 39.00000000 33.83778000
v 27.00000000 40.00000000 7.62089491
v 27.00000000 39.59263229 34.00000000
v 27.00000000 40.00000000 34.11919785
v 26.02814293 41.00000000 8.00000000
v 27.00000000 41.00000000 7.79368305
v 27.00000000 41.00000000 34.37866211
v 27.00000000 42.00000000 7.86589861
v 27.00000000 42.00000000 34.72138977
v 27.00000000 42.50819778 8.00000000
v 26.41499710 43.00000000 8.00000000
v 27.00000000 43.00000000 8.82924080
v 27.00000000 43.00000000 34.49904251
v 26.14815712 44.00000000 8.00000000
v 27.00000000 43.25679016 9.00000000
v 26.82719612 44.00000000 9.00000000
v 27.00000000 44.00000000 9.38491535
v 26.33381653 44.00000000 34.00000000
v 27.00000000 44.00000000 34.05051422
v 26.43520737 45.00000000 9.00000000
v 27.00000000 45.00000000 9.83333015
v 27.00000000 45.00000000 15.29472160
v 27.00000000 44.89167023 16.00000000
v 27.00000000 45.00000000 16.24880409
v 26.35639191 45.00000000 33.00000000
v 27.00000000 45.00000000 33.19001007
v 27.00000000 44.07143402 34.00000000
v 27.00000000 45.07895660 10.00000000
v 27.00000000 45.21247101 11.00000000
v 27.00000000 45.21891022 12.00000000
v 27.00000000 45.32930756 13.00000000
v 27.00000000 45.28472519 14.00000000
v 27.00000000 45.05670929 15.00000000
v 27.00000000 45.39041519 17.00000000
v 27.00000000 45.75227737 18.00000000
v 26.54898453 46.00000000 19.00000000
v 27.00000000 46.00000000 18.68102646
v 26.56497002 46.00000000 20.00000000
v 26.28632927 46.00000000 21.00000000
v 26.12507439 46.00000000 27.00000000
v 26.76173592 46.00000000 28.00000000
v 26.59871674 46.00000000 29.00000000
v 26.24526405 46.00000000 32.00000000
v 27.00000000 46.00000000 32.24642944
v 27.00000000 45.16655350 33.00000000
v 27.00000000 46.12354279 19.00000000
v 27.00000000 46.18863678 20.00000000
v 27.00000000 46.18492889 21.00000000
v 27.00000000 46.35323334 22.00000000
v 27.00000000 46.40770340 23.00000000
v 27.00000000 46.29746246 24.00000000
v 27.00000000 46.07759476 25.00000000
v 27.00000000 46.22108078 26.00000000
v 27.00000000 46.19105148 27.00000000
v 27.00000000 46.07932281 28.00000000
v 27.00000000 46.14524460 29.00000000
v 27.00000000 46.46968460 30.00000000
v 27.00000000 46.46533585 31.00000000
v 27.00000000 46.17528534 32.00000000
v 28.00000000 0.93821210 10.00000000
v 28.00000000 1.00000000 9.94687843
v 28.00000000 0.90175766 11.00000000
v 27.49029922 1.00000000 12.00000000
v 28.00000000 1.00000000 11.23780727
v 27.09535789 1.00000000 13.00000000
v 27.37595749 1.00000000 14.00000000
v 27.67698479 1.00000000 15.00000000
v 27.34827423 1.00000000 16.00000000
v 27.31004143 1.00000000 17.00000000
v 27.68626022 1.00000000 18.00000000
v 28.00000000 1.00000000 18.98949051
v 28.00000000 0.99864894 19.00000000
v 27.85659218 1.00000000 20.00000000
v 28.00000000 1.00000000 19.01915359
v 28.00000000 1.00000000 20.32993698
v 28.00000000 0.86957091 21.00000000
v 28.00000000 0.74124020 22.00000000
v 28.00000000 0.87315160 23.00000000
v 27.92346191 1.00000000 24.00000000
v 28.00000000 1.00000000 23.83798790
v 27.75300217 1.00000000 25.00000000
v 27.68521118 1.00000000 26.00000000
v 27.77014732 1.00000000 27.00000000
v 27.89160347 1.00000000 28.00000000
v 28.00000000 1.00000000 28.51076889
v 28.00000000 0.96032709 29.00000000
v 28.00000000 0.87709022 30.00000000
v 28.00000000 0.88813519 31.00000000
v 28.00000000 1.00000000 31.68224335
v 27.23654747 2.00000000 9.00000000
v 28.00000000 2.00000000 9.16703320
v 28.00000000 1.24714911 12.00000000
v 28.00000000 1.49986815 13.00000000
v 28.00000000 1.38579321 14.00000000
v 28.00000000 1.15569103 15.00000000
v 28.00000000 1.26891685 16.00000000
v 28.00000000 1.33274055 17.00000000
v 28.00000000 1.15653217 18.00000000
v 28.00000000 1.07573009 20.00000000
v 28.00000000 1.02794349 24.00000000
v 28.00000000 1.11746228 25.00000000
v 28.00000000 1.17690146 26.00000000
v 28.00000000 1.11402678 27.00000000
v 28.00000000 1.06305635 28.00000000
v 28.00000000 1.07761121 32.00000000
v 28.00000000 1.56625617 33.00000000
v 28.00000000 1.98806190 34.00000000
v 28.00000000 2.00000000 34.11978531
v 28.00000000 2.34603286 9.00000000
v 28.00000000 3.00000000 8.80982780
v 28.00000000 2.60053182 35.00000000
v 27.86092567 3.00000000 35.00000000
v 28.00000000 3.00000000 35.12562180
v 28.00000000 4.00000000 8.69153976
v 27.34957123 4.00000000 35.00000000
v 28.00000000 4.00000000 35.60464478
v 28.00000000 5.00000000 8.82689285
v 27.08013535 5.00000000 35.00000000
v 28.00000000 5.00000000 35.52955246
v 28.00000000 6.00000000 8.78948784
v 28.00000000 6.00000000 35.40137100
v 28.00000000 7.00000000 8.93523407
v 28.00000000 7.00000000 34.97669220
v 28.00000000 6.90293121 35.00000000
v 28.00000000 8.00000000 8.92590046
v 28.00000000 8.00000000 34.87936401
v 28.00000000 8.40464020 9.00000000
v 27.69565201 9.00000000 9.00000000
v 28.00000000 9.00000000 9.09483147
v 28.00000000 9.00000000 34.71909714
v 28.00000000 10.00000000 9.23943520
v 28.00000000 10.00000000 34.54880142
v 28.00000000 11.00000000 9.96080971
v 28.00000000 11.00000000 34.28100586
v 28.00000000 12.00000000 9.97643089
v 27.78239822 12.00000000 34.00000000
v 28.00000000 12.00000000 34.04179382
v 28.00000000 13.00000000 9.56586552
v 28.00000000 13.00000000 33.83231354
v 28.00000000 12.22158241 34.00000000
v 27.98805618 14.00000000 9.00000000
v 28.00000000 14.00000000 9.00724411
v 28.00000000 14.00000000 33.66342163
v 28.00000000 14.40761948 8.00000000
v 28.00000000 15.00000000 7.26108742
v 28.00000000 14.00345039 9.00000000
v 28.00000000 15.00000000 33.62611008
v 28.00000000 16.00000000 7.21710587
v 28.00000000 16.00000000 33.67482376
v 28.00000000 17.00000000 7.33257437
v 28.00000000 17.00000000 33.81540680
v 28.00000000 18.00000000 7.37911749
v 28.00000000 18.00000000 33.83786392
v 28.00000000 19.00000000 7.18074942
v 28.00000000 19.00000000 33.95241165
v 28.00000000 20.00000000 7.31203318
v 28.00000000 20.00000000 33.93710709
v 28.00000000 21.00000000 7.09327221
v 28.00000000 21.00000000 33.98652649
v 27.44514465 22.00000000 7.00000000
v 28.00000000 21.45411491 7.00000000
v 28.00000000 22.00000000 6.89420128
v 28.00000000 22.00000000 33.92791367
v 27.43383598 23.00000000 7.00000000
v 28.00000000 23.00000000 6.85514593
v 28.00000000 23.00000000 33.90404129
v 28.00000000 24.00000000 6.73306227
v 28.00000000 24.00000000 33.85388565
v 28.00000000 25.00000000 6.67799044
v 28.00000000 25.00000000 33.82371140
v 27.78554916 26.00000000 7.00000000
v 28.00000000 26.00000000 6.91708279
v 28.00000000 26.00000000 33.91256714
v 28.00000000 26.51866722 7.00000000
v 28.00000000 27.00000000 7.07181358
v 28.00000000 26.41037560 34.00000000
v 27.11284256 27.00000000 34.00000000
v 28.00000000 27.00000000 34.09440231
v 28.00000000 28.00000000 7.31623030
v 28.00000000 28.00000000 34.02870560
v 28.00000000 29.00000000 7.62138414
v 27.76841736 29.00000000 34.00000000
v 28.00000000 29.00000000 34.02719498
v 28.00000000 30.00000000 7.89214087
v 28.00000000 30.00000000 33.97545624
v 28.00000000 29.59124756 34.00000000
v 27.48312378 31.00000000 8.00000000
v 28.00000000 31.00000000 7.91410637
v 28.00000000 31.00000000 33.92440414
v 27.71262360 32.00000000 8.00000000
v 28.00000000 32.00000000 7.94735622
v 28.00000000 32.00000000 33.94119263
v 27.72846031 33.00000000 8.00000000
v 28.00000000 33.00000000 7.92236853
v 28.00000000 33.00000000 33.95093918
v 27.44144249 34.00000000 8.00000000
v 28.00000000 34.00000000 7.83523750
v 28.00000000 34.00000000 33.90805054
v 27.23725510 35.00000000 8.00000000
v 28.00000000 35.00000000 7.83582783
v 28.00000000 35.00000000 33.86872101
v 28.00000000 36.00000000 7.76441908
v 28.00000000 36.00000000 33.89274597
v 28.00000000 37.00000000 7.78525829
v 28.00000000 36.63241959 34.00000000
v 27.75799561 37.00000000 34.00000000
v 28.00000000 37.00000000 34.04805374
v 28.00000000 38.00000000 7.69655943
v 27.38105011 38.00000000 34.00000000
v 28.00000000 38.00000000 34.19150162
v 28.00000000 39.00000000 7.39384985
v 27.25513840 39.00000000 34.00000000
v 28.00000000 39.00000000 34.35147476
v 28.00000000 40.00000000 7.43953800
v 28.00000000 40.00000000 34.56336975
v 28.00000000 41.00000000 7.69386911
v 28.00000000 41.00000000 34.76460648
v 28.00000000 42.00000000 7.91881180
v 28.00000000 42.00000000 34.92900085
v 28.00000000 42.11311722 8.00000000
v 28.00000000 42.51769638 9.00000000
v 27.04496956 43.00000000 9.00000000
v 28.00000000 42.64851761 10.00000000
v 27.30597687 43.00000000 10.00000000
v 28.00000000 43.00000000 10.93665028
v 28.00000000 43.00000000 34.82368088
v 27.22709465 44.00000000 10.00000000
v 28.00000000 43.29257584 11.00000000
v 27.80843544 44.00000000 11.00000000
v 28.00000000 44.00000000 11.56197453
v 28.00000000 44.00000000 34.34761047
v 27.07509995 45.00000000 10.00000000
v 27.28927040 45.00000000 11.00000000
v 28.00000000 44.15563965 12.00000000
v 27.34288597 45.00000000 12.00000000
v 28.00000000 45.00000000 12.82673645
v 27.76799393 45.00000000 15.00000000
v 28.00000000 45.00000000 14.80257034
v 28.00000000 44.98205185 15.00000000
v 28.00000000 44.74330902 16.00000000
v 28.00000000 45.00000000 16.65739822
v 28.00000000 45.00000000 33.62387085
v 28.00000000 44.56418228 34.00000000
v 28.00000000 45.08343887 13.00000000
v 28.00000000 45.08767700 14.00000000
v 28.00000000 45.14479828 17.00000000
v 28.00000000 45.62608337 18.00000000
v 28.00000000 46.00000000 18.62542534
v 27.83147812 46.00000000 25.00000000
v 28.00000000 46.00000000 24.95496559
v 28.00000000 45.98572922 25.00000000
v 28.00000000 46.00000000 25.16840935
v 28.00000000 46.00000000 32.26523972
v 28.00000000 45.41870880 33.00000000
v 28.00000000 46.21662521 19.00000000
v 28.00000000 46.34292984 20.00000000
v 28.00000000 46.36116409 21.00000000
v 28.00000000 46.41864777 22.00000000
v 28.00000000 46.41988373 23.00000000
v 28.00000000 46.25381088 24.00000000
v 28.00000000 46.06887436 26.00000000
v 28.00000000 46.14759445 27.00000000
v 28.00000000 46.14276505 28.00000000
v 28.00000000 46.26125717 29.00000000
v 28.00000000 46.42021561 30.00000000
v 28.00000000 46.43408203 31.00000000
v 28.00000000 46.15820694 32.00000000
v 28.13879776 1.00000000 10.00000000
v 28.16949654 1.00000000 11.00000000
v 28.00758553 1.00000000 19.00000000
v 29.00000000 0.97331369 21.00000000
v 29.00000000 1.00000000 20.91092873
v 29.00000000 0.89606160 22.00000000
v 29.00000000 0.86320025 23.00000000
v 28.31487656 1.00000000 24.00000000
v 29.00000000 0.94640934 24.00000000
v 29.00000000 1.00000000 24.68803024
v 28.94388580 1.00000000 29.00000000
v 29.00000000 1.00000000 29.01936913
v 29.00000000 0.87810135 30.00000000
v 29.00000000 0.96090829 31.00000000
v 28.86437988 1.00000000 32.00000000
v 29.00000000 0.99132550 32.00000000
v 29.00000000 1.00000000 32.02869034
v 29.00000000 1.38104045 10.00000000
v 29.00000000 2.00000000 9.49168682
v 29.00000000 1.53903759 11.00000000
v 29.00000000 1.80150080 12.00000000
v 29.00000000 1.54163110 13.00000000
v 29.00000000 1.54722691 14.00000000
v 29.00000000 1.52004433 15.00000000
v 29.00000000 1.45972884 16.00000000
v 29.00000000 1.49251330 17.00000000
v 29.00000000 1.34120071 18.00000000
v 29.00000000 1.18184268 19.00000000
v 29.00000000 1.34394801 20.00000000
v 29.00000000 1.02308488 25.00000000
v 29.00000000 1.17202938 26.00000000
v 29.00000000 1.14511740 27.00000000
v 29.00000000 1.12550569 28.00000000
v 29.00000000 1.00317037 29.00000000
v 29.00000000 1.36521924 33.00000000
v 29.00000000 1.60105896 34.00000000
v 28.18080711 2.00000000 35.00000000
v 29.00000000 1.66117346 35.00000000
v 28.56386948 2.00000000 36.00000000
v 29.00000000 1.81244349 36.00000000
v 29.00000000 2.00000000 36.29915237
v 28.80827713 3.00000000 9.00000000
v 29.00000000 3.00000000 9.08397675
v 28.62083435 3.00000000 36.00000000
v 29.00000000 3.00000000 36.51750565
v 29.00000000 3.31099129 9.00000000
v 29.00000000 4.00000000 8.85787964
v 28.26450920 4.00000000 36.00000000
v 29.00000000 4.00000000 36.71305466
v 29.00000000 5.00000000 8.77445889
v 28.33270264 5.00000000 36.00000000
v 29.00000000 5.00000000 36.55535507
v 29.00000000 6.00000000 8.72952652
v 29.00000000 6.00000000 35.94477081
v 29.00000000 5.92415142 36.00000000
v 29.00000000 7.00000000 8.69858265
v 28.05447769 7.00000000 35.00000000
v 29.00000000 7.00000000 35.66847229
v 29.00000000 8.00000000 8.72170067
v 28.29875565 8.00000000 35.00000000
v 29.00000000 8.00000000 35.41975784
v 28.72204971 9.00000000 9.00000000
v 29.00000000 9.00000000 8.93719769
v 28.81002617 9.00000000 35.00000000
v 29.00000000 9.00000000 35.11075211
v 29.00000000 9.46821404 9.00000000
v 29.00000000 10.00000000 9.06297779
v 29.00000000 10.00000000 34.82012177
v 29.00000000 9.26519775 35.00000000
v 29.00000000 11.00000000 9.70897675
v 29.00000000 11.00000000 34.52869797
v 29.00000000 12.00000000 9.63513374
v 29.00000000 12.00000000 34.46398544
v 29.00000000 13.00000000 9.45171452
v 28.41696358 13.00000000 34.00000000
v 29.00000000 13.00000000 34.24305344
v 28.01083565 14.00000000 9.00000000
v 29.00000000 13.51107311 9.00000000
v 29.00000000 14.00000000 8.05917072
v 29.00000000 14.00000000 33.98645782
v 29.00000000 13.94323921 34.00000000
v 28.73471069 15.00000000 7.00000000
v 29.00000000 14.87228775 7.00000000
v 29.00000000 15.00000000 6.92755222
v 29.00000000 14.01683235 8.00000000
v 29.00000000 15.00000000 33.98760986
v 28.55368614 16.00000000 7.00000000
v 29.00000000 16.00000000 6.87150288
v 29.00000000 15.09339333 34.00000000
v 28.77406693 16.00000000 34.00000000
v 29.00000000 16.00000000 34.08050537
v 28.46348572 17.00000000 7.00000000
v 29.00000000 17.00000000 6.66284323
v 28.86828804 17.00000000 34.00000000
v 29.00000000 17.00000000 34.02645111
v 28.58588982 18.00000000 7.00000000
v 29.00000000 18.00000000 6.74621630
v 28.90152550 18.00000000 34.00000000
v 29.00000000 18.00000000 34.01413345
v 28.41979599 19.00000000 7.00000000
v 29.00000000 19.00000000 6.73951817
v 28.32191467 19.00000000 34.00000000
v 29.00000000 19.00000000 34.06859970
v 28.70605850 20.00000000 7.00000000
v 29.00000000 20.00000000 6.86322689
v 28.39237595 20.00000000 34.00000000
v 29.00000000 20.00000000 34.06660461
v 29.00000000 20.52511597 7.00000000
v 29.00000000 21.00000000 7.10458660
v 28.09958649 21.00000000 34.00000000
v 29.00000000 21.00000000 34.07807541
v 28.64498711 22.00000000 7.00000000
v 29.00000000 22.00000000 7.05670214
v 29.00000000 22.00000000 33.98092651
v 29.00000000 21.85529518 34.00000000
v 29.00000000 22.50634575 7.00000000
v 29.00000000 23.00000000 6.94914722
v 29.00000000 23.00000000 33.95262527
v 29.00000000 24.00000000 6.83906698
v 29.00000000 24.00000000 33.97681427
v 29.00000000 25.00000000 6.76053858
v 29.00000000 25.00000000 33.99172211
v 29.00000000 26.00000000 6.92834377
v 29.00000000 26.00000000 33.99230576
v 29.00000000 26.43611526 7.00000000
v 29.00000000 27.00000000 7.10724258
v 29.00000000 26.16686440 34.00000000
v 29.00000000 27.00000000 34.03102875
v 29.00000000 28.00000000 7.16670275
v 29.00000000 28.00000000 34.10095215
v 29.00000000 29.00000000 7.30048466
v 29.00000000 29.00000000 34.10134888
v 29.00000000 30.00000000 7.61661530
v 28.19342804 30.00000000 34.00000000
v 29.00000000 30.00000000 34.07358170
v 29.00000000 31.00000000 7.68986273
v 28.42344856 31.00000000 34.00000000
v 29.00000000 31.00000000 34.06938934
v 29.00000000 32.00000000 7.78411961
v 28.18348694 32.00000000 34.00000000
v 29.00000000 32.00000000 34.18205643
v 29.00000000 33.00000000 7.60756350
v 28.15529442 33.00000000 34.00000000
v 29.00000000 33.00000000 34.19259262
v 29.00000000 34.00000000 7.51432228
v 28.24734306 34.00000000 34.00000000
v 29.00000000 34.00000000 34.19277191
v 29.00000000 35.00000000 7.73626518
v 28.27720642 35.00000000 34.00000000
v 29.00000000 35.00000000 34.24423218
v 29.00000000 36.00000000 7.63314533
v 28.16370773 36.00000000 34.00000000
v 29.00000000 36.00000000 34.36166000
v 29.00000000 37.00000000 7.67718124
v 29.00000000 37.00000000 34.53564453
v 29.00000000 38.00000000 7.66441727
v 29.00000000 38.00000000 34.70117950
v 29.00000000 39.00000000 7.09300709
v 29.00000000 39.00000000 34.96796799
v 29.00000000 40.00000000 7.14870977
v 29.00000000 39.10294342 35.00000000
v 28.57058907 40.00000000 35.00000000
v 29.00000000 40.00000000 35.30561447
v 29.00000000 41.00000000 7.64197302
v 28.38924408 41.00000000 35.00000000
v 29.00000000 41.00000000 35.45090485
v 29.00000000 42.00000000 7.98283482
v 28.15564156 42.00000000 35.00000000
v 29.00000000 42.00000000 35.68645096
v 29.00000000 42.01583099 8.00000000
v 29.00000000 42.15110016 9.00000000
v 29.00000000 42.30081558 10.00000000
v 29.00000000 42.81173706 11.00000000
v 28.15060616 43.00000000 11.00000000
v 29.00000000 43.00000000 11.84127998
v 28.27081680 43.00000000 35.00000000
v 29.00000000 43.00000000 35.83210754
v 29.00000000 43.08229065 12.00000000
v 28.13705254 44.00000000 12.00000000
v 29.00000000 44.00000000 12.58549309
v 29.00000000 44.00000000 34.95296097
v 29.00000000 43.92056656 35.00000000
v 29.00000000 44.41643524 13.00000000
v 28.15398598 45.00000000 13.00000000
v 29.00000000 44.61364365 14.00000000
v 28.21697998 45.00000000 14.00000000
v 29.00000000 44.56724548 15.00000000
v 29.00000000 44.57009125 16.00000000
v 29.00000000 44.75756454 17.00000000
v 28.41526794 45.00000000 17.00000000
v 29.00000000 45.00000000 17.40328789
v 28.48379135 45.00000000 34.00000000
v 29.00000000 45.00000000 34.39405441
v 29.00000000 45.35926056 18.00000000
v 29.00000000 46.00000000 18.85819244
v 28.06024361 46.00000000 25.00000000
v 29.00000000 46.00000000 32.52834320
v 29.00000000 45.76350403 33.00000000
v 29.00000000 45.33184433 34.00000000
v 29.00000000 46.09332657 19.00000000
v 29.00000000 46.47862625 20.00000000
v 29.00000000 46.54652405 21.00000000
v 29.00000000 46.47405624 22.00000000
v 29.00000000 46.33911133 23.00000000
v 29.00000000 46.25820923 24.00000000
v 29.00000000 46.19071960 25.00000000
v 29.00000000 46.21714783 26.00000000
v 29.00000000 46.30516434 27.00000000
v 29.00000000 46.29891586 28.00000000
v 29.00000000 46.36368561 29.00000000
v 29.00000000 46.34958649 30.00000000
v 29.00000000 46.32330704 31.00000000
v 29.00000000 46.18499756 32.00000000
v 30.00000000 0.98877513 21.00000000
v 30.00000000 1.00000000 20.96532440
v 30.00000000 0.94307154 22.00000000
v 30.00000000 0.83425719 23.00000000
v 30.00000000 0.96553040 24.00000000
v 29.32627106 1.00000000 25.00000000
v 30.00000000 0.96201193 25.00000000
v 30.00000000 1.00000000 25.35972786
v 29.63021278 1.00000000 27.00000000
v 30.00000000 0.93731356 27.00000000
v 30.00000000 1.00000000 26.50765991
v 29.86746407 1.00000000 28.00000000
v 30.00000000 0.98640364 28.00000000
v 30.00000000 1.00000000 28.22637939
v 30.00000000 0.94664550 30.00000000
v 30.00000000 1.00000000 29.47911835
v 30.00000000 0.98842782 31.00000000
v 29.07383347 1.00000000 32.00000000
v 30.00000000 1.00000000 31.10217094
v 29.80351830 2.00000000 10.00000000
v 29.90826988 2.00000000 11.00000000
v 29.68254852 2.00000000 12.00000000
v 30.00000000 2.00000000 12.20614338
v 30.00000000 1.69828606 13.00000000
v 30.00000000 1.74081635 14.00000000
v 30.00000000 1.69073963 15.00000000
v 30.00000000 1.72508037 16.00000000
v 30.00000000 1.63840282 17.00000000
v 30.00000000 1.44705296 18.00000000
v 30.00000000 1.19106984 19.00000000
v 30.00000000 1.34819114 20.00000000
v 30.00000000 1.08298159 26.00000000
v 30.00000000 1.05897355 29.00000000
v 30.00000000 1.13913178 32.00000000
v 30.00000000 1.42096531 33.00000000
v 30.00000000 1.48731554 34.00000000
v 30.00000000 1.57144654 35.00000000
v 30.00000000 1.70166516 36.00000000
v 30.00000000 2.00000000 36.39451218
v 30.00000000 2.21678162 10.00000000
v 30.00000000 3.00000000 9.45859241
v 30.00000000 2.02759242 11.00000000
v 30.00000000 2.05544114 12.00000000
v 30.00000000 3.00000000 36.69452667
v 29.70332336 4.00000000 9.00000000
v 30.00000000 4.00000000 9.08402252
v 30.00000000 4.00000000 36.93943405
v 30.00000000 4.26525307 9.00000000
v 30.00000000 5.00000000 8.86182213
v 30.00000000 5.00000000 36.81035614
v 30.00000000 6.00000000 8.80755615
v 29.34564400 6.00000000 36.00000000
v 30.00000000 6.00000000 36.08896637
v 30.00000000 7.00000000 8.71632957
v 29.87903404 7.00000000 36.00000000
v 30.00000000 7.00000000 36.03818130
v 30.00000000 8.00000000 8.71580887
v 30.00000000 8.00000000 35.61910248
v 30.00000000 7.08905840 36.00000000
v 30.00000000 9.00000000 8.80453014
v 30.00000000 9.00000000 35.28329086
v 29.69748497 10.00000000 9.00000000
v 30.00000000 10.00000000 8.97680855
v 30.00000000 10.00000000 34.92163086
v 30.00000000 9.78100300 35.00000000
v 30.00000000 10.10348415 9.00000000
v 30.00000000 11.00000000 9.30128860
v 30.00000000 11.00000000 34.34881973
v 30.00000000 12.00000000 9.18736935
v 30.00000000 12.00000000 34.34633636
v 30.00000000 13.00000000 9.08924198
v 30.00000000 13.00000000 34.16755676
v 29.05788612 14.00000000 8.00000000
v 30.00000000 13.55953026 8.00000000
v 30.00000000 14.00000000 7.48325920
v 30.00000000 13.15501404 9.00000000
v 29.32950974 14.00000000 34.00000000
v 30.00000000 14.00000000 34.03755188
v 30.00000000 14.63776302 7.00000000
v 30.00000000 15.00000000 6.86744022
v 30.00000000 15.00000000 33.96303558
v 30.00000000 14.48494244 34.00000000
v 30.00000000 16.00000000 6.92523289
v 30.00000000 15.15194607 34.00000000
v 30.00000000 16.00000000 34.15673447
v 30.00000000 16.56401062 7.00000000
v 29.87255287 17.00000000 7.00000000
v 30.00000000 17.00000000 7.09061146
v 30.00000000 17.00000000 34.12824631
v 29.81520653 18.00000000 7.00000000
v 30.00000000 18.00000000 7.08965254
v 30.00000000 18.00000000 34.13599014
v 29.66513824 19.00000000 7.00000000
v 30.00000000 19.00000000 7.18289709
v 30.00000000 19.00000000 34.17264557
v 29.34450912 20.00000000 7.00000000
v 30.00000000 20.00000000 7.31045341
v 30.00000000 20.00000000 34.08657455
v 30.00000000 21.00000000 7.31766319
v 30.00000000 21.00000000 34.00543976
v 30.00000000 22.00000000 7.41985273
v 29.30440140 22.00000000 34.00000000
v 30.00000000 22.00000000 34.03445816
v 29.11355019 23.00000000 7.00000000
v 30.00000000 23.00000000 7.41122675
v 30.00000000 23.00000000 33.84306717
v 30.00000000 22.22557259 34.00000000
v 29.36137962 24.00000000 7.00000000
v 30.00000000 24.00000000 7.27854395
v 30.00000000 24.00000000 33.92102051
v 29.40815544 25.00000000 7.00000000
v 30.00000000 25.00000000 7.40996933
v 30.00000000 25.00000000 33.89198303
v 29.11938667 26.00000000 7.00000000
v 30.00000000 26.00000000 7.59572887
v 30.00000000 26.00000000 33.86239624
v 30.00000000 27.00000000 7.59559059
v 29.87533188 27.00000000 34.00000000
v 30.00000000 27.00000000 33.99417496
v 30.00000000 28.00000000 7.58882284
v 30.00000000 27.12601089 34.00000000
v 30.00000000 28.00000000 34.03263474
v 30.00000000 29.00000000 7.49885559
v 30.00000000 29.00000000 34.02649307
v 30.00000000 30.00000000 7.74257326
v 30.00000000 30.00000000 34.05568695
v 30.00000000 31.00000000 7.86514521
v 30.00000000 31.00000000 34.13383484
v 30.00000000 32.00000000 7.94812965
v 30.00000000 32.00000000 34.24192047
v 30.00000000 33.00000000 7.90571213
v 30.00000000 33.00000000 34.29678726
v 30.00000000 34.00000000 7.82576990
v 30.00000000 34.00000000 34.40244293
v 30.00000000 34.99038315 8.00000000
v 29.99380493 35.00000000 8.00000000
v 30.00000000 35.00000000 8.00251198
v 30.00000000 35.00000000 34.52947998
v 30.00000000 35.02147675 8.00000000
v 30.00000000 36.00000000 7.92377996
v 30.00000000 36.00000000 34.62847900
v 30.00000000 36.75511551 8.00000000
v 29.92291451 37.00000000 8.00000000
v 30.00000000 37.00000000 8.06989956
v 30.00000000 37.00000000 34.73791885
v 30.00000000 37.39528275 8.00000000
v 30.00000000 38.00000000 7.94785023
v 30.00000000 38.00000000 34.96871948
v 30.00000000 39.00000000 7.37661791
v 30.00000000 38.11262894 35.00000000
v 29.10165977 39.00000000 35.00000000
v 30.00000000 39.00000000 35.24557877
v 30.00000000 40.00000000 7.40785789
v 30.00000000 40.00000000 35.51552200
v 30.00000000 40.94581985 8.00000000
v 29.92311478 41.00000000 8.00000000
v 30.00000000 40.84080124 9.00000000
v 29.89704514 41.00000000 9.00000000
v 30.00000000 41.00000000 9.22933483
v 30.00000000 41.00000000 35.53135300
v 29.04405403 42.00000000 8.00000000
v 29.33663368 42.00000000 9.00000000
v 30.00000000 41.61327744 10.00000000
v 29.68762589 42.00000000 10.00000000
v 30.00000000 42.00000000 10.20216656
v 30.00000000 42.00000000 35.69016647
v 30.00000000 42.52563858 11.00000000
v 30.00000000 42.80911636 12.00000000
v 29.15033150 43.00000000 12.00000000
v 30.00000000 43.00000000 12.32548141
v 30.00000000 43.00000000 35.90693283
v 30.00000000 43.69108963 13.00000000
v 29.60127640 44.00000000 13.00000000
v 30.00000000 43.55028915 14.00000000
v 29.66168594 44.00000000 14.00000000
v 30.00000000 43.77671432 15.00000000
v 29.82631493 44.00000000 15.00000000
v 30.00000000 44.00000000 15.55776691
v 29.26174355 44.00000000 35.00000000
v 30.00000000 44.00000000 35.18868637
v 30.00000000 44.07428741 16.00000000
v 30.00000000 44.20859909 17.00000000
v 30.00000000 44.33907318 18.00000000
v 29.58269882 45.00000000 18.00000000
v 30.00000000 45.00000000 18.37570190
v 30.00000000 45.00000000 34.20449448
v 30.00000000 44.27464294 35.00000000
v 30.00000000 45.60662842 19.00000000
v 29.27635765 46.00000000 19.00000000
v 30.00000000 46.00000000 19.45064926
v 30.00000000 46.00000000 32.37149811
v 30.00000000 45.70619965 33.00000000
v 30.00000000 45.12297058 34.00000000
v 30.00000000 46.35187531 20.00000000
v 30.00000000 46.58908844 21.00000000
v 30.00000000 46.45169067 22.00000000
v 30.00000000 46.40071106 23.00000000
v 30.00000000 46.30577469 24.00000000
v 30.00000000 46.16155624 25.00000000
v 30.00000000 46.36823273 26.00000000
v 30.00000000 46.43766403 27.00000000
v 30.00000000 46.39561844 28.00000000
v 30.00000000 46.38587570 29.00000000
v 30.00000000 46.31311417 30.00000000
v 30.00000000 46.29854584 31.00000000
v 30.00000000 46.14184952 32.00000000
v 31.00000000 0.67318159 21.00000000
v 31.00000000 1.00000000 20.19433403
v 31.00000000 0.62837034 22.00000000
v 31.00000000 0.64471173 23.00000000
v 31.00000000 0.67274630 24.00000000
v 31.00000000 0.86385512 25.00000000
v 30.38628960 1.00000000 26.00000000
v 31.00000000 0.88780671 26.00000000
v 31.00000000 0.84305906 27.00000000
v 31.00000000 0.84099734 28.00000000
v 30.35046196 1.00000000 29.00000000
v 31.00000000 0.91673237 29.00000000
v 31.00000000 0.89106941 30.00000000
v 31.00000000 0.89708024 31.00000000
v 31.00000000 1.00000000 31.62439346
v 30.41571999 2.00000000 12.00000000
v 31.00000000 1.86550915 12.00000000
v 31.00000000 2.00000000 11.42256069
v 31.00000000 1.47887349 13.00000000
v 31.00000000 1.56226659 14.00000000
v 31.00000000 1.63036919 15.00000000
v 31.00000000 1.60580587 16.00000000
v 31.00000000 1.57833266 17.00000000
v 31.00000000 1.32610309 18.00000000
v 31.00000000 1.05612063 19.00000000
v 31.00000000 1.10160315 20.00000000
v 31.00000000 1.09535599 32.00000000
v 31.00000000 1.33438981 33.00000000
v 31.00000000 1.44555306 34.00000000
v 31.00000000 1.54294646 35.00000000
v 31.00000000 1.53545773 36.00000000
v 31.00000000 2.00000000 36.75825882
v 31.00000000 2.59481740 10.00000000
v 31.00000000 3.00000000 9.45594978
v 31.00000000 2.08207273 11.00000000
v 31.00000000 2.54981470 37.00000000
v 30.53665352 3.00000000 37.00000000
v 31.00000000 3.00000000 37.20020294
v 31.00000000 4.00000000 9.09798431
v 30.10716438 4.00000000 37.00000000
v 31.00000000 4.00000000 37.42514420
v 31.00000000 4.26771164 9.00000000
v 31.00000000 5.00000000 8.80337524
v 30.72586060 5.00000000 37.00000000
v 31.00000000 5.00000000 37.11660767
v 31.00000000 6.00000000 8.58934498
v 31.00000000 6.00000000 36.48644638
v 31.00000000 5.09523869 37.00000000
v 31.00000000 7.00000000 8.48337173
v 31.00000000 7.00000000 36.25914764
v 31.00000000 8.00000000 8.41370010
v 31.00000000 8.00000000 35.88164139
v 31.00000000 7.68003845 36.00000000
v 31.00000000 9.00000000 8.51340008
v 31.00000000 9.00000000 35.38219833
v 31.00000000 10.00000000 8.59899139
v 31.00000000 10.00000000 34.79704666
v 31.00000000 9.72393799 35.00000000
v 30.45308495 11.00000000 9.00000000
v 31.00000000 11.00000000 8.65681744
v 30.48626900 11.00000000 34.00000000
v 31.00000000 11.00000000 33.55332947
v 31.00000000 10.62746906 34.00000000
v 30.22901344 12.00000000 9.00000000
v 31.00000000 12.00000000 8.39387321
v 30.43694496 12.00000000 34.00000000
v 31.00000000 12.00000000 33.42107391
v 30.81713486 13.00000000 8.00000000
v 31.00000000 12.78223228 8.00000000
v 31.00000000 13.00000000 7.88647175
v 30.09699821 13.00000000 9.00000000
v 30.32063675 13.00000000 34.00000000
v 31.00000000 13.00000000 33.60512924
v 31.00000000 14.00000000 7.32428551
v 30.08087540 14.00000000 34.00000000
v 31.00000000 14.00000000 33.56556320
v 31.00000000 14.99920177 7.00000000
v 31.00000000 15.00000000 6.99983692
v 31.00000000 15.00000000 33.86088562
v 31.00000000 15.00079536 7.00000000
v 30.24787521 16.00000000 7.00000000
v 31.00000000 16.00000000 7.26789999
v 31.00000000 15.78513336 34.00000000
v 31.00000000 16.00000000 34.02772903
v 31.00000000 17.00000000 7.59020281
v 31.00000000 17.00000000 34.20773697
v 31.00000000 18.00000000 7.54706573
v 31.00000000 18.00000000 34.23405838
v 31.00000000 19.00000000 7.89272118
v 31.00000000 19.00000000 34.26931763
v 31.00000000 20.00000000 7.94256115
v 31.00000000 20.00000000 34.19974899
v 31.00000000 21.00000000 7.92783499
v 31.00000000 21.00000000 34.13893890
v 31.00000000 21.58754730 8.00000000
v 30.92478371 22.00000000 8.00000000
v 31.00000000 22.00000000 8.05290127
v 31.00000000 22.00000000 34.19479752
v 31.00000000 22.48386765 8.00000000
v 31.00000000 23.00000000 7.94457436
v 31.00000000 23.00000000 33.95893860
v 31.00000000 22.88470650 34.00000000
v 31.00000000 24.00000000 7.96564198
v 31.00000000 23.33671379 34.00000000
v 30.53746223 24.00000000 34.00000000
v 31.00000000 24.00000000 34.05922318
v 31.00000000 24.10591888 8.00000000
v 30.65744400 25.00000000 8.00000000
v 31.00000000 25.00000000 8.26984596
v 30.72454834 25.00000000 34.00000000
v 31.00000000 25.00000000 34.03824997
v 30.54579735 26.00000000 8.00000000
v 31.00000000 26.00000000 8.33443737
v 30.91120720 26.00000000 34.00000000
v 31.00000000 26.00000000 34.01363373
v 30.68579292 27.00000000 8.00000000
v 31.00000000 27.00000000 8.18206024
v 30.24990273 27.00000000 34.00000000
v 31.00000000 27.00000000 34.01567078
v 30.88034058 28.00000000 8.00000000
v 31.00000000 28.00000000 8.06134892
v 31.00000000 28.00000000 34.11601639
v 31.00000000 28.32325745 8.00000000
v 31.00000000 29.00000000 7.90811110
v 31.00000000 29.00000000 34.22406387
v 31.00000000 30.00000000 7.99647760
v 31.00000000 30.00000000 34.27545547
v 31.00000000 30.20638657 8.00000000
v 30.89382362 31.00000000 8.00000000
v 31.00000000 31.00000000 8.02235031
v 31.00000000 31.00000000 34.22837830
v 30.16410446 32.00000000 8.00000000
v 31.00000000 32.00000000 8.33426380
v 31.00000000 32.00000000 34.31577301
v 30.18530655 33.00000000 8.00000000
v 31.00000000 33.00000000 8.49866009
v 31.00000000 33.00000000 34.36886215
v 30.34420967 34.00000000 8.00000000
v 31.00000000 34.00000000 8.46899796
v 31.00000000 34.00000000 34.46861649
v 31.00000000 35.00000000 8.40037823
v 31.00000000 35.00000000 34.58585739
v 30.19290543 36.00000000 8.00000000
v 31.00000000 36.00000000 8.39471817
v 31.00000000 36.00000000 34.67609787
v 31.00000000 36.68288803 9.00000000
v 30.59156799 37.00000000 9.00000000
v 31.00000000 37.00000000 9.51281071
v 31.00000000 37.00000000 34.68102264
v 30.06123543 38.00000000 8.00000000
v 30.48326874 38.00000000 9.00000000
v 31.00000000 38.00000000 9.57482338
v 31.00000000 38.00000000 34.84434128
v 30.54485703 39.00000000 8.00000000
v 30.33108330 39.00000000 9.00000000
v 31.00000000 38.47466278 10.00000000
v 30.50465012 39.00000000 10.00000000
v 31.00000000 39.00000000 10.24105835
v 30.81721115 39.00000000 35.00000000
v 31.00000000 39.00000000 34.92228699
v 30.51954460 40.00000000 8.00000000
v 30.30713081 40.00000000 9.00000000
v 30.53803825 40.00000000 10.00000000
v 31.00000000 40.00000000 10.23067951
v 31.00000000 39.26638031 35.00000000
v 31.00000000 40.00000000 35.18122482
v 31.00000000 40.83380127 10.00000000
v 31.00000000 41.00000000 9.90347672
v 31.00000000 41.00000000 35.33415604
v 31.00000000 41.22760010 10.00000000
v 31.00000000 42.00000000 10.26534081
v 31.00000000 42.00000000 35.24251175
v 31.00000000 42.65925217 11.00000000
v 31.00000000 42.96987915 12.00000000
v 31.00000000 43.00000000 12.08704853
v 30.78526115 43.00000000 14.00000000
v 31.00000000 43.00000000 13.78527069
v 31.00000000 42.93549347 14.00000000
v 31.00000000 42.98686981 15.00000000
v 30.96891022 43.00000000 15.00000000
v 31.00000000 43.00000000 15.15987206
v 30.83457947 43.00000000 18.00000000
v 31.00000000 43.00000000 17.50175095
v 31.00000000 42.90538025 18.00000000
v 31.00000000 43.00000000 18.24919319
v 31.00000000 43.00000000 35.77743149
v 31.00000000 43.41394806 13.00000000
v 31.00000000 43.14088058 16.00000000
v 30.18144035 44.00000000 16.00000000
v 31.00000000 43.20771790 17.00000000
v 30.33651352 44.00000000 17.00000000
v 30.24189568 44.00000000 18.00000000
v 31.00000000 44.00000000 18.96512413
v 31.00000000 44.00000000 35.35210037
v 31.00000000 44.09730148 19.00000000
v 30.75507164 45.00000000 19.00000000
v 31.00000000 45.00000000 19.18116570
v 30.81390381 45.00000000 34.00000000
v 31.00000000 45.00000000 33.94834518
v 31.00000000 44.96632385 34.00000000
v 31.00000000 44.49594116 35.00000000
v 31.00000000 45.88598251 20.00000000
v 30.80731010 46.00000000 20.00000000
v 31.00000000 46.00000000 20.19032288
v 30.97413635 46.00000000 24.00000000
v 31.00000000 46.00000000 23.96400452
v 31.00000000 45.98514175 24.00000000
v 31.00000000 46.00000000 24.08903122
v 30.93538094 46.00000000 31.00000000
v 31.00000000 46.00000000 30.86692047
v 31.00000000 45.96987152 31.00000000
v 31.00000000 45.83565903 32.00000000
v 30.54769516 46.00000000 32.00000000
v 31.00000000 45.37914658 33.00000000
v 31.00000000 46.33927536 21.00000000
v 31.00000000 46.33386993 22.00000000
v 31.00000000 46.23839569 23.00000000
v 31.00000000 46.10143661 25.00000000
v 31.00000000 46.27968216 26.00000000
v 31.00000000 46.39798355 27.00000000
v 31.00000000 46.41531754 28.00000000
v 31.00000000 46.34927368 29.00000000
v 31.00000000 46.14107513 30.00000000
v 31.51888657 1.00000000 20.00000000
v 32.00000000 0.91216636 20.00000000
v 32.00000000 1.00000000 19.14449883
v 32.00000000 0.56416339 21.00000000
v 32.00000000 0.49751434 22.00000000
v 32.00000000 0.54133981 23.00000000
v 32.00000000 0.57713336 24.00000000
v 32.00000000 0.74610281 25.00000000
v 32.00000000 0.75308770 26.00000000
v 32.00000000 0.83242929 27.00000000
v 32.00000000 0.80101258 28.00000000
v 32.00000000 0.85298020 29.00000000
v 32.00000000 0.82566386 30.00000000
v 32.00000000 0.93666089 31.00000000
v 32.00000000 1.00000000 31.33686638
v 32.00000000 1.96063757 12.00000000
v 32.00000000 2.00000000 11.84783936
v 32.00000000 1.45500171 13.00000000
v 32.00000000 1.45995057 14.00000000
v 32.00000000 1.50490928 15.00000000
v 32.00000000 1.47202027 16.00000000
v 32.00000000 1.45686281 17.00000000
v 32.00000000 1.22220612 18.00000000
v 32.00000000 1.01604807 19.00000000
v 32.00000000 1.17663479 32.00000000
v 32.00000000 1.44389868 33.00000000
v 32.00000000 1.59076786 34.00000000
v 32.00000000 1.58655941 35.00000000
v 32.00000000 1.46646988 36.00000000
v 32.00000000 2.00000000 36.86037827
v 32.00000000 2.80802274 10.00000000
v 32.00000000 3.00000000 9.76610470
v 32.00000000 2.17685390 11.00000000
v 32.00000000 2.35674047 37.00000000
v 32.00000000 3.00000000 37.16358566
v 32.00000000 4.00000000 9.42708969
v 32.00000000 4.00000000 37.28653717
v 31.42070580 5.00000000 9.00000000
v 32.00000000 5.00000000 9.28285789
v 32.00000000 5.00000000 37.16157913
v 31.80285072 6.00000000 9.00000000
v 32.00000000 6.00000000 9.09521198
v 32.00000000 6.00000000 36.27859879
v 32.00000000 5.23760176 37.00000000
v 32.00000000 6.40824223 9.00000000
v 32.00000000 7.00000000 8.88231564
v 31.58715439 7.00000000 36.00000000
v 32.00000000 7.00000000 35.75601578
v 32.00000000 6.47107124 36.00000000
v 32.00000000 8.00000000 8.78432465
v 32.00000000 8.00000000 35.20520782
v 32.00000000 9.00000000 8.82396507
v 31.77357483 9.00000000 35.00000000
v 32.00000000 9.00000000 34.88237762
v 32.00000000 8.64148426 35.00000000
v 32.00000000 10.00000000 8.70579147
v 32.00000000 10.00000000 34.37466812
v 32.00000000 11.00000000 8.70858097
v 32.00000000 11.00000000 33.18288040
v 32.00000000 10.41761494 34.00000000
v 32.00000000 12.00000000 8.27688694
v 32.00000000 12.00000000 33.02414322
v 32.00000000 12.62664700 8.00000000
v 32.00000000 13.00000000 7.85392666
v 31.93520737 13.00000000 33.00000000
v 32.00000000 13.00000000 32.95488739
v 32.00000000 12.34135628 33.00000000
v 32.00000000 14.00000000 7.51854515
v 32.00000000 13.14172173 33.00000000
v 32.00000000 14.00000000 33.20445251
v 31.00046349 15.00000000 7.00000000
v 32.00000000 15.00000000 7.39573002
v 32.00000000 15.00000000 33.45674133
v 32.00000000 16.00000000 7.63539696
v 31.10331535 16.00000000 34.00000000
v 32.00000000 16.00000000 33.70993423
v 32.00000000 16.99358559 8.00000000
v 31.99336433 17.00000000 8.00000000
v 32.00000000 17.00000000 8.00181198
v 32.00000000 16.72290802 34.00000000
v 32.00000000 17.00000000 34.09619141
v 32.00000000 17.12760544 8.00000000
v 32.00000000 18.00000000 7.98662615
v 32.00000000 18.00000000 34.24846268
v 32.00000000 18.04611397 8.00000000
v 31.27787018 19.00000000 8.00000000
v 32.00000000 19.00000000 8.22166634
v 32.00000000 19.00000000 34.26445770
v 31.24452209 20.00000000 8.00000000
v 32.00000000 20.00000000 8.13644886
v 32.00000000 20.00000000 34.18107986
v 31.24898529 21.00000000 8.00000000
v 32.00000000 21.00000000 8.18354797
v 32.00000000 21.00000000 34.10634613
v 32.00000000 22.00000000 8.18779755
v 32.00000000 22.00000000 34.13597488
v 31.29640961 23.00000000 8.00000000
v 32.00000000 23.00000000 8.12402058
v 31.15736198 23.00000000 34.00000000
v 32.00000000 23.00000000 34.15902710
v 31.19554329 24.00000000 8.00000000
v 32.00000000 24.00000000 8.12989902
v 32.00000000 24.00000000 34.24559784
v 32.00000000 25.00000000 8.27505970
v 32.00000000 25.00000000 34.26801682
v 32.00000000 26.00000000 8.33143234
v 32.00000000 26.00000000 34.30475998
v 32.00000000 27.00000000 8.12101841
v 32.00000000 27.00000000 34.33245087
v 31.42453384 28.00000000 8.00000000
v 32.00000000 27.52006531 8.00000000
v 32.00000000 28.00000000 7.92762661
v 32.00000000 28.00000000 34.44453049
v 32.00000000 29.00000000 7.83733702
v 32.00000000 29.00000000 34.55947495
v 32.00000000 30.00000000 7.96065521
v 32.00000000 30.00000000 34.63850784
v 31.62336922 31.00000000 8.00000000
v 32.00000000 31.00000000 7.99245739
v 32.00000000 31.00000000 34.58085251
v 32.00000000 31.05433083 8.00000000
v 32.00000000 32.00000000 8.22137833
v 32.00000000 32.00000000 34.65773010
v 32.00000000 33.00000000 8.50729656
v 32.00000000 33.00000000 34.61317062
v 32.00000000 34.00000000 8.58276939
v 32.00000000 34.00000000 34.57890701
v 32.00000000 35.00000000 8.61741638
v 32.00000000 35.00000000 34.61737823
v 32.00000000 36.00000000 8.52979469
v 32.00000000 36.00000000 34.60533905
v 32.00000000 36.51943207 9.00000000
v 32.00000000 37.00000000 9.71000862
v 32.00000000 37.00000000 34.62301636
v 32.00000000 38.00000000 9.76256466
v 32.00000000 38.00000000 34.73535538
v 32.00000000 38.43577194 10.00000000
v 32.00000000 39.00000000 10.16712952
v 32.00000000 39.00000000 34.81884384
v 32.00000000 40.00000000 10.13653374
v 31.97874260 40.00000000 35.00000000
v 32.00000000 40.00000000 34.99593735
v 32.00000000 40.38599014 10.00000000
v 32.00000000 41.00000000 9.49714088
v 32.00000000 40.08132935 35.00000000
v 32.00000000 41.00000000 35.07354355
v 32.00000000 41.81588364 10.00000000
v 32.00000000 42.00000000 10.10295296
v 31.72020531 42.00000000 35.00000000
v 32.00000000 42.00000000 34.93922806
v 32.00000000 41.45158005 35.00000000
v 32.00000000 42.56864929 11.00000000
v 32.00000000 42.83435822 12.00000000
v 32.00000000 42.95283127 13.00000000
v 31.84516144 43.00000000 13.00000000
v 32.00000000 42.60819626 14.00000000
v 32.00000000 42.57309341 15.00000000
v 32.00000000 42.62157059 16.00000000
v 31.15085030 43.00000000 16.00000000
v 32.00000000 42.77449799 17.00000000
v 31.30528259 43.00000000 17.00000000
v 32.00000000 42.80548477 18.00000000
v 32.00000000 43.00000000 18.66511536
v 32.00000000 42.25762177 35.00000000
v 32.00000000 43.00000000 35.41802979
v 32.00000000 43.37729263 19.00000000
v 31.09153366 44.00000000 19.00000000
v 32.00000000 44.00000000 19.23811913
v 31.57916832 44.00000000 35.00000000
v 32.00000000 44.00000000 34.59140396
v 32.00000000 43.58165359 35.00000000
v 32.00000000 45.00000000 19.63249588
v 31.86366463 45.00000000 33.00000000
v 32.00000000 45.00000000 32.88599777
v 32.00000000 44.93384552 33.00000000
v 32.00000000 44.39740372 34.00000000
v 32.00000000 45.37778854 20.00000000
v 32.00000000 46.00000000 20.71571922
v 32.00000000 46.00000000 23.27181625
v 32.00000000 45.73443985 24.00000000
v 32.00000000 45.61850739 25.00000000
v 31.26682663 46.00000000 25.00000000
v 32.00000000 45.85133362 26.00000000
v 31.76649666 46.00000000 26.00000000
v 32.00000000 46.00000000 26.64983177
v 31.59132004 46.00000000 30.00000000
v 32.00000000 46.00000000 29.61330795
v 32.00000000 45.85197830 30.00000000
v 32.00000000 45.64263153 31.00000000
v 32.00000000 45.38139343 32.00000000
v 32.00000000 46.18461609 21.00000000
v 32.00000000 46.20759964 22.00000000
v 32.00000000 46.06551361 23.00000000
v 32.00000000 46.05201721 27.00000000
v 32.00000000 46.00865936 28.00000000
v 32.00000000 46.14423752 29.00000000
v 33.00000000 0.96247756 20.00000000
v 33.00000000 1.00000000 19.67797089
v 33.00000000 0.77509940 21.00000000
v 33.00000000 0.72327369 22.00000000
v 33.00000000 0.83424997 23.00000000
v 33.00000000 0.93036342 24.00000000
v 33.00000000 0.94479120 25.00000000
v 33.00000000 0.93517900 26.00000000
v 32.74260330 1.00000000 27.00000000
v 33.00000000 1.00000000 26.47381783
v 32.72272491 1.00000000 28.00000000
v 32.59481049 1.00000000 29.00000000
v 32.83568573 1.00000000 30.00000000
v 32.28100204 1.00000000 31.00000000
v 32.13441467 2.00000000 12.00000000
v 33.00000000 2.00000000 12.56093884
v 33.00000000 1.81469226 13.00000000
v 33.00000000 1.71473444 14.00000000
v 33.00000000 1.69839501 15.00000000
v 33.00000000 1.64665794 16.00000000
v 33.00000000 1.53158748 17.00000000
v 33.00000000 1.36214912 18.00000000
v 33.00000000 1.07983398 19.00000000
v 33.00000000 1.09352958 27.00000000
v 33.00000000 1.10840023 28.00000000
v 33.00000000 1.14656758 29.00000000
v 33.00000000 1.05963600 30.00000000
v 33.00000000 1.22656286 31.00000000
v 33.00000000 1.52153790 32.00000000
v 33.00000000 1.84532392 33.00000000
v 33.00000000 1.92128515 34.00000000
v 33.00000000 1.93235791 35.00000000
v 33.00000000 1.80697227 36.00000000
v 33.00000000 2.00000000 36.24263763
v 32.22528839 3.00000000 10.00000000
v 33.00000000 3.00000000 10.71296215
v 33.00000000 2.65778661 11.00000000
v 33.00000000 2.23188686 12.00000000
v 32.36351395 3.00000000 37.00000000
v 33.00000000 3.00000000 36.56622696
v 32.59226227 4.00000000 10.00000000
v 33.00000000 4.00000000 10.32710743
v 33.00000000 3.94476867 37.00000000
v 33.00000000 4.00000000 37.01740646
v 33.00000000 4.64260578 10.00000000
v 33.00000000 5.00000000 9.83054447
v 32.50220871 5.00000000 37.00000000
v 33.00000000 5.00000000 36.66807938
v 33.00000000 4.09406424 37.00000000
v 33.00000000 6.00000000 9.73121548
v 32.43621826 6.00000000 36.00000000
v 33.00000000 6.00000000 35.55832291
v 33.00000000 5.55470705 36.00000000
v 32.32233429 7.00000000 9.00000000
v 33.00000000 7.00000000 9.37769127
v 33.00000000 7.00000000 35.14924240
v 32.72920609 8.00000000 9.00000000
v 33.00000000 8.00000000 9.15921879
v 32.40034866 8.00000000 35.00000000
v 33.00000000 8.00000000 34.72086334
v 33.00000000 7.21892643 35.00000000
v 33.00000000 8.67026043 9.00000000
v 33.00000000 9.00000000 8.94573498
v 33.00000000 9.00000000 34.41157532
v 33.00000000 10.00000000 8.67694950
v 33.00000000 10.00000000 34.01181793
v 33.00000000 11.00000000 8.32600594
v 32.34066010 11.00000000 33.00000000
v 33.00000000 11.00000000 32.66177750
v 33.00000000 10.73923588 33.00000000
v 33.00000000 10.01512146 34.00000000
v 32.78749466 12.00000000 8.00000000
v 33.00000000 11.84291458 8.00000000
v 33.00000000 12.00000000 7.93120193
v 32.03519058 12.00000000 33.00000000
v 33.00000000 12.00000000 32.47378922
v 33.00000000 13.00000000 7.41509008
v 33.00000000 13.00000000 32.42819595
v 33.00000000 14.00000000 7.26669598
v 32.36841583 14.00000000 33.00000000
v 33.00000000 14.00000000 32.59930038
v 33.00000000 15.00000000 7.29652214
v 33.00000000 14.73018074 33.00000000
v 33.00000000 15.00000000 33.17089081
v 33.00000000 16.00000000 7.50332403
v 33.00000000 16.00000000 33.40776062
v 32.00521851 17.00000000 8.00000000
v 33.00000000 17.00000000 7.58247280
v 33.00000000 16.90873146 34.00000000
v 33.00000000 17.00000000 34.03532410
v 33.00000000 18.00000000 7.55733204
v 33.00000000 18.00000000 34.09134293
v 32.72937393 19.00000000 8.00000000
v 33.00000000 19.00000000 7.91287136
v 33.00000000 19.00000000 34.18303299
v 32.44230270 20.00000000 8.00000000
v 33.00000000 20.00000000 7.83510828
v 33.00000000 20.00000000 34.09511185
v 32.37942886 21.00000000 8.00000000
v 33.00000000 21.00000000 7.70547152
v 32.99160004 21.00000000 34.00000000
v 33.00000000 21.00000000 33.99819946
v 33.00000000 20.98869324 34.00000000
v 32.64056396 22.00000000 8.00000000
v 33.00000000 22.00000000 7.89295340
v 33.00000000 21.02491379 34.00000000
v 33.00000000 22.00000000 34.04313660
v 32.99877930 23.00000000 8.00000000
v 33.00000000 23.00000000 7.99986219
v 33.00000000 23.00000000 34.24451065
v 32.51826477 24.00000000 8.00000000
v 33.00000000 24.00000000 7.88641787
v 33.00000000 24.00000000 34.34617233
v 32.36032867 25.00000000 8.00000000
v 33.00000000 25.00000000 7.51100731
v 33.00000000 25.00000000 34.36548233
v 32.39671707 26.00000000 8.00000000
v 33.00000000 26.00000000 7.45170069
v 33.00000000 26.00000000 34.48051453
v 32.13281631 27.00000000 8.00000000
v 33.00000000 27.00000000 7.46699905
v 33.00000000 27.00000000 34.50665665
v 33.00000000 28.00000000 7.38563967
v 33.00000000 28.00000000 34.67065430
v 33.00000000 29.00000000 7.42086267
v 33.00000000 29.00000000 34.77981567
v 33.00000000 30.00000000 7.58602810
v 33.00000000 30.00000000 34.84248352
v 33.00000000 31.00000000 7.69220686
v 33.00000000 31.00000000 34.69553375
v 32.43867493 32.00000000 8.00000000
v 33.00000000 32.00000000 7.82843113
v 33.00000000 32.00000000 34.79769897
v 33.00000000 32.56496811 8.00000000
v 33.00000000 33.00000000 8.21305752
v 33.00000000 33.00000000 34.77396774
v 33.00000000 34.00000000 8.46605396
v 33.00000000 34.00000000 34.59247589
v 33.00000000 35.00000000 8.59882069
v 33.00000000 35.00000000 34.36503601
v 33.00000000 36.00000000 8.51496410
v 33.00000000 36.00000000 34.32677460
v 32.82727432 37.00000000 9.00000000
v 33.00000000 37.00000000 8.87577534
v 33.00000000 37.00000000 34.19262314
v 33.00000000 37.60865402 9.00000000
v 33.00000000 38.00000000 9.07859612
v 33.00000000 38.00000000 34.32325363
v 32.30672073 39.00000000 10.00000000
v 33.00000000 39.00000000 9.07793427
v 33.00000000 39.00000000 34.42786407
v 32.98056412 40.00000000 9.00000000
v 33.00000000 39.75079346 9.00000000
v 33.00000000 40.00000000 8.95787239
v 32.28553009 40.00000000 10.00000000
v 33.00000000 40.00000000 34.62451172
v 32.60307312 41.00000000 9.00000000
v 33.00000000 41.00000000 8.40469265
v 32.09358597 41.00000000 35.00000000
v 33.00000000 41.00000000 34.64504623
v 33.00000000 41.35570526 9.00000000
v 32.46400070 42.00000000 10.00000000
v 33.00000000 42.00000000 9.81887913
v 33.00000000 42.00000000 34.53052521
v 33.00000000 42.07217026 10.00000000
v 33.00000000 42.55504608 11.00000000
v 33.00000000 42.69185638 12.00000000
v 33.00000000 42.72756195 13.00000000
v 33.00000000 42.29634094 14.00000000
v 33.00000000 42.16520309 15.00000000
v 33.00000000 42.20933533 16.00000000
v 33.00000000 42.27643585 17.00000000
v 33.00000000 42.32620239 18.00000000
v 33.00000000 43.00000000 18.81732750
v 32.45399094 43.00000000 35.00000000
v 33.00000000 43.00000000 34.51893234
v 33.00000000 43.23907471 19.00000000
v 33.00000000 44.00000000 19.42541695
v 32.77249908 44.00000000 34.00000000
v 33.00000000 44.00000000 33.84038925
v 33.00000000 43.80885696 34.00000000
v 33.00000000 45.00000000 19.79268265
v 33.00000000 45.00000000 32.09303665
v 33.00000000 44.95019531 33.00000000
v 33.00000000 45.20153046 20.00000000
v 33.00000000 45.70816422 21.00000000
v 32.49899673 46.00000000 21.00000000
v 33.00000000 45.63602448 22.00000000
v 32.45261765 46.00000000 22.00000000
v 33.00000000 45.72158813 23.00000000
v 32.26051712 46.00000000 23.00000000
v 33.00000000 45.41148758 24.00000000
v 33.00000000 45.42800140 25.00000000
v 33.00000000 45.51696396 26.00000000
v 33.00000000 45.59320450 27.00000000
v 32.15041733 46.00000000 27.00000000
v 33.00000000 45.48924637 28.00000000
v 32.02252579 46.00000000 28.00000000
v 33.00000000 45.52579117 29.00000000
v 32.36119461 46.00000000 29.00000000
v 33.00000000 45.38938141 30.00000000
v 33.00000000 45.24180222 31.00000000
v 33.00000000 45.00183105 32.00000000
v 34.00000000 0.87857318 20.00000000
v 34.00000000 1.00000000 19.20409584
v 34.00000000 0.83640736 21.00000000
v 34.00000000 0.87246776 22.00000000
v 33.65125275 1.00000000 23.00000000
v 34.00000000 1.00000000 22.50235367
v 33.21217346 1.00000000 24.00000000
v 33.20912170 1.00000000 25.00000000
v 33.23128510 1.00000000 26.00000000
v 33.34365082 2.00000000 13.00000000
v 33.72603226 2.00000000 14.00000000
v 34.00000000 2.00000000 14.69182777
v 34.00000000 1.95490885 15.00000000
v 34.00000000 1.92208695 16.00000000
v 34.00000000 1.79127014 17.00000000
v 34.00000000 1.40959466 18.00000000
v 34.00000000 1.03190565 19.00000000
v 34.00000000 1.13246083 23.00000000
v 34.00000000 1.30852330 24.00000000
v 34.00000000 1.25277925 25.00000000
v 34.00000000 1.25778580 26.00000000
v 34.00000000 1.27596378 27.00000000
v 34.00000000 1.19701803 28.00000000
v 34.00000000 1.17577839 29.00000000
v 34.00000000 1.14450347 30.00000000
v 34.00000000 1.31945658 31.00000000
v 34.00000000 1.81603193 32.00000000
v 33.51387787 2.00000000 33.00000000
v 34.00000000 2.00000000 32.54869843
v 33.22175217 2.00000000 34.00000000
v 33.20809555 2.00000000 35.00000000
v 33.42934418 2.00000000 36.00000000
v 33.64040756 3.00000000 11.00000000
v 34.00000000 3.00000000 11.52632713
v 34.00000000 2.83564687 12.00000000
v 34.00000000 2.28424883 13.00000000
v 34.00000000 2.10692191 14.00000000
v 34.00000000 2.26467800 33.00000000
v 34.00000000 2.66404700 34.00000000
v 33.76889038 3.00000000 35.00000000
v 34.00000000 3.00000000 34.57048416
v 33.80368805 3.00000000 36.00000000
v 34.00000000 3.30799890 11.00000000
v 34.00000000 4.00000000 10.68667889
v 34.00000000 3.35660863 35.00000000
v 34.00000000 3.61492586 36.00000000
v 33.02392578 4.00000000 37.00000000
v 34.00000000 4.00000000 36.07725906
v 33.69989014 5.00000000 10.00000000
v 34.00000000 5.00000000 10.10734844
v 34.00000000 5.00000000 36.08183289
v 34.00000000 5.35225821 10.00000000
v 34.00000000 6.00000000 9.83951664
v 34.00000000 6.00000000 35.41389847
v 34.00000000 5.17930269 36.00000000
v 34.00000000 7.00000000 9.22549152
v 34.00000000 7.00000000 35.27240372
v 34.00000000 8.00000000 9.09117889
v 34.00000000 8.00000000 34.58958054
v 34.00000000 7.31531811 35.00000000
v 34.00000000 8.39567852 9.00000000
v 34.00000000 9.00000000 8.90114880
v 34.00000000 9.00000000 34.15182877
v 34.00000000 10.00000000 8.59005356
v 33.13376617 10.00000000 34.00000000
v 34.00000000 10.00000000 33.83135605
v 34.00000000 9.62336445 34.00000000
v 34.00000000 11.00000000 8.18698120
v 34.00000000 11.00000000 32.81584167
v 34.00000000 10.68343258 33.00000000
v 34.00000000 11.47920132 8.00000000
v 34.00000000 12.00000000 7.68356419
v 34.00000000 12.00000000 32.49082565
v 34.00000000 13.00000000 7.21585989
v 34.00000000 13.00000000 32.29158783
v 34.00000000 14.00000000 7.11597538
v 34.00000000 14.00000000 32.33472443
v 34.00000000 15.00000000 7.39645290
v 33.30586624 15.00000000 33.00000000
v 34.00000000 15.00000000 32.69229889
v 34.00000000 16.00000000 7.50146008
v 33.56396866 16.00000000 33.00000000
v 34.00000000 16.00000000 32.76793289
v 34.00000000 17.00000000 7.32777834
v 34.00000000 16.46659279 33.00000000
v 33.08920288 17.00000000 34.00000000
v 34.00000000 17.00000000 33.37242126
v 34.00000000 18.00000000 7.23474932
v 33.39901733 18.00000000 34.00000000
v 34.00000000 18.00000000 33.66305542
v 34.00000000 19.00000000 7.57375956
v 34.00000000 18.90624046 34.00000000
v 34.00000000 19.00000000 34.01349258
v 34.00000000 20.00000000 7.54999781
v 33.59622192 20.00000000 34.00000000
v 34.00000000 20.00000000 33.80913925
v 34.00000000 19.14445686 34.00000000
v 34.00000000 21.00000000 7.61052847
v 34.00000000 21.00000000 33.53015900
v 34.00000000 22.00000000 7.67524481
v 33.25460052 22.00000000 34.00000000
v 34.00000000 22.00000000 33.67695618
v 34.00000000 23.00000000 7.89701653
v 34.00000000 22.52005005 34.00000000
v 34.00000000 23.00000000 34.13082886
v 34.00000000 24.00000000 7.68202114
v 34.00000000 24.00000000 34.28506470
v 34.00000000 25.00000000 7.22867632
v 34.00000000 25.00000000 34.41521454
v 34.00000000 26.00000000 7.05894518
v 34.00000000 26.00000000 34.57874680
v 34.00000000 27.00000000 7.20708084
v 34.00000000 27.00000000 34.66844177
v 34.00000000 28.00000000 7.10039997
v 34.00000000 28.00000000 34.79962158
v 34.00000000 29.00000000 7.23625803
v 34.00000000 29.00000000 34.67521667
v 34.00000000 30.00000000 7.33303356
v 34.00000000 30.00000000 34.76565933
v 34.00000000 31.00000000 7.52172327
v 34.00000000 31.00000000 34.57464981
v 34.00000000 32.00000000 7.60223866
v 34.00000000 32.00000000 34.66217804
v 33.76797485 33.00000000 8.00000000
v 34.00000000 33.00000000 7.93278074
v 34.00000000 33.00000000 34.59473419
v 34.00000000 33.33666611 8.00000000
v 34.00000000 34.00000000 8.15355492
v 34.00000000 34.00000000 34.42170334
v 34.00000000 35.00000000 8.43272495
v 33.73923111 35.00000000 34.00000000
v 34.00000000 35.00000000 33.76415634
v 34.00000000 34.77280807 34.00000000
v 34.00000000 36.00000000 8.28757000
v 33.55593491 36.00000000 34.00000000
v 34.00000000 36.00000000 33.47631454
v 34.00000000 37.00000000 8.50583363
v 33.28482819 37.00000000 34.00000000
v 34.00000000 37.00000000 33.36546326
v 33.24438477 38.00000000 9.00000000
v 34.00000000 38.00000000 8.79037380
v 33.45491409 38.00000000 34.00000000
v 34.00000000 38.00000000 33.24675369
v 33.40254211 39.00000000 9.00000000
v 34.00000000 39.00000000 8.85211372
v 33.66029358 39.00000000 34.00000000
v 34.00000000 39.00000000 33.27635193
v 34.00000000 39.95768738 9.00000000
v 33.83502960 40.00000000 9.00000000
v 34.00000000 40.00000000 9.00865364
v 33.78434372 40.00000000 34.00000000
v 34.00000000 40.00000000 33.43341827
v 34.00000000 40.03565598 9.00000000
v 34.00000000 41.00000000 8.61773109
v 33.77790070 41.00000000 34.00000000
v 34.00000000 41.00000000 33.41744614
v 34.00000000 41.12760544 9.00000000
v 34.00000000 41.49588776 10.00000000
v 33.20792770 42.00000000 10.00000000
v 34.00000000 42.00000000 10.68063354
v 33.79723740 42.00000000 15.00000000
v 34.00000000 42.00000000 14.79265022
v 34.00000000 41.93684769 15.00000000
v 34.00000000 42.00000000 15.74344349
v 33.81988525 42.00000000 17.00000000
v 34.00000000 42.00000000 16.24366379
v 34.00000000 41.92770004 17.00000000
v 34.00000000 42.00000000 17.83420372
v 33.63089371 42.00000000 34.00000000
v 34.00000000 42.00000000 33.22393036
v 34.00000000 42.17718506 11.00000000
v 34.00000000 42.24969482 12.00000000
v 34.00000000 42.54386139 13.00000000
v 34.00000000 42.15914917 14.00000000
v 34.00000000 42.01568604 16.00000000
v 34.00000000 42.01765060 18.00000000
v 34.00000000 42.96516418 19.00000000
v 33.78370667 43.00000000 19.00000000
v 34.00000000 43.00000000 19.04826164
v 33.37420654 43.00000000 34.00000000
v 34.00000000 43.00000000 33.34582520
v 34.00000000 44.00000000 19.76820946
v 33.97474289 44.00000000 31.00000000
v 34.00000000 44.00000000 30.94905472
v 34.00000000 43.96679688 31.00000000
v 34.00000000 43.73299408 32.00000000
v 33.78414917 44.00000000 32.00000000
v 34.00000000 43.45821381 33.00000000
v 33.54344559 44.00000000 33.00000000
v 34.00000000 44.76773071 20.00000000
v 33.74589539 45.00000000 20.00000000
v 34.00000000 45.00000000 20.18385315
v 33.98891830 45.00000000 24.00000000
v 34.00000000 45.00000000 23.97319221
v 34.00000000 44.99365616 24.00000000
v 34.00000000 45.00000000 24.01440048
v 33.93694305 45.00000000 29.00000000
v 34.00000000 45.00000000 28.59870338
v 34.00000000 44.94358826 29.00000000
v 34.00000000 44.75153351 30.00000000
v 33.76845932 45.00000000 30.00000000
v 33.49093628 45.00000000 31.00000000
v 33.00402451 45.00000000 32.00000000
v 34.00000000 45.34754562 21.00000000
v 34.00000000 45.28383255 22.00000000
v 34.00000000 45.17929840 23.00000000
v 34.00000000 45.26242828 25.00000000
v 34.00000000 45.59180450 26.00000000
v 34.00000000 45.49631119 27.00000000
v 34.00000000 45.06635666 28.00000000
v 35.00000000 0.87773752 20.00000000
v 35.00000000 1.00000000 19.55218887
v 35.00000000 0.82328856 21.00000000
v 35.00000000 0.98725593 22.00000000
v 35.00000000 1.00000000 22.04981804
v 34.08943939 2.00000000 15.00000000
v 34.16223907 2.00000000 16.00000000
v 34.63736343 2.00000000 17.00000000
v 35.00000000 2.00000000 17.23144341
v 35.00000000 1.58515310 18.00000000
v 35.00000000 1.16043544 19.00000000
v 35.00000000 1.28476536 23.00000000
v 35.00000000 1.44757879 24.00000000
v 35.00000000 1.45041394 25.00000000
v 35.00000000 1.53932762 26.00000000
v 35.00000000 1.43962669 27.00000000
v 35.00000000 1.30506980 28.00000000
v 35.00000000 1.12081182 29.00000000
v 35.00000000 1.11795473 30.00000000
v 35.00000000 1.49757600 31.00000000
v 34.67889023 2.00000000 32.00000000
v 35.00000000 2.00000000 31.79611397
v 34.22726440 3.00000000 12.00000000
v 35.00000000 3.00000000 12.60051537
v 35.00000000 2.72703600 13.00000000
v 35.00000000 2.48931098 14.00000000
v 35.00000000 2.47309852 15.00000000
v 35.00000000 2.48550868 16.00000000
v 35.00000000 2.20674801 17.00000000
v 35.00000000 2.06899571 32.00000000
v 35.00000000 2.79880428 33.00000000
v 34.31035995 3.00000000 34.00000000
v 35.00000000 3.00000000 33.22367477
v 34.53384399 4.00000000 11.00000000
v 35.00000000 4.00000000 11.79909897
v 35.00000000 3.86118507 12.00000000
v 34.93066025 4.00000000 34.00000000
v 35.00000000 4.00000000 33.91173935
v 34.45028687 4.00000000 35.00000000
v 34.12420654 4.00000000 36.00000000
v 35.00000000 4.95805311 11.00000000
v 35.00000000 5.00000000 10.98256207
v 35.00000000 4.12406301 34.00000000
v 35.00000000 4.72448397 35.00000000
v 34.18352890 5.00000000 36.00000000
v 35.00000000 5.00000000 35.31578445
v 34.57577133 6.00000000 10.00000000
v 35.00000000 6.00000000 10.27893925
v 35.00000000 6.00000000 35.47273636
v 35.00000000 6.16743851 10.00000000
v 35.00000000 7.00000000 9.07172871
v 35.00000000 7.00000000 35.28413010
v 34.31440735 8.00000000 9.00000000
v 35.00000000 7.26449680 9.00000000
v 35.00000000 8.00000000 8.84428024
v 35.00000000 8.00000000 34.58163071
v 35.00000000 7.38724995 35.00000000
v 35.00000000 9.00000000 8.53297234
v 35.00000000 9.00000000 34.23871231
v 35.00000000 10.00000000 8.41203594
v 35.00000000 10.00000000 33.78023148
v 35.00000000 9.52803612 34.00000000
v 35.00000000 11.00000000 8.12285709
v 34.32204056 11.00000000 33.00000000
v 35.00000000 11.00000000 33.44468307
v 35.00000000 11.44542408 8.00000000
v 35.00000000 12.00000000 7.80713129
v 34.96133423 12.00000000 33.00000000
v 35.00000000 12.00000000 33.03570175
v 35.00000000 13.00000000 7.52277040
v 35.00000000 13.00000000 32.52918243
v 35.00000000 12.05228615 33.00000000
v 35.00000000 14.00000000 7.53122520
v 35.00000000 14.00000000 32.21300125
v 35.00000000 15.00000000 7.36091042
v 34.90932465 15.00000000 32.00000000
v 35.00000000 15.00000000 31.91277313
v 35.00000000 14.69374943 32.00000000
v 35.00000000 16.00000000 7.33346462
v 34.91807938 16.00000000 32.00000000
v 35.00000000 16.00000000 31.90944099
v 35.00000000 17.00000000 7.01313496
v 35.00000000 16.13270950 32.00000000
v 34.63344574 17.00000000 33.00000000
v 35.00000000 17.00000000 32.74470139
v 35.00000000 18.00000000 7.18203545
v 34.84263611 18.00000000 33.00000000
v 35.00000000 18.00000000 32.88555145
v 35.00000000 19.00000000 7.57491159
v 34.72616196 19.00000000 33.00000000
v 35.00000000 19.00000000 32.53390503
v 34.02466202 19.00000000 34.00000000
v 35.00000000 20.00000000 7.78989649
v 34.48818588 20.00000000 33.00000000
v 35.00000000 20.00000000 32.27590561
v 35.00000000 21.00000000 7.82839441
v 34.58184433 21.00000000 33.00000000
v 35.00000000 21.00000000 32.75193405
v 35.00000000 22.00000000 7.73106527
v 34.59087753 22.00000000 33.00000000
v 35.00000000 22.00000000 32.76068497
v 35.00000000 23.00000000 7.92992353
v 34.78766632 23.00000000 33.00000000
v 35.00000000 23.00000000 32.70784760
v 34.22303391 23.00000000 34.00000000
v 35.00000000 24.00000000 7.71997118
v 34.88699341 24.00000000 33.00000000
v 35.00000000 24.00000000 32.83309937
v 34.46763992 24.00000000 34.00000000
v 35.00000000 25.00000000 7.65138149
v 34.92315292 25.00000000 33.00000000
v 35.00000000 25.00000000 32.84326172
v 34.57870483 25.00000000 34.00000000
v 35.00000000 26.00000000 7.43264627
v 34.98549652 26.00000000 33.00000000
v 35.00000000 26.00000000 32.97035217
v 34.70689011 26.00000000 34.00000000
v 35.00000000 27.00000000 7.26631069
v 34.99327850 27.00000000 33.00000000
v 35.00000000 27.00000000 32.95677185
v 34.86055756 27.00000000 34.00000000
v 35.00000000 28.00000000 7.26998234
v 34.91877747 28.00000000 33.00000000
v 35.00000000 28.00000000 32.41553116
v 34.91183090 28.00000000 34.00000000
v 35.00000000 29.00000000 7.29534197
v 35.00000000 28.39972687 33.00000000
v 34.96483612 29.00000000 34.00000000
v 35.00000000 29.00000000 33.82567978
v 35.00000000 30.00000000 7.51105881
v 34.96955109 30.00000000 34.00000000
v 35.00000000 30.00000000 33.87157440
v 35.00000000 31.00000000 7.88629246
v 34.96537399 31.00000000 34.00000000
v 35.00000000 31.00000000 33.90183258
v 35.00000000 31.51598358 8.00000000
v 34.85651016 32.00000000 8.00000000
v 35.00000000 32.00000000 8.07365608
v 35.00000000 31.31006432 34.00000000
v 35.00000000 32.00000000 34.07113266
v 34.13043213 33.00000000 8.00000000
v 35.00000000 33.00000000 8.33822346
v 35.00000000 33.00000000 34.01350021
v 35.00000000 34.00000000 8.36669064
v 34.59936905 34.00000000 34.00000000
v 35.00000000 34.00000000 33.11635590
v 35.00000000 33.03482056 34.00000000
v 35.00000000 35.00000000 8.37067509
v 34.55550766 35.00000000 33.00000000
v 35.00000000 35.00000000 32.53395462
v 35.00000000 34.10352325 33.00000000
v 35.00000000 36.00000000 8.28832722
v 34.32374573 36.00000000 33.00000000
v 35.00000000 36.00000000 32.33678436
v 35.00000000 37.00000000 8.47875214
v 34.26435089 37.00000000 33.00000000
v 35.00000000 37.00000000 32.01668930
v 35.00000000 38.00000000 8.66331291
v 34.93405914 38.00000000 32.00000000
v 35.00000000 38.00000000 31.89077950
v 35.00000000 37.18107986 32.00000000
v 34.16515350 38.00000000 33.00000000
v 35.00000000 39.00000000 8.45076561
v 34.92488480 39.00000000 31.00000000
v 35.00000000 39.00000000 30.94291115
v 35.00000000 38.89155960 31.00000000
v 34.41035843 39.00000000 32.00000000
v 34.13354492 39.00000000 33.00000000
v 34.01064682 40.00000000 9.00000000
v 35.00000000 40.00000000 8.38352108
v 34.80714417 40.00000000 31.00000000
v 35.00000000 40.00000000 30.84504509
v 34.29809952 40.00000000 32.00000000
v 34.20338058 40.00000000 33.00000000
v 35.00000000 40.75305939 9.00000000
v 34.47026443 41.00000000 9.00000000
v 35.00000000 41.00000000 9.30921364
v 35.00000000 40.91849899 31.00000000
v 34.71680832 41.00000000 32.00000000
v 35.00000000 41.00000000 31.05165863
v 34.26099396 41.00000000 33.00000000
v 35.00000000 41.24723816 10.00000000
v 35.00000000 41.97814178 11.00000000
v 34.87782669 42.00000000 11.00000000
v 35.00000000 42.00000000 11.08509445
v 35.00000000 42.00000000 14.30518055
v 35.00000000 41.66412354 15.00000000
v 35.00000000 41.49973297 16.00000000
v 34.04411316 42.00000000 16.00000000
v 35.00000000 41.09573746 17.00000000
v 35.00000000 41.31938171 18.00000000
v 34.02205658 42.00000000 18.00000000
v 35.00000000 42.00000000 18.50203323
v 34.77048111 42.00000000 32.00000000
v 35.00000000 42.00000000 31.13408470
v 34.18917084 42.00000000 33.00000000
v 35.00000000 42.17305756 12.00000000
v 35.00000000 42.27226639 13.00000000
v 35.00000000 42.08419800 14.00000000
v 35.00000000 42.62264252 19.00000000
v 35.00000000 43.00000000 19.47637749
v 34.71665955 43.00000000 32.00000000
v 35.00000000 43.00000000 31.40297127
v 34.40979004 43.00000000 33.00000000
v 35.00000000 43.84815216 20.00000000
v 34.74130249 44.00000000 20.00000000
v 35.00000000 44.00000000 20.92050552
v 34.75331879 44.00000000 22.00000000
v 35.00000000 44.00000000 21.03110695
v 35.00000000 43.59876633 22.00000000
v 35.00000000 43.65771484 23.00000000
v 34.73789978 44.00000000 23.00000000
v 35.00000000 44.00000000 23.52143669
v 34.72329712 44.00000000 30.00000000
v 35.00000000 44.00000000 29.07047653
v 35.00000000 43.62175751 30.00000000
v 35.00000000 43.20618439 31.00000000
v 35.00000000 44.02005768 21.00000000
v 34.47703171 45.00000000 21.00000000
v 34.29863739 45.00000000 22.00000000
v 34.21838379 45.00000000 23.00000000
v 35.00000000 44.28731155 24.00000000
v 35.00000000 45.00000000 24.82639313
v 34.09950256 45.00000000 28.00000000
v 35.00000000 45.00000000 27.09202766
v 35.00000000 44.21912003 28.00000000
v 35.00000000 44.02469254 29.00000000
v 35.00000000 45.07870102 25.00000000
v 35.00000000 45.25748825 26.00000000
v 35.00000000 45.05135345 27.00000000
v 35.61747742 1.00000000 20.00000000
v 36.00000000 1.00000000 20.87745094
v 36.00000000 0.98903906 21.00000000
v 35.30335999 1.00000000 22.00000000
v 36.00000000 1.00000000 21.25399017
v 35.56613159 1.00000000 29.00000000
v 36.00000000 0.91316420 29.00000000
v 36.00000000 1.00000000 28.74488831
v 35.29786301 1.00000000 30.00000000
v 36.00000000 0.73599780 30.00000000
v 36.00000000 1.00000000 30.60702705
v 35.99541855 2.00000000 18.00000000
v 36.00000000 2.00000000 18.00417519
v 36.00000000 1.47213674 19.00000000
v 36.00000000 1.07710993 20.00000000
v 36.00000000 1.03320515 22.00000000
v 36.00000000 1.27536404 23.00000000
v 36.00000000 1.45351124 24.00000000
v 36.00000000 1.46213603 25.00000000
v 36.00000000 1.53475893 26.00000000
v 36.00000000 1.37983918 27.00000000
v 36.00000000 1.25468636 28.00000000
v 36.00000000 1.25098908 31.00000000
v 35.76893616 2.00000000 32.00000000
v 36.00000000 1.96323490 32.00000000
v 36.00000000 2.00000000 32.05537415
v 35.45793915 3.00000000 13.00000000
v 35.78640747 3.00000000 14.00000000
v 35.62926483 3.00000000 15.00000000
v 35.53978729 3.00000000 16.00000000
v 35.60270309 3.00000000 17.00000000
v 36.00000000 3.00000000 17.51440620
v 36.00000000 2.00636053 18.00000000
v 36.00000000 2.94311094 33.00000000
v 36.00000000 3.00000000 33.05149460
v 35.32135773 4.00000000 12.00000000
v 36.00000000 4.00000000 12.31450462
v 36.00000000 3.51487446 13.00000000
v 36.00000000 3.25153542 14.00000000
v 36.00000000 3.51629353 15.00000000
v 36.00000000 3.58380008 16.00000000
v 36.00000000 3.64158750 17.00000000
v 36.00000000 4.00000000 33.52013779
v 35.19832611 5.00000000 11.00000000
v 36.00000000 5.00000000 11.15422440
v 36.00000000 4.35359335 12.00000000
v 36.00000000 4.53893471 34.00000000
v 35.33040619 5.00000000 35.00000000
v 36.00000000 5.00000000 34.52391052
v 36.00000000 5.14779282 11.00000000
v 36.00000000 6.00000000 10.24775696
v 36.00000000 5.88787270 35.00000000
v 36.00000000 6.00000000 35.04230118
v 35.17456436 7.00000000 9.00000000
v 36.00000000 6.78125572 9.00000000
v 36.00000000 7.00000000 8.70754528
v 36.00000000 6.12659788 10.00000000
v 35.64919281 7.00000000 35.00000000
v 36.00000000 7.00000000 34.85356522
v 36.00000000 6.17858887 35.00000000
v 36.00000000 8.00000000 8.62875843
v 36.00000000 8.00000000 34.43930054
v 36.00000000 9.00000000 8.50811958
v 36.00000000 9.00000000 34.01276779
v 36.00000000 10.00000000 8.54174042
v 36.00000000 10.00000000 33.66527557
v 36.00000000 9.03384495 34.00000000
v 36.00000000 11.00000000 8.53708744
v 36.00000000 11.00000000 33.19041061
v 35.23627853 12.00000000 8.00000000
v 36.00000000 12.00000000 8.41536713
v 36.00000000 12.00000000 33.01115036
v 35.61045456 13.00000000 8.00000000
v 36.00000000 13.00000000 8.30580139
v 36.00000000 13.00000000 32.42876053
v 36.00000000 12.02971745 33.00000000
v 35.62466812 14.00000000 8.00000000
v 36.00000000 14.00000000 8.23040009
v 35.40743637 14.00000000 32.00000000
v 36.00000000 14.00000000 31.78616905
v 36.00000000 13.59891415 32.00000000
v 36.00000000 14.57290268 8.00000000
v 36.00000000 15.00000000 7.82011652
v 36.00000000 15.00000000 31.78788757
v 36.00000000 16.00000000 7.75160313
v 36.00000000 16.00000000 31.78331375
v 36.00000000 17.00000000 7.85211611
v 35.91496277 17.00000000 32.00000000
v 36.00000000 17.00000000 31.95069504
v 36.00000000 17.67592239 8.00000000
v 35.92137146 18.00000000 8.00000000
v 36.00000000 18.00000000 8.05461121
v 35.89956665 18.00000000 32.00000000
v 36.00000000 18.00000000 31.93434143
v 35.39162064 19.00000000 8.00000000
v 36.00000000 19.00000000 8.45020485
v 35.55009079 19.00000000 32.00000000
v 36.00000000 19.00000000 31.77961159
v 35.22165680 20.00000000 8.00000000
v 36.00000000 20.00000000 8.57444859
v 35.32162857 20.00000000 32.00000000
v 36.00000000 20.00000000 31.65454865
v 35.18092728 21.00000000 8.00000000
v 36.00000000 21.00000000 8.56343460
v 36.00000000 20.49451637 32.00000000
v 36.00000000 21.00000000 32.30349350
v 35.35998917 22.00000000 8.00000000
v 36.00000000 22.00000000 8.50050545
v 36.00000000 22.00000000 32.24808121
v 35.11169434 23.00000000 8.00000000
v 36.00000000 23.00000000 8.56670094
v 35.80236053 23.00000000 32.00000000
v 36.00000000 23.00000000 31.82520485
v 36.00000000 22.67724800 32.00000000
v 35.50513840 24.00000000 8.00000000
v 36.00000000 24.00000000 8.45306206
v 35.94399261 24.00000000 32.00000000
v 36.00000000 24.00000000 31.95091629
v 35.52225494 25.00000000 8.00000000
v 36.00000000 25.00000000 8.31206512
v 35.62383652 25.00000000 32.00000000
v 36.00000000 25.00000000 31.64316559
v 35.98020935 26.00000000 8.00000000
v 36.00000000 26.00000000 8.01530361
v 35.65865707 26.00000000 32.00000000
v 36.00000000 26.00000000 31.65415573
v 36.00000000 26.03359222 8.00000000
v 36.00000000 27.00000000 7.69521332
v 35.32081223 27.00000000 32.00000000
v 36.00000000 27.00000000 31.55094719
v 36.00000000 28.00000000 7.69209480
v 35.11500549 28.00000000 32.00000000
v 36.00000000 28.00000000 31.36164856
v 36.00000000 29.00000000 7.81035995
v 35.76910019 29.00000000 32.00000000
v 36.00000000 29.00000000 31.82294083
v 35.16704941 29.00000000 33.00000000
v 36.00000000 29.64584160 8.00000000
v 35.79950714 30.00000000 8.00000000
v 36.00000000 30.00000000 8.12513065
v 35.90639877 30.00000000 32.00000000
v 36.00000000 30.00000000 31.92961502
v 35.22940063 30.00000000 33.00000000
v 35.10559464 31.00000000 8.00000000
v 36.00000000 31.00000000 8.72397327
v 36.00000000 30.47702408 32.00000000
v 35.36623001 31.00000000 33.00000000
v 36.00000000 31.00000000 32.11402130
v 36.00000000 32.00000000 8.86331844
v 35.39445114 32.00000000 33.00000000
v 36.00000000 32.00000000 32.07112122
v 35.08715057 32.00000000 34.00000000
v 36.00000000 33.00000000 8.84131622
v 35.26283646 33.00000000 33.00000000
v 36.00000000 33.00000000 32.32185745
v 35.01385880 33.00000000 34.00000000
v 36.00000000 34.00000000 8.65695667
v 35.06592178 34.00000000 33.00000000
v 36.00000000 34.00000000 32.27087784
v 36.00000000 35.00000000 8.57860088
v 35.83685684 35.00000000 32.00000000
v 36.00000000 35.00000000 31.88047981
v 36.00000000 34.73130417 32.00000000
v 36.00000000 36.00000000 8.52030468
v 35.49867249 36.00000000 32.00000000
v 36.00000000 36.00000000 31.59946060
v 36.00000000 37.00000000 8.66207123
v 35.02446747 37.00000000 32.00000000
v 36.00000000 37.00000000 31.34683990
v 36.00000000 38.00000000 8.77124310
v 36.00000000 38.00000000 31.34948730
v 36.00000000 39.00000000 8.82227802
v 36.00000000 39.00000000 30.87051773
v 36.00000000 38.68166733 31.00000000
v 36.00000000 39.79682922 9.00000000
v 35.87437820 40.00000000 9.00000000
v 36.00000000 40.00000000 9.06012535
v 36.00000000 40.00000000 30.72433281
v 36.00000000 40.76788330 10.00000000
v 35.51902390 41.00000000 10.00000000
v 36.00000000 41.00000000 10.27132416
v 35.23569870 41.00000000 17.00000000
v 36.00000000 41.00000000 16.26592827
v 36.00000000 40.72970963 17.00000000
v 36.00000000 40.96357346 18.00000000
v 35.88594437 41.00000000 18.00000000
v 36.00000000 41.00000000 18.04077911
v 35.05451965 41.00000000 31.00000000
v 36.00000000 41.00000000 30.68279648
v 36.00000000 41.71455002 11.00000000
v 36.00000000 41.91440201 12.00000000
v 35.76390457 42.00000000 12.00000000
v 36.00000000 42.00000000 12.25063896
v 36.00000000 42.00000000 14.01748085
v 36.00000000 41.44972610 15.00000000
v 36.00000000 41.09765244 16.00000000
v 36.00000000 42.00000000 18.95785904
v 35.09593964 42.00000000 31.00000000
v 36.00000000 42.00000000 30.63350868
v 36.00000000 42.16219711 13.00000000
v 36.00000000 42.00686264 14.00000000
v 36.00000000 42.05413055 19.00000000
v 36.00000000 43.00000000 19.92359543
v 35.57241058 43.00000000 22.00000000
v 36.00000000 43.00000000 21.23125076
v 36.00000000 42.87673187 22.00000000
v 36.00000000 42.94754028 23.00000000
v 35.77765274 43.00000000 23.00000000
v 36.00000000 43.00000000 23.21326065
v 35.84967041 43.00000000 30.00000000
v 36.00000000 43.00000000 29.84745598
v 36.00000000 42.92362213 30.00000000
v 35.20423889 43.00000000 31.00000000
v 36.00000000 43.10478592 20.00000000
v 36.00000000 43.11751938 21.00000000
v 35.01258850 44.00000000 21.00000000
v 36.00000000 43.65270615 24.00000000
v 35.45976257 44.00000000 24.00000000
v 36.00000000 44.00000000 24.30614281
v 35.38603592 44.00000000 28.00000000
v 36.00000000 44.00000000 27.53497124
v 36.00000000 43.53603363 28.00000000
v 36.00000000 43.47508240 29.00000000
v 35.04074097 44.00000000 29.00000000
v 36.00000000 44.77109909 25.00000000
v 35.39728165 45.00000000 25.00000000
v 36.00000000 44.79390335 26.00000000
v 35.63069916 45.00000000 26.00000000
v 36.00000000 44.36371231 27.00000000
v 35.10140228 45.00000000 27.00000000
v 36.16580582 1.00000000 21.00000000
v 37.00000000 0.93671107 29.00000000
v 37.00000000 1.00000000 28.90392685
v 37.00000000 0.76114982 30.00000000
v 37.00000000 1.00000000 30.90336227
v 36.86438751 2.00000000 19.00000000
v 37.00000000 2.00000000 19.10284615
v 37.00000000 1.31278956 20.00000000
v 37.00000000 1.05925667 21.00000000
v 37.00000000 1.18667412 22.00000000
v 37.00000000 1.46188462 23.00000000
v 37.00000000 1.63216949 24.00000000
v 37.00000000 1.81987917 25.00000000
v 37.00000000 1.99611282 26.00000000
v 37.00000000 1.97880995 27.00000000
v 37.00000000 1.61179209 28.00000000
v 37.00000000 1.04005957 31.00000000
v 36.69778824 2.00000000 32.00000000
v 37.00000000 2.00000000 31.97797966
v 36.44332504 3.00000000 18.00000000
v 37.00000000 3.00000000 18.49498558
v 37.00000000 2.15750456 19.00000000
v 37.00000000 2.02395797 32.00000000
v 37.00000000 2.84302926 33.00000000
v 37.00000000 3.00000000 33.19075394
v 36.35260391 4.00000000 13.00000000
v 36.38756180 4.00000000 14.00000000
v 36.28318405 4.00000000 15.00000000
v 36.26603317 4.00000000 16.00000000
v 36.22892761 4.00000000 17.00000000
v 36.95470810 4.00000000 18.00000000
v 37.00000000 4.00000000 18.05912971
v 37.00000000 4.00000000 33.66207504
v 37.00000000 4.96157932 12.00000000
v 37.00000000 5.00000000 11.93441010
v 37.00000000 4.97391653 13.00000000
v 36.94665146 5.00000000 14.00000000
v 37.00000000 5.00000000 13.19979763
v 36.85674286 5.00000000 15.00000000
v 36.82212067 5.00000000 16.00000000
v 36.75274277 5.00000000 17.00000000
v 37.00000000 5.00000000 17.57555008
v 37.00000000 4.16955805 18.00000000
v 37.00000000 4.58252954 34.00000000
v 37.00000000 5.00000000 34.17100143
v 37.00000000 5.76967621 11.00000000
v 37.00000000 6.00000000 10.73801613
v 37.00000000 5.19733095 14.00000000
v 37.00000000 5.34517765 15.00000000
v 37.00000000 5.46085119 16.00000000
v 37.00000000 5.56841278 17.00000000
v 36.05594635 6.00000000 35.00000000
v 37.00000000 6.00000000 34.44476700
v 36.67636490 7.00000000 9.00000000
v 37.00000000 7.00000000 9.13720798
v 37.00000000 6.39280033 10.00000000
v 37.00000000 7.00000000 34.58626556
v 37.00000000 7.55229044 9.00000000
v 37.00000000 8.00000000 8.90371704
v 37.00000000 8.00000000 34.40474319
v 37.00000000 9.00000000 8.80340862
v 37.00000000 9.00000000 34.06085587
v 37.00000000 10.00000000 8.85319233
v 37.00000000 10.00000000 33.69285583
v 37.00000000 9.18967533 34.00000000
v 37.00000000 11.00000000 8.83594704
v 37.00000000 11.00000000 33.07679749
v 37.00000000 12.00000000 8.83252621
v 36.08415222 12.00000000 33.00000000
v 37.00000000 12.00000000 32.88942719
v 37.00000000 11.43917942 33.00000000
v 37.00000000 13.00000000 8.69065475
v 37.00000000 13.00000000 32.53440475
v 37.00000000 14.00000000 8.60299778
v 36.88506699 14.00000000 32.00000000
v 37.00000000 14.00000000 32.03238297
v 36.41907501 15.00000000 8.00000000
v 37.00000000 15.00000000 8.26688004
v 37.00000000 15.00000000 31.79462624
v 37.00000000 14.13267040 32.00000000
v 36.51478958 16.00000000 8.00000000
v 37.00000000 16.00000000 8.23185921
v 37.00000000 16.00000000 31.90897369
v 36.21760559 17.00000000 8.00000000
v 37.00000000 17.00000000 8.45911694
v 37.00000000 17.00000000 31.60687828
v 37.00000000 18.00000000 8.85940170
v 37.00000000 18.00000000 31.40656853
v 37.00000000 18.81959724 9.00000000
v 36.96413803 19.00000000 9.00000000
v 37.00000000 19.00000000 9.03607941
v 37.00000000 19.00000000 31.38736343
v 36.84521866 20.00000000 9.00000000
v 37.00000000 20.00000000 9.14847660
v 37.00000000 20.00000000 31.34115028
v 37.00000000 20.64101219 9.00000000
v 37.00000000 21.00000000 8.96105385
v 36.50378799 21.00000000 32.00000000
v 37.00000000 21.00000000 31.60216522
v 37.00000000 22.00000000 8.92053509
v 36.98703766 22.00000000 17.00000000
v 37.00000000 22.00000000 16.96229744
v 37.00000000 21.72786903 17.00000000
v 37.00000000 22.00000000 17.25160599
v 36.36531830 22.00000000 32.00000000
v 37.00000000 22.00000000 31.42950249
v 37.00000000 23.00000000 8.96228123
v 36.89844131 23.00000000 17.00000000
v 37.00000000 23.00000000 16.85073853
v 37.00000000 22.26809120 18.00000000
v 36.91157150 23.00000000 18.00000000
v 37.00000000 23.00000000 18.13670921
v 37.00000000 23.00000000 31.23716164
v 37.00000000 24.00000000 8.94364262
v 37.00000000 23.42702103 17.00000000
v 37.00000000 23.47937584 18.00000000
v 37.00000000 24.00000000 31.36754417
v 37.00000000 25.00000000 8.70560169
v 37.00000000 25.00000000 31.17050171
v 37.00000000 26.00000000 8.65061760
v 37.00000000 26.00000000 31.18305588
v 36.60167313 27.00000000 8.00000000
v 37.00000000 27.00000000 8.35786343
v 37.00000000 27.00000000 31.01105309
v 36.54825211 28.00000000 8.00000000
v 37.00000000 28.00000000 8.44823647
v 37.00000000 28.00000000 31.00607872
v 36.34802628 29.00000000 8.00000000
v 37.00000000 29.00000000 8.45445538
v 37.00000000 29.00000000 31.31863213
v 37.00000000 30.00000000 8.80778503
v 37.00000000 30.00000000 31.44441032
v 37.00000000 30.68675041 9.00000000
v 36.79689026 31.00000000 9.00000000
v 37.00000000 31.00000000 9.09511185
v 36.19920349 31.00000000 32.00000000
v 37.00000000 31.00000000 31.64610672
v 36.37858963 32.00000000 9.00000000
v 37.00000000 32.00000000 9.32764149
v 36.09399414 32.00000000 32.00000000
v 37.00000000 32.00000000 31.55965805
v 36.71849823 33.00000000 9.00000000
v 37.00000000 33.00000000 9.10806465
v 36.42845535 33.00000000 32.00000000
v 37.00000000 33.00000000 31.62455559
v 37.00000000 33.44390488 9.00000000
v 37.00000000 34.00000000 8.92000103
v 36.52565384 34.00000000 32.00000000
v 37.00000000 34.00000000 31.69671059
v 37.00000000 35.00000000 8.83092022
v 37.00000000 35.00000000 31.38949776
v 37.00000000 36.00000000 8.84830666
v 37.00000000 36.00000000 31.32159424
v 37.00000000 37.00000000 8.85898304
v 37.00000000 37.00000000 31.07573509
v 37.00000000 38.00000000 8.93080139
v 36.69602966 38.00000000 31.00000000
v 37.00000000 38.00000000 30.88277626
v 37.00000000 37.30203247 31.00000000
v 37.00000000 38.33056259 9.00000000
v 36.42356491 39.00000000 9.00000000
v 37.00000000 39.00000000 9.32382679
v 37.00000000 39.00000000 30.45738029
v 37.00000000 40.00000000 9.57421303
v 37.00000000 40.00000000 30.32604790
v 37.00000000 40.25318909 10.00000000
v 37.00000000 40.76050186 11.00000000
v 36.72156143 41.00000000 11.00000000
v 37.00000000 41.00000000 11.80668545
v 36.57257843 41.00000000 15.00000000
v 37.00000000 41.00000000 14.16324615
v 37.00000000 40.48947144 15.00000000
v 37.00000000 40.00130463 16.00000000
v 36.12642288 41.00000000 16.00000000
v 37.00000000 40.49089050 17.00000000
v 37.00000000 40.72545624 18.00000000
v 37.00000000 41.00000000 18.20251083
v 37.00000000 41.00000000 30.34634209
v 37.00000000 41.08800125 12.00000000
v 37.00000000 41.20587158 13.00000000
v 36.30931473 42.00000000 13.00000000
v 37.00000000 41.08024216 14.00000000
v 36.01287460 42.00000000 14.00000000
v 37.00000000 41.93117523 19.00000000
v 36.48490906 42.00000000 19.00000000
v 37.00000000 42.00000000 19.11490631
v 37.00000000 42.00000000 30.09036255
v 37.00000000 42.48128128 20.00000000
v 36.14083481 43.00000000 20.00000000
v 37.00000000 42.55587769 21.00000000
v 36.12149429 43.00000000 21.00000000
v 37.00000000 42.34941864 22.00000000
v 37.00000000 42.52721786 23.00000000
v 37.00000000 42.93004990 24.00000000
v 36.80547333 43.00000000 24.00000000
v 37.00000000 43.00000000 24.11209106
v 36.77183151 43.00000000 28.00000000
v 37.00000000 43.00000000 27.73050308
v 37.00000000 42.94347382 28.00000000
v 37.00000000 42.83700180 29.00000000
v 36.59126663 43.00000000 29.00000000
v 37.00000000 42.16333008 30.00000000
v 37.00000000 44.00000000 24.79815865
v 36.45613861 44.00000000 27.00000000
v 37.00000000 44.00000000 26.31637001
v 37.00000000 43.40296555 27.00000000
v 37.00000000 44.22591400 25.00000000
v 37.00000000 44.20714569 26.00000000
v 37.18901062 1.00000000 29.00000000
v 37.78787994 1.00000000 30.00000000
v 38.00000000 1.57126701 20.00000000
v 38.00000000 2.00000000 19.54363251
v 38.00000000 1.27906907 21.00000000
v 38.00000000 1.42436135 22.00000000
v 38.00000000 1.70515168 23.00000000
v 38.00000000 1.86365926 24.00000000
v 37.74222565 2.00000000 25.00000000
v 38.00000000 2.00000000 24.67841911
v 37.00806427 2.00000000 26.00000000
v 37.05305099 2.00000000 27.00000000
v 37.89719772 2.00000000 28.00000000
v 38.00000000 2.00000000 28.08363342
v 38.00000000 1.36404562 29.00000000
v 38.00000000 1.10232961 30.00000000
v 38.00000000 1.74057353 31.00000000
v 38.00000000 2.00000000 31.24325943
v 37.53763962 3.00000000 19.00000000
v 38.00000000 3.00000000 19.38457298
v 38.00000000 2.08580065 25.00000000
v 38.00000000 2.76918125 26.00000000
v 38.00000000 2.49869442 27.00000000
v 38.00000000 2.04524517 28.00000000
v 37.72612381 3.00000000 32.00000000
v 38.00000000 3.00000000 31.77399826
v 37.24241638 3.00000000 33.00000000
v 38.00000000 3.81125903 19.00000000
v 38.00000000 4.00000000 18.91330147
v 38.00000000 3.59173274 32.00000000
v 37.56760025 4.00000000 33.00000000
v 38.00000000 4.00000000 32.31887436
v 37.03710175 5.00000000 12.00000000
v 37.01888275 5.00000000 13.00000000
v 37.32715607 5.00000000 18.00000000
v 38.00000000 5.00000000 18.43734741
v 38.00000000 4.75064659 33.00000000
v 37.20741653 5.00000000 34.00000000
v 38.00000000 5.00000000 33.15329742
v 37.21494675 6.00000000 11.00000000
v 37.81624985 6.00000000 12.00000000
v 37.57788467 6.00000000 13.00000000
v 37.28182220 6.00000000 14.00000000
v 37.39171219 6.00000000 15.00000000
v 37.27817154 6.00000000 16.00000000
v 37.41967773 6.00000000 17.00000000
v 38.00000000 6.00000000 17.59134674
v 38.00000000 5.67641878 18.00000000
v 37.64958954 6.00000000 34.00000000
v 38.00000000 6.00000000 33.71348572
v 37.84015656 7.00000000 10.00000000
v 38.00000000 7.00000000 10.33724976
v 38.00000000 6.69167185 11.00000000
v 38.00000000 6.28696489 12.00000000
v 38.00000000 6.79691315 13.00000000
v 37.96877289 7.00000000 14.00000000
v 38.00000000 7.00000000 13.74375439
v 38.00000000 7.00000000 14.09313583
v 38.00000000 6.63482380 15.00000000
v 38.00000000 6.65464830 16.00000000
v 38.00000000 6.22729492 17.00000000
v 38.00000000 6.53856277 34.00000000
v 38.00000000 7.00000000 34.14392853
v 37.12717819 8.00000000 9.00000000
v 38.00000000 8.00000000 9.85777950
v 38.00000000 7.56464338 10.00000000
v 38.00000000 7.12839413 14.00000000
v 37.97017670 8.00000000 34.00000000
v 38.00000000 8.00000000 33.98199081
v 38.00000000 7.90447903 34.00000000
v 37.41299057 9.00000000 9.00000000
v 38.00000000 9.00000000 9.44366741
v 37.16256714 9.00000000 34.00000000
v 38.00000000 9.00000000 33.58179474
v 37.58074188 10.00000000 9.00000000
v 38.00000000 10.00000000 9.19034672
v 38.00000000 10.00000000 33.37787628
v 37.88827133 11.00000000 9.00000000
v 38.00000000 11.00000000 9.05403805
v 37.36369705 11.00000000 33.00000000
v 38.00000000 11.00000000 32.86973953
v 38.00000000 10.74169922 33.00000000
v 37.91643524 12.00000000 9.00000000
v 38.00000000 12.00000000 9.04062080
v 38.00000000 12.00000000 32.85970688
v 38.00000000 12.20540905 9.00000000
v 38.00000000 13.00000000 8.92676544
v 38.00000000 13.00000000 32.53077698
v 38.00000000 14.00000000 8.84093475
v 38.00000000 14.00000000 32.19840240
v 38.00000000 15.00000000 8.54657173
v 38.00000000 15.00000000 31.83511353
v 38.00000000 14.60536289 32.00000000
v 38.00000000 16.00000000 8.44351101
v 38.00000000 16.00000000 31.89982033
v 38.00000000 17.00000000 8.81537628
v 38.00000000 17.00000000 31.70876312
v 38.00000000 17.36648178 9.00000000
v 37.36479568 18.00000000 9.00000000
v 38.00000000 18.00000000 9.93810177
v 38.00000000 18.00000000 31.46323395
v 38.00000000 19.00000000 9.58215714
v 38.00000000 19.00000000 31.36877251
v 38.00000000 20.00000000 9.64288807
v 38.00000000 20.00000000 31.29141998
v 37.21826935 21.00000000 9.00000000
v 38.00000000 21.00000000 9.38904953
v 37.25777435 21.00000000 17.00000000
v 38.00000000 21.00000000 16.82015038
v 38.00000000 20.36089325 17.00000000
v 38.00000000 21.00000000 17.67457771
v 38.00000000 21.00000000 31.47907066
v 38.00000000 21.77577782 9.00000000
v 38.00000000 22.00000000 8.95256519
v 38.00000000 22.00000000 16.34163284
v 38.00000000 21.10092354 18.00000000
v 37.08246231 22.00000000 18.00000000
v 38.00000000 22.00000000 18.43715858
v 38.00000000 22.00000000 31.41170120
v 38.00000000 23.00000000 8.89519978
v 38.00000000 23.00000000 16.41313362
v 38.00000000 23.00000000 18.96872330
v 38.00000000 23.00000000 31.16088486
v 38.00000000 24.00000000 8.76001263
v 37.41530228 24.00000000 17.00000000
v 38.00000000 24.00000000 16.79328537
v 37.23472595 24.00000000 18.00000000
v 38.00000000 24.00000000 18.86854744
v 38.00000000 24.00000000 31.27242088
v 38.00000000 25.00000000 8.68510342
v 37.77948761 25.00000000 17.00000000
v 38.00000000 25.00000000 16.91622162
v 37.34508896 25.00000000 18.00000000
v 38.00000000 25.00000000 18.52931976
v 38.00000000 25.00000000 31.06336212
v 38.00000000 26.00000000 8.63142776
v 37.98678589 26.00000000 17.00000000
v 38.00000000 26.00000000 16.99397659
v 37.64855957 26.00000000 18.00000000
v 38.00000000 26.00000000 18.31873322
v 38.00000000 26.00000000 31.15127563
v 38.00000000 27.00000000 8.70551014
v 38.00000000 26.02114296 17.00000000
v 38.00000000 26.60140228 18.00000000
v 38.00000000 27.00000000 31.00095558
v 38.00000000 28.00000000 8.82417393
v 37.16285706 28.00000000 31.00000000
v 38.00000000 28.00000000 30.97861862
v 38.00000000 27.02959251 31.00000000
v 38.00000000 29.00000000 8.78647518
v 38.00000000 28.14329147 31.00000000
v 38.00000000 29.00000000 31.21299744
v 38.00000000 30.00000000 8.97190380
v 38.00000000 30.00000000 31.41697693
v 37.38467407 31.00000000 9.00000000
v 38.00000000 31.00000000 8.90860939
v 38.00000000 31.00000000 31.40744591
v 37.77148438 32.00000000 9.00000000
v 38.00000000 32.00000000 8.93994331
v 38.00000000 32.00000000 31.29010201
v 37.68080139 33.00000000 9.00000000
v 38.00000000 33.00000000 8.97325230
v 38.00000000 33.00000000 31.28561211
v 38.00000000 34.00000000 8.89225483
v 38.00000000 34.00000000 31.37305069
v 38.00000000 34.92593765 9.00000000
v 37.94036865 35.00000000 9.00000000
v 38.00000000 35.00000000 9.01940346
v 38.00000000 35.00000000 31.38496780
v 37.54787064 36.00000000 9.00000000
v 38.00000000 36.00000000 9.21126270
v 38.00000000 36.00000000 31.44569397
v 37.51964569 37.00000000 9.00000000
v 38.00000000 37.00000000 9.24354553
v 37.59364319 37.00000000 31.00000000
v 38.00000000 37.00000000 30.95773125
v 38.00000000 36.90781403 31.00000000
v 37.21447372 38.00000000 9.00000000
v 38.00000000 38.00000000 9.46908951
v 38.00000000 38.00000000 30.57239914
v 38.00000000 38.73708344 10.00000000
v 37.74092484 39.00000000 10.00000000
v 38.00000000 39.00000000 10.87765884
v 37.83937454 39.00000000 13.00000000
v 38.00000000 39.00000000 12.34378242
v 38.00000000 38.76430893 13.00000000
v 38.00000000 39.00000000 13.79167461
v 37.97154999 39.00000000 15.00000000
v 38.00000000 39.00000000 14.74203491
v 38.00000000 38.98764801 15.00000000
v 38.00000000 38.86700821 16.00000000
v 37.66537476 39.00000000 16.00000000
v 38.00000000 39.00000000 16.38761902
v 37.90700912 39.00000000 30.00000000
v 38.00000000 39.00000000 29.91778755
v 38.00000000 38.92007446 30.00000000
v 37.43809509 40.00000000 10.00000000
v 38.00000000 39.07913589 11.00000000
v 37.71098328 40.00000000 11.00000000
v 38.00000000 39.51085281 12.00000000
v 37.91189194 40.00000000 12.00000000
v 37.69472122 40.00000000 13.00000000
v 38.00000000 39.16726303 14.00000000
v 37.72826385 40.00000000 14.00000000
v 37.45644760 40.00000000 15.00000000
v 37.00147629 40.00000000 16.00000000
v 38.00000000 39.94281006 17.00000000
v 37.94086075 40.00000000 17.00000000
v 38.00000000 40.00000000 17.25857925
v 37.67861557 40.00000000 30.00000000
v 38.00000000 40.00000000 29.72023964
v 37.07519150 41.00000000 12.00000000
v 37.13605881 41.00000000 13.00000000
v 37.07160568 41.00000000 14.00000000
v 38.00000000 40.10187149 18.00000000
v 38.00000000 40.97615814 19.00000000
v 37.98017502 41.00000000 19.00000000
v 38.00000000 41.00000000 19.07495499
v 37.97783661 41.00000000 21.00000000
v 38.00000000 41.00000000 20.86598396
v 38.00000000 40.97016144 21.00000000
v 38.00000000 41.00000000 21.06600952
v 37.94708252 41.00000000 30.00000000
v 38.00000000 41.00000000 29.92984772
v 38.00000000 41.37419128 20.00000000
v 37.57696533 42.00000000 20.00000000
v 37.64114761 42.00000000 21.00000000
v 38.00000000 41.53725815 22.00000000
v 37.61852646 42.00000000 22.00000000
v 38.00000000 41.88765335 23.00000000
v 37.90852356 42.00000000 23.00000000
v 38.00000000 42.00000000 23.16258430
v 37.95582199 42.00000000 29.00000000
v 38.00000000 42.00000000 28.94043350
v 38.00000000 41.90517807 29.00000000
v 37.17660904 42.00000000 30.00000000
v 38.00000000 42.37568665 24.00000000
v 38.00000000 43.00000000 24.83019638
v 37.41478348 43.00000000 27.00000000
v 38.00000000 43.00000000 26.34777641
v 38.00000000 42.78640366 27.00000000
v 38.00000000 42.52560425 28.00000000
v 38.00000000 43.22660446 25.00000000
v 37.25583267 44.00000000 25.00000000
v 38.00000000 43.22119522 26.00000000
v 37.20562363 44.00000000 26.00000000
v 38.45914459 2.00000000 20.00000000
v 39.00000000 2.00000000 20.94859123
v 39.00000000 1.97311282 21.00000000
v 39.00000000 1.82201207 22.00000000
v 38.84978485 2.00000000 23.00000000
v 39.00000000 2.00000000 22.74279213
v 38.57570267 2.00000000 24.00000000
v 38.87544632 2.00000000 29.00000000
v 38.99065018 2.00000000 30.00000000
v 38.28453064 2.00000000 31.00000000
v 39.00000000 2.94873500 20.00000000
v 39.00000000 3.00000000 19.97595024
v 39.00000000 2.04540181 23.00000000
v 39.00000000 2.08960748 24.00000000
v 39.00000000 2.92315054 25.00000000
v 38.18631744 3.00000000 26.00000000
v 39.00000000 3.00000000 25.04735756
v 38.44652557 3.00000000 27.00000000
v 39.00000000 3.00000000 27.70953178
v 39.00000000 2.76761150 28.00000000
v 39.00000000 2.14838266 29.00000000
v 39.00000000 2.01140308 30.00000000
v 38.79550934 3.00000000 31.00000000
v 39.00000000 3.00000000 30.71225929
v 38.17612457 4.00000000 19.00000000
v 39.00000000 4.00000000 19.53178406
v 38.67765427 4.00000000 26.00000000
v 39.00000000 4.00000000 25.56085968
v 39.00000000 4.00000000 26.92662430
v 39.00000000 3.95808458 27.00000000
v 39.00000000 3.45463586 31.00000000
v 38.17010498 4.00000000 32.00000000
v 39.00000000 4.00000000 31.23881149
v 38.70915604 5.00000000 19.00000000
v 39.00000000 5.00000000 19.25242233
v 38.94575882 5.00000000 26.00000000
v 39.00000000 5.00000000 25.91786194
v 39.00000000 5.00000000 26.08497620
v 38.84034348 5.00000000 32.00000000
v 39.00000000 5.00000000 31.88629532
v 38.14797211 5.00000000 33.00000000
v 38.25836563 6.00000000 18.00000000
v 39.00000000 6.00000000 18.70992661
v 39.00000000 5.48464394 19.00000000
v 39.00000000 5.08769608 26.00000000
v 39.00000000 5.20390606 32.00000000
v 38.86735535 6.00000000 33.00000000
v 39.00000000 6.00000000 32.81725311
v 38.19104004 7.00000000 11.00000000
v 38.29563141 7.00000000 12.00000000
v 38.09308243 7.00000000 13.00000000
v 38.27816391 7.00000000 15.00000000
v 38.29865265 7.00000000 16.00000000
v 38.86522293 7.00000000 17.00000000
v 39.00000000 7.00000000 17.25880051
v 39.00000000 6.56670952 18.00000000
v 39.00000000 6.17689276 33.00000000
v 38.28382111 7.00000000 34.00000000
v 39.00000000 7.00000000 33.45043564
v 38.10089493 8.00000000 10.00000000
v 38.42242050 8.00000000 11.00000000
v 38.45288467 8.00000000 12.00000000
v 38.29859543 8.00000000 13.00000000
v 38.22292328 8.00000000 14.00000000
v 38.41802216 8.00000000 15.00000000
v 38.50344849 8.00000000 16.00000000
v 39.00000000 8.00000000 16.86963272
v 39.00000000 7.62638950 17.00000000
v 39.00000000 8.00000000 33.20666504
v 38.49273300 9.00000000 10.00000000
v 38.62949753 9.00000000 11.00000000
v 38.69774246 9.00000000 12.00000000
v 38.79430389 9.00000000 13.00000000
v 38.91481400 9.00000000 14.00000000
v 38.68056488 9.00000000 15.00000000
v 38.57768631 9.00000000 16.00000000
v 39.00000000 9.00000000 16.71610451
v 38.99673462 9.00000000 33.00000000
v 39.00000000 9.00000000 32.99811172
v 39.00000000 8.98721600 33.00000000
v 38.61087036 10.00000000 10.00000000
v 38.63510132 10.00000000 11.00000000
v 38.64871597 10.00000000 12.00000000
v 38.72827530 10.00000000 13.00000000
v 38.82997131 10.00000000 14.00000000
v 38.76752853 10.00000000 15.00000000
v 38.62657166 10.00000000 16.00000000
v 39.00000000 10.00000000 16.79469872
v 38.90552521 10.00000000 33.00000000
v 39.00000000 10.00000000 32.95388412
v 38.71640396 11.00000000 10.00000000
v 38.56408691 11.00000000 11.00000000
v 38.51792908 11.00000000 12.00000000
v 38.81813812 11.00000000 13.00000000
v 39.00000000 11.00000000 13.67665482
v 39.00000000 10.68580246 14.00000000
v 39.00000000 10.75341797 15.00000000
v 39.00000000 10.98062325 16.00000000
v 39.00000000 11.00000000 32.78182220
v 38.69830322 12.00000000 10.00000000
v 38.59280014 12.00000000 11.00000000
v 38.55009079 12.00000000 12.00000000
v 38.81966400 12.00000000 13.00000000
v 39.00000000 12.00000000 13.73326969
v 39.00000000 12.00000000 32.75452423
v 38.11301422 13.00000000 9.00000000
v 38.66513824 13.00000000 10.00000000
v 38.51592636 13.00000000 11.00000000
v 38.19872284 13.00000000 12.00000000
v 38.27557755 13.00000000 13.00000000
v 39.00000000 12.15441608 14.00000000
v 38.56908798 13.00000000 14.00000000
v 39.00000000 12.48556995 15.00000000
v 38.91104507 13.00000000 15.00000000
v 39.00000000 12.06344318 16.00000000
v 38.88193893 13.00000000 16.00000000
v 39.00000000 13.00000000 16.18197632
v 39.00000000 13.00000000 32.75436401
v 38.22689056 14.00000000 9.00000000
v 38.82114029 14.00000000 10.00000000
v 38.57796860 14.00000000 11.00000000
v 38.45165634 14.00000000 12.00000000
v 38.37701416 14.00000000 13.00000000
v 38.85000610 14.00000000 14.00000000
v 38.95774078 14.00000000 15.00000000
v 38.93304825 14.00000000 16.00000000
v 39.00000000 14.00000000 16.16862679
v 39.00000000 14.00000000 32.57686615
v 38.66157532 15.00000000 9.00000000
v 39.00000000 15.00000000 9.78973293
v 39.00000000 14.67546082 10.00000000
v 38.85554123 15.00000000 11.00000000
v 39.00000000 15.00000000 10.30488205
v 38.78698349 15.00000000 12.00000000
v 39.00000000 15.00000000 12.26565838
v 39.00000000 14.48698044 13.00000000
v 39.00000000 14.11658669 14.00000000
v 39.00000000 14.05544567 15.00000000
v 39.00000000 14.15426350 16.00000000
v 38.44365692 15.00000000 32.00000000
v 39.00000000 15.00000000 32.20080948
v 38.83730316 16.00000000 9.00000000
v 39.00000000 16.00000000 9.40388584
v 39.00000000 15.68532181 11.00000000
v 39.00000000 15.66207027 12.00000000
v 38.25046921 16.00000000 32.00000000
v 39.00000000 16.00000000 32.24760437
v 38.49497223 17.00000000 9.00000000
v 39.00000000 17.00000000 9.67088890
v 38.86372375 17.00000000 11.00000000
v 39.00000000 17.00000000 10.39980412
v 39.00000000 16.31066704 11.00000000
v 39.00000000 16.35824776 12.00000000
v 38.81121063 17.00000000 12.00000000
v 39.00000000 17.00000000 12.15455151
v 38.47717285 17.00000000 32.00000000
v 39.00000000 17.00000000 32.28033447
v 39.00000000 17.17448997 10.00000000
v 38.04595184 18.00000000 10.00000000
v 38.31469345 18.00000000 11.00000000
v 38.29847717 18.00000000 12.00000000
v 39.00000000 18.00000000 12.58238888
v 38.85424805 18.00000000 32.00000000
v 39.00000000 18.00000000 32.08935547
v 39.00000000 18.97266579 10.00000000
v 39.00000000 19.00000000 9.97799873
v 38.78578568 19.00000000 11.00000000
v 39.00000000 19.00000000 10.05751896
v 38.71170425 19.00000000 12.00000000
v 39.00000000 19.00000000 12.35213184
v 38.94857407 19.00000000 17.00000000
v 39.00000000 19.00000000 16.92000961
v 39.00000000 18.95489120 17.00000000
v 39.00000000 19.00000000 17.08674240
v 39.00000000 19.00000000 31.78664207
v 39.00000000 18.40719414 32.00000000
v 39.00000000 19.77986526 10.00000000
v 38.98672104 20.00000000 10.00000000
v 38.83422470 20.00000000 11.00000000
v 38.73375320 20.00000000 12.00000000
v 39.00000000 20.00000000 12.29665470
v 38.08769608 20.00000000 17.00000000
v 39.00000000 20.00000000 16.11173058
v 39.00000000 19.77749062 18.00000000
v 38.78577805 20.00000000 18.00000000
v 39.00000000 20.00000000 18.12090874
v 39.00000000 20.00000000 31.56064606
v 39.00000000 20.01045990 10.00000000
v 39.00000000 21.00000000 9.10031128
v 39.00000000 20.66147614 11.00000000
v 39.00000000 20.46037674 12.00000000
v 39.00000000 21.00000000 16.14143562
v 38.08785248 21.00000000 18.00000000
v 39.00000000 21.00000000 18.59095383
v 39.00000000 21.00000000 31.39441681
v 39.00000000 21.11506462 9.00000000
v 39.00000000 22.00000000 8.83157253
v 39.00000000 22.00000000 16.02308846
v 39.00000000 22.00000000 18.95993423
v 39.00000000 22.00000000 31.40184021
v 39.00000000 23.00000000 8.68297386
v 38.70891571 23.00000000 16.00000000
v 39.00000000 23.00000000 15.78453732
v 39.00000000 22.13786507 16.00000000
v 39.00000000 22.06227303 19.00000000
v 38.03376007 23.00000000 19.00000000
v 39.00000000 23.00000000 19.41727638
v 39.00000000 23.00000000 31.04628754
v 39.00000000 24.00000000 8.44802952
v 39.00000000 23.28152466 16.00000000
v 39.00000000 24.00000000 16.34609795
v 38.14299393 24.00000000 19.00000000
v 39.00000000 24.00000000 19.26863670
v 39.00000000 24.00000000 31.09228897
v 39.00000000 25.00000000 8.38697815
v 39.00000000 25.00000000 16.62718010
v 38.64086914 25.00000000 19.00000000
v 39.00000000 25.00000000 19.14322090
v 39.00000000 25.00000000 31.12976456
v 39.00000000 26.00000000 8.70794487
v 39.00000000 26.00000000 16.72556114
v 39.00000000 25.93113136 19.00000000
v 39.00000000 26.00000000 18.98106575
v 39.00000000 26.00000000 31.19788742
v 39.00000000 27.00000000 8.97570038
v 38.80350876 27.00000000 17.00000000
v 39.00000000 27.00000000 16.93782425
v 38.30428696 27.00000000 18.00000000
v 39.00000000 27.00000000 18.38216591
v 39.00000000 27.00000000 31.30074310
v 39.00000000 27.11586571 9.00000000
v 38.50764847 28.00000000 9.00000000
v 39.00000000 28.00000000 9.45390987
v 38.60440826 28.00000000 17.00000000
v 39.00000000 28.00000000 16.89589882
v 38.49177170 28.00000000 18.00000000
v 39.00000000 28.00000000 18.21367645
v 38.14781952 28.00000000 31.00000000
v 39.00000000 28.00000000 31.29916954
v 39.00000000 28.81122589 9.00000000
v 39.00000000 29.00000000 8.96678829
v 39.00000000 28.89922714 17.00000000
v 38.79896545 29.00000000 18.00000000
v 39.00000000 29.00000000 17.17717361
v 39.00000000 29.00000000 18.07835388
v 39.00000000 29.00000000 31.47417641
v 39.00000000 29.67123032 9.00000000
v 38.59741211 30.00000000 9.00000000
v 39.00000000 30.00000000 9.06315613
v 39.00000000 29.39172363 18.00000000
v 39.00000000 30.00000000 31.71349716
v 39.00000000 30.06288147 9.00000000
v 39.00000000 31.00000000 8.78345203
v 39.00000000 31.00000000 31.47572327
v 39.00000000 32.00000000 8.69633293
v 39.00000000 32.00000000 31.18673515
v 39.00000000 33.00000000 8.71072865
v 39.00000000 33.00000000 31.04686928
v 39.00000000 34.00000000 8.93633556
v 38.76762772 34.00000000 12.00000000
v 39.00000000 34.00000000 11.70040798
v 39.00000000 33.07754135 12.00000000
v 39.00000000 34.00000000 12.25212574
v 39.00000000 34.00000000 31.27387428
v 38.24428177 35.00000000 9.00000000
v 39.00000000 35.00000000 8.97206402
v 38.28204727 35.00000000 12.00000000
v 39.00000000 35.00000000 11.00945950
v 39.00000000 35.00000000 12.82382774
v 39.00000000 35.00000000 31.42319298
v 39.00000000 35.18701172 9.00000000
v 39.00000000 36.00000000 9.28686142
v 38.66604614 36.00000000 11.00000000
v 39.00000000 36.00000000 10.69724751
v 39.00000000 35.02046204 11.00000000
v 38.17537689 36.00000000 12.00000000
v 39.00000000 35.49619293 13.00000000
v 38.86011124 36.00000000 13.00000000
v 39.00000000 36.00000000 13.10436726
v 39.00000000 36.00000000 31.68177605
v 39.00000000 37.00000000 9.52764034
v 38.93096924 37.00000000 11.00000000
v 39.00000000 37.00000000 10.81132603
v 38.63310242 37.00000000 12.00000000
v 38.76956177 37.00000000 13.00000000
v 39.00000000 37.00000000 13.39513969
v 38.48430634 37.00000000 31.00000000
v 39.00000000 37.00000000 31.09622765
v 39.00000000 37.61415100 10.00000000
v 38.73043442 38.00000000 10.00000000
v 38.55551529 38.00000000 11.00000000
v 38.32334518 38.00000000 12.00000000
v 38.40036392 38.00000000 13.00000000
v 39.00000000 37.90958786 14.00000000
v 38.96051788 38.00000000 14.00000000
v 39.00000000 38.00000000 14.05369473
v 38.68254852 38.00000000 30.00000000
v 39.00000000 38.00000000 29.58324623
v 39.00000000 37.57306671 30.00000000
v 39.00000000 37.09659576 31.00000000
v 38.01466751 39.00000000 11.00000000
v 38.04444504 39.00000000 12.00000000
v 38.03903198 39.00000000 14.00000000
v 39.00000000 38.60366821 15.00000000
v 39.00000000 38.69909668 16.00000000
v 39.00000000 39.00000000 16.85505295
v 38.57452393 39.00000000 29.00000000
v 39.00000000 39.00000000 28.61009216
v 39.00000000 38.47542953 29.00000000
v 39.00000000 39.18072510 17.00000000
v 39.00000000 39.24154663 18.00000000
v 38.14442062 40.00000000 18.00000000
v 39.00000000 39.89162445 19.00000000
v 38.91979218 40.00000000 19.00000000
v 39.00000000 39.60596848 20.00000000
v 38.78474426 40.00000000 20.00000000
v 39.00000000 39.50242615 21.00000000
v 38.66848755 40.00000000 21.00000000
v 39.00000000 40.00000000 21.80475998
v 38.40438080 40.00000000 29.00000000
v 39.00000000 40.00000000 28.42305183
v 38.13803864 41.00000000 20.00000000
v 39.00000000 40.10733795 22.00000000
v 38.30311203 41.00000000 22.00000000
v 39.00000000 40.74349594 23.00000000
v 38.76272964 41.00000000 23.00000000
v 39.00000000 41.00000000 23.49601555
v 38.99555588 41.00000000 28.00000000
v 39.00000000 41.00000000 27.99040604
v 39.00000000 40.99048996 28.00000000
v 38.34471893 41.00000000 29.00000000
v 39.00000000 41.39338684 24.00000000
v 38.57218933 42.00000000 24.00000000
v 39.00000000 42.00000000 24.43119431
v 38.87714386 42.00000000 27.00000000
v 39.00000000 42.00000000 26.74970055
v 39.00000000 41.78420258 27.00000000
v 38.53718567 42.00000000 28.00000000
v 39.00000000 42.36153412 25.00000000
v 38.16328049 43.00000000 25.00000000
v 39.00000000 42.37034988 26.00000000
v 38.16878128 43.00000000 26.00000000
v 39.03266525 2.00000000 21.00000000
v 39.37609100 2.00000000 22.00000000
v 39.03756332 3.00000000 20.00000000
v 40.00000000 3.00000000 20.73544502
v 40.00000000 2.76318407 21.00000000
v 40.00000000 2.29346728 22.00000000
v 40.00000000 2.24259281 23.00000000
v 40.00000000 2.30105448 24.00000000
v 39.24187469 3.00000000 25.00000000
v 40.00000000 3.00000000 24.85347748
v 40.00000000 2.94920778 28.00000000
v 40.00000000 3.00000000 27.90307426
v 40.00000000 2.60448742 29.00000000
v 40.00000000 2.72615099 30.00000000
v 40.00000000 3.00000000 30.27010345
v 39.62789154 4.00000000 20.00000000
v 40.00000000 4.00000000 20.27576256
v 40.00000000 3.31578946 25.00000000
v 40.00000000 4.00000000 25.43054962
v 39.31795120 4.00000000 27.00000000
v 40.00000000 4.00000000 27.08585930
v 39.86363220 4.00000000 31.00000000
v 40.00000000 4.00000000 30.94591141
v 40.00000000 4.76926708 20.00000000
v 40.00000000 5.00000000 19.91465378
v 40.00000000 4.77539253 26.00000000
v 39.34850311 5.00000000 26.00000000
v 40.00000000 4.07343626 27.00000000
v 40.00000000 4.06130886 31.00000000
v 40.00000000 5.00000000 31.56412125
v 39.85969162 6.00000000 19.00000000
v 40.00000000 6.00000000 19.05403900
v 40.00000000 5.66583920 32.00000000
v 40.00000000 6.00000000 32.34183121
v 39.87284851 7.00000000 18.00000000
v 40.00000000 7.00000000 18.07461357
v 40.00000000 6.04605246 19.00000000
v 40.00000000 6.80821037 33.00000000
v 40.00000000 7.00000000 33.08539200
v 39.14169312 8.00000000 17.00000000
v 40.00000000 8.00000000 17.84105301
v 40.00000000 7.37927771 18.00000000
v 40.00000000 8.00000000 33.04075623
v 39.24673462 9.00000000 17.00000000
v 40.00000000 9.00000000 17.78534317
v 40.00000000 9.00000000 32.76344299
v 40.00000000 8.15786648 33.00000000
v 39.14230728 10.00000000 17.00000000
v 40.00000000 9.55114746 18.00000000
v 39.81349182 10.00000000 18.00000000
v 40.00000000 10.00000000 18.12894630
v 40.00000000 10.00000000 32.78077698
v 39.09959793 11.00000000 14.00000000
v 39.10202026 11.00000000 15.00000000
v 39.00983047 11.00000000 16.00000000
v 39.31780243 11.00000000 17.00000000
v 39.74705887 11.00000000 18.00000000
v 40.00000000 11.00000000 18.17118645
v 40.00000000 11.00000000 32.65560532
v 39.07070541 12.00000000 14.00000000
v 39.08994293 12.00000000 15.00000000
v 39.00877762 12.00000000 16.00000000
v 39.30569077 12.00000000 17.00000000
v 39.75114059 12.00000000 18.00000000
v 40.00000000 12.00000000 18.22795486
v 40.00000000 12.00000000 32.61677933
v 39.46051407 13.00000000 17.00000000
v 39.81828308 13.00000000 18.00000000
v 40.00000000 13.00000000 18.24225426
v 40.00000000 13.00000000 32.46872711
v 39.38521957 14.00000000 17.00000000
v 39.60237122 14.00000000 18.00000000
v 40.00000000 14.00000000 18.44577408
v 40.00000000 14.00000000 32.22412872
v 39.05442047 15.00000000 10.00000000
v 39.62657547 15.00000000 13.00000000
v 40.00000000 15.00000000 13.73739243
v 40.00000000 14.89337158 14.00000000
v 39.90843201 15.00000000 15.00000000
v 40.00000000 15.00000000 14.58286285
v 39.41513824 15.00000000 16.00000000
v 39.32129669 15.00000000 17.00000000
v 39.51236343 15.00000000 18.00000000
v 40.00000000 15.00000000 18.37257004
v 39.54822922 15.00000000 32.00000000
v 40.00000000 15.00000000 31.69841385
v 40.00000000 14.53945541 32.00000000
v 39.14399719 16.00000000 10.00000000
v 39.06359482 16.00000000 11.00000000
v 39.11584473 16.00000000 12.00000000
v 40.00000000 16.00000000 12.98912430
v 40.00000000 15.97465801 13.00000000
v 40.00000000 15.30763721 15.00000000
v 39.66188431 16.00000000 16.00000000
v 40.00000000 16.00000000 15.33587933
v 39.67352676 16.00000000 17.00000000
v 39.99145889 16.00000000 18.00000000
v 40.00000000 16.00000000 18.00777626
v 39.55979538 16.00000000 32.00000000
v 40.00000000 16.00000000 31.64971352
v 39.15219498 17.00000000 10.00000000
v 40.00000000 17.00000000 12.83318329
v 39.75941849 17.00000000 16.00000000
v 40.00000000 17.00000000 15.60967731
v 39.79477310 17.00000000 17.00000000
v 40.00000000 17.00000000 17.60122490
v 40.00000000 16.05152321 18.00000000
v 39.75383759 17.00000000 32.00000000
v 40.00000000 17.00000000 31.79394531
v 40.00000000 17.57794380 13.00000000
v 39.78709030 18.00000000 13.00000000
v 40.00000000 18.00000000 13.13287830
v 39.65165710 18.00000000 16.00000000
v 40.00000000 18.00000000 15.58984089
v 39.71325684 18.00000000 17.00000000
v 40.00000000 18.00000000 17.67547607
v 39.22082901 18.00000000 32.00000000
v 40.00000000 18.00000000 31.38957596
v 39.03205490 19.00000000 10.00000000
v 39.92559433 19.00000000 13.00000000
v 40.00000000 19.00000000 13.03505707
v 39.52524948 19.00000000 16.00000000
v 40.00000000 19.00000000 15.63245296
v 40.00000000 18.39695358 18.00000000
v 39.62894058 19.00000000 18.00000000
v 40.00000000 19.00000000 18.22190094
v 40.00000000 19.00000000 31.13338280
v 39.85856628 20.00000000 13.00000000
v 40.00000000 20.00000000 13.10412312
v 39.08689499 20.00000000 16.00000000
v 40.00000000 20.00000000 15.27214050
v 40.00000000 20.00000000 18.62204933
v 39.89618683 20.00000000 31.00000000
v 40.00000000 20.00000000 30.91347122
v 40.00000000 19.64597702 31.00000000
v 39.77323914 21.00000000 10.00000000
v 39.12455750 21.00000000 11.00000000
v 39.46747589 21.00000000 12.00000000
v 40.00000000 21.00000000 12.88652802
v 40.00000000 20.69561005 13.00000000
v 39.17224503 21.00000000 16.00000000
v 40.00000000 21.00000000 15.15111256
v 40.00000000 21.00000000 18.86567879
v 39.57803726 21.00000000 31.00000000
v 40.00000000 21.00000000 30.69259453
v 40.00000000 21.54061317 9.00000000
v 40.00000000 22.00000000 8.81006432
v 40.00000000 21.24853706 10.00000000
v 40.00000000 21.92552185 11.00000000
v 40.00000000 21.85522842 12.00000000
v 39.02886581 22.00000000 16.00000000
v 40.00000000 22.00000000 15.20687580
v 40.00000000 21.59948730 19.00000000
v 39.23815155 22.00000000 19.00000000
v 40.00000000 22.00000000 19.09174919
v 39.82360077 22.00000000 31.00000000
v 40.00000000 22.00000000 30.89019775
v 40.00000000 23.00000000 8.75976562
v 39.90662766 23.00000000 13.00000000
v 40.00000000 23.00000000 12.76581860
v 40.00000000 22.87276649 13.00000000
v 40.00000000 23.00000000 13.25229168
v 39.66907501 23.00000000 15.00000000
v 40.00000000 23.00000000 14.36732006
v 40.00000000 22.43793106 15.00000000
v 40.00000000 23.00000000 19.41805267
v 39.10587311 23.00000000 31.00000000
v 40.00000000 23.00000000 30.26585579
v 40.00000000 24.00000000 8.42270851
v 40.00000000 23.15038109 13.00000000
v 40.00000000 23.42782974 15.00000000
v 39.63214493 24.00000000 16.00000000
v 40.00000000 24.00000000 15.61857986
v 40.00000000 24.00000000 19.28476524
v 39.19663620 24.00000000 31.00000000
v 40.00000000 24.00000000 30.23214531
v 40.00000000 25.00000000 8.46735668
v 40.00000000 24.50569534 16.00000000
v 40.00000000 25.00000000 16.21716690
v 39.68985748 25.00000000 19.00000000
v 40.00000000 24.80936623 19.00000000
v 40.00000000 25.00000000 18.92694473
v 39.26807022 25.00000000 31.00000000
v 40.00000000 25.00000000 30.15096474
v 40.00000000 25.98342896 9.00000000
v 39.97959900 26.00000000 9.00000000
v 40.00000000 26.00000000 9.03197289
v 40.00000000 26.00000000 16.48081779
v 40.00000000 26.00000000 18.85574532
v 39.32981873 26.00000000 31.00000000
v 40.00000000 26.00000000 30.20932961
v 39.04431152 27.00000000 9.00000000
v 40.00000000 26.49012947 10.00000000
v 39.65231323 27.00000000 10.00000000
v 40.00000000 27.00000000 10.69721889
v 40.00000000 27.00000000 16.86380005
v 40.00000000 27.00000000 18.17349243
v 39.48201370 27.00000000 31.00000000
v 40.00000000 27.00000000 30.69862175
v 39.31200409 28.00000000 10.00000000
v 40.00000000 27.44060516 11.00000000
v 39.79827118 28.00000000 11.00000000
v 40.00000000 28.00000000 11.39216042
v 40.00000000 28.00000000 16.81590843
v 40.00000000 28.00000000 18.14312553
v 39.43512344 28.00000000 31.00000000
v 40.00000000 28.00000000 30.61060905
v 39.07339859 29.00000000 9.00000000
v 39.55992508 29.00000000 10.00000000
v 39.83987045 29.00000000 11.00000000
v 40.00000000 29.00000000 11.38189507
v 39.06278610 29.00000000 17.00000000
v 40.00000000 29.00000000 16.78542519
v 40.00000000 29.00000000 18.03411484
v 39.57522964 29.00000000 31.00000000
v 40.00000000 29.00000000 30.65311241
v 39.56950760 30.00000000 10.00000000
v 39.78136444 30.00000000 11.00000000
v 40.00000000 30.00000000 11.77988052
v 39.54173279 30.00000000 17.00000000
v 40.00000000 30.00000000 16.82777977
v 40.00000000 29.56252861 18.00000000
v 40.00000000 30.00000000 17.80843735
v 39.70161819 30.00000000 31.00000000
v 40.00000000 30.00000000 30.61940765
v 39.93109131 31.00000000 9.00000000
v 40.00000000 31.00000000 9.08019161
v 40.00000000 30.46987152 10.00000000
v 40.00000000 30.33264542 11.00000000
v 40.00000000 30.30805206 17.00000000
v 39.46250534 31.00000000 31.00000000
v 40.00000000 31.00000000 30.55996704
v 40.00000000 31.07369423 9.00000000
v 40.00000000 32.00000000 8.75172997
v 39.20078659 32.00000000 31.00000000
v 40.00000000 32.00000000 30.21885681
v 40.00000000 33.00000000 8.85458660
v 39.05246735 33.00000000 12.00000000
v 40.00000000 33.00000000 11.46605682
v 40.00000000 32.52674484 12.00000000
v 40.00000000 33.00000000 12.64405537
v 39.05676651 33.00000000 31.00000000
v 40.00000000 33.00000000 30.30829620
v 40.00000000 33.71784973 9.00000000
v 39.61408997 34.00000000 9.00000000
v 40.00000000 34.00000000 9.11259460
v 40.00000000 34.00000000 11.14943123
v 40.00000000 34.00000000 12.93129349
v 39.48491287 34.00000000 31.00000000
v 40.00000000 34.00000000 30.71791458
v 39.19261932 35.00000000 9.00000000
v 40.00000000 35.00000000 9.27057362
v 39.02122116 35.00000000 11.00000000
v 40.00000000 35.00000000 10.71419239
v 40.00000000 34.27250671 11.00000000
v 40.00000000 34.07357407 13.00000000
v 39.19685364 35.00000000 13.00000000
v 40.00000000 35.00000000 13.41125870
v 39.80348206 35.00000000 31.00000000
v 40.00000000 35.00000000 30.91411400
v 40.00000000 36.00000000 9.74804497
v 40.00000000 36.00000000 10.18573189
v 40.00000000 36.00000000 13.49672031
v 40.00000000 35.41679764 31.00000000
v 40.00000000 36.00000000 31.23088455
v 40.00000000 36.28827286 10.00000000
v 39.40915298 37.00000000 10.00000000
v 40.00000000 36.99568558 14.00000000
v 39.99436188 37.00000000 14.00000000
v 40.00000000 37.00000000 14.00274944
v 39.40681458 37.00000000 31.00000000
v 40.00000000 37.00000000 30.75376892
v 40.00000000 36.60195541 31.00000000
v 40.00000000 38.00000000 14.48797131
v 40.00000000 38.00000000 29.48593712
v 40.00000000 37.40974808 30.00000000
v 40.00000000 38.48721695 15.00000000
v 40.00000000 38.68011475 16.00000000
v 40.00000000 39.00000000 16.65568924
v 39.84456635 39.00000000 21.00000000
v 40.00000000 39.00000000 20.80876160
v 40.00000000 38.96325684 21.00000000
v 40.00000000 39.00000000 21.56890678
v 40.00000000 39.00000000 28.31404686
v 40.00000000 38.31326294 29.00000000
v 40.00000000 39.49780273 17.00000000
v 40.00000000 39.57426453 18.00000000
v 40.00000000 39.75769043 19.00000000
v 40.00000000 39.47375488 20.00000000
v 40.00000000 39.11222839 22.00000000
v 39.17884827 40.00000000 22.00000000
v 40.00000000 40.00000000 22.88680077
v 39.85884857 40.00000000 28.00000000
v 40.00000000 40.00000000 27.86118698
v 40.00000000 39.77946091 28.00000000
v 40.00000000 40.09648895 23.00000000
v 40.00000000 40.83116913 24.00000000
v 39.70213699 41.00000000 24.00000000
v 40.00000000 41.00000000 24.14894295
v 39.64678192 41.00000000 27.00000000
v 40.00000000 41.00000000 26.62616158
v 40.00000000 40.65324020 27.00000000
v 40.00000000 41.97233582 25.00000000
v 39.96720886 42.00000000 25.00000000
v 40.00000000 41.75349808 26.00000000
v 39.73364639 42.00000000 26.00000000
v 40.15954208 3.00000000 21.00000000
v 40.56371307 3.00000000 22.00000000
v 40.74984741 3.00000000 23.00000000
v 40.77502441 3.00000000 24.00000000
v 40.08148956 3.00000000 28.00000000
v 40.38035965 3.00000000 29.00000000
v 40.25108337 3.00000000 30.00000000
v 40.46276093 4.00000000 21.00000000
v 40.82131958 4.00000000 22.00000000
v 40.96943665 4.00000000 23.00000000
v 41.00000000 4.00000000 23.15984917
v 41.00000000 3.52350450 24.00000000
v 41.00000000 3.84272909 25.00000000
v 41.00000000 4.00000000 25.26334572
v 41.00000000 3.94731688 28.00000000
v 41.00000000 4.00000000 27.72659683
v 41.00000000 3.76323891 29.00000000
v 41.00000000 3.82979393 30.00000000
v 41.00000000 4.00000000 30.13096809
v 40.11058044 5.00000000 20.00000000
v 40.87141037 5.00000000 21.00000000
v 41.00000000 5.00000000 21.54248810
v 41.00000000 4.61881065 22.00000000
v 41.00000000 4.13323450 23.00000000
v 41.00000000 4.22327328 26.00000000
v 41.00000000 4.10067463 27.00000000
v 40.71206665 5.00000000 31.00000000
v 41.00000000 5.00000000 30.72011757
v 40.90378189 6.00000000 20.00000000
v 41.00000000 6.00000000 20.26754761
v 41.00000000 5.43935347 21.00000000
v 41.00000000 5.50300169 31.00000000
v 40.21786880 6.00000000 32.00000000
v 41.00000000 6.00000000 31.22300529
v 41.00000000 6.95184422 19.00000000
v 41.00000000 7.00000000 18.97635269
v 41.00000000 6.12772417 20.00000000
v 40.89439774 7.00000000 32.00000000
v 41.00000000 7.00000000 31.85598373
v 40.14325333 7.00000000 33.00000000
v 40.08803177 8.00000000 18.00000000
v 41.00000000 8.00000000 18.72495270
v 40.78727722 8.00000000 32.00000000
v 41.00000000 8.00000000 31.72738266
v 40.06340408 8.00000000 33.00000000
v 40.16530991 9.00000000 18.00000000
v 41.00000000 9.00000000 18.65651703
v 40.83280563 9.00000000 32.00000000
v 41.00000000 9.00000000 31.78931427
v 41.00000000 10.00000000 18.89283371
v 40.90710068 10.00000000 32.00000000
v 41.00000000 10.00000000 31.87046242
v 41.00000000 10.87076092 19.00000000
v 40.98238373 11.00000000 19.00000000
v 41.00000000 11.00000000 19.03430367
v 40.76691818 11.00000000 32.00000000
v 41.00000000 11.00000000 31.65862274
v 40.71379852 12.00000000 19.00000000
v 41.00000000 12.00000000 19.57928658
v 40.70079803 12.00000000 32.00000000
v 41.00000000 12.00000000 31.59273148
v 40.68394089 13.00000000 19.00000000
v 41.00000000 13.00000000 19.46408272
v 40.48806763 13.00000000 32.00000000
v 41.00000000 13.00000000 31.17850113
v 40.57812881 14.00000000 19.00000000
v 41.00000000 14.00000000 19.50914383
v 40.89770889 14.00000000 31.00000000
v 41.00000000 14.00000000 30.74405861
v 41.00000000 13.48515606 31.00000000
v 40.24767685 14.00000000 32.00000000
v 40.20006180 15.00000000 14.00000000
v 41.00000000 14.85753441 19.00000000
v 41.00000000 15.00000000 18.92356110
v 40.49661255 15.00000000 31.00000000
v 41.00000000 15.00000000 30.07378006
v 40.01100159 16.00000000 13.00000000
v 40.63004684 16.00000000 14.00000000
v 41.00000000 15.96490192 15.00000000
v 41.00000000 16.00000000 14.96041298
v 41.00000000 16.00000000 15.01910400
v 41.00000000 16.00000000 18.67407799
v 40.86267853 16.00000000 30.00000000
v 41.00000000 16.00000000 29.68813705
v 41.00000000 15.20607948 30.00000000
v 40.45999908 16.00000000 31.00000000
v 40.21767426 17.00000000 13.00000000
v 40.96857452 17.00000000 14.00000000
v 41.00000000 17.00000000 14.26059532
v 41.00000000 17.00000000 15.15282822
v 40.20633698 17.00000000 18.00000000
v 41.00000000 17.00000000 18.58175659
v 40.74947357 17.00000000 30.00000000
v 41.00000000 17.00000000 29.55602264
v 40.42036819 17.00000000 31.00000000
v 40.96385956 18.00000000 14.00000000
v 41.00000000 18.00000000 14.25036907
v 41.00000000 18.00000000 15.14272594
v 40.17037201 18.00000000 18.00000000
v 41.00000000 18.00000000 18.72662926
v 40.59735107 18.00000000 30.00000000
v 41.00000000 18.00000000 29.34983826
v 40.23654938 18.00000000 31.00000000
v 40.96538925 19.00000000 14.00000000
v 41.00000000 18.44889832 15.00000000
v 40.84729767 19.00000000 15.00000000
v 41.00000000 19.00000000 18.77858543
v 40.67302704 19.00000000 30.00000000
v 41.00000000 19.00000000 29.56953430
v 40.09202576 19.00000000 31.00000000
v 40.81307220 20.00000000 14.00000000
v 40.45997238 20.00000000 15.00000000
v 41.00000000 19.72058678 19.00000000
v 40.81192017 20.00000000 19.00000000
v 41.00000000 20.00000000 19.08033180
v 40.61518097 20.00000000 30.00000000
v 41.00000000 20.00000000 29.52647972
v 40.05836105 21.00000000 13.00000000
v 40.49818039 21.00000000 14.00000000
v 40.17337418 21.00000000 15.00000000
v 40.47567749 21.00000000 19.00000000
v 41.00000000 21.00000000 19.15604973
v 40.56258774 21.00000000 30.00000000
v 41.00000000 21.00000000 29.51832199
v 40.34072495 22.00000000 9.00000000
v 40.57018280 22.00000000 10.00000000
v 40.07570267 22.00000000 11.00000000
v 40.09120178 22.00000000 12.00000000
v 40.49850464 22.00000000 13.00000000
v 40.61147690 22.00000000 14.00000000
v 40.28573227 22.00000000 15.00000000
v 41.00000000 22.00000000 19.24317360
v 40.62343979 22.00000000 30.00000000
v 41.00000000 22.00000000 29.57986832
v 40.47547150 23.00000000 9.00000000
v 40.53469467 23.00000000 10.00000000
v 40.07583618 23.00000000 11.00000000
v 40.23777390 23.00000000 12.00000000
v 40.25278091 23.00000000 14.00000000
v 41.00000000 23.00000000 19.48699188
v 40.15253067 23.00000000 30.00000000
v 41.00000000 23.00000000 29.11509705
v 40.99113464 24.00000000 9.00000000
v 40.83618927 24.00000000 10.00000000
v 40.50130463 24.00000000 11.00000000
v 40.50928879 24.00000000 12.00000000
v 40.44795227 24.00000000 13.00000000
v 40.96750641 24.00000000 14.00000000
v 40.55480194 24.00000000 15.00000000
v 41.00000000 24.00000000 19.21788788
v 40.13596344 24.00000000 30.00000000
v 41.00000000 24.00000000 29.17020607
v 40.85901642 25.00000000 9.00000000
v 40.76401520 25.00000000 10.00000000
v 41.00000000 25.00000000 10.66032124
v 41.00000000 24.80582428 11.00000000
v 40.88948059 25.00000000 12.00000000
v 41.00000000 25.00000000 11.55759144
v 41.00000000 25.00000000 12.31069183
v 41.00000000 24.75092506 13.00000000
v 41.00000000 24.04098129 14.00000000
v 41.00000000 24.73024750 15.00000000
v 40.37788010 25.00000000 16.00000000
v 41.00000000 25.00000000 15.23001862
v 41.00000000 24.55210114 19.00000000
v 41.00000000 25.00000000 18.82620049
v 40.09307480 25.00000000 30.00000000
v 41.00000000 25.00000000 29.30045128
v 40.45191574 26.00000000 10.00000000
v 41.00000000 26.00000000 10.85748768
v 40.97302628 26.00000000 12.00000000
v 41.00000000 26.00000000 11.76301670
v 41.00000000 26.00000000 12.06436157
v 40.64561844 26.00000000 16.00000000
v 41.00000000 26.00000000 15.46437740
v 41.00000000 26.00000000 18.61281776
v 40.15965271 26.00000000 30.00000000
v 41.00000000 26.00000000 29.46933174
v 41.00000000 27.00000000 10.70348740
v 41.00000000 26.05493164 12.00000000
v 41.00000000 26.66607094 16.00000000
v 41.00000000 27.00000000 16.39439964
v 41.00000000 27.00000000 18.08194733
v 40.86944580 27.00000000 30.00000000
v 41.00000000 27.00000000 29.90415764
v 40.59270859 28.00000000 11.00000000
v 41.00000000 28.00000000 10.86360931
v 41.00000000 28.00000000 16.37199402
v 41.00000000 28.00000000 18.14402008
v 40.86371994 28.00000000 30.00000000
v 41.00000000 28.00000000 29.92546272
v 40.58961105 29.00000000 11.00000000
v 41.00000000 29.00000000 10.89952469
v 41.00000000 29.00000000 16.23895073
v 41.00000000 29.00000000 18.11053848
v 40.65958786 29.00000000 30.00000000
v 41.00000000 29.00000000 29.77470016
v 40.50283051 30.00000000 11.00000000
v 41.00000000 30.00000000 10.82242584
v 40.91507721 30.00000000 16.00000000
v 41.00000000 30.00000000 15.86627769
v 41.00000000 29.57382584 16.00000000
v 40.10503006 30.00000000 18.00000000
v 41.00000000 30.00000000 18.26385689
v 40.49494553 30.00000000 30.00000000
v 41.00000000 30.00000000 29.52155495
v 40.65909195 31.00000000 10.00000000
v 41.00000000 30.55223846 11.00000000
v 40.71448517 31.00000000 11.00000000
v 40.24872971 31.00000000 12.00000000
v 41.00000000 30.35925674 12.00000000
v 41.00000000 30.54092979 13.00000000
v 40.18523788 31.00000000 13.00000000
v 41.00000000 30.86276627 14.00000000
v 40.84516525 31.00000000 14.00000000
v 41.00000000 31.00000000 14.26578617
v 41.00000000 30.55724335 16.00000000
v 40.78880310 31.00000000 17.00000000
v 41.00000000 31.00000000 16.37080002
v 40.49850082 31.00000000 18.00000000
v 41.00000000 31.00000000 18.59407234
v 40.47243881 31.00000000 30.00000000
v 41.00000000 31.00000000 29.43639946
v 40.47240448 32.00000000 9.00000000
v 41.00000000 32.00000000 9.74740601
v 41.00000000 31.55565643 10.00000000
v 41.00000000 31.22812271 11.00000000
v 40.90227890 32.00000000 12.00000000
v 41.00000000 32.00000000 11.90231991
v 40.97427368 32.00000000 13.00000000
v 41.00000000 32.00000000 13.08709526
v 41.00000000 31.49283981 14.00000000
v 41.00000000 31.37636185 17.00000000
v 40.83743668 32.00000000 18.00000000
v 41.00000000 32.00000000 17.67782211
v 41.00000000 32.00000000 18.23116112
v 40.16504288 32.00000000 30.00000000
v 41.00000000 32.00000000 29.23211479
v 40.46617889 33.00000000 9.00000000
v 41.00000000 33.00000000 9.44580841
v 41.00000000 33.00000000 11.10530758
v 40.39501953 33.00000000 13.00000000
v 41.00000000 33.00000000 13.43968678
v 41.00000000 32.32324982 18.00000000
v 40.35300446 33.00000000 30.00000000
v 41.00000000 33.00000000 29.43939590
v 41.00000000 34.00000000 9.83548355
v 40.42027664 34.00000000 11.00000000
v 41.00000000 34.00000000 10.56681728
v 41.00000000 33.26018143 11.00000000
v 40.09020233 34.00000000 13.00000000
v 41.00000000 34.00000000 13.52338219
v 40.75866318 34.00000000 30.00000000
v 41.00000000 34.00000000 29.76656342
v 41.00000000 34.79813385 10.00000000
v 40.93595123 35.00000000 10.00000000
v 41.00000000 35.00000000 13.78439617
v 41.00000000 34.35519409 30.00000000
v 41.00000000 35.00000000 30.44163704
v 40.32159424 36.00000000 10.00000000
v 41.00000000 36.00000000 13.65099621
v 41.00000000 35.62731171 31.00000000
v 41.00000000 36.00000000 31.53485870
v 41.00000000 36.50006104 14.00000000
v 41.00000000 37.00000000 14.52160740
v 40.28101730 37.00000000 31.00000000
v 41.00000000 37.00000000 31.42678642
v 41.00000000 37.67335510 15.00000000
v 40.77650452 38.00000000 15.00000000
v 41.00000000 38.00000000 15.44729710
v 40.76071548 38.00000000 30.00000000
v 41.00000000 38.00000000 30.37231636
v 41.00000000 37.52246475 31.00000000
v 41.00000000 38.32641983 16.00000000
v 41.00000000 39.00000000 16.87595177
v 40.80047607 39.00000000 21.00000000
v 41.00000000 38.92252350 22.00000000
v 41.00000000 39.00000000 21.18717957
v 40.41179276 39.00000000 22.00000000
v 41.00000000 39.00000000 22.22661591
v 41.00000000 39.00000000 28.60747719
v 41.00000000 38.73451233 29.00000000
v 41.00000000 38.20256424 30.00000000
v 41.00000000 39.13911057 17.00000000
v 41.00000000 39.11618423 18.00000000
v 41.00000000 39.68577957 19.00000000
v 41.00000000 39.69477081 20.00000000
v 41.00000000 39.03073883 21.00000000
v 41.00000000 39.49090195 23.00000000
v 40.16648102 40.00000000 23.00000000
v 41.00000000 40.00000000 23.59882545
v 41.00000000 40.00000000 27.83580780
v 41.00000000 39.74266434 28.00000000
v 41.00000000 40.45294189 24.00000000
v 41.00000000 41.00000000 24.37797737
v 41.00000000 41.00000000 26.31967545
v 41.00000000 40.54054642 27.00000000
v 41.00000000 41.66912460 25.00000000
v 41.00000000 41.29120255 26.00000000
v 41.27921677 4.00000000 24.00000000
v 41.11767960 4.00000000 25.00000000
v 41.03385162 4.00000000 28.00000000
v 41.16190338 4.00000000 29.00000000
v 41.14234924 4.00000000 30.00000000
v 41.14998245 5.00000000 22.00000000
v 41.31104660 5.00000000 23.00000000
v 41.32232285 5.00000000 24.00000000
v 41.62405777 5.00000000 25.00000000
v 41.73342514 5.00000000 26.00000000
v 41.85509109 5.00000000 27.00000000
v 41.83907700 5.00000000 28.00000000
v 41.72868347 5.00000000 29.00000000
v 41.61320114 5.00000000 30.00000000
v 41.18053818 6.00000000 21.00000000
v 41.50488281 6.00000000 22.00000000
v 41.49847794 6.00000000 23.00000000
v 41.59687805 6.00000000 24.00000000
v 41.95099640 6.00000000 25.00000000
v 42.00000000 6.00000000 25.10480881
v 42.00000000 5.37609100 26.00000000
v 42.00000000 5.19869137 27.00000000
v 42.00000000 5.31608438 28.00000000
v 42.00000000 5.50962877 29.00000000
v 42.00000000 5.85550451 30.00000000
v 41.21174622 6.00000000 31.00000000
v 42.00000000 6.00000000 30.06935692
v 41.02613068 7.00000000 19.00000000
v 41.33979797 7.00000000 20.00000000
v 41.51948547 7.00000000 21.00000000
v 41.71157455 7.00000000 22.00000000
v 42.00000000 7.00000000 22.46309471
v 42.00000000 6.44899321 23.00000000
v 42.00000000 6.37299061 24.00000000
v 42.00000000 6.05689383 25.00000000
v 41.63602829 7.00000000 31.00000000
v 42.00000000 7.00000000 30.54673958
v 41.26951981 8.00000000 19.00000000
v 41.45071030 8.00000000 20.00000000
v 41.57300568 8.00000000 21.00000000
v 41.84219742 8.00000000 22.00000000
v 42.00000000 8.00000000 22.31302643
v 41.54324341 8.00000000 31.00000000
v 42.00000000 8.00000000 30.46926880
v 41.29796982 9.00000000 19.00000000
v 41.49312210 9.00000000 20.00000000
v 41.52846146 9.00000000 21.00000000
v 41.80349731 9.00000000 22.00000000
v 42.00000000 9.00000000 22.35120583
v 41.51980591 9.00000000 31.00000000
v 42.00000000 9.00000000 30.34839439
v 41.10461044 10.00000000 19.00000000
v 41.49637604 10.00000000 20.00000000
v 41.53062820 10.00000000 21.00000000
v 41.88642502 10.00000000 22.00000000
v 42.00000000 10.00000000 22.44987297
v 41.48797607 10.00000000 31.00000000
v 42.00000000 10.00000000 30.32169724
v 41.39216614 11.00000000 20.00000000
v 41.53343964 11.00000000 21.00000000
v 41.70613861 11.00000000 22.00000000
v 42.00000000 10.29572296 23.00000000
v 41.79746628 11.00000000 23.00000000
v 42.00000000 10.80155659 24.00000000
v 41.91887283 11.00000000 24.00000000
v 42.00000000 11.00000000 24.29813576
v 41.81066513 11.00000000 30.00000000
v 42.00000000 11.00000000 29.48547554
v 42.00000000 10.61455631 30.00000000
v 41.37619019 11.00000000 31.00000000
v 41.16395187 12.00000000 20.00000000
v 41.35504532 12.00000000 21.00000000
v 41.51322174 12.00000000 22.00000000
v 41.63249207 12.00000000 23.00000000
v 41.75722122 12.00000000 24.00000000
v 42.00000000 11.94309902 25.00000000
v 41.98981094 12.00000000 25.00000000
v 42.00000000 12.00000000 25.06188774
v 41.96880341 12.00000000 28.00000000
v 42.00000000 12.00000000 27.86686325
v 42.00000000 11.91127586 28.00000000
v 42.00000000 11.67860508 29.00000000
v 41.91100693 12.00000000 29.00000000
v 41.66499329 12.00000000 30.00000000
v 41.31492996 12.00000000 31.00000000
v 41.28786850 13.00000000 20.00000000
v 41.40217972 13.00000000 21.00000000
v 41.55738449 13.00000000 22.00000000
v 41.91085434 13.00000000 23.00000000
v 42.00000000 13.00000000 23.37507820
v 42.00000000 12.65281773 24.00000000
v 42.00000000 12.04007435 25.00000000
v 42.00000000 12.43009663 28.00000000
v 41.72760773 13.00000000 29.00000000
v 42.00000000 13.00000000 28.15146065
v 41.44750214 13.00000000 30.00000000
v 41.08541489 13.00000000 31.00000000
v 41.34757614 14.00000000 20.00000000
v 41.56811523 14.00000000 21.00000000
v 41.71767044 14.00000000 22.00000000
v 41.96095276 14.00000000 23.00000000
v 42.00000000 14.00000000 23.16943359
v 41.93762970 14.00000000 28.00000000
v 42.00000000 14.00000000 27.79071999
v 42.00000000 13.40950775 28.00000000
v 41.63570786 14.00000000 29.00000000
v 41.26132584 14.00000000 30.00000000
v 41.07386780 15.00000000 19.00000000
v 41.73443604 15.00000000 20.00000000
v 41.98160934 15.00000000 21.00000000
v 42.00000000 15.00000000 21.07849884
v 42.00000000 14.62271118 22.00000000
v 42.00000000 14.15455818 23.00000000
v 41.93611908 15.00000000 28.00000000
v 42.00000000 15.00000000 27.78998566
v 41.41947937 15.00000000 29.00000000
v 41.03420258 15.00000000 30.00000000
v 41.01193237 16.00000000 15.00000000
v 41.28120422 16.00000000 19.00000000
v 41.94348145 16.00000000 20.00000000
v 42.00000000 16.00000000 20.39358902
v 42.00000000 15.20877171 21.00000000
v 41.78236389 16.00000000 28.00000000
v 42.00000000 16.00000000 27.30631638
v 41.31832886 16.00000000 29.00000000
v 41.09349060 17.00000000 15.00000000
v 41.37095642 17.00000000 19.00000000
v 42.00000000 17.00000000 19.77695465
v 42.00000000 16.19435310 20.00000000
v 41.73992157 17.00000000 28.00000000
v 42.00000000 17.00000000 27.13103676
v 41.25293350 17.00000000 29.00000000
v 41.09597015 18.00000000 15.00000000
v 41.25918961 18.00000000 19.00000000
v 42.00000000 18.00000000 19.80327225
v 41.67709732 18.00000000 28.00000000
v 42.00000000 18.00000000 27.14282608
v 41.18124771 18.00000000 29.00000000
v 41.22023392 19.00000000 19.00000000
v 42.00000000 19.00000000 19.84897423
v 41.85874176 19.00000000 28.00000000
v 42.00000000 19.00000000 27.69771194
v 41.34035492 19.00000000 29.00000000
v 42.00000000 19.85089493 20.00000000
v 41.97574234 20.00000000 20.00000000
v 42.00000000 20.00000000 20.13984680
v 41.83981705 20.00000000 28.00000000
v 42.00000000 20.00000000 27.68215752
v 41.30692291 20.00000000 29.00000000
v 41.89628983 21.00000000 20.00000000
v 42.00000000 21.00000000 20.26743889
v 41.93115997 21.00000000 28.00000000
v 42.00000000 21.00000000 27.86785507
v 41.37403488 21.00000000 29.00000000
v 41.79083252 22.00000000 20.00000000
v 42.00000000 22.00000000 20.43686676
v 42.00000000 21.66417313 28.00000000
v 41.49116135 22.00000000 29.00000000
v 42.00000000 22.00000000 28.06517029
v 41.66224289 23.00000000 20.00000000
v 42.00000000 23.00000000 20.42430496
v 41.94335556 23.00000000 28.00000000
v 42.00000000 23.00000000 27.91717148
v 42.00000000 22.46998787 28.00000000
v 41.09672546 23.00000000 29.00000000
v 42.00000000 23.89135551 20.00000000
v 42.00000000 24.00000000 19.96251869
v 41.99424744 24.00000000 28.00000000
v 42.00000000 24.00000000 27.99098587
v 41.17323303 24.00000000 29.00000000
v 41.07736206 25.00000000 11.00000000
v 41.11247253 25.00000000 13.00000000
v 41.38884735 25.00000000 14.00000000
v 41.09619904 25.00000000 15.00000000
v 41.22091293 25.00000000 19.00000000
v 42.00000000 25.00000000 19.69913673
v 42.00000000 24.01911545 28.00000000
v 41.36666107 25.00000000 29.00000000
v 42.00000000 25.00000000 28.32638550
v 41.05662537 26.00000000 11.00000000
v 41.16152954 26.00000000 13.00000000
v 41.52555084 26.00000000 14.00000000
v 41.17968750 26.00000000 15.00000000
v 41.43049240 26.00000000 19.00000000
v 42.00000000 26.00000000 19.51380539
v 41.55303574 26.00000000 29.00000000
v 42.00000000 26.00000000 28.45490456
v 41.27985764 27.00000000 11.00000000
v 41.27329254 27.00000000 12.00000000
v 41.43268967 27.00000000 13.00000000
v 41.66410065 27.00000000 14.00000000
v 41.45417404 27.00000000 15.00000000
v 41.07739258 27.00000000 16.00000000
v 41.89546967 27.00000000 19.00000000
v 42.00000000 27.00000000 19.11829758
v 42.00000000 26.76069641 29.00000000
v 42.00000000 27.00000000 29.11478806
v 41.14638519 28.00000000 11.00000000
v 41.18807602 28.00000000 12.00000000
v 41.43152618 28.00000000 13.00000000
v 41.75474930 28.00000000 14.00000000
v 41.48862457 28.00000000 15.00000000
v 41.10353088 28.00000000 16.00000000
v 41.96365356 28.00000000 19.00000000
v 42.00000000 28.00000000 19.03938293
v 42.00000000 28.00000000 29.16619110
v 41.11123276 29.00000000 11.00000000
v 41.20582581 29.00000000 12.00000000
v 41.36160660 29.00000000 13.00000000
v 41.61063385 29.00000000 14.00000000
v 41.45309448 29.00000000 15.00000000
v 41.05970001 29.00000000 16.00000000
v 41.88028717 29.00000000 19.00000000
v 42.00000000 29.00000000 19.13445091
v 41.94107819 29.00000000 29.00000000
v 42.00000000 29.00000000 28.91614342
v 42.00000000 28.79633331 29.00000000
v 41.23588181 30.00000000 11.00000000
v 41.21148300 30.00000000 12.00000000
v 41.27421188 30.00000000 13.00000000
v 41.42361069 30.00000000 14.00000000
v 41.28676224 30.00000000 15.00000000
v 41.64100266 30.00000000 19.00000000
v 42.00000000 30.00000000 19.53794670
v 41.50995255 30.00000000 29.00000000
v 42.00000000 30.00000000 28.20175743
v 41.18948364 31.00000000 15.00000000
v 41.03636932 31.00000000 16.00000000
v 41.16572952 31.00000000 19.00000000
v 42.00000000 30.58647919 20.00000000
v 41.75261307 31.00000000 20.00000000
v 42.00000000 31.00000000 20.74905968
v 41.42877197 31.00000000 29.00000000
v 42.00000000 31.00000000 28.06474304
v 41.33538818 32.00000000 10.00000000
v 41.49051666 32.00000000 11.00000000
v 41.09584045 32.00000000 14.00000000
v 41.31787109 32.00000000 15.00000000
v 41.15116882 32.00000000 16.00000000
v 41.11366272 32.00000000 17.00000000
v 41.22330093 32.00000000 19.00000000
v 41.79262924 32.00000000 20.00000000
v 42.00000000 32.00000000 20.73225594
v 41.77445984 32.00000000 28.00000000
v 42.00000000 32.00000000 27.61331367
v 42.00000000 31.14154434 28.00000000
v 41.23597336 32.00000000 29.00000000
v 41.85785294 33.00000000 10.00000000
v 41.08053970 33.00000000 11.00000000
v 41.25611877 33.00000000 14.00000000
v 41.49774170 33.00000000 15.00000000
v 41.36083984 33.00000000 16.00000000
v 41.38311768 33.00000000 17.00000000
v 41.13621140 33.00000000 18.00000000
v 41.43520355 33.00000000 19.00000000
v 41.86657715 33.00000000 20.00000000
v 42.00000000 33.00000000 20.46519852
v 41.70675659 33.00000000 28.00000000
v 42.00000000 33.00000000 27.40720177
v 41.31575775 33.00000000 29.00000000
v 41.28160095 34.00000000 10.00000000
v 41.35155869 34.00000000 14.00000000
v 41.70095062 34.00000000 15.00000000
v 41.57289886 34.00000000 16.00000000
v 41.67496872 34.00000000 17.00000000
v 41.51293564 34.00000000 18.00000000
v 41.56147003 34.00000000 19.00000000
v 41.93976212 34.00000000 20.00000000
v 42.00000000 34.00000000 20.18690681
v 41.77280045 34.00000000 28.00000000
v 42.00000000 34.00000000 27.50252724
v 41.47856140 34.00000000 29.00000000
v 41.23516846 35.00000000 14.00000000
v 41.78105927 35.00000000 15.00000000
v 41.66407013 35.00000000 16.00000000
v 41.63942719 35.00000000 17.00000000
v 41.34735870 35.00000000 18.00000000
v 41.68352890 35.00000000 19.00000000
v 42.00000000 35.00000000 19.73672676
v 42.00000000 34.33294678 20.00000000
v 42.00000000 34.81671906 28.00000000
v 41.91168594 35.00000000 29.00000000
v 42.00000000 35.00000000 28.39858246
v 41.34200287 35.00000000 30.00000000
v 41.54077530 36.00000000 14.00000000
v 41.86005402 36.00000000 15.00000000
v 41.73305130 36.00000000 16.00000000
v 41.69165039 36.00000000 17.00000000
v 41.36769867 36.00000000 18.00000000
v 41.79077530 36.00000000 19.00000000
v 42.00000000 36.00000000 19.48175812
v 42.00000000 35.17195511 29.00000000
v 42.00000000 35.98730850 30.00000000
v 41.32366562 36.00000000 31.00000000
v 42.00000000 36.00000000 30.01551056
v 41.33273315 37.00000000 15.00000000
v 41.47706604 37.00000000 16.00000000
v 41.60073471 37.00000000 17.00000000
v 41.33763885 37.00000000 18.00000000
v 41.83823013 37.00000000 19.00000000
v 42.00000000 37.00000000 19.58745575
v 41.84280396 37.00000000 30.00000000
v 42.00000000 37.00000000 29.76398468
v 42.00000000 36.05911255 30.00000000
v 41.41793442 37.00000000 31.00000000
v 41.19306183 38.00000000 16.00000000
v 41.46263123 38.00000000 17.00000000
v 41.29117584 38.00000000 18.00000000
v 41.73429489 38.00000000 19.00000000
v 42.00000000 37.48586655 20.00000000
v 41.89112473 38.00000000 20.00000000
v 42.00000000 37.90806961 21.00000000
v 41.96246338 38.00000000 21.00000000
v 42.00000000 38.00000000 21.50332642
v 41.85587311 38.00000000 29.00000000
v 42.00000000 38.00000000 28.51056862
v 42.00000000 37.83034134 29.00000000
v 41.21315384 38.00000000 30.00000000
v 41.07172775 39.00000000 17.00000000
v 41.06153870 39.00000000 18.00000000
v 41.45805740 39.00000000 19.00000000
v 41.64077759 39.00000000 20.00000000
v 41.07707596 39.00000000 21.00000000
v 42.00000000 38.16865540 22.00000000
v 42.00000000 38.88233185 23.00000000
v 41.83858490 39.00000000 23.00000000
v 42.00000000 39.00000000 23.19679832
v 41.94645691 39.00000000 28.00000000
v 42.00000000 39.00000000 27.97238350
v 42.00000000 38.84735870 28.00000000
v 42.00000000 39.40834427 24.00000000
v 41.37902832 40.00000000 24.00000000
v 42.00000000 40.00000000 24.45919991
v 42.00000000 40.00000000 27.23804665
v 42.00000000 40.80369949 25.00000000
v 41.80834579 41.00000000 25.00000000
v 42.00000000 40.94323349 26.00000000
v 41.86868668 41.00000000 26.00000000
v 42.00000000 40.21453476 27.00000000
v 42.39486694 6.00000000 26.00000000
v 42.49669647 6.00000000 27.00000000
v 42.30809402 6.00000000 28.00000000
v 42.22435760 6.00000000 29.00000000
v 42.04712296 6.00000000 30.00000000
v 42.45407867 7.00000000 23.00000000
v 42.39032745 7.00000000 24.00000000
v 42.39444733 7.00000000 25.00000000
v 42.72402573 7.00000000 26.00000000
v 42.92503357 7.00000000 27.00000000
v 42.74322891 7.00000000 28.00000000
v 42.58243179 7.00000000 29.00000000
v 42.33813095 7.00000000 30.00000000
v 42.52641296 8.00000000 23.00000000
v 42.55737686 8.00000000 24.00000000
v 42.54102707 8.00000000 25.00000000
v 42.82084656 8.00000000 26.00000000
v 42.93515778 8.00000000 27.00000000
v 42.77983475 8.00000000 28.00000000
v 42.59467697 8.00000000 29.00000000
v 42.31990051 8.00000000 30.00000000
v 42.48394775 9.00000000 23.00000000
v 42.45623016 9.00000000 24.00000000
v 42.64725876 9.00000000 25.00000000
v 42.78070068 9.00000000 26.00000000
v 42.96984863 9.00000000 27.00000000
v 42.79113388 9.00000000 28.00000000
v 42.59038162 9.00000000 29.00000000
v 42.22482300 9.00000000 30.00000000
v 42.12152100 10.00000000 23.00000000
v 42.37490082 10.00000000 24.00000000
v 42.52852249 10.00000000 25.00000000
v 42.83868027 10.00000000 26.00000000
v 42.84663010 10.00000000 27.00000000
v 42.78137207 10.00000000 28.00000000
v 42.50265503 10.00000000 29.00000000
v 42.21456528 10.00000000 30.00000000
v 42.23390198 11.00000000 25.00000000
v 42.51998901 11.00000000 26.00000000
v 42.62445068 11.00000000 27.00000000
v 42.39185333 11.00000000 28.00000000
v 42.20539093 11.00000000 29.00000000
v 42.19819260 12.00000000 26.00000000
v 42.24200821 12.00000000 27.00000000
v 42.13732529 13.00000000 24.00000000
v 42.24187851 13.00000000 25.00000000
v 42.26805115 13.00000000 26.00000000
v 42.26327515 13.00000000 27.00000000
v 42.04440308 13.00000000 28.00000000
v 42.19499588 14.00000000 24.00000000
v 42.24096680 14.00000000 25.00000000
v 42.20523834 14.00000000 26.00000000
v 42.21554565 14.00000000 27.00000000
v 42.12551498 15.00000000 22.00000000
v 42.20484924 15.00000000 23.00000000
v 42.33732605 15.00000000 24.00000000
v 42.40462875 15.00000000 25.00000000
v 42.38562012 15.00000000 26.00000000
v 42.21902466 15.00000000 27.00000000
v 42.04209137 16.00000000 21.00000000
v 42.12819290 16.00000000 22.00000000
v 42.18043518 16.00000000 23.00000000
v 42.30370331 16.00000000 24.00000000
v 42.31713104 16.00000000 25.00000000
v 42.31106949 16.00000000 26.00000000
v 42.09089279 16.00000000 27.00000000
v 42.09995270 17.00000000 20.00000000
v 42.13198090 17.00000000 21.00000000
v 42.22104645 17.00000000 22.00000000
v 42.19607162 17.00000000 23.00000000
v 42.31450272 17.00000000 24.00000000
v 42.31237411 17.00000000 25.00000000
v 42.24794769 17.00000000 26.00000000
v 42.03130341 17.00000000 27.00000000
v 42.10461426 18.00000000 20.00000000
v 42.24666214 18.00000000 21.00000000
v 42.20246506 18.00000000 22.00000000
v 42.16511917 18.00000000 23.00000000
v 42.24859238 18.00000000 24.00000000
v 42.24078369 18.00000000 25.00000000
v 42.24608994 18.00000000 26.00000000
v 42.04472351 18.00000000 27.00000000
v 42.12215424 19.00000000 20.00000000
v 42.27853775 19.00000000 21.00000000
v 42.14170074 19.00000000 22.00000000
v 42.12233353 19.00000000 23.00000000
v 42.20421600 19.00000000 24.00000000
v 42.27524185 19.00000000 25.00000000
v 42.36355591 19.00000000 26.00000000
v 42.24638367 19.00000000 27.00000000
v 42.14586639 20.00000000 21.00000000
v 42.15392303 20.00000000 22.00000000
v 42.16828156 20.00000000 23.00000000
v 42.28216934 20.00000000 24.00000000
v 42.35768509 20.00000000 25.00000000
v 42.42139435 20.00000000 26.00000000
v 42.29822159 20.00000000 27.00000000
v 42.23576736 21.00000000 21.00000000
v 42.23781967 21.00000000 22.00000000
v 42.25581360 21.00000000 23.00000000
v 42.35312271 21.00000000 24.00000000
v 42.40325928 21.00000000 25.00000000
v 42.50415802 21.00000000 26.00000000
v 42.42857742 21.00000000 27.00000000
v 42.26480484 22.00000000 21.00000000
v 42.21795273 22.00000000 22.00000000
v 42.31310272 22.00000000 23.00000000
v 42.34249496 22.00000000 24.00000000
v 42.42643356 22.00000000 25.00000000
v 42.56624603 22.00000000 26.00000000
v 42.60857773 22.00000000 27.00000000
v 42.03633499 22.00000000 28.00000000
v 42.36592484 23.00000000 21.00000000
v 42.43841934 23.00000000 22.00000000
v 42.31756592 23.00000000 23.00000000
v 42.33901596 23.00000000 24.00000000
v 42.32405472 23.00000000 25.00000000
v 42.55718613 23.00000000 26.00000000
v 42.53394318 23.00000000 27.00000000
v 42.03612900 24.00000000 20.00000000
v 42.54154205 24.00000000 21.00000000
v 42.49046326 24.00000000 22.00000000
v 42.36684799 24.00000000 23.00000000
v 42.32901001 24.00000000 24.00000000
v 42.29370117 24.00000000 25.00000000
v 42.56806564 24.00000000 26.00000000
v 42.58422852 24.00000000 27.00000000
v 42.33569717 25.00000000 20.00000000
v 42.79034042 25.00000000 21.00000000
v 42.70318985 25.00000000 22.00000000
v 42.57741928 25.00000000 23.00000000
v 42.51074600 25.00000000 24.00000000
v 42.59961700 25.00000000 25.00000000
v 42.73592758 25.00000000 26.00000000
v 42.71559143 25.00000000 27.00000000
v 42.25172806 25.00000000 28.00000000
v 42.46440506 26.00000000 20.00000000
v 42.86102295 26.00000000 21.00000000
v 42.89005661 26.00000000 22.00000000
v 42.74289703 26.00000000 23.00000000
v 42.70689011 26.00000000 24.00000000
v 42.71670914 26.00000000 25.00000000
v 42.87225723 26.00000000 26.00000000
v 42.78194427 26.00000000 27.00000000
v 42.34267807 26.00000000 28.00000000
v 42.54626083 27.00000000 20.00000000
v 42.84059143 27.00000000 21.00000000
v 42.92600632 27.00000000 22.00000000
v 42.93864059 27.00000000 23.00000000
v 42.86089706 27.00000000 24.00000000
v 42.88891602 27.00000000 25.00000000
v 42.98270798 27.00000000 26.00000000
v 42.82220840 27.00000000 27.00000000
v 42.52550507 27.00000000 28.00000000
v 42.10160446 27.00000000 29.00000000
v 42.54558945 28.00000000 20.00000000
v 42.86204910 28.00000000 21.00000000
v 42.97159576 28.00000000 22.00000000
v 43.00000000 28.00000000 22.43966103
v 43.00000000 27.58772469 23.00000000
v 42.96912003 28.00000000 24.00000000
v 43.00000000 28.00000000 23.56451225
v 43.00000000 28.00000000 24.45844650
v 43.00000000 27.74599266 25.00000000
v 43.00000000 27.17619324 26.00000000
v 42.99777603 28.00000000 27.00000000
v 43.00000000 28.00000000 26.97978401
v 42.61565781 28.00000000 28.00000000
v 42.16687012 28.00000000 29.00000000
v 42.50889587 29.00000000 20.00000000
v 42.70252991 29.00000000 21.00000000
v 42.85671616 29.00000000 22.00000000
v 43.00000000 28.40288734 23.00000000
v 42.92710876 29.00000000 23.00000000
v 42.79769897 29.00000000 24.00000000
v 43.00000000 28.37577438 25.00000000
v 42.93127823 29.00000000 25.00000000
v 43.00000000 29.00000000 25.87066269
v 42.94944382 29.00000000 27.00000000
v 43.00000000 29.00000000 26.24433136
v 42.45640182 29.00000000 28.00000000
v 42.22098160 30.00000000 20.00000000
v 42.44594574 30.00000000 21.00000000
v 42.59641266 30.00000000 22.00000000
v 42.54833221 30.00000000 23.00000000
v 42.53565598 30.00000000 24.00000000
v 42.62882614 30.00000000 25.00000000
v 43.00000000 29.06299973 26.00000000
v 42.84321213 30.00000000 26.00000000
v 42.71962357 30.00000000 27.00000000
v 42.10861206 30.00000000 28.00000000
v 42.06005096 31.00000000 21.00000000
v 42.23155212 31.00000000 22.00000000
v 42.26858139 31.00000000 23.00000000
v 42.32955933 31.00000000 24.00000000
v 42.41620636 31.00000000 25.00000000
v 42.54603958 31.00000000 26.00000000
v 42.51121521 31.00000000 27.00000000
v 42.03255844 31.00000000 28.00000000
v 42.05003357 32.00000000 21.00000000
v 42.22292709 32.00000000 22.00000000
v 42.32506943 32.00000000 23.00000000
v 42.33403778 32.00000000 24.00000000
v 42.34145355 32.00000000 25.00000000
v 42.40401077 32.00000000 26.00000000
v 42.30698395 32.00000000 27.00000000
v 42.14543533 33.00000000 21.00000000
v 42.28674698 33.00000000 22.00000000
v 42.36960602 33.00000000 23.00000000
v 42.37136841 33.00000000 24.00000000
v 42.41904831 33.00000000 25.00000000
v 42.40514374 33.00000000 26.00000000
v 42.20329285 33.00000000 27.00000000
v 42.23034286 34.00000000 21.00000000
v 42.47394180 34.00000000 22.00000000
v 42.51648331 34.00000000 23.00000000
v 42.44649506 34.00000000 24.00000000
v 42.45097733 34.00000000 25.00000000
v 42.45364380 34.00000000 26.00000000
v 42.24261093 34.00000000 27.00000000
v 42.11489487 35.00000000 20.00000000
v 42.33636093 35.00000000 21.00000000
v 42.44137192 35.00000000 22.00000000
v 42.43791962 35.00000000 23.00000000
v 42.39853287 35.00000000 24.00000000
v 42.50249481 35.00000000 25.00000000
v 42.53282166 35.00000000 26.00000000
v 42.35211945 35.00000000 27.00000000
v 42.05478287 35.00000000 28.00000000
v 42.23299408 36.00000000 20.00000000
v 42.51630020 36.00000000 21.00000000
v 42.66352844 36.00000000 22.00000000
v 42.71686554 36.00000000 23.00000000
v 42.59651566 36.00000000 24.00000000
v 42.77693176 36.00000000 25.00000000
v 42.79134750 36.00000000 26.00000000
v 42.74809647 36.00000000 27.00000000
v 42.46167374 36.00000000 28.00000000
v 42.32617569 36.00000000 29.00000000
v 42.00491714 36.00000000 30.00000000
v 42.14934158 37.00000000 20.00000000
v 42.43449020 37.00000000 21.00000000
v 42.56408310 37.00000000 22.00000000
v 42.73485947 37.00000000 23.00000000
v 42.64000702 37.00000000 24.00000000
v 42.86709213 37.00000000 25.00000000
v 43.00000000 37.00000000 25.98687935
v 43.00000000 36.99114990 26.00000000
v 42.84500504 37.00000000 27.00000000
v 43.00000000 37.00000000 26.01653481
v 42.43564987 37.00000000 28.00000000
v 42.35265350 37.00000000 29.00000000
v 42.06470871 38.00000000 22.00000000
v 42.43722534 38.00000000 23.00000000
v 42.55325317 38.00000000 24.00000000
v 42.79088211 38.00000000 25.00000000
v 43.00000000 37.00969696 26.00000000
v 42.77409744 38.00000000 26.00000000
v 42.56743622 38.00000000 27.00000000
v 42.08247375 38.00000000 28.00000000
v 42.26128387 39.00000000 24.00000000
v 42.82880402 39.00000000 25.00000000
v 43.00000000 39.00000000 25.75892448
v 43.00000000 38.84803009 26.00000000
v 42.66229630 39.00000000 27.00000000
v 43.00000000 39.00000000 26.15548706
v 42.36698914 40.00000000 25.00000000
v 43.00000000 39.11016846 26.00000000
v 42.53948593 40.00000000 26.00000000
v 42.16713715 40.00000000 27.00000000
v 43.04995346 28.00000000 23.00000000
v 43.04411316 28.00000000 25.00000000
v 43.08332062 28.00000000 26.00000000
v 43.01325989 29.00000000 26.00000000
v 43.00251389 37.00000000 26.00000000
v 43.03717422 39.00000000 26.00000000
f 3 2 1
f 4 1 2
f 7 6 5
f 9 8 5
f 9 5 6
f 11 10 8
f 11 8 9
f 12 10 11
f 15 14 13
f 17 16 13
f 17 13 14
f 18 16 17
f 21 20 19
f 23 22 19
f 23 19 20
f 25 24 22
f 25 22 23
f 26 24 25
f 29 28 27
f 27 28 3
f 1 27 3
f 30 27 1
f 1 4 31
f 32 1 31
f 30 1 32
f 33 32 31
f 36 35 34
f 38 37 34
f 38 34 35
f 40 39 37
f 40 37 38
f 39 40 7
f 5 39 7
f 41 39 5
f 42 5 8
f 41 5 42
f 43 8 10
f 42 8 43
f 10 12 44
f 10 44 43
f 45 15 13
f 45 13 16
f 45 16 46
f 46 16 18
f 47 21 19
f 49 48 47
f 19 49 47
f 22 49 19
f 50 22 24
f 49 22 50
f 24 26 51
f 24 51 50
f 52 29 27
f 54 53 52
f 27 54 52
f 30 54 27
f 32 56 55
f 54 32 55
f 30 32 54
f 56 32 33
f 36 34 57
f 36 57 58
f 59 34 37
f 57 34 59
f 60 37 39
f 59 37 60
f 61 39 41
f 60 39 61
f 62 41 42
f 61 41 62
f 63 42 43
f 62 42 63
f 43 44 64
f 43 64 63
f 48 49 65
f 48 65 66
f 50 68 67
f 65 50 67
f 49 50 65
f 68 50 51
f 71 70 69
f 69 70 53
f 54 69 53
f 72 69 54
f 54 55 73
f 74 54 73
f 72 54 74
f 75 74 73
f 58 57 76
f 58 76 77
f 78 57 59
f 76 57 78
f 79 59 60
f 78 59 79
f 80 60 61
f 79 60 80
f 81 61 62
f 80 61 81
f 63 83 82
f 81 63 82
f 62 63 81
f 83 63 64
f 84 66 65
f 84 65 67
f 85 71 69
f 85 69 72
f 85 72 86
f 88 87 86
f 72 88 86
f 74 88 72
f 74 75 89
f 74 89 88
f 90 77 76
f 92 91 90
f 76 92 90
f 78 92 76
f 93 78 79
f 92 78 93
f 94 79 80
f 93 79 94
f 81 96 95
f 94 81 95
f 80 81 94
f 96 81 82
f 97 87 88
f 97 88 89
f 91 92 98
f 91 98 99
f 100 92 93
f 98 92 100
f 94 102 101
f 100 94 101
f 93 94 100
f 102 94 95
f 105 104 103
f 103 104 99
f 98 103 99
f 106 103 98
f 107 98 100
f 106 98 107
f 100 101 108
f 109 100 108
f 107 100 109
f 110 109 108
f 105 103 111
f 105 111 112
f 113 103 106
f 111 103 113
f 114 106 107
f 113 106 114
f 115 107 109
f 114 107 115
f 109 110 116
f 109 116 115
f 117 112 111
f 119 118 117
f 111 119 117
f 113 119 111
f 120 113 114
f 119 113 120
f 121 114 115
f 120 114 121
f 115 116 122
f 115 122 121
f 123 118 119
f 125 124 123
f 119 125 123
f 120 125 119
f 126 120 121
f 125 120 126
f 121 122 127
f 121 127 126
f 128 124 125
f 128 125 126
f 128 126 129
f 129 126 127
f 132 131 130
f 134 133 130
f 134 130 131
f 135 133 134
f 132 130 136
f 132 136 137
f 138 130 133
f 136 130 138
f 133 135 139
f 133 139 138
f 137 136 140
f 137 140 141
f 142 136 138
f 140 136 142
f 138 139 143
f 138 143 142
f 141 140 144
f 141 144 145
f 146 140 142
f 144 140 146
f 142 143 147
f 142 147 146
f 145 144 148
f 145 148 149
f 150 144 146
f 148 144 150
f 146 147 151
f 146 151 150
f 152 149 148
f 152 148 150
f 152 150 153
f 153 150 151
f 156 155 154
f 157 154 155
f 160 159 158
f 162 161 158
f 162 158 159
f 163 161 162
f 164 156 154
f 164 154 157
f 165 160 158
f 165 158 161
f 165 161 166
f 166 161 163
f 169 168 167
f 171 170 167
f 171 167 168
f 172 170 171
f 175 174 173
f 177 176 173
f 177 173 174
f 179 178 176
f 179 176 177
f 181 180 178
f 181 178 179
f 183 182 180
f 183 180 181
f 185 184 182
f 185 182 183
f 187 186 184
f 187 184 185
f 189 188 186
f 189 186 187
f 191 190 188
f 191 188 189
f 193 192 190
f 193 190 191
f 194 192 193
f 169 167 195
f 169 195 196
f 197 167 170
f 195 167 197
f 170 172 198
f 199 170 198
f 197 170 199
f 200 199 198
f 175 173 201
f 175 201 202
f 203 173 176
f 201 173 203
f 204 176 178
f 203 176 204
f 205 178 180
f 204 178 205
f 206 180 182
f 205 180 206
f 207 182 184
f 206 182 207
f 208 184 186
f 207 184 208
f 209 186 188
f 208 186 209
f 210 188 190
f 209 188 210
f 211 190 192
f 210 190 211
f 192 194 212
f 192 212 211
f 196 195 213
f 196 213 214
f 215 195 197
f 213 195 215
f 216 197 199
f 215 197 216
f 199 200 217
f 199 217 216
f 220 219 218
f 218 219 202
f 201 218 202
f 221 218 201
f 222 201 203
f 221 201 222
f 223 203 204
f 222 203 223
f 224 204 205
f 223 204 224
f 225 205 206
f 224 205 225
f 226 206 207
f 225 206 226
f 227 207 208
f 226 207 227
f 228 208 209
f 227 208 228
f 229 209 210
f 228 209 229
f 230 210 211
f 229 210 230
f 211 212 231
f 211 231 230
f 234 233 232
f 236 235 232
f 236 232 233
f 237 235 236
f 238 214 213
f 240 239 238
f 213 240 238
f 215 240 213
f 216 242 241
f 240 216 241
f 215 216 240
f 242 216 217
f 243 220 218
f 243 218 221
f 243 221 244
f 244 221 222
f 244 222 245
f 247 246 245
f 222 247 245
f 223 247 222
f 248 223 224
f 247 223 248
f 249 224 225
f 248 224 249
f 250 225 226
f 249 225 250
f 251 226 227
f 250 226 251
f 252 227 228
f 251 227 252
f 253 228 229
f 252 228 253
f 230 255 254
f 253 230 254
f 229 230 253
f 255 230 231
f 256 234 232
f 256 232 235
f 256 235 257
f 257 235 237
f 258 239 240
f 258 240 241
f 259 246 247
f 259 247 248
f 259 248 260
f 260 248 249
f 260 249 261
f 261 249 250
f 261 250 262
f 262 250 251
f 262 251 263
f 263 251 252
f 263 252 264
f 264 252 253
f 264 253 265
f 265 253 254
f 268 267 266
f 270 269 266
f 270 266 267
f 272 271 269
f 272 269 270
f 274 273 271
f 274 271 272
f 276 275 273
f 276 273 274
f 278 277 275
f 278 275 276
f 280 279 277
f 280 277 278
f 282 281 279
f 282 279 280
f 284 283 281
f 284 281 282
f 286 285 283
f 286 283 284
f 2 3 285
f 286 2 285
f 287 2 286
f 289 288 4
f 2 289 4
f 287 289 2
f 291 290 288
f 291 288 289
f 293 292 290
f 293 290 291
f 295 294 292
f 295 292 293
f 297 296 294
f 297 294 295
f 6 7 296
f 297 6 296
f 298 6 297
f 6 299 9
f 298 299 6
f 9 300 11
f 299 300 9
f 302 301 12
f 11 302 12
f 300 302 11
f 304 303 301
f 304 301 302
f 306 305 303
f 306 303 304
f 308 307 305
f 308 305 306
f 310 309 307
f 310 307 308
f 312 311 309
f 312 309 310
f 313 311 312
f 316 315 314
f 317 314 315
f 268 266 318
f 268 318 319
f 15 318 14
f 318 269 14
f 318 266 269
f 14 269 17
f 17 269 271
f 17 271 18
f 271 320 18
f 271 273 320
f 21 320 20
f 320 275 20
f 320 273 275
f 20 275 23
f 23 275 277
f 23 277 25
f 25 277 279
f 25 279 26
f 279 321 26
f 279 281 321
f 322 281 283
f 321 281 322
f 29 322 28
f 322 285 28
f 322 283 285
f 28 285 3
f 288 31 4
f 31 288 33
f 288 323 33
f 288 290 323
f 36 323 35
f 323 292 35
f 323 290 292
f 35 292 38
f 38 292 294
f 38 294 40
f 40 294 296
f 40 296 7
f 324 44 301
f 301 44 12
f 325 301 303
f 324 301 325
f 326 303 305
f 325 303 326
f 327 305 307
f 326 305 327
f 328 307 309
f 327 307 328
f 329 309 311
f 328 309 329
f 311 313 330
f 331 311 330
f 329 311 331
f 331 330 316
f 314 331 316
f 332 331 314
f 314 317 333
f 314 333 332
f 334 319 318
f 336 334 335
f 335 334 45
f 334 318 45
f 318 15 45
f 46 337 45
f 45 337 335
f 18 320 46
f 320 337 46
f 320 338 337
f 47 339 21
f 339 320 21
f 339 338 320
f 48 339 47
f 340 51 321
f 321 51 26
f 341 321 322
f 340 321 341
f 52 342 29
f 342 322 29
f 342 341 322
f 53 342 52
f 343 55 56
f 33 323 56
f 323 343 56
f 323 344 343
f 58 344 36
f 36 344 323
f 345 64 324
f 324 64 44
f 346 324 325
f 345 324 346
f 347 325 326
f 346 325 347
f 348 326 327
f 347 326 348
f 349 327 328
f 348 327 349
f 350 328 329
f 349 328 350
f 331 352 351
f 350 331 351
f 329 331 350
f 352 331 332
f 352 332 353
f 353 332 333
f 354 336 335
f 354 335 337
f 354 337 355
f 355 337 338
f 355 338 356
f 358 357 356
f 338 358 356
f 339 358 338
f 66 358 48
f 48 358 339
f 359 67 68
f 51 340 68
f 340 359 68
f 340 360 359
f 361 340 341
f 360 340 361
f 71 361 70
f 361 342 70
f 361 341 342
f 70 342 53
f 343 73 55
f 73 343 75
f 343 362 75
f 343 344 362
f 77 362 58
f 58 362 344
f 363 82 83
f 64 345 83
f 345 363 83
f 345 364 363
f 365 345 346
f 364 345 365
f 366 346 347
f 365 346 366
f 367 347 348
f 366 347 367
f 368 348 349
f 367 348 368
f 369 349 350
f 368 349 369
f 350 351 370
f 350 370 369
f 371 357 358
f 373 371 372
f 372 371 84
f 371 358 84
f 358 66 84
f 67 359 84
f 359 372 84
f 359 374 372
f 375 359 360
f 374 359 375
f 376 360 361
f 375 360 376
f 85 377 71
f 377 361 71
f 377 376 361
f 86 378 85
f 85 378 377
f 87 378 86
f 379 89 362
f 362 89 75
f 90 380 77
f 380 362 77
f 380 379 362
f 91 380 90
f 381 95 96
f 82 363 96
f 363 381 96
f 363 382 381
f 383 363 364
f 382 363 383
f 365 385 384
f 383 365 384
f 364 365 383
f 385 365 366
f 385 366 386
f 386 366 367
f 386 367 387
f 389 388 387
f 367 389 387
f 368 389 367
f 390 368 369
f 389 368 390
f 369 370 391
f 369 391 390
f 392 373 372
f 394 393 392
f 372 394 392
f 374 394 372
f 395 374 375
f 394 374 395
f 396 375 376
f 395 375 396
f 397 376 377
f 396 376 397
f 398 377 378
f 397 377 398
f 97 399 87
f 399 378 87
f 399 398 378
f 89 379 97
f 379 399 97
f 379 400 399
f 401 379 380
f 400 379 401
f 99 401 91
f 91 401 380
f 402 101 102
f 95 381 102
f 381 402 102
f 381 403 402
f 404 381 382
f 403 381 404
f 383 406 405
f 404 383 405
f 382 383 404
f 406 383 384
f 388 389 407
f 388 407 408
f 390 410 409
f 407 390 409
f 389 390 407
f 410 390 391
f 411 393 394
f 413 412 411
f 394 413 411
f 395 413 394
f 414 395 396
f 413 395 414
f 415 396 397
f 414 396 415
f 416 397 398
f 415 397 416
f 417 398 399
f 416 398 417
f 418 399 400
f 417 399 418
f 105 418 104
f 418 401 104
f 418 400 401
f 104 401 99
f 402 108 101
f 108 402 110
f 402 419 110
f 402 403 419
f 420 403 404
f 419 403 420
f 404 405 421
f 422 404 421
f 420 404 422
f 423 422 421
f 426 425 424
f 424 425 408
f 407 424 408
f 427 424 407
f 407 409 428
f 429 407 428
f 427 407 429
f 430 429 428
f 433 432 431
f 435 434 431
f 435 431 432
f 436 434 435
f 412 413 437
f 412 437 438
f 439 413 414
f 437 413 439
f 440 414 415
f 439 414 440
f 441 415 416
f 440 415 441
f 442 416 417
f 441 416 442
f 443 417 418
f 442 417 443
f 112 443 105
f 105 443 418
f 444 116 419
f 419 116 110
f 445 419 420
f 444 419 445
f 446 420 422
f 445 420 446
f 422 423 447
f 422 447 446
f 426 424 448
f 426 448 449
f 450 424 427
f 448 424 450
f 451 427 429
f 450 427 451
f 429 430 452
f 429 452 451
f 455 454 453
f 453 454 433
f 431 453 433
f 456 453 431
f 457 431 434
f 456 431 457
f 434 436 458
f 434 458 457
f 459 438 437
f 459 437 439
f 459 439 460
f 462 461 460
f 439 462 460
f 440 462 439
f 463 440 441
f 462 440 463
f 464 441 442
f 463 441 464
f 465 442 443
f 464 442 465
f 117 466 112
f 466 443 112
f 466 465 443
f 118 466 117
f 467 122 444
f 444 122 116
f 468 444 445
f 467 444 468
f 469 445 446
f 468 445 469
f 446 447 470
f 471 446 470
f 469 446 471
f 473 472 471
f 473 471 470
f 472 473 449
f 448 472 449
f 474 472 448
f 475 448 450
f 474 448 475
f 476 450 451
f 475 450 476
f 451 452 477
f 451 477 476
f 478 455 453
f 480 479 478
f 453 480 478
f 456 480 453
f 481 456 457
f 480 456 481
f 457 458 482
f 457 482 481
f 461 462 483
f 461 483 484
f 485 462 463
f 483 462 485
f 486 463 464
f 485 463 486
f 487 464 465
f 486 464 487
f 488 465 466
f 487 465 488
f 123 489 118
f 489 466 118
f 489 488 466
f 124 489 123
f 490 127 467
f 467 127 122
f 491 467 468
f 490 467 491
f 492 468 469
f 491 468 492
f 493 469 471
f 492 469 493
f 494 471 472
f 493 471 494
f 495 472 474
f 494 472 495
f 496 474 475
f 495 474 496
f 497 475 476
f 496 475 497
f 476 477 498
f 476 498 497
f 479 480 499
f 479 499 500
f 501 480 481
f 499 480 501
f 481 482 502
f 481 502 501
f 503 484 483
f 505 504 503
f 483 505 503
f 485 505 483
f 506 485 486
f 505 485 506
f 507 486 487
f 506 486 507
f 508 487 488
f 507 487 508
f 509 488 489
f 508 488 509
f 128 510 124
f 510 489 124
f 510 509 489
f 129 511 128
f 128 511 510
f 127 490 129
f 490 511 129
f 490 512 511
f 513 490 491
f 512 490 513
f 514 491 492
f 513 491 514
f 515 492 493
f 514 492 515
f 494 517 516
f 515 494 516
f 493 494 515
f 517 494 495
f 517 495 518
f 518 495 496
f 518 496 519
f 519 496 497
f 519 497 520
f 520 497 498
f 500 499 521
f 500 521 522
f 501 524 523
f 521 501 523
f 499 501 521
f 524 501 502
f 525 504 505
f 525 505 506
f 525 506 526
f 528 527 526
f 506 528 526
f 507 528 506
f 529 507 508
f 528 507 529
f 530 508 509
f 529 508 530
f 531 509 510
f 530 509 531
f 532 510 511
f 531 510 532
f 533 511 512
f 532 511 533
f 534 512 513
f 533 512 534
f 535 513 514
f 534 513 535
f 515 537 536
f 535 515 536
f 514 515 535
f 537 515 516
f 522 521 538
f 522 538 539
f 521 523 540
f 541 521 540
f 538 521 541
f 543 542 541
f 543 541 540
f 544 542 543
f 547 546 545
f 548 545 546
f 549 527 528
f 549 528 529
f 549 529 550
f 552 551 550
f 529 552 550
f 530 552 529
f 553 530 531
f 552 530 553
f 554 531 532
f 553 531 554
f 555 532 533
f 554 532 555
f 556 533 534
f 555 533 556
f 535 558 557
f 556 535 557
f 534 535 556
f 558 535 536
f 539 538 559
f 539 559 560
f 561 538 541
f 559 538 561
f 562 541 542
f 561 541 562
f 542 544 563
f 564 542 563
f 562 542 564
f 565 564 563
f 568 567 566
f 566 570 569
f 566 545 570
f 566 567 547
f 545 566 547
f 570 545 548
f 571 551 552
f 573 572 571
f 552 573 571
f 553 573 552
f 574 553 554
f 573 553 574
f 575 554 555
f 574 554 575
f 576 555 556
f 575 555 576
f 556 557 577
f 556 577 576
f 560 559 578
f 560 578 579
f 580 559 561
f 578 559 580
f 581 561 562
f 580 561 581
f 582 562 564
f 581 562 582
f 564 565 583
f 564 583 582
f 568 566 584
f 568 584 585
f 566 569 586
f 587 566 586
f 584 566 587
f 588 587 586
f 572 573 589
f 572 589 590
f 591 573 574
f 589 573 591
f 592 574 575
f 591 574 592
f 593 575 576
f 592 575 593
f 576 577 594
f 576 594 593
f 579 578 595
f 579 595 596
f 597 578 580
f 595 578 597
f 598 580 581
f 597 580 598
f 599 581 582
f 598 581 599
f 582 583 600
f 582 600 599
f 585 584 601
f 585 601 602
f 603 584 587
f 601 584 603
f 587 588 604
f 587 604 603
f 590 589 605
f 590 605 606
f 607 589 591
f 605 589 607
f 608 591 592
f 607 591 608
f 609 592 593
f 608 592 609
f 593 594 610
f 593 610 609
f 596 595 611
f 596 611 612
f 597 614 613
f 611 597 613
f 595 597 611
f 616 615 614
f 597 616 614
f 598 616 597
f 617 598 599
f 616 598 617
f 599 600 618
f 599 618 617
f 602 601 131
f 132 602 131
f 619 602 132
f 131 601 134
f 134 601 603
f 135 134 603
f 604 135 603
f 620 135 604
f 623 622 621
f 625 624 621
f 625 621 622
f 624 625 606
f 605 624 606
f 626 624 605
f 627 605 607
f 626 605 627
f 628 607 608
f 627 607 628
f 609 630 629
f 628 609 629
f 608 609 628
f 630 609 610
f 631 612 611
f 631 611 613
f 615 616 632
f 615 632 633
f 634 616 617
f 632 616 634
f 617 618 635
f 617 635 634
f 137 619 132
f 137 636 619
f 620 139 135
f 637 139 620
f 640 639 638
f 642 641 638
f 642 638 639
f 641 642 623
f 621 641 623
f 643 641 621
f 644 621 624
f 643 621 644
f 645 624 626
f 644 624 645
f 646 626 627
f 645 626 646
f 647 627 628
f 646 627 647
f 628 629 648
f 628 648 647
f 649 633 632
f 651 650 649
f 632 651 649
f 634 651 632
f 634 635 652
f 634 652 651
f 141 636 137
f 141 653 636
f 637 143 139
f 654 143 637
f 640 638 655
f 640 655 656
f 657 638 641
f 655 638 657
f 658 641 643
f 657 641 658
f 659 643 644
f 658 643 659
f 660 644 645
f 659 644 660
f 661 645 646
f 660 645 661
f 647 663 662
f 661 647 662
f 646 647 661
f 663 647 648
f 666 665 664
f 668 667 664
f 668 664 665
f 670 669 667
f 670 667 668
f 671 669 670
f 650 651 672
f 650 672 673
f 651 652 674
f 651 674 672
f 145 653 141
f 145 675 653
f 654 147 143
f 676 147 654
f 679 678 677
f 677 678 656
f 655 677 656
f 680 677 655
f 681 655 657
f 680 655 681
f 682 657 658
f 681 657 682
f 683 658 659
f 682 658 683
f 684 659 660
f 683 659 684
f 685 660 661
f 684 660 685
f 661 662 686
f 661 686 685
f 687 666 664
f 689 688 687
f 664 689 687
f 667 689 664
f 690 667 669
f 689 667 690
f 669 671 691
f 692 669 691
f 690 669 692
f 694 693 692
f 694 692 691
f 695 693 694
f 698 697 696
f 696 697 673
f 672 696 673
f 699 696 672
f 672 674 700
f 701 672 700
f 699 672 701
f 702 701 700
f 149 675 145
f 149 703 675
f 676 151 147
f 704 151 676
f 679 677 705
f 679 705 706
f 707 677 680
f 705 677 707
f 708 680 681
f 707 680 708
f 709 681 682
f 708 681 709
f 710 682 683
f 709 682 710
f 711 683 684
f 710 683 711
f 712 684 685
f 711 684 712
f 685 686 713
f 714 685 713
f 712 685 714
f 715 714 713
f 718 717 716
f 720 719 716
f 720 716 717
f 719 720 688
f 689 719 688
f 721 719 689
f 722 689 690
f 721 689 722
f 723 690 692
f 722 690 723
f 724 692 693
f 723 692 724
f 693 695 725
f 726 693 725
f 724 693 726
f 727 726 725
f 698 696 728
f 698 728 729
f 730 696 699
f 728 696 730
f 701 732 731
f 730 701 731
f 699 701 730
f 732 701 702
f 149 152 733
f 734 149 733
f 703 149 734
f 733 152 735
f 152 736 735
f 152 153 736
f 153 151 704
f 153 704 736
f 706 705 737
f 706 737 738
f 739 705 707
f 737 705 739
f 740 707 708
f 739 707 740
f 741 708 709
f 740 708 741
f 742 709 710
f 741 709 742
f 743 710 711
f 742 710 743
f 744 711 712
f 743 711 744
f 745 712 714
f 744 712 745
f 714 715 746
f 747 714 746
f 745 714 747
f 747 746 718
f 716 747 718
f 748 747 716
f 749 716 719
f 748 716 749
f 750 719 721
f 749 719 750
f 751 721 722
f 750 721 751
f 752 722 723
f 751 722 752
f 753 723 724
f 752 723 753
f 754 724 726
f 753 724 754
f 726 727 755
f 756 726 755
f 754 726 756
f 757 756 755
f 729 728 758
f 729 758 759
f 760 728 730
f 758 728 760
f 730 731 761
f 730 761 760
f 734 733 762
f 734 762 763
f 733 735 764
f 733 764 762
f 738 737 765
f 738 765 766
f 767 737 739
f 765 737 767
f 768 739 740
f 767 739 768
f 769 740 741
f 768 740 769
f 770 741 742
f 769 741 770
f 771 742 743
f 770 742 771
f 772 743 744
f 771 743 772
f 773 744 745
f 772 744 773
f 774 745 747
f 773 745 774
f 775 747 748
f 774 747 775
f 776 748 749
f 775 748 776
f 777 749 750
f 776 749 777
f 778 750 751
f 777 750 778
f 779 751 752
f 778 751 779
f 780 752 753
f 779 752 780
f 781 753 754
f 780 753 781
f 782 754 756
f 781 754 782
f 756 757 783
f 784 756 783
f 782 756 784
f 786 785 784
f 786 784 783
f 787 785 786
f 759 758 788
f 759 788 789
f 790 758 760
f 788 758 790
f 760 761 791
f 760 791 790
f 763 762 792
f 763 792 793
f 762 764 794
f 762 794 792
f 766 765 795
f 766 795 796
f 797 765 767
f 795 765 797
f 798 767 768
f 797 767 798
f 799 768 769
f 798 768 799
f 800 769 770
f 799 769 800
f 801 770 771
f 800 770 801
f 802 771 772
f 801 771 802
f 803 772 773
f 802 772 803
f 804 773 774
f 803 773 804
f 805 774 775
f 804 774 805
f 806 775 776
f 805 775 806
f 807 776 777
f 806 776 807
f 808 777 778
f 807 777 808
f 809 778 779
f 808 778 809
f 810 779 780
f 809 779 810
f 811 780 781
f 810 780 811
f 812 781 782
f 811 781 812
f 784 814 813
f 812 784 813
f 782 784 812
f 814 784 785
f 814 785 815
f 815 785 787
f 789 788 816
f 789 816 817
f 818 788 790
f 816 788 818
f 790 791 819
f 790 819 818
f 820 793 792
f 820 792 794
f 796 795 821
f 796 821 822
f 823 795 797
f 821 795 823
f 824 797 798
f 823 797 824
f 825 798 799
f 824 798 825
f 826 799 800
f 825 799 826
f 827 800 801
f 826 800 827
f 828 801 802
f 827 801 828
f 829 802 803
f 828 802 829
f 830 803 804
f 829 803 830
f 831 804 805
f 830 804 831
f 832 805 806
f 831 805 832
f 833 806 807
f 832 806 833
f 834 807 808
f 833 807 834
f 835 808 809
f 834 808 835
f 836 809 810
f 835 809 836
f 811 838 837
f 836 811 837
f 810 811 836
f 838 811 812
f 838 812 839
f 839 812 813
f 840 817 816
f 842 841 840
f 816 842 840
f 818 842 816
f 818 819 843
f 818 843 842
f 844 822 821
f 846 845 844
f 821 846 844
f 823 846 821
f 847 823 824
f 846 823 847
f 848 824 825
f 847 824 848
f 849 825 826
f 848 825 849
f 850 826 827
f 849 826 850
f 851 827 828
f 850 827 851
f 852 828 829
f 851 828 852
f 853 829 830
f 852 829 853
f 854 830 831
f 853 830 854
f 855 831 832
f 854 831 855
f 856 832 833
f 855 832 856
f 834 858 857
f 856 834 857
f 833 834 856
f 858 834 835
f 858 835 859
f 861 860 859
f 835 861 859
f 836 861 835
f 836 837 862
f 836 862 861
f 865 864 863
f 863 864 841
f 842 863 841
f 866 863 842
f 842 843 867
f 842 867 866
f 870 869 868
f 868 869 845
f 846 868 845
f 871 868 846
f 872 846 847
f 871 846 872
f 873 847 848
f 872 847 873
f 874 848 849
f 873 848 874
f 875 849 850
f 874 849 875
f 876 850 851
f 875 850 876
f 877 851 852
f 876 851 877
f 878 852 853
f 877 852 878
f 879 853 854
f 878 853 879
f 880 854 855
f 879 854 880
f 881 855 856
f 880 855 881
f 856 857 882
f 856 882 881
f 883 860 861
f 883 861 862
f 886 885 884
f 888 887 884
f 888 884 885
f 890 889 887
f 890 887 888
f 889 892 891
f 889 863 892
f 889 890 865
f 863 889 865
f 892 863 866
f 892 866 893
f 893 866 867
f 870 868 894
f 870 894 895
f 896 868 871
f 894 868 896
f 897 871 872
f 896 871 897
f 898 872 873
f 897 872 898
f 899 873 874
f 898 873 899
f 900 874 875
f 899 874 900
f 901 875 876
f 900 875 901
f 902 876 877
f 901 876 902
f 903 877 878
f 902 877 903
f 904 878 879
f 903 878 904
f 905 879 880
f 904 879 905
f 906 880 881
f 905 880 906
f 881 882 907
f 881 907 906
f 910 909 908
f 912 911 908
f 912 908 909
f 913 911 912
f 886 884 914
f 886 914 915
f 916 884 887
f 914 884 916
f 917 887 889
f 916 887 917
f 889 891 918
f 919 889 918
f 917 889 919
f 920 919 918
f 923 922 921
f 921 922 895
f 894 921 895
f 924 921 894
f 925 894 896
f 924 894 925
f 926 896 897
f 925 896 926
f 927 897 898
f 926 897 927
f 928 898 899
f 927 898 928
f 929 899 900
f 928 899 929
f 930 900 901
f 929 900 930
f 931 901 902
f 930 901 931
f 932 902 903
f 931 902 932
f 933 903 904
f 932 903 933
f 934 904 905
f 933 904 934
f 935 905 906
f 934 905 935
f 906 907 936
f 937 906 936
f 935 906 937
f 937 936 910
f 908 937 910
f 938 937 908
f 939 908 911
f 938 908 939
f 911 913 940
f 911 940 939
f 915 914 941
f 915 941 942
f 943 914 916
f 941 914 943
f 944 916 917
f 943 916 944
f 945 917 919
f 944 917 945
f 919 920 946
f 947 919 946
f 945 919 947
f 948 947 946
f 951 950 949
f 949 950 923
f 921 949 923
f 952 949 921
f 953 921 924
f 952 921 953
f 954 924 925
f 953 924 954
f 955 925 926
f 954 925 955
f 956 926 927
f 955 926 956
f 156 956 155
f 956 928 155
f 956 927 928
f 155 928 157
f 928 957 157
f 928 929 957
f 160 957 159
f 957 930 159
f 957 929 930
f 159 930 162
f 162 930 931
f 162 931 163
f 931 958 163
f 931 932 958
f 959 932 933
f 958 932 959
f 960 933 934
f 959 933 960
f 961 934 935
f 960 934 961
f 962 935 937
f 961 935 962
f 963 937 938
f 962 937 963
f 964 938 939
f 963 938 964
f 939 940 965
f 939 965 964
f 968 967 966
f 969 966 967
f 942 941 970
f 942 970 971
f 972 941 943
f 970 941 972
f 973 943 944
f 972 943 973
f 974 944 945
f 973 944 974
f 975 945 947
f 974 945 975
f 947 948 976
f 947 976 975
f 951 949 977
f 951 977 978
f 979 949 952
f 977 949 979
f 980 952 953
f 979 952 980
f 981 953 954
f 980 953 981
f 982 954 955
f 981 954 982
f 983 955 956
f 982 955 983
f 164 984 156
f 984 956 156
f 984 983 956
f 157 957 164
f 957 984 164
f 957 985 984
f 165 986 160
f 986 957 160
f 986 985 957
f 166 987 165
f 165 987 986
f 163 958 166
f 958 987 166
f 958 988 987
f 989 958 959
f 988 958 989
f 990 959 960
f 989 959 990
f 991 960 961
f 990 960 991
f 992 961 962
f 991 961 992
f 993 962 963
f 992 962 993
f 994 963 964
f 993 963 994
f 964 965 995
f 964 995 994
f 996 968 966
f 996 966 969
f 971 970 997
f 971 997 998
f 999 970 972
f 997 970 999
f 1000 972 973
f 999 972 1000
f 1001 973 974
f 1000 973 1001
f 1002 974 975
f 1001 974 1002
f 975 976 1003
f 1004 975 1003
f 1002 975 1004
f 1005 1004 1003
f 1008 1007 1006
f 1006 1007 978
f 977 1006 978
f 1009 1006 977
f 1010 977 979
f 1009 977 1010
f 1011 979 980
f 1010 979 1011
f 1012 980 981
f 1011 980 1012
f 1013 981 982
f 1012 981 1013
f 1014 982 983
f 1013 982 1014
f 1015 983 984
f 1014 983 1015
f 1016 984 985
f 1015 984 1016
f 1017 985 986
f 1016 985 1017
f 1018 986 987
f 1017 986 1018
f 1019 987 988
f 1018 987 1019
f 1020 988 989
f 1019 988 1020
f 1021 989 990
f 1020 989 1021
f 1022 990 991
f 1021 990 1022
f 1023 991 992
f 1022 991 1023
f 993 1025 1024
f 1023 993 1024
f 992 993 1023
f 1025 993 994
f 1025 994 1026
f 1026 994 995
f 1027 998 997
f 1029 1028 1027
f 997 1029 1027
f 999 1029 997
f 1030 999 1000
f 1029 999 1030
f 1031 1000 1001
f 1030 1000 1031
f 1032 1001 1002
f 1031 1001 1032
f 1004 1034 1033
f 1032 1004 1033
f 1002 1004 1032
f 1034 1004 1005
f 1008 1006 1035
f 1008 1035 1036
f 1037 1006 1009
f 1035 1006 1037
f 1038 1009 1010
f 1037 1009 1038
f 1039 1010 1011
f 1038 1010 1039
f 1040 1011 1012
f 1039 1011 1040
f 1041 1012 1013
f 1040 1012 1041
f 1042 1013 1014
f 1041 1013 1042
f 1043 1014 1015
f 1042 1014 1043
f 1044 1015 1016
f 1043 1015 1044
f 1045 1016 1017
f 1044 1016 1045
f 1046 1017 1018
f 1045 1017 1046
f 1047 1018 1019
f 1046 1018 1047
f 1048 1019 1020
f 1047 1019 1048
f 1049 1020 1021
f 1048 1020 1049
f 1050 1021 1022
f 1049 1021 1050
f 1051 1022 1023
f 1050 1022 1051
f 1023 1024 1052
f 1023 1052 1051
f 1055 1054 1053
f 1053 1054 1028
f 1029 1053 1028
f 1056 1053 1029
f 1057 1029 1030
f 1056 1029 1057
f 1058 1030 1031
f 1057 1030 1058
f 1059 1031 1032
f 1058 1031 1059
f 1032 1033 1060
f 1032 1060 1059
f 1036 1035 1061
f 1036 1061 1062
f 1063 1035 1037
f 1061 1035 1063
f 1064 1037 1038
f 1063 1037 1064
f 1065 1038 1039
f 1064 1038 1065
f 1066 1039 1040
f 1065 1039 1066
f 1067 1040 1041
f 1066 1040 1067
f 1068 1041 1042
f 1067 1041 1068
f 1069 1042 1043
f 1068 1042 1069
f 1070 1043 1044
f 1069 1043 1070
f 1071 1044 1045
f 1070 1044 1071
f 1072 1045 1046
f 1071 1045 1072
f 1073 1046 1047
f 1072 1046 1073
f 1074 1047 1048
f 1073 1047 1074
f 1075 1048 1049
f 1074 1048 1075
f 1050 1077 1076
f 1075 1050 1076
f 1049 1050 1075
f 1077 1050 1051
f 1077 1051 1078
f 1078 1051 1052
f 1079 1055 1053
f 1081 1080 1079
f 1053 1081 1079
f 1056 1081 1053
f 1082 1056 1057
f 1081 1056 1082
f 1083 1057 1058
f 1082 1057 1083
f 1084 1058 1059
f 1083 1058 1084
f 1059 1060 1085
f 1059 1085 1084
f 1062 1061 1086
f 1062 1086 1087
f 1088 1061 1063
f 1086 1061 1088
f 1089 1063 1064
f 1088 1063 1089
f 1090 1064 1065
f 1089 1064 1090
f 1091 1065 1066
f 1090 1065 1091
f 1092 1066 1067
f 1091 1066 1092
f 1093 1067 1068
f 1092 1067 1093
f 1094 1068 1069
f 1093 1068 1094
f 1095 1069 1070
f 1094 1069 1095
f 1096 1070 1071
f 1095 1070 1096
f 1097 1071 1072
f 1096 1071 1097
f 1098 1072 1073
f 1097 1072 1098
f 1099 1073 1074
f 1098 1073 1099
f 1100 1074 1075
f 1099 1074 1100
f 1075 1076 1101
f 1075 1101 1100
f 1102 1080 1081
f 1104 1103 1102
f 1081 1104 1102
f 1082 1104 1081
f 1105 1082 1083
f 1104 1082 1105
f 1106 1083 1084
f 1105 1083 1106
f 1084 1085 1107
f 1084 1107 1106
f 1108 1087 1086
f 1110 1109 1108
f 1086 1110 1108
f 1088 1110 1086
f 1111 1088 1089
f 1110 1088 1111
f 1112 1089 1090
f 1111 1089 1112
f 1113 1090 1091
f 1112 1090 1113
f 1114 1091 1092
f 1113 1091 1114
f 1115 1092 1093
f 1114 1092 1115
f 1116 1093 1094
f 1115 1093 1116
f 1117 1094 1095
f 1116 1094 1117
f 1118 1095 1096
f 1117 1095 1118
f 1119 1096 1097
f 1118 1096 1119
f 1120 1097 1098
f 1119 1097 1120
f 1121 1098 1099
f 1120 1098 1121
f 1122 1099 1100
f 1121 1099 1122
f 1100 1101 1123
f 1100 1123 1122
f 1126 1125 1124
f 1128 1127 1124
f 1128 1124 1125
f 1127 1128 1103
f 1104 1127 1103
f 1129 1127 1104
f 1130 1104 1105
f 1129 1104 1130
f 1131 1105 1106
f 1130 1105 1131
f 1106 1107 1132
f 1106 1132 1131
f 1133 1109 1110
f 1135 1134 1133
f 1110 1135 1133
f 1111 1135 1110
f 1136 1111 1112
f 1135 1111 1136
f 1137 1112 1113
f 1136 1112 1137
f 1138 1113 1114
f 1137 1113 1138
f 1139 1114 1115
f 1138 1114 1139
f 1140 1115 1116
f 1139 1115 1140
f 1141 1116 1117
f 1140 1116 1141
f 1142 1117 1118
f 1141 1117 1142
f 1143 1118 1119
f 1142 1118 1143
f 1144 1119 1120
f 1143 1119 1144
f 1145 1120 1121
f 1144 1120 1145
f 1122 1147 1146
f 1145 1122 1146
f 1121 1122 1145
f 1147 1122 1123
f 1148 1126 1124
f 1148 1124 1127
f 1148 1127 1149
f 1151 1150 1149
f 1127 1151 1149
f 1129 1151 1127
f 1152 1129 1130
f 1151 1129 1152
f 1153 1130 1131
f 1152 1130 1153
f 1131 1132 1154
f 1131 1154 1153
f 1134 1135 1155
f 1134 1155 1156
f 1157 1135 1136
f 1155 1135 1157
f 1158 1136 1137
f 1157 1136 1158
f 1159 1137 1138
f 1158 1137 1159
f 1160 1138 1139
f 1159 1138 1160
f 1161 1139 1140
f 1160 1139 1161
f 1162 1140 1141
f 1161 1140 1162
f 1163 1141 1142
f 1162 1141 1163
f 1143 1165 1164
f 1163 1143 1164
f 1142 1143 1163
f 1165 1143 1144
f 1165 1144 1166
f 1166 1144 1145
f 1166 1145 1167
f 1167 1145 1146
f 1168 1150 1151
f 1170 1169 1168
f 1151 1170 1168
f 1152 1170 1151
f 1171 1152 1153
f 1170 1152 1171
f 1153 1154 1172
f 1153 1172 1171
f 1175 1174 1173
f 1173 1174 1156
f 1155 1173 1156
f 1176 1173 1155
f 1177 1155 1157
f 1176 1155 1177
f 1178 1157 1158
f 1177 1157 1178
f 1179 1158 1159
f 1178 1158 1179
f 1180 1159 1160
f 1179 1159 1180
f 1161 1182 1181
f 1180 1161 1181
f 1160 1161 1180
f 1182 1161 1162
f 1182 1162 1183
f 1185 1184 1183
f 1162 1185 1183
f 1163 1185 1162
f 1163 1164 1186
f 1163 1186 1185
f 1187 1169 1170
f 1187 1170 1171
f 1187 1171 1188
f 1188 1171 1172
f 1191 1190 1189
f 1189 1190 1175
f 1173 1189 1175
f 1192 1189 1173
f 1193 1173 1176
f 1192 1173 1193
f 1194 1176 1177
f 1193 1176 1194
f 1195 1177 1178
f 1194 1177 1195
f 1179 1197 1196
f 1195 1179 1196
f 1178 1179 1195
f 1199 1198 1197
f 1179 1199 1197
f 1180 1199 1179
f 1180 1181 1200
f 1180 1200 1199
f 1201 1184 1185
f 1201 1185 1186
f 1204 1203 1202
f 1202 1203 1191
f 1189 1202 1191
f 1205 1202 1189
f 1206 1189 1192
f 1205 1189 1206
f 1207 1192 1193
f 1206 1192 1207
f 1208 1193 1194
f 1207 1193 1208
f 1209 1194 1195
f 1208 1194 1209
f 1195 1196 1210
f 1211 1195 1210
f 1209 1195 1211
f 1211 1210 1198
f 1199 1211 1198
f 1212 1211 1199
f 1199 1200 1213
f 1214 1199 1213
f 1212 1199 1214
f 1216 1215 1214
f 1216 1214 1213
f 1218 1217 1215
f 1218 1215 1216
f 1220 1219 1217
f 1220 1217 1218
f 1222 1221 1219
f 1222 1219 1220
f 1224 1223 1221
f 1224 1221 1222
f 1226 1225 1223
f 1226 1223 1224
f 1227 1225 1226
f 1230 1229 1228
f 1232 1231 1228
f 1232 1228 1229
f 1234 1233 1231
f 1234 1231 1232
f 1235 1233 1234
f 1238 1237 1236
f 1240 1239 1236
f 1240 1236 1237
f 1242 1241 1239
f 1242 1239 1240
f 1241 1242 1204
f 1202 1241 1204
f 1243 1241 1202
f 1244 1202 1205
f 1243 1202 1244
f 1245 1205 1206
f 1244 1205 1245
f 1246 1206 1207
f 1245 1206 1246
f 1247 1207 1208
f 1246 1207 1247
f 1248 1208 1209
f 1247 1208 1248
f 1249 1209 1211
f 1248 1209 1249
f 1250 1211 1212
f 1249 1211 1250
f 1251 1212 1214
f 1250 1212 1251
f 1252 1214 1215
f 1251 1214 1252
f 1253 1215 1217
f 1252 1215 1253
f 1254 1217 1219
f 1253 1217 1254
f 1255 1219 1221
f 1254 1219 1255
f 1256 1221 1223
f 1255 1221 1256
f 1257 1223 1225
f 1256 1223 1257
f 1225 1227 1258
f 1259 1225 1258
f 1257 1225 1259
f 1261 1260 1259
f 1261 1259 1258
f 1260 1261 1230
f 1228 1260 1230
f 1262 1260 1228
f 1263 1228 1231
f 1262 1228 1263
f 1264 1231 1233
f 1263 1231 1264
f 1233 1235 1265
f 1233 1265 1264
f 1268 1267 1266
f 168 169 1266
f 1267 168 1266
f 1269 168 1267
f 168 1270 171
f 1269 1270 168
f 1236 1271 172
f 1270 1236 172
f 171 1270 172
f 1238 1236 1270
f 1272 1236 1239
f 1271 1236 1272
f 1273 1239 1241
f 1272 1239 1273
f 1274 1241 1243
f 1273 1241 1274
f 175 1274 174
f 1274 1244 174
f 1274 1243 1244
f 174 1244 177
f 177 1244 1245
f 177 1245 179
f 179 1245 1246
f 179 1246 181
f 181 1246 1247
f 181 1247 183
f 183 1247 1248
f 183 1248 185
f 185 1248 1249
f 185 1249 187
f 187 1249 1250
f 187 1250 189
f 189 1250 1251
f 189 1251 191
f 191 1251 1252
f 191 1252 193
f 193 1252 1253
f 193 1253 194
f 1253 1275 194
f 1253 1254 1275
f 1276 1254 1255
f 1275 1254 1276
f 1277 1255 1256
f 1276 1255 1277
f 1278 1256 1257
f 1277 1256 1278
f 1279 1257 1259
f 1278 1257 1279
f 1280 1259 1260
f 1279 1259 1280
f 1281 1260 1262
f 1280 1260 1281
f 1282 1262 1263
f 1281 1262 1282
f 1283 1263 1264
f 1282 1263 1283
f 1264 1265 1284
f 1285 1264 1284
f 1283 1264 1285
f 1287 1286 1285
f 1287 1285 1284
f 1288 1286 1287
f 1268 1266 1289
f 1268 1289 1290
f 196 1289 169
f 169 1289 1266
f 1271 198 172
f 198 1271 200
f 1271 1291 200
f 1271 1272 1291
f 1292 1272 1273
f 1291 1272 1292
f 1293 1273 1274
f 1292 1273 1293
f 202 1293 175
f 175 1293 1274
f 1294 212 1275
f 1275 212 194
f 1295 1275 1276
f 1294 1275 1295
f 1296 1276 1277
f 1295 1276 1296
f 1297 1277 1278
f 1296 1277 1297
f 1298 1278 1279
f 1297 1278 1298
f 1299 1279 1280
f 1298 1279 1299
f 1300 1280 1281
f 1299 1280 1300
f 1301 1281 1282
f 1300 1281 1301
f 1302 1282 1283
f 1301 1282 1302
f 1303 1283 1285
f 1302 1283 1303
f 1304 1285 1286
f 1303 1285 1304
f 1286 1288 1305
f 1306 1286 1305
f 1304 1286 1306
f 1307 1306 1305
f 1308 1290 1289
f 1289 196 1308
f 196 1309 1308
f 196 214 1309
f 1310 217 1291
f 1291 217 200
f 1311 1291 1292
f 1310 1291 1311
f 220 1311 219
f 1311 1293 219
f 1311 1292 1293
f 219 1293 202
f 1312 231 1294
f 1294 231 212
f 234 1312 233
f 1312 1295 233
f 1312 1294 1295
f 233 1295 236
f 236 1295 1296
f 236 1296 237
f 1296 1313 237
f 1296 1297 1313
f 1314 1297 1298
f 1313 1297 1314
f 1315 1298 1299
f 1314 1298 1315
f 1316 1299 1300
f 1315 1299 1316
f 1317 1300 1301
f 1316 1300 1317
f 1318 1301 1302
f 1317 1301 1318
f 1303 1320 1319
f 1318 1303 1319
f 1302 1303 1318
f 1320 1303 1304
f 1320 1304 1321
f 1321 1304 1306
f 1321 1306 1322
f 1322 1306 1307
f 1323 1309 214
f 1323 214 238
f 238 239 1323
f 1323 239 1324
f 1325 241 242
f 217 1310 242
f 1310 1325 242
f 1310 1326 1325
f 1327 1310 1311
f 1326 1310 1327
f 243 1328 220
f 1328 1311 220
f 1328 1327 1311
f 244 1329 243
f 243 1329 1328
f 245 1330 244
f 244 1330 1329
f 246 1330 245
f 1331 254 255
f 231 1312 255
f 1312 1331 255
f 1312 1332 1331
f 256 1333 234
f 1333 1312 234
f 1333 1332 1312
f 257 1334 256
f 256 1334 1333
f 237 1313 257
f 1313 1334 257
f 1313 1335 1334
f 1336 1313 1314
f 1335 1313 1336
f 1337 1314 1315
f 1336 1314 1337
f 1338 1315 1316
f 1337 1315 1338
f 1339 1316 1317
f 1338 1316 1339
f 1340 1317 1318
f 1339 1317 1340
f 1318 1319 1341
f 1318 1341 1340
f 1342 1324 239
f 1342 239 258
f 258 241 1325
f 1343 258 1325
f 1342 258 1343
f 1343 1325 1326
f 1343 1326 1344
f 1344 1326 1327
f 1344 1327 1345
f 1345 1327 1328
f 1345 1328 1346
f 1346 1328 1329
f 1346 1329 1347
f 1347 1329 1330
f 1347 1330 1348
f 1348 1330 246
f 259 1348 246
f 1349 1348 259
f 1350 259 260
f 1350 1349 259
f 1352 1350 1351
f 1350 261 1351
f 1350 260 261
f 262 1353 261
f 261 1353 1351
f 1353 262 1354
f 262 1355 1354
f 262 263 1355
f 1356 263 264
f 1356 1355 263
f 1357 264 265
f 1357 1356 264
f 265 254 1331
f 1358 265 1331
f 1357 265 1358
f 1358 1331 1332
f 1358 1332 1359
f 1359 1332 1333
f 1359 1333 1360
f 1362 1361 1360
f 1333 1362 1360
f 1334 1362 1333
f 1363 1334 1335
f 1362 1334 1363
f 1364 1335 1336
f 1363 1335 1364
f 1337 1366 1365
f 1364 1337 1365
f 1336 1337 1364
f 1366 1337 1338
f 1366 1338 1367
f 1367 1338 1339
f 1367 1339 1368
f 1368 1339 1340
f 1368 1340 1369
f 1369 1340 1341
f 1372 1371 1370
f 267 268 1370
f 1371 267 1370
f 1373 267 1371
f 267 1374 270
f 1373 1374 267
f 270 1375 272
f 1374 1375 270
f 272 1376 274
f 1375 1376 272
f 274 1377 276
f 1376 1377 274
f 276 1378 278
f 1377 1378 276
f 278 1379 280
f 1378 1379 278
f 280 1380 282
f 1379 1380 280
f 282 1381 284
f 1380 1381 282
f 284 1382 286
f 1381 1382 284
f 286 1383 287
f 1382 1383 286
f 287 1384 289
f 1383 1384 287
f 289 1385 291
f 1384 1385 289
f 291 1386 293
f 1385 1386 291
f 293 1387 295
f 1386 1387 293
f 295 1388 297
f 1387 1388 295
f 297 1389 298
f 1388 1389 297
f 298 1390 299
f 1389 1390 298
f 299 1391 300
f 1390 1391 299
f 300 1392 302
f 1391 1392 300
f 302 1393 304
f 1392 1393 302
f 304 1394 306
f 1393 1394 304
f 306 1395 308
f 1394 1395 306
f 308 1396 310
f 1395 1396 308
f 310 1397 312
f 1396 1397 310
f 1399 1398 313
f 312 1399 313
f 1397 1399 312
f 315 316 1398
f 1399 315 1398
f 1400 315 1399
f 1402 1401 317
f 315 1402 317
f 1400 1402 315
f 1404 1403 1401
f 1404 1401 1402
f 1406 1405 1403
f 1406 1403 1404
f 1408 1407 1405
f 1408 1405 1406
f 1409 1407 1408
f 1372 1370 1410
f 1372 1410 1411
f 319 1410 268
f 268 1410 1370
f 1398 330 313
f 330 1398 316
f 1412 333 1401
f 1401 333 317
f 1413 1401 1403
f 1412 1401 1413
f 1414 1403 1405
f 1413 1403 1414
f 1415 1405 1407
f 1414 1405 1415
f 1407 1409 1416
f 1417 1407 1416
f 1415 1407 1417
f 1418 1417 1416
f 1419 1411 1410
f 1421 1419 1420
f 1420 1419 334
f 1419 1410 334
f 1410 319 334
f 336 1420 334
f 1422 351 352
f 353 1423 352
f 352 1423 1422
f 333 1412 353
f 1412 1423 353
f 1412 1424 1423
f 1425 1412 1413
f 1424 1412 1425
f 1426 1413 1414
f 1425 1413 1426
f 1427 1414 1415
f 1426 1414 1427
f 1428 1415 1417
f 1427 1415 1428
f 1417 1418 1429
f 1417 1429 1428
f 1421 1420 1430
f 1421 1430 1431
f 354 1432 336
f 1432 1420 336
f 1432 1430 1420
f 355 1433 354
f 354 1433 1432
f 356 1434 355
f 355 1434 1433
f 357 1434 356
f 1435 370 1422
f 1422 370 351
f 1436 1422 1423
f 1435 1422 1436
f 1437 1423 1424
f 1436 1423 1437
f 1438 1424 1425
f 1437 1424 1438
f 1439 1425 1426
f 1438 1425 1439
f 1440 1426 1427
f 1439 1426 1440
f 1441 1427 1428
f 1440 1427 1441
f 1428 1429 1442
f 1428 1442 1441
f 1431 1430 1443
f 1431 1443 1444
f 1445 1430 1432
f 1443 1430 1445
f 1446 1432 1433
f 1445 1432 1446
f 1447 1433 1434
f 1446 1433 1447
f 371 1448 357
f 1448 1434 357
f 1448 1447 1434
f 373 1448 371
f 1449 384 385
f 386 1450 385
f 385 1450 1449
f 387 1451 386
f 386 1451 1450
f 388 1451 387
f 1452 391 1435
f 1435 391 370
f 1453 1435 1436
f 1452 1435 1453
f 1454 1436 1437
f 1453 1436 1454
f 1455 1437 1438
f 1454 1437 1455
f 1456 1438 1439
f 1455 1438 1456
f 1457 1439 1440
f 1456 1439 1457
f 1458 1440 1441
f 1457 1440 1458
f 1441 1442 1459
f 1460 1441 1459
f 1458 1441 1460
f 1461 1460 1459
f 1462 1444 1443
f 1464 1463 1462
f 1443 1464 1462
f 1445 1464 1443
f 1446 1466 1465
f 1464 1446 1465
f 1445 1446 1464
f 1468 1467 1466
f 1446 1468 1466
f 1447 1468 1446
f 1469 1447 1448
f 1468 1447 1469
f 392 1470 373
f 1470 1448 373
f 1470 1469 1448
f 393 1470 392
f 1471 405 406
f 384 1449 406
f 1449 1471 406
f 1449 1472 1471
f 1473 1449 1450
f 1472 1449 1473
f 1474 1450 1451
f 1473 1450 1474
f 408 1474 388
f 388 1474 1451
f 1475 409 410
f 391 1452 410
f 1452 1475 410
f 1452 1476 1475
f 1477 1452 1453
f 1476 1452 1477
f 1478 1453 1454
f 1477 1453 1478
f 1479 1454 1455
f 1478 1454 1479
f 1480 1455 1456
f 1479 1455 1480
f 1481 1456 1457
f 1480 1456 1481
f 1482 1457 1458
f 1481 1457 1482
f 1483 1458 1460
f 1482 1458 1483
f 1460 1461 1484
f 1460 1484 1483
f 1463 1464 1485
f 1463 1485 1486
f 1464 1465 1487
f 1488 1464 1487
f 1485 1464 1488
f 1488 1487 1467
f 1468 1488 1467
f 1489 1488 1468
f 1490 1468 1469
f 1489 1468 1490
f 1491 1469 1470
f 1490 1469 1491
f 411 1492 393
f 1492 1470 393
f 1492 1491 1470
f 412 1492 411
f 1471 421 405
f 421 1471 423
f 1471 1493 423
f 1471 1472 1493
f 1494 1472 1473
f 1493 1472 1494
f 426 1494 425
f 1494 1474 425
f 1494 1473 1474
f 425 1474 408
f 1475 428 409
f 428 1475 430
f 1475 1495 430
f 1475 1476 1495
f 1496 1476 1477
f 1495 1476 1496
f 1497 1477 1478
f 1496 1477 1497
f 1498 1478 1479
f 1497 1478 1498
f 1499 1479 1480
f 1498 1479 1499
f 433 1499 432
f 1499 1481 432
f 1499 1480 1481
f 432 1481 435
f 435 1481 1482
f 435 1482 436
f 1482 1500 436
f 1482 1483 1500
f 1483 1484 1501
f 1502 1483 1501
f 1500 1483 1502
f 1503 1502 1501
f 1506 1505 1504
f 1504 1505 1486
f 1485 1504 1486
f 1507 1504 1485
f 1508 1485 1488
f 1507 1485 1508
f 1509 1488 1489
f 1508 1488 1509
f 1510 1489 1490
f 1509 1489 1510
f 1511 1490 1491
f 1510 1490 1511
f 1512 1491 1492
f 1511 1491 1512
f 438 1512 412
f 412 1512 1492
f 1513 447 1493
f 1493 447 423
f 1514 1493 1494
f 1513 1493 1514
f 449 1514 426
f 426 1514 1494
f 1515 452 1495
f 1495 452 430
f 1516 1495 1496
f 1515 1495 1516
f 1517 1496 1497
f 1516 1496 1517
f 1518 1497 1498
f 1517 1497 1518
f 455 1518 454
f 1518 1499 454
f 1518 1498 1499
f 454 1499 433
f 1519 458 1500
f 1500 458 436
f 1520 1500 1502
f 1519 1500 1520
f 1502 1503 1521
f 1522 1502 1521
f 1520 1502 1522
f 1523 1522 1521
f 1506 1504 1524
f 1506 1524 1525
f 1526 1504 1507
f 1524 1504 1526
f 1527 1507 1508
f 1526 1507 1527
f 1528 1508 1509
f 1527 1508 1528
f 1529 1509 1510
f 1528 1509 1529
f 1530 1510 1511
f 1529 1510 1530
f 1531 1511 1512
f 1530 1511 1531
f 459 1532 438
f 1532 1512 438
f 1532 1531 1512
f 460 1533 459
f 459 1533 1532
f 461 1533 460
f 1513 470 447
f 470 1513 473
f 473 1513 1514
f 473 1514 449
f 1534 477 1515
f 1515 477 452
f 1535 1515 1516
f 1534 1515 1535
f 1536 1516 1517
f 1535 1516 1536
f 1537 1517 1518
f 1536 1517 1537
f 478 1538 455
f 1538 1518 455
f 1538 1537 1518
f 479 1538 478
f 1539 482 1519
f 1519 482 458
f 1540 1519 1520
f 1539 1519 1540
f 1522 1542 1541
f 1540 1522 1541
f 1520 1522 1540
f 1542 1522 1523
f 1525 1524 1543
f 1525 1543 1544
f 1545 1524 1526
f 1543 1524 1545
f 1546 1526 1527
f 1545 1526 1546
f 1547 1527 1528
f 1546 1527 1547
f 1548 1528 1529
f 1547 1528 1548
f 1549 1529 1530
f 1548 1529 1549
f 1550 1530 1531
f 1549 1530 1550
f 1551 1531 1532
f 1550 1531 1551
f 1552 1532 1533
f 1551 1532 1552
f 484 1552 461
f 461 1552 1533
f 1553 498 1534
f 1534 498 477
f 1554 1534 1535
f 1553 1534 1554
f 1555 1535 1536
f 1554 1535 1555
f 1556 1536 1537
f 1555 1536 1556
f 1557 1537 1538
f 1556 1537 1557
f 500 1557 479
f 479 1557 1538
f 1558 502 1539
f 1539 502 482
f 1559 1539 1540
f 1558 1539 1559
f 1540 1541 1560
f 1540 1560 1559
f 1544 1543 1561
f 1544 1561 1562
f 1563 1543 1545
f 1561 1543 1563
f 1564 1545 1546
f 1563 1545 1564
f 1565 1546 1547
f 1564 1546 1565
f 1566 1547 1548
f 1565 1547 1566
f 1567 1548 1549
f 1566 1548 1567
f 1568 1549 1550
f 1567 1549 1568
f 1569 1550 1551
f 1568 1550 1569
f 1570 1551 1552
f 1569 1551 1570
f 503 1571 484
f 1571 1552 484
f 1571 1570 1552
f 504 1571 503
f 1572 516 517
f 518 1573 517
f 517 1573 1572
f 519 1574 518
f 518 1574 1573
f 520 1575 519
f 519 1575 1574
f 498 1553 520
f 1553 1575 520
f 1553 1576 1575
f 1577 1553 1554
f 1576 1553 1577
f 1578 1554 1555
f 1577 1554 1578
f 1579 1555 1556
f 1578 1555 1579
f 1580 1556 1557
f 1579 1556 1580
f 522 1580 500
f 500 1580 1557
f 1581 523 524
f 502 1558 524
f 1558 1581 524
f 1558 1582 1581
f 1583 1558 1559
f 1582 1558 1583
f 1559 1560 1584
f 1559 1584 1583
f 1562 1561 1585
f 1562 1585 1586
f 1587 1561 1563
f 1585 1561 1587
f 1588 1563 1564
f 1587 1563 1588
f 1565 1590 1589
f 1588 1565 1589
f 1564 1565 1588
f 1590 1565 1566
f 1590 1566 1591
f 1593 1592 1591
f 1566 1593 1591
f 1567 1593 1566
f 1594 1567 1568
f 1593 1567 1594
f 1595 1568 1569
f 1594 1568 1595
f 1596 1569 1570
f 1595 1569 1596
f 1597 1570 1571
f 1596 1570 1597
f 525 1598 504
f 1598 1571 504
f 1598 1597 1571
f 526 1599 525
f 525 1599 1598
f 527 1599 526
f 1600 536 537
f 516 1572 537
f 1572 1600 537
f 1572 1601 1600
f 1602 1572 1573
f 1601 1572 1602
f 1603 1573 1574
f 1602 1573 1603
f 1604 1574 1575
f 1603 1574 1604
f 1605 1575 1576
f 1604 1575 1605
f 1606 1576 1577
f 1605 1576 1606
f 1607 1577 1578
f 1606 1577 1607
f 1608 1578 1579
f 1607 1578 1608
f 1609 1579 1580
f 1608 1579 1609
f 539 1609 522
f 522 1609 1580
f 1581 540 523
f 540 1581 543
f 543 1581 1582
f 543 1582 544
f 1582 1610 544
f 1582 1583 1610
f 1583 1584 1611
f 1583 1611 1610
f 1586 1585 1612
f 1586 1612 1613
f 547 1612 546
f 1612 1587 546
f 1612 1585 1587
f 546 1587 548
f 1587 1614 548
f 1587 1588 1614
f 1588 1589 1615
f 1588 1615 1614
f 1616 1592 1593
f 1618 1617 1616
f 1593 1618 1616
f 1594 1618 1593
f 1619 1594 1595
f 1618 1594 1619
f 1620 1595 1596
f 1619 1595 1620
f 1621 1596 1597
f 1620 1596 1621
f 1622 1597 1598
f 1621 1597 1622
f 1623 1598 1599
f 1622 1598 1623
f 549 1624 527
f 1624 1599 527
f 1624 1623 1599
f 550 1625 549
f 549 1625 1624
f 551 1625 550
f 1626 557 558
f 536 1600 558
f 1600 1626 558
f 1600 1627 1626
f 1628 1600 1601
f 1627 1600 1628
f 1629 1601 1602
f 1628 1601 1629
f 1630 1602 1603
f 1629 1602 1630
f 1631 1603 1604
f 1630 1603 1631
f 1632 1604 1605
f 1631 1604 1632
f 1633 1605 1606
f 1632 1605 1633
f 1634 1606 1607
f 1633 1606 1634
f 1635 1607 1608
f 1634 1607 1635
f 1636 1608 1609
f 1635 1608 1636
f 560 1636 539
f 539 1636 1609
f 1610 563 544
f 565 563 1610
f 1611 565 1610
f 1637 565 1611
f 1613 1612 567
f 568 1613 567
f 1638 1613 568
f 567 1612 547
f 1639 569 570
f 1640 1639 570
f 1640 570 548
f 1641 1640 548
f 1614 1641 548
f 1641 1614 1615
f 1617 1618 1642
f 1617 1642 1643
f 1644 1618 1619
f 1642 1618 1644
f 1645 1619 1620
f 1644 1619 1645
f 1646 1620 1621
f 1645 1620 1646
f 1647 1621 1622
f 1646 1621 1647
f 1648 1622 1623
f 1647 1622 1648
f 1649 1623 1624
f 1648 1623 1649
f 1650 1624 1625
f 1649 1624 1650
f 571 1651 551
f 1651 1625 551
f 1651 1650 1625
f 572 1651 571
f 1652 577 1626
f 1626 577 557
f 1653 1626 1627
f 1652 1626 1653
f 1654 1627 1628
f 1653 1627 1654
f 1655 1628 1629
f 1654 1628 1655
f 1656 1629 1630
f 1655 1629 1656
f 1657 1630 1631
f 1656 1630 1657
f 1658 1631 1632
f 1657 1631 1658
f 1659 1632 1633
f 1658 1632 1659
f 1660 1633 1634
f 1659 1633 1660
f 1661 1634 1635
f 1660 1634 1661
f 1662 1635 1636
f 1661 1635 1662
f 579 1662 560
f 560 1662 1636
f 1637 583 565
f 1663 583 1637
f 585 1638 568
f 585 1664 1638
f 1639 586 569
f 588 586 1639
f 1640 588 1639
f 1665 588 1640
f 1666 1643 1642
f 1668 1667 1666
f 1642 1668 1666
f 1644 1668 1642
f 1669 1644 1645
f 1668 1644 1669
f 1670 1645 1646
f 1669 1645 1670
f 1671 1646 1647
f 1670 1646 1671
f 1672 1647 1648
f 1671 1647 1672
f 1673 1648 1649
f 1672 1648 1673
f 1674 1649 1650
f 1673 1649 1674
f 1675 1650 1651
f 1674 1650 1675
f 590 1675 572
f 572 1675 1651
f 1676 594 1652
f 1652 594 577
f 1677 1652 1653
f 1676 1652 1677
f 1678 1653 1654
f 1677 1653 1678
f 1679 1654 1655
f 1678 1654 1679
f 1680 1655 1656
f 1679 1655 1680
f 1681 1656 1657
f 1680 1656 1681
f 1682 1657 1658
f 1681 1657 1682
f 1683 1658 1659
f 1682 1658 1683
f 1684 1659 1660
f 1683 1659 1684
f 1685 1660 1661
f 1684 1660 1685
f 1686 1661 1662
f 1685 1661 1686
f 596 1686 579
f 579 1686 1662
f 1663 600 583
f 1687 600 1663
f 602 1664 585
f 602 1688 1664
f 1665 604 588
f 1689 604 1665
f 1692 1691 1690
f 1690 1691 1667
f 1668 1690 1667
f 1693 1690 1668
f 1694 1668 1669
f 1693 1668 1694
f 1695 1669 1670
f 1694 1669 1695
f 1696 1670 1671
f 1695 1670 1696
f 1697 1671 1672
f 1696 1671 1697
f 1698 1672 1673
f 1697 1672 1698
f 1699 1673 1674
f 1698 1673 1699
f 1700 1674 1675
f 1699 1674 1700
f 606 1700 590
f 590 1700 1675
f 1701 610 1676
f 1676 610 594
f 1702 1676 1677
f 1701 1676 1702
f 1703 1677 1678
f 1702 1677 1703
f 1704 1678 1679
f 1703 1678 1704
f 1705 1679 1680
f 1704 1679 1705
f 1706 1680 1681
f 1705 1680 1706
f 1707 1681 1682
f 1706 1681 1707
f 1708 1682 1683
f 1707 1682 1708
f 1709 1683 1684
f 1708 1683 1709
f 1710 1684 1685
f 1709 1684 1710
f 1711 1685 1686
f 1710 1685 1711
f 612 1711 596
f 596 1711 1686
f 1712 613 614
f 615 1712 614
f 1687 618 600
f 1713 618 1687
f 1716 1715 1714
f 1715 1688 1714
f 1688 619 1714
f 1688 602 619
f 1718 620 1717
f 620 1689 1717
f 620 604 1689
f 1719 1718 1717
f 1692 1690 1720
f 1692 1720 1721
f 1722 1690 1693
f 1720 1690 1722
f 1723 1693 1694
f 1722 1693 1723
f 1724 1694 1695
f 1723 1694 1724
f 1725 1695 1696
f 1724 1695 1725
f 1726 1696 1697
f 1725 1696 1726
f 1727 1697 1698
f 1726 1697 1727
f 623 1727 622
f 1727 1699 622
f 1727 1698 1699
f 622 1699 625
f 625 1699 1700
f 625 1700 606
f 1728 629 630
f 610 1701 630
f 1701 1728 630
f 1701 1729 1728
f 1730 1701 1702
f 1729 1701 1730
f 1731 1702 1703
f 1730 1702 1731
f 1732 1703 1704
f 1731 1703 1732
f 1733 1704 1705
f 1732 1704 1733
f 1734 1705 1706
f 1733 1705 1734
f 1735 1706 1707
f 1734 1706 1735
f 1736 1707 1708
f 1735 1707 1736
f 1737 1708 1709
f 1736 1708 1737
f 1738 1709 1710
f 1737 1709 1738
f 1739 1710 1711
f 1738 1710 1739
f 631 1740 612
f 1740 1711 612
f 1740 1739 1711
f 613 1712 631
f 1712 1740 631
f 1712 1741 1740
f 633 1741 615
f 615 1741 1712
f 1713 635 618
f 1742 635 1713
f 1716 1714 1743
f 1716 1743 1744
f 636 1743 619
f 619 1743 1714
f 1745 637 1718
f 1718 637 620
f 1718 1719 1746
f 1718 1746 1745
f 1749 1748 1747
f 1747 1748 1721
f 1720 1747 1721
f 1750 1747 1720
f 1751 1720 1722
f 1750 1720 1751
f 1752 1722 1723
f 1751 1722 1752
f 1753 1723 1724
f 1752 1723 1753
f 1754 1724 1725
f 1753 1724 1754
f 640 1754 639
f 1754 1726 639
f 1754 1725 1726
f 639 1726 642
f 642 1726 1727
f 642 1727 623
f 1755 648 1728
f 1728 648 629
f 1756 1728 1729
f 1755 1728 1756
f 1757 1729 1730
f 1756 1729 1757
f 1758 1730 1731
f 1757 1730 1758
f 1759 1731 1732
f 1758 1731 1759
f 1760 1732 1733
f 1759 1732 1760
f 1761 1733 1734
f 1760 1733 1761
f 1762 1734 1735
f 1761 1734 1762
f 1763 1735 1736
f 1762 1735 1763
f 1764 1736 1737
f 1763 1736 1764
f 1765 1737 1738
f 1764 1737 1765
f 1766 1738 1739
f 1765 1738 1766
f 1767 1739 1740
f 1766 1739 1767
f 1768 1740 1741
f 1767 1740 1768
f 649 1769 633
f 1769 1741 633
f 1769 1768 1741
f 650 1769 649
f 1742 652 635
f 1770 652 1742
f 1744 1743 1771
f 1744 1771 1772
f 653 1771 636
f 636 1771 1743
f 1773 654 1745
f 1745 654 637
f 1745 1746 1774
f 1745 1774 1773
f 1775 1749 1747
f 1777 1776 1775
f 1747 1777 1775
f 1750 1777 1747
f 1778 1750 1751
f 1777 1750 1778
f 1779 1751 1752
f 1778 1751 1779
f 1780 1752 1753
f 1779 1752 1780
f 1781 1753 1754
f 1780 1753 1781
f 656 1781 640
f 640 1781 1754
f 1782 662 663
f 648 1755 663
f 1755 1782 663
f 1755 1783 1782
f 1784 1755 1756
f 1783 1755 1784
f 666 1784 665
f 1784 1757 665
f 1784 1756 1757
f 665 1757 668
f 668 1757 1758
f 668 1758 670
f 670 1758 1759
f 670 1759 671
f 1759 1785 671
f 1759 1760 1785
f 1786 1760 1761
f 1785 1760 1786
f 1787 1761 1762
f 1786 1761 1787
f 1788 1762 1763
f 1787 1762 1788
f 1789 1763 1764
f 1788 1763 1789
f 1790 1764 1765
f 1789 1764 1790
f 1791 1765 1766
f 1790 1765 1791
f 1792 1766 1767
f 1791 1766 1792
f 1793 1767 1768
f 1792 1767 1793
f 1794 1768 1769
f 1793 1768 1794
f 673 1794 650
f 650 1794 1769
f 1770 674 652
f 1795 674 1770
f 1796 1772 1771
f 1771 653 1796
f 653 1797 1796
f 653 675 1797
f 1798 676 1773
f 1773 676 654
f 1773 1774 1799
f 1773 1799 1798
f 1802 1801 1800
f 1803 1800 1801
f 1776 1777 1804
f 1776 1804 1805
f 1806 1777 1778
f 1804 1777 1806
f 1807 1778 1779
f 1806 1778 1807
f 1808 1779 1780
f 1807 1779 1808
f 679 1808 678
f 1808 1781 678
f 1808 1780 1781
f 678 1781 656
f 1809 686 1782
f 1782 686 662
f 1810 1782 1783
f 1809 1782 1810
f 1811 1783 1784
f 1810 1783 1811
f 687 1812 666
f 1812 1784 666
f 1812 1811 1784
f 688 1812 687
f 1785 691 671
f 691 1785 694
f 694 1785 1786
f 694 1786 695
f 1786 1813 695
f 1786 1787 1813
f 1814 1787 1788
f 1813 1787 1814
f 1815 1788 1789
f 1814 1788 1815
f 1816 1789 1790
f 1815 1789 1816
f 1817 1790 1791
f 1816 1790 1817
f 1818 1791 1792
f 1817 1791 1818
f 1819 1792 1793
f 1818 1792 1819
f 698 1819 697
f 1819 1794 697
f 1819 1793 1794
f 697 1794 673
f 1795 1820 674
f 674 1820 700
f 702 700 1820
f 702 1820 1821
f 703 1797 675
f 703 1822 1797
f 1823 704 1798
f 1798 704 676
f 1798 1799 1824
f 1825 1798 1824
f 1823 1798 1825
f 1825 1824 1802
f 1800 1825 1802
f 1826 1825 1800
f 1800 1803 1827
f 1800 1827 1826
f 1828 1805 1804
f 1830 1829 1828
f 1804 1830 1828
f 1806 1830 1804
f 1831 1806 1807
f 1830 1806 1831
f 1832 1807 1808
f 1831 1807 1832
f 706 1832 679
f 679 1832 1808
f 1809 713 686
f 713 1809 715
f 1809 1833 715
f 1809 1810 1833
f 718 1833 717
f 1833 1811 717
f 1833 1810 1811
f 717 1811 720
f 720 1811 1812
f 720 1812 688
f 1813 725 695
f 725 1813 727
f 1813 1834 727
f 1813 1814 1834
f 1835 1814 1815
f 1834 1814 1835
f 1836 1815 1816
f 1835 1815 1836
f 1837 1816 1817
f 1836 1816 1837
f 1838 1817 1818
f 1837 1817 1838
f 1839 1818 1819
f 1838 1818 1839
f 729 1839 698
f 698 1839 1819
f 1840 731 732
f 1841 1840 732
f 702 1841 732
f 1821 1841 702
f 734 1822 703
f 734 1842 1822
f 1843 735 736
f 704 1823 736
f 1823 1843 736
f 1823 1844 1843
f 1825 1846 1845
f 1844 1825 1845
f 1823 1825 1844
f 1846 1825 1826
f 1846 1826 1847
f 1847 1826 1827
f 1848 1829 1830
f 1850 1849 1848
f 1830 1850 1848
f 1831 1850 1830
f 1851 1831 1832
f 1850 1831 1851
f 738 1851 706
f 706 1851 1832
f 1833 746 715
f 746 1833 718
f 1834 755 727
f 755 1834 757
f 1834 1852 757
f 1834 1835 1852
f 1853 1835 1836
f 1852 1835 1853
f 1854 1836 1837
f 1853 1836 1854
f 1855 1837 1838
f 1854 1837 1855
f 1856 1838 1839
f 1855 1838 1856
f 759 1856 729
f 729 1856 1839
f 1857 761 1840
f 1840 761 731
f 1840 1841 1858
f 1840 1858 1857
f 1861 1860 1859
f 1860 1842 1859
f 1842 763 1859
f 1842 734 763
f 1862 764 1843
f 1843 764 735
f 1863 1843 1844
f 1862 1843 1863
f 1844 1845 1864
f 1865 1844 1864
f 1863 1844 1865
f 1866 1865 1864
f 1869 1868 1867
f 1870 1867 1868
f 1849 1850 1871
f 1849 1871 1872
f 1873 1850 1851
f 1871 1850 1873
f 766 1873 738
f 738 1873 1851
f 1852 783 757
f 783 1852 786
f 786 1852 1853
f 786 1853 787
f 1853 1874 787
f 1853 1854 1874
f 1875 1854 1855
f 1874 1854 1875
f 1876 1855 1856
f 1875 1855 1876
f 789 1876 759
f 759 1876 1856
f 1877 791 1857
f 1857 791 761
f 1857 1858 1878
f 1857 1878 1877
f 1861 1859 1879
f 1861 1879 1880
f 793 1879 763
f 763 1879 1859
f 1881 794 1862
f 1862 794 764
f 1882 1862 1863
f 1881 1862 1882
f 1865 1884 1883
f 1882 1865 1883
f 1863 1865 1882
f 1884 1865 1866
f 1869 1867 1885
f 1869 1885 1886
f 1867 1870 1887
f 1888 1867 1887
f 1885 1867 1888
f 1888 1887 1872
f 1871 1888 1872
f 1889 1888 1871
f 1890 1871 1873
f 1889 1871 1890
f 796 1890 766
f 766 1890 1873
f 1891 813 814
f 815 1892 814
f 814 1892 1891
f 787 1874 815
f 1874 1892 815
f 1874 1893 1892
f 1894 1874 1875
f 1893 1874 1894
f 1895 1875 1876
f 1894 1875 1895
f 817 1895 789
f 789 1895 1876
f 1896 819 1877
f 1877 819 791
f 1877 1878 1897
f 1877 1897 1896
f 1898 1880 1879
f 1900 1898 1899
f 1899 1898 820
f 1898 1879 820
f 1879 793 820
f 794 1881 820
f 1881 1899 820
f 1881 1901 1899
f 1902 1881 1882
f 1901 1881 1902
f 1882 1883 1903
f 1882 1903 1902
f 1886 1885 1904
f 1886 1904 1905
f 1906 1885 1888
f 1904 1885 1906
f 1907 1888 1889
f 1906 1888 1907
f 1908 1889 1890
f 1907 1889 1908
f 822 1908 796
f 796 1908 1890
f 1909 837 838
f 839 1910 838
f 838 1910 1909
f 813 1891 839
f 1891 1910 839
f 1891 1911 1910
f 1912 1891 1892
f 1911 1891 1912
f 1913 1892 1893
f 1912 1892 1913
f 1914 1893 1894
f 1913 1893 1914
f 1915 1894 1895
f 1914 1894 1915
f 840 1916 817
f 1916 1895 817
f 1916 1915 1895
f 841 1916 840
f 1917 843 1896
f 1896 843 819
f 1896 1897 1918
f 1896 1918 1917
f 1900 1899 1919
f 1900 1919 1920
f 1921 1899 1901
f 1919 1899 1921
f 1922 1901 1902
f 1921 1901 1922
f 1902 1903 1923
f 1902 1923 1922
f 1926 1925 1924
f 1924 1925 1905
f 1904 1924 1905
f 1927 1924 1904
f 1928 1904 1906
f 1927 1904 1928
f 1929 1906 1907
f 1928 1906 1929
f 1930 1907 1908
f 1929 1907 1930
f 844 1931 822
f 1931 1908 822
f 1931 1930 1908
f 845 1931 844
f 1932 857 858
f 859 1933 858
f 858 1933 1932
f 860 1933 859
f 1934 862 1909
f 1909 862 837
f 1935 1909 1910
f 1934 1909 1935
f 1936 1910 1911
f 1935 1910 1936
f 1937 1911 1912
f 1936 1911 1937
f 1938 1912 1913
f 1937 1912 1938
f 1939 1913 1914
f 1938 1913 1939
f 1940 1914 1915
f 1939 1914 1940
f 865 1940 864
f 1940 1916 864
f 1940 1915 1916
f 864 1916 841
f 1941 867 1917
f 1917 867 843
f 1917 1918 1942
f 1917 1942 1941
f 1920 1919 1943
f 1920 1943 1944
f 1945 1919 1921
f 1943 1919 1945
f 1922 1947 1946
f 1945 1922 1946
f 1921 1922 1945
f 1947 1922 1923
f 1926 1924 1948
f 1926 1948 1949
f 1950 1924 1927
f 1948 1924 1950
f 1951 1927 1928
f 1950 1927 1951
f 1952 1928 1929
f 1951 1928 1952
f 1953 1929 1930
f 1952 1929 1953
f 870 1953 869
f 1953 1931 869
f 1953 1930 1931
f 869 1931 845
f 1954 882 1932
f 1932 882 857
f 1955 1932 1933
f 1954 1932 1955
f 883 1956 860
f 1956 1933 860
f 1956 1955 1933
f 862 1934 883
f 1934 1956 883
f 1934 1957 1956
f 1958 1934 1935
f 1957 1934 1958
f 1959 1935 1936
f 1958 1935 1959
f 1960 1936 1937
f 1959 1936 1960
f 886 1960 885
f 1960 1938 885
f 1960 1937 1938
f 885 1938 888
f 888 1938 1939
f 888 1939 890
f 890 1939 1940
f 890 1940 865
f 1961 891 892
f 893 1962 892
f 892 1962 1961
f 1963 1962 893
f 1963 893 867
f 1964 1963 867
f 1941 1964 867
f 1964 1941 1942
f 1944 1943 1965
f 1944 1965 1966
f 1967 1943 1945
f 1965 1943 1967
f 1945 1946 1968
f 1969 1945 1968
f 1967 1945 1969
f 1970 1969 1968
f 1973 1972 1971
f 1971 1972 1949
f 1948 1971 1949
f 1974 1971 1948
f 1975 1948 1950
f 1974 1948 1975
f 1976 1950 1951
f 1975 1950 1976
f 1977 1951 1952
f 1976 1951 1977
f 1978 1952 1953
f 1977 1952 1978
f 895 1978 870
f 870 1978 1953
f 1979 907 1954
f 1954 907 882
f 910 1979 909
f 1979 1955 909
f 1979 1954 1955
f 909 1955 912
f 912 1955 1956
f 912 1956 913
f 1956 1980 913
f 1956 1957 1980
f 1981 1957 1958
f 1980 1957 1981
f 1982 1958 1959
f 1981 1958 1982
f 1983 1959 1960
f 1982 1959 1983
f 915 1983 886
f 886 1983 1960
f 1961 918 891
f 918 1961 920
f 1961 1984 920
f 1961 1962 1984
f 1962 1963 1985
f 1986 1962 1985
f 1984 1962 1986
f 1987 1986 1985
f 1966 1965 1988
f 1966 1988 1989
f 1990 1965 1967
f 1988 1965 1990
f 1991 1967 1969
f 1990 1967 1991
f 1969 1970 1992
f 1969 1992 1991
f 1993 1973 1971
f 1995 1994 1993
f 1971 1995 1993
f 1974 1995 1971
f 1996 1974 1975
f 1995 1974 1996
f 1997 1975 1976
f 1996 1975 1997
f 1998 1976 1977
f 1997 1976 1998
f 923 1998 922
f 1998 1978 922
f 1998 1977 1978
f 922 1978 895
f 1979 936 907
f 936 1979 910
f 1999 940 1980
f 1980 940 913
f 2000 1980 1981
f 1999 1980 2000
f 2001 1981 1982
f 2000 1981 2001
f 2002 1982 1983
f 2001 1982 2002
f 942 2002 915
f 915 2002 1983
f 1984 946 920
f 946 1984 948
f 1984 2003 948
f 1984 1986 2003
f 1986 1987 2004
f 1986 2004 2003
f 1989 1988 2005
f 1989 2005 2006
f 2007 1988 1990
f 2005 1988 2007
f 1991 2009 2008
f 2007 1991 2008
f 1990 1991 2007
f 2009 1991 1992
f 1994 1995 2010
f 1994 2010 2011
f 2012 1995 1996
f 2010 1995 2012
f 2013 1996 1997
f 2012 1996 2013
f 951 2013 950
f 2013 1998 950
f 2013 1997 1998
f 950 1998 923
f 2014 965 1999
f 1999 965 940
f 968 2014 967
f 2014 2000 967
f 2014 1999 2000
f 967 2000 969
f 2000 2015 969
f 2000 2001 2015
f 2016 2001 2002
f 2015 2001 2016
f 971 2016 942
f 942 2016 2002
f 2017 976 2003
f 2003 976 948
f 2003 2004 2018
f 2003 2018 2017
f 2006 2005 2019
f 2006 2019 2020
f 2021 2005 2007
f 2019 2005 2021
f 2007 2008 2022
f 2023 2007 2022
f 2021 2007 2023
f 2024 2023 2022
f 2025 2011 2010
f 2027 2026 2025
f 2010 2027 2025
f 2012 2027 2010
f 2028 2012 2013
f 2027 2012 2028
f 978 2028 951
f 951 2028 2013
f 2029 995 2014
f 2014 995 965
f 996 2030 968
f 2030 2014 968
f 2030 2029 2014
f 969 2015 996
f 2015 2030 996
f 2015 2031 2030
f 2032 2015 2016
f 2031 2015 2032
f 998 2032 971
f 971 2032 2016
f 2017 1003 976
f 1005 1003 2017
f 2018 1005 2017
f 2033 1005 2018
f 2020 2019 2034
f 2020 2034 2035
f 2036 2019 2021
f 2034 2019 2036
f 2023 2038 2037
f 2036 2023 2037
f 2021 2023 2036
f 2038 2023 2024
f 2026 2027 2039
f 2026 2039 2040
f 1008 2039 1007
f 2039 2028 1007
f 2039 2027 2028
f 1007 2028 978
f 2041 1024 1025
f 1026 2042 1025
f 1025 2042 2041
f 995 2029 1026
f 2029 2042 1026
f 2029 2043 2042
f 2044 2029 2030
f 2043 2029 2044
f 2045 2030 2031
f 2044 2030 2045
f 2046 2031 2032
f 2045 2031 2046
f 1027 2047 998
f 2047 2032 998
f 2047 2046 2032
f 1028 2047 1027
f 2048 1033 1034
f 2049 2048 1034
f 1005 2049 1034
f 2033 2049 1005
f 2035 2034 2050
f 2035 2050 2051
f 2052 2034 2036
f 2050 2034 2052
f 2036 2037 2053
f 2036 2053 2052
f 2040 2039 2054
f 2040 2054 2055
f 1036 2054 1008
f 1008 2054 2039
f 2056 1052 2041
f 2041 1052 1024
f 2057 2041 2042
f 2056 2041 2057
f 2058 2042 2043
f 2057 2042 2058
f 2059 2043 2044
f 2058 2043 2059
f 2060 2044 2045
f 2059 2044 2060
f 2061 2045 2046
f 2060 2045 2061
f 1055 2061 1054
f 2061 2047 1054
f 2061 2046 2047
f 1054 2047 1028
f 2062 1060 2048
f 2048 1060 1033
f 2048 2049 2063
f 2048 2063 2062
f 2051 2050 2064
f 2051 2064 2065
f 2066 2050 2052
f 2064 2050 2066
f 2052 2053 2067
f 2052 2067 2066
f 2070 2069 2068
f 2072 2071 2068
f 2072 2068 2069
f 2071 2072 2055
f 2054 2071 2055
f 2073 2071 2054
f 1062 2073 1036
f 1036 2073 2054
f 2074 1076 1077
f 1078 2075 1077
f 1077 2075 2074
f 1052 2056 1078
f 2056 2075 1078
f 2056 2076 2075
f 2077 2056 2057
f 2076 2056 2077
f 2078 2057 2058
f 2077 2057 2078
f 2079 2058 2059
f 2078 2058 2079
f 2080 2059 2060
f 2079 2059 2080
f 2081 2060 2061
f 2080 2060 2081
f 1079 2082 1055
f 2082 2061 1055
f 2082 2081 2061
f 1080 2082 1079
f 2083 1085 2062
f 2062 1085 1060
f 2062 2063 2084
f 2062 2084 2083
f 2065 2064 2085
f 2065 2085 2086
f 2087 2064 2066
f 2085 2064 2087
f 2066 2067 2088
f 2066 2088 2087
f 2091 2090 2089
f 2089 2090 2070
f 2068 2089 2070
f 2092 2089 2068
f 2093 2068 2071
f 2092 2068 2093
f 2094 2071 2073
f 2093 2071 2094
f 1087 2094 1062
f 1062 2094 2073
f 2095 1101 2074
f 2074 1101 1076
f 2096 2074 2075
f 2095 2074 2096
f 2097 2075 2076
f 2096 2075 2097
f 2098 2076 2077
f 2097 2076 2098
f 2099 2077 2078
f 2098 2077 2099
f 2100 2078 2079
f 2099 2078 2100
f 2101 2079 2080
f 2100 2079 2101
f 2102 2080 2081
f 2101 2080 2102
f 2103 2081 2082
f 2102 2081 2103
f 1102 2104 1080
f 2104 2082 1080
f 2104 2103 2082
f 1103 2104 1102
f 2105 1107 2083
f 2083 1107 1085
f 2083 2084 2106
f 2083 2106 2105
f 2086 2085 2107
f 2086 2107 2108
f 2109 2085 2087
f 2107 2085 2109
f 2087 2088 2110
f 2087 2110 2109
f 2091 2089 2111
f 2091 2111 2112
f 2113 2089 2092
f 2111 2089 2113
f 2114 2092 2093
f 2113 2092 2114
f 2115 2093 2094
f 2114 2093 2115
f 1108 2116 1087
f 2116 2094 1087
f 2116 2115 2094
f 1109 2116 1108
f 2117 1123 2095
f 2095 1123 1101
f 2118 2095 2096
f 2117 2095 2118
f 2119 2096 2097
f 2118 2096 2119
f 2120 2097 2098
f 2119 2097 2120
f 2121 2098 2099
f 2120 2098 2121
f 2122 2099 2100
f 2121 2099 2122
f 2123 2100 2101
f 2122 2100 2123
f 2124 2101 2102
f 2123 2101 2124
f 1126 2124 1125
f 2124 2103 1125
f 2124 2102 2103
f 1125 2103 1128
f 1128 2103 2104
f 1128 2104 1103
f 2125 1132 2105
f 2105 1132 1107
f 2105 2106 2126
f 2105 2126 2125
f 2108 2107 2127
f 2108 2127 2128
f 2129 2107 2109
f 2127 2107 2129
f 2109 2110 2130
f 2109 2130 2129
f 2131 2112 2111
f 2131 2111 2113
f 2131 2113 2132
f 2132 2113 2114
f 2132 2114 2133
f 2135 2134 2133
f 2114 2135 2133
f 2115 2135 2114
f 2136 2115 2116
f 2135 2115 2136
f 1133 2137 1109
f 2137 2116 1109
f 2137 2136 2116
f 1134 2137 1133
f 2138 1146 1147
f 1123 2117 1147
f 2117 2138 1147
f 2117 2139 2138
f 2140 2117 2118
f 2139 2117 2140
f 2141 2118 2119
f 2140 2118 2141
f 2142 2119 2120
f 2141 2119 2142
f 2143 2120 2121
f 2142 2120 2143
f 2144 2121 2122
f 2143 2121 2144
f 2145 2122 2123
f 2144 2122 2145
f 2146 2123 2124
f 2145 2123 2146
f 1148 2147 1126
f 2147 2124 1126
f 2147 2146 2124
f 1149 2148 1148
f 1148 2148 2147
f 1150 2148 1149
f 2150 2149 2125
f 2149 1132 2125
f 2149 1154 1132
f 2150 2125 2126
f 2128 2127 2151
f 2128 2151 2152
f 2153 2127 2129
f 2151 2127 2153
f 2129 2130 2154
f 2129 2154 2153
f 2134 2135 2155
f 2134 2155 2156
f 2157 2135 2136
f 2155 2135 2157
f 2158 2136 2137
f 2157 2136 2158
f 1156 2158 1134
f 1134 2158 2137
f 2159 1164 1165
f 1166 2160 1165
f 1165 2160 2159
f 1167 2161 1166
f 1166 2161 2160
f 1146 2138 1167
f 2138 2161 1167
f 2138 2162 2161
f 2163 2138 2139
f 2162 2138 2163
f 2164 2139 2140
f 2163 2139 2164
f 2165 2140 2141
f 2164 2140 2165
f 2166 2141 2142
f 2165 2141 2166
f 2167 2142 2143
f 2166 2142 2167
f 2168 2143 2144
f 2167 2143 2168
f 2169 2144 2145
f 2168 2144 2169
f 2170 2145 2146
f 2169 2145 2170
f 2171 2146 2147
f 2170 2146 2171
f 2172 2147 2148
f 2171 2147 2172
f 1168 2173 1150
f 2173 2148 1150
f 2173 2172 2148
f 1169 2173 1168
f 2149 1172 1154
f 2174 1172 2149
f 2152 2151 2175
f 2152 2175 2176
f 2177 2151 2153
f 2175 2151 2177
f 2153 2154 2178
f 2153 2178 2177
f 2156 2155 2179
f 2156 2179 2180
f 2181 2155 2157
f 2179 2155 2181
f 1175 2181 1174
f 2181 2158 1174
f 2181 2157 2158
f 1174 2158 1156
f 2182 1181 1182
f 1183 2183 1182
f 1182 2183 2182
f 1184 2183 1183
f 2184 1186 2159
f 2159 1186 1164
f 2185 2159 2160
f 2184 2159 2185
f 2186 2160 2161
f 2185 2160 2186
f 2187 2161 2162
f 2186 2161 2187
f 2188 2162 2163
f 2187 2162 2188
f 2189 2163 2164
f 2188 2163 2189
f 2190 2164 2165
f 2189 2164 2190
f 2191 2165 2166
f 2190 2165 2191
f 2192 2166 2167
f 2191 2166 2192
f 2193 2167 2168
f 2192 2167 2193
f 2194 2168 2169
f 2193 2168 2194
f 2195 2169 2170
f 2194 2169 2195
f 2196 2170 2171
f 2195 2170 2196
f 2197 2171 2172
f 2196 2171 2197
f 2198 2172 2173
f 2197 2172 2198
f 1187 2199 1169
f 2199 2173 1169
f 2199 2198 2173
f 1188 2200 1187
f 1187 2200 2199
f 2201 2200 1188
f 1172 2201 1188
f 2174 2201 1172
f 2176 2175 2202
f 2176 2202 2203
f 2204 2175 2177
f 2202 2175 2204
f 2177 2178 2205
f 2177 2205 2204
f 2180 2179 2206
f 2180 2206 2207
f 1191 2206 1190
f 2206 2181 1190
f 2206 2179 2181
f 1190 2181 1175
f 2208 1196 1197
f 1198 2208 1197
f 2209 1200 2182
f 2182 1200 1181
f 2210 2182 2183
f 2209 2182 2210
f 1201 2211 1184
f 2211 2183 1184
f 2211 2210 2183
f 1186 2184 1201
f 2184 2211 1201
f 2184 2212 2211
f 2213 2184 2185
f 2212 2184 2213
f 2214 2185 2186
f 2213 2185 2214
f 2215 2186 2187
f 2214 2186 2215
f 2216 2187 2188
f 2215 2187 2216
f 2217 2188 2189
f 2216 2188 2217
f 2218 2189 2190
f 2217 2189 2218
f 2219 2190 2191
f 2218 2190 2219
f 2220 2191 2192
f 2219 2191 2220
f 2221 2192 2193
f 2220 2192 2221
f 2222 2193 2194
f 2221 2193 2222
f 2223 2194 2195
f 2222 2194 2223
f 2224 2195 2196
f 2223 2195 2224
f 2225 2196 2197
f 2224 2196 2225
f 2226 2197 2198
f 2225 2197 2226
f 2227 2198 2199
f 2226 2198 2227
f 2228 2199 2200
f 2227 2199 2228
f 2200 2201 2229
f 2200 2229 2228
f 2203 2202 2230
f 2203 2230 2231
f 2232 2202 2204
f 2230 2202 2232
f 2204 2205 2233
f 2204 2233 2232
f 2236 2235 2234
f 2238 2237 2234
f 2238 2234 2235
f 2240 2239 2237
f 2240 2237 2238
f 2239 2240 2207
f 2239 2207 2206
f 1204 2239 2206
f 1203 1204 2206
f 1203 2206 1191
f 2208 1210 1196
f 1210 2208 1198
f 2209 1213 1200
f 1213 2209 1216
f 1216 2209 2210
f 1216 2210 1218
f 1218 2210 2211
f 1218 2211 1220
f 1220 2211 2212
f 1220 2212 1222
f 1222 2212 2213
f 1222 2213 1224
f 1224 2213 2214
f 1224 2214 1226
f 1226 2214 2215
f 1226 2215 1227
f 2215 2241 1227
f 2215 2216 2241
f 2242 2216 2217
f 2241 2216 2242
f 1230 2242 1229
f 2242 2218 1229
f 2242 2217 2218
f 1229 2218 1232
f 1232 2218 2219
f 1232 2219 1234
f 1234 2219 2220
f 1234 2220 1235
f 2220 2243 1235
f 2220 2221 2243
f 2244 2221 2222
f 2243 2221 2244
f 2245 2222 2223
f 2244 2222 2245
f 2246 2223 2224
f 2245 2223 2246
f 2247 2224 2225
f 2246 2224 2247
f 2248 2225 2226
f 2247 2225 2248
f 2249 2226 2227
f 2248 2226 2249
f 2250 2227 2228
f 2249 2227 2250
f 2228 2229 2251
f 2228 2251 2250
f 2231 2230 2252
f 2231 2252 2253
f 2254 2230 2232
f 2252 2230 2254
f 2232 2233 2255
f 2256 2232 2255
f 2254 2232 2256
f 2256 2255 2236
f 2256 2236 2234
f 1238 2256 2234
f 1237 1238 2234
f 1237 2234 1240
f 1240 2234 2237
f 1240 2237 1242
f 1242 2237 2239
f 1242 2239 1204
f 2241 1258 1227
f 1258 2241 1261
f 1261 2241 2242
f 1261 2242 1230
f 2257 1265 2243
f 2243 1265 1235
f 2258 2243 2244
f 2257 2243 2258
f 2259 2244 2245
f 2258 2244 2259
f 2260 2245 2246
f 2259 2245 2260
f 2261 2246 2247
f 2260 2246 2261
f 2262 2247 2248
f 2261 2247 2262
f 2263 2248 2249
f 2262 2248 2263
f 2264 2249 2250
f 2263 2249 2264
f 2250 2251 2265
f 2250 2265 2264
f 2268 2267 2266
f 2266 2267 2253
f 2266 2253 2252
f 1268 2266 2252
f 1267 1268 2252
f 1267 2252 1269
f 1269 2252 2254
f 1269 2254 1270
f 1270 2254 2256
f 1270 2256 1238
f 2257 1284 1265
f 1284 2257 1287
f 1287 2257 2258
f 1287 2258 1288
f 2258 2269 1288
f 2258 2259 2269
f 2270 2259 2260
f 2269 2259 2270
f 2271 2260 2261
f 2270 2260 2271
f 2272 2261 2262
f 2271 2261 2272
f 2273 2262 2263
f 2272 2262 2273
f 2274 2263 2264
f 2273 2263 2274
f 2264 2265 2275
f 2264 2275 2274
f 2268 2266 2276
f 2268 2276 2277
f 1290 2276 1268
f 1268 2276 2266
f 2269 1305 1288
f 1305 2269 1307
f 2269 2278 1307
f 2269 2270 2278
f 2279 2270 2271
f 2278 2270 2279
f 2280 2271 2272
f 2279 2271 2280
f 2281 2272 2273
f 2280 2272 2281
f 2282 2273 2274
f 2281 2273 2282
f 2274 2275 2283
f 2274 2283 2282
f 2284 2277 2276
f 2286 2284 2285
f 2285 2284 1308
f 2284 2276 1308
f 2276 1290 1308
f 1309 2285 1308
f 2287 1319 1320
f 1321 2288 1320
f 1320 2288 2287
f 1322 2289 1321
f 1321 2289 2288
f 1307 2278 1322
f 2278 2289 1322
f 2278 2290 2289
f 2291 2278 2279
f 2290 2278 2291
f 2292 2279 2280
f 2291 2279 2292
f 2293 2280 2281
f 2292 2280 2293
f 2294 2281 2282
f 2293 2281 2294
f 2282 2283 2295
f 2282 2295 2294
f 2296 2286 2285
f 2298 2296 2297
f 2297 2296 1323
f 2296 2285 1323
f 2285 1309 1323
f 1324 2297 1323
f 2299 1341 2287
f 2287 1341 1319
f 2300 2287 2288
f 2299 2287 2300
f 2301 2288 2289
f 2300 2288 2301
f 2302 2289 2290
f 2301 2289 2302
f 2303 2290 2291
f 2302 2290 2303
f 2304 2291 2292
f 2303 2291 2304
f 2305 2292 2293
f 2304 2292 2305
f 2306 2293 2294
f 2305 2293 2306
f 2294 2295 2307
f 2294 2307 2306
f 2308 2298 2297
f 2308 2297 1324
f 1342 2308 1324
f 2309 2308 1342
f 2310 1342 1343
f 2310 2309 1342
f 2311 1343 1344
f 2311 2310 1343
f 2312 1344 1345
f 2312 2311 1344
f 2313 1345 1346
f 2313 2312 1345
f 2314 1346 1347
f 2314 2313 1346
f 2316 2314 2315
f 2314 1348 2315
f 2314 1347 1348
f 1349 2317 1348
f 1348 2317 2315
f 1350 2318 1349
f 1349 2318 2317
f 1352 2318 1350
f 2319 1354 1355
f 1356 2320 1355
f 1355 2320 2319
f 1357 2321 1356
f 1356 2321 2320
f 1358 2322 1357
f 1357 2322 2321
f 2322 1358 2323
f 1358 2324 2323
f 1358 1359 2324
f 2325 1359 1360
f 2325 2324 1359
f 1360 1361 2325
f 2325 1361 2326
f 2328 2327 1366
f 1366 2327 1365
f 2329 1366 1367
f 2329 2328 1366
f 2331 2329 2330
f 2329 1368 2330
f 2329 1367 1368
f 2330 1368 2332
f 1368 2333 2332
f 1368 1369 2333
f 1369 1341 2299
f 2334 1369 2299
f 2333 1369 2334
f 2334 2299 2300
f 2334 2300 2335
f 2335 2300 2301
f 2335 2301 2336
f 2336 2301 2302
f 2336 2302 2337
f 2337 2302 2303
f 2337 2303 2338
f 2338 2303 2304
f 2338 2304 2339
f 2339 2304 2305
f 2339 2305 2340
f 2340 2305 2306
f 2340 2306 2341
f 2341 2306 2307
f 2343 2342 1371
f 2343 1371 1372
f 1371 2344 1373
f 2342 2344 1371
f 2346 1374 2345
f 1374 2344 2345
f 1374 1373 2344
f 1374 2346 1375
f 1375 2346 2347
f 1375 2347 1376
f 1376 2347 2348
f 1376 2348 1377
f 1377 2348 2349
f 1377 2349 1378
f 1378 2349 2350
f 1378 2350 1379
f 1379 2350 2351
f 1379 2351 1380
f 1380 2351 2352
f 1380 2352 1381
f 1381 2352 2353
f 2355 2354 2353
f 2354 1381 2353
f 2354 1382 1381
f 1382 2356 1383
f 2354 2356 1382
f 1383 2357 1384
f 2356 2357 1383
f 1384 2358 1385
f 2357 2358 1384
f 1385 2359 1386
f 2358 2359 1385
f 1386 2360 1387
f 2359 2360 1386
f 1387 2361 1388
f 2360 2361 1387
f 2363 1389 2362
f 1389 2361 2362
f 1389 1388 2361
f 2365 2364 2363
f 2364 1389 2363
f 2364 1390 1389
f 2367 1391 2366
f 1391 2364 2366
f 1391 1390 2364
f 2369 2368 2367
f 2368 1391 2367
f 2368 1392 1391
f 2371 1393 2370
f 1393 2368 2370
f 1393 1392 2368
f 1393 2371 1394
f 1394 2371 2372
f 1394 2372 1395
f 1395 2372 2373
f 2375 2374 2373
f 2374 1395 2373
f 2374 1396 1395
f 1396 2376 1397
f 2374 2376 1396
f 1397 2377 1399
f 2376 2377 1397
f 1399 2378 1400
f 2377 2378 1399
f 1400 2379 1402
f 2378 2379 1400
f 1402 2380 1404
f 2379 2380 1402
f 1404 2381 1406
f 2380 2381 1404
f 2383 1408 2382
f 1408 2381 2382
f 1408 1406 2381
f 2385 2384 1409
f 2385 1409 1408
f 2386 2385 1408
f 2383 2386 1408
f 2388 2387 2384
f 2388 2384 2385
f 2389 2387 2388
f 1411 2343 1372
f 1411 2390 2343
f 2384 1416 1409
f 1416 2384 1418
f 2384 2391 1418
f 2384 2387 2391
f 2387 2389 2392
f 2387 2392 2391
f 1411 1419 2393
f 2394 1411 2393
f 2390 1411 2394
f 1421 2393 1419
f 2395 1429 2391
f 2391 1429 1418
f 2391 2392 2396
f 2391 2396 2395
f 2394 2393 2397
f 2394 2397 2398
f 1431 2397 1421
f 1421 2397 2393
f 2399 1442 2395
f 2395 1442 1429
f 2395 2396 2400
f 2401 2395 2400
f 2399 2395 2401
f 2402 2401 2400
f 2403 2398 2397
f 2397 1431 2403
f 1431 2404 2403
f 1431 1444 2404
f 2399 1459 1442
f 1459 2399 1461
f 2399 2405 1461
f 2399 2401 2405
f 2401 2402 2406
f 2401 2406 2405
f 1444 1462 2407
f 2408 1444 2407
f 2404 1444 2408
f 1463 2407 1462
f 2409 1465 1466
f 1467 2409 1466
f 2410 1484 2405
f 2405 1484 1461
f 2405 2406 2411
f 2405 2411 2410
f 2408 2407 2412
f 2408 2412 2413
f 1486 2412 1463
f 1463 2412 2407
f 2409 1487 1465
f 1487 2409 1467
f 2410 1501 1484
f 2415 2414 1503
f 2415 1503 1501
f 2411 2415 1501
f 2410 2411 1501
f 2416 2414 2415
f 2413 2412 1505
f 1506 2413 1505
f 2417 2413 1506
f 1505 2412 1486
f 2414 1521 1503
f 1523 1521 2414
f 2416 1523 2414
f 2418 1523 2416
f 1525 2417 1506
f 1525 2419 2417
f 2420 1541 1542
f 2421 2420 1542
f 1523 2421 1542
f 2418 2421 1523
f 2424 2423 2422
f 2423 2419 2422
f 2419 1544 2422
f 2419 1525 1544
f 2425 1560 2420
f 2420 1560 1541
f 2420 2421 2426
f 2420 2426 2425
f 2424 2422 2427
f 2424 2427 2428
f 1562 2427 1544
f 1544 2427 2422
f 2429 1584 2425
f 2425 1584 1560
f 2425 2426 2430
f 2425 2430 2429
f 2428 2427 2431
f 2428 2431 2432
f 1586 2431 1562
f 1562 2431 2427
f 2433 1589 1590
f 1591 2434 1590
f 1590 2434 2433
f 1592 2434 1591
f 2435 1611 2429
f 2429 1611 1584
f 2429 2430 2436
f 2429 2436 2435
f 2432 2431 2437
f 2432 2437 2438
f 1613 2437 1586
f 1586 2437 2431
f 2439 1615 2433
f 2433 1615 1589
f 2440 2433 2434
f 2439 2433 2440
f 1616 2441 1592
f 2441 2434 1592
f 2441 2440 2434
f 1617 2441 1616
f 2443 2442 2435
f 2442 1611 2435
f 2442 1637 1611
f 2443 2435 2436
f 2438 2437 2444
f 2438 2444 2445
f 1638 2444 1613
f 1613 2444 2437
f 2446 1640 1641
f 1615 2439 1641
f 2439 2446 1641
f 2439 2447 2446
f 2448 2439 2440
f 2447 2439 2448
f 2449 2440 2441
f 2448 2440 2449
f 1643 2449 1617
f 1617 2449 2441
f 2442 1663 1637
f 2450 1663 2442
f 2445 2444 2451
f 2445 2451 2452
f 1664 2451 1638
f 1638 2451 2444
f 2453 1665 2446
f 2446 1665 1640
f 2454 2446 2447
f 2453 2446 2454
f 2455 2447 2448
f 2454 2447 2455
f 2456 2448 2449
f 2455 2448 2456
f 1666 2457 1643
f 2457 2449 1643
f 2457 2456 2449
f 1667 2457 1666
f 2450 1687 1663
f 2458 1687 2450
f 2452 2451 2459
f 2452 2459 2460
f 1688 2459 1664
f 1664 2459 2451
f 2461 1689 2453
f 2453 1689 1665
f 2462 2453 2454
f 2461 2453 2462
f 2463 2454 2455
f 2462 2454 2463
f 2464 2455 2456
f 2463 2455 2464
f 1692 2464 1691
f 2464 2457 1691
f 2464 2456 2457
f 1691 2457 1667
f 2458 1713 1687
f 2465 1713 2458
f 2460 2459 1715
f 1716 2460 1715
f 2466 2460 1716
f 1715 2459 1688
f 2461 1717 1689
f 1717 2461 1719
f 2461 2467 1719
f 2461 2462 2467
f 2468 2462 2463
f 2467 2462 2468
f 2469 2463 2464
f 2468 2463 2469
f 1721 2469 1692
f 1692 2469 2464
f 2465 1742 1713
f 2470 1742 2465
f 1744 2466 1716
f 1744 2471 2466
f 2472 1746 2467
f 2467 1746 1719
f 2473 2467 2468
f 2472 2467 2473
f 1749 2473 1748
f 2473 2469 1748
f 2473 2468 2469
f 1748 2469 1721
f 2470 1770 1742
f 2474 1770 2470
f 1772 2471 1744
f 1772 2475 2471
f 2476 1774 2472
f 2472 1774 1746
f 2477 2472 2473
f 2476 2472 2477
f 1775 2478 1749
f 2478 2473 1749
f 2478 2477 2473
f 1776 2478 1775
f 2480 1795 2479
f 1795 2474 2479
f 1795 1770 2474
f 2481 2480 2479
f 1772 1796 2482
f 2483 1772 2482
f 2475 1772 2483
f 1797 2482 1796
f 2484 1799 2476
f 2476 1799 1774
f 1802 2484 1801
f 2484 2477 1801
f 2484 2476 2477
f 1801 2477 1803
f 2477 2485 1803
f 2477 2478 2485
f 1805 2485 1776
f 1776 2485 2478
f 2480 1820 1795
f 1821 1820 2480
f 2481 1821 2480
f 2486 1821 2481
f 2487 2483 2482
f 2482 1797 2487
f 1797 2488 2487
f 1797 1822 2488
f 2484 1824 1799
f 1824 2484 1802
f 2489 1827 2485
f 2485 1827 1803
f 1828 2490 1805
f 2490 2485 1805
f 2490 2489 2485
f 1829 2490 1828
f 2486 1841 1821
f 2491 1841 2486
f 1842 2488 1822
f 1842 2492 2488
f 2493 1845 1846
f 1847 2494 1846
f 1846 2494 2493
f 1827 2489 1847
f 2489 2494 1847
f 2489 2495 2494
f 2496 2489 2490
f 2495 2489 2496
f 1848 2497 1829
f 2497 2490 1829
f 2497 2496 2490
f 1849 2497 1848
f 2491 1858 1841
f 2498 1858 2491
f 1861 2499 1860
f 2499 2500 1860
f 2500 1842 1860
f 2500 2492 1842
f 2493 1864 1845
f 1864 2493 1866
f 2493 2501 1866
f 2493 2494 2501
f 2502 2494 2495
f 2501 2494 2502
f 1869 2502 1868
f 2502 2496 1868
f 2502 2495 2496
f 1868 2496 1870
f 2496 2503 1870
f 2496 2497 2503
f 1872 2503 1849
f 1849 2503 2497
f 2498 1878 1858
f 2504 1878 2498
f 2506 2505 2499
f 1861 2506 2499
f 1880 2506 1861
f 2499 2505 2500
f 2507 1883 1884
f 1866 2501 1884
f 2501 2507 1884
f 2501 2508 2507
f 2509 2501 2502
f 2508 2501 2509
f 1886 2509 1869
f 1869 2509 2502
f 2503 1887 1870
f 1887 2503 1872
f 2504 1897 1878
f 2510 1897 2504
f 2511 2506 1880
f 2511 1880 1898
f 1898 1900 2511
f 2511 1900 2512
f 2513 1903 2507
f 2507 1903 1883
f 2514 2507 2508
f 2513 2507 2514
f 2515 2508 2509
f 2514 2508 2515
f 1905 2515 1886
f 1886 2515 2509
f 2510 1918 1897
f 2516 1918 2510
f 1920 2512 1900
f 1920 2517 2512
f 2518 1923 2513
f 2513 1923 1903
f 2519 2513 2514
f 2518 2513 2519
f 1926 2519 1925
f 2519 2515 1925
f 2519 2514 2515
f 1925 2515 1905
f 2516 1942 1918
f 2520 1942 2516
f 1944 2517 1920
f 1944 2521 2517
f 2522 1946 1947
f 1923 2518 1947
f 2518 2522 1947
f 2518 2523 2522
f 2524 2518 2519
f 2523 2518 2524
f 1949 2524 1926
f 1926 2524 2519
f 2525 1963 1964
f 2526 2525 1964
f 1942 2526 1964
f 2520 2526 1942
f 1966 2521 1944
f 1966 2527 2521
f 2522 1968 1946
f 1968 2522 1970
f 2522 2528 1970
f 2522 2523 2528
f 1973 2528 1972
f 2528 2524 1972
f 2528 2523 2524
f 1972 2524 1949
f 2525 1985 1963
f 1987 1985 2525
f 2526 1987 2525
f 2529 1987 2526
f 1989 2527 1966
f 1989 2530 2527
f 2531 1992 2528
f 2528 1992 1970
f 1993 2532 1973
f 2532 2528 1973
f 2532 2531 2528
f 1994 2532 1993
f 2529 2004 1987
f 2533 2004 2529
f 2006 2530 1989
f 2006 2534 2530
f 2535 2008 2009
f 1992 2531 2009
f 2531 2535 2009
f 2531 2536 2535
f 2537 2531 2532
f 2536 2531 2537
f 2011 2537 1994
f 1994 2537 2532
f 2533 2018 2004
f 2538 2018 2533
f 2020 2534 2006
f 2020 2539 2534
f 2535 2022 2008
f 2022 2535 2024
f 2535 2540 2024
f 2535 2536 2540
f 2541 2536 2537
f 2540 2536 2541
f 2025 2542 2011
f 2542 2537 2011
f 2542 2541 2537
f 2026 2542 2025
f 2538 2033 2018
f 2543 2033 2538
f 2546 2545 2544
f 2545 2539 2544
f 2539 2035 2544
f 2539 2020 2035
f 2547 2037 2038
f 2024 2540 2038
f 2540 2547 2038
f 2540 2548 2547
f 2549 2540 2541
f 2548 2540 2549
f 2550 2541 2542
f 2549 2541 2550
f 2040 2550 2026
f 2026 2550 2542
f 2543 2049 2033
f 2551 2049 2543
f 2546 2544 2552
f 2546 2552 2553
f 2051 2552 2035
f 2035 2552 2544
f 2554 2053 2547
f 2547 2053 2037
f 2555 2547 2548
f 2554 2547 2555
f 2556 2548 2549
f 2555 2548 2556
f 2557 2549 2550
f 2556 2549 2557
f 2055 2557 2040
f 2040 2557 2550
f 2551 2063 2049
f 2558 2063 2551
f 2559 2553 2552
f 2552 2051 2559
f 2051 2560 2559
f 2051 2065 2560
f 2561 2067 2554
f 2554 2067 2053
f 2562 2554 2555
f 2561 2554 2562
f 2070 2562 2069
f 2562 2556 2069
f 2562 2555 2556
f 2069 2556 2072
f 2072 2556 2557
f 2072 2557 2055
f 2558 2084 2063
f 2563 2084 2558
f 2566 2565 2564
f 2565 2560 2564
f 2560 2086 2564
f 2560 2065 2086
f 2567 2088 2561
f 2561 2088 2067
f 2091 2567 2090
f 2567 2562 2090
f 2567 2561 2562
f 2090 2562 2070
f 2563 2106 2084
f 2568 2106 2563
f 2566 2564 2569
f 2566 2569 2570
f 2108 2569 2086
f 2086 2569 2564
f 2571 2110 2567
f 2567 2110 2088
f 2112 2571 2091
f 2091 2571 2567
f 2568 2126 2106
f 2572 2126 2568
f 2570 2569 2573
f 2570 2573 2574
f 2128 2573 2108
f 2108 2573 2569
f 2575 2130 2571
f 2571 2130 2110
f 2131 2576 2112
f 2576 2571 2112
f 2576 2575 2571
f 2132 2577 2131
f 2131 2577 2576
f 2133 2578 2132
f 2132 2578 2577
f 2134 2578 2133
f 2579 2149 2150
f 2580 2579 2150
f 2126 2580 2150
f 2572 2580 2126
f 2574 2573 2581
f 2574 2581 2582
f 2152 2581 2128
f 2128 2581 2573
f 2583 2154 2575
f 2575 2154 2130
f 2584 2575 2576
f 2583 2575 2584
f 2585 2576 2577
f 2584 2576 2585
f 2586 2577 2578
f 2585 2577 2586
f 2156 2586 2134
f 2134 2586 2578
f 2587 2174 2579
f 2579 2174 2149
f 2579 2580 2588
f 2579 2588 2587
f 2582 2581 2589
f 2582 2589 2590
f 2176 2589 2152
f 2152 2589 2581
f 2591 2178 2583
f 2583 2178 2154
f 2592 2583 2584
f 2591 2583 2592
f 2593 2584 2585
f 2592 2584 2593
f 2594 2585 2586
f 2593 2585 2594
f 2180 2594 2156
f 2156 2594 2586
f 2595 2201 2587
f 2587 2201 2174
f 2587 2588 2596
f 2587 2596 2595
f 2590 2589 2597
f 2590 2597 2598
f 2203 2597 2176
f 2176 2597 2589
f 2599 2205 2591
f 2591 2205 2178
f 2600 2591 2592
f 2599 2591 2600
f 2601 2592 2593
f 2600 2592 2601
f 2602 2593 2594
f 2601 2593 2602
f 2207 2602 2180
f 2180 2602 2594
f 2603 2229 2595
f 2595 2229 2201
f 2595 2596 2604
f 2595 2604 2603
f 2598 2597 2605
f 2598 2605 2606
f 2231 2605 2203
f 2203 2605 2597
f 2607 2233 2599
f 2599 2233 2205
f 2236 2607 2235
f 2607 2600 2235
f 2607 2599 2600
f 2235 2600 2238
f 2238 2600 2601
f 2238 2601 2240
f 2240 2601 2602
f 2240 2602 2207
f 2608 2251 2603
f 2603 2251 2229
f 2603 2604 2609
f 2603 2609 2608
f 2606 2605 2610
f 2606 2610 2611
f 2253 2610 2231
f 2231 2610 2605
f 2607 2255 2233
f 2255 2607 2236
f 2612 2265 2608
f 2608 2265 2251
f 2608 2609 2613
f 2608 2613 2612
f 2611 2610 2267
f 2268 2611 2267
f 2614 2611 2268
f 2267 2610 2253
f 2615 2275 2612
f 2612 2275 2265
f 2612 2613 2616
f 2612 2616 2615
f 2277 2614 2268
f 2277 2617 2614
f 2618 2283 2615
f 2615 2283 2275
f 2615 2616 2619
f 2615 2619 2618
f 2622 2621 2620
f 2623 2620 2284
f 2620 2617 2284
f 2617 2277 2284
f 2617 2620 2621
f 2286 2623 2284
f 2624 2295 2618
f 2618 2295 2283
f 2618 2619 2625
f 2618 2625 2624
f 2622 2620 2626
f 2622 2626 2627
f 2628 2620 2623
f 2626 2620 2628
f 2296 2629 2286
f 2629 2623 2286
f 2629 2628 2623
f 2298 2629 2296
f 2630 2307 2624
f 2624 2307 2295
f 2624 2625 2631
f 2624 2631 2630
f 2632 2627 2626
f 2632 2626 2628
f 2632 2628 2633
f 2633 2628 2629
f 2633 2629 2634
f 2636 2634 2635
f 2635 2634 2308
f 2634 2629 2308
f 2629 2298 2308
f 2309 2637 2308
f 2308 2637 2635
f 2310 2638 2309
f 2309 2638 2637
f 2311 2639 2310
f 2310 2639 2638
f 2312 2640 2311
f 2311 2640 2639
f 2313 2641 2312
f 2312 2641 2640
f 2314 2642 2313
f 2313 2642 2641
f 2316 2642 2314
f 2643 2323 2324
f 2325 2644 2324
f 2324 2644 2643
f 2326 2644 2325
f 2645 2327 2328
f 2329 2646 2328
f 2328 2646 2645
f 2331 2646 2329
f 2647 2332 2333
f 2647 2333 2648
f 2333 2649 2648
f 2333 2334 2649
f 2650 2334 2335
f 2650 2649 2334
f 2651 2335 2336
f 2651 2650 2335
f 2652 2336 2337
f 2652 2651 2336
f 2653 2337 2338
f 2653 2652 2337
f 2654 2338 2339
f 2654 2653 2338
f 2655 2339 2340
f 2655 2654 2339
f 2656 2340 2341
f 2656 2655 2340
f 2341 2307 2630
f 2657 2341 2630
f 2656 2341 2657
f 2657 2630 2631
f 2659 2658 2342
f 2659 2342 2343
f 2342 2660 2344
f 2658 2660 2342
f 2345 2344 2661
f 2661 2344 2660
f 2664 2663 2662
f 2662 2663 2355
f 2663 2354 2355
f 2663 2665 2354
f 2354 2666 2356
f 2665 2666 2354
f 2668 2357 2667
f 2357 2666 2667
f 2357 2356 2666
f 2357 2668 2358
f 2358 2668 2669
f 2671 2670 2669
f 2670 2358 2669
f 2670 2359 2358
f 2673 2360 2672
f 2360 2670 2672
f 2360 2359 2670
f 2360 2673 2361
f 2361 2673 2674
f 2361 2674 2362
f 2676 2675 2365
f 2365 2675 2364
f 2366 2364 2677
f 2677 2364 2675
f 2678 2368 2369
f 2368 2678 2370
f 2679 2374 2375
f 2681 2680 2679
f 2680 2374 2679
f 2680 2376 2374
f 2376 2682 2377
f 2680 2682 2376
f 2684 2378 2683
f 2378 2682 2683
f 2378 2377 2682
f 2378 2684 2379
f 2379 2684 2685
f 2379 2685 2380
f 2380 2685 2686
f 2380 2686 2381
f 2381 2686 2687
f 2381 2687 2382
f 2688 2385 2386
f 2690 2689 2688
f 2689 2385 2688
f 2689 2388 2385
f 2389 2388 2689
f 2389 2689 2691
f 2390 2659 2343
f 2390 2692 2659
f 2691 2392 2389
f 2693 2392 2691
f 2696 2695 2694
f 2695 2692 2694
f 2692 2394 2694
f 2692 2390 2394
f 2698 2396 2697
f 2396 2693 2697
f 2396 2392 2693
f 2699 2698 2697
f 2700 2696 2694
f 2694 2394 2700
f 2394 2701 2700
f 2394 2398 2701
f 2698 2400 2396
f 2402 2400 2698
f 2699 2402 2698
f 2702 2402 2699
f 2398 2403 2703
f 2704 2398 2703
f 2701 2398 2704
f 2404 2703 2403
f 2702 2406 2402
f 2705 2406 2702
f 2704 2703 2706
f 2704 2706 2707
f 2408 2706 2404
f 2404 2706 2703
f 2705 2411 2406
f 2708 2411 2705
f 2707 2706 2709
f 2707 2709 2710
f 2413 2709 2408
f 2408 2709 2706
f 2708 2711 2411
f 2411 2711 2415
f 2416 2415 2711
f 2416 2711 2712
f 2710 2709 2713
f 2710 2713 2714
f 2417 2713 2413
f 2413 2713 2709
f 2712 2418 2416
f 2715 2418 2712
f 2714 2713 2716
f 2714 2716 2717
f 2419 2716 2417
f 2417 2716 2713
f 2715 2421 2418
f 2718 2421 2715
f 2717 2716 2423
f 2424 2717 2423
f 2719 2717 2424
f 2423 2716 2419
f 2718 2426 2421
f 2720 2426 2718
f 2428 2719 2424
f 2428 2721 2719
f 2724 2723 2722
f 2720 2724 2722
f 2430 2720 2722
f 2426 2720 2430
f 2432 2721 2428
f 2432 2725 2721
f 2722 2723 2726
f 2726 2723 2727
f 2726 2436 2430
f 2726 2430 2722
f 2438 2725 2432
f 2438 2728 2725
f 2726 2727 2443
f 2727 2442 2443
f 2727 2729 2442
f 2726 2443 2436
f 2445 2728 2438
f 2445 2730 2728
f 2729 2450 2442
f 2731 2450 2729
f 2452 2730 2445
f 2452 2732 2730
f 2731 2458 2450
f 2733 2458 2731
f 2460 2732 2452
f 2460 2734 2732
f 2733 2465 2458
f 2735 2465 2733
f 2466 2734 2460
f 2466 2736 2734
f 2735 2470 2465
f 2737 2470 2735
f 2471 2736 2466
f 2471 2738 2736
f 2740 2474 2739
f 2474 2737 2739
f 2474 2470 2737
f 2741 2740 2739
f 2475 2738 2471
f 2475 2742 2738
f 2740 2479 2474
f 2481 2479 2740
f 2741 2481 2740
f 2743 2481 2741
f 2483 2742 2475
f 2483 2744 2742
f 2743 2486 2481
f 2745 2486 2743
f 2483 2487 2746
f 2747 2483 2746
f 2744 2483 2747
f 2488 2746 2487
f 2745 2491 2486
f 2748 2491 2745
f 2749 2747 2746
f 2746 2488 2749
f 2488 2750 2749
f 2488 2492 2750
f 2748 2498 2491
f 2751 2498 2748
f 2754 2753 2752
f 2753 2750 2752
f 2750 2500 2752
f 2750 2492 2500
f 2751 2504 2498
f 2755 2504 2751
f 2754 2752 2505
f 2506 2754 2505
f 2756 2754 2506
f 2505 2752 2500
f 2755 2510 2504
f 2757 2510 2755
f 2506 2511 2758
f 2759 2506 2758
f 2756 2506 2759
f 2512 2758 2511
f 2757 2516 2510
f 2760 2516 2757
f 2759 2758 2761
f 2759 2761 2762
f 2517 2761 2512
f 2512 2761 2758
f 2760 2520 2516
f 2763 2520 2760
f 2762 2761 2764
f 2762 2764 2765
f 2521 2764 2517
f 2517 2764 2761
f 2763 2526 2520
f 2766 2526 2763
f 2765 2764 2767
f 2765 2767 2768
f 2527 2767 2521
f 2521 2767 2764
f 2766 2529 2526
f 2769 2529 2766
f 2768 2767 2770
f 2768 2770 2771
f 2530 2770 2527
f 2527 2770 2767
f 2769 2533 2529
f 2772 2533 2769
f 2771 2770 2773
f 2771 2773 2774
f 2534 2773 2530
f 2530 2773 2770
f 2772 2538 2533
f 2775 2538 2772
f 2774 2773 2776
f 2774 2776 2777
f 2539 2776 2534
f 2534 2776 2773
f 2775 2543 2538
f 2778 2543 2775
f 2777 2776 2545
f 2546 2777 2545
f 2779 2777 2546
f 2545 2776 2539
f 2778 2551 2543
f 2780 2551 2778
f 2553 2779 2546
f 2553 2781 2779
f 2780 2558 2551
f 2782 2558 2780
f 2553 2559 2783
f 2784 2553 2783
f 2781 2553 2784
f 2560 2783 2559
f 2782 2563 2558
f 2785 2563 2782
f 2784 2783 2565
f 2566 2784 2565
f 2786 2784 2566
f 2565 2783 2560
f 2785 2568 2563
f 2787 2568 2785
f 2570 2786 2566
f 2570 2788 2786
f 2787 2572 2568
f 2789 2572 2787
f 2574 2788 2570
f 2574 2790 2788
f 2789 2580 2572
f 2791 2580 2789
f 2794 2793 2792
f 2793 2790 2792
f 2790 2582 2792
f 2790 2574 2582
f 2791 2588 2580
f 2795 2588 2791
f 2794 2792 2796
f 2794 2796 2797
f 2590 2796 2582
f 2582 2796 2792
f 2795 2596 2588
f 2798 2596 2795
f 2797 2796 2799
f 2797 2799 2800
f 2598 2799 2590
f 2590 2799 2796
f 2798 2604 2596
f 2801 2604 2798
f 2800 2799 2802
f 2800 2802 2803
f 2606 2802 2598
f 2598 2802 2799
f 2801 2609 2604
f 2804 2609 2801
f 2803 2802 2805
f 2803 2805 2806
f 2611 2805 2606
f 2606 2805 2802
f 2804 2613 2609
f 2807 2613 2804
f 2806 2805 2808
f 2806 2808 2809
f 2614 2808 2611
f 2611 2808 2805
f 2807 2616 2613
f 2810 2616 2807
f 2809 2808 2811
f 2809 2811 2812
f 2617 2811 2614
f 2614 2811 2808
f 2810 2619 2616
f 2813 2619 2810
f 2812 2811 2621
f 2622 2812 2621
f 2814 2812 2622
f 2621 2811 2617
f 2813 2625 2619
f 2815 2625 2813
f 2627 2814 2622
f 2627 2816 2814
f 2815 2631 2625
f 2817 2631 2815
f 2818 2816 2627
f 2818 2627 2632
f 2819 2632 2633
f 2819 2818 2632
f 2821 2819 2820
f 2819 2634 2820
f 2819 2633 2634
f 2636 2820 2634
f 2822 2648 2649
f 2822 2649 2823
f 2649 2824 2823
f 2649 2650 2824
f 2825 2650 2651
f 2825 2824 2650
f 2826 2651 2652
f 2826 2825 2651
f 2827 2652 2653
f 2827 2826 2652
f 2829 2827 2828
f 2827 2654 2828
f 2827 2653 2654
f 2655 2830 2654
f 2654 2830 2828
f 2830 2655 2831
f 2655 2832 2831
f 2655 2656 2832
f 2833 2656 2657
f 2833 2832 2656
f 2657 2631 2817
f 2657 2817 2833
f 2835 2834 2658
f 2835 2658 2659
f 2658 2836 2660
f 2834 2836 2658
f 2661 2660 2837
f 2837 2660 2836
f 2838 2663 2664
f 2663 2838 2665
f 2665 2838 2839
f 2665 2839 2666
f 2666 2839 2840
f 2666 2840 2667
f 2841 2670 2671
f 2670 2841 2672
f 2842 2675 2676
f 2675 2842 2677
f 2843 2680 2681
f 2680 2843 2682
f 2682 2843 2844
f 2682 2844 2683
f 2846 2845 2690
f 2690 2845 2689
f 2691 2689 2845
f 2691 2845 2847
f 2692 2835 2659
f 2692 2848 2835
f 2847 2693 2691
f 2849 2693 2847
f 2851 2850 2695
f 2851 2695 2696
f 2692 2695 2848
f 2848 2695 2850
f 2849 2852 2693
f 2693 2852 2697
f 2699 2697 2852
f 2699 2852 2853
f 2696 2700 2854
f 2855 2696 2854
f 2851 2696 2855
f 2701 2854 2700
f 2853 2702 2699
f 2856 2702 2853
f 2857 2855 2854
f 2854 2701 2857
f 2701 2858 2857
f 2701 2704 2858
f 2856 2705 2702
f 2859 2705 2856
f 2707 2858 2704
f 2707 2860 2858
f 2859 2708 2705
f 2861 2708 2859
f 2710 2860 2707
f 2710 2862 2860
f 2865 2864 2863
f 2863 2866 2711
f 2861 2863 2711
f 2708 2861 2711
f 2863 2861 2865
f 2866 2712 2711
f 2714 2862 2710
f 2714 2867 2862
f 2863 2864 2868
f 2868 2864 2869
f 2863 2870 2866
f 2863 2868 2870
f 2870 2715 2712
f 2870 2712 2866
f 2717 2867 2714
f 2717 2871 2867
f 2869 2872 2868
f 2874 2873 2872
f 2873 2868 2872
f 2873 2870 2868
f 2873 2718 2715
f 2873 2715 2870
f 2719 2871 2717
f 2719 2875 2871
f 2873 2874 2876
f 2876 2874 2877
f 2876 2720 2718
f 2876 2718 2873
f 2721 2875 2719
f 2721 2878 2875
f 2876 2877 2724
f 2877 2723 2724
f 2877 2879 2723
f 2876 2724 2720
f 2725 2878 2721
f 2725 2880 2878
f 2879 2727 2723
f 2881 2727 2879
f 2728 2880 2725
f 2728 2882 2880
f 2881 2729 2727
f 2883 2729 2881
f 2730 2882 2728
f 2730 2884 2882
f 2883 2731 2729
f 2885 2731 2883
f 2732 2884 2730
f 2732 2886 2884
f 2885 2733 2731
f 2887 2733 2885
f 2734 2886 2732
f 2734 2888 2886
f 2887 2735 2733
f 2889 2735 2887
f 2736 2888 2734
f 2736 2890 2888
f 2889 2737 2735
f 2891 2737 2889
f 2738 2890 2736
f 2738 2892 2890
f 2739 2737 2893
f 2737 2894 2893
f 2737 2891 2894
f 2893 2741 2739
f 2742 2892 2738
f 2742 2895 2892
f 2894 2896 2893
f 2741 2893 2896
f 2897 2741 2896
f 2743 2741 2897
f 2744 2895 2742
f 2744 2898 2895
f 2897 2745 2743
f 2899 2745 2897
f 2747 2898 2744
f 2747 2900 2898
f 2899 2748 2745
f 2901 2748 2899
f 2747 2749 2902
f 2903 2747 2902
f 2900 2747 2903
f 2750 2902 2749
f 2901 2751 2748
f 2904 2751 2901
f 2903 2902 2753
f 2754 2903 2753
f 2905 2903 2754
f 2753 2902 2750
f 2904 2755 2751
f 2906 2755 2904
f 2756 2905 2754
f 2756 2907 2905
f 2906 2757 2755
f 2908 2757 2906
f 2911 2910 2909
f 2910 2907 2909
f 2907 2759 2909
f 2907 2756 2759
f 2914 2913 2912
f 2908 2914 2912
f 2760 2908 2912
f 2757 2908 2760
f 2911 2909 2915
f 2911 2915 2916
f 2762 2915 2759
f 2759 2915 2909
f 2912 2913 2917
f 2917 2913 2918
f 2917 2763 2760
f 2917 2760 2912
f 2916 2915 2919
f 2916 2919 2920
f 2765 2919 2762
f 2762 2919 2915
f 2917 2918 2921
f 2921 2918 2922
f 2921 2766 2763
f 2921 2763 2917
f 2920 2919 2923
f 2920 2923 2924
f 2768 2923 2765
f 2765 2923 2919
f 2921 2922 2925
f 2925 2922 2926
f 2925 2769 2766
f 2925 2766 2921
f 2927 2924 2923
f 2923 2768 2927
f 2768 2928 2927
f 2768 2771 2928
f 2925 2926 2929
f 2929 2926 2930
f 2929 2772 2769
f 2929 2769 2925
f 2933 2932 2931
f 2932 2928 2931
f 2928 2774 2931
f 2928 2771 2774
f 2930 2934 2929
f 2772 2929 2934
f 2935 2772 2934
f 2775 2772 2935
f 2933 2931 2936
f 2933 2936 2937
f 2777 2936 2774
f 2774 2936 2931
f 2935 2778 2775
f 2938 2778 2935
f 2937 2936 2939
f 2937 2939 2940
f 2779 2939 2777
f 2777 2939 2936
f 2938 2780 2778
f 2941 2780 2938
f 2940 2939 2942
f 2940 2942 2943
f 2781 2942 2779
f 2779 2942 2939
f 2941 2782 2780
f 2944 2782 2941
f 2943 2942 2945
f 2943 2945 2946
f 2784 2945 2781
f 2781 2945 2942
f 2944 2785 2782
f 2947 2785 2944
f 2948 2946 2945
f 2945 2784 2948
f 2784 2949 2948
f 2784 2786 2949
f 2952 2951 2950
f 2947 2952 2950
f 2787 2947 2950
f 2785 2947 2787
f 2788 2949 2786
f 2788 2953 2949
f 2951 2954 2950
f 2787 2950 2954
f 2955 2787 2954
f 2789 2787 2955
f 2958 2957 2956
f 2957 2953 2956
f 2953 2790 2956
f 2953 2788 2790
f 2955 2791 2789
f 2959 2791 2955
f 2958 2956 2793
f 2794 2958 2793
f 2960 2958 2794
f 2793 2956 2790
f 2963 2962 2961
f 2959 2963 2961
f 2795 2959 2961
f 2791 2959 2795
f 2797 2960 2794
f 2797 2964 2960
f 2962 2965 2961
f 2795 2961 2965
f 2966 2795 2965
f 2798 2795 2966
f 2800 2964 2797
f 2800 2967 2964
f 2966 2801 2798
f 2968 2801 2966
f 2803 2967 2800
f 2803 2969 2967
f 2968 2804 2801
f 2970 2804 2968
f 2806 2969 2803
f 2806 2971 2969
f 2970 2807 2804
f 2972 2807 2970
f 2809 2971 2806
f 2809 2973 2971
f 2972 2810 2807
f 2974 2810 2972
f 2812 2973 2809
f 2812 2975 2973
f 2974 2813 2810
f 2976 2813 2974
f 2814 2975 2812
f 2814 2977 2975
f 2976 2815 2813
f 2978 2815 2976
f 2816 2977 2814
f 2816 2979 2977
f 2978 2817 2815
f 2980 2817 2978
f 2981 2979 2816
f 2981 2816 2818
f 2982 2818 2819
f 2982 2981 2818
f 2819 2821 2982
f 2982 2821 2983
f 2985 2984 2824
f 2824 2984 2823
f 2986 2824 2825
f 2986 2985 2824
f 2987 2825 2826
f 2987 2986 2825
f 2988 2826 2827
f 2988 2987 2826
f 2827 2829 2988
f 2988 2829 2989
f 2991 2990 2832
f 2832 2990 2831
f 2992 2832 2833
f 2992 2991 2832
f 2833 2817 2980
f 2833 2980 2992
f 2994 2993 2834
f 2994 2834 2835
f 2996 2836 2995
f 2836 2993 2995
f 2836 2834 2993
f 2836 2996 2837
f 2998 2997 2846
f 2846 2997 2845
f 2847 2845 2997
f 2847 2997 2999
f 2848 2994 2835
f 2848 3000 2994
f 2999 2849 2847
f 3001 2849 2999
f 3003 3002 2850
f 3003 2850 2851
f 2848 2850 3000
f 3000 2850 3002
f 3001 3004 2849
f 2849 3004 2852
f 2853 2852 3004
f 2853 3004 3005
f 2855 3007 3006
f 3003 2855 3006
f 2851 2855 3003
f 3007 3008 3006
f 3005 2856 2853
f 3009 2856 3005
f 2857 3007 2855
f 2857 2858 3007
f 2858 3008 3007
f 2858 3010 3008
f 3009 2859 2856
f 3011 2859 3009
f 2860 3010 2858
f 2860 3012 3010
f 3011 2861 2859
f 3013 2861 3011
f 2862 3012 2860
f 2862 3014 3012
f 3016 3015 2865
f 2865 3015 2864
f 2865 2861 3013
f 2865 3013 3016
f 2867 3014 2862
f 2867 3017 3014
f 3020 3019 3018
f 3015 3020 3018
f 2869 3015 3018
f 2864 3015 2869
f 2871 3017 2867
f 2871 3021 3017
f 3019 3022 3018
f 3022 3024 3023
f 3022 3023 2872
f 3018 3022 2872
f 2869 3018 2872
f 3023 2874 2872
f 2875 3021 2871
f 2875 3025 3021
f 3023 3024 3026
f 3026 3024 3027
f 3026 2877 2874
f 3026 2874 3023
f 2878 3025 2875
f 2878 3028 3025
f 3026 3027 3029
f 3029 3027 3030
f 3029 2879 2877
f 3029 2877 3026
f 2880 3028 2878
f 2880 3031 3028
f 3030 3032 3029
f 2879 3029 3032
f 3033 2879 3032
f 2881 2879 3033
f 2882 3031 2880
f 2882 3034 3031
f 3033 2883 2881
f 3035 2883 3033
f 2884 3034 2882
f 2884 3036 3034
f 3035 2885 2883
f 3037 2885 3035
f 2886 3036 2884
f 2886 3038 3036
f 3037 2887 2885
f 3039 2887 3037
f 2888 3038 2886
f 2888 3040 3038
f 3039 2889 2887
f 3041 2889 3039
f 2890 3040 2888
f 2890 3042 3040
f 3041 2891 2889
f 3043 2891 3041
f 2892 3042 2890
f 2892 3044 3042
f 3043 2894 2891
f 3045 2894 3043
f 2895 3044 2892
f 2895 3046 3044
f 2896 2894 3047
f 2894 3048 3047
f 2894 3045 3048
f 3047 2897 2896
f 2898 3046 2895
f 2898 3049 3046
f 3048 3050 3047
f 2897 3047 3050
f 3051 2897 3050
f 2899 2897 3051
f 2900 3049 2898
f 2900 3052 3049
f 3051 2901 2899
f 3053 2901 3051
f 2903 3052 2900
f 2903 3054 3052
f 3053 2904 2901
f 3055 2904 3053
f 2905 3054 2903
f 2905 3056 3054
f 3059 3058 3057
f 3055 3059 3057
f 2906 3055 3057
f 2904 3055 2906
f 2907 3056 2905
f 2907 3060 3056
f 3057 3058 3061
f 3061 3058 3062
f 3061 2908 2906
f 3061 2906 3057
f 3064 3063 2910
f 3064 2910 2911
f 2907 2910 3060
f 3060 2910 3063
f 3061 3062 2914
f 3062 2913 2914
f 3062 3065 2913
f 3061 2914 2908
f 2916 3067 3066
f 3064 2916 3066
f 2911 2916 3064
f 3067 3068 3066
f 3065 2918 2913
f 3069 2918 3065
f 3071 3070 3067
f 2916 3071 3067
f 2920 3071 2916
f 3067 3070 3068
f 3069 2922 2918
f 3072 2922 3069
f 2924 3071 2920
f 2924 3073 3071
f 3072 2926 2922
f 3074 2926 3072
f 3075 3073 2924
f 3075 2924 2927
f 2927 2928 3075
f 3075 2928 3076
f 3074 2930 2926
f 3077 2930 3074
f 3079 3078 2932
f 3079 2932 2933
f 2928 2932 3076
f 3076 2932 3078
f 2934 2930 3080
f 2930 3081 3080
f 2930 3077 3081
f 3080 2935 2934
f 2937 3079 2933
f 2937 3082 3079
f 3080 3081 3083
f 3083 3081 3084
f 3083 2938 2935
f 3083 2935 3080
f 2940 3082 2937
f 2940 3085 3082
f 3083 3084 3086
f 3086 3084 3087
f 3086 2941 2938
f 3086 2938 3083
f 2943 3085 2940
f 2943 3088 3085
f 3086 3087 3089
f 3089 3087 3090
f 3089 2944 2941
f 3089 2941 3086
f 2946 3088 2943
f 2946 3091 3088
f 3089 3090 3092
f 3092 3090 3093
f 3092 2947 2944
f 3092 2944 3089
f 3094 3091 2946
f 3094 2946 2948
f 2948 2949 3094
f 3094 2949 3095
f 3092 3093 2952
f 3093 2951 2952
f 3093 3096 2951
f 3092 2952 2947
f 2953 3095 2949
f 2953 3097 3095
f 2954 2951 3098
f 2951 3099 3098
f 2951 3096 3099
f 3098 2955 2954
f 2958 3100 2957
f 3100 3101 2957
f 3101 2953 2957
f 3101 3097 2953
f 3098 3099 3102
f 3102 3099 3103
f 3102 2959 2955
f 3102 2955 3098
f 2960 3104 3100
f 2960 3100 2958
f 3101 3100 3105
f 3105 3100 3104
f 3102 3103 2963
f 3103 2962 2963
f 3103 3106 2962
f 3102 2963 2959
f 2964 3107 3104
f 2964 3104 2960
f 3105 3104 3108
f 3108 3104 3107
f 2965 2962 3109
f 2962 3110 3109
f 2962 3106 3110
f 3109 2966 2965
f 2967 3111 3107
f 2967 3107 2964
f 3108 3107 3112
f 3112 3107 3111
f 3109 3110 3113
f 3113 3110 3114
f 3113 2968 2966
f 3113 2966 3109
f 3116 3115 3111
f 2967 3116 3111
f 2969 3116 2967
f 3111 3115 3112
f 3114 3117 3113
f 2968 3113 3117
f 3118 2968 3117
f 2970 2968 3118
f 2971 3116 2969
f 2971 3119 3116
f 3118 2972 2970
f 3120 2972 3118
f 2973 3119 2971
f 2973 3121 3119
f 3120 2974 2972
f 3122 2974 3120
f 2975 3121 2973
f 2975 3123 3121
f 3122 2976 2974
f 3124 2976 3122
f 2977 3123 2975
f 2977 3125 3123
f 3124 2978 2976
f 3126 2978 3124
f 2979 3125 2977
f 2979 3127 3125
f 3126 2980 2978
f 3128 2980 3126
f 3129 3127 2979
f 3129 2979 2981
f 3131 3129 3130
f 3129 2982 3130
f 3129 2981 2982
f 2983 3130 2982
f 3134 3133 3132
f 2984 2985 3132
f 2985 3134 3132
f 2985 3135 3134
f 3136 2985 2986
f 3136 3135 2985
f 3138 3136 3137
f 3136 2987 3137
f 3136 2986 2987
f 2988 3139 2987
f 2987 3139 3137
f 2989 3139 2988
f 3141 3140 2991
f 2991 3140 2990
f 3142 2991 2992
f 3142 3141 2991
f 2992 2980 3128
f 2992 3128 3142
f 3144 3143 2993
f 3144 2993 2994
f 2995 2993 3145
f 2993 3146 3145
f 2993 3143 3146
f 3145 3146 3147
f 3148 2997 2998
f 2999 2997 3148
f 3149 2999 3148
f 3150 2999 3149
f 3000 3144 2994
f 3000 3151 3144
f 3150 3001 2999
f 3152 3001 3150
f 3003 3153 3002
f 3153 3154 3002
f 3154 3000 3002
f 3154 3151 3000
f 3004 3001 3155
f 3001 3156 3155
f 3001 3152 3156
f 3155 3005 3004
f 3006 3153 3003
f 3006 3008 3153
f 3008 3154 3153
f 3008 3157 3154
f 3156 3158 3155
f 3005 3155 3158
f 3159 3005 3158
f 3009 3005 3159
f 3010 3157 3008
f 3010 3160 3157
f 3163 3162 3161
f 3159 3163 3161
f 3011 3159 3161
f 3009 3159 3011
f 3012 3160 3010
f 3012 3164 3160
f 3161 3162 3165
f 3165 3162 3166
f 3165 3013 3011
f 3165 3011 3161
f 3014 3164 3012
f 3014 3167 3164
f 3170 3169 3168
f 3170 3168 3166
f 3166 3168 3165
f 3168 3015 3165
f 3015 3016 3165
f 3165 3016 3013
f 3017 3167 3014
f 3017 3171 3167
f 3168 3169 3020
f 3169 3019 3020
f 3169 3172 3019
f 3168 3020 3015
f 3021 3171 3017
f 3021 3173 3171
f 3022 3019 3174
f 3019 3175 3174
f 3019 3172 3175
f 3174 3024 3022
f 3025 3173 3021
f 3025 3176 3173
f 3175 3177 3174
f 3024 3174 3177
f 3178 3024 3177
f 3027 3024 3178
f 3028 3176 3025
f 3028 3179 3176
f 3178 3030 3027
f 3180 3030 3178
f 3031 3179 3028
f 3031 3181 3179
f 3180 3182 3030
f 3030 3182 3032
f 3033 3032 3182
f 3033 3182 3183
f 3034 3181 3031
f 3034 3184 3181
f 3183 3035 3033
f 3185 3035 3183
f 3036 3184 3034
f 3036 3186 3184
f 3185 3037 3035
f 3187 3037 3185
f 3038 3186 3036
f 3038 3188 3186
f 3187 3039 3037
f 3189 3039 3187
f 3040 3188 3038
f 3040 3190 3188
f 3189 3041 3039
f 3191 3041 3189
f 3042 3190 3040
f 3042 3192 3190
f 3191 3043 3041
f 3193 3043 3191
f 3044 3192 3042
f 3044 3194 3192
f 3193 3045 3043
f 3195 3045 3193
f 3046 3194 3044
f 3046 3196 3194
f 3195 3048 3045
f 3197 3048 3195
f 3049 3196 3046
f 3049 3198 3196
f 3050 3048 3199
f 3048 3200 3199
f 3048 3197 3200
f 3199 3051 3050
f 3052 3198 3049
f 3052 3201 3198
f 3199 3200 3202
f 3202 3200 3203
f 3202 3053 3051
f 3202 3051 3199
f 3054 3201 3052
f 3054 3204 3201
f 3202 3203 3205
f 3205 3203 3206
f 3205 3055 3053
f 3205 3053 3202
f 3056 3204 3054
f 3056 3207 3204
f 3205 3206 3059
f 3206 3058 3059
f 3206 3208 3058
f 3205 3059 3055
f 3060 3207 3056
f 3060 3209 3207
f 3208 3062 3058
f 3210 3062 3208
f 3064 3211 3063
f 3211 3212 3063
f 3212 3060 3063
f 3212 3209 3060
f 3210 3065 3062
f 3213 3065 3210
f 3066 3211 3064
f 3066 3068 3211
f 3068 3212 3211
f 3068 3214 3212
f 3213 3069 3065
f 3215 3069 3213
f 3071 3216 3070
f 3216 3217 3070
f 3217 3068 3070
f 3217 3214 3068
f 3215 3072 3069
f 3218 3072 3215
f 3073 3219 3216
f 3073 3216 3071
f 3217 3216 3220
f 3220 3216 3219
f 3218 3074 3072
f 3221 3074 3218
f 3075 3219 3073
f 3075 3076 3219
f 3076 3220 3219
f 3076 3222 3220
f 3221 3077 3074
f 3223 3077 3221
f 3225 3224 3078
f 3225 3078 3079
f 3076 3078 3222
f 3222 3078 3224
f 3223 3081 3077
f 3226 3081 3223
f 3082 3225 3079
f 3082 3227 3225
f 3230 3229 3228
f 3226 3230 3228
f 3084 3226 3228
f 3081 3226 3084
f 3085 3227 3082
f 3085 3231 3227
f 3229 3232 3228
f 3084 3228 3232
f 3233 3084 3232
f 3087 3084 3233
f 3088 3231 3085
f 3088 3234 3231
f 3233 3090 3087
f 3235 3090 3233
f 3091 3237 3236
f 3234 3091 3236
f 3088 3091 3234
f 3237 3238 3236
f 3235 3093 3090
f 3239 3093 3235
f 3094 3237 3091
f 3094 3095 3237
f 3095 3238 3237
f 3095 3240 3238
f 3239 3096 3093
f 3241 3096 3239
f 3097 3240 3095
f 3097 3242 3240
f 3241 3099 3096
f 3243 3099 3241
f 3101 3242 3097
f 3101 3244 3242
f 3243 3103 3099
f 3245 3103 3243
f 3105 3244 3101
f 3105 3246 3244
f 3245 3106 3103
f 3247 3106 3245
f 3108 3246 3105
f 3108 3248 3246
f 3247 3110 3106
f 3249 3110 3247
f 3112 3248 3108
f 3112 3250 3248
f 3249 3114 3110
f 3251 3114 3249
f 3116 3252 3115
f 3252 3253 3115
f 3253 3112 3115
f 3253 3250 3112
f 3117 3114 3254
f 3114 3255 3254
f 3114 3251 3255
f 3254 3118 3117
f 3119 3256 3252
f 3119 3252 3116
f 3253 3252 3257
f 3257 3252 3256
f 3255 3258 3254
f 3118 3254 3258
f 3259 3118 3258
f 3120 3118 3259
f 3121 3260 3256
f 3121 3256 3119
f 3257 3256 3261
f 3261 3256 3260
f 3259 3122 3120
f 3262 3122 3259
f 3264 3263 3260
f 3121 3264 3260
f 3123 3264 3121
f 3260 3263 3261
f 3262 3124 3122
f 3265 3124 3262
f 3125 3264 3123
f 3125 3266 3264
f 3265 3126 3124
f 3267 3126 3265
f 3127 3269 3268
f 3266 3127 3268
f 3125 3127 3266
f 3269 3270 3268
f 3267 3128 3126
f 3271 3128 3267
f 3129 3269 3127
f 3273 3272 3131
f 3131 3272 3129
f 3272 3270 3129
f 3270 3269 3129
f 3273 3274 3272
f 3277 3276 3275
f 3279 3278 3275
f 3275 3278 3277
f 3279 3280 3278
f 3283 3282 3281
f 3281 3284 3283
f 3286 3285 3134
f 3134 3285 3133
f 3287 3134 3135
f 3287 3286 3134
f 3288 3135 3136
f 3288 3287 3135
f 3290 3289 3138
f 3289 3136 3138
f 3289 3288 3136
f 3292 3291 3290
f 3290 3291 3289
f 3292 3293 3291
f 3295 3294 3141
f 3141 3294 3140
f 3296 3141 3142
f 3296 3295 3141
f 3142 3128 3271
f 3142 3271 3296
f 3298 3297 3143
f 3298 3143 3144
f 3143 3299 3146
f 3297 3299 3143
f 3147 3146 3300
f 3300 3146 3299
f 3303 3302 3301
f 3301 3302 3304
f 3307 3306 3305
f 3305 3306 3308
f 3308 3306 3309
f 3149 3308 3309
f 3310 3149 3309
f 3150 3149 3310
f 3151 3298 3144
f 3151 3311 3298
f 3310 3152 3150
f 3312 3152 3310
f 3154 3311 3151
f 3154 3313 3311
f 3312 3156 3152
f 3314 3156 3312
f 3157 3313 3154
f 3157 3315 3313
f 3158 3156 3316
f 3156 3317 3316
f 3156 3314 3317
f 3316 3159 3158
f 3160 3319 3318
f 3315 3160 3318
f 3157 3160 3315
f 3319 3320 3318
f 3316 3317 3163
f 3317 3162 3163
f 3317 3321 3162
f 3316 3163 3159
f 3164 3322 3319
f 3164 3319 3160
f 3320 3319 3323
f 3323 3319 3322
f 3321 3166 3162
f 3324 3166 3321
f 3167 3325 3322
f 3167 3322 3164
f 3323 3322 3326
f 3326 3322 3325
f 3328 3327 3170
f 3170 3327 3169
f 3170 3166 3324
f 3170 3324 3328
f 3330 3329 3325
f 3167 3330 3325
f 3171 3330 3167
f 3325 3329 3326
f 3327 3172 3169
f 3331 3172 3327
f 3173 3333 3332
f 3330 3173 3332
f 3171 3173 3330
f 3333 3334 3332
f 3331 3175 3172
f 3335 3175 3331
f 3176 3336 3333
f 3176 3333 3173
f 3334 3333 3337
f 3337 3333 3336
f 3177 3175 3338
f 3175 3339 3338
f 3175 3335 3339
f 3338 3178 3177
f 3179 3340 3336
f 3179 3336 3176
f 3337 3336 3341
f 3341 3336 3340
f 3339 3342 3338
f 3178 3338 3342
f 3343 3178 3342
f 3180 3178 3343
f 3345 3344 3340
f 3179 3345 3340
f 3181 3345 3179
f 3340 3344 3341
f 3182 3180 3346
f 3180 3347 3346
f 3180 3343 3347
f 3346 3183 3182
f 3184 3345 3181
f 3184 3348 3345
f 3346 3347 3349
f 3349 3347 3350
f 3349 3185 3183
f 3349 3183 3346
f 3186 3348 3184
f 3186 3351 3348
f 3350 3352 3349
f 3185 3349 3352
f 3353 3185 3352
f 3187 3185 3353
f 3188 3351 3186
f 3188 3354 3351
f 3353 3189 3187
f 3355 3189 3353
f 3190 3354 3188
f 3190 3356 3354
f 3355 3191 3189
f 3357 3191 3355
f 3192 3356 3190
f 3192 3358 3356
f 3357 3193 3191
f 3359 3193 3357
f 3194 3358 3192
f 3194 3360 3358
f 3359 3195 3193
f 3361 3195 3359
f 3196 3363 3362
f 3360 3196 3362
f 3194 3196 3360
f 3363 3364 3362
f 3361 3197 3195
f 3365 3197 3361
f 3367 3366 3363
f 3196 3367 3363
f 3198 3367 3196
f 3363 3366 3364
f 3365 3200 3197
f 3368 3200 3365
f 3201 3370 3369
f 3367 3201 3369
f 3198 3201 3367
f 3370 3371 3369
f 3368 3203 3200
f 3372 3203 3368
f 3204 3373 3370
f 3204 3370 3201
f 3371 3370 3374
f 3374 3370 3373
f 3377 3376 3375
f 3372 3377 3375
f 3206 3372 3375
f 3203 3372 3206
f 3207 3378 3373
f 3207 3373 3204
f 3374 3373 3379
f 3379 3373 3378
f 3376 3380 3375
f 3206 3375 3380
f 3381 3206 3380
f 3208 3206 3381
f 3209 3382 3378
f 3209 3378 3207
f 3379 3378 3383
f 3378 3384 3383
f 3378 3382 3384
f 3384 3385 3383
f 3381 3210 3208
f 3386 3210 3381
f 3212 3387 3382
f 3212 3382 3209
f 3389 3384 3388
f 3384 3387 3388
f 3384 3382 3387
f 3384 3389 3385
f 3386 3213 3210
f 3390 3213 3386
f 3214 3391 3387
f 3214 3387 3212
f 3388 3387 3392
f 3392 3387 3391
f 3395 3394 3393
f 3390 3395 3393
f 3215 3390 3393
f 3213 3390 3215
f 3217 3396 3391
f 3217 3391 3214
f 3392 3391 3397
f 3397 3391 3396
f 3393 3394 3398
f 3398 3394 3399
f 3398 3218 3215
f 3398 3215 3393
f 3401 3400 3396
f 3217 3401 3396
f 3220 3401 3217
f 3396 3400 3397
f 3398 3399 3402
f 3402 3399 3403
f 3402 3221 3218
f 3402 3218 3398
f 3222 3401 3220
f 3222 3404 3401
f 3402 3403 3405
f 3405 3403 3406
f 3405 3223 3221
f 3405 3221 3402
f 3225 3407 3224
f 3407 3408 3224
f 3408 3222 3224
f 3408 3404 3222
f 3405 3406 3409
f 3409 3406 3410
f 3409 3226 3223
f 3409 3223 3405
f 3227 3411 3407
f 3227 3407 3225
f 3408 3407 3412
f 3412 3407 3411
f 3409 3410 3230
f 3410 3229 3230
f 3410 3413 3229
f 3409 3230 3226
f 3231 3414 3411
f 3231 3411 3227
f 3412 3411 3415
f 3415 3411 3414
f 3232 3229 3416
f 3229 3417 3416
f 3229 3413 3417
f 3416 3233 3232
f 3234 3418 3414
f 3234 3414 3231
f 3415 3414 3419
f 3419 3414 3418
f 3416 3417 3420
f 3420 3417 3421
f 3420 3235 3233
f 3420 3233 3416
f 3236 3418 3234
f 3423 3422 3238
f 3238 3422 3236
f 3422 3419 3236
f 3419 3418 3236
f 3423 3424 3422
f 3420 3421 3425
f 3425 3421 3426
f 3425 3239 3235
f 3425 3235 3420
f 3240 3427 3423
f 3240 3423 3238
f 3424 3423 3428
f 3428 3423 3427
f 3425 3426 3429
f 3429 3426 3430
f 3429 3241 3239
f 3429 3239 3425
f 3242 3431 3427
f 3242 3427 3240
f 3428 3427 3432
f 3432 3427 3431
f 3429 3430 3433
f 3433 3430 3434
f 3433 3243 3241
f 3433 3241 3429
f 3436 3435 3431
f 3242 3436 3431
f 3244 3436 3242
f 3431 3435 3432
f 3433 3434 3437
f 3437 3434 3438
f 3437 3245 3243
f 3437 3243 3433
f 3246 3436 3244
f 3246 3439 3436
f 3437 3438 3440
f 3440 3438 3441
f 3440 3247 3245
f 3440 3245 3437
f 3248 3439 3246
f 3248 3442 3439
f 3440 3441 3443
f 3443 3441 3444
f 3443 3249 3247
f 3443 3247 3440
f 3250 3442 3248
f 3250 3445 3442
f 3443 3444 3446
f 3446 3444 3447
f 3446 3251 3249
f 3446 3249 3443
f 3253 3445 3250
f 3253 3448 3445
f 3447 3449 3446
f 3251 3446 3449
f 3450 3251 3449
f 3255 3251 3450
f 3257 3448 3253
f 3257 3451 3448
f 3258 3255 3452
f 3255 3453 3452
f 3255 3450 3453
f 3452 3259 3258
f 3261 3451 3257
f 3261 3454 3451
f 3452 3453 3455
f 3455 3453 3456
f 3455 3262 3259
f 3455 3259 3452
f 3264 3457 3263
f 3457 3458 3263
f 3458 3261 3263
f 3458 3454 3261
f 3455 3456 3459
f 3459 3456 3460
f 3459 3265 3262
f 3459 3262 3455
f 3266 3461 3457
f 3266 3457 3264
f 3458 3457 3462
f 3462 3457 3461
f 3459 3460 3463
f 3463 3460 3464
f 3463 3267 3265
f 3463 3265 3459
f 3268 3461 3266
f 3268 3270 3461
f 3270 3462 3461
f 3270 3465 3462
f 3463 3464 3466
f 3466 3464 3467
f 3466 3271 3267
f 3466 3267 3463
f 3468 3465 3270
f 3468 3270 3272
f 3272 3274 3468
f 3468 3274 3469
f 3472 3471 3470
f 3276 3277 3470
f 3277 3472 3470
f 3277 3473 3472
f 3474 3277 3278
f 3474 3473 3277
f 3476 3475 3280
f 3475 3278 3280
f 3475 3474 3278
f 3282 3283 3476
f 3283 3475 3476
f 3283 3477 3475
f 3283 3284 3477
f 3477 3284 3478
f 3479 3285 3286
f 3479 3286 3480
f 3286 3481 3480
f 3286 3287 3481
f 3482 3287 3288
f 3482 3481 3287
f 3483 3288 3289
f 3483 3482 3288
f 3484 3289 3291
f 3484 3483 3289
f 3486 3485 3293
f 3485 3291 3293
f 3485 3484 3291
f 3488 3487 3486
f 3486 3487 3485
f 3294 3295 3488
f 3295 3487 3488
f 3295 3489 3487
f 3296 3466 3467
f 3489 3296 3467
f 3295 3296 3489
f 3466 3296 3271
f 3298 3490 3297
f 3297 3490 3491
f 3492 3297 3491
f 3299 3297 3492
f 3300 3299 3493
f 3299 3494 3493
f 3299 3492 3494
f 3493 3494 3303
f 3494 3302 3303
f 3494 3495 3302
f 3304 3302 3496
f 3302 3497 3496
f 3302 3495 3497
f 3496 3497 3498
f 3501 3500 3499
f 3499 3500 3502
f 3502 3500 3503
f 3502 3503 3504
f 3504 3503 3505
f 3504 3505 3506
f 3506 3505 3507
f 3506 3507 3508
f 3508 3507 3509
f 3508 3509 3510
f 3510 3509 3511
f 3510 3511 3512
f 3512 3511 3513
f 3512 3513 3514
f 3514 3513 3515
f 3514 3515 3516
f 3516 3515 3517
f 3516 3517 3518
f 3518 3517 3519
f 3518 3519 3520
f 3520 3519 3521
f 3520 3521 3522
f 3525 3524 3523
f 3523 3524 3307
f 3524 3306 3307
f 3524 3526 3306
f 3306 3527 3309
f 3526 3527 3306
f 3310 3309 3527
f 3310 3527 3528
f 3311 3529 3490
f 3311 3490 3298
f 3491 3490 3530
f 3530 3490 3529
f 3528 3312 3310
f 3531 3312 3528
f 3313 3532 3529
f 3313 3529 3311
f 3530 3529 3533
f 3533 3529 3532
f 3531 3314 3312
f 3534 3314 3531
f 3315 3535 3532
f 3315 3532 3313
f 3533 3532 3536
f 3536 3532 3535
f 3534 3317 3314
f 3537 3317 3534
f 3318 3535 3315
f 3318 3320 3535
f 3320 3536 3535
f 3320 3538 3536
f 3541 3540 3539
f 3537 3541 3539
f 3321 3537 3539
f 3317 3537 3321
f 3323 3538 3320
f 3323 3542 3538
f 3539 3540 3543
f 3543 3540 3544
f 3543 3324 3321
f 3543 3321 3539
f 3326 3542 3323
f 3326 3545 3542
f 3543 3544 3328
f 3544 3327 3328
f 3544 3546 3327
f 3543 3328 3324
f 3330 3547 3329
f 3547 3548 3329
f 3548 3326 3329
f 3548 3545 3326
f 3546 3331 3327
f 3549 3331 3546
f 3332 3547 3330
f 3332 3334 3547
f 3334 3548 3547
f 3334 3550 3548
f 3549 3335 3331
f 3551 3335 3549
f 3337 3550 3334
f 3337 3552 3550
f 3551 3339 3335
f 3553 3339 3551
f 3341 3555 3554
f 3552 3341 3554
f 3337 3341 3552
f 3555 3556 3554
f 3342 3339 3557
f 3339 3558 3557
f 3339 3553 3558
f 3557 3343 3342
f 3345 3559 3344
f 3559 3560 3344
f 3344 3560 3341
f 3560 3561 3341
f 3561 3555 3341
f 3555 3561 3556
f 3557 3558 3562
f 3562 3558 3563
f 3562 3347 3343
f 3562 3343 3557
f 3348 3564 3559
f 3348 3559 3345
f 3560 3559 3565
f 3565 3559 3564
f 3562 3563 3566
f 3566 3563 3567
f 3566 3350 3347
f 3566 3347 3562
f 3351 3568 3564
f 3351 3564 3348
f 3565 3564 3569
f 3569 3564 3568
f 3567 3570 3566
f 3570 3572 3571
f 3570 3571 3352
f 3566 3570 3352
f 3350 3566 3352
f 3571 3353 3352
f 3354 3573 3568
f 3354 3568 3351
f 3569 3568 3574
f 3574 3568 3573
f 3571 3572 3575
f 3575 3572 3576
f 3575 3355 3353
f 3575 3353 3571
f 3356 3577 3573
f 3356 3573 3354
f 3574 3573 3578
f 3573 3579 3578
f 3573 3577 3579
f 3579 3580 3578
f 3575 3576 3581
f 3581 3576 3582
f 3581 3357 3355
f 3581 3355 3575
f 3358 3583 3577
f 3358 3577 3356
f 3585 3579 3584
f 3579 3583 3584
f 3579 3577 3583
f 3579 3585 3580
f 3581 3582 3586
f 3586 3582 3587
f 3586 3359 3357
f 3586 3357 3581
f 3360 3588 3583
f 3360 3583 3358
f 3584 3583 3589
f 3589 3583 3588
f 3586 3587 3590
f 3590 3587 3591
f 3590 3361 3359
f 3590 3359 3586
f 3362 3588 3360
f 3362 3364 3588
f 3364 3589 3588
f 3364 3592 3589
f 3595 3594 3593
f 3595 3593 3591
f 3593 3590 3591
f 3593 3596 3590
f 3596 3365 3361
f 3596 3361 3590
f 3598 3597 3366
f 3598 3366 3367
f 3364 3366 3592
f 3592 3366 3597
f 3593 3594 3599
f 3599 3594 3600
f 3593 3601 3596
f 3593 3599 3601
f 3601 3368 3365
f 3601 3365 3596
f 3602 3598 3367
f 3602 3367 3369
f 3369 3371 3602
f 3602 3371 3603
f 3599 3600 3604
f 3604 3600 3605
f 3599 3606 3601
f 3599 3604 3606
f 3606 3372 3368
f 3606 3368 3601
f 3374 3603 3371
f 3374 3607 3603
f 3604 3605 3608
f 3608 3605 3609
f 3608 3376 3377
f 3606 3608 3377
f 3604 3608 3606
f 3606 3377 3372
f 3379 3607 3374
f 3379 3610 3607
f 3608 3609 3611
f 3611 3609 3612
f 3613 3380 3376
f 3608 3613 3376
f 3611 3613 3608
f 3613 3381 3380
f 3614 3610 3379
f 3614 3379 3383
f 3383 3385 3614
f 3614 3385 3615
f 3611 3612 3616
f 3616 3612 3617
f 3611 3618 3613
f 3611 3616 3618
f 3618 3386 3381
f 3618 3381 3613
f 3388 3619 3389
f 3619 3620 3389
f 3620 3385 3389
f 3620 3615 3385
f 3617 3621 3616
f 3623 3622 3621
f 3622 3616 3621
f 3622 3618 3616
f 3622 3390 3386
f 3622 3386 3618
f 3392 3624 3619
f 3392 3619 3388
f 3620 3619 3625
f 3625 3619 3624
f 3628 3627 3626
f 3628 3626 3623
f 3623 3626 3622
f 3626 3394 3622
f 3394 3395 3622
f 3622 3395 3390
f 3397 3629 3624
f 3397 3624 3392
f 3625 3624 3630
f 3630 3624 3629
f 3626 3627 3631
f 3631 3627 3632
f 3631 3399 3394
f 3631 3394 3626
f 3401 3633 3400
f 3633 3634 3400
f 3400 3634 3397
f 3634 3635 3397
f 3635 3629 3397
f 3629 3635 3630
f 3631 3632 3636
f 3636 3632 3637
f 3636 3403 3399
f 3636 3399 3631
f 3404 3638 3633
f 3404 3633 3401
f 3634 3633 3639
f 3639 3633 3638
f 3636 3637 3640
f 3640 3637 3641
f 3640 3406 3403
f 3640 3403 3636
f 3408 3642 3638
f 3408 3638 3404
f 3639 3638 3643
f 3643 3638 3642
f 3640 3641 3644
f 3644 3641 3645
f 3644 3410 3406
f 3644 3406 3640
f 3647 3646 3642
f 3408 3647 3642
f 3412 3647 3408
f 3642 3646 3643
f 3644 3645 3648
f 3648 3645 3649
f 3648 3413 3410
f 3648 3410 3644
f 3415 3651 3650
f 3647 3415 3650
f 3412 3415 3647
f 3651 3652 3650
f 3648 3649 3653
f 3653 3649 3654
f 3653 3417 3413
f 3653 3413 3648
f 3419 3655 3651
f 3419 3651 3415
f 3652 3651 3656
f 3656 3651 3655
f 3654 3657 3653
f 3417 3653 3657
f 3658 3417 3657
f 3421 3417 3658
f 3422 3655 3419
f 3422 3424 3655
f 3424 3656 3655
f 3424 3659 3656
f 3658 3426 3421
f 3660 3426 3658
f 3428 3662 3661
f 3659 3428 3661
f 3424 3428 3659
f 3662 3663 3661
f 3660 3430 3426
f 3664 3430 3660
f 3432 3665 3662
f 3432 3662 3428
f 3663 3662 3666
f 3666 3662 3665
f 3669 3668 3667
f 3664 3669 3667
f 3434 3664 3667
f 3430 3664 3434
f 3436 3670 3435
f 3670 3671 3435
f 3435 3671 3432
f 3671 3672 3432
f 3672 3665 3432
f 3665 3672 3666
f 3667 3668 3673
f 3673 3668 3674
f 3673 3438 3434
f 3673 3434 3667
f 3439 3675 3670
f 3439 3670 3436
f 3671 3670 3676
f 3676 3670 3675
f 3673 3674 3677
f 3677 3674 3678
f 3677 3441 3438
f 3677 3438 3673
f 3442 3679 3675
f 3442 3675 3439
f 3676 3675 3680
f 3680 3675 3679
f 3677 3678 3681
f 3681 3678 3682
f 3681 3444 3441
f 3681 3441 3677
f 3445 3683 3679
f 3445 3679 3442
f 3680 3679 3684
f 3684 3679 3683
f 3681 3682 3685
f 3685 3682 3686
f 3685 3447 3444
f 3685 3444 3681
f 3448 3687 3683
f 3448 3683 3445
f 3684 3683 3688
f 3688 3683 3687
f 3686 3689 3685
f 3689 3691 3690
f 3689 3690 3449
f 3685 3689 3449
f 3447 3685 3449
f 3690 3450 3449
f 3451 3692 3687
f 3451 3687 3448
f 3688 3687 3693
f 3693 3687 3692
f 3690 3691 3694
f 3694 3691 3695
f 3694 3453 3450
f 3694 3450 3690
f 3454 3696 3692
f 3454 3692 3451
f 3693 3692 3697
f 3697 3692 3696
f 3694 3695 3698
f 3698 3695 3699
f 3698 3456 3453
f 3698 3453 3694
f 3701 3700 3696
f 3454 3701 3696
f 3458 3701 3454
f 3696 3700 3697
f 3698 3699 3702
f 3702 3699 3703
f 3702 3460 3456
f 3702 3456 3698
f 3462 3701 3458
f 3462 3704 3701
f 3702 3703 3705
f 3705 3703 3706
f 3705 3464 3460
f 3705 3460 3702
f 3465 3708 3707
f 3704 3465 3707
f 3462 3465 3704
f 3708 3709 3707
f 3705 3706 3710
f 3710 3706 3711
f 3710 3467 3464
f 3710 3464 3705
f 3468 3708 3465
f 3468 3469 3708
f 3469 3709 3708
f 3469 3712 3709
f 3715 3714 3713
f 3717 3716 3713
f 3713 3716 3715
f 3719 3718 3717
f 3717 3718 3716
f 3721 3720 3719
f 3719 3720 3718
f 3723 3722 3721
f 3721 3722 3720
f 3725 3724 3723
f 3723 3724 3722
f 3727 3726 3725
f 3725 3726 3724
f 3471 3472 3727
f 3472 3726 3727
f 3472 3728 3726
f 3729 3472 3473
f 3729 3728 3472
f 3730 3473 3474
f 3730 3729 3473
f 3731 3474 3475
f 3731 3730 3474
f 3732 3475 3477
f 3732 3731 3475
f 3734 3733 3478
f 3733 3477 3478
f 3733 3732 3477
f 3734 3735 3733
f 3738 3737 3736
f 3480 3481 3736
f 3481 3738 3736
f 3481 3739 3738
f 3740 3481 3482
f 3740 3739 3481
f 3741 3482 3483
f 3741 3740 3482
f 3742 3483 3484
f 3742 3741 3483
f 3743 3484 3485
f 3743 3742 3484
f 3744 3485 3487
f 3744 3743 3485
f 3489 3710 3711
f 3744 3489 3711
f 3487 3489 3744
f 3710 3489 3467
f 3491 3745 3492
f 3492 3745 3746
f 3747 3492 3746
f 3494 3492 3747
f 3494 3748 3495
f 3747 3748 3494
f 3750 3497 3749
f 3497 3748 3749
f 3497 3495 3748
f 3497 3750 3498
f 3751 3500 3501
f 3500 3751 3503
f 3503 3751 3752
f 3503 3752 3505
f 3505 3752 3753
f 3505 3753 3507
f 3507 3753 3754
f 3756 3755 3754
f 3755 3507 3754
f 3755 3509 3507
f 3509 3757 3511
f 3755 3757 3509
f 3511 3758 3513
f 3757 3758 3511
f 3513 3759 3515
f 3758 3759 3513
f 3515 3760 3517
f 3759 3760 3515
f 3517 3761 3519
f 3760 3761 3517
f 3519 3762 3521
f 3761 3762 3519
f 3522 3521 3763
f 3763 3521 3762
f 3766 3765 3764
f 3764 3765 3767
f 3770 3769 3768
f 3768 3769 3525
f 3769 3524 3525
f 3769 3771 3524
f 3524 3772 3526
f 3771 3772 3524
f 3772 3774 3773
f 3527 3772 3773
f 3526 3772 3527
f 3773 3528 3527
f 3776 3775 3745
f 3491 3776 3745
f 3530 3776 3491
f 3745 3775 3746
f 3773 3774 3777
f 3777 3774 3778
f 3777 3531 3528
f 3777 3528 3773
f 3533 3780 3779
f 3776 3533 3779
f 3530 3533 3776
f 3780 3781 3779
f 3777 3778 3782
f 3782 3778 3783
f 3782 3534 3531
f 3782 3531 3777
f 3536 3784 3780
f 3536 3780 3533
f 3781 3780 3785
f 3785 3780 3784
f 3782 3783 3786
f 3786 3783 3787
f 3786 3537 3534
f 3786 3534 3782
f 3789 3788 3784
f 3536 3789 3784
f 3538 3789 3536
f 3784 3788 3785
f 3786 3787 3541
f 3787 3540 3541
f 3787 3790 3540
f 3786 3541 3537
f 3542 3789 3538
f 3542 3791 3789
f 3790 3544 3540
f 3792 3544 3790
f 3545 3791 3542
f 3545 3793 3791
f 3796 3795 3794
f 3792 3796 3794
f 3546 3792 3794
f 3544 3792 3546
f 3548 3793 3545
f 3548 3797 3793
f 3794 3795 3798
f 3798 3795 3799
f 3798 3549 3546
f 3798 3546 3794
f 3550 3797 3548
f 3550 3800 3797
f 3798 3799 3801
f 3801 3799 3802
f 3801 3551 3549
f 3801 3549 3798
f 3552 3800 3550
f 3552 3803 3800
f 3801 3802 3804
f 3804 3802 3805
f 3804 3553 3551
f 3804 3551 3801
f 3552 3554 3806
f 3807 3552 3806
f 3803 3552 3807
f 3556 3806 3554
f 3804 3805 3808
f 3808 3805 3809
f 3808 3558 3553
f 3808 3553 3804
f 3812 3811 3810
f 3810 3811 3807
f 3810 3807 3806
f 3560 3810 3806
f 3561 3560 3806
f 3561 3806 3556
f 3808 3809 3813
f 3813 3809 3814
f 3813 3563 3558
f 3813 3558 3808
f 3812 3810 3815
f 3812 3815 3816
f 3565 3815 3560
f 3560 3815 3810
f 3813 3814 3817
f 3817 3814 3818
f 3817 3567 3563
f 3817 3563 3813
f 3819 3816 3815
f 3815 3565 3819
f 3565 3820 3819
f 3565 3569 3820
f 3817 3818 3821
f 3821 3818 3822
f 3823 3570 3567
f 3817 3823 3567
f 3821 3823 3817
f 3823 3572 3570
f 3574 3820 3569
f 3574 3824 3820
f 3822 3825 3821
f 3827 3826 3825
f 3826 3821 3825
f 3826 3823 3821
f 3826 3576 3572
f 3826 3572 3823
f 3574 3578 3828
f 3829 3574 3828
f 3824 3574 3829
f 3580 3828 3578
f 3832 3831 3830
f 3832 3830 3827
f 3830 3826 3827
f 3830 3833 3826
f 3833 3582 3576
f 3833 3576 3826
f 3829 3828 3585
f 3584 3829 3585
f 3834 3829 3584
f 3585 3828 3580
f 3830 3831 3835
f 3835 3831 3836
f 3830 3837 3833
f 3830 3835 3837
f 3837 3587 3582
f 3837 3582 3833
f 3589 3834 3584
f 3589 3838 3834
f 3835 3836 3839
f 3839 3836 3840
f 3835 3841 3837
f 3835 3839 3841
f 3841 3591 3587
f 3841 3587 3837
f 3592 3838 3589
f 3592 3842 3838
f 3839 3840 3843
f 3843 3840 3844
f 3843 3594 3595
f 3841 3843 3595
f 3839 3843 3841
f 3841 3595 3591
f 3846 3845 3597
f 3846 3597 3598
f 3592 3597 3842
f 3842 3597 3845
f 3843 3844 3847
f 3847 3844 3848
f 3847 3600 3594
f 3847 3594 3843
f 3598 3602 3849
f 3850 3598 3849
f 3846 3598 3850
f 3603 3849 3602
f 3847 3848 3851
f 3851 3848 3852
f 3851 3605 3600
f 3851 3600 3847
f 3850 3849 3853
f 3850 3853 3854
f 3607 3853 3603
f 3603 3853 3849
f 3851 3852 3855
f 3855 3852 3856
f 3855 3609 3605
f 3855 3605 3851
f 3857 3854 3853
f 3853 3607 3857
f 3607 3858 3857
f 3607 3610 3858
f 3855 3856 3859
f 3859 3856 3860
f 3859 3612 3609
f 3859 3609 3855
f 3610 3614 3861
f 3862 3610 3861
f 3858 3610 3862
f 3615 3861 3614
f 3859 3860 3863
f 3863 3860 3864
f 3863 3617 3612
f 3863 3612 3859
f 3865 3862 3861
f 3861 3615 3865
f 3615 3866 3865
f 3615 3620 3866
f 3863 3864 3867
f 3867 3864 3868
f 3869 3621 3617
f 3863 3869 3617
f 3867 3869 3863
f 3869 3623 3621
f 3872 3871 3870
f 3871 3866 3870
f 3866 3625 3870
f 3866 3620 3625
f 3867 3868 3873
f 3873 3868 3874
f 3873 3627 3628
f 3869 3873 3628
f 3867 3873 3869
f 3869 3628 3623
f 3872 3870 3875
f 3872 3875 3876
f 3630 3875 3625
f 3625 3875 3870
f 3873 3874 3877
f 3877 3874 3878
f 3877 3632 3627
f 3877 3627 3873
f 3876 3875 3635
f 3634 3876 3635
f 3879 3876 3634
f 3635 3875 3630
f 3877 3878 3880
f 3880 3878 3881
f 3880 3637 3632
f 3880 3632 3877
f 3639 3879 3634
f 3639 3882 3879
f 3880 3881 3883
f 3883 3881 3884
f 3883 3641 3637
f 3883 3637 3880
f 3643 3882 3639
f 3643 3885 3882
f 3883 3884 3886
f 3886 3884 3887
f 3886 3645 3641
f 3886 3641 3883
f 3889 3888 3646
f 3889 3646 3647
f 3643 3646 3885
f 3885 3646 3888
f 3886 3887 3890
f 3890 3887 3891
f 3890 3649 3645
f 3890 3645 3886
f 3647 3650 3892
f 3893 3647 3892
f 3889 3647 3893
f 3652 3892 3650
f 3890 3891 3894
f 3894 3891 3895
f 3894 3654 3649
f 3894 3649 3890
f 3896 3893 3892
f 3892 3652 3896
f 3652 3897 3896
f 3652 3656 3897
f 3894 3895 3898
f 3898 3895 3899
f 3900 3657 3654
f 3894 3900 3654
f 3898 3900 3894
f 3900 3658 3657
f 3659 3897 3656
f 3659 3901 3897
f 3898 3899 3902
f 3902 3899 3903
f 3898 3904 3900
f 3898 3902 3904
f 3904 3660 3658
f 3904 3658 3900
f 3659 3661 3905
f 3906 3659 3905
f 3901 3659 3906
f 3663 3905 3661
f 3902 3903 3907
f 3907 3903 3908
f 3902 3909 3904
f 3902 3907 3909
f 3909 3664 3660
f 3909 3660 3904
f 3906 3905 3910
f 3906 3910 3911
f 3666 3910 3663
f 3663 3910 3905
f 3907 3908 3912
f 3912 3908 3913
f 3912 3668 3669
f 3909 3912 3669
f 3907 3912 3909
f 3909 3669 3664
f 3911 3910 3672
f 3671 3911 3672
f 3914 3911 3671
f 3672 3910 3666
f 3912 3913 3915
f 3915 3913 3916
f 3915 3674 3668
f 3915 3668 3912
f 3676 3914 3671
f 3676 3917 3914
f 3915 3916 3918
f 3918 3916 3919
f 3918 3678 3674
f 3918 3674 3915
f 3680 3921 3920
f 3917 3680 3920
f 3676 3680 3917
f 3921 3922 3920
f 3918 3919 3923
f 3923 3919 3924
f 3923 3682 3678
f 3923 3678 3918
f 3684 3925 3921
f 3684 3921 3680
f 3922 3921 3926
f 3926 3921 3925
f 3923 3924 3927
f 3927 3924 3928
f 3927 3686 3682
f 3927 3682 3923
f 3688 3929 3925
f 3688 3925 3684
f 3926 3925 3930
f 3930 3925 3929
f 3928 3931 3927
f 3931 3933 3932
f 3931 3932 3689
f 3927 3931 3689
f 3686 3927 3689
f 3932 3691 3689
f 3693 3934 3929
f 3693 3929 3688
f 3930 3929 3935
f 3935 3929 3934
f 3932 3933 3936
f 3936 3933 3937
f 3936 3695 3691
f 3936 3691 3932
f 3939 3938 3934
f 3693 3939 3934
f 3697 3939 3693
f 3934 3938 3935
f 3937 3940 3936
f 3695 3936 3940
f 3941 3695 3940
f 3699 3695 3941
f 3701 3942 3700
f 3942 3943 3700
f 3943 3697 3700
f 3943 3939 3697
f 3941 3703 3699
f 3944 3703 3941
f 3704 3945 3942
f 3704 3942 3701
f 3943 3942 3946
f 3946 3942 3945
f 3944 3706 3703
f 3947 3706 3944
f 3707 3945 3704
f 3707 3709 3945
f 3709 3946 3945
f 3709 3948 3946
f 3947 3711 3706
f 3949 3711 3947
f 3712 3951 3950
f 3948 3712 3950
f 3709 3712 3948
f 3953 3952 3951
f 3951 3952 3950
f 3714 3715 3953
f 3715 3952 3953
f 3715 3954 3952
f 3955 3715 3716
f 3955 3954 3715
f 3956 3716 3718
f 3956 3955 3716
f 3957 3718 3720
f 3957 3956 3718
f 3958 3720 3722
f 3958 3957 3720
f 3959 3722 3724
f 3959 3958 3722
f 3961 3959 3960
f 3959 3726 3960
f 3959 3724 3726
f 3960 3726 3962
f 3726 3963 3962
f 3726 3728 3963
f 3964 3728 3729
f 3964 3963 3728
f 3965 3729 3730
f 3965 3964 3729
f 3966 3730 3731
f 3966 3965 3730
f 3967 3731 3732
f 3967 3966 3731
f 3968 3732 3733
f 3968 3967 3732
f 3733 3735 3968
f 3968 3735 3969
f 3972 3971 3970
f 3974 3973 3970
f 3970 3973 3972
f 3976 3975 3974
f 3974 3975 3973
f 3976 3977 3975
f 3979 3978 3738
f 3738 3978 3737
f 3980 3738 3739
f 3980 3979 3738
f 3981 3739 3740
f 3981 3980 3739
f 3982 3740 3741
f 3982 3981 3740
f 3983 3741 3742
f 3983 3982 3741
f 3984 3742 3743
f 3984 3983 3742
f 3985 3743 3744
f 3985 3984 3743
f 3744 3711 3949
f 3744 3949 3985
f 3987 3986 3747
f 3987 3747 3746
f 3747 3988 3748
f 3986 3988 3747
f 3749 3748 3989
f 3989 3748 3988
f 3990 3755 3756
f 3992 3991 3990
f 3991 3755 3990
f 3991 3757 3755
f 3757 3993 3758
f 3991 3993 3757
f 3758 3994 3759
f 3993 3994 3758
f 3759 3995 3760
f 3994 3995 3759
f 3760 3996 3761
f 3995 3996 3760
f 3998 3762 3997
f 3762 3996 3997
f 3762 3761 3996
f 3762 3998 3763
f 4001 4000 3999
f 3999 4000 4002
f 4002 4000 4003
f 4002 4003 4004
f 4004 4003 4005
f 4004 4005 4006
f 4006 4005 4007
f 4006 4007 4008
f 4008 4007 4009
f 4008 4009 3766
f 4009 3765 3766
f 4009 4010 3765
f 3767 3765 4011
f 3765 4012 4011
f 3765 4010 4012
f 4011 4012 4013
f 4013 4012 4014
f 4013 4014 4015
f 4015 4014 4016
f 4015 4016 4017
f 4017 4016 4018
f 4017 4018 3770
f 4018 3769 3770
f 4018 4019 3769
f 3769 4020 3771
f 4019 4020 3769
f 4020 4022 4021
f 3772 4020 4021
f 3771 4020 3772
f 4021 3774 3772
f 3776 4023 3775
f 4023 4024 3775
f 4024 3746 3775
f 4024 3987 3746
f 4022 4025 4021
f 3774 4021 4025
f 4026 3774 4025
f 3778 3774 4026
f 3779 4023 3776
f 3779 3781 4023
f 3781 4024 4023
f 3781 4027 4024
f 4030 4029 4028
f 4026 4030 4028
f 3783 4026 4028
f 3778 4026 3783
f 3785 4027 3781
f 3785 4031 4027
f 4028 4029 4032
f 4032 4029 4033
f 4032 3787 3783
f 4032 3783 4028
f 3789 4034 3788
f 4034 4035 3788
f 4035 3785 3788
f 4035 4031 3785
f 4032 4033 4036
f 4036 4033 4037
f 4036 3790 3787
f 4036 3787 4032
f 3791 4038 4034
f 3791 4034 3789
f 4035 4034 4039
f 4039 4034 4038
f 4036 4037 4040
f 4040 4037 4041
f 4040 3792 3790
f 4040 3790 4036
f 4043 4042 4038
f 3791 4043 4038
f 3793 4043 3791
f 4038 4042 4039
f 4040 4041 3796
f 4041 3795 3796
f 4041 4044 3795
f 4040 3796 3792
f 3797 4043 3793
f 3797 4045 4043
f 4044 3799 3795
f 4046 3799 4044
f 3800 4045 3797
f 3800 4047 4045
f 4046 3802 3799
f 4048 3802 4046
f 3803 4047 3800
f 3803 4049 4047
f 4048 3805 3802
f 4050 3805 4048
f 3807 4049 3803
f 3807 4051 4049
f 4050 3809 3805
f 4052 3809 4050
f 4054 4053 3811
f 4054 3811 3812
f 3807 3811 4051
f 4051 3811 4053
f 4052 3814 3809
f 4055 3814 4052
f 3816 4054 3812
f 3816 4056 4054
f 4055 3818 3814
f 4057 3818 4055
f 3816 3819 4058
f 4059 3816 4058
f 4056 3816 4059
f 3820 4058 3819
f 4057 3822 3818
f 4060 3822 4057
f 4061 4059 4058
f 4058 3820 4061
f 3820 4062 4061
f 3820 3824 4062
f 3825 3822 4063
f 3822 4064 4063
f 3822 4060 4064
f 4063 3827 3825
f 3829 4062 3824
f 3829 4065 4062
f 4063 4064 3832
f 4064 3831 3832
f 4064 4066 3831
f 4063 3832 3827
f 3834 4065 3829
f 3834 4067 4065
f 4066 3836 3831
f 4068 3836 4066
f 3838 4067 3834
f 3838 4069 4067
f 4068 3840 3836
f 4070 3840 4068
f 3842 4069 3838
f 3842 4071 4069
f 4070 3844 3840
f 4072 3844 4070
f 3846 4073 3845
f 4073 4074 3845
f 4074 3842 3845
f 4074 4071 3842
f 4072 3848 3844
f 4075 3848 4072
f 3850 4076 4073
f 3850 4073 3846
f 4074 4073 4077
f 4077 4073 4076
f 4080 4079 4078
f 4075 4080 4078
f 3852 4075 4078
f 3848 4075 3852
f 3854 4081 4076
f 3854 4076 3850
f 4077 4076 4082
f 4082 4076 4081
f 4078 4079 4083
f 4083 4079 4084
f 4083 3856 3852
f 4083 3852 4078
f 3857 4081 3854
f 3857 3858 4081
f 3858 4082 4081
f 3858 4085 4082
f 4084 4086 4083
f 3856 4083 4086
f 4087 3856 4086
f 3860 3856 4087
f 3862 4085 3858
f 3862 4088 4085
f 4087 3864 3860
f 4089 3864 4087
f 4090 4088 3862
f 4090 3862 3865
f 3865 3866 4090
f 4090 3866 4091
f 4089 3868 3864
f 4092 3868 4089
f 4094 4093 3871
f 4094 3871 3872
f 3866 3871 4091
f 4091 3871 4093
f 4092 3874 3868
f 4095 3874 4092
f 3876 4094 3872
f 3876 4096 4094
f 4095 3878 3874
f 4097 3878 4095
f 3879 4096 3876
f 3879 4098 4096
f 4097 3881 3878
f 4099 3881 4097
f 3882 4098 3879
f 3882 4100 4098
f 4099 3884 3881
f 4101 3884 4099
f 4104 4103 4102
f 4103 4100 4102
f 4100 3885 4102
f 4100 3882 3885
f 4101 3887 3884
f 4105 3887 4101
f 4104 4102 3888
f 3889 4104 3888
f 4106 4104 3889
f 3888 4102 3885
f 4105 3891 3887
f 4107 3891 4105
f 3893 4106 3889
f 3893 4108 4106
f 4107 3895 3891
f 4109 3895 4107
f 3893 3896 4110
f 4111 3893 4110
f 4108 3893 4111
f 3897 4110 3896
f 4109 3899 3895
f 4112 3899 4109
f 4113 4111 4110
f 4110 3897 4113
f 3897 4114 4113
f 3897 3901 4114
f 4112 3903 3899
f 4115 3903 4112
f 3906 4114 3901
f 3906 4116 4114
f 4115 3908 3903
f 4117 3908 4115
f 3911 4116 3906
f 3911 4118 4116
f 4117 3913 3908
f 4119 3913 4117
f 3914 4118 3911
f 3914 4120 4118
f 4119 3916 3913
f 4121 3916 4119
f 3917 4120 3914
f 3917 4122 4120
f 4121 3919 3916
f 4123 3919 4121
f 4124 4122 3917
f 4124 3917 3920
f 3920 3922 4124
f 4124 3922 4125
f 4123 3924 3919
f 4126 3924 4123
f 3926 4125 3922
f 3926 4127 4125
f 4126 3928 3924
f 4128 3928 4126
f 3930 4127 3926
f 3930 4129 4127
f 3931 3928 4130
f 3928 4131 4130
f 3928 4128 4131
f 4130 3933 3931
f 3935 4129 3930
f 3935 4132 4129
f 4131 4133 4130
f 3933 4130 4133
f 4134 3933 4133
f 3937 3933 4134
f 3939 4135 3938
f 4135 4136 3938
f 4136 3935 3938
f 4136 4132 3935
f 3940 3937 4137
f 3937 4138 4137
f 3937 4134 4138
f 4137 3941 3940
f 3943 4139 4135
f 3943 4135 3939
f 4136 4135 4140
f 4140 4135 4139
f 4138 4141 4137
f 3941 4137 4141
f 4142 3941 4141
f 3944 3941 4142
f 3946 4143 4139
f 3946 4139 3943
f 4140 4139 4144
f 4144 4139 4143
f 4142 3947 3944
f 4145 3947 4142
f 3948 4146 4143
f 3948 4143 3946
f 4144 4143 4147
f 4147 4143 4146
f 4145 3949 3947
f 4148 3949 4145
f 3950 4146 3948
f 4149 4147 4146
f 3950 4149 4146
f 3952 4149 3950
f 4150 3952 3954
f 4150 4149 3952
f 4151 3954 3955
f 4151 4150 3954
f 4152 3955 3956
f 4152 4151 3955
f 4154 4152 4153
f 4152 3957 4153
f 4152 3956 3957
f 3958 4155 3957
f 3957 4155 4153
f 3959 4156 3958
f 3958 4156 4155
f 3961 4156 3959
f 4158 4157 3963
f 3963 4157 3962
f 4159 3963 3964
f 4159 4158 3963
f 4160 3964 3965
f 4160 4159 3964
f 4162 4160 4161
f 4160 3966 4161
f 4160 3965 3966
f 4161 3966 4163
f 3966 4164 4163
f 3966 3967 4164
f 4165 3967 3968
f 4165 4164 3967
f 3968 3969 4165
f 4165 3969 4166
f 4169 4168 4167
f 3971 3972 4170
f 4169 4167 4171
f 4170 3972 4172
f 3972 4173 4172
f 3972 3973 4173
f 4175 4173 4174
f 4173 3975 4174
f 4173 3973 3975
f 3977 4174 3975
f 4177 4176 3979
f 3979 4176 3978
f 4178 3979 3980
f 4178 4177 3979
f 4179 3980 3981
f 4179 4178 3980
f 4180 3981 3982
f 4180 4179 3981
f 4181 3982 3983
f 4181 4180 3982
f 4183 4181 4182
f 4181 3984 4182
f 4181 3983 3984
f 4182 3984 4184
f 3984 4185 4184
f 3984 3985 4185
f 3985 3949 4148
f 3985 4148 4185
f 4187 4186 3986
f 4187 3986 3987
f 3986 4188 3988
f 4186 4188 3986
f 3989 3988 4189
f 4189 3988 4188
f 4192 4191 4190
f 4190 4191 3992
f 4191 3991 3992
f 4191 4193 3991
f 3991 4194 3993
f 4193 4194 3991
f 3993 4195 3994
f 4194 4195 3993
f 3994 4196 3995
f 4195 4196 3994
f 3995 4197 3996
f 4196 4197 3995
f 3997 3996 4198
f 3996 4199 4198
f 3996 4197 4199
f 4198 4199 4200
f 4202 4201 4001
f 4001 4201 4000
f 4000 4203 4003
f 4201 4203 4000
f 4003 4204 4005
f 4203 4204 4003
f 4005 4205 4007
f 4204 4205 4005
f 4007 4206 4009
f 4205 4206 4007
f 4009 4207 4010
f 4206 4207 4009
f 4010 4208 4012
f 4207 4208 4010
f 4012 4209 4014
f 4208 4209 4012
f 4014 4210 4016
f 4209 4210 4014
f 4016 4211 4018
f 4210 4211 4016
f 4018 4212 4019
f 4211 4212 4018
f 4212 4214 4213
f 4020 4212 4213
f 4019 4212 4020
f 4213 4022 4020
f 4024 4187 3987
f 4024 4215 4187
f 4214 4216 4213
f 4216 4218 4217
f 4216 4217 4025
f 4213 4216 4025
f 4022 4213 4025
f 4217 4026 4025
f 4027 4215 4024
f 4027 4219 4215
f 4217 4218 4030
f 4218 4029 4030
f 4218 4220 4029
f 4217 4030 4026
f 4031 4219 4027
f 4031 4221 4219
f 4220 4033 4029
f 4222 4033 4220
f 4035 4221 4031
f 4035 4223 4221
f 4222 4037 4033
f 4224 4037 4222
f 4039 4223 4035
f 4039 4225 4223
f 4224 4041 4037
f 4226 4041 4224
f 4043 4227 4042
f 4227 4228 4042
f 4228 4039 4042
f 4228 4225 4039
f 4226 4044 4041
f 4229 4044 4226
f 4045 4230 4227
f 4045 4227 4043
f 4228 4227 4231
f 4231 4227 4230
f 4229 4046 4044
f 4232 4046 4229
f 4234 4233 4230
f 4045 4234 4230
f 4047 4234 4045
f 4230 4233 4231
f 4232 4048 4046
f 4235 4048 4232
f 4049 4234 4047
f 4049 4236 4234
f 4239 4238 4237
f 4235 4239 4237
f 4050 4235 4237
f 4048 4235 4050
f 4051 4241 4240
f 4236 4051 4240
f 4049 4051 4236
f 4241 4242 4240
f 4237 4238 4243
f 4243 4238 4244
f 4243 4052 4050
f 4243 4050 4237
f 4054 4245 4053
f 4245 4246 4053
f 4053 4246 4051
f 4246 4247 4051
f 4247 4241 4051
f 4241 4247 4242
f 4243 4244 4248
f 4248 4244 4249
f 4248 4055 4052
f 4248 4052 4243
f 4056 4250 4245
f 4056 4245 4054
f 4246 4245 4251
f 4251 4245 4250
f 4248 4249 4252
f 4252 4249 4253
f 4252 4057 4055
f 4252 4055 4248
f 4059 4254 4250
f 4059 4250 4056
f 4251 4250 4255
f 4255 4250 4254
f 4253 4256 4252
f 4057 4252 4256
f 4257 4057 4256
f 4060 4057 4257
f 4061 4254 4059
f 4061 4062 4254
f 4062 4255 4254
f 4062 4258 4255
f 4261 4260 4259
f 4257 4261 4259
f 4064 4257 4259
f 4060 4257 4064
f 4065 4258 4062
f 4065 4262 4258
f 4259 4260 4263
f 4263 4260 4264
f 4263 4066 4064
f 4263 4064 4259
f 4067 4262 4065
f 4067 4265 4262
f 4263 4264 4266
f 4266 4264 4267
f 4266 4068 4066
f 4266 4066 4263
f 4069 4265 4067
f 4069 4268 4265
f 4266 4267 4269
f 4269 4267 4270
f 4269 4070 4068
f 4269 4068 4266
f 4071 4268 4069
f 4071 4271 4268
f 4269 4270 4272
f 4272 4270 4273
f 4272 4072 4070
f 4272 4070 4269
f 4074 4271 4071
f 4074 4274 4271
f 4272 4273 4275
f 4275 4273 4276
f 4275 4075 4072
f 4275 4072 4272
f 4077 4274 4074
f 4077 4277 4274
f 4275 4276 4080
f 4276 4079 4080
f 4276 4278 4079
f 4275 4080 4075
f 4082 4277 4077
f 4082 4279 4277
f 4278 4084 4079
f 4280 4084 4278
f 4085 4279 4082
f 4085 4281 4279
f 4086 4084 4282
f 4084 4283 4282
f 4084 4280 4283
f 4282 4087 4086
f 4088 4281 4085
f 4088 4284 4281
f 4283 4285 4282
f 4087 4282 4285
f 4286 4087 4285
f 4089 4087 4286
f 4088 4090 4287
f 4288 4088 4287
f 4284 4088 4288
f 4091 4287 4090
f 4286 4092 4089
f 4289 4092 4286
f 4288 4287 4093
f 4094 4288 4093
f 4290 4288 4094
f 4093 4287 4091
f 4289 4095 4092
f 4291 4095 4289
f 4096 4290 4094
f 4096 4292 4290
f 4291 4097 4095
f 4293 4097 4291
f 4098 4292 4096
f 4098 4294 4292
f 4293 4099 4097
f 4295 4099 4293
f 4100 4294 4098
f 4100 4296 4294
f 4295 4101 4099
f 4297 4101 4295
f 4104 4298 4103
f 4298 4299 4103
f 4299 4100 4103
f 4299 4296 4100
f 4297 4105 4101
f 4300 4105 4297
f 4302 4301 4298
f 4104 4302 4298
f 4106 4302 4104
f 4298 4301 4299
f 4300 4107 4105
f 4303 4107 4300
f 4108 4305 4304
f 4302 4108 4304
f 4106 4108 4302
f 4305 4306 4304
f 4303 4109 4107
f 4307 4109 4303
f 4111 4308 4305
f 4111 4305 4108
f 4306 4305 4309
f 4309 4305 4308
f 4307 4112 4109
f 4310 4112 4307
f 4113 4308 4111
f 4113 4114 4308
f 4114 4309 4308
f 4114 4311 4309
f 4310 4115 4112
f 4312 4115 4310
f 4116 4311 4114
f 4116 4313 4311
f 4312 4117 4115
f 4314 4117 4312
f 4118 4313 4116
f 4118 4315 4313
f 4314 4119 4117
f 4316 4119 4314
f 4120 4315 4118
f 4120 4317 4315
f 4316 4121 4119
f 4318 4121 4316
f 4122 4317 4120
f 4122 4319 4317
f 4318 4123 4121
f 4320 4123 4318
f 4122 4124 4321
f 4322 4122 4321
f 4319 4122 4322
f 4125 4321 4124
f 4320 4126 4123
f 4323 4126 4320
f 4322 4321 4324
f 4322 4324 4325
f 4127 4324 4125
f 4125 4324 4321
f 4323 4128 4126
f 4326 4128 4323
f 4327 4325 4324
f 4324 4127 4327
f 4127 4328 4327
f 4127 4129 4328
f 4326 4131 4128
f 4329 4131 4326
f 4132 4328 4129
f 4132 4330 4328
f 4329 4331 4131
f 4131 4331 4133
f 4134 4133 4331
f 4134 4331 4332
f 4136 4330 4132
f 4136 4333 4330
f 4332 4138 4134
f 4334 4138 4332
f 4140 4333 4136
f 4140 4335 4333
f 4334 4336 4138
f 4138 4336 4141
f 4142 4141 4336
f 4142 4336 4337
f 4144 4335 4140
f 4144 4338 4335
f 4337 4145 4142
f 4339 4145 4337
f 4147 4341 4340
f 4338 4147 4340
f 4144 4147 4338
f 4341 4342 4340
f 4339 4148 4145
f 4343 4148 4339
f 4149 4341 4147
f 4344 4342 4341
f 4149 4344 4341
f 4150 4344 4149
f 4345 4150 4151
f 4345 4344 4150
f 4346 4151 4152
f 4346 4345 4151
f 4152 4154 4346
f 4346 4154 4347
f 4348 4157 4158
f 4159 4349 4158
f 4158 4349 4348
f 4160 4350 4159
f 4159 4350 4349
f 4162 4350 4160
f 4351 4163 4164
f 4165 4352 4164
f 4164 4352 4351
f 4166 4352 4165
f 4353 4168 4169
f 4171 4353 4169
f 4354 4172 4173
f 4175 4354 4173
f 4356 4355 4177
f 4177 4355 4176
f 4357 4177 4178
f 4357 4356 4177
f 4358 4178 4179
f 4358 4357 4178
f 4359 4179 4180
f 4359 4358 4179
f 4360 4180 4181
f 4360 4359 4180
f 4181 4183 4360
f 4360 4183 4361
f 4363 4362 4185
f 4185 4362 4184
f 4185 4148 4343
f 4185 4343 4363
f 4187 4364 4186
f 4186 4364 4365
f 4366 4186 4365
f 4188 4186 4366
f 4189 4188 4367
f 4188 4368 4367
f 4188 4366 4368
f 4367 4368 4369
f 4372 4371 4370
f 4370 4371 4373
f 4373 4371 4374
f 4373 4374 4192
f 4374 4191 4192
f 4374 4375 4191
f 4191 4376 4193
f 4375 4376 4191
f 4193 4377 4194
f 4376 4377 4193
f 4194 4378 4195
f 4377 4378 4194
f 4195 4379 4196
f 4378 4379 4195
f 4196 4380 4197
f 4379 4380 4196
f 4197 4381 4199
f 4380 4381 4197
f 4200 4199 4382
f 4199 4383 4382
f 4199 4381 4383
f 4382 4383 4384
f 4384 4383 4385
f 4384 4385 4202
f 4385 4201 4202
f 4385 4386 4201
f 4201 4387 4203
f 4386 4387 4201
f 4203 4388 4204
f 4387 4388 4203
f 4204 4389 4205
f 4388 4389 4204
f 4205 4390 4206
f 4389 4390 4205
f 4206 4391 4207
f 4390 4391 4206
f 4207 4392 4208
f 4391 4392 4207
f 4208 4393 4209
f 4392 4393 4208
f 4209 4394 4210
f 4393 4394 4209
f 4210 4395 4211
f 4394 4395 4210
f 4211 4396 4212
f 4395 4396 4211
f 4214 4212 4396
f 4214 4396 4397
f 4215 4398 4364
f 4215 4364 4187
f 4365 4364 4399
f 4399 4364 4398
f 4216 4214 4400
f 4214 4401 4400
f 4214 4397 4401
f 4400 4218 4216
f 4403 4402 4398
f 4215 4403 4398
f 4219 4403 4215
f 4398 4402 4399
f 4401 4404 4400
f 4218 4400 4404
f 4405 4218 4404
f 4220 4218 4405
f 4221 4403 4219
f 4221 4406 4403
f 4405 4222 4220
f 4407 4222 4405
f 4223 4406 4221
f 4223 4408 4406
f 4407 4224 4222
f 4409 4224 4407
f 4225 4408 4223
f 4225 4410 4408
f 4409 4226 4224
f 4411 4226 4409
f 4228 4410 4225
f 4228 4412 4410
f 4411 4229 4226
f 4413 4229 4411
f 4231 4412 4228
f 4231 4414 4412
f 4413 4232 4229
f 4415 4232 4413
f 4234 4416 4233
f 4416 4417 4233
f 4417 4231 4233
f 4417 4414 4231
f 4420 4419 4418
f 4415 4420 4418
f 4235 4415 4418
f 4232 4415 4235
f 4236 4421 4416
f 4236 4416 4234
f 4417 4416 4422
f 4422 4416 4421
f 4418 4419 4239
f 4419 4238 4239
f 4419 4423 4238
f 4418 4239 4235
f 4240 4421 4236
f 4240 4242 4421
f 4242 4422 4421
f 4242 4424 4422
f 4423 4244 4238
f 4425 4244 4423
f 4427 4426 4247
f 4427 4247 4246
f 4242 4247 4424
f 4424 4247 4426
f 4425 4249 4244
f 4428 4249 4425
f 4251 4427 4246
f 4251 4429 4427
f 4428 4253 4249
f 4430 4253 4428
f 4255 4429 4251
f 4255 4431 4429
f 4256 4253 4432
f 4253 4433 4432
f 4253 4430 4433
f 4432 4257 4256
f 4258 4431 4255
f 4258 4434 4431
f 4437 4436 4435
f 4437 4435 4433
f 4433 4435 4432
f 4435 4260 4432
f 4260 4261 4432
f 4432 4261 4257
f 4262 4434 4258
f 4262 4438 4434
f 4435 4436 4439
f 4439 4436 4440
f 4439 4264 4260
f 4439 4260 4435
f 4265 4438 4262
f 4265 4441 4438
f 4440 4442 4439
f 4264 4439 4442
f 4443 4264 4442
f 4267 4264 4443
f 4268 4441 4265
f 4268 4444 4441
f 4443 4270 4267
f 4445 4270 4443
f 4271 4444 4268
f 4271 4446 4444
f 4445 4273 4270
f 4447 4273 4445
f 4274 4446 4271
f 4274 4448 4446
f 4447 4276 4273
f 4449 4276 4447
f 4277 4448 4274
f 4277 4450 4448
f 4449 4278 4276
f 4451 4278 4449
f 4279 4450 4277
f 4279 4452 4450
f 4451 4280 4278
f 4453 4280 4451
f 4281 4452 4279
f 4281 4454 4452
f 4453 4283 4280
f 4455 4283 4453
f 4284 4454 4281
f 4284 4456 4454
f 4285 4283 4457
f 4283 4458 4457
f 4283 4455 4458
f 4457 4286 4285
f 4288 4456 4284
f 4288 4459 4456
f 4457 4458 4460
f 4460 4458 4461
f 4460 4289 4286
f 4460 4286 4457
f 4290 4459 4288
f 4290 4462 4459
f 4460 4461 4463
f 4463 4461 4464
f 4463 4291 4289
f 4463 4289 4460
f 4292 4462 4290
f 4292 4465 4462
f 4463 4464 4466
f 4466 4464 4467
f 4466 4293 4291
f 4466 4291 4463
f 4294 4465 4292
f 4294 4468 4465
f 4466 4467 4469
f 4469 4467 4470
f 4469 4295 4293
f 4469 4293 4466
f 4296 4468 4294
f 4296 4471 4468
f 4469 4470 4472
f 4472 4470 4473
f 4472 4297 4295
f 4472 4295 4469
f 4299 4471 4296
f 4299 4474 4471
f 4472 4473 4475
f 4475 4473 4476
f 4475 4300 4297
f 4475 4297 4472
f 4302 4477 4301
f 4477 4478 4301
f 4478 4299 4301
f 4478 4474 4299
f 4476 4479 4475
f 4300 4475 4479
f 4480 4300 4479
f 4303 4300 4480
f 4304 4477 4302
f 4304 4306 4477
f 4306 4478 4477
f 4306 4481 4478
f 4480 4307 4303
f 4482 4307 4480
f 4309 4481 4306
f 4309 4483 4481
f 4482 4310 4307
f 4484 4310 4482
f 4311 4483 4309
f 4311 4485 4483
f 4484 4312 4310
f 4486 4312 4484
f 4313 4485 4311
f 4313 4487 4485
f 4490 4489 4488
f 4486 4490 4488
f 4314 4486 4488
f 4312 4486 4314
f 4315 4487 4313
f 4315 4491 4487
f 4488 4489 4492
f 4492 4489 4493
f 4492 4316 4314
f 4492 4314 4488
f 4317 4491 4315
f 4317 4494 4491
f 4492 4493 4495
f 4495 4493 4496
f 4495 4318 4316
f 4495 4316 4492
f 4319 4494 4317
f 4319 4497 4494
f 4496 4498 4495
f 4318 4495 4498
f 4499 4318 4498
f 4320 4318 4499
f 4322 4497 4319
f 4322 4500 4497
f 4499 4323 4320
f 4501 4323 4499
f 4325 4503 4502
f 4500 4325 4502
f 4322 4325 4500
f 4503 4504 4502
f 4501 4326 4323
f 4505 4326 4501
f 4327 4503 4325
f 4327 4328 4503
f 4328 4504 4503
f 4328 4506 4504
f 4505 4329 4326
f 4507 4329 4505
f 4330 4506 4328
f 4330 4508 4506
f 4507 4509 4329
f 4329 4509 4331
f 4332 4331 4509
f 4332 4509 4510
f 4333 4508 4330
f 4333 4511 4508
f 4510 4334 4332
f 4512 4334 4510
f 4335 4511 4333
f 4335 4513 4511
f 4336 4334 4514
f 4334 4515 4514
f 4334 4512 4515
f 4514 4337 4336
f 4338 4513 4335
f 4338 4516 4513
f 4515 4517 4514
f 4337 4514 4517
f 4518 4337 4517
f 4339 4337 4518
f 4519 4516 4338
f 4519 4338 4340
f 4340 4342 4519
f 4519 4342 4520
f 4523 4522 4521
f 4518 4523 4521
f 4343 4518 4521
f 4339 4518 4343
f 4524 4520 4342
f 4524 4342 4344
f 4525 4344 4345
f 4525 4524 4344
f 4526 4345 4346
f 4526 4525 4345
f 4346 4347 4526
f 4526 4347 4527
f 4530 4529 4528
f 4532 4531 4528
f 4528 4531 4530
f 4534 4533 4532
f 4532 4533 4531
f 4536 4535 4534
f 4534 4535 4533
f 4538 4537 4536
f 4536 4537 4535
f 4538 4539 4537
f 4542 4541 4540
f 4544 4543 4540
f 4540 4543 4542
f 4546 4545 4544
f 4544 4545 4543
f 4548 4547 4546
f 4546 4547 4545
f 4550 4549 4548
f 4548 4549 4547
f 4550 4551 4549
f 4554 4553 4552
f 4355 4356 4552
f 4356 4554 4552
f 4356 4555 4554
f 4556 4356 4357
f 4556 4555 4356
f 4557 4357 4358
f 4557 4556 4357
f 4558 4358 4359
f 4558 4557 4358
f 4559 4359 4360
f 4559 4558 4359
f 4561 4560 4361
f 4560 4360 4361
f 4560 4559 4360
f 4560 4561 4522
f 4522 4561 4521
f 4561 4362 4521
f 4362 4363 4521
f 4521 4363 4343
f 4563 4562 4366
f 4563 4366 4365
f 4366 4564 4368
f 4562 4564 4366
f 4369 4368 4565
f 4565 4368 4564
f 4566 4371 4372
f 4371 4566 4374
f 4374 4566 4567
f 4569 4568 4567
f 4568 4374 4567
f 4568 4375 4374
f 4375 4570 4376
f 4568 4570 4375
f 4376 4571 4377
f 4570 4571 4376
f 4377 4572 4378
f 4571 4572 4377
f 4378 4573 4379
f 4572 4573 4378
f 4379 4574 4380
f 4573 4574 4379
f 4380 4575 4381
f 4574 4575 4380
f 4381 4576 4383
f 4575 4576 4381
f 4383 4577 4385
f 4576 4577 4383
f 4385 4578 4386
f 4577 4578 4385
f 4386 4579 4387
f 4578 4579 4386
f 4387 4580 4388
f 4579 4580 4387
f 4388 4581 4389
f 4580 4581 4388
f 4389 4582 4390
f 4581 4582 4389
f 4390 4583 4391
f 4582 4583 4390
f 4391 4584 4392
f 4583 4584 4391
f 4392 4585 4393
f 4584 4585 4392
f 4393 4586 4394
f 4585 4586 4393
f 4394 4587 4395
f 4586 4587 4394
f 4395 4588 4396
f 4587 4588 4395
f 4397 4396 4588
f 4397 4588 4589
f 4399 4563 4365
f 4399 4590 4563
f 4589 4401 4397
f 4591 4401 4589
f 4593 4592 4402
f 4593 4402 4403
f 4399 4402 4590
f 4590 4402 4592
f 4404 4401 4594
f 4401 4595 4594
f 4401 4591 4595
f 4594 4405 4404
f 4406 4593 4403
f 4406 4596 4593
f 4594 4595 4597
f 4597 4595 4598
f 4597 4407 4405
f 4597 4405 4594
f 4408 4596 4406
f 4408 4599 4596
f 4597 4598 4600
f 4600 4598 4601
f 4600 4409 4407
f 4600 4407 4597
f 4410 4599 4408
f 4410 4602 4599
f 4600 4601 4603
f 4603 4601 4604
f 4603 4411 4409
f 4603 4409 4600
f 4412 4602 4410
f 4412 4605 4602
f 4603 4604 4606
f 4606 4604 4607
f 4606 4413 4411
f 4606 4411 4603
f 4414 4605 4412
f 4414 4608 4605
f 4606 4607 4609
f 4609 4607 4610
f 4609 4415 4413
f 4609 4413 4606
f 4417 4608 4414
f 4417 4611 4608
f 4609 4610 4420
f 4610 4419 4420
f 4610 4612 4419
f 4609 4420 4415
f 4422 4611 4417
f 4422 4613 4611
f 4612 4423 4419
f 4614 4423 4612
f 4424 4613 4422
f 4424 4615 4613
f 4618 4617 4616
f 4614 4618 4616
f 4425 4614 4616
f 4423 4614 4425
f 4427 4619 4426
f 4619 4620 4426
f 4620 4424 4426
f 4620 4615 4424
f 4616 4617 4621
f 4621 4617 4622
f 4621 4428 4425
f 4621 4425 4616
f 4624 4623 4619
f 4427 4624 4619
f 4429 4624 4427
f 4619 4623 4620
f 4621 4622 4625
f 4625 4622 4626
f 4625 4430 4428
f 4625 4428 4621
f 4431 4624 4429
f 4431 4627 4624
f 4625 4626 4628
f 4628 4626 4629
f 4628 4433 4430
f 4628 4430 4625
f 4632 4631 4630
f 4631 4627 4630
f 4627 4434 4630
f 4627 4431 4434
f 4628 4629 4437
f 4629 4436 4437
f 4629 4633 4436
f 4628 4437 4433
f 4634 4632 4630
f 4630 4434 4634
f 4434 4635 4634
f 4434 4438 4635
f 4633 4440 4436
f 4636 4440 4633
f 4639 4638 4637
f 4638 4635 4637
f 4635 4441 4637
f 4635 4438 4441
f 4442 4440 4640
f 4440 4641 4640
f 4440 4636 4641
f 4640 4443 4442
f 4639 4637 4642
f 4639 4642 4643
f 4444 4642 4441
f 4441 4642 4637
f 4640 4641 4644
f 4644 4641 4645
f 4644 4445 4443
f 4644 4443 4640
f 4646 4643 4642
f 4642 4444 4646
f 4444 4647 4646
f 4444 4446 4647
f 4644 4645 4648
f 4648 4645 4649
f 4648 4447 4445
f 4648 4445 4644
f 4652 4651 4650
f 4651 4647 4650
f 4647 4448 4650
f 4647 4446 4448
f 4649 4653 4648
f 4447 4648 4653
f 4654 4447 4653
f 4449 4447 4654
f 4655 4652 4650
f 4650 4448 4655
f 4448 4656 4655
f 4448 4450 4656
f 4654 4451 4449
f 4657 4451 4654
f 4660 4659 4658
f 4659 4656 4658
f 4656 4452 4658
f 4656 4450 4452
f 4657 4453 4451
f 4661 4453 4657
f 4660 4658 4662
f 4660 4662 4663
f 4454 4662 4452
f 4452 4662 4658
f 4661 4455 4453
f 4664 4455 4661
f 4663 4662 4665
f 4663 4665 4666
f 4456 4665 4454
f 4454 4665 4662
f 4664 4458 4455
f 4667 4458 4664
f 4668 4666 4665
f 4665 4456 4668
f 4456 4669 4668
f 4456 4459 4669
f 4667 4461 4458
f 4670 4461 4667
f 4673 4672 4671
f 4672 4669 4671
f 4669 4462 4671
f 4669 4459 4462
f 4670 4464 4461
f 4674 4464 4670
f 4673 4671 4675
f 4673 4675 4676
f 4465 4675 4462
f 4462 4675 4671
f 4674 4467 4464
f 4677 4467 4674
f 4676 4675 4678
f 4676 4678 4679
f 4468 4678 4465
f 4465 4678 4675
f 4677 4470 4467
f 4680 4470 4677
f 4679 4678 4681
f 4679 4681 4682
f 4471 4681 4468
f 4468 4681 4678
f 4680 4473 4470
f 4683 4473 4680
f 4684 4682 4681
f 4681 4471 4684
f 4471 4685 4684
f 4471 4474 4685
f 4683 4476 4473
f 4686 4476 4683
f 4478 4685 4474
f 4478 4687 4685
f 4479 4476 4688
f 4476 4689 4688
f 4476 4686 4689
f 4688 4480 4479
f 4481 4687 4478
f 4481 4690 4687
f 4688 4689 4691
f 4691 4689 4692
f 4691 4482 4480
f 4691 4480 4688
f 4483 4690 4481
f 4483 4693 4690
f 4692 4694 4691
f 4482 4691 4694
f 4695 4482 4694
f 4484 4482 4695
f 4485 4693 4483
f 4485 4696 4693
f 4695 4486 4484
f 4697 4486 4695
f 4487 4696 4485
f 4487 4698 4696
f 4700 4699 4490
f 4490 4699 4489
f 4490 4486 4697
f 4490 4697 4700
f 4491 4698 4487
f 4491 4701 4698
f 4699 4493 4489
f 4702 4493 4699
f 4494 4701 4491
f 4494 4703 4701
f 4702 4496 4493
f 4704 4496 4702
f 4497 4703 4494
f 4497 4705 4703
f 4704 4706 4496
f 4496 4706 4498
f 4499 4498 4706
f 4499 4706 4707
f 4500 4705 4497
f 4500 4708 4705
f 4707 4501 4499
f 4709 4501 4707
f 4710 4708 4500
f 4710 4500 4502
f 4502 4504 4710
f 4710 4504 4711
f 4709 4505 4501
f 4712 4505 4709
f 4506 4711 4504
f 4506 4713 4711
f 4712 4507 4505
f 4714 4507 4712
f 4508 4713 4506
f 4508 4715 4713
f 4509 4507 4716
f 4507 4717 4716
f 4507 4714 4717
f 4716 4510 4509
f 4511 4715 4508
f 4511 4718 4715
f 4717 4719 4716
f 4510 4716 4719
f 4720 4510 4719
f 4512 4510 4720
f 4513 4718 4511
f 4513 4721 4718
f 4720 4515 4512
f 4722 4515 4720
f 4516 4721 4513
f 4516 4723 4721
f 4517 4515 4724
f 4515 4725 4724
f 4515 4722 4725
f 4724 4518 4517
f 4726 4723 4516
f 4726 4516 4519
f 4519 4520 4726
f 4726 4520 4727
f 4730 4729 4728
f 4730 4728 4725
f 4725 4728 4724
f 4728 4522 4724
f 4522 4523 4724
f 4724 4523 4518
f 4731 4727 4520
f 4731 4520 4524
f 4732 4524 4525
f 4732 4731 4524
f 4733 4525 4526
f 4733 4732 4525
f 4526 4527 4733
f 4733 4527 4734
f 4735 4529 4530
f 4735 4530 4736
f 4530 4737 4736
f 4530 4531 4737
f 4738 4531 4533
f 4738 4737 4531
f 4739 4533 4535
f 4739 4738 4533
f 4740 4535 4537
f 4740 4739 4535
f 4537 4539 4740
f 4740 4539 4741
f 4743 4742 4542
f 4542 4742 4541
f 4744 4542 4543
f 4744 4743 4542
f 4745 4543 4545
f 4745 4744 4543
f 4747 4745 4746
f 4745 4547 4746
f 4745 4545 4547
f 4746 4547 4748
f 4547 4749 4748
f 4547 4549 4749
f 4549 4551 4749
f 4749 4551 4750
f 4752 4751 4554
f 4554 4751 4553
f 4753 4554 4555
f 4753 4752 4554
f 4754 4555 4556
f 4754 4753 4555
f 4755 4556 4557
f 4755 4754 4556
f 4756 4557 4558
f 4756 4755 4557
f 4757 4558 4559
f 4757 4756 4558
f 4560 4728 4729
f 4757 4560 4729
f 4559 4560 4757
f 4728 4560 4522
f 4759 4758 4562
f 4759 4562 4563
f 4562 4760 4564
f 4758 4760 4562
f 4565 4564 4761
f 4564 4762 4761
f 4564 4760 4762
f 4761 4762 4763
f 4763 4762 4764
f 4763 4764 4765
f 4768 4767 4766
f 4766 4767 4569
f 4767 4568 4569
f 4767 4769 4568
f 4568 4770 4570
f 4769 4770 4568
f 4570 4771 4571
f 4770 4771 4570
f 4571 4772 4572
f 4771 4772 4571
f 4572 4773 4573
f 4772 4773 4572
f 4573 4774 4574
f 4773 4774 4573
f 4574 4775 4575
f 4774 4775 4574
f 4575 4776 4576
f 4775 4776 4575
f 4576 4777 4577
f 4776 4777 4576
f 4577 4778 4578
f 4777 4778 4577
f 4578 4779 4579
f 4778 4779 4578
f 4579 4780 4580
f 4779 4780 4579
f 4580 4781 4581
f 4780 4781 4580
f 4581 4782 4582
f 4781 4782 4581
f 4582 4783 4583
f 4782 4783 4582
f 4583 4784 4584
f 4783 4784 4583
f 4584 4785 4585
f 4784 4785 4584
f 4585 4786 4586
f 4785 4786 4585
f 4586 4787 4587
f 4786 4787 4586
f 4787 4789 4788
f 4588 4787 4788
f 4587 4787 4588
f 4788 4589 4588
f 4590 4759 4563
f 4590 4790 4759
f 4789 4791 4788
f 4589 4788 4791
f 4792 4589 4791
f 4591 4589 4792
f 4794 4793 4592
f 4794 4592 4593
f 4590 4592 4790
f 4790 4592 4793
f 4792 4595 4591
f 4795 4595 4792
f 4596 4794 4593
f 4596 4796 4794
f 4795 4598 4595
f 4797 4598 4795
f 4599 4796 4596
f 4599 4798 4796
f 4797 4601 4598
f 4799 4601 4797
f 4602 4798 4599
f 4602 4800 4798
f 4799 4604 4601
f 4801 4604 4799
f 4605 4800 4602
f 4605 4802 4800
f 4801 4607 4604
f 4803 4607 4801
f 4608 4802 4605
f 4608 4804 4802
f 4803 4610 4607
f 4805 4610 4803
f 4611 4804 4608
f 4611 4806 4804
f 4805 4612 4610
f 4807 4612 4805
f 4613 4806 4611
f 4613 4808 4806
f 4811 4810 4809
f 4807 4811 4809
f 4614 4807 4809
f 4612 4807 4614
f 4615 4808 4613
f 4615 4812 4808
f 4809 4810 4618
f 4810 4617 4618
f 4810 4813 4617
f 4809 4618 4614
f 4620 4812 4615
f 4620 4814 4812
f 4813 4622 4617
f 4815 4622 4813
f 4817 4816 4623
f 4817 4623 4624
f 4620 4623 4814
f 4814 4623 4816
f 4815 4626 4622
f 4818 4626 4815
f 4627 4817 4624
f 4627 4819 4817
f 4818 4629 4626
f 4820 4629 4818
f 4822 4821 4631
f 4822 4631 4632
f 4627 4631 4819
f 4819 4631 4821
f 4820 4633 4629
f 4823 4633 4820
f 4632 4634 4824
f 4825 4632 4824
f 4822 4632 4825
f 4635 4824 4634
f 4823 4636 4633
f 4826 4636 4823
f 4825 4824 4638
f 4639 4825 4638
f 4827 4825 4639
f 4638 4824 4635
f 4826 4641 4636
f 4828 4641 4826
f 4643 4827 4639
f 4643 4829 4827
f 4828 4645 4641
f 4830 4645 4828
f 4831 4829 4643
f 4831 4643 4646
f 4646 4647 4831
f 4831 4647 4832
f 4830 4649 4645
f 4833 4649 4830
f 4835 4834 4651
f 4835 4651 4652
f 4647 4651 4832
f 4832 4651 4834
f 4653 4649 4836
f 4649 4837 4836
f 4649 4833 4837
f 4836 4654 4653
f 4652 4655 4838
f 4839 4652 4838
f 4835 4652 4839
f 4656 4838 4655
f 4837 4840 4836
f 4654 4836 4840
f 4841 4654 4840
f 4657 4654 4841
f 4839 4838 4659
f 4660 4839 4659
f 4842 4839 4660
f 4659 4838 4656
f 4841 4661 4657
f 4843 4661 4841
f 4663 4842 4660
f 4663 4844 4842
f 4843 4664 4661
f 4845 4664 4843
f 4666 4847 4846
f 4844 4666 4846
f 4663 4666 4844
f 4847 4848 4846
f 4845 4667 4664
f 4849 4667 4845
f 4847 4666 4668
f 4852 4851 4850
f 4851 4852 4669
f 4852 4848 4669
f 4847 4668 4669
f 4847 4669 4848
f 4849 4670 4667
f 4853 4670 4849
f 4850 4851 4672
f 4673 4850 4672
f 4854 4850 4673
f 4672 4851 4669
f 4853 4674 4670
f 4855 4674 4853
f 4676 4854 4673
f 4676 4856 4854
f 4855 4677 4674
f 4857 4677 4855
f 4679 4856 4676
f 4679 4858 4856
f 4857 4680 4677
f 4859 4680 4857
f 4682 4858 4679
f 4682 4860 4858
f 4859 4683 4680
f 4861 4683 4859
f 4862 4860 4682
f 4862 4682 4684
f 4684 4685 4862
f 4862 4685 4863
f 4861 4686 4683
f 4864 4686 4861
f 4687 4863 4685
f 4687 4865 4863
f 4864 4689 4686
f 4866 4689 4864
f 4690 4865 4687
f 4690 4867 4865
f 4866 4692 4689
f 4868 4692 4866
f 4693 4867 4690
f 4693 4869 4867
f 4694 4692 4870
f 4692 4871 4870
f 4692 4868 4871
f 4870 4695 4694
f 4696 4869 4693
f 4696 4872 4869
f 4870 4871 4873
f 4873 4871 4874
f 4873 4697 4695
f 4873 4695 4870
f 4698 4872 4696
f 4698 4875 4872
f 4873 4874 4700
f 4874 4699 4700
f 4874 4876 4699
f 4873 4700 4697
f 4701 4875 4698
f 4701 4877 4875
f 4876 4702 4699
f 4878 4702 4876
f 4703 4877 4701
f 4703 4879 4877
f 4878 4704 4702
f 4880 4704 4878
f 4705 4879 4703
f 4705 4881 4879
f 4706 4704 4882
f 4704 4883 4882
f 4704 4880 4883
f 4882 4707 4706
f 4708 4881 4705
f 4708 4884 4881
f 4883 4885 4882
f 4707 4882 4885
f 4886 4707 4885
f 4709 4707 4886
f 4708 4710 4887
f 4888 4708 4887
f 4884 4708 4888
f 4711 4887 4710
f 4886 4712 4709
f 4889 4712 4886
f 4888 4887 4890
f 4888 4890 4891
f 4713 4890 4711
f 4711 4890 4887
f 4889 4714 4712
f 4892 4714 4889
f 4891 4890 4893
f 4891 4893 4894
f 4715 4893 4713
f 4713 4893 4890
f 4892 4717 4714
f 4895 4717 4892
f 4894 4893 4896
f 4894 4896 4897
f 4718 4896 4715
f 4715 4896 4893
f 4719 4717 4898
f 4717 4899 4898
f 4717 4895 4899
f 4898 4720 4719
f 4897 4896 4900
f 4897 4900 4901
f 4721 4900 4718
f 4718 4900 4896
f 4898 4899 4902
f 4902 4899 4903
f 4902 4722 4720
f 4902 4720 4898
f 4904 4901 4900
f 4900 4721 4904
f 4721 4905 4904
f 4721 4723 4905
f 4902 4903 4906
f 4906 4903 4907
f 4906 4725 4722
f 4906 4722 4902
f 4723 4726 4908
f 4909 4723 4908
f 4905 4723 4909
f 4727 4908 4726
f 4906 4907 4730
f 4907 4729 4730
f 4907 4910 4729
f 4906 4730 4725
f 4911 4909 4908
f 4911 4908 4727
f 4731 4911 4727
f 4912 4911 4731
f 4913 4731 4732
f 4913 4912 4731
f 4914 4732 4733
f 4914 4913 4732
f 4916 4915 4734
f 4915 4733 4734
f 4915 4914 4733
f 4918 4917 4916
f 4916 4917 4915
f 4736 4737 4918
f 4737 4917 4918
f 4737 4919 4917
f 4920 4737 4738
f 4920 4919 4737
f 4921 4738 4739
f 4921 4920 4738
f 4922 4739 4740
f 4922 4921 4739
f 4924 4923 4741
f 4923 4740 4741
f 4923 4922 4740
f 4926 4925 4924
f 4924 4925 4923
f 4926 4927 4925
f 4929 4928 4743
f 4743 4928 4742
f 4930 4743 4744
f 4930 4929 4743
f 4931 4744 4745
f 4931 4930 4744
f 4933 4932 4747
f 4932 4745 4747
f 4932 4931 4745
f 4933 4748 4932
f 4748 4749 4932
f 4935 4934 4932
f 4935 4932 4749
f 4750 4935 4749
f 4937 4936 4752
f 4752 4936 4751
f 4938 4752 4753
f 4938 4937 4752
f 4939 4753 4754
f 4939 4938 4753
f 4940 4754 4755
f 4940 4939 4754
f 4941 4755 4756
f 4941 4940 4755
f 4942 4756 4757
f 4942 4941 4756
f 4757 4729 4910
f 4757 4910 4942
f 4759 4943 4758
f 4758 4943 4944
f 4945 4758 4944
f 4760 4758 4945
f 4760 4946 4762
f 4945 4946 4760
f 4762 4947 4764
f 4946 4947 4762
f 4765 4764 4948
f 4764 4949 4948
f 4764 4947 4949
f 4948 4949 4950
f 4950 4949 4951
f 4950 4951 4952
f 4952 4951 4953
f 4952 4953 4768
f 4953 4767 4768
f 4953 4954 4767
f 4767 4955 4769
f 4954 4955 4767
f 4769 4956 4770
f 4955 4956 4769
f 4770 4957 4771
f 4956 4957 4770
f 4771 4958 4772
f 4957 4958 4771
f 4772 4959 4773
f 4958 4959 4772
f 4773 4960 4774
f 4959 4960 4773
f 4774 4961 4775
f 4960 4961 4774
f 4775 4962 4776
f 4961 4962 4775
f 4776 4963 4777
f 4962 4963 4776
f 4777 4964 4778
f 4963 4964 4777
f 4964 4966 4965
f 4779 4964 4965
f 4778 4964 4779
f 4779 4965 4967
f 4968 4779 4967
f 4780 4779 4968
f 4780 4969 4781
f 4968 4969 4780
f 4781 4970 4782
f 4969 4970 4781
f 4782 4971 4783
f 4970 4971 4782
f 4783 4972 4784
f 4971 4972 4783
f 4972 4974 4973
f 4785 4972 4973
f 4784 4972 4785
f 4975 4786 4785
f 4975 4785 4973
f 4976 4787 4786
f 4976 4786 4975
f 4976 4789 4787
f 4978 4977 4943
f 4759 4978 4943
f 4790 4978 4759
f 4943 4977 4944
f 4966 4979 4965
f 4965 4979 4967
f 4974 4980 4973
f 4973 4980 4975
f 4975 4980 4981
f 4975 4981 4976
f 4976 4981 4982
f 4982 4984 4983
f 4982 4983 4791
f 4976 4982 4791
f 4789 4976 4791
f 4983 4792 4791
f 4986 4985 4793
f 4986 4793 4794
f 4790 4793 4978
f 4978 4793 4985
f 4984 4987 4983
f 4792 4983 4987
f 4988 4792 4987
f 4795 4792 4988
f 4796 4986 4794
f 4796 4989 4986
f 4992 4991 4990
f 4988 4992 4990
f 4797 4988 4990
f 4795 4988 4797
f 4798 4989 4796
f 4798 4993 4989
f 4991 4994 4990
f 4797 4990 4994
f 4995 4797 4994
f 4799 4797 4995
f 4800 4993 4798
f 4800 4996 4993
f 4995 4801 4799
f 4997 4801 4995
f 4802 4996 4800
f 4802 4998 4996
f 4997 4803 4801
f 4999 4803 4997
f 4804 4998 4802
f 4804 5000 4998
f 5003 5002 5001
f 4999 5003 5001
f 4805 4999 5001
f 4803 4999 4805
f 4806 5000 4804
f 4806 5004 5000
f 5001 5002 5005
f 5005 5002 5006
f 5005 4807 4805
f 5005 4805 5001
f 4808 5004 4806
f 4808 5007 5004
f 5005 5006 4811
f 5006 4810 4811
f 5006 5008 4810
f 5005 4811 4807
f 4812 5007 4808
f 4812 5009 5007
f 5008 4813 4810
f 5010 4813 5008
f 4814 5009 4812
f 4814 5011 5009
f 5010 4815 4813
f 5012 4815 5010
f 4817 5013 4816
f 5013 5014 4816
f 5014 4814 4816
f 5014 5011 4814
f 5012 4818 4815
f 5015 4818 5012
f 5017 5016 5013
f 4817 5017 5013
f 4819 5017 4817
f 5013 5016 5014
f 5015 4820 4818
f 5018 4820 5015
f 5020 5019 4821
f 5020 4821 4822
f 4819 4821 5017
f 5017 4821 5019
f 5018 4823 4820
f 5021 4823 5018
f 4825 5020 4822
f 4825 5022 5020
f 5025 5024 5023
f 5021 5025 5023
f 4826 5021 5023
f 4823 5021 4826
f 4827 5022 4825
f 4827 5026 5022
f 5023 5024 5027
f 5027 5024 5028
f 5027 4828 4826
f 5027 4826 5023
f 4829 5026 4827
f 4829 5029 5026
f 5028 5030 5027
f 4828 5027 5030
f 5031 4828 5030
f 4830 4828 5031
f 5032 5029 4829
f 5032 4829 4831
f 4831 4832 5032
f 5032 4832 5033
f 5031 4833 4830
f 5034 4833 5031
f 5036 5035 4834
f 5036 4834 4835
f 4832 4834 5033
f 5033 4834 5035
f 5034 4837 4833
f 5037 4837 5034
f 4839 5036 4835
f 4839 5038 5036
f 4840 4837 5039
f 4837 5040 5039
f 4837 5037 5040
f 5039 4841 4840
f 4842 5038 4839
f 4842 5041 5038
f 5039 5040 5042
f 5042 5040 5043
f 5042 4843 4841
f 5042 4841 5039
f 4844 5041 4842
f 4844 5044 5041
f 5043 5045 5042
f 4843 5042 5045
f 5046 4843 5045
f 4845 4843 5046
f 4844 4846 5047
f 5048 4844 5047
f 5044 4844 5048
f 4848 5047 4846
f 5046 4849 4845
f 5049 4849 5046
f 5048 5047 4852
f 4850 5048 4852
f 5050 5048 4850
f 4852 5047 4848
f 5049 4853 4849
f 5051 4853 5049
f 4854 5053 5052
f 5050 4854 5052
f 4850 4854 5050
f 5053 5054 5052
f 5057 5056 5055
f 5051 5057 5055
f 4855 5051 5055
f 4853 5051 4855
f 4856 5058 5053
f 4856 5053 4854
f 5054 5053 5059
f 5059 5053 5058
f 5056 5060 5055
f 4855 5055 5060
f 5061 4855 5060
f 4857 4855 5061
f 4858 5062 5058
f 4858 5058 4856
f 5059 5058 5063
f 5063 5058 5062
f 5066 5065 5064
f 5061 5066 5064
f 4859 5061 5064
f 4857 5061 4859
f 4860 5067 5062
f 4860 5062 4858
f 5063 5062 5068
f 5068 5062 5067
f 5064 5065 5069
f 5069 5065 5070
f 5069 4861 4859
f 5069 4859 5064
f 4862 5067 4860
f 4862 4863 5067
f 4863 5068 5067
f 4863 5071 5068
f 5069 5070 5072
f 5072 5070 5073
f 5072 4864 4861
f 5072 4861 5069
f 4865 5071 4863
f 4865 5074 5071
f 5073 5075 5072
f 4864 5072 5075
f 5076 4864 5075
f 4866 4864 5076
f 4867 5074 4865
f 4867 5077 5074
f 5076 4868 4866
f 5078 4868 5076
f 4869 5077 4867
f 4869 5079 5077
f 5078 4871 4868
f 5080 4871 5078
f 4872 5079 4869
f 4872 5081 5079
f 5080 4874 4871
f 5082 4874 5080
f 4875 5081 4872
f 4875 5083 5081
f 5082 4876 4874
f 5084 4876 5082
f 4877 5083 4875
f 4877 5085 5083
f 5084 4878 4876
f 5086 4878 5084
f 4879 5085 4877
f 4879 5087 5085
f 5086 4880 4878
f 5088 4880 5086
f 4881 5087 4879
f 4881 5089 5087
f 5088 4883 4880
f 5090 4883 5088
f 4884 5089 4881
f 4884 5091 5089
f 5090 5092 4883
f 4883 5092 4885
f 4886 4885 5092
f 4886 5092 5093
f 4888 5091 4884
f 4888 5094 5091
f 5093 4889 4886
f 5095 4889 5093
f 4891 5094 4888
f 4891 5096 5094
f 5095 4892 4889
f 5097 4892 5095
f 4894 5096 4891
f 4894 5098 5096
f 5097 4895 4892
f 5099 4895 5097
f 4897 5098 4894
f 4897 5100 5098
f 5099 4899 4895
f 5101 4899 5099
f 4901 5103 5102
f 5100 4901 5102
f 4897 4901 5100
f 5103 5104 5102
f 5101 4903 4899
f 5105 4903 5101
f 4904 5103 4901
f 4904 4905 5103
f 4905 5104 5103
f 4905 5106 5104
f 5105 4907 4903
f 5107 4907 5105
f 4909 5109 5108
f 5106 4909 5108
f 4905 4909 5106
f 5111 5110 5109
f 5109 5110 5108
f 5111 5112 5110
f 5115 5114 5113
f 5117 5116 5113
f 5113 5116 5115
f 5119 5118 5117
f 5117 5118 5116
f 5107 5118 5119
f 4910 5107 5119
f 4907 5107 4910
f 4911 5109 4909
f 5109 4911 4912
f 5109 4912 5111
f 5120 5112 5111
f 4912 5120 5111
f 4913 5120 4912
f 5121 4913 4914
f 5121 5120 4913
f 5122 4914 4915
f 5122 5121 4914
f 5123 4915 4917
f 5123 5122 4915
f 5124 4917 4919
f 5124 5123 4917
f 5125 4919 4920
f 5125 5124 4919
f 5126 4920 4921
f 5126 5125 4920
f 5127 4921 4922
f 5127 5126 4921
f 5128 4922 4923
f 5128 5127 4922
f 5129 4923 4925
f 5129 5128 4923
f 4925 4927 5129
f 5129 4927 5130
f 5133 5132 5131
f 4928 4929 5131
f 4929 5133 5131
f 4929 5134 5133
f 5135 4929 4930
f 5135 5134 4929
f 5136 4930 4931
f 5136 5135 4930
f 5137 4931 4932
f 5137 5136 4931
f 5139 5138 4934
f 5138 4932 4934
f 5138 5137 4932
f 5141 5140 5139
f 5139 5140 5138
f 5143 5142 5141
f 5141 5142 5140
f 4936 4937 5143
f 4937 5142 5143
f 4937 5144 5142
f 5145 4937 4938
f 5145 5144 4937
f 5146 4938 4939
f 5146 5145 4938
f 4940 5113 5114
f 5146 4940 5114
f 4939 4940 5146
f 5113 4940 4941
f 5113 4941 5117
f 5117 4941 4942
f 5117 4942 5119
f 5119 4942 4910
f 5148 5147 4945
f 5148 4945 4944
f 4945 5149 4946
f 5147 5149 4945
f 4946 5150 4947
f 5149 5150 4946
f 4947 5151 4949
f 5150 5151 4947
f 4949 5152 4951
f 5151 5152 4949
f 4951 5153 4953
f 5152 5153 4951
f 4953 5154 4954
f 5153 5154 4953
f 4954 5155 4955
f 5154 5155 4954
f 4955 5156 4956
f 5155 5156 4955
f 5156 5158 5157
f 4957 5156 5157
f 4956 5156 4957
f 5159 4958 4957
f 5159 4957 5157
f 5160 4959 4958
f 5160 4958 5159
f 4959 5160 5161
f 5162 4959 5161
f 4960 4959 5162
f 4960 5163 4961
f 5162 5163 4960
f 4961 5164 4962
f 5163 5164 4961
f 4962 5165 4963
f 5164 5165 4962
f 4963 5166 4964
f 5165 5166 4963
f 4966 4964 5166
f 4966 5166 5167
f 5169 5168 4968
f 5169 4968 4967
f 5168 5171 5170
f 4969 5168 5170
f 4968 5168 4969
f 4969 5170 5172
f 5173 4969 5172
f 4970 4969 5173
f 4970 5174 4971
f 5173 5174 4970
f 5174 5176 5175
f 4972 5174 5175
f 4971 5174 4972
f 5175 4974 4972
f 5178 5177 4977
f 5178 4977 4978
f 4944 4977 5148
f 5148 4977 5177
f 5158 5179 5157
f 5157 5179 5159
f 5159 5179 5180
f 5159 5180 5160
f 5160 5180 5181
f 5160 5181 5161
f 5167 5182 4966
f 4966 5182 4979
f 4967 4979 5169
f 5169 4979 5182
f 5171 5183 5170
f 5170 5183 5172
f 5176 5184 5175
f 5175 5184 4974
f 5184 4980 4974
f 5184 5185 4980
f 4980 5186 4981
f 5185 5186 4980
f 5186 5188 5187
f 4982 5186 5187
f 4981 5186 4982
f 5187 4984 4982
f 5190 5189 4985
f 5190 4985 4986
f 4978 4985 5178
f 5178 4985 5189
f 5187 5188 5191
f 5191 5188 5192
f 5193 4987 4984
f 5187 5193 4984
f 5191 5193 5187
f 5193 4988 4987
f 4989 5190 4986
f 4989 5194 5190
f 5191 5192 5195
f 5195 5192 5196
f 5195 4991 4992
f 5193 5195 4992
f 5191 5195 5193
f 5193 4992 4988
f 4993 5194 4989
f 4993 5197 5194
f 5196 5198 5195
f 5198 5200 5199
f 5198 5199 4994
f 5195 5198 4994
f 4991 5195 4994
f 5199 4995 4994
f 4996 5197 4993
f 4996 5201 5197
f 5199 5200 5202
f 5202 5200 5203
f 5202 4997 4995
f 5202 4995 5199
f 4998 5201 4996
f 4998 5204 5201
f 5207 5206 5205
f 5207 5205 5203
f 5205 5202 5203
f 5205 5208 5202
f 5208 4999 4997
f 5208 4997 5202
f 5000 5204 4998
f 5000 5209 5204
f 5205 5206 5210
f 5210 5206 5211
f 5210 5002 5003
f 5208 5210 5003
f 5205 5210 5208
f 5208 5003 4999
f 5004 5209 5000
f 5004 5212 5209
f 5210 5211 5213
f 5213 5211 5214
f 5213 5006 5002
f 5213 5002 5210
f 5007 5212 5004
f 5007 5215 5212
f 5213 5214 5216
f 5216 5214 5217
f 5216 5008 5006
f 5216 5006 5213
f 5009 5215 5007
f 5009 5218 5215
f 5216 5217 5219
f 5219 5217 5220
f 5219 5010 5008
f 5219 5008 5216
f 5011 5218 5009
f 5011 5221 5218
f 5220 5222 5219
f 5010 5219 5222
f 5223 5010 5222
f 5012 5010 5223
f 5014 5221 5011
f 5014 5224 5221
f 5223 5015 5012
f 5225 5015 5223
f 5227 5226 5016
f 5227 5016 5017
f 5014 5016 5224
f 5224 5016 5226
f 5230 5229 5228
f 5225 5230 5228
f 5018 5225 5228
f 5015 5225 5018
f 5020 5231 5019
f 5231 5232 5019
f 5232 5017 5019
f 5232 5227 5017
f 5228 5229 5233
f 5233 5229 5234
f 5233 5021 5018
f 5233 5018 5228
f 5022 5235 5231
f 5022 5231 5020
f 5232 5231 5236
f 5236 5231 5235
f 5233 5234 5025
f 5234 5024 5025
f 5234 5237 5024
f 5233 5025 5021
f 5026 5238 5235
f 5026 5235 5022
f 5236 5235 5239
f 5239 5235 5238
f 5237 5028 5024
f 5240 5028 5237
f 5242 5241 5238
f 5026 5242 5238
f 5029 5242 5026
f 5238 5241 5239
f 5240 5243 5028
f 5028 5243 5030
f 5031 5030 5243
f 5031 5243 5244
f 5245 5242 5029
f 5245 5029 5032
f 5032 5033 5245
f 5245 5033 5246
f 5244 5034 5031
f 5247 5034 5244
f 5036 5248 5035
f 5248 5249 5035
f 5249 5033 5035
f 5249 5246 5033
f 5251 5037 5250
f 5037 5247 5250
f 5037 5034 5247
f 5252 5251 5250
f 5038 5253 5248
f 5038 5248 5036
f 5249 5248 5254
f 5254 5248 5253
f 5255 5040 5251
f 5251 5040 5037
f 5251 5252 5256
f 5251 5256 5255
f 5041 5257 5253
f 5041 5253 5038
f 5254 5253 5258
f 5258 5253 5257
f 5259 5043 5255
f 5255 5043 5040
f 5255 5256 5260
f 5255 5260 5259
f 5262 5261 5257
f 5041 5262 5257
f 5044 5262 5041
f 5257 5261 5258
f 5259 5045 5043
f 5046 5045 5259
f 5260 5046 5259
f 5263 5046 5260
f 5048 5265 5264
f 5262 5048 5264
f 5044 5048 5262
f 5265 5266 5264
f 5269 5268 5267
f 5263 5269 5267
f 5049 5263 5267
f 5046 5263 5049
f 5050 5270 5265
f 5050 5265 5048
f 5266 5265 5271
f 5271 5265 5270
f 5267 5268 5272
f 5272 5268 5273
f 5272 5051 5049
f 5272 5049 5267
f 5052 5270 5050
f 5052 5054 5270
f 5054 5271 5270
f 5054 5274 5271
f 5272 5273 5057
f 5273 5056 5057
f 5273 5275 5056
f 5272 5057 5051
f 5059 5274 5054
f 5059 5276 5274
f 5060 5056 5277
f 5056 5278 5277
f 5056 5275 5278
f 5277 5061 5060
f 5063 5276 5059
f 5063 5279 5276
f 5282 5281 5280
f 5282 5280 5278
f 5278 5280 5277
f 5280 5065 5277
f 5065 5066 5277
f 5277 5066 5061
f 5068 5279 5063
f 5068 5283 5279
f 5280 5281 5284
f 5284 5281 5285
f 5284 5070 5065
f 5284 5065 5280
f 5071 5283 5068
f 5071 5286 5283
f 5284 5285 5287
f 5287 5285 5288
f 5287 5073 5070
f 5287 5070 5284
f 5074 5286 5071
f 5074 5289 5286
f 5288 5290 5287
f 5290 5292 5291
f 5290 5291 5075
f 5287 5290 5075
f 5073 5287 5075
f 5291 5076 5075
f 5077 5289 5074
f 5077 5293 5289
f 5291 5292 5294
f 5294 5292 5295
f 5294 5078 5076
f 5294 5076 5291
f 5079 5293 5077
f 5079 5296 5293
f 5294 5295 5297
f 5297 5295 5298
f 5297 5080 5078
f 5297 5078 5294
f 5081 5296 5079
f 5081 5299 5296
f 5298 5300 5297
f 5080 5297 5300
f 5301 5080 5300
f 5082 5080 5301
f 5083 5299 5081
f 5083 5302 5299
f 5305 5304 5303
f 5301 5305 5303
f 5084 5301 5303
f 5082 5301 5084
f 5085 5302 5083
f 5085 5306 5302
f 5304 5307 5303
f 5084 5303 5307
f 5308 5084 5307
f 5086 5084 5308
f 5087 5306 5085
f 5087 5309 5306
f 5308 5088 5086
f 5310 5088 5308
f 5089 5309 5087
f 5089 5311 5309
f 5310 5090 5088
f 5312 5090 5310
f 5091 5311 5089
f 5091 5313 5311
f 5312 5314 5090
f 5090 5314 5092
f 5093 5092 5314
f 5093 5314 5315
f 5094 5313 5091
f 5094 5316 5313
f 5315 5095 5093
f 5317 5095 5315
f 5096 5316 5094
f 5096 5318 5316
f 5317 5097 5095
f 5319 5097 5317
f 5098 5318 5096
f 5098 5320 5318
f 5319 5099 5097
f 5321 5099 5319
f 5100 5320 5098
f 5100 5322 5320
f 5321 5101 5099
f 5323 5101 5321
f 5324 5322 5100
f 5324 5100 5102
f 5102 5104 5324
f 5324 5104 5325
f 5323 5105 5101
f 5326 5105 5323
f 5106 5325 5104
f 5106 5327 5325
f 5330 5329 5328
f 5332 5331 5328
f 5328 5331 5330
f 5326 5331 5332
f 5107 5326 5332
f 5105 5326 5107
f 5333 5327 5106
f 5333 5106 5108
f 5334 5108 5110
f 5334 5333 5108
f 5336 5335 5112
f 5335 5110 5112
f 5335 5334 5110
f 5336 5337 5335
f 5340 5339 5338
f 5342 5341 5338
f 5338 5341 5340
f 5344 5343 5342
f 5342 5343 5341
f 5346 5345 5344
f 5344 5345 5343
f 5346 5347 5345
f 5350 5349 5348
f 5352 5351 5348
f 5348 5351 5350
f 5354 5353 5352
f 5352 5353 5351
f 5356 5355 5354
f 5354 5355 5353
f 5358 5357 5356
f 5356 5357 5355
f 5358 5359 5357
f 5362 5361 5360
f 5364 5363 5360
f 5360 5363 5362
f 5366 5365 5364
f 5364 5365 5363
f 5114 5115 5366
f 5115 5365 5366
f 5115 5367 5365
f 5116 5328 5329
f 5367 5116 5329
f 5115 5116 5367
f 5328 5116 5118
f 5328 5118 5332
f 5332 5118 5107
f 5120 5336 5112
f 5368 5337 5336
f 5120 5368 5336
f 5121 5368 5120
f 5369 5121 5122
f 5369 5368 5121
f 5123 5338 5339
f 5369 5123 5339
f 5122 5123 5369
f 5338 5123 5124
f 5338 5124 5342
f 5342 5124 5125
f 5342 5125 5344
f 5344 5125 5126
f 5344 5126 5346
f 5370 5347 5346
f 5126 5370 5346
f 5127 5370 5126
f 5371 5127 5128
f 5371 5370 5127
f 5372 5128 5129
f 5372 5371 5128
f 5374 5373 5130
f 5373 5129 5130
f 5373 5372 5129
f 5376 5375 5374
f 5374 5375 5373
f 5378 5377 5376
f 5376 5377 5375
f 5380 5379 5378
f 5378 5379 5377
f 5132 5133 5380
f 5133 5379 5380
f 5133 5381 5379
f 5134 5348 5349
f 5381 5134 5349
f 5133 5134 5381
f 5348 5134 5135
f 5348 5135 5352
f 5352 5135 5136
f 5352 5136 5354
f 5354 5136 5137
f 5354 5137 5356
f 5356 5137 5138
f 5356 5138 5358
f 5382 5359 5358
f 5138 5382 5358
f 5140 5382 5138
f 5383 5140 5142
f 5383 5382 5140
f 5144 5360 5361
f 5383 5144 5361
f 5142 5144 5383
f 5360 5144 5145
f 5360 5145 5364
f 5364 5145 5146
f 5364 5146 5366
f 5366 5146 5114
f 5385 5384 5147
f 5385 5147 5148
f 5147 5386 5149
f 5384 5386 5147
f 5149 5387 5150
f 5386 5387 5149
f 5150 5388 5151
f 5387 5388 5150
f 5151 5389 5152
f 5388 5389 5151
f 5152 5390 5153
f 5389 5390 5152
f 5153 5391 5154
f 5390 5391 5153
f 5391 5393 5392
f 5155 5391 5392
f 5154 5391 5155
f 5155 5392 5394
f 5395 5155 5394
f 5156 5155 5395
f 5158 5156 5395
f 5158 5395 5396
f 5398 5397 5162
f 5398 5162 5161
f 5162 5399 5163
f 5397 5399 5162
f 5163 5400 5164
f 5399 5400 5163
f 5164 5401 5165
f 5400 5401 5164
f 5165 5402 5166
f 5401 5402 5165
f 5404 5403 5167
f 5166 5404 5167
f 5402 5404 5166
f 5168 5169 5403
f 5404 5168 5403
f 5405 5168 5404
f 5407 5406 5171
f 5168 5407 5171
f 5405 5407 5168
f 5173 5172 5406
f 5407 5173 5406
f 5408 5173 5407
f 5173 5409 5174
f 5408 5409 5173
f 5176 5174 5409
f 5176 5409 5410
f 5412 5411 5177
f 5412 5177 5178
f 5148 5177 5385
f 5385 5177 5411
f 5393 5413 5392
f 5392 5413 5394
f 5396 5414 5158
f 5158 5414 5179
f 5179 5415 5180
f 5414 5415 5179
f 5180 5416 5181
f 5415 5416 5180
f 5161 5181 5398
f 5398 5181 5416
f 5403 5182 5167
f 5182 5403 5169
f 5406 5183 5171
f 5183 5406 5172
f 5410 5417 5176
f 5176 5417 5184
f 5184 5418 5185
f 5417 5418 5184
f 5185 5419 5186
f 5418 5419 5185
f 5421 5420 5188
f 5186 5421 5188
f 5419 5421 5186
f 5422 5420 5421
f 5424 5423 5189
f 5424 5189 5190
f 5178 5189 5412
f 5412 5189 5423
f 5426 5425 5420
f 5425 5188 5420
f 5425 5192 5188
f 5426 5420 5422
f 5194 5424 5190
f 5194 5427 5424
f 5429 5196 5428
f 5196 5425 5428
f 5196 5192 5425
f 5430 5429 5428
f 5197 5427 5194
f 5197 5431 5427
f 5429 5198 5196
f 5200 5198 5429
f 5430 5200 5429
f 5432 5200 5430
f 5201 5431 5197
f 5201 5433 5431
f 5436 5435 5434
f 5432 5436 5434
f 5203 5432 5434
f 5200 5432 5203
f 5204 5433 5201
f 5204 5437 5433
f 5434 5435 5207
f 5435 5206 5207
f 5435 5438 5206
f 5434 5207 5203
f 5209 5437 5204
f 5209 5439 5437
f 5442 5441 5440
f 5438 5442 5440
f 5211 5438 5440
f 5206 5438 5211
f 5212 5439 5209
f 5212 5443 5439
f 5440 5441 5444
f 5444 5441 5445
f 5444 5214 5211
f 5444 5211 5440
f 5215 5443 5212
f 5215 5446 5443
f 5444 5445 5447
f 5447 5445 5448
f 5447 5217 5214
f 5447 5214 5444
f 5218 5446 5215
f 5218 5449 5446
f 5448 5450 5447
f 5217 5447 5450
f 5451 5217 5450
f 5220 5217 5451
f 5221 5449 5218
f 5221 5452 5449
f 5222 5220 5453
f 5220 5454 5453
f 5220 5451 5454
f 5453 5223 5222
f 5457 5456 5455
f 5456 5452 5455
f 5452 5224 5455
f 5452 5221 5224
f 5453 5454 5458
f 5458 5454 5459
f 5458 5225 5223
f 5458 5223 5453
f 5457 5455 5226
f 5227 5457 5226
f 5460 5457 5227
f 5226 5455 5224
f 5458 5459 5230
f 5459 5229 5230
f 5459 5461 5229
f 5458 5230 5225
f 5232 5460 5227
f 5232 5462 5460
f 5461 5234 5229
f 5463 5234 5461
f 5236 5462 5232
f 5236 5464 5462
f 5467 5466 5465
f 5463 5467 5465
f 5237 5463 5465
f 5234 5463 5237
f 5239 5464 5236
f 5239 5468 5464
f 5465 5466 5469
f 5469 5466 5470
f 5469 5240 5237
f 5469 5237 5465
f 5242 5471 5241
f 5471 5472 5241
f 5472 5239 5241
f 5472 5468 5239
f 5470 5473 5469
f 5473 5475 5474
f 5473 5474 5243
f 5469 5473 5243
f 5240 5469 5243
f 5474 5244 5243
f 5245 5471 5242
f 5245 5246 5471
f 5246 5472 5471
f 5246 5476 5472
f 5474 5475 5477
f 5477 5475 5478
f 5477 5247 5244
f 5477 5244 5474
f 5249 5476 5246
f 5249 5479 5476
f 5478 5480 5477
f 5480 5482 5481
f 5480 5481 5250
f 5477 5480 5250
f 5247 5477 5250
f 5481 5252 5250
f 5254 5479 5249
f 5254 5483 5479
f 5481 5482 5484
f 5484 5482 5485
f 5484 5256 5252
f 5484 5252 5481
f 5258 5483 5254
f 5258 5486 5483
f 5484 5485 5487
f 5487 5485 5488
f 5487 5260 5256
f 5487 5256 5484
f 5490 5489 5261
f 5490 5261 5262
f 5258 5261 5486
f 5486 5261 5489
f 5493 5492 5491
f 5493 5491 5488
f 5491 5487 5488
f 5491 5494 5487
f 5494 5263 5260
f 5494 5260 5487
f 5495 5490 5262
f 5495 5262 5264
f 5264 5266 5495
f 5495 5266 5496
f 5491 5492 5497
f 5497 5492 5498
f 5497 5268 5269
f 5494 5497 5269
f 5491 5497 5494
f 5494 5269 5263
f 5271 5496 5266
f 5271 5499 5496
f 5497 5498 5500
f 5500 5498 5501
f 5500 5273 5268
f 5500 5268 5497
f 5274 5499 5271
f 5274 5502 5499
f 5500 5501 5503
f 5503 5501 5504
f 5503 5275 5273
f 5503 5273 5500
f 5276 5502 5274
f 5276 5505 5502
f 5503 5504 5506
f 5506 5504 5507
f 5506 5278 5275
f 5506 5275 5503
f 5279 5505 5276
f 5279 5508 5505
f 5506 5507 5282
f 5507 5281 5282
f 5507 5509 5281
f 5506 5282 5278
f 5283 5508 5279
f 5283 5510 5508
f 5509 5285 5281
f 5511 5285 5509
f 5286 5513 5512
f 5510 5286 5512
f 5283 5286 5510
f 5513 5514 5512
f 5511 5288 5285
f 5515 5288 5511
f 5289 5516 5513
f 5289 5513 5286
f 5514 5513 5517
f 5517 5513 5516
f 5290 5288 5518
f 5288 5519 5518
f 5288 5515 5519
f 5518 5292 5290
f 5293 5520 5516
f 5293 5516 5289
f 5517 5516 5521
f 5521 5516 5520
f 5518 5519 5522
f 5522 5519 5523
f 5522 5295 5292
f 5522 5292 5518
f 5525 5524 5520
f 5293 5525 5520
f 5296 5525 5293
f 5520 5524 5521
f 5522 5523 5526
f 5526 5523 5527
f 5526 5298 5295
f 5526 5295 5522
f 5299 5525 5296
f 5299 5528 5525
f 5526 5527 5529
f 5529 5527 5530
f 5531 5300 5298
f 5526 5531 5298
f 5529 5531 5526
f 5531 5301 5300
f 5302 5528 5299
f 5302 5532 5528
f 5529 5530 5533
f 5533 5530 5534
f 5533 5304 5305
f 5531 5533 5305
f 5529 5533 5531
f 5531 5305 5301
f 5306 5532 5302
f 5306 5535 5532
f 5534 5536 5533
f 5536 5538 5537
f 5536 5537 5307
f 5533 5536 5307
f 5304 5533 5307
f 5537 5308 5307
f 5309 5535 5306
f 5309 5539 5535
f 5537 5538 5540
f 5540 5538 5541
f 5540 5310 5308
f 5540 5308 5537
f 5311 5539 5309
f 5311 5542 5539
f 5540 5541 5543
f 5543 5541 5544
f 5543 5312 5310
f 5543 5310 5540
f 5313 5542 5311
f 5313 5545 5542
f 5543 5544 5546
f 5546 5544 5547
f 5548 5314 5312
f 5543 5548 5312
f 5546 5548 5543
f 5548 5315 5314
f 5316 5545 5313
f 5316 5549 5545
f 5547 5550 5546
f 5552 5551 5550
f 5551 5546 5550
f 5551 5548 5546
f 5551 5317 5315
f 5551 5315 5548
f 5318 5549 5316
f 5318 5553 5549
f 5551 5552 5554
f 5554 5552 5555
f 5554 5319 5317
f 5554 5317 5551
f 5320 5553 5318
f 5320 5556 5553
f 5554 5555 5557
f 5557 5555 5558
f 5557 5321 5319
f 5557 5319 5554
f 5322 5556 5320
f 5322 5559 5556
f 5557 5558 5560
f 5560 5558 5561
f 5560 5323 5321
f 5560 5321 5557
f 5322 5324 5562
f 5563 5322 5562
f 5559 5322 5563
f 5325 5562 5324
f 5566 5565 5564
f 5566 5564 5561
f 5564 5560 5561
f 5564 5567 5560
f 5567 5326 5323
f 5567 5323 5560
f 5568 5563 5562
f 5562 5325 5568
f 5325 5569 5568
f 5325 5327 5569
f 5572 5571 5570
f 5574 5573 5570
f 5570 5573 5572
f 5576 5575 5574
f 5574 5575 5573
f 5575 5576 5565
f 5565 5576 5564
f 5576 5329 5564
f 5329 5330 5564
f 5564 5330 5331
f 5564 5331 5567
f 5567 5331 5326
f 5327 5333 5577
f 5578 5327 5577
f 5569 5327 5578
f 5334 5579 5333
f 5333 5579 5577
f 5579 5334 5580
f 5334 5581 5580
f 5334 5335 5581
f 5583 5582 5337
f 5582 5335 5337
f 5582 5581 5335
f 5585 5584 5583
f 5583 5584 5582
f 5339 5340 5585
f 5340 5584 5585
f 5340 5586 5584
f 5587 5340 5341
f 5587 5586 5340
f 5588 5341 5343
f 5588 5587 5341
f 5589 5343 5345
f 5589 5588 5343
f 5591 5590 5347
f 5590 5345 5347
f 5590 5589 5345
f 5591 5592 5590
f 5595 5594 5593
f 5593 5596 5595
f 5599 5598 5597
f 5597 5600 5599
f 5603 5602 5601
f 5349 5350 5601
f 5350 5603 5601
f 5350 5604 5603
f 5605 5350 5351
f 5605 5604 5350
f 5606 5351 5353
f 5606 5605 5351
f 5607 5353 5355
f 5607 5606 5353
f 5608 5355 5357
f 5608 5607 5355
f 5610 5609 5359
f 5609 5357 5359
f 5609 5608 5357
f 5612 5611 5610
f 5610 5611 5609
f 5361 5362 5612
f 5362 5611 5612
f 5362 5613 5611
f 5363 5570 5571
f 5613 5363 5571
f 5362 5363 5613
f 5570 5363 5365
f 5570 5365 5574
f 5574 5365 5367
f 5574 5367 5576
f 5576 5367 5329
f 5614 5578 5577
f 5614 5577 5579
f 5614 5579 5615
f 5615 5579 5580
f 5368 5583 5337
f 5583 5368 5369
f 5583 5369 5585
f 5585 5369 5339
f 5370 5591 5347
f 5616 5592 5591
f 5370 5616 5591
f 5371 5616 5370
f 5617 5371 5372
f 5617 5616 5371
f 5373 5593 5594
f 5617 5373 5594
f 5372 5373 5617
f 5618 5596 5593
f 5373 5618 5593
f 5375 5618 5373
f 5377 5597 5598
f 5618 5377 5598
f 5375 5377 5618
f 5619 5600 5597
f 5377 5619 5597
f 5379 5619 5377
f 5381 5601 5602
f 5619 5381 5602
f 5379 5381 5619
f 5601 5381 5349
f 5382 5610 5359
f 5610 5382 5383
f 5610 5383 5612
f 5612 5383 5361
f 5622 5621 5620
f 5384 5385 5620
f 5621 5384 5620
f 5623 5384 5621
f 5384 5624 5386
f 5623 5624 5384
f 5386 5625 5387
f 5624 5625 5386
f 5387 5626 5388
f 5625 5626 5387
f 5388 5627 5389
f 5626 5627 5388
f 5389 5628 5390
f 5627 5628 5389
f 5390 5629 5391
f 5628 5629 5390
f 5631 5630 5393
f 5391 5631 5393
f 5629 5631 5391
f 5395 5394 5630
f 5631 5395 5630
f 5632 5395 5631
f 5634 5633 5396
f 5395 5634 5396
f 5632 5634 5395
f 5635 5633 5634
f 5637 5636 5397
f 5637 5397 5398
f 5397 5638 5399
f 5636 5638 5397
f 5399 5639 5400
f 5638 5639 5399
f 5400 5640 5401
f 5639 5640 5400
f 5401 5641 5402
f 5640 5641 5401
f 5402 5642 5404
f 5641 5642 5402
f 5404 5643 5405
f 5642 5643 5404
f 5405 5644 5407
f 5643 5644 5405
f 5407 5645 5408
f 5644 5645 5407
f 5408 5646 5409
f 5645 5646 5408
f 5648 5647 5410
f 5409 5648 5410
f 5646 5648 5409
f 5650 5649 5647
f 5650 5647 5648
f 5652 5651 5649
f 5652 5649 5650
f 5653 5651 5652
f 5622 5620 5411
f 5412 5622 5411
f 5654 5622 5412
f 5411 5620 5385
f 5630 5413 5393
f 5413 5630 5394
f 5633 5414 5396
f 5635 5655 5633
f 5655 5414 5633
f 5655 5415 5414
f 5415 5656 5416
f 5655 5656 5415
f 5398 5416 5637
f 5637 5416 5656
f 5647 5417 5410
f 5417 5647 5418
f 5418 5647 5649
f 5418 5649 5419
f 5419 5649 5651
f 5653 5657 5651
f 5657 5419 5651
f 5657 5421 5419
f 5422 5421 5657
f 5422 5657 5658
f 5660 5659 5423
f 5660 5423 5424
f 5412 5423 5654
f 5654 5423 5659
f 5661 5425 5426
f 5662 5661 5426
f 5422 5662 5426
f 5658 5662 5422
f 5427 5660 5424
f 5427 5663 5660
f 5661 5428 5425
f 5430 5428 5661
f 5662 5430 5661
f 5664 5430 5662
f 5431 5663 5427
f 5431 5665 5663
f 5664 5432 5430
f 5666 5432 5664
f 5433 5665 5431
f 5433 5667 5665
f 5669 5668 5436
f 5436 5668 5435
f 5436 5432 5666
f 5436 5666 5669
f 5437 5667 5433
f 5437 5670 5667
f 5668 5438 5435
f 5671 5438 5668
f 5439 5670 5437
f 5439 5672 5670
f 5674 5673 5442
f 5442 5673 5441
f 5442 5438 5671
f 5442 5671 5674
f 5443 5672 5439
f 5443 5675 5672
f 5673 5445 5441
f 5676 5445 5673
f 5446 5675 5443
f 5446 5677 5675
f 5676 5448 5445
f 5678 5448 5676
f 5449 5677 5446
f 5449 5679 5677
f 5450 5448 5680
f 5448 5681 5680
f 5448 5678 5681
f 5680 5451 5450
f 5452 5679 5449
f 5452 5682 5679
f 5680 5681 5683
f 5683 5681 5684
f 5683 5454 5451
f 5683 5451 5680
f 5457 5685 5456
f 5685 5686 5456
f 5686 5452 5456
f 5686 5682 5452
f 5683 5684 5687
f 5687 5684 5688
f 5687 5459 5454
f 5687 5454 5683
f 5690 5689 5685
f 5457 5690 5685
f 5460 5690 5457
f 5685 5689 5686
f 5687 5688 5691
f 5691 5688 5692
f 5691 5461 5459
f 5691 5459 5687
f 5462 5690 5460
f 5462 5693 5690
f 5691 5692 5694
f 5694 5692 5695
f 5694 5463 5461
f 5694 5461 5691
f 5464 5693 5462
f 5464 5696 5693
f 5699 5698 5697
f 5699 5697 5695
f 5695 5697 5694
f 5697 5466 5694
f 5466 5467 5694
f 5694 5467 5463
f 5468 5696 5464
f 5468 5700 5696
f 5697 5698 5701
f 5701 5698 5702
f 5701 5470 5466
f 5701 5466 5697
f 5472 5700 5468
f 5472 5703 5700
f 5702 5704 5701
f 5704 5706 5705
f 5704 5705 5473
f 5701 5704 5473
f 5470 5701 5473
f 5705 5475 5473
f 5476 5703 5472
f 5476 5707 5703
f 5705 5706 5708
f 5708 5706 5709
f 5708 5478 5475
f 5708 5475 5705
f 5479 5707 5476
f 5479 5710 5707
f 5708 5709 5711
f 5711 5709 5712
f 5713 5480 5478
f 5708 5713 5478
f 5711 5713 5708
f 5713 5482 5480
f 5483 5710 5479
f 5483 5714 5710
f 5711 5712 5715
f 5715 5712 5716
f 5711 5717 5713
f 5711 5715 5717
f 5717 5485 5482
f 5717 5482 5713
f 5486 5714 5483
f 5486 5718 5714
f 5715 5716 5719
f 5719 5716 5720
f 5715 5721 5717
f 5715 5719 5721
f 5721 5488 5485
f 5721 5485 5717
f 5490 5722 5489
f 5722 5723 5489
f 5723 5486 5489
f 5723 5718 5486
f 5719 5720 5724
f 5724 5720 5725
f 5724 5492 5493
f 5721 5724 5493
f 5719 5724 5721
f 5721 5493 5488
f 5495 5722 5490
f 5495 5496 5722
f 5496 5723 5722
f 5496 5726 5723
f 5724 5725 5727
f 5727 5725 5728
f 5727 5498 5492
f 5727 5492 5724
f 5499 5726 5496
f 5499 5729 5726
f 5727 5728 5730
f 5730 5728 5731
f 5730 5501 5498
f 5730 5498 5727
f 5502 5729 5499
f 5502 5732 5729
f 5730 5731 5733
f 5733 5731 5734
f 5733 5504 5501
f 5733 5501 5730
f 5505 5732 5502
f 5505 5735 5732
f 5733 5734 5736
f 5736 5734 5737
f 5736 5507 5504
f 5736 5504 5733
f 5508 5735 5505
f 5508 5738 5735
f 5736 5737 5739
f 5739 5737 5740
f 5739 5509 5507
f 5739 5507 5736
f 5510 5738 5508
f 5510 5741 5738
f 5739 5740 5742
f 5742 5740 5743
f 5742 5511 5509
f 5742 5509 5739
f 5744 5741 5510
f 5744 5510 5512
f 5512 5514 5744
f 5744 5514 5745
f 5742 5743 5746
f 5746 5743 5747
f 5746 5515 5511
f 5746 5511 5742
f 5517 5745 5514
f 5517 5748 5745
f 5746 5747 5749
f 5749 5747 5750
f 5749 5519 5515
f 5749 5515 5746
f 5521 5748 5517
f 5521 5751 5748
f 5749 5750 5752
f 5752 5750 5753
f 5752 5523 5519
f 5752 5519 5749
f 5525 5754 5524
f 5754 5755 5524
f 5755 5521 5524
f 5755 5751 5521
f 5752 5753 5756
f 5756 5753 5757
f 5756 5527 5523
f 5756 5523 5752
f 5528 5758 5754
f 5528 5754 5525
f 5755 5754 5759
f 5759 5754 5758
f 5756 5757 5760
f 5760 5757 5761
f 5760 5530 5527
f 5760 5527 5756
f 5763 5762 5758
f 5528 5763 5758
f 5532 5763 5528
f 5758 5762 5759
f 5760 5761 5764
f 5764 5761 5765
f 5764 5534 5530
f 5764 5530 5760
f 5535 5763 5532
f 5535 5766 5763
f 5764 5765 5767
f 5767 5765 5768
f 5769 5536 5534
f 5764 5769 5534
f 5767 5769 5764
f 5769 5538 5536
f 5539 5766 5535
f 5539 5770 5766
f 5767 5768 5771
f 5771 5768 5772
f 5767 5773 5769
f 5767 5771 5773
f 5773 5541 5538
f 5773 5538 5769
f 5542 5770 5539
f 5542 5774 5770
f 5771 5772 5775
f 5775 5772 5776
f 5771 5777 5773
f 5771 5775 5777
f 5777 5544 5541
f 5777 5541 5773
f 5545 5774 5542
f 5545 5778 5774
f 5775 5776 5779
f 5779 5776 5780
f 5775 5781 5777
f 5775 5779 5781
f 5781 5547 5544
f 5781 5544 5777
f 5549 5778 5545
f 5549 5782 5778
f 5780 5783 5779
f 5785 5784 5783
f 5784 5779 5783
f 5784 5781 5779
f 5786 5550 5547
f 5781 5786 5547
f 5784 5786 5781
f 5786 5552 5550
f 5553 5782 5549
f 5553 5787 5782
f 5784 5785 5788
f 5788 5785 5789
f 5784 5790 5786
f 5784 5788 5790
f 5790 5555 5552
f 5790 5552 5786
f 5556 5787 5553
f 5556 5791 5787
f 5788 5789 5792
f 5792 5789 5793
f 5788 5794 5790
f 5788 5792 5794
f 5794 5558 5555
f 5794 5555 5790
f 5559 5791 5556
f 5559 5795 5791
f 5792 5793 5796
f 5796 5793 5797
f 5792 5798 5794
f 5792 5796 5798
f 5798 5561 5558
f 5798 5558 5794
f 5563 5795 5559
f 5563 5799 5795
f 5802 5801 5800
f 5802 5800 5797
f 5800 5796 5797
f 5800 5803 5796
f 5803 5565 5566
f 5798 5803 5566
f 5796 5803 5798
f 5798 5566 5561
f 5804 5799 5563
f 5804 5563 5568
f 5568 5569 5804
f 5804 5569 5805
f 5808 5807 5806
f 5806 5809 5808
f 5812 5811 5810
f 5571 5572 5810
f 5572 5812 5810
f 5572 5813 5812
f 5573 5800 5801
f 5813 5573 5801
f 5572 5573 5813
f 5800 5573 5575
f 5800 5575 5803
f 5803 5575 5565
f 5578 5805 5569
f 5578 5814 5805
f 5816 5815 5581
f 5581 5815 5580
f 5817 5581 5582
f 5817 5816 5581
f 5818 5582 5584
f 5818 5817 5582
f 5819 5584 5586
f 5819 5818 5584
f 5820 5586 5587
f 5820 5819 5586
f 5588 5806 5807
f 5820 5588 5807
f 5587 5588 5820
f 5821 5809 5806
f 5588 5821 5806
f 5589 5821 5588
f 5822 5589 5590
f 5822 5821 5589
f 5824 5823 5592
f 5823 5590 5592
f 5823 5822 5590
f 5826 5825 5824
f 5824 5825 5823
f 5594 5595 5827
f 5825 5826 5828
f 5596 5827 5595
f 5829 5598 5599
f 5600 5829 5599
f 5830 5602 5603
f 5604 5831 5603
f 5603 5831 5830
f 5831 5604 5832
f 5604 5833 5832
f 5604 5605 5833
f 5834 5605 5606
f 5834 5833 5605
f 5835 5606 5607
f 5835 5834 5606
f 5836 5607 5608
f 5836 5835 5607
f 5837 5608 5609
f 5837 5836 5608
f 5838 5609 5611
f 5838 5837 5609
f 5613 5810 5811
f 5838 5613 5811
f 5611 5613 5838
f 5810 5613 5571
f 5839 5814 5578
f 5839 5578 5614
f 5840 5614 5615
f 5840 5839 5614
f 5615 5580 5815
f 5615 5815 5840
f 5616 5824 5592
f 5824 5616 5617
f 5824 5617 5826
f 5617 5828 5826
f 5617 5841 5828
f 5617 5594 5827
f 5841 5617 5827
f 5841 5827 5596
f 5618 5841 5596
f 5842 5841 5618
f 5618 5598 5829
f 5843 5618 5829
f 5842 5618 5843
f 5843 5829 5600
f 5619 5843 5600
f 5844 5843 5619
f 5619 5602 5830
f 5845 5619 5830
f 5844 5619 5845
f 5845 5830 5831
f 5845 5831 5846
f 5846 5831 5832
f 5848 5847 5621
f 5848 5621 5622
f 5621 5849 5623
f 5847 5849 5621
f 5623 5850 5624
f 5849 5850 5623
f 5624 5851 5625
f 5850 5851 5624
f 5625 5852 5626
f 5851 5852 5625
f 5626 5853 5627
f 5852 5853 5626
f 5627 5854 5628
f 5853 5854 5627
f 5628 5855 5629
f 5854 5855 5628
f 5629 5856 5631
f 5855 5856 5629
f 5631 5857 5632
f 5856 5857 5631
f 5632 5858 5634
f 5857 5858 5632
f 5860 5859 5635
f 5634 5860 5635
f 5858 5860 5634
f 5862 5861 5859
f 5862 5859 5860
f 5636 5637 5861
f 5862 5636 5861
f 5863 5636 5862
f 5636 5864 5638
f 5863 5864 5636
f 5638 5865 5639
f 5864 5865 5638
f 5639 5866 5640
f 5865 5866 5639
f 5640 5867 5641
f 5866 5867 5640
f 5641 5868 5642
f 5867 5868 5641
f 5642 5869 5643
f 5868 5869 5642
f 5643 5870 5644
f 5869 5870 5643
f 5644 5871 5645
f 5870 5871 5644
f 5645 5872 5646
f 5871 5872 5645
f 5872 5874 5873
f 5648 5872 5873
f 5646 5872 5648
f 5875 5650 5648
f 5875 5648 5873
f 5876 5652 5650
f 5876 5650 5875
f 5876 5653 5652
f 5654 5848 5622
f 5654 5877 5848
f 5859 5655 5635
f 5655 5859 5656
f 5656 5859 5861
f 5656 5861 5637
f 5874 5878 5873
f 5873 5878 5875
f 5875 5878 5879
f 5881 5880 5879
f 5880 5875 5879
f 5880 5876 5875
f 5882 5657 5653
f 5876 5882 5653
f 5880 5882 5876
f 5882 5658 5657
f 5884 5883 5659
f 5884 5659 5660
f 5654 5659 5877
f 5877 5659 5883
f 5881 5885 5880
f 5887 5886 5885
f 5886 5880 5885
f 5886 5882 5880
f 5886 5662 5658
f 5886 5658 5882
f 5663 5884 5660
f 5663 5888 5884
f 5886 5887 5889
f 5889 5887 5890
f 5889 5664 5662
f 5889 5662 5886
f 5665 5888 5663
f 5665 5891 5888
f 5889 5890 5892
f 5892 5890 5893
f 5892 5666 5664
f 5892 5664 5889
f 5667 5891 5665
f 5667 5894 5891
f 5892 5893 5669
f 5893 5668 5669
f 5893 5895 5668
f 5892 5669 5666
f 5670 5894 5667
f 5670 5896 5894
f 5899 5898 5897
f 5895 5899 5897
f 5671 5895 5897
f 5668 5895 5671
f 5672 5896 5670
f 5672 5900 5896
f 5897 5898 5674
f 5898 5673 5674
f 5898 5901 5673
f 5897 5674 5671
f 5675 5900 5672
f 5675 5902 5900
f 5901 5676 5673
f 5903 5676 5901
f 5677 5902 5675
f 5677 5904 5902
f 5903 5678 5676
f 5905 5678 5903
f 5679 5907 5906
f 5904 5679 5906
f 5677 5679 5904
f 5907 5908 5906
f 5905 5681 5678
f 5909 5681 5905
f 5911 5910 5907
f 5679 5911 5907
f 5682 5911 5679
f 5907 5910 5908
f 5909 5684 5681
f 5912 5684 5909
f 5686 5911 5682
f 5686 5913 5911
f 5916 5915 5914
f 5912 5916 5914
f 5688 5912 5914
f 5684 5912 5688
f 5690 5917 5689
f 5917 5918 5689
f 5918 5686 5689
f 5918 5913 5686
f 5914 5915 5919
f 5919 5915 5920
f 5919 5692 5688
f 5919 5688 5914
f 5922 5921 5917
f 5690 5922 5917
f 5693 5922 5690
f 5917 5921 5918
f 5919 5920 5923
f 5923 5920 5924
f 5923 5695 5692
f 5923 5692 5919
f 5696 5922 5693
f 5696 5925 5922
f 5923 5924 5699
f 5924 5698 5699
f 5924 5926 5698
f 5923 5699 5695
f 5700 5928 5927
f 5925 5700 5927
f 5696 5700 5925
f 5928 5929 5927
f 5926 5702 5698
f 5930 5702 5926
f 5932 5931 5928
f 5700 5932 5928
f 5703 5932 5700
f 5928 5931 5929
f 5704 5702 5933
f 5702 5934 5933
f 5702 5930 5934
f 5933 5706 5704
f 5707 5932 5703
f 5707 5935 5932
f 5934 5936 5933
f 5706 5933 5936
f 5937 5706 5936
f 5709 5706 5937
f 5710 5935 5707
f 5710 5938 5935
f 5937 5712 5709
f 5939 5712 5937
f 5714 5938 5710
f 5714 5940 5938
f 5939 5716 5712
f 5941 5716 5939
f 5718 5940 5714
f 5718 5942 5940
f 5941 5720 5716
f 5943 5720 5941
f 5723 5942 5718
f 5723 5944 5942
f 5943 5725 5720
f 5945 5725 5943
f 5726 5944 5723
f 5726 5946 5944
f 5945 5728 5725
f 5947 5728 5945
f 5729 5946 5726
f 5729 5948 5946
f 5947 5731 5728
f 5949 5731 5947
f 5732 5948 5729
f 5732 5950 5948
f 5949 5734 5731
f 5951 5734 5949
f 5735 5950 5732
f 5735 5952 5950
f 5951 5737 5734
f 5953 5737 5951
f 5738 5952 5735
f 5738 5954 5952
f 5953 5740 5737
f 5955 5740 5953
f 5741 5954 5738
f 5741 5956 5954
f 5955 5743 5740
f 5957 5743 5955
f 5958 5956 5741
f 5958 5741 5744
f 5744 5745 5958
f 5958 5745 5959
f 5962 5961 5960
f 5957 5962 5960
f 5747 5957 5960
f 5743 5957 5747
f 5748 5959 5745
f 5748 5963 5959
f 5960 5961 5964
f 5964 5961 5965
f 5964 5750 5747
f 5964 5747 5960
f 5751 5963 5748
f 5751 5966 5963
f 5964 5965 5967
f 5967 5965 5968
f 5967 5753 5750
f 5967 5750 5964
f 5755 5966 5751
f 5755 5969 5966
f 5967 5968 5970
f 5970 5968 5971
f 5970 5757 5753
f 5970 5753 5967
f 5759 5969 5755
f 5759 5972 5969
f 5970 5971 5973
f 5973 5971 5974
f 5973 5761 5757
f 5973 5757 5970
f 5763 5975 5762
f 5975 5976 5762
f 5976 5759 5762
f 5976 5972 5759
f 5973 5974 5977
f 5977 5974 5978
f 5977 5765 5761
f 5977 5761 5973
f 5980 5979 5975
f 5763 5980 5975
f 5766 5980 5763
f 5975 5979 5976
f 5978 5981 5977
f 5765 5977 5981
f 5982 5765 5981
f 5768 5765 5982
f 5770 5980 5766
f 5770 5983 5980
f 5982 5772 5768
f 5984 5772 5982
f 5774 5983 5770
f 5774 5985 5983
f 5984 5776 5772
f 5986 5776 5984
f 5778 5985 5774
f 5778 5987 5985
f 5986 5780 5776
f 5988 5780 5986
f 5782 5987 5778
f 5782 5989 5987
f 5783 5780 5990
f 5780 5991 5990
f 5780 5988 5991
f 5990 5785 5783
f 5787 5993 5992
f 5989 5787 5992
f 5782 5787 5989
f 5993 5994 5992
f 5990 5991 5995
f 5995 5991 5996
f 5995 5789 5785
f 5995 5785 5990
f 5998 5997 5993
f 5787 5998 5993
f 5791 5998 5787
f 5993 5997 5994
f 5995 5996 5999
f 5999 5996 6000
f 5999 5793 5789
f 5999 5789 5995
f 5795 5998 5791
f 5795 6001 5998
f 5999 6000 6002
f 6002 6000 6003
f 6002 5797 5793
f 6002 5793 5999
f 5799 6001 5795
f 5799 6004 6001
f 6007 6006 6005
f 6007 6005 6003
f 6003 6005 6002
f 6005 5801 6002
f 5801 5802 6002
f 6002 5802 5797
f 6008 6004 5799
f 6008 5799 5804
f 5804 5805 6008
f 6008 5805 6009
f 6011 6010 5808
f 5808 6010 5807
f 5808 5809 6011
f 6011 5809 6012
f 6014 6013 5812
f 5812 6013 5811
f 5813 6005 6006
f 6014 5813 6006
f 5812 5813 6014
f 6005 5813 5801
f 5814 6016 6015
f 6009 5814 6015
f 5805 5814 6009
f 6018 6017 6016
f 6016 6017 6015
f 5815 5816 6018
f 5816 6017 6018
f 5816 6019 6017
f 6020 5816 5817
f 6020 6019 5816
f 6021 5817 5818
f 6021 6020 5817
f 6022 5818 5819
f 6022 6021 5818
f 6023 5819 5820
f 6023 6022 5819
f 5820 5807 6010
f 5820 6010 6023
f 6024 6012 5809
f 6024 5809 5821
f 6025 5821 5822
f 6025 6024 5821
f 6026 5822 5823
f 6026 6025 5822
f 6027 5823 5825
f 6027 6026 5823
f 6029 6028 5828
f 6028 5825 5828
f 6028 6027 5825
f 6029 6030 6028
f 6032 6031 5833
f 5833 6031 5832
f 6033 5833 5834
f 6033 6032 5833
f 6034 5834 5835
f 6034 6033 5834
f 6036 6034 6035
f 6034 5836 6035
f 6034 5835 5836
f 5837 6037 5836
f 5836 6037 6035
f 6037 5837 6038
f 5837 6039 6038
f 5837 5838 6039
f 5838 5811 6013
f 5838 6013 6039
f 5839 6016 5814
f 6016 5839 5840
f 6016 5840 6018
f 6018 5840 5815
f 5841 6029 5828
f 6040 6030 6029
f 5841 6040 6029
f 5842 6040 5841
f 6041 5842 5843
f 6041 6040 5842
f 6042 5843 5844
f 6042 6041 5843
f 6043 5844 5845
f 6043 6042 5844
f 6044 5845 5846
f 6044 6043 5845
f 5846 5832 6031
f 5846 6031 6044
f 6045 6036 6035
f 6045 6035 6037
f 6045 6037 6046
f 6046 6037 6038
f 6048 6047 5847
f 6048 5847 5848
f 5847 6049 5849
f 6047 6049 5847
f 5849 6050 5850
f 6049 6050 5849
f 5850 6051 5851
f 6050 6051 5850
f 5851 6052 5852
f 6051 6052 5851
f 5852 6053 5853
f 6052 6053 5852
f 5853 6054 5854
f 6053 6054 5853
f 5854 6055 5855
f 6054 6055 5854
f 5855 6056 5856
f 6055 6056 5855
f 5856 6057 5857
f 6056 6057 5856
f 5857 6058 5858
f 6057 6058 5857
f 5858 6059 5860
f 6058 6059 5858
f 5860 6060 5862
f 6059 6060 5860
f 5862 6061 5863
f 6060 6061 5862
f 5863 6062 5864
f 6061 6062 5863
f 5864 6063 5865
f 6062 6063 5864
f 5865 6064 5866
f 6063 6064 5865
f 5866 6065 5867
f 6064 6065 5866
f 5867 6066 5868
f 6065 6066 5867
f 5868 6067 5869
f 6066 6067 5868
f 5869 6068 5870
f 6067 6068 5869
f 5870 6069 5871
f 6068 6069 5870
f 6069 6071 6070
f 5872 6069 6070
f 5871 6069 5872
f 6070 5874 5872
f 6074 6073 6072
f 6073 6048 6072
f 6048 5877 6072
f 6048 5848 5877
f 6071 6075 6070
f 6070 6075 5874
f 6075 5878 5874
f 6075 6076 5878
f 5878 6077 5879
f 6076 6077 5878
f 5881 5879 6077
f 5881 6077 6078
f 6074 6072 5883
f 5884 6074 5883
f 6079 6074 5884
f 5883 6072 5877
f 5885 5881 6080
f 5881 6081 6080
f 5881 6078 6081
f 6080 5887 5885
f 5888 6079 5884
f 5888 6082 6079
f 6080 6081 6083
f 6083 6081 6084
f 6083 5890 5887
f 6083 5887 6080
f 5891 6082 5888
f 5891 6085 6082
f 6083 6084 6086
f 6086 6084 6087
f 6086 5893 5890
f 6086 5890 6083
f 5894 6085 5891
f 5894 6088 6085
f 6087 6089 6086
f 5893 6086 6089
f 6090 5893 6089
f 5895 5893 6090
f 5896 6088 5894
f 5896 6091 6088
f 6093 6092 5899
f 5899 6092 5898
f 5899 5895 6090
f 5899 6090 6093
f 5900 6091 5896
f 5900 6094 6091
f 6092 5901 5898
f 6095 5901 6092
f 5902 6094 5900
f 5902 6096 6094
f 6095 5903 5901
f 6097 5903 6095
f 5904 6099 6098
f 6096 5904 6098
f 5902 5904 6096
f 6099 6100 6098
f 6097 5905 5903
f 6101 5905 6097
f 5906 6099 5904
f 5906 5908 6099
f 5908 6100 6099
f 5908 6102 6100
f 6101 5909 5905
f 6103 5909 6101
f 5911 6104 5910
f 6104 6105 5910
f 6105 5908 5910
f 6105 6102 5908
f 6108 6107 6106
f 6103 6108 6106
f 5912 6103 6106
f 5909 6103 5912
f 5913 6109 6104
f 5913 6104 5911
f 6105 6104 6110
f 6110 6104 6109
f 6106 6107 5916
f 6107 5915 5916
f 6107 6111 5915
f 6106 5916 5912
f 6113 6112 6109
f 5913 6113 6109
f 5918 6113 5913
f 6109 6112 6110
f 6111 5920 5915
f 6114 5920 6111
f 6116 6115 5921
f 6116 5921 5922
f 5918 5921 6113
f 6113 5921 6115
f 6114 5924 5920
f 6117 5924 6114
f 5925 6116 5922
f 5925 6118 6116
f 6117 5926 5924
f 6119 5926 6117
f 5925 5927 6120
f 6121 5925 6120
f 6118 5925 6121
f 5929 6120 5927
f 6119 5930 5926
f 6122 5930 6119
f 6121 6120 5931
f 5932 6121 5931
f 6123 6121 5932
f 5931 6120 5929
f 6122 5934 5930
f 6124 5934 6122
f 5935 6123 5932
f 5935 6125 6123
f 5936 5934 6126
f 5934 6127 6126
f 5934 6124 6127
f 6126 5937 5936
f 5938 6125 5935
f 5938 6128 6125
f 6126 6127 6129
f 6129 6127 6130
f 6129 5939 5937
f 6129 5937 6126
f 5940 6128 5938
f 5940 6131 6128
f 6129 6130 6132
f 6132 6130 6133
f 6132 5941 5939
f 6132 5939 6129
f 5942 6131 5940
f 5942 6134 6131
f 6132 6133 6135
f 6135 6133 6136
f 6135 5943 5941
f 6135 5941 6132
f 5944 6134 5942
f 5944 6137 6134
f 6135 6136 6138
f 6138 6136 6139
f 6138 5945 5943
f 6138 5943 6135
f 6142 6141 6140
f 6141 6137 6140
f 6137 5946 6140
f 6137 5944 5946
f 6138 6139 6143
f 6143 6139 6144
f 6143 5947 5945
f 6143 5945 6138
f 6142 6140 6145
f 6142 6145 6146
f 5948 6145 5946
f 5946 6145 6140
f 6143 6144 6147
f 6147 6144 6148
f 6147 5949 5947
f 6147 5947 6143
f 6149 6146 6145
f 6145 5948 6149
f 5948 6150 6149
f 5948 5950 6150
f 6147 6148 6151
f 6151 6148 6152
f 6151 5951 5949
f 6151 5949 6147
f 5952 6150 5950
f 5952 6153 6150
f 6151 6152 6154
f 6154 6152 6155
f 6154 5953 5951
f 6154 5951 6151
f 5954 6153 5952
f 5954 6156 6153
f 6155 6157 6154
f 5953 6154 6157
f 6158 5953 6157
f 5955 5953 6158
f 5956 6156 5954
f 5956 6159 6156
f 6162 6161 6160
f 6158 6162 6160
f 5957 6158 6160
f 5955 6158 5957
f 5956 5958 6163
f 6164 5956 6163
f 6159 5956 6164
f 5959 6163 5958
f 6160 6161 5962
f 6161 5961 5962
f 6161 6165 5961
f 6160 5962 5957
f 6166 6164 6163
f 6163 5959 6166
f 5959 6167 6166
f 5959 5963 6167
f 6165 5965 5961
f 6168 5965 6165
f 5966 6167 5963
f 5966 6169 6167
f 6168 5968 5965
f 6170 5968 6168
f 5969 6169 5966
f 5969 6171 6169
f 6170 5971 5968
f 6172 5971 6170
f 5972 6171 5969
f 5972 6173 6171
f 6172 5974 5971
f 6174 5974 6172
f 5976 6173 5972
f 5976 6175 6173
f 6174 5978 5974
f 6176 5978 6174
f 6178 6177 5979
f 6178 5979 5980
f 5976 5979 6175
f 6175 5979 6177
f 5981 5978 6179
f 5978 6180 6179
f 5978 6176 6180
f 6179 5982 5981
f 5983 6178 5980
f 5983 6181 6178
f 6179 6180 6182
f 6182 6180 6183
f 6182 5984 5982
f 6182 5982 6179
f 5985 6181 5983
f 5985 6184 6181
f 6182 6183 6185
f 6185 6183 6186
f 6185 5986 5984
f 6185 5984 6182
f 5987 6184 5985
f 5987 6187 6184
f 6185 6186 6188
f 6188 6186 6189
f 6188 5988 5986
f 6188 5986 6185
f 5989 6187 5987
f 5989 6190 6187
f 6189 6191 6188
f 5988 6188 6191
f 6192 5988 6191
f 5991 5988 6192
f 5989 5992 6193
f 6194 5989 6193
f 6190 5989 6194
f 5994 6193 5992
f 6192 5996 5991
f 6195 5996 6192
f 6194 6193 5997
f 5998 6194 5997
f 6196 6194 5998
f 5997 6193 5994
f 6195 6000 5996
f 6197 6000 6195
f 6001 6199 6198
f 6196 6001 6198
f 5998 6001 6196
f 6199 6200 6198
f 6197 6003 6000
f 6201 6003 6197
f 6004 6202 6199
f 6004 6199 6001
f 6200 6199 6203
f 6199 6204 6203
f 6199 6202 6204
f 6204 6205 6203
f 6206 6006 6007
f 6207 6206 6007
f 6003 6207 6007
f 6201 6207 6003
f 6008 6202 6004
f 6202 6008 6009
f 6208 6202 6009
f 6204 6202 6208
f 6205 6204 6209
f 6209 6204 6208
f 6211 6210 6011
f 6011 6210 6010
f 6011 6012 6211
f 6211 6012 6212
f 6213 6013 6014
f 6214 6213 6014
f 6214 6014 6006
f 6215 6214 6006
f 6206 6215 6006
f 6215 6206 6207
f 6015 6208 6009
f 6216 6209 6208
f 6015 6216 6208
f 6017 6216 6015
f 6217 6017 6019
f 6217 6216 6017
f 6218 6019 6020
f 6218 6217 6019
f 6219 6020 6021
f 6219 6218 6020
f 6220 6021 6022
f 6220 6219 6021
f 6221 6022 6023
f 6221 6220 6022
f 6023 6010 6210
f 6023 6210 6221
f 6222 6212 6012
f 6222 6012 6024
f 6223 6024 6025
f 6223 6222 6024
f 6225 6223 6224
f 6223 6026 6224
f 6223 6025 6026
f 6027 6226 6026
f 6026 6226 6224
f 6028 6227 6027
f 6027 6227 6226
f 6030 6227 6028
f 6228 6031 6032
f 6033 6229 6032
f 6032 6229 6228
f 6034 6230 6033
f 6033 6230 6229
f 6036 6230 6034
f 6231 6038 6039
f 6232 6231 6039
f 6232 6039 6013
f 6233 6232 6013
f 6213 6233 6013
f 6233 6213 6214
f 6234 6225 6224
f 6234 6224 6226
f 6234 6226 6235
f 6235 6226 6227
f 6235 6227 6236
f 6236 6227 6030
f 6040 6236 6030
f 6237 6236 6040
f 6238 6040 6041
f 6238 6237 6040
f 6239 6041 6042
f 6239 6238 6041
f 6240 6042 6043
f 6240 6239 6042
f 6241 6043 6044
f 6241 6240 6043
f 6044 6031 6228
f 6242 6044 6228
f 6241 6044 6242
f 6242 6228 6229
f 6242 6229 6243
f 6243 6229 6230
f 6243 6230 6244
f 6244 6230 6036
f 6045 6244 6036
f 6245 6244 6045
f 6246 6045 6046
f 6246 6245 6045
f 6046 6038 6231
f 6247 6046 6231
f 6246 6046 6247
f 6247 6231 6232
f 6249 6248 6047
f 6249 6047 6048
f 6047 6250 6049
f 6248 6250 6047
f 6250 6252 6251
f 6050 6250 6251
f 6049 6250 6050
f 6253 6051 6050
f 6253 6050 6251
f 6254 6052 6051
f 6254 6051 6253
f 6255 6053 6052
f 6255 6052 6254
f 6256 6054 6053
f 6256 6053 6255
f 6257 6055 6054
f 6257 6054 6256
f 6258 6056 6055
f 6258 6055 6257
f 6056 6258 6259
f 6260 6056 6259
f 6057 6056 6260
f 6260 6262 6261
f 6058 6260 6261
f 6057 6260 6058
f 6058 6261 6263
f 6264 6058 6263
f 6059 6058 6264
f 6059 6265 6060
f 6264 6265 6059
f 6060 6266 6061
f 6265 6266 6060
f 6266 6268 6267
f 6062 6266 6267
f 6061 6266 6062
f 6269 6063 6062
f 6269 6062 6267
f 6270 6064 6063
f 6270 6063 6269
f 6271 6065 6064
f 6271 6064 6270
f 6272 6066 6065
f 6272 6065 6271
f 6066 6272 6273
f 6274 6066 6273
f 6067 6066 6274
f 6067 6275 6068
f 6274 6275 6067
f 6068 6276 6069
f 6275 6276 6068
f 6071 6069 6276
f 6071 6276 6277
f 6074 6278 6073
f 6278 6279 6073
f 6279 6048 6073
f 6279 6249 6048
f 6252 6280 6251
f 6251 6280 6253
f 6253 6280 6281
f 6253 6281 6254
f 6254 6281 6282
f 6254 6282 6255
f 6255 6282 6283
f 6255 6283 6256
f 6256 6283 6284
f 6256 6284 6257
f 6257 6284 6285
f 6257 6285 6258
f 6258 6285 6286
f 6258 6286 6259
f 6262 6287 6261
f 6261 6287 6263
f 6268 6288 6267
f 6267 6288 6269
f 6269 6288 6289
f 6269 6289 6270
f 6270 6289 6290
f 6270 6290 6271
f 6271 6290 6291
f 6271 6291 6272
f 6272 6291 6292
f 6272 6292 6273
f 6277 6293 6071
f 6071 6293 6075
f 6075 6294 6076
f 6293 6294 6075
f 6076 6295 6077
f 6294 6295 6076
f 6078 6077 6295
f 6078 6295 6296
f 6298 6297 6278
f 6074 6298 6278
f 6079 6298 6074
f 6278 6297 6279
f 6300 6081 6299
f 6081 6296 6299
f 6081 6078 6296
f 6301 6300 6299
f 6082 6298 6079
f 6082 6302 6298
f 6303 6084 6300
f 6300 6084 6081
f 6300 6301 6304
f 6300 6304 6303
f 6085 6302 6082
f 6085 6305 6302
f 6306 6087 6303
f 6303 6087 6084
f 6303 6304 6307
f 6303 6307 6306
f 6088 6305 6085
f 6088 6308 6305
f 6306 6089 6087
f 6090 6089 6306
f 6307 6090 6306
f 6309 6090 6307
f 6091 6308 6088
f 6091 6310 6308
f 6312 6311 6093
f 6093 6311 6092
f 6093 6090 6309
f 6093 6309 6312
f 6094 6310 6091
f 6094 6313 6310
f 6311 6095 6092
f 6314 6095 6311
f 6096 6316 6315
f 6313 6096 6315
f 6094 6096 6313
f 6316 6317 6315
f 6314 6097 6095
f 6318 6097 6314
f 6098 6316 6096
f 6098 6100 6316
f 6100 6317 6316
f 6100 6319 6317
f 6318 6101 6097
f 6320 6101 6318
f 6102 6319 6100
f 6102 6321 6319
f 6320 6103 6101
f 6322 6103 6320
f 6105 6321 6102
f 6105 6323 6321
f 6324 6107 6108
f 6325 6324 6108
f 6103 6325 6108
f 6322 6325 6103
f 6110 6323 6105
f 6110 6326 6323
f 6328 6327 6324
f 6327 6107 6324
f 6327 6111 6107
f 6328 6324 6325
f 6113 6329 6112
f 6329 6330 6112
f 6330 6110 6112
f 6330 6326 6110
f 6327 6114 6111
f 6331 6114 6327
f 6333 6332 6115
f 6333 6115 6116
f 6113 6115 6329
f 6115 6334 6329
f 6115 6332 6334
f 6329 6334 6330
f 6331 6117 6114
f 6335 6117 6331
f 6118 6333 6116
f 6118 6336 6333
f 6335 6119 6117
f 6337 6119 6335
f 6121 6336 6118
f 6121 6338 6336
f 6337 6122 6119
f 6339 6122 6337
f 6123 6338 6121
f 6123 6340 6338
f 6339 6124 6122
f 6341 6124 6339
f 6125 6340 6123
f 6125 6342 6340
f 6341 6127 6124
f 6343 6127 6341
f 6128 6342 6125
f 6128 6344 6342
f 6343 6130 6127
f 6345 6130 6343
f 6131 6344 6128
f 6131 6346 6344
f 6345 6133 6130
f 6347 6133 6345
f 6350 6349 6348
f 6349 6346 6348
f 6346 6134 6348
f 6346 6131 6134
f 6347 6136 6133
f 6351 6136 6347
f 6350 6348 6352
f 6350 6352 6353
f 6137 6352 6134
f 6134 6352 6348
f 6351 6139 6136
f 6354 6139 6351
f 6353 6352 6141
f 6142 6353 6141
f 6355 6353 6142
f 6141 6352 6137
f 6354 6144 6139
f 6356 6144 6354
f 6146 6355 6142
f 6146 6357 6355
f 6356 6148 6144
f 6358 6148 6356
f 6146 6149 6359
f 6360 6146 6359
f 6357 6146 6360
f 6150 6359 6149
f 6358 6152 6148
f 6361 6152 6358
f 6362 6360 6359
f 6359 6150 6362
f 6150 6363 6362
f 6150 6153 6363
f 6365 6155 6364
f 6155 6361 6364
f 6155 6152 6361
f 6366 6365 6364
f 6156 6363 6153
f 6156 6367 6363
f 6365 6157 6155
f 6158 6157 6365
f 6366 6158 6365
f 6368 6158 6366
f 6159 6367 6156
f 6159 6369 6367
f 6370 6161 6162
f 6371 6370 6162
f 6158 6371 6162
f 6368 6371 6158
f 6164 6369 6159
f 6164 6372 6369
f 6374 6373 6370
f 6373 6161 6370
f 6373 6165 6161
f 6374 6370 6371
f 6164 6166 6375
f 6376 6164 6375
f 6372 6164 6376
f 6167 6375 6166
f 6373 6168 6165
f 6377 6168 6373
f 6376 6375 6378
f 6376 6378 6379
f 6169 6378 6167
f 6167 6378 6375
f 6377 6170 6168
f 6380 6170 6377
f 6379 6378 6381
f 6379 6381 6382
f 6171 6381 6169
f 6169 6381 6378
f 6380 6172 6170
f 6383 6172 6380
f 6382 6381 6384
f 6382 6384 6385
f 6173 6384 6171
f 6171 6384 6381
f 6383 6174 6172
f 6386 6174 6383
f 6385 6384 6387
f 6385 6387 6388
f 6175 6387 6173
f 6173 6387 6384
f 6386 6176 6174
f 6389 6176 6386
f 6388 6387 6177
f 6178 6388 6177
f 6390 6388 6178
f 6177 6387 6175
f 6389 6180 6176
f 6391 6180 6389
f 6181 6390 6178
f 6181 6392 6390
f 6394 6183 6393
f 6183 6391 6393
f 6183 6180 6391
f 6395 6394 6393
f 6184 6392 6181
f 6184 6396 6392
f 6397 6186 6394
f 6394 6186 6183
f 6394 6395 6398
f 6394 6398 6397
f 6187 6396 6184
f 6187 6399 6396
f 6400 6189 6397
f 6397 6189 6186
f 6397 6398 6401
f 6397 6401 6400
f 6190 6399 6187
f 6190 6402 6399
f 6400 6191 6189
f 6192 6191 6400
f 6401 6192 6400
f 6403 6192 6401
f 6194 6402 6190
f 6194 6404 6402
f 6403 6195 6192
f 6405 6195 6403
f 6196 6404 6194
f 6196 6406 6404
f 6405 6197 6195
f 6407 6197 6405
f 6408 6406 6196
f 6408 6196 6198
f 6410 6409 6200
f 6409 6198 6200
f 6409 6408 6198
f 6412 6411 6410
f 6410 6411 6409
f 6412 6413 6411
f 6407 6201 6197
f 6414 6201 6407
f 6203 6410 6200
f 6410 6203 6205
f 6415 6410 6205
f 6412 6410 6415
f 6413 6412 6416
f 6412 6417 6416
f 6412 6415 6417
f 6417 6418 6416
f 6414 6207 6201
f 6419 6207 6414
f 6209 6420 6415
f 6209 6415 6205
f 6415 6421 6417
f 6415 6420 6421
f 6418 6417 6422
f 6417 6423 6422
f 6417 6421 6423
f 6423 6424 6422
f 6427 6426 6425
f 6210 6211 6425
f 6211 6427 6425
f 6211 6428 6427
f 6211 6212 6428
f 6428 6212 6429
f 6431 6430 6215
f 6215 6430 6214
f 6215 6207 6419
f 6215 6419 6431
f 6216 6420 6209
f 6420 6216 6217
f 6420 6217 6421
f 6421 6217 6218
f 6421 6218 6423
f 6432 6424 6423
f 6218 6432 6423
f 6219 6432 6218
f 6433 6219 6220
f 6433 6432 6219
f 6221 6425 6426
f 6433 6221 6426
f 6220 6221 6433
f 6425 6221 6210
f 6434 6429 6212
f 6434 6212 6222
f 6435 6222 6223
f 6435 6434 6222
f 6223 6225 6435
f 6435 6225 6436
f 6439 6438 6437
f 6437 6440 6439
f 6442 6441 6233
f 6233 6441 6232
f 6233 6214 6430
f 6233 6430 6442
f 6443 6436 6225
f 6443 6225 6234
f 6444 6234 6235
f 6444 6443 6234
f 6445 6235 6236
f 6445 6444 6235
f 6446 6236 6237
f 6446 6445 6236
f 6447 6237 6238
f 6447 6446 6237
f 6448 6238 6239
f 6448 6447 6238
f 6240 6437 6438
f 6448 6240 6438
f 6239 6240 6448
f 6449 6440 6437
f 6240 6449 6437
f 6241 6449 6240
f 6450 6241 6242
f 6450 6449 6241
f 6451 6242 6243
f 6451 6450 6242
f 6452 6243 6244
f 6452 6451 6243
f 6453 6244 6245
f 6453 6452 6244
f 6454 6245 6246
f 6454 6453 6245
f 6455 6246 6247
f 6455 6454 6246
f 6247 6232 6441
f 6247 6441 6455
f 6249 6456 6248
f 6457 6250 6248
f 6457 6248 6456
f 6457 6252 6250
f 6259 6458 6260
f 6458 6262 6260
f 6460 6459 6264
f 6460 6264 6263
f 6264 6461 6265
f 6459 6461 6264
f 6265 6462 6266
f 6461 6462 6265
f 6464 6463 6268
f 6266 6464 6268
f 6462 6464 6266
f 6465 6463 6464
f 6273 6466 6274
f 6274 6466 6467
f 6468 6274 6467
f 6275 6274 6468
f 6275 6469 6276
f 6468 6469 6275
f 6471 6470 6277
f 6276 6471 6277
f 6469 6471 6276
f 6472 6470 6471
f 6474 6473 6456
f 6249 6474 6456
f 6279 6474 6249
f 6456 6473 6457
f 6457 6473 6475
f 6457 6475 6252
f 6475 6280 6252
f 6475 6476 6280
f 6280 6477 6281
f 6476 6477 6280
f 6281 6478 6282
f 6477 6478 6281
f 6282 6479 6283
f 6478 6479 6282
f 6283 6480 6284
f 6479 6480 6283
f 6284 6481 6285
f 6480 6481 6284
f 6285 6482 6286
f 6481 6482 6285
f 6259 6286 6458
f 6286 6483 6458
f 6286 6482 6483
f 6458 6483 6262
f 6483 6287 6262
f 6483 6484 6287
f 6263 6287 6460
f 6460 6287 6484
f 6463 6288 6268
f 6465 6485 6463
f 6485 6288 6463
f 6485 6289 6288
f 6289 6486 6290
f 6485 6486 6289
f 6290 6487 6291
f 6486 6487 6290
f 6291 6488 6292
f 6487 6488 6291
f 6273 6292 6466
f 6292 6489 6466
f 6292 6488 6489
f 6466 6489 6467
f 6470 6293 6277
f 6472 6490 6470
f 6490 6293 6470
f 6490 6294 6293
f 6294 6491 6295
f 6490 6491 6294
f 6493 6492 6296
f 6295 6493 6296
f 6491 6493 6295
f 6495 6494 6492
f 6495 6492 6493
f 6496 6494 6495
f 6298 6497 6297
f 6497 6498 6297
f 6498 6279 6297
f 6498 6474 6279
f 6492 6299 6296
f 6299 6492 6301
f 6492 6499 6301
f 6492 6494 6499
f 6494 6496 6500
f 6494 6500 6499
f 6502 6501 6497
f 6298 6502 6497
f 6302 6502 6298
f 6497 6501 6498
f 6503 6304 6499
f 6499 6304 6301
f 6499 6500 6504
f 6499 6504 6503
f 6305 6502 6302
f 6305 6505 6502
f 6506 6307 6503
f 6503 6307 6304
f 6503 6504 6507
f 6503 6507 6506
f 6308 6505 6305
f 6308 6508 6505
f 6510 6509 6506
f 6509 6307 6506
f 6509 6309 6307
f 6510 6506 6507
f 6310 6508 6308
f 6310 6511 6508
f 6512 6311 6312
f 6513 6512 6312
f 6309 6513 6312
f 6509 6513 6309
f 6313 6511 6310
f 6313 6514 6511
f 6515 6314 6512
f 6512 6314 6311
f 6512 6513 6516
f 6512 6516 6515
f 6313 6315 6517
f 6518 6313 6517
f 6514 6313 6518
f 6317 6517 6315
f 6519 6318 6515
f 6515 6318 6314
f 6515 6516 6520
f 6515 6520 6519
f 6521 6518 6517
f 6517 6317 6521
f 6317 6522 6521
f 6317 6319 6522
f 6524 6523 6519
f 6523 6318 6519
f 6523 6320 6318
f 6524 6519 6520
f 6321 6522 6319
f 6321 6525 6522
f 6523 6322 6320
f 6526 6322 6523
f 6323 6525 6321
f 6323 6527 6525
f 6526 6325 6322
f 6528 6325 6526
f 6326 6527 6323
f 6326 6529 6527
f 6530 6327 6328
f 6531 6530 6328
f 6325 6531 6328
f 6528 6531 6325
f 6534 6533 6532
f 6533 6529 6532
f 6529 6330 6532
f 6529 6326 6330
f 6536 6535 6530
f 6535 6327 6530
f 6535 6331 6327
f 6536 6530 6531
f 6539 6538 6537
f 6332 6333 6537
f 6538 6332 6537
f 6540 6332 6538
f 6532 6334 6534
f 6334 6540 6534
f 6334 6332 6540
f 6334 6532 6330
f 6535 6335 6331
f 6541 6335 6535
f 6539 6537 6542
f 6539 6542 6543
f 6336 6542 6333
f 6333 6542 6537
f 6545 6337 6544
f 6337 6541 6544
f 6337 6335 6541
f 6546 6545 6544
f 6543 6542 6547
f 6543 6547 6548
f 6338 6547 6336
f 6336 6547 6542
f 6549 6339 6545
f 6545 6339 6337
f 6545 6546 6550
f 6545 6550 6549
f 6548 6547 6551
f 6548 6551 6552
f 6340 6551 6338
f 6338 6551 6547
f 6553 6341 6549
f 6549 6341 6339
f 6549 6550 6554
f 6549 6554 6553
f 6552 6551 6555
f 6552 6555 6556
f 6342 6555 6340
f 6340 6555 6551
f 6557 6343 6553
f 6553 6343 6341
f 6553 6554 6558
f 6553 6558 6557
f 6556 6555 6559
f 6556 6559 6560
f 6344 6559 6342
f 6342 6559 6555
f 6561 6345 6557
f 6557 6345 6343
f 6557 6558 6562
f 6557 6562 6561
f 6563 6560 6559
f 6559 6344 6563
f 6344 6564 6563
f 6344 6346 6564
f 6565 6347 6561
f 6561 6347 6345
f 6561 6562 6566
f 6561 6566 6565
f 6350 6567 6349
f 6567 6568 6349
f 6568 6346 6349
f 6568 6564 6346
f 6570 6569 6565
f 6569 6347 6565
f 6569 6351 6347
f 6570 6565 6566
f 6572 6571 6567
f 6350 6572 6567
f 6353 6572 6350
f 6567 6571 6568
f 6569 6354 6351
f 6573 6354 6569
f 6355 6572 6353
f 6355 6574 6572
f 6573 6356 6354
f 6575 6356 6573
f 6357 6574 6355
f 6357 6576 6574
f 6575 6358 6356
f 6577 6358 6575
f 6360 6576 6357
f 6360 6578 6576
f 6577 6361 6358
f 6579 6361 6577
f 6580 6578 6360
f 6580 6360 6362
f 6362 6363 6580
f 6580 6363 6581
f 6579 6582 6361
f 6361 6582 6364
f 6366 6364 6582
f 6366 6582 6583
f 6367 6581 6363
f 6367 6584 6581
f 6583 6368 6366
f 6585 6368 6583
f 6369 6584 6367
f 6369 6586 6584
f 6585 6371 6368
f 6587 6371 6585
f 6372 6586 6369
f 6372 6588 6586
f 6589 6373 6374
f 6590 6589 6374
f 6371 6590 6374
f 6587 6590 6371
f 6376 6588 6372
f 6376 6591 6588
f 6592 6377 6589
f 6589 6377 6373
f 6589 6590 6593
f 6589 6593 6592
f 6379 6591 6376
f 6379 6594 6591
f 6595 6380 6592
f 6592 6380 6377
f 6592 6593 6596
f 6592 6596 6595
f 6382 6594 6379
f 6382 6597 6594
f 6598 6383 6595
f 6595 6383 6380
f 6595 6596 6599
f 6595 6599 6598
f 6385 6597 6382
f 6385 6600 6597
f 6601 6386 6598
f 6598 6386 6383
f 6598 6599 6602
f 6598 6602 6601
f 6388 6600 6385
f 6388 6603 6600
f 6604 6389 6601
f 6601 6389 6386
f 6601 6602 6605
f 6601 6605 6604
f 6390 6603 6388
f 6390 6606 6603
f 6607 6391 6604
f 6604 6391 6389
f 6604 6605 6608
f 6604 6608 6607
f 6392 6606 6390
f 6392 6609 6606
f 6607 6393 6391
f 6395 6393 6607
f 6608 6395 6607
f 6610 6395 6608
f 6396 6609 6392
f 6396 6611 6609
f 6610 6398 6395
f 6612 6398 6610
f 6399 6611 6396
f 6399 6613 6611
f 6612 6401 6398
f 6614 6401 6612
f 6402 6613 6399
f 6402 6615 6613
f 6617 6403 6616
f 6403 6614 6616
f 6403 6401 6614
f 6618 6617 6616
f 6404 6615 6402
f 6404 6619 6615
f 6620 6405 6617
f 6617 6405 6403
f 6617 6618 6621
f 6617 6621 6620
f 6406 6619 6404
f 6406 6622 6619
f 6623 6407 6620
f 6620 6407 6405
f 6620 6621 6624
f 6620 6624 6623
f 6625 6622 6406
f 6625 6406 6408
f 6626 6408 6409
f 6626 6625 6408
f 6627 6409 6411
f 6627 6626 6409
f 6629 6628 6413
f 6628 6411 6413
f 6628 6627 6411
f 6629 6630 6628
f 6631 6414 6623
f 6623 6414 6407
f 6623 6624 6632
f 6623 6632 6631
f 6416 6629 6413
f 6634 6633 6418
f 6418 6633 6416
f 6633 6630 6416
f 6630 6629 6416
f 6634 6635 6633
f 6637 6636 6631
f 6636 6414 6631
f 6636 6419 6414
f 6637 6631 6632
f 6422 6634 6418
f 6639 6638 6424
f 6424 6638 6422
f 6638 6635 6422
f 6635 6634 6422
f 6641 6640 6639
f 6639 6640 6638
f 6426 6427 6641
f 6427 6640 6641
f 6427 6642 6640
f 6643 6427 6428
f 6643 6642 6427
f 6645 6644 6429
f 6644 6428 6429
f 6644 6643 6428
f 6645 6646 6644
f 6647 6430 6431
f 6648 6647 6431
f 6419 6648 6431
f 6636 6648 6419
f 6432 6639 6424
f 6639 6432 6433
f 6639 6433 6641
f 6641 6433 6426
f 6434 6645 6429
f 6649 6646 6645
f 6434 6649 6645
f 6435 6649 6434
f 6435 6436 6649
f 6649 6436 6650
f 6651 6438 6439
f 6440 6651 6439
f 6653 6652 6442
f 6442 6652 6441
f 6442 6430 6647
f 6654 6442 6647
f 6653 6442 6654
f 6654 6647 6648
f 6655 6650 6436
f 6655 6436 6443
f 6656 6443 6444
f 6656 6655 6443
f 6657 6444 6445
f 6657 6656 6444
f 6658 6445 6446
f 6658 6657 6445
f 6659 6446 6447
f 6659 6658 6446
f 6660 6447 6448
f 6660 6659 6447
f 6448 6438 6651
f 6661 6448 6651
f 6660 6448 6661
f 6661 6651 6440
f 6449 6661 6440
f 6662 6661 6449
f 6663 6449 6450
f 6663 6662 6449
f 6664 6450 6451
f 6664 6663 6450
f 6665 6451 6452
f 6665 6664 6451
f 6666 6452 6453
f 6666 6665 6452
f 6667 6453 6454
f 6667 6666 6453
f 6668 6454 6455
f 6668 6667 6454
f 6455 6441 6652
f 6455 6652 6668
f 6670 6669 6459
f 6670 6459 6460
f 6459 6671 6461
f 6669 6671 6459
f 6461 6672 6462
f 6671 6672 6461
f 6462 6673 6464
f 6672 6673 6462
f 6675 6674 6465
f 6464 6675 6465
f 6673 6675 6464
f 6676 6674 6675
f 6679 6678 6677
f 6681 6680 6677
f 6681 6677 6678
f 6682 6680 6681
f 6684 6683 6468
f 6684 6468 6467
f 6468 6685 6469
f 6683 6685 6468
f 6685 6687 6686
f 6471 6685 6686
f 6469 6685 6471
f 6686 6472 6471
f 6474 6688 6473
f 6689 6475 6473
f 6689 6473 6688
f 6690 6476 6475
f 6690 6475 6689
f 6476 6690 6691
f 6692 6476 6691
f 6477 6476 6692
f 6477 6693 6478
f 6692 6693 6477
f 6478 6694 6479
f 6693 6694 6478
f 6479 6695 6480
f 6694 6695 6479
f 6480 6696 6481
f 6695 6696 6480
f 6481 6697 6482
f 6696 6697 6481
f 6482 6698 6483
f 6697 6698 6482
f 6483 6699 6484
f 6698 6699 6483
f 6460 6484 6670
f 6670 6484 6699
f 6674 6485 6465
f 6676 6700 6674
f 6700 6485 6674
f 6700 6486 6485
f 6677 6487 6679
f 6487 6700 6679
f 6487 6486 6700
f 6487 6677 6488
f 6488 6677 6680
f 6682 6701 6680
f 6701 6488 6680
f 6701 6489 6488
f 6467 6489 6684
f 6684 6489 6701
f 6687 6702 6686
f 6686 6702 6472
f 6702 6490 6472
f 6702 6703 6490
f 6490 6704 6491
f 6703 6704 6490
f 6491 6705 6493
f 6704 6705 6491
f 6493 6706 6495
f 6705 6706 6493
f 6496 6495 6706
f 6496 6706 6707
f 6709 6708 6688
f 6474 6709 6688
f 6498 6709 6474
f 6688 6708 6689
f 6689 6708 6710
f 6689 6710 6690
f 6690 6710 6711
f 6690 6711 6691
f 6707 6500 6496
f 6712 6500 6707
f 6502 6713 6501
f 6713 6714 6501
f 6714 6498 6501
f 6714 6709 6498
f 6712 6504 6500
f 6715 6504 6712
f 6717 6716 6713
f 6502 6717 6713
f 6505 6717 6502
f 6713 6716 6714
f 6715 6507 6504
f 6718 6507 6715
f 6508 6717 6505
f 6508 6719 6717
f 6720 6509 6510
f 6721 6720 6510
f 6507 6721 6510
f 6718 6721 6507
f 6511 6719 6508
f 6511 6722 6719
f 6723 6513 6720
f 6720 6513 6509
f 6720 6721 6724
f 6720 6724 6723
f 6514 6722 6511
f 6514 6725 6722
f 6727 6726 6723
f 6726 6513 6723
f 6726 6516 6513
f 6727 6723 6724
f 6518 6725 6514
f 6518 6728 6725
f 6726 6520 6516
f 6729 6520 6726
f 6518 6521 6730
f 6731 6518 6730
f 6728 6518 6731
f 6522 6730 6521
f 6733 6732 6524
f 6524 6732 6523
f 6524 6520 6729
f 6524 6729 6733
f 6734 6731 6730
f 6730 6522 6734
f 6522 6735 6734
f 6522 6525 6735
f 6732 6526 6523
f 6736 6526 6732
f 6527 6735 6525
f 6527 6737 6735
f 6736 6528 6526
f 6738 6528 6736
f 6529 6737 6527
f 6529 6739 6737
f 6738 6531 6528
f 6740 6531 6738
f 6743 6742 6741
f 6533 6534 6741
f 6742 6533 6741
f 6744 6533 6742
f 6529 6533 6739
f 6739 6533 6744
f 6745 6535 6536
f 6746 6745 6536
f 6531 6746 6536
f 6740 6746 6531
f 6748 6747 6538
f 6748 6538 6539
f 6741 6540 6743
f 6540 6747 6743
f 6540 6538 6747
f 6540 6741 6534
f 6750 6749 6745
f 6749 6535 6745
f 6749 6541 6535
f 6750 6745 6746
f 6543 6748 6539
f 6543 6751 6748
f 6749 6752 6541
f 6541 6752 6544
f 6546 6544 6752
f 6546 6752 6753
f 6548 6755 6754
f 6751 6548 6754
f 6543 6548 6751
f 6755 6756 6754
f 6753 6550 6546
f 6757 6550 6753
f 6552 6758 6755
f 6552 6755 6548
f 6756 6755 6759
f 6759 6755 6758
f 6757 6554 6550
f 6760 6554 6757
f 6556 6761 6758
f 6556 6758 6552
f 6759 6758 6762
f 6762 6758 6761
f 6760 6558 6554
f 6763 6558 6760
f 6560 6764 6761
f 6560 6761 6556
f 6762 6761 6765
f 6765 6761 6764
f 6763 6562 6558
f 6766 6562 6763
f 6563 6764 6560
f 6563 6564 6764
f 6564 6765 6764
f 6564 6767 6765
f 6766 6566 6562
f 6768 6566 6766
f 6568 6767 6564
f 6568 6769 6767
f 6770 6569 6570
f 6771 6770 6570
f 6566 6771 6570
f 6768 6771 6566
f 6572 6772 6571
f 6772 6773 6571
f 6773 6568 6571
f 6773 6769 6568
f 6775 6774 6770
f 6774 6569 6770
f 6774 6573 6569
f 6775 6770 6771
f 6574 6776 6772
f 6574 6772 6572
f 6773 6772 6777
f 6777 6772 6776
f 6774 6575 6573
f 6778 6575 6774
f 6576 6779 6776
f 6576 6776 6574
f 6777 6776 6780
f 6780 6776 6779
f 6778 6577 6575
f 6781 6577 6778
f 6578 6782 6779
f 6578 6779 6576
f 6780 6779 6783
f 6783 6779 6782
f 6781 6579 6577
f 6784 6579 6781
f 6580 6782 6578
f 6580 6581 6782
f 6581 6783 6782
f 6581 6785 6783
f 6582 6579 6786
f 6579 6787 6786
f 6579 6784 6787
f 6786 6583 6582
f 6584 6785 6581
f 6584 6788 6785
f 6787 6789 6786
f 6583 6786 6789
f 6790 6583 6789
f 6585 6583 6790
f 6586 6788 6584
f 6586 6791 6788
f 6790 6587 6585
f 6792 6587 6790
f 6588 6791 6586
f 6588 6793 6791
f 6792 6590 6587
f 6794 6590 6792
f 6591 6793 6588
f 6591 6795 6793
f 6794 6593 6590
f 6796 6593 6794
f 6594 6795 6591
f 6594 6797 6795
f 6796 6596 6593
f 6798 6596 6796
f 6597 6797 6594
f 6597 6799 6797
f 6798 6599 6596
f 6800 6599 6798
f 6600 6799 6597
f 6600 6801 6799
f 6800 6602 6599
f 6802 6602 6800
f 6603 6804 6803
f 6801 6603 6803
f 6600 6603 6801
f 6804 6805 6803
f 6802 6605 6602
f 6806 6605 6802
f 6808 6807 6804
f 6603 6808 6804
f 6606 6808 6603
f 6804 6807 6805
f 6806 6608 6605
f 6809 6608 6806
f 6609 6811 6810
f 6808 6609 6810
f 6606 6609 6808
f 6811 6812 6810
f 6809 6610 6608
f 6813 6610 6809
f 6815 6814 6811
f 6609 6815 6811
f 6611 6815 6609
f 6811 6814 6812
f 6813 6612 6610
f 6816 6612 6813
f 6613 6815 6611
f 6613 6817 6815
f 6819 6614 6818
f 6614 6816 6818
f 6614 6612 6816
f 6820 6819 6818
f 6615 6817 6613
f 6615 6821 6817
f 6819 6616 6614
f 6618 6616 6819
f 6820 6618 6819
f 6822 6618 6820
f 6619 6824 6823
f 6821 6619 6823
f 6615 6619 6821
f 6826 6825 6824
f 6824 6825 6823
f 6826 6827 6825
f 6822 6621 6618
f 6828 6621 6822
f 6622 6829 6824
f 6622 6824 6619
f 6824 6830 6826
f 6824 6829 6830
f 6827 6826 6831
f 6826 6832 6831
f 6826 6830 6832
f 6832 6833 6831
f 6828 6624 6621
f 6834 6624 6828
f 6625 6829 6622
f 6829 6625 6626
f 6829 6626 6830
f 6830 6626 6627
f 6830 6627 6832
f 6835 6833 6832
f 6627 6835 6832
f 6628 6835 6627
f 6837 6836 6630
f 6836 6628 6630
f 6836 6835 6628
f 6837 6838 6836
f 6834 6632 6624
f 6839 6632 6834
f 6633 6837 6630
f 6841 6840 6635
f 6635 6840 6633
f 6840 6838 6633
f 6838 6837 6633
f 6843 6842 6841
f 6841 6842 6840
f 6845 6844 6843
f 6843 6844 6842
f 6845 6846 6844
f 6847 6636 6637
f 6848 6847 6637
f 6632 6848 6637
f 6839 6848 6632
f 6638 6841 6635
f 6841 6638 6640
f 6841 6640 6843
f 6843 6640 6642
f 6843 6642 6845
f 6849 6846 6845
f 6642 6849 6845
f 6643 6849 6642
f 6850 6643 6644
f 6850 6849 6643
f 6852 6851 6646
f 6851 6644 6646
f 6851 6850 6644
f 6852 6853 6851
f 6855 6854 6847
f 6854 6636 6847
f 6854 6648 6636
f 6855 6847 6848
f 6649 6852 6646
f 6857 6856 6650
f 6650 6856 6649
f 6856 6853 6649
f 6853 6852 6649
f 6857 6858 6856
f 6860 6859 6653
f 6653 6859 6652
f 6861 6653 6654
f 6861 6860 6653
f 6654 6648 6854
f 6654 6854 6861
f 6655 6857 6650
f 6862 6858 6857
f 6655 6862 6857
f 6656 6862 6655
f 6863 6656 6657
f 6863 6862 6656
f 6864 6657 6658
f 6864 6863 6657
f 6865 6658 6659
f 6865 6864 6658
f 6866 6659 6660
f 6866 6865 6659
f 6867 6660 6661
f 6867 6866 6660
f 6868 6661 6662
f 6868 6867 6661
f 6869 6662 6663
f 6869 6868 6662
f 6870 6663 6664
f 6870 6869 6663
f 6871 6664 6665
f 6871 6870 6664
f 6872 6665 6666
f 6872 6871 6665
f 6873 6666 6667
f 6873 6872 6666
f 6874 6667 6668
f 6874 6873 6667
f 6668 6652 6859
f 6668 6859 6874
f 6876 6875 6669
f 6876 6669 6670
f 6669 6877 6671
f 6875 6877 6669
f 6671 6878 6672
f 6877 6878 6671
f 6672 6879 6673
f 6878 6879 6672
f 6673 6880 6675
f 6879 6880 6673
f 6882 6881 6676
f 6675 6882 6676
f 6880 6882 6675
f 6678 6679 6881
f 6882 6678 6881
f 6883 6678 6882
f 6678 6884 6681
f 6883 6884 6678
f 6886 6885 6682
f 6681 6886 6682
f 6884 6886 6681
f 6683 6684 6885
f 6886 6683 6885
f 6887 6683 6886
f 6683 6888 6685
f 6887 6888 6683
f 6687 6685 6888
f 6687 6888 6889
f 6892 6891 6890
f 6692 6691 6890
f 6891 6692 6890
f 6893 6692 6891
f 6692 6894 6693
f 6893 6894 6692
f 6693 6895 6694
f 6894 6895 6693
f 6694 6896 6695
f 6895 6896 6694
f 6695 6897 6696
f 6896 6897 6695
f 6696 6898 6697
f 6897 6898 6696
f 6697 6899 6698
f 6898 6899 6697
f 6698 6900 6699
f 6899 6900 6698
f 6670 6699 6876
f 6876 6699 6900
f 6881 6700 6676
f 6700 6881 6679
f 6885 6701 6682
f 6701 6885 6684
f 6889 6901 6687
f 6687 6901 6702
f 6702 6902 6703
f 6901 6902 6702
f 6703 6903 6704
f 6902 6903 6703
f 6704 6904 6705
f 6903 6904 6704
f 6705 6905 6706
f 6904 6905 6705
f 6707 6706 6905
f 6707 6905 6906
f 6908 6907 6708
f 6908 6708 6709
f 6708 6909 6710
f 6907 6909 6708
f 6890 6711 6892
f 6711 6909 6892
f 6711 6710 6909
f 6711 6890 6691
f 6911 6712 6910
f 6712 6906 6910
f 6712 6707 6906
f 6912 6911 6910
f 6714 6908 6709
f 6714 6913 6908
f 6914 6715 6911
f 6911 6715 6712
f 6911 6912 6915
f 6911 6915 6914
f 6917 6916 6716
f 6917 6716 6717
f 6714 6716 6913
f 6913 6716 6916
f 6918 6718 6914
f 6914 6718 6715
f 6914 6915 6919
f 6914 6919 6918
f 6719 6917 6717
f 6719 6920 6917
f 6922 6921 6918
f 6921 6718 6918
f 6921 6721 6718
f 6922 6918 6919
f 6722 6920 6719
f 6722 6923 6920
f 6921 6724 6721
f 6924 6724 6921
f 6725 6923 6722
f 6725 6925 6923
f 6927 6926 6727
f 6727 6926 6726
f 6727 6724 6924
f 6727 6924 6927
f 6728 6925 6725
f 6728 6928 6925
f 6926 6729 6726
f 6929 6729 6926
f 6731 6928 6728
f 6731 6930 6928
f 6932 6931 6733
f 6733 6931 6732
f 6733 6729 6929
f 6733 6929 6932
f 6731 6734 6933
f 6934 6731 6933
f 6930 6731 6934
f 6735 6933 6734
f 6937 6936 6935
f 6931 6937 6935
f 6736 6931 6935
f 6732 6931 6736
f 6934 6933 6938
f 6934 6938 6939
f 6737 6938 6735
f 6735 6938 6933
f 6935 6936 6940
f 6940 6936 6941
f 6940 6738 6736
f 6940 6736 6935
f 6944 6943 6942
f 6942 6943 6939
f 6938 6942 6939
f 6945 6942 6938
f 6739 6945 6737
f 6737 6945 6938
f 6940 6941 6946
f 6946 6941 6947
f 6946 6740 6738
f 6946 6738 6940
f 6944 6942 6742
f 6743 6944 6742
f 6948 6944 6743
f 6742 6942 6744
f 6744 6942 6945
f 6744 6945 6739
f 6946 6947 6949
f 6949 6947 6950
f 6949 6746 6740
f 6949 6740 6946
f 6952 6951 6747
f 6952 6747 6748
f 6743 6747 6948
f 6948 6747 6951
f 6949 6950 6750
f 6950 6749 6750
f 6950 6953 6749
f 6949 6750 6746
f 6751 6955 6954
f 6952 6751 6954
f 6748 6751 6952
f 6955 6956 6954
f 6953 6957 6749
f 6749 6957 6752
f 6753 6752 6957
f 6753 6957 6958
f 6754 6955 6751
f 6754 6756 6955
f 6756 6956 6955
f 6756 6959 6956
f 6958 6757 6753
f 6960 6757 6958
f 6759 6959 6756
f 6759 6961 6959
f 6960 6760 6757
f 6962 6760 6960
f 6762 6961 6759
f 6762 6963 6961
f 6962 6763 6760
f 6964 6763 6962
f 6765 6963 6762
f 6765 6965 6963
f 6964 6766 6763
f 6966 6766 6964
f 6767 6965 6765
f 6767 6967 6965
f 6966 6768 6766
f 6968 6768 6966
f 6769 6970 6969
f 6967 6769 6969
f 6767 6769 6967
f 6970 6971 6969
f 6968 6771 6768
f 6972 6771 6968
f 6974 6973 6970
f 6769 6974 6970
f 6773 6974 6769
f 6970 6973 6971
f 6976 6975 6775
f 6775 6975 6774
f 6775 6771 6972
f 6775 6972 6976
f 6777 6974 6773
f 6777 6977 6974
f 6979 6778 6978
f 6778 6975 6978
f 6778 6774 6975
f 6980 6979 6978
f 6780 6982 6981
f 6977 6780 6981
f 6777 6780 6977
f 6982 6983 6981
f 6984 6781 6979
f 6979 6781 6778
f 6979 6980 6985
f 6979 6985 6984
f 6783 6986 6982
f 6783 6982 6780
f 6983 6982 6987
f 6987 6982 6986
f 6988 6784 6984
f 6984 6784 6781
f 6984 6985 6989
f 6984 6989 6988
f 6785 6990 6986
f 6785 6986 6783
f 6987 6986 6991
f 6991 6986 6990
f 6992 6787 6988
f 6988 6787 6784
f 6988 6989 6993
f 6988 6993 6992
f 6788 6994 6990
f 6788 6990 6785
f 6991 6990 6995
f 6995 6990 6994
f 6992 6789 6787
f 6790 6789 6992
f 6993 6790 6992
f 6996 6790 6993
f 6998 6997 6994
f 6788 6998 6994
f 6791 6998 6788
f 6994 6997 6995
f 6996 6792 6790
f 6999 6792 6996
f 6793 6998 6791
f 6793 7000 6998
f 6999 6794 6792
f 7001 6794 6999
f 6795 7003 7002
f 7000 6795 7002
f 6793 6795 7000
f 7003 7004 7002
f 7001 6796 6794
f 7005 6796 7001
f 6797 7006 7003
f 6797 7003 6795
f 7004 7003 7007
f 7007 7003 7006
f 7005 6798 6796
f 7008 6798 7005
f 6799 7009 7006
f 6799 7006 6797
f 7007 7006 7010
f 7010 7006 7009
f 7008 6800 6798
f 7011 6800 7008
f 6801 7012 7009
f 6801 7009 6799
f 7010 7009 7013
f 7013 7009 7012
f 7011 6802 6800
f 7014 6802 7011
f 6803 7012 6801
f 6803 6805 7012
f 6805 7013 7012
f 6805 7015 7013
f 7014 6806 6802
f 7016 6806 7014
f 6808 7017 6807
f 7017 7018 6807
f 7018 6805 6807
f 7018 7015 6805
f 7016 6809 6806
f 7019 6809 7016
f 6810 7017 6808
f 7021 7020 6812
f 6812 7020 6810
f 7020 7018 6810
f 7018 7017 6810
f 7021 7022 7020
f 7019 6813 6809
f 7023 6813 7019
f 6815 7024 6814
f 7021 6812 6814
f 7024 7021 6814
f 7025 7021 7024
f 7022 7021 7026
f 7026 7021 7025
f 7023 6816 6813
f 7027 6816 7023
f 6817 7028 7024
f 6817 7024 6815
f 7024 7029 7025
f 7024 7028 7029
f 7026 7025 7030
f 7025 7031 7030
f 7025 7029 7031
f 7031 7032 7030
f 6818 6816 7033
f 6816 7034 7033
f 6816 7027 7034
f 7033 6820 6818
f 6821 7035 7028
f 6821 7028 6817
f 7028 7036 7029
f 7028 7035 7036
f 7029 7037 7031
f 7029 7036 7037
f 7032 7031 7038
f 7038 7031 7037
f 7034 7039 7033
f 6820 7033 7039
f 7040 6820 7039
f 6822 6820 7040
f 6823 7035 6821
f 7035 6823 6825
f 7035 6825 7036
f 7037 7036 7041
f 7036 6827 7041
f 6827 7042 7041
f 6827 7036 6825
f 7037 7041 7038
f 7040 6828 6822
f 7043 6828 7040
f 7044 7042 6827
f 7044 6827 6831
f 6831 6833 7044
f 7044 6833 7045
f 7043 6834 6828
f 7046 6834 7043
f 7047 7045 6833
f 7047 6833 6835
f 7048 6835 6836
f 7048 7047 6835
f 6836 6838 7048
f 7048 6838 7049
f 7052 7051 7050
f 7054 7053 7050
f 7050 7053 7052
f 7054 7055 7053
f 7058 7057 7056
f 7056 7059 7058
f 7046 6839 6834
f 7060 6839 7046
f 7061 7049 6838
f 7061 6838 6840
f 6842 7050 7051
f 7061 6842 7051
f 6840 6842 7061
f 7050 6842 6844
f 7050 6844 7054
f 7063 7062 6846
f 6846 7062 6844
f 7062 7055 6844
f 7055 7054 6844
f 7065 7064 7063
f 7063 7064 7062
f 7064 7065 7057
f 7065 7056 7057
f 7065 7066 7056
f 7059 7056 7067
f 7067 7056 7066
f 7060 6848 6839
f 7068 6848 7060
f 6849 7063 6846
f 7063 6849 6850
f 7063 6850 7065
f 7065 6850 6851
f 7065 6851 7066
f 7070 7069 6853
f 6853 7069 6851
f 7069 7067 6851
f 7067 7066 6851
f 7070 7071 7069
f 7074 7073 7072
f 6854 6855 7072
f 6855 7074 7072
f 6855 7075 7074
f 6855 6848 7068
f 6855 7068 7075
f 6856 7070 6853
f 7077 7076 6858
f 6858 7076 6856
f 7076 7071 6856
f 7071 7070 6856
f 7077 7078 7076
f 7081 7080 7079
f 7079 7082 7081
f 7085 7084 7083
f 7087 7086 7083
f 7083 7086 7085
f 6859 6860 7087
f 6860 7086 7087
f 6860 7088 7086
f 6861 7072 7073
f 7088 6861 7073
f 6860 6861 7088
f 7072 6861 6854
f 6862 7077 6858
f 7089 7078 7077
f 6862 7089 7077
f 6863 7089 6862
f 7090 6863 6864
f 7090 7089 6863
f 7091 6864 6865
f 7091 7090 6864
f 6866 7079 7080
f 7091 6866 7080
f 6865 6866 7091
f 7092 7082 7079
f 6866 7092 7079
f 6867 7092 6866
f 7093 6867 6868
f 7093 7092 6867
f 7094 6868 6869
f 7094 7093 6868
f 7095 6869 6870
f 7095 7094 6869
f 7096 6870 6871
f 7096 7095 6870
f 7097 6871 6872
f 7097 7096 6871
f 6873 7083 7084
f 7097 6873 7084
f 6872 6873 7097
f 7083 6873 6874
f 7083 6874 7087
f 7087 6874 6859
f 7100 7099 7098
f 6875 6876 7098
f 7099 6875 7098
f 7101 6875 7099
f 6875 7102 6877
f 7101 7102 6875
f 6877 7103 6878
f 7102 7103 6877
f 6878 7104 6879
f 7103 7104 6878
f 6879 7105 6880
f 7104 7105 6879
f 6880 7106 6882
f 7105 7106 6880
f 6882 7107 6883
f 7106 7107 6882
f 6883 7108 6884
f 7107 7108 6883
f 6884 7109 6886
f 7108 7109 6884
f 6886 7110 6887
f 7109 7110 6886
f 6887 7111 6888
f 7110 7111 6887
f 6889 6888 7111
f 6889 7111 7112
f 7114 7113 6891
f 7114 6891 6892
f 6891 7115 6893
f 7113 7115 6891
f 6893 7116 6894
f 7115 7116 6893
f 6894 7117 6895
f 7116 7117 6894
f 6895 7118 6896
f 7117 7118 6895
f 6896 7119 6897
f 7118 7119 6896
f 6897 7120 6898
f 7119 7120 6897
f 6898 7121 6899
f 7120 7121 6898
f 7098 6900 7100
f 6900 7121 7100
f 6900 6899 7121
f 6900 7098 6876
f 7112 7122 6889
f 6889 7122 6901
f 6901 7123 6902
f 7122 7123 6901
f 6902 7124 6903
f 7123 7124 6902
f 6903 7125 6904
f 7124 7125 6903
f 6904 7126 6905
f 7125 7126 6904
f 6906 6905 7126
f 6906 7126 7127
f 7129 7128 6907
f 7129 6907 6908
f 6907 7130 6909
f 7128 7130 6907
f 6892 6909 7114
f 7114 6909 7130
f 7127 7131 6906
f 6906 7131 6910
f 6912 6910 7131
f 6912 7131 7132
f 6913 7129 6908
f 6913 7133 7129
f 7132 6915 6912
f 7134 6915 7132
f 6917 7135 6916
f 7135 7136 6916
f 7136 6913 6916
f 7136 7133 6913
f 7134 6919 6915
f 7137 6919 7134
f 6920 7138 7135
f 6920 7135 6917
f 7136 7135 7139
f 7139 7135 7138
f 7141 7140 6922
f 6922 7140 6921
f 6922 6919 7137
f 6922 7137 7141
f 7143 7142 7138
f 6920 7143 7138
f 6923 7143 6920
f 7138 7142 7139
f 7146 7145 7144
f 7140 7146 7144
f 6924 7140 7144
f 6921 7140 6924
f 6925 7143 6923
f 6925 7147 7143
f 7144 7145 6927
f 7145 6926 6927
f 7145 7148 6926
f 7144 6927 6924
f 6928 7147 6925
f 6928 7149 7147
f 7152 7151 7150
f 7148 7152 7150
f 6929 7148 7150
f 6926 7148 6929
f 6930 7149 6928
f 6930 7153 7149
f 7150 7151 6932
f 7151 6931 6932
f 7151 7154 6931
f 7150 6932 6929
f 6934 7153 6930
f 6934 7155 7153
f 7157 7156 6937
f 6937 7156 6936
f 6937 6931 7154
f 6937 7154 7157
f 6939 7155 6934
f 6939 7158 7155
f 7156 6941 6936
f 7159 6941 7156
f 7161 7160 6943
f 7161 6943 6944
f 6939 6943 7158
f 7158 6943 7160
f 7164 7163 7162
f 7159 7164 7162
f 6947 7159 7162
f 6941 7159 6947
f 6948 7161 6944
f 6948 7165 7161
f 7163 7166 7162
f 6947 7162 7166
f 7167 6947 7166
f 6950 6947 7167
f 6952 7168 6951
f 7168 7169 6951
f 7169 6948 6951
f 7169 7165 6948
f 7167 6953 6950
f 7170 6953 7167
f 6954 7168 6952
f 6954 6956 7168
f 6956 7169 7168
f 6956 7171 7169
f 6957 6953 7172
f 6953 7173 7172
f 6953 7170 7173
f 7172 6958 6957
f 6959 7175 7174
f 7171 6959 7174
f 6956 6959 7171
f 7175 7176 7174
f 7173 7177 7172
f 6958 7172 7177
f 7178 6958 7177
f 6960 6958 7178
f 7180 7179 7175
f 6959 7180 7175
f 6961 7180 6959
f 7175 7179 7176
f 7178 6962 6960
f 7181 6962 7178
f 6963 7183 7182
f 7180 6963 7182
f 6961 6963 7180
f 7183 7184 7182
f 7181 6964 6962
f 7185 6964 7181
f 6965 7186 7183
f 6965 7183 6963
f 7184 7183 7187
f 7187 7183 7186
f 7185 6966 6964
f 7188 6966 7185
f 6967 7189 7186
f 6967 7186 6965
f 7187 7186 7190
f 7190 7186 7189
f 7188 6968 6966
f 7191 6968 7188
f 6969 7189 6967
f 6969 6971 7189
f 6971 7190 7189
f 6971 7192 7190
f 7191 6972 6968
f 7193 6972 7191
f 6974 7194 6973
f 7194 7195 6973
f 7195 6971 6973
f 7195 7192 6971
f 7196 6975 6976
f 7197 7196 6976
f 6972 7197 6976
f 7193 7197 6972
f 6977 7198 7194
f 6977 7194 6974
f 7195 7194 7199
f 7199 7194 7198
f 7196 6978 6975
f 6980 6978 7196
f 7197 6980 7196
f 7200 6980 7197
f 6981 7198 6977
f 6981 6983 7198
f 6983 7199 7198
f 6983 7201 7199
f 7200 6985 6980
f 7202 6985 7200
f 6987 7201 6983
f 6987 7203 7201
f 7202 6989 6985
f 7204 6989 7202
f 6991 7203 6987
f 6991 7205 7203
f 7204 6993 6989
f 7206 6993 7204
f 7209 7208 7207
f 7208 7205 7207
f 7205 6995 7207
f 7205 6991 6995
f 7206 6996 6993
f 7210 6996 7206
f 7209 7207 6997
f 6998 7209 6997
f 7211 7209 6998
f 6997 7207 6995
f 7210 6999 6996
f 7212 6999 7210
f 7000 7211 6998
f 7000 7213 7211
f 7212 7001 6999
f 7214 7001 7212
f 7000 7002 7215
f 7216 7000 7215
f 7213 7000 7216
f 7004 7215 7002
f 7214 7005 7001
f 7217 7005 7214
f 7218 7216 7215
f 7215 7004 7218
f 7004 7219 7218
f 7004 7007 7219
f 7217 7008 7005
f 7220 7008 7217
f 7010 7219 7007
f 7010 7221 7219
f 7220 7011 7008
f 7222 7011 7220
f 7013 7221 7010
f 7013 7223 7221
f 7222 7014 7011
f 7224 7014 7222
f 7015 7223 7013
f 7015 7225 7223
f 7224 7016 7014
f 7226 7016 7224
f 7018 7225 7015
f 7018 7227 7225
f 7226 7019 7016
f 7228 7019 7226
f 7229 7227 7018
f 7229 7018 7020
f 7020 7022 7229
f 7229 7022 7230
f 7228 7023 7019
f 7231 7023 7228
f 7026 7230 7022
f 7026 7232 7230
f 7231 7027 7023
f 7233 7027 7231
f 7234 7232 7026
f 7234 7026 7030
f 7030 7032 7234
f 7234 7032 7235
f 7233 7034 7027
f 7236 7034 7233
f 7038 7235 7032
f 7038 7237 7235
f 7039 7034 7238
f 7034 7239 7238
f 7034 7236 7239
f 7238 7040 7039
f 7241 7240 7041
f 7241 7041 7042
f 7038 7041 7237
f 7237 7041 7240
f 7239 7242 7238
f 7040 7238 7242
f 7243 7040 7242
f 7043 7040 7243
f 7244 7241 7042
f 7244 7042 7044
f 7044 7045 7244
f 7244 7045 7245
f 7248 7247 7246
f 7243 7248 7246
f 7046 7243 7246
f 7043 7243 7046
f 7249 7245 7045
f 7249 7045 7047
f 7250 7047 7048
f 7250 7249 7047
f 7252 7251 7049
f 7251 7048 7049
f 7251 7250 7048
f 7051 7052 7252
f 7052 7251 7252
f 7052 7253 7251
f 7254 7052 7053
f 7254 7253 7052
f 7256 7255 7055
f 7255 7053 7055
f 7255 7254 7053
f 7258 7257 7256
f 7256 7257 7255
f 7057 7058 7258
f 7058 7257 7258
f 7058 7259 7257
f 7058 7059 7259
f 7259 7059 7260
f 7247 7261 7246
f 7046 7246 7261
f 7262 7046 7261
f 7060 7046 7262
f 7061 7252 7049
f 7252 7061 7051
f 7062 7256 7055
f 7256 7062 7064
f 7256 7064 7258
f 7258 7064 7057
f 7067 7264 7263
f 7260 7067 7263
f 7059 7067 7260
f 7264 7265 7263
f 7268 7267 7266
f 7262 7268 7266
f 7068 7262 7266
f 7060 7262 7068
f 7069 7264 7067
f 7069 7071 7264
f 7071 7265 7264
f 7071 7269 7265
f 7272 7271 7270
f 7073 7074 7270
f 7074 7272 7270
f 7074 7273 7272
f 7075 7266 7267
f 7273 7075 7267
f 7074 7075 7273
f 7266 7075 7068
f 7274 7269 7071
f 7274 7071 7076
f 7076 7078 7274
f 7274 7078 7275
f 7277 7276 7081
f 7081 7276 7080
f 7279 7278 7082
f 7278 7081 7082
f 7278 7277 7081
f 7281 7280 7279
f 7279 7280 7278
f 7281 7282 7280
f 7285 7284 7283
f 7084 7085 7283
f 7085 7285 7283
f 7085 7286 7285
f 7287 7085 7086
f 7287 7286 7085
f 7088 7270 7271
f 7287 7088 7271
f 7086 7088 7287
f 7270 7088 7073
f 7288 7275 7078
f 7288 7078 7089
f 7289 7089 7090
f 7289 7288 7089
f 7290 7090 7091
f 7290 7289 7090
f 7091 7080 7276
f 7091 7276 7290
f 7092 7279 7082
f 7279 7092 7093
f 7279 7093 7281
f 7291 7282 7281
f 7093 7291 7281
f 7094 7291 7093
f 7292 7094 7095
f 7292 7291 7094
f 7293 7095 7096
f 7293 7292 7095
f 7097 7283 7284
f 7293 7097 7284
f 7096 7097 7293
f 7283 7097 7084
f 7295 7294 7099
f 7295 7099 7100
f 7099 7296 7101
f 7294 7296 7099
f 7101 7297 7102
f 7296 7297 7101
f 7102 7298 7103
f 7297 7298 7102
f 7103 7299 7104
f 7298 7299 7103
f 7104 7300 7105
f 7299 7300 7104
f 7105 7301 7106
f 7300 7301 7105
f 7301 7303 7302
f 7107 7301 7302
f 7106 7301 7107
f 7304 7108 7107
f 7304 7107 7302
f 7305 7109 7108
f 7305 7108 7304
f 7306 7110 7109
f 7306 7109 7305
f 7307 7111 7110
f 7307 7110 7306
f 7307 7112 7111
f 7114 7308 7113
f 7113 7308 7309
f 7310 7113 7309
f 7115 7113 7310
f 7115 7311 7116
f 7310 7311 7115
f 7116 7312 7117
f 7311 7312 7116
f 7117 7313 7118
f 7312 7313 7117
f 7118 7314 7119
f 7313 7314 7118
f 7119 7315 7120
f 7314 7315 7119
f 7120 7316 7121
f 7315 7316 7120
f 7100 7121 7295
f 7295 7121 7316
f 7303 7317 7302
f 7302 7317 7304
f 7304 7317 7318
f 7304 7318 7305
f 7305 7318 7319
f 7305 7319 7306
f 7306 7319 7320
f 7306 7320 7307
f 7307 7320 7321
f 7307 7321 7112
f 7321 7122 7112
f 7321 7322 7122
f 7122 7323 7123
f 7322 7323 7122
f 7123 7324 7124
f 7323 7324 7123
f 7124 7325 7125
f 7324 7325 7124
f 7125 7326 7126
f 7325 7326 7125
f 7127 7126 7326
f 7127 7326 7327
f 7129 7328 7128
f 7128 7328 7329
f 7330 7128 7329
f 7130 7128 7330
f 7114 7130 7308
f 7130 7331 7308
f 7130 7330 7331
f 7308 7331 7309
f 7131 7127 7332
f 7127 7333 7332
f 7127 7327 7333
f 7332 7132 7131
f 7133 7334 7328
f 7133 7328 7129
f 7329 7328 7335
f 7335 7328 7334
f 7333 7336 7332
f 7132 7332 7336
f 7337 7132 7336
f 7134 7132 7337
f 7339 7338 7334
f 7133 7339 7334
f 7136 7339 7133
f 7334 7338 7335
f 7342 7341 7340
f 7337 7342 7340
f 7137 7337 7340
f 7134 7337 7137
f 7139 7339 7136
f 7139 7343 7339
f 7346 7345 7344
f 7346 7344 7341
f 7341 7344 7340
f 7344 7140 7340
f 7140 7141 7340
f 7340 7141 7137
f 7143 7347 7142
f 7347 7348 7142
f 7348 7139 7142
f 7348 7343 7139
f 7344 7345 7146
f 7345 7145 7146
f 7345 7349 7145
f 7344 7146 7140
f 7147 7350 7347
f 7147 7347 7143
f 7348 7347 7351
f 7351 7347 7350
f 7354 7353 7352
f 7349 7354 7352
f 7148 7349 7352
f 7145 7349 7148
f 7356 7355 7350
f 7147 7356 7350
f 7149 7356 7147
f 7350 7355 7351
f 7352 7353 7152
f 7353 7151 7152
f 7353 7357 7151
f 7352 7152 7148
f 7153 7356 7149
f 7153 7358 7356
f 7357 7154 7151
f 7359 7154 7357
f 7155 7358 7153
f 7155 7360 7358
f 7363 7362 7361
f 7156 7157 7361
f 7157 7363 7361
f 7157 7364 7363
f 7157 7154 7359
f 7157 7359 7364
f 7367 7366 7365
f 7366 7360 7365
f 7360 7158 7365
f 7360 7155 7158
f 7361 7362 7368
f 7368 7362 7369
f 7368 7159 7156
f 7368 7156 7361
f 7367 7365 7160
f 7161 7367 7160
f 7370 7367 7161
f 7160 7365 7158
f 7368 7369 7164
f 7369 7163 7164
f 7369 7371 7163
f 7368 7164 7159
f 7165 7370 7161
f 7165 7372 7370
f 7166 7163 7373
f 7163 7374 7373
f 7163 7371 7374
f 7373 7167 7166
f 7169 7372 7165
f 7169 7375 7372
f 7374 7376 7373
f 7167 7373 7376
f 7377 7167 7376
f 7170 7167 7377
f 7171 7375 7169
f 7171 7378 7375
f 7377 7173 7170
f 7379 7173 7377
f 7171 7174 7380
f 7381 7171 7380
f 7378 7171 7381
f 7176 7380 7174
f 7379 7382 7173
f 7173 7382 7177
f 7178 7177 7382
f 7178 7382 7383
f 7381 7380 7179
f 7180 7381 7179
f 7384 7381 7180
f 7179 7380 7176
f 7383 7181 7178
f 7385 7181 7383
f 7180 7182 7386
f 7387 7180 7386
f 7384 7180 7387
f 7184 7386 7182
f 7385 7185 7181
f 7388 7185 7385
f 7387 7386 7389
f 7387 7389 7390
f 7187 7389 7184
f 7184 7389 7386
f 7388 7188 7185
f 7391 7188 7388
f 7390 7389 7392
f 7390 7392 7393
f 7190 7392 7187
f 7187 7392 7389
f 7396 7395 7394
f 7391 7396 7394
f 7191 7391 7394
f 7188 7391 7191
f 7393 7392 7397
f 7393 7397 7398
f 7192 7397 7190
f 7190 7397 7392
f 7395 7399 7394
f 7191 7394 7399
f 7400 7191 7399
f 7193 7191 7400
f 7398 7397 7401
f 7398 7401 7402
f 7195 7401 7192
f 7192 7401 7397
f 7400 7197 7193
f 7403 7197 7400
f 7402 7401 7404
f 7402 7404 7405
f 7199 7404 7195
f 7195 7404 7401
f 7403 7200 7197
f 7406 7200 7403
f 7405 7404 7407
f 7405 7407 7408
f 7201 7407 7199
f 7199 7407 7404
f 7406 7202 7200
f 7409 7202 7406
f 7408 7407 7410
f 7408 7410 7411
f 7203 7410 7201
f 7201 7410 7407
f 7409 7204 7202
f 7412 7204 7409
f 7411 7410 7413
f 7411 7413 7414
f 7205 7413 7203
f 7203 7413 7410
f 7412 7206 7204
f 7415 7206 7412
f 7414 7413 7208
f 7209 7414 7208
f 7416 7414 7209
f 7208 7413 7205
f 7415 7210 7206
f 7417 7210 7415
f 7211 7416 7209
f 7211 7418 7416
f 7417 7212 7210
f 7419 7212 7417
f 7213 7418 7211
f 7213 7420 7418
f 7419 7214 7212
f 7421 7214 7419
f 7216 7420 7213
f 7216 7422 7420
f 7421 7217 7214
f 7423 7217 7421
f 7216 7218 7424
f 7425 7216 7424
f 7422 7216 7425
f 7219 7424 7218
f 7423 7220 7217
f 7426 7220 7423
f 7427 7425 7424
f 7424 7219 7427
f 7219 7428 7427
f 7219 7221 7428
f 7426 7222 7220
f 7429 7222 7426
f 7223 7428 7221
f 7223 7430 7428
f 7429 7224 7222
f 7431 7224 7429
f 7225 7430 7223
f 7225 7432 7430
f 7431 7226 7224
f 7433 7226 7431
f 7227 7432 7225
f 7227 7434 7432
f 7433 7228 7226
f 7435 7228 7433
f 7227 7229 7436
f 7437 7227 7436
f 7434 7227 7437
f 7230 7436 7229
f 7435 7231 7228
f 7438 7231 7435
f 7439 7437 7436
f 7436 7230 7439
f 7230 7440 7439
f 7230 7232 7440
f 7438 7233 7231
f 7441 7233 7438
f 7232 7234 7442
f 7443 7232 7442
f 7440 7232 7443
f 7235 7442 7234
f 7441 7236 7233
f 7444 7236 7441
f 7447 7446 7445
f 7445 7446 7443
f 7442 7445 7443
f 7448 7445 7442
f 7237 7448 7235
f 7235 7448 7442
f 7444 7239 7236
f 7449 7239 7444
f 7447 7445 7450
f 7447 7450 7451
f 7241 7450 7240
f 7450 7448 7240
f 7450 7445 7448
f 7240 7448 7237
f 7242 7239 7452
f 7239 7453 7452
f 7239 7449 7453
f 7452 7243 7242
f 7454 7451 7450
f 7456 7454 7455
f 7455 7454 7244
f 7454 7450 7244
f 7450 7241 7244
f 7245 7455 7244
f 7452 7453 7248
f 7453 7247 7248
f 7453 7457 7247
f 7452 7248 7243
f 7458 7456 7455
f 7458 7455 7245
f 7249 7458 7245
f 7459 7458 7249
f 7460 7249 7250
f 7460 7459 7249
f 7461 7250 7251
f 7461 7460 7250
f 7462 7251 7253
f 7462 7461 7251
f 7463 7253 7254
f 7463 7462 7253
f 7464 7254 7255
f 7464 7463 7254
f 7465 7255 7257
f 7465 7464 7255
f 7466 7257 7259
f 7466 7465 7257
f 7259 7260 7466
f 7466 7260 7467
f 7261 7247 7468
f 7247 7469 7468
f 7247 7457 7469
f 7468 7262 7261
f 7470 7467 7260
f 7470 7260 7263
f 7263 7265 7470
f 7470 7265 7471
f 7474 7473 7472
f 7474 7472 7469
f 7469 7472 7468
f 7472 7267 7468
f 7267 7268 7468
f 7468 7268 7262
f 7269 7471 7265
f 7269 7475 7471
f 7477 7476 7272
f 7272 7476 7271
f 7273 7472 7473
f 7477 7273 7473
f 7272 7273 7477
f 7472 7273 7267
f 7478 7475 7269
f 7478 7269 7274
f 7480 7479 7275
f 7479 7274 7275
f 7479 7478 7274
f 7482 7481 7480
f 7480 7481 7479
f 7484 7483 7482
f 7482 7483 7481
f 7276 7277 7484
f 7277 7483 7484
f 7277 7485 7483
f 7486 7277 7278
f 7486 7485 7277
f 7487 7278 7280
f 7487 7486 7278
f 7489 7488 7282
f 7488 7280 7282
f 7488 7487 7280
f 7491 7490 7489
f 7489 7490 7488
f 7493 7492 7491
f 7491 7492 7490
f 7284 7285 7493
f 7285 7492 7493
f 7285 7494 7492
f 7495 7285 7286
f 7495 7494 7285
f 7496 7286 7287
f 7496 7495 7286
f 7287 7271 7476
f 7287 7476 7496
f 7288 7480 7275
f 7480 7288 7289
f 7480 7289 7482
f 7482 7289 7290
f 7482 7290 7484
f 7484 7290 7276
f 7291 7489 7282
f 7489 7291 7292
f 7489 7292 7491
f 7491 7292 7293
f 7491 7293 7493
f 7493 7293 7284
f 7498 7497 7294
f 7498 7294 7295
f 7294 7499 7296
f 7497 7499 7294
f 7296 7500 7297
f 7499 7500 7296
f 7500 7502 7501
f 7298 7500 7501
f 7297 7500 7298
f 7503 7299 7298
f 7503 7298 7501
f 7504 7300 7299
f 7504 7299 7503
f 7505 7301 7300
f 7505 7300 7504
f 7505 7303 7301
f 7309 7506 7310
f 7507 7311 7310
f 7507 7310 7506
f 7311 7507 7508
f 7509 7311 7508
f 7312 7311 7509
f 7312 7510 7313
f 7509 7510 7312
f 7313 7511 7314
f 7510 7511 7313
f 7314 7512 7315
f 7511 7512 7314
f 7315 7513 7316
f 7512 7513 7315
f 7295 7316 7498
f 7498 7316 7513
f 7502 7514 7501
f 7501 7514 7503
f 7503 7514 7515
f 7503 7515 7504
f 7504 7515 7516
f 7504 7516 7505
f 7505 7516 7517
f 7505 7517 7303
f 7517 7317 7303
f 7517 7518 7317
f 7317 7519 7318
f 7518 7519 7317
f 7318 7520 7319
f 7519 7520 7318
f 7319 7521 7320
f 7520 7521 7319
f 7320 7522 7321
f 7521 7522 7320
f 7321 7523 7322
f 7522 7523 7321
f 7523 7525 7524
f 7323 7523 7524
f 7322 7523 7323
f 7526 7324 7323
f 7526 7323 7524
f 7527 7325 7324
f 7527 7324 7526
f 7528 7326 7325
f 7528 7325 7527
f 7528 7327 7326
f 7329 7529 7330
f 7330 7529 7530
f 7531 7330 7530
f 7331 7330 7531
f 7309 7331 7506
f 7331 7532 7506
f 7331 7531 7532
f 7506 7532 7507
f 7507 7532 7533
f 7507 7533 7508
f 7525 7534 7524
f 7524 7534 7526
f 7526 7534 7535
f 7537 7536 7535
f 7536 7526 7535
f 7536 7527 7526
f 7527 7538 7528
f 7527 7536 7538
f 7538 7333 7327
f 7538 7327 7528
f 7540 7539 7529
f 7329 7540 7529
f 7335 7540 7329
f 7529 7539 7530
f 7537 7541 7536
f 7536 7541 7538
f 7538 7541 7542
f 7542 7544 7543
f 7542 7543 7336
f 7538 7542 7336
f 7333 7538 7336
f 7543 7337 7336
f 7339 7545 7338
f 7545 7546 7338
f 7546 7335 7338
f 7546 7540 7335
f 7543 7544 7342
f 7544 7341 7342
f 7544 7547 7341
f 7543 7342 7337
f 7549 7548 7545
f 7339 7549 7545
f 7343 7549 7339
f 7545 7548 7546
f 7551 7550 7346
f 7346 7550 7345
f 7346 7341 7547
f 7346 7547 7551
f 7348 7549 7343
f 7348 7552 7549
f 7550 7349 7345
f 7553 7349 7550
f 7351 7552 7348
f 7351 7554 7552
f 7556 7555 7354
f 7354 7555 7353
f 7354 7349 7553
f 7354 7553 7556
f 7558 7557 7355
f 7558 7355 7356
f 7351 7355 7554
f 7554 7355 7557
f 7555 7357 7353
f 7559 7357 7555
f 7358 7558 7356
f 7358 7560 7558
f 7563 7562 7561
f 7559 7563 7561
f 7359 7559 7561
f 7357 7559 7359
f 7360 7560 7358
f 7360 7564 7560
f 7566 7565 7363
f 7363 7565 7362
f 7364 7561 7562
f 7566 7364 7562
f 7363 7364 7566
f 7561 7364 7359
f 7568 7567 7366
f 7568 7366 7367
f 7360 7366 7564
f 7564 7366 7567
f 7565 7369 7362
f 7569 7369 7565
f 7370 7568 7367
f 7370 7570 7568
f 7569 7371 7369
f 7571 7371 7569
f 7372 7570 7370
f 7372 7572 7570
f 7571 7374 7371
f 7573 7374 7571
f 7375 7572 7372
f 7375 7574 7572
f 7376 7374 7575
f 7374 7576 7575
f 7374 7573 7576
f 7575 7377 7376
f 7378 7574 7375
f 7378 7577 7574
f 7575 7576 7578
f 7578 7576 7579
f 7578 7379 7377
f 7578 7377 7575
f 7381 7577 7378
f 7381 7580 7577
f 7579 7581 7578
f 7581 7583 7582
f 7581 7582 7382
f 7578 7581 7382
f 7379 7578 7382
f 7582 7383 7382
f 7384 7580 7381
f 7384 7584 7580
f 7582 7583 7585
f 7585 7583 7586
f 7585 7385 7383
f 7585 7383 7582
f 7387 7584 7384
f 7387 7587 7584
f 7586 7588 7585
f 7385 7585 7588
f 7589 7385 7588
f 7388 7385 7589
f 7390 7587 7387
f 7390 7590 7587
f 7593 7592 7591
f 7589 7593 7591
f 7391 7589 7591
f 7388 7589 7391
f 7393 7590 7390
f 7393 7594 7590
f 7591 7592 7396
f 7592 7395 7396
f 7592 7595 7395
f 7591 7396 7391
f 7398 7594 7393
f 7398 7596 7594
f 7399 7395 7597
f 7395 7598 7597
f 7395 7595 7598
f 7597 7400 7399
f 7402 7596 7398
f 7402 7599 7596
f 7598 7600 7597
f 7400 7597 7600
f 7601 7400 7600
f 7403 7400 7601
f 7405 7599 7402
f 7405 7602 7599
f 7601 7406 7403
f 7603 7406 7601
f 7408 7602 7405
f 7408 7604 7602
f 7603 7409 7406
f 7605 7409 7603
f 7411 7604 7408
f 7411 7606 7604
f 7605 7412 7409
f 7607 7412 7605
f 7414 7606 7411
f 7414 7608 7606
f 7607 7415 7412
f 7609 7415 7607
f 7416 7608 7414
f 7416 7610 7608
f 7609 7417 7415
f 7611 7417 7609
f 7418 7610 7416
f 7418 7612 7610
f 7611 7419 7417
f 7613 7419 7611
f 7420 7612 7418
f 7420 7614 7612
f 7613 7421 7419
f 7615 7421 7613
f 7422 7614 7420
f 7422 7616 7614
f 7615 7423 7421
f 7617 7423 7615
f 7425 7616 7422
f 7425 7618 7616
f 7617 7426 7423
f 7619 7426 7617
f 7425 7427 7620
f 7621 7425 7620
f 7618 7425 7621
f 7428 7620 7427
f 7619 7429 7426
f 7622 7429 7619
f 7623 7621 7620
f 7620 7428 7623
f 7428 7624 7623
f 7428 7430 7624
f 7622 7431 7429
f 7625 7431 7622
f 7432 7624 7430
f 7432 7626 7624
f 7629 7628 7627
f 7625 7629 7627
f 7433 7625 7627
f 7431 7625 7433
f 7434 7626 7432
f 7434 7630 7626
f 7627 7628 7631
f 7631 7628 7632
f 7631 7435 7433
f 7631 7433 7627
f 7437 7630 7434
f 7437 7633 7630
f 7631 7632 7634
f 7634 7632 7635
f 7634 7438 7435
f 7634 7435 7631
f 7437 7439 7636
f 7637 7437 7636
f 7633 7437 7637
f 7440 7636 7439
f 7634 7635 7638
f 7638 7635 7639
f 7638 7441 7438
f 7638 7438 7634
f 7637 7636 7640
f 7637 7640 7641
f 7443 7640 7440
f 7440 7640 7636
f 7638 7639 7642
f 7642 7639 7643
f 7642 7444 7441
f 7642 7441 7638
f 7641 7645 7644
f 7641 7447 7645
f 7641 7640 7446
f 7447 7641 7446
f 7640 7443 7446
f 7646 7644 7645
f 7642 7643 7647
f 7647 7643 7648
f 7647 7449 7444
f 7647 7444 7642
f 7650 7649 7645
f 7447 7650 7645
f 7451 7650 7447
f 7645 7649 7646
f 7647 7648 7651
f 7651 7648 7652
f 7651 7453 7449
f 7651 7449 7647
f 7653 7650 7451
f 7653 7451 7454
f 7655 7654 7456
f 7654 7454 7456
f 7654 7653 7454
f 7655 7656 7654
f 7659 7658 7657
f 7657 7660 7659
f 7663 7662 7661
f 7661 7664 7663
f 7651 7652 7665
f 7665 7652 7666
f 7665 7457 7453
f 7665 7453 7651
f 7458 7655 7456
f 7667 7656 7655
f 7458 7667 7655
f 7459 7667 7458
f 7668 7459 7460
f 7668 7667 7459
f 7669 7460 7461
f 7669 7668 7460
f 7670 7461 7462
f 7670 7669 7461
f 7463 7657 7658
f 7670 7463 7658
f 7462 7463 7670
f 7671 7660 7657
f 7463 7671 7657
f 7464 7671 7463
f 7465 7661 7662
f 7671 7465 7662
f 7464 7465 7671
f 7672 7664 7661
f 7465 7672 7661
f 7466 7672 7465
f 7674 7673 7467
f 7673 7466 7467
f 7673 7672 7466
f 7674 7675 7673
f 7665 7666 7676
f 7676 7666 7677
f 7676 7469 7457
f 7676 7457 7665
f 7470 7674 7467
f 7470 7471 7674
f 7471 7675 7674
f 7471 7678 7675
f 7681 7680 7679
f 7683 7682 7679
f 7679 7682 7681
f 7685 7684 7683
f 7683 7684 7682
f 7684 7685 7677
f 7677 7685 7676
f 7685 7473 7676
f 7473 7474 7676
f 7676 7474 7469
f 7475 7687 7686
f 7678 7475 7686
f 7471 7475 7678
f 7687 7688 7686
f 7691 7690 7689
f 7689 7692 7691
f 7695 7694 7693
f 7697 7696 7693
f 7693 7696 7695
f 7696 7697 7680
f 7697 7679 7680
f 7697 7698 7679
f 7679 7699 7683
f 7679 7698 7699
f 7699 7476 7477
f 7685 7699 7477
f 7683 7699 7685
f 7685 7477 7473
f 7478 7687 7475
f 7700 7688 7687
f 7478 7700 7687
f 7479 7700 7478
f 7701 7479 7481
f 7701 7700 7479
f 7702 7481 7483
f 7702 7701 7481
f 7485 7689 7690
f 7702 7485 7690
f 7483 7485 7702
f 7703 7692 7689
f 7485 7703 7689
f 7486 7703 7485
f 7704 7486 7487
f 7704 7703 7486
f 7705 7487 7488
f 7705 7704 7487
f 7706 7488 7490
f 7706 7705 7488
f 7492 7693 7694
f 7706 7492 7694
f 7490 7492 7706
f 7693 7492 7494
f 7693 7494 7697
f 7697 7494 7495
f 7697 7495 7698
f 7698 7495 7496
f 7698 7496 7699
f 7699 7496 7476
f 7708 7707 7497
f 7708 7497 7498
f 7497 7709 7499
f 7707 7709 7497
f 7499 7710 7500
f 7709 7710 7499
f 7502 7500 7710
f 7502 7710 7711
f 7508 7712 7509
f 7713 7510 7509
f 7713 7509 7712
f 7714 7511 7510
f 7714 7510 7713
f 7511 7714 7715
f 7716 7511 7715
f 7512 7511 7716
f 7512 7717 7513
f 7716 7717 7512
f 7498 7513 7708
f 7708 7513 7717
f 7711 7718 7502
f 7502 7718 7514
f 7514 7719 7515
f 7718 7719 7514
f 7515 7720 7516
f 7719 7720 7515
f 7516 7721 7517
f 7720 7721 7516
f 7517 7722 7518
f 7721 7722 7517
f 7518 7723 7519
f 7722 7723 7518
f 7519 7724 7520
f 7723 7724 7519
f 7520 7725 7521
f 7724 7725 7520
f 7521 7726 7522
f 7725 7726 7521
f 7726 7728 7727
f 7523 7726 7727
f 7522 7726 7523
f 7727 7525 7523
f 7530 7729 7531
f 7531 7729 7730
f 7731 7531 7730
f 7532 7531 7731
f 7532 7732 7533
f 7731 7732 7532
f 7508 7533 7712
f 7533 7733 7712
f 7533 7732 7733
f 7712 7733 7713
f 7713 7733 7734
f 7713 7734 7714
f 7714 7734 7735
f 7714 7735 7715
f 7728 7736 7727
f 7727 7736 7525
f 7736 7534 7525
f 7736 7737 7534
f 7737 7739 7738
f 7535 7737 7738
f 7534 7737 7535
f 7738 7537 7535
f 7540 7740 7539
f 7740 7741 7539
f 7539 7741 7530
f 7741 7742 7530
f 7742 7729 7530
f 7729 7742 7730
f 7738 7739 7743
f 7743 7739 7744
f 7745 7541 7537
f 7738 7745 7537
f 7743 7745 7738
f 7746 7542 7541
f 7746 7541 7745
f 7746 7544 7542
f 7748 7747 7740
f 7540 7748 7740
f 7546 7748 7540
f 7740 7747 7741
f 7744 7749 7743
f 7743 7749 7745
f 7745 7749 7750
f 7752 7751 7750
f 7751 7745 7750
f 7751 7746 7745
f 7751 7547 7544
f 7751 7544 7746
f 7549 7753 7548
f 7753 7754 7548
f 7754 7546 7548
f 7754 7748 7546
f 7751 7752 7551
f 7752 7550 7551
f 7752 7755 7550
f 7751 7551 7547
f 7757 7756 7753
f 7549 7757 7753
f 7552 7757 7549
f 7753 7756 7754
f 7755 7553 7550
f 7758 7553 7755
f 7761 7760 7759
f 7760 7757 7759
f 7757 7554 7759
f 7757 7552 7554
f 7763 7762 7556
f 7556 7762 7555
f 7556 7553 7758
f 7556 7758 7763
f 7761 7759 7557
f 7558 7761 7557
f 7764 7761 7558
f 7557 7759 7554
f 7762 7559 7555
f 7765 7559 7762
f 7560 7764 7558
f 7560 7766 7764
f 7768 7767 7563
f 7563 7767 7562
f 7563 7559 7765
f 7563 7765 7768
f 7564 7766 7560
f 7564 7769 7766
f 7770 7565 7566
f 7771 7770 7566
f 7562 7771 7566
f 7767 7771 7562
f 7773 7772 7567
f 7773 7567 7568
f 7564 7567 7769
f 7769 7567 7772
f 7774 7569 7770
f 7770 7569 7565
f 7770 7771 7775
f 7770 7775 7774
f 7570 7773 7568
f 7570 7776 7773
f 7778 7777 7774
f 7777 7569 7774
f 7777 7571 7569
f 7778 7774 7775
f 7572 7776 7570
f 7572 7779 7776
f 7777 7573 7571
f 7780 7573 7777
f 7574 7779 7572
f 7574 7781 7779
f 7784 7783 7782
f 7780 7784 7782
f 7576 7780 7782
f 7573 7780 7576
f 7577 7781 7574
f 7577 7785 7781
f 7782 7783 7786
f 7786 7783 7787
f 7786 7579 7576
f 7786 7576 7782
f 7580 7785 7577
f 7580 7788 7785
f 7787 7789 7786
f 7789 7791 7790
f 7789 7790 7581
f 7786 7789 7581
f 7579 7786 7581
f 7790 7583 7581
f 7584 7788 7580
f 7584 7792 7788
f 7790 7791 7793
f 7793 7791 7794
f 7793 7586 7583
f 7793 7583 7790
f 7587 7792 7584
f 7587 7795 7792
f 7793 7794 7796
f 7796 7794 7797
f 7798 7588 7586
f 7793 7798 7586
f 7796 7798 7793
f 7798 7589 7588
f 7590 7795 7587
f 7590 7799 7795
f 7796 7797 7800
f 7800 7797 7801
f 7800 7592 7593
f 7798 7800 7593
f 7796 7800 7798
f 7798 7593 7589
f 7594 7799 7590
f 7594 7802 7799
f 7800 7801 7803
f 7803 7801 7804
f 7803 7595 7592
f 7803 7592 7800
f 7596 7802 7594
f 7596 7805 7802
f 7803 7804 7806
f 7806 7804 7807
f 7806 7598 7595
f 7806 7595 7803
f 7599 7805 7596
f 7599 7808 7805
f 7806 7807 7809
f 7809 7807 7810
f 7811 7600 7598
f 7806 7811 7598
f 7809 7811 7806
f 7811 7601 7600
f 7602 7808 7599
f 7602 7812 7808
f 7809 7810 7813
f 7813 7810 7814
f 7809 7815 7811
f 7809 7813 7815
f 7815 7603 7601
f 7815 7601 7811
f 7604 7812 7602
f 7604 7816 7812
f 7813 7814 7817
f 7817 7814 7818
f 7813 7819 7815
f 7813 7817 7819
f 7819 7605 7603
f 7819 7603 7815
f 7606 7816 7604
f 7606 7820 7816
f 7817 7818 7821
f 7821 7818 7822
f 7817 7823 7819
f 7817 7821 7823
f 7823 7607 7605
f 7823 7605 7819
f 7608 7820 7606
f 7608 7824 7820
f 7821 7822 7825
f 7825 7822 7826
f 7821 7827 7823
f 7821 7825 7827
f 7827 7609 7607
f 7827 7607 7823
f 7610 7824 7608
f 7610 7828 7824
f 7825 7826 7829
f 7829 7826 7830
f 7825 7831 7827
f 7825 7829 7831
f 7831 7611 7609
f 7831 7609 7827
f 7612 7828 7610
f 7612 7832 7828
f 7830 7833 7829
f 7835 7834 7833
f 7834 7829 7833
f 7834 7831 7829
f 7834 7613 7611
f 7834 7611 7831
f 7614 7832 7612
f 7614 7836 7832
f 7834 7835 7837
f 7837 7835 7838
f 7837 7615 7613
f 7837 7613 7834
f 7616 7836 7614
f 7616 7839 7836
f 7837 7838 7840
f 7840 7838 7841
f 7840 7617 7615
f 7840 7615 7837
f 7618 7843 7842
f 7839 7618 7842
f 7616 7618 7839
f 7843 7844 7842
f 7841 7845 7840
f 7617 7840 7845
f 7846 7617 7845
f 7619 7617 7846
f 7621 7847 7843
f 7621 7843 7618
f 7844 7843 7848
f 7848 7843 7847
f 7846 7622 7619
f 7849 7622 7846
f 7623 7847 7621
f 7623 7624 7847
f 7624 7848 7847
f 7624 7850 7848
f 7853 7852 7851
f 7849 7853 7851
f 7625 7849 7851
f 7622 7849 7625
f 7626 7850 7624
f 7626 7854 7850
f 7857 7856 7855
f 7857 7855 7852
f 7852 7855 7851
f 7855 7628 7851
f 7628 7629 7851
f 7851 7629 7625
f 7630 7854 7626
f 7630 7858 7854
f 7855 7856 7859
f 7859 7856 7860
f 7859 7632 7628
f 7859 7628 7855
f 7633 7858 7630
f 7633 7861 7858
f 7859 7860 7862
f 7862 7860 7863
f 7862 7635 7632
f 7862 7632 7859
f 7637 7861 7633
f 7637 7864 7861
f 7867 7866 7865
f 7867 7865 7863
f 7865 7862 7863
f 7865 7868 7862
f 7868 7639 7635
f 7868 7635 7862
f 7641 7864 7637
f 7641 7869 7864
f 7872 7871 7870
f 7872 7870 7866
f 7870 7865 7866
f 7870 7873 7865
f 7865 7874 7868
f 7865 7873 7874
f 7874 7643 7639
f 7874 7639 7868
f 7641 7644 7875
f 7876 7641 7875
f 7869 7641 7876
f 7646 7875 7644
f 7870 7871 7877
f 7877 7871 7878
f 7870 7879 7873
f 7870 7877 7879
f 7873 7880 7874
f 7873 7879 7880
f 7880 7648 7643
f 7880 7643 7874
f 7876 7882 7881
f 7876 7650 7882
f 7876 7875 7649
f 7650 7876 7649
f 7875 7646 7649
f 7883 7881 7882
f 7878 7884 7877
f 7886 7885 7884
f 7885 7877 7884
f 7885 7879 7877
f 7879 7887 7880
f 7879 7885 7887
f 7887 7652 7648
f 7887 7648 7880
f 7653 7882 7650
f 7888 7883 7882
f 7653 7888 7882
f 7654 7888 7653
f 7890 7889 7656
f 7889 7654 7656
f 7889 7888 7654
f 7890 7891 7889
f 7893 7892 7659
f 7659 7892 7658
f 7895 7894 7660
f 7894 7659 7660
f 7894 7893 7659
f 7662 7663 7895
f 7663 7894 7895
f 7663 7896 7894
f 7898 7897 7664
f 7897 7663 7664
f 7897 7896 7663
f 7898 7899 7897
f 7885 7886 7900
f 7900 7886 7901
f 7885 7902 7887
f 7885 7900 7902
f 7902 7666 7652
f 7902 7652 7887
f 7667 7890 7656
f 7903 7891 7890
f 7667 7903 7890
f 7668 7903 7667
f 7904 7668 7669
f 7904 7903 7668
f 7905 7669 7670
f 7905 7904 7669
f 7670 7658 7892
f 7670 7892 7905
f 7671 7895 7660
f 7895 7671 7662
f 7672 7898 7664
f 7906 7899 7898
f 7672 7906 7898
f 7673 7906 7672
f 7673 7675 7906
f 7906 7675 7907
f 7900 7901 7908
f 7908 7901 7909
f 7900 7910 7902
f 7900 7908 7910
f 7910 7677 7666
f 7910 7666 7902
f 7678 7912 7911
f 7907 7678 7911
f 7675 7678 7907
f 7912 7913 7911
f 7916 7915 7914
f 7918 7917 7914
f 7914 7917 7916
f 7918 7919 7917
f 7922 7921 7920
f 7680 7681 7920
f 7681 7922 7920
f 7681 7923 7922
f 7682 7908 7909
f 7923 7682 7909
f 7681 7682 7923
f 7908 7682 7684
f 7908 7684 7910
f 7910 7684 7677
f 7686 7912 7678
f 7925 7924 7688
f 7688 7924 7686
f 7924 7913 7686
f 7913 7912 7686
f 7924 7925 7915
f 7925 7914 7915
f 7925 7926 7914
f 7914 7927 7918
f 7914 7926 7927
f 7691 7928 7690
f 7928 7918 7690
f 7918 7927 7690
f 7918 7928 7919
f 7691 7692 7928
f 7928 7692 7929
f 7932 7931 7930
f 7694 7695 7930
f 7695 7932 7930
f 7695 7933 7932
f 7696 7920 7921
f 7933 7696 7921
f 7695 7696 7933
f 7920 7696 7680
f 7700 7925 7688
f 7925 7700 7701
f 7925 7701 7926
f 7926 7701 7702
f 7926 7702 7927
f 7927 7702 7690
f 7934 7929 7692
f 7934 7692 7703
f 7935 7703 7704
f 7935 7934 7703
f 7936 7704 7705
f 7936 7935 7704
f 7706 7930 7931
f 7936 7706 7931
f 7705 7706 7936
f 7930 7706 7694
f 7708 7937 7707
f 7707 7937 7938
f 7939 7707 7938
f 7709 7707 7939
f 7939 7941 7940
f 7710 7939 7940
f 7709 7939 7710
f 7940 7711 7710
f 7944 7943 7942
f 7946 7945 7942
f 7946 7942 7943
f 7947 7945 7946
f 7715 7948 7716
f 7716 7948 7949
f 7950 7716 7949
f 7717 7716 7950
f 7708 7717 7937
f 7717 7951 7937
f 7717 7950 7951
f 7937 7951 7938
f 7941 7952 7940
f 7940 7952 7711
f 7952 7718 7711
f 7952 7953 7718
f 7718 7954 7719
f 7953 7954 7718
f 7719 7955 7720
f 7954 7955 7719
f 7720 7956 7721
f 7955 7956 7720
f 7721 7957 7722
f 7956 7957 7721
f 7722 7958 7723
f 7957 7958 7722
f 7942 7724 7944
f 7724 7958 7944
f 7724 7723 7958
f 7724 7942 7725
f 7725 7942 7945
f 7947 7959 7945
f 7959 7725 7945
f 7959 7726 7725
f 7961 7960 7728
f 7726 7961 7728
f 7959 7961 7726
f 7962 7960 7961
f 7730 7963 7731
f 7964 7732 7731
f 7964 7731 7963
f 7965 7733 7732
f 7965 7732 7964
f 7966 7734 7733
f 7966 7733 7965
f 7967 7735 7734
f 7967 7734 7966
f 7967 7968 7735
f 7735 7968 7715
f 7968 7969 7715
f 7969 7948 7715
f 7948 7969 7949
f 7960 7736 7728
f 7962 7970 7960
f 7970 7736 7960
f 7970 7737 7736
f 7739 7737 7970
f 7739 7970 7971
f 7741 7972 7742
f 7972 7973 7742
f 7742 7973 7730
f 7973 7974 7730
f 7974 7963 7730
f 7963 7974 7964
f 7964 7974 7975
f 7964 7975 7965
f 7965 7975 7976
f 7965 7976 7966
f 7966 7976 7977
f 7966 7977 7967
f 7967 7977 7978
f 7967 7978 7968
f 7971 7744 7739
f 7979 7744 7971
f 7748 7980 7747
f 7980 7981 7747
f 7747 7981 7741
f 7981 7982 7741
f 7982 7972 7741
f 7972 7982 7973
f 7979 7983 7744
f 7744 7983 7749
f 7983 7985 7984
f 7750 7983 7984
f 7749 7983 7750
f 7984 7752 7750
f 7987 7986 7980
f 7748 7987 7980
f 7754 7987 7748
f 7980 7986 7981
f 7985 7988 7984
f 7752 7984 7988
f 7989 7752 7988
f 7755 7752 7989
f 7992 7991 7990
f 7756 7757 7990
f 7991 7756 7990
f 7993 7756 7991
f 7754 7756 7987
f 7987 7756 7993
f 7996 7995 7994
f 7989 7996 7994
f 7758 7989 7994
f 7755 7989 7758
f 7992 7990 7760
f 7761 7992 7760
f 7997 7992 7761
f 7760 7990 7757
f 7994 7995 7763
f 7995 7762 7763
f 7995 7998 7762
f 7994 7763 7758
f 7764 7997 7761
f 7764 7999 7997
f 7998 7765 7762
f 8000 7765 7998
f 7766 7999 7764
f 7766 8001 7999
f 8003 8002 7768
f 7768 8002 7767
f 7768 7765 8000
f 7768 8000 8003
f 7769 8001 7766
f 7769 8004 8001
f 8002 7771 7767
f 8005 7771 8002
f 7773 8006 7772
f 8006 8007 7772
f 8007 7769 7772
f 8007 8004 7769
f 8005 7775 7771
f 8008 7775 8005
f 7776 8009 8006
f 7776 8006 7773
f 8007 8006 8010
f 8010 8006 8009
f 8012 8011 7778
f 7778 8011 7777
f 7778 7775 8008
f 7778 8008 8012
f 7779 8013 8009
f 7779 8009 7776
f 8010 8009 8014
f 8014 8009 8013
f 8017 8016 8015
f 8011 8017 8015
f 7780 8011 8015
f 7777 8011 7780
f 8019 8018 8013
f 7779 8019 8013
f 7781 8019 7779
f 8013 8018 8014
f 8015 8016 7784
f 8016 7783 7784
f 8016 8020 7783
f 8015 7784 7780
f 7785 8019 7781
f 7785 8021 8019
f 8020 7787 7783
f 8022 7787 8020
f 7788 8021 7785
f 7788 8023 8021
f 7789 7787 8024
f 7787 8025 8024
f 7787 8022 8025
f 8024 7791 7789
f 7792 8027 8026
f 8023 7792 8026
f 7788 7792 8023
f 8027 8028 8026
f 8024 8025 8029
f 8029 8025 8030
f 8029 7794 7791
f 8029 7791 8024
f 7795 8031 8027
f 7795 8027 7792
f 8028 8027 8032
f 8032 8027 8031
f 8029 8030 8033
f 8033 8030 8034
f 8033 7797 7794
f 8033 7794 8029
f 7799 8035 8031
f 7799 8031 7795
f 8032 8031 8036
f 8036 8031 8035
f 8033 8034 8037
f 8037 8034 8038
f 8037 7801 7797
f 8037 7797 8033
f 7802 8039 8035
f 7802 8035 7799
f 8036 8035 8040
f 8040 8035 8039
f 8038 8041 8037
f 7801 8037 8041
f 8042 7801 8041
f 7804 7801 8042
f 7805 8043 8039
f 7805 8039 7802
f 8040 8039 8044
f 8044 8039 8043
f 8042 7807 7804
f 8045 7807 8042
f 7808 8046 8043
f 7808 8043 7805
f 8044 8043 8047
f 8047 8043 8046
f 8050 8049 8048
f 8045 8050 8048
f 7810 8045 8048
f 7807 8045 7810
f 7812 8051 8046
f 7812 8046 7808
f 8047 8046 8052
f 8052 8046 8051
f 8048 8049 8053
f 8053 8049 8054
f 8053 7814 7810
f 8053 7810 8048
f 7816 8055 8051
f 7816 8051 7812
f 8052 8051 8056
f 8056 8051 8055
f 8053 8054 8057
f 8057 8054 8058
f 8057 7818 7814
f 8057 7814 8053
f 7820 8059 8055
f 7820 8055 7816
f 8056 8055 8060
f 8060 8055 8059
f 8057 8058 8061
f 8061 8058 8062
f 8061 7822 7818
f 8061 7818 8057
f 8064 8063 8059
f 7820 8064 8059
f 7824 8064 7820
f 8059 8063 8060
f 8061 8062 8065
f 8065 8062 8066
f 8065 7826 7822
f 8065 7822 8061
f 7828 8064 7824
f 7828 8067 8064
f 8065 8066 8068
f 8068 8066 8069
f 8068 7830 7826
f 8068 7826 8065
f 7832 8067 7828
f 7832 8070 8067
f 8068 8069 8071
f 8071 8069 8072
f 8073 7833 7830
f 8068 8073 7830
f 8071 8073 8068
f 8073 7835 7833
f 7836 8075 8074
f 8070 7836 8074
f 7832 7836 8070
f 8075 8076 8074
f 8071 8072 8077
f 8077 8072 8078
f 8071 8079 8073
f 8071 8077 8079
f 8079 7838 7835
f 8079 7835 8073
f 7839 8080 8075
f 7839 8075 7836
f 8076 8075 8081
f 8081 8075 8080
f 8078 8082 8077
f 8084 8083 8082
f 8083 8077 8082
f 8083 8079 8077
f 8083 7841 7838
f 8083 7838 8079
f 7842 8080 7839
f 7842 7844 8080
f 7844 8081 8080
f 7844 8085 8081
f 8083 8084 8086
f 8086 8084 8087
f 8088 7845 7841
f 8083 8088 7841
f 8086 8088 8083
f 8088 7846 7845
f 7848 8085 7844
f 7848 8089 8085
f 8086 8087 8090
f 8090 8087 8091
f 8086 8092 8088
f 8086 8090 8092
f 8092 7849 7846
f 8092 7846 8088
f 7850 8089 7848
f 7850 8093 8089
f 8090 8091 8094
f 8094 8091 8095
f 8094 7852 7853
f 8092 8094 7853
f 8090 8094 8092
f 8092 7853 7849
f 7854 8093 7850
f 7854 8096 8093
f 8099 8098 8097
f 8099 8097 8095
f 8095 8097 8094
f 8097 7856 8094
f 7856 7857 8094
f 8094 7857 7852
f 7858 8096 7854
f 7858 8100 8096
f 8097 8098 8101
f 8101 8098 8102
f 8101 7860 7856
f 8101 7856 8097
f 7861 8100 7858
f 7861 8103 8100
f 8101 8102 8104
f 8104 8102 8105
f 8104 7863 7860
f 8104 7860 8101
f 7864 8103 7861
f 7864 8106 8103
f 8104 8105 7867
f 8105 7866 7867
f 8105 8107 7866
f 8104 7867 7863
f 7869 8106 7864
f 7869 8108 8106
f 8110 8109 7872
f 7872 8109 7871
f 7872 7866 8107
f 7872 8107 8110
f 7876 8112 8111
f 8108 7876 8111
f 7869 7876 8108
f 8112 8113 8111
f 8109 7878 7871
f 8114 7878 8109
f 7881 8112 7876
f 8116 8115 7883
f 7883 8115 7881
f 8115 8113 7881
f 8113 8112 7881
f 8116 8117 8115
f 8120 8119 8118
f 8122 8121 8118
f 8118 8121 8120
f 8122 8123 8121
f 7884 7878 8124
f 7878 8125 8124
f 7878 8114 8125
f 8124 7886 7884
f 7888 8116 7883
f 8126 8117 8116
f 7888 8126 8116
f 7889 8126 7888
f 8128 8127 7891
f 8127 7889 7891
f 8127 8126 7889
f 8128 8129 8127
f 8131 8130 7893
f 7893 8130 7892
f 8132 7893 7894
f 8132 8131 7893
f 7896 8118 8119
f 8132 7896 8119
f 7894 7896 8132
f 8118 7896 7897
f 8118 7897 8122
f 7897 7899 8122
f 7899 8123 8122
f 7899 8133 8123
f 8124 8125 8134
f 8134 8125 8135
f 8134 7901 7886
f 8134 7886 8124
f 7903 8128 7891
f 8136 8129 8128
f 7903 8136 8128
f 7904 8136 7903
f 8137 7904 7905
f 8137 8136 7904
f 7905 7892 8130
f 7905 8130 8137
f 8138 8133 7899
f 8138 7899 7906
f 7906 7907 8138
f 8138 7907 8139
f 8142 8141 8140
f 8144 8143 8140
f 8140 8143 8142
f 8144 8145 8143
f 8148 8147 8146
f 8148 8146 8135
f 8146 8134 8135
f 8146 8149 8134
f 8149 7909 7901
f 8149 7901 8134
f 8150 8139 7907
f 8150 7907 7911
f 8152 8151 7913
f 8151 7911 7913
f 8151 8150 7911
f 8151 8152 8141
f 8141 8152 8140
f 8152 7915 8140
f 7915 7916 8140
f 8140 7916 7917
f 8140 7917 8144
f 8154 8153 7919
f 7919 8153 7917
f 8153 8145 7917
f 8145 8144 7917
f 8154 8155 8153
f 8158 8157 8156
f 8160 8159 8156
f 8156 8159 8158
f 8159 8160 8147
f 8147 8160 8146
f 8160 7921 8146
f 7921 7922 8146
f 8146 7922 7923
f 8146 7923 8149
f 8149 7923 7909
f 7924 8152 7913
f 8152 7924 7915
f 7928 8154 7919
f 8162 8161 7929
f 7929 8161 7928
f 8161 8155 7928
f 8155 8154 7928
f 8164 8163 8162
f 8162 8163 8161
f 8166 8165 8164
f 8164 8165 8163
f 8165 8166 8157
f 8157 8166 8156
f 8166 7931 8156
f 7931 7932 8156
f 8156 7932 7933
f 8156 7933 8160
f 8160 7933 7921
f 7934 8162 7929
f 8162 7934 7935
f 8162 7935 8164
f 8164 7935 7936
f 8164 7936 8166
f 8166 7936 7931
f 7938 8167 7939
f 8167 7941 7939
f 8169 8168 7943
f 8169 7943 7944
f 7943 8170 7946
f 8168 8170 7943
f 7947 7946 8170
f 7947 8170 8171
f 7949 8172 7950
f 7950 8172 8173
f 8174 7950 8173
f 7951 7950 8174
f 7938 7951 8167
f 7951 8175 8167
f 7951 8174 8175
f 8167 8175 7941
f 8175 7952 7941
f 8175 8176 7952
f 7952 8177 7953
f 8176 8177 7952
f 7953 8178 7954
f 8177 8178 7953
f 7954 8179 7955
f 8178 8179 7954
f 7955 8180 7956
f 8179 8180 7955
f 7956 8181 7957
f 8180 8181 7956
f 7957 8182 7958
f 8181 8182 7957
f 7944 7958 8169
f 8169 7958 8182
f 8171 8183 7947
f 7947 8183 7959
f 8183 8185 8184
f 7961 8183 8184
f 7959 8183 7961
f 8184 7962 7961
f 7968 8186 7969
f 8186 8187 7969
f 7969 8187 7949
f 8187 8188 7949
f 8188 8172 7949
f 8172 8188 8173
f 8185 8189 8184
f 8184 8189 7962
f 8189 7970 7962
f 8189 8190 7970
f 7971 7970 8190
f 7971 8190 8191
f 7973 8192 7974
f 8193 7975 7974
f 8193 7974 8192
f 8194 7976 7975
f 8194 7975 8193
f 8195 7977 7976
f 8195 7976 8194
f 8196 7978 7977
f 8196 7977 8195
f 8186 7968 7978
f 8196 8186 7978
f 8197 8186 8196
f 8187 8186 8198
f 8198 8186 8197
f 8191 7979 7971
f 8199 7979 8191
f 8201 8200 7982
f 8201 7982 7981
f 7973 7982 8192
f 7982 8202 8192
f 7982 8200 8202
f 8204 8203 8202
f 8203 8192 8202
f 8203 8193 8192
f 8193 8205 8194
f 8193 8203 8205
f 8194 8206 8195
f 8194 8205 8206
f 8195 8207 8196
f 8195 8206 8207
f 8209 8197 8208
f 8197 8207 8208
f 8197 8196 8207
f 8197 8209 8198
f 8199 8210 7979
f 7979 8210 7983
f 7985 7983 8210
f 7985 8210 8211
f 8213 8212 7986
f 8213 7986 7987
f 7981 7986 8201
f 8201 7986 8212
f 8204 8214 8203
f 8203 8214 8205
f 8205 8214 8215
f 8205 8215 8206
f 8206 8215 8216
f 8206 8216 8207
f 8207 8216 8217
f 8207 8217 8208
f 7988 7985 8218
f 7985 8219 8218
f 7985 8211 8219
f 8218 7989 7988
f 7992 8220 7991
f 7991 8220 8221
f 8222 7991 8221
f 7993 7991 8222
f 7987 7993 8213
f 8213 7993 8222
f 8218 8219 7996
f 8219 7995 7996
f 8219 8223 7995
f 8218 7996 7989
f 8225 8224 8220
f 7992 8225 8220
f 7997 8225 7992
f 8220 8224 8221
f 8223 7998 7995
f 8226 7998 8223
f 7999 8225 7997
f 7999 8227 8225
f 8226 8000 7998
f 8228 8000 8226
f 8001 8227 7999
f 8001 8229 8227
f 8231 8230 8003
f 8003 8230 8002
f 8003 8000 8228
f 8003 8228 8231
f 8004 8229 8001
f 8004 8232 8229
f 8230 8005 8002
f 8233 8005 8230
f 8007 8232 8004
f 8007 8234 8232
f 8237 8236 8235
f 8233 8237 8235
f 8008 8233 8235
f 8005 8233 8008
f 8010 8234 8007
f 8010 8238 8234
f 8235 8236 8012
f 8236 8011 8012
f 8236 8239 8011
f 8235 8012 8008
f 8014 8238 8010
f 8014 8240 8238
f 8241 8016 8017
f 8242 8241 8017
f 8011 8242 8017
f 8239 8242 8011
f 8019 8243 8018
f 8243 8244 8018
f 8244 8014 8018
f 8244 8240 8014
f 8246 8245 8241
f 8245 8016 8241
f 8245 8020 8016
f 8246 8241 8242
f 8021 8247 8243
f 8021 8243 8019
f 8244 8243 8248
f 8248 8243 8247
f 8245 8022 8020
f 8249 8022 8245
f 8023 8250 8247
f 8023 8247 8021
f 8248 8247 8251
f 8251 8247 8250
f 8249 8025 8022
f 8252 8025 8249
f 8026 8250 8023
f 8026 8028 8250
f 8028 8251 8250
f 8028 8253 8251
f 8252 8030 8025
f 8254 8030 8252
f 8032 8256 8255
f 8253 8032 8255
f 8028 8032 8253
f 8256 8257 8255
f 8254 8034 8030
f 8258 8034 8254
f 8036 8259 8256
f 8036 8256 8032
f 8257 8256 8260
f 8260 8256 8259
f 8258 8038 8034
f 8261 8038 8258
f 8263 8262 8259
f 8036 8263 8259
f 8040 8263 8036
f 8259 8262 8260
f 8041 8038 8264
f 8038 8265 8264
f 8038 8261 8265
f 8264 8042 8041
f 8044 8263 8040
f 8044 8266 8263
f 8269 8268 8267
f 8267 8270 8269
f 8264 8265 8271
f 8271 8265 8272
f 8271 8045 8042
f 8271 8042 8264
f 8047 8266 8044
f 8047 8273 8266
f 8267 8268 8274
f 8274 8268 8275
f 8270 8267 8276
f 8267 8277 8276
f 8267 8274 8277
f 8277 8278 8276
f 8271 8272 8050
f 8272 8049 8050
f 8272 8279 8049
f 8271 8050 8045
f 8052 8273 8047
f 8052 8280 8273
f 8275 8281 8274
f 8274 8281 8277
f 8277 8281 8282
f 8277 8282 8278
f 8279 8054 8049
f 8283 8054 8279
f 8056 8280 8052
f 8056 8284 8280
f 8283 8058 8054
f 8285 8058 8283
f 8060 8284 8056
f 8060 8286 8284
f 8285 8062 8058
f 8287 8062 8285
f 8064 8288 8063
f 8288 8289 8063
f 8289 8060 8063
f 8289 8286 8060
f 8287 8066 8062
f 8290 8066 8287
f 8067 8291 8288
f 8067 8288 8064
f 8289 8288 8292
f 8292 8288 8291
f 8290 8069 8066
f 8293 8069 8290
f 8070 8294 8291
f 8070 8291 8067
f 8292 8291 8295
f 8295 8291 8294
f 8293 8072 8069
f 8296 8072 8293
f 8074 8294 8070
f 8074 8076 8294
f 8076 8295 8294
f 8076 8297 8295
f 8296 8078 8072
f 8298 8078 8296
f 8081 8300 8299
f 8297 8081 8299
f 8076 8081 8297
f 8300 8301 8299
f 8082 8078 8302
f 8078 8303 8302
f 8078 8298 8303
f 8302 8084 8082
f 8085 8304 8300
f 8085 8300 8081
f 8301 8300 8305
f 8305 8300 8304
f 8302 8303 8306
f 8306 8303 8307
f 8306 8087 8084
f 8306 8084 8302
f 8089 8308 8304
f 8089 8304 8085
f 8305 8304 8309
f 8309 8304 8308
f 8306 8307 8310
f 8310 8307 8311
f 8310 8091 8087
f 8310 8087 8306
f 8313 8312 8308
f 8089 8313 8308
f 8093 8313 8089
f 8308 8312 8309
f 8310 8311 8314
f 8314 8311 8315
f 8314 8095 8091
f 8314 8091 8310
f 8096 8313 8093
f 8096 8316 8313
f 8314 8315 8099
f 8315 8098 8099
f 8315 8317 8098
f 8314 8099 8095
f 8100 8316 8096
f 8100 8318 8316
f 8317 8102 8098
f 8319 8102 8317
f 8103 8318 8100
f 8103 8320 8318
f 8319 8105 8102
f 8321 8105 8319
f 8106 8320 8103
f 8106 8322 8320
f 8325 8324 8323
f 8321 8325 8323
f 8107 8321 8323
f 8105 8321 8107
f 8108 8327 8326
f 8322 8108 8326
f 8106 8108 8322
f 8327 8328 8326
f 8323 8324 8110
f 8324 8109 8110
f 8324 8329 8109
f 8323 8110 8107
f 8111 8327 8108
f 8111 8113 8327
f 8113 8328 8327
f 8113 8330 8328
f 8329 8114 8109
f 8331 8114 8329
f 8332 8330 8113
f 8332 8113 8115
f 8334 8333 8117
f 8333 8115 8117
f 8333 8332 8115
f 8334 8335 8333
f 8338 8337 8336
f 8340 8339 8336
f 8336 8339 8338
f 8119 8120 8340
f 8120 8339 8340
f 8120 8341 8339
f 8342 8120 8121
f 8342 8341 8120
f 8121 8123 8342
f 8342 8123 8343
f 8331 8125 8114
f 8344 8125 8331
f 8126 8334 8117
f 8345 8335 8334
f 8126 8345 8334
f 8127 8345 8126
f 8347 8346 8129
f 8346 8127 8129
f 8346 8345 8127
f 8349 8348 8347
f 8347 8348 8346
f 8348 8349 8337
f 8337 8349 8336
f 8349 8130 8336
f 8130 8131 8336
f 8336 8131 8132
f 8336 8132 8340
f 8340 8132 8119
f 8133 8351 8350
f 8343 8133 8350
f 8123 8133 8343
f 8351 8352 8350
f 8344 8135 8125
f 8353 8135 8344
f 8136 8347 8129
f 8347 8136 8137
f 8347 8137 8349
f 8349 8137 8130
f 8138 8351 8133
f 8355 8354 8139
f 8139 8354 8138
f 8354 8352 8138
f 8352 8351 8138
f 8357 8356 8355
f 8355 8356 8354
f 8141 8142 8357
f 8142 8356 8357
f 8142 8358 8356
f 8359 8142 8143
f 8359 8358 8142
f 8361 8360 8145
f 8360 8143 8145
f 8360 8359 8143
f 8361 8362 8360
f 8365 8364 8363
f 8367 8366 8363
f 8363 8366 8365
f 8147 8148 8367
f 8148 8366 8367
f 8148 8368 8366
f 8148 8135 8353
f 8148 8353 8368
f 8150 8355 8139
f 8355 8150 8151
f 8355 8151 8357
f 8357 8151 8141
f 8153 8361 8145
f 8153 8155 8361
f 8155 8362 8361
f 8155 8369 8362
f 8372 8371 8370
f 8372 8370 8364
f 8364 8370 8363
f 8370 8157 8363
f 8157 8158 8363
f 8363 8158 8159
f 8363 8159 8367
f 8367 8159 8147
f 8373 8369 8155
f 8373 8155 8161
f 8374 8161 8163
f 8374 8373 8161
f 8165 8370 8371
f 8374 8165 8371
f 8163 8165 8374
f 8370 8165 8157
f 8169 8375 8168
f 8376 8170 8168
f 8376 8168 8375
f 8376 8171 8170
f 8378 8377 8174
f 8378 8174 8173
f 8174 8379 8175
f 8377 8379 8174
f 8175 8380 8176
f 8379 8380 8175
f 8176 8381 8177
f 8380 8381 8176
f 8177 8382 8178
f 8381 8382 8177
f 8382 8384 8383
f 8179 8382 8383
f 8178 8382 8179
f 8385 8180 8179
f 8385 8179 8383
f 8386 8181 8180
f 8386 8180 8385
f 8387 8182 8181
f 8387 8181 8386
f 8387 8388 8182
f 8182 8388 8169
f 8388 8389 8169
f 8389 8375 8169
f 8375 8389 8376
f 8376 8389 8390
f 8376 8390 8171
f 8390 8183 8171
f 8390 8391 8183
f 8185 8183 8391
f 8185 8391 8392
f 8187 8393 8188
f 8393 8394 8188
f 8394 8173 8188
f 8394 8378 8173
f 8384 8395 8383
f 8383 8395 8385
f 8385 8395 8396
f 8385 8396 8386
f 8386 8396 8397
f 8386 8397 8387
f 8387 8397 8398
f 8387 8398 8388
f 8189 8185 8399
f 8185 8400 8399
f 8185 8392 8400
f 8401 8190 8189
f 8401 8189 8399
f 8401 8191 8190
f 8403 8402 8393
f 8187 8403 8393
f 8198 8403 8187
f 8393 8402 8394
f 8400 8404 8399
f 8406 8405 8404
f 8405 8399 8404
f 8405 8401 8399
f 8405 8199 8191
f 8405 8191 8401
f 8201 8407 8200
f 8408 8202 8200
f 8408 8200 8407
f 8408 8204 8202
f 8208 8409 8209
f 8409 8410 8209
f 8410 8198 8209
f 8410 8403 8198
f 8406 8411 8405
f 8411 8413 8412
f 8411 8412 8210
f 8405 8411 8210
f 8199 8405 8210
f 8412 8211 8210
f 8213 8414 8212
f 8407 8201 8212
f 8414 8407 8212
f 8415 8407 8414
f 8407 8416 8408
f 8407 8415 8416
f 8417 8214 8204
f 8408 8417 8204
f 8416 8417 8408
f 8418 8215 8214
f 8418 8214 8417
f 8419 8216 8215
f 8419 8215 8418
f 8420 8217 8216
f 8420 8216 8419
f 8420 8421 8217
f 8217 8421 8208
f 8421 8422 8208
f 8422 8409 8208
f 8409 8422 8410
f 8412 8413 8423
f 8423 8413 8424
f 8423 8219 8211
f 8423 8211 8412
f 8221 8425 8222
f 8425 8426 8222
f 8222 8426 8213
f 8426 8427 8213
f 8427 8414 8213
f 8414 8427 8415
f 8415 8427 8428
f 8415 8428 8416
f 8416 8428 8429
f 8431 8430 8429
f 8430 8416 8429
f 8430 8417 8416
f 8433 8418 8432
f 8418 8430 8432
f 8418 8417 8430
f 8418 8433 8419
f 8419 8433 8434
f 8419 8434 8420
f 8420 8434 8435
f 8420 8435 8421
f 8424 8436 8423
f 8219 8423 8436
f 8437 8219 8436
f 8223 8219 8437
f 8225 8438 8224
f 8438 8439 8224
f 8224 8439 8221
f 8439 8440 8221
f 8440 8425 8221
f 8425 8440 8426
f 8431 8441 8430
f 8430 8441 8432
f 8444 8443 8442
f 8437 8444 8442
f 8226 8437 8442
f 8223 8437 8226
f 8227 8445 8438
f 8227 8438 8225
f 8439 8438 8446
f 8446 8438 8445
f 8442 8443 8447
f 8447 8443 8448
f 8447 8228 8226
f 8447 8226 8442
f 8229 8449 8445
f 8229 8445 8227
f 8446 8445 8450
f 8450 8445 8449
f 8447 8448 8231
f 8448 8230 8231
f 8448 8451 8230
f 8447 8231 8228
f 8232 8452 8449
f 8232 8449 8229
f 8450 8449 8453
f 8453 8449 8452
f 8456 8455 8454
f 8451 8456 8454
f 8233 8451 8454
f 8230 8451 8233
f 8234 8457 8452
f 8234 8452 8232
f 8453 8452 8458
f 8458 8452 8457
f 8454 8455 8237
f 8455 8236 8237
f 8455 8459 8236
f 8454 8237 8233
f 8461 8460 8457
f 8234 8461 8457
f 8238 8461 8234
f 8457 8460 8458
f 8459 8239 8236
f 8462 8239 8459
f 8240 8461 8238
f 8240 8463 8461
f 8462 8242 8239
f 8464 8242 8462
f 8244 8463 8240
f 8244 8465 8463
f 8467 8466 8246
f 8246 8466 8245
f 8246 8242 8464
f 8246 8464 8467
f 8248 8465 8244
f 8248 8468 8465
f 8466 8249 8245
f 8469 8249 8466
f 8251 8468 8248
f 8251 8470 8468
f 8469 8252 8249
f 8471 8252 8469
f 8253 8473 8472
f 8470 8253 8472
f 8251 8253 8470
f 8473 8474 8472
f 8471 8254 8252
f 8475 8254 8471
f 8255 8473 8253
f 8255 8257 8473
f 8257 8474 8473
f 8257 8476 8474
f 8475 8258 8254
f 8477 8258 8475
f 8260 8476 8257
f 8260 8478 8476
f 8477 8261 8258
f 8479 8261 8477
f 8263 8480 8262
f 8480 8481 8262
f 8481 8260 8262
f 8481 8478 8260
f 8484 8483 8482
f 8482 8485 8484
f 8479 8265 8261
f 8486 8265 8479
f 8488 8487 8480
f 8263 8488 8480
f 8266 8488 8263
f 8480 8487 8481
f 8482 8483 8269
f 8483 8268 8269
f 8483 8489 8268
f 8491 8490 8270
f 8270 8490 8269
f 8490 8485 8269
f 8485 8482 8269
f 8491 8492 8490
f 8486 8272 8265
f 8493 8272 8486
f 8273 8488 8266
f 8273 8494 8488
f 8489 8275 8268
f 8495 8275 8489
f 8276 8491 8270
f 8276 8278 8491
f 8278 8492 8491
f 8278 8496 8492
f 8493 8279 8272
f 8497 8279 8493
f 8280 8494 8273
f 8280 8498 8494
f 8281 8275 8499
f 8275 8500 8499
f 8275 8495 8500
f 8501 8282 8281
f 8501 8281 8499
f 8501 8502 8282
f 8502 8278 8282
f 8502 8496 8278
f 8497 8283 8279
f 8503 8283 8497
f 8284 8498 8280
f 8284 8504 8498
f 8499 8500 8505
f 8505 8500 8506
f 8499 8507 8501
f 8499 8505 8507
f 8502 8501 8508
f 8508 8501 8507
f 8503 8285 8283
f 8509 8285 8503
f 8286 8504 8284
f 8286 8510 8504
f 8505 8506 8511
f 8511 8506 8512
f 8505 8513 8507
f 8505 8511 8513
f 8508 8507 8514
f 8514 8507 8513
f 8509 8287 8285
f 8515 8287 8509
f 8289 8510 8286
f 8289 8516 8510
f 8512 8517 8511
f 8511 8517 8513
f 8513 8517 8518
f 8513 8518 8514
f 8515 8290 8287
f 8519 8290 8515
f 8292 8516 8289
f 8292 8520 8516
f 8523 8522 8521
f 8519 8523 8521
f 8293 8519 8521
f 8290 8519 8293
f 8295 8520 8292
f 8295 8524 8520
f 8522 8525 8521
f 8293 8521 8525
f 8526 8293 8525
f 8296 8293 8526
f 8297 8524 8295
f 8297 8527 8524
f 8526 8298 8296
f 8528 8298 8526
f 8297 8299 8529
f 8530 8297 8529
f 8527 8297 8530
f 8301 8529 8299
f 8528 8303 8298
f 8531 8303 8528
f 8530 8529 8532
f 8530 8532 8533
f 8305 8532 8301
f 8301 8532 8529
f 8531 8307 8303
f 8534 8307 8531
f 8533 8532 8535
f 8533 8535 8536
f 8309 8535 8305
f 8305 8535 8532
f 8534 8311 8307
f 8537 8311 8534
f 8536 8535 8312
f 8313 8536 8312
f 8538 8536 8313
f 8312 8535 8309
f 8537 8315 8311
f 8539 8315 8537
f 8316 8541 8540
f 8538 8316 8540
f 8313 8316 8538
f 8541 8542 8540
f 8539 8317 8315
f 8543 8317 8539
f 8318 8544 8541
f 8318 8541 8316
f 8542 8541 8545
f 8545 8541 8544
f 8543 8319 8317
f 8546 8319 8543
f 8320 8547 8544
f 8320 8544 8318
f 8545 8544 8548
f 8548 8544 8547
f 8551 8550 8549
f 8546 8551 8549
f 8321 8546 8549
f 8319 8546 8321
f 8322 8552 8547
f 8322 8547 8320
f 8548 8547 8553
f 8553 8547 8552
f 8549 8550 8325
f 8550 8324 8325
f 8550 8554 8324
f 8549 8325 8321
f 8326 8552 8322
f 8556 8555 8328
f 8328 8555 8326
f 8555 8553 8326
f 8553 8552 8326
f 8556 8557 8555
f 8560 8559 8558
f 8558 8561 8560
f 8564 8563 8562
f 8566 8565 8562
f 8562 8565 8564
f 8566 8567 8565
f 8570 8569 8568
f 8554 8570 8568
f 8329 8554 8568
f 8324 8554 8329
f 8330 8571 8556
f 8330 8556 8328
f 8557 8556 8572
f 8556 8573 8572
f 8556 8571 8573
f 8575 8574 8573
f 8573 8574 8572
f 8574 8575 8559
f 8575 8558 8559
f 8575 8576 8558
f 8561 8558 8577
f 8558 8578 8577
f 8558 8576 8578
f 8577 8578 8563
f 8578 8562 8563
f 8578 8579 8562
f 8562 8580 8566
f 8562 8579 8580
f 8567 8566 8581
f 8566 8582 8581
f 8566 8580 8582
f 8582 8583 8581
f 8568 8569 8584
f 8584 8569 8585
f 8584 8331 8329
f 8584 8329 8568
f 8332 8571 8330
f 8571 8332 8333
f 8571 8333 8573
f 8573 8333 8335
f 8586 8573 8335
f 8575 8573 8586
f 8575 8587 8576
f 8575 8586 8587
f 8576 8588 8578
f 8576 8587 8588
f 8588 8337 8338
f 8579 8588 8338
f 8578 8588 8579
f 8579 8338 8339
f 8579 8339 8580
f 8580 8339 8341
f 8580 8341 8582
f 8589 8583 8582
f 8341 8589 8582
f 8342 8589 8341
f 8591 8590 8343
f 8590 8342 8343
f 8590 8589 8342
f 8591 8592 8590
f 8595 8594 8593
f 8593 8596 8595
f 8584 8585 8597
f 8597 8585 8598
f 8597 8344 8331
f 8597 8331 8584
f 8345 8586 8335
f 8586 8345 8346
f 8586 8346 8587
f 8587 8346 8348
f 8587 8348 8588
f 8588 8348 8337
f 8350 8591 8343
f 8600 8599 8352
f 8352 8599 8350
f 8599 8592 8350
f 8592 8591 8350
f 8599 8600 8594
f 8600 8593 8594
f 8600 8601 8593
f 8596 8593 8602
f 8593 8603 8602
f 8593 8601 8603
f 8605 8604 8603
f 8603 8604 8602
f 8605 8606 8604
f 8609 8608 8607
f 8609 8607 8598
f 8607 8597 8598
f 8607 8610 8597
f 8610 8353 8344
f 8610 8344 8597
f 8354 8600 8352
f 8600 8354 8356
f 8600 8356 8601
f 8601 8356 8358
f 8601 8358 8603
f 8603 8358 8359
f 8603 8359 8605
f 8611 8606 8605
f 8359 8611 8605
f 8360 8611 8359
f 8360 8362 8611
f 8611 8362 8612
f 8615 8614 8613
f 8364 8365 8613
f 8365 8615 8613
f 8365 8616 8615
f 8366 8607 8608
f 8616 8366 8608
f 8365 8366 8616
f 8607 8366 8368
f 8607 8368 8610
f 8610 8368 8353
f 8369 8618 8617
f 8612 8369 8617
f 8362 8369 8612
f 8620 8619 8618
f 8618 8619 8617
f 8619 8620 8614
f 8614 8620 8613
f 8620 8371 8613
f 8371 8372 8613
f 8613 8372 8364
f 8373 8618 8369
f 8618 8373 8374
f 8618 8374 8620
f 8620 8374 8371
f 8378 8621 8377
f 8377 8621 8622
f 8623 8377 8622
f 8379 8377 8623
f 8379 8624 8380
f 8623 8624 8379
f 8624 8626 8625
f 8381 8624 8625
f 8380 8624 8381
f 8627 8382 8381
f 8627 8381 8625
f 8627 8384 8382
f 8388 8628 8389
f 8629 8390 8389
f 8629 8389 8628
f 8630 8391 8390
f 8630 8390 8629
f 8630 8392 8391
f 8632 8631 8621
f 8378 8632 8621
f 8394 8632 8378
f 8621 8631 8622
f 8626 8633 8625
f 8625 8633 8627
f 8627 8633 8634
f 8627 8634 8384
f 8634 8395 8384
f 8634 8635 8395
f 8635 8637 8636
f 8396 8635 8636
f 8395 8635 8396
f 8638 8397 8396
f 8638 8396 8636
f 8397 8638 8639
f 8640 8397 8639
f 8398 8397 8640
f 8388 8398 8628
f 8398 8641 8628
f 8398 8640 8641
f 8628 8641 8629
f 8629 8641 8642
f 8644 8643 8642
f 8643 8629 8642
f 8643 8630 8629
f 8643 8400 8392
f 8643 8392 8630
f 8403 8645 8402
f 8645 8646 8402
f 8646 8394 8402
f 8646 8632 8394
f 8636 8637 8647
f 8647 8637 8648
f 8650 8638 8649
f 8638 8647 8649
f 8638 8636 8647
f 8638 8650 8639
f 8644 8651 8643
f 8651 8653 8652
f 8651 8652 8404
f 8643 8651 8404
f 8400 8643 8404
f 8652 8406 8404
f 8410 8654 8645
f 8410 8645 8403
f 8646 8645 8655
f 8655 8645 8654
f 8647 8648 8656
f 8656 8648 8657
f 8649 8647 8658
f 8658 8647 8656
f 8652 8653 8659
f 8659 8653 8660
f 8661 8411 8406
f 8652 8661 8406
f 8659 8661 8652
f 8661 8413 8411
f 8421 8662 8422
f 8662 8663 8422
f 8422 8663 8410
f 8663 8664 8410
f 8664 8654 8410
f 8654 8664 8655
f 8657 8665 8656
f 8656 8665 8658
f 8660 8666 8659
f 8668 8667 8666
f 8667 8659 8666
f 8667 8661 8659
f 8667 8424 8413
f 8667 8413 8661
f 8426 8669 8427
f 8670 8428 8427
f 8670 8427 8669
f 8671 8429 8428
f 8671 8428 8670
f 8671 8431 8429
f 8432 8672 8433
f 8673 8434 8433
f 8673 8433 8672
f 8674 8435 8434
f 8674 8434 8673
f 8674 8675 8435
f 8435 8675 8421
f 8675 8676 8421
f 8676 8662 8421
f 8662 8676 8663
f 8668 8677 8667
f 8677 8679 8678
f 8677 8678 8436
f 8667 8677 8436
f 8424 8667 8436
f 8678 8437 8436
f 8439 8680 8440
f 8669 8426 8440
f 8680 8669 8440
f 8681 8669 8680
f 8669 8682 8670
f 8669 8681 8682
f 8670 8683 8671
f 8670 8682 8683
f 8684 8441 8431
f 8671 8684 8431
f 8683 8684 8671
f 8672 8432 8441
f 8684 8672 8441
f 8685 8672 8684
f 8672 8686 8673
f 8672 8685 8686
f 8688 8674 8687
f 8674 8686 8687
f 8674 8673 8686
f 8674 8688 8675
f 8678 8679 8444
f 8679 8443 8444
f 8679 8689 8443
f 8678 8444 8437
f 8446 8690 8680
f 8446 8680 8439
f 8680 8691 8681
f 8680 8690 8691
f 8681 8692 8682
f 8681 8691 8692
f 8682 8693 8683
f 8682 8692 8693
f 8683 8694 8684
f 8683 8693 8694
f 8684 8695 8685
f 8684 8694 8695
f 8685 8696 8686
f 8685 8695 8696
f 8687 8686 8697
f 8697 8686 8696
f 8700 8699 8698
f 8689 8700 8698
f 8448 8689 8698
f 8443 8689 8448
f 8450 8701 8690
f 8450 8690 8446
f 8690 8702 8691
f 8690 8701 8702
f 8691 8703 8692
f 8691 8702 8703
f 8692 8704 8693
f 8692 8703 8704
f 8693 8705 8694
f 8693 8704 8705
f 8694 8706 8695
f 8694 8705 8706
f 8695 8707 8696
f 8695 8706 8707
f 8697 8696 8708
f 8708 8696 8707
f 8698 8699 8709
f 8709 8699 8710
f 8709 8451 8448
f 8709 8448 8698
f 8453 8711 8701
f 8453 8701 8450
f 8701 8712 8702
f 8701 8711 8712
f 8702 8713 8703
f 8702 8712 8713
f 8703 8714 8704
f 8703 8713 8714
f 8716 8705 8715
f 8705 8714 8715
f 8705 8704 8714
f 8705 8716 8706
f 8706 8716 8717
f 8706 8717 8707
f 8707 8717 8718
f 8707 8718 8708
f 8709 8710 8456
f 8710 8455 8456
f 8710 8719 8455
f 8709 8456 8451
f 8458 8720 8711
f 8458 8711 8453
f 8711 8721 8712
f 8711 8720 8721
f 8712 8722 8713
f 8712 8721 8722
f 8713 8723 8714
f 8713 8722 8723
f 8715 8714 8724
f 8724 8714 8723
f 8719 8459 8455
f 8725 8459 8719
f 8461 8726 8460
f 8720 8458 8460
f 8726 8720 8460
f 8727 8720 8726
f 8720 8728 8721
f 8720 8727 8728
f 8721 8729 8722
f 8721 8728 8729
f 8722 8730 8723
f 8722 8729 8730
f 8724 8723 8731
f 8723 8732 8731
f 8723 8730 8732
f 8734 8733 8732
f 8732 8733 8731
f 8736 8735 8734
f 8734 8735 8733
f 8736 8737 8735
f 8725 8462 8459
f 8738 8462 8725
f 8463 8739 8726
f 8463 8726 8461
f 8726 8740 8727
f 8726 8739 8740
f 8727 8741 8728
f 8727 8740 8741
f 8728 8742 8729
f 8728 8741 8742
f 8729 8743 8730
f 8729 8742 8743
f 8730 8744 8732
f 8730 8743 8744
f 8732 8745 8734
f 8732 8744 8745
f 8734 8746 8736
f 8734 8745 8746
f 8737 8736 8747
f 8747 8736 8746
f 8738 8464 8462
f 8748 8464 8738
f 8465 8749 8739
f 8465 8739 8463
f 8751 8740 8750
f 8740 8749 8750
f 8740 8739 8749
f 8753 8752 8751
f 8752 8740 8751
f 8752 8741 8740
f 8741 8754 8742
f 8741 8752 8754
f 8756 8743 8755
f 8743 8754 8755
f 8743 8742 8754
f 8743 8756 8744
f 8744 8756 8757
f 8744 8757 8745
f 8745 8757 8758
f 8745 8758 8746
f 8746 8758 8759
f 8746 8759 8747
f 8760 8466 8467
f 8761 8760 8467
f 8464 8761 8467
f 8748 8761 8464
f 8468 8762 8749
f 8468 8749 8465
f 8750 8749 8763
f 8763 8749 8762
f 8753 8764 8752
f 8752 8764 8754
f 8754 8764 8765
f 8754 8765 8755
f 8766 8469 8760
f 8760 8469 8466
f 8760 8761 8767
f 8760 8767 8766
f 8470 8768 8762
f 8470 8762 8468
f 8763 8762 8769
f 8769 8762 8768
f 8772 8771 8770
f 8774 8773 8770
f 8770 8773 8772
f 8774 8775 8773
f 8776 8471 8766
f 8766 8471 8469
f 8766 8767 8777
f 8766 8777 8776
f 8472 8768 8470
f 8779 8778 8474
f 8474 8778 8472
f 8778 8769 8472
f 8769 8768 8472
f 8778 8779 8771
f 8779 8770 8771
f 8779 8780 8770
f 8770 8781 8774
f 8770 8780 8781
f 8775 8774 8782
f 8782 8774 8781
f 8783 8475 8776
f 8776 8475 8471
f 8776 8777 8784
f 8776 8784 8783
f 8786 8785 8779
f 8474 8786 8779
f 8476 8786 8474
f 8788 8787 8785
f 8787 8779 8785
f 8787 8780 8779
f 8780 8789 8781
f 8780 8787 8789
f 8782 8781 8790
f 8790 8781 8789
f 8793 8792 8791
f 8791 8794 8793
f 8796 8795 8783
f 8795 8475 8783
f 8795 8477 8475
f 8796 8783 8784
f 8478 8798 8797
f 8786 8478 8797
f 8476 8478 8786
f 8797 8798 8788
f 8798 8787 8788
f 8798 8799 8787
f 8787 8800 8789
f 8787 8799 8800
f 8790 8789 8801
f 8801 8789 8800
f 8791 8792 8802
f 8802 8792 8803
f 8794 8791 8804
f 8791 8805 8804
f 8791 8802 8805
f 8805 8806 8804
f 8795 8479 8477
f 8807 8479 8795
f 8809 8808 8798
f 8478 8809 8798
f 8481 8809 8478
f 8798 8808 8799
f 8799 8808 8810
f 8799 8810 8800
f 8800 8810 8811
f 8800 8811 8801
f 8802 8803 8484
f 8803 8483 8484
f 8803 8812 8483
f 8802 8484 8485
f 8813 8802 8485
f 8805 8802 8813
f 8806 8805 8814
f 8814 8805 8813
f 8807 8486 8479
f 8815 8486 8807
f 8817 8816 8487
f 8817 8487 8488
f 8481 8487 8809
f 8809 8487 8816
f 8812 8489 8483
f 8818 8489 8812
f 8490 8813 8485
f 8490 8492 8813
f 8492 8814 8813
f 8492 8819 8814
f 8815 8493 8486
f 8820 8493 8815
f 8494 8817 8488
f 8494 8821 8817
f 8824 8823 8822
f 8818 8824 8822
f 8495 8818 8822
f 8489 8818 8495
f 8496 8826 8825
f 8819 8496 8825
f 8492 8496 8819
f 8826 8827 8825
f 8820 8497 8493
f 8828 8497 8820
f 8498 8821 8494
f 8498 8829 8821
f 8823 8830 8822
f 8495 8822 8830
f 8831 8495 8830
f 8500 8495 8831
f 8502 8832 8826
f 8502 8826 8496
f 8827 8826 8833
f 8833 8826 8832
f 8828 8503 8497
f 8834 8503 8828
f 8504 8829 8498
f 8504 8835 8829
f 8831 8506 8500
f 8836 8506 8831
f 8508 8837 8832
f 8508 8832 8502
f 8833 8832 8838
f 8838 8832 8837
f 8834 8509 8503
f 8839 8509 8834
f 8510 8835 8504
f 8510 8840 8835
f 8836 8512 8506
f 8841 8512 8836
f 8843 8842 8837
f 8508 8843 8837
f 8514 8843 8508
f 8837 8842 8838
f 8839 8515 8509
f 8844 8515 8839
f 8516 8840 8510
f 8516 8845 8840
f 8517 8512 8846
f 8512 8847 8846
f 8512 8841 8847
f 8848 8518 8517
f 8848 8517 8846
f 8848 8849 8518
f 8849 8514 8518
f 8849 8843 8514
f 8844 8519 8515
f 8850 8519 8844
f 8520 8852 8851
f 8845 8520 8851
f 8516 8520 8845
f 8852 8853 8851
f 8846 8847 8854
f 8854 8847 8855
f 8846 8856 8848
f 8846 8854 8856
f 8849 8848 8857
f 8857 8848 8856
f 8858 8522 8523
f 8859 8858 8523
f 8519 8859 8523
f 8850 8859 8519
f 8861 8860 8852
f 8520 8861 8852
f 8524 8861 8520
f 8852 8860 8853
f 8855 8862 8854
f 8864 8863 8862
f 8863 8854 8862
f 8863 8856 8854
f 8857 8856 8865
f 8865 8856 8863
f 8858 8525 8522
f 8526 8525 8858
f 8859 8526 8858
f 8866 8526 8859
f 8527 8868 8867
f 8861 8527 8867
f 8524 8527 8861
f 8868 8869 8867
f 8864 8870 8863
f 8863 8870 8865
f 8866 8528 8526
f 8871 8528 8866
f 8873 8872 8868
f 8527 8873 8868
f 8530 8873 8527
f 8868 8872 8869
f 8871 8531 8528
f 8874 8531 8871
f 8533 8873 8530
f 8533 8875 8873
f 8874 8534 8531
f 8876 8534 8874
f 8536 8875 8533
f 8536 8877 8875
f 8876 8537 8534
f 8878 8537 8876
f 8538 8877 8536
f 8538 8879 8877
f 8882 8881 8880
f 8880 8883 8882
f 8878 8539 8537
f 8884 8539 8878
f 8538 8540 8885
f 8886 8538 8885
f 8879 8538 8886
f 8542 8885 8540
f 8880 8881 8887
f 8887 8881 8888
f 8883 8880 8889
f 8889 8880 8887
f 8884 8543 8539
f 8890 8543 8884
f 8891 8886 8885
f 8885 8542 8891
f 8542 8892 8891
f 8542 8545 8892
f 8895 8894 8893
f 8895 8893 8888
f 8893 8887 8888
f 8893 8896 8887
f 8889 8887 8897
f 8887 8898 8897
f 8887 8896 8898
f 8898 8899 8897
f 8890 8546 8543
f 8900 8546 8890
f 8548 8892 8545
f 8548 8901 8892
f 8893 8894 8902
f 8902 8894 8903
f 8893 8904 8896
f 8893 8902 8904
f 8896 8905 8898
f 8896 8904 8905
f 8899 8898 8906
f 8906 8898 8905
f 8907 8550 8551
f 8908 8907 8551
f 8546 8908 8551
f 8900 8908 8546
f 8553 8910 8909
f 8901 8553 8909
f 8548 8553 8901
f 8909 8910 8903
f 8910 8902 8903
f 8910 8911 8902
f 8902 8912 8904
f 8902 8911 8912
f 8904 8913 8905
f 8904 8912 8913
f 8906 8905 8914
f 8905 8915 8914
f 8905 8913 8915
f 8915 8916 8914
f 8919 8918 8917
f 8920 8919 8907
f 8919 8554 8907
f 8554 8550 8907
f 8919 8917 8554
f 8920 8907 8908
f 8555 8910 8553
f 8910 8555 8557
f 8921 8910 8557
f 8911 8910 8921
f 8911 8922 8912
f 8911 8921 8922
f 8922 8559 8560
f 8913 8922 8560
f 8912 8922 8913
f 8913 8560 8561
f 8923 8913 8561
f 8915 8913 8923
f 8564 8924 8563
f 8924 8915 8563
f 8915 8923 8563
f 8915 8924 8916
f 8925 8564 8565
f 8925 8924 8564
f 8565 8567 8925
f 8925 8567 8926
f 8929 8928 8927
f 8929 8927 8918
f 8918 8927 8917
f 8927 8569 8917
f 8569 8570 8917
f 8917 8570 8554
f 8572 8921 8557
f 8921 8572 8574
f 8921 8574 8922
f 8922 8574 8559
f 8577 8923 8561
f 8923 8577 8563
f 8930 8926 8567
f 8930 8567 8581
f 8932 8931 8583
f 8931 8581 8583
f 8931 8930 8581
f 8934 8933 8932
f 8932 8933 8931
f 8936 8935 8934
f 8934 8935 8933
f 8938 8937 8936
f 8936 8937 8935
f 8938 8939 8937
f 8927 8928 8940
f 8940 8928 8941
f 8940 8585 8569
f 8940 8569 8927
f 8589 8932 8583
f 8932 8589 8590
f 8932 8590 8934
f 8934 8590 8592
f 8942 8934 8592
f 8936 8934 8942
f 8942 8594 8595
f 8938 8942 8595
f 8936 8942 8938
f 8944 8943 8596
f 8596 8943 8595
f 8943 8939 8595
f 8939 8938 8595
f 8946 8945 8944
f 8944 8945 8943
f 8946 8947 8945
f 8950 8949 8948
f 8950 8948 8941
f 8948 8940 8941
f 8948 8951 8940
f 8951 8598 8585
f 8951 8585 8940
f 8599 8942 8592
f 8942 8599 8594
f 8602 8944 8596
f 8944 8602 8604
f 8944 8604 8946
f 8953 8952 8606
f 8606 8952 8604
f 8952 8947 8604
f 8947 8946 8604
f 8953 8954 8952
f 8957 8956 8955
f 8957 8955 8949
f 8955 8948 8949
f 8955 8958 8948
f 8958 8608 8609
f 8951 8958 8609
f 8948 8958 8951
f 8951 8609 8598
f 8611 8953 8606
f 8960 8959 8612
f 8612 8959 8611
f 8959 8954 8611
f 8954 8953 8611
f 8962 8961 8960
f 8960 8961 8959
f 8961 8962 8956
f 8956 8962 8955
f 8962 8614 8955
f 8614 8615 8955
f 8955 8615 8616
f 8955 8616 8958
f 8958 8616 8608
f 8617 8960 8612
f 8960 8617 8619
f 8960 8619 8962
f 8962 8619 8614
f 8622 8963 8623
f 8964 8624 8623
f 8964 8623 8963
f 8964 8626 8624
f 8632 8965 8631
f 8965 8966 8631
f 8631 8966 8622
f 8966 8967 8622
f 8967 8963 8622
f 8963 8967 8964
f 8964 8967 8968
f 8964 8968 8626
f 8968 8633 8626
f 8968 8969 8633
f 8633 8970 8634
f 8969 8970 8633
f 8970 8972 8971
f 8635 8970 8971
f 8634 8970 8635
f 8971 8637 8635
f 8974 8973 8640
f 8974 8640 8639
f 8640 8975 8641
f 8973 8975 8640
f 8641 8976 8642
f 8975 8976 8641
f 8644 8642 8976
f 8644 8976 8977
f 8646 8978 8965
f 8646 8965 8632
f 8966 8965 8979
f 8979 8965 8978
f 8972 8980 8971
f 8637 8971 8980
f 8981 8637 8980
f 8648 8637 8981
f 8649 8982 8650
f 8982 8983 8650
f 8983 8639 8650
f 8983 8974 8639
f 8651 8644 8984
f 8644 8985 8984
f 8644 8977 8985
f 8984 8653 8651
f 8987 8986 8978
f 8646 8987 8978
f 8655 8987 8646
f 8978 8986 8979
f 8989 8657 8988
f 8657 8981 8988
f 8657 8648 8981
f 8988 8990 8982
f 8658 8988 8982
f 8649 8658 8982
f 8989 8988 8658
f 8982 8990 8983
f 8985 8991 8984
f 8653 8984 8991
f 8992 8653 8991
f 8660 8653 8992
f 8663 8993 8664
f 8993 8994 8664
f 8994 8655 8664
f 8994 8987 8655
f 8989 8665 8657
f 8665 8989 8658
f 8992 8995 8660
f 8660 8995 8666
f 8668 8666 8995
f 8668 8995 8996
f 8675 8997 8676
f 8997 8998 8676
f 8676 8998 8663
f 8998 8999 8663
f 8999 8993 8663
f 8993 8999 8994
f 8996 9000 8668
f 8668 9000 8677
f 8679 8677 9000
f 8679 9000 9001
f 8687 9002 8688
f 9002 9003 8688
f 8688 9003 8675
f 9003 9004 8675
f 9004 8997 8675
f 8997 9004 8998
f 9001 8689 8679
f 9005 8689 9001
f 8697 9006 9002
f 8697 9002 8687
f 9003 9002 9007
f 9007 9002 9006
f 9009 9008 8700
f 8700 9008 8699
f 8700 8689 9005
f 8700 9005 9009
f 8708 9010 9006
f 8708 9006 8697
f 9007 9006 9011
f 9006 9012 9011
f 9006 9010 9012
f 9012 9013 9011
f 9008 8710 8699
f 9014 8710 9008
f 8715 9015 8716
f 9016 8717 8716
f 9016 8716 9015
f 9017 8718 8717
f 9017 8717 9016
f 9010 8708 8718
f 9017 9010 8718
f 9018 9010 9017
f 9010 9019 9012
f 9010 9018 9019
f 9013 9012 9020
f 9020 9012 9019
f 9014 8719 8710
f 9021 8719 9014
f 8724 9022 9015
f 8724 9015 8715
f 9015 9023 9016
f 9015 9022 9023
f 9016 9024 9017
f 9016 9023 9024
f 9017 9025 9018
f 9017 9024 9025
f 9018 9026 9019
f 9018 9025 9026
f 9020 9019 9027
f 9027 9019 9026
f 9021 8725 8719
f 9028 8725 9021
f 8731 9022 8724
f 9022 8731 8733
f 9022 8733 9023
f 9023 8733 8735
f 9023 8735 9024
f 9024 8735 8737
f 9029 9024 8737
f 9025 9024 9029
f 9025 9030 9026
f 9025 9029 9030
f 9027 9026 9031
f 9031 9026 9030
f 9028 8738 8725
f 9032 8738 9028
f 8747 9033 9029
f 8747 9029 8737
f 9029 9034 9030
f 9029 9033 9034
f 9031 9030 9035
f 9035 9030 9034
f 9032 8748 8738
f 9036 8748 9032
f 8750 9037 8751
f 9037 8753 8751
f 8755 9038 8756
f 8756 9038 9039
f 9040 8756 9039
f 8757 8756 9040
f 9040 9042 9041
f 8758 9040 9041
f 8757 9040 8758
f 9043 8759 8758
f 9043 8758 9041
f 9033 8747 8759
f 9043 9033 8759
f 9044 9033 9043
f 9033 9045 9034
f 9033 9044 9045
f 9035 9034 9046
f 9046 9034 9045
f 9049 9048 9047
f 9036 9049 9047
f 8761 9036 9047
f 8748 9036 8761
f 8763 9050 9037
f 8763 9037 8750
f 9051 8764 8753
f 9037 9051 8753
f 9050 9051 9037
f 9052 8765 8764
f 9052 8764 9051
f 9052 9053 8765
f 8765 9053 8755
f 9053 9054 8755
f 9054 9038 8755
f 9038 9054 9039
f 9042 9055 9041
f 9057 9056 9055
f 9056 9041 9055
f 9056 9043 9041
f 9043 9058 9044
f 9043 9056 9058
f 9044 9059 9045
f 9044 9058 9059
f 9046 9045 9060
f 9060 9045 9059
f 9047 9048 9061
f 9061 9048 9062
f 9061 8767 8761
f 9061 8761 9047
f 8769 9063 9050
f 8769 9050 8763
f 9063 8771 8772
f 9051 9063 8772
f 9050 9063 9051
f 9051 8772 8773
f 9051 8773 9052
f 8773 8775 9052
f 8775 9053 9052
f 8775 9064 9053
f 9056 9057 9065
f 9065 9057 9066
f 9056 9067 9058
f 9056 9065 9067
f 9069 9059 9068
f 9059 9067 9068
f 9059 9058 9067
f 9059 9069 9060
f 9061 9062 9070
f 9070 9062 9071
f 9070 8777 8767
f 9070 8767 9061
f 8778 9063 8769
f 9063 8778 8771
f 8782 9073 9072
f 9064 8782 9072
f 8775 8782 9064
f 9073 9074 9072
f 9065 9066 9075
f 9075 9066 9076
f 9065 9077 9067
f 9065 9075 9077
f 9068 9067 9078
f 9078 9067 9077
f 9070 9071 9079
f 9079 9071 9080
f 9079 8784 8777
f 9079 8777 9070
f 8786 9081 8785
f 9081 8788 8785
f 8790 9082 9073
f 8790 9073 8782
f 9074 9073 9083
f 9083 9073 9082
f 9075 9076 9084
f 9084 9076 9085
f 9084 8792 8793
f 9077 9084 8793
f 9075 9084 9077
f 9087 9086 8794
f 8794 9086 8793
f 9086 9078 8793
f 9078 9077 8793
f 9087 9088 9086
f 9079 9080 8796
f 9080 8795 8796
f 9080 9089 8795
f 9079 8796 8784
f 8797 9081 8786
f 9081 8797 8788
f 8801 9090 9082
f 8801 9082 8790
f 9083 9082 9091
f 9091 9082 9090
f 9084 9085 9092
f 9092 9085 9093
f 9092 8803 8792
f 9092 8792 9084
f 8804 9087 8794
f 8804 8806 9087
f 8806 9088 9087
f 8806 9094 9088
f 9097 9096 9095
f 9089 9097 9095
f 8807 9089 9095
f 8795 9089 8807
f 8809 9098 8808
f 9099 8810 8808
f 9099 8808 9098
f 9100 8811 8810
f 9100 8810 9099
f 9100 9101 8811
f 8811 9101 8801
f 9101 9102 8801
f 9102 9090 8801
f 9090 9102 9091
f 9092 9093 9103
f 9103 9093 9104
f 9103 8812 8803
f 9103 8803 9092
f 8814 9094 8806
f 8814 9105 9094
f 9095 9096 9106
f 9106 9096 9107
f 9106 8815 8807
f 9106 8807 9095
f 9109 9108 8816
f 9109 8816 8817
f 8809 8816 9098
f 8816 9110 9098
f 8816 9108 9110
f 9098 9110 9099
f 9099 9110 9111
f 9099 9111 9100
f 9100 9111 9112
f 9100 9112 9101
f 9103 9104 9113
f 9113 9104 9114
f 9113 8818 8812
f 9113 8812 9103
f 8819 9116 9115
f 9105 8819 9115
f 8814 8819 9105
f 9116 9117 9115
f 9106 9107 9118
f 9118 9107 9119
f 9118 8820 8815
f 9118 8815 9106
f 8821 9109 8817
f 8821 9120 9109
f 9123 9122 9121
f 9121 9124 9123
f 9127 9126 9125
f 9127 9125 9114
f 9114 9125 9113
f 9125 8823 9113
f 8823 8824 9113
f 9113 8824 8818
f 8825 9116 8819
f 8825 8827 9116
f 8827 9117 9116
f 8827 9128 9117
f 9118 9119 9129
f 9129 9119 9130
f 9129 8828 8820
f 9129 8820 9118
f 8829 9120 8821
f 8829 9131 9120
f 9122 9132 9121
f 9121 9132 9124
f 9126 9133 9125
f 9133 9135 9134
f 9133 9134 8830
f 9125 9133 8830
f 8823 9125 8830
f 9134 8831 8830
f 8833 9128 8827
f 8833 9136 9128
f 9129 9130 9137
f 9137 9130 9138
f 9137 8834 8828
f 9137 8828 9129
f 8835 9131 8829
f 8835 9139 9131
f 9135 9140 9134
f 8831 9134 9140
f 9141 8831 9140
f 8836 8831 9141
f 9144 9143 9142
f 9143 9136 9142
f 9136 8838 9142
f 9136 8833 8838
f 9137 9138 9145
f 9145 9138 9146
f 9145 8839 8834
f 9145 8834 9137
f 8840 9148 9147
f 9139 8840 9147
f 8835 8840 9139
f 9148 9149 9147
f 9141 8841 8836
f 9150 8841 9141
f 9144 9142 8842
f 8843 9144 8842
f 9151 9144 8843
f 8842 9142 8838
f 9145 9146 9152
f 9152 9146 9153
f 9152 8844 8839
f 9152 8839 9145
f 8845 9154 9148
f 8845 9148 8840
f 9149 9148 9155
f 9148 9156 9155
f 9148 9154 9156
f 9156 9157 9155
f 9150 8847 8841
f 9158 8847 9150
f 8849 9151 8843
f 8849 9159 9151
f 9152 9153 9160
f 9160 9153 9161
f 9160 8850 8844
f 9160 8844 9152
f 8851 9154 8845
f 9154 8851 8853
f 9162 9154 8853
f 9156 9154 9162
f 9157 9156 9163
f 9156 9164 9163
f 9156 9162 9164
f 9164 9165 9163
f 9158 8855 8847
f 9166 8855 9158
f 8857 9159 8849
f 8857 9167 9159
f 9160 9161 9168
f 9168 9161 9169
f 9168 8859 8850
f 9168 8850 9160
f 8861 9170 8860
f 9162 8853 8860
f 9170 9162 8860
f 9171 9162 9170
f 9162 9172 9164
f 9162 9171 9172
f 9165 9164 9173
f 9173 9164 9172
f 8862 8855 9174
f 8855 9175 9174
f 8855 9166 9175
f 9174 8864 8862
f 8865 9167 8857
f 8865 9176 9167
f 9168 9169 9177
f 9177 9169 9178
f 9177 8866 8859
f 9177 8859 9168
f 8867 9170 8861
f 9170 8867 8869
f 9179 9170 8869
f 9171 9170 9179
f 9171 9180 9172
f 9171 9179 9180
f 9173 9172 9181
f 9181 9172 9180
f 9174 9175 9182
f 9182 9175 9183
f 9174 9182 8864
f 9182 9184 8864
f 9184 8870 8864
f 9182 9185 9184
f 8865 8870 9176
f 9176 8870 9184
f 9177 9178 9186
f 9186 9178 9187
f 9186 8871 8866
f 9186 8866 9177
f 8873 9188 8872
f 9188 9189 8872
f 8872 9189 8869
f 9189 9190 8869
f 9190 9179 8869
f 9179 9190 9180
f 9180 9190 9191
f 9180 9191 9181
f 9183 9192 9182
f 9182 9192 9185
f 9186 9187 9193
f 9193 9187 9194
f 9193 8874 8871
f 9193 8871 9186
f 9196 9195 9188
f 8873 9196 9188
f 8875 9196 8873
f 9188 9195 9189
f 9193 9194 9197
f 9197 9194 9198
f 9197 8876 8874
f 9197 8874 9193
f 8877 9196 8875
f 8877 9199 9196
f 9202 9201 9200
f 9200 9203 9202
f 9197 9198 9204
f 9204 9198 9205
f 9204 8878 8876
f 9204 8876 9197
f 8879 9207 9206
f 9199 8879 9206
f 8877 8879 9199
f 9207 9208 9206
f 9200 9201 8882
f 9201 8881 8882
f 9201 9209 8881
f 8882 8883 9200
f 8883 9203 9200
f 8883 9210 9203
f 9204 9205 9211
f 9211 9205 9212
f 9211 8884 8878
f 9211 8878 9204
f 8886 9213 9207
f 8886 9207 8879
f 9208 9207 9214
f 9214 9207 9213
f 9217 9216 9215
f 9209 9217 9215
f 8888 9209 9215
f 8881 9209 8888
f 8889 9219 9218
f 9210 8889 9218
f 8883 8889 9210
f 9219 9220 9218
f 9211 9212 9221
f 9221 9212 9222
f 9221 8890 8884
f 9221 8884 9211
f 8891 9213 8886
f 8891 8892 9213
f 8892 9214 9213
f 8892 9223 9214
f 9215 9216 8895
f 9216 8894 8895
f 9216 9224 8894
f 9215 8895 8888
f 8897 9219 8889
f 8897 8899 9219
f 8899 9220 9219
f 8899 9225 9220
f 9222 9226 9221
f 8890 9221 9226
f 9227 8890 9226
f 8900 8890 9227
f 8901 9229 9228
f 9223 8901 9228
f 8892 8901 9223
f 9224 9228 9229
f 8903 9224 9229
f 8894 9224 8903
f 8906 9231 9230
f 9225 8906 9230
f 8899 8906 9225
f 9231 9232 9230
f 9235 9234 9233
f 9227 9235 9233
f 8908 9227 9233
f 8900 9227 8908
f 8909 9229 8901
f 9229 8909 8903
f 8914 9231 8906
f 8914 8916 9231
f 8916 9232 9231
f 8916 9236 9232
f 9238 9237 8919
f 8919 9237 8918
f 8920 9233 9234
f 9238 8920 9234
f 8919 8920 9238
f 9233 8920 8908
f 9239 9236 8916
f 9239 8916 8924
f 9240 8924 8925
f 9240 9239 8924
f 8925 8926 9240
f 9240 8926 9241
f 9244 9243 9242
f 9242 9245 9244
f 9247 9246 8929
f 8929 9246 8928
f 8929 8918 9237
f 8929 9237 9247
f 9248 9241 8926
f 9248 8926 8930
f 9249 8930 8931
f 9249 9248 8930
f 9250 8931 8933
f 9250 9249 8931
f 9251 8933 8935
f 9251 9250 8933
f 8937 9242 9243
f 9251 8937 9243
f 8935 8937 9251
f 9253 9252 8939
f 8939 9252 8937
f 9252 9245 8937
f 9245 9242 8937
f 9253 9254 9252
f 9257 9256 9255
f 9246 9257 9255
f 8941 9246 9255
f 8928 9246 8941
f 8943 9253 8939
f 9258 9254 9253
f 8943 9258 9253
f 8945 9258 8943
f 9260 9259 8947
f 9259 8945 8947
f 9259 9258 8945
f 9260 9261 9259
f 9264 9263 9262
f 9264 9262 9256
f 9256 9262 9255
f 9262 8949 9255
f 8949 8950 9255
f 9255 8950 8941
f 8952 9260 8947
f 9266 9265 8954
f 8954 9265 8952
f 9265 9261 8952
f 9261 9260 8952
f 9268 9267 9266
f 9266 9267 9265
f 9267 9268 9263
f 9263 9268 9262
f 9268 8956 9262
f 8956 8957 9262
f 9262 8957 8949
f 8959 9266 8954
f 9266 8959 8961
f 9266 8961 9268
f 9268 8961 8956
f 8966 9269 8967
f 9270 8968 8967
f 9270 8967 9269
f 9271 8969 8968
f 9271 8968 9270
f 9272 8970 8969
f 9272 8969 9271
f 9272 8972 8970
f 8974 9273 8973
f 9274 8975 8973
f 9274 8973 9273
f 9275 8976 8975
f 9275 8975 9274
f 9275 8977 8976
f 8979 9276 9269
f 8979 9269 8966
f 9269 9277 9270
f 9269 9276 9277
f 9270 9278 9271
f 9270 9277 9278
f 9280 9272 9279
f 9272 9278 9279
f 9272 9271 9278
f 9272 9280 8972
f 9280 8980 8972
f 9280 9281 8980
f 8981 8980 9281
f 8981 9281 9282
f 9284 9283 9273
f 8974 9284 9273
f 8983 9284 8974
f 9273 9283 9274
f 9274 9283 9285
f 9274 9285 9275
f 9275 9285 9286
f 8977 9275 9286
f 9287 8977 9286
f 8985 8977 9287
f 8987 9288 8986
f 9276 8979 8986
f 9288 9276 8986
f 9289 9276 9288
f 9291 9277 9290
f 9277 9289 9290
f 9277 9276 9289
f 9277 9291 9278
f 9278 9291 9292
f 9278 9292 9279
f 9282 9293 8981
f 8981 9293 8988
f 8988 9294 8990
f 9293 9294 8988
f 8983 8990 9284
f 9284 8990 9294
f 8991 8985 9295
f 8985 9296 9295
f 8985 9287 9296
f 9295 8992 8991
f 8994 9297 9288
f 8994 9288 8987
f 9299 9289 9298
f 9289 9297 9298
f 9289 9288 9297
f 9289 9299 9290
f 9296 9300 9295
f 9300 9302 9301
f 9300 9301 8995
f 9295 9300 8995
f 8992 9295 8995
f 9301 8996 8995
f 9304 9303 8999
f 9304 8999 8998
f 8994 8999 9297
f 8999 9305 9297
f 8999 9303 9305
f 9297 9305 9298
f 9301 9302 9306
f 9306 9302 9307
f 9308 9000 8996
f 9301 9308 8996
f 9306 9308 9301
f 9308 9001 9000
f 9003 9309 9004
f 9309 9310 9004
f 9310 8998 9004
f 9310 9304 8998
f 9306 9307 9311
f 9311 9307 9312
f 9306 9313 9308
f 9306 9311 9313
f 9313 9005 9001
f 9313 9001 9308
f 9007 9314 9309
f 9007 9309 9003
f 9310 9309 9315
f 9315 9309 9314
f 9311 9312 9316
f 9316 9312 9317
f 9316 9008 9009
f 9313 9316 9009
f 9311 9316 9313
f 9313 9009 9005
f 9011 9314 9007
f 9011 9013 9314
f 9013 9315 9314
f 9013 9318 9315
f 9316 9317 9319
f 9319 9317 9320
f 9319 9014 9008
f 9319 9008 9316
f 9020 9322 9321
f 9318 9020 9321
f 9013 9020 9318
f 9322 9323 9321
f 9319 9320 9324
f 9324 9320 9325
f 9324 9021 9014
f 9324 9014 9319
f 9027 9326 9322
f 9027 9322 9020
f 9323 9322 9327
f 9327 9322 9326
f 9324 9325 9328
f 9328 9325 9329
f 9328 9028 9021
f 9328 9021 9324
f 9031 9330 9326
f 9031 9326 9027
f 9327 9326 9331
f 9331 9326 9330
f 9328 9329 9332
f 9332 9329 9333
f 9332 9032 9028
f 9332 9028 9328
f 9035 9334 9330
f 9035 9330 9031
f 9331 9330 9335
f 9335 9330 9334
f 9338 9337 9336
f 9338 9336 9333
f 9336 9332 9333
f 9336 9339 9332
f 9339 9036 9032
f 9339 9032 9332
f 9039 9340 9040
f 9340 9042 9040
f 9342 9341 9334
f 9035 9342 9334
f 9046 9342 9035
f 9334 9341 9335
f 9336 9337 9343
f 9343 9337 9344
f 9343 9048 9049
f 9339 9343 9049
f 9336 9343 9339
f 9339 9049 9036
f 9053 9345 9054
f 9340 9039 9054
f 9345 9340 9054
f 9346 9340 9345
f 9340 9346 9042
f 9346 9347 9042
f 9347 9055 9042
f 9346 9348 9347
f 9057 9055 9347
f 9057 9347 9349
f 9060 9342 9046
f 9060 9350 9342
f 9353 9352 9351
f 9353 9351 9344
f 9351 9343 9344
f 9351 9354 9343
f 9354 9062 9048
f 9354 9048 9343
f 9064 9355 9345
f 9064 9345 9053
f 9345 9356 9346
f 9345 9355 9356
f 9348 9346 9357
f 9357 9346 9356
f 9349 9066 9057
f 9358 9066 9349
f 9068 9359 9069
f 9359 9360 9069
f 9360 9060 9069
f 9360 9350 9060
f 9351 9352 9361
f 9361 9352 9362
f 9351 9363 9354
f 9351 9361 9363
f 9363 9071 9062
f 9363 9062 9354
f 9072 9355 9064
f 9355 9072 9074
f 9364 9355 9074
f 9356 9355 9364
f 9357 9356 9365
f 9365 9356 9364
f 9358 9076 9066
f 9366 9076 9358
f 9078 9367 9359
f 9078 9359 9068
f 9360 9359 9368
f 9368 9359 9367
f 9361 9362 9369
f 9369 9362 9370
f 9361 9371 9363
f 9361 9369 9371
f 9371 9080 9071
f 9371 9071 9363
f 9083 9372 9364
f 9083 9364 9074
f 9365 9364 9373
f 9364 9374 9373
f 9364 9372 9374
f 9366 9373 9374
f 9085 9366 9374
f 9076 9366 9085
f 9086 9367 9078
f 9086 9088 9367
f 9088 9368 9367
f 9088 9375 9368
f 9369 9370 9376
f 9376 9370 9377
f 9369 9378 9371
f 9369 9376 9378
f 9378 9089 9080
f 9378 9080 9371
f 9091 9379 9372
f 9091 9372 9083
f 9372 9380 9374
f 9372 9379 9380
f 9380 9093 9085
f 9380 9085 9374
f 9094 9382 9381
f 9375 9094 9381
f 9088 9094 9375
f 9382 9383 9381
f 9376 9377 9384
f 9384 9377 9385
f 9384 9096 9097
f 9378 9384 9097
f 9376 9384 9378
f 9378 9097 9089
f 9101 9386 9102
f 9379 9091 9102
f 9386 9379 9102
f 9387 9379 9386
f 9379 9388 9380
f 9379 9387 9388
f 9388 9104 9093
f 9388 9093 9380
f 9105 9389 9382
f 9105 9382 9094
f 9383 9382 9390
f 9390 9382 9389
f 9384 9385 9391
f 9391 9385 9392
f 9391 9107 9096
f 9391 9096 9384
f 9109 9393 9108
f 9394 9110 9108
f 9394 9108 9393
f 9395 9111 9110
f 9395 9110 9394
f 9396 9112 9111
f 9396 9111 9395
f 9386 9101 9112
f 9396 9386 9112
f 9397 9386 9396
f 9386 9398 9387
f 9386 9397 9398
f 9387 9399 9388
f 9387 9398 9399
f 9399 9114 9104
f 9399 9104 9388
f 9115 9389 9105
f 9115 9117 9389
f 9117 9390 9389
f 9117 9400 9390
f 9391 9392 9401
f 9401 9392 9402
f 9401 9119 9107
f 9401 9107 9391
f 9120 9403 9393
f 9120 9393 9109
f 9393 9404 9394
f 9393 9403 9404
f 9394 9405 9395
f 9394 9404 9405
f 9395 9406 9396
f 9395 9405 9406
f 9406 9122 9123
f 9397 9406 9123
f 9396 9406 9397
f 9397 9123 9124
f 9407 9397 9124
f 9398 9397 9407
f 9407 9126 9127
f 9399 9407 9127
f 9398 9407 9399
f 9399 9127 9114
f 9128 9400 9117
f 9128 9408 9400
f 9401 9402 9409
f 9409 9402 9410
f 9409 9130 9119
f 9409 9119 9401
f 9131 9411 9403
f 9131 9403 9120
f 9403 9412 9404
f 9403 9411 9412
f 9404 9413 9405
f 9404 9412 9413
f 9405 9414 9406
f 9405 9413 9414
f 9415 9132 9122
f 9406 9415 9122
f 9414 9415 9406
f 9407 9124 9132
f 9415 9407 9132
f 9416 9407 9415
f 9417 9133 9126
f 9407 9417 9126
f 9416 9417 9407
f 9417 9135 9133
f 9136 9408 9128
f 9136 9418 9408
f 9409 9410 9419
f 9419 9410 9420
f 9419 9138 9130
f 9419 9130 9409
f 9139 9421 9411
f 9139 9411 9131
f 9411 9422 9412
f 9411 9421 9422
f 9424 9413 9423
f 9413 9422 9423
f 9413 9412 9422
f 9426 9425 9424
f 9425 9413 9424
f 9425 9414 9413
f 9428 9415 9427
f 9415 9425 9427
f 9415 9414 9425
f 9415 9428 9416
f 9416 9428 9429
f 9416 9429 9417
f 9417 9429 9430
f 9430 9432 9431
f 9430 9431 9140
f 9417 9430 9140
f 9135 9417 9140
f 9431 9141 9140
f 9434 9433 9143
f 9434 9143 9144
f 9136 9143 9418
f 9418 9143 9433
f 9419 9420 9435
f 9435 9420 9436
f 9435 9146 9138
f 9435 9138 9419
f 9147 9421 9139
f 9421 9147 9149
f 9437 9421 9149
f 9422 9421 9437
f 9423 9422 9438
f 9438 9422 9437
f 9425 9426 9439
f 9439 9426 9440
f 9427 9425 9441
f 9441 9425 9439
f 9431 9432 9442
f 9442 9432 9443
f 9442 9150 9141
f 9442 9141 9431
f 9151 9434 9144
f 9151 9444 9434
f 9435 9436 9445
f 9445 9436 9446
f 9445 9153 9146
f 9445 9146 9435
f 9155 9437 9149
f 9155 9157 9437
f 9157 9438 9437
f 9157 9447 9438
f 9440 9448 9439
f 9439 9448 9441
f 9443 9449 9442
f 9150 9442 9449
f 9450 9150 9449
f 9158 9150 9450
f 9159 9444 9151
f 9159 9451 9444
f 9445 9446 9452
f 9452 9446 9453
f 9452 9161 9153
f 9452 9153 9445
f 9157 9163 9454
f 9455 9157 9454
f 9447 9157 9455
f 9165 9454 9163
f 9450 9166 9158
f 9456 9166 9450
f 9167 9451 9159
f 9167 9457 9451
f 9452 9453 9458
f 9458 9453 9459
f 9458 9169 9161
f 9458 9161 9452
f 9455 9454 9460
f 9455 9460 9461
f 9173 9460 9165
f 9165 9460 9454
f 9456 9175 9166
f 9462 9175 9456
f 9176 9457 9167
f 9176 9463 9457
f 9458 9459 9464
f 9464 9459 9465
f 9464 9178 9169
f 9464 9169 9458
f 9461 9460 9466
f 9461 9466 9467
f 9181 9466 9173
f 9173 9466 9460
f 9470 9469 9468
f 9462 9470 9468
f 9183 9462 9468
f 9175 9462 9183
f 9185 9471 9184
f 9471 9472 9184
f 9472 9176 9184
f 9472 9463 9176
f 9464 9465 9473
f 9473 9465 9474
f 9473 9187 9178
f 9473 9178 9464
f 9189 9475 9190
f 9190 9466 9191
f 9466 9190 9467
f 9475 9467 9190
f 9467 9475 9476
f 9477 9476 9475
f 9181 9191 9466
f 9479 9476 9478
f 9477 9478 9476
f 9481 9480 9478
f 9478 9480 9479
f 9483 9482 9481
f 9481 9482 9480
f 9483 9484 9482
f 9469 9485 9468
f 9485 9487 9486
f 9485 9486 9192
f 9468 9485 9192
f 9183 9468 9192
f 9471 9185 9192
f 9486 9471 9192
f 9488 9471 9486
f 9472 9471 9489
f 9489 9471 9488
f 9473 9474 9490
f 9490 9474 9491
f 9490 9194 9187
f 9490 9187 9473
f 9196 9492 9195
f 9492 9493 9195
f 9195 9493 9189
f 9493 9494 9189
f 9494 9475 9189
f 9475 9494 9477
f 9477 9494 9495
f 9497 9496 9495
f 9496 9477 9495
f 9496 9478 9477
f 9478 9498 9481
f 9478 9496 9498
f 9500 9483 9499
f 9483 9498 9499
f 9483 9481 9498
f 9483 9500 9484
f 9487 9501 9486
f 9503 9502 9501
f 9502 9486 9501
f 9502 9488 9486
f 9489 9488 9504
f 9504 9488 9502
f 9490 9491 9505
f 9505 9491 9506
f 9505 9198 9194
f 9505 9194 9490
f 9199 9507 9492
f 9199 9492 9196
f 9493 9492 9508
f 9508 9492 9507
f 9496 9497 9202
f 9497 9201 9202
f 9497 9509 9201
f 9496 9202 9203
f 9510 9496 9203
f 9498 9496 9510
f 9499 9498 9511
f 9511 9498 9510
f 9503 9512 9502
f 9502 9512 9504
f 9505 9506 9513
f 9513 9506 9514
f 9513 9205 9198
f 9513 9198 9505
f 9206 9507 9199
f 9206 9208 9507
f 9208 9508 9507
f 9208 9515 9508
f 9518 9517 9516
f 9509 9518 9516
f 9209 9509 9516
f 9201 9509 9209
f 9210 9519 9510
f 9210 9510 9203
f 9511 9510 9520
f 9520 9510 9519
f 9513 9514 9521
f 9521 9514 9522
f 9521 9212 9205
f 9521 9205 9513
f 9214 9524 9523
f 9515 9214 9523
f 9208 9214 9515
f 9523 9524 9517
f 9517 9524 9516
f 9524 9216 9516
f 9216 9217 9516
f 9516 9217 9209
f 9218 9519 9210
f 9218 9220 9519
f 9220 9520 9519
f 9220 9525 9520
f 9522 9526 9521
f 9212 9521 9526
f 9527 9212 9526
f 9222 9212 9527
f 9223 9528 9524
f 9223 9524 9214
f 9528 9224 9216
f 9528 9216 9524
f 9225 9525 9220
f 9225 9529 9525
f 9527 9530 9222
f 9222 9530 9226
f 9227 9226 9530
f 9227 9530 9531
f 9228 9528 9223
f 9528 9228 9224
f 9532 9529 9225
f 9532 9225 9230
f 9230 9232 9532
f 9532 9232 9533
f 9534 9234 9235
f 9535 9534 9235
f 9227 9535 9235
f 9531 9535 9227
f 9236 9537 9536
f 9533 9236 9536
f 9232 9236 9533
f 9537 9538 9536
f 9539 9237 9238
f 9540 9539 9238
f 9540 9238 9234
f 9541 9540 9234
f 9534 9541 9234
f 9541 9534 9535
f 9239 9537 9236
f 9542 9538 9537
f 9239 9542 9537
f 9240 9542 9239
f 9240 9241 9542
f 9542 9241 9543
f 9544 9243 9244
f 9546 9544 9545
f 9544 9244 9545
f 9245 9547 9545
f 9245 9545 9244
f 9547 9548 9545
f 9550 9549 9247
f 9247 9549 9246
f 9247 9237 9539
f 9551 9247 9539
f 9550 9247 9551
f 9551 9539 9540
f 9552 9543 9241
f 9552 9241 9248
f 9553 9248 9249
f 9553 9552 9248
f 9554 9249 9250
f 9554 9553 9249
f 9555 9250 9251
f 9555 9554 9250
f 9251 9243 9544
f 9556 9251 9544
f 9555 9251 9556
f 9245 9252 9547
f 9544 9546 9556
f 9558 9557 9254
f 9254 9557 9252
f 9557 9548 9252
f 9548 9547 9252
f 9558 9559 9557
f 9561 9560 9257
f 9257 9560 9256
f 9257 9246 9549
f 9257 9549 9561
f 9258 9558 9254
f 9562 9559 9558
f 9258 9562 9558
f 9259 9562 9258
f 9259 9261 9562
f 9562 9261 9563
f 9565 9564 9264
f 9264 9564 9263
f 9264 9256 9560
f 9264 9560 9565
f 9566 9563 9261
f 9566 9261 9265
f 9567 9265 9267
f 9567 9566 9265
f 9267 9263 9564
f 9267 9564 9567
f 9279 9568 9280
f 9569 9281 9280
f 9569 9280 9568
f 9569 9282 9281
f 9284 9570 9283
f 9571 9285 9283
f 9571 9283 9570
f 9572 9286 9285
f 9572 9285 9571
f 9572 9287 9286
f 9290 9573 9291
f 9574 9292 9291
f 9574 9291 9573
f 9568 9279 9292
f 9574 9568 9292
f 9575 9568 9574
f 9568 9576 9569
f 9568 9575 9576
f 9577 9293 9282
f 9569 9577 9282
f 9576 9577 9569
f 9578 9294 9293
f 9578 9293 9577
f 9570 9284 9294
f 9578 9570 9294
f 9579 9570 9578
f 9570 9580 9571
f 9570 9579 9580
f 9571 9581 9572
f 9571 9580 9581
f 9581 9296 9287
f 9581 9287 9572
f 9298 9582 9299
f 9573 9290 9299
f 9582 9573 9299
f 9583 9573 9582
f 9573 9584 9574
f 9573 9583 9584
f 9574 9585 9575
f 9574 9584 9585
f 9575 9586 9576
f 9575 9585 9586
f 9588 9577 9587
f 9577 9586 9587
f 9577 9576 9586
f 9577 9588 9578
f 9578 9588 9589
f 9578 9589 9579
f 9579 9589 9590
f 9579 9590 9580
f 9580 9590 9591
f 9580 9591 9581
f 9581 9591 9592
f 9592 9594 9593
f 9592 9593 9300
f 9581 9592 9300
f 9296 9581 9300
f 9593 9302 9300
f 9304 9595 9303
f 9596 9305 9303
f 9596 9303 9595
f 9582 9298 9305
f 9596 9582 9305
f 9597 9582 9596
f 9582 9598 9583
f 9582 9597 9598
f 9600 9584 9599
f 9584 9598 9599
f 9584 9583 9598
f 9584 9600 9585
f 9585 9600 9601
f 9585 9601 9586
f 9586 9601 9602
f 9586 9602 9587
f 9593 9594 9603
f 9603 9594 9604
f 9603 9307 9302
f 9603 9302 9593
f 9310 9605 9595
f 9310 9595 9304
f 9595 9606 9596
f 9595 9605 9606
f 9596 9607 9597
f 9596 9606 9607
f 9597 9608 9598
f 9597 9607 9608
f 9599 9598 9609
f 9609 9598 9608
f 9603 9604 9610
f 9610 9604 9611
f 9610 9312 9307
f 9610 9307 9603
f 9315 9612 9605
f 9315 9605 9310
f 9605 9613 9606
f 9605 9612 9613
f 9606 9614 9607
f 9606 9613 9614
f 9607 9615 9608
f 9607 9614 9615
f 9609 9608 9616
f 9616 9608 9615
f 9610 9611 9617
f 9617 9611 9618
f 9617 9317 9312
f 9617 9312 9610
f 9318 9619 9612
f 9318 9612 9315
f 9612 9620 9613
f 9612 9619 9620
f 9613 9621 9614
f 9613 9620 9621
f 9614 9622 9615
f 9614 9621 9622
f 9616 9615 9623
f 9623 9615 9622
f 9617 9618 9624
f 9624 9618 9625
f 9624 9320 9317
f 9624 9317 9617
f 9321 9619 9318
f 9619 9321 9323
f 9626 9619 9323
f 9620 9619 9626
f 9620 9627 9621
f 9620 9626 9627
f 9621 9628 9622
f 9621 9627 9628
f 9623 9622 9629
f 9622 9630 9629
f 9622 9628 9630
f 9632 9631 9630
f 9630 9631 9629
f 9632 9633 9631
f 9636 9635 9634
f 9636 9634 9625
f 9634 9624 9625
f 9634 9637 9624
f 9637 9325 9320
f 9637 9320 9624
f 9327 9638 9626
f 9327 9626 9323
f 9626 9639 9627
f 9626 9638 9639
f 9627 9640 9628
f 9627 9639 9640
f 9628 9641 9630
f 9628 9640 9641
f 9630 9642 9632
f 9630 9641 9642
f 9633 9632 9643
f 9632 9644 9643
f 9632 9642 9644
f 9644 9645 9643
f 9648 9647 9646
f 9650 9649 9646
f 9646 9649 9648
f 9649 9650 9635
f 9650 9634 9635
f 9650 9651 9634
f 9634 9652 9637
f 9634 9651 9652
f 9652 9329 9325
f 9652 9325 9637
f 9331 9653 9638
f 9331 9638 9327
f 9638 9654 9639
f 9638 9653 9654
f 9639 9655 9640
f 9639 9654 9655
f 9640 9656 9641
f 9640 9655 9656
f 9658 9642 9657
f 9642 9656 9657
f 9642 9641 9656
f 9642 9658 9644
f 9644 9658 9659
f 9644 9659 9645
f 9647 9660 9646
f 9662 9661 9660
f 9661 9646 9660
f 9661 9650 9646
f 9650 9663 9651
f 9650 9661 9663
f 9651 9664 9652
f 9651 9663 9664
f 9664 9333 9329
f 9664 9329 9652
f 9335 9665 9653
f 9335 9653 9331
f 9653 9666 9654
f 9653 9665 9666
f 9654 9667 9655
f 9654 9666 9667
f 9655 9668 9656
f 9655 9667 9668
f 9657 9656 9669
f 9669 9656 9668
f 9672 9671 9670
f 9672 9670 9662
f 9670 9661 9662
f 9670 9673 9661
f 9661 9674 9663
f 9661 9673 9674
f 9674 9337 9338
f 9664 9674 9338
f 9663 9674 9664
f 9664 9338 9333
f 9342 9675 9341
f 9665 9335 9341
f 9675 9665 9341
f 9676 9665 9675
f 9665 9677 9666
f 9665 9676 9677
f 9679 9667 9678
f 9667 9677 9678
f 9667 9666 9677
f 9667 9679 9668
f 9668 9679 9680
f 9668 9680 9669
f 9670 9671 9681
f 9681 9671 9682
f 9670 9683 9673
f 9670 9681 9683
f 9673 9684 9674
f 9673 9683 9684
f 9684 9344 9337
f 9684 9337 9674
f 9348 9685 9347
f 9685 9349 9347
f 9350 9686 9675
f 9350 9675 9342
f 9675 9687 9676
f 9675 9686 9687
f 9689 9677 9688
f 9677 9687 9688
f 9677 9676 9687
f 9677 9689 9678
f 9681 9682 9690
f 9690 9682 9691
f 9681 9692 9683
f 9681 9690 9692
f 9692 9352 9353
f 9684 9692 9353
f 9683 9692 9684
f 9684 9353 9344
f 9357 9693 9685
f 9357 9685 9348
f 9693 9358 9349
f 9693 9349 9685
f 9360 9694 9686
f 9360 9686 9350
f 9696 9687 9695
f 9687 9694 9695
f 9687 9686 9694
f 9687 9696 9688
f 9690 9691 9697
f 9697 9691 9698
f 9690 9699 9692
f 9690 9697 9699
f 9699 9362 9352
f 9699 9352 9692
f 9365 9700 9693
f 9365 9693 9357
f 9700 9366 9358
f 9700 9358 9693
f 9368 9701 9694
f 9368 9694 9360
f 9695 9694 9702
f 9702 9694 9701
f 9697 9698 9703
f 9703 9698 9704
f 9697 9705 9699
f 9697 9703 9705
f 9705 9370 9362
f 9705 9362 9699
f 9373 9700 9365
f 9700 9373 9366
f 9375 9706 9701
f 9375 9701 9368
f 9702 9701 9707
f 9707 9701 9706
f 9703 9704 9708
f 9708 9704 9709
f 9703 9710 9705
f 9703 9708 9710
f 9710 9377 9370
f 9710 9370 9705
f 9381 9706 9375
f 9712 9711 9383
f 9383 9711 9381
f 9711 9707 9381
f 9707 9706 9381
f 9712 9713 9711
f 9708 9709 9714
f 9714 9709 9715
f 9708 9716 9710
f 9708 9714 9716
f 9716 9385 9377
f 9716 9377 9710
f 9390 9717 9712
f 9390 9712 9383
f 9713 9712 9718
f 9718 9712 9717
f 9714 9715 9719
f 9719 9715 9720
f 9714 9721 9716
f 9714 9719 9721
f 9721 9392 9385
f 9721 9385 9716
f 9400 9722 9717
f 9400 9717 9390
f 9718 9717 9723
f 9723 9717 9722
f 9720 9724 9719
f 9726 9725 9724
f 9725 9719 9724
f 9725 9721 9719
f 9725 9402 9392
f 9725 9392 9721
f 9408 9727 9722
f 9408 9722 9400
f 9723 9722 9728
f 9728 9722 9727
f 9731 9730 9729
f 9731 9729 9726
f 9729 9725 9726
f 9729 9732 9725
f 9732 9410 9402
f 9732 9402 9725
f 9734 9733 9727
f 9408 9734 9727
f 9418 9734 9408
f 9727 9733 9728
f 9729 9730 9735
f 9735 9730 9736
f 9729 9737 9732
f 9729 9735 9737
f 9737 9420 9410
f 9737 9410 9732
f 9423 9738 9424
f 9738 9426 9424
f 9427 9739 9428
f 9740 9429 9428
f 9740 9428 9739
f 9741 9430 9429
f 9741 9429 9740
f 9741 9432 9430
f 9434 9742 9433
f 9742 9743 9433
f 9743 9418 9433
f 9743 9734 9418
f 9736 9744 9735
f 9746 9745 9744
f 9745 9735 9744
f 9745 9737 9735
f 9745 9436 9420
f 9745 9420 9737
f 9438 9747 9738
f 9438 9738 9423
f 9747 9440 9426
f 9747 9426 9738
f 9441 9748 9739
f 9441 9739 9427
f 9739 9749 9740
f 9739 9748 9749
f 9740 9750 9741
f 9740 9749 9750
f 9750 9443 9432
f 9750 9432 9741
f 9444 9751 9742
f 9444 9742 9434
f 9743 9742 9752
f 9752 9742 9751
f 9745 9746 9753
f 9753 9746 9754
f 9753 9446 9436
f 9753 9436 9745
f 9447 9755 9747
f 9447 9747 9438
f 9756 9448 9440
f 9747 9756 9440
f 9755 9756 9747
f 9748 9441 9448
f 9756 9748 9448
f 9757 9748 9756
f 9748 9758 9749
f 9748 9757 9758
f 9749 9759 9750
f 9749 9758 9759
f 9760 9449 9443
f 9750 9760 9443
f 9759 9760 9750
f 9760 9450 9449
f 9451 9761 9751
f 9451 9751 9444
f 9752 9751 9762
f 9762 9751 9761
f 9754 9763 9753
f 9446 9753 9763
f 9764 9446 9763
f 9453 9446 9764
f 9455 9765 9755
f 9455 9755 9447
f 9755 9766 9756
f 9755 9765 9766
f 9756 9767 9757
f 9756 9766 9767
f 9757 9768 9758
f 9757 9767 9768
f 9758 9769 9759
f 9758 9768 9769
f 9759 9770 9760
f 9759 9769 9770
f 9770 9456 9450
f 9770 9450 9760
f 9457 9771 9761
f 9457 9761 9451
f 9762 9761 9772
f 9772 9761 9771
f 9764 9459 9453
f 9773 9459 9764
f 9461 9774 9765
f 9461 9765 9455
f 9765 9775 9766
f 9765 9774 9775
f 9766 9776 9767
f 9766 9775 9776
f 9767 9777 9768
f 9767 9776 9777
f 9768 9778 9769
f 9768 9777 9778
f 9769 9779 9770
f 9769 9778 9779
f 9779 9462 9456
f 9779 9456 9770
f 9463 9780 9771
f 9463 9771 9457
f 9772 9771 9781
f 9781 9771 9780
f 9784 9783 9782
f 9773 9784 9782
f 9465 9773 9782
f 9459 9773 9465
f 9467 9785 9774
f 9467 9774 9461
f 9774 9786 9775
f 9774 9785 9786
f 9775 9787 9776
f 9775 9786 9787
f 9776 9788 9777
f 9776 9787 9788
f 9777 9789 9778
f 9777 9788 9789
f 9789 9469 9470
f 9779 9789 9470
f 9778 9789 9779
f 9779 9470 9462
f 9472 9790 9780
f 9472 9780 9463
f 9781 9780 9791
f 9791 9780 9790
f 9782 9783 9792
f 9792 9783 9793
f 9792 9474 9465
f 9792 9465 9782
f 9476 9785 9467
f 9785 9476 9479
f 9785 9479 9786
f 9786 9479 9480
f 9786 9480 9787
f 9787 9480 9482
f 9787 9482 9788
f 9788 9482 9484
f 9794 9788 9484
f 9789 9788 9794
f 9795 9485 9469
f 9789 9795 9469
f 9794 9795 9789
f 9795 9487 9485
f 9489 9796 9790
f 9489 9790 9472
f 9791 9790 9797
f 9790 9798 9797
f 9790 9796 9798
f 9798 9799 9797
f 9792 9793 9800
f 9800 9793 9801
f 9800 9491 9474
f 9800 9474 9792
f 9493 9802 9494
f 9803 9495 9494
f 9803 9494 9802
f 9803 9497 9495
f 9499 9804 9500
f 9794 9484 9500
f 9804 9794 9500
f 9805 9794 9804
f 9794 9806 9795
f 9794 9805 9806
f 9807 9501 9487
f 9795 9807 9487
f 9806 9807 9795
f 9807 9503 9501
f 9504 9808 9796
f 9504 9796 9489
f 9796 9809 9798
f 9796 9808 9809
f 9799 9798 9810
f 9810 9798 9809
f 9813 9812 9811
f 9813 9811 9801
f 9811 9800 9801
f 9811 9814 9800
f 9814 9506 9491
f 9814 9491 9800
f 9508 9815 9802
f 9508 9802 9493
f 9802 9816 9803
f 9802 9815 9816
f 9816 9509 9497
f 9816 9497 9803
f 9511 9817 9804
f 9511 9804 9499
f 9804 9818 9805
f 9804 9817 9818
f 9805 9819 9806
f 9805 9818 9819
f 9806 9820 9807
f 9806 9819 9820
f 9821 9512 9503
f 9807 9821 9503
f 9820 9821 9807
f 9808 9504 9512
f 9821 9808 9512
f 9822 9808 9821
f 9808 9823 9809
f 9808 9822 9823
f 9810 9809 9824
f 9824 9809 9823
f 9811 9812 9825
f 9825 9812 9826
f 9811 9827 9814
f 9811 9825 9827
f 9827 9514 9506
f 9827 9506 9814
f 9515 9828 9815
f 9515 9815 9508
f 9828 9517 9518
f 9816 9828 9518
f 9815 9828 9816
f 9816 9518 9509
f 9520 9829 9817
f 9520 9817 9511
f 9817 9830 9818
f 9817 9829 9830
f 9818 9831 9819
f 9818 9830 9831
f 9819 9832 9820
f 9819 9831 9832
f 9820 9833 9821
f 9820 9832 9833
f 9821 9834 9822
f 9821 9833 9834
f 9822 9835 9823
f 9822 9834 9835
f 9824 9823 9836
f 9836 9823 9835
f 9825 9826 9837
f 9837 9826 9838
f 9825 9839 9827
f 9825 9837 9839
f 9839 9522 9514
f 9839 9514 9827
f 9523 9828 9515
f 9828 9523 9517
f 9525 9840 9829
f 9525 9829 9520
f 9829 9841 9830
f 9829 9840 9841
f 9830 9842 9831
f 9830 9841 9842
f 9831 9843 9832
f 9831 9842 9843
f 9832 9844 9833
f 9832 9843 9844
f 9833 9845 9834
f 9833 9844 9845
f 9847 9835 9846
f 9835 9845 9846
f 9835 9834 9845
f 9835 9847 9836
f 9838 9848 9837
f 9850 9849 9848
f 9849 9837 9848
f 9849 9839 9837
f 9851 9526 9522
f 9839 9851 9522
f 9849 9851 9839
f 9851 9527 9526
f 9529 9852 9840
f 9529 9840 9525
f 9840 9853 9841
f 9840 9852 9853
f 9841 9854 9842
f 9841 9853 9854
f 9842 9855 9843
f 9842 9854 9855
f 9843 9856 9844
f 9843 9855 9856
f 9844 9857 9845
f 9844 9856 9857
f 9846 9845 9858
f 9858 9845 9857
f 9850 9859 9849
f 9849 9859 9851
f 9851 9859 9860
f 9860 9862 9861
f 9860 9861 9530
f 9851 9860 9530
f 9527 9851 9530
f 9861 9531 9530
f 9532 9852 9529
f 9852 9532 9533
f 9863 9852 9533
f 9853 9852 9863
f 9853 9864 9854
f 9853 9863 9864
f 9854 9865 9855
f 9854 9864 9865
f 9855 9866 9856
f 9855 9865 9866
f 9856 9867 9857
f 9856 9866 9867
f 9858 9857 9868
f 9868 9857 9867
f 9871 9870 9869
f 9871 9869 9862
f 9869 9861 9862
f 9869 9872 9861
f 9872 9535 9531
f 9872 9531 9861
f 9536 9863 9533
f 9863 9536 9538
f 9873 9863 9538
f 9864 9863 9873
f 9864 9874 9865
f 9864 9873 9874
f 9865 9875 9866
f 9865 9874 9875
f 9866 9876 9867
f 9866 9875 9876
f 9868 9867 9877
f 9867 9878 9877
f 9867 9876 9878
f 9880 9879 9878
f 9878 9879 9877
f 9880 9881 9879
f 9884 9883 9882
f 9884 9882 9870
f 9882 9869 9870
f 9882 9885 9869
f 9885 9540 9541
f 9872 9885 9541
f 9869 9885 9872
f 9872 9541 9535
f 9542 9873 9538
f 9873 9542 9543
f 9886 9873 9543
f 9874 9873 9886
f 9874 9887 9875
f 9874 9886 9887
f 9875 9888 9876
f 9875 9887 9888
f 9876 9889 9878
f 9876 9888 9889
f 9878 9890 9880
f 9878 9889 9890
f 9545 9891 9546
f 9891 9880 9546
f 9880 9890 9546
f 9880 9891 9881
f 9893 9892 9548
f 9892 9545 9548
f 9892 9891 9545
f 9893 9894 9892
f 9897 9896 9895
f 9897 9895 9883
f 9883 9895 9882
f 9895 9549 9882
f 9549 9550 9882
f 9882 9550 9551
f 9882 9551 9885
f 9885 9551 9540
f 9552 9886 9543
f 9886 9552 9553
f 9886 9553 9887
f 9887 9553 9554
f 9887 9554 9888
f 9888 9554 9555
f 9888 9555 9889
f 9889 9555 9556
f 9889 9556 9890
f 9890 9556 9546
f 9557 9893 9548
f 9899 9898 9559
f 9559 9898 9557
f 9898 9894 9557
f 9894 9893 9557
f 9899 9900 9898
f 9895 9896 9561
f 9896 9560 9561
f 9896 9901 9560
f 9895 9561 9549
f 9562 9899 9559
f 9903 9902 9563
f 9563 9902 9562
f 9902 9900 9562
f 9900 9899 9562
f 9905 9904 9903
f 9903 9904 9902
f 9564 9565 9905
f 9565 9904 9905
f 9565 9906 9904
f 9565 9560 9901
f 9565 9901 9906
f 9566 9903 9563
f 9903 9566 9567
f 9903 9567 9905
f 9905 9567 9564
f 9587 9907 9588
f 9908 9589 9588
f 9908 9588 9907
f 9909 9590 9589
f 9909 9589 9908
f 9910 9591 9590
f 9910 9590 9909
f 9911 9592 9591
f 9911 9591 9910
f 9911 9594 9592
f 9599 9912 9600
f 9913 9601 9600
f 9913 9600 9912
f 9914 9602 9601
f 9914 9601 9913
f 9907 9587 9602
f 9914 9907 9602
f 9915 9907 9914
f 9907 9916 9908
f 9907 9915 9916
f 9908 9917 9909
f 9908 9916 9917
f 9909 9918 9910
f 9909 9917 9918
f 9910 9919 9911
f 9910 9918 9919
f 9919 9604 9594
f 9919 9594 9911
f 9609 9920 9912
f 9609 9912 9599
f 9912 9921 9913
f 9912 9920 9921
f 9913 9922 9914
f 9913 9921 9922
f 9914 9923 9915
f 9914 9922 9923
f 9915 9924 9916
f 9915 9923 9924
f 9916 9925 9917
f 9916 9924 9925
f 9917 9926 9918
f 9917 9925 9926
f 9918 9927 9919
f 9918 9926 9927
f 9927 9611 9604
f 9927 9604 9919
f 9616 9928 9920
f 9616 9920 9609
f 9920 9929 9921
f 9920 9928 9929
f 9921 9930 9922
f 9921 9929 9930
f 9922 9931 9923
f 9922 9930 9931
f 9923 9932 9924
f 9923 9931 9932
f 9924 9933 9925
f 9924 9932 9933
f 9925 9934 9926
f 9925 9933 9934
f 9926 9935 9927
f 9926 9934 9935
f 9935 9618 9611
f 9935 9611 9927
f 9623 9936 9928
f 9623 9928 9616
f 9928 9937 9929
f 9928 9936 9937
f 9929 9938 9930
f 9929 9937 9938
f 9930 9939 9931
f 9930 9938 9939
f 9931 9940 9932
f 9931 9939 9940
f 9932 9941 9933
f 9932 9940 9941
f 9933 9942 9934
f 9933 9941 9942
f 9934 9943 9935
f 9934 9942 9943
f 9943 9625 9618
f 9943 9618 9935
f 9629 9936 9623
f 9936 9629 9631
f 9936 9631 9937
f 9937 9631 9633
f 9944 9937 9633
f 9938 9937 9944
f 9938 9945 9939
f 9938 9944 9945
f 9939 9946 9940
f 9939 9945 9946
f 9940 9947 9941
f 9940 9946 9947
f 9941 9948 9942
f 9941 9947 9948
f 9948 9635 9636
f 9943 9948 9636
f 9942 9948 9943
f 9943 9636 9625
f 9643 9944 9633
f 9944 9643 9645
f 9949 9944 9645
f 9945 9944 9949
f 9945 9950 9946
f 9945 9949 9950
f 9950 9647 9648
f 9947 9950 9648
f 9946 9950 9947
f 9947 9648 9649
f 9947 9649 9948
f 9948 9649 9635
f 9657 9951 9658
f 9952 9659 9658
f 9952 9658 9951
f 9949 9645 9659
f 9952 9949 9659
f 9953 9949 9952
f 9949 9954 9950
f 9949 9953 9954
f 9955 9660 9647
f 9950 9955 9647
f 9954 9955 9950
f 9955 9662 9660
f 9669 9956 9951
f 9669 9951 9657
f 9951 9957 9952
f 9951 9956 9957
f 9952 9958 9953
f 9952 9957 9958
f 9953 9959 9954
f 9953 9958 9959
f 9959 9671 9672
f 9955 9959 9672
f 9954 9959 9955
f 9955 9672 9662
f 9678 9960 9679
f 9961 9680 9679
f 9961 9679 9960
f 9956 9669 9680
f 9961 9956 9680
f 9962 9956 9961
f 9956 9963 9957
f 9956 9962 9963
f 9957 9964 9958
f 9957 9963 9964
f 9958 9965 9959
f 9958 9964 9965
f 9965 9682 9671
f 9965 9671 9959
f 9688 9966 9689
f 9960 9678 9689
f 9966 9960 9689
f 9967 9960 9966
f 9960 9968 9961
f 9960 9967 9968
f 9961 9969 9962
f 9961 9968 9969
f 9962 9970 9963
f 9962 9969 9970
f 9963 9971 9964
f 9963 9970 9971
f 9964 9972 9965
f 9964 9971 9972
f 9972 9691 9682
f 9972 9682 9965
f 9695 9973 9696
f 9966 9688 9696
f 9973 9966 9696
f 9974 9966 9973
f 9966 9975 9967
f 9966 9974 9975
f 9967 9976 9968
f 9967 9975 9976
f 9968 9977 9969
f 9968 9976 9977
f 9969 9978 9970
f 9969 9977 9978
f 9970 9979 9971
f 9970 9978 9979
f 9971 9980 9972
f 9971 9979 9980
f 9980 9698 9691
f 9980 9691 9972
f 9702 9981 9973
f 9702 9973 9695
f 9973 9982 9974
f 9973 9981 9982
f 9974 9983 9975
f 9974 9982 9983
f 9975 9984 9976
f 9975 9983 9984
f 9976 9985 9977
f 9976 9984 9985
f 9977 9986 9978
f 9977 9985 9986
f 9978 9987 9979
f 9978 9986 9987
f 9979 9988 9980
f 9979 9987 9988
f 9988 9704 9698
f 9988 9698 9980
f 9707 9989 9981
f 9707 9981 9702
f 9981 9990 9982
f 9981 9989 9990
f 9982 9991 9983
f 9982 9990 9991
f 9983 9992 9984
f 9983 9991 9992
f 9984 9993 9985
f 9984 9992 9993
f 9985 9994 9986
f 9985 9993 9994
f 9986 9995 9987
f 9986 9994 9995
f 9987 9996 9988
f 9987 9995 9996
f 9996 9709 9704
f 9996 9704 9988
f 9711 9989 9707
f 9989 9711 9713
f 9997 9989 9713
f 9990 9989 9997
f 9990 9998 9991
f 9990 9997 9998
f 9991 9999 9992
f 9991 9998 9999
f 9992 10000 9993
f 9992 9999 10000
f 9993 10001 9994
f 9993 10000 10001
f 9994 10002 9995
f 9994 10001 10002
f 9995 10003 9996
f 9995 10002 10003
f 10003 9715 9709
f 10003 9709 9996
f 9718 10004 9997
f 9718 9997 9713
f 9997 10005 9998
f 9997 10004 10005
f 9998 10006 9999
f 9998 10005 10006
f 9999 10007 10000
f 9999 10006 10007
f 10000 10008 10001
f 10000 10007 10008
f 10001 10009 10002
f 10001 10008 10009
f 10002 10010 10003
f 10002 10009 10010
f 10010 9720 9715
f 10010 9715 10003
f 9723 10011 10004
f 9723 10004 9718
f 10004 10012 10005
f 10004 10011 10012
f 10005 10013 10006
f 10005 10012 10013
f 10006 10014 10007
f 10006 10013 10014
f 10007 10015 10008
f 10007 10014 10015
f 10008 10016 10009
f 10008 10015 10016
f 10009 10017 10010
f 10009 10016 10017
f 10018 9724 9720
f 10010 10018 9720
f 10017 10018 10010
f 10018 9726 9724
f 9728 10019 10011
f 9728 10011 9723
f 10011 10020 10012
f 10011 10019 10020
f 10012 10021 10013
f 10012 10020 10021
f 10013 10022 10014
f 10013 10021 10022
f 10014 10023 10015
f 10014 10022 10023
f 10015 10024 10016
f 10015 10023 10024
f 10016 10025 10017
f 10016 10024 10025
f 10025 9730 9731
f 10018 10025 9731
f 10017 10025 10018
f 10018 9731 9726
f 9734 10026 9733
f 10019 9728 9733
f 10026 10019 9733
f 10027 10019 10026
f 10019 10028 10020
f 10019 10027 10028
f 10020 10029 10021
f 10020 10028 10029
f 10021 10030 10022
f 10021 10029 10030
f 10022 10031 10023
f 10022 10030 10031
f 10023 10032 10024
f 10023 10031 10032
f 10024 10033 10025
f 10024 10032 10033
f 10033 9736 9730
f 10033 9730 10025
f 9743 10034 10026
f 9743 10026 9734
f 10026 10035 10027
f 10026 10034 10035
f 10027 10036 10028
f 10027 10035 10036
f 10028 10037 10029
f 10028 10036 10037
f 10029 10038 10030
f 10029 10037 10038
f 10030 10039 10031
f 10030 10038 10039
f 10031 10040 10032
f 10031 10039 10040
f 10032 10041 10033
f 10032 10040 10041
f 10042 9744 9736
f 10033 10042 9736
f 10041 10042 10033
f 10042 9746 9744
f 9752 10043 10034
f 9752 10034 9743
f 10034 10044 10035
f 10034 10043 10044
f 10035 10045 10036
f 10035 10044 10045
f 10036 10046 10037
f 10036 10045 10046
f 10037 10047 10038
f 10037 10046 10047
f 10038 10048 10039
f 10038 10047 10048
f 10039 10049 10040
f 10039 10048 10049
f 10040 10050 10041
f 10040 10049 10050
f 10041 10051 10042
f 10041 10050 10051
f 10051 9754 9746
f 10051 9746 10042
f 9762 10052 10043
f 9762 10043 9752
f 10043 10053 10044
f 10043 10052 10053
f 10044 10054 10045
f 10044 10053 10054
f 10045 10055 10046
f 10045 10054 10055
f 10046 10056 10047
f 10046 10055 10056
f 10047 10057 10048
f 10047 10056 10057
f 10048 10058 10049
f 10048 10057 10058
f 10049 10059 10050
f 10049 10058 10059
f 10050 10060 10051
f 10050 10059 10060
f 10061 9763 9754
f 10051 10061 9754
f 10060 10061 10051
f 10061 9764 9763
f 9772 10062 10052
f 9772 10052 9762
f 10052 10063 10053
f 10052 10062 10063
f 10053 10064 10054
f 10053 10063 10064
f 10066 10055 10065
f 10055 10064 10065
f 10055 10054 10064
f 10068 10067 10066
f 10067 10055 10066
f 10067 10056 10055
f 10070 10057 10069
f 10057 10067 10069
f 10057 10056 10067
f 10057 10070 10058
f 10058 10070 10071
f 10073 10072 10071
f 10072 10058 10071
f 10072 10059 10058
f 10059 10074 10060
f 10059 10072 10074
f 10060 10075 10061
f 10060 10074 10075
f 10075 9773 9764
f 10075 9764 10061
f 9781 10076 10062
f 9781 10062 9772
f 10062 10077 10063
f 10062 10076 10077
f 10063 10078 10064
f 10063 10077 10078
f 10065 10064 10079
f 10064 10080 10079
f 10064 10078 10080
f 10079 10080 10068
f 10080 10067 10068
f 10080 10081 10067
f 10069 10067 10082
f 10067 10083 10082
f 10067 10081 10083
f 10083 10084 10082
f 10072 10073 10085
f 10085 10073 10086
f 10072 10087 10074
f 10072 10085 10087
f 10087 9783 9784
f 10075 10087 9784
f 10074 10087 10075
f 10075 9784 9773
f 9791 10088 10076
f 9791 10076 9781
f 10076 10089 10077
f 10076 10088 10089
f 10077 10090 10078
f 10077 10089 10090
f 10078 10091 10080
f 10078 10090 10091
f 10080 10092 10081
f 10080 10091 10092
f 10081 10093 10083
f 10081 10092 10093
f 10084 10083 10094
f 10083 10095 10094
f 10083 10093 10095
f 10094 10095 10086
f 10095 10085 10086
f 10095 10096 10085
f 10085 10097 10087
f 10085 10096 10097
f 10097 9793 9783
f 10097 9783 10087
f 9797 10088 9791
f 10088 9797 9799
f 10098 10088 9799
f 10089 10088 10098
f 10089 10099 10090
f 10089 10098 10099
f 10090 10100 10091
f 10090 10099 10100
f 10091 10101 10092
f 10091 10100 10101
f 10092 10102 10093
f 10092 10101 10102
f 10093 10103 10095
f 10093 10102 10103
f 10095 10104 10096
f 10095 10103 10104
f 10096 10105 10097
f 10096 10104 10105
f 10105 9801 9793
f 10105 9793 10097
f 9810 10106 10098
f 9810 10098 9799
f 10098 10107 10099
f 10098 10106 10107
f 10099 10108 10100
f 10099 10107 10108
f 10100 10109 10101
f 10100 10108 10109
f 10101 10110 10102
f 10101 10109 10110
f 10102 10111 10103
f 10102 10110 10111
f 10103 10112 10104
f 10103 10111 10112
f 10112 9812 9813
f 10105 10112 9813
f 10104 10112 10105
f 10105 9813 9801
f 9824 10113 10106
f 9824 10106 9810
f 10106 10114 10107
f 10106 10113 10114
f 10107 10115 10108
f 10107 10114 10115
f 10108 10116 10109
f 10108 10115 10116
f 10109 10117 10110
f 10109 10116 10117
f 10110 10118 10111
f 10110 10117 10118
f 10111 10119 10112
f 10111 10118 10119
f 10119 9826 9812
f 10119 9812 10112
f 9836 10120 10113
f 9836 10113 9824
f 10113 10121 10114
f 10113 10120 10121
f 10114 10122 10115
f 10114 10121 10122
f 10115 10123 10116
f 10115 10122 10123
f 10116 10124 10117
f 10116 10123 10124
f 10117 10125 10118
f 10117 10124 10125
f 10118 10126 10119
f 10118 10125 10126
f 10126 9838 9826
f 10126 9826 10119
f 9846 10127 9847
f 10120 9836 9847
f 10127 10120 9847
f 10128 10120 10127
f 10120 10129 10121
f 10120 10128 10129
f 10121 10130 10122
f 10121 10129 10130
f 10122 10131 10123
f 10122 10130 10131
f 10123 10132 10124
f 10123 10131 10132
f 10124 10133 10125
f 10124 10132 10133
f 10125 10134 10126
f 10125 10133 10134
f 10135 9848 9838
f 10126 10135 9838
f 10134 10135 10126
f 10135 9850 9848
f 9858 10136 10127
f 9858 10127 9846
f 10127 10137 10128
f 10127 10136 10137
f 10128 10138 10129
f 10128 10137 10138
f 10129 10139 10130
f 10129 10138 10139
f 10130 10140 10131
f 10130 10139 10140
f 10131 10141 10132
f 10131 10140 10141
f 10132 10142 10133
f 10132 10141 10142
f 10133 10143 10134
f 10133 10142 10143
f 10134 10144 10135
f 10134 10143 10144
f 10145 9859 9850
f 10135 10145 9850
f 10144 10145 10135
f 10146 9860 9859
f 10146 9859 10145
f 10146 9862 9860
f 9868 10147 10136
f 9868 10136 9858
f 10136 10148 10137
f 10136 10147 10148
f 10137 10149 10138
f 10137 10148 10149
f 10138 10150 10139
f 10138 10149 10150
f 10139 10151 10140
f 10139 10150 10151
f 10140 10152 10141
f 10140 10151 10152
f 10154 10142 10153
f 10142 10152 10153
f 10142 10141 10152
f 10156 10155 10154
f 10155 10142 10154
f 10155 10143 10142
f 10143 10157 10144
f 10143 10155 10157
f 10144 10158 10145
f 10144 10157 10158
f 10158 9870 9871
f 10146 10158 9871
f 10145 10158 10146
f 10146 9871 9862
f 9877 10147 9868
f 10147 9877 9879
f 10147 9879 10148
f 10148 9879 9881
f 10159 10148 9881
f 10149 10148 10159
f 10149 10160 10150
f 10149 10159 10160
f 10150 10161 10151
f 10150 10160 10161
f 10151 10162 10152
f 10151 10161 10162
f 10153 10152 10163
f 10152 10164 10163
f 10152 10162 10164
f 10163 10164 10156
f 10164 10155 10156
f 10164 10165 10155
f 10155 10166 10157
f 10155 10165 10166
f 10166 9883 9884
f 10158 10166 9884
f 10157 10166 10158
f 10158 9884 9870
f 9891 10159 9881
f 10159 9891 9892
f 10159 9892 10160
f 10160 9892 9894
f 10167 10160 9894
f 10161 10160 10167
f 10161 10168 10162
f 10161 10167 10168
f 10170 10164 10169
f 10164 10168 10169
f 10164 10162 10168
f 10172 10171 10170
f 10171 10164 10170
f 10171 10165 10164
f 10171 9896 9897
f 10166 10171 9897
f 10165 10171 10166
f 10166 9897 9883
f 9898 10167 9894
f 10167 9898 9900
f 10173 10167 9900
f 10168 10167 10173
f 10169 10168 10174
f 10168 10175 10174
f 10168 10173 10175
f 10174 10175 10172
f 10175 10171 10172
f 10175 10176 10171
f 10176 9901 9896
f 10176 9896 10171
f 9902 10173 9900
f 10173 9902 9904
f 10173 9904 10175
f 10175 9904 9906
f 10175 9906 10176
f 10176 9906 9901
f 10065 10177 10066
f 10177 10068 10066
f 10069 10178 10070
f 10179 10071 10070
f 10179 10070 10178
f 10179 10073 10071
f 10079 10177 10065
f 10177 10079 10068
f 10082 10178 10069
f 10178 10082 10084
f 10180 10178 10084
f 10179 10178 10180
f 10180 10086 10073
f 10180 10073 10179
f 10094 10180 10084
f 10180 10094 10086
f 10153 10181 10154
f 10181 10156 10154
f 10163 10181 10153
f 10181 10163 10156
f 10169 10182 10170
f 10182 10172 10170
f 10174 10182 10169
f 10182 10174 10172

