# https://github.com/mikedh/trimesh
v 8.81955528 11.00000000 1.00000000
v 9.00000000 10.34736633 1.00000000
v 9.00000000 11.00000000 0.66779613
v 9.00000000 11.00000000 1.54880929
v 8.71843338 12.00000000 1.00000000
v 9.00000000 12.00000000 0.54210001
v 9.00000000 12.00000000 1.90213025
v 8.64826488 13.00000000 1.00000000
v 9.00000000 13.00000000 0.34877235
v 9.00000000 13.00000000 1.92379963
v 8.75284004 14.00000000 1.00000000
v 9.00000000 14.00000000 0.62870127
v 9.00000000 14.00000000 1.65389752
v 8.89815140 15.00000000 1.00000000
v 9.00000000 15.00000000 0.86409235
v 9.00000000 15.00000000 1.19150722
v 8.82887936 16.00000000 1.00000000
v 9.00000000 16.00000000 0.77817631
v 9.00000000 16.00000000 1.26695049
v 8.76443863 17.00000000 1.00000000
v 9.00000000 17.00000000 0.76237917
v 9.00000000 17.00000000 1.44066608
v 9.00000000 17.50657845 1.00000000
v 8.89528656 23.00000000 2.00000000
v 9.00000000 22.31140327 2.00000000
v 9.00000000 23.00000000 1.70273626
v 9.00000000 23.00000000 2.05395651
v 8.96751785 24.00000000 1.00000000
v 9.00000000 23.92173386 1.00000000
v 9.00000000 24.00000000 0.98676932
v 8.76275730 24.00000000 2.00000000
v 9.00000000 24.00000000 2.12024617
v 8.95547676 25.00000000 1.00000000
v 9.00000000 25.00000000 0.97845381
v 8.88432693 25.00000000 2.00000000
v 9.00000000 25.00000000 2.05652380
v 9.00000000 25.38031006 1.00000000
v 9.00000000 25.77321434 2.00000000
v 8.85290051 27.00000000 1.00000000
v 9.00000000 26.34334183 1.00000000
v 9.00000000 27.00000000 0.93327790
v 8.90873814 27.00000000 2.00000000
v 9.00000000 26.27099037 2.00000000
v 9.00000000 27.00000000 2.04655075
v 8.68730640 28.00000000 1.00000000
v 9.00000000 28.00000000 0.84020579
v 8.79918957 28.00000000 2.00000000
v 9.00000000 28.00000000 2.12138319
v 8.59057426 29.00000000 1.00000000
v 9.00000000 29.00000000 0.57719219
v 8.83920288 29.00000000 2.00000000
v 9.00000000 29.00000000 2.10932064
v 8.55939484 30.00000000 1.00000000
v 9.00000000 30.00000000 0.49938083
v 8.93005085 30.00000000 2.00000000
v 9.00000000 30.00000000 2.05722094
v 8.62509537 31.00000000 1.00000000
v 9.00000000 31.00000000 0.47007453
v 8.93204975 31.00000000 2.00000000
v 9.00000000 31.00000000 2.06401849
v 8.46126175 32.00000000 1.00000000
v 9.00000000 32.00000000 0.29296619
v 8.77605820 32.00000000 2.00000000
v 9.00000000 32.00000000 2.24031210
v 8.48683453 33.00000000 1.00000000
v 9.00000000 33.00000000 0.28636470
v 8.74363995 33.00000000 2.00000000
v 9.00000000 33.00000000 2.25748682
v 8.67110443 34.00000000 1.00000000
v 9.00000000 34.00000000 0.44938165
v 9.00000000 34.00000000 1.95719004
v 9.00000000 33.94875717 2.00000000
v 9.00000000 34.81370926 1.00000000
v 9.89573288 7.00000000 1.00000000
v 10.00000000 6.82743025 1.00000000
v 10.00000000 7.00000000 0.93195355
v 9.94745731 7.00000000 2.00000000
v 10.00000000 6.94181156 2.00000000
v 10.00000000 7.00000000 2.01789451
v 9.62366104 8.00000000 1.00000000
v 10.00000000 8.00000000 0.75272286
v 9.46531677 8.00000000 2.00000000
v 10.00000000 8.00000000 2.20532393
v 9.43836212 9.00000000 1.00000000
v 10.00000000 9.00000000 0.58300799
v 9.52281666 9.00000000 2.00000000
v 10.00000000 9.00000000 2.23013997
v 9.13829803 10.00000000 1.00000000
v 10.00000000 10.00000000 0.35887653
v 9.38463879 10.00000000 2.00000000
v 10.00000000 10.00000000 2.31237173
v 10.00000000 10.86914539 0.00000000
v 9.87793732 11.00000000 0.00000000
v 9.26724339 11.00000000 2.00000000
v 10.00000000 11.00000000 2.35885358
v 9.77379894 12.00000000 0.00000000
v 9.05766010 12.00000000 2.00000000
v 10.00000000 12.00000000 2.41535378
v 10.00000000 12.89275074 0.00000000
v 10.00000000 13.00000000 0.01589575
v 9.07066154 13.00000000 2.00000000
v 10.00000000 13.00000000 2.31516790
v 10.00000000 14.00000000 0.17018496
v 9.25901222 14.00000000 2.00000000
v 10.00000000 14.00000000 2.25804949
v 10.00000000 15.00000000 0.54336226
v 10.00000000 15.00000000 1.80925143
v 10.00000000 14.82246399 2.00000000
v 10.00000000 16.00000000 0.45936751
v 10.00000000 16.00000000 1.82505965
v 10.00000000 17.00000000 0.63312560
v 10.00000000 17.00000000 1.68549359
v 9.86869049 18.00000000 1.00000000
v 10.00000000 18.00000000 0.96407300
v 10.00000000 18.00000000 1.20242023
v 10.00000000 18.25644684 1.00000000
v 9.87198162 20.00000000 1.00000000
v 10.00000000 19.64655495 1.00000000
v 10.00000000 20.00000000 0.95369309
v 10.00000000 20.00000000 1.82098484
v 10.00000000 20.46979332 1.00000000
v 10.00000000 21.00000000 1.71907246
v 9.92557335 21.00000000 2.00000000
v 10.00000000 20.33089447 2.00000000
v 10.00000000 21.00000000 2.01075578
v 9.16465759 22.00000000 2.00000000
v 10.00000000 22.00000000 1.46465445
v 10.00000000 22.00000000 2.11473751
v 10.00000000 23.00000000 1.26548874
v 10.00000000 23.00000000 2.18955207
v 10.00000000 23.71550941 1.00000000
v 10.00000000 24.00000000 0.96492261
v 10.00000000 24.00000000 2.21508098
v 10.00000000 25.00000000 0.89151061
v 10.00000000 25.00000000 2.23287964
v 9.23641586 26.00000000 1.00000000
v 10.00000000 26.00000000 0.89822161
v 9.06790066 26.00000000 2.00000000
v 10.00000000 26.00000000 2.21458173
v 10.00000000 27.00000000 0.76086682
v 10.00000000 27.00000000 2.30241251
v 10.00000000 28.00000000 0.70961499
v 10.00000000 28.00000000 2.35848570
v 10.00000000 29.00000000 0.39657861
v 10.00000000 29.00000000 2.37310290
v 10.00000000 30.00000000 0.23114346
v 10.00000000 30.00000000 2.36525440
v 10.00000000 31.00000000 0.15206242
v 10.00000000 31.00000000 2.53776193
v 10.00000000 32.00000000 0.04360573
v 10.00000000 32.00000000 2.69098997
v 9.84255314 33.00000000 0.00000000
v 10.00000000 32.50945282 0.00000000
v 10.00000000 33.00000000 2.65180039
v 9.82709599 34.00000000 0.00000000
v 9.02538967 34.00000000 2.00000000
v 10.00000000 34.00000000 2.45432734
v 9.11165810 35.00000000 1.00000000
v 10.00000000 34.18125534 0.00000000
v 10.00000000 35.00000000 0.29731792
v 9.64600372 35.00000000 2.00000000
v 10.00000000 35.00000000 2.21241283
v 9.19828796 36.00000000 1.00000000
v 10.00000000 36.00000000 0.37015417
v 9.78845978 36.00000000 2.00000000
v 10.00000000 36.00000000 2.11510348
v 9.35816860 37.00000000 1.00000000
v 10.00000000 37.00000000 0.49049386
v 10.00000000 37.00000000 1.83085084
v 10.00000000 36.64505005 2.00000000
v 9.64463139 38.00000000 1.00000000
v 10.00000000 38.00000000 0.59130466
v 10.00000000 38.00000000 1.64546883
v 9.65316200 39.00000000 1.00000000
v 10.00000000 39.00000000 0.62359339
v 10.00000000 39.00000000 1.54545259
v 9.46036243 40.00000000 1.00000000
v 10.00000000 40.00000000 0.47019514
v 10.00000000 39.98513031 2.00000000
v 9.99567795 40.00000000 2.00000000
v 10.00000000 40.00000000 2.00244069
v 9.92898273 41.00000000 1.00000000
v 10.00000000 41.00000000 0.92584407
v 10.00000000 41.00000000 1.15932512
v 10.00000000 40.01361465 2.00000000
v 10.00000000 41.14960098 1.00000000
v 11.00000000 6.21396589 1.00000000
v 11.00000000 7.00000000 0.69585282
v 10.19194889 7.00000000 2.00000000
v 11.00000000 7.00000000 1.75235009
v 11.00000000 8.00000000 0.56834877
v 11.00000000 7.54847574 2.00000000
v 11.00000000 8.00000000 2.05855322
v 11.00000000 9.00000000 0.26753560
v 11.00000000 9.00000000 2.22497177
v 11.00000000 10.00000000 0.10194133
v 11.00000000 10.00000000 2.31012726
v 11.00000000 10.34948254 0.00000000
v 11.00000000 11.00000000 2.31738639
v 11.00000000 12.00000000 2.30351257
v 11.00000000 12.55337238 0.00000000
v 11.00000000 13.00000000 0.14128841
v 11.00000000 13.00000000 2.15157962
v 11.00000000 14.00000000 0.50250810
v 10.72599792 14.00000000 2.00000000
v 11.00000000 14.00000000 1.74513495
v 11.00000000 13.61977291 2.00000000
v 11.00000000 15.00000000 0.86562008
v 11.00000000 15.00000000 1.23845959
v 11.00000000 16.00000000 0.85877705
v 11.00000000 16.00000000 1.21038282
v 11.00000000 16.58574486 1.00000000
v 10.78059101 17.00000000 1.00000000
v 10.12509727 18.00000000 1.00000000
v 10.18398666 20.00000000 1.00000000
v 10.05925274 21.00000000 2.00000000
v 10.38624477 22.00000000 2.00000000
v 10.73234749 23.00000000 2.00000000
v 10.07565689 24.00000000 1.00000000
v 10.77093220 24.00000000 2.00000000
v 10.23035240 25.00000000 1.00000000
v 10.79016113 25.00000000 2.00000000
v 10.19950771 26.00000000 1.00000000
v 10.60497761 26.00000000 2.00000000
v 10.51098251 27.00000000 1.00000000
v 10.95864010 27.00000000 2.00000000
v 10.56079197 28.00000000 1.00000000
v 11.00000000 28.00000000 1.80559742
v 11.00000000 27.20592880 2.00000000
v 11.00000000 28.00000000 2.05519414
v 11.00000000 28.60215378 1.00000000
v 11.00000000 29.00000000 0.79655516
v 11.00000000 29.00000000 2.14682007
v 11.00000000 30.00000000 0.62695885
v 11.00000000 30.00000000 2.17480636
v 11.00000000 31.00000000 0.54807639
v 11.00000000 31.00000000 2.31325030
v 11.00000000 32.00000000 0.40611354
v 11.00000000 32.00000000 2.56775069
v 11.00000000 33.00000000 0.26588160
v 10.13317776 33.00000000 0.00000000
v 11.00000000 33.00000000 2.57374907
v 11.00000000 34.00000000 0.26449025
v 10.19467163 34.00000000 0.00000000
v 11.00000000 34.00000000 2.36991596
v 11.00000000 35.00000000 0.25229993
v 11.00000000 35.00000000 2.22509909
v 11.00000000 36.00000000 0.34216258
v 11.00000000 36.00000000 2.08690286
v 11.00000000 37.00000000 0.33651662
v 10.50829315 37.00000000 2.00000000
v 11.00000000 37.00000000 2.05774879
v 11.00000000 38.00000000 0.30683413
v 10.68554306 38.00000000 2.00000000
v 11.00000000 38.00000000 2.05431557
v 11.00000000 39.00000000 0.29558840
v 10.88235855 39.00000000 2.00000000
v 11.00000000 39.00000000 2.02077651
v 11.00000000 40.00000000 0.26457033
v 11.00000000 40.00000000 2.12248158
v 11.00000000 41.00000000 0.44172493
v 10.49159431 41.00000000 2.00000000
v 11.00000000 41.00000000 2.18000484
v 10.58487415 42.00000000 1.00000000
v 11.00000000 42.00000000 0.76615745
v 11.00000000 42.00000000 1.69556487
v 11.00000000 41.75551224 2.00000000
v 11.00000000 42.58949280 1.00000000
v 12.00000000 6.29479122 1.00000000
v 12.00000000 7.00000000 0.72229558
v 12.00000000 7.00000000 1.56391275
v 12.00000000 8.00000000 0.55034274
v 12.00000000 7.86274958 2.00000000
v 12.00000000 8.00000000 2.02408481
v 12.00000000 9.00000000 0.26316935
v 12.00000000 9.00000000 2.20200086
v 12.00000000 10.00000000 0.07094258
v 12.00000000 10.00000000 2.34124732
v 12.00000000 10.42640686 0.00000000
v 12.00000000 11.00000000 2.30248880
v 12.00000000 12.00000000 2.29265237
v 12.00000000 12.22867966 0.00000000
v 12.00000000 13.00000000 0.27329701
v 11.83073330 13.00000000 2.00000000
v 12.00000000 13.00000000 1.93063545
v 12.00000000 12.89731979 2.00000000
v 12.00000000 14.00000000 0.63940221
v 12.00000000 14.00000000 1.48663688
v 12.00000000 15.00000000 0.97004169
v 12.00000000 15.00000000 1.04833913
v 12.00000000 16.00000000 0.95131624
v 12.00000000 16.00000000 1.07426739
v 11.67053509 17.00000000 1.00000000
v 12.00000000 17.00000000 0.95671105
v 12.00000000 17.00000000 1.09253252
v 12.00000000 17.75731087 1.00000000
v 11.16597366 28.00000000 2.00000000
v 11.61048508 29.00000000 1.00000000
v 11.56546974 29.00000000 2.00000000
v 12.00000000 29.57866096 1.00000000
v 12.00000000 30.00000000 0.87582058
v 11.64690971 30.00000000 2.00000000
v 12.00000000 30.00000000 1.38877368
v 12.00000000 31.00000000 0.76659375
v 11.83037853 31.00000000 2.00000000
v 12.00000000 31.00000000 1.72379959
v 12.00000000 32.00000000 0.54988658
v 12.00000000 31.25922966 2.00000000
v 12.00000000 32.00000000 2.22441173
v 12.00000000 33.00000000 0.43517384
v 12.00000000 33.00000000 2.31313753
v 12.00000000 34.00000000 0.41522437
v 12.00000000 34.00000000 2.12126207
v 12.00000000 35.00000000 0.38787287
v 12.00000000 35.00000000 2.01422262
v 12.00000000 36.00000000 0.45992303
v 11.46988678 36.00000000 2.00000000
v 12.00000000 36.00000000 1.78352034
v 12.00000000 35.12051773 2.00000000
v 12.00000000 37.00000000 0.43892857
v 11.48630905 37.00000000 2.00000000
v 12.00000000 37.00000000 1.85751319
v 12.00000000 38.00000000 0.34026885
v 11.59909153 38.00000000 2.00000000
v 12.00000000 38.00000000 1.92288995
v 12.00000000 39.00000000 0.27076086
v 12.00000000 38.39798737 2.00000000
v 12.00000000 39.00000000 2.05557060
v 12.00000000 40.00000000 0.20239390
v 12.00000000 40.00000000 2.15873957
v 12.00000000 41.00000000 0.31160355
v 12.00000000 41.00000000 2.32299089
v 12.00000000 42.00000000 0.50547093
v 11.24158001 42.00000000 2.00000000
v 12.00000000 42.00000000 2.25257945
v 11.44081974 43.00000000 1.00000000
v 12.00000000 43.00000000 0.78991467
v 11.55532742 43.00000000 2.00000000
v 12.00000000 43.00000000 2.18644667
v 11.92331600 44.00000000 1.00000000
v 12.00000000 44.00000000 0.96519750
v 12.00000000 44.00000000 1.75186837
v 12.00000000 43.95465469 2.00000000
v 12.00000000 44.05610275 1.00000000
v 12.51613235 6.00000000 1.00000000
v 13.00000000 5.58978271 1.00000000
v 13.00000000 6.00000000 0.90157712
v 13.00000000 6.00000000 1.28844440
v 13.00000000 7.00000000 0.66745681
v 13.00000000 7.00000000 1.70387387
v 13.00000000 8.00000000 0.58542210
v 12.33386135 8.00000000 2.00000000
v 13.00000000 8.00000000 1.88490009
v 13.00000000 9.00000000 0.29784891
v 13.00000000 8.21672630 2.00000000
v 13.00000000 9.00000000 2.18214941
v 13.00000000 10.00000000 0.22814947
v 13.00000000 10.00000000 2.28849268
v 13.00000000 11.00000000 0.13362262
v 12.41384602 11.00000000 0.00000000
v 13.00000000 11.00000000 2.36297536
v 13.00000000 12.00000000 0.22783057
v 12.22394180 12.00000000 0.00000000
v 13.00000000 12.00000000 2.25813198
v 13.00000000 13.00000000 0.61666667
v 13.00000000 13.00000000 1.79095364
v 13.00000000 12.68834400 2.00000000
v 13.00000000 14.00000000 0.88925481
v 13.00000000 14.00000000 1.22050703
v 13.00000000 14.63809586 1.00000000
v 12.25536156 15.00000000 1.00000000
v 12.26367664 16.00000000 1.00000000
v 12.24426079 17.00000000 1.00000000
v 12.80826950 30.00000000 1.00000000
v 13.00000000 30.59190941 1.00000000
v 13.00000000 31.00000000 0.98396635
v 13.00000000 31.00000000 1.03265250
v 13.00000000 32.00000000 0.79763490
v 12.44440269 32.00000000 2.00000000
v 13.00000000 32.00000000 1.43444335
v 13.00000000 33.00000000 0.65642524
v 12.75798416 33.00000000 2.00000000
v 13.00000000 33.00000000 1.76606011
v 13.00000000 34.00000000 0.69164473
v 12.29232407 34.00000000 2.00000000
v 13.00000000 34.00000000 1.45047212
v 13.00000000 35.00000000 0.59922874
v 12.05610180 35.00000000 2.00000000
v 13.00000000 35.00000000 1.59432185
v 13.00000000 36.00000000 0.67168367
v 13.00000000 36.00000000 1.45128298
v 13.00000000 37.00000000 0.57204503
v 13.00000000 37.00000000 1.61651659
v 13.00000000 38.00000000 0.43793526
v 13.00000000 38.00000000 1.91772497
v 13.00000000 39.00000000 0.38691208
v 13.00000000 38.54969025 2.00000000
v 13.00000000 39.00000000 2.04336786
v 13.00000000 40.00000000 0.35297462
v 13.00000000 40.00000000 2.16479993
v 13.00000000 41.00000000 0.36577246
v 13.00000000 41.00000000 2.43357325
v 13.00000000 42.00000000 0.54925519
v 13.00000000 42.00000000 2.44843578
v 13.00000000 43.00000000 0.67387801
v 13.00000000 43.00000000 2.33582711
v 13.00000000 44.00000000 0.92764187
v 12.14842892 44.00000000 2.00000000
v 13.00000000 44.00000000 2.06772733
v 13.00000000 44.09088135 1.00000000
v 13.00000000 44.11901093 2.00000000
v 13.61940670 5.00000000 1.00000000
v 14.00000000 4.70444298 1.00000000
v 14.00000000 5.00000000 0.91723132
v 14.00000000 5.00000000 1.34437215
v 14.00000000 6.00000000 0.70851374
v 14.00000000 6.00000000 1.86745203
v 14.00000000 7.00000000 0.58929926
v 14.00000000 6.69666338 2.00000000
v 13.88048458 7.00000000 2.00000000
v 14.00000000 7.00000000 2.02046633
v 14.00000000 8.00000000 0.52191752
v 13.31437206 8.00000000 2.00000000
v 14.00000000 8.00000000 2.13722706
v 14.00000000 9.00000000 0.33743179
v 14.00000000 9.00000000 2.30297947
v 14.00000000 10.00000000 0.26640800
v 14.00000000 10.00000000 2.42157912
v 14.00000000 11.00000000 0.25717336
v 14.00000000 11.00000000 2.46835279
v 14.00000000 12.00000000 0.34861583
v 14.00000000 12.00000000 2.25799632
v 14.00000000 13.00000000 0.64328814
v 14.00000000 13.00000000 1.86589849
v 14.00000000 12.75318909 2.00000000
v 14.00000000 14.00000000 0.85694057
v 14.00000000 14.00000000 1.44682205
v 14.00000000 14.81720543 1.00000000
v 14.00000000 30.45064354 1.00000000
v 14.00000000 31.00000000 0.90037096
v 14.00000000 31.00000000 1.29513156
v 14.00000000 32.00000000 0.84539014
v 14.00000000 32.00000000 1.55241156
v 14.00000000 33.00000000 0.70452780
v 14.00000000 33.00000000 1.85791612
v 14.00000000 34.00000000 0.71008086
v 14.00000000 34.00000000 1.45076692
v 14.00000000 35.00000000 0.72644961
v 14.00000000 35.00000000 1.47191525
v 14.00000000 36.00000000 0.77012163
v 14.00000000 36.00000000 1.36655831
v 14.00000000 37.00000000 0.62944466
v 14.00000000 37.00000000 1.58129013
v 14.00000000 38.00000000 0.48886397
v 14.00000000 38.00000000 1.92644227
v 14.00000000 39.00000000 0.36391607
v 14.00000000 38.34677887 2.00000000
v 14.00000000 39.00000000 2.09452391
v 14.00000000 40.00000000 0.35123441
v 14.00000000 40.00000000 2.20182490
v 14.00000000 41.00000000 0.42286894
v 14.00000000 41.00000000 2.38325310
v 14.00000000 42.00000000 0.55989772
v 14.00000000 42.00000000 2.47113967
v 14.00000000 43.00000000 0.73601419
v 14.00000000 43.00000000 2.36155629
v 14.00000000 44.00000000 0.96572101
v 13.57038307 44.00000000 2.00000000
v 14.00000000 44.00000000 1.44332004
v 14.00000000 43.85155106 2.00000000
v 14.00000000 44.04302216 1.00000000
v 14.51584435 3.00000000 1.00000000
v 15.00000000 2.59593511 1.00000000
v 15.00000000 3.00000000 0.78795731
v 15.00000000 3.00000000 1.84421504
v 14.47517300 4.00000000 1.00000000
v 15.00000000 4.00000000 0.76163626
v 15.00000000 4.00000000 1.91275311
v 15.00000000 5.00000000 0.62768292
v 15.00000000 5.00000000 1.93853819
v 15.00000000 6.00000000 0.57100111
v 15.00000000 5.56206846 2.00000000
v 14.73426247 6.00000000 2.00000000
v 15.00000000 6.00000000 2.02454853
v 15.00000000 7.00000000 0.45543680
v 15.00000000 7.00000000 2.11693621
v 15.00000000 8.00000000 0.44418550
v 15.00000000 8.00000000 2.21613407
v 15.00000000 9.00000000 0.40553808
v 15.00000000 9.00000000 2.28155208
v 15.00000000 10.00000000 0.41254491
v 15.00000000 10.00000000 2.41246057
v 15.00000000 11.00000000 0.41638675
v 15.00000000 11.00000000 2.36359143
v 15.00000000 12.00000000 0.59611434
v 15.00000000 12.00000000 2.14327717
v 15.00000000 13.00000000 0.87475950
v 15.00000000 13.00000000 1.58634710
v 15.00000000 12.56396770 2.00000000
v 15.00000000 13.63747501 1.00000000
v 14.70002842 14.00000000 1.00000000
v 14.51990986 31.00000000 1.00000000
v 15.00000000 31.82971382 1.00000000
v 15.00000000 32.00000000 0.97967380
v 15.00000000 32.00000000 1.08784258
v 15.00000000 33.00000000 0.70143801
v 15.00000000 33.00000000 1.62150395
v 15.00000000 34.00000000 0.71176124
v 15.00000000 34.00000000 1.47552347
v 15.00000000 35.00000000 0.66633117
v 15.00000000 35.00000000 1.60139787
v 15.00000000 36.00000000 0.68360078
v 15.00000000 36.00000000 1.51040351
v 15.00000000 37.00000000 0.52134871
v 15.00000000 37.00000000 1.72005272
v 15.00000000 38.00000000 0.39650899
v 15.00000000 38.00000000 1.95675170
v 15.00000000 39.00000000 0.23127748
v 15.00000000 38.19258881 2.00000000
v 15.00000000 39.00000000 2.10426927
v 15.00000000 40.00000000 0.24985975
v 15.00000000 40.00000000 2.22796178
v 15.00000000 41.00000000 0.37005737
v 15.00000000 41.00000000 2.49479198
v 15.00000000 42.00000000 0.50836986
v 15.00000000 42.00000000 2.61103439
v 15.00000000 43.00000000 0.61704874
v 15.00000000 43.00000000 2.54981089
v 15.00000000 44.00000000 0.84169686
v 14.72375965 44.00000000 2.00000000
v 15.00000000 44.00000000 2.03273034
v 15.00000000 44.17332840 1.00000000
v 15.00000000 44.03679276 2.00000000
v 16.00000000 2.58383465 1.00000000
v 16.00000000 3.00000000 0.70195156
v 15.32538414 3.00000000 2.00000000
v 16.00000000 2.85242462 2.00000000
v 16.00000000 3.00000000 2.21295214
v 16.00000000 4.00000000 0.70300943
v 15.26625443 4.00000000 2.00000000
v 16.00000000 4.00000000 2.15586662
v 16.00000000 5.00000000 0.51800340
v 15.29376411 5.00000000 2.00000000
v 16.00000000 5.00000000 2.10757828
v 16.00000000 6.00000000 0.50629288
v 16.00000000 6.00000000 2.00363159
v 16.00000000 7.00000000 0.44674817
v 15.97581482 7.00000000 2.00000000
v 16.00000000 7.00000000 1.99527705
v 16.00000000 6.47726107 2.00000000
v 16.00000000 8.00000000 0.38933346
v 16.00000000 7.01866341 2.00000000
v 16.00000000 8.00000000 2.15088534
v 16.00000000 9.00000000 0.43564329
v 16.00000000 9.00000000 2.12739182
v 16.00000000 10.00000000 0.43740955
v 16.00000000 10.00000000 2.29852986
v 16.00000000 11.00000000 0.61329949
v 16.00000000 11.00000000 2.22206926
v 16.00000000 12.00000000 0.79870522
v 15.56568432 12.00000000 2.00000000
v 16.00000000 12.00000000 1.68371737
v 16.00000000 11.65467072 2.00000000
v 16.00000000 12.68937778 1.00000000
v 15.59439754 13.00000000 1.00000000
v 15.15948486 32.00000000 1.00000000
v 16.00000000 32.41360855 1.00000000
v 16.00000000 33.00000000 0.84531432
v 16.00000000 33.00000000 1.66010535
v 16.00000000 34.00000000 0.71841264
v 16.00000000 34.00000000 1.50991845
v 16.00000000 35.00000000 0.61640203
v 16.00000000 35.00000000 1.77768350
v 16.00000000 36.00000000 0.63785499
v 16.00000000 36.00000000 1.71167827
v 16.00000000 37.00000000 0.47367990
v 16.00000000 37.00000000 1.91202211
v 16.00000000 38.00000000 0.36945346
v 16.00000000 37.51451874 2.00000000
v 15.37233734 38.00000000 2.00000000
v 16.00000000 38.00000000 2.06177926
v 16.00000000 39.00000000 0.28184709
v 16.00000000 39.00000000 2.10937166
v 16.00000000 40.00000000 0.28078172
v 16.00000000 40.00000000 2.23938537
v 16.00000000 41.00000000 0.31404027
v 16.00000000 41.00000000 2.61599135
v 16.00000000 42.00000000 0.45142996
v 16.00000000 42.00000000 2.67981648
v 16.00000000 43.00000000 0.50018871
v 16.00000000 43.00000000 2.67364836
v 16.00000000 44.00000000 0.69891179
v 16.00000000 44.00000000 2.25622392
v 16.00000000 44.28875351 1.00000000
v 16.00000000 44.24173355 2.00000000
v 17.00000000 2.42973042 1.00000000
v 17.00000000 3.00000000 0.68702298
v 17.00000000 2.82282257 2.00000000
v 17.00000000 3.00000000 2.12582588
v 17.00000000 4.00000000 0.62303317
v 17.00000000 4.00000000 2.19442248
v 17.00000000 5.00000000 0.44872278
v 17.00000000 5.00000000 2.18513465
v 17.00000000 6.00000000 0.48494160
v 17.00000000 6.00000000 2.05707431
v 17.00000000 7.00000000 0.43798745
v 16.06048584 7.00000000 2.00000000
v 17.00000000 7.00000000 2.03754759
v 17.00000000 8.00000000 0.41458163
v 17.00000000 8.00000000 2.09145594
v 17.00000000 9.00000000 0.49429801
v 17.00000000 9.00000000 2.06617951
v 17.00000000 10.00000000 0.65621793
v 16.73718643 10.00000000 2.00000000
v 17.00000000 10.00000000 1.80384064
v 17.00000000 9.44670105 2.00000000
v 17.00000000 11.00000000 0.86485636
v 16.41146278 11.00000000 2.00000000
v 17.00000000 11.00000000 1.30247772
v 17.00000000 11.44939518 1.00000000
v 16.60007286 12.00000000 1.00000000
v 16.55603409 33.00000000 1.00000000
v 17.00000000 33.66880798 1.00000000
v 17.00000000 34.00000000 0.93397933
v 17.00000000 34.00000000 1.16732526
v 17.00000000 35.00000000 0.68541783
v 17.00000000 35.00000000 1.73763013
v 17.00000000 36.00000000 0.63633782
v 17.00000000 36.00000000 1.83738387
v 17.00000000 37.00000000 0.45719838
v 17.00000000 36.44966125 2.00000000
v 16.35548973 37.00000000 2.00000000
v 17.00000000 37.00000000 2.11660004
v 17.00000000 38.00000000 0.35795212
v 17.00000000 38.00000000 2.20939636
v 17.00000000 39.00000000 0.41925800
v 17.00000000 39.00000000 2.08737946
v 17.00000000 40.00000000 0.41467443
v 17.00000000 40.00000000 2.18545508
v 17.00000000 41.00000000 0.37733456
v 17.00000000 41.00000000 2.65641046
v 17.00000000 42.00000000 0.46500817
v 17.00000000 42.00000000 2.69555211
v 17.00000000 43.00000000 0.37863338
v 17.00000000 43.00000000 2.84679818
v 17.00000000 44.00000000 0.59312588
v 17.00000000 44.00000000 2.51062727
v 17.00000000 44.45517349 1.00000000
v 17.00000000 44.47551727 2.00000000
v 18.00000000 2.04363108 1.00000000
v 18.00000000 3.00000000 0.58561444
v 18.00000000 2.85063076 2.00000000
v 18.00000000 3.00000000 2.08415389
v 18.00000000 4.00000000 0.52800262
v 18.00000000 4.00000000 2.17792296
v 18.00000000 5.00000000 0.39974529
v 18.00000000 5.00000000 2.25929451
v 18.00000000 6.00000000 0.44468278
v 18.00000000 6.00000000 2.11125565
v 18.00000000 7.00000000 0.37524310
v 18.00000000 7.00000000 2.11930990
v 18.00000000 8.00000000 0.39101300
v 18.00000000 8.00000000 2.13167882
v 18.00000000 9.00000000 0.52175140
v 18.00000000 9.00000000 2.01837921
v 18.00000000 10.00000000 0.74818647
v 18.00000000 10.00000000 1.44900417
v 18.00000000 9.06575775 2.00000000
v 18.00000000 10.88695335 1.00000000
v 17.77331924 11.00000000 1.00000000
v 18.00000000 33.73255539 1.00000000
v 18.00000000 34.00000000 0.92986774
v 18.00000000 34.00000000 1.11528385
v 18.00000000 35.00000000 0.67578375
v 18.00000000 35.00000000 1.76231468
v 18.00000000 36.00000000 0.65856236
v 18.00000000 36.00000000 1.88862956
v 18.00000000 37.00000000 0.47896722
v 18.00000000 36.26862335 2.00000000
v 18.00000000 37.00000000 2.15370774
v 18.00000000 38.00000000 0.34640959
v 18.00000000 38.00000000 2.27081180
v 18.00000000 39.00000000 0.37734905
v 18.00000000 39.00000000 2.08480644
v 18.00000000 40.00000000 0.40312800
v 18.00000000 40.00000000 2.08328104
v 18.00000000 41.00000000 0.32477796
v 18.00000000 41.00000000 2.35621595
v 18.00000000 42.00000000 0.34530610
v 18.00000000 42.00000000 2.54135442
v 18.00000000 43.00000000 0.23842891
v 18.00000000 43.00000000 2.67048883
v 18.00000000 44.00000000 0.40227875
v 18.00000000 44.00000000 2.36576843
v 18.00000000 44.88280106 1.00000000
v 18.00000000 44.91661835 2.00000000
v 18.20724106 2.00000000 1.00000000
v 19.00000000 1.86407149 1.00000000
v 19.00000000 2.00000000 0.82703006
v 19.00000000 2.00000000 1.17206299
v 19.00000000 3.00000000 0.39926812
v 19.00000000 3.00000000 1.88767934
v 18.45751572 3.00000000 2.00000000
v 19.00000000 4.00000000 0.37811527
v 19.00000000 3.56331944 2.00000000
v 19.00000000 4.00000000 2.06478596
v 19.00000000 5.00000000 0.28493500
v 19.00000000 5.00000000 2.19503403
v 19.00000000 6.00000000 0.34382245
v 19.00000000 6.00000000 2.10235286
v 19.00000000 7.00000000 0.25770089
v 19.00000000 7.00000000 2.24655223
v 19.00000000 8.00000000 0.29542464
v 19.00000000 8.00000000 2.26950908
v 19.00000000 9.00000000 0.47559300
v 19.00000000 9.00000000 2.03112030
v 19.00000000 10.00000000 0.75628090
v 19.00000000 10.00000000 1.25072682
v 19.00000000 9.07641411 2.00000000
v 19.00000000 10.62243271 1.00000000
v 18.89206123 34.00000000 1.00000000
v 19.00000000 34.02834702 1.00000000
v 19.00000000 35.00000000 0.74920797
v 19.00000000 35.00000000 1.39743853
v 19.00000000 36.00000000 0.62661362
v 19.00000000 36.00000000 1.55109358
v 19.00000000 37.00000000 0.44565493
v 18.70556831 37.00000000 2.00000000
v 19.00000000 37.00000000 1.90778506
v 19.00000000 38.00000000 0.31887642
v 19.00000000 37.86924744 2.00000000
v 19.00000000 38.00000000 2.00805998
v 19.00000000 39.00000000 0.30514008
v 18.93215752 39.00000000 2.00000000
v 19.00000000 39.00000000 1.99107599
v 19.00000000 38.57960892 2.00000000
v 19.00000000 40.00000000 0.35636586
v 18.65682411 40.00000000 2.00000000
v 19.00000000 40.00000000 1.94499159
v 19.00000000 41.00000000 0.30610773
v 18.92292404 41.00000000 2.00000000
v 19.00000000 41.00000000 1.96354425
v 19.00000000 42.00000000 0.29517424
v 19.00000000 41.30724335 2.00000000
v 19.00000000 42.00000000 2.09485102
v 18.96288300 43.00000000 0.00000000
v 19.00000000 42.97477341 0.00000000
v 19.00000000 43.00000000 2.22585940
v 19.00000000 43.04547882 0.00000000
v 19.00000000 44.00000000 0.21190301
v 19.00000000 44.00000000 2.11735797
v 19.00000000 44.86112976 1.00000000
v 19.00000000 44.20340347 2.00000000
v 20.00000000 1.96118450 1.00000000
v 20.00000000 2.00000000 0.93410021
v 20.00000000 2.00000000 1.04342747
v 19.93063927 2.00000000 10.00000000
v 20.00000000 1.73217618 10.00000000
v 20.00000000 2.00000000 9.77766228
v 20.00000000 2.00000000 10.23354340
v 20.00000000 3.00000000 0.38456604
v 20.00000000 3.00000000 1.87465739
v 19.87770271 3.00000000 9.00000000
v 20.00000000 2.69165301 9.00000000
v 20.00000000 3.00000000 8.58114529
v 20.00000000 3.00000000 9.83537006
v 20.00000000 2.76493645 10.00000000
v 20.00000000 4.00000000 0.38073349
v 19.91125870 4.00000000 2.00000000
v 20.00000000 4.00000000 1.99084401
v 19.96312523 4.00000000 8.00000000
v 20.00000000 3.89240813 8.00000000
v 20.00000000 4.00000000 7.91451406
v 19.79885864 4.00000000 9.00000000
v 20.00000000 3.31725955 10.00000000
v 19.96382713 4.00000000 10.00000000
v 20.00000000 4.00000000 10.09603691
v 20.00000000 5.00000000 0.36670777
v 20.00000000 4.05548096 2.00000000
v 20.00000000 5.00000000 2.08441329
v 19.90959167 5.00000000 8.00000000
v 20.00000000 5.00000000 7.71705055
v 19.72193718 5.00000000 9.00000000
v 19.85774231 5.00000000 10.00000000
v 20.00000000 5.00000000 10.39190388
v 20.00000000 6.00000000 0.42292237
v 19.84334946 6.00000000 2.00000000
v 20.00000000 6.00000000 1.96234751
v 20.00000000 5.80619431 2.00000000
v 19.93526840 6.00000000 7.00000000
v 20.00000000 5.81356335 7.00000000
v 20.00000000 6.00000000 6.96264315
v 19.80597305 6.00000000 8.00000000
v 19.66882324 6.00000000 9.00000000
v 19.94165230 6.00000000 10.00000000
v 20.00000000 6.00000000 10.13034630
v 20.00000000 7.00000000 0.33791915
v 20.00000000 6.08608150 2.00000000
v 20.00000000 7.00000000 2.16663742
v 20.00000000 6.17846346 7.00000000
v 20.00000000 7.00000000 7.68468904
v 19.90155983 7.00000000 8.00000000
v 19.79778862 7.00000000 9.00000000
v 20.00000000 7.00000000 9.69406700
v 20.00000000 6.43668079 10.00000000
v 20.00000000 8.00000000 0.30824310
v 20.00000000 8.00000000 2.22878623
v 19.79951096 8.00000000 8.00000000
v 20.00000000 8.00000000 7.16979790
v 19.78937721 8.00000000 9.00000000
v 20.00000000 8.00000000 9.63049984
v 20.00000000 9.00000000 0.50839394
v 19.22298431 9.00000000 2.00000000
v 20.00000000 9.00000000 1.74784148
v 20.00000000 8.65740967 2.00000000
v 20.00000000 8.96893787 8.00000000
v 20.00000000 9.00000000 8.10598755
v 19.96185112 9.00000000 9.00000000
v 20.00000000 9.00000000 9.13913822
v 20.00000000 10.00000000 0.78256828
v 20.00000000 10.00000000 1.18774080
v 20.00000000 9.37657928 9.00000000
v 20.00000000 10.45252037 1.00000000
v 19.91028404 18.00000000 9.00000000
v 20.00000000 17.53912926 9.00000000
v 20.00000000 18.00000000 8.86464024
v 20.00000000 18.00000000 9.89278412
v 19.99752235 19.00000000 8.00000000
v 20.00000000 18.99695778 8.00000000
v 20.00000000 19.00000000 7.99733400
v 19.62288284 19.00000000 9.00000000
v 20.00000000 18.04116058 10.00000000
v 19.78624535 19.00000000 10.00000000
v 20.00000000 19.00000000 10.71829319
v 19.77506065 20.00000000 8.00000000
v 20.00000000 20.00000000 7.77026081
v 19.35077667 20.00000000 9.00000000
v 19.62297058 20.00000000 10.00000000
v 20.00000000 19.90270996 11.00000000
v 19.99044228 20.00000000 11.00000000
v 20.00000000 20.00000000 11.03229713
v 19.37778473 21.00000000 8.00000000
v 20.00000000 21.00000000 7.28972387
v 19.15204430 21.00000000 9.00000000
v 19.44297981 21.00000000 10.00000000
v 19.84282875 21.00000000 11.00000000
v 20.00000000 21.00000000 11.46265697
v 19.35185432 22.00000000 8.00000000
v 20.00000000 22.00000000 7.08050060
v 19.13191223 22.00000000 9.00000000
v 19.45873833 22.00000000 10.00000000
v 19.83884048 22.00000000 11.00000000
v 20.00000000 22.00000000 11.41282845
v 19.49975967 23.00000000 8.00000000
v 20.00000000 23.00000000 7.25964832
v 19.43845367 23.00000000 9.00000000
v 19.73532867 23.00000000 10.00000000
v 19.97453308 23.00000000 11.00000000
v 20.00000000 23.00000000 11.15120029
v 19.80955696 24.00000000 7.00000000
v 20.00000000 23.51273918 7.00000000
v 20.00000000 24.00000000 6.81096411
v 19.46662712 24.00000000 8.00000000
v 19.33596039 24.00000000 9.00000000
v 19.72626114 24.00000000 10.00000000
v 19.95303535 24.00000000 11.00000000
v 20.00000000 24.00000000 11.39261341
v 20.00000000 24.31451225 7.00000000
v 20.00000000 25.00000000 7.46876383
v 19.52827263 25.00000000 8.00000000
v 19.42444801 25.00000000 9.00000000
v 19.75279617 25.00000000 10.00000000
v 19.97926712 25.00000000 11.00000000
v 20.00000000 25.00000000 11.15032482
v 19.90515709 26.00000000 8.00000000
v 20.00000000 26.00000000 7.88325167
v 19.50583458 26.00000000 9.00000000
v 19.89571762 26.00000000 10.00000000
v 20.00000000 26.00000000 10.78316307
v 20.00000000 25.44652367 11.00000000
v 20.00000000 26.14680481 8.00000000
v 20.00000000 27.00000000 8.72812557
v 19.84017944 27.00000000 9.00000000
v 19.92884254 27.00000000 10.00000000
v 20.00000000 26.66977310 11.00000000
v 19.98572540 27.00000000 11.00000000
v 20.00000000 27.00000000 11.07209969
v 20.00000000 27.98250580 9.00000000
v 20.00000000 27.37868881 10.00000000
v 20.00000000 27.32068253 11.00000000
v 19.96684456 31.00000000 11.00000000
v 20.00000000 30.72196770 11.00000000
v 20.00000000 31.00000000 10.63074780
v 20.00000000 31.00000000 11.15911293
v 20.00000000 31.26502419 11.00000000
v 19.95227051 33.00000000 10.00000000
v 20.00000000 32.50797653 10.00000000
v 20.00000000 33.00000000 9.80210114
v 20.00000000 33.00000000 10.35197639
v 19.98054886 34.00000000 10.00000000
v 20.00000000 34.00000000 9.56041145
v 20.00000000 34.00000000 10.05866528
v 20.00000000 34.63651276 1.00000000
v 20.00000000 35.00000000 0.82327634
v 20.00000000 35.00000000 1.21482813
v 19.99362183 35.00000000 10.00000000
v 20.00000000 35.00000000 9.96509361
v 20.00000000 35.00000000 10.03786564
v 20.00000000 36.00000000 0.75558406
v 20.00000000 36.00000000 1.29965711
v 20.00000000 35.04580688 10.00000000
v 20.00000000 37.00000000 0.53898048
v 20.00000000 37.00000000 1.64605367
v 19.99816895 37.00000000 9.00000000
v 20.00000000 36.98855591 9.00000000
v 20.00000000 37.00000000 8.99791813
v 19.90067673 37.00000000 10.00000000
v 20.00000000 36.52594376 10.00000000
v 20.00000000 37.00000000 10.39715385
v 20.00000000 38.00000000 0.48624334
v 19.03082848 38.00000000 2.00000000
v 20.00000000 38.00000000 1.64360356
v 19.67295265 38.00000000 9.00000000
v 20.00000000 38.00000000 8.63959694
v 19.74927711 38.00000000 10.00000000
v 20.00000000 38.00000000 10.54877186
v 20.00000000 39.00000000 0.44031358
v 20.00000000 39.00000000 1.72675633
v 19.44237518 39.00000000 9.00000000
v 20.00000000 39.00000000 8.25632381
v 19.67659569 39.00000000 10.00000000
v 20.00000000 39.00000000 10.71765137
v 20.00000000 40.00000000 0.48584837
v 20.00000000 40.00000000 1.69503558
v 19.81161308 40.00000000 8.00000000
v 20.00000000 39.69129181 8.00000000
v 20.00000000 40.00000000 7.91267300
v 19.07216835 40.00000000 9.00000000
v 19.49577713 40.00000000 10.00000000
v 20.00000000 40.00000000 10.83716869
v 20.00000000 41.00000000 0.45544401
v 20.00000000 41.00000000 1.59734690
v 19.34481430 41.00000000 8.00000000
v 20.00000000 41.00000000 7.55987406
v 19.20378494 41.00000000 9.00000000
v 19.46595764 41.00000000 10.00000000
v 20.00000000 41.00000000 10.89914608
v 20.00000000 42.00000000 0.44121525
v 19.28925514 42.00000000 2.00000000
v 20.00000000 42.00000000 1.78370070
v 19.53379631 42.00000000 8.00000000
v 20.00000000 42.00000000 7.60291386
v 19.23775673 42.00000000 9.00000000
v 19.54652214 42.00000000 10.00000000
v 20.00000000 42.00000000 10.72871590
v 20.00000000 43.00000000 0.27477229
v 19.03989601 43.00000000 0.00000000
v 19.35896873 43.00000000 2.00000000
v 20.00000000 43.00000000 1.73107231
v 19.57879066 43.00000000 8.00000000
v 20.00000000 43.00000000 7.11362123
v 19.22715187 43.00000000 9.00000000
v 19.52591324 43.00000000 10.00000000
v 20.00000000 42.83879852 11.00000000
v 19.97091103 43.00000000 11.00000000
v 20.00000000 43.00000000 11.15699291
v 20.00000000 44.00000000 0.46572152
v 19.16514969 44.00000000 2.00000000
v 20.00000000 44.00000000 1.55714917
v 20.00000000 43.96986771 8.00000000
v 20.00000000 44.00000000 8.02026463
v 19.57998085 44.00000000 9.00000000
v 19.85331726 44.00000000 10.00000000
v 20.00000000 44.00000000 10.49089050
v 20.00000000 43.17423630 11.00000000
v 20.00000000 44.77537537 1.00000000
v 19.92492676 45.00000000 9.00000000
v 20.00000000 45.00000000 8.80124187
v 20.00000000 45.00000000 9.41175556
v 20.00000000 44.65425873 10.00000000
v 20.00000000 45.15028381 9.00000000
v 20.96776962 1.00000000 14.00000000
v 21.00000000 0.96371019 14.00000000
v 21.00000000 1.00000000 13.91867161
v 20.75539207 1.00000000 15.00000000
v 21.00000000 0.58809251 15.00000000
v 20.71080208 1.00000000 16.00000000
v 21.00000000 0.53639567 16.00000000
v 20.90672493 1.00000000 17.00000000
v 21.00000000 0.72703654 17.00000000
v 21.00000000 1.00000000 17.73956871
v 21.00000000 1.85194087 1.00000000
v 21.00000000 2.00000000 0.84869528
v 21.00000000 2.00000000 1.13895607
v 20.74205399 2.00000000 10.00000000
v 20.88239861 2.00000000 13.00000000
v 21.00000000 1.80239797 13.00000000
v 21.00000000 2.00000000 12.77692890
v 20.69622612 2.00000000 14.00000000
v 20.57719994 2.00000000 15.00000000
v 20.59694290 2.00000000 16.00000000
v 20.81311417 2.00000000 17.00000000
v 21.00000000 1.13223970 18.00000000
v 20.84559631 2.00000000 18.00000000
v 21.00000000 2.00000000 18.68992043
v 21.00000000 3.00000000 0.31914467
v 21.00000000 3.00000000 1.87527466
v 20.24914360 3.00000000 9.00000000
v 21.00000000 2.36216402 10.00000000
v 21.00000000 3.00000000 9.88474083
v 20.48169708 2.57435322 9.87671566
v 20.33419991 3.00000000 10.00000000
v 21.00000000 2.69133353 11.00000000
v 20.83466148 3.00000000 11.00000000
v 20.78633690 3.00000000 12.00000000
v 21.00000000 2.64140129 12.00000000
v 20.67564392 3.00000000 13.00000000
v 20.59670258 3.00000000 14.00000000
v 20.57982635 3.00000000 15.00000000
v 20.65271759 3.00000000 16.00000000
v 20.82936478 3.00000000 17.00000000
v 20.96940041 3.00000000 18.00000000
v 21.00000000 3.00000000 18.15435410
v 21.00000000 4.00000000 0.24719383
v 21.00000000 3.81602144 2.00000000
v 20.19806480 4.00000000 2.00000000
v 21.00000000 4.00000000 2.02176142
v 20.02911186 4.00000000 8.00000000
v 20.40100288 4.00000000 9.00000000
v 21.00000000 4.00000000 9.70312023
v 20.78347778 4.00000000 11.00000000
v 20.82011223 4.00000000 12.00000000
v 20.64253616 4.00000000 13.00000000
v 20.64556885 4.00000000 14.00000000
v 20.56920815 4.00000000 15.00000000
v 20.64488602 4.00000000 16.00000000
v 20.79745293 4.00000000 17.00000000
v 20.94357109 4.00000000 18.00000000
v 21.00000000 4.00000000 18.29144096
v 21.00000000 5.00000000 0.33008870
v 21.00000000 5.00000000 2.05833030
v 20.12296486 5.00000000 8.00000000
v 20.65868187 5.00000000 9.00000000
v 21.00000000 5.00000000 9.48285484
v 20.57862282 5.00000000 11.00000000
v 20.73482895 5.00000000 12.00000000
v 20.71732140 5.00000000 13.00000000
v 20.59740257 5.00000000 14.00000000
v 20.61752319 5.00000000 15.00000000
v 20.65965843 5.00000000 16.00000000
v 20.84024239 5.00000000 17.00000000
v 21.00000000 5.00000000 17.76765633
v 21.00000000 4.54151154 18.00000000
v 21.00000000 6.00000000 0.38862619
v 20.23551369 6.00000000 2.00000000
v 21.00000000 6.00000000 2.05551672
v 20.09703636 6.00000000 7.00000000
v 20.50170898 6.00000000 8.00000000
v 21.00000000 6.00000000 8.71447754
v 21.00000000 5.76209831 9.00000000
v 20.74394798 6.00000000 11.00000000
v 20.92290497 6.00000000 12.00000000
v 20.84292030 6.00000000 13.00000000
v 20.82234764 6.00000000 14.00000000
v 20.71402359 6.00000000 15.00000000
v 20.80350494 6.00000000 16.00000000
v 20.94634438 6.00000000 17.00000000
v 21.00000000 6.00000000 17.30027771
v 21.00000000 7.00000000 0.44026113
v 21.00000000 7.00000000 2.11583972
v 21.00000000 6.71975565 8.00000000
v 21.00000000 7.00000000 7.85780668
v 20.44420242 7.00000000 10.00000000
v 20.70278168 7.00000000 11.00000000
v 20.85458946 7.00000000 12.00000000
v 20.85999680 7.00000000 13.00000000
v 20.73365593 7.00000000 14.00000000
v 20.84022141 7.00000000 15.00000000
v 20.89694405 7.00000000 16.00000000
v 21.00000000 7.00000000 16.58779144
v 21.00000000 6.44063520 17.00000000
v 21.00000000 8.00000000 0.43485138
v 21.00000000 8.00000000 2.13115406
v 21.00000000 8.00000000 7.61968136
v 20.48909760 8.00000000 10.00000000
v 20.72361183 8.00000000 11.00000000
v 20.84872627 8.00000000 12.00000000
v 20.84910965 8.00000000 13.00000000
v 20.81290627 8.00000000 14.00000000
v 20.81925201 8.00000000 15.00000000
v 20.86085892 8.00000000 16.00000000
v 21.00000000 8.00000000 16.79366875
v 21.00000000 9.00000000 0.52173620
v 21.00000000 9.00000000 1.92406344
v 21.00000000 8.80665684 2.00000000
v 21.00000000 8.95129108 8.00000000
v 21.00000000 9.00000000 8.12739849
v 20.72993088 9.00000000 10.00000000
v 20.79761696 9.00000000 11.00000000
v 20.83728409 9.00000000 12.00000000
v 20.76005745 9.00000000 13.00000000
v 20.72054672 9.00000000 14.00000000
v 20.83114433 9.00000000 15.00000000
v 20.86258125 9.00000000 16.00000000
v 21.00000000 9.00000000 16.67558670
v 21.00000000 10.00000000 0.68135172
v 21.00000000 10.00000000 1.50191998
v 21.00000000 9.42169380 9.00000000
v 20.83157349 10.00000000 10.00000000
v 21.00000000 10.00000000 9.45380592
v 20.80800438 10.00000000 11.00000000
v 20.80228615 10.00000000 12.00000000
v 20.76764870 10.00000000 13.00000000
v 20.73153496 10.00000000 14.00000000
v 20.81272507 10.00000000 15.00000000
v 20.82384872 10.00000000 16.00000000
v 21.00000000 9.62841129 17.00000000
v 20.96366119 10.00000000 17.00000000
v 21.00000000 10.00000000 17.22202492
v 21.00000000 10.97729301 1.00000000
v 21.00000000 10.49837971 10.00000000
v 21.00000000 11.00000000 10.79544067
v 20.97073364 11.00000000 11.00000000
v 20.94382858 11.00000000 12.00000000
v 20.82744217 11.00000000 13.00000000
v 20.78304863 11.00000000 14.00000000
v 20.87839890 11.00000000 15.00000000
v 20.92091179 11.00000000 16.00000000
v 21.00000000 11.00000000 16.48861504
v 21.00000000 10.30577469 17.00000000
v 20.94830513 12.00000000 11.00000000
v 21.00000000 12.00000000 10.59879780
v 20.87857819 12.00000000 12.00000000
v 20.81801987 12.00000000 13.00000000
v 20.74498177 12.00000000 14.00000000
v 20.80314445 12.00000000 15.00000000
v 20.83098221 12.00000000 16.00000000
v 21.00000000 11.72255898 17.00000000
v 20.96673775 12.00000000 17.00000000
v 21.00000000 12.00000000 17.14491844
v 20.56173515 13.00000000 9.00000000
v 21.00000000 12.54051304 9.00000000
v 21.00000000 13.00000000 8.60973740
v 20.42388725 13.00000000 10.00000000
v 21.00000000 12.12759113 10.00000000
v 20.57657051 13.00000000 11.00000000
v 20.70022774 13.00000000 12.00000000
v 20.74653625 13.00000000 13.00000000
v 20.73671913 13.00000000 14.00000000
v 20.88970566 13.00000000 15.00000000
v 20.91684341 13.00000000 16.00000000
v 21.00000000 13.00000000 16.42450333
v 21.00000000 12.23573875 17.00000000
v 20.37755203 14.00000000 9.00000000
v 21.00000000 14.00000000 8.55594826
v 20.35107803 14.00000000 10.00000000
v 20.53357697 14.00000000 11.00000000
v 20.50244904 14.00000000 12.00000000
v 20.67769623 14.00000000 13.00000000
v 20.77348328 14.00000000 14.00000000
v 20.91446877 14.00000000 15.00000000
v 21.00000000 14.00000000 15.68888855
v 21.00000000 13.71381378 16.00000000
v 20.48848152 15.00000000 9.00000000
v 21.00000000 15.00000000 8.74668026
v 20.26319695 15.00000000 10.00000000
v 20.34230232 15.00000000 11.00000000
v 20.36807823 15.00000000 12.00000000
v 20.54711533 15.00000000 13.00000000
v 20.61970901 15.00000000 14.00000000
v 20.79022789 15.00000000 15.00000000
v 21.00000000 14.19364643 16.00000000
v 20.86490250 15.00000000 16.00000000
v 20.96620750 15.00000000 17.00000000
v 21.00000000 14.81775188 17.00000000
v 21.00000000 15.00000000 17.26164246
v 20.18684578 16.00000000 9.00000000
v 21.00000000 16.00000000 8.53648281
v 20.16596031 16.00000000 10.00000000
v 20.26113129 16.00000000 11.00000000
v 20.33384132 16.00000000 12.00000000
v 20.49987984 16.00000000 13.00000000
v 20.60404015 16.00000000 14.00000000
v 20.74224663 16.00000000 15.00000000
v 20.81894302 16.00000000 16.00000000
v 20.98316383 16.00000000 17.00000000
v 21.00000000 16.00000000 17.14393997
v 20.20078087 17.00000000 9.00000000
v 21.00000000 17.00000000 8.34974480
v 20.20929718 17.00000000 10.00000000
v 20.32715607 17.00000000 11.00000000
v 20.36085701 17.00000000 12.00000000
v 20.44869423 17.00000000 13.00000000
v 20.47255325 17.00000000 14.00000000
v 20.69176865 17.00000000 15.00000000
v 20.81043816 17.00000000 16.00000000
v 20.97923470 17.00000000 17.00000000
v 21.00000000 17.00000000 17.22984695
v 21.00000000 18.00000000 8.13422394
v 20.01690674 18.00000000 10.00000000
v 20.22020721 18.00000000 11.00000000
v 20.36061478 18.00000000 12.00000000
v 20.44136810 18.00000000 13.00000000
v 20.50375748 18.00000000 14.00000000
v 20.69543839 18.00000000 15.00000000
v 20.83735085 18.00000000 16.00000000
v 20.94436455 18.00000000 17.00000000
v 21.00000000 18.00000000 17.44808769
v 21.00000000 18.32929039 8.00000000
v 21.00000000 19.00000000 7.63209009
v 20.21077156 19.00000000 11.00000000
v 20.61594200 19.00000000 12.00000000
v 20.60869980 19.00000000 13.00000000
v 20.53494263 19.00000000 14.00000000
v 20.76418877 19.00000000 15.00000000
v 20.90244484 19.00000000 16.00000000
v 21.00000000 19.00000000 16.56119919
v 21.00000000 18.44736862 17.00000000
v 21.00000000 20.00000000 7.58297062
v 20.52094841 20.00000000 12.00000000
v 20.59767532 20.00000000 13.00000000
v 20.55648041 20.00000000 14.00000000
v 20.74294662 20.00000000 15.00000000
v 20.86084175 20.00000000 16.00000000
v 21.00000000 19.78034019 17.00000000
v 20.98119164 20.00000000 17.00000000
v 21.00000000 20.00000000 17.16110039
v 21.00000000 20.84930801 8.00000000
v 20.92278671 21.00000000 8.00000000
v 21.00000000 21.00000000 8.05724621
v 20.38799477 21.00000000 12.00000000
v 20.54422188 21.00000000 13.00000000
v 20.57159805 21.00000000 14.00000000
v 20.77472115 21.00000000 15.00000000
v 20.93272591 21.00000000 16.00000000
v 21.00000000 21.00000000 16.55532455
v 21.00000000 20.28926849 17.00000000
v 21.00000000 21.37363815 8.00000000
v 21.00000000 22.00000000 7.91554451
v 20.46006393 22.00000000 12.00000000
v 20.51526260 22.00000000 13.00000000
v 20.57514191 22.00000000 14.00000000
v 20.78116417 22.00000000 15.00000000
v 20.90185165 22.00000000 16.00000000
v 21.00000000 22.00000000 16.80727959
v 21.00000000 23.00000000 7.91105270
v 20.25540924 23.00000000 12.00000000
v 20.42816544 23.00000000 13.00000000
v 20.51246643 23.00000000 14.00000000
v 20.80945206 23.00000000 15.00000000
v 20.99827957 23.00000000 16.00000000
v 21.00000000 23.00000000 16.03244400
v 20.25777435 24.00000000 7.00000000
v 21.00000000 24.00000000 7.55699635
v 20.14136124 24.00000000 12.00000000
v 20.28355598 24.00000000 13.00000000
v 20.39302826 24.00000000 14.00000000
v 20.78052521 24.00000000 15.00000000
v 20.95393372 24.00000000 16.00000000
v 21.00000000 24.00000000 16.84087753
v 21.00000000 25.00000000 7.39505482
v 20.18928719 25.00000000 12.00000000
v 20.25520134 25.00000000 13.00000000
v 20.41315651 25.00000000 14.00000000
v 20.77837753 25.00000000 15.00000000
v 21.00000000 25.00000000 15.90605354
v 21.00000000 24.65833092 16.00000000
v 21.00000000 26.00000000 7.59564304
v 20.05422592 26.00000000 11.00000000
v 20.10959435 26.00000000 12.00000000
v 20.26150703 26.00000000 13.00000000
v 20.37661362 26.00000000 14.00000000
v 20.71071243 26.00000000 15.00000000
v 21.00000000 25.22948456 16.00000000
v 20.92475128 26.00000000 16.00000000
v 20.96302795 26.00000000 17.00000000
v 21.00000000 25.10327530 17.00000000
v 21.00000000 26.00000000 17.38277435
v 20.55826187 27.00000000 8.00000000
v 21.00000000 27.00000000 7.61717796
v 20.34633636 27.00000000 12.00000000
v 20.44290161 27.00000000 13.00000000
v 20.54933167 27.00000000 14.00000000
v 20.75220490 27.00000000 15.00000000
v 20.87416267 27.00000000 16.00000000
v 20.94420052 27.00000000 17.00000000
v 21.00000000 27.00000000 17.29301643
v 20.89470673 28.00000000 8.00000000
v 21.00000000 28.00000000 7.90391541
v 20.00685692 28.00000000 9.00000000
v 20.24536324 28.00000000 10.00000000
v 20.09169006 28.00000000 11.00000000
v 20.33662415 28.00000000 12.00000000
v 20.40868568 28.00000000 13.00000000
v 20.55309677 28.00000000 14.00000000
v 20.70231628 28.00000000 15.00000000
v 20.86258125 28.00000000 16.00000000
v 20.89147186 28.00000000 17.00000000
v 21.00000000 28.00000000 17.66964722
v 21.00000000 28.34953308 8.00000000
v 21.00000000 29.00000000 8.70152664
v 20.87306976 29.00000000 9.00000000
v 20.98721504 29.00000000 10.00000000
v 20.61498260 29.00000000 11.00000000
v 20.57259369 29.00000000 12.00000000
v 20.46695518 29.00000000 13.00000000
v 20.50424576 29.00000000 14.00000000
v 20.62617683 29.00000000 15.00000000
v 20.69926643 29.00000000 16.00000000
v 20.82278824 29.00000000 17.00000000
v 21.00000000 29.00000000 17.98842430
v 20.85435295 30.00000000 9.00000000
v 21.00000000 30.00000000 8.85629082
v 20.77915192 30.00000000 10.00000000
v 20.36100197 30.00000000 11.00000000
v 20.38498688 30.00000000 12.00000000
v 20.48773766 30.00000000 13.00000000
v 20.43404770 30.00000000 14.00000000
v 20.57404900 30.00000000 15.00000000
v 20.65421295 30.00000000 16.00000000
v 20.75398636 30.00000000 17.00000000
v 21.00000000 29.02340698 18.00000000
v 20.90553474 30.00000000 18.00000000
v 21.00000000 30.00000000 18.39250946
v 20.77204514 31.00000000 9.00000000
v 21.00000000 31.00000000 8.78192043
v 20.30635643 31.00000000 10.00000000
v 20.34730721 31.00000000 12.00000000
v 20.46569633 31.00000000 13.00000000
v 20.44221687 31.00000000 14.00000000
v 20.59764671 31.00000000 15.00000000
v 20.63590813 31.00000000 16.00000000
v 20.82963753 31.00000000 17.00000000
v 21.00000000 31.00000000 17.85600281
v 21.00000000 30.76967049 18.00000000
v 20.43064117 32.00000000 9.00000000
v 21.00000000 32.00000000 8.58841610
v 20.20357323 32.00000000 10.00000000
v 20.21531868 32.00000000 11.00000000
v 20.28533363 32.00000000 12.00000000
v 20.52676201 32.00000000 13.00000000
v 20.49585915 32.00000000 14.00000000
v 20.59666443 32.00000000 15.00000000
v 20.66565704 32.00000000 16.00000000
v 20.77616501 32.00000000 17.00000000
v 21.00000000 31.70471764 18.00000000
v 20.98607826 32.00000000 18.00000000
v 21.00000000 32.00000000 18.04450417
v 20.36635780 33.00000000 9.00000000
v 21.00000000 33.00000000 8.21190071
v 20.16147614 33.00000000 11.00000000
v 20.38949585 33.00000000 12.00000000
v 20.47061157 33.00000000 13.00000000
v 20.44497681 33.00000000 14.00000000
v 20.64897156 33.00000000 15.00000000
v 20.64689636 33.00000000 16.00000000
v 20.84805489 33.00000000 17.00000000
v 21.00000000 33.00000000 17.79322052
v 21.00000000 32.23983765 18.00000000
v 20.05233383 34.00000000 9.00000000
v 21.00000000 34.00000000 8.16641045
v 20.37790489 34.00000000 11.00000000
v 20.41476440 34.00000000 12.00000000
v 20.60622215 34.00000000 13.00000000
v 20.58370972 34.00000000 14.00000000
v 20.67433739 34.00000000 15.00000000
v 20.73829269 34.00000000 16.00000000
v 20.85904503 34.00000000 17.00000000
v 21.00000000 34.00000000 17.61619568
v 20.85232925 35.00000000 1.00000000
v 20.31203461 35.00000000 9.00000000
v 21.00000000 35.00000000 8.41644192
v 20.24425316 35.00000000 11.00000000
v 20.46455002 35.00000000 12.00000000
v 20.57361794 35.00000000 13.00000000
v 20.53738785 35.00000000 14.00000000
v 20.75477791 35.00000000 15.00000000
v 20.77161217 35.00000000 16.00000000
v 20.98591805 35.00000000 17.00000000
v 21.00000000 35.00000000 17.08405876
v 21.00000000 35.31814194 1.00000000
v 21.00000000 36.00000000 0.93805510
v 21.00000000 36.00000000 1.09091449
v 20.43748474 36.00000000 9.00000000
v 21.00000000 36.00000000 8.72382069
v 20.29693031 36.00000000 10.00000000
v 20.45771217 36.00000000 11.00000000
v 20.63332939 36.00000000 12.00000000
v 20.68590355 36.00000000 13.00000000
v 20.67610359 36.00000000 14.00000000
v 20.82118607 36.00000000 15.00000000
v 20.84206963 36.00000000 16.00000000
v 21.00000000 36.00000000 16.85829926
v 21.00000000 35.32347107 17.00000000
v 21.00000000 37.00000000 0.64661181
v 21.00000000 37.00000000 1.46478212
v 21.00000000 37.00000000 8.49443436
v 20.34606171 37.00000000 11.00000000
v 20.63517570 37.00000000 12.00000000
v 20.64144516 37.00000000 13.00000000
v 20.54450607 37.00000000 14.00000000
v 20.74820328 37.00000000 15.00000000
v 20.77962112 37.00000000 16.00000000
v 21.00000000 37.00000000 16.83286095
v 21.00000000 38.00000000 0.56892592
v 21.00000000 38.00000000 1.60841036
v 21.00000000 38.00000000 8.27914810
v 20.41841698 38.00000000 11.00000000
v 20.63743210 38.00000000 12.00000000
v 20.66079330 38.00000000 13.00000000
v 20.63735008 38.00000000 14.00000000
v 20.80236053 38.00000000 15.00000000
v 20.91985130 38.00000000 16.00000000
v 21.00000000 38.00000000 16.43403816
v 21.00000000 39.00000000 0.46688244
v 21.00000000 39.00000000 1.83850813
v 20.50206375 39.00000000 8.00000000
v 21.00000000 38.52605057 8.00000000
v 21.00000000 39.00000000 7.80111933
v 20.22312737 39.00000000 11.00000000
v 20.54960442 39.00000000 12.00000000
v 20.61680603 39.00000000 13.00000000
v 20.57416344 39.00000000 14.00000000
v 20.86073112 39.00000000 15.00000000
v 20.91831779 39.00000000 16.00000000
v 21.00000000 39.00000000 16.48836708
v 21.00000000 40.00000000 0.51862586
v 21.00000000 40.00000000 1.75083983
v 21.00000000 40.00000000 7.70517683
v 20.16753769 40.00000000 11.00000000
v 20.44072533 40.00000000 12.00000000
v 20.62952232 40.00000000 13.00000000
v 20.59142494 40.00000000 14.00000000
v 20.88200378 40.00000000 15.00000000
v 20.92513466 40.00000000 16.00000000
v 21.00000000 40.00000000 16.38400650
v 21.00000000 41.00000000 0.45756486
v 21.00000000 41.00000000 1.72965276
v 21.00000000 41.00000000 7.78055859
v 20.13022804 41.00000000 11.00000000
v 20.44015121 41.00000000 12.00000000
v 20.55894089 41.00000000 13.00000000
v 20.49651146 41.00000000 14.00000000
v 20.85588646 41.00000000 15.00000000
v 20.87850571 41.00000000 16.00000000
v 21.00000000 41.00000000 16.64233589
v 21.00000000 42.00000000 0.50449204
v 21.00000000 42.00000000 1.59880364
v 21.00000000 42.00000000 7.70722389
v 20.30119705 42.00000000 11.00000000
v 20.56449318 42.00000000 12.00000000
v 20.61924171 42.00000000 13.00000000
v 20.60321426 42.00000000 14.00000000
v 20.87022018 42.00000000 15.00000000
v 20.91782379 42.00000000 16.00000000
v 21.00000000 42.00000000 16.67133331
v 21.00000000 43.00000000 0.52009445
v 21.00000000 43.00000000 1.45289791
v 21.00000000 43.00000000 7.94397879
v 20.34107018 43.00000000 12.00000000
v 20.50245094 43.00000000 13.00000000
v 20.44648361 43.00000000 14.00000000
v 20.77832222 43.00000000 15.00000000
v 20.77881050 43.00000000 16.00000000
v 21.00000000 42.33729935 17.00000000
v 20.90999985 43.00000000 17.00000000
v 20.94552422 43.00000000 18.00000000
v 21.00000000 42.73539734 18.00000000
v 20.98136902 43.00000000 19.00000000
v 21.00000000 42.88454819 19.00000000
v 21.00000000 43.00000000 19.23609352
v 21.00000000 44.00000000 0.67226452
v 21.00000000 44.00000000 1.28621149
v 21.00000000 43.17564392 8.00000000
v 21.00000000 44.00000000 8.31215954
v 20.31359482 44.00000000 11.00000000
v 20.56021309 44.00000000 12.00000000
v 20.51078033 44.00000000 13.00000000
v 20.51465797 44.00000000 14.00000000
v 20.78717613 44.00000000 15.00000000
v 20.82990456 44.00000000 16.00000000
v 20.90583611 44.00000000 17.00000000
v 20.94943047 44.00000000 18.00000000
v 20.97879219 44.00000000 19.00000000
v 21.00000000 43.87926483 20.00000000
v 20.99050713 44.00000000 20.00000000
v 21.00000000 44.00000000 20.10773277
v 21.00000000 44.49390030 1.00000000
v 21.00000000 45.00000000 8.26123428
v 20.19347191 45.00000000 10.00000000
v 20.71098709 45.00000000 11.00000000
v 20.72763824 45.00000000 12.00000000
v 20.70718193 45.00000000 13.00000000
v 20.69404984 45.00000000 14.00000000
v 20.92472649 45.00000000 15.00000000
v 20.90471649 45.00000000 16.00000000
v 21.00000000 45.00000000 16.79105568
v 21.00000000 44.80991364 17.00000000
v 21.00000000 45.00000000 17.88314056
v 20.99714851 45.00000000 18.00000000
v 20.90967751 45.00000000 19.00000000
v 20.98674202 45.00000000 20.00000000
v 21.00000000 45.00000000 20.08587456
v 21.00000000 45.73640060 9.00000000
v 21.00000000 45.65853119 10.00000000
v 21.00000000 45.26585388 11.00000000
v 21.00000000 45.35708618 12.00000000
v 21.00000000 45.60750961 13.00000000
v 21.00000000 45.72373962 14.00000000
v 21.00000000 45.30960083 15.00000000
v 21.00000000 45.27793884 16.00000000
v 21.00000000 45.00914383 18.00000000
v 21.00000000 45.32939529 19.00000000
v 21.00000000 45.08802414 20.00000000
v 21.04897308 1.00000000 14.00000000
v 22.00000000 1.00000000 14.99568939
v 22.00000000 0.99654430 15.00000000
v 22.00000000 0.88744974 16.00000000
v 22.00000000 0.88979405 17.00000000
v 21.25324631 1.00000000 18.00000000
v 22.00000000 0.80329871 18.00000000
v 21.85766029 1.00000000 19.00000000
v 22.00000000 0.87804842 19.00000000
v 22.00000000 1.00000000 19.86612129
v 22.00000000 1.96944582 1.00000000
v 22.00000000 2.00000000 0.97380179
v 22.00000000 2.00000000 1.02540147
v 21.12598228 2.00000000 13.00000000
v 21.64155197 2.00000000 14.00000000
v 22.00000000 2.00000000 14.48682308
v 21.19466782 2.00000000 19.00000000
v 22.00000000 1.03792226 20.00000000
v 21.62163162 2.00000000 20.00000000
v 21.72966766 2.00000000 21.00000000
v 22.00000000 1.35573184 21.00000000
v 22.00000000 2.00000000 21.86396027
v 22.00000000 3.00000000 0.47613874
v 22.00000000 3.00000000 1.67740178
v 21.04534340 3.00000000 10.00000000
v 21.07790947 3.00000000 11.00000000
v 21.16421890 3.00000000 12.00000000
v 21.44492912 3.00000000 13.00000000
v 21.90087318 3.00000000 14.00000000
v 22.00000000 3.00000000 14.13549614
v 21.41923714 3.00000000 19.00000000
v 21.73875046 3.00000000 20.00000000
v 21.91291046 3.00000000 21.00000000
v 22.00000000 3.00000000 21.17108536
v 22.00000000 4.00000000 0.36384970
v 21.18820763 4.00000000 2.00000000
v 22.00000000 4.00000000 1.86812365
v 21.11914444 4.00000000 10.00000000
v 21.11668205 4.00000000 11.00000000
v 21.12872505 4.00000000 12.00000000
v 21.47872162 4.00000000 13.00000000
v 22.00000000 4.00000000 13.93269539
v 22.00000000 3.67059207 14.00000000
v 21.36667633 4.00000000 19.00000000
v 21.66638374 4.00000000 20.00000000
v 21.91662407 4.00000000 21.00000000
v 22.00000000 4.00000000 21.16567039
v 22.00000000 5.00000000 0.49207035
v 21.53695869 5.00000000 2.00000000
v 22.00000000 5.00000000 1.90631187
v 21.16836357 5.00000000 10.00000000
v 21.23180199 5.00000000 11.00000000
v 21.23700905 5.00000000 12.00000000
v 21.47165108 5.00000000 13.00000000
v 22.00000000 4.28825283 14.00000000
v 21.89707375 5.00000000 14.00000000
v 22.00000000 5.00000000 14.12066936
v 21.16325569 5.00000000 18.00000000
v 21.55287933 5.00000000 19.00000000
v 21.67770767 5.00000000 20.00000000
v 21.93066025 5.00000000 21.00000000
v 22.00000000 5.00000000 21.25889587
v 22.00000000 6.00000000 0.54751498
v 21.49452019 6.00000000 2.00000000
v 22.00000000 6.00000000 1.85899949
v 21.05259323 6.00000000 9.00000000
v 21.16261292 6.00000000 10.00000000
v 21.18993950 6.00000000 11.00000000
v 21.07874870 6.00000000 12.00000000
v 21.28034401 6.00000000 13.00000000
v 21.55281067 6.00000000 14.00000000
v 22.00000000 6.00000000 14.50402451
v 21.48138428 6.00000000 18.00000000
v 21.58370972 6.00000000 19.00000000
v 21.76088524 6.00000000 20.00000000
v 21.80430984 6.00000000 21.00000000
v 22.00000000 6.00000000 21.57459068
v 22.00000000 7.00000000 0.49813116
v 22.00000000 6.47177601 2.00000000
v 22.00000000 7.00000000 2.06662035
v 21.07568741 7.00000000 8.00000000
v 21.13154793 7.00000000 9.00000000
v 21.14266396 7.00000000 10.00000000
v 21.20836258 7.00000000 11.00000000
v 21.16428757 7.00000000 12.00000000
v 21.26434708 7.00000000 13.00000000
v 21.61695099 7.00000000 14.00000000
v 22.00000000 7.00000000 14.92403126
v 21.82079315 7.00000000 17.00000000
v 21.69978905 7.00000000 18.00000000
v 21.79735756 7.00000000 19.00000000
v 21.80365753 7.00000000 20.00000000
v 21.91998291 7.00000000 21.00000000
v 22.00000000 7.00000000 21.67670250
v 22.00000000 8.00000000 0.55340809
v 22.00000000 8.00000000 2.03177810
v 21.21083450 8.00000000 8.00000000
v 21.23448944 8.00000000 9.00000000
v 21.17192650 8.00000000 10.00000000
v 21.24116898 8.00000000 11.00000000
v 21.18017387 8.00000000 12.00000000
v 21.35301590 8.00000000 13.00000000
v 21.55783463 8.00000000 14.00000000
v 22.00000000 8.00000000 14.84475803
v 21.27219009 8.00000000 17.00000000
v 21.56824493 8.00000000 18.00000000
v 21.62349129 8.00000000 19.00000000
v 21.75743675 8.00000000 20.00000000
v 21.80774117 8.00000000 21.00000000
v 22.00000000 7.38116264 22.00000000
v 21.94874191 8.00000000 22.00000000
v 22.00000000 8.00000000 22.33947754
v 22.00000000 9.00000000 0.66375285
v 21.82936478 9.00000000 2.00000000
v 22.00000000 9.00000000 2.00778174
v 21.06661606 9.00000000 9.00000000
v 21.11523438 9.00000000 10.00000000
v 21.18966484 9.00000000 11.00000000
v 21.27654839 9.00000000 12.00000000
v 21.65347290 9.00000000 13.00000000
v 22.00000000 9.00000000 13.73044777
v 22.00000000 8.74563026 14.00000000
v 21.20370293 9.00000000 17.00000000
v 21.41853714 9.00000000 18.00000000
v 21.53298187 9.00000000 19.00000000
v 21.54293060 9.00000000 20.00000000
v 21.74950027 9.00000000 21.00000000
v 21.84003639 9.00000000 22.00000000
v 22.00000000 9.00000000 22.67797470
v 22.00000000 10.00000000 0.76268232
v 22.00000000 10.00000000 1.62996292
v 22.00000000 9.06101608 2.00000000
v 21.10709000 10.00000000 10.00000000
v 21.19746780 10.00000000 11.00000000
v 21.31194305 10.00000000 12.00000000
v 22.00000000 10.00000000 12.98633480
v 22.00000000 9.96722412 13.00000000
v 21.25560379 10.00000000 18.00000000
v 21.40760422 10.00000000 19.00000000
v 21.49216270 10.00000000 20.00000000
v 21.65994644 10.00000000 21.00000000
v 21.87730026 10.00000000 22.00000000
v 22.00000000 10.00000000 22.83034134
v 21.06364250 11.00000000 1.00000000
v 22.00000000 11.00000000 0.89221781
v 22.00000000 11.00000000 1.26289606
v 21.03166389 11.00000000 11.00000000
v 21.14296532 11.00000000 12.00000000
v 22.00000000 10.05931091 13.00000000
v 21.73283958 11.00000000 13.00000000
v 22.00000000 11.00000000 13.26959229
v 21.14680290 11.00000000 17.00000000
v 21.36583900 11.00000000 18.00000000
v 21.44696236 11.00000000 19.00000000
v 21.48382568 11.00000000 20.00000000
v 21.74249077 11.00000000 21.00000000
v 21.90693283 11.00000000 22.00000000
v 22.00000000 11.00000000 22.46071053
v 21.03613091 12.00000000 1.00000000
v 22.00000000 12.00000000 0.75695556
v 22.00000000 12.00000000 1.53200746
v 21.06856918 12.00000000 11.00000000
v 21.27952766 12.00000000 12.00000000
v 22.00000000 12.00000000 12.64509964
v 22.00000000 11.36529160 13.00000000
v 21.27203560 12.00000000 18.00000000
v 21.45955467 12.00000000 19.00000000
v 21.43134117 12.00000000 20.00000000
v 21.67932510 12.00000000 21.00000000
v 21.91172028 12.00000000 22.00000000
v 22.00000000 12.00000000 22.48108292
v 21.94679451 13.00000000 1.00000000
v 22.00000000 13.00000000 0.98708045
v 22.00000000 13.00000000 1.02960968
v 21.36712456 13.00000000 9.00000000
v 21.65070724 13.00000000 10.00000000
v 21.80428505 13.00000000 11.00000000
v 22.00000000 13.00000000 11.54345131
v 22.00000000 12.80251884 12.00000000
v 21.18223381 13.00000000 17.00000000
v 21.40628242 13.00000000 18.00000000
v 21.50755692 13.00000000 19.00000000
v 21.48323059 13.00000000 20.00000000
v 21.65272331 13.00000000 21.00000000
v 21.86905861 13.00000000 22.00000000
v 22.00000000 13.00000000 22.79117012
v 22.00000000 13.03690720 1.00000000
v 21.51571655 14.00000000 9.00000000
v 21.76327896 14.00000000 10.00000000
v 21.85065079 14.00000000 11.00000000
v 22.00000000 14.00000000 11.25489235
v 21.07206154 14.00000000 16.00000000
v 21.32044983 14.00000000 17.00000000
v 21.55188179 14.00000000 18.00000000
v 21.59881783 14.00000000 19.00000000
v 21.55120277 14.00000000 20.00000000
v 21.70869064 14.00000000 21.00000000
v 21.82912064 14.00000000 22.00000000
v 22.00000000 14.00000000 22.86571312
v 21.35756683 15.00000000 9.00000000
v 21.79641533 15.00000000 10.00000000
v 21.91473389 15.00000000 11.00000000
v 22.00000000 15.00000000 11.22344208
v 21.14588737 15.00000000 18.00000000
v 21.36629105 15.00000000 19.00000000
v 21.41839409 15.00000000 20.00000000
v 21.57692909 15.00000000 21.00000000
v 21.74361992 15.00000000 22.00000000
v 22.00000000 14.42891598 23.00000000
v 21.96060181 15.00000000 23.00000000
v 22.00000000 15.00000000 23.42190552
v 21.77762032 16.00000000 9.00000000
v 22.00000000 16.00000000 9.50325298
v 22.00000000 15.53787422 10.00000000
v 22.00000000 15.40107250 11.00000000
v 21.15005875 16.00000000 18.00000000
v 21.34001350 16.00000000 19.00000000
v 21.35811806 16.00000000 20.00000000
v 21.56465530 16.00000000 21.00000000
v 21.78882217 16.00000000 22.00000000
v 21.99934387 16.00000000 23.00000000
v 22.00000000 16.00000000 23.00552368
v 22.00000000 16.59965515 9.00000000
v 22.00000000 17.00000000 8.81088257
v 21.86004448 17.00000000 11.00000000
v 22.00000000 17.00000000 10.54152393
v 22.00000000 16.47936821 11.00000000
v 22.00000000 17.00000000 11.49057579
v 21.09048271 17.00000000 18.00000000
v 21.18228340 17.00000000 19.00000000
v 21.28570366 17.00000000 20.00000000
v 21.53029442 17.00000000 21.00000000
v 21.79000473 17.00000000 22.00000000
v 21.99957657 17.00000000 23.00000000
v 22.00000000 17.00000000 23.00999641
v 22.00000000 18.00000000 8.72659397
v 21.95903969 18.00000000 11.00000000
v 22.00000000 18.00000000 10.87636280
v 22.00000000 18.00000000 11.37439156
v 21.09742928 18.00000000 18.00000000
v 21.25890350 18.00000000 19.00000000
v 21.38629341 18.00000000 20.00000000
v 21.62681580 18.00000000 21.00000000
v 21.81755257 18.00000000 22.00000000
v 21.95278168 18.00000000 23.00000000
v 22.00000000 18.00000000 23.56410980
v 21.40051270 19.00000000 8.00000000
v 22.00000000 19.00000000 8.66532230
v 21.67153931 19.00000000 11.00000000
v 22.00000000 19.00000000 10.38115692
v 22.00000000 18.31643677 12.00000000
v 21.74773026 19.00000000 12.00000000
v 22.00000000 19.00000000 12.20576477
v 21.10765266 19.00000000 17.00000000
v 21.19194221 19.00000000 18.00000000
v 21.35069847 19.00000000 19.00000000
v 21.44798470 19.00000000 20.00000000
v 21.71335793 19.00000000 21.00000000
v 21.87915421 19.00000000 22.00000000
v 22.00000000 19.00000000 22.76804161
v 22.00000000 18.55951691 23.00000000
v 21.50008583 20.00000000 8.00000000
v 22.00000000 20.00000000 8.58305454
v 21.74675941 20.00000000 11.00000000
v 22.00000000 20.00000000 10.51249504
v 21.73655128 20.00000000 12.00000000
v 22.00000000 20.00000000 12.19661236
v 21.12702179 20.00000000 18.00000000
v 21.26793671 20.00000000 19.00000000
v 21.37462044 20.00000000 20.00000000
v 21.62217140 20.00000000 21.00000000
v 21.81510925 20.00000000 22.00000000
v 22.00000000 19.59010696 23.00000000
v 21.97305870 20.00000000 23.00000000
v 21.97779274 20.00000000 24.00000000
v 22.00000000 19.64660263 24.00000000
v 22.00000000 20.00000000 24.16322327
v 22.00000000 21.00000000 8.97225094
v 21.90041351 21.00000000 11.00000000
v 22.00000000 21.00000000 10.75642490
v 22.00000000 21.00000000 11.36867428
v 22.00000000 20.59506035 12.00000000
v 21.06525230 21.00000000 17.00000000
v 21.16843796 21.00000000 18.00000000
v 21.34029388 21.00000000 19.00000000
v 21.41900063 21.00000000 20.00000000
v 21.59658241 21.00000000 21.00000000
v 21.75024796 21.00000000 22.00000000
v 21.87518120 21.00000000 23.00000000
v 21.85125351 21.00000000 24.00000000
v 22.00000000 20.94928741 25.00000000
v 21.99361992 21.00000000 25.00000000
v 22.00000000 21.00000000 25.08056259
v 21.10319710 22.00000000 8.00000000
v 22.00000000 22.00000000 8.69155121
v 22.00000000 21.15901184 11.00000000
v 21.02907944 22.00000000 17.00000000
v 21.14056587 22.00000000 18.00000000
v 21.31824303 22.00000000 19.00000000
v 21.38868523 22.00000000 20.00000000
v 21.59774780 22.00000000 21.00000000
v 21.74913406 22.00000000 22.00000000
v 21.84198952 22.00000000 23.00000000
v 21.87642097 22.00000000 24.00000000
v 21.92414093 22.00000000 25.00000000
v 22.00000000 22.00000000 25.56772804
v 21.10630798 23.00000000 8.00000000
v 22.00000000 23.00000000 8.56381702
v 21.06096649 23.00000000 17.00000000
v 21.10829353 23.00000000 18.00000000
v 21.24115562 23.00000000 19.00000000
v 21.36468887 23.00000000 20.00000000
v 21.65225410 23.00000000 21.00000000
v 21.78599739 23.00000000 22.00000000
v 21.90828896 23.00000000 23.00000000
v 21.87845230 23.00000000 24.00000000
v 21.89143944 23.00000000 25.00000000
v 22.00000000 22.74591064 26.00000000
v 21.98022270 23.00000000 26.00000000
v 22.00000000 23.00000000 26.14090729
v 21.51671410 24.00000000 8.00000000
v 22.00000000 24.00000000 8.36877728
v 21.00979233 24.00000000 17.00000000
v 21.09673119 24.00000000 18.00000000
v 21.21092033 24.00000000 19.00000000
v 21.30063248 24.00000000 20.00000000
v 21.61531639 24.00000000 21.00000000
v 21.79987907 24.00000000 22.00000000
v 21.91268921 24.00000000 23.00000000
v 21.87929344 24.00000000 24.00000000
v 21.90225792 24.00000000 25.00000000
v 21.97742462 24.00000000 26.00000000
v 22.00000000 24.00000000 26.12604332
v 22.00000000 24.41803360 8.00000000
v 22.00000000 25.00000000 7.62657166
v 21.03819275 25.00000000 16.00000000
v 21.00679016 25.00000000 17.00000000
v 21.12419891 25.00000000 18.00000000
v 21.21223259 25.00000000 19.00000000
v 21.34302521 25.00000000 20.00000000
v 21.64474678 25.00000000 21.00000000
v 21.78516197 25.00000000 22.00000000
v 21.93769836 25.00000000 23.00000000
v 21.87513542 25.00000000 24.00000000
v 21.96462631 25.00000000 25.00000000
v 22.00000000 25.00000000 25.50467491
v 22.00000000 24.40965843 26.00000000
v 22.00000000 26.00000000 7.49913788
v 21.07730103 26.00000000 18.00000000
v 21.27923393 26.00000000 19.00000000
v 21.40402222 26.00000000 20.00000000
v 21.73030090 26.00000000 21.00000000
v 21.87246132 26.00000000 22.00000000
v 21.95998001 26.00000000 23.00000000
v 21.95862579 26.00000000 24.00000000
v 21.99801445 26.00000000 25.00000000
v 22.00000000 26.00000000 25.01619911
v 22.00000000 27.00000000 7.50411654
v 21.98186302 27.00000000 11.00000000
v 22.00000000 27.00000000 10.97523785
v 22.00000000 26.97577286 11.00000000
v 22.00000000 27.00000000 11.05642986
v 21.17859459 27.00000000 18.00000000
v 21.43016052 27.00000000 19.00000000
v 21.49273491 27.00000000 20.00000000
v 21.74937439 27.00000000 21.00000000
v 21.86581230 27.00000000 22.00000000
v 22.00000000 27.00000000 22.97642899
v 22.00000000 26.92416000 23.00000000
v 22.00000000 27.00000000 23.12755013
v 21.97414780 27.00000000 24.00000000
v 22.00000000 27.00000000 24.21868515
v 22.00000000 26.02187729 25.00000000
v 22.00000000 28.00000000 7.66117811
v 21.86212349 28.00000000 11.00000000
v 22.00000000 28.00000000 10.73169994
v 22.00000000 28.00000000 11.44405937
v 21.08590126 28.00000000 18.00000000
v 21.40679359 28.00000000 19.00000000
v 21.48978996 28.00000000 20.00000000
v 21.70363045 28.00000000 21.00000000
v 21.89203835 28.00000000 22.00000000
v 22.00000000 27.12707329 23.00000000
v 21.97654343 28.00000000 23.00000000
v 21.97697830 28.00000000 24.00000000
v 22.00000000 28.00000000 24.41025734
v 22.00000000 28.63195992 8.00000000
v 22.00000000 29.00000000 8.57721424
v 21.01401520 29.00000000 10.00000000
v 22.00000000 29.00000000 9.32021523
v 22.00000000 28.43467140 10.00000000
v 21.29189491 29.00000000 11.00000000
v 22.00000000 28.46161270 12.00000000
v 21.73089218 29.00000000 12.00000000
v 22.00000000 29.00000000 12.14708710
v 21.00318909 29.00000000 18.00000000
v 21.27800369 29.00000000 19.00000000
v 21.33867645 29.00000000 20.00000000
v 21.61030960 29.00000000 21.00000000
v 21.72192955 29.00000000 22.00000000
v 21.88320541 29.00000000 23.00000000
v 21.90410423 29.00000000 24.00000000
v 22.00000000 29.00000000 24.68951607
v 22.00000000 30.00000000 8.79172897
v 21.47891045 30.00000000 10.00000000
v 22.00000000 30.00000000 9.48722649
v 21.44407654 30.00000000 11.00000000
v 21.81887436 30.00000000 12.00000000
v 22.00000000 30.00000000 12.08275318
v 21.19249535 30.00000000 19.00000000
v 21.25406265 30.00000000 20.00000000
v 21.48250771 30.00000000 21.00000000
v 21.70037842 30.00000000 22.00000000
v 21.80281258 30.00000000 23.00000000
v 21.90217590 30.00000000 24.00000000
v 22.00000000 29.76505661 25.00000000
v 21.98625755 30.00000000 25.00000000
v 22.00000000 30.00000000 25.06393623
v 22.00000000 31.00000000 8.39124584
v 21.76123619 31.00000000 10.00000000
v 22.00000000 31.00000000 9.78866768
v 21.95712090 31.00000000 11.00000000
v 22.00000000 31.00000000 11.11701393
v 22.00000000 30.31065750 12.00000000
v 21.04570007 31.00000000 18.00000000
v 21.33913803 31.00000000 19.00000000
v 21.34652519 31.00000000 20.00000000
v 21.54895782 31.00000000 21.00000000
v 21.70311356 31.00000000 22.00000000
v 21.84679031 31.00000000 23.00000000
v 21.90048027 31.00000000 24.00000000
v 22.00000000 31.00000000 24.68057632
v 22.00000000 30.23361778 25.00000000
v 22.00000000 32.00000000 8.14399433
v 22.00000000 31.39071465 10.00000000
v 21.94604111 32.00000000 11.00000000
v 22.00000000 32.00000000 10.76644325
v 22.00000000 32.00000000 11.34226131
v 21.38932610 32.00000000 19.00000000
v 21.37348747 32.00000000 20.00000000
v 21.54281616 32.00000000 21.00000000
v 21.72972870 32.00000000 22.00000000
v 21.89910126 32.00000000 23.00000000
v 21.94289970 32.00000000 24.00000000
v 22.00000000 32.00000000 24.63511848
v 21.51498604 33.00000000 8.00000000
v 22.00000000 32.30706787 8.00000000
v 22.00000000 33.00000000 7.90339947
v 22.00000000 32.61602783 11.00000000
v 21.06515884 33.00000000 18.00000000
v 21.39310074 33.00000000 19.00000000
v 21.35968018 33.00000000 20.00000000
v 21.56475258 33.00000000 21.00000000
v 21.71782494 33.00000000 22.00000000
v 21.95952415 33.00000000 23.00000000
v 21.96456909 33.00000000 24.00000000
v 22.00000000 33.00000000 24.18648338
v 21.55041313 34.00000000 8.00000000
v 22.00000000 34.00000000 7.92399931
v 21.13991547 34.00000000 18.00000000
v 21.45343208 34.00000000 19.00000000
v 21.49827957 34.00000000 20.00000000
v 21.62420273 34.00000000 21.00000000
v 21.74804306 34.00000000 22.00000000
v 21.94721413 34.00000000 23.00000000
v 22.00000000 34.00000000 23.71889305
v 22.00000000 33.62994766 24.00000000
v 22.00000000 34.25067902 8.00000000
v 22.00000000 35.00000000 8.43563271
v 21.23535347 35.00000000 18.00000000
v 21.39657784 35.00000000 19.00000000
v 21.41027451 35.00000000 20.00000000
v 21.59732819 35.00000000 21.00000000
v 21.72817612 35.00000000 22.00000000
v 21.92701721 35.00000000 23.00000000
v 22.00000000 34.38880920 24.00000000
v 21.96810341 35.00000000 24.00000000
v 22.00000000 35.00000000 24.22335434
v 21.27832413 36.00000000 1.00000000
v 22.00000000 35.95664597 9.00000000
v 21.93866348 36.00000000 9.00000000
v 22.00000000 35.69934082 10.00000000
v 21.79280853 36.00000000 10.00000000
v 22.00000000 35.19268799 11.00000000
v 21.58217430 36.00000000 11.00000000
v 22.00000000 35.19715118 12.00000000
v 21.47593117 36.00000000 12.00000000
v 22.00000000 36.00000000 12.91174889
v 21.06064034 36.00000000 17.00000000
v 21.31487274 36.00000000 18.00000000
v 21.49894333 36.00000000 19.00000000
v 21.51921463 36.00000000 20.00000000
v 21.63602829 36.00000000 21.00000000
v 21.79837036 36.00000000 22.00000000
v 22.00000000 36.00000000 22.94895744
v 22.00000000 35.85168839 23.00000000
v 22.00000000 35.59020615 24.00000000
v 22.00000000 36.45094299 1.00000000
v 22.00000000 37.00000000 0.81201804
v 22.00000000 37.00000000 1.40367007
v 21.43946838 37.00000000 9.00000000
v 21.52418137 37.00000000 10.00000000
v 21.39084053 37.00000000 11.00000000
v 21.34550285 37.00000000 12.00000000
v 22.00000000 36.10905838 13.00000000
v 21.63166428 37.00000000 13.00000000
v 22.00000000 37.00000000 13.55438232
v 21.14065361 37.00000000 17.00000000
v 21.37260628 37.00000000 18.00000000
v 21.51454163 37.00000000 19.00000000
v 21.55694771 37.00000000 20.00000000
v 21.68196297 37.00000000 21.00000000
v 21.83882141 37.00000000 22.00000000
v 22.00000000 37.00000000 22.80990982
v 22.00000000 38.00000000 0.67395478
v 22.00000000 38.00000000 1.56148982
v 21.49517632 38.00000000 9.00000000
v 21.52747917 38.00000000 10.00000000
v 21.34678459 38.00000000 11.00000000
v 21.32962036 38.00000000 12.00000000
v 21.56044960 38.00000000 13.00000000
v 22.00000000 38.00000000 13.73487473
v 21.36516953 38.00000000 17.00000000
v 21.57156372 38.00000000 18.00000000
v 21.63704300 38.00000000 19.00000000
v 21.69800186 38.00000000 20.00000000
v 21.86021996 38.00000000 21.00000000
v 21.89913559 38.00000000 22.00000000
v 22.00000000 38.00000000 22.34533119
v 22.00000000 39.00000000 0.55793583
v 22.00000000 39.00000000 1.92984676
v 21.33515549 39.00000000 8.00000000
v 21.78212738 39.00000000 9.00000000
v 21.69633675 39.00000000 10.00000000
v 21.45088005 39.00000000 11.00000000
v 21.43787956 39.00000000 12.00000000
v 21.52942848 39.00000000 13.00000000
v 22.00000000 38.69475555 14.00000000
v 21.92414474 39.00000000 14.00000000
v 22.00000000 39.00000000 14.23859692
v 21.42449570 39.00000000 17.00000000
v 21.42430305 39.00000000 18.00000000
v 21.51642990 39.00000000 19.00000000
v 21.62720490 39.00000000 20.00000000
v 21.95808983 39.00000000 21.00000000
v 21.95550346 39.00000000 22.00000000
v 22.00000000 39.00000000 22.16714668
v 22.00000000 40.00000000 0.62922877
v 22.00000000 40.00000000 1.73068905
v 21.52589226 40.00000000 8.00000000
v 21.80385971 40.00000000 9.00000000
v 21.73727989 40.00000000 10.00000000
v 21.45135689 40.00000000 11.00000000
v 21.40824509 40.00000000 12.00000000
v 21.49991989 40.00000000 13.00000000
v 21.76449966 40.00000000 14.00000000
v 22.00000000 40.00000000 14.50157452
v 21.36482239 40.00000000 17.00000000
v 21.45343781 40.00000000 18.00000000
v 21.45744896 40.00000000 19.00000000
v 21.58161545 40.00000000 20.00000000
v 21.83363724 40.00000000 21.00000000
v 22.00000000 40.00000000 21.87816620
v 22.00000000 39.71747208 22.00000000
v 22.00000000 41.00000000 0.59332043
v 22.00000000 41.00000000 1.75298214
v 21.27054787 41.00000000 8.00000000
v 21.59490013 41.00000000 9.00000000
v 21.60073471 41.00000000 10.00000000
v 21.36007690 41.00000000 11.00000000
v 21.38802719 41.00000000 12.00000000
v 21.40426826 41.00000000 13.00000000
v 21.74556732 41.00000000 14.00000000
v 22.00000000 40.87402344 15.00000000
v 21.89920998 41.00000000 15.00000000
v 22.00000000 41.00000000 15.18828869
v 21.28211975 41.00000000 17.00000000
v 21.39439774 41.00000000 18.00000000
v 21.32862091 41.00000000 19.00000000
v 21.48183441 41.00000000 20.00000000
v 21.91017723 41.00000000 21.00000000
v 22.00000000 41.00000000 21.35610962
v 22.00000000 42.00000000 0.72897547
v 22.00000000 42.00000000 1.42927873
v 21.28062248 42.00000000 8.00000000
v 21.52311325 42.00000000 9.00000000
v 21.47651100 42.00000000 10.00000000
v 21.34416962 42.00000000 11.00000000
v 21.31467247 42.00000000 12.00000000
v 21.41331863 42.00000000 13.00000000
v 21.58826447 42.00000000 14.00000000
v 21.79459000 42.00000000 15.00000000
v 22.00000000 42.00000000 15.58114052
v 21.20835876 42.00000000 17.00000000
v 21.33241463 42.00000000 18.00000000
v 21.31719589 42.00000000 19.00000000
v 21.35310173 42.00000000 20.00000000
v 21.73287964 42.00000000 21.00000000
v 22.00000000 41.95565033 22.00000000
v 21.99381256 42.00000000 22.00000000
v 22.00000000 42.00000000 22.02395248
v 22.00000000 43.00000000 0.66546535
v 22.00000000 43.00000000 1.36132026
v 21.03166199 43.00000000 8.00000000
v 21.35167122 43.00000000 9.00000000
v 21.36316299 43.00000000 10.00000000
v 21.27669716 43.00000000 11.00000000
v 21.32608604 43.00000000 12.00000000
v 21.43466377 43.00000000 13.00000000
v 21.69258308 43.00000000 14.00000000
v 21.64220619 43.00000000 15.00000000
v 22.00000000 43.00000000 15.89877701
v 21.16681671 43.00000000 20.00000000
v 21.50346184 43.00000000 21.00000000
v 21.64537811 43.00000000 22.00000000
v 22.00000000 42.59202576 23.00000000
v 21.79789543 43.00000000 23.00000000
v 22.00000000 43.00000000 23.37619591
v 22.00000000 44.00000000 0.68768758
v 22.00000000 44.00000000 1.30731606
v 21.36717796 44.00000000 9.00000000
v 21.37284851 44.00000000 10.00000000
v 21.31461334 44.00000000 11.00000000
v 21.29555702 44.00000000 12.00000000
v 21.47290993 44.00000000 13.00000000
v 21.63292885 44.00000000 14.00000000
v 21.72986984 44.00000000 15.00000000
v 22.00000000 44.00000000 15.61884022
v 21.22702408 44.00000000 21.00000000
v 21.45227242 44.00000000 22.00000000
v 21.58498573 44.00000000 23.00000000
v 22.00000000 44.00000000 23.85593605
v 22.00000000 44.66126251 1.00000000
v 21.56482315 45.00000000 9.00000000
v 21.59844398 45.00000000 10.00000000
v 21.17936325 45.00000000 11.00000000
v 21.19220352 45.00000000 12.00000000
v 21.23634338 45.00000000 13.00000000
v 21.49572372 45.00000000 14.00000000
v 21.87963867 45.00000000 15.00000000
v 22.00000000 45.00000000 15.05973339
v 21.06472397 45.00000000 17.00000000
v 21.24623680 45.00000000 21.00000000
v 21.33670998 45.00000000 22.00000000
v 21.16006660 45.00000000 23.00000000
v 22.00000000 44.11391449 24.00000000
v 21.53722954 45.00000000 24.00000000
v 21.66824341 45.00000000 25.00000000
v 22.00000000 44.36155701 25.00000000
v 21.78765678 45.00000000 26.00000000
v 22.00000000 44.62400818 26.00000000
v 21.93904877 45.00000000 27.00000000
v 22.00000000 44.89722443 27.00000000
v 22.00000000 45.00000000 27.42663193
v 22.00000000 45.58063507 16.00000000
v 21.71708488 46.00000000 17.00000000
v 22.00000000 46.00000000 16.42695045
v 21.53490448 46.00000000 18.00000000
v 21.35828781 46.00000000 19.00000000
v 21.31713295 46.00000000 20.00000000
v 21.50531769 46.00000000 21.00000000
v 21.40415955 46.00000000 22.00000000
v 21.25963020 46.00000000 23.00000000
v 21.51828766 46.00000000 24.00000000
v 21.56882286 46.00000000 25.00000000
v 21.66122627 46.00000000 26.00000000
v 21.76972580 46.00000000 27.00000000
v 22.00000000 45.57793808 28.00000000
v 21.93782997 46.00000000 28.00000000
v 22.00000000 46.00000000 28.28788948
v 22.00000000 46.27589798 17.00000000
v 22.00000000 46.61233902 18.00000000
v 22.00000000 46.79115295 19.00000000
v 22.00000000 46.73701477 20.00000000
v 22.00000000 46.74816513 21.00000000
v 22.00000000 47.00000000 21.84932899
v 21.97527313 47.00000000 22.00000000
v 21.92815590 47.00000000 23.00000000
v 22.00000000 47.00000000 23.40676880
v 22.00000000 46.83919525 24.00000000
v 22.00000000 47.00000000 24.73853683
v 21.97492599 47.00000000 25.00000000
v 21.94346428 47.00000000 26.00000000
v 22.00000000 47.00000000 26.55730438
v 22.00000000 46.84609985 27.00000000
v 22.00000000 46.20425034 28.00000000
v 22.00195694 1.00000000 15.00000000
v 22.06274796 1.00000000 16.00000000
v 22.06984520 1.00000000 17.00000000
v 22.15070534 1.00000000 18.00000000
v 22.12908745 1.00000000 19.00000000
v 23.00000000 1.35281229 1.00000000
v 23.00000000 2.00000000 0.49308139
v 23.00000000 2.00000000 1.79840505
v 22.16421890 2.00000000 15.00000000
v 22.31799507 2.00000000 16.00000000
v 22.40590668 2.00000000 17.00000000
v 22.51944351 2.00000000 18.00000000
v 22.73930550 2.00000000 19.00000000
v 22.52715874 2.00000000 20.00000000
v 22.35862732 2.00000000 21.00000000
v 23.00000000 3.00000000 0.28428775
v 23.00000000 2.33328724 2.00000000
v 22.56590080 3.00000000 2.00000000
v 23.00000000 3.00000000 2.16140723
v 22.27887344 3.00000000 15.00000000
v 22.37231827 3.00000000 16.00000000
v 22.46394730 3.00000000 17.00000000
v 22.52851295 3.00000000 18.00000000
v 22.67748642 3.00000000 19.00000000
v 22.53917885 3.00000000 20.00000000
v 22.18350792 3.00000000 21.00000000
v 23.00000000 4.00000000 0.25669116
v 22.21544456 4.00000000 2.00000000
v 23.00000000 4.00000000 2.33246779
v 22.02113152 4.00000000 14.00000000
v 22.38681221 4.00000000 15.00000000
v 22.46885681 4.00000000 16.00000000
v 22.52151108 4.00000000 17.00000000
v 22.60114288 4.00000000 18.00000000
v 22.83205414 4.00000000 19.00000000
v 22.76086998 4.00000000 20.00000000
v 22.26812553 4.00000000 21.00000000
v 23.00000000 5.00000000 0.31087431
v 22.12120819 5.00000000 2.00000000
v 23.00000000 5.00000000 2.43543434
v 22.36196136 5.00000000 15.00000000
v 22.39288521 5.00000000 16.00000000
v 22.43468094 5.00000000 17.00000000
v 22.49128723 5.00000000 18.00000000
v 22.62230682 5.00000000 19.00000000
v 22.57146263 5.00000000 20.00000000
v 22.17519379 5.00000000 21.00000000
v 23.00000000 6.00000000 0.40009826
v 22.14385796 6.00000000 2.00000000
v 23.00000000 6.00000000 2.49023438
v 22.14702415 6.00000000 15.00000000
v 22.17415428 6.00000000 16.00000000
v 22.24179268 6.00000000 17.00000000
v 22.25535965 6.00000000 18.00000000
v 22.45253563 6.00000000 19.00000000
v 22.41238976 6.00000000 20.00000000
v 22.38261032 6.00000000 21.00000000
v 23.00000000 7.00000000 0.37675554
v 23.00000000 7.00000000 2.55776238
v 22.01488876 7.00000000 15.00000000
v 22.00826836 7.00000000 16.00000000
v 22.02494431 7.00000000 17.00000000
v 22.16526794 7.00000000 18.00000000
v 22.23893738 7.00000000 19.00000000
v 22.34932899 7.00000000 20.00000000
v 22.23541451 7.00000000 21.00000000
v 23.00000000 6.88118696 22.00000000
v 23.00000000 7.00000000 21.92507172
v 22.64489746 7.00000000 22.00000000
v 22.79125786 7.00000000 23.00000000
v 23.00000000 6.15322399 23.00000000
v 22.94504356 7.00000000 24.00000000
v 23.00000000 6.89118338 24.00000000
v 23.00000000 7.00000000 24.39864349
v 23.00000000 8.00000000 0.42825857
v 23.00000000 8.00000000 2.47005725
v 22.03138924 8.00000000 15.00000000
v 22.05498505 8.00000000 16.00000000
v 22.14015579 8.00000000 17.00000000
v 22.23110962 8.00000000 18.00000000
v 22.47030258 8.00000000 19.00000000
v 22.41703415 8.00000000 20.00000000
v 22.51438713 8.00000000 21.00000000
v 23.00000000 8.00000000 21.59795761
v 22.33052063 8.00000000 23.00000000
v 22.62729454 8.00000000 24.00000000
v 23.00000000 7.39243078 25.00000000
v 22.90752602 8.00000000 25.00000000
v 22.99776077 8.00000000 26.00000000
v 23.00000000 7.97480154 26.00000000
v 23.00000000 8.00000000 26.11829376
v 23.00000000 9.00000000 0.52430999
v 23.00000000 9.00000000 2.47792411
v 22.05181503 9.00000000 14.00000000
v 22.20435333 9.00000000 15.00000000
v 22.30396271 9.00000000 16.00000000
v 22.38904953 9.00000000 17.00000000
v 22.53747368 9.00000000 18.00000000
v 22.79184914 9.00000000 19.00000000
v 22.91911697 9.00000000 20.00000000
v 23.00000000 9.00000000 20.92145538
v 23.00000000 8.97748089 21.00000000
v 22.21712685 9.00000000 23.00000000
v 22.29784775 9.00000000 24.00000000
v 22.64289474 9.00000000 25.00000000
v 22.81305313 9.00000000 26.00000000
v 23.00000000 8.07192707 27.00000000
v 22.84303474 9.00000000 27.00000000
v 23.00000000 9.00000000 27.91142464
v 23.00000000 10.00000000 0.64517373
v 22.25984001 10.00000000 2.00000000
v 23.00000000 10.00000000 2.54583359
v 22.00477791 10.00000000 13.00000000
v 22.11792946 10.00000000 14.00000000
v 22.46635056 10.00000000 15.00000000
v 22.50647354 10.00000000 16.00000000
v 22.69395828 10.00000000 17.00000000
v 22.74999809 10.00000000 18.00000000
v 23.00000000 10.00000000 18.73142052
v 23.00000000 9.62629509 19.00000000
v 23.00000000 9.30943966 20.00000000
v 22.08749390 10.00000000 23.00000000
v 22.37830162 10.00000000 24.00000000
v 22.60760307 10.00000000 25.00000000
v 22.82861710 10.00000000 26.00000000
v 22.80456924 10.00000000 27.00000000
v 23.00000000 10.00000000 27.86269760
v 23.00000000 11.00000000 0.68832594
v 22.39967155 11.00000000 2.00000000
v 23.00000000 11.00000000 2.44045544
v 22.23793221 11.00000000 14.00000000
v 22.52226448 11.00000000 15.00000000
v 22.70226860 11.00000000 16.00000000
v 22.82895279 11.00000000 17.00000000
v 22.89645576 11.00000000 18.00000000
v 23.00000000 11.00000000 18.63512039
v 22.56259727 11.00000000 23.00000000
v 22.56269455 11.00000000 24.00000000
v 22.76698875 11.00000000 25.00000000
v 22.89463615 11.00000000 26.00000000
v 22.99719048 11.00000000 27.00000000
v 23.00000000 11.00000000 27.01665306
v 23.00000000 12.00000000 0.60566032
v 22.24461365 12.00000000 2.00000000
v 23.00000000 12.00000000 2.58390403
v 22.15538597 12.00000000 13.00000000
v 22.45000458 12.00000000 14.00000000
v 22.86053467 12.00000000 15.00000000
v 23.00000000 12.00000000 15.88936615
v 23.00000000 11.94463730 16.00000000
v 23.00000000 11.68998528 17.00000000
v 23.00000000 11.59443474 18.00000000
v 22.45927620 12.00000000 23.00000000
v 22.42553329 12.00000000 24.00000000
v 22.65606880 12.00000000 25.00000000
v 22.70771408 12.00000000 26.00000000
v 22.74983788 12.00000000 27.00000000
v 23.00000000 12.00000000 27.96298218
v 23.00000000 12.83143902 1.00000000
v 22.12059021 13.00000000 1.00000000
v 23.00000000 12.91607952 2.00000000
v 22.06490517 13.00000000 12.00000000
v 22.36470985 13.00000000 13.00000000
v 22.64336586 13.00000000 14.00000000
v 23.00000000 13.00000000 14.97405148
v 23.00000000 12.94629669 15.00000000
v 22.89038849 13.00000000 18.00000000
v 23.00000000 13.00000000 17.47567558
v 23.00000000 12.43539143 18.00000000
v 23.00000000 13.00000000 18.55331421
v 22.15667152 13.00000000 23.00000000
v 22.23491096 13.00000000 24.00000000
v 22.29690742 13.00000000 25.00000000
v 22.59136963 13.00000000 26.00000000
v 22.76623535 13.00000000 27.00000000
v 23.00000000 12.19371796 28.00000000
v 22.96275330 13.00000000 28.00000000
v 23.00000000 13.00000000 28.25138092
v 22.22359467 14.00000000 12.00000000
v 22.48796844 14.00000000 13.00000000
v 22.67120743 14.00000000 14.00000000
v 23.00000000 14.00000000 14.93919468
v 22.99113464 14.00000000 17.00000000
v 23.00000000 14.00000000 16.85428810
v 23.00000000 13.93618488 17.00000000
v 22.86523056 14.00000000 18.00000000
v 23.00000000 14.00000000 18.84548950
v 22.08645821 14.00000000 23.00000000
v 22.25531578 14.00000000 24.00000000
v 22.43047523 14.00000000 25.00000000
v 22.53674316 14.00000000 26.00000000
v 22.67667007 14.00000000 27.00000000
v 22.84302902 14.00000000 28.00000000
v 23.00000000 13.93341923 29.00000000
v 22.99262810 14.00000000 29.00000000
v 23.00000000 14.00000000 29.02028084
v 22.13947487 15.00000000 12.00000000
v 22.38054657 15.00000000 13.00000000
v 22.61087990 15.00000000 14.00000000
v 23.00000000 15.00000000 14.84154606
v 23.00000000 14.02032852 17.00000000
v 23.00000000 14.28217030 18.00000000
v 22.09214211 15.00000000 24.00000000
v 22.56545258 15.00000000 25.00000000
v 22.68723106 15.00000000 26.00000000
v 22.90421295 15.00000000 27.00000000
v 23.00000000 15.00000000 27.58246040
v 23.00000000 14.73617363 28.00000000
v 23.00000000 14.04844379 29.00000000
v 22.08050346 16.00000000 10.00000000
v 22.06712723 16.00000000 11.00000000
v 22.24061775 16.00000000 12.00000000
v 22.52735329 16.00000000 13.00000000
v 22.75584221 16.00000000 14.00000000
v 23.00000000 16.00000000 14.47976494
v 22.18629646 16.00000000 24.00000000
v 22.64718628 16.00000000 25.00000000
v 22.77278519 16.00000000 26.00000000
v 22.89208984 16.00000000 27.00000000
v 23.00000000 16.00000000 27.68629646
v 22.05360413 17.00000000 9.00000000
v 22.06677246 17.00000000 10.00000000
v 22.09206009 17.00000000 12.00000000
v 22.48028374 17.00000000 13.00000000
v 22.63136101 17.00000000 14.00000000
v 23.00000000 17.00000000 14.57795811
v 22.07518578 17.00000000 24.00000000
v 22.60238266 17.00000000 25.00000000
v 22.67822266 17.00000000 26.00000000
v 22.78914642 17.00000000 27.00000000
v 23.00000000 16.78203583 28.00000000
v 22.98545647 17.00000000 28.00000000
v 23.00000000 17.00000000 28.06896210
v 22.06369972 18.00000000 9.00000000
v 22.10862350 18.00000000 10.00000000
v 22.04633331 18.00000000 12.00000000
v 22.50662994 18.00000000 13.00000000
v 22.71575546 18.00000000 14.00000000
v 23.00000000 18.00000000 14.42275047
v 22.06829262 18.00000000 24.00000000
v 22.47048569 18.00000000 25.00000000
v 22.59608078 18.00000000 26.00000000
v 22.69765091 18.00000000 27.00000000
v 22.94380569 18.00000000 28.00000000
v 23.00000000 18.00000000 28.17472458
v 22.08859444 19.00000000 9.00000000
v 22.07937622 19.00000000 10.00000000
v 22.79387093 19.00000000 13.00000000
v 23.00000000 19.00000000 13.40246201
v 23.00000000 18.65223312 14.00000000
v 22.09829712 19.00000000 23.00000000
v 22.09783554 19.00000000 24.00000000
v 22.37027931 19.00000000 25.00000000
v 22.39094925 19.00000000 26.00000000
v 22.61926079 19.00000000 27.00000000
v 22.92795753 19.00000000 28.00000000
v 23.00000000 19.00000000 28.24541283
v 22.10254669 20.00000000 9.00000000
v 22.10380745 20.00000000 10.00000000
v 22.95411682 20.00000000 13.00000000
v 23.00000000 20.00000000 13.05829239
v 22.24761009 20.00000000 25.00000000
v 22.26131630 20.00000000 26.00000000
v 22.50238419 20.00000000 27.00000000
v 22.82760048 20.00000000 28.00000000
v 23.00000000 20.00000000 28.37872124
v 22.01511955 21.00000000 9.00000000
v 22.10651207 21.00000000 10.00000000
v 22.11873817 21.00000000 12.00000000
v 23.00000000 21.00000000 12.63035011
v 23.00000000 20.06221771 13.00000000
v 22.11539268 21.00000000 26.00000000
v 22.43177414 21.00000000 27.00000000
v 22.83393478 21.00000000 28.00000000
v 23.00000000 21.00000000 28.37012672
v 22.20588112 22.00000000 9.00000000
v 22.28341293 22.00000000 10.00000000
v 22.32562256 22.00000000 11.00000000
v 22.43132019 22.00000000 12.00000000
v 23.00000000 22.00000000 12.43898678
v 22.09417725 22.00000000 26.00000000
v 22.38002586 22.00000000 27.00000000
v 22.73384094 22.00000000 28.00000000
v 23.00000000 22.00000000 28.50319672
v 22.43655014 23.00000000 9.00000000
v 22.66902161 23.00000000 10.00000000
v 23.00000000 23.00000000 10.96821499
v 23.00000000 22.98505020 11.00000000
v 23.00000000 22.71793938 12.00000000
v 22.19518471 23.00000000 27.00000000
v 22.70287323 23.00000000 28.00000000
v 23.00000000 23.00000000 28.70979691
v 22.72119331 24.00000000 9.00000000
v 22.86441231 24.00000000 10.00000000
v 23.00000000 24.00000000 10.57007122
v 22.26568222 24.00000000 27.00000000
v 22.70947838 24.00000000 28.00000000
v 23.00000000 24.00000000 28.62783623
v 22.71364212 25.00000000 8.00000000
v 22.96245193 25.00000000 9.00000000
v 22.66755676 25.00000000 10.00000000
v 23.00000000 24.15725708 11.00000000
v 22.55336189 25.00000000 11.00000000
v 23.00000000 24.65594292 12.00000000
v 22.85952568 25.00000000 12.00000000
v 23.00000000 25.00000000 12.12469959
v 22.04635048 25.00000000 26.00000000
v 22.28166580 25.00000000 27.00000000
v 22.65763855 25.00000000 28.00000000
v 23.00000000 25.00000000 28.94721031
v 23.00000000 25.77471924 8.00000000
v 23.00000000 26.00000000 7.92892313
v 23.00000000 25.62756348 9.00000000
v 22.59319687 26.00000000 10.00000000
v 23.00000000 26.00000000 9.04523945
v 22.46655846 26.00000000 11.00000000
v 22.79122543 26.00000000 12.00000000
v 23.00000000 26.00000000 12.18311119
v 22.18202019 26.00000000 26.00000000
v 22.28157997 26.00000000 27.00000000
v 22.65739822 26.00000000 28.00000000
v 23.00000000 25.80090904 29.00000000
v 22.99609756 26.00000000 29.00000000
v 23.00000000 26.00000000 29.00654221
v 23.00000000 27.00000000 7.48447323
v 22.79562187 27.00000000 9.00000000
v 23.00000000 27.00000000 8.60589600
v 23.00000000 26.10606766 9.00000000
v 22.35735703 27.00000000 10.00000000
v 22.22805214 27.00000000 12.00000000
v 23.00000000 27.00000000 12.48474789
v 22.00660896 27.00000000 23.00000000
v 22.16291237 27.00000000 25.00000000
v 22.31621933 27.00000000 26.00000000
v 22.38882446 27.00000000 27.00000000
v 22.53821373 27.00000000 28.00000000
v 22.89616776 27.00000000 29.00000000
v 23.00000000 27.00000000 29.17547798
v 23.00000000 28.00000000 7.75928020
v 22.58513260 28.00000000 9.00000000
v 23.00000000 28.00000000 8.24101543
v 22.18726158 28.00000000 10.00000000
v 22.13228416 28.00000000 12.00000000
v 23.00000000 28.00000000 12.49097919
v 22.07700920 28.00000000 25.00000000
v 22.39833641 28.00000000 26.00000000
v 22.38814354 28.00000000 27.00000000
v 22.54838753 28.00000000 28.00000000
v 22.91594505 28.00000000 29.00000000
v 23.00000000 28.00000000 29.13278198
v 23.00000000 28.52182007 8.00000000
v 22.21218872 29.00000000 9.00000000
v 23.00000000 29.00000000 12.58989620
v 22.11813545 29.00000000 25.00000000
v 22.30947113 29.00000000 26.00000000
v 22.52843857 29.00000000 27.00000000
v 22.71135139 29.00000000 28.00000000
v 22.95721245 29.00000000 29.00000000
v 23.00000000 29.00000000 29.09602737
v 22.17957115 30.00000000 9.00000000
v 23.00000000 30.00000000 12.62738419
v 22.40950203 30.00000000 26.00000000
v 22.52248573 30.00000000 27.00000000
v 22.68483734 30.00000000 28.00000000
v 22.99777222 30.00000000 29.00000000
v 23.00000000 30.00000000 29.00530624
v 22.36812210 31.00000000 9.00000000
v 22.19146347 31.00000000 12.00000000
v 23.00000000 30.50676918 13.00000000
v 22.51906586 31.00000000 13.00000000
v 23.00000000 30.77776909 14.00000000
v 22.77326775 31.00000000 14.00000000
v 23.00000000 31.00000000 14.53160286
v 22.11522865 31.00000000 25.00000000
v 22.36020279 31.00000000 26.00000000
v 22.54639816 31.00000000 27.00000000
v 22.71977425 31.00000000 28.00000000
v 23.00000000 31.00000000 28.92260551
v 23.00000000 30.09321976 29.00000000
v 22.46285248 32.00000000 9.00000000
v 22.12904549 32.00000000 10.00000000
v 22.07398224 32.00000000 12.00000000
v 22.39728355 32.00000000 13.00000000
v 22.56442451 32.00000000 14.00000000
v 23.00000000 31.66439819 15.00000000
v 22.92739677 32.00000000 15.00000000
v 23.00000000 32.00000000 15.42608643
v 22.08955383 32.00000000 25.00000000
v 22.47084236 32.00000000 26.00000000
v 22.62186623 32.00000000 27.00000000
v 22.78082085 32.00000000 28.00000000
v 23.00000000 32.00000000 28.80327034
v 22.24117851 33.00000000 8.00000000
v 22.45984840 33.00000000 9.00000000
v 22.14365387 33.00000000 10.00000000
v 22.02084351 33.00000000 11.00000000
v 22.11544609 33.00000000 12.00000000
v 22.21878052 33.00000000 13.00000000
v 22.46871376 33.00000000 14.00000000
v 22.87266922 33.00000000 15.00000000
v 23.00000000 33.00000000 15.80302429
v 22.30201912 33.00000000 25.00000000
v 22.47747803 33.00000000 26.00000000
v 22.66461754 33.00000000 27.00000000
v 22.78920937 33.00000000 28.00000000
v 23.00000000 32.87750626 29.00000000
v 22.99392700 33.00000000 29.00000000
v 23.00000000 33.00000000 29.01976395
v 22.16884232 34.00000000 8.00000000
v 22.46182060 34.00000000 9.00000000
v 22.29077339 34.00000000 10.00000000
v 22.00781250 34.00000000 11.00000000
v 22.12470055 34.00000000 12.00000000
v 22.23295403 34.00000000 13.00000000
v 22.41227913 34.00000000 14.00000000
v 22.73059464 34.00000000 15.00000000
v 23.00000000 33.16667175 16.00000000
v 22.86474800 34.00000000 16.00000000
v 23.00000000 34.00000000 16.72925377
v 22.04082489 34.00000000 24.00000000
v 22.32774925 34.00000000 25.00000000
v 22.50579071 34.00000000 26.00000000
v 22.64235878 34.00000000 27.00000000
v 22.80757904 34.00000000 28.00000000
v 23.00000000 34.00000000 28.67262459
v 23.00000000 33.06665039 29.00000000
v 22.34785080 35.00000000 9.00000000
v 22.24303818 35.00000000 10.00000000
v 22.09275246 35.00000000 11.00000000
v 22.09235573 35.00000000 12.00000000
v 22.37333488 35.00000000 13.00000000
v 22.63672447 35.00000000 14.00000000
v 22.86415863 35.00000000 15.00000000
v 23.00000000 35.00000000 15.80885506
v 23.00000000 34.83859253 16.00000000
v 22.22919655 35.00000000 25.00000000
v 22.42867851 35.00000000 26.00000000
v 22.65034294 35.00000000 27.00000000
v 22.82354355 35.00000000 28.00000000
v 23.00000000 34.93291473 29.00000000
v 22.99357605 35.00000000 29.00000000
v 23.00000000 35.00000000 29.02006531
v 22.03209686 36.00000000 13.00000000
v 22.35134506 36.00000000 14.00000000
v 22.65541267 36.00000000 15.00000000
v 23.00000000 35.13024521 16.00000000
v 22.80897141 36.00000000 16.00000000
v 23.00000000 35.20738602 17.00000000
v 22.77971649 36.00000000 17.00000000
v 23.00000000 35.13993073 18.00000000
v 22.84109688 36.00000000 18.00000000
v 23.00000000 35.70648193 19.00000000
v 22.93539238 36.00000000 19.00000000
v 23.00000000 35.67200470 20.00000000
v 22.88480568 36.00000000 20.00000000
v 23.00000000 36.00000000 20.29877090
v 22.03195763 36.00000000 23.00000000
v 22.05178070 36.00000000 24.00000000
v 22.39109802 36.00000000 25.00000000
v 22.61775780 36.00000000 26.00000000
v 22.79552460 36.00000000 27.00000000
v 22.99014854 36.00000000 28.00000000
v 23.00000000 36.00000000 28.04235268
v 23.00000000 35.03420258 29.00000000
v 23.00000000 36.45798492 1.00000000
v 23.00000000 37.00000000 0.75489140
v 23.00000000 37.00000000 1.83626747
v 22.17407036 37.00000000 14.00000000
v 22.52248955 37.00000000 15.00000000
v 22.59081268 37.00000000 16.00000000
v 22.55398941 37.00000000 17.00000000
v 22.50879669 37.00000000 18.00000000
v 22.61797333 37.00000000 19.00000000
v 22.60966492 37.00000000 20.00000000
v 23.00000000 36.76272964 21.00000000
v 22.88508415 37.00000000 21.00000000
v 23.00000000 37.00000000 21.23948669
v 22.15872574 37.00000000 23.00000000
v 22.41996193 37.00000000 24.00000000
v 22.61477470 37.00000000 25.00000000
v 22.90769196 37.00000000 26.00000000
v 23.00000000 37.00000000 26.36853409
v 23.00000000 36.66792297 27.00000000
v 23.00000000 36.04536819 28.00000000
v 23.00000000 38.00000000 0.59569603
v 23.00000000 37.22033310 2.00000000
v 22.60392189 38.00000000 2.00000000
v 23.00000000 38.00000000 2.20170498
v 22.09709549 38.00000000 14.00000000
v 22.29374123 38.00000000 15.00000000
v 22.44279099 38.00000000 16.00000000
v 22.32967949 38.00000000 17.00000000
v 22.46141624 38.00000000 18.00000000
v 22.42812729 38.00000000 19.00000000
v 22.43928719 38.00000000 20.00000000
v 22.36669922 38.00000000 21.00000000
v 23.00000000 38.00000000 21.56711960
v 22.57065773 38.00000000 23.00000000
v 22.71148872 38.00000000 24.00000000
v 23.00000000 38.00000000 24.82849121
v 23.00000000 37.85069275 25.00000000
v 23.00000000 37.33244324 26.00000000
v 23.00000000 39.00000000 0.51763678
v 22.10566521 39.00000000 2.00000000
v 23.00000000 39.00000000 2.43573594
v 22.12362289 39.00000000 15.00000000
v 22.20487213 39.00000000 16.00000000
v 22.23176193 39.00000000 17.00000000
v 22.44581604 39.00000000 18.00000000
v 22.56529427 39.00000000 19.00000000
v 22.51305389 39.00000000 20.00000000
v 22.09201622 39.00000000 21.00000000
v 23.00000000 38.70782852 22.00000000
v 22.42108917 39.00000000 22.00000000
v 23.00000000 38.89941788 23.00000000
v 23.00000000 38.72578430 24.00000000
v 23.00000000 39.00000000 24.58742523
v 22.88423729 39.00000000 25.00000000
v 23.00000000 38.43824005 25.00000000
v 23.00000000 39.00000000 25.28543091
v 23.00000000 40.00000000 0.60994285
v 22.39414597 40.00000000 2.00000000
v 23.00000000 40.00000000 2.32508874
v 22.12355232 40.00000000 15.00000000
v 22.17389297 40.00000000 16.00000000
v 22.33341789 40.00000000 17.00000000
v 22.46317291 40.00000000 18.00000000
v 22.66227341 40.00000000 19.00000000
v 22.53722382 40.00000000 20.00000000
v 22.28998184 40.00000000 21.00000000
v 23.00000000 39.25545120 25.00000000
v 23.00000000 41.00000000 0.55444628
v 22.54826355 41.00000000 2.00000000
v 23.00000000 41.00000000 2.19134569
v 22.09195328 41.00000000 16.00000000
v 22.29497719 41.00000000 17.00000000
v 22.47533607 41.00000000 18.00000000
v 22.69644737 41.00000000 19.00000000
v 22.48694420 41.00000000 20.00000000
v 22.11943626 41.00000000 21.00000000
v 23.00000000 42.00000000 0.63097489
v 23.00000000 42.00000000 1.74564791
v 23.00000000 41.50180054 2.00000000
v 22.02774429 42.00000000 16.00000000
v 22.26373100 42.00000000 17.00000000
v 22.52043724 42.00000000 18.00000000
v 22.66527939 42.00000000 19.00000000
v 22.64662361 42.00000000 20.00000000
v 22.27527428 42.00000000 21.00000000
v 22.01856232 42.00000000 22.00000000
v 23.00000000 43.00000000 0.44636163
v 23.00000000 43.00000000 1.65007818
v 22.01623344 43.00000000 16.00000000
v 22.33486366 43.00000000 17.00000000
v 22.61272240 43.00000000 18.00000000
v 22.78741646 43.00000000 19.00000000
v 22.61190796 43.00000000 20.00000000
v 22.45905685 43.00000000 21.00000000
v 22.72122002 43.00000000 22.00000000
v 22.75395584 43.00000000 23.00000000
v 23.00000000 44.00000000 0.48796257
v 23.00000000 44.00000000 1.57266271
v 22.05038643 44.00000000 16.00000000
v 22.30237198 44.00000000 17.00000000
v 22.53578758 44.00000000 18.00000000
v 22.74344254 44.00000000 19.00000000
v 22.64281082 44.00000000 20.00000000
v 22.55247688 44.00000000 21.00000000
v 22.92856789 44.00000000 22.00000000
v 23.00000000 44.00000000 22.22490501
v 23.00000000 43.31357574 23.00000000
v 23.00000000 44.00000000 23.65951729
v 23.00000000 44.96610641 1.00000000
v 22.14169502 45.00000000 16.00000000
v 22.41991234 45.00000000 17.00000000
v 22.70040894 45.00000000 18.00000000
v 22.78731155 45.00000000 19.00000000
v 22.71021080 45.00000000 20.00000000
v 22.77979469 45.00000000 21.00000000
v 23.00000000 45.00000000 21.45036697
v 23.00000000 44.13258362 22.00000000
v 23.00000000 44.27003860 24.00000000
v 23.00000000 44.29450607 25.00000000
v 23.00000000 44.15163040 26.00000000
v 23.00000000 44.15582275 27.00000000
v 22.18833733 45.00000000 28.00000000
v 23.00000000 44.26852036 28.00000000
v 22.61443138 45.00000000 29.00000000
v 23.00000000 44.43597412 29.00000000
v 23.00000000 45.00000000 29.83628845
v 22.15873909 46.00000000 17.00000000
v 22.39532471 46.00000000 18.00000000
v 22.55331802 46.00000000 19.00000000
v 22.49795151 46.00000000 20.00000000
v 22.57462120 46.00000000 21.00000000
v 23.00000000 46.00000000 21.81635094
v 22.44591713 46.00000000 29.00000000
v 23.00000000 46.00000000 29.85242653
v 23.00000000 46.14387131 22.00000000
v 22.05683136 47.00000000 22.00000000
v 23.00000000 46.30388641 23.00000000
v 22.11087990 47.00000000 23.00000000
v 23.00000000 46.05747986 24.00000000
v 23.00000000 46.45195770 25.00000000
v 22.10450745 47.00000000 25.00000000
v 23.00000000 46.97861099 26.00000000
v 22.87436104 47.00000000 26.00000000
v 22.29248619 47.00000000 27.00000000
v 23.00000000 47.00000000 26.06957817
v 22.70957756 47.00000000 28.00000000
v 23.00000000 47.00000000 28.33880234
v 23.00000000 46.49689865 29.00000000
v 23.63820648 1.00000000 30.00000000
v 24.00000000 0.84714407 30.00000000
v 24.00000000 1.00000000 29.68449783
v 24.00000000 1.00000000 30.47583771
v 24.00000000 1.03947079 1.00000000
v 24.00000000 2.00000000 0.30467659
v 23.24249458 2.00000000 2.00000000
v 24.00000000 1.29908538 2.00000000
v 24.00000000 2.00000000 2.29783893
v 23.76737595 2.00000000 29.00000000
v 24.00000000 1.64249063 29.00000000
v 24.00000000 2.00000000 28.73938179
v 23.49726677 2.00000000 30.00000000
v 24.00000000 1.39187586 31.00000000
v 23.79288292 2.00000000 31.00000000
v 24.00000000 2.00000000 31.48811722
v 23.89735603 2.00000000 33.00000000
v 24.00000000 1.65133929 33.00000000
v 24.00000000 2.00000000 32.52367783
v 24.00000000 2.00000000 33.72972870
v 24.00000000 3.00000000 0.12032990
v 24.00000000 3.00000000 2.60556388
v 24.00000000 2.98624873 29.00000000
v 24.00000000 2.79103351 30.00000000
v 24.00000000 2.36021352 31.00000000
v 23.93253899 3.00000000 33.00000000
v 24.00000000 3.00000000 32.73866272
v 24.00000000 3.00000000 33.30176163
v 24.00000000 4.00000000 0.10477934
v 24.00000000 4.00000000 2.71056175
v 24.00000000 3.28051472 33.00000000
v 24.00000000 5.00000000 0.14264853
v 24.00000000 5.00000000 2.92637587
v 24.00000000 6.00000000 0.21461305
v 24.00000000 6.00000000 2.85653234
v 23.96076012 6.00000000 33.00000000
v 24.00000000 5.63126945 33.00000000
v 24.00000000 6.00000000 32.84083557
v 24.00000000 6.00000000 33.23212051
v 24.00000000 7.00000000 0.29682121
v 24.00000000 7.00000000 2.66642809
v 23.01767540 7.00000000 22.00000000
v 23.06270981 7.00000000 23.00000000
v 23.02917862 7.00000000 24.00000000
v 23.99097252 7.00000000 33.00000000
v 24.00000000 7.00000000 32.80857849
v 24.00000000 7.00000000 33.12702942
v 24.00000000 8.00000000 0.30803710
v 24.00000000 8.00000000 2.60188365
v 23.10704041 8.00000000 22.00000000
v 23.23020554 8.00000000 23.00000000
v 23.20137024 8.00000000 24.00000000
v 23.12301826 8.00000000 25.00000000
v 23.00498009 8.00000000 26.00000000
v 23.56539726 8.00000000 29.00000000
v 24.00000000 7.33498192 29.00000000
v 24.00000000 8.00000000 28.50170517
v 23.91666985 8.00000000 30.00000000
v 24.00000000 7.47298813 30.00000000
v 23.91772461 8.00000000 31.00000000
v 24.00000000 7.63204241 31.00000000
v 23.92669106 8.00000000 32.00000000
v 24.00000000 7.34731865 32.00000000
v 23.94279480 8.00000000 33.00000000
v 24.00000000 7.79862261 34.00000000
v 23.98558617 8.00000000 34.00000000
v 24.00000000 8.00000000 34.03914261
v 24.00000000 9.00000000 0.41890669
v 24.00000000 9.00000000 2.56819892
v 23.00385475 9.00000000 21.00000000
v 23.31409645 9.00000000 22.00000000
v 23.38994789 9.00000000 23.00000000
v 23.39112663 9.00000000 24.00000000
v 23.39812851 9.00000000 25.00000000
v 23.51293755 9.00000000 26.00000000
v 24.00000000 8.66615772 27.00000000
v 24.00000000 9.00000000 26.75258446
v 24.00000000 9.00000000 27.43295097
v 23.24702263 9.00000000 29.00000000
v 24.00000000 9.00000000 28.24534607
v 23.56324005 9.00000000 30.00000000
v 23.79405022 9.00000000 31.00000000
v 23.85964012 9.00000000 32.00000000
v 23.90002823 9.00000000 33.00000000
v 23.96449471 9.00000000 34.00000000
v 24.00000000 9.00000000 34.09958649
v 24.00000000 10.00000000 0.52089268
v 24.00000000 10.00000000 2.62774944
v 23.05739975 10.00000000 19.00000000
v 23.09620476 10.00000000 20.00000000
v 23.13012314 10.00000000 21.00000000
v 23.25275040 10.00000000 22.00000000
v 23.29294205 10.00000000 23.00000000
v 23.31633377 10.00000000 24.00000000
v 23.35390091 10.00000000 25.00000000
v 23.39799881 10.00000000 26.00000000
v 24.00000000 10.00000000 26.87734222
v 24.00000000 10.00000000 27.34348679
v 23.31211853 10.00000000 29.00000000
v 24.00000000 10.00000000 28.16088486
v 23.61176872 10.00000000 30.00000000
v 23.76255989 10.00000000 31.00000000
v 23.81884956 10.00000000 32.00000000
v 23.88473129 10.00000000 33.00000000
v 23.89860725 10.00000000 34.00000000
v 24.00000000 10.00000000 34.30968857
v 24.00000000 11.00000000 0.48712590
v 24.00000000 11.00000000 2.65786433
v 23.03522110 11.00000000 19.00000000
v 23.11845589 11.00000000 20.00000000
v 23.10338402 11.00000000 21.00000000
v 23.17183495 11.00000000 22.00000000
v 23.11818314 11.00000000 23.00000000
v 23.17093086 11.00000000 24.00000000
v 23.13687134 11.00000000 25.00000000
v 23.21745872 11.00000000 26.00000000
v 24.00000000 10.27408123 27.00000000
v 23.03234100 11.00000000 27.00000000
v 23.54702950 11.00000000 29.00000000
v 24.00000000 11.00000000 28.34372139
v 23.71589661 11.00000000 30.00000000
v 23.81770515 11.00000000 31.00000000
v 23.89663315 11.00000000 32.00000000
v 23.90700531 11.00000000 33.00000000
v 23.99700356 11.00000000 34.00000000
v 24.00000000 11.00000000 34.01218033
v 24.00000000 12.00000000 0.44270542
v 24.00000000 12.00000000 2.65817118
v 23.01525497 12.00000000 16.00000000
v 23.06436539 12.00000000 17.00000000
v 23.04597092 12.00000000 18.00000000
v 23.09009552 12.00000000 19.00000000
v 23.22709465 12.00000000 20.00000000
v 23.17663383 12.00000000 21.00000000
v 23.20422363 12.00000000 22.00000000
v 23.15493393 12.00000000 23.00000000
v 23.28211784 12.00000000 24.00000000
v 23.31234360 12.00000000 25.00000000
v 23.75098610 12.00000000 26.00000000
v 24.00000000 12.00000000 26.26450157
v 24.00000000 11.24677277 27.00000000
v 24.00000000 11.43717861 28.00000000
v 23.06506538 12.00000000 28.00000000
v 23.13626862 12.00000000 29.00000000
v 23.62067223 12.00000000 30.00000000
v 23.78452301 12.00000000 31.00000000
v 23.86439133 12.00000000 32.00000000
v 23.98142433 12.00000000 33.00000000
v 24.00000000 12.00000000 33.62727737
v 24.00000000 11.23119545 34.00000000
v 24.00000000 12.80485535 1.00000000
v 24.00000000 12.74327946 2.00000000
v 23.00731087 13.00000000 15.00000000
v 23.08370399 13.00000000 16.00000000
v 23.05693817 13.00000000 17.00000000
v 23.05357933 13.00000000 19.00000000
v 23.19226265 13.00000000 20.00000000
v 23.24929428 13.00000000 21.00000000
v 23.31822777 13.00000000 22.00000000
v 23.27723885 13.00000000 23.00000000
v 23.42688560 13.00000000 24.00000000
v 23.58015251 13.00000000 25.00000000
v 24.00000000 13.00000000 25.56920052
v 24.00000000 12.31774998 26.00000000
v 23.20798874 13.00000000 29.00000000
v 23.52729225 13.00000000 30.00000000
v 23.80064774 13.00000000 31.00000000
v 23.94762039 13.00000000 32.00000000
v 24.00000000 13.00000000 32.78811646
v 24.00000000 12.57355404 33.00000000
v 23.01846886 14.00000000 15.00000000
v 23.02850723 14.00000000 16.00000000
v 23.01096535 14.00000000 19.00000000
v 23.06542015 14.00000000 20.00000000
v 23.16953087 14.00000000 21.00000000
v 23.41402435 14.00000000 22.00000000
v 23.42782211 14.00000000 23.00000000
v 23.62730217 14.00000000 24.00000000
v 23.98539734 14.00000000 25.00000000
v 24.00000000 14.00000000 25.02144623
v 23.43790436 14.00000000 30.00000000
v 23.71826172 14.00000000 31.00000000
v 23.82154083 14.00000000 32.00000000
v 24.00000000 13.92824554 33.00000000
v 23.99890518 14.00000000 33.00000000
v 24.00000000 14.00000000 33.01071167
v 23.08009529 15.00000000 15.00000000
v 23.16863251 15.00000000 16.00000000
v 23.19026566 15.00000000 17.00000000
v 23.15822601 15.00000000 18.00000000
v 23.29129219 15.00000000 19.00000000
v 23.35220146 15.00000000 20.00000000
v 23.44205284 15.00000000 21.00000000
v 23.68532181 15.00000000 22.00000000
v 23.64580345 15.00000000 23.00000000
v 23.74597740 15.00000000 24.00000000
v 23.77316284 15.00000000 25.00000000
v 24.00000000 15.00000000 25.26152039
v 23.11949348 15.00000000 28.00000000
v 23.24301338 15.00000000 29.00000000
v 23.53662872 15.00000000 30.00000000
v 23.74289703 15.00000000 31.00000000
v 23.90434837 15.00000000 32.00000000
v 24.00000000 15.00000000 32.65169907
v 24.00000000 14.01991081 33.00000000
v 23.25184631 16.00000000 15.00000000
v 23.22966576 16.00000000 16.00000000
v 23.26403809 16.00000000 17.00000000
v 23.21253777 16.00000000 18.00000000
v 23.33044243 16.00000000 19.00000000
v 23.38337898 16.00000000 20.00000000
v 23.47254753 16.00000000 21.00000000
v 23.73735428 16.00000000 22.00000000
v 23.70510292 16.00000000 23.00000000
v 23.82700348 16.00000000 24.00000000
v 24.00000000 16.00000000 24.71696663
v 24.00000000 15.62189198 25.00000000
v 23.09115219 16.00000000 28.00000000
v 23.20684052 16.00000000 29.00000000
v 23.51536751 16.00000000 30.00000000
v 23.69392776 16.00000000 31.00000000
v 23.83617210 16.00000000 32.00000000
v 24.00000000 16.00000000 32.97625351
v 23.39297867 17.00000000 15.00000000
v 23.46483421 17.00000000 16.00000000
v 23.51748657 17.00000000 17.00000000
v 23.47248268 17.00000000 18.00000000
v 23.52803612 17.00000000 19.00000000
v 23.48851013 17.00000000 20.00000000
v 23.50829697 17.00000000 21.00000000
v 23.84119797 17.00000000 22.00000000
v 23.81551933 17.00000000 23.00000000
v 23.99562454 17.00000000 24.00000000
v 24.00000000 17.00000000 24.04199982
v 23.27083588 17.00000000 29.00000000
v 23.56976128 17.00000000 30.00000000
v 23.71233940 17.00000000 31.00000000
v 23.76182938 17.00000000 32.00000000
v 24.00000000 16.03354454 33.00000000
v 23.89238358 17.00000000 33.00000000
v 23.99405861 17.00000000 34.00000000
v 24.00000000 16.94775391 34.00000000
v 24.00000000 17.00000000 34.02248001
v 23.76479721 18.00000000 15.00000000
v 23.80137825 18.00000000 16.00000000
v 23.75756454 18.00000000 17.00000000
v 23.62771606 18.00000000 18.00000000
v 23.75459862 18.00000000 19.00000000
v 23.62552452 18.00000000 20.00000000
v 23.63213348 18.00000000 21.00000000
v 23.97946739 18.00000000 22.00000000
v 23.97390747 18.00000000 23.00000000
v 24.00000000 18.00000000 23.59934425
v 24.00000000 17.18417168 24.00000000
v 23.33656120 18.00000000 29.00000000
v 23.65785408 18.00000000 30.00000000
v 23.80311394 18.00000000 31.00000000
v 23.79686737 18.00000000 32.00000000
v 23.86602020 18.00000000 33.00000000
v 23.96609497 18.00000000 34.00000000
v 24.00000000 18.00000000 34.13790131
v 24.00000000 18.71743965 14.00000000
v 24.00000000 19.00000000 13.15042496
v 24.00000000 18.17878342 15.00000000
v 24.00000000 18.27219772 16.00000000
v 23.47111893 19.00000000 17.00000000
v 24.00000000 19.00000000 16.42624664
v 23.42220497 19.00000000 18.00000000
v 23.53746605 19.00000000 19.00000000
v 23.40117645 19.00000000 20.00000000
v 23.43106079 19.00000000 21.00000000
v 23.64809799 19.00000000 22.00000000
v 23.67152596 19.00000000 23.00000000
v 24.00000000 18.07791901 24.00000000
v 23.75087738 19.00000000 24.00000000
v 24.00000000 19.00000000 24.50660515
v 23.25909042 19.00000000 29.00000000
v 23.61084557 19.00000000 30.00000000
v 23.80052376 19.00000000 31.00000000
v 23.84288025 19.00000000 32.00000000
v 23.97193336 19.00000000 33.00000000
v 24.00000000 19.00000000 33.72295380
v 24.00000000 18.77699852 34.00000000
v 23.28778076 20.00000000 13.00000000
v 24.00000000 19.37391090 13.00000000
v 24.00000000 20.00000000 12.93553066
v 23.96725273 20.00000000 17.00000000
v 24.00000000 20.00000000 16.96771622
v 23.98563004 20.00000000 18.00000000
v 24.00000000 20.00000000 18.10969925
v 24.00000000 19.82428169 19.00000000
v 24.00000000 19.98526382 20.00000000
v 23.81705284 20.00000000 21.00000000
v 24.00000000 20.00000000 20.04877663
v 23.97677422 20.00000000 22.00000000
v 23.89903069 20.00000000 23.00000000
v 24.00000000 20.00000000 23.54112244
v 24.00000000 19.75170898 24.00000000
v 23.28929901 20.00000000 29.00000000
v 23.70306206 20.00000000 30.00000000
v 23.84028053 20.00000000 31.00000000
v 23.87026787 20.00000000 32.00000000
v 23.98293114 20.00000000 33.00000000
v 24.00000000 20.00000000 33.21686554
v 24.00000000 21.00000000 12.50554180
v 24.00000000 20.08018303 17.00000000
v 24.00000000 20.03646278 18.00000000
v 24.00000000 20.76789093 21.00000000
v 23.99145508 21.00000000 22.00000000
v 24.00000000 21.00000000 21.87220955
v 24.00000000 21.00000000 22.06186104
v 24.00000000 20.42513466 23.00000000
v 23.32685280 21.00000000 29.00000000
v 23.83498573 21.00000000 30.00000000
v 24.00000000 21.00000000 30.56124687
v 24.00000000 20.58668327 31.00000000
v 24.00000000 20.51746178 32.00000000
v 24.00000000 20.06426048 33.00000000
v 24.00000000 22.00000000 12.25182819
v 24.00000000 21.05201721 22.00000000
v 23.32345581 22.00000000 29.00000000
v 23.94620132 22.00000000 30.00000000
v 24.00000000 22.00000000 30.15972328
v 23.92618561 23.00000000 1.00000000
v 24.00000000 22.92291832 1.00000000
v 24.00000000 23.00000000 0.96714681
v 24.00000000 23.00000000 1.07283020
v 23.04132080 23.00000000 11.00000000
v 23.91550446 23.00000000 12.00000000
v 24.00000000 23.00000000 12.01769352
v 23.17132950 23.00000000 29.00000000
v 23.82111549 23.00000000 30.00000000
v 24.00000000 23.00000000 30.66533852
v 24.00000000 23.49364090 1.00000000
v 23.24453354 24.00000000 11.00000000
v 24.00000000 24.00000000 11.63374233
v 24.00000000 23.09564400 12.00000000
v 23.97401047 24.00000000 20.00000000
v 24.00000000 24.00000000 19.84742546
v 24.00000000 23.87858391 20.00000000
v 24.00000000 23.67413902 21.00000000
v 23.93914986 24.00000000 21.00000000
v 24.00000000 24.00000000 21.55209541
v 23.22501373 24.00000000 29.00000000
v 23.89991379 24.00000000 30.00000000
v 24.00000000 24.00000000 30.47137070
v 23.64866638 25.00000000 1.00000000
v 24.00000000 24.14935875 1.00000000
v 24.00000000 25.00000000 0.85507870
v 24.00000000 25.00000000 1.61656928
v 24.00000000 24.35599518 12.00000000
v 24.00000000 25.00000000 12.25914001
v 23.85848808 25.00000000 19.00000000
v 24.00000000 25.00000000 18.50928879
v 24.00000000 24.48868561 19.00000000
v 23.69433594 25.00000000 20.00000000
v 23.67912483 25.00000000 21.00000000
v 24.00000000 24.34812737 22.00000000
v 23.92580986 25.00000000 22.00000000
v 24.00000000 25.00000000 22.21093178
v 23.02603340 25.00000000 29.00000000
v 23.77316475 25.00000000 30.00000000
v 24.00000000 24.63230705 31.00000000
v 23.93758965 25.00000000 31.00000000
v 23.96425247 25.00000000 32.00000000
v 24.00000000 24.81269073 32.00000000
v 24.00000000 25.00000000 32.22406006
v 23.38860512 26.00000000 1.00000000
v 24.00000000 26.00000000 0.79089910
v 24.00000000 26.00000000 1.65002847
v 23.10779190 26.00000000 8.00000000
v 23.03869629 26.00000000 9.00000000
v 24.00000000 26.00000000 12.32253170
v 23.97568893 26.00000000 18.00000000
v 24.00000000 26.00000000 17.80684471
v 24.00000000 25.88919449 18.00000000
v 23.69997406 26.00000000 19.00000000
v 23.56461334 26.00000000 20.00000000
v 23.50808907 26.00000000 21.00000000
v 23.79248428 26.00000000 22.00000000
v 24.00000000 26.00000000 22.53213692
v 23.83590126 26.00000000 30.00000000
v 24.00000000 26.00000000 30.96717834
v 24.00000000 25.92616272 31.00000000
v 24.00000000 26.00000000 31.08181381
v 23.95372391 26.00000000 32.00000000
v 24.00000000 26.00000000 32.55109787
v 24.00000000 26.84228325 1.00000000
v 23.52840805 27.00000000 8.00000000
v 24.00000000 27.00000000 12.38684940
v 23.53765106 27.00000000 17.00000000
v 24.00000000 27.00000000 16.57934761
v 24.00000000 26.24555016 17.00000000
v 23.54067421 27.00000000 18.00000000
v 23.51971245 27.00000000 19.00000000
v 23.41277695 27.00000000 20.00000000
v 23.40451241 27.00000000 21.00000000
v 23.69573593 27.00000000 22.00000000
v 24.00000000 26.72032547 23.00000000
v 23.91923332 27.00000000 23.00000000
v 24.00000000 27.00000000 23.30827522
v 23.84465408 27.00000000 30.00000000
v 24.00000000 26.25690842 31.00000000
v 23.98430252 27.00000000 31.00000000
v 23.88462257 27.00000000 32.00000000
v 24.00000000 27.00000000 32.78192902
v 23.88682556 28.00000000 1.00000000
v 24.00000000 27.62857628 1.00000000
v 24.00000000 28.00000000 0.97282356
v 24.00000000 28.00000000 1.04204082
v 23.27805328 28.00000000 8.00000000
v 24.00000000 28.00000000 12.33781910
v 23.48514557 28.00000000 17.00000000
v 24.00000000 28.00000000 16.60424614
v 23.47783852 28.00000000 18.00000000
v 23.49681282 28.00000000 19.00000000
v 23.36581421 28.00000000 20.00000000
v 23.33740616 28.00000000 21.00000000
v 23.57081604 28.00000000 22.00000000
v 23.75470352 28.00000000 23.00000000
v 24.00000000 27.85704422 24.00000000
v 23.96367264 28.00000000 24.00000000
v 24.00000000 28.00000000 24.07292366
v 23.88416672 28.00000000 30.00000000
v 23.86458778 28.00000000 31.00000000
v 23.84691429 28.00000000 32.00000000
v 24.00000000 27.37542152 33.00000000
v 23.95089340 28.00000000 33.00000000
v 24.00000000 28.00000000 33.38822556
v 24.00000000 28.06540108 1.00000000
v 24.00000000 29.00000000 12.39855671
v 23.75883675 29.00000000 17.00000000
v 24.00000000 29.00000000 16.79716492
v 23.53635025 29.00000000 18.00000000
v 23.49007416 29.00000000 19.00000000
v 23.38121223 29.00000000 20.00000000
v 23.34824371 29.00000000 21.00000000
v 23.54696083 29.00000000 22.00000000
v 23.61669350 29.00000000 23.00000000
v 23.78277779 29.00000000 24.00000000
v 24.00000000 29.00000000 24.92176437
v 23.76362419 29.00000000 30.00000000
v 23.99094009 29.00000000 31.00000000
v 23.96463203 29.00000000 32.00000000
v 24.00000000 29.00000000 32.41106796
v 24.00000000 28.51521873 33.00000000
v 24.00000000 30.00000000 12.62948990
v 23.57268524 30.00000000 17.00000000
v 24.00000000 30.00000000 16.56023026
v 23.44727707 30.00000000 18.00000000
v 23.39231300 30.00000000 19.00000000
v 23.30781937 30.00000000 20.00000000
v 23.33494759 30.00000000 21.00000000
v 23.48257637 30.00000000 22.00000000
v 23.57608414 30.00000000 23.00000000
v 23.66711044 30.00000000 24.00000000
v 24.00000000 29.44471359 25.00000000
v 23.94919014 30.00000000 25.00000000
v 24.00000000 30.00000000 25.10645866
v 23.75722122 30.00000000 30.00000000
v 23.81943321 30.00000000 31.00000000
v 23.94364357 30.00000000 32.00000000
v 24.00000000 30.00000000 32.43493271
v 24.00000000 30.34664917 13.00000000
v 24.00000000 30.53334427 14.00000000
v 24.00000000 30.70924187 15.00000000
v 23.38535118 31.00000000 15.00000000
v 24.00000000 30.72170258 16.00000000
v 23.62274933 31.00000000 16.00000000
v 23.49062157 31.00000000 17.00000000
v 23.34205055 31.00000000 18.00000000
v 23.33945656 31.00000000 19.00000000
v 23.30659866 31.00000000 20.00000000
v 23.33592987 31.00000000 21.00000000
v 23.54273033 31.00000000 22.00000000
v 23.64535713 31.00000000 23.00000000
v 23.78718376 31.00000000 24.00000000
v 23.98387718 31.00000000 25.00000000
v 24.00000000 31.00000000 25.02853584
v 23.04663658 31.00000000 29.00000000
v 23.60256958 31.00000000 30.00000000
v 23.74892616 31.00000000 31.00000000
v 23.83822823 31.00000000 32.00000000
v 24.00000000 30.55726433 33.00000000
v 23.94658279 31.00000000 33.00000000
v 24.00000000 31.00000000 33.45383453
v 23.17408943 32.00000000 16.00000000
v 23.26715088 32.00000000 17.00000000
v 23.18511963 32.00000000 18.00000000
v 23.17070389 32.00000000 19.00000000
v 23.14509010 32.00000000 20.00000000
v 23.22207069 32.00000000 21.00000000
v 23.40008163 32.00000000 22.00000000
v 23.58255959 32.00000000 23.00000000
v 23.78127098 32.00000000 24.00000000
v 24.00000000 32.00000000 24.76300812
v 24.00000000 31.12289810 25.00000000
v 23.08279800 32.00000000 29.00000000
v 23.67438698 32.00000000 30.00000000
v 23.72544289 32.00000000 31.00000000
v 23.89690781 32.00000000 32.00000000
v 24.00000000 32.00000000 32.86438370
v 24.00000000 31.76903343 33.00000000
v 23.03979683 33.00000000 16.00000000
v 23.19101143 33.00000000 17.00000000
v 23.09562111 33.00000000 18.00000000
v 23.15075684 33.00000000 19.00000000
v 23.12534714 33.00000000 20.00000000
v 23.19904900 33.00000000 21.00000000
v 23.43938446 33.00000000 22.00000000
v 23.54909515 33.00000000 23.00000000
v 23.72287941 33.00000000 24.00000000
v 24.00000000 32.30075455 25.00000000
v 23.78191566 33.00000000 25.00000000
v 24.00000000 33.00000000 25.45733452
v 23.56492996 33.00000000 30.00000000
v 23.81516647 33.00000000 31.00000000
v 23.99002075 33.00000000 32.00000000
v 24.00000000 32.60568619 33.00000000
v 23.98813057 33.00000000 33.00000000
v 23.97820473 33.00000000 34.00000000
v 24.00000000 32.85054398 34.00000000
v 24.00000000 33.00000000 34.05230713
v 23.05043793 34.00000000 17.00000000
v 23.02855301 34.00000000 18.00000000
v 23.06375313 34.00000000 19.00000000
v 23.05919647 34.00000000 20.00000000
v 23.14710426 34.00000000 21.00000000
v 23.36468315 34.00000000 22.00000000
v 23.48612213 34.00000000 23.00000000
v 23.59391403 34.00000000 24.00000000
v 23.71820259 34.00000000 25.00000000
v 24.00000000 34.00000000 25.83509064
v 23.21158981 34.00000000 29.00000000
v 23.79462433 34.00000000 30.00000000
v 23.97986412 34.00000000 31.00000000
v 24.00000000 34.00000000 31.56734848
v 24.00000000 33.45570755 32.00000000
v 24.00000000 33.28422546 33.00000000
v 24.00000000 34.00000000 33.30469894
v 23.94049072 34.00000000 34.00000000
v 24.00000000 34.00000000 34.16156006
v 23.02484703 35.00000000 16.00000000
v 23.03853607 35.00000000 17.00000000
v 23.01563835 35.00000000 18.00000000
v 23.06218910 35.00000000 19.00000000
v 23.08794212 35.00000000 20.00000000
v 23.17189217 35.00000000 21.00000000
v 23.40760803 35.00000000 22.00000000
v 23.50693130 35.00000000 23.00000000
v 23.66395569 35.00000000 24.00000000
v 23.78590393 35.00000000 25.00000000
v 24.00000000 35.00000000 25.53614998
v 23.77419472 35.00000000 30.00000000
v 24.00000000 35.00000000 30.55598259
v 24.00000000 34.15509796 31.00000000
v 24.00000000 34.62602997 34.00000000
v 23.87633705 36.00000000 1.00000000
v 24.00000000 35.41481018 1.00000000
v 24.00000000 36.00000000 0.96850646
v 24.00000000 36.00000000 1.09199727
v 23.10038948 36.00000000 21.00000000
v 23.27679825 36.00000000 22.00000000
v 23.41426468 36.00000000 23.00000000
v 23.53653526 36.00000000 24.00000000
v 23.66510582 36.00000000 25.00000000
v 24.00000000 35.52519608 26.00000000
v 23.73871994 36.00000000 26.00000000
v 24.00000000 35.78506851 27.00000000
v 23.74845314 36.00000000 27.00000000
v 24.00000000 36.00000000 27.72056198
v 23.71069145 36.00000000 29.00000000
v 24.00000000 36.00000000 29.48284340
v 24.00000000 35.53638077 30.00000000
v 24.00000000 37.00000000 0.58671355
v 23.20067215 37.00000000 2.00000000
v 24.00000000 36.60143661 2.00000000
v 24.00000000 37.00000000 2.22977662
v 23.12092781 37.00000000 22.00000000
v 23.23889351 37.00000000 23.00000000
v 23.32870674 37.00000000 24.00000000
v 23.33236122 37.00000000 25.00000000
v 23.18926430 37.00000000 26.00000000
v 24.00000000 36.11545563 28.00000000
v 24.00000000 36.21532822 29.00000000
v 24.00000000 38.00000000 0.50607038
v 24.00000000 38.00000000 2.41881871
v 23.14223671 38.00000000 22.00000000
v 23.17557144 38.00000000 23.00000000
v 23.16267586 38.00000000 24.00000000
v 24.00000000 39.00000000 0.47344533
v 24.00000000 39.00000000 2.54231167
v 23.07006645 39.00000000 25.00000000
v 24.00000000 40.00000000 0.54348528
v 24.00000000 40.00000000 2.52097654
v 24.00000000 41.00000000 0.42869279
v 24.00000000 41.00000000 2.39961267
v 24.00000000 42.00000000 0.42352965
v 23.42026711 42.00000000 2.00000000
v 24.00000000 42.00000000 2.27139854
v 24.00000000 43.00000000 0.25023562
v 23.64688301 43.00000000 2.00000000
v 24.00000000 43.00000000 2.16172791
v 24.00000000 44.00000000 0.25114861
v 23.99496651 44.00000000 2.00000000
v 24.00000000 44.00000000 2.00211787
v 23.09429169 44.00000000 23.00000000
v 23.04803658 45.00000000 1.00000000
v 24.00000000 45.00000000 0.32172734
v 24.00000000 45.00000000 1.47386432
v 24.00000000 44.00486374 2.00000000
v 23.14616776 45.00000000 22.00000000
v 23.20354652 45.00000000 23.00000000
v 23.17044067 45.00000000 24.00000000
v 23.26266098 45.00000000 25.00000000
v 23.48508835 45.00000000 26.00000000
v 23.69974709 45.00000000 27.00000000
v 23.90254784 45.00000000 28.00000000
v 23.91392708 45.00000000 29.00000000
v 23.95537186 45.00000000 33.00000000
v 24.00000000 44.87134933 33.00000000
v 24.00000000 45.00000000 32.51660538
v 24.00000000 45.00000000 33.42404556
v 24.00000000 45.50160217 1.00000000
v 23.04565048 46.00000000 22.00000000
v 23.16938400 46.00000000 23.00000000
v 23.02683640 46.00000000 24.00000000
v 23.23831749 46.00000000 25.00000000
v 23.51787758 46.00000000 26.00000000
v 23.80857277 46.00000000 27.00000000
v 23.98941803 46.00000000 28.00000000
v 23.79018974 46.00000000 29.00000000
v 23.93435478 46.00000000 33.00000000
v 24.00000000 46.00000000 32.73749542
v 24.00000000 45.35080719 34.00000000
v 23.89224243 46.00000000 34.00000000
v 24.00000000 46.00000000 34.25549316
v 23.24834442 47.00000000 27.00000000
v 23.30130577 47.00000000 28.00000000
v 24.00000000 46.06886673 33.00000000
v 24.00000000 46.16084290 34.00000000
v 24.06882858 1.00000000 30.00000000
v 25.00000000 1.10653985 1.00000000
v 25.00000000 2.00000000 0.47349209
v 25.00000000 1.42356181 2.00000000
v 25.00000000 2.00000000 2.34712005
v 24.08387566 2.00000000 29.00000000
v 24.18364716 2.00000000 30.00000000
v 24.11931419 2.00000000 31.00000000
v 24.25633812 2.00000000 33.00000000
v 25.00000000 3.00000000 0.16567805
v 25.00000000 3.00000000 2.83900476
v 24.14314842 3.00000000 33.00000000
v 25.00000000 4.00000000 0.09330688
v 25.00000000 3.76062799 3.00000000
v 24.85087013 4.00000000 3.00000000
v 25.00000000 4.00000000 3.05149412
v 25.00000000 5.00000000 0.10526557
v 24.36142159 5.00000000 3.00000000
v 25.00000000 5.00000000 3.11483312
v 25.00000000 6.00000000 0.15996687
v 25.00000000 6.00000000 2.91536927
v 25.00000000 5.58199978 3.00000000
v 24.16696739 6.00000000 33.00000000
v 25.00000000 7.00000000 0.24728173
v 25.00000000 7.00000000 2.49530673
v 24.05540657 7.00000000 33.00000000
v 25.00000000 6.95443726 34.00000000
v 25.00000000 7.00000000 33.97005081
v 24.92885399 7.00000000 34.00000000
v 25.00000000 7.00000000 34.02753067
v 25.00000000 8.00000000 0.26502395
v 25.00000000 8.00000000 2.41958928
v 24.13757324 8.00000000 29.00000000
v 24.05315971 8.00000000 30.00000000
v 24.09828186 8.00000000 31.00000000
v 24.16526985 8.00000000 32.00000000
v 24.30117416 8.00000000 33.00000000
v 25.00000000 8.00000000 33.75472641
v 25.00000000 8.00000000 34.18719482
v 25.00000000 9.00000000 0.35885531
v 25.00000000 9.00000000 2.31972623
v 24.04415703 9.00000000 27.00000000
v 24.22951889 9.00000000 29.00000000
v 24.31896782 9.00000000 30.00000000
v 24.28325844 9.00000000 31.00000000
v 24.35660744 9.00000000 32.00000000
v 24.94299126 9.00000000 33.00000000
v 25.00000000 9.00000000 33.05139923
v 25.00000000 9.00000000 34.49161148
v 25.00000000 10.00000000 0.51725054
v 25.00000000 10.00000000 2.31819034
v 24.02494240 10.00000000 27.00000000
v 24.29913139 10.00000000 29.00000000
v 24.36422539 10.00000000 30.00000000
v 24.36452675 10.00000000 31.00000000
v 24.58823013 10.00000000 32.00000000
v 25.00000000 10.00000000 32.74316025
v 25.00000000 9.11837959 33.00000000
v 25.00000000 10.00000000 34.55711746
v 25.00000000 11.00000000 0.45201460
v 25.00000000 11.00000000 2.35722494
v 24.24668694 11.00000000 29.00000000
v 24.31435394 11.00000000 30.00000000
v 24.32091522 11.00000000 31.00000000
v 24.30403519 11.00000000 32.00000000
v 25.00000000 10.35586929 33.00000000
v 24.54852676 11.00000000 33.00000000
v 25.00000000 11.00000000 33.91422653
v 25.00000000 11.00000000 34.04158020
v 25.00000000 12.00000000 0.43056071
v 25.00000000 12.00000000 2.39342523
v 24.20554733 12.00000000 27.00000000
v 24.16397095 12.00000000 28.00000000
v 24.46904373 12.00000000 29.00000000
v 24.40111923 12.00000000 30.00000000
v 24.34650230 12.00000000 31.00000000
v 24.38858604 12.00000000 32.00000000
v 24.11116028 12.00000000 33.00000000
v 25.00000000 11.24796486 34.00000000
v 25.00000000 12.82589912 1.00000000
v 25.00000000 12.68720150 2.00000000
v 24.16967201 13.00000000 26.00000000
v 24.35742760 13.00000000 27.00000000
v 24.44911575 13.00000000 28.00000000
v 24.57942200 13.00000000 29.00000000
v 24.59519958 13.00000000 30.00000000
v 24.37707520 13.00000000 31.00000000
v 24.18031883 13.00000000 32.00000000
v 24.25357628 14.00000000 26.00000000
v 24.53686142 14.00000000 27.00000000
v 24.59001160 14.00000000 28.00000000
v 24.73539162 14.00000000 29.00000000
v 24.78196335 14.00000000 30.00000000
v 24.54805756 14.00000000 31.00000000
v 24.67107010 14.00000000 32.00000000
v 24.01104927 14.00000000 33.00000000
v 24.28778267 15.00000000 26.00000000
v 24.48503876 15.00000000 27.00000000
v 24.53373528 15.00000000 28.00000000
v 24.66011620 15.00000000 29.00000000
v 24.71391296 15.00000000 30.00000000
v 24.61639595 15.00000000 31.00000000
v 24.50071144 15.00000000 32.00000000
v 24.07254410 16.00000000 25.00000000
v 24.26413345 16.00000000 26.00000000
v 24.53433037 16.00000000 27.00000000
v 24.66471291 16.00000000 28.00000000
v 24.74586868 16.00000000 29.00000000
v 24.87980080 16.00000000 30.00000000
v 24.83580208 16.00000000 31.00000000
v 25.00000000 16.00000000 31.81203270
v 25.00000000 15.89129257 32.00000000
v 25.00000000 16.00000000 32.33995819
v 24.97567749 16.00000000 34.00000000
v 25.00000000 15.93896770 34.00000000
v 25.00000000 16.00000000 33.88115692
v 25.00000000 16.00000000 34.01501465
v 24.76451302 17.00000000 13.00000000
v 25.00000000 16.73930168 13.00000000
v 25.00000000 17.00000000 12.37908363
v 25.00000000 17.00000000 13.34510231
v 24.12295151 17.00000000 25.00000000
v 24.62164497 17.00000000 26.00000000
v 24.92474174 17.00000000 27.00000000
v 24.99871063 17.00000000 28.00000000
v 24.85884857 17.00000000 29.00000000
v 24.91270065 17.00000000 30.00000000
v 24.93456268 17.00000000 31.00000000
v 25.00000000 17.00000000 31.07991409
v 25.00000000 16.10255241 33.00000000
v 25.00000000 17.00000000 34.78046036
v 24.58726883 18.00000000 13.00000000
v 25.00000000 18.00000000 12.36509132
v 25.00000000 17.88339806 14.00000000
v 24.90933418 18.00000000 14.00000000
v 25.00000000 18.00000000 14.21916866
v 24.02239609 18.00000000 24.00000000
v 24.38395882 18.00000000 25.00000000
v 24.80292892 18.00000000 26.00000000
v 25.00000000 18.00000000 26.51203537
v 25.00000000 17.28830147 27.00000000
v 25.00000000 17.00775146 28.00000000
v 24.95883179 18.00000000 29.00000000
v 25.00000000 18.00000000 28.79748726
v 24.82227707 18.00000000 30.00000000
v 25.00000000 18.00000000 30.84344673
v 25.00000000 17.58455086 31.00000000
v 25.00000000 17.77451897 35.00000000
v 24.93706512 18.00000000 35.00000000
v 25.00000000 18.00000000 35.13302994
v 25.00000000 18.76681900 13.00000000
v 24.71559525 19.00000000 14.00000000
v 25.00000000 18.38911819 14.00000000
v 25.00000000 19.00000000 14.42060184
v 25.00000000 18.62227058 15.00000000
v 24.44329071 19.00000000 16.00000000
v 25.00000000 19.00000000 15.21410561
v 24.42532539 19.00000000 25.00000000
v 25.00000000 19.00000000 25.65887451
v 25.00000000 18.55575943 26.00000000
v 24.99544907 19.00000000 29.00000000
v 25.00000000 19.00000000 28.98449898
v 24.97909355 19.00000000 30.00000000
v 25.00000000 18.17355537 31.00000000
v 24.75705528 19.00000000 31.00000000
v 25.00000000 19.00000000 31.31094170
v 24.03822136 19.00000000 34.00000000
v 24.80690575 19.00000000 35.00000000
v 25.00000000 19.00000000 35.53608322
v 25.00000000 19.96694183 13.00000000
v 25.00000000 20.00000000 12.99508572
v 25.00000000 19.34778786 14.00000000
v 24.94535828 20.00000000 16.00000000
v 25.00000000 20.00000000 15.91236687
v 24.07575798 20.00000000 18.00000000
v 25.00000000 19.78367805 18.00000000
v 25.00000000 20.00000000 17.14786530
v 25.00000000 19.75027084 19.00000000
v 24.03582191 20.00000000 20.00000000
v 25.00000000 20.00000000 19.41478539
v 24.23954201 20.00000000 24.00000000
v 25.00000000 20.00000000 24.68505478
v 25.00000000 19.73187828 25.00000000
v 25.00000000 19.05032158 29.00000000
v 24.77553940 20.00000000 30.00000000
v 25.00000000 20.00000000 29.39104080
v 24.61676788 20.00000000 31.00000000
v 25.00000000 20.00000000 31.77840805
v 24.28666687 20.00000000 34.00000000
v 25.00000000 20.00000000 34.91654205
v 25.00000000 19.78433800 35.00000000
v 24.91595840 21.00000000 2.00000000
v 25.00000000 20.78412247 2.00000000
v 25.00000000 21.00000000 1.68968868
v 25.00000000 21.00000000 2.05085754
v 25.00000000 20.02268791 13.00000000
v 24.77008629 21.00000000 13.00000000
v 25.00000000 21.00000000 13.46520996
v 25.00000000 20.22832108 16.00000000
v 25.00000000 20.08526230 17.00000000
v 25.00000000 20.86608887 20.00000000
v 24.10997009 21.00000000 21.00000000
v 25.00000000 21.00000000 20.08023262
v 24.52406883 21.00000000 23.00000000
v 25.00000000 21.00000000 23.51446724
v 25.00000000 20.69906425 24.00000000
v 24.61377907 21.00000000 30.00000000
v 25.00000000 21.00000000 29.48863983
v 25.00000000 20.17145729 32.00000000
v 25.00000000 20.85788155 33.00000000
v 24.81628609 21.00000000 34.00000000
v 25.00000000 21.00000000 33.32137680
v 25.00000000 21.00000000 34.35322952
v 24.65440941 22.00000000 2.00000000
v 25.00000000 22.00000000 1.33315885
v 25.00000000 22.00000000 2.23291683
v 24.90973282 22.00000000 13.00000000
v 25.00000000 22.00000000 13.25470924
v 24.35522079 22.00000000 21.00000000
v 25.00000000 22.00000000 20.47662163
v 24.38710976 22.00000000 22.00000000
v 25.00000000 22.00000000 22.71914101
v 25.00000000 21.54998970 23.00000000
v 24.20368576 22.00000000 30.00000000
v 25.00000000 22.00000000 29.38957024
v 24.92303848 22.00000000 33.00000000
v 25.00000000 21.52420044 33.00000000
v 25.00000000 22.00000000 32.73360443
v 24.93910980 22.00000000 34.00000000
v 25.00000000 22.00000000 34.13339615
v 25.00000000 22.89015961 1.00000000
v 25.00000000 23.00000000 0.98521739
v 24.45986176 23.00000000 2.00000000
v 25.00000000 23.00000000 2.41584492
v 25.00000000 22.45228386 13.00000000
v 25.00000000 23.00000000 12.93779373
v 24.29518700 23.00000000 21.00000000
v 25.00000000 23.00000000 20.31054878
v 24.47937965 23.00000000 22.00000000
v 25.00000000 23.00000000 22.52907753
v 24.51149559 23.00000000 30.00000000
v 25.00000000 23.00000000 29.44990730
v 25.00000000 22.40213776 33.00000000
v 25.00000000 22.90954208 34.00000000
v 24.79779625 24.00000000 1.00000000
v 25.00000000 24.00000000 0.99311882
v 24.35152245 24.00000000 2.00000000
v 25.00000000 24.00000000 2.58313131
v 24.95246315 24.00000000 7.00000000
v 25.00000000 23.73633194 7.00000000
v 25.00000000 24.00000000 6.87021923
v 25.00000000 24.00000000 7.46984291
v 24.11306953 24.00000000 12.00000000
v 25.00000000 24.00000000 12.95718956
v 24.85544395 24.00000000 18.00000000
v 25.00000000 24.00000000 17.73190689
v 25.00000000 23.59433556 18.00000000
v 25.00000000 23.81095123 19.00000000
v 24.79888916 24.00000000 19.00000000
v 25.00000000 23.35009384 20.00000000
v 24.11166000 24.00000000 22.00000000
v 25.00000000 24.00000000 22.71188927
v 24.34977150 24.00000000 30.00000000
v 25.00000000 24.00000000 29.34298706
v 25.00000000 25.00000000 0.80094743
v 24.13801384 25.00000000 2.00000000
v 25.00000000 25.00000000 2.81746411
v 24.75039864 25.00000000 7.00000000
v 25.00000000 25.00000000 6.33503532
v 25.00000000 24.29531670 8.00000000
v 24.76742363 25.00000000 8.00000000
v 25.00000000 25.00000000 8.15149307
v 25.00000000 25.00000000 12.66314030
v 24.79787064 25.00000000 16.00000000
v 25.00000000 25.00000000 15.61390114
v 25.00000000 24.47402954 16.00000000
v 25.00000000 24.82525444 17.00000000
v 24.88387680 25.00000000 17.00000000
v 24.87068939 25.00000000 18.00000000
v 25.00000000 24.87000847 23.00000000
v 24.93573380 25.00000000 23.00000000
v 25.00000000 25.00000000 23.06874657
v 24.54417992 25.00000000 30.00000000
v 25.00000000 25.00000000 29.25182533
v 24.32029343 25.00000000 31.00000000
v 25.00000000 25.00000000 31.87611008
v 25.00000000 24.89987373 32.00000000
v 24.78597641 25.00000000 33.00000000
v 25.00000000 24.39327812 33.00000000
v 25.00000000 25.00000000 33.71457672
v 25.00000000 26.00000000 0.76883548
v 24.17803001 26.00000000 2.00000000
v 25.00000000 26.00000000 2.78397155
v 24.93337440 26.00000000 6.00000000
v 25.00000000 25.62263298 6.00000000
v 25.00000000 26.00000000 5.80917597
v 24.68630600 26.00000000 7.00000000
v 24.59743118 26.00000000 8.00000000
v 25.00000000 26.00000000 8.30119610
v 25.00000000 26.00000000 12.53536320
v 24.72113419 26.00000000 16.00000000
v 25.00000000 26.00000000 15.71860790
v 24.42010498 26.00000000 17.00000000
v 24.45615959 26.00000000 23.00000000
v 25.00000000 26.00000000 23.75944901
v 24.87329483 26.00000000 29.00000000
v 25.00000000 26.00000000 28.76415825
v 25.00000000 25.37851143 29.00000000
v 24.33054924 26.00000000 30.00000000
v 25.00000000 26.00000000 31.65353584
v 24.21303177 26.00000000 33.00000000
v 25.00000000 26.00000000 33.95998764
v 24.28130150 27.00000000 1.00000000
v 25.00000000 27.00000000 0.89279026
v 24.73007393 27.00000000 2.00000000
v 25.00000000 27.00000000 2.32243538
v 24.95151901 27.00000000 5.00000000
v 25.00000000 26.88137054 5.00000000
v 25.00000000 27.00000000 4.89126110
v 24.58186722 27.00000000 6.00000000
v 24.43234634 27.00000000 7.00000000
v 24.57800865 27.00000000 8.00000000
v 25.00000000 27.00000000 8.51640320
v 24.74524117 27.00000000 12.00000000
v 25.00000000 26.81302643 12.00000000
v 25.00000000 27.00000000 11.42366219
v 24.99004745 27.00000000 16.00000000
v 25.00000000 27.00000000 15.99491882
v 25.00000000 26.45346260 24.00000000
v 24.65684700 27.00000000 24.00000000
v 25.00000000 27.00000000 24.27441025
v 24.78907585 27.00000000 29.00000000
v 25.00000000 27.00000000 28.46993065
v 24.22404861 27.00000000 30.00000000
v 24.08778191 27.00000000 31.00000000
v 25.00000000 27.00000000 31.83618546
v 24.30008698 27.00000000 33.00000000
v 25.00000000 26.19537163 34.00000000
v 24.88650322 27.00000000 34.00000000
v 25.00000000 27.00000000 34.41833115
v 24.99875641 27.00000000 36.00000000
v 25.00000000 26.99138641 36.00000000
v 25.00000000 27.00000000 35.96976471
v 24.99681282 27.00000000 37.00000000
v 25.00000000 26.97314835 37.00000000
v 25.00000000 27.00000000 37.06537247
v 25.00000000 28.00000000 0.81433535
v 24.78410149 28.00000000 2.00000000
v 25.00000000 28.00000000 2.27317619
v 24.78075600 28.00000000 5.00000000
v 25.00000000 28.00000000 4.63266420
v 24.44871140 28.00000000 6.00000000
v 24.32551956 28.00000000 7.00000000
v 24.40570641 28.00000000 8.00000000
v 25.00000000 27.58073997 9.00000000
v 24.89447784 28.00000000 9.00000000
v 24.99474716 28.00000000 10.00000000
v 25.00000000 27.98405647 10.00000000
v 24.81238937 28.00000000 11.00000000
v 25.00000000 27.35262489 11.00000000
v 24.45970345 28.00000000 12.00000000
v 25.00000000 27.23123360 16.00000000
v 25.00000000 28.00000000 16.11698723
v 25.00000000 27.61824989 25.00000000
v 24.71314621 28.00000000 25.00000000
v 25.00000000 28.00000000 25.78355026
v 24.76528358 28.00000000 29.00000000
v 25.00000000 28.00000000 28.37358093
v 24.22249985 28.00000000 30.00000000
v 24.46240044 28.00000000 31.00000000
v 25.00000000 28.00000000 31.54417038
v 24.48448372 28.00000000 34.00000000
v 25.00000000 28.00000000 34.70152664
v 24.97075844 28.00000000 36.00000000
v 25.00000000 28.00000000 35.63146973
v 24.99996948 28.00000000 37.00000000
v 25.00000000 28.00000000 37.00098419
v 24.93371201 29.00000000 1.00000000
v 25.00000000 29.00000000 0.97937191
v 24.85292625 29.00000000 2.00000000
v 25.00000000 29.00000000 2.24410152
v 24.50769997 29.00000000 5.00000000
v 25.00000000 29.00000000 4.49129534
v 24.21281433 29.00000000 6.00000000
v 24.23840523 29.00000000 7.00000000
v 24.35638618 29.00000000 8.00000000
v 24.61789322 29.00000000 9.00000000
v 24.75753784 29.00000000 10.00000000
v 24.68438339 29.00000000 11.00000000
v 24.44390297 29.00000000 12.00000000
v 25.00000000 29.00000000 16.27887344
v 24.05497169 29.00000000 25.00000000
v 25.00000000 28.27775192 26.00000000
v 24.74021721 29.00000000 26.00000000
v 25.00000000 29.00000000 26.76589203
v 24.90701485 29.00000000 28.00000000
v 25.00000000 29.00000000 27.38987350
v 25.00000000 28.68560028 28.00000000
v 24.73854256 29.00000000 29.00000000
v 24.42238808 29.00000000 30.00000000
v 24.03893471 29.00000000 31.00000000
v 25.00000000 28.72525406 32.00000000
v 24.46684265 29.00000000 32.00000000
v 25.00000000 29.00000000 32.54948044
v 24.60474968 29.00000000 33.00000000
v 24.83165932 29.00000000 34.00000000
v 25.00000000 28.81895065 35.00000000
v 24.98524094 29.00000000 35.00000000
v 24.94642830 29.00000000 36.00000000
v 25.00000000 29.00000000 36.33147812
v 25.00000000 28.00039101 37.00000000
v 25.00000000 29.17960930 1.00000000
v 25.00000000 30.00000000 1.63456285
v 24.92183495 30.00000000 2.00000000
v 25.00000000 30.00000000 2.15935755
v 24.82260323 30.00000000 5.00000000
v 25.00000000 30.00000000 4.81080008
v 24.46445656 30.00000000 6.00000000
v 24.47871971 30.00000000 7.00000000
v 24.60912323 30.00000000 8.00000000
v 24.81931877 30.00000000 9.00000000
v 24.86847115 30.00000000 10.00000000
v 24.82710266 30.00000000 11.00000000
v 24.68456268 30.00000000 12.00000000
v 24.62706757 30.00000000 16.00000000
v 25.00000000 30.00000000 15.52323246
v 25.00000000 29.26268959 16.00000000
v 24.47282410 30.00000000 26.00000000
v 25.00000000 29.82067299 27.00000000
v 24.98475647 30.00000000 27.00000000
v 24.89913177 30.00000000 28.00000000
v 24.85499001 30.00000000 29.00000000
v 24.55313110 30.00000000 30.00000000
v 24.66168594 30.00000000 31.00000000
v 25.00000000 30.00000000 31.90639877
v 25.00000000 29.84173012 32.00000000
v 24.41151619 30.00000000 33.00000000
v 24.76712418 30.00000000 34.00000000
v 24.99517822 30.00000000 35.00000000
v 24.93474579 30.00000000 36.00000000
v 25.00000000 30.00000000 36.33736420
v 25.00000000 30.61569023 2.00000000
v 25.00000000 30.11310577 5.00000000
v 25.00000000 30.53620148 6.00000000
v 25.00000000 30.87203979 7.00000000
v 25.00000000 31.00000000 7.92100573
v 24.98725510 31.00000000 8.00000000
v 25.00000000 31.00000000 8.11968136
v 25.00000000 30.76731110 9.00000000
v 25.00000000 30.35803032 10.00000000
v 25.00000000 30.55971146 11.00000000
v 25.00000000 30.80203247 12.00000000
v 25.00000000 30.96006775 13.00000000
v 25.00000000 30.74935722 14.00000000
v 25.00000000 30.36249352 15.00000000
v 24.60599136 31.00000000 26.00000000
v 24.95362854 31.00000000 27.00000000
v 24.99855232 31.00000000 28.00000000
v 24.90479660 31.00000000 29.00000000
v 24.78211975 31.00000000 30.00000000
v 24.84776688 31.00000000 31.00000000
v 25.00000000 31.00000000 31.35387421
v 24.27586937 31.00000000 34.00000000
v 25.00000000 31.00000000 34.89180374
v 25.00000000 30.09867287 35.00000000
v 25.00000000 31.00000000 35.46210480
v 24.96213531 31.00000000 36.00000000
v 25.00000000 31.00000000 36.10800934
v 25.00000000 31.02011871 8.00000000
v 24.07934380 32.00000000 25.00000000
v 24.30711174 32.00000000 26.00000000
v 24.63458443 32.00000000 27.00000000
v 24.69634247 32.00000000 28.00000000
v 24.72927094 32.00000000 29.00000000
v 24.49098778 32.00000000 30.00000000
v 24.62867737 32.00000000 31.00000000
v 25.00000000 31.46145439 32.00000000
v 24.56349564 32.00000000 32.00000000
v 24.29187012 32.00000000 33.00000000
v 25.00000000 32.00000000 32.67050934
v 24.68050194 32.00000000 34.00000000
v 25.00000000 32.00000000 34.36864471
v 25.00000000 31.21304131 36.00000000
v 24.20541763 33.00000000 26.00000000
v 24.42303658 33.00000000 27.00000000
v 24.51273537 33.00000000 28.00000000
v 24.64398384 33.00000000 29.00000000
v 24.49036598 33.00000000 30.00000000
v 24.42396545 33.00000000 31.00000000
v 24.07590294 33.00000000 32.00000000
v 25.00000000 33.00000000 32.58010483
v 25.00000000 33.00000000 34.96962738
v 24.03657341 34.00000000 26.00000000
v 24.14834404 34.00000000 27.00000000
v 24.29668808 34.00000000 28.00000000
v 24.43345451 34.00000000 29.00000000
v 24.24126625 34.00000000 30.00000000
v 24.03749084 34.00000000 31.00000000
v 25.00000000 33.73580933 33.00000000
v 25.00000000 34.00000000 33.13456726
v 25.00000000 34.00000000 34.77456284
v 24.12543297 35.00000000 1.00000000
v 25.00000000 34.11328506 1.00000000
v 25.00000000 35.00000000 0.83736968
v 25.00000000 35.00000000 1.59974980
v 24.12097931 35.00000000 26.00000000
v 24.21347237 35.00000000 27.00000000
v 24.23463821 35.00000000 28.00000000
v 24.34232712 35.00000000 29.00000000
v 24.19164085 35.00000000 30.00000000
v 24.65649223 35.00000000 34.00000000
v 25.00000000 35.00000000 33.92239761
v 25.00000000 35.00000000 34.23331833
v 25.00000000 36.00000000 0.87720144
v 25.00000000 36.00000000 1.26828325
v 24.02629280 36.00000000 28.00000000
v 24.09256172 36.00000000 29.00000000
v 25.00000000 35.33772659 34.00000000
v 25.00000000 37.00000000 0.61954868
v 24.75359344 37.00000000 2.00000000
v 25.00000000 37.00000000 1.85279548
v 25.00000000 38.00000000 0.58109784
v 25.00000000 37.21884537 2.00000000
v 25.00000000 38.00000000 2.22651052
v 25.00000000 39.00000000 0.49828169
v 25.00000000 39.00000000 2.42638445
v 25.00000000 40.00000000 0.52561939
v 25.00000000 40.00000000 2.43628526
v 25.00000000 41.00000000 0.39240047
v 25.00000000 41.00000000 2.40504622
v 25.00000000 42.00000000 0.29817304
v 25.00000000 42.00000000 2.36078691
v 25.00000000 43.00000000 0.13660814
v 25.00000000 43.00000000 2.39768505
v 25.00000000 44.00000000 0.20390405
v 25.00000000 44.00000000 2.34096837
v 25.00000000 45.00000000 0.12275536
v 24.35031700 45.00000000 2.00000000
v 25.00000000 45.00000000 2.47594690
v 24.11390495 45.00000000 33.00000000
v 24.62849236 46.00000000 1.00000000
v 25.00000000 46.00000000 0.69120950
v 24.96784210 46.00000000 2.00000000
v 25.00000000 46.00000000 2.02224469
v 24.04542732 46.00000000 33.00000000
v 24.14227867 46.00000000 34.00000000
v 25.00000000 46.24654388 1.00000000
v 25.00000000 46.04536438 2.00000000
v 26.00000000 1.65315545 1.00000000
v 26.00000000 2.00000000 0.76281101
v 26.00000000 1.83839762 2.00000000
v 26.00000000 2.00000000 2.14824939
v 26.00000000 3.00000000 0.31272107
v 26.00000000 3.00000000 2.95226741
v 26.00000000 4.00000000 0.22867896
v 26.00000000 3.16788697 3.00000000
v 26.00000000 4.00000000 3.19527984
v 26.00000000 5.00000000 0.22572532
v 26.00000000 5.00000000 3.09906721
v 26.00000000 6.00000000 0.27060533
v 26.00000000 6.00000000 2.82351708
v 26.00000000 5.37930298 3.00000000
v 26.00000000 7.00000000 0.35958067
v 26.00000000 7.00000000 2.32509685
v 25.00514603 7.00000000 34.00000000
v 26.00000000 8.00000000 0.34453923
v 26.00000000 8.00000000 2.26670456
v 25.04310989 8.00000000 34.00000000
v 26.00000000 9.00000000 0.41262797
v 26.00000000 9.00000000 2.19089437
v 25.12398529 9.00000000 34.00000000
v 26.00000000 10.00000000 0.48861679
v 26.00000000 10.00000000 2.18640232
v 25.04038811 10.00000000 33.00000000
v 25.11802292 10.00000000 34.00000000
v 26.00000000 11.00000000 0.56382954
v 26.00000000 11.00000000 2.17393208
v 25.00802231 11.00000000 34.00000000
v 26.00000000 12.00000000 0.47465888
v 26.00000000 12.00000000 2.22183633
v 25.73592186 13.00000000 1.00000000
v 26.00000000 13.00000000 0.93797499
v 26.00000000 13.00000000 1.24173760
v 26.00000000 12.71189594 2.00000000
v 26.00000000 13.14587688 1.00000000
v 25.01258469 16.00000000 32.00000000
v 25.00344086 16.00000000 34.00000000
v 25.92493629 17.00000000 7.00000000
v 26.00000000 16.92076683 7.00000000
v 26.00000000 17.00000000 6.91222095
v 26.00000000 17.00000000 7.21641588
v 25.29057884 17.00000000 12.00000000
v 26.00000000 16.51674080 12.00000000
v 26.00000000 17.00000000 11.57939148
v 26.00000000 16.41666222 13.00000000
v 26.00000000 17.00000000 13.83511257
v 25.20635414 17.00000000 32.00000000
v 25.20429611 17.00000000 33.00000000
v 25.22419357 17.00000000 34.00000000
v 25.78755379 18.00000000 7.00000000
v 26.00000000 18.00000000 6.69150209
v 26.00000000 18.00000000 7.79151630
v 25.44578934 18.00000000 12.00000000
v 26.00000000 18.00000000 11.71432209
v 26.00000000 17.26867104 14.00000000
v 26.00000000 18.00000000 14.70867252
v 25.13329506 18.00000000 27.00000000
v 25.08381462 18.00000000 28.00000000
v 25.01353264 18.00000000 31.00000000
v 25.24424934 18.00000000 32.00000000
v 25.30404472 18.00000000 33.00000000
v 25.25454903 18.00000000 34.00000000
v 25.02523232 18.00000000 35.00000000
v 25.64432716 19.00000000 2.00000000
v 26.00000000 18.59149361 2.00000000
v 26.00000000 19.00000000 1.69129884
v 26.00000000 19.00000000 2.15726972
v 25.78167152 19.00000000 7.00000000
v 26.00000000 19.00000000 6.59220934
v 26.00000000 19.00000000 7.85717726
v 26.00000000 18.21237183 12.00000000
v 26.00000000 18.85917473 13.00000000
v 26.00000000 18.59129524 14.00000000
v 25.72022057 19.00000000 15.00000000
v 25.20738220 19.00000000 26.00000000
v 25.34038925 19.00000000 27.00000000
v 25.15630722 19.00000000 28.00000000
v 25.13761711 19.00000000 32.00000000
v 25.27548218 19.00000000 33.00000000
v 25.33747101 19.00000000 34.00000000
v 25.07687378 19.00000000 35.00000000
v 25.55294800 20.00000000 2.00000000
v 26.00000000 20.00000000 1.42773199
v 26.00000000 20.00000000 2.21346855
v 25.59279442 20.00000000 7.00000000
v 26.00000000 20.00000000 6.18930244
v 26.00000000 19.13160324 8.00000000
v 25.75479126 20.00000000 8.00000000
v 26.00000000 20.00000000 8.19966221
v 25.08434296 20.00000000 13.00000000
v 25.75787735 20.00000000 14.00000000
v 26.00000000 20.00000000 14.23793316
v 26.00000000 19.21806145 15.00000000
v 26.00000000 20.00000000 15.30672741
v 26.00000000 19.46535110 18.00000000
v 26.00000000 20.00000000 17.39111137
v 26.00000000 19.81162262 19.00000000
v 26.00000000 20.00000000 19.37253380
v 25.31224060 20.00000000 25.00000000
v 25.89075661 20.00000000 26.00000000
v 25.59117317 20.00000000 27.00000000
v 25.29654121 20.00000000 28.00000000
v 25.04667473 20.00000000 29.00000000
v 25.02641869 20.00000000 32.00000000
v 25.17387199 20.00000000 33.00000000
v 25.20310974 20.00000000 34.00000000
v 26.00000000 21.00000000 1.19858277
v 26.00000000 21.00000000 2.55978703
v 25.75430107 21.00000000 6.00000000
v 26.00000000 20.31444359 6.00000000
v 26.00000000 21.00000000 5.58470011
v 25.59178352 21.00000000 7.00000000
v 25.85527420 21.00000000 8.00000000
v 26.00000000 21.00000000 8.08385849
v 25.55612564 21.00000000 14.00000000
v 26.00000000 21.00000000 14.36949539
v 26.00000000 20.97898483 16.00000000
v 25.97321701 21.00000000 17.00000000
v 26.00000000 21.00000000 16.53289413
v 26.00000000 21.00000000 17.02992058
v 26.00000000 20.67716026 20.00000000
v 26.00000000 21.00000000 20.20819473
v 26.00000000 20.71192741 24.00000000
v 26.00000000 21.00000000 23.25892639
v 26.00000000 20.67694855 25.00000000
v 26.00000000 20.41450500 26.00000000
v 25.81001663 21.00000000 27.00000000
v 26.00000000 21.00000000 26.30902672
v 25.52043152 21.00000000 28.00000000
v 25.08737183 21.00000000 29.00000000
v 25.07093430 21.00000000 34.00000000
v 26.00000000 22.00000000 1.09116161
v 26.00000000 22.00000000 2.88309407
v 25.65716362 22.00000000 6.00000000
v 26.00000000 22.00000000 5.48609400
v 25.49889755 22.00000000 7.00000000
v 25.82605934 22.00000000 8.00000000
v 26.00000000 22.00000000 8.08372116
v 25.44890976 22.00000000 14.00000000
v 26.00000000 22.00000000 14.37459850
v 26.00000000 21.03800964 17.00000000
v 26.00000000 21.91581535 21.00000000
v 25.88701820 22.00000000 21.00000000
v 26.00000000 22.00000000 21.21659279
v 26.00000000 21.12002182 23.00000000
v 26.00000000 22.00000000 22.33216476
v 26.00000000 21.38461876 27.00000000
v 25.77400017 22.00000000 28.00000000
v 26.00000000 22.00000000 27.57798004
v 25.14767075 22.00000000 29.00000000
v 25.02830696 22.00000000 33.00000000
v 25.03008270 22.00000000 34.00000000
v 25.83532524 22.00000000 39.00000000
v 26.00000000 21.78924370 39.00000000
v 26.00000000 22.00000000 38.85169601
v 26.00000000 22.00000000 39.15956497
v 25.18396568 23.00000000 1.00000000
v 26.00000000 23.00000000 1.09420621
v 26.00000000 22.19305992 3.00000000
v 25.65617561 23.00000000 3.00000000
v 26.00000000 23.00000000 3.41150808
v 25.55796814 23.00000000 6.00000000
v 26.00000000 23.00000000 5.28720999
v 25.15797997 23.00000000 7.00000000
v 25.36388397 23.00000000 8.00000000
v 26.00000000 23.00000000 8.30317879
v 25.49078941 23.00000000 13.00000000
v 26.00000000 23.00000000 13.19767380
v 26.00000000 22.41327095 14.00000000
v 25.71385002 23.00000000 16.00000000
v 26.00000000 23.00000000 15.64577866
v 26.00000000 22.52585602 16.00000000
v 26.00000000 23.00000000 16.78829002
v 25.64318466 23.00000000 18.00000000
v 26.00000000 23.00000000 17.35747719
v 26.00000000 22.85981941 18.00000000
v 26.00000000 23.00000000 18.31203461
v 26.00000000 23.00000000 20.67430496
v 26.00000000 22.29922104 21.00000000
v 26.00000000 23.00000000 22.27903366
v 25.90830803 23.00000000 28.00000000
v 26.00000000 23.00000000 27.83863449
v 25.15481949 23.00000000 29.00000000
v 25.77977753 23.00000000 39.00000000
v 26.00000000 23.00000000 38.65095139
v 26.00000000 23.00000000 39.61493683
v 25.10681152 24.00000000 1.00000000
v 26.00000000 24.00000000 1.07392335
v 25.43485451 24.00000000 3.00000000
v 26.00000000 24.00000000 3.57588243
v 25.39558792 24.00000000 6.00000000
v 26.00000000 24.00000000 5.03631115
v 25.08453941 24.00000000 8.00000000
v 26.00000000 24.00000000 8.36616707
v 25.18510818 24.00000000 13.00000000
v 26.00000000 24.00000000 13.97367954
v 25.80166626 24.00000000 15.00000000
v 26.00000000 24.00000000 14.05789375
v 26.00000000 23.70925903 15.00000000
v 25.26612473 24.00000000 16.00000000
v 26.00000000 23.12211609 17.00000000
v 25.45646095 24.00000000 17.00000000
v 26.00000000 23.36977577 19.00000000
v 26.00000000 23.45186424 20.00000000
v 26.00000000 24.00000000 22.57692337
v 25.66338348 24.00000000 28.00000000
v 26.00000000 24.00000000 27.48439026
v 25.10919952 24.00000000 29.00000000
v 25.67681885 24.00000000 39.00000000
v 26.00000000 24.00000000 38.45629883
v 26.00000000 24.00000000 39.76480865
v 26.00000000 24.25006294 1.00000000
v 26.00000000 25.00000000 0.87696153
v 25.22131920 25.00000000 3.00000000
v 26.00000000 24.83389282 4.00000000
v 25.90467072 25.00000000 4.00000000
v 25.65880585 25.00000000 5.00000000
v 26.00000000 24.06664658 5.00000000
v 25.14563560 25.00000000 6.00000000
v 26.00000000 25.00000000 8.80460644
v 26.00000000 24.30872154 13.00000000
v 26.00000000 25.00000000 12.63941097
v 25.44700813 25.00000000 15.00000000
v 26.00000000 25.00000000 14.63586521
v 26.00000000 24.69902420 23.00000000
v 26.00000000 25.00000000 23.22063828
v 25.55576706 25.00000000 28.00000000
v 26.00000000 25.00000000 27.05609512
v 25.05454826 25.00000000 29.00000000
v 25.01922417 25.00000000 32.00000000
v 25.04067230 25.00000000 33.00000000
v 25.86327171 25.00000000 38.00000000
v 26.00000000 24.70956993 38.00000000
v 26.00000000 25.00000000 37.83781052
v 25.59204483 25.00000000 39.00000000
v 26.00000000 24.20588112 40.00000000
v 25.79634857 25.00000000 40.00000000
v 25.93647385 25.00000000 41.00000000
v 26.00000000 24.48165894 41.00000000
v 26.00000000 25.00000000 41.25171280
v 26.00000000 26.00000000 0.76134598
v 25.19768715 26.00000000 3.00000000
v 25.67781830 26.00000000 4.00000000
v 25.37013817 26.00000000 5.00000000
v 26.00000000 25.63019180 9.00000000
v 25.80483055 26.00000000 9.00000000
v 26.00000000 26.00000000 9.24076748
v 26.00000000 26.00000000 12.31996155
v 26.00000000 25.97701645 15.00000000
v 26.00000000 26.00000000 15.01179028
v 26.00000000 25.56072807 24.00000000
v 25.34320831 26.00000000 24.00000000
v 26.00000000 26.00000000 24.57079697
v 25.60218048 26.00000000 27.00000000
v 26.00000000 26.00000000 26.12522507
v 26.00000000 25.06771469 27.00000000
v 25.29194260 26.00000000 28.00000000
v 25.11209869 26.00000000 32.00000000
v 25.14992332 26.00000000 33.00000000
v 25.77264595 26.00000000 38.00000000
v 26.00000000 26.00000000 37.75707245
v 25.53415298 26.00000000 39.00000000
v 25.78913498 26.00000000 40.00000000
v 25.93243408 26.00000000 41.00000000
v 26.00000000 26.00000000 41.24043274
v 26.00000000 27.00000000 0.82935268
v 25.64420509 27.00000000 3.00000000
v 26.00000000 27.00000000 3.99864483
v 26.00000000 26.99865341 4.00000000
v 26.00000000 27.00000000 4.00028849
v 25.12661934 27.00000000 9.00000000
v 26.00000000 26.35506248 10.00000000
v 25.32651901 27.00000000 10.00000000
v 25.11242104 27.00000000 11.00000000
v 26.00000000 26.36709976 11.00000000
v 26.00000000 26.27428246 12.00000000
v 26.00000000 27.00000000 15.75528908
v 25.95272446 27.00000000 18.00000000
v 26.00000000 26.96406364 18.00000000
v 26.00000000 27.00000000 17.79757500
v 26.00000000 27.00000000 18.09495163
v 26.00000000 26.29720879 25.00000000
v 25.48363304 27.00000000 25.00000000
v 26.00000000 26.15877533 26.00000000
v 25.54423714 27.00000000 26.00000000
v 25.33347702 27.00000000 27.00000000
v 25.13950539 27.00000000 28.00000000
v 25.02973747 27.00000000 32.00000000
v 25.08023834 27.00000000 33.00000000
v 25.02910995 27.00000000 34.00000000
v 25.00239563 27.00000000 36.00000000
v 25.02010918 27.00000000 37.00000000
v 26.00000000 27.00000000 37.56453705
v 25.27555466 27.00000000 38.00000000
v 25.40643692 27.00000000 39.00000000
v 25.69138336 27.00000000 40.00000000
v 25.86584663 27.00000000 41.00000000
v 26.00000000 27.00000000 41.54265976
v 26.00000000 28.00000000 0.81687039
v 25.74809647 28.00000000 3.00000000
v 26.00000000 27.02173424 4.00000000
v 25.97322273 28.00000000 4.00000000
v 25.04418945 28.00000000 16.00000000
v 26.00000000 28.00000000 15.67756081
v 26.00000000 27.04068947 18.00000000
v 25.06917191 28.00000000 26.00000000
v 25.20776558 28.00000000 27.00000000
v 25.09856415 28.00000000 28.00000000
v 25.12916183 28.00000000 32.00000000
v 25.12181473 28.00000000 33.00000000
v 25.10277176 28.00000000 34.00000000
v 25.05233383 28.00000000 36.00000000
v 25.00024605 28.00000000 37.00000000
v 26.00000000 28.00000000 37.49244308
v 25.19510841 28.00000000 38.00000000
v 25.23222733 28.00000000 39.00000000
v 25.63079834 28.00000000 40.00000000
v 25.96139717 28.00000000 41.00000000
v 26.00000000 28.00000000 41.07292175
v 26.00000000 29.00000000 0.81526077
v 25.55316353 29.00000000 3.00000000
v 25.79785919 29.00000000 4.00000000
v 25.25254059 29.00000000 16.00000000
v 26.00000000 29.00000000 15.57493305
v 25.03971672 29.00000000 27.00000000
v 25.04028320 29.00000000 33.00000000
v 25.04692459 29.00000000 34.00000000
v 25.01321983 29.00000000 35.00000000
v 25.08115959 29.00000000 36.00000000
v 26.00000000 28.77664185 38.00000000
v 26.00000000 29.00000000 38.17976761
v 25.46787262 29.00000000 39.00000000
v 25.82121277 29.00000000 40.00000000
v 26.00000000 29.00000000 40.82995224
v 26.00000000 28.51612091 41.00000000
v 25.24366379 30.00000000 1.00000000
v 26.00000000 30.00000000 0.75809950
v 25.63041306 30.00000000 3.00000000
v 25.99341011 30.00000000 4.00000000
v 25.92940331 30.00000000 15.00000000
v 26.00000000 30.00000000 14.97428513
v 26.00000000 29.94478035 15.00000000
v 25.01038742 30.00000000 32.00000000
v 25.10817719 30.00000000 33.00000000
v 25.04731178 30.00000000 34.00000000
v 25.00402832 30.00000000 35.00000000
v 25.09471130 30.00000000 36.00000000
v 25.67256165 30.00000000 39.00000000
v 26.00000000 30.00000000 38.56635666
v 26.00000000 30.00000000 39.84683609
v 26.00000000 29.85327911 40.00000000
v 25.61977005 31.00000000 1.00000000
v 26.00000000 31.00000000 0.90820992
v 25.06783295 31.00000000 2.00000000
v 25.79453278 31.00000000 3.00000000
v 26.00000000 31.00000000 3.24990249
v 26.00000000 30.00688171 4.00000000
v 26.00000000 30.67720604 5.00000000
v 25.77740669 31.00000000 6.00000000
v 26.00000000 31.00000000 5.71119070
v 25.11443520 31.00000000 7.00000000
v 25.06683350 31.00000000 9.00000000
v 25.33016396 31.00000000 10.00000000
v 25.23657036 31.00000000 11.00000000
v 25.15700912 31.00000000 12.00000000
v 25.15198708 31.00000000 13.00000000
v 26.00000000 31.00000000 13.36207485
v 26.00000000 30.71810913 14.00000000
v 25.08791733 31.00000000 32.00000000
v 25.19065475 31.00000000 33.00000000
v 25.23137093 31.00000000 34.00000000
v 25.05463028 31.00000000 36.00000000
v 25.98771667 31.00000000 39.00000000
v 26.00000000 31.00000000 38.97657013
v 26.00000000 31.00000000 39.05865860
v 26.00000000 31.86680603 1.00000000
v 26.00000000 32.00000000 1.04163027
v 25.21895218 32.00000000 2.00000000
v 26.00000000 32.00000000 2.81149292
v 26.00000000 31.56307602 3.00000000
v 26.00000000 31.22219086 6.00000000
v 26.00000000 32.00000000 6.96770096
v 25.96399498 32.00000000 7.00000000
v 25.82452774 32.00000000 8.00000000
v 25.85951424 32.00000000 9.00000000
v 26.00000000 32.00000000 9.23884296
v 26.00000000 31.69682312 10.00000000
v 26.00000000 31.49242210 11.00000000
v 26.00000000 31.32304764 12.00000000
v 26.00000000 31.19249916 13.00000000
v 25.04361916 32.00000000 33.00000000
v 25.07484627 32.00000000 34.00000000
v 26.00000000 31.05029297 39.00000000
v 25.08826637 33.00000000 1.00000000
v 26.00000000 32.39276886 1.00000000
v 26.00000000 33.00000000 0.97419256
v 25.25004196 33.00000000 2.00000000
v 26.00000000 33.00000000 2.42493749
v 26.00000000 32.01785660 7.00000000
v 26.00000000 32.11112976 8.00000000
v 26.00000000 32.07786560 9.00000000
v 25.07897377 33.00000000 33.00000000
v 25.18033409 33.00000000 34.00000000
v 25.14076614 34.00000000 1.00000000
v 26.00000000 34.00000000 0.87163961
v 25.11969948 34.00000000 2.00000000
v 26.00000000 34.00000000 2.22547603
v 25.18038940 34.00000000 34.00000000
v 26.00000000 35.00000000 0.94610733
v 26.00000000 34.57429123 2.00000000
v 26.00000000 35.00000000 1.34869289
v 25.01996803 35.00000000 34.00000000
v 26.00000000 35.39405060 1.00000000
v 25.58182335 36.00000000 1.00000000
v 26.00000000 36.30644608 1.00000000
v 26.00000000 37.00000000 0.83023381
v 26.00000000 37.00000000 1.71416235
v 26.00000000 38.00000000 0.74253988
v 26.00000000 37.42763901 2.00000000
v 26.00000000 38.00000000 2.09844899
v 26.00000000 39.00000000 0.63669711
v 26.00000000 39.00000000 2.33129978
v 26.00000000 40.00000000 0.62587690
v 26.00000000 40.00000000 2.33826017
v 26.00000000 41.00000000 0.51234621
v 26.00000000 41.00000000 2.25054479
v 26.00000000 42.00000000 0.39730042
v 26.00000000 42.00000000 2.28372502
v 26.00000000 43.00000000 0.19097030
v 26.00000000 43.00000000 2.34893584
v 26.00000000 44.00000000 0.24466050
v 26.00000000 44.00000000 2.26008677
v 26.00000000 45.00000000 0.14390621
v 26.00000000 45.00000000 2.58768392
v 26.00000000 46.00000000 0.57602817
v 26.00000000 46.00000000 2.25118065
v 26.00000000 46.44509506 1.00000000
v 26.00000000 46.34447479 2.00000000
v 26.79447937 2.00000000 1.00000000
v 26.33765030 2.00000000 2.00000000
v 27.00000000 2.07244301 1.00000000
v 27.00000000 3.00000000 0.36604336
v 27.00000000 2.26378608 2.00000000
v 27.00000000 3.00000000 2.80686092
v 27.00000000 4.00000000 0.26114503
v 27.00000000 3.51543570 3.00000000
v 27.00000000 4.00000000 3.17870021
v 27.00000000 5.00000000 0.13835785
v 27.00000000 5.00000000 3.19332123
v 27.00000000 6.00000000 0.19766375
v 27.00000000 6.00000000 2.90906024
v 27.00000000 5.71406794 3.00000000
v 27.00000000 7.00000000 0.24328151
v 27.00000000 7.00000000 2.40038466
v 27.00000000 8.00000000 0.30394301
v 27.00000000 8.00000000 2.27937651
v 27.00000000 9.00000000 0.42080978
v 27.00000000 9.00000000 2.15293169
v 27.00000000 10.00000000 0.50988722
v 27.00000000 10.00000000 2.19144917
v 27.00000000 11.00000000 0.54851294
v 27.00000000 11.00000000 2.14189267
v 27.00000000 12.00000000 0.53879404
v 27.00000000 12.00000000 2.15699625
v 27.00000000 13.00000000 0.78624064
v 26.88983154 13.00000000 2.00000000
v 27.00000000 13.00000000 2.01308680
v 27.00000000 13.46915436 1.00000000
v 27.00000000 13.05730724 2.00000000
v 26.77249336 16.00000000 2.00000000
v 27.00000000 15.92640305 2.00000000
v 27.00000000 16.00000000 1.90730572
v 27.00000000 16.00000000 2.02914286
v 26.06055832 17.00000000 2.00000000
v 27.00000000 17.00000000 1.54134691
v 27.00000000 17.00000000 2.25389004
v 26.13324547 17.00000000 7.00000000
v 26.43565559 17.00000000 12.00000000
v 26.84592247 17.00000000 13.00000000
v 26.89706612 18.00000000 2.00000000
v 27.00000000 18.00000000 1.95087886
v 27.00000000 18.00000000 2.03502059
v 26.37566757 18.00000000 7.00000000
v 26.39115906 18.00000000 12.00000000
v 27.00000000 18.00000000 12.57677841
v 27.00000000 17.27027512 13.00000000
v 27.00000000 17.51728249 14.00000000
v 26.21560097 18.00000000 15.00000000
v 27.00000000 17.29679298 15.00000000
v 27.00000000 18.00000000 15.54314804
v 27.00000000 19.00000000 1.70966697
v 27.00000000 19.00000000 2.35156512
v 26.82000542 19.00000000 6.00000000
v 27.00000000 18.75472641 6.00000000
v 27.00000000 19.00000000 5.86766815
v 27.00000000 19.00000000 6.25333977
v 26.51559448 19.00000000 7.00000000
v 27.00000000 19.00000000 12.89216137
v 26.52807617 19.00000000 13.00000000
v 26.44157028 19.00000000 14.00000000
v 26.25483704 19.00000000 15.00000000
v 27.00000000 19.00000000 15.14496040
v 26.63203812 19.00000000 18.00000000
v 27.00000000 18.47657776 18.00000000
v 27.00000000 19.00000000 17.75135040
v 26.68118477 19.00000000 19.00000000
v 27.00000000 18.34788895 19.00000000
v 27.00000000 19.00000000 19.52350998
v 27.00000000 20.00000000 1.60291529
v 27.00000000 20.00000000 2.49763155
v 26.27895164 20.00000000 6.00000000
v 27.00000000 20.00000000 5.54886103
v 27.00000000 19.78279114 7.00000000
v 26.42752457 20.00000000 8.00000000
v 27.00000000 20.00000000 7.15043640
v 26.11865616 20.00000000 13.00000000
v 27.00000000 20.00000000 12.59235573
v 26.11418724 20.00000000 14.00000000
v 27.00000000 20.00000000 15.23879910
v 27.00000000 20.00000000 17.34066772
v 26.61652374 20.00000000 20.00000000
v 27.00000000 19.63661575 20.00000000
v 27.00000000 20.00000000 20.94476891
v 27.00000000 21.00000000 1.27277827
v 27.00000000 21.00000000 2.96707344
v 27.00000000 21.00000000 5.41839743
v 27.00000000 20.59993935 8.00000000
v 27.00000000 21.00000000 8.14628124
v 27.00000000 20.79617310 13.00000000
v 27.00000000 21.00000000 13.88593483
v 26.93698883 21.00000000 14.00000000
v 26.01943207 21.00000000 16.00000000
v 27.00000000 21.00000000 15.15520000
v 27.00000000 21.00000000 17.11029816
v 26.49906731 21.00000000 21.00000000
v 27.00000000 20.01958847 21.00000000
v 26.87330055 21.00000000 22.00000000
v 27.00000000 20.77850342 22.00000000
v 26.42608070 21.00000000 23.00000000
v 27.00000000 20.89885902 23.00000000
v 27.00000000 20.68060875 24.00000000
v 27.00000000 20.74714470 25.00000000
v 26.46416283 21.00000000 26.00000000
v 27.00000000 21.00000000 25.57256317
v 27.00000000 22.00000000 1.23679709
v 27.00000000 21.09431648 3.00000000
v 26.29107666 22.00000000 3.00000000
v 27.00000000 22.00000000 3.33173251
v 27.00000000 22.00000000 5.17686176
v 27.00000000 22.00000000 8.19350243
v 26.96646118 22.00000000 13.00000000
v 27.00000000 21.82976723 13.00000000
v 27.00000000 22.00000000 12.95740032
v 26.70639229 22.00000000 14.00000000
v 26.37802505 22.00000000 16.00000000
v 27.00000000 22.00000000 15.37520599
v 27.00000000 21.08898354 17.00000000
v 27.00000000 22.00000000 16.63248253
v 26.17613602 22.00000000 22.00000000
v 27.00000000 21.14867973 26.00000000
v 26.69996262 22.00000000 27.00000000
v 27.00000000 22.00000000 26.81169319
v 26.05803299 22.00000000 39.00000000
v 27.00000000 23.00000000 1.20175457
v 27.00000000 23.00000000 3.52122259
v 27.00000000 23.00000000 5.18496895
v 27.00000000 23.00000000 8.58846188
v 26.12309265 23.00000000 13.00000000
v 27.00000000 23.00000000 12.27567959
v 26.67747879 23.00000000 16.00000000
v 27.00000000 22.79309273 16.00000000
v 26.19639778 23.00000000 18.00000000
v 26.15217018 23.00000000 21.00000000
v 26.25019455 23.00000000 22.00000000
v 27.00000000 22.66764832 27.00000000
v 27.00000000 23.00000000 27.07338142
v 26.16481018 23.00000000 39.00000000
v 27.00000000 24.00000000 1.29553652
v 27.00000000 24.00000000 3.56936812
v 27.00000000 24.00000000 5.10043287
v 27.00000000 24.00000000 8.63537693
v 26.35889244 24.00000000 13.00000000
v 27.00000000 24.00000000 12.51693058
v 26.45776367 24.00000000 15.00000000
v 27.00000000 24.00000000 15.52155113
v 27.00000000 23.36957359 16.00000000
v 26.52691650 24.00000000 17.00000000
v 27.00000000 24.00000000 16.31901932
v 26.76315498 24.00000000 18.00000000
v 26.48858452 24.00000000 19.00000000
v 26.38630104 24.00000000 20.00000000
v 26.47716331 24.00000000 21.00000000
v 26.61429596 24.00000000 22.00000000
v 26.56764030 24.00000000 27.00000000
v 27.00000000 24.00000000 26.64746094
v 27.00000000 23.23116875 27.00000000
v 26.22191429 24.00000000 39.00000000
v 26.35371971 25.00000000 1.00000000
v 27.00000000 25.00000000 1.33484006
v 26.18806267 25.00000000 4.00000000
v 27.00000000 25.00000000 3.41870499
v 27.00000000 25.00000000 4.79418707
v 27.00000000 24.45056915 5.00000000
v 27.00000000 25.00000000 8.97062016
v 26.95973015 25.00000000 12.00000000
v 27.00000000 24.91983032 12.00000000
v 27.00000000 25.00000000 11.75929546
v 26.57298470 25.00000000 15.00000000
v 27.00000000 25.00000000 15.38437843
v 26.89382935 25.00000000 17.00000000
v 27.00000000 25.00000000 16.87775421
v 26.36578369 25.00000000 18.00000000
v 26.23498917 25.00000000 19.00000000
v 26.77544403 25.00000000 20.00000000
v 27.00000000 25.00000000 20.56834602
v 27.00000000 24.81108856 21.00000000
v 27.00000000 24.40462685 22.00000000
v 27.00000000 24.60837746 23.00000000
v 27.00000000 25.00000000 23.63351059
v 26.04469490 25.00000000 27.00000000
v 27.00000000 25.00000000 26.17331123
v 26.04443741 25.00000000 38.00000000
v 26.36093712 25.00000000 39.00000000
v 26.34721375 25.00000000 40.00000000
v 26.12919998 25.00000000 41.00000000
v 26.57505608 26.00000000 1.00000000
v 27.00000000 26.00000000 1.29013407
v 26.79959106 26.00000000 4.00000000
v 27.00000000 26.00000000 3.87309313
v 27.00000000 26.00000000 4.09452486
v 27.00000000 25.03759956 9.00000000
v 26.93130684 26.00000000 10.00000000
v 27.00000000 25.93818855 10.00000000
v 26.57239151 26.00000000 11.00000000
v 27.00000000 25.20096397 11.00000000
v 26.43385696 26.00000000 12.00000000
v 27.00000000 26.00000000 15.93704319
v 26.72718811 26.00000000 17.00000000
v 27.00000000 26.00000000 16.21827126
v 26.36601257 26.00000000 18.00000000
v 26.24975204 26.00000000 19.00000000
v 27.00000000 26.00000000 19.85746002
v 27.00000000 25.57215881 20.00000000
v 27.00000000 25.15292168 24.00000000
v 27.00000000 25.59074402 25.00000000
v 26.40511513 26.00000000 25.00000000
v 27.00000000 25.22407532 26.00000000
v 26.11270523 26.00000000 26.00000000
v 26.07789421 26.00000000 38.00000000
v 26.40500259 26.00000000 39.00000000
v 26.26194191 26.00000000 40.00000000
v 26.09911728 26.00000000 41.00000000
v 26.61185837 27.00000000 1.00000000
v 27.00000000 27.00000000 1.20292044
v 27.00000000 27.00000000 3.67845988
v 27.00000000 27.00000000 4.06390142
v 27.00000000 27.00000000 15.60684395
v 26.18871307 27.00000000 17.00000000
v 27.00000000 27.00000000 16.69106483
v 26.13545227 27.00000000 19.00000000
v 27.00000000 27.00000000 19.86094284
v 26.16375732 27.00000000 38.00000000
v 26.37442589 27.00000000 39.00000000
v 26.32000160 27.00000000 40.00000000
v 26.13844872 27.00000000 41.00000000
v 26.67543602 28.00000000 1.00000000
v 27.00000000 28.00000000 1.16802084
v 27.00000000 27.59385872 4.00000000
v 27.00000000 28.00000000 15.30657768
v 27.00000000 27.31625748 17.00000000
v 27.00000000 27.83405495 18.00000000
v 27.00000000 27.83162117 19.00000000
v 26.16215706 28.00000000 38.00000000
v 26.46074486 28.00000000 39.00000000
v 26.37476921 28.00000000 40.00000000
v 26.04218292 28.00000000 41.00000000
v 27.00000000 28.40112305 1.00000000
v 27.00000000 29.00000000 0.85936165
v 27.00000000 29.00000000 15.14141464
v 26.30649567 29.00000000 39.00000000
v 26.16897392 29.00000000 40.00000000
v 27.00000000 30.00000000 0.73483837
v 27.00000000 30.00000000 14.94386959
v 27.00000000 29.63960648 15.00000000
v 26.12316513 30.00000000 39.00000000
v 27.00000000 31.00000000 0.83021295
v 27.00000000 31.00000000 3.92331314
v 27.00000000 30.73266792 4.00000000
v 27.00000000 30.98353195 5.00000000
v 27.00000000 31.00000000 5.03862762
v 26.44377327 31.00000000 14.00000000
v 27.00000000 31.00000000 14.41394997
v 26.00881958 31.00000000 39.00000000
v 26.23796272 32.00000000 1.00000000
v 27.00000000 32.00000000 0.95240343
v 26.33605766 32.00000000 3.00000000
v 27.00000000 32.00000000 3.33940077
v 27.00000000 31.51619911 6.00000000
v 27.00000000 31.72921371 7.00000000
v 26.05515099 32.00000000 7.00000000
v 27.00000000 31.88443375 8.00000000
v 26.42834854 32.00000000 8.00000000
v 27.00000000 31.70324516 9.00000000
v 26.20406723 32.00000000 9.00000000
v 27.00000000 31.65389252 10.00000000
v 27.00000000 31.78655434 11.00000000
v 27.00000000 31.65603828 12.00000000
v 27.00000000 31.60162926 13.00000000
v 27.00000000 31.29867935 14.00000000
v 27.00000000 33.00000000 0.89262319
v 27.00000000 33.00000000 2.46572351
v 27.00000000 32.30964661 3.00000000
v 27.00000000 34.00000000 0.94233483
v 27.00000000 34.00000000 2.20275545
v 27.00000000 35.00000000 0.99500370
v 27.00000000 35.00000000 1.06401920
v 27.00000000 34.68751526 2.00000000
v 27.00000000 35.02437973 1.00000000
v 26.94176483 37.00000000 1.00000000
v 27.00000000 37.06756592 1.00000000
v 27.00000000 38.00000000 0.85056490
v 26.44198799 38.00000000 2.00000000
v 27.00000000 38.00000000 1.55786824
v 27.00000000 39.00000000 0.83921105
v 27.00000000 38.64204788 2.00000000
v 27.00000000 39.00000000 2.06540585
v 27.00000000 40.00000000 0.86019927
v 27.00000000 40.00000000 2.05488062
v 27.00000000 41.00000000 0.71314311
v 27.00000000 41.00000000 2.07937145
v 27.00000000 42.00000000 0.62942976
v 27.00000000 42.00000000 2.08355403
v 27.00000000 43.00000000 0.30376348
v 27.00000000 43.00000000 2.23694086
v 27.00000000 44.00000000 0.39912924
v 27.00000000 44.00000000 2.15814662
v 27.00000000 45.00000000 0.61162627
v 27.00000000 45.00000000 2.29297853
v 27.00000000 45.49906921 1.00000000
v 26.53711510 46.00000000 1.00000000
v 27.00000000 45.57809448 2.00000000
v 26.52673340 46.00000000 2.00000000
v 28.00000000 2.20757890 1.00000000
v 28.00000000 3.00000000 0.32149073
v 28.00000000 2.51884723 2.00000000
v 28.00000000 3.00000000 2.44713283
v 28.00000000 4.00000000 0.23060992
v 27.36349678 4.00000000 3.00000000
v 28.00000000 4.00000000 2.71925259
v 28.00000000 5.00000000 0.08677997
v 28.00000000 4.86156559 3.00000000
v 28.00000000 5.00000000 3.04091406
v 28.00000000 6.00000000 0.13905716
v 28.00000000 6.00000000 2.86082602
v 28.00000000 5.21717882 3.00000000
v 28.00000000 7.00000000 0.20880337
v 28.00000000 7.00000000 2.57308340
v 28.00000000 8.00000000 0.24044417
v 28.00000000 8.00000000 2.40752673
v 28.00000000 9.00000000 0.36951128
v 28.00000000 9.00000000 2.28387594
v 28.00000000 10.00000000 0.40624875
v 28.00000000 10.00000000 2.39150476
v 28.00000000 11.00000000 0.53124821
v 28.00000000 11.00000000 2.28979158
v 28.00000000 12.00000000 0.48251259
v 28.00000000 12.00000000 2.29360437
v 28.00000000 13.00000000 0.70810544
v 27.12644005 13.00000000 2.00000000
v 28.00000000 13.00000000 1.67854977
v 28.00000000 12.74747181 2.00000000
v 28.00000000 13.64701557 1.00000000
v 27.25668144 16.00000000 2.00000000
v 28.00000000 16.56438446 2.00000000
v 28.00000000 17.00000000 1.85807574
v 28.00000000 17.00000000 2.12078905
v 28.00000000 18.00000000 1.98101211
v 28.00000000 18.00000000 2.02278614
v 27.43861008 18.00000000 13.00000000
v 27.59032059 18.00000000 14.00000000
v 28.00000000 18.00000000 14.50286293
v 28.00000000 17.72425652 15.00000000
v 28.00000000 18.00000000 15.35753536
v 27.53959846 18.00000000 18.00000000
v 28.00000000 17.83220482 18.00000000
v 28.00000000 18.00000000 17.71860313
v 27.48071098 18.00000000 19.00000000
v 28.00000000 17.78863335 19.00000000
v 28.00000000 18.00000000 19.36083031
v 28.00000000 18.97322845 2.00000000
v 27.99864388 19.00000000 2.00000000
v 27.46142387 19.00000000 6.00000000
v 27.24814034 19.00000000 13.00000000
v 27.68347931 19.00000000 14.00000000
v 28.00000000 18.47794724 15.00000000
v 27.39410210 19.00000000 15.00000000
v 28.00000000 19.00000000 17.63897514
v 28.00000000 19.00000000 19.33249092
v 28.00000000 19.01116180 2.00000000
v 28.00000000 20.00000000 1.96160901
v 28.00000000 20.00000000 2.12626791
v 28.00000000 19.88825417 6.00000000
v 28.00000000 20.00000000 5.97438812
v 27.10598755 20.00000000 7.00000000
v 28.00000000 20.00000000 6.02084255
v 27.67372513 20.00000000 13.00000000
v 27.97964287 20.00000000 14.00000000
v 27.56252098 20.00000000 15.00000000
v 28.00000000 20.00000000 17.54578209
v 27.39696884 20.00000000 20.00000000
v 28.00000000 20.00000000 19.59738350
v 28.00000000 21.00000000 1.72964096
v 28.00000000 21.00000000 2.37002730
v 28.00000000 20.13142204 6.00000000
v 27.81224632 21.00000000 6.00000000
v 28.00000000 20.81498718 7.00000000
v 28.00000000 21.00000000 6.38260317
v 27.47627831 21.00000000 8.00000000
v 28.00000000 21.00000000 7.31620312
v 27.36314774 21.00000000 14.00000000
v 27.76181030 21.00000000 15.00000000
v 28.00000000 20.87323189 18.00000000
v 27.73386002 21.00000000 18.00000000
v 28.00000000 21.00000000 18.33820915
v 28.00000000 20.86417389 20.00000000
v 27.59703827 21.00000000 21.00000000
v 28.00000000 21.00000000 20.10786057
v 27.12965393 21.00000000 22.00000000
v 27.07266617 21.00000000 23.00000000
v 27.23738098 21.00000000 24.00000000
v 27.29523087 21.00000000 25.00000000
v 28.00000000 22.00000000 1.64516103
v 27.47691345 22.00000000 3.00000000
v 28.00000000 22.00000000 2.60051298
v 28.00000000 21.48100853 6.00000000
v 28.00000000 22.00000000 5.82953310
v 27.85184860 22.00000000 8.00000000
v 28.00000000 22.00000000 7.80735588
v 27.89735794 22.00000000 12.00000000
v 28.00000000 21.64456749 12.00000000
v 28.00000000 22.00000000 11.94776249
v 28.00000000 21.09110451 13.00000000
v 28.00000000 21.12774658 14.00000000
v 28.00000000 21.31068611 15.00000000
v 28.00000000 22.00000000 15.12026787
v 28.00000000 21.78080368 17.00000000
v 28.00000000 22.00000000 16.86358261
v 28.00000000 21.23024559 18.00000000
v 28.00000000 21.51153183 21.00000000
v 28.00000000 21.96789551 22.00000000
v 27.84751511 22.00000000 23.00000000
v 28.00000000 22.00000000 22.16051102
v 27.98558617 22.00000000 24.00000000
v 28.00000000 22.00000000 24.05782700
v 28.00000000 21.72082520 25.00000000
v 28.00000000 21.99900627 26.00000000
v 28.00000000 22.00000000 26.00078773
v 28.00000000 23.00000000 1.44728279
v 27.82596779 23.00000000 3.00000000
v 28.00000000 23.00000000 2.88696575
v 28.00000000 23.00000000 5.82858038
v 28.00000000 22.13106537 8.00000000
v 28.00000000 23.00000000 8.61581898
v 27.50795746 23.00000000 12.00000000
v 28.00000000 23.00000000 11.71570396
v 28.00000000 22.81267929 16.00000000
v 27.99038696 23.00000000 22.00000000
v 28.00000000 23.00000000 21.98910332
v 28.00000000 22.86960220 22.00000000
v 27.66824913 23.00000000 23.00000000
v 27.76364136 23.00000000 24.00000000
v 28.00000000 23.00000000 24.20944595
v 27.10226822 23.00000000 27.00000000
v 28.00000000 23.00000000 26.22783089
v 28.00000000 24.00000000 1.51313210
v 27.77301598 24.00000000 3.00000000
v 28.00000000 24.00000000 2.81140256
v 28.00000000 24.00000000 5.92438793
v 28.00000000 24.00000000 8.49286270
v 27.88179588 24.00000000 12.00000000
v 28.00000000 24.00000000 11.89605427
v 28.00000000 24.00000000 15.56214523
v 28.00000000 23.44170761 16.00000000
v 28.00000000 24.00000000 16.22035599
v 27.96074295 24.00000000 22.00000000
v 28.00000000 24.00000000 21.96544075
v 27.65954590 24.00000000 23.00000000
v 27.65931511 24.00000000 24.00000000
v 28.00000000 24.00000000 24.45293999
v 27.87517357 24.00000000 26.00000000
v 28.00000000 24.00000000 25.72692108
v 28.00000000 23.74829674 26.00000000
v 28.00000000 25.00000000 1.66540182
v 27.57329750 25.00000000 3.00000000
v 28.00000000 25.00000000 2.68380761
v 27.20685387 25.00000000 5.00000000
v 28.00000000 25.00000000 5.47121906
v 28.00000000 25.00000000 8.27117443
v 28.00000000 25.00000000 11.76676750
v 28.00000000 24.71414566 16.00000000
v 27.89221191 25.00000000 16.00000000
v 28.00000000 25.00000000 20.19338989
v 28.00000000 24.38210678 21.00000000
v 27.31329918 25.00000000 24.00000000
v 28.00000000 24.52125549 25.00000000
v 27.64649963 25.00000000 25.00000000
v 27.21482849 25.00000000 26.00000000
v 28.00000000 26.00000000 1.60528243
v 28.00000000 25.85628128 3.00000000
v 28.00000000 26.00000000 3.07049203
v 28.00000000 25.86652184 5.00000000
v 28.00000000 26.00000000 4.88573742
v 28.00000000 25.51984406 9.00000000
v 27.08534241 26.00000000 10.00000000
v 28.00000000 26.00000000 9.32175159
v 28.00000000 26.00000000 10.60051537
v 28.00000000 25.35951424 11.00000000
v 27.85280418 26.00000000 16.00000000
v 28.00000000 26.00000000 19.41170311
v 28.00000000 25.16097450 20.00000000
v 28.00000000 27.00000000 1.36994958
v 28.00000000 27.00000000 3.92683816
v 28.00000000 27.00000000 4.01142597
v 28.00000000 26.45675278 10.00000000
v 28.00000000 27.00000000 15.44745541
v 28.00000000 26.01048279 16.00000000
v 28.00000000 26.37675667 17.00000000
v 27.37460709 27.00000000 17.00000000
v 28.00000000 27.00000000 17.72219658
v 28.00000000 27.00000000 19.30729485
v 28.00000000 28.00000000 1.29035115
v 28.00000000 27.11612701 4.00000000
v 28.00000000 28.00000000 15.02323246
v 28.00000000 27.13766479 18.00000000
v 28.00000000 27.23585320 19.00000000
v 27.67844772 29.00000000 1.00000000
v 28.00000000 29.00000000 1.12072110
v 27.45694351 29.00000000 15.00000000
v 28.00000000 29.00000000 14.88860893
v 28.00000000 28.13574982 15.00000000
v 27.89811707 30.00000000 1.00000000
v 28.00000000 30.00000000 1.06922662
v 27.62525749 30.00000000 4.00000000
v 28.00000000 30.00000000 3.53909874
v 28.00000000 29.83429909 4.00000000
v 28.00000000 30.00000000 4.14729738
v 28.00000000 30.00000000 14.66254807
v 28.00000000 30.35041237 1.00000000
v 28.00000000 31.00000000 0.94697720
v 28.00000000 31.00000000 3.31344676
v 28.00000000 30.55190849 5.00000000
v 28.00000000 31.00000000 5.81439209
v 27.92881203 31.00000000 8.00000000
v 28.00000000 31.00000000 7.46548367
v 28.00000000 30.95666885 8.00000000
v 28.00000000 30.86220551 9.00000000
v 27.84094048 31.00000000 9.00000000
v 28.00000000 30.84270859 10.00000000
v 27.84338760 31.00000000 10.00000000
v 28.00000000 31.00000000 10.32836723
v 28.00000000 31.00000000 14.27096558
v 28.00000000 31.34526062 1.00000000
v 27.32962608 32.00000000 1.00000000
v 28.00000000 32.00000000 1.30737734
v 27.42229080 32.00000000 3.00000000
v 28.00000000 32.00000000 2.50380325
v 28.00000000 31.26815224 3.00000000
v 28.00000000 31.06517220 6.00000000
v 28.00000000 31.04743195 7.00000000
v 28.00000000 31.22752762 11.00000000
v 28.00000000 31.16215515 12.00000000
v 28.00000000 31.42743301 13.00000000
v 28.00000000 31.17755127 14.00000000
v 27.85340500 33.00000000 1.00000000
v 28.00000000 33.00000000 1.10007918
v 28.00000000 33.00000000 2.18642330
v 27.38277054 34.00000000 1.00000000
v 28.00000000 33.66519547 2.00000000
v 27.65791321 34.00000000 2.00000000
v 27.12795258 35.00000000 1.00000000
v 27.09465790 37.00000000 1.00000000
v 28.00000000 36.55169678 1.00000000
v 28.00000000 37.00000000 0.90205449
v 28.00000000 37.00000000 1.50349212
v 28.00000000 38.00000000 0.88077325
v 28.00000000 38.00000000 1.65379906
v 28.00000000 39.00000000 0.88082546
v 27.35037804 39.00000000 2.00000000
v 28.00000000 39.00000000 1.50918436
v 28.00000000 40.00000000 0.96828502
v 27.21395302 40.00000000 2.00000000
v 28.00000000 40.00000000 1.13308084
v 28.00000000 41.00000000 0.75079936
v 27.46770096 41.00000000 2.00000000
v 28.00000000 41.00000000 1.71185255
v 28.00000000 42.00000000 0.66989350
v 27.48909950 42.00000000 2.00000000
v 28.00000000 42.00000000 1.77271414
v 28.00000000 43.00000000 0.41899469
v 28.00000000 42.29683685 2.00000000
v 28.00000000 43.00000000 2.18698072
v 28.00000000 44.00000000 0.47643203
v 28.00000000 44.00000000 2.13953710
v 28.00000000 45.00000000 0.84843010
v 27.73640442 45.00000000 2.00000000
v 28.00000000 45.00000000 1.46772504
v 28.00000000 44.53946686 2.00000000
v 28.00000000 45.16677856 1.00000000
v 29.00000000 2.38384628 1.00000000
v 29.00000000 3.00000000 0.52708459
v 29.00000000 2.59019160 2.00000000
v 29.00000000 3.00000000 2.32616353
v 29.00000000 4.00000000 0.40770423
v 29.00000000 4.00000000 2.57591963
v 29.00000000 5.00000000 0.18732473
v 28.20262337 5.00000000 3.00000000
v 29.00000000 5.00000000 2.83909893
v 29.00000000 6.00000000 0.16824098
v 29.00000000 6.00000000 2.74596572
v 29.00000000 7.00000000 0.24029535
v 29.00000000 7.00000000 2.61476946
v 29.00000000 8.00000000 0.22642969
v 29.00000000 8.00000000 2.55207825
v 29.00000000 9.00000000 0.31449661
v 29.00000000 9.00000000 2.56432939
v 29.00000000 10.00000000 0.26822516
v 29.00000000 10.00000000 2.61439586
v 29.00000000 11.00000000 0.47136462
v 29.00000000 11.00000000 2.47337508
v 29.00000000 12.00000000 0.47728628
v 29.00000000 12.00000000 2.41979766
v 29.00000000 13.00000000 0.63141185
v 28.30601883 13.00000000 2.00000000
v 29.00000000 13.00000000 2.21341968
v 28.65979195 14.00000000 1.00000000
v 29.00000000 14.00000000 0.92673796
v 29.00000000 14.00000000 1.70005679
v 29.00000000 13.89912701 2.00000000
v 29.00000000 14.36253166 1.00000000
v 29.00000000 15.00000000 1.88417792
v 28.95299149 15.00000000 2.00000000
v 29.00000000 14.65036488 2.00000000
v 29.00000000 15.00000000 2.01694155
v 28.22842407 16.00000000 2.00000000
v 29.00000000 16.00000000 1.28599334
v 29.00000000 16.00000000 2.28587580
v 29.00000000 17.00000000 1.43864799
v 28.99272919 17.00000000 3.00000000
v 29.00000000 16.99514580 3.00000000
v 29.00000000 17.00000000 3.00538397
v 28.88708878 17.00000000 7.00000000
v 29.00000000 16.87894249 7.00000000
v 29.00000000 17.00000000 6.60077858
v 29.00000000 17.00000000 7.16087341
v 29.00000000 18.00000000 1.39804947
v 28.66433907 18.00000000 3.00000000
v 29.00000000 18.00000000 3.36550093
v 28.78099251 18.00000000 6.00000000
v 29.00000000 17.77633858 6.00000000
v 29.00000000 18.00000000 5.88701820
v 28.89490891 18.00000000 7.00000000
v 29.00000000 18.00000000 7.16059446
v 28.61659622 18.00000000 14.00000000
v 29.00000000 17.78700829 14.00000000
v 29.00000000 18.00000000 13.30365086
v 28.36530304 18.00000000 15.00000000
v 29.00000000 18.00000000 14.26578903
v 28.27298737 18.00000000 18.00000000
v 28.26317978 18.00000000 19.00000000
v 28.00119019 19.00000000 2.00000000
v 29.00000000 19.00000000 1.72806954
v 28.36607361 19.00000000 3.00000000
v 29.00000000 19.00000000 3.58816504
v 29.00000000 18.07710838 6.00000000
v 29.00000000 18.16858292 7.00000000
v 29.00000000 18.68110847 14.00000000
v 28.94335747 19.00000000 18.00000000
v 28.49671364 19.00000000 19.00000000
v 29.00000000 20.00000000 1.79649413
v 28.33460045 20.00000000 3.00000000
v 29.00000000 20.00000000 3.53511477
v 28.02533722 20.00000000 6.00000000
v 28.40868568 20.00000000 13.00000000
v 29.00000000 19.34834862 13.00000000
v 29.00000000 20.00000000 12.12473679
v 28.03401566 20.00000000 14.00000000
v 29.00000000 19.19124985 14.00000000
v 29.00000000 20.00000000 14.57840443
v 29.00000000 19.07317543 18.00000000
v 29.00000000 20.00000000 17.48886871
v 28.85461426 20.00000000 19.00000000
v 29.00000000 20.00000000 18.76391792
v 29.00000000 21.00000000 1.71295202
v 28.88768578 21.00000000 3.00000000
v 29.00000000 21.00000000 3.07523727
v 28.32659340 21.00000000 7.00000000
v 28.11926270 21.00000000 12.00000000
v 29.00000000 20.05233383 12.00000000
v 29.00000000 21.00000000 11.00382137
v 28.01206779 21.00000000 13.00000000
v 28.03044701 21.00000000 14.00000000
v 29.00000000 20.45863533 15.00000000
v 28.10262489 21.00000000 15.00000000
v 29.00000000 21.00000000 15.46247768
v 28.62334824 21.00000000 17.00000000
v 29.00000000 20.54162788 17.00000000
v 29.00000000 21.00000000 16.64811325
v 28.10827827 21.00000000 18.00000000
v 29.00000000 20.22333717 19.00000000
v 28.14092255 21.00000000 20.00000000
v 29.00000000 21.00000000 19.47810745
v 29.00000000 22.00000000 1.77200627
v 28.75610161 22.00000000 3.00000000
v 29.00000000 22.00000000 3.12321115
v 28.24752808 22.00000000 6.00000000
v 28.92807198 22.00000000 7.00000000
v 28.81706810 22.00000000 11.00000000
v 29.00000000 21.01248932 11.00000000
v 29.00000000 22.00000000 10.81187153
v 28.73225784 22.00000000 16.00000000
v 29.00000000 21.63136101 16.00000000
v 29.00000000 21.31726074 20.00000000
v 29.00000000 21.65524673 21.00000000
v 28.09714508 22.00000000 22.00000000
v 29.00000000 22.00000000 21.64643288
v 28.90375519 22.00000000 25.00000000
v 28.00206375 22.00000000 26.00000000
v 29.00000000 23.00000000 1.42133307
v 28.15503883 23.00000000 3.00000000
v 29.00000000 23.00000000 3.53873277
v 28.35430717 23.00000000 6.00000000
v 29.00000000 23.00000000 6.73316288
v 29.00000000 22.22411728 7.00000000
v 28.58169174 23.00000000 8.00000000
v 29.00000000 23.00000000 7.19084024
v 28.87418556 23.00000000 11.00000000
v 29.00000000 23.00000000 10.87694263
v 29.00000000 23.00000000 21.72344780
v 29.00000000 22.08686829 25.00000000
v 29.00000000 23.00000000 24.41103554
v 28.50462914 23.00000000 26.00000000
v 29.00000000 23.00000000 25.45193672
v 29.00000000 24.00000000 1.53632092
v 28.25051498 24.00000000 3.00000000
v 29.00000000 24.00000000 3.47239804
v 28.23226357 24.00000000 6.00000000
v 29.00000000 24.00000000 6.86983824
v 28.68909454 24.00000000 8.00000000
v 29.00000000 24.00000000 7.14171410
v 28.79622078 24.00000000 11.00000000
v 29.00000000 24.00000000 10.81176186
v 28.36625481 24.00000000 16.00000000
v 29.00000000 24.00000000 21.69261169
v 29.00000000 24.00000000 24.74032784
v 29.00000000 24.00000000 25.11905670
v 29.00000000 25.00000000 1.54544902
v 28.28551102 25.00000000 3.00000000
v 29.00000000 25.00000000 3.63719273
v 29.00000000 24.63322830 6.00000000
v 29.00000000 25.00000000 5.80477762
v 29.00000000 24.56318474 8.00000000
v 29.00000000 25.00000000 8.57686520
v 28.55213547 25.00000000 11.00000000
v 29.00000000 25.00000000 10.78634357
v 28.32193184 25.00000000 20.00000000
v 29.00000000 25.00000000 19.75265121
v 29.00000000 24.78083992 20.00000000
v 29.00000000 24.43511200 21.00000000
v 29.00000000 24.19273758 25.00000000
v 29.00000000 26.00000000 1.46644878
v 29.00000000 26.00000000 3.90325403
v 28.47796059 26.00000000 5.00000000
v 29.00000000 26.00000000 5.10932684
v 29.00000000 25.37169075 9.00000000
v 29.00000000 26.00000000 9.43121052
v 29.00000000 26.00000000 10.52579498
v 28.82940292 26.00000000 17.00000000
v 29.00000000 26.00000000 16.38049507
v 29.00000000 25.91331482 17.00000000
v 29.00000000 26.00000000 17.18214035
v 28.88696289 26.00000000 19.00000000
v 29.00000000 26.00000000 18.86397171
v 29.00000000 25.93237305 19.00000000
v 29.00000000 27.00000000 1.30486166
v 29.00000000 26.17369652 4.00000000
v 28.03055000 27.00000000 4.00000000
v 29.00000000 26.20026016 5.00000000
v 28.86513138 27.00000000 10.00000000
v 29.00000000 27.00000000 9.82808113
v 29.00000000 27.00000000 10.20300770
v 29.00000000 27.00000000 15.50699997
v 29.00000000 26.04670525 16.00000000
v 29.00000000 26.20548820 18.00000000
v 28.15123940 27.00000000 18.00000000
v 28.24663162 27.00000000 19.00000000
v 29.00000000 28.00000000 1.23207974
v 28.98140717 28.00000000 10.00000000
v 29.00000000 28.00000000 9.96792793
v 29.00000000 28.00000000 10.04488277
v 28.54425430 28.00000000 15.00000000
v 29.00000000 28.00000000 14.97513771
v 29.00000000 27.95344925 15.00000000
v 29.00000000 29.00000000 1.05604327
v 29.00000000 28.06595612 10.00000000
v 29.00000000 29.00000000 14.60457993
v 28.59692764 30.00000000 1.00000000
v 29.00000000 29.69325829 1.00000000
v 29.00000000 30.00000000 0.98315918
v 28.21379280 30.00000000 4.00000000
v 28.62533951 30.00000000 5.00000000
v 29.00000000 30.00000000 4.51462889
v 29.00000000 29.61727524 5.00000000
v 29.00000000 30.00000000 5.31586456
v 28.93953323 30.00000000 10.00000000
v 29.00000000 30.00000000 9.47702980
v 29.00000000 29.80841827 10.00000000
v 29.00000000 30.00000000 10.15215492
v 29.00000000 30.00000000 14.34597683
v 28.42609215 31.00000000 1.00000000
v 29.00000000 30.21286964 1.00000000
v 29.00000000 31.00000000 1.16841030
v 28.55684471 31.00000000 3.00000000
v 29.00000000 31.00000000 2.84422421
v 29.00000000 30.86694145 3.00000000
v 29.00000000 30.27032089 4.00000000
v 29.00000000 30.51239967 6.00000000
v 28.13031960 31.00000000 6.00000000
v 29.00000000 30.75503159 7.00000000
v 28.26322937 31.00000000 7.00000000
v 29.00000000 30.39359665 8.00000000
v 29.00000000 30.06765747 9.00000000
v 29.00000000 30.39122581 11.00000000
v 28.40621758 31.00000000 11.00000000
v 29.00000000 30.48504829 12.00000000
v 28.32986069 31.00000000 12.00000000
v 29.00000000 30.94075775 13.00000000
v 28.93091011 31.00000000 13.00000000
v 29.00000000 30.53165054 14.00000000
v 28.42730141 31.00000000 14.00000000
v 29.00000000 32.00000000 1.48617280
v 29.00000000 32.00000000 2.32442045
v 29.00000000 33.00000000 1.42415392
v 29.00000000 33.00000000 2.07619452
v 29.00000000 33.73496628 2.00000000
v 28.49182510 35.00000000 1.00000000
v 29.00000000 34.80932999 1.00000000
v 29.00000000 35.00000000 0.96527272
v 29.00000000 35.00000000 1.28928483
v 29.00000000 35.20671463 1.00000000
v 29.00000000 36.63916016 1.00000000
v 29.00000000 37.00000000 0.92945296
v 29.00000000 37.00000000 1.42435753
v 29.00000000 38.00000000 0.90587616
v 29.00000000 38.00000000 1.60815144
v 29.00000000 39.00000000 0.94462782
v 29.00000000 39.00000000 1.24605680
v 29.00000000 40.00000000 0.97591197
v 29.00000000 40.00000000 1.07897782
v 29.00000000 41.00000000 0.79610062
v 29.00000000 41.00000000 1.56796885
v 29.00000000 42.00000000 0.76661336
v 29.00000000 42.00000000 1.70051694
v 29.00000000 43.00000000 0.62296194
v 29.00000000 42.41546631 2.00000000
v 29.00000000 43.00000000 2.14641333
v 29.00000000 44.00000000 0.73879361
v 29.00000000 44.00000000 2.07791924
v 29.00000000 44.50362015 1.00000000
v 28.27722931 45.00000000 1.00000000
v 29.00000000 44.45748901 2.00000000
v 30.00000000 2.87846446 1.00000000
v 30.00000000 3.00000000 0.90164709
v 30.00000000 2.97243118 2.00000000
v 30.00000000 3.00000000 2.03024340
v 30.00000000 4.00000000 0.77138507
v 30.00000000 4.00000000 2.24855614
v 30.00000000 5.00000000 0.43072101
v 30.00000000 5.00000000 2.53502464
v 30.00000000 6.00000000 0.34659499
v 30.00000000 6.00000000 2.70975876
v 30.00000000 7.00000000 0.32622167
v 30.00000000 7.00000000 2.63737321
v 30.00000000 8.00000000 0.28147513
v 30.00000000 8.00000000 2.67354059
v 30.00000000 9.00000000 0.27213600
v 30.00000000 9.00000000 2.67940831
v 30.00000000 10.00000000 0.22930788
v 30.00000000 10.00000000 2.68330431
v 30.00000000 11.00000000 0.35857978
v 30.00000000 11.00000000 2.49135256
v 30.00000000 12.00000000 0.36993271
v 30.00000000 12.00000000 2.41257167
v 30.00000000 13.00000000 0.50553602
v 30.00000000 13.00000000 2.27651381
v 30.00000000 14.00000000 0.63472438
v 29.11281776 14.00000000 2.00000000
v 30.00000000 14.00000000 2.21848965
v 29.26776886 15.00000000 1.00000000
v 30.00000000 15.00000000 0.71278667
v 30.00000000 15.00000000 2.45343232
v 29.20622635 16.00000000 1.00000000
v 30.00000000 16.00000000 0.70932883
v 30.00000000 16.00000000 2.80215049
v 29.46787071 17.00000000 1.00000000
v 30.00000000 17.00000000 0.82163835
v 30.00000000 16.33222198 3.00000000
v 30.00000000 17.00000000 3.46509504
v 29.29519653 17.00000000 7.00000000
v 29.49306107 18.00000000 1.00000000
v 30.00000000 18.00000000 0.82434624
v 30.00000000 18.00000000 3.88267493
v 30.00000000 17.28507042 6.00000000
v 30.00000000 18.00000000 5.17144442
v 29.77700996 18.00000000 7.00000000
v 30.00000000 18.00000000 6.89559412
v 29.14537811 18.00000000 14.00000000
v 30.00000000 18.75886345 1.00000000
v 30.00000000 19.00000000 1.11728930
v 30.00000000 19.00000000 3.97670388
v 30.00000000 18.26956558 6.00000000
v 30.00000000 20.00000000 1.06985545
v 30.00000000 20.00000000 3.83544898
v 29.33504868 20.00000000 13.00000000
v 29.36976624 20.00000000 14.00000000
v 29.21312332 20.00000000 18.00000000
v 30.00000000 21.00000000 1.46536720
v 30.00000000 21.00000000 3.26231909
v 29.68416214 21.00000000 12.00000000
v 29.64453697 21.00000000 13.00000000
v 29.73703003 21.00000000 14.00000000
v 29.40019417 21.00000000 15.00000000
v 29.32826042 21.00000000 17.00000000
v 29.69839668 21.00000000 18.00000000
v 29.28021049 21.00000000 19.00000000
v 30.00000000 22.00000000 1.67876112
v 30.00000000 22.00000000 3.18119311
v 29.22242355 22.00000000 11.00000000
v 30.00000000 22.00000000 11.94616222
v 30.00000000 21.88440895 12.00000000
v 30.00000000 21.66685867 13.00000000
v 30.00000000 21.41576958 14.00000000
v 30.00000000 21.66031075 15.00000000
v 29.64270782 22.00000000 16.00000000
v 30.00000000 22.00000000 15.67146206
v 30.00000000 22.00000000 16.17834473
v 30.00000000 21.42626572 17.00000000
v 30.00000000 21.28122139 18.00000000
v 30.00000000 21.50817490 19.00000000
v 30.00000000 21.89643669 20.00000000
v 29.52388573 22.00000000 21.00000000
v 30.00000000 22.00000000 20.24277306
v 30.00000000 23.00000000 1.43269074
v 30.00000000 23.00000000 3.62484121
v 29.07098579 23.00000000 7.00000000
v 29.10062027 23.00000000 11.00000000
v 30.00000000 22.09490395 12.00000000
v 29.60958290 23.00000000 12.00000000
v 30.00000000 23.00000000 12.55450153
v 30.00000000 22.31203651 16.00000000
v 30.00000000 22.56461716 21.00000000
v 30.00000000 23.00000000 21.28398895
v 29.51456642 23.00000000 25.00000000
v 30.00000000 24.00000000 1.50296330
v 30.00000000 24.00000000 3.62146091
v 29.03049088 24.00000000 7.00000000
v 29.16387367 24.00000000 11.00000000
v 29.87388992 24.00000000 12.00000000
v 30.00000000 24.00000000 12.23327732
v 29.98142815 24.00000000 16.00000000
v 30.00000000 24.00000000 15.98580170
v 30.00000000 23.97915840 16.00000000
v 30.00000000 24.00000000 16.00551987
v 29.81267166 24.00000000 21.00000000
v 30.00000000 24.00000000 20.83092499
v 30.00000000 23.78080559 21.00000000
v 29.12283707 24.00000000 25.00000000
v 30.00000000 25.00000000 1.53359485
v 30.00000000 25.00000000 3.83237100
v 29.16564178 25.00000000 6.00000000
v 29.45062447 25.00000000 7.00000000
v 29.11413765 25.00000000 8.00000000
v 29.19565582 25.00000000 11.00000000
v 29.99717903 25.00000000 12.00000000
v 30.00000000 25.00000000 12.00229263
v 30.00000000 24.69779396 16.00000000
v 30.00000000 25.00000000 19.27933311
v 30.00000000 24.41771507 20.00000000
v 30.00000000 26.00000000 1.44265747
v 30.00000000 26.00000000 3.94234395
v 29.60515404 26.00000000 6.00000000
v 29.71736145 26.00000000 7.00000000
v 29.35812759 26.00000000 8.00000000
v 29.12285614 26.00000000 9.00000000
v 29.20320129 26.00000000 11.00000000
v 29.79699326 26.00000000 12.00000000
v 30.00000000 26.00000000 12.22659206
v 29.03353882 26.00000000 16.00000000
v 30.00000000 26.00000000 15.17471790
v 30.00000000 25.00233269 16.00000000
v 30.00000000 25.18323135 17.00000000
v 30.00000000 25.36479759 18.00000000
v 29.26844978 26.00000000 18.00000000
v 30.00000000 25.22406960 19.00000000
v 30.00000000 27.00000000 1.29237342
v 30.00000000 26.16577339 4.00000000
v 29.54711723 27.00000000 5.00000000
v 30.00000000 27.00000000 4.62008381
v 30.00000000 27.00000000 5.61409807
v 30.00000000 26.71901512 6.00000000
v 30.00000000 26.64897156 7.00000000
v 29.70229340 27.00000000 8.00000000
v 30.00000000 27.00000000 7.28098106
v 29.27250290 27.00000000 9.00000000
v 29.29317474 27.00000000 11.00000000
v 29.61240959 27.00000000 12.00000000
v 30.00000000 27.00000000 12.73151875
v 29.72828865 27.00000000 15.00000000
v 30.00000000 27.00000000 14.59835243
v 30.00000000 26.43788719 15.00000000
v 30.00000000 28.00000000 1.20525813
v 30.00000000 27.99175262 5.00000000
v 29.73455238 28.00000000 8.00000000
v 30.00000000 28.00000000 7.44970083
v 29.31497574 28.00000000 9.00000000
v 29.26206970 28.00000000 11.00000000
v 29.50187492 28.00000000 12.00000000
v 30.00000000 27.67695427 13.00000000
v 29.94230080 28.00000000 13.00000000
v 30.00000000 27.68529701 14.00000000
v 29.88238907 28.00000000 14.00000000
v 29.41219330 29.00000000 1.00000000
v 30.00000000 28.79809952 1.00000000
v 30.00000000 29.00000000 0.95891976
v 29.60499573 29.00000000 8.00000000
v 30.00000000 29.00000000 7.32147026
v 29.28356361 29.00000000 9.00000000
v 29.19051552 29.00000000 10.00000000
v 29.40012360 29.00000000 11.00000000
v 29.64225006 29.00000000 12.00000000
v 29.92664337 29.00000000 13.00000000
v 29.73524284 29.00000000 14.00000000
v 29.34124756 30.00000000 1.00000000
v 30.00000000 29.62540817 1.00000000
v 30.00000000 30.00000000 1.03818834
v 30.00000000 30.00000000 4.31220865
v 30.00000000 29.00621796 5.00000000
v 30.00000000 29.82628632 6.00000000
v 29.86466980 30.00000000 6.00000000
v 30.00000000 29.89424896 7.00000000
v 29.94559479 30.00000000 7.00000000
v 29.35907364 30.00000000 8.00000000
v 29.04932213 30.00000000 9.00000000
v 29.28929710 30.00000000 11.00000000
v 29.41683960 30.00000000 12.00000000
v 29.73973656 30.00000000 13.00000000
v 29.44521713 30.00000000 14.00000000
v 30.00000000 31.00000000 1.21605563
v 30.00000000 31.00000000 2.96629977
v 30.00000000 30.98420334 3.00000000
v 30.00000000 30.14666557 4.00000000
v 30.00000000 32.00000000 1.47766566
v 30.00000000 32.00000000 2.55271816
v 29.31556511 33.00000000 1.00000000
v 30.00000000 32.68086243 1.00000000
v 30.00000000 33.00000000 0.91743934
v 30.00000000 33.00000000 2.34497857
v 29.87076378 34.00000000 1.00000000
v 30.00000000 34.00000000 0.98030871
v 29.20469666 34.00000000 2.00000000
v 30.00000000 34.00000000 2.11027408
v 30.00000000 35.00000000 0.84149665
v 29.86854744 35.00000000 2.00000000
v 30.00000000 35.00000000 2.01465678
v 29.58119011 36.00000000 1.00000000
v 30.00000000 36.00000000 0.90333557
v 30.00000000 36.00000000 1.71803033
v 30.00000000 35.25506210 2.00000000
v 30.00000000 37.00000000 0.85477525
v 29.65631485 37.00000000 2.00000000
v 30.00000000 36.41370773 2.00000000
v 30.00000000 37.00000000 2.05564141
v 30.00000000 38.00000000 0.79774523
v 30.00000000 38.00000000 1.85684872
v 30.00000000 37.58522034 2.00000000
v 30.00000000 39.00000000 0.74421465
v 30.00000000 38.34770584 2.00000000
v 29.74639511 39.00000000 2.00000000
v 30.00000000 39.00000000 2.07916570
v 30.00000000 40.00000000 0.75396574
v 29.95698547 40.00000000 2.00000000
v 30.00000000 40.00000000 2.01364160
v 30.00000000 41.00000000 0.67360276
v 29.79388618 41.00000000 2.00000000
v 30.00000000 41.00000000 2.04511499
v 30.00000000 42.00000000 0.65142691
v 29.46911430 42.00000000 2.00000000
v 30.00000000 42.00000000 2.12157774
v 30.00000000 43.00000000 0.68151182
v 30.00000000 43.00000000 2.25738239
v 30.00000000 44.00000000 0.77263391
v 30.00000000 44.00000000 2.07754707
v 30.00000000 44.47583008 1.00000000
v 30.00000000 44.36111832 2.00000000
v 30.19075584 3.00000000 1.00000000
v 30.06269455 3.00000000 2.00000000
v 30.51161575 4.00000000 1.00000000
v 30.77761459 4.00000000 2.00000000
v 31.00000000 4.35603523 1.00000000
v 31.00000000 5.00000000 0.58474690
v 31.00000000 4.10205269 2.00000000
v 31.00000000 5.00000000 2.50812387
v 31.00000000 6.00000000 0.42251679
v 31.00000000 6.00000000 2.82260299
v 31.00000000 7.00000000 0.28258035
v 31.00000000 7.00000000 2.74716496
v 31.00000000 8.00000000 0.24147722
v 31.00000000 8.00000000 2.82236099
v 31.00000000 9.00000000 0.14898287
v 31.00000000 9.00000000 2.68634057
v 31.00000000 10.00000000 0.14970541
v 31.00000000 10.00000000 2.65808606
v 31.00000000 11.00000000 0.28654739
v 31.00000000 11.00000000 2.35133576
v 31.00000000 12.00000000 0.35902196
v 31.00000000 12.00000000 2.29602528
v 31.00000000 13.00000000 0.54232174
v 31.00000000 13.00000000 2.32240772
v 31.00000000 14.00000000 0.58192801
v 31.00000000 14.00000000 2.39025068
v 31.00000000 15.00000000 0.51666290
v 31.00000000 15.00000000 2.86333013
v 31.00000000 16.00000000 0.52268010
v 31.00000000 15.33167171 3.00000000
v 30.42105484 16.00000000 3.00000000
v 31.00000000 16.00000000 3.29013658
v 31.00000000 17.00000000 0.73160619
v 31.00000000 17.00000000 3.67376304
v 31.00000000 18.00000000 0.84213287
v 31.00000000 18.00000000 3.78057528
v 30.45543289 18.00000000 6.00000000
v 31.00000000 18.62110329 1.00000000
v 31.00000000 19.00000000 1.20566237
v 31.00000000 19.00000000 3.70074916
v 31.00000000 20.00000000 1.24808657
v 31.00000000 20.00000000 3.41049433
v 31.00000000 21.00000000 1.41115916
v 31.00000000 21.00000000 3.17277741
v 31.00000000 22.00000000 1.75307286
v 30.88025856 22.00000000 3.00000000
v 31.00000000 22.00000000 2.94526029
v 31.00000000 21.88556290 3.00000000
v 30.01650047 22.00000000 12.00000000
v 30.08315468 22.00000000 13.00000000
v 30.19561768 22.00000000 14.00000000
v 30.17431641 22.00000000 15.00000000
v 30.32683945 22.00000000 17.00000000
v 30.31224632 22.00000000 18.00000000
v 30.52118111 22.00000000 19.00000000
v 30.14713478 22.00000000 20.00000000
v 31.00000000 23.00000000 1.45672214
v 31.00000000 22.03009224 3.00000000
v 31.00000000 23.00000000 3.67407107
v 30.15007210 23.00000000 13.00000000
v 30.39297485 23.00000000 14.00000000
v 30.63885880 23.00000000 15.00000000
v 30.27719498 23.00000000 16.00000000
v 30.81681442 23.00000000 17.00000000
v 30.74492645 23.00000000 18.00000000
v 30.92041206 23.00000000 19.00000000
v 30.86481667 23.00000000 20.00000000
v 30.37547112 23.00000000 21.00000000
v 31.00000000 24.00000000 1.48688054
v 31.00000000 24.00000000 3.69339299
v 30.19198608 24.00000000 13.00000000
v 30.35238838 24.00000000 14.00000000
v 30.54562759 24.00000000 15.00000000
v 30.87592316 24.00000000 17.00000000
v 30.78148842 24.00000000 18.00000000
v 30.83488083 24.00000000 19.00000000
v 30.64993286 24.00000000 20.00000000
v 31.00000000 25.00000000 1.44000196
v 31.00000000 25.00000000 3.87496972
v 30.30729294 25.00000000 13.00000000
v 30.60545540 25.00000000 14.00000000
v 30.55507851 25.00000000 15.00000000
v 30.00221634 25.00000000 16.00000000
v 30.14492798 25.00000000 17.00000000
v 30.38025665 25.00000000 18.00000000
v 30.30302238 25.00000000 19.00000000
v 31.00000000 26.00000000 1.36637545
v 31.00000000 25.78002167 4.00000000
v 30.65496445 26.00000000 4.00000000
v 31.00000000 26.00000000 4.03241253
v 30.28323936 26.00000000 13.00000000
v 30.30846977 26.00000000 14.00000000
v 30.17511559 26.00000000 15.00000000
v 31.00000000 27.00000000 1.34063041
v 31.00000000 27.00000000 4.22471333
v 30.16025543 27.00000000 6.00000000
v 30.22933197 27.00000000 7.00000000
v 30.07875443 27.00000000 13.00000000
v 30.17422104 27.00000000 14.00000000
v 31.00000000 28.00000000 1.27499378
v 30.00429535 28.00000000 5.00000000
v 31.00000000 28.00000000 4.48226690
v 30.48603249 28.00000000 6.00000000
v 30.54441833 28.00000000 7.00000000
v 31.00000000 28.91775513 1.00000000
v 31.00000000 29.00000000 0.97895384
v 30.00303078 29.00000000 5.00000000
v 31.00000000 29.00000000 4.33437967
v 30.35996437 29.00000000 6.00000000
v 30.28041077 29.00000000 7.00000000
v 30.57699013 30.00000000 1.00000000
v 31.00000000 30.00000000 0.98128760
v 31.00000000 30.00000000 4.21573400
v 31.00000000 30.25422859 1.00000000
v 31.00000000 31.00000000 1.12509358
v 31.00000000 31.00000000 2.97033882
v 31.00000000 30.97692680 3.00000000
v 31.00000000 30.19297981 4.00000000
v 31.00000000 32.00000000 1.11635733
v 31.00000000 32.00000000 2.70005918
v 31.00000000 32.18702698 1.00000000
v 31.00000000 33.00000000 0.74247974
v 31.00000000 33.00000000 2.69989991
v 31.00000000 34.00000000 0.70019138
v 31.00000000 34.00000000 2.41166711
v 31.00000000 35.00000000 0.70081455
v 31.00000000 35.00000000 2.29858994
v 31.00000000 36.00000000 0.81432587
v 30.26940346 36.00000000 2.00000000
v 31.00000000 36.00000000 2.17153120
v 31.00000000 37.00000000 0.73142338
v 31.00000000 37.00000000 2.11422014
v 31.00000000 38.00000000 0.78880674
v 30.42178535 38.00000000 2.00000000
v 31.00000000 38.00000000 2.06508136
v 31.00000000 39.00000000 0.60832435
v 31.00000000 39.00000000 2.18149400
v 31.00000000 40.00000000 0.60023880
v 31.00000000 40.00000000 2.12297750
v 31.00000000 41.00000000 0.58580476
v 31.00000000 41.00000000 2.22108197
v 31.00000000 42.00000000 0.60195851
v 31.00000000 42.00000000 2.19273186
v 31.00000000 43.00000000 0.71160769
v 31.00000000 43.00000000 2.14002991
v 31.00000000 44.00000000 0.85101038
v 31.00000000 44.00000000 2.02531791
v 31.00000000 44.25473022 1.00000000
v 31.00000000 44.11746597 2.00000000
v 32.00000000 4.64488697 1.00000000
v 32.00000000 5.00000000 0.70971549
v 32.00000000 4.68286133 2.00000000
v 32.00000000 5.00000000 2.25969195
v 32.00000000 6.00000000 0.45093000
v 32.00000000 6.00000000 2.57025528
v 32.00000000 7.00000000 0.26187015
v 32.00000000 7.00000000 2.60384727
v 32.00000000 8.00000000 0.20286493
v 32.00000000 8.00000000 2.68922591
v 32.00000000 9.00000000 0.23014325
v 32.00000000 9.00000000 2.60503292
v 32.00000000 10.00000000 0.20573558
v 32.00000000 10.00000000 2.61385560
v 32.00000000 11.00000000 0.36683646
v 32.00000000 11.00000000 2.41775632
v 32.00000000 12.00000000 0.40051323
v 32.00000000 12.00000000 2.34520745
v 32.00000000 13.00000000 0.56762314
v 32.00000000 13.00000000 2.46239829
v 32.00000000 14.00000000 0.55829686
v 32.00000000 14.00000000 2.67830443
v 32.00000000 15.00000000 0.43881559
v 32.00000000 14.66906166 3.00000000
v 31.46093178 15.00000000 3.00000000
v 32.00000000 15.00000000 3.19812155
v 32.00000000 16.00000000 0.46640545
v 32.00000000 16.00000000 3.60899019
v 32.00000000 17.00000000 0.72343355
v 32.00000000 17.00000000 3.64600492
v 32.00000000 18.00000000 0.87907630
v 32.00000000 18.00000000 3.60145354
v 32.00000000 18.35937500 1.00000000
v 32.00000000 19.00000000 1.49333286
v 32.00000000 19.00000000 3.23664808
v 32.00000000 20.00000000 1.59165478
v 31.78662491 20.00000000 3.00000000
v 32.00000000 20.00000000 2.77996516
v 32.00000000 19.66931343 3.00000000
v 32.00000000 21.00000000 1.69805813
v 31.33667374 21.00000000 3.00000000
v 32.00000000 21.00000000 2.51907206
v 32.00000000 22.00000000 1.97758126
v 32.00000000 22.00000000 2.04948044
v 32.00000000 23.00000000 1.74132586
v 31.91978455 23.00000000 3.00000000
v 32.00000000 23.00000000 2.88096428
v 32.00000000 24.00000000 1.78368223
v 31.89538574 24.00000000 3.00000000
v 32.00000000 24.00000000 2.81899309
v 32.00000000 25.00000000 1.75455439
v 31.94017601 25.00000000 3.00000000
v 32.00000000 25.00000000 2.88481474
v 32.00000000 26.00000000 1.59412038
v 32.00000000 25.11008644 3.00000000
v 31.04730797 26.00000000 4.00000000
v 32.00000000 26.00000000 3.38794017
v 32.00000000 27.00000000 1.55698705
v 31.32852364 27.00000000 4.00000000
v 32.00000000 27.00000000 3.62173319
v 32.00000000 28.00000000 1.42776561
v 31.73497009 28.00000000 4.00000000
v 32.00000000 28.00000000 3.87165570
v 31.15091705 29.00000000 1.00000000
v 32.00000000 29.00000000 1.17231166
v 32.00000000 28.82196999 4.00000000
v 32.00000000 29.00000000 4.02102757
v 31.28279495 30.00000000 1.00000000
v 32.00000000 30.00000000 1.07802331
v 31.61800194 30.00000000 4.00000000
v 32.00000000 30.00000000 3.85513973
v 32.00000000 29.15218925 4.00000000
v 32.00000000 31.00000000 1.04115701
v 31.11456299 31.00000000 3.00000000
v 32.00000000 31.00000000 3.24534321
v 32.00000000 32.00000000 1.08158350
v 31.73124695 32.00000000 3.00000000
v 32.00000000 32.00000000 3.11152530
v 32.00000000 32.15186310 1.00000000
v 32.00000000 33.00000000 0.75277990
v 32.00000000 33.00000000 2.64004803
v 32.00000000 32.21889496 3.00000000
v 32.00000000 34.00000000 0.70022488
v 32.00000000 34.00000000 2.35146332
v 32.00000000 35.00000000 0.77317083
v 31.89516640 35.00000000 2.00000000
v 32.00000000 35.00000000 1.89790130
v 32.00000000 34.91910934 2.00000000
v 32.00000000 36.00000000 0.98976368
v 31.44440269 36.00000000 2.00000000
v 32.00000000 36.00000000 1.05690014
v 32.00000000 37.00000000 0.82214123
v 31.52157974 37.00000000 2.00000000
v 32.00000000 37.00000000 1.68646812
v 32.00000000 38.00000000 0.85784924
v 31.19765663 38.00000000 2.00000000
v 32.00000000 38.00000000 1.38474405
v 32.00000000 39.00000000 0.61264056
v 31.73546600 39.00000000 2.00000000
v 32.00000000 39.00000000 1.87508249
v 32.00000000 40.00000000 0.58239812
v 31.84731293 40.00000000 2.00000000
v 32.00000000 40.00000000 1.95800936
v 32.00000000 41.00000000 0.65399575
v 32.00000000 40.59646988 2.00000000
v 32.00000000 41.00000000 2.01371431
v 32.00000000 42.00000000 0.68760556
v 31.70079994 42.00000000 2.00000000
v 32.00000000 42.00000000 1.83959663
v 32.00000000 41.17594910 2.00000000
v 32.00000000 43.00000000 0.90001953
v 31.38212585 43.00000000 2.00000000
v 32.00000000 43.00000000 1.40537274
v 32.00000000 43.46472549 1.00000000
v 31.57420349 44.00000000 1.00000000
v 31.04536247 44.00000000 2.00000000
v 33.00000000 4.66545868 1.00000000
v 33.00000000 5.00000000 0.78273982
v 32.44330978 5.00000000 2.00000000
v 33.00000000 5.00000000 1.43552899
v 33.00000000 6.00000000 0.54014027
v 33.00000000 5.91626501 2.00000000
v 33.00000000 6.00000000 2.02547789
v 33.00000000 7.00000000 0.39206538
v 33.00000000 7.00000000 2.08961821
v 33.00000000 8.00000000 0.29472956
v 33.00000000 8.00000000 2.21319675
v 33.00000000 9.00000000 0.27583313
v 33.00000000 9.00000000 2.19793463
v 33.00000000 10.00000000 0.27184826
v 33.00000000 10.00000000 2.31316948
v 33.00000000 11.00000000 0.62463415
v 33.00000000 11.00000000 2.06444025
v 33.00000000 12.00000000 0.53528428
v 33.00000000 12.00000000 2.10288882
v 33.00000000 13.00000000 0.58208913
v 33.00000000 13.00000000 2.25837040
v 33.00000000 14.00000000 0.48038533
v 33.00000000 14.00000000 2.57162333
v 33.00000000 15.00000000 0.47129068
v 32.42831039 15.00000000 3.00000000
v 33.00000000 15.00000000 2.79330873
v 33.00000000 16.00000000 0.50468767
v 33.00000000 15.98988438 3.00000000
v 33.00000000 16.00000000 3.00189734
v 33.00000000 17.00000000 0.67028737
v 32.95137024 17.00000000 3.00000000
v 33.00000000 17.00000000 2.96593714
v 33.00000000 16.07336998 3.00000000
v 33.00000000 18.00000000 0.84600085
v 32.87410355 18.00000000 3.00000000
v 33.00000000 18.00000000 2.89298415
v 33.00000000 18.74091148 1.00000000
v 33.00000000 19.00000000 1.28942442
v 32.22181320 19.00000000 3.00000000
v 33.00000000 19.00000000 2.29367256
v 33.00000000 20.00000000 1.76039946
v 33.00000000 20.00000000 2.12227035
v 33.00000000 21.00000000 1.93157184
v 33.00000000 21.00000000 2.02352238
v 33.00000000 21.39413452 2.00000000
v 32.37715912 22.00000000 2.00000000
v 33.00000000 22.49629974 2.00000000
v 33.00000000 23.00000000 1.94391870
v 33.00000000 23.00000000 2.04097819
v 33.00000000 24.00000000 1.93930197
v 33.00000000 24.00000000 2.05783463
v 33.00000000 24.64673424 2.00000000
v 32.91915131 25.00000000 2.00000000
v 33.00000000 25.14133644 2.00000000
v 33.00000000 26.00000000 1.75757694
v 32.40277863 26.00000000 3.00000000
v 33.00000000 26.00000000 2.25510669
v 33.00000000 27.00000000 1.39142847
v 32.79027557 27.00000000 3.00000000
v 33.00000000 27.00000000 2.76620865
v 33.00000000 28.00000000 1.37574863
v 33.00000000 27.71872711 3.00000000
v 33.00000000 28.00000000 3.03818727
v 32.56767654 29.00000000 1.00000000
v 33.00000000 28.67686844 1.00000000
v 33.00000000 29.00000000 0.90503961
v 32.82670212 29.00000000 3.00000000
v 33.00000000 29.00000000 2.83911896
v 33.00000000 28.25784683 3.00000000
v 32.01378632 29.00000000 4.00000000
v 32.27983475 30.00000000 1.00000000
v 33.00000000 30.00000000 0.86908215
v 32.78202820 30.00000000 3.00000000
v 33.00000000 30.00000000 2.81107306
v 32.05271912 31.00000000 1.00000000
v 33.00000000 31.00000000 0.71122134
v 32.32167435 31.00000000 3.00000000
v 33.00000000 31.00000000 2.68275857
v 32.11851501 32.00000000 1.00000000
v 33.00000000 32.00000000 0.74390292
v 32.26272202 32.00000000 3.00000000
v 33.00000000 32.00000000 2.74886703
v 33.00000000 33.00000000 0.55992395
v 33.00000000 33.00000000 2.51490903
v 33.00000000 34.00000000 0.63877672
v 33.00000000 34.00000000 2.28205657
v 33.00000000 35.00000000 0.94885862
v 33.00000000 35.00000000 1.09385026
v 33.00000000 34.43076324 2.00000000
v 33.00000000 35.13221359 1.00000000
v 32.02846527 36.00000000 1.00000000
v 32.35967255 37.00000000 1.00000000
v 32.25558090 38.00000000 1.00000000
v 32.55273438 39.00000000 1.00000000
v 32.58987808 40.00000000 1.00000000
v 32.59380722 41.00000000 1.00000000
v 32.02677155 41.00000000 2.00000000
v 32.62799072 42.00000000 1.00000000
v 32.38423157 43.00000000 1.00000000
v 33.84790802 5.00000000 1.00000000
v 34.00000000 5.56775904 1.00000000
v 34.00000000 6.00000000 0.96663737
v 33.05076218 6.00000000 2.00000000
v 34.00000000 6.00000000 1.05807614
v 34.00000000 7.00000000 0.71931762
v 33.23122025 7.00000000 2.00000000
v 34.00000000 7.00000000 1.45023036
v 34.00000000 8.00000000 0.64108968
v 33.54148102 8.00000000 2.00000000
v 34.00000000 8.00000000 1.62290418
v 34.00000000 9.00000000 0.55052072
v 33.52876663 9.00000000 2.00000000
v 34.00000000 9.00000000 1.73309386
v 34.00000000 10.00000000 0.42231676
v 34.00000000 9.97591782 2.00000000
v 34.00000000 10.00000000 2.00371337
v 34.00000000 11.00000000 0.81109184
v 33.15304184 11.00000000 2.00000000
v 34.00000000 11.00000000 1.35857332
v 34.00000000 10.01137733 2.00000000
v 34.00000000 12.00000000 0.85228205
v 33.26920319 12.00000000 2.00000000
v 34.00000000 12.00000000 1.31316435
v 34.00000000 13.00000000 0.73750442
v 33.73138809 13.00000000 2.00000000
v 34.00000000 13.00000000 1.76941788
v 34.00000000 14.00000000 0.45561388
v 34.00000000 13.28738213 2.00000000
v 34.00000000 14.00000000 2.19248676
v 34.00000000 15.00000000 0.43966085
v 34.00000000 15.00000000 2.38275194
v 34.00000000 16.00000000 0.47513551
v 33.00257874 16.00000000 3.00000000
v 34.00000000 16.00000000 2.43654418
v 34.00000000 17.00000000 0.59584528
v 34.00000000 17.00000000 2.37025213
v 34.00000000 18.00000000 0.73705542
v 34.00000000 18.00000000 2.20518589
v 33.80667496 19.00000000 1.00000000
v 34.00000000 19.00000000 0.98215884
v 33.84237671 19.00000000 2.00000000
v 34.00000000 19.00000000 1.34282732
v 34.00000000 18.86032486 2.00000000
v 33.83984756 20.00000000 1.00000000
v 34.00000000 20.00000000 0.95102268
v 33.76808548 19.30441666 1.37798786
v 34.00000000 20.00000000 1.33154047
v 33.45041275 20.00000000 2.00000000
v 34.00000000 20.22121429 1.00000000
v 33.09504318 21.00000000 2.00000000
v 33.48196030 23.00000000 2.00000000
v 34.00000000 23.30512428 2.00000000
v 34.00000000 24.00000000 1.81124938
v 34.00000000 24.00000000 2.05757546
v 33.79031754 25.00000000 2.00000000
v 34.00000000 25.00000000 1.96575105
v 34.00000000 25.00000000 2.00516701
v 34.00000000 26.00000000 1.72005093
v 34.00000000 26.00000000 2.05353403
v 34.00000000 27.00000000 1.18502188
v 34.00000000 27.00000000 2.23509860
v 33.96588898 28.00000000 1.00000000
v 34.00000000 27.84092331 1.00000000
v 34.00000000 28.00000000 0.99259621
v 33.06746292 28.00000000 3.00000000
v 34.00000000 28.00000000 2.37902665
v 34.00000000 29.00000000 0.84334797
v 34.00000000 29.00000000 2.37450123
v 34.00000000 30.00000000 0.69160122
v 34.00000000 30.00000000 2.34813666
v 34.00000000 31.00000000 0.62153649
v 34.00000000 31.00000000 2.28212237
v 34.00000000 32.00000000 0.56078821
v 34.00000000 32.00000000 2.38131022
v 34.00000000 33.00000000 0.44173223
v 34.00000000 33.00000000 2.36715865
v 34.00000000 34.00000000 0.52780449
v 34.00000000 34.00000000 2.18304110
v 34.00000000 35.00000000 0.96811867
v 34.00000000 35.00000000 1.05261743
v 34.00000000 34.35834885 2.00000000
v 34.00000000 35.12991714 1.00000000
v 34.04157639 6.00000000 1.00000000
v 34.38372040 7.00000000 1.00000000
v 34.52499771 8.00000000 1.00000000
v 34.80668640 9.00000000 1.00000000
v 35.00000000 9.53888988 1.00000000
v 35.00000000 10.00000000 0.86312664
v 34.00719070 10.00000000 2.00000000
v 35.00000000 10.00000000 1.14183044
v 35.00000000 10.62541199 1.00000000
v 34.78038406 11.00000000 1.00000000
v 35.00000000 11.42839146 1.00000000
v 35.00000000 12.00000000 0.90721089
v 35.00000000 12.00000000 1.12032557
v 35.00000000 13.00000000 0.52535629
v 35.00000000 13.00000000 1.71614969
v 35.00000000 14.00000000 0.28455999
v 35.00000000 13.67375088 2.00000000
v 35.00000000 14.00000000 2.07220101
v 35.00000000 15.00000000 0.37318540
v 35.00000000 15.00000000 2.17580819
v 35.00000000 16.00000000 0.44903764
v 35.00000000 16.00000000 2.13786721
v 35.00000000 17.00000000 0.65186411
v 35.00000000 17.00000000 2.05337524
v 35.00000000 18.00000000 0.79092574
v 34.53716660 18.00000000 2.00000000
v 35.00000000 18.00000000 1.58548570
v 35.00000000 17.28798485 2.00000000
v 35.00000000 19.00000000 0.93036872
v 35.00000000 19.00000000 1.21952212
v 35.00000000 20.00000000 0.93782920
v 35.00000000 20.00000000 1.17384493
v 34.68795776 21.00000000 1.00000000
v 35.00000000 21.00000000 0.92652249
v 35.00000000 21.00000000 1.31625748
v 35.00000000 21.60080528 1.00000000
v 35.00000000 23.33046341 2.00000000
v 35.00000000 24.00000000 1.65714049
v 35.00000000 24.00000000 2.03620696
v 34.86388016 25.00000000 1.00000000
v 35.00000000 24.78384972 1.00000000
v 35.00000000 25.00000000 0.97774112
v 35.00000000 25.00000000 2.03960752
v 35.00000000 25.35214996 1.00000000
v 35.00000000 25.65567970 2.00000000
v 34.64766693 26.00000000 2.00000000
v 34.40437317 27.00000000 1.00000000
v 35.00000000 26.37479973 1.00000000
v 35.00000000 27.00000000 0.93921405
v 35.00000000 26.21406937 2.00000000
v 35.00000000 27.00000000 2.08903170
v 35.00000000 28.00000000 0.93647689
v 35.00000000 28.00000000 2.10597944
v 35.00000000 29.00000000 0.67743707
v 35.00000000 29.00000000 2.24073958
v 35.00000000 30.00000000 0.56816536
v 35.00000000 30.00000000 2.18939781
v 35.00000000 31.00000000 0.48193759
v 35.00000000 31.00000000 2.15290356
v 35.00000000 32.00000000 0.46259683
v 35.00000000 32.00000000 2.19211435
v 35.00000000 33.00000000 0.48424491
v 35.00000000 33.00000000 2.07888579
v 35.00000000 34.00000000 0.72335595
v 34.70161057 34.00000000 2.00000000
v 35.00000000 34.00000000 1.73964119
v 35.00000000 33.54668045 2.00000000
v 35.00000000 35.00000000 0.79631746
v 35.00000000 35.00000000 1.26333976
v 35.00000000 35.62807846 1.00000000
v 35.18882751 10.00000000 1.00000000
v 36.00000000 11.90280437 1.00000000
v 36.00000000 12.00000000 0.97537178
v 36.00000000 12.00000000 1.01923978
v 36.00000000 13.00000000 0.61353588
v 36.00000000 13.00000000 1.50347102
v 36.00000000 14.00000000 0.39174435
v 35.39099503 14.00000000 2.00000000
v 36.00000000 14.00000000 1.80688179
v 36.00000000 15.00000000 0.48890340
v 35.78108215 15.00000000 2.00000000
v 36.00000000 15.00000000 1.91216171
v 36.00000000 16.00000000 0.56023413
v 35.57142258 16.00000000 2.00000000
v 36.00000000 16.00000000 1.80811858
v 36.00000000 17.00000000 0.77166772
v 35.19487000 17.00000000 2.00000000
v 36.00000000 17.00000000 1.49270070
v 36.00000000 18.00000000 0.88005394
v 36.00000000 18.00000000 1.28658807
v 36.00000000 18.40063286 1.00000000
v 35.24060822 19.00000000 1.00000000
v 35.51430893 20.00000000 1.00000000
v 36.00000000 20.71490860 1.00000000
v 36.00000000 21.00000000 0.97877425
v 36.00000000 21.00000000 1.06195951
v 35.59161377 22.00000000 1.00000000
v 36.00000000 22.00000000 0.96864986
v 36.00000000 22.00000000 1.14811218
v 36.00000000 22.35548401 1.00000000
v 35.47126007 24.00000000 2.00000000
v 35.13287735 25.00000000 1.00000000
v 35.46124268 25.00000000 2.00000000
v 35.48142624 27.00000000 1.00000000
v 35.63808823 27.00000000 2.00000000
v 35.54862595 28.00000000 1.00000000
v 35.80788422 28.00000000 2.00000000
v 36.00000000 28.16268730 1.00000000
v 36.00000000 29.00000000 0.75271130
v 36.00000000 28.10251999 2.00000000
v 36.00000000 29.00000000 2.17644930
v 36.00000000 30.00000000 0.63361406
v 36.00000000 30.00000000 2.11840367
v 36.00000000 31.00000000 0.48050457
v 36.00000000 31.00000000 2.11261868
v 36.00000000 32.00000000 0.45852709
v 36.00000000 32.00000000 2.16971278
v 36.00000000 33.00000000 0.53258008
v 35.74098969 33.00000000 2.00000000
v 36.00000000 33.00000000 1.92671490
v 36.00000000 32.87059021 2.00000000
v 36.00000000 34.00000000 0.68537199
v 36.00000000 34.00000000 1.69758058
v 36.00000000 35.00000000 0.70360380
v 36.00000000 35.00000000 1.44650733
v 35.43922043 36.00000000 1.00000000
v 36.00000000 36.00000000 0.85690945
v 36.00000000 36.00000000 1.20684326
v 36.00000000 36.45618057 1.00000000
v 37.00000000 11.33727169 1.00000000
v 37.00000000 12.00000000 0.78644848
v 37.00000000 12.00000000 1.22486365
v 37.00000000 13.00000000 0.62039340
v 37.00000000 13.00000000 1.45401299
v 37.00000000 14.00000000 0.50276494
v 37.00000000 14.00000000 1.75637245
v 37.00000000 15.00000000 0.59335637
v 37.00000000 15.00000000 1.53789449
v 37.00000000 16.00000000 0.58454055
v 37.00000000 16.00000000 1.54167354
v 37.00000000 17.00000000 0.77294129
v 37.00000000 17.00000000 1.41282403
v 37.00000000 18.00000000 0.93129838
v 37.00000000 18.00000000 1.12587380
v 37.00000000 18.43117332 1.00000000
v 37.00000000 20.26815414 1.00000000
v 37.00000000 21.00000000 0.92712718
v 37.00000000 21.00000000 1.14607811
v 37.00000000 22.00000000 0.96220440
v 37.00000000 22.00000000 1.10764420
v 37.00000000 22.32868576 1.00000000
v 37.00000000 28.50311089 1.00000000
v 37.00000000 29.00000000 0.81483364
v 36.62865829 29.00000000 2.00000000
v 37.00000000 29.00000000 1.60951698
v 37.00000000 30.00000000 0.66687667
v 36.81002045 30.00000000 2.00000000
v 37.00000000 30.00000000 1.90365338
v 37.00000000 31.00000000 0.55617529
v 37.00000000 30.42263031 2.00000000
v 37.00000000 31.00000000 2.04527974
v 37.00000000 32.00000000 0.49874553
v 37.00000000 32.00000000 2.08514261
v 37.00000000 33.00000000 0.56276876
v 37.00000000 33.00000000 1.94176424
v 37.00000000 32.77632523 2.00000000
v 37.00000000 34.00000000 0.75287479
v 37.00000000 34.00000000 1.42039394
v 37.00000000 35.00000000 0.87282556
v 37.00000000 35.00000000 1.24381936
v 37.00000000 36.00000000 0.95275241
v 37.00000000 36.00000000 1.10347891
v 37.00000000 36.14542007 1.00000000
v 37.35713577 12.00000000 1.00000000
v 38.00000000 12.81769466 1.00000000
v 38.00000000 13.00000000 0.92738515
v 38.00000000 13.00000000 1.09456158
v 38.00000000 14.00000000 0.77673906
v 38.00000000 14.00000000 1.28260708
v 38.00000000 15.00000000 0.82260162
v 38.00000000 15.00000000 1.21781206
v 38.00000000 16.00000000 0.92260152
v 38.00000000 16.00000000 1.08795953
v 38.00000000 16.70347023 1.00000000
v 37.89386749 17.00000000 1.00000000
v 37.23012543 18.00000000 1.00000000
v 38.00000000 20.81912804 1.00000000
v 38.00000000 21.00000000 0.99024338
v 38.00000000 21.00000000 1.01865351
v 38.00000000 21.07262039 1.00000000
v 37.21613693 22.00000000 1.00000000
v 37.65922546 29.00000000 1.00000000
v 38.00000000 29.72382355 1.00000000
v 38.00000000 30.00000000 0.95443273
v 38.00000000 30.00000000 1.10982084
v 38.00000000 31.00000000 0.71356159
v 37.16906357 31.00000000 2.00000000
v 38.00000000 31.00000000 1.57201397
v 38.00000000 32.00000000 0.76321155
v 37.27502441 32.00000000 2.00000000
v 38.00000000 32.00000000 1.48291600
v 38.00000000 33.00000000 0.79184937
v 38.00000000 33.00000000 1.36350000
v 38.00000000 33.62553024 1.00000000
v 37.63224030 34.00000000 1.00000000
v 37.29729462 35.00000000 1.00000000
v 37.11455917 36.00000000 1.00000000
v 38.08800888 13.00000000 1.00000000
v 38.31340790 14.00000000 1.00000000
v 38.29352951 15.00000000 1.00000000
v 38.13248444 16.00000000 1.00000000
v 38.01431274 21.00000000 1.00000000
v 38.05564117 30.00000000 1.00000000
v 38.34527206 31.00000000 1.00000000
v 38.27142715 32.00000000 1.00000000
v 38.21427917 33.00000000 1.00000000
f 3 2 1
f 4 1 2
f 3 1 5
f 3 5 6
f 1 4 7
f 1 7 5
f 6 5 8
f 6 8 9
f 5 7 10
f 5 10 8
f 9 8 11
f 9 11 12
f 8 10 13
f 8 13 11
f 12 11 14
f 12 14 15
f 11 13 16
f 11 16 14
f 15 14 17
f 15 17 18
f 14 16 19
f 14 19 17
f 18 17 20
f 18 20 21
f 17 19 22
f 17 22 20
f 23 21 20
f 23 20 22
f 26 25 24
f 27 24 25
f 30 29 28
f 28 29 26
f 24 28 26
f 31 28 24
f 24 27 32
f 24 32 31
f 30 28 33
f 30 33 34
f 35 28 31
f 33 28 35
f 31 32 36
f 31 36 35
f 37 34 33
f 37 33 35
f 37 35 38
f 38 35 36
f 41 40 39
f 43 42 39
f 43 39 40
f 44 42 43
f 41 39 45
f 41 45 46
f 47 39 42
f 45 39 47
f 42 44 48
f 42 48 47
f 46 45 49
f 46 49 50
f 51 45 47
f 49 45 51
f 47 48 52
f 47 52 51
f 50 49 53
f 50 53 54
f 55 49 51
f 53 49 55
f 51 52 56
f 51 56 55
f 54 53 57
f 54 57 58
f 59 53 55
f 57 53 59
f 55 56 60
f 55 60 59
f 58 57 61
f 58 61 62
f 63 57 59
f 61 57 63
f 59 60 64
f 59 64 63
f 62 61 65
f 62 65 66
f 67 61 63
f 65 61 67
f 63 64 68
f 63 68 67
f 66 65 69
f 66 69 70
f 67 72 71
f 69 67 71
f 65 67 69
f 72 67 68
f 73 70 69
f 73 69 71
f 76 75 74
f 78 77 74
f 78 74 75
f 79 77 78
f 76 74 80
f 76 80 81
f 82 74 77
f 80 74 82
f 77 79 83
f 77 83 82
f 81 80 84
f 81 84 85
f 86 80 82
f 84 80 86
f 82 83 87
f 82 87 86
f 85 84 88
f 85 88 89
f 90 84 86
f 88 84 90
f 86 87 91
f 86 91 90
f 93 92 89
f 93 89 88
f 3 93 88
f 2 3 88
f 2 88 4
f 88 94 4
f 88 90 94
f 90 91 95
f 90 95 94
f 6 96 3
f 3 96 93
f 97 7 94
f 94 7 4
f 94 95 98
f 94 98 97
f 96 6 99
f 6 100 99
f 6 9 100
f 101 10 97
f 97 10 7
f 97 98 102
f 97 102 101
f 12 100 9
f 12 103 100
f 104 13 101
f 101 13 10
f 101 102 105
f 101 105 104
f 15 103 12
f 15 106 103
f 108 107 104
f 107 13 104
f 107 16 13
f 108 104 105
f 18 106 15
f 18 109 106
f 107 19 16
f 110 19 107
f 21 109 18
f 21 111 109
f 110 22 19
f 112 22 110
f 21 23 113
f 114 21 113
f 111 21 114
f 115 113 23
f 22 115 23
f 112 115 22
f 116 114 113
f 116 113 115
f 119 118 117
f 120 117 118
f 121 119 117
f 117 122 121
f 117 123 122
f 117 120 124
f 123 117 124
f 125 123 124
f 122 123 126
f 122 126 127
f 123 125 128
f 123 128 126
f 127 126 25
f 26 127 25
f 129 127 26
f 27 25 126
f 128 27 126
f 130 27 128
f 132 131 29
f 132 29 30
f 26 29 129
f 129 29 131
f 130 32 27
f 133 32 130
f 34 132 30
f 34 134 132
f 133 36 32
f 135 36 133
f 34 37 136
f 137 34 136
f 134 34 137
f 38 138 37
f 37 138 136
f 139 138 38
f 36 139 38
f 135 139 36
f 137 136 40
f 41 137 40
f 140 137 41
f 40 136 43
f 43 136 138
f 44 43 138
f 139 44 138
f 141 44 139
f 46 140 41
f 46 142 140
f 141 48 44
f 143 48 141
f 50 142 46
f 50 144 142
f 143 52 48
f 145 52 143
f 54 144 50
f 54 146 144
f 145 56 52
f 147 56 145
f 58 146 54
f 58 148 146
f 147 60 56
f 149 60 147
f 62 148 58
f 62 150 148
f 149 64 60
f 151 64 149
f 153 150 152
f 150 66 152
f 150 62 66
f 151 68 64
f 154 68 151
f 70 155 66
f 66 155 152
f 156 71 72
f 157 156 72
f 68 157 72
f 154 157 68
f 160 159 158
f 158 159 73
f 159 155 73
f 155 70 73
f 71 156 73
f 156 158 73
f 156 161 158
f 156 157 162
f 156 162 161
f 160 158 163
f 160 163 164
f 165 158 161
f 163 158 165
f 161 162 166
f 161 166 165
f 164 163 167
f 164 167 168
f 165 170 169
f 167 165 169
f 163 165 167
f 170 165 166
f 168 167 171
f 168 171 172
f 167 169 173
f 167 173 171
f 172 171 174
f 172 174 175
f 171 173 176
f 171 176 174
f 175 174 177
f 175 177 178
f 174 176 179
f 180 174 179
f 177 174 180
f 181 180 179
f 178 177 182
f 178 182 183
f 180 185 184
f 182 180 184
f 177 180 182
f 185 180 181
f 186 183 182
f 186 182 184
f 188 187 75
f 188 75 76
f 187 190 189
f 78 187 189
f 75 187 78
f 189 79 78
f 81 188 76
f 81 191 188
f 190 192 189
f 79 189 192
f 193 79 192
f 83 79 193
f 85 191 81
f 85 194 191
f 193 87 83
f 195 87 193
f 89 194 85
f 89 196 194
f 195 91 87
f 197 91 195
f 89 92 196
f 196 92 198
f 197 95 91
f 199 95 197
f 199 98 95
f 200 98 199
f 99 100 201
f 201 100 202
f 200 102 98
f 203 102 200
f 103 202 100
f 103 204 202
f 207 206 205
f 203 207 205
f 105 203 205
f 102 203 105
f 106 204 103
f 106 208 204
f 205 206 108
f 206 107 108
f 206 209 107
f 205 108 105
f 109 208 106
f 109 210 208
f 209 110 107
f 211 110 209
f 111 213 212
f 210 111 212
f 109 111 210
f 211 212 213
f 112 211 213
f 110 211 112
f 114 214 213
f 114 213 111
f 214 115 112
f 214 112 213
f 116 214 114
f 214 116 115
f 119 215 118
f 215 120 118
f 121 215 119
f 216 121 122
f 216 215 121
f 216 124 120
f 215 216 120
f 216 125 124
f 127 217 216
f 127 216 122
f 217 128 125
f 217 125 216
f 129 218 217
f 129 217 127
f 218 130 128
f 218 128 217
f 132 219 131
f 218 129 131
f 219 218 131
f 220 218 219
f 220 133 130
f 220 130 218
f 134 221 219
f 134 219 132
f 219 222 220
f 219 221 222
f 222 135 133
f 222 133 220
f 137 223 221
f 137 221 134
f 221 224 222
f 221 223 224
f 224 139 135
f 224 135 222
f 140 225 223
f 140 223 137
f 223 226 224
f 223 225 226
f 226 141 139
f 226 139 224
f 142 227 225
f 142 225 140
f 229 226 228
f 226 227 228
f 226 225 227
f 141 226 229
f 230 141 229
f 143 141 230
f 232 231 227
f 142 232 227
f 144 232 142
f 227 231 228
f 230 145 143
f 233 145 230
f 146 232 144
f 146 234 232
f 233 147 145
f 235 147 233
f 148 234 146
f 148 236 234
f 235 149 147
f 237 149 235
f 150 236 148
f 150 238 236
f 237 151 149
f 239 151 237
f 241 240 153
f 240 150 153
f 240 238 150
f 239 154 151
f 242 154 239
f 240 241 243
f 243 241 244
f 242 157 154
f 245 157 242
f 159 160 244
f 160 243 244
f 160 246 243
f 245 162 157
f 247 162 245
f 164 246 160
f 164 248 246
f 247 166 162
f 249 166 247
f 168 248 164
f 168 250 248
f 251 169 170
f 252 251 170
f 166 252 170
f 249 252 166
f 172 250 168
f 172 253 250
f 254 173 251
f 251 173 169
f 251 252 255
f 251 255 254
f 175 253 172
f 175 256 253
f 257 176 254
f 254 176 173
f 254 255 258
f 254 258 257
f 178 256 175
f 178 259 256
f 257 179 176
f 181 179 257
f 258 181 257
f 260 181 258
f 183 259 178
f 183 261 259
f 262 184 185
f 263 262 185
f 181 263 185
f 260 263 181
f 183 186 264
f 265 183 264
f 261 183 265
f 266 264 186
f 266 186 184
f 267 266 184
f 262 267 184
f 267 262 263
f 268 265 264
f 268 264 266
f 270 269 187
f 270 187 188
f 190 187 269
f 190 269 271
f 191 270 188
f 191 272 270
f 271 273 190
f 190 273 192
f 193 192 273
f 193 273 274
f 194 272 191
f 194 275 272
f 274 195 193
f 276 195 274
f 196 275 194
f 196 277 275
f 276 197 195
f 278 197 276
f 196 198 277
f 277 198 279
f 278 199 197
f 280 199 278
f 280 200 199
f 281 200 280
f 201 202 282
f 282 202 283
f 286 285 284
f 281 286 284
f 203 281 284
f 200 281 203
f 204 283 202
f 204 287 283
f 284 285 207
f 285 206 207
f 285 288 206
f 284 207 203
f 208 287 204
f 208 289 287
f 288 209 206
f 290 209 288
f 210 289 208
f 210 291 289
f 290 211 209
f 292 211 290
f 210 212 293
f 294 210 293
f 291 210 294
f 295 293 212
f 211 295 212
f 292 295 211
f 296 294 293
f 296 293 295
f 228 297 229
f 297 230 229
f 232 298 231
f 297 228 231
f 298 297 231
f 299 297 298
f 299 233 230
f 299 230 297
f 301 300 298
f 232 301 298
f 234 301 232
f 303 302 300
f 302 298 300
f 302 299 298
f 302 235 233
f 302 233 299
f 236 301 234
f 236 304 301
f 302 303 305
f 305 303 306
f 305 237 235
f 305 235 302
f 238 304 236
f 238 307 304
f 306 308 305
f 237 305 308
f 309 237 308
f 239 237 309
f 240 307 238
f 240 310 307
f 309 242 239
f 311 242 309
f 243 310 240
f 243 312 310
f 311 245 242
f 313 245 311
f 246 312 243
f 246 314 312
f 313 247 245
f 315 247 313
f 248 314 246
f 248 316 314
f 319 318 317
f 315 319 317
f 249 315 317
f 247 315 249
f 250 316 248
f 250 320 316
f 317 318 321
f 321 318 322
f 321 252 249
f 321 249 317
f 253 320 250
f 253 323 320
f 321 322 324
f 324 322 325
f 324 255 252
f 324 252 321
f 256 323 253
f 256 326 323
f 325 327 324
f 255 324 327
f 328 255 327
f 258 255 328
f 259 326 256
f 259 329 326
f 328 260 258
f 330 260 328
f 261 329 259
f 261 331 329
f 330 263 260
f 332 263 330
f 265 331 261
f 265 333 331
f 334 266 267
f 335 334 267
f 263 335 267
f 332 335 263
f 265 268 336
f 337 265 336
f 333 265 337
f 266 334 268
f 334 336 268
f 334 338 336
f 334 335 339
f 334 339 338
f 337 336 340
f 337 340 341
f 338 343 342
f 340 338 342
f 336 338 340
f 343 338 339
f 344 341 340
f 344 340 342
f 347 346 345
f 348 345 346
f 347 345 269
f 270 347 269
f 349 347 270
f 271 269 345
f 348 271 345
f 350 271 348
f 272 349 270
f 272 351 349
f 273 271 352
f 271 353 352
f 271 350 353
f 352 274 273
f 275 351 272
f 275 354 351
f 353 355 352
f 274 352 355
f 356 274 355
f 276 274 356
f 277 354 275
f 277 357 354
f 356 278 276
f 358 278 356
f 360 359 279
f 359 277 279
f 359 357 277
f 358 280 278
f 361 280 358
f 359 360 362
f 362 360 363
f 361 281 280
f 364 281 361
f 282 283 363
f 283 362 363
f 283 365 362
f 367 366 286
f 286 366 285
f 286 281 364
f 286 364 367
f 287 365 283
f 287 368 365
f 366 288 285
f 369 288 366
f 289 371 370
f 368 289 370
f 287 289 368
f 369 370 371
f 290 369 371
f 288 369 290
f 291 372 371
f 291 371 289
f 372 292 290
f 372 290 371
f 294 373 372
f 294 372 291
f 373 295 292
f 373 292 372
f 296 373 294
f 373 296 295
f 301 374 300
f 374 303 300
f 376 375 374
f 301 376 374
f 304 376 301
f 303 374 375
f 377 303 375
f 306 303 377
f 307 376 304
f 307 378 376
f 308 306 379
f 306 380 379
f 306 377 380
f 379 309 308
f 310 378 307
f 310 381 378
f 379 380 382
f 382 380 383
f 382 311 309
f 382 309 379
f 312 381 310
f 312 384 381
f 382 383 385
f 385 383 386
f 385 313 311
f 385 311 382
f 314 384 312
f 314 387 384
f 385 386 388
f 388 386 389
f 388 315 313
f 388 313 385
f 316 387 314
f 316 390 387
f 388 389 319
f 389 318 319
f 389 391 318
f 388 319 315
f 320 390 316
f 320 392 390
f 391 322 318
f 393 322 391
f 323 392 320
f 323 394 392
f 393 325 322
f 395 325 393
f 326 394 323
f 326 396 394
f 395 397 325
f 325 397 327
f 328 327 397
f 328 397 398
f 329 396 326
f 329 399 396
f 398 330 328
f 400 330 398
f 331 399 329
f 331 401 399
f 400 332 330
f 402 332 400
f 333 401 331
f 333 403 401
f 402 335 332
f 404 335 402
f 337 403 333
f 337 405 403
f 404 339 335
f 406 339 404
f 341 405 337
f 341 407 405
f 408 342 343
f 409 408 343
f 339 409 343
f 406 409 339
f 410 407 341
f 410 341 344
f 344 342 408
f 411 344 408
f 410 344 411
f 411 408 409
f 414 413 412
f 415 412 413
f 414 412 346
f 347 414 346
f 416 414 347
f 348 346 412
f 415 348 412
f 417 348 415
f 349 416 347
f 349 418 416
f 420 350 419
f 350 417 419
f 350 348 417
f 421 420 419
f 351 418 349
f 351 422 418
f 423 353 420
f 420 353 350
f 420 421 424
f 420 424 423
f 354 422 351
f 354 425 422
f 423 355 353
f 356 355 423
f 424 356 423
f 426 356 424
f 357 425 354
f 357 427 425
f 426 358 356
f 428 358 426
f 359 427 357
f 359 429 427
f 428 361 358
f 430 361 428
f 362 429 359
f 362 431 429
f 430 364 361
f 432 364 430
f 365 431 362
f 365 433 431
f 435 434 367
f 367 434 366
f 367 364 432
f 367 432 435
f 368 433 365
f 368 436 433
f 434 369 366
f 437 369 434
f 438 436 368
f 438 368 370
f 370 369 437
f 370 437 438
f 440 439 375
f 440 375 376
f 377 375 439
f 377 439 441
f 378 440 376
f 378 442 440
f 441 380 377
f 443 380 441
f 381 442 378
f 381 444 442
f 443 383 380
f 445 383 443
f 384 444 381
f 384 446 444
f 445 386 383
f 447 386 445
f 387 446 384
f 387 448 446
f 447 389 386
f 449 389 447
f 390 448 387
f 390 450 448
f 449 391 389
f 451 391 449
f 392 450 390
f 392 452 450
f 451 393 391
f 453 393 451
f 394 452 392
f 394 454 452
f 453 395 393
f 455 395 453
f 396 454 394
f 396 456 454
f 455 457 395
f 395 457 397
f 398 397 457
f 398 457 458
f 399 456 396
f 399 459 456
f 458 400 398
f 460 400 458
f 401 459 399
f 401 461 459
f 460 402 400
f 462 402 460
f 403 461 401
f 403 463 461
f 462 404 402
f 464 404 462
f 405 463 403
f 405 465 463
f 464 406 404
f 466 406 464
f 407 465 405
f 407 467 465
f 470 469 468
f 466 470 468
f 409 466 468
f 406 466 409
f 471 467 407
f 471 407 410
f 411 468 469
f 471 411 469
f 410 411 471
f 468 411 409
f 474 473 472
f 475 472 473
f 474 472 476
f 474 476 477
f 472 475 478
f 472 478 476
f 477 476 413
f 414 477 413
f 479 477 414
f 415 413 476
f 478 415 476
f 480 415 478
f 416 479 414
f 416 481 479
f 483 417 482
f 417 480 482
f 417 415 480
f 484 483 482
f 418 481 416
f 418 485 481
f 483 419 417
f 421 419 483
f 484 421 483
f 486 421 484
f 422 485 418
f 422 487 485
f 486 424 421
f 488 424 486
f 425 487 422
f 425 489 487
f 488 426 424
f 490 426 488
f 427 489 425
f 427 491 489
f 490 428 426
f 492 428 490
f 429 491 427
f 429 493 491
f 492 430 428
f 494 430 492
f 431 493 429
f 431 495 493
f 494 432 430
f 496 432 494
f 433 495 431
f 433 497 495
f 499 498 435
f 435 498 434
f 435 432 496
f 435 496 499
f 436 501 500
f 497 436 500
f 433 436 497
f 498 500 501
f 437 498 501
f 434 498 437
f 438 501 436
f 501 438 437
f 440 502 439
f 502 441 439
f 504 503 502
f 440 504 502
f 442 504 440
f 441 502 503
f 505 441 503
f 443 441 505
f 444 504 442
f 444 506 504
f 505 445 443
f 507 445 505
f 446 506 444
f 446 508 506
f 507 447 445
f 509 447 507
f 448 508 446
f 448 510 508
f 509 449 447
f 511 449 509
f 450 510 448
f 450 512 510
f 511 451 449
f 513 451 511
f 452 512 450
f 452 514 512
f 513 453 451
f 515 453 513
f 454 514 452
f 454 516 514
f 515 455 453
f 517 455 515
f 456 516 454
f 456 518 516
f 517 519 455
f 455 519 457
f 458 457 519
f 458 519 520
f 459 518 456
f 459 521 518
f 520 460 458
f 522 460 520
f 461 521 459
f 461 523 521
f 522 462 460
f 524 462 522
f 463 523 461
f 463 525 523
f 524 464 462
f 526 464 524
f 465 525 463
f 465 527 525
f 526 466 464
f 528 466 526
f 467 527 465
f 467 529 527
f 530 469 470
f 531 530 470
f 466 531 470
f 528 531 466
f 532 529 467
f 532 467 471
f 471 469 530
f 533 471 530
f 532 471 533
f 533 530 531
f 535 534 473
f 535 473 474
f 537 536 475
f 473 537 475
f 534 537 473
f 538 536 537
f 477 535 474
f 477 539 535
f 540 478 536
f 536 478 475
f 536 538 541
f 536 541 540
f 479 539 477
f 479 542 539
f 543 480 540
f 540 480 478
f 540 541 544
f 540 544 543
f 481 542 479
f 481 545 542
f 543 482 480
f 484 482 543
f 544 484 543
f 546 484 544
f 485 545 481
f 485 547 545
f 550 549 548
f 546 550 548
f 486 546 548
f 484 546 486
f 487 547 485
f 487 551 547
f 549 552 548
f 486 548 552
f 553 486 552
f 488 486 553
f 489 551 487
f 489 554 551
f 553 490 488
f 555 490 553
f 491 554 489
f 491 556 554
f 555 492 490
f 557 492 555
f 493 556 491
f 493 558 556
f 557 494 492
f 559 494 557
f 495 558 493
f 495 560 558
f 563 562 561
f 559 563 561
f 496 559 561
f 494 559 496
f 497 565 564
f 560 497 564
f 495 497 560
f 564 565 562
f 562 565 561
f 565 498 561
f 498 499 561
f 561 499 496
f 500 565 497
f 565 500 498
f 504 566 503
f 566 505 503
f 568 567 566
f 504 568 566
f 506 568 504
f 505 566 567
f 569 505 567
f 507 505 569
f 508 568 506
f 508 570 568
f 569 509 507
f 571 509 569
f 510 570 508
f 510 572 570
f 571 511 509
f 573 511 571
f 512 572 510
f 512 574 572
f 573 513 511
f 575 513 573
f 514 574 512
f 514 576 574
f 575 515 513
f 577 515 575
f 516 576 514
f 516 578 576
f 580 517 579
f 517 577 579
f 517 515 577
f 581 580 579
f 518 578 516
f 518 582 578
f 580 519 517
f 520 519 580
f 581 520 580
f 583 520 581
f 521 582 518
f 521 584 582
f 583 522 520
f 585 522 583
f 523 584 521
f 523 586 584
f 585 524 522
f 587 524 585
f 525 586 523
f 525 588 586
f 587 526 524
f 589 526 587
f 527 588 525
f 527 590 588
f 589 528 526
f 591 528 589
f 529 590 527
f 529 592 590
f 591 531 528
f 593 531 591
f 594 592 529
f 594 529 532
f 595 532 533
f 595 594 532
f 533 531 593
f 533 593 595
f 597 596 534
f 597 534 535
f 534 598 537
f 596 598 534
f 538 537 598
f 538 598 599
f 539 597 535
f 539 600 597
f 599 541 538
f 601 541 599
f 542 600 539
f 542 602 600
f 601 544 541
f 603 544 601
f 545 602 542
f 545 604 602
f 603 546 544
f 605 546 603
f 547 604 545
f 547 606 604
f 607 549 550
f 608 607 550
f 546 608 550
f 605 608 546
f 551 606 547
f 551 609 606
f 607 552 549
f 553 552 607
f 608 553 607
f 610 553 608
f 554 609 551
f 554 611 609
f 610 555 553
f 612 555 610
f 556 611 554
f 556 613 611
f 616 615 614
f 612 616 614
f 557 612 614
f 555 612 557
f 558 613 556
f 558 617 613
f 614 615 618
f 618 615 619
f 618 559 557
f 618 557 614
f 560 621 620
f 617 560 620
f 558 560 617
f 620 621 619
f 619 621 618
f 621 562 618
f 562 563 618
f 618 563 559
f 564 621 560
f 621 564 562
f 568 622 567
f 622 569 567
f 624 623 622
f 568 624 622
f 570 624 568
f 569 622 623
f 625 569 623
f 571 569 625
f 572 624 570
f 572 626 624
f 625 573 571
f 627 573 625
f 574 626 572
f 574 628 626
f 627 575 573
f 629 575 627
f 576 628 574
f 576 630 628
f 632 577 631
f 577 629 631
f 577 575 629
f 633 632 631
f 578 630 576
f 578 634 630
f 632 579 577
f 581 579 632
f 633 581 632
f 635 581 633
f 582 634 578
f 582 636 634
f 635 583 581
f 637 583 635
f 584 636 582
f 584 638 636
f 637 585 583
f 639 585 637
f 586 638 584
f 586 640 638
f 639 587 585
f 641 587 639
f 588 640 586
f 588 642 640
f 641 589 587
f 643 589 641
f 590 642 588
f 590 644 642
f 643 591 589
f 645 591 643
f 592 644 590
f 592 646 644
f 645 593 591
f 647 593 645
f 648 646 592
f 648 592 594
f 649 594 595
f 649 648 594
f 595 593 647
f 595 647 649
f 651 650 596
f 651 596 597
f 596 652 598
f 650 652 596
f 599 598 652
f 599 652 653
f 600 651 597
f 600 654 651
f 653 601 599
f 655 601 653
f 602 654 600
f 602 656 654
f 655 603 601
f 657 603 655
f 604 656 602
f 604 658 656
f 657 605 603
f 659 605 657
f 606 658 604
f 606 660 658
f 659 608 605
f 661 608 659
f 609 660 606
f 609 662 660
f 661 610 608
f 663 610 661
f 611 662 609
f 611 664 662
f 663 612 610
f 665 612 663
f 613 664 611
f 613 666 664
f 668 667 616
f 616 667 615
f 616 612 665
f 616 665 668
f 617 670 669
f 666 617 669
f 613 617 666
f 667 669 670
f 619 667 670
f 615 667 619
f 620 670 617
f 670 620 619
f 672 671 623
f 672 623 624
f 625 623 671
f 625 671 673
f 626 672 624
f 626 674 672
f 673 627 625
f 675 627 673
f 628 674 626
f 628 676 674
f 675 629 627
f 677 629 675
f 630 676 628
f 630 678 676
f 677 679 629
f 629 679 631
f 633 631 679
f 633 679 680
f 634 678 630
f 634 681 678
f 680 635 633
f 682 635 680
f 636 681 634
f 636 683 681
f 682 637 635
f 684 637 682
f 638 683 636
f 638 685 683
f 684 639 637
f 686 639 684
f 640 685 638
f 640 687 685
f 686 641 639
f 688 641 686
f 642 687 640
f 642 689 687
f 688 643 641
f 690 643 688
f 644 689 642
f 644 691 689
f 690 645 643
f 692 645 690
f 646 691 644
f 646 693 691
f 692 647 645
f 694 647 692
f 695 693 646
f 695 646 648
f 696 648 649
f 696 695 648
f 649 647 694
f 649 694 696
f 699 698 697
f 700 697 698
f 699 697 650
f 651 699 650
f 701 699 651
f 652 650 697
f 702 652 697
f 700 702 697
f 703 652 702
f 703 653 652
f 654 701 651
f 654 704 701
f 702 705 703
f 653 703 705
f 706 653 705
f 655 653 706
f 656 704 654
f 656 707 704
f 706 657 655
f 708 657 706
f 658 707 656
f 658 709 707
f 708 659 657
f 710 659 708
f 660 709 658
f 660 711 709
f 710 661 659
f 712 661 710
f 662 711 660
f 662 713 711
f 712 663 661
f 714 663 712
f 664 713 662
f 664 715 713
f 714 665 663
f 716 665 714
f 666 715 664
f 666 717 715
f 719 718 668
f 668 718 667
f 668 665 716
f 668 716 719
f 720 717 666
f 720 666 669
f 669 667 718
f 669 718 720
f 672 721 671
f 721 673 671
f 723 722 721
f 672 723 721
f 674 723 672
f 673 721 722
f 724 673 722
f 675 673 724
f 676 723 674
f 676 725 723
f 724 677 675
f 726 677 724
f 678 725 676
f 678 727 725
f 679 677 728
f 677 729 728
f 677 726 729
f 728 680 679
f 681 727 678
f 681 730 727
f 729 731 728
f 680 728 731
f 732 680 731
f 682 680 732
f 683 730 681
f 683 733 730
f 736 735 734
f 732 736 734
f 684 732 734
f 682 732 684
f 685 733 683
f 685 737 733
f 734 735 738
f 738 735 739
f 738 686 684
f 738 684 734
f 687 737 685
f 687 740 737
f 738 739 741
f 741 739 742
f 741 688 686
f 741 686 738
f 689 740 687
f 689 743 740
f 742 744 741
f 688 741 744
f 745 688 744
f 690 688 745
f 747 743 746
f 743 691 746
f 743 689 691
f 745 692 690
f 748 692 745
f 746 691 749
f 691 750 749
f 691 693 750
f 748 694 692
f 751 694 748
f 752 750 693
f 752 693 695
f 753 695 696
f 753 752 695
f 696 694 751
f 696 751 753
f 755 754 698
f 755 698 699
f 700 698 754
f 700 754 756
f 759 758 757
f 760 757 758
f 701 755 699
f 701 761 755
f 756 702 700
f 762 702 756
f 765 764 763
f 763 767 766
f 763 757 767
f 763 764 759
f 757 763 759
f 767 757 760
f 704 761 701
f 704 768 761
f 705 702 769
f 702 770 769
f 702 762 770
f 769 706 705
f 773 772 771
f 771 772 765
f 763 771 765
f 774 771 763
f 763 766 775
f 776 763 775
f 774 763 776
f 777 776 775
f 707 768 704
f 707 778 768
f 770 779 769
f 706 769 779
f 780 706 779
f 708 706 780
f 773 771 781
f 773 781 782
f 783 771 774
f 781 771 783
f 784 774 776
f 783 774 784
f 776 777 785
f 776 785 784
f 709 778 707
f 709 786 778
f 789 788 787
f 780 789 787
f 710 780 787
f 708 780 710
f 792 791 790
f 790 791 782
f 781 790 782
f 793 790 781
f 794 781 783
f 793 781 794
f 795 783 784
f 794 783 795
f 784 785 796
f 784 796 795
f 711 786 709
f 711 797 786
f 788 798 787
f 710 787 798
f 799 710 798
f 712 710 799
f 800 792 790
f 802 801 800
f 790 802 800
f 793 802 790
f 803 793 794
f 802 793 803
f 795 805 804
f 803 795 804
f 794 795 803
f 805 795 796
f 713 797 711
f 713 806 797
f 799 714 712
f 807 714 799
f 801 802 808
f 801 808 809
f 810 802 803
f 808 802 810
f 803 804 811
f 803 811 810
f 715 806 713
f 715 812 806
f 815 814 813
f 807 815 813
f 716 807 813
f 714 807 716
f 816 809 808
f 818 817 816
f 808 818 816
f 810 818 808
f 810 811 819
f 810 819 818
f 717 812 715
f 717 820 812
f 813 814 719
f 814 718 719
f 814 821 718
f 813 719 716
f 822 817 818
f 822 818 819
f 823 820 717
f 823 717 720
f 720 718 821
f 720 821 823
f 826 825 824
f 827 824 825
f 830 829 828
f 828 829 826
f 824 828 826
f 831 828 824
f 824 827 832
f 833 824 832
f 831 824 833
f 834 833 832
f 830 828 835
f 830 835 836
f 837 828 831
f 835 828 837
f 838 831 833
f 837 831 838
f 833 834 839
f 840 833 839
f 838 833 840
f 841 840 839
f 836 835 842
f 836 842 843
f 844 835 837
f 842 835 844
f 845 837 838
f 844 837 845
f 846 838 840
f 845 838 846
f 840 841 847
f 840 847 846
f 843 842 848
f 843 848 849
f 850 842 844
f 848 842 850
f 851 844 845
f 850 844 851
f 852 845 846
f 851 845 852
f 846 847 853
f 846 853 852
f 849 848 854
f 849 854 855
f 856 848 850
f 854 848 856
f 857 850 851
f 856 850 857
f 858 851 852
f 857 851 858
f 852 853 859
f 852 859 858
f 862 861 860
f 860 861 855
f 854 860 855
f 863 860 854
f 864 854 856
f 863 854 864
f 865 856 857
f 864 856 865
f 866 857 858
f 865 857 866
f 858 859 867
f 858 867 866
f 868 862 860
f 870 869 868
f 860 870 868
f 863 870 860
f 871 863 864
f 870 863 871
f 872 864 865
f 871 864 872
f 873 865 866
f 872 865 873
f 866 867 874
f 866 874 873
f 869 870 875
f 869 875 876
f 877 870 871
f 875 870 877
f 878 871 872
f 877 871 878
f 873 880 879
f 878 873 879
f 872 873 878
f 880 873 874
f 881 876 875
f 883 882 881
f 875 883 881
f 877 883 875
f 884 877 878
f 883 877 884
f 878 879 885
f 886 878 885
f 884 878 886
f 887 886 885
f 888 882 883
f 888 883 884
f 888 884 889
f 889 884 886
f 889 886 890
f 890 886 887
f 893 892 891
f 894 891 892
f 895 893 891
f 895 891 894
f 898 897 896
f 899 896 897
f 898 896 900
f 898 900 901
f 896 899 902
f 896 902 900
f 904 903 722
f 904 722 723
f 724 722 903
f 724 903 905
f 901 900 906
f 901 906 907
f 900 902 908
f 900 908 906
f 725 904 723
f 725 909 904
f 905 726 724
f 910 726 905
f 911 907 906
f 911 906 908
f 727 909 725
f 727 912 909
f 910 729 726
f 913 729 910
f 916 915 914
f 918 917 914
f 918 914 915
f 919 917 918
f 730 912 727
f 730 920 912
f 731 729 921
f 729 922 921
f 729 913 922
f 921 732 731
f 916 914 923
f 916 923 924
f 925 914 917
f 923 914 925
f 917 919 926
f 917 926 925
f 733 920 730
f 733 927 920
f 921 922 736
f 922 735 736
f 922 928 735
f 921 736 732
f 924 923 929
f 924 929 930
f 931 923 925
f 929 923 931
f 925 926 932
f 925 932 931
f 737 927 733
f 737 933 927
f 928 739 735
f 934 739 928
f 937 936 935
f 935 936 930
f 929 935 930
f 938 935 929
f 939 929 931
f 938 929 939
f 931 932 940
f 931 940 939
f 740 933 737
f 740 941 933
f 934 742 739
f 942 742 934
f 937 935 943
f 937 943 944
f 945 935 938
f 943 935 945
f 946 938 939
f 945 938 946
f 939 940 947
f 939 947 946
f 743 941 740
f 743 948 941
f 744 742 949
f 742 950 949
f 742 942 950
f 949 745 744
f 944 943 951
f 944 951 952
f 953 943 945
f 951 943 953
f 954 945 946
f 953 945 954
f 946 947 955
f 946 955 954
f 957 956 747
f 956 743 747
f 956 948 743
f 949 950 958
f 958 950 959
f 958 748 745
f 958 745 949
f 952 951 960
f 952 960 961
f 962 951 953
f 960 951 962
f 963 953 954
f 962 953 963
f 954 955 964
f 965 954 964
f 963 954 965
f 966 965 964
f 749 750 957
f 750 956 957
f 750 967 956
f 958 959 968
f 968 959 969
f 968 751 748
f 968 748 958
f 970 961 960
f 972 971 970
f 960 972 970
f 962 972 960
f 973 962 963
f 972 962 973
f 965 975 974
f 973 965 974
f 963 965 973
f 975 965 966
f 976 967 750
f 976 750 752
f 753 968 969
f 976 753 969
f 752 753 976
f 968 753 751
f 971 972 977
f 971 977 978
f 973 980 979
f 977 973 979
f 972 973 977
f 980 973 974
f 981 978 977
f 981 977 979
f 984 983 982
f 986 985 982
f 986 982 983
f 988 987 985
f 988 985 986
f 990 989 987
f 990 987 988
f 991 989 990
f 993 992 754
f 993 754 755
f 756 754 992
f 756 992 994
f 759 995 758
f 995 760 758
f 998 997 996
f 996 997 984
f 982 996 984
f 999 996 982
f 1000 982 985
f 999 982 1000
f 1001 985 987
f 1000 985 1001
f 1002 987 989
f 1001 987 1002
f 989 991 1003
f 1004 989 1003
f 1002 989 1004
f 1005 1004 1003
f 761 993 755
f 761 1006 993
f 994 762 756
f 1007 762 994
f 765 1008 764
f 1011 1010 1009
f 1011 1009 995
f 1011 995 759
f 1011 759 764
f 1011 764 1008
f 1011 1008 766
f 1011 766 767
f 1011 767 1012
f 1011 1012 1010
f 1013 995 1009
f 995 1013 760
f 1014 760 1013
f 760 1014 767
f 1012 767 1014
f 1016 1015 1014
f 1016 1014 1013
f 1015 1016 998
f 996 1015 998
f 1017 1015 996
f 1018 996 999
f 1017 996 1018
f 1019 999 1000
f 1018 999 1019
f 1020 1000 1001
f 1019 1000 1020
f 1021 1001 1002
f 1020 1001 1021
f 1022 1002 1004
f 1021 1002 1022
f 1004 1005 1023
f 1004 1023 1022
f 768 1006 761
f 768 1024 1006
f 1026 770 1025
f 770 1007 1025
f 770 762 1007
f 1027 1026 1025
f 773 1028 772
f 1008 765 772
f 1028 1008 772
f 1029 1008 1028
f 1010 1012 1030
f 775 1030 1012
f 1030 775 1029
f 766 1029 775
f 1029 766 1008
f 775 1012 777
f 1012 1031 777
f 1012 1014 1031
f 1032 1014 1015
f 1031 1014 1032
f 1033 1015 1017
f 1032 1015 1033
f 1034 1017 1018
f 1033 1017 1034
f 1035 1018 1019
f 1034 1018 1035
f 1036 1019 1020
f 1035 1019 1036
f 1037 1020 1021
f 1036 1020 1037
f 1038 1021 1022
f 1037 1021 1038
f 1022 1023 1039
f 1022 1039 1038
f 778 1024 768
f 778 1040 1024
f 1026 779 770
f 780 779 1026
f 1027 780 1026
f 1041 780 1027
f 782 1042 1028
f 782 1028 773
f 1028 1043 1029
f 1028 1042 1043
f 1030 1029 1044
f 1044 1029 1043
f 1045 785 1031
f 1031 785 777
f 1046 1031 1032
f 1045 1031 1046
f 1047 1032 1033
f 1046 1032 1047
f 1048 1033 1034
f 1047 1033 1048
f 1049 1034 1035
f 1048 1034 1049
f 1050 1035 1036
f 1049 1035 1050
f 1051 1036 1037
f 1050 1036 1051
f 1038 1053 1052
f 1051 1038 1052
f 1037 1038 1051
f 1053 1038 1039
f 786 1040 778
f 786 1054 1040
f 1055 788 789
f 1056 1055 789
f 780 1056 789
f 1041 1056 780
f 792 1057 791
f 1042 782 791
f 1057 1042 791
f 1058 1042 1057
f 1060 1043 1059
f 1043 1058 1059
f 1043 1042 1058
f 1043 1060 1044
f 1061 796 1045
f 1045 796 785
f 1062 1045 1046
f 1061 1045 1062
f 1063 1046 1047
f 1062 1046 1063
f 1064 1047 1048
f 1063 1047 1064
f 1065 1048 1049
f 1064 1048 1065
f 1066 1049 1050
f 1065 1049 1066
f 1067 1050 1051
f 1066 1050 1067
f 1051 1052 1068
f 1051 1068 1067
f 797 1054 786
f 797 1069 1054
f 1055 798 788
f 799 798 1055
f 1056 799 1055
f 1070 799 1056
f 800 1057 792
f 1058 1057 1071
f 1057 801 1071
f 801 1072 1071
f 801 1057 800
f 1058 1071 1059
f 1073 804 805
f 796 1061 805
f 1061 1073 805
f 1061 1074 1073
f 1075 1061 1062
f 1074 1061 1075
f 1076 1062 1063
f 1075 1062 1076
f 1077 1063 1064
f 1076 1063 1077
f 1078 1064 1065
f 1077 1064 1078
f 1079 1065 1066
f 1078 1065 1079
f 1067 1081 1080
f 1079 1067 1080
f 1066 1067 1079
f 1081 1067 1068
f 806 1069 797
f 806 1082 1069
f 1070 807 799
f 1083 807 1070
f 809 1072 801
f 809 1084 1072
f 1085 811 1073
f 1073 811 804
f 1086 1073 1074
f 1085 1073 1086
f 1087 1074 1075
f 1086 1074 1087
f 1088 1075 1076
f 1087 1075 1088
f 1089 1076 1077
f 1088 1076 1089
f 1090 1077 1078
f 1089 1077 1090
f 1091 1078 1079
f 1090 1078 1091
f 1079 1080 1092
f 1079 1092 1091
f 812 1082 806
f 812 1093 1082
f 1095 1094 815
f 815 1094 814
f 815 807 1083
f 815 1083 1095
f 1096 1084 809
f 1096 809 816
f 816 817 1096
f 1096 817 1097
f 1098 819 1085
f 1085 819 811
f 1099 1085 1086
f 1098 1085 1099
f 1100 1086 1087
f 1099 1086 1100
f 1101 1087 1088
f 1100 1087 1101
f 1102 1088 1089
f 1101 1088 1102
f 1103 1089 1090
f 1102 1089 1103
f 1104 1090 1091
f 1103 1090 1104
f 1091 1092 1105
f 1091 1105 1104
f 820 1093 812
f 820 1106 1093
f 1094 821 814
f 1107 821 1094
f 1108 1097 817
f 1108 817 822
f 1108 822 819
f 1109 1108 819
f 1098 1109 819
f 1108 1109 1110
f 1111 1098 1099
f 1109 1098 1111
f 1112 1099 1100
f 1111 1099 1112
f 1113 1100 1101
f 1112 1100 1113
f 1114 1101 1102
f 1113 1101 1114
f 1115 1102 1103
f 1114 1102 1115
f 1116 1103 1104
f 1115 1103 1116
f 1104 1105 1117
f 1118 1104 1117
f 1116 1104 1118
f 1119 1118 1117
f 1120 1106 820
f 1120 820 823
f 823 821 1107
f 823 1107 1120
f 1121 1110 1109
f 1123 1122 1121
f 1109 1123 1121
f 1111 1123 1109
f 1124 1111 1112
f 1123 1111 1124
f 1125 1112 1113
f 1124 1112 1125
f 1126 1113 1114
f 1125 1113 1126
f 1127 1114 1115
f 1126 1114 1127
f 1128 1115 1116
f 1127 1115 1128
f 1118 1130 1129
f 1128 1118 1129
f 1116 1118 1128
f 1130 1118 1119
f 1122 1123 1131
f 1122 1131 1132
f 1133 1123 1124
f 1131 1123 1133
f 1134 1124 1125
f 1133 1124 1134
f 1135 1125 1126
f 1134 1125 1135
f 1136 1126 1127
f 1135 1126 1136
f 1137 1127 1128
f 1136 1127 1137
f 1128 1129 1138
f 1139 1128 1138
f 1137 1128 1139
f 1140 1139 1138
f 1143 1142 1141
f 1145 1144 1141
f 1145 1141 1142
f 1144 1145 1132
f 1131 1144 1132
f 1146 1144 1131
f 1147 1131 1133
f 1146 1131 1147
f 1148 1133 1134
f 1147 1133 1148
f 1149 1134 1135
f 1148 1134 1149
f 1150 1135 1136
f 1149 1135 1150
f 1151 1136 1137
f 1150 1136 1151
f 1139 1153 1152
f 1151 1139 1152
f 1137 1139 1151
f 1153 1139 1140
f 1143 1141 1154
f 1143 1154 1155
f 1156 1141 1144
f 1154 1141 1156
f 1157 1144 1146
f 1156 1144 1157
f 1158 1146 1147
f 1157 1146 1158
f 1159 1147 1148
f 1158 1147 1159
f 1160 1148 1149
f 1159 1148 1160
f 1161 1149 1150
f 1160 1149 1161
f 1151 1163 1162
f 1161 1151 1162
f 1150 1151 1161
f 1163 1151 1152
f 1155 1154 1164
f 1155 1164 1165
f 1166 1154 1156
f 1164 1154 1166
f 1167 1156 1157
f 1166 1156 1167
f 1168 1157 1158
f 1167 1157 1168
f 1169 1158 1159
f 1168 1158 1169
f 1170 1159 1160
f 1169 1159 1170
f 1171 1160 1161
f 1170 1160 1171
f 1161 1162 1172
f 1173 1161 1172
f 1171 1161 1173
f 1175 1174 1173
f 1175 1173 1172
f 1176 1174 1175
f 1165 1164 1177
f 1165 1177 1178
f 1179 1164 1166
f 1177 1164 1179
f 1180 1166 1167
f 1179 1166 1180
f 1181 1167 1168
f 1180 1167 1181
f 1182 1168 1169
f 1181 1168 1182
f 1183 1169 1170
f 1182 1169 1183
f 1184 1170 1171
f 1183 1170 1184
f 1185 1171 1173
f 1184 1171 1185
f 1186 1173 1174
f 1185 1173 1186
f 1174 1176 1187
f 1174 1187 1186
f 1178 1177 1188
f 1178 1188 1189
f 1190 1177 1179
f 1188 1177 1190
f 1191 1179 1180
f 1190 1179 1191
f 1192 1180 1181
f 1191 1180 1192
f 1193 1181 1182
f 1192 1181 1193
f 1194 1182 1183
f 1193 1182 1194
f 1195 1183 1184
f 1194 1183 1195
f 1196 1184 1185
f 1195 1184 1196
f 1197 1185 1186
f 1196 1185 1197
f 1186 1187 1198
f 1186 1198 1197
f 1189 1188 825
f 826 1189 825
f 1199 1189 826
f 825 1188 827
f 1188 1200 827
f 1188 1190 1200
f 1201 1190 1191
f 1200 1190 1201
f 1202 1191 1192
f 1201 1191 1202
f 1203 1192 1193
f 1202 1192 1203
f 1204 1193 1194
f 1203 1193 1204
f 1205 1194 1195
f 1204 1194 1205
f 1206 1195 1196
f 1205 1195 1206
f 1207 1196 1197
f 1206 1196 1207
f 1197 1198 1208
f 1197 1208 1207
f 1210 1209 829
f 1210 829 830
f 826 829 1199
f 1199 829 1209
f 1200 832 827
f 832 1200 834
f 1200 1211 834
f 1200 1201 1211
f 1212 1201 1202
f 1211 1201 1212
f 1213 1202 1203
f 1212 1202 1213
f 1214 1203 1204
f 1213 1203 1214
f 1215 1204 1205
f 1214 1204 1215
f 1216 1205 1206
f 1215 1205 1216
f 1207 1218 1217
f 1216 1207 1217
f 1206 1207 1216
f 1218 1207 1208
f 836 1210 830
f 836 1219 1210
f 1211 839 834
f 839 1211 841
f 1211 1220 841
f 1211 1212 1220
f 1221 1212 1213
f 1220 1212 1221
f 1222 1213 1214
f 1221 1213 1222
f 1223 1214 1215
f 1222 1214 1223
f 1224 1215 1216
f 1223 1215 1224
f 1216 1217 1225
f 1226 1216 1225
f 1224 1216 1226
f 1227 1226 1225
f 843 1229 1228
f 1219 843 1228
f 836 843 1219
f 1229 1230 1228
f 1231 847 1220
f 1220 847 841
f 1232 1220 1221
f 1231 1220 1232
f 1233 1221 1222
f 1232 1221 1233
f 1234 1222 1223
f 1233 1222 1234
f 1235 1223 1224
f 1234 1223 1235
f 1226 1237 1236
f 1235 1226 1236
f 1224 1226 1235
f 1237 1226 1227
f 1239 1238 1229
f 843 1239 1229
f 849 1239 843
f 1229 1238 1230
f 1240 853 1231
f 1231 853 847
f 1241 1231 1232
f 1240 1231 1241
f 1242 1232 1233
f 1241 1232 1242
f 1243 1233 1234
f 1242 1233 1243
f 1244 1234 1235
f 1243 1234 1244
f 1235 1236 1245
f 1235 1245 1244
f 855 1239 849
f 855 1246 1239
f 1247 859 1240
f 1240 859 853
f 1248 1240 1241
f 1247 1240 1248
f 1249 1241 1242
f 1248 1241 1249
f 1250 1242 1243
f 1249 1242 1250
f 1251 1243 1244
f 1250 1243 1251
f 1244 1245 1252
f 1244 1252 1251
f 862 1253 861
f 1253 1254 861
f 1254 855 861
f 1254 1246 855
f 1255 867 1247
f 1247 867 859
f 1256 1247 1248
f 1255 1247 1256
f 1257 1248 1249
f 1256 1248 1257
f 1258 1249 1250
f 1257 1249 1258
f 1259 1250 1251
f 1258 1250 1259
f 1251 1252 1260
f 1251 1260 1259
f 868 1253 862
f 868 869 1253
f 869 1254 1253
f 869 1261 1254
f 1262 874 1255
f 1255 874 867
f 1263 1255 1256
f 1262 1255 1263
f 1264 1256 1257
f 1263 1256 1264
f 1265 1257 1258
f 1264 1257 1265
f 1259 1267 1266
f 1265 1259 1266
f 1258 1259 1265
f 1267 1259 1260
f 876 1261 869
f 876 1268 1261
f 1269 879 880
f 874 1262 880
f 1262 1269 880
f 1262 1270 1269
f 1271 1262 1263
f 1270 1262 1271
f 1272 1263 1264
f 1271 1263 1272
f 1273 1264 1265
f 1272 1264 1273
f 1265 1266 1274
f 1275 1265 1274
f 1273 1265 1275
f 1277 1276 1275
f 1277 1275 1274
f 1278 1276 1277
f 876 881 1279
f 1280 876 1279
f 1268 876 1280
f 882 1279 881
f 1269 885 879
f 885 1269 887
f 1269 1281 887
f 1269 1270 1281
f 1282 1270 1271
f 1281 1270 1282
f 1283 1271 1272
f 1282 1271 1283
f 1284 1272 1273
f 1283 1272 1284
f 1285 1273 1275
f 1284 1273 1285
f 1286 1275 1276
f 1285 1275 1286
f 1276 1278 1287
f 1276 1287 1286
f 1280 1279 1288
f 1280 1288 1289
f 888 1290 882
f 1290 1279 882
f 1290 1288 1279
f 889 1291 888
f 888 1291 1290
f 890 1292 889
f 889 1292 1291
f 887 1281 890
f 1281 1292 890
f 1281 1293 1292
f 1294 1281 1282
f 1293 1281 1294
f 1295 1282 1283
f 1294 1282 1295
f 1296 1283 1284
f 1295 1283 1296
f 1297 1284 1285
f 1296 1284 1297
f 1298 1285 1286
f 1297 1285 1298
f 1286 1287 1299
f 1286 1299 1298
f 1300 1289 1288
f 1302 1301 1300
f 1288 1302 1300
f 1290 1302 1288
f 1303 1290 1291
f 1302 1290 1303
f 1304 1291 1292
f 1303 1291 1304
f 1305 1292 1293
f 1304 1292 1305
f 1306 1293 1294
f 1305 1293 1306
f 1307 1294 1295
f 1306 1294 1307
f 1308 1295 1296
f 1307 1295 1308
f 1309 1296 1297
f 1308 1296 1309
f 1310 1297 1298
f 1309 1297 1310
f 1298 1299 1311
f 1298 1311 1310
f 1301 1302 1312
f 1301 1312 1313
f 1314 1302 1303
f 1312 1302 1314
f 1315 1303 1304
f 1314 1303 1315
f 1316 1304 1305
f 1315 1304 1316
f 1317 1305 1306
f 1316 1305 1317
f 1318 1306 1307
f 1317 1306 1318
f 1319 1307 1308
f 1318 1307 1319
f 1320 1308 1309
f 1319 1308 1320
f 1321 1309 1310
f 1320 1309 1321
f 1310 1311 1322
f 1323 1310 1322
f 1321 1310 1323
f 1324 1323 1322
f 1313 1312 1325
f 1313 1325 1326
f 1327 1312 1314
f 1325 1312 1327
f 893 1327 892
f 1327 1315 892
f 1327 1314 1315
f 892 1315 894
f 1315 1328 894
f 1315 1316 1328
f 1329 1316 1317
f 1328 1316 1329
f 1330 1317 1318
f 1329 1317 1330
f 1331 1318 1319
f 1330 1318 1331
f 1332 1319 1320
f 1331 1319 1332
f 1333 1320 1321
f 1332 1320 1333
f 1323 1335 1334
f 1333 1323 1334
f 1321 1323 1333
f 1335 1323 1324
f 1326 1325 1336
f 1326 1336 1337
f 1338 1325 1327
f 1336 1325 1338
f 895 1339 893
f 1339 1327 893
f 1339 1338 1327
f 894 1328 895
f 1328 1339 895
f 1328 1340 1339
f 1341 1328 1329
f 1340 1328 1341
f 1342 1329 1330
f 1341 1329 1342
f 1343 1330 1331
f 1342 1330 1343
f 1344 1331 1332
f 1343 1331 1344
f 1345 1332 1333
f 1344 1332 1345
f 1333 1334 1346
f 1347 1333 1346
f 1345 1333 1347
f 1348 1347 1346
f 1337 1336 1349
f 1337 1349 1350
f 898 1349 897
f 1349 1338 897
f 1349 1336 1338
f 897 1338 899
f 1338 1351 899
f 1338 1339 1351
f 1352 1339 1340
f 1351 1339 1352
f 1353 1340 1341
f 1352 1340 1353
f 1354 1341 1342
f 1353 1341 1354
f 1355 1342 1343
f 1354 1342 1355
f 1356 1343 1344
f 1355 1343 1356
f 1357 1344 1345
f 1356 1344 1357
f 1347 1359 1358
f 1357 1347 1358
f 1345 1347 1357
f 1359 1347 1348
f 1350 1349 1360
f 1350 1360 1361
f 901 1360 898
f 898 1360 1349
f 1362 902 1351
f 1351 902 899
f 1363 1351 1352
f 1362 1351 1363
f 1364 1352 1353
f 1363 1352 1364
f 1365 1353 1354
f 1364 1353 1365
f 1366 1354 1355
f 1365 1354 1366
f 1367 1355 1356
f 1366 1355 1367
f 1368 1356 1357
f 1367 1356 1368
f 1357 1358 1369
f 1357 1369 1368
f 904 1370 903
f 1370 905 903
f 1361 1360 1371
f 1361 1371 1372
f 907 1371 901
f 901 1371 1360
f 1373 908 1362
f 1362 908 902
f 1374 1362 1363
f 1373 1362 1374
f 1375 1363 1364
f 1374 1363 1375
f 1376 1364 1365
f 1375 1364 1376
f 1377 1365 1366
f 1376 1365 1377
f 1378 1366 1367
f 1377 1366 1378
f 1379 1367 1368
f 1378 1367 1379
f 1368 1369 1380
f 1368 1380 1379
f 1382 1381 1370
f 904 1382 1370
f 909 1382 904
f 905 1370 1381
f 1383 905 1381
f 910 905 1383
f 1372 1371 1384
f 1372 1384 1385
f 911 1386 907
f 1386 1371 907
f 1386 1384 1371
f 908 1373 911
f 1373 1386 911
f 1373 1387 1386
f 1388 1373 1374
f 1387 1373 1388
f 1389 1374 1375
f 1388 1374 1389
f 1390 1375 1376
f 1389 1375 1390
f 1391 1376 1377
f 1390 1376 1391
f 1392 1377 1378
f 1391 1377 1392
f 1379 1394 1393
f 1392 1379 1393
f 1378 1379 1392
f 1394 1379 1380
f 912 1382 909
f 912 1395 1382
f 1383 913 910
f 1396 913 1383
f 1385 1384 915
f 916 1385 915
f 1397 1385 916
f 915 1384 918
f 918 1384 1386
f 918 1386 919
f 1386 1398 919
f 1386 1387 1398
f 1399 1387 1388
f 1398 1387 1399
f 1400 1388 1389
f 1399 1388 1400
f 1401 1389 1390
f 1400 1389 1401
f 1402 1390 1391
f 1401 1390 1402
f 1403 1391 1392
f 1402 1391 1403
f 1392 1393 1404
f 1392 1404 1403
f 920 1395 912
f 920 1405 1395
f 1396 922 913
f 1406 922 1396
f 924 1397 916
f 924 1407 1397
f 1408 926 1398
f 1398 926 919
f 1409 1398 1399
f 1408 1398 1409
f 1410 1399 1400
f 1409 1399 1410
f 1411 1400 1401
f 1410 1400 1411
f 1412 1401 1402
f 1411 1401 1412
f 1413 1402 1403
f 1412 1402 1413
f 1403 1404 1414
f 1403 1414 1413
f 927 1405 920
f 927 1415 1405
f 1406 928 922
f 1416 928 1406
f 1419 1418 1417
f 1418 1407 1417
f 1407 930 1417
f 1407 924 930
f 1420 932 1408
f 1408 932 926
f 1421 1408 1409
f 1420 1408 1421
f 1422 1409 1410
f 1421 1409 1422
f 1423 1410 1411
f 1422 1410 1423
f 1424 1411 1412
f 1423 1411 1424
f 1425 1412 1413
f 1424 1412 1425
f 1413 1414 1426
f 1413 1426 1425
f 933 1415 927
f 933 1427 1415
f 1416 934 928
f 1428 934 1416
f 1419 1417 936
f 937 1419 936
f 1429 1419 937
f 936 1417 930
f 1430 940 1420
f 1420 940 932
f 1431 1420 1421
f 1430 1420 1431
f 1432 1421 1422
f 1431 1421 1432
f 1433 1422 1423
f 1432 1422 1433
f 1434 1423 1424
f 1433 1423 1434
f 1435 1424 1425
f 1434 1424 1435
f 1425 1426 1436
f 1425 1436 1435
f 941 1427 933
f 941 1437 1427
f 1428 942 934
f 1438 942 1428
f 944 1429 937
f 944 1439 1429
f 1440 947 1430
f 1430 947 940
f 1441 1430 1431
f 1440 1430 1441
f 1442 1431 1432
f 1441 1431 1442
f 1443 1432 1433
f 1442 1432 1443
f 1444 1433 1434
f 1443 1433 1444
f 1445 1434 1435
f 1444 1434 1445
f 1435 1436 1446
f 1435 1446 1445
f 948 1437 941
f 948 1447 1437
f 1438 950 942
f 1448 950 1438
f 952 1439 944
f 952 1449 1439
f 1450 955 1440
f 1440 955 947
f 1451 1440 1441
f 1450 1440 1451
f 1452 1441 1442
f 1451 1441 1452
f 1453 1442 1443
f 1452 1442 1453
f 1454 1443 1444
f 1453 1443 1454
f 1455 1444 1445
f 1454 1444 1455
f 1445 1446 1456
f 1445 1456 1455
f 956 1447 948
f 956 1457 1447
f 1448 959 950
f 1458 959 1448
f 961 1449 952
f 961 1459 1449
f 1450 964 955
f 964 1450 966
f 1450 1460 966
f 1450 1451 1460
f 1461 1451 1452
f 1460 1451 1461
f 1462 1452 1453
f 1461 1452 1462
f 1463 1453 1454
f 1462 1453 1463
f 1464 1454 1455
f 1463 1454 1464
f 1455 1456 1465
f 1466 1455 1465
f 1464 1455 1466
f 1468 1467 1466
f 1468 1466 1465
f 1470 1469 1467
f 1470 1467 1468
f 1471 1469 1470
f 967 1457 956
f 967 1472 1457
f 1458 969 959
f 1473 969 1458
f 1474 1459 961
f 1474 961 970
f 970 971 1474
f 1474 971 1475
f 1476 974 975
f 966 1460 975
f 1460 1476 975
f 1460 1477 1476
f 1478 1460 1461
f 1477 1460 1478
f 1479 1461 1462
f 1478 1461 1479
f 1480 1462 1463
f 1479 1462 1480
f 1481 1463 1464
f 1480 1463 1481
f 1482 1464 1466
f 1481 1464 1482
f 1483 1466 1467
f 1482 1466 1483
f 1484 1467 1469
f 1483 1467 1484
f 1469 1471 1485
f 1486 1469 1485
f 1484 1469 1486
f 1487 1486 1485
f 1488 1472 967
f 1488 967 976
f 976 969 1473
f 976 1473 1488
f 978 1475 971
f 978 1489 1475
f 1490 979 980
f 974 1476 980
f 1476 1490 980
f 1476 1491 1490
f 1492 1476 1477
f 1491 1476 1492
f 1493 1477 1478
f 1492 1477 1493
f 1494 1478 1479
f 1493 1478 1494
f 1495 1479 1480
f 1494 1479 1495
f 1496 1480 1481
f 1495 1480 1496
f 1482 1498 1497
f 1496 1482 1497
f 1481 1482 1496
f 1500 1499 1498
f 1482 1500 1498
f 1483 1500 1482
f 1501 1483 1484
f 1500 1483 1501
f 1502 1484 1486
f 1501 1484 1502
f 1486 1487 1503
f 1486 1503 1502
f 1504 1489 978
f 1504 978 981
f 981 979 1490
f 1505 981 1490
f 1504 981 1505
f 1505 1490 1491
f 1505 1491 1506
f 1506 1491 1492
f 1506 1492 1507
f 1507 1492 1493
f 1507 1493 1508
f 1508 1493 1494
f 1508 1494 1509
f 1509 1494 1495
f 1509 1495 1510
f 1510 1495 1496
f 1510 1496 1511
f 1511 1496 1497
f 1512 1499 1500
f 1512 1500 1501
f 1512 1501 1513
f 1513 1501 1502
f 1513 1502 1514
f 1514 1502 1503
f 984 1515 983
f 983 1515 1516
f 1517 983 1516
f 986 983 1517
f 986 1518 988
f 1517 1518 986
f 988 1519 990
f 1518 1519 988
f 1521 1520 991
f 990 1521 991
f 1519 1521 990
f 1523 1522 1520
f 1523 1520 1521
f 1524 1522 1523
f 1526 1525 992
f 1526 992 993
f 994 992 1525
f 994 1525 1527
f 998 1528 997
f 1515 984 997
f 1528 1515 997
f 1529 1515 1528
f 1516 1515 1530
f 1530 1515 1529
f 1520 1003 991
f 1003 1520 1005
f 1520 1531 1005
f 1520 1522 1531
f 1522 1524 1532
f 1533 1522 1532
f 1531 1522 1533
f 1535 1534 1533
f 1535 1533 1532
f 1536 1534 1535
f 1006 1526 993
f 1006 1537 1526
f 1527 1007 994
f 1538 1007 1527
f 1010 1539 1009
f 1540 1013 1009
f 1540 1009 1539
f 1541 1016 1013
f 1541 1013 1540
f 1528 998 1016
f 1541 1528 1016
f 1542 1528 1541
f 1528 1543 1529
f 1528 1542 1543
f 1530 1529 1544
f 1544 1529 1543
f 1545 1023 1531
f 1531 1023 1005
f 1546 1531 1533
f 1545 1531 1546
f 1547 1533 1534
f 1546 1533 1547
f 1534 1536 1548
f 1534 1548 1547
f 1024 1537 1006
f 1024 1549 1537
f 1025 1007 1550
f 1007 1551 1550
f 1007 1538 1551
f 1550 1027 1025
f 1030 1552 1539
f 1030 1539 1010
f 1539 1553 1540
f 1539 1552 1553
f 1540 1554 1541
f 1540 1553 1554
f 1541 1555 1542
f 1541 1554 1555
f 1557 1543 1556
f 1543 1555 1556
f 1543 1542 1555
f 1543 1557 1544
f 1558 1039 1545
f 1545 1039 1023
f 1559 1545 1546
f 1558 1545 1559
f 1560 1546 1547
f 1559 1546 1560
f 1547 1548 1561
f 1547 1561 1560
f 1040 1549 1024
f 1040 1562 1549
f 1550 1551 1563
f 1563 1551 1564
f 1563 1041 1027
f 1563 1027 1550
f 1044 1565 1552
f 1044 1552 1030
f 1552 1566 1553
f 1552 1565 1566
f 1553 1567 1554
f 1553 1566 1567
f 1554 1568 1555
f 1554 1567 1568
f 1556 1555 1569
f 1555 1570 1569
f 1555 1568 1570
f 1570 1571 1569
f 1572 1052 1053
f 1039 1558 1053
f 1558 1572 1053
f 1558 1573 1572
f 1574 1558 1559
f 1573 1558 1574
f 1575 1559 1560
f 1574 1559 1575
f 1560 1561 1576
f 1560 1576 1575
f 1054 1562 1040
f 1054 1577 1562
f 1563 1564 1578
f 1578 1564 1579
f 1578 1056 1041
f 1578 1041 1563
f 1059 1580 1060
f 1565 1044 1060
f 1580 1565 1060
f 1581 1565 1580
f 1565 1582 1566
f 1565 1581 1582
f 1566 1583 1567
f 1566 1582 1583
f 1567 1584 1568
f 1567 1583 1584
f 1568 1585 1570
f 1568 1584 1585
f 1571 1570 1586
f 1586 1570 1585
f 1587 1068 1572
f 1572 1068 1052
f 1588 1572 1573
f 1587 1572 1588
f 1589 1573 1574
f 1588 1573 1589
f 1590 1574 1575
f 1589 1574 1590
f 1575 1576 1591
f 1575 1591 1590
f 1069 1577 1054
f 1069 1592 1577
f 1579 1593 1578
f 1056 1578 1593
f 1594 1056 1593
f 1070 1056 1594
f 1072 1595 1071
f 1580 1059 1071
f 1595 1580 1071
f 1596 1580 1595
f 1580 1597 1581
f 1580 1596 1597
f 1581 1598 1582
f 1581 1597 1598
f 1582 1599 1583
f 1582 1598 1599
f 1583 1600 1584
f 1583 1599 1600
f 1584 1601 1585
f 1584 1600 1601
f 1586 1585 1602
f 1602 1585 1601
f 1603 1080 1081
f 1068 1587 1081
f 1587 1603 1081
f 1587 1604 1603
f 1605 1587 1588
f 1604 1587 1605
f 1606 1588 1589
f 1605 1588 1606
f 1607 1589 1590
f 1606 1589 1607
f 1590 1591 1608
f 1590 1608 1607
f 1082 1592 1069
f 1082 1609 1592
f 1594 1083 1070
f 1610 1083 1594
f 1084 1611 1595
f 1084 1595 1072
f 1595 1612 1596
f 1595 1611 1612
f 1596 1613 1597
f 1596 1612 1613
f 1597 1614 1598
f 1597 1613 1614
f 1598 1615 1599
f 1598 1614 1615
f 1599 1616 1600
f 1599 1615 1616
f 1600 1617 1601
f 1600 1616 1617
f 1602 1601 1618
f 1618 1601 1617
f 1619 1092 1603
f 1603 1092 1080
f 1620 1603 1604
f 1619 1603 1620
f 1621 1604 1605
f 1620 1604 1621
f 1622 1605 1606
f 1621 1605 1622
f 1623 1606 1607
f 1622 1606 1623
f 1607 1608 1624
f 1625 1607 1624
f 1623 1607 1625
f 1626 1625 1624
f 1093 1609 1082
f 1093 1627 1609
f 1628 1094 1095
f 1629 1628 1095
f 1083 1629 1095
f 1610 1629 1083
f 1096 1611 1084
f 1611 1096 1097
f 1630 1611 1097
f 1612 1611 1630
f 1612 1631 1613
f 1612 1630 1631
f 1613 1632 1614
f 1613 1631 1632
f 1614 1633 1615
f 1614 1632 1633
f 1615 1634 1616
f 1615 1633 1634
f 1636 1617 1635
f 1617 1634 1635
f 1617 1616 1634
f 1617 1636 1618
f 1637 1105 1619
f 1619 1105 1092
f 1638 1619 1620
f 1637 1619 1638
f 1639 1620 1621
f 1638 1620 1639
f 1640 1621 1622
f 1639 1621 1640
f 1641 1622 1623
f 1640 1622 1641
f 1642 1623 1625
f 1641 1623 1642
f 1625 1626 1643
f 1625 1643 1642
f 1106 1627 1093
f 1106 1644 1627
f 1646 1645 1628
f 1645 1094 1628
f 1645 1107 1094
f 1646 1628 1629
f 1108 1630 1097
f 1630 1108 1110
f 1647 1630 1110
f 1631 1630 1647
f 1631 1648 1632
f 1631 1647 1648
f 1632 1649 1633
f 1632 1648 1649
f 1651 1634 1650
f 1634 1649 1650
f 1634 1633 1649
f 1634 1651 1635
f 1637 1117 1105
f 1117 1637 1119
f 1637 1652 1119
f 1637 1638 1652
f 1653 1638 1639
f 1652 1638 1653
f 1654 1639 1640
f 1653 1639 1654
f 1655 1640 1641
f 1654 1640 1655
f 1656 1641 1642
f 1655 1641 1656
f 1642 1643 1657
f 1642 1657 1656
f 1106 1120 1658
f 1659 1106 1658
f 1644 1106 1659
f 1660 1658 1120
f 1107 1660 1120
f 1645 1660 1107
f 1121 1647 1110
f 1647 1121 1122
f 1661 1647 1122
f 1648 1647 1661
f 1648 1662 1649
f 1648 1661 1662
f 1650 1649 1663
f 1649 1664 1663
f 1649 1662 1664
f 1664 1665 1663
f 1666 1129 1130
f 1119 1652 1130
f 1652 1666 1130
f 1652 1667 1666
f 1668 1652 1653
f 1667 1652 1668
f 1669 1653 1654
f 1668 1653 1669
f 1670 1654 1655
f 1669 1654 1670
f 1671 1655 1656
f 1670 1655 1671
f 1656 1657 1672
f 1656 1672 1671
f 1659 1658 1673
f 1659 1673 1674
f 1658 1660 1675
f 1658 1675 1673
f 1132 1676 1661
f 1132 1661 1122
f 1661 1677 1662
f 1661 1676 1677
f 1679 1664 1678
f 1664 1677 1678
f 1664 1662 1677
f 1664 1679 1665
f 1666 1138 1129
f 1138 1666 1140
f 1666 1680 1140
f 1666 1667 1680
f 1681 1667 1668
f 1680 1667 1681
f 1682 1668 1669
f 1681 1668 1682
f 1683 1669 1670
f 1682 1669 1683
f 1684 1670 1671
f 1683 1670 1684
f 1671 1672 1685
f 1671 1685 1684
f 1674 1673 1686
f 1674 1686 1687
f 1673 1675 1688
f 1673 1688 1686
f 1143 1689 1142
f 1690 1145 1142
f 1690 1142 1689
f 1676 1132 1145
f 1690 1676 1145
f 1691 1676 1690
f 1693 1677 1692
f 1677 1691 1692
f 1677 1676 1691
f 1677 1693 1678
f 1694 1152 1153
f 1140 1680 1153
f 1680 1694 1153
f 1680 1695 1694
f 1696 1680 1681
f 1695 1680 1696
f 1697 1681 1682
f 1696 1681 1697
f 1698 1682 1683
f 1697 1682 1698
f 1699 1683 1684
f 1698 1683 1699
f 1684 1685 1700
f 1684 1700 1699
f 1701 1687 1686
f 1701 1686 1688
f 1155 1702 1689
f 1155 1689 1143
f 1689 1703 1690
f 1689 1702 1703
f 1690 1704 1691
f 1690 1703 1704
f 1692 1691 1705
f 1705 1691 1704
f 1706 1162 1163
f 1152 1694 1163
f 1694 1706 1163
f 1694 1707 1706
f 1708 1694 1695
f 1707 1694 1708
f 1709 1695 1696
f 1708 1695 1709
f 1710 1696 1697
f 1709 1696 1710
f 1711 1697 1698
f 1710 1697 1711
f 1712 1698 1699
f 1711 1698 1712
f 1699 1700 1713
f 1699 1713 1712
f 1165 1714 1702
f 1165 1702 1155
f 1702 1715 1703
f 1702 1714 1715
f 1703 1716 1704
f 1703 1715 1716
f 1705 1704 1717
f 1717 1704 1716
f 1706 1172 1162
f 1172 1706 1175
f 1175 1706 1707
f 1175 1707 1176
f 1707 1718 1176
f 1707 1708 1718
f 1719 1708 1709
f 1718 1708 1719
f 1720 1709 1710
f 1719 1709 1720
f 1721 1710 1711
f 1720 1710 1721
f 1722 1711 1712
f 1721 1711 1722
f 1712 1713 1723
f 1724 1712 1723
f 1722 1712 1724
f 1725 1724 1723
f 1178 1726 1714
f 1178 1714 1165
f 1728 1715 1727
f 1715 1726 1727
f 1715 1714 1726
f 1715 1728 1716
f 1716 1728 1729
f 1716 1729 1717
f 1730 1187 1718
f 1718 1187 1176
f 1731 1718 1719
f 1730 1718 1731
f 1732 1719 1720
f 1731 1719 1732
f 1733 1720 1721
f 1732 1720 1733
f 1734 1721 1722
f 1733 1721 1734
f 1735 1722 1724
f 1734 1722 1735
f 1724 1725 1736
f 1724 1736 1735
f 1738 1737 1726
f 1178 1738 1726
f 1189 1738 1178
f 1726 1737 1727
f 1741 1740 1739
f 1739 1742 1741
f 1743 1198 1730
f 1730 1198 1187
f 1744 1730 1731
f 1743 1730 1744
f 1745 1731 1732
f 1744 1731 1745
f 1746 1732 1733
f 1745 1732 1746
f 1747 1733 1734
f 1746 1733 1747
f 1748 1734 1735
f 1747 1734 1748
f 1735 1736 1749
f 1735 1749 1748
f 1199 1738 1189
f 1199 1750 1738
f 1739 1740 1751
f 1751 1740 1752
f 1742 1739 1753
f 1753 1739 1751
f 1754 1208 1743
f 1743 1208 1198
f 1755 1743 1744
f 1754 1743 1755
f 1756 1744 1745
f 1755 1744 1756
f 1757 1745 1746
f 1756 1745 1757
f 1758 1746 1747
f 1757 1746 1758
f 1759 1747 1748
f 1758 1747 1759
f 1748 1749 1760
f 1748 1760 1759
f 1210 1761 1209
f 1761 1762 1209
f 1762 1199 1209
f 1762 1750 1199
f 1751 1752 1763
f 1763 1752 1764
f 1753 1751 1765
f 1751 1766 1765
f 1751 1763 1766
f 1766 1767 1765
f 1768 1217 1218
f 1208 1754 1218
f 1754 1768 1218
f 1754 1769 1768
f 1770 1754 1755
f 1769 1754 1770
f 1771 1755 1756
f 1770 1755 1771
f 1772 1756 1757
f 1771 1756 1772
f 1773 1757 1758
f 1772 1757 1773
f 1759 1775 1774
f 1773 1759 1774
f 1758 1759 1773
f 1775 1759 1760
f 1219 1776 1761
f 1219 1761 1210
f 1762 1761 1777
f 1777 1761 1776
f 1763 1764 1778
f 1778 1764 1779
f 1763 1780 1766
f 1763 1778 1780
f 1767 1766 1781
f 1781 1766 1780
f 1768 1225 1217
f 1225 1768 1227
f 1768 1782 1227
f 1768 1769 1782
f 1783 1769 1770
f 1782 1769 1783
f 1784 1770 1771
f 1783 1770 1784
f 1785 1771 1772
f 1784 1771 1785
f 1786 1772 1773
f 1785 1772 1786
f 1773 1774 1787
f 1788 1773 1787
f 1786 1773 1788
f 1790 1789 1788
f 1790 1788 1787
f 1791 1789 1790
f 1228 1776 1219
f 1228 1230 1776
f 1230 1777 1776
f 1230 1792 1777
f 1778 1779 1793
f 1793 1779 1794
f 1796 1780 1795
f 1780 1793 1795
f 1780 1778 1793
f 1780 1796 1781
f 1797 1236 1237
f 1227 1782 1237
f 1782 1797 1237
f 1782 1798 1797
f 1799 1782 1783
f 1798 1782 1799
f 1800 1783 1784
f 1799 1783 1800
f 1801 1784 1785
f 1800 1784 1801
f 1802 1785 1786
f 1801 1785 1802
f 1803 1786 1788
f 1802 1786 1803
f 1804 1788 1789
f 1803 1788 1804
f 1789 1791 1805
f 1806 1789 1805
f 1804 1789 1806
f 1807 1806 1805
f 1239 1808 1238
f 1808 1809 1238
f 1809 1230 1238
f 1809 1792 1230
f 1794 1810 1793
f 1793 1810 1795
f 1811 1245 1797
f 1797 1245 1236
f 1812 1797 1798
f 1811 1797 1812
f 1813 1798 1799
f 1812 1798 1813
f 1814 1799 1800
f 1813 1799 1814
f 1815 1800 1801
f 1814 1800 1815
f 1816 1801 1802
f 1815 1801 1816
f 1817 1802 1803
f 1816 1802 1817
f 1818 1803 1804
f 1817 1803 1818
f 1819 1804 1806
f 1818 1804 1819
f 1806 1807 1820
f 1806 1820 1819
f 1246 1821 1808
f 1246 1808 1239
f 1809 1808 1822
f 1822 1808 1821
f 1823 1252 1811
f 1811 1252 1245
f 1824 1811 1812
f 1823 1811 1824
f 1825 1812 1813
f 1824 1812 1825
f 1826 1813 1814
f 1825 1813 1826
f 1827 1814 1815
f 1826 1814 1827
f 1828 1815 1816
f 1827 1815 1828
f 1829 1816 1817
f 1828 1816 1829
f 1830 1817 1818
f 1829 1817 1830
f 1831 1818 1819
f 1830 1818 1831
f 1819 1820 1832
f 1833 1819 1832
f 1831 1819 1833
f 1834 1833 1832
f 1254 1835 1821
f 1254 1821 1246
f 1822 1821 1836
f 1836 1821 1835
f 1837 1260 1823
f 1823 1260 1252
f 1838 1823 1824
f 1837 1823 1838
f 1839 1824 1825
f 1838 1824 1839
f 1840 1825 1826
f 1839 1825 1840
f 1841 1826 1827
f 1840 1826 1841
f 1842 1827 1828
f 1841 1827 1842
f 1843 1828 1829
f 1842 1828 1843
f 1844 1829 1830
f 1843 1829 1844
f 1845 1830 1831
f 1844 1830 1845
f 1846 1831 1833
f 1845 1831 1846
f 1833 1834 1847
f 1833 1847 1846
f 1849 1848 1835
f 1254 1849 1835
f 1261 1849 1254
f 1835 1848 1836
f 1850 1266 1267
f 1260 1837 1267
f 1837 1850 1267
f 1837 1851 1850
f 1852 1837 1838
f 1851 1837 1852
f 1853 1838 1839
f 1852 1838 1853
f 1854 1839 1840
f 1853 1839 1854
f 1855 1840 1841
f 1854 1840 1855
f 1856 1841 1842
f 1855 1841 1856
f 1857 1842 1843
f 1856 1842 1857
f 1858 1843 1844
f 1857 1843 1858
f 1859 1844 1845
f 1858 1844 1859
f 1846 1861 1860
f 1859 1846 1860
f 1845 1846 1859
f 1861 1846 1847
f 1268 1849 1261
f 1268 1862 1849
f 1850 1274 1266
f 1274 1850 1277
f 1277 1850 1851
f 1277 1851 1278
f 1851 1863 1278
f 1851 1852 1863
f 1864 1852 1853
f 1863 1852 1864
f 1865 1853 1854
f 1864 1853 1865
f 1866 1854 1855
f 1865 1854 1866
f 1867 1855 1856
f 1866 1855 1867
f 1868 1856 1857
f 1867 1856 1868
f 1869 1857 1858
f 1868 1857 1869
f 1870 1858 1859
f 1869 1858 1870
f 1859 1860 1871
f 1859 1871 1870
f 1280 1862 1268
f 1280 1872 1862
f 1875 1874 1873
f 1873 1876 1875
f 1877 1287 1863
f 1863 1287 1278
f 1878 1863 1864
f 1877 1863 1878
f 1879 1864 1865
f 1878 1864 1879
f 1880 1865 1866
f 1879 1865 1880
f 1881 1866 1867
f 1880 1866 1881
f 1868 1883 1882
f 1881 1868 1882
f 1867 1868 1881
f 1885 1884 1883
f 1868 1885 1883
f 1869 1885 1868
f 1870 1887 1886
f 1885 1870 1886
f 1869 1870 1885
f 1887 1870 1871
f 1289 1872 1280
f 1289 1888 1872
f 1873 1874 1889
f 1889 1874 1890
f 1876 1873 1891
f 1891 1873 1889
f 1892 1299 1877
f 1877 1299 1287
f 1893 1877 1878
f 1892 1877 1893
f 1894 1878 1879
f 1893 1878 1894
f 1895 1879 1880
f 1894 1879 1895
f 1896 1880 1881
f 1895 1880 1896
f 1881 1882 1897
f 1898 1881 1897
f 1896 1881 1898
f 1898 1897 1884
f 1885 1898 1884
f 1899 1898 1885
f 1885 1886 1900
f 1885 1900 1899
f 1901 1888 1289
f 1901 1289 1300
f 1300 1301 1901
f 1901 1301 1902
f 1905 1904 1903
f 1905 1903 1890
f 1903 1889 1890
f 1903 1906 1889
f 1891 1889 1907
f 1889 1908 1907
f 1889 1906 1908
f 1908 1909 1907
f 1910 1311 1892
f 1892 1311 1299
f 1911 1892 1893
f 1910 1892 1911
f 1912 1893 1894
f 1911 1893 1912
f 1913 1894 1895
f 1912 1894 1913
f 1914 1895 1896
f 1913 1895 1914
f 1915 1896 1898
f 1914 1896 1915
f 1916 1898 1899
f 1915 1898 1916
f 1899 1900 1917
f 1899 1917 1916
f 1313 1902 1301
f 1313 1918 1902
f 1903 1904 1919
f 1919 1904 1920
f 1903 1921 1906
f 1903 1919 1921
f 1906 1922 1908
f 1906 1921 1922
f 1909 1908 1923
f 1923 1908 1922
f 1910 1322 1311
f 1322 1910 1324
f 1910 1924 1324
f 1910 1911 1924
f 1925 1911 1912
f 1924 1911 1925
f 1926 1912 1913
f 1925 1912 1926
f 1927 1913 1914
f 1926 1913 1927
f 1928 1914 1915
f 1927 1914 1928
f 1929 1915 1916
f 1928 1915 1929
f 1916 1917 1930
f 1931 1916 1930
f 1929 1916 1931
f 1932 1931 1930
f 1326 1918 1313
f 1326 1933 1918
f 1919 1920 1934
f 1934 1920 1935
f 1919 1936 1921
f 1919 1934 1936
f 1938 1922 1937
f 1922 1936 1937
f 1922 1921 1936
f 1922 1938 1923
f 1939 1334 1335
f 1324 1924 1335
f 1924 1939 1335
f 1924 1940 1939
f 1941 1924 1925
f 1940 1924 1941
f 1942 1925 1926
f 1941 1925 1942
f 1943 1926 1927
f 1942 1926 1943
f 1944 1927 1928
f 1943 1927 1944
f 1945 1928 1929
f 1944 1928 1945
f 1931 1947 1946
f 1945 1931 1946
f 1929 1931 1945
f 1947 1931 1932
f 1337 1933 1326
f 1337 1948 1933
f 1935 1949 1934
f 1951 1950 1949
f 1950 1934 1949
f 1950 1936 1934
f 1937 1936 1952
f 1952 1936 1950
f 1939 1346 1334
f 1346 1939 1348
f 1939 1953 1348
f 1939 1940 1953
f 1954 1940 1941
f 1953 1940 1954
f 1955 1941 1942
f 1954 1941 1955
f 1956 1942 1943
f 1955 1942 1956
f 1957 1943 1944
f 1956 1943 1957
f 1958 1944 1945
f 1957 1944 1958
f 1945 1946 1959
f 1945 1959 1958
f 1962 1961 1960
f 1961 1948 1960
f 1948 1350 1960
f 1948 1337 1350
f 1951 1963 1950
f 1950 1963 1952
f 1964 1358 1359
f 1348 1953 1359
f 1953 1964 1359
f 1953 1965 1964
f 1966 1953 1954
f 1965 1953 1966
f 1967 1954 1955
f 1966 1954 1967
f 1968 1955 1956
f 1967 1955 1968
f 1969 1956 1957
f 1968 1956 1969
f 1970 1957 1958
f 1969 1957 1970
f 1958 1959 1971
f 1958 1971 1970
f 1962 1960 1972
f 1962 1972 1973
f 1361 1972 1350
f 1350 1972 1960
f 1974 1369 1964
f 1964 1369 1358
f 1975 1964 1965
f 1974 1964 1975
f 1976 1965 1966
f 1975 1965 1976
f 1977 1966 1967
f 1976 1966 1977
f 1978 1967 1968
f 1977 1967 1978
f 1979 1968 1969
f 1978 1968 1979
f 1970 1981 1980
f 1979 1970 1980
f 1969 1970 1979
f 1981 1970 1971
f 1982 1973 1972
f 1972 1361 1982
f 1361 1983 1982
f 1361 1372 1983
f 1984 1380 1974
f 1974 1380 1369
f 1985 1974 1975
f 1984 1974 1985
f 1986 1975 1976
f 1985 1975 1986
f 1987 1976 1977
f 1986 1976 1987
f 1988 1977 1978
f 1987 1977 1988
f 1989 1978 1979
f 1988 1978 1989
f 1979 1980 1990
f 1991 1979 1990
f 1989 1979 1991
f 1992 1991 1990
f 1382 1993 1381
f 1993 1383 1381
f 1385 1995 1994
f 1983 1385 1994
f 1372 1385 1983
f 1997 1996 1995
f 1995 1996 1994
f 1999 1998 1997
f 1997 1998 1996
f 2001 2000 1999
f 1999 2000 1998
f 2001 2002 2000
f 2003 1393 1394
f 1380 1984 1394
f 1984 2003 1394
f 1984 2004 2003
f 2005 1984 1985
f 2004 1984 2005
f 2006 1985 1986
f 2005 1985 2006
f 2007 1986 1987
f 2006 1986 2007
f 2008 1987 1988
f 2007 1987 2008
f 1989 2010 2009
f 2008 1989 2009
f 1988 1989 2008
f 2010 1989 1991
f 2010 1991 2011
f 2011 1991 1992
f 2013 2012 1993
f 1382 2013 1993
f 1395 2013 1382
f 1383 1993 2012
f 2014 1383 2012
f 1396 1383 2014
f 1397 2015 1995
f 1397 1995 1385
f 1995 2016 1997
f 1995 2015 2016
f 1997 2017 1999
f 1997 2016 2017
f 1999 2018 2001
f 1999 2017 2018
f 2002 2001 2019
f 2001 2020 2019
f 2001 2018 2020
f 2020 2021 2019
f 2022 1404 2003
f 2003 1404 1393
f 2023 2003 2004
f 2022 2003 2023
f 2024 2004 2005
f 2023 2004 2024
f 2025 2005 2006
f 2024 2005 2025
f 2026 2006 2007
f 2025 2006 2026
f 2027 2007 2008
f 2026 2007 2027
f 2008 2009 2028
f 2008 2028 2027
f 1405 2013 1395
f 1405 2029 2013
f 2014 1406 1396
f 2030 1406 2014
f 1407 2031 2015
f 1407 2015 1397
f 2015 2032 2016
f 2015 2031 2032
f 2016 2033 2017
f 2016 2032 2033
f 2017 2034 2018
f 2017 2033 2034
f 2018 2035 2020
f 2018 2034 2035
f 2021 2020 2036
f 2036 2020 2035
f 2037 1414 2022
f 2022 1414 1404
f 2038 2022 2023
f 2037 2022 2038
f 2039 2023 2024
f 2038 2023 2039
f 2040 2024 2025
f 2039 2024 2040
f 2041 2025 2026
f 2040 2025 2041
f 2042 2026 2027
f 2041 2026 2042
f 2027 2028 2043
f 2027 2043 2042
f 1415 2029 1405
f 1415 2044 2029
f 2030 1416 1406
f 2045 1416 2030
f 1419 2046 1418
f 2031 1407 1418
f 2046 2031 1418
f 2047 2031 2046
f 2031 2048 2032
f 2031 2047 2048
f 2032 2049 2033
f 2032 2048 2049
f 2033 2050 2034
f 2033 2049 2050
f 2034 2051 2035
f 2034 2050 2051
f 2036 2035 2052
f 2035 2053 2052
f 2035 2051 2053
f 2053 2054 2052
f 2055 1426 2037
f 2037 1426 1414
f 2056 2037 2038
f 2055 2037 2056
f 2057 2038 2039
f 2056 2038 2057
f 2058 2039 2040
f 2057 2039 2058
f 2059 2040 2041
f 2058 2040 2059
f 2060 2041 2042
f 2059 2041 2060
f 2042 2043 2061
f 2042 2061 2060
f 1427 2044 1415
f 1427 2062 2044
f 2045 1428 1416
f 2063 1428 2045
f 1429 2064 2046
f 1429 2046 1419
f 2046 2065 2047
f 2046 2064 2065
f 2047 2066 2048
f 2047 2065 2066
f 2048 2067 2049
f 2048 2066 2067
f 2049 2068 2050
f 2049 2067 2068
f 2050 2069 2051
f 2050 2068 2069
f 2051 2070 2053
f 2051 2069 2070
f 2054 2053 2071
f 2071 2053 2070
f 2072 1436 2055
f 2055 1436 1426
f 2073 2055 2056
f 2072 2055 2073
f 2074 2056 2057
f 2073 2056 2074
f 2075 2057 2058
f 2074 2057 2075
f 2076 2058 2059
f 2075 2058 2076
f 2060 2078 2077
f 2076 2060 2077
f 2059 2060 2076
f 2078 2060 2061
f 1437 2062 1427
f 1437 2079 2062
f 2063 1438 1428
f 2080 1438 2063
f 1439 2081 2064
f 1439 2064 1429
f 2064 2082 2065
f 2064 2081 2082
f 2065 2083 2066
f 2065 2082 2083
f 2066 2084 2067
f 2066 2083 2084
f 2067 2085 2068
f 2067 2084 2085
f 2068 2086 2069
f 2068 2085 2086
f 2069 2087 2070
f 2069 2086 2087
f 2071 2070 2088
f 2070 2089 2088
f 2070 2087 2089
f 2089 2090 2088
f 2091 1446 2072
f 2072 1446 1436
f 2092 2072 2073
f 2091 2072 2092
f 2093 2073 2074
f 2092 2073 2093
f 2094 2074 2075
f 2093 2074 2094
f 2095 2075 2076
f 2094 2075 2095
f 2076 2077 2096
f 2076 2096 2095
f 1447 2079 1437
f 1447 2097 2079
f 2080 1448 1438
f 2098 1448 2080
f 1449 2099 2081
f 1449 2081 1439
f 2081 2100 2082
f 2081 2099 2100
f 2082 2101 2083
f 2082 2100 2101
f 2083 2102 2084
f 2083 2101 2102
f 2084 2103 2085
f 2084 2102 2103
f 2085 2104 2086
f 2085 2103 2104
f 2086 2105 2087
f 2086 2104 2105
f 2087 2106 2089
f 2087 2105 2106
f 2090 2089 2107
f 2107 2089 2106
f 2108 1456 2091
f 2091 1456 1446
f 2109 2091 2092
f 2108 2091 2109
f 2110 2092 2093
f 2109 2092 2110
f 2111 2093 2094
f 2110 2093 2111
f 2112 2094 2095
f 2111 2094 2112
f 2095 2096 2113
f 2114 2095 2113
f 2112 2095 2114
f 2115 2114 2113
f 1457 2097 1447
f 1457 2116 2097
f 2098 1458 1448
f 2117 1458 2098
f 1459 2118 2099
f 1459 2099 1449
f 2099 2119 2100
f 2099 2118 2119
f 2100 2120 2101
f 2100 2119 2120
f 2101 2121 2102
f 2101 2120 2121
f 2102 2122 2103
f 2102 2121 2122
f 2103 2123 2104
f 2103 2122 2123
f 2104 2124 2105
f 2104 2123 2124
f 2105 2125 2106
f 2105 2124 2125
f 2107 2106 2126
f 2126 2106 2125
f 2108 1465 1456
f 1465 2108 1468
f 1468 2108 2109
f 1468 2109 1470
f 1470 2109 2110
f 1470 2110 1471
f 2110 2127 1471
f 2110 2111 2127
f 2128 2111 2112
f 2127 2111 2128
f 2129 2112 2114
f 2128 2112 2129
f 2114 2115 2130
f 2131 2114 2130
f 2129 2114 2131
f 2132 2131 2130
f 1472 2116 1457
f 1472 2133 2116
f 2117 1473 1458
f 2134 1473 2117
f 1474 2118 1459
f 2118 1474 1475
f 2135 2118 1475
f 2119 2118 2135
f 2119 2136 2120
f 2119 2135 2136
f 2120 2137 2121
f 2120 2136 2137
f 2121 2138 2122
f 2121 2137 2138
f 2122 2139 2123
f 2122 2138 2139
f 2123 2140 2124
f 2123 2139 2140
f 2124 2141 2125
f 2124 2140 2141
f 2126 2125 2142
f 2142 2125 2141
f 2127 1485 1471
f 1485 2127 1487
f 2127 2143 1487
f 2127 2128 2143
f 2144 2128 2129
f 2143 2128 2144
f 2145 2129 2131
f 2144 2129 2145
f 2131 2132 2146
f 2131 2146 2145
f 2147 2133 1472
f 2147 1472 1488
f 1488 1473 2134
f 1488 2134 2147
f 1489 2148 2135
f 1489 2135 1475
f 2135 2149 2136
f 2135 2148 2149
f 2136 2150 2137
f 2136 2149 2150
f 2137 2151 2138
f 2137 2150 2151
f 2138 2152 2139
f 2138 2151 2152
f 2139 2153 2140
f 2139 2152 2153
f 2140 2154 2141
f 2140 2153 2154
f 2142 2141 2155
f 2155 2141 2154
f 2156 1497 1498
f 1499 2156 1498
f 2157 1503 2143
f 2143 1503 1487
f 2158 2143 2144
f 2157 2143 2158
f 2159 2144 2145
f 2158 2144 2159
f 2145 2146 2160
f 2161 2145 2160
f 2159 2145 2161
f 2163 2162 2161
f 2163 2161 2160
f 2165 2164 2162
f 2165 2162 2163
f 2167 2166 2164
f 2167 2164 2165
f 2168 2166 2167
f 1504 2148 1489
f 2148 1504 1505
f 2148 1505 2149
f 2149 1505 1506
f 2149 1506 2150
f 2150 1506 1507
f 2150 1507 2151
f 2151 1507 1508
f 2151 1508 2152
f 2152 1508 1509
f 2152 1509 2153
f 2153 1509 1510
f 2153 1510 2154
f 2169 2155 2154
f 1510 2169 2154
f 1511 2169 1510
f 2169 1511 1497
f 2170 2169 1497
f 2156 2170 1497
f 2169 2170 2171
f 1512 2172 1499
f 2172 2156 1499
f 2172 2170 2156
f 1513 2173 1512
f 1512 2173 2172
f 1514 2174 1513
f 1513 2174 2173
f 1503 2157 1514
f 2157 2174 1514
f 2157 2175 2174
f 2176 2157 2158
f 2175 2157 2176
f 2177 2158 2159
f 2176 2158 2177
f 2178 2159 2161
f 2177 2159 2178
f 2179 2161 2162
f 2178 2161 2179
f 2180 2162 2164
f 2179 2162 2180
f 2181 2164 2166
f 2180 2164 2181
f 2166 2168 2182
f 2183 2166 2182
f 2181 2166 2183
f 2184 2183 2182
f 2185 2171 2170
f 2185 2170 2172
f 2185 2172 2186
f 2186 2172 2173
f 2186 2173 2187
f 2187 2173 2174
f 2187 2174 2188
f 2188 2174 2175
f 2188 2175 2189
f 2191 2190 2189
f 2175 2191 2189
f 2176 2191 2175
f 2192 2176 2177
f 2191 2176 2192
f 2178 2194 2193
f 2192 2178 2193
f 2177 2178 2192
f 2196 2195 2194
f 2178 2196 2194
f 2179 2196 2178
f 2197 2179 2180
f 2196 2179 2197
f 2181 2199 2198
f 2197 2181 2198
f 2180 2181 2197
f 2199 2181 2183
f 2199 2183 2200
f 2200 2183 2184
f 1516 2201 1517
f 2202 1518 1517
f 2202 1517 2201
f 2203 1519 1518
f 2203 1518 2202
f 2204 1521 1519
f 2204 1519 2203
f 2205 1523 1521
f 2205 1521 2204
f 2205 1524 1523
f 2207 2206 1525
f 2207 1525 1526
f 1527 1525 2206
f 1527 2206 2208
f 1530 2209 2201
f 1530 2201 1516
f 2201 2210 2202
f 2201 2209 2210
f 2202 2211 2203
f 2202 2210 2211
f 2203 2212 2204
f 2203 2211 2212
f 2204 2213 2205
f 2204 2212 2213
f 2214 1532 1524
f 2205 2214 1524
f 2213 2214 2205
f 2215 1535 1532
f 2215 1532 2214
f 2215 1536 1535
f 1537 2207 1526
f 1537 2216 2207
f 2218 1538 2217
f 1538 2208 2217
f 1538 1527 2208
f 2219 2218 2217
f 1544 2220 2209
f 1544 2209 1530
f 2209 2221 2210
f 2209 2220 2221
f 2210 2222 2211
f 2210 2221 2222
f 2211 2223 2212
f 2211 2222 2223
f 2212 2224 2213
f 2212 2223 2224
f 2213 2225 2214
f 2213 2224 2225
f 2214 2226 2215
f 2214 2225 2226
f 2226 1548 1536
f 2226 1536 2215
f 1549 2216 1537
f 1549 2227 2216
f 2228 1551 2218
f 2218 1551 1538
f 2218 2219 2229
f 2218 2229 2228
f 1556 2230 1557
f 2220 1544 1557
f 2230 2220 1557
f 2231 2220 2230
f 2220 2232 2221
f 2220 2231 2232
f 2221 2233 2222
f 2221 2232 2233
f 2222 2234 2223
f 2222 2233 2234
f 2223 2235 2224
f 2223 2234 2235
f 2224 2236 2225
f 2224 2235 2236
f 2225 2237 2226
f 2225 2236 2237
f 2237 1561 1548
f 2237 1548 2226
f 1562 2227 1549
f 1562 2238 2227
f 2239 1564 2228
f 2228 1564 1551
f 2228 2229 2240
f 2228 2240 2239
f 1569 2230 1556
f 2230 1569 1571
f 2241 2230 1571
f 2231 2230 2241
f 2231 2242 2232
f 2231 2241 2242
f 2232 2243 2233
f 2232 2242 2243
f 2233 2244 2234
f 2233 2243 2244
f 2234 2245 2235
f 2234 2244 2245
f 2235 2246 2236
f 2235 2245 2246
f 2236 2247 2237
f 2236 2246 2247
f 2247 1576 1561
f 2247 1561 2237
f 1577 2238 1562
f 1577 2248 2238
f 2249 1579 2239
f 2239 1579 1564
f 2239 2240 2250
f 2239 2250 2249
f 1586 2251 2241
f 1586 2241 1571
f 2241 2252 2242
f 2241 2251 2252
f 2242 2253 2243
f 2242 2252 2253
f 2243 2254 2244
f 2243 2253 2254
f 2244 2255 2245
f 2244 2254 2255
f 2245 2256 2246
f 2245 2255 2256
f 2246 2257 2247
f 2246 2256 2257
f 2257 1591 1576
f 2257 1576 2247
f 1592 2248 1577
f 1592 2258 2248
f 2249 1593 1579
f 1594 1593 2249
f 2250 1594 2249
f 2259 1594 2250
f 1602 2260 2251
f 1602 2251 1586
f 2251 2261 2252
f 2251 2260 2261
f 2252 2262 2253
f 2252 2261 2262
f 2253 2263 2254
f 2253 2262 2263
f 2254 2264 2255
f 2254 2263 2264
f 2255 2265 2256
f 2255 2264 2265
f 2256 2266 2257
f 2256 2265 2266
f 2269 2268 2267
f 2257 1608 1591
f 1608 2257 2266
f 2271 2270 2269
f 2271 2269 2267
f 2273 2272 2270
f 2273 2270 2271
f 2274 2272 2273
f 1609 2258 1592
f 1609 2275 2258
f 2259 1610 1594
f 2276 1610 2259
f 1618 2277 2260
f 1618 2260 1602
f 2260 2278 2261
f 2260 2277 2278
f 2261 2279 2262
f 2261 2278 2279
f 2262 2280 2263
f 2262 2279 2280
f 2263 2281 2264
f 2263 2280 2281
f 2264 2282 2265
f 2264 2281 2282
f 2265 2283 2266
f 2265 2282 2283
f 2268 2269 2284
f 1624 2284 2269
f 2284 1624 2283
f 1608 2283 1624
f 2283 1608 2266
f 1624 2269 1626
f 2269 2285 1626
f 2269 2270 2285
f 2286 2270 2272
f 2285 2270 2286
f 2272 2274 2287
f 2288 2272 2287
f 2286 2272 2288
f 2290 2289 2288
f 2290 2288 2287
f 2291 2289 2290
f 1627 2275 1609
f 1627 2292 2275
f 2276 1629 1610
f 2293 1629 2276
f 1635 2294 1636
f 2277 1618 1636
f 2294 2277 1636
f 2295 2277 2294
f 2277 2296 2278
f 2277 2295 2296
f 2278 2297 2279
f 2278 2296 2297
f 2279 2298 2280
f 2279 2297 2298
f 2280 2299 2281
f 2280 2298 2299
f 2281 2300 2282
f 2281 2299 2300
f 2302 2283 2301
f 2283 2300 2301
f 2283 2282 2300
f 2283 2302 2284
f 2303 1643 2285
f 2285 1643 1626
f 2304 2285 2286
f 2303 2285 2304
f 2305 2286 2288
f 2304 2286 2305
f 2306 2288 2289
f 2305 2288 2306
f 2289 2291 2307
f 2308 2289 2307
f 2306 2289 2308
f 2309 2308 2307
f 1644 2292 1627
f 1644 2310 2292
f 2311 1645 1646
f 2312 2311 1646
f 1629 2312 1646
f 2293 2312 1629
f 1650 2313 1651
f 2294 1635 1651
f 2313 2294 1651
f 2314 2294 2313
f 2294 2315 2295
f 2294 2314 2315
f 2295 2316 2296
f 2295 2315 2316
f 2296 2317 2297
f 2296 2316 2317
f 2297 2318 2298
f 2297 2317 2318
f 2320 2299 2319
f 2299 2318 2319
f 2299 2298 2318
f 2299 2320 2300
f 2300 2320 2321
f 2300 2321 2301
f 2322 1657 2303
f 2303 1657 1643
f 2323 2303 2304
f 2322 2303 2323
f 2324 2304 2305
f 2323 2304 2324
f 2325 2305 2306
f 2324 2305 2325
f 2326 2306 2308
f 2325 2306 2326
f 2308 2309 2327
f 2308 2327 2326
f 1659 2310 1644
f 1659 2328 2310
f 2329 1660 2311
f 2311 1660 1645
f 2311 2312 2330
f 2311 2330 2329
f 1663 2313 1650
f 2313 1663 1665
f 2331 2313 1665
f 2314 2313 2331
f 2314 2332 2315
f 2314 2331 2332
f 2315 2333 2316
f 2315 2332 2333
f 2316 2334 2317
f 2316 2333 2334
f 2317 2335 2318
f 2317 2334 2335
f 2319 2318 2336
f 2336 2318 2335
f 2337 1672 2322
f 2322 1672 1657
f 2338 2322 2323
f 2337 2322 2338
f 2339 2323 2324
f 2338 2323 2339
f 2340 2324 2325
f 2339 2324 2340
f 2341 2325 2326
f 2340 2325 2341
f 2326 2327 2342
f 2326 2342 2341
f 1674 2328 1659
f 1674 2343 2328
f 2344 1675 2329
f 2329 1675 1660
f 2329 2330 2345
f 2329 2345 2344
f 1678 2346 1679
f 2331 1665 1679
f 2346 2331 1679
f 2347 2331 2346
f 2331 2348 2332
f 2331 2347 2348
f 2350 2333 2349
f 2333 2348 2349
f 2333 2332 2348
f 2333 2350 2334
f 2334 2350 2351
f 2334 2351 2335
f 2335 2351 2352
f 2335 2352 2336
f 2353 1685 2337
f 2337 1685 1672
f 2354 2337 2338
f 2353 2337 2354
f 2355 2338 2339
f 2354 2338 2355
f 2356 2339 2340
f 2355 2339 2356
f 2357 2340 2341
f 2356 2340 2357
f 2341 2342 2358
f 2341 2358 2357
f 1687 2360 2359
f 2343 1687 2359
f 1674 1687 2343
f 2361 2359 2344
f 2359 1688 2344
f 1688 1675 2344
f 2359 2360 1688
f 2361 2344 2345
f 1692 2362 1693
f 2346 1678 1693
f 2362 2346 1693
f 2363 2346 2362
f 2346 2364 2347
f 2346 2363 2364
f 2366 2348 2365
f 2348 2364 2365
f 2348 2347 2364
f 2348 2366 2349
f 2369 2368 2367
f 2367 2370 2369
f 2371 1700 2353
f 2353 1700 1685
f 2372 2353 2354
f 2371 2353 2372
f 2373 2354 2355
f 2372 2354 2373
f 2374 2355 2356
f 2373 2355 2374
f 2375 2356 2357
f 2374 2356 2375
f 2357 2358 2376
f 2377 2357 2376
f 2375 2357 2377
f 2378 2377 2376
f 1701 2360 1687
f 2360 1701 1688
f 1705 2379 2362
f 1705 2362 1692
f 2362 2380 2363
f 2362 2379 2380
f 2363 2381 2364
f 2363 2380 2381
f 2365 2364 2382
f 2382 2364 2381
f 2385 2384 2383
f 2385 2383 2368
f 2383 2367 2368
f 2383 2386 2367
f 2370 2367 2387
f 2387 2367 2386
f 2388 1713 2371
f 2371 1713 1700
f 2389 2371 2372
f 2388 2371 2389
f 2390 2372 2373
f 2389 2372 2390
f 2391 2373 2374
f 2390 2373 2391
f 2392 2374 2375
f 2391 2374 2392
f 2393 2375 2377
f 2392 2375 2393
f 2377 2378 2394
f 2395 2377 2394
f 2393 2377 2395
f 2396 2395 2394
f 1717 2397 2379
f 1717 2379 1705
f 2379 2398 2380
f 2379 2397 2398
f 2380 2399 2381
f 2380 2398 2399
f 2382 2381 2400
f 2400 2381 2399
f 2384 2401 2383
f 2383 2401 2386
f 2386 2401 2402
f 2386 2402 2387
f 2388 1723 1713
f 1723 2388 1725
f 2388 2403 1725
f 2388 2389 2403
f 2404 2389 2390
f 2403 2389 2404
f 2405 2390 2391
f 2404 2390 2405
f 2406 2391 2392
f 2405 2391 2406
f 2393 2408 2407
f 2406 2393 2407
f 2392 2393 2406
f 2408 2393 2395
f 2408 2395 2409
f 2409 2395 2396
f 1727 2410 1728
f 2411 1729 1728
f 2411 1728 2410
f 2397 1717 1729
f 2411 2397 1729
f 2412 2397 2411
f 2397 2413 2398
f 2397 2412 2413
f 2398 2414 2399
f 2398 2413 2414
f 2400 2399 2415
f 2415 2399 2414
f 2416 1736 2403
f 2403 1736 1725
f 2417 2403 2404
f 2416 2403 2417
f 2418 2404 2405
f 2417 2404 2418
f 2419 2405 2406
f 2418 2405 2419
f 2406 2407 2420
f 2406 2420 2419
f 1738 2421 1737
f 2410 1727 1737
f 2421 2410 1737
f 2422 2410 2421
f 2422 1740 1741
f 2411 2422 1741
f 2410 2422 2411
f 2411 1741 1742
f 2423 2411 1742
f 2412 2411 2423
f 2412 2424 2413
f 2412 2423 2424
f 2413 2425 2414
f 2413 2424 2425
f 2415 2414 2426
f 2426 2414 2425
f 2427 1749 2416
f 2416 1749 1736
f 2428 2416 2417
f 2427 2416 2428
f 2429 2417 2418
f 2428 2417 2429
f 2430 2418 2419
f 2429 2418 2430
f 2419 2420 2431
f 2432 2419 2431
f 2430 2419 2432
f 2433 2432 2431
f 1750 2434 2421
f 1750 2421 1738
f 2421 2435 2422
f 2421 2434 2435
f 2435 1752 1740
f 2435 1740 2422
f 1753 2436 2423
f 1753 2423 1742
f 2423 2437 2424
f 2423 2436 2437
f 2424 2438 2425
f 2424 2437 2438
f 2426 2425 2439
f 2439 2425 2438
f 2440 1760 2427
f 2427 1760 1749
f 2441 2427 2428
f 2440 2427 2441
f 2442 2428 2429
f 2441 2428 2442
f 2443 2429 2430
f 2442 2429 2443
f 2444 2430 2432
f 2443 2430 2444
f 2432 2433 2445
f 2432 2445 2444
f 1762 2446 2434
f 1762 2434 1750
f 2434 2447 2435
f 2434 2446 2447
f 2447 1764 1752
f 2447 1752 2435
f 1765 2436 1753
f 2436 1765 1767
f 2448 2436 1767
f 2437 2436 2448
f 2450 2438 2449
f 2438 2448 2449
f 2438 2437 2448
f 2438 2450 2439
f 2451 1774 1775
f 1760 2440 1775
f 2440 2451 1775
f 2440 2452 2451
f 2453 2440 2441
f 2452 2440 2453
f 2454 2441 2442
f 2453 2441 2454
f 2455 2442 2443
f 2454 2442 2455
f 2456 2443 2444
f 2455 2443 2456
f 2444 2445 2457
f 2444 2457 2456
f 1777 2458 2446
f 1777 2446 1762
f 2446 2459 2447
f 2446 2458 2459
f 2459 1779 1764
f 2459 1764 2447
f 1781 2460 2448
f 1781 2448 1767
f 2449 2448 2461
f 2461 2448 2460
f 2451 1787 1774
f 1787 2451 1790
f 1790 2451 2452
f 1790 2452 1791
f 2452 2462 1791
f 2452 2453 2462
f 2463 2453 2454
f 2462 2453 2463
f 2464 2454 2455
f 2463 2454 2464
f 2465 2455 2456
f 2464 2455 2465
f 2456 2457 2466
f 2456 2466 2465
f 1792 2467 2458
f 1792 2458 1777
f 2458 2468 2459
f 2458 2467 2468
f 2468 1794 1779
f 2468 1779 2459
f 1795 2469 1796
f 2469 2470 1796
f 1796 2470 1781
f 2470 2471 1781
f 2471 2460 1781
f 2460 2471 2461
f 2462 1805 1791
f 1805 2462 1807
f 2462 2472 1807
f 2462 2463 2472
f 2473 2463 2464
f 2472 2463 2473
f 2474 2464 2465
f 2473 2464 2474
f 2465 2466 2475
f 2465 2475 2474
f 1809 2476 2467
f 1809 2467 1792
f 2467 2477 2468
f 2467 2476 2477
f 2478 1810 1794
f 2468 2478 1794
f 2477 2478 2468
f 2469 1795 1810
f 2478 2469 1810
f 2479 2469 2478
f 2470 2469 2480
f 2480 2469 2479
f 2481 1820 2472
f 2472 1820 1807
f 2482 2472 2473
f 2481 2472 2482
f 2483 2473 2474
f 2482 2473 2483
f 2474 2475 2484
f 2474 2484 2483
f 1822 2485 2476
f 1822 2476 1809
f 2476 2486 2477
f 2476 2485 2486
f 2488 2478 2487
f 2478 2486 2487
f 2478 2477 2486
f 2478 2488 2479
f 2479 2488 2489
f 2479 2489 2480
f 2481 1832 1820
f 1832 2481 1834
f 2481 2490 1834
f 2481 2482 2490
f 2491 2482 2483
f 2490 2482 2491
f 2483 2484 2492
f 2483 2492 2491
f 1836 2493 2485
f 1836 2485 1822
f 2485 2494 2486
f 2485 2493 2494
f 2487 2486 2495
f 2495 2486 2494
f 2496 1847 2490
f 2490 1847 1834
f 2497 2490 2491
f 2496 2490 2497
f 2491 2492 2498
f 2491 2498 2497
f 1849 2499 1848
f 2493 1836 1848
f 2499 2493 1848
f 2500 2493 2499
f 2493 2501 2494
f 2493 2500 2501
f 2495 2494 2502
f 2494 2503 2502
f 2494 2501 2503
f 2505 2504 2503
f 2503 2504 2502
f 2505 2506 2504
f 2507 1860 1861
f 1847 2496 1861
f 2496 2507 1861
f 2496 2508 2507
f 2509 2496 2497
f 2508 2496 2509
f 2497 2498 2510
f 2497 2510 2509
f 2512 2511 2499
f 1849 2512 2499
f 1862 2512 1849
f 2499 2511 2500
f 2500 2511 2513
f 2515 2514 2513
f 2514 2500 2513
f 2514 2501 2500
f 2501 2516 2503
f 2501 2514 2516
f 2503 2517 2505
f 2503 2516 2517
f 2506 2505 2518
f 2518 2505 2517
f 2519 1871 2507
f 2507 1871 1860
f 2520 2507 2508
f 2519 2507 2520
f 2521 2508 2509
f 2520 2508 2521
f 2509 2510 2522
f 2523 2509 2522
f 2521 2509 2523
f 2524 2523 2522
f 1872 2512 1862
f 1872 2525 2512
f 2528 2527 2526
f 2528 2526 2515
f 2526 2514 2515
f 2526 2529 2514
f 2529 1874 1875
f 2516 2529 1875
f 2514 2529 2516
f 2516 1875 1876
f 2530 2516 1876
f 2517 2516 2530
f 2518 2517 2531
f 2531 2517 2530
f 2532 1882 1883
f 1884 2532 1883
f 2533 1886 1887
f 1871 2519 1887
f 2519 2533 1887
f 2519 2534 2533
f 2535 2519 2520
f 2534 2519 2535
f 2536 2520 2521
f 2535 2520 2536
f 2537 2521 2523
f 2536 2521 2537
f 2523 2524 2538
f 2523 2538 2537
f 1888 2525 1872
f 1888 2539 2525
f 2526 2527 2540
f 2540 2527 2541
f 2526 2542 2529
f 2526 2540 2542
f 2542 1890 1874
f 2542 1874 2529
f 1891 2543 2530
f 1891 2530 1876
f 2531 2530 2544
f 2544 2530 2543
f 2532 1897 1882
f 1897 2532 1884
f 2545 1900 2533
f 2533 1900 1886
f 2546 2533 2534
f 2545 2533 2546
f 2547 2534 2535
f 2546 2534 2547
f 2548 2535 2536
f 2547 2535 2548
f 2549 2536 2537
f 2548 2536 2549
f 2537 2538 2550
f 2537 2550 2549
f 2551 2539 1888
f 2551 1888 1901
f 2552 2540 1902
f 2540 2551 1902
f 2551 1901 1902
f 2540 2541 2551
f 2552 1904 1905
f 2542 2552 1905
f 2540 2552 2542
f 2542 1905 1890
f 1907 2543 1891
f 1907 1909 2543
f 1909 2544 2543
f 1909 2553 2544
f 2554 1917 2545
f 2545 1917 1900
f 2555 2545 2546
f 2554 2545 2555
f 2556 2546 2547
f 2555 2546 2556
f 2557 2547 2548
f 2556 2547 2557
f 2558 2548 2549
f 2557 2548 2558
f 2549 2550 2559
f 2549 2559 2558
f 1918 2560 2552
f 1918 2552 1902
f 2560 1920 1904
f 2560 1904 2552
f 1923 2553 1909
f 1923 2561 2553
f 2554 1930 1917
f 1930 2554 1932
f 2554 2562 1932
f 2554 2555 2562
f 2563 2555 2556
f 2562 2555 2563
f 2564 2556 2557
f 2563 2556 2564
f 2565 2557 2558
f 2564 2557 2565
f 2558 2559 2566
f 2558 2566 2565
f 1933 2567 2560
f 1933 2560 1918
f 2567 1935 1920
f 2567 1920 2560
f 1937 2568 1938
f 2561 1923 2569
f 1923 2568 2569
f 2568 2570 2569
f 1923 1938 2568
f 2572 2571 2570
f 2570 2571 2569
f 2572 2573 2571
f 2574 1946 1947
f 1932 2562 1947
f 2562 2574 1947
f 2562 2575 2574
f 2576 2562 2563
f 2575 2562 2576
f 2577 2563 2564
f 2576 2563 2577
f 2565 2579 2578
f 2577 2565 2578
f 2564 2565 2577
f 2579 2565 2566
f 1948 2580 2567
f 1948 2567 1933
f 2581 1949 1935
f 2567 2581 1935
f 2580 2581 2567
f 2581 1951 1949
f 1952 2582 2568
f 1952 2568 1937
f 2568 2583 2570
f 2568 2582 2583
f 2570 2584 2572
f 2570 2583 2584
f 2573 2572 2585
f 2572 2586 2585
f 2572 2584 2586
f 2586 2587 2585
f 2588 1959 2574
f 2574 1959 1946
f 2589 2574 2575
f 2588 2574 2589
f 2590 2575 2576
f 2589 2575 2590
f 2591 2576 2577
f 2590 2576 2591
f 2577 2578 2592
f 2577 2592 2591
f 1962 2593 1961
f 2580 1948 1961
f 2593 2580 1961
f 2594 2580 2593
f 2580 2595 2581
f 2580 2594 2595
f 2596 1963 1951
f 2581 2596 1951
f 2595 2596 2581
f 2582 1952 1963
f 2596 2582 1963
f 2597 2582 2596
f 2582 2598 2583
f 2582 2597 2598
f 2583 2599 2584
f 2583 2598 2599
f 2584 2600 2586
f 2584 2599 2600
f 2587 2586 2601
f 2601 2586 2600
f 2602 1971 2588
f 2588 1971 1959
f 2603 2588 2589
f 2602 2588 2603
f 2604 2589 2590
f 2603 2589 2604
f 2605 2590 2591
f 2604 2590 2605
f 2591 2592 2606
f 2607 2591 2606
f 2605 2591 2607
f 2608 2607 2606
f 1973 2609 2593
f 1973 2593 1962
f 2593 2610 2594
f 2593 2609 2610
f 2594 2611 2595
f 2594 2610 2611
f 2595 2612 2596
f 2595 2611 2612
f 2596 2613 2597
f 2596 2612 2613
f 2597 2614 2598
f 2597 2613 2614
f 2598 2615 2599
f 2598 2614 2615
f 2599 2616 2600
f 2599 2615 2616
f 2601 2600 2617
f 2600 2618 2617
f 2600 2616 2618
f 2618 2619 2617
f 2620 1980 1981
f 1971 2602 1981
f 2602 2620 1981
f 2602 2621 2620
f 2622 2602 2603
f 2621 2602 2622
f 2623 2603 2604
f 2622 2603 2623
f 2624 2604 2605
f 2623 2604 2624
f 2607 2626 2625
f 2624 2607 2625
f 2605 2607 2624
f 2626 2607 2608
f 1982 2609 1973
f 2609 1982 1983
f 2627 2609 1983
f 2610 2609 2627
f 2610 2628 2611
f 2610 2627 2628
f 2611 2629 2612
f 2611 2628 2629
f 2612 2630 2613
f 2612 2629 2630
f 2613 2631 2614
f 2613 2630 2631
f 2614 2632 2615
f 2614 2631 2632
f 2615 2633 2616
f 2615 2632 2633
f 2635 2618 2634
f 2618 2633 2634
f 2618 2616 2633
f 2618 2635 2619
f 2620 1990 1980
f 1990 2620 1992
f 2620 2636 1992
f 2620 2621 2636
f 2637 2621 2622
f 2636 2621 2637
f 2638 2622 2623
f 2637 2622 2638
f 2639 2623 2624
f 2638 2623 2639
f 2624 2625 2640
f 2641 2624 2640
f 2639 2624 2641
f 2642 2641 2640
f 1994 2627 1983
f 2627 1994 1996
f 2627 1996 2628
f 2628 1996 1998
f 2628 1998 2629
f 2629 1998 2000
f 2629 2000 2630
f 2630 2000 2002
f 2643 2630 2002
f 2631 2630 2643
f 2631 2644 2632
f 2631 2643 2644
f 2632 2645 2633
f 2632 2644 2645
f 2634 2633 2646
f 2633 2647 2646
f 2633 2645 2647
f 2649 2648 2647
f 2647 2648 2646
f 2651 2650 2649
f 2649 2650 2648
f 2653 2652 2651
f 2651 2652 2650
f 2655 2654 2653
f 2653 2654 2652
f 2655 2656 2654
f 2657 2009 2010
f 2011 2658 2010
f 2010 2658 2657
f 1992 2636 2011
f 2636 2658 2011
f 2636 2659 2658
f 2660 2636 2637
f 2659 2636 2660
f 2661 2637 2638
f 2660 2637 2661
f 2662 2638 2639
f 2661 2638 2662
f 2641 2664 2663
f 2662 2641 2663
f 2639 2641 2662
f 2664 2641 2642
f 2666 2665 2012
f 2666 2012 2013
f 2014 2012 2665
f 2014 2665 2667
f 2019 2643 2002
f 2643 2019 2021
f 2668 2643 2021
f 2644 2643 2668
f 2644 2669 2645
f 2644 2668 2669
f 2645 2670 2647
f 2645 2669 2670
f 2647 2671 2649
f 2647 2670 2671
f 2649 2672 2651
f 2649 2671 2672
f 2651 2673 2653
f 2651 2672 2673
f 2653 2674 2655
f 2653 2673 2674
f 2656 2655 2675
f 2655 2676 2675
f 2655 2674 2676
f 2676 2677 2675
f 2678 2028 2657
f 2657 2028 2009
f 2679 2657 2658
f 2678 2657 2679
f 2680 2658 2659
f 2679 2658 2680
f 2681 2659 2660
f 2680 2659 2681
f 2661 2683 2682
f 2681 2661 2682
f 2660 2661 2681
f 2683 2661 2662
f 2683 2662 2684
f 2684 2662 2663
f 2029 2666 2013
f 2029 2685 2666
f 2687 2030 2686
f 2030 2667 2686
f 2030 2014 2667
f 2688 2687 2686
f 2036 2689 2668
f 2036 2668 2021
f 2668 2690 2669
f 2668 2689 2690
f 2669 2691 2670
f 2669 2690 2691
f 2670 2692 2671
f 2670 2691 2692
f 2671 2693 2672
f 2671 2692 2693
f 2672 2694 2673
f 2672 2693 2694
f 2673 2695 2674
f 2673 2694 2695
f 2674 2696 2676
f 2674 2695 2696
f 2677 2676 2697
f 2697 2676 2696
f 2698 2043 2678
f 2678 2043 2028
f 2699 2678 2679
f 2698 2678 2699
f 2680 2701 2700
f 2699 2680 2700
f 2679 2680 2699
f 2701 2680 2681
f 2701 2681 2702
f 2702 2681 2682
f 2044 2685 2029
f 2044 2703 2685
f 2704 2045 2687
f 2687 2045 2030
f 2687 2688 2705
f 2687 2705 2704
f 2052 2689 2036
f 2689 2052 2054
f 2706 2689 2054
f 2690 2689 2706
f 2690 2707 2691
f 2690 2706 2707
f 2691 2708 2692
f 2691 2707 2708
f 2692 2709 2693
f 2692 2708 2709
f 2693 2710 2694
f 2693 2709 2710
f 2694 2711 2695
f 2694 2710 2711
f 2695 2712 2696
f 2695 2711 2712
f 2697 2696 2713
f 2696 2714 2713
f 2696 2712 2714
f 2715 2713 2698
f 2713 2061 2698
f 2061 2043 2698
f 2713 2714 2061
f 2715 2698 2699
f 2715 2699 2716
f 2699 2717 2716
f 2699 2718 2717
f 2699 2700 2719
f 2718 2699 2719
f 2720 2718 2719
f 2062 2703 2044
f 2062 2721 2703
f 2722 2063 2704
f 2704 2063 2045
f 2704 2705 2723
f 2704 2723 2722
f 2071 2724 2706
f 2071 2706 2054
f 2706 2725 2707
f 2706 2724 2725
f 2707 2726 2708
f 2707 2725 2726
f 2708 2727 2709
f 2708 2726 2727
f 2709 2728 2710
f 2709 2727 2728
f 2710 2729 2711
f 2710 2728 2729
f 2711 2730 2712
f 2711 2729 2730
f 2730 2077 2078
f 2714 2730 2078
f 2712 2730 2714
f 2714 2078 2061
f 2731 2717 2718
f 2731 2718 2720
f 2079 2721 2062
f 2079 2732 2721
f 2733 2080 2722
f 2722 2080 2063
f 2722 2723 2734
f 2722 2734 2733
f 2088 2724 2071
f 2724 2088 2090
f 2735 2724 2090
f 2725 2724 2735
f 2725 2736 2726
f 2725 2735 2736
f 2726 2737 2727
f 2726 2736 2737
f 2727 2738 2728
f 2727 2737 2738
f 2728 2739 2729
f 2728 2738 2739
f 2729 2740 2730
f 2729 2739 2740
f 2740 2096 2077
f 2740 2077 2730
f 2097 2732 2079
f 2097 2741 2732
f 2743 2742 2733
f 2742 2080 2733
f 2742 2098 2080
f 2743 2733 2734
f 2107 2744 2735
f 2107 2735 2090
f 2735 2745 2736
f 2735 2744 2745
f 2736 2746 2737
f 2736 2745 2746
f 2737 2747 2738
f 2737 2746 2747
f 2738 2748 2739
f 2738 2747 2748
f 2739 2749 2740
f 2739 2748 2749
f 2750 2113 2096
f 2740 2750 2096
f 2749 2750 2740
f 2750 2115 2113
f 2116 2741 2097
f 2116 2751 2741
f 2742 2117 2098
f 2752 2117 2742
f 2126 2753 2744
f 2126 2744 2107
f 2744 2754 2745
f 2744 2753 2754
f 2745 2755 2746
f 2745 2754 2755
f 2746 2756 2747
f 2746 2755 2756
f 2747 2757 2748
f 2747 2756 2757
f 2748 2758 2749
f 2748 2757 2758
f 2749 2759 2750
f 2749 2758 2759
f 2760 2130 2115
f 2750 2760 2115
f 2759 2760 2750
f 2760 2132 2130
f 2133 2751 2116
f 2133 2761 2751
f 2752 2134 2117
f 2762 2134 2752
f 2142 2763 2753
f 2142 2753 2126
f 2753 2764 2754
f 2753 2763 2764
f 2754 2765 2755
f 2754 2764 2765
f 2755 2766 2756
f 2755 2765 2766
f 2756 2767 2757
f 2756 2766 2767
f 2757 2768 2758
f 2757 2767 2768
f 2758 2769 2759
f 2758 2768 2769
f 2771 2760 2770
f 2760 2769 2770
f 2760 2759 2769
f 2132 2760 2771
f 2772 2132 2771
f 2146 2132 2772
f 2773 2761 2133
f 2773 2133 2147
f 2147 2134 2762
f 2147 2762 2773
f 2155 2774 2763
f 2155 2763 2142
f 2763 2775 2764
f 2763 2774 2775
f 2764 2776 2765
f 2764 2775 2776
f 2765 2777 2766
f 2765 2776 2777
f 2766 2778 2767
f 2766 2777 2778
f 2767 2779 2768
f 2767 2778 2779
f 2781 2769 2780
f 2769 2779 2780
f 2769 2768 2779
f 2769 2781 2770
f 2772 2782 2146
f 2146 2782 2160
f 2160 2783 2163
f 2782 2783 2160
f 2163 2784 2165
f 2783 2784 2163
f 2165 2785 2167
f 2784 2785 2165
f 2787 2786 2168
f 2167 2787 2168
f 2785 2787 2167
f 2789 2788 2786
f 2789 2786 2787
f 2790 2788 2789
f 2169 2774 2155
f 2774 2169 2171
f 2791 2774 2171
f 2775 2774 2791
f 2775 2792 2776
f 2775 2791 2792
f 2776 2793 2777
f 2776 2792 2793
f 2777 2794 2778
f 2777 2793 2794
f 2778 2795 2779
f 2778 2794 2795
f 2780 2779 2796
f 2796 2779 2795
f 2786 2182 2168
f 2182 2786 2184
f 2786 2797 2184
f 2786 2788 2797
f 2788 2790 2798
f 2788 2798 2797
f 2185 2791 2171
f 2791 2185 2186
f 2791 2186 2792
f 2792 2186 2187
f 2792 2187 2793
f 2793 2187 2188
f 2793 2188 2794
f 2794 2188 2189
f 2794 2189 2795
f 2800 2799 2190
f 2190 2799 2189
f 2799 2796 2189
f 2796 2795 2189
f 2802 2801 2800
f 2800 2801 2799
f 2193 2194 2802
f 2194 2801 2802
f 2194 2803 2801
f 2805 2804 2195
f 2804 2194 2195
f 2804 2803 2194
f 2807 2806 2805
f 2805 2806 2804
f 2198 2199 2808
f 2806 2807 2809
f 2200 2810 2199
f 2199 2810 2808
f 2811 2810 2200
f 2811 2200 2184
f 2812 2811 2184
f 2797 2812 2184
f 2812 2797 2798
f 2815 2814 2813
f 2816 2813 2814
f 2818 2817 2206
f 2818 2206 2207
f 2820 2819 2208
f 2206 2820 2208
f 2817 2820 2206
f 2821 2819 2820
f 2824 2823 2822
f 2822 2823 2815
f 2813 2822 2815
f 2825 2822 2813
f 2813 2816 2826
f 2827 2813 2826
f 2825 2813 2827
f 2828 2827 2826
f 2831 2830 2829
f 2832 2829 2830
f 2216 2818 2207
f 2216 2833 2818
f 2819 2217 2208
f 2219 2217 2819
f 2821 2219 2819
f 2834 2219 2821
f 2835 2824 2822
f 2835 2822 2825
f 2835 2825 2836
f 2836 2825 2827
f 2836 2827 2837
f 2837 2827 2828
f 2831 2829 2838
f 2831 2838 2839
f 2829 2832 2840
f 2829 2840 2838
f 2227 2833 2216
f 2227 2841 2833
f 2834 2229 2219
f 2842 2229 2834
f 2843 2839 2838
f 2843 2838 2840
f 2238 2841 2227
f 2238 2844 2841
f 2842 2240 2229
f 2845 2240 2842
f 2248 2844 2238
f 2248 2846 2844
f 2845 2250 2240
f 2847 2250 2845
f 2850 2849 2848
f 2851 2848 2849
f 2258 2846 2248
f 2258 2852 2846
f 2847 2259 2250
f 2853 2259 2847
f 2268 2854 2267
f 2855 2271 2267
f 2855 2267 2854
f 2856 2273 2271
f 2856 2271 2855
f 2856 2274 2273
f 2850 2848 2857
f 2850 2857 2858
f 2848 2851 2859
f 2848 2859 2857
f 2275 2852 2258
f 2275 2860 2852
f 2853 2276 2259
f 2861 2276 2853
f 2284 2862 2854
f 2284 2854 2268
f 2854 2863 2855
f 2854 2862 2863
f 2855 2864 2856
f 2855 2863 2864
f 2865 2287 2274
f 2856 2865 2274
f 2864 2865 2856
f 2866 2290 2287
f 2866 2287 2865
f 2866 2291 2290
f 2869 2868 2867
f 2871 2870 2867
f 2871 2867 2868
f 2873 2872 2870
f 2873 2870 2871
f 2875 2874 2872
f 2875 2872 2873
f 2874 2875 2858
f 2857 2874 2858
f 2876 2874 2857
f 2857 2859 2877
f 2878 2857 2877
f 2876 2857 2878
f 2879 2878 2877
f 2292 2860 2275
f 2292 2880 2860
f 2861 2293 2276
f 2881 2293 2861
f 2301 2882 2302
f 2862 2284 2302
f 2882 2862 2302
f 2883 2862 2882
f 2862 2884 2863
f 2862 2883 2884
f 2863 2885 2864
f 2863 2884 2885
f 2864 2886 2865
f 2864 2885 2886
f 2865 2887 2866
f 2865 2886 2887
f 2866 2887 2291
f 2887 2888 2291
f 2888 2307 2291
f 2887 2889 2888
f 2309 2307 2888
f 2309 2888 2890
f 2869 2867 2891
f 2869 2891 2892
f 2893 2867 2870
f 2891 2867 2893
f 2894 2870 2872
f 2893 2870 2894
f 2895 2872 2874
f 2894 2872 2895
f 2896 2874 2876
f 2895 2874 2896
f 2897 2876 2878
f 2896 2876 2897
f 2878 2879 2898
f 2878 2898 2897
f 2310 2880 2292
f 2310 2899 2880
f 2881 2312 2293
f 2900 2312 2881
f 2319 2901 2320
f 2902 2321 2320
f 2902 2320 2901
f 2882 2301 2321
f 2902 2882 2321
f 2903 2882 2902
f 2882 2904 2883
f 2882 2903 2904
f 2883 2905 2884
f 2883 2904 2905
f 2884 2906 2885
f 2884 2905 2906
f 2885 2907 2886
f 2885 2906 2907
f 2886 2908 2887
f 2886 2907 2908
f 2889 2887 2909
f 2909 2887 2908
f 2890 2327 2309
f 2910 2327 2890
f 2892 2891 2911
f 2892 2911 2912
f 2913 2891 2893
f 2911 2891 2913
f 2914 2893 2894
f 2913 2893 2914
f 2915 2894 2895
f 2914 2894 2915
f 2916 2895 2896
f 2915 2895 2916
f 2917 2896 2897
f 2916 2896 2917
f 2897 2898 2918
f 2897 2918 2917
f 2328 2899 2310
f 2328 2919 2899
f 2900 2330 2312
f 2920 2330 2900
f 2336 2921 2901
f 2336 2901 2319
f 2901 2922 2902
f 2901 2921 2922
f 2902 2923 2903
f 2902 2922 2923
f 2903 2924 2904
f 2903 2923 2924
f 2904 2925 2905
f 2904 2924 2925
f 2905 2926 2906
f 2905 2925 2926
f 2906 2927 2907
f 2906 2926 2927
f 2907 2928 2908
f 2907 2927 2928
f 2909 2908 2929
f 2908 2930 2929
f 2908 2928 2930
f 2910 2929 2930
f 2342 2910 2930
f 2327 2910 2342
f 2912 2911 2931
f 2912 2931 2932
f 2933 2911 2913
f 2931 2911 2933
f 2934 2913 2914
f 2933 2913 2934
f 2935 2914 2915
f 2934 2914 2935
f 2936 2915 2916
f 2935 2915 2936
f 2937 2916 2917
f 2936 2916 2937
f 2917 2918 2938
f 2917 2938 2937
f 2343 2919 2328
f 2343 2939 2919
f 2920 2345 2330
f 2940 2345 2920
f 2349 2941 2350
f 2942 2351 2350
f 2942 2350 2941
f 2943 2352 2351
f 2943 2351 2942
f 2921 2336 2352
f 2943 2921 2352
f 2944 2921 2943
f 2921 2945 2922
f 2921 2944 2945
f 2922 2946 2923
f 2922 2945 2946
f 2923 2947 2924
f 2923 2946 2947
f 2924 2948 2925
f 2924 2947 2948
f 2925 2949 2926
f 2925 2948 2949
f 2926 2950 2927
f 2926 2949 2950
f 2927 2951 2928
f 2927 2950 2951
f 2953 2930 2952
f 2930 2951 2952
f 2930 2928 2951
f 2358 2342 2930
f 2954 2358 2930
f 2953 2954 2930
f 2358 2954 2955
f 2955 2954 2932
f 2931 2955 2932
f 2956 2955 2931
f 2957 2931 2933
f 2956 2931 2957
f 2958 2933 2934
f 2957 2933 2958
f 2959 2934 2935
f 2958 2934 2959
f 2960 2935 2936
f 2959 2935 2960
f 2937 2962 2961
f 2960 2937 2961
f 2936 2937 2960
f 2962 2937 2938
f 2963 2939 2343
f 2963 2343 2359
f 2964 2359 2361
f 2964 2963 2359
f 2361 2345 2940
f 2361 2940 2964
f 2365 2965 2366
f 2941 2349 2366
f 2965 2941 2366
f 2966 2941 2965
f 2941 2967 2942
f 2941 2966 2967
f 2967 2368 2369
f 2943 2967 2369
f 2942 2967 2943
f 2943 2369 2370
f 2968 2943 2370
f 2944 2943 2968
f 2944 2969 2945
f 2944 2968 2969
f 2945 2970 2946
f 2945 2969 2970
f 2946 2971 2947
f 2946 2970 2971
f 2947 2972 2948
f 2947 2971 2972
f 2948 2973 2949
f 2948 2972 2973
f 2949 2974 2950
f 2949 2973 2974
f 2976 2951 2975
f 2951 2974 2975
f 2951 2950 2974
f 2951 2976 2952
f 2955 2376 2358
f 2376 2955 2378
f 2955 2977 2378
f 2955 2956 2977
f 2978 2956 2957
f 2977 2956 2978
f 2979 2957 2958
f 2978 2957 2979
f 2980 2958 2959
f 2979 2958 2980
f 2960 2982 2981
f 2980 2960 2981
f 2959 2960 2980
f 2982 2960 2961
f 2382 2983 2965
f 2382 2965 2365
f 2965 2984 2966
f 2965 2983 2984
f 2984 2384 2385
f 2967 2984 2385
f 2966 2984 2967
f 2967 2385 2368
f 2387 2985 2968
f 2387 2968 2370
f 2968 2986 2969
f 2968 2985 2986
f 2969 2987 2970
f 2969 2986 2987
f 2970 2988 2971
f 2970 2987 2988
f 2971 2989 2972
f 2971 2988 2989
f 2972 2990 2973
f 2972 2989 2990
f 2973 2991 2974
f 2973 2990 2991
f 2975 2974 2992
f 2992 2974 2991
f 2977 2394 2378
f 2394 2977 2396
f 2977 2993 2396
f 2977 2978 2993
f 2994 2978 2979
f 2993 2978 2994
f 2995 2979 2980
f 2994 2979 2995
f 2980 2981 2996
f 2997 2980 2996
f 2995 2980 2997
f 2998 2997 2996
f 2400 2999 2983
f 2400 2983 2382
f 2983 3000 2984
f 2983 2999 3000
f 3001 2401 2384
f 2984 3001 2384
f 3000 3001 2984
f 3002 2402 2401
f 3002 2401 3001
f 2985 2387 2402
f 3002 2985 2402
f 3003 2985 3002
f 2985 3004 2986
f 2985 3003 3004
f 2986 3005 2987
f 2986 3004 3005
f 2987 3006 2988
f 2987 3005 3006
f 2988 3007 2989
f 2988 3006 3007
f 2989 3008 2990
f 2989 3007 3008
f 2990 3009 2991
f 2990 3008 3009
f 2992 2991 3010
f 3010 2991 3009
f 3011 2407 2408
f 2409 3012 2408
f 2408 3012 3011
f 2396 2993 2409
f 2993 3012 2409
f 2993 3013 3012
f 3014 2993 2994
f 3013 2993 3014
f 3015 2994 2995
f 3014 2994 3015
f 2997 3017 3016
f 3015 2997 3016
f 2995 2997 3015
f 3017 2997 2998
f 2415 3018 2999
f 2415 2999 2400
f 2999 3019 3000
f 2999 3018 3019
f 3000 3020 3001
f 3000 3019 3020
f 3001 3021 3002
f 3001 3020 3021
f 3002 3022 3003
f 3002 3021 3022
f 3003 3023 3004
f 3003 3022 3023
f 3004 3024 3005
f 3004 3023 3024
f 3005 3025 3006
f 3005 3024 3025
f 3006 3026 3007
f 3006 3025 3026
f 3007 3027 3008
f 3007 3026 3027
f 3029 3009 3028
f 3009 3027 3028
f 3009 3008 3027
f 3009 3029 3010
f 3030 2420 3011
f 3011 2420 2407
f 3031 3011 3012
f 3030 3011 3031
f 3032 3012 3013
f 3031 3012 3032
f 3033 3013 3014
f 3032 3013 3033
f 3034 3014 3015
f 3033 3014 3034
f 3015 3016 3035
f 3015 3035 3034
f 2426 3036 3018
f 2426 3018 2415
f 3018 3037 3019
f 3018 3036 3037
f 3019 3038 3020
f 3019 3037 3038
f 3020 3039 3021
f 3020 3038 3039
f 3021 3040 3022
f 3021 3039 3040
f 3022 3041 3023
f 3022 3040 3041
f 3023 3042 3024
f 3023 3041 3042
f 3024 3043 3025
f 3024 3042 3043
f 3025 3044 3026
f 3025 3043 3044
f 3026 3045 3027
f 3026 3044 3045
f 3028 3027 3046
f 3046 3027 3045
f 3030 2431 2420
f 2431 3030 2433
f 3030 3047 2433
f 3030 3031 3047
f 3048 3031 3032
f 3047 3031 3048
f 3049 3032 3033
f 3048 3032 3049
f 3050 3033 3034
f 3049 3033 3050
f 3034 3035 3051
f 3052 3034 3051
f 3050 3034 3052
f 3054 3053 3052
f 3054 3052 3051
f 3055 3053 3054
f 2439 3056 3036
f 2439 3036 2426
f 3036 3057 3037
f 3036 3056 3057
f 3037 3058 3038
f 3037 3057 3058
f 3038 3059 3039
f 3038 3058 3059
f 3039 3060 3040
f 3039 3059 3060
f 3040 3061 3041
f 3040 3060 3061
f 3041 3062 3042
f 3041 3061 3062
f 3042 3063 3043
f 3042 3062 3063
f 3043 3064 3044
f 3043 3063 3064
f 3066 3045 3065
f 3045 3064 3065
f 3045 3044 3064
f 3045 3066 3046
f 3067 2445 3047
f 3047 2445 2433
f 3068 3047 3048
f 3067 3047 3068
f 3069 3048 3049
f 3068 3048 3069
f 3070 3049 3050
f 3069 3049 3070
f 3071 3050 3052
f 3070 3050 3071
f 3072 3052 3053
f 3071 3052 3072
f 3053 3055 3073
f 3053 3073 3072
f 3075 3074 2450
f 3075 2450 2449
f 2439 2450 3056
f 2450 3076 3056
f 2450 3074 3076
f 3056 3076 3057
f 3057 3076 3077
f 3079 3078 3077
f 3078 3057 3077
f 3078 3058 3057
f 3058 3080 3059
f 3058 3078 3080
f 3059 3081 3060
f 3059 3080 3081
f 3060 3082 3061
f 3060 3081 3082
f 3061 3083 3062
f 3061 3082 3083
f 3062 3084 3063
f 3062 3083 3084
f 3063 3085 3064
f 3063 3084 3085
f 3065 3064 3086
f 3064 3087 3086
f 3064 3085 3087
f 3087 3088 3086
f 3089 2457 3067
f 3067 2457 2445
f 3090 3067 3068
f 3089 3067 3090
f 3091 3068 3069
f 3090 3068 3091
f 3092 3069 3070
f 3091 3069 3092
f 3093 3070 3071
f 3092 3070 3093
f 3072 3095 3094
f 3093 3072 3094
f 3071 3072 3093
f 3095 3072 3073
f 3098 3097 3096
f 3097 3075 3096
f 3075 2461 3096
f 3075 2449 2461
f 3078 3079 3099
f 3099 3079 3100
f 3078 3101 3080
f 3078 3099 3101
f 3103 3081 3102
f 3081 3101 3102
f 3081 3080 3101
f 3081 3103 3082
f 3082 3103 3104
f 3106 3105 3104
f 3105 3082 3104
f 3105 3083 3082
f 3083 3107 3084
f 3083 3105 3107
f 3084 3108 3085
f 3084 3107 3108
f 3110 3087 3109
f 3087 3108 3109
f 3087 3085 3108
f 3087 3110 3088
f 3111 2466 3089
f 3089 2466 2457
f 3112 3089 3090
f 3111 3089 3112
f 3113 3090 3091
f 3112 3090 3113
f 3114 3091 3092
f 3113 3091 3114
f 3115 3092 3093
f 3114 3092 3115
f 3093 3094 3116
f 3093 3116 3115
f 3098 3096 2471
f 2470 3098 2471
f 3117 3098 2470
f 2471 3096 2461
f 3100 3118 3099
f 3099 3118 3101
f 3101 3118 3119
f 3101 3119 3102
f 3106 3120 3105
f 3122 3121 3120
f 3121 3105 3120
f 3121 3107 3105
f 3124 3108 3123
f 3108 3121 3123
f 3108 3107 3121
f 3108 3124 3109
f 3125 2475 3111
f 3111 2475 2466
f 3126 3111 3112
f 3125 3111 3126
f 3113 3128 3127
f 3126 3113 3127
f 3112 3113 3126
f 3128 3113 3114
f 3128 3114 3129
f 3129 3114 3115
f 3129 3115 3130
f 3130 3115 3116
f 2480 3117 2470
f 2480 3131 3117
f 3122 3132 3121
f 3121 3132 3123
f 3133 2484 3125
f 3125 2484 2475
f 3134 3125 3126
f 3133 3125 3134
f 3126 3127 3135
f 3126 3135 3134
f 3138 3137 3136
f 3139 3136 3137
f 2487 3140 2488
f 3141 2489 2488
f 3141 2488 3140
f 3141 3142 2489
f 3142 2480 2489
f 3142 3131 2480
f 3143 2492 3133
f 3133 2492 2484
f 3144 3133 3134
f 3143 3133 3144
f 3134 3135 3145
f 3134 3145 3144
f 3146 3138 3136
f 3146 3136 3139
f 2495 3147 3140
f 2495 3140 2487
f 3149 3141 3148
f 3141 3147 3148
f 3141 3140 3147
f 3141 3149 3142
f 3152 3151 3150
f 3154 3153 3150
f 3150 3153 3152
f 3154 3155 3153
f 3156 2498 3143
f 3143 2498 2492
f 3157 3143 3144
f 3156 3143 3157
f 3144 3145 3158
f 3144 3158 3157
f 3161 3160 3159
f 3162 3159 3160
f 2502 3147 2495
f 3163 3148 3147
f 2502 3163 3147
f 2504 3163 2502
f 2504 2506 3163
f 3163 2506 3164
f 3167 3166 3165
f 3167 3165 3151
f 3165 3150 3151
f 3165 3168 3150
f 3150 3169 3154
f 3150 3168 3169
f 3155 3154 3170
f 3154 3171 3170
f 3154 3169 3171
f 3171 3172 3170
f 3173 2510 3156
f 3156 2510 2498
f 3174 3156 3157
f 3173 3156 3174
f 3157 3158 3175
f 3176 3157 3175
f 3174 3157 3176
f 3178 3177 3176
f 3178 3176 3175
f 3179 3177 3178
f 3161 3159 3180
f 3161 3180 3181
f 3159 3162 3182
f 3159 3182 3180
f 2512 3183 2511
f 3184 2513 2511
f 3184 2511 3183
f 3184 2515 2513
f 2518 3164 2506
f 2518 3185 3164
f 3188 3187 3186
f 3188 3186 3166
f 3186 3165 3166
f 3186 3189 3165
f 3165 3190 3168
f 3165 3189 3190
f 3168 3191 3169
f 3168 3190 3191
f 3169 3192 3171
f 3169 3191 3192
f 3172 3171 3193
f 3193 3171 3192
f 3173 2522 2510
f 2522 3173 2524
f 3173 3194 2524
f 3173 3174 3194
f 3176 3196 3195
f 3194 3176 3195
f 3174 3176 3194
f 3198 3197 3196
f 3176 3198 3196
f 3177 3198 3176
f 3177 3179 3199
f 3177 3199 3198
f 3200 3181 3180
f 3200 3180 3182
f 2525 3201 3183
f 2525 3183 2512
f 3201 2527 2528
f 3184 3201 2528
f 3183 3201 3184
f 3184 2528 2515
f 2531 3185 2518
f 2531 3202 3185
f 3205 3204 3203
f 3205 3203 3187
f 3203 3186 3187
f 3203 3206 3186
f 3186 3207 3189
f 3186 3206 3207
f 3189 3208 3190
f 3189 3207 3208
f 3190 3209 3191
f 3190 3208 3209
f 3191 3210 3192
f 3191 3209 3210
f 3193 3192 3211
f 3192 3212 3211
f 3192 3210 3212
f 3212 3213 3211
f 3214 2538 3194
f 3194 2538 2524
f 3194 3195 3215
f 3216 3194 3215
f 3214 3194 3216
f 3216 3215 3197
f 3198 3216 3197
f 3217 3216 3198
f 3198 3199 3218
f 3198 3218 3217
f 3221 3220 3219
f 3222 3219 3220
f 2539 3223 3201
f 2539 3201 2525
f 3223 2541 2527
f 3223 2527 3201
f 2544 3202 2531
f 2544 3224 3202
f 3203 3204 3225
f 3225 3204 3226
f 3203 3227 3206
f 3203 3225 3227
f 3206 3228 3207
f 3206 3227 3228
f 3207 3229 3208
f 3207 3228 3229
f 3208 3230 3209
f 3208 3229 3230
f 3209 3231 3210
f 3209 3230 3231
f 3210 3232 3212
f 3210 3231 3232
f 3213 3212 3233
f 3212 3234 3233
f 3212 3232 3234
f 3234 3235 3233
f 3236 2550 3214
f 3214 2550 2538
f 3237 3214 3216
f 3236 3214 3237
f 3238 3216 3217
f 3237 3216 3238
f 3217 3218 3239
f 3240 3217 3239
f 3238 3217 3240
f 3241 3240 3239
f 3242 3221 3219
f 3242 3219 3222
f 2551 3223 2539
f 3223 2551 2541
f 2553 3224 2544
f 2553 3243 3224
f 3225 3226 3244
f 3244 3226 3245
f 3225 3246 3227
f 3225 3244 3246
f 3227 3247 3228
f 3227 3246 3247
f 3228 3248 3229
f 3228 3247 3248
f 3229 3249 3230
f 3229 3248 3249
f 3230 3250 3231
f 3230 3249 3250
f 3231 3251 3232
f 3231 3250 3251
f 3232 3252 3234
f 3232 3251 3252
f 3235 3234 3253
f 3253 3234 3252
f 3254 2559 3236
f 3236 2559 2550
f 3255 3236 3237
f 3254 3236 3255
f 3256 3237 3238
f 3255 3237 3256
f 3240 3258 3257
f 3256 3240 3257
f 3238 3240 3256
f 3258 3240 3241
f 2561 3243 2553
f 2561 3259 3243
f 3244 3245 3260
f 3260 3245 3261
f 3244 3262 3246
f 3244 3260 3262
f 3246 3263 3247
f 3246 3262 3263
f 3247 3264 3248
f 3247 3263 3264
f 3248 3265 3249
f 3248 3264 3265
f 3249 3266 3250
f 3249 3265 3266
f 3250 3267 3251
f 3250 3266 3267
f 3251 3268 3252
f 3251 3267 3268
f 3253 3252 3269
f 3252 3270 3269
f 3252 3268 3270
f 3270 3271 3269
f 3272 2566 3254
f 3254 2566 2559
f 3273 3254 3255
f 3272 3254 3273
f 3274 3255 3256
f 3273 3255 3274
f 3256 3257 3275
f 3256 3275 3274
f 3276 3259 2561
f 3276 2561 2569
f 3277 2569 2571
f 3277 3276 2569
f 3279 3278 2573
f 3278 2571 2573
f 3278 3277 2571
f 3281 3280 3279
f 3279 3280 3278
f 3280 3281 3261
f 3281 3260 3261
f 3281 3282 3260
f 3260 3283 3262
f 3260 3282 3283
f 3262 3284 3263
f 3262 3283 3284
f 3263 3285 3264
f 3263 3284 3285
f 3264 3286 3265
f 3264 3285 3286
f 3265 3287 3266
f 3265 3286 3287
f 3266 3288 3267
f 3266 3287 3288
f 3267 3289 3268
f 3267 3288 3289
f 3268 3290 3270
f 3268 3289 3290
f 3271 3270 3291
f 3291 3270 3290
f 3292 2578 2579
f 2566 3272 2579
f 3272 3292 2579
f 3272 3293 3292
f 3294 3272 3273
f 3293 3272 3294
f 3295 3273 3274
f 3294 3273 3295
f 3274 3275 3296
f 3297 3274 3296
f 3295 3274 3297
f 3298 3297 3296
f 2585 3279 2573
f 3279 2585 2587
f 3299 3279 2587
f 3281 3279 3299
f 3281 3300 3282
f 3281 3299 3300
f 3282 3301 3283
f 3282 3300 3301
f 3283 3302 3284
f 3283 3301 3302
f 3284 3303 3285
f 3284 3302 3303
f 3285 3304 3286
f 3285 3303 3304
f 3286 3305 3287
f 3286 3304 3305
f 3287 3306 3288
f 3287 3305 3306
f 3288 3307 3289
f 3288 3306 3307
f 3309 3290 3308
f 3290 3307 3308
f 3290 3289 3307
f 3290 3309 3291
f 3310 2592 3292
f 3292 2592 2578
f 3311 3292 3293
f 3310 3292 3311
f 3312 3293 3294
f 3311 3293 3312
f 3313 3294 3295
f 3312 3294 3313
f 3297 3315 3314
f 3313 3297 3314
f 3295 3297 3313
f 3315 3297 3298
f 2601 3316 3299
f 2601 3299 2587
f 3299 3317 3300
f 3299 3316 3317
f 3300 3318 3301
f 3300 3317 3318
f 3301 3319 3302
f 3301 3318 3319
f 3302 3320 3303
f 3302 3319 3320
f 3303 3321 3304
f 3303 3320 3321
f 3304 3322 3305
f 3304 3321 3322
f 3305 3323 3306
f 3305 3322 3323
f 3306 3324 3307
f 3306 3323 3324
f 3308 3307 3325
f 3307 3326 3325
f 3307 3324 3326
f 3326 3327 3325
f 3310 2606 2592
f 2606 3310 2608
f 3310 3328 2608
f 3310 3311 3328
f 3329 3311 3312
f 3328 3311 3329
f 3330 3312 3313
f 3329 3312 3330
f 3313 3314 3331
f 3332 3313 3331
f 3330 3313 3332
f 3334 3333 3332
f 3334 3332 3331
f 3335 3333 3334
f 2617 3316 2601
f 3316 2617 2619
f 3336 3316 2619
f 3317 3316 3336
f 3317 3337 3318
f 3317 3336 3337
f 3318 3338 3319
f 3318 3337 3338
f 3319 3339 3320
f 3319 3338 3339
f 3320 3340 3321
f 3320 3339 3340
f 3321 3341 3322
f 3321 3340 3341
f 3322 3342 3323
f 3322 3341 3342
f 3323 3343 3324
f 3323 3342 3343
f 3324 3344 3326
f 3324 3343 3344
f 3327 3326 3345
f 3345 3326 3344
f 3346 2625 2626
f 2608 3328 2626
f 3328 3346 2626
f 3328 3347 3346
f 3348 3328 3329
f 3347 3328 3348
f 3330 3350 3349
f 3348 3330 3349
f 3329 3330 3348
f 3350 3330 3332
f 3350 3332 3351
f 3353 3352 3351
f 3332 3353 3351
f 3333 3353 3332
f 3333 3335 3354
f 3333 3354 3353
f 2634 3355 2635
f 3336 2619 2635
f 3355 3336 2635
f 3356 3336 3355
f 3336 3357 3337
f 3336 3356 3357
f 3337 3358 3338
f 3337 3357 3358
f 3338 3359 3339
f 3338 3358 3359
f 3339 3360 3340
f 3339 3359 3360
f 3340 3361 3341
f 3340 3360 3361
f 3341 3362 3342
f 3341 3361 3362
f 3342 3363 3343
f 3342 3362 3363
f 3343 3364 3344
f 3343 3363 3364
f 3345 3344 3365
f 3365 3344 3364
f 3346 2640 2625
f 2640 3346 2642
f 3346 3366 2642
f 3346 3347 3366
f 3348 3368 3367
f 3366 3348 3367
f 3347 3348 3366
f 3368 3348 3349
f 3369 3352 3353
f 3369 3353 3354
f 3372 3371 3370
f 3373 3370 3371
f 2646 3355 2634
f 3355 2646 2648
f 3355 2648 3356
f 3356 2648 2650
f 3356 2650 3357
f 3357 2650 2652
f 3357 2652 3358
f 3358 2652 2654
f 3358 2654 3359
f 3359 2654 2656
f 3374 3359 2656
f 3360 3359 3374
f 3360 3375 3361
f 3360 3374 3375
f 3361 3376 3362
f 3361 3375 3376
f 3362 3377 3363
f 3362 3376 3377
f 3363 3378 3364
f 3363 3377 3378
f 3365 3364 3379
f 3364 3380 3379
f 3364 3378 3380
f 3382 3381 3380
f 3380 3381 3379
f 3382 3383 3381
f 3384 2663 2664
f 3385 3384 2664
f 3385 2664 2642
f 3386 3385 2642
f 3366 3386 2642
f 3386 3366 3367
f 3372 3370 2665
f 2666 3372 2665
f 3387 3372 2666
f 3389 3388 2667
f 3389 2667 2665
f 3373 3389 2665
f 3370 3373 2665
f 3390 3388 3389
f 2675 3374 2656
f 3374 2675 2677
f 3391 3374 2677
f 3375 3374 3391
f 3375 3392 3376
f 3375 3391 3392
f 3376 3393 3377
f 3376 3392 3393
f 3377 3394 3378
f 3377 3393 3394
f 3378 3395 3380
f 3378 3394 3395
f 3395 2682 2683
f 3382 3395 2683
f 3380 3395 3382
f 3396 3383 3382
f 2683 3396 3382
f 2684 3396 2683
f 2684 2663 3384
f 3397 2684 3384
f 3396 2684 3397
f 3397 3384 3385
f 2685 3387 2666
f 2685 3398 3387
f 3388 2686 2667
f 2688 2686 3388
f 3390 2688 3388
f 3399 2688 3390
f 2697 3400 3391
f 2697 3391 2677
f 3391 3401 3392
f 3391 3400 3401
f 3392 3402 3393
f 3392 3401 3402
f 3402 2700 2701
f 3394 3402 2701
f 3393 3402 3394
f 3394 2701 2702
f 3394 2702 3395
f 3395 2702 2682
f 2703 3398 2685
f 2703 3403 3398
f 3399 2705 2688
f 3404 2705 3399
f 2713 3400 2697
f 3400 2713 2715
f 3400 2715 3401
f 3401 2715 2716
f 3401 2716 3402
f 3405 2716 2717
f 3405 3402 2716
f 3405 2719 2700
f 3402 3405 2700
f 3405 2720 2719
f 2721 3403 2703
f 2721 3406 3403
f 3404 2723 2705
f 3407 2723 3404
f 2731 3405 2717
f 3405 2731 2720
f 2732 3406 2721
f 2732 3408 3406
f 3407 2734 2723
f 3409 2734 3407
f 2741 3408 2732
f 2741 3410 3408
f 3411 2742 2743
f 3412 3411 2743
f 2734 3412 2743
f 3409 3412 2734
f 2751 3410 2741
f 2751 3413 3410
f 3414 2752 3411
f 3411 2752 2742
f 3411 3412 3415
f 3411 3415 3414
f 2761 3413 2751
f 2761 3416 3413
f 3417 2762 3414
f 3414 2762 2752
f 3414 3415 3418
f 3414 3418 3417
f 2770 3419 2771
f 3419 2772 2771
f 2761 2773 3420
f 3421 2761 3420
f 3416 2761 3421
f 3422 3420 2773
f 3422 2773 2762
f 3423 3422 2762
f 3417 3423 2762
f 3423 3417 3418
f 2780 3424 2781
f 3419 2770 2781
f 3424 3419 2781
f 3425 3419 3424
f 3426 2782 2772
f 3419 3426 2772
f 3425 3426 3419
f 3427 2783 2782
f 3427 2782 3426
f 3428 2784 2783
f 3428 2783 3427
f 3429 2785 2784
f 3429 2784 3428
f 3430 2787 2785
f 3430 2785 3429
f 3431 2789 2787
f 3431 2787 3430
f 3431 2790 2789
f 3434 3433 3432
f 3435 3432 3433
f 3436 3421 3420
f 3436 3420 3422
f 2796 3437 3424
f 2796 3424 2780
f 3424 3438 3425
f 3424 3437 3438
f 3425 3439 3426
f 3425 3438 3439
f 3426 3440 3427
f 3426 3439 3440
f 3427 3441 3428
f 3427 3440 3441
f 3428 3442 3429
f 3428 3441 3442
f 3429 3443 3430
f 3429 3442 3443
f 3430 3444 3431
f 3430 3443 3444
f 3444 2798 2790
f 3444 2790 3431
f 3434 3432 3445
f 3434 3445 3446
f 3432 3435 3447
f 3448 3432 3447
f 3445 3432 3448
f 3449 3448 3447
f 2799 3437 2796
f 3437 2799 2801
f 3437 2801 3438
f 3438 2801 2803
f 3438 2803 3439
f 3439 2803 2804
f 3439 2804 3440
f 3440 2804 2806
f 3440 2806 3441
f 3441 2806 2809
f 3450 3441 2809
f 3442 3441 3450
f 3442 3451 3443
f 3442 3450 3451
f 3451 2811 2812
f 3444 3451 2812
f 3443 3451 3444
f 3444 2812 2798
f 3452 3446 3445
f 3452 3445 3448
f 3452 3448 3453
f 3453 3448 3449
f 2815 3454 2814
f 3454 2816 2814
f 3456 3455 2817
f 3456 2817 2818
f 2817 3457 2820
f 3455 3457 2817
f 2821 2820 3457
f 2821 3457 3458
f 2824 3459 2823
f 3454 2815 2823
f 3459 3454 2823
f 3460 3454 3459
f 3461 2826 2816
f 3454 3461 2816
f 3460 3461 3454
f 3461 2828 2826
f 2831 3462 2830
f 3462 2832 2830
f 2833 3456 2818
f 2833 3463 3456
f 3458 2834 2821
f 3464 2834 3458
f 2835 3459 2824
f 3459 2835 2836
f 3459 2836 3460
f 3460 2836 2837
f 3460 2837 3461
f 3461 2837 2828
f 2839 3465 3462
f 2839 3462 2831
f 3465 2840 2832
f 3465 2832 3462
f 2841 3463 2833
f 2841 3466 3463
f 3468 2842 3467
f 2842 3464 3467
f 2842 2834 3464
f 3469 3468 3467
f 2843 3465 2839
f 3465 2843 2840
f 2844 3466 2841
f 2844 3470 3466
f 3471 2845 3468
f 3468 2845 2842
f 3468 3469 3472
f 3468 3472 3471
f 2846 3470 2844
f 2846 3473 3470
f 3475 3474 3471
f 3474 2845 3471
f 3474 2847 2845
f 3475 3471 3472
f 2850 3476 2849
f 3476 2851 2849
f 2852 3473 2846
f 2852 3477 3473
f 3474 2853 2847
f 3478 2853 3474
f 2858 3479 3476
f 2858 3476 2850
f 3482 3481 3480
f 3476 2859 2851
f 2859 3476 3479
f 3483 3482 3480
f 2860 3477 2852
f 2860 3484 3477
f 3478 2861 2853
f 3485 2861 3478
f 2869 3486 2868
f 3487 2871 2868
f 3487 2868 3486
f 3488 2873 2871
f 3488 2871 3487
f 3489 2875 2873
f 3489 2873 3488
f 3479 2858 2875
f 3489 3479 2875
f 3490 3479 3489
f 3481 3482 3491
f 2877 3491 3482
f 3491 2877 3490
f 2859 3490 2877
f 3490 2859 3479
f 2879 2877 3482
f 3483 2879 3482
f 3492 2879 3483
f 2880 3484 2860
f 2880 3493 3484
f 3485 2881 2861
f 3494 2881 3485
f 2889 3495 2888
f 3495 2890 2888
f 2892 3496 3486
f 2892 3486 2869
f 3486 3497 3487
f 3486 3496 3497
f 3487 3498 3488
f 3487 3497 3498
f 3488 3499 3489
f 3488 3498 3499
f 3489 3500 3490
f 3489 3499 3500
f 3491 3490 3501
f 3501 3490 3500
f 3492 2898 2879
f 3502 2898 3492
f 2899 3493 2880
f 2899 3503 3493
f 3494 2900 2881
f 3504 2900 3494
f 2909 3505 3495
f 2909 3495 2889
f 3505 2910 2890
f 3505 2890 3495
f 2912 3506 3496
f 2912 3496 2892
f 3496 3507 3497
f 3496 3506 3507
f 3497 3508 3498
f 3497 3507 3508
f 3498 3509 3499
f 3498 3508 3509
f 3511 3500 3510
f 3500 3509 3510
f 3500 3499 3509
f 3500 3511 3501
f 3502 2918 2898
f 3512 2918 3502
f 2919 3503 2899
f 2919 3513 3503
f 3504 2920 2900
f 3514 2920 3504
f 2929 3505 2909
f 3505 2929 2910
f 2932 3515 3506
f 2932 3506 2912
f 3506 3516 3507
f 3506 3515 3516
f 3507 3517 3508
f 3507 3516 3517
f 3508 3518 3509
f 3508 3517 3518
f 3510 3509 3519
f 3509 3520 3519
f 3509 3518 3520
f 3520 3521 3519
f 3512 2938 2918
f 3522 2938 3512
f 2939 3513 2919
f 2939 3523 3513
f 3514 2940 2920
f 3524 2940 3514
f 2952 3525 2953
f 3526 2954 2953
f 3526 2953 3525
f 3515 2932 2954
f 3526 3515 2954
f 3527 3515 3526
f 3515 3528 3516
f 3515 3527 3528
f 3516 3529 3517
f 3516 3528 3529
f 3517 3530 3518
f 3517 3529 3530
f 3518 3531 3520
f 3518 3530 3531
f 2962 3532 2961
f 3532 3520 2961
f 3520 3531 2961
f 3520 3532 3521
f 2962 2938 3522
f 2962 3522 3532
f 3533 3523 2939
f 3533 2939 2963
f 3534 2963 2964
f 3534 3533 2963
f 2964 2940 3524
f 2964 3524 3534
f 2975 3535 2976
f 3525 2952 2976
f 3535 3525 2976
f 3536 3525 3535
f 3525 3537 3526
f 3525 3536 3537
f 3526 3538 3527
f 3526 3537 3538
f 3527 3539 3528
f 3527 3538 3539
f 3528 3540 3529
f 3528 3539 3540
f 3529 3541 3530
f 3529 3540 3541
f 3541 2981 2982
f 3531 3541 2982
f 3530 3541 3531
f 3531 2982 2961
f 2992 3542 3535
f 2992 3535 2975
f 3535 3543 3536
f 3535 3542 3543
f 3536 3544 3537
f 3536 3543 3544
f 3537 3545 3538
f 3537 3544 3545
f 3538 3546 3539
f 3538 3545 3546
f 3539 3547 3540
f 3539 3546 3547
f 3540 3548 3541
f 3540 3547 3548
f 3549 2996 2981
f 3541 3549 2981
f 3548 3549 3541
f 3549 2998 2996
f 3010 3550 3542
f 3010 3542 2992
f 3542 3551 3543
f 3542 3550 3551
f 3543 3552 3544
f 3543 3551 3552
f 3544 3553 3545
f 3544 3552 3553
f 3545 3554 3546
f 3545 3553 3554
f 3546 3555 3547
f 3546 3554 3555
f 3547 3556 3548
f 3547 3555 3556
f 3556 3016 3017
f 3549 3556 3017
f 3548 3556 3549
f 3549 3017 2998
f 3028 3557 3029
f 3550 3010 3029
f 3557 3550 3029
f 3558 3550 3557
f 3550 3559 3551
f 3550 3558 3559
f 3551 3560 3552
f 3551 3559 3560
f 3552 3561 3553
f 3552 3560 3561
f 3553 3562 3554
f 3553 3561 3562
f 3554 3563 3555
f 3554 3562 3563
f 3565 3556 3564
f 3556 3563 3564
f 3556 3555 3563
f 3016 3556 3565
f 3566 3016 3565
f 3035 3016 3566
f 3569 3568 3567
f 3570 3567 3568
f 3573 3572 3571
f 3574 3571 3572
f 3046 3575 3557
f 3046 3557 3028
f 3557 3576 3558
f 3557 3575 3576
f 3558 3577 3559
f 3558 3576 3577
f 3559 3578 3560
f 3559 3577 3578
f 3560 3579 3561
f 3560 3578 3579
f 3561 3580 3562
f 3561 3579 3580
f 3562 3581 3563
f 3562 3580 3581
f 3564 3563 3582
f 3582 3563 3581
f 3566 3583 3035
f 3035 3583 3051
f 3567 3054 3569
f 3054 3583 3569
f 3054 3051 3583
f 3055 3054 3567
f 3570 3055 3567
f 3584 3055 3570
f 3573 3571 3585
f 3573 3585 3586
f 3571 3574 3587
f 3588 3571 3587
f 3585 3571 3588
f 3589 3588 3587
f 3065 3590 3066
f 3575 3046 3066
f 3590 3575 3066
f 3591 3575 3590
f 3575 3592 3576
f 3575 3591 3592
f 3594 3577 3593
f 3577 3592 3593
f 3577 3576 3592
f 3577 3594 3578
f 3578 3594 3595
f 3597 3596 3595
f 3596 3578 3595
f 3596 3579 3578
f 3579 3598 3580
f 3579 3596 3598
f 3600 3581 3599
f 3581 3598 3599
f 3581 3580 3598
f 3581 3600 3582
f 3602 3073 3601
f 3073 3584 3601
f 3073 3055 3584
f 3603 3602 3601
f 3604 3586 3585
f 3605 3074 3075
f 3585 3606 3604
f 3606 3585 3588
f 3588 3589 3606
f 3608 3605 3607
f 3605 3608 3074
f 3076 3074 3608
f 3608 3610 3609
f 3077 3608 3609
f 3076 3608 3077
f 3609 3079 3077
f 3086 3590 3065
f 3590 3086 3088
f 3611 3590 3088
f 3591 3590 3611
f 3613 3592 3612
f 3592 3611 3612
f 3592 3591 3611
f 3592 3613 3593
f 3596 3597 3614
f 3614 3597 3615
f 3596 3616 3598
f 3596 3614 3616
f 3599 3598 3617
f 3598 3618 3617
f 3598 3616 3618
f 3618 3619 3617
f 3620 3094 3095
f 3073 3602 3095
f 3602 3620 3095
f 3602 3621 3620
f 3602 3603 3622
f 3602 3622 3621
f 3624 3623 3097
f 3624 3097 3098
f 3075 3097 3605
f 3097 3625 3605
f 3097 3623 3625
f 3605 3625 3607
f 3609 3610 3626
f 3626 3610 3627
f 3626 3100 3079
f 3626 3079 3609
f 3630 3629 3628
f 3103 3102 3628
f 3629 3103 3628
f 3631 3103 3629
f 3631 3633 3632
f 3104 3631 3632
f 3103 3631 3104
f 3632 3106 3104
f 3109 3634 3110
f 3634 3635 3110
f 3110 3635 3088
f 3635 3636 3088
f 3636 3611 3088
f 3611 3636 3612
f 3615 3637 3614
f 3639 3638 3637
f 3638 3614 3637
f 3638 3616 3614
f 3616 3640 3618
f 3616 3638 3640
f 3619 3618 3641
f 3641 3618 3640
f 3642 3116 3620
f 3620 3116 3094
f 3621 3644 3643
f 3642 3621 3643
f 3620 3621 3642
f 3644 3621 3622
f 3647 3646 3645
f 3648 3645 3646
f 3117 3650 3649
f 3624 3117 3649
f 3098 3117 3624
f 3650 3651 3649
f 3627 3652 3626
f 3626 3652 3100
f 3652 3118 3100
f 3652 3653 3118
f 3628 3119 3630
f 3119 3653 3630
f 3119 3118 3653
f 3119 3628 3102
f 3633 3654 3632
f 3654 3656 3655
f 3654 3655 3120
f 3632 3654 3120
f 3106 3632 3120
f 3655 3122 3120
f 3123 3657 3124
f 3657 3658 3124
f 3124 3658 3109
f 3658 3659 3109
f 3659 3634 3109
f 3634 3659 3635
f 3638 3639 3660
f 3660 3639 3661
f 3660 3127 3128
f 3640 3660 3128
f 3638 3660 3640
f 3662 3641 3640
f 3128 3662 3640
f 3129 3662 3128
f 3663 3129 3130
f 3663 3662 3129
f 3663 3130 3116
f 3664 3663 3116
f 3642 3664 3116
f 3663 3664 3665
f 3642 3643 3666
f 3642 3666 3664
f 3647 3645 3667
f 3647 3667 3668
f 3645 3648 3669
f 3645 3669 3667
f 3131 3670 3650
f 3131 3650 3117
f 3651 3650 3671
f 3671 3650 3670
f 3655 3656 3672
f 3672 3656 3673
f 3674 3132 3122
f 3655 3674 3122
f 3672 3674 3655
f 3674 3675 3132
f 3132 3675 3123
f 3675 3676 3123
f 3676 3657 3123
f 3657 3676 3658
f 3660 3661 3677
f 3677 3661 3678
f 3677 3135 3127
f 3677 3127 3660
f 3681 3680 3679
f 3679 3680 3665
f 3664 3679 3665
f 3682 3679 3664
f 3664 3666 3683
f 3664 3683 3682
f 3685 3684 3137
f 3685 3137 3138
f 3667 3686 3139
f 3684 3667 3139
f 3137 3684 3139
f 3668 3667 3684
f 3667 3669 3687
f 3667 3687 3686
f 3689 3688 3670
f 3131 3689 3670
f 3142 3689 3131
f 3670 3688 3671
f 3672 3673 3690
f 3690 3673 3691
f 3672 3692 3674
f 3672 3690 3692
f 3675 3674 3693
f 3693 3674 3692
f 3677 3678 3694
f 3694 3678 3695
f 3694 3145 3135
f 3694 3135 3677
f 3696 3681 3679
f 3696 3679 3682
f 3696 3682 3697
f 3697 3682 3683
f 3138 3146 3698
f 3699 3138 3698
f 3685 3138 3699
f 3139 3686 3146
f 3686 3698 3146
f 3686 3700 3698
f 3686 3687 3701
f 3686 3701 3700
f 3704 3703 3702
f 3705 3702 3703
f 3148 3706 3149
f 3706 3707 3149
f 3707 3142 3149
f 3707 3689 3142
f 3710 3709 3708
f 3712 3711 3708
f 3708 3711 3710
f 3151 3152 3712
f 3152 3711 3712
f 3152 3713 3711
f 3153 3690 3691
f 3713 3153 3691
f 3152 3153 3713
f 3690 3153 3155
f 3714 3690 3155
f 3692 3690 3714
f 3693 3692 3715
f 3715 3692 3714
f 3694 3695 3716
f 3716 3695 3717
f 3716 3158 3145
f 3716 3145 3694
f 3699 3698 3160
f 3161 3699 3160
f 3718 3699 3161
f 3160 3698 3162
f 3698 3719 3162
f 3698 3700 3719
f 3700 3701 3720
f 3700 3720 3719
f 3704 3702 3721
f 3704 3721 3722
f 3702 3705 3723
f 3724 3702 3723
f 3721 3702 3724
f 3725 3724 3723
f 3163 3706 3148
f 3163 3164 3706
f 3164 3707 3706
f 3164 3726 3707
f 3729 3728 3727
f 3731 3730 3727
f 3727 3730 3729
f 3730 3731 3709
f 3731 3708 3709
f 3731 3732 3708
f 3732 3166 3167
f 3712 3732 3167
f 3708 3732 3712
f 3712 3167 3151
f 3170 3714 3155
f 3734 3733 3172
f 3172 3733 3170
f 3733 3715 3170
f 3715 3714 3170
f 3734 3735 3733
f 3716 3717 3736
f 3736 3717 3737
f 3738 3175 3158
f 3716 3738 3158
f 3736 3738 3716
f 3175 3738 3739
f 3740 3175 3739
f 3178 3175 3740
f 3742 3741 3179
f 3178 3742 3179
f 3740 3742 3178
f 3743 3741 3742
f 3181 3718 3161
f 3181 3744 3718
f 3745 3182 3719
f 3719 3182 3162
f 3719 3720 3746
f 3719 3746 3745
f 3749 3748 3747
f 3747 3748 3722
f 3721 3747 3722
f 3750 3747 3721
f 3751 3721 3724
f 3750 3721 3751
f 3724 3725 3752
f 3724 3752 3751
f 3185 3726 3164
f 3185 3753 3726
f 3727 3728 3754
f 3754 3728 3755
f 3727 3756 3731
f 3727 3754 3756
f 3756 3187 3188
f 3732 3756 3188
f 3731 3756 3732
f 3732 3188 3166
f 3193 3757 3734
f 3193 3734 3172
f 3735 3734 3758
f 3758 3734 3757
f 3761 3760 3759
f 3761 3759 3737
f 3759 3736 3737
f 3759 3762 3736
f 3762 3195 3196
f 3738 3762 3196
f 3736 3762 3738
f 3196 3197 3738
f 3197 3739 3738
f 3197 3763 3739
f 3764 3199 3741
f 3741 3199 3179
f 3741 3743 3765
f 3741 3765 3764
f 3181 3200 3766
f 3767 3181 3766
f 3744 3181 3767
f 3182 3745 3200
f 3745 3766 3200
f 3745 3768 3766
f 3745 3746 3769
f 3745 3769 3768
f 3772 3771 3770
f 3770 3771 3749
f 3747 3770 3749
f 3773 3770 3747
f 3774 3747 3750
f 3773 3747 3774
f 3775 3750 3751
f 3774 3750 3775
f 3751 3752 3776
f 3751 3776 3775
f 3779 3778 3777
f 3778 3753 3777
f 3753 3202 3777
f 3753 3185 3202
f 3754 3755 3780
f 3780 3755 3781
f 3780 3204 3205
f 3756 3780 3205
f 3754 3780 3756
f 3756 3205 3187
f 3211 3757 3193
f 3783 3782 3213
f 3213 3782 3211
f 3782 3758 3211
f 3758 3757 3211
f 3783 3784 3782
f 3759 3760 3785
f 3785 3760 3786
f 3759 3787 3762
f 3759 3785 3787
f 3788 3215 3195
f 3762 3788 3195
f 3787 3788 3762
f 3788 3789 3215
f 3789 3197 3215
f 3789 3763 3197
f 3790 3218 3764
f 3764 3218 3199
f 3764 3765 3791
f 3792 3764 3791
f 3790 3764 3792
f 3793 3792 3791
f 3796 3795 3794
f 3798 3797 3794
f 3798 3794 3795
f 3799 3797 3798
f 3767 3766 3220
f 3221 3767 3220
f 3800 3767 3221
f 3220 3766 3222
f 3766 3801 3222
f 3766 3768 3801
f 3768 3769 3802
f 3768 3802 3801
f 3772 3770 3803
f 3772 3803 3804
f 3805 3770 3773
f 3803 3770 3805
f 3806 3773 3774
f 3805 3773 3806
f 3807 3774 3775
f 3806 3774 3807
f 3775 3776 3808
f 3809 3775 3808
f 3807 3775 3809
f 3811 3810 3809
f 3811 3809 3808
f 3813 3812 3810
f 3813 3810 3811
f 3812 3813 3779
f 3777 3812 3779
f 3814 3812 3777
f 3224 3814 3202
f 3202 3814 3777
f 3781 3815 3780
f 3204 3780 3815
f 3816 3204 3815
f 3226 3204 3816
f 3233 3783 3213
f 3818 3817 3235
f 3235 3817 3233
f 3817 3784 3233
f 3784 3783 3233
f 3818 3819 3817
f 3785 3786 3820
f 3820 3786 3821
f 3785 3822 3787
f 3785 3820 3822
f 3787 3823 3788
f 3787 3822 3823
f 3789 3788 3824
f 3824 3788 3823
f 3790 3239 3218
f 3239 3790 3241
f 3790 3825 3241
f 3790 3792 3825
f 3792 3793 3826
f 3792 3826 3825
f 3796 3794 3827
f 3796 3827 3828
f 3829 3794 3797
f 3827 3794 3829
f 3797 3799 3830
f 3797 3830 3829
f 3221 3242 3831
f 3832 3221 3831
f 3800 3221 3832
f 3222 3801 3242
f 3801 3831 3242
f 3801 3833 3831
f 3801 3802 3834
f 3801 3834 3833
f 3804 3803 3835
f 3804 3835 3836
f 3837 3803 3805
f 3835 3803 3837
f 3838 3805 3806
f 3837 3805 3838
f 3839 3806 3807
f 3838 3806 3839
f 3840 3807 3809
f 3839 3807 3840
f 3841 3809 3810
f 3840 3809 3841
f 3842 3810 3812
f 3841 3810 3842
f 3843 3812 3814
f 3842 3812 3843
f 3243 3843 3224
f 3224 3843 3814
f 3816 3245 3226
f 3844 3245 3816
f 3253 3845 3818
f 3253 3818 3235
f 3819 3818 3846
f 3818 3847 3846
f 3818 3845 3847
f 3847 3848 3846
f 3851 3850 3849
f 3851 3849 3821
f 3849 3820 3821
f 3849 3852 3820
f 3820 3853 3822
f 3820 3852 3853
f 3822 3854 3823
f 3822 3853 3854
f 3824 3823 3855
f 3823 3856 3855
f 3823 3854 3856
f 3856 3257 3855
f 3257 3258 3855
f 3858 3857 3855
f 3858 3855 3258
f 3241 3825 3258
f 3825 3858 3258
f 3825 3859 3858
f 3825 3826 3860
f 3861 3825 3860
f 3859 3825 3861
f 3861 3860 3828
f 3827 3861 3828
f 3862 3861 3827
f 3829 3864 3863
f 3862 3829 3863
f 3827 3829 3862
f 3864 3829 3830
f 3865 3832 3831
f 3867 3866 3865
f 3831 3867 3865
f 3833 3867 3831
f 3833 3834 3868
f 3833 3868 3867
f 3836 3835 3869
f 3836 3869 3870
f 3871 3835 3837
f 3869 3835 3871
f 3872 3837 3838
f 3871 3837 3872
f 3873 3838 3839
f 3872 3838 3873
f 3874 3839 3840
f 3873 3839 3874
f 3875 3840 3841
f 3874 3840 3875
f 3876 3841 3842
f 3875 3841 3876
f 3877 3842 3843
f 3876 3842 3877
f 3259 3877 3243
f 3243 3877 3843
f 3880 3879 3878
f 3844 3880 3878
f 3261 3844 3878
f 3245 3844 3261
f 3269 3845 3253
f 3845 3269 3271
f 3881 3845 3271
f 3847 3845 3881
f 3848 3847 3882
f 3847 3883 3882
f 3847 3881 3883
f 3882 3883 3850
f 3883 3849 3850
f 3883 3884 3849
f 3849 3885 3852
f 3849 3884 3885
f 3852 3886 3853
f 3852 3885 3886
f 3853 3887 3854
f 3853 3886 3887
f 3889 3856 3888
f 3856 3887 3888
f 3856 3854 3887
f 3257 3856 3275
f 3889 3275 3856
f 3275 3889 3890
f 3857 3890 3889
f 3890 3857 3858
f 3891 3858 3859
f 3890 3858 3891
f 3892 3859 3861
f 3891 3859 3892
f 3893 3861 3862
f 3892 3861 3893
f 3862 3863 3894
f 3862 3894 3893
f 3895 3866 3867
f 3895 3867 3868
f 3896 3870 3869
f 3896 3869 3871
f 3896 3871 3897
f 3897 3871 3872
f 3897 3872 3898
f 3900 3899 3898
f 3872 3900 3898
f 3873 3900 3872
f 3874 3902 3901
f 3900 3874 3901
f 3873 3874 3900
f 3902 3874 3875
f 3902 3875 3903
f 3903 3875 3876
f 3903 3876 3904
f 3904 3876 3877
f 3904 3877 3905
f 3905 3877 3259
f 3276 3905 3259
f 3906 3905 3276
f 3907 3276 3277
f 3907 3906 3276
f 3908 3277 3278
f 3908 3907 3277
f 3280 3878 3879
f 3908 3280 3879
f 3278 3280 3908
f 3878 3280 3261
f 3291 3909 3881
f 3291 3881 3271
f 3881 3910 3883
f 3881 3909 3910
f 3883 3911 3884
f 3883 3910 3911
f 3884 3912 3885
f 3884 3911 3912
f 3885 3913 3886
f 3885 3912 3913
f 3886 3914 3887
f 3886 3913 3914
f 3888 3887 3915
f 3915 3887 3914
f 3890 3296 3275
f 3296 3890 3298
f 3890 3916 3298
f 3890 3891 3916
f 3892 3918 3917
f 3916 3892 3917
f 3891 3892 3916
f 3920 3919 3918
f 3892 3920 3918
f 3893 3920 3892
f 3893 3894 3921
f 3893 3921 3920
f 3922 3899 3900
f 3922 3900 3901
f 3308 3923 3309
f 3909 3291 3309
f 3923 3909 3309
f 3924 3909 3923
f 3909 3925 3910
f 3909 3924 3925
f 3910 3926 3911
f 3910 3925 3926
f 3911 3927 3912
f 3911 3926 3927
f 3912 3928 3913
f 3912 3927 3928
f 3913 3929 3914
f 3913 3928 3929
f 3915 3914 3930
f 3914 3931 3930
f 3914 3929 3931
f 3314 3315 3932
f 3930 3931 3933
f 3298 3916 3315
f 3916 3932 3315
f 3916 3934 3932
f 3916 3917 3935
f 3916 3935 3934
f 3936 3919 3920
f 3936 3920 3921
f 3325 3923 3308
f 3923 3325 3327
f 3937 3923 3327
f 3924 3923 3937
f 3924 3938 3925
f 3924 3937 3938
f 3925 3939 3926
f 3925 3938 3939
f 3926 3940 3927
f 3926 3939 3940
f 3927 3941 3928
f 3927 3940 3941
f 3928 3942 3929
f 3928 3941 3942
f 3929 3943 3931
f 3929 3942 3943
f 3331 3314 3932
f 3944 3933 3943
f 3931 3943 3933
f 3331 3932 3334
f 3334 3932 3934
f 3335 3334 3934
f 3935 3335 3934
f 3945 3335 3935
f 3345 3946 3937
f 3345 3937 3327
f 3937 3947 3938
f 3937 3946 3947
f 3938 3948 3939
f 3938 3947 3948
f 3939 3949 3940
f 3939 3948 3949
f 3940 3950 3941
f 3940 3949 3950
f 3941 3951 3942
f 3941 3950 3951
f 3951 3349 3350
f 3943 3951 3350
f 3942 3951 3943
f 3952 3944 3943
f 3350 3952 3943
f 3351 3952 3350
f 3351 3352 3952
f 3952 3352 3953
f 3945 3354 3335
f 3954 3354 3945
f 3957 3956 3955
f 3958 3955 3956
f 3365 3959 3946
f 3365 3946 3345
f 3946 3960 3947
f 3946 3959 3960
f 3947 3961 3948
f 3947 3960 3961
f 3948 3962 3949
f 3948 3961 3962
f 3949 3963 3950
f 3949 3962 3963
f 3963 3367 3368
f 3951 3963 3368
f 3950 3963 3951
f 3951 3368 3349
f 3352 3369 3964
f 3965 3352 3964
f 3953 3352 3965
f 3966 3964 3369
f 3354 3966 3369
f 3954 3966 3354
f 3957 3955 3371
f 3372 3957 3371
f 3967 3957 3372
f 3373 3371 3955
f 3958 3373 3955
f 3968 3373 3958
f 3379 3959 3365
f 3959 3379 3381
f 3959 3381 3960
f 3960 3381 3383
f 3969 3960 3383
f 3961 3960 3969
f 3961 3970 3962
f 3961 3969 3970
f 3970 3385 3386
f 3963 3970 3386
f 3962 3970 3963
f 3963 3386 3367
f 3971 3965 3964
f 3971 3964 3966
f 3387 3967 3372
f 3387 3972 3967
f 3389 3373 3973
f 3373 3974 3973
f 3373 3968 3974
f 3973 3390 3389
f 3396 3969 3383
f 3969 3396 3397
f 3969 3397 3970
f 3970 3397 3385
f 3398 3972 3387
f 3398 3975 3972
f 3974 3976 3973
f 3390 3973 3976
f 3977 3390 3976
f 3399 3390 3977
f 3403 3975 3398
f 3403 3978 3975
f 3977 3404 3399
f 3979 3404 3977
f 3406 3978 3403
f 3406 3980 3978
f 3979 3407 3404
f 3981 3407 3979
f 3408 3980 3406
f 3408 3982 3980
f 3981 3409 3407
f 3983 3409 3981
f 3410 3982 3408
f 3410 3984 3982
f 3983 3412 3409
f 3985 3412 3983
f 3413 3984 3410
f 3413 3986 3984
f 3985 3415 3412
f 3987 3415 3985
f 3416 3986 3413
f 3416 3988 3986
f 3987 3418 3415
f 3989 3418 3987
f 3421 3988 3416
f 3421 3990 3988
f 3991 3422 3423
f 3992 3991 3423
f 3418 3992 3423
f 3989 3992 3418
f 3434 3993 3433
f 3993 3435 3433
f 3421 3436 3994
f 3995 3421 3994
f 3990 3421 3995
f 3422 3991 3436
f 3991 3994 3436
f 3991 3996 3994
f 3991 3992 3997
f 3991 3997 3996
f 3446 3998 3993
f 3446 3993 3434
f 3999 3447 3435
f 3993 3999 3435
f 3998 3999 3993
f 3999 3449 3447
f 4000 3995 3994
f 4000 3994 3996
f 4000 3996 4001
f 4001 3996 3997
f 3452 3998 3446
f 3998 3452 3453
f 3998 3453 3999
f 3999 3453 3449
f 4003 4002 3455
f 4003 3455 3456
f 3455 4004 3457
f 4002 4004 3455
f 3458 3457 4004
f 3458 4004 4005
f 3463 4003 3456
f 3463 4006 4003
f 4005 3464 3458
f 4007 3464 4005
f 3466 4006 3463
f 3466 4008 4006
f 4007 4009 3464
f 3464 4009 3467
f 3469 3467 4009
f 3469 4009 4010
f 3470 4008 3466
f 3470 4011 4008
f 4010 3472 3469
f 4012 3472 4010
f 3473 4011 3470
f 3473 4013 4011
f 4015 4014 3475
f 3475 4014 3474
f 3475 3472 4012
f 3475 4012 4015
f 3477 4013 3473
f 3477 4016 4013
f 4014 3478 3474
f 4017 3478 4014
f 3481 4018 3480
f 4018 3483 3480
f 3484 4016 3477
f 3484 4019 4016
f 4017 3485 3478
f 4020 3485 4017
f 3491 4021 4018
f 3491 4018 3481
f 4021 3492 3483
f 4021 3483 4018
f 3493 4019 3484
f 3493 4022 4019
f 4020 3494 3485
f 4023 3494 4020
f 3501 4024 4021
f 3501 4021 3491
f 4024 3502 3492
f 4024 3492 4021
f 3503 4022 3493
f 3503 4025 4022
f 4023 3504 3494
f 4026 3504 4023
f 3510 4027 3511
f 4024 3501 3511
f 4027 4024 3511
f 4028 4024 4027
f 4028 3512 3502
f 4028 3502 4024
f 3513 4025 3503
f 3513 4029 4025
f 4026 3514 3504
f 4030 3514 4026
f 3519 4027 3510
f 4027 3519 3521
f 4031 4027 3521
f 4028 4027 4031
f 4031 3522 3512
f 4031 3512 4028
f 3523 4029 3513
f 3523 4032 4029
f 4030 3524 3514
f 4033 3524 4030
f 3532 4031 3521
f 4031 3532 3522
f 3523 3533 4034
f 4035 3523 4034
f 4032 3523 4035
f 4034 3533 4036
f 3533 4037 4036
f 3533 3534 4037
f 3534 3524 4033
f 3534 4033 4037
f 4038 4035 4034
f 4038 4034 4036
f 3564 4039 3565
f 4039 3566 3565
f 3569 4040 3568
f 4040 3570 3568
f 4043 4042 4041
f 4044 4041 4042
f 4047 4046 4045
f 3572 3573 4045
f 4046 3572 4045
f 4048 3572 4046
f 3574 3572 4048
f 3574 4048 4049
f 3582 4050 4039
f 3582 4039 3564
f 4051 3583 3566
f 4039 4051 3566
f 4050 4051 4039
f 4040 3569 3583
f 4051 4040 3583
f 4052 4040 4051
f 4052 3584 3570
f 4052 3570 4040
f 4043 4041 4053
f 4043 4053 4054
f 4041 4044 4055
f 4041 4055 4053
f 4047 4045 4056
f 4047 4056 4057
f 3586 4056 3573
f 3573 4056 4045
f 4049 4058 3574
f 3574 4058 3587
f 3589 3587 4058
f 3589 4058 4059
f 3593 4060 3594
f 4061 3595 3594
f 4061 3594 4060
f 4061 3597 3595
f 3599 4062 3600
f 4050 3582 3600
f 4062 4050 3600
f 4063 4050 4062
f 4050 4064 4051
f 4050 4063 4064
f 4051 4065 4052
f 4051 4064 4065
f 4066 3601 3584
f 4052 4066 3584
f 4065 4066 4052
f 4066 3603 3601
f 4069 4068 4067
f 4070 4067 4068
f 4054 4053 4071
f 4054 4071 4072
f 4053 4055 4073
f 4053 4073 4071
f 4074 4057 4056
f 4074 4056 3586
f 3604 4074 3586
f 4075 4074 3604
f 4076 3604 3606
f 4076 4075 3604
f 3608 3607 4077
f 4076 3589 4059
f 3589 4076 3606
f 4077 3610 3608
f 3612 4078 3613
f 4060 3593 3613
f 4078 4060 3613
f 4079 4060 4078
f 4060 4080 4061
f 4060 4079 4080
f 4080 3615 3597
f 4080 3597 4061
f 3617 4062 3599
f 4062 3617 3619
f 4081 4062 3619
f 4063 4062 4081
f 4063 4082 4064
f 4063 4081 4082
f 4064 4083 4065
f 4064 4082 4083
f 4065 4084 4066
f 4065 4083 4084
f 4084 3622 3603
f 4084 3603 4066
f 4069 4067 4085
f 4069 4085 4086
f 4067 4070 4087
f 4067 4087 4085
f 4072 4071 4088
f 4072 4088 4089
f 4071 4073 4090
f 4091 4071 4090
f 4088 4071 4091
f 4092 4091 4090
f 3624 4093 3623
f 4094 3625 3623
f 4094 3623 4093
f 4094 4095 3625
f 3625 4095 3607
f 4095 4096 3607
f 4096 4077 3607
f 3610 4077 4096
f 4097 3610 4096
f 3627 3610 4097
f 4099 4098 3629
f 4099 3629 3630
f 3629 4100 3631
f 4098 4100 3629
f 3633 3631 4100
f 3633 4100 4101
f 3635 4102 3636
f 4078 3612 3636
f 4102 4078 3636
f 4103 4078 4102
f 4078 4104 4079
f 4078 4103 4104
f 4079 4105 4080
f 4079 4104 4105
f 4106 3637 3615
f 4080 4106 3615
f 4105 4106 4080
f 4106 3639 3637
f 3641 4107 4081
f 3641 4081 3619
f 4081 4108 4082
f 4081 4107 4108
f 4082 4109 4083
f 4082 4108 4109
f 4109 3643 3644
f 4084 4109 3644
f 4083 4109 4084
f 4084 3644 3622
f 4086 4085 3646
f 3647 4086 3646
f 4110 4086 3647
f 3648 3646 4085
f 4087 3648 4085
f 4111 3648 4087
f 4114 4113 4112
f 4112 4113 4089
f 4088 4112 4089
f 4115 4112 4088
f 4116 4088 4091
f 4115 4088 4116
f 4091 4092 4117
f 4091 4117 4116
f 3649 4093 3624
f 4093 3649 3651
f 4118 4093 3651
f 4094 4093 4118
f 4095 4094 4119
f 4119 4094 4118
f 4097 4120 3627
f 3627 4120 3652
f 4120 4122 4121
f 3653 4120 4121
f 3652 4120 3653
f 4121 4123 3653
f 4123 3630 3653
f 4123 4099 3630
f 4101 4124 3633
f 3633 4124 3654
f 3656 3654 4124
f 3656 4124 4125
f 4127 4126 3659
f 4127 3659 3658
f 3635 3659 4102
f 3659 4128 4102
f 3659 4126 4128
f 4102 4128 4103
f 4103 4128 4129
f 4131 4130 4129
f 4130 4103 4129
f 4130 4104 4103
f 4104 4132 4105
f 4104 4130 4132
f 4105 4133 4106
f 4105 4132 4133
f 4133 3661 3639
f 4133 3639 4106
f 3662 4107 3641
f 4107 3662 3663
f 4107 3663 4108
f 4108 3663 3665
f 4134 4108 3665
f 4109 4108 4134
f 4134 3666 3643
f 4134 3643 4109
f 3668 4110 3647
f 3668 4135 4110
f 4111 3669 3648
f 4136 3669 4111
f 4114 4112 4137
f 4114 4137 4138
f 4139 4112 4115
f 4137 4112 4139
f 4140 4115 4116
f 4139 4115 4140
f 4116 4117 4141
f 4116 4141 4140
f 3671 4142 4118
f 3671 4118 3651
f 4119 4118 4143
f 4143 4118 4142
f 4122 4144 4121
f 4121 4144 4123
f 4146 3673 4145
f 3673 4125 4145
f 3673 3656 4125
f 4147 4146 4145
f 4149 4148 3676
f 4149 3676 3675
f 3658 3676 4127
f 4127 3676 4148
f 4131 4150 4130
f 4152 4151 4150
f 4151 4130 4150
f 4151 4132 4130
f 4132 4153 4133
f 4132 4151 4153
f 4153 3678 3661
f 4153 3661 4133
f 3681 4154 3680
f 4134 3665 3680
f 4154 4134 3680
f 4155 4134 4154
f 4155 3683 3666
f 4155 3666 4134
f 4158 4157 4156
f 4159 4156 4157
f 3685 4160 3684
f 4160 4161 3684
f 4161 3668 3684
f 4161 4135 3668
f 4163 3687 4162
f 3687 4136 4162
f 3687 3669 4136
f 4164 4163 4162
f 4138 4137 4165
f 4138 4165 4166
f 4167 4137 4139
f 4165 4137 4167
f 4168 4139 4140
f 4167 4139 4168
f 4140 4141 4169
f 4140 4169 4168
f 3689 4170 3688
f 4170 4171 3688
f 3688 4171 3671
f 4171 4172 3671
f 4172 4142 3671
f 4142 4172 4143
f 4175 4174 4173
f 4173 4176 4175
f 4179 4178 4177
f 4177 4180 4179
f 4182 4181 4146
f 4181 3673 4146
f 4181 3691 3673
f 4182 4146 4147
f 3693 4149 3675
f 3693 4183 4149
f 4151 4152 4184
f 4184 4152 4185
f 4151 4186 4153
f 4151 4184 4186
f 4186 3695 3678
f 4186 3678 4153
f 3696 4154 3681
f 4154 3696 3697
f 4154 3697 4155
f 4155 3697 3683
f 4158 4156 4187
f 4158 4187 4188
f 4156 4159 4189
f 4156 4189 4187
f 3699 4190 4160
f 3699 4160 3685
f 4161 4160 4191
f 4191 4160 4190
f 4192 3701 4163
f 4163 3701 3687
f 4163 4164 4193
f 4163 4193 4192
f 4166 4165 4194
f 4166 4194 4195
f 3704 4194 3703
f 4194 4167 3703
f 4194 4165 4167
f 3703 4167 3705
f 4167 4196 3705
f 4167 4168 4196
f 4168 4169 4197
f 4168 4197 4196
f 3707 4198 4170
f 3707 4170 3689
f 4171 4170 4199
f 4199 4170 4198
f 4202 4201 4200
f 4202 4200 4174
f 4200 4173 4174
f 4200 4203 4173
f 4176 4173 4204
f 4173 4205 4204
f 4173 4203 4205
f 4204 4205 4178
f 4178 4205 4177
f 4205 3709 4177
f 3709 3710 4177
f 4206 4180 4177
f 3710 4206 4177
f 3711 4206 3710
f 4207 3711 3713
f 4207 4206 3711
f 3713 3691 4181
f 3713 4181 4207
f 3715 4183 3693
f 3715 4208 4183
f 4184 4185 4209
f 4209 4185 4210
f 4184 4211 4186
f 4184 4209 4211
f 4211 3717 3695
f 4211 3695 4186
f 4188 4187 4212
f 4188 4212 4213
f 4187 4189 4214
f 4187 4214 4212
f 4216 4215 4190
f 3699 4216 4190
f 3718 4216 3699
f 4190 4215 4191
f 4217 3720 4192
f 4192 3720 3701
f 4192 4193 4218
f 4219 4192 4218
f 4217 4192 4219
f 4221 4220 4219
f 4221 4219 4218
f 4220 4221 4195
f 4194 4220 4195
f 4222 4220 4194
f 3722 4222 3704
f 3704 4222 4194
f 4196 3723 3705
f 3725 3723 4196
f 4197 3725 4196
f 4223 3725 4197
f 4225 4224 4198
f 3707 4225 4198
f 3726 4225 3707
f 4198 4224 4199
f 4200 4201 4226
f 4226 4201 4227
f 4226 3728 3729
f 4203 4226 3729
f 4200 4226 4203
f 4203 3729 3730
f 4203 3730 4205
f 4205 3730 3709
f 4228 4208 3715
f 4228 3715 3733
f 3733 3735 4228
f 4228 3735 4229
f 4209 4210 4230
f 4230 4210 4231
f 4209 4232 4211
f 4209 4230 4232
f 4232 3737 3717
f 4232 3717 4211
f 3739 4233 3740
f 4234 3742 3740
f 4234 3740 4233
f 4234 3743 3742
f 4237 4236 4235
f 4235 4236 4213
f 4212 4235 4213
f 4238 4235 4212
f 4212 4214 4239
f 4240 4212 4239
f 4238 4212 4240
f 4242 4241 4240
f 4242 4240 4239
f 4243 4241 4242
f 3744 4216 3718
f 3744 4244 4216
f 4245 3746 4217
f 4217 3746 3720
f 4246 4217 4219
f 4245 4217 4246
f 4247 4219 4220
f 4246 4219 4247
f 3749 4247 3748
f 4247 4222 3748
f 4247 4220 4222
f 3748 4222 3722
f 4249 3752 4248
f 3752 4223 4248
f 3752 3725 4223
f 4250 4249 4248
f 3753 4225 3726
f 3753 4251 4225
f 4227 4252 4226
f 3728 4226 4252
f 4253 3728 4252
f 3755 3728 4253
f 3758 4255 4254
f 4229 3758 4254
f 3735 3758 4229
f 4255 4256 4254
f 4259 4258 4257
f 4259 4257 4231
f 4257 4230 4231
f 4257 4260 4230
f 4260 3760 3761
f 4232 4260 3761
f 4230 4260 4232
f 4232 3761 3737
f 3763 4261 4233
f 3763 4233 3739
f 4233 4262 4234
f 4233 4261 4262
f 4262 3765 3743
f 4262 3743 4234
f 4237 4235 4263
f 4237 4263 4264
f 4265 4235 4238
f 4263 4235 4265
f 4266 4238 4240
f 4265 4238 4266
f 4267 4240 4241
f 4266 4240 4267
f 4241 4243 4268
f 4241 4268 4267
f 3767 4244 3744
f 3767 4269 4244
f 4270 3769 4245
f 4245 3769 3746
f 4246 4272 4271
f 4270 4246 4271
f 4245 4246 4270
f 3772 4273 3771
f 4273 4246 3771
f 4246 4247 3771
f 4273 4272 4246
f 3771 4247 3749
f 4274 3776 4249
f 4249 3776 3752
f 4249 4250 4275
f 4276 4249 4275
f 4274 4249 4276
f 4278 4277 4276
f 4278 4276 4275
f 3778 3779 4277
f 4278 3778 4277
f 4279 3778 4278
f 3753 3778 4251
f 4251 3778 4279
f 4253 3781 3755
f 4280 3781 4253
f 4283 4282 4281
f 4284 4281 4282
f 3782 4255 3758
f 4286 4285 3784
f 3784 4285 3782
f 4285 4256 3782
f 4256 4255 3782
f 4288 4287 4286
f 4286 4287 4285
f 4287 4288 4258
f 4288 4257 4258
f 4288 4289 4257
f 4257 4290 4260
f 4257 4289 4290
f 4290 3786 3760
f 4290 3760 4260
f 3789 4291 4261
f 3789 4261 3763
f 4261 4292 4262
f 4261 4291 4292
f 4293 3791 3765
f 4262 4293 3765
f 4292 4293 4262
f 4293 3793 3791
f 3796 4294 3795
f 4295 3798 3795
f 4295 3795 4294
f 4295 3799 3798
f 4263 4296 4264
f 4296 4263 4297
f 4298 4263 4265
f 4297 4263 4298
f 4299 4265 4266
f 4298 4265 4299
f 4300 4266 4267
f 4299 4266 4300
f 4267 4268 4301
f 4267 4301 4300
f 3800 4269 3767
f 3800 4302 4269
f 4303 3802 4270
f 4270 3802 3769
f 4270 4271 4304
f 4305 4270 4304
f 4303 4270 4305
f 4304 4273 4305
f 4273 3804 4305
f 4273 3772 3804
f 4274 3808 3776
f 3808 4274 3811
f 3811 4274 4276
f 3811 4276 3813
f 3813 4276 4277
f 3813 4277 3779
f 3815 3781 4306
f 3781 4307 4306
f 3781 4280 4307
f 4306 3816 3815
f 4308 4283 4281
f 4308 4281 4284
f 3817 4286 3784
f 4286 3817 3819
f 4309 4286 3819
f 4288 4286 4309
f 4288 4310 4289
f 4288 4309 4310
f 4289 4311 4290
f 4289 4310 4311
f 4311 3821 3786
f 4311 3786 4290
f 3824 4312 4291
f 3824 4291 3789
f 4291 4313 4292
f 4291 4312 4313
f 4292 4314 4293
f 4292 4313 4314
f 4314 3826 3793
f 4314 3793 4293
f 3828 4315 4294
f 3828 4294 3796
f 4294 4316 4295
f 4294 4315 4316
f 4316 3799 4295
f 3799 4316 3830
f 4296 4297 4317
f 4318 4317 4297
f 4319 4297 4298
f 4318 4297 4319
f 4320 4298 4299
f 4319 4298 4320
f 4321 4299 4300
f 4320 4299 4321
f 4300 4301 4322
f 4300 4322 4321
f 3832 4302 3800
f 3832 4323 4302
f 4324 3834 4303
f 4303 3834 3802
f 4325 4303 4305
f 4324 4303 4325
f 3836 4325 3804
f 3804 4325 4305
f 4306 4307 4326
f 4326 4307 4327
f 4326 3844 3816
f 4326 3816 4306
f 3846 4309 3819
f 4309 3846 3848
f 4328 4309 3848
f 4310 4309 4328
f 4328 3850 3851
f 4311 4328 3851
f 4310 4328 4311
f 4311 3851 3821
f 3855 4312 3824
f 4312 3855 3857
f 4329 4312 3857
f 4313 4312 4329
f 4313 4330 4314
f 4313 4329 4330
f 4331 3860 3826
f 4314 4331 3826
f 4330 4331 4314
f 4315 3828 3860
f 4331 4315 3860
f 4332 4315 4331
f 4332 3863 3864
f 4316 4332 3864
f 4315 4332 4316
f 4318 4333 4317
f 3830 4316 3864
f 4335 4334 4333
f 4318 4335 4333
f 4319 4335 4318
f 4336 4319 4320
f 4335 4319 4336
f 4321 4338 4337
f 4336 4321 4337
f 4320 4321 4336
f 4338 4321 4322
f 3832 3865 4339
f 4340 3832 4339
f 4323 3832 4340
f 3866 4339 3865
f 4341 3868 4324
f 4324 3868 3834
f 4342 4324 4325
f 4341 4324 4342
f 3870 4342 3836
f 3836 4342 4325
f 4345 4344 4343
f 4345 4343 4327
f 4327 4343 4326
f 4343 3879 4326
f 3879 3880 4326
f 4326 3880 3844
f 3882 4328 3848
f 4328 3882 3850
f 3888 4346 3889
f 4329 3857 3889
f 4346 4329 3889
f 4347 4329 4346
f 4329 4348 4330
f 4329 4347 4348
f 4330 4349 4331
f 4330 4348 4349
f 4331 4350 4332
f 4331 4349 4350
f 4350 3894 3863
f 4350 3863 4332
f 4334 4335 4351
f 4334 4351 4352
f 4336 4354 4353
f 4351 4336 4353
f 4335 4336 4351
f 4354 4336 4337
f 4340 4339 4355
f 4340 4355 4356
f 3895 4357 3866
f 4357 4339 3866
f 4357 4355 4339
f 3868 4341 3895
f 4341 4357 3895
f 4341 4358 4357
f 4342 4360 4359
f 4358 4342 4359
f 4341 4342 4358
f 4360 4342 3870
f 3896 4360 3870
f 4361 4360 3896
f 4363 4361 4362
f 4361 3897 4362
f 4361 3896 3897
f 3898 4364 3897
f 3897 4364 4362
f 3899 4364 3898
f 4365 3901 3902
f 3903 4366 3902
f 3902 4366 4365
f 3904 4367 3903
f 3903 4367 4366
f 3905 4368 3904
f 3904 4368 4367
f 3906 4369 3905
f 3905 4369 4368
f 4369 3906 4370
f 3906 4371 4370
f 3906 3907 4371
f 3908 4343 4344
f 4371 3908 4344
f 3907 3908 4371
f 4343 3908 3879
f 3915 4372 4346
f 3915 4346 3888
f 4346 4373 4347
f 4346 4372 4373
f 4347 4374 4348
f 4347 4373 4374
f 4374 3917 3918
f 4349 4374 3918
f 4348 4374 4349
f 4349 3918 3919
f 4375 4349 3919
f 4350 4349 4375
f 4375 3921 3894
f 4375 3894 4350
f 4352 4351 4376
f 4352 4376 4377
f 4351 4353 4378
f 4351 4378 4376
f 4379 4356 4355
f 4381 4380 4379
f 4355 4381 4379
f 4357 4381 4355
f 4358 4383 4382
f 4381 4358 4382
f 4357 4358 4381
f 4383 4358 4359
f 4384 4363 4362
f 4386 4385 4384
f 4362 4386 4384
f 4364 4386 4362
f 3922 4387 3899
f 4387 4364 3899
f 4387 4386 4364
f 3901 4365 3922
f 4365 4387 3922
f 4365 4388 4387
f 4366 4390 4389
f 4388 4366 4389
f 4365 4366 4388
f 4390 4366 4367
f 4390 4367 4391
f 4391 4367 4368
f 4391 4368 4392
f 4392 4368 4369
f 4392 4369 4393
f 4393 4369 4370
f 3930 4372 3915
f 4372 3930 3933
f 4394 4372 3933
f 4373 4372 4394
f 4373 4395 4374
f 4373 4394 4395
f 4395 3935 3917
f 4395 3917 4374
f 3936 4375 3919
f 4375 3936 3921
f 4396 4377 4376
f 4396 4376 4378
f 4399 4398 4397
f 4397 4398 4380
f 4381 4397 4380
f 4400 4397 4381
f 4381 4382 4401
f 4381 4401 4400
f 4402 4385 4386
f 4402 4386 4387
f 4402 4387 4403
f 4403 4387 4388
f 4403 4388 4404
f 4404 4388 4389
f 3944 4405 4394
f 3944 4394 3933
f 4394 4406 4395
f 4394 4405 4406
f 4406 3945 3935
f 4406 3935 4395
f 4399 4397 4407
f 4399 4407 4408
f 4409 4397 4400
f 4407 4397 4409
f 4400 4401 4410
f 4400 4410 4409
f 3952 4405 3944
f 4405 3952 3953
f 4411 4405 3953
f 4406 4405 4411
f 4411 3954 3945
f 4411 3945 4406
f 4408 4407 3956
f 3957 4408 3956
f 4412 4408 3957
f 4407 4409 4413
f 3958 4407 4413
f 4414 3958 4413
f 4407 3958 3956
f 4413 4409 4410
f 3965 4415 4411
f 3965 4411 3953
f 4415 3966 3954
f 4415 3954 4411
f 3967 4417 4416
f 4412 3967 4416
f 3957 3967 4412
f 4414 4416 4417
f 3968 4414 4417
f 3958 4414 3968
f 3971 4415 3965
f 4415 3971 3966
f 4419 4418 4417
f 3967 4419 4417
f 3972 4419 3967
f 3968 4417 4418
f 4420 3968 4418
f 3974 3968 4420
f 3975 4419 3972
f 3975 4421 4419
f 4420 4422 3974
f 3974 4422 3976
f 3977 3976 4422
f 3977 4422 4423
f 3978 4421 3975
f 3978 4424 4421
f 4423 3979 3977
f 4425 3979 4423
f 3980 4424 3978
f 3980 4426 4424
f 4425 3981 3979
f 4427 3981 4425
f 3982 4426 3980
f 3982 4428 4426
f 4427 3983 3981
f 4429 3983 4427
f 3984 4428 3982
f 3984 4430 4428
f 4429 3985 3983
f 4431 3985 4429
f 3986 4430 3984
f 3986 4432 4430
f 4431 3987 3985
f 4433 3987 4431
f 3988 4432 3986
f 3988 4434 4432
f 4433 3989 3987
f 4435 3989 4433
f 3990 4434 3988
f 3990 4436 4434
f 4435 3992 3989
f 4437 3992 4435
f 3995 4436 3990
f 3995 4438 4436
f 4437 3997 3992
f 4439 3997 4437
f 4440 4438 3995
f 4440 3995 4000
f 4441 4000 4001
f 4441 4440 4000
f 4001 3997 4439
f 4001 4439 4441
f 4003 4442 4002
f 4443 4004 4002
f 4443 4002 4442
f 4443 4005 4004
f 4445 4444 4442
f 4003 4445 4442
f 4006 4445 4003
f 4442 4444 4443
f 4443 4444 4446
f 4005 4443 4446
f 4447 4005 4446
f 4007 4005 4447
f 4008 4445 4006
f 4008 4448 4445
f 4447 4449 4007
f 4007 4449 4009
f 4010 4009 4449
f 4010 4449 4450
f 4011 4448 4008
f 4011 4451 4448
f 4450 4012 4010
f 4452 4012 4450
f 4013 4451 4011
f 4013 4453 4451
f 4455 4454 4015
f 4015 4454 4014
f 4015 4012 4452
f 4015 4452 4455
f 4016 4453 4013
f 4016 4456 4453
f 4454 4017 4014
f 4457 4017 4454
f 4019 4456 4016
f 4019 4458 4456
f 4457 4020 4017
f 4459 4020 4457
f 4022 4458 4019
f 4022 4460 4458
f 4459 4023 4020
f 4461 4023 4459
f 4025 4460 4022
f 4025 4462 4460
f 4461 4026 4023
f 4463 4026 4461
f 4029 4462 4025
f 4029 4464 4462
f 4463 4030 4026
f 4465 4030 4463
f 4032 4464 4029
f 4032 4466 4464
f 4465 4033 4030
f 4467 4033 4465
f 4035 4466 4032
f 4035 4468 4466
f 4469 4036 4037
f 4470 4469 4037
f 4033 4470 4037
f 4467 4470 4033
f 4471 4468 4035
f 4471 4035 4038
f 4038 4036 4469
f 4472 4038 4469
f 4471 4038 4472
f 4472 4469 4470
f 4475 4474 4473
f 4476 4473 4474
f 4475 4473 4477
f 4475 4477 4478
f 4473 4476 4479
f 4473 4479 4477
f 4043 4480 4042
f 4480 4044 4042
f 4047 4481 4046
f 4482 4048 4046
f 4482 4046 4481
f 4482 4049 4048
f 4478 4477 4483
f 4478 4483 4484
f 4477 4479 4485
f 4477 4485 4483
f 4054 4486 4480
f 4054 4480 4043
f 4486 4055 4044
f 4486 4044 4480
f 4057 4487 4481
f 4057 4481 4047
f 4489 4482 4488
f 4482 4487 4488
f 4482 4481 4487
f 4482 4489 4049
f 4489 4058 4049
f 4489 4490 4058
f 4492 4491 4059
f 4058 4492 4059
f 4490 4492 4058
f 4493 4491 4492
f 4484 4483 4068
f 4069 4484 4068
f 4494 4484 4069
f 4070 4068 4483
f 4485 4070 4483
f 4495 4070 4485
f 4498 4497 4496
f 4497 4499 4496
f 4054 4072 4486
f 4500 4486 4072
f 4500 4073 4055
f 4500 4055 4486
f 4074 4487 4057
f 4074 4075 4487
f 4075 4501 4487
f 4501 4488 4487
f 4075 4502 4501
f 4076 4503 4075
f 4075 4503 4502
f 4059 4491 4076
f 4491 4503 4076
f 4491 4504 4503
f 4491 4493 4505
f 4491 4505 4504
f 4508 4507 4506
f 4510 4509 4506
f 4510 4506 4507
f 4511 4509 4510
f 4086 4494 4069
f 4086 4512 4494
f 4495 4087 4070
f 4513 4087 4495
f 4498 4496 4514
f 4498 4514 4515
f 4089 4500 4072
f 4500 4089 4516
f 4514 4516 4089
f 4516 4514 4499
f 4496 4499 4514
f 4516 4518 4517
f 4516 4517 4090
f 4500 4516 4090
f 4073 4500 4090
f 4517 4092 4090
f 4501 4502 4519
f 4501 4519 4520
f 4521 4502 4503
f 4519 4502 4521
f 4095 4521 4096
f 4521 4504 4096
f 4521 4503 4504
f 4097 4096 4504
f 4505 4097 4504
f 4522 4097 4505
f 4508 4506 4098
f 4099 4508 4098
f 4523 4508 4099
f 4098 4506 4100
f 4100 4506 4509
f 4525 4524 4101
f 4525 4101 4100
f 4511 4525 4100
f 4509 4511 4100
f 4526 4524 4525
f 4110 4512 4086
f 4110 4527 4512
f 4513 4111 4087
f 4528 4111 4513
f 4515 4514 4113
f 4114 4515 4113
f 4529 4515 4114
f 4113 4514 4089
f 4518 4530 4517
f 4092 4517 4530
f 4531 4092 4530
f 4117 4092 4531
f 4532 4520 4519
f 4534 4533 4532
f 4519 4534 4532
f 4521 4534 4519
f 4119 4534 4095
f 4095 4534 4521
f 4120 4097 4535
f 4097 4536 4535
f 4097 4522 4536
f 4535 4122 4120
f 4123 4523 4099
f 4123 4537 4523
f 4524 4124 4101
f 4539 4538 4125
f 4539 4125 4124
f 4526 4539 4124
f 4524 4526 4124
f 4541 4540 4538
f 4541 4538 4539
f 4543 4542 4540
f 4543 4540 4541
f 4126 4127 4542
f 4543 4126 4542
f 4544 4126 4543
f 4126 4545 4128
f 4544 4545 4126
f 4545 4547 4546
f 4129 4545 4546
f 4128 4545 4129
f 4546 4131 4129
f 4135 4527 4110
f 4135 4548 4527
f 4550 4136 4549
f 4136 4528 4549
f 4136 4111 4528
f 4551 4550 4549
f 4138 4529 4114
f 4138 4552 4529
f 4531 4141 4117
f 4553 4141 4531
f 4556 4555 4554
f 4554 4555 4533
f 4534 4554 4533
f 4557 4554 4534
f 4143 4557 4119
f 4119 4557 4534
f 4535 4536 4558
f 4558 4536 4559
f 4535 4558 4122
f 4558 4560 4122
f 4560 4144 4122
f 4558 4561 4560
f 4123 4144 4537
f 4537 4144 4560
f 4538 4145 4125
f 4145 4538 4147
f 4538 4562 4147
f 4538 4540 4562
f 4149 4562 4148
f 4562 4542 4148
f 4562 4540 4542
f 4148 4542 4127
f 4547 4563 4546
f 4563 4565 4564
f 4563 4564 4150
f 4546 4563 4150
f 4131 4546 4150
f 4564 4152 4150
f 4158 4566 4157
f 4566 4159 4157
f 4161 4548 4135
f 4161 4567 4548
f 4550 4162 4136
f 4164 4162 4550
f 4551 4164 4550
f 4568 4164 4551
f 4166 4552 4138
f 4166 4569 4552
f 4553 4169 4141
f 4570 4169 4553
f 4556 4554 4571
f 4556 4571 4572
f 4171 4571 4172
f 4571 4557 4172
f 4571 4554 4557
f 4172 4557 4143
f 4574 4573 4559
f 4573 4174 4559
f 4175 4558 4559
f 4175 4559 4174
f 4573 4574 4176
f 4574 4561 4176
f 4558 4175 4176
f 4558 4176 4561
f 4575 4178 4179
f 4180 4575 4179
f 4576 4181 4182
f 4147 4562 4182
f 4562 4576 4182
f 4562 4577 4576
f 4183 4577 4149
f 4149 4577 4562
f 4565 4578 4564
f 4152 4564 4578
f 4579 4152 4578
f 4185 4152 4579
f 4188 4580 4566
f 4188 4566 4158
f 4580 4189 4159
f 4580 4159 4566
f 4191 4567 4161
f 4191 4581 4567
f 4568 4193 4164
f 4582 4193 4568
f 4195 4569 4166
f 4195 4583 4569
f 4570 4197 4169
f 4584 4197 4570
f 4572 4571 4585
f 4572 4585 4586
f 4199 4585 4171
f 4171 4585 4571
f 4587 4201 4202
f 4588 4587 4202
f 4588 4202 4174
f 4589 4588 4174
f 4573 4589 4174
f 4591 4589 4590
f 4590 4589 4204
f 4589 4573 4204
f 4573 4176 4204
f 4178 4575 4204
f 4575 4590 4204
f 4575 4592 4590
f 4206 4593 4180
f 4593 4575 4180
f 4593 4592 4575
f 4207 4594 4206
f 4206 4594 4593
f 4181 4576 4207
f 4576 4594 4207
f 4576 4595 4594
f 4596 4576 4577
f 4595 4576 4596
f 4208 4596 4183
f 4183 4596 4577
f 4599 4598 4597
f 4579 4599 4597
f 4210 4579 4597
f 4185 4579 4210
f 4213 4600 4580
f 4213 4580 4188
f 4600 4214 4189
f 4600 4189 4580
f 4216 4601 4215
f 4601 4602 4215
f 4602 4191 4215
f 4602 4581 4191
f 4218 4193 4603
f 4193 4604 4603
f 4193 4582 4604
f 4218 4603 4605
f 4606 4218 4605
f 4221 4218 4606
f 4195 4221 4583
f 4583 4221 4606
f 4584 4223 4197
f 4607 4223 4584
f 4610 4609 4608
f 4608 4609 4586
f 4608 4586 4585
f 4225 4608 4585
f 4224 4225 4585
f 4224 4585 4199
f 4611 4227 4587
f 4587 4227 4201
f 4587 4588 4612
f 4587 4612 4611
f 4591 4590 4613
f 4591 4613 4614
f 4615 4590 4592
f 4613 4590 4615
f 4616 4592 4593
f 4615 4592 4616
f 4617 4593 4594
f 4616 4593 4617
f 4595 4619 4618
f 4617 4595 4618
f 4594 4595 4617
f 4619 4595 4596
f 4619 4596 4620
f 4620 4596 4208
f 4228 4620 4208
f 4621 4620 4228
f 4228 4229 4621
f 4621 4229 4622
f 4597 4598 4623
f 4623 4598 4624
f 4623 4231 4210
f 4623 4210 4597
f 4237 4625 4236
f 4600 4213 4236
f 4625 4600 4236
f 4626 4600 4625
f 4627 4239 4214
f 4600 4627 4214
f 4626 4627 4600
f 4628 4242 4239
f 4628 4239 4627
f 4628 4243 4242
f 4244 4629 4601
f 4244 4601 4216
f 4602 4601 4630
f 4630 4601 4629
f 4603 4604 4631
f 4631 4604 4632
f 4605 4603 4633
f 4633 4603 4631
f 4607 4634 4223
f 4223 4634 4248
f 4636 4635 4250
f 4248 4636 4250
f 4634 4636 4248
f 4638 4637 4635
f 4638 4635 4636
f 4637 4638 4610
f 4608 4637 4610
f 4639 4637 4608
f 4251 4639 4225
f 4225 4639 4608
f 4611 4252 4227
f 4253 4252 4611
f 4612 4253 4611
f 4640 4253 4612
f 4614 4613 4641
f 4614 4641 4642
f 4643 4613 4615
f 4641 4613 4643
f 4644 4615 4616
f 4643 4615 4644
f 4617 4646 4645
f 4644 4617 4645
f 4616 4617 4644
f 4646 4617 4618
f 4647 4622 4229
f 4647 4229 4254
f 4649 4648 4256
f 4648 4254 4256
f 4648 4647 4254
f 4651 4650 4649
f 4649 4650 4648
f 4650 4651 4624
f 4624 4651 4623
f 4651 4258 4623
f 4258 4259 4623
f 4623 4259 4231
f 4264 4652 4625
f 4264 4625 4237
f 4625 4653 4626
f 4625 4652 4653
f 4626 4654 4627
f 4626 4653 4654
f 4627 4655 4628
f 4627 4654 4655
f 4655 4268 4243
f 4655 4243 4628
f 4269 4656 4629
f 4269 4629 4244
f 4630 4629 4657
f 4657 4629 4656
f 4631 4632 4272
f 4632 4271 4272
f 4632 4658 4271
f 4272 4273 4631
f 4273 4633 4631
f 4273 4659 4633
f 4635 4275 4250
f 4275 4635 4278
f 4278 4635 4637
f 4278 4637 4279
f 4279 4637 4639
f 4279 4639 4251
f 4640 4280 4253
f 4660 4280 4640
f 4642 4641 4661
f 4642 4661 4662
f 4283 4661 4282
f 4661 4643 4282
f 4661 4641 4643
f 4282 4643 4284
f 4643 4663 4284
f 4643 4644 4663
f 4644 4645 4664
f 4644 4664 4663
f 4285 4649 4256
f 4649 4285 4287
f 4649 4287 4651
f 4651 4287 4258
f 4296 4665 4652
f 4296 4652 4264
f 4652 4666 4653
f 4652 4665 4666
f 4653 4667 4654
f 4653 4666 4667
f 4654 4668 4655
f 4654 4667 4668
f 4668 4301 4268
f 4668 4268 4655
f 4302 4669 4656
f 4302 4656 4269
f 4657 4656 4670
f 4670 4656 4669
f 4658 4671 4271
f 4271 4671 4304
f 4273 4304 4659
f 4659 4304 4671
f 4660 4307 4280
f 4672 4307 4660
f 4673 4662 4661
f 4673 4661 4283
f 4308 4673 4283
f 4674 4673 4308
f 4308 4284 4663
f 4675 4308 4663
f 4674 4308 4675
f 4675 4663 4664
f 4317 4676 4665
f 4317 4665 4296
f 4665 4677 4666
f 4665 4676 4677
f 4666 4678 4667
f 4666 4677 4678
f 4667 4679 4668
f 4667 4678 4679
f 4679 4322 4301
f 4679 4301 4668
f 4681 4680 4669
f 4302 4681 4669
f 4323 4681 4302
f 4669 4680 4670
f 4672 4327 4307
f 4682 4327 4672
f 4333 4676 4317
f 4676 4333 4334
f 4683 4676 4334
f 4677 4676 4683
f 4677 4684 4678
f 4677 4683 4684
f 4684 4337 4338
f 4679 4684 4338
f 4678 4684 4679
f 4679 4338 4322
f 4340 4681 4323
f 4340 4685 4681
f 4687 4686 4345
f 4345 4686 4344
f 4345 4327 4682
f 4345 4682 4687
f 4352 4688 4683
f 4352 4683 4334
f 4688 4353 4354
f 4684 4688 4354
f 4683 4688 4684
f 4684 4354 4337
f 4356 4685 4340
f 4356 4689 4685
f 4691 4690 4360
f 4360 4690 4359
f 4692 4360 4361
f 4692 4691 4360
f 4361 4363 4692
f 4692 4363 4693
f 4694 4370 4371
f 4695 4694 4371
f 4344 4695 4371
f 4686 4695 4344
f 4377 4696 4688
f 4377 4688 4352
f 4696 4378 4353
f 4696 4353 4688
f 4356 4379 4697
f 4698 4356 4697
f 4689 4356 4698
f 4380 4697 4379
f 4699 4382 4383
f 4700 4699 4383
f 4359 4700 4383
f 4690 4700 4359
f 4701 4693 4363
f 4701 4363 4384
f 4703 4702 4385
f 4702 4384 4385
f 4702 4701 4384
f 4705 4704 4703
f 4703 4704 4702
f 4707 4706 4705
f 4705 4706 4704
f 4389 4390 4707
f 4390 4706 4707
f 4390 4708 4706
f 4709 4390 4391
f 4709 4708 4390
f 4710 4391 4392
f 4710 4709 4391
f 4711 4392 4393
f 4711 4710 4392
f 4393 4370 4694
f 4712 4393 4694
f 4711 4393 4712
f 4712 4694 4695
f 4396 4696 4377
f 4696 4396 4378
f 4698 4697 4398
f 4399 4698 4398
f 4713 4698 4399
f 4398 4697 4380
f 4715 4714 4699
f 4714 4382 4699
f 4714 4401 4382
f 4715 4699 4700
f 4402 4703 4385
f 4703 4402 4403
f 4703 4403 4705
f 4705 4403 4404
f 4705 4404 4707
f 4707 4404 4389
f 4408 4713 4399
f 4408 4716 4713
f 4714 4410 4401
f 4717 4410 4714
f 4412 4716 4408
f 4412 4718 4716
f 4720 4719 4413
f 4413 4719 4414
f 4413 4410 4717
f 4413 4717 4720
f 4721 4718 4412
f 4721 4412 4416
f 4416 4414 4719
f 4416 4719 4721
f 4419 4722 4418
f 4722 4420 4418
f 4724 4723 4722
f 4419 4724 4722
f 4421 4724 4419
f 4723 4726 4725
f 4723 4725 4422
f 4722 4723 4422
f 4420 4722 4422
f 4725 4423 4422
f 4424 4724 4421
f 4424 4727 4724
f 4726 4728 4725
f 4423 4725 4728
f 4729 4423 4728
f 4425 4423 4729
f 4426 4727 4424
f 4426 4730 4727
f 4729 4427 4425
f 4731 4427 4729
f 4428 4730 4426
f 4428 4732 4730
f 4731 4429 4427
f 4733 4429 4731
f 4430 4732 4428
f 4430 4734 4732
f 4733 4431 4429
f 4735 4431 4733
f 4432 4734 4430
f 4432 4736 4734
f 4735 4433 4431
f 4737 4433 4735
f 4434 4736 4432
f 4434 4738 4736
f 4737 4435 4433
f 4739 4435 4737
f 4436 4738 4434
f 4436 4740 4738
f 4739 4437 4435
f 4741 4437 4739
f 4438 4743 4742
f 4740 4438 4742
f 4436 4438 4740
f 4745 4744 4743
f 4743 4744 4742
f 4741 4744 4745
f 4439 4741 4745
f 4437 4741 4439
f 4440 4743 4438
f 4743 4440 4441
f 4743 4441 4745
f 4745 4441 4439
f 4747 4746 4444
f 4747 4444 4445
f 4444 4748 4446
f 4746 4748 4444
f 4447 4446 4748
f 4447 4748 4749
f 4448 4747 4445
f 4448 4750 4747
f 4449 4447 4751
f 4447 4752 4751
f 4447 4749 4752
f 4751 4450 4449
f 4451 4750 4448
f 4451 4753 4750
f 4752 4754 4751
f 4450 4751 4754
f 4755 4450 4754
f 4452 4450 4755
f 4453 4753 4451
f 4453 4756 4753
f 4758 4757 4455
f 4455 4757 4454
f 4455 4452 4755
f 4455 4755 4758
f 4456 4756 4453
f 4456 4759 4756
f 4757 4457 4454
f 4760 4457 4757
f 4458 4759 4456
f 4458 4761 4759
f 4760 4459 4457
f 4762 4459 4760
f 4460 4761 4458
f 4460 4763 4761
f 4762 4461 4459
f 4764 4461 4762
f 4462 4763 4460
f 4462 4765 4763
f 4764 4463 4461
f 4766 4463 4764
f 4464 4765 4462
f 4464 4767 4765
f 4766 4465 4463
f 4768 4465 4766
f 4466 4767 4464
f 4466 4769 4767
f 4768 4467 4465
f 4770 4467 4768
f 4468 4769 4466
f 4468 4771 4769
f 4774 4773 4772
f 4770 4774 4772
f 4470 4770 4772
f 4467 4770 4470
f 4775 4771 4468
f 4775 4468 4471
f 4472 4772 4773
f 4775 4472 4773
f 4471 4472 4775
f 4772 4472 4470
f 4475 4776 4474
f 4776 4476 4474
f 4778 4777 4776
f 4475 4778 4776
f 4478 4778 4475
f 4476 4776 4777
f 4779 4476 4777
f 4479 4476 4779
f 4484 4778 4478
f 4484 4780 4778
f 4779 4485 4479
f 4781 4485 4779
f 4488 4782 4489
f 4783 4490 4489
f 4783 4489 4782
f 4490 4783 4784
f 4785 4490 4784
f 4492 4490 4785
f 4493 4492 4785
f 4493 4785 4786
f 4789 4788 4787
f 4791 4790 4787
f 4791 4787 4788
f 4792 4790 4791
f 4494 4794 4793
f 4780 4494 4793
f 4484 4494 4780
f 4781 4793 4794
f 4495 4781 4794
f 4485 4781 4495
f 4498 4795 4497
f 4795 4499 4497
f 4501 4796 4782
f 4501 4782 4488
f 4782 4797 4783
f 4782 4796 4797
f 4784 4783 4798
f 4783 4799 4798
f 4783 4797 4799
f 4786 4798 4799
f 4505 4786 4799
f 4493 4786 4505
f 4789 4787 4507
f 4508 4789 4507
f 4800 4789 4508
f 4507 4787 4510
f 4510 4787 4790
f 4511 4510 4790
f 4792 4511 4790
f 4801 4511 4792
f 4803 4802 4794
f 4494 4803 4794
f 4512 4803 4494
f 4495 4794 4802
f 4804 4495 4802
f 4513 4495 4804
f 4806 4805 4795
f 4498 4806 4795
f 4515 4806 4498
f 4805 4808 4807
f 4805 4807 4516
f 4795 4805 4516
f 4499 4795 4516
f 4807 4518 4516
f 4520 4809 4796
f 4520 4796 4501
f 4796 4810 4797
f 4796 4809 4810
f 4797 4811 4799
f 4797 4810 4811
f 4811 4522 4505
f 4811 4505 4799
f 4523 4800 4508
f 4523 4812 4800
f 4525 4511 4813
f 4511 4814 4813
f 4511 4801 4814
f 4813 4526 4525
f 4527 4803 4512
f 4527 4815 4803
f 4804 4528 4513
f 4816 4528 4804
f 4529 4818 4817
f 4806 4529 4817
f 4515 4529 4806
f 4820 4819 4818
f 4819 4807 4818
f 4808 4817 4818
f 4808 4818 4807
f 4819 4822 4821
f 4819 4821 4530
f 4807 4819 4530
f 4518 4807 4530
f 4821 4531 4530
f 4532 4809 4520
f 4809 4532 4533
f 4823 4809 4533
f 4810 4809 4823
f 4810 4824 4811
f 4810 4823 4824
f 4824 4536 4522
f 4824 4522 4811
f 4537 4826 4825
f 4812 4537 4825
f 4523 4537 4812
f 4826 4827 4825
f 4814 4828 4813
f 4828 4830 4829
f 4828 4829 4539
f 4813 4828 4539
f 4526 4813 4539
f 4831 4541 4539
f 4831 4539 4829
f 4832 4543 4541
f 4832 4541 4831
f 4833 4544 4543
f 4833 4543 4832
f 4834 4545 4544
f 4834 4544 4833
f 4834 4547 4545
f 4548 4815 4527
f 4548 4835 4815
f 4549 4528 4836
f 4528 4837 4836
f 4528 4816 4837
f 4836 4551 4549
f 4839 4838 4818
f 4529 4839 4818
f 4552 4839 4529
f 4818 4838 4820
f 4821 4822 4840
f 4840 4822 4841
f 4840 4553 4531
f 4840 4531 4821
f 4844 4843 4842
f 4555 4556 4842
f 4843 4555 4842
f 4845 4555 4843
f 4533 4555 4823
f 4555 4846 4823
f 4555 4845 4846
f 4823 4846 4824
f 4824 4846 4847
f 4536 4824 4847
f 4848 4536 4847
f 4559 4536 4848
f 4850 4849 4560
f 4850 4560 4561
f 4537 4560 4826
f 4560 4851 4826
f 4560 4849 4851
f 4826 4851 4827
f 4830 4852 4829
f 4829 4852 4831
f 4831 4852 4853
f 4855 4854 4853
f 4854 4831 4853
f 4854 4832 4831
f 4832 4856 4833
f 4832 4854 4856
f 4858 4834 4857
f 4834 4856 4857
f 4834 4833 4856
f 4834 4858 4547
f 4858 4563 4547
f 4858 4859 4563
f 4565 4563 4859
f 4565 4859 4860
f 4567 4835 4548
f 4567 4861 4835
f 4836 4837 4862
f 4862 4837 4863
f 4862 4568 4551
f 4862 4551 4836
f 4569 4839 4552
f 4569 4864 4839
f 4841 4865 4840
f 4553 4840 4865
f 4866 4553 4865
f 4570 4553 4866
f 4844 4842 4867
f 4844 4867 4868
f 4572 4867 4556
f 4556 4867 4842
f 4848 4869 4559
f 4559 4869 4574
f 4561 4574 4850
f 4850 4574 4869
f 4872 4871 4870
f 4872 4870 4855
f 4870 4854 4855
f 4870 4873 4854
f 4854 4874 4856
f 4854 4873 4874
f 4857 4856 4875
f 4875 4856 4874
f 4578 4565 4876
f 4565 4877 4876
f 4565 4860 4877
f 4876 4579 4578
f 4581 4861 4567
f 4581 4878 4861
f 4862 4863 4879
f 4879 4863 4880
f 4879 4582 4568
f 4879 4568 4862
f 4583 4864 4569
f 4583 4881 4864
f 4866 4584 4570
f 4882 4584 4866
f 4868 4867 4883
f 4868 4883 4884
f 4586 4883 4572
f 4572 4883 4867
f 4886 4885 4589
f 4589 4885 4588
f 4589 4591 4886
f 4886 4591 4887
f 4870 4871 4888
f 4888 4871 4889
f 4870 4890 4873
f 4870 4888 4890
f 4873 4891 4874
f 4873 4890 4891
f 4875 4874 4892
f 4892 4874 4891
f 4895 4894 4893
f 4895 4893 4877
f 4877 4893 4876
f 4893 4598 4876
f 4598 4599 4876
f 4876 4599 4579
f 4602 4878 4581
f 4602 4896 4878
f 4879 4880 4897
f 4897 4880 4898
f 4897 4604 4582
f 4897 4582 4879
f 4605 4899 4606
f 4899 4900 4606
f 4900 4583 4606
f 4900 4881 4583
f 4882 4607 4584
f 4901 4607 4882
f 4884 4883 4609
f 4610 4884 4609
f 4902 4884 4610
f 4609 4883 4586
f 4904 4612 4903
f 4612 4885 4903
f 4612 4588 4885
f 4903 4887 4904
f 4887 4614 4904
f 4887 4591 4614
f 4906 4905 4619
f 4619 4905 4618
f 4620 4888 4889
f 4906 4620 4889
f 4619 4620 4906
f 4888 4620 4621
f 4888 4621 4890
f 4890 4621 4622
f 4907 4890 4622
f 4891 4890 4907
f 4892 4891 4908
f 4891 4909 4908
f 4891 4907 4909
f 4908 4909 4894
f 4909 4893 4894
f 4909 4910 4893
f 4910 4624 4598
f 4910 4598 4893
f 4630 4896 4602
f 4630 4911 4896
f 4898 4912 4897
f 4604 4897 4912
f 4913 4604 4912
f 4632 4604 4913
f 4915 4914 4899
f 4605 4915 4899
f 4633 4915 4605
f 4899 4914 4900
f 4901 4916 4607
f 4607 4916 4634
f 4916 4918 4917
f 4636 4916 4917
f 4634 4916 4636
f 4636 4917 4919
f 4920 4636 4919
f 4638 4636 4920
f 4610 4638 4902
f 4902 4638 4920
f 4921 4640 4904
f 4904 4640 4612
f 4642 4921 4614
f 4614 4921 4904
f 4923 4922 4646
f 4646 4922 4645
f 4646 4618 4905
f 4646 4905 4923
f 4647 4907 4622
f 4907 4647 4648
f 4907 4648 4909
f 4909 4648 4650
f 4909 4650 4910
f 4910 4650 4624
f 4657 4911 4630
f 4657 4924 4911
f 4913 4658 4632
f 4925 4658 4913
f 4659 4915 4633
f 4659 4926 4915
f 4918 4927 4917
f 4917 4927 4919
f 4929 4928 4921
f 4928 4640 4921
f 4928 4660 4640
f 4642 4662 4921
f 4662 4930 4921
f 4930 4929 4921
f 4930 4662 4931
f 4931 4932 4930
f 4922 4664 4645
f 4933 4664 4922
f 4670 4924 4657
f 4670 4934 4924
f 4925 4935 4658
f 4658 4935 4671
f 4659 4671 4926
f 4926 4671 4935
f 4928 4672 4660
f 4936 4672 4928
f 4673 4931 4662
f 4937 4932 4931
f 4673 4937 4931
f 4674 4937 4673
f 4938 4674 4675
f 4938 4937 4674
f 4675 4664 4933
f 4675 4933 4938
f 4681 4939 4680
f 4939 4940 4680
f 4940 4670 4680
f 4940 4934 4670
f 4943 4942 4941
f 4936 4943 4941
f 4682 4936 4941
f 4672 4936 4682
f 4685 4944 4939
f 4685 4939 4681
f 4940 4939 4945
f 4945 4939 4944
f 4948 4947 4946
f 4946 4949 4948
f 4941 4942 4687
f 4942 4686 4687
f 4942 4950 4686
f 4941 4687 4682
f 4952 4951 4944
f 4685 4952 4944
f 4689 4952 4685
f 4944 4951 4945
f 4946 4947 4691
f 4947 4690 4691
f 4947 4953 4690
f 4954 4949 4946
f 4691 4954 4946
f 4692 4954 4691
f 4692 4693 4954
f 4954 4693 4955
f 4958 4957 4956
f 4960 4959 4956
f 4956 4959 4958
f 4962 4961 4960
f 4960 4961 4959
f 4962 4963 4961
f 4950 4695 4686
f 4964 4695 4950
f 4698 4966 4965
f 4952 4698 4965
f 4689 4698 4952
f 4966 4967 4965
f 4970 4969 4968
f 4953 4970 4968
f 4700 4953 4968
f 4690 4953 4700
f 4971 4955 4693
f 4971 4693 4701
f 4972 4701 4702
f 4972 4971 4701
f 4704 4956 4957
f 4972 4704 4957
f 4702 4704 4972
f 4956 4704 4706
f 4956 4706 4960
f 4960 4706 4708
f 4960 4708 4962
f 4973 4963 4962
f 4708 4973 4962
f 4709 4973 4708
f 4974 4709 4710
f 4974 4973 4709
f 4975 4710 4711
f 4975 4974 4710
f 4976 4711 4712
f 4976 4975 4711
f 4712 4695 4964
f 4712 4964 4976
f 4713 4977 4966
f 4713 4966 4698
f 4967 4966 4978
f 4978 4966 4977
f 4968 4969 4715
f 4969 4714 4715
f 4969 4979 4714
f 4968 4715 4700
f 4716 4980 4977
f 4716 4977 4713
f 4978 4977 4981
f 4977 4982 4981
f 4977 4980 4982
f 4979 4981 4982
f 4717 4979 4982
f 4714 4979 4717
f 4718 4983 4980
f 4718 4980 4716
f 4983 4719 4720
f 4982 4983 4720
f 4980 4983 4982
f 4982 4720 4717
f 4721 4983 4718
f 4983 4721 4719
f 4986 4985 4984
f 4987 4984 4985
f 4986 4984 4723
f 4724 4986 4723
f 4988 4986 4724
f 4726 4723 4984
f 4987 4726 4984
f 4989 4726 4987
f 4727 4988 4724
f 4727 4990 4988
f 4728 4726 4991
f 4726 4992 4991
f 4726 4989 4992
f 4991 4729 4728
f 4730 4990 4727
f 4730 4993 4990
f 4991 4992 4994
f 4994 4992 4995
f 4994 4731 4729
f 4994 4729 4991
f 4732 4993 4730
f 4732 4996 4993
f 4994 4995 4997
f 4997 4995 4998
f 4997 4733 4731
f 4997 4731 4994
f 4734 4996 4732
f 4734 4999 4996
f 4997 4998 5000
f 5000 4998 5001
f 5000 4735 4733
f 5000 4733 4997
f 4736 4999 4734
f 4736 5002 4999
f 5001 5003 5000
f 4735 5000 5003
f 5004 4735 5003
f 4737 4735 5004
f 4738 5002 4736
f 4738 5005 5002
f 5004 4739 4737
f 5006 4739 5004
f 4740 5005 4738
f 4740 5007 5005
f 5010 5009 5008
f 5006 5010 5008
f 4741 5006 5008
f 4739 5006 4741
f 5011 5007 4740
f 5011 4740 4742
f 4744 5008 5009
f 5011 4744 5009
f 4742 4744 5011
f 5008 4744 4741
f 5013 5012 4746
f 5013 4746 4747
f 4746 5014 4748
f 5012 5014 4746
f 4749 4748 5014
f 4749 5014 5015
f 4750 5013 4747
f 4750 5016 5013
f 5015 4752 4749
f 5017 4752 5015
f 4753 5016 4750
f 4753 5018 5016
f 4754 4752 5019
f 4752 5020 5019
f 4752 5017 5020
f 5019 4755 4754
f 4756 5018 4753
f 4756 5021 5018
f 5019 5020 4758
f 5020 4757 4758
f 5020 5022 4757
f 5019 4758 4755
f 4759 5021 4756
f 4759 5023 5021
f 5022 4760 4757
f 5024 4760 5022
f 4761 5023 4759
f 4761 5025 5023
f 5024 4762 4760
f 5026 4762 5024
f 4763 5025 4761
f 4763 5027 5025
f 5026 4764 4762
f 5028 4764 5026
f 4765 5027 4763
f 4765 5029 5027
f 5028 4766 4764
f 5030 4766 5028
f 4767 5029 4765
f 4767 5031 5029
f 5030 4768 4766
f 5032 4768 5030
f 4769 5031 4767
f 4769 5033 5031
f 5032 4770 4768
f 5034 4770 5032
f 4771 5033 4769
f 4771 5035 5033
f 5036 4773 4774
f 5037 5036 4774
f 4770 5037 4774
f 5034 5037 4770
f 4771 4775 5038
f 5039 4771 5038
f 5035 4771 5039
f 5040 5038 4775
f 5040 4775 4773
f 5041 5040 4773
f 5036 5041 4773
f 5041 5036 5037
f 5042 5039 5038
f 5045 5044 5043
f 5040 5042 5038
f 5046 5044 5045
f 5043 5044 5047
f 5043 5047 5048
f 5044 5046 5049
f 5044 5049 5047
f 5048 5047 4777
f 4778 5048 4777
f 5050 5048 4778
f 5052 5051 4779
f 5052 4779 4777
f 5049 5052 4777
f 5047 5049 4777
f 5053 5051 5052
f 5056 5055 5054
f 5057 5054 5055
f 4780 5050 4778
f 4780 5058 5050
f 5059 4781 5051
f 5051 4781 4779
f 5051 5053 5060
f 5051 5060 5059
f 5063 5062 5061
f 5061 5062 5056
f 5054 5061 5056
f 5064 5061 5054
f 5054 5057 5065
f 5054 5065 5064
f 5068 5067 5066
f 5069 4785 4784
f 5070 5066 5067
f 5069 4786 4785
f 4789 5071 4788
f 5072 4791 4788
f 5072 4788 5071
f 5072 4792 4791
f 4780 4793 5073
f 5074 4780 5073
f 5058 4780 5074
f 4781 5059 4793
f 5059 5073 4793
f 5059 5075 5073
f 5059 5060 5076
f 5059 5076 5075
f 5077 5063 5061
f 5077 5061 5064
f 5077 5064 5078
f 5078 5064 5065
f 5079 5068 5066
f 4784 4798 5069
f 5066 5070 5079
f 5069 4798 4786
f 4800 5080 5071
f 4800 5071 4789
f 5071 5081 5072
f 5071 5080 5081
f 5081 4801 4792
f 5081 4792 5072
f 5074 5073 4802
f 4803 5074 4802
f 5082 5074 4803
f 4802 5073 4804
f 5073 5083 4804
f 5073 5075 5083
f 5075 5076 5084
f 5075 5084 5083
f 4806 5085 4805
f 5085 4808 4805
f 5088 5087 5086
f 5090 5089 5086
f 5090 5086 5087
f 5091 5089 5090
f 5093 5092 5080
f 4800 5093 5080
f 4812 5093 4800
f 5095 5094 5092
f 5094 5080 5092
f 5094 5081 5080
f 5094 4814 4801
f 5094 4801 5081
f 4815 5082 4803
f 4815 5096 5082
f 5097 4816 5083
f 5083 4816 4804
f 5083 5084 5098
f 5083 5098 5097
f 4817 5085 4806
f 4808 5085 4817
f 4819 4820 5099
f 5099 4822 4819
f 5102 5101 5100
f 5100 5101 5088
f 5086 5100 5088
f 5103 5100 5086
f 5104 5086 5089
f 5103 5086 5104
f 5089 5091 5105
f 5106 5089 5105
f 5104 5089 5106
f 5107 5106 5105
f 5110 5109 5108
f 5111 5108 4825
f 5108 5093 4825
f 5093 4812 4825
f 5093 5108 5109
f 5095 5112 5094
f 5111 4825 4827
f 5112 5114 5113
f 5112 5113 4828
f 5094 5112 4828
f 4814 5094 4828
f 5113 4830 4828
f 4835 5096 4815
f 4835 5115 5096
f 5116 4837 5097
f 5097 4837 4816
f 5097 5098 5117
f 5097 5117 5116
f 4839 5118 4838
f 5099 4820 4838
f 5118 5099 4838
f 5119 5099 5118
f 5119 4841 4822
f 5119 4822 5099
f 5122 5121 5120
f 5120 5121 5102
f 5120 5102 5100
f 4844 5120 5100
f 4843 4844 5100
f 4843 5100 4845
f 4845 5100 5103
f 4845 5103 4846
f 4846 5103 5104
f 4846 5104 4847
f 4847 5104 5106
f 5124 5123 4848
f 5124 4848 4847
f 5107 5124 4847
f 5106 5107 4847
f 5123 5124 5110
f 5123 5110 5108
f 4850 5123 5108
f 4849 4850 5108
f 4849 5108 4851
f 4851 5108 5111
f 4851 5111 4827
f 5114 5125 5113
f 5113 5125 4830
f 5125 4852 4830
f 5125 5126 4852
f 5126 5128 5127
f 4853 5126 5127
f 4852 5126 4853
f 5127 4855 4853
f 4857 5129 4858
f 5130 4859 4858
f 5130 4858 5129
f 5130 4860 4859
f 4861 5115 4835
f 4861 5131 5115
f 5132 4863 5116
f 5116 4863 4837
f 5116 5117 5133
f 5116 5133 5132
f 4864 5134 5118
f 4864 5118 4839
f 5136 5119 5135
f 5119 5134 5135
f 5119 5118 5134
f 5136 5138 5137
f 5136 5137 4865
f 5119 5136 4865
f 4841 5119 4865
f 5137 4866 4865
f 5122 5120 5139
f 5122 5139 5140
f 4868 5139 4844
f 4844 5139 5120
f 5123 4869 4848
f 4869 5123 4850
f 5127 5128 4872
f 5128 4871 4872
f 5128 5141 4871
f 5127 4872 4855
f 5143 5142 5129
f 4857 5143 5129
f 4875 5143 4857
f 5145 5144 5142
f 5144 5129 5142
f 5144 5130 5129
f 5144 4877 4860
f 5144 4860 5130
f 4878 5131 4861
f 4878 5146 5131
f 5147 4880 5132
f 5132 4880 4863
f 5132 5133 5148
f 5132 5148 5147
f 4881 5149 5134
f 4881 5134 4864
f 5135 5134 5150
f 5150 5134 5149
f 5137 5138 5151
f 5151 5138 5152
f 5151 4882 4866
f 5151 4866 5137
f 5140 5139 5153
f 5140 5153 5154
f 4884 5153 4868
f 4868 5153 5139
f 5155 4885 4886
f 4887 5155 4886
f 5141 4889 4871
f 5156 4889 5141
f 4892 5143 4875
f 4892 5157 5143
f 5144 5145 4895
f 5145 4894 4895
f 5145 5158 4894
f 5144 4895 4877
f 4896 5146 4878
f 4896 5159 5146
f 5160 4898 5147
f 5147 4898 4880
f 5147 5148 5161
f 5147 5161 5160
f 5163 5162 5149
f 4881 5163 5149
f 4900 5163 4881
f 5149 5162 5150
f 5152 5164 5151
f 4882 5151 5164
f 5165 4882 5164
f 4901 4882 5165
f 5154 5153 5166
f 5154 5166 5167
f 4902 5166 4884
f 4884 5166 5153
f 5155 4903 4885
f 4903 5155 4887
f 5170 5169 5168
f 4905 4906 5168
f 4906 5170 5168
f 4906 5171 5170
f 4906 4889 5156
f 4906 5156 5171
f 5172 5157 4892
f 5172 4892 4908
f 4908 4894 5158
f 4908 5158 5172
f 4911 5159 4896
f 4911 5173 5159
f 5160 4912 4898
f 4913 4912 5160
f 5161 4913 5160
f 5174 4913 5161
f 4915 5175 4914
f 5175 5176 4914
f 5176 4900 4914
f 5176 5163 4900
f 5165 5177 4901
f 4901 5177 4916
f 4918 4916 5177
f 4918 5177 5178
f 5167 5166 4920
f 4919 5167 4920
f 5179 5167 4919
f 4920 5166 4902
f 5182 5181 5180
f 5180 5183 5182
f 5186 5185 5184
f 5186 5184 5169
f 5169 5184 5168
f 5184 4922 5168
f 4922 4923 5168
f 5168 4923 4905
f 4924 5173 4911
f 4924 5187 5173
f 5189 4925 5188
f 4925 5174 5188
f 4925 4913 5174
f 5188 5190 5175
f 4926 5188 5175
f 4915 4926 5175
f 5189 5188 4926
f 5175 5190 5176
f 4927 4918 5191
f 4918 5192 5191
f 4918 5178 5192
f 5191 5193 4927
f 5193 4919 4927
f 5193 5179 4919
f 5195 5194 4929
f 4929 5194 4928
f 4930 5180 5181
f 5195 4930 5181
f 4929 4930 5195
f 5197 5196 4932
f 4932 5196 4930
f 5196 5183 4930
f 5183 5180 4930
f 5196 5197 5185
f 5197 5184 5185
f 5197 5198 5184
f 5198 4933 4922
f 5198 4922 5184
f 4934 5187 4924
f 4934 5199 5187
f 5189 4935 4925
f 4935 5189 4926
f 5191 5192 5200
f 5200 5192 5201
f 5193 5191 5202
f 5202 5191 5200
f 5205 5204 5203
f 5194 5205 5203
f 4936 5194 5203
f 4928 5194 4936
f 4937 5197 4932
f 5197 4937 4938
f 5197 4938 5198
f 5198 4938 4933
f 4940 5199 4934
f 4940 5206 5199
f 5201 5207 5200
f 5200 5207 5202
f 5203 5204 4943
f 5204 4942 4943
f 5204 5208 4942
f 5203 4943 4936
f 5211 5210 5209
f 5210 5206 5209
f 5206 4945 5209
f 5206 4940 4945
f 5212 4947 4948
f 5212 4948 4949
f 5215 5214 5213
f 5213 5216 5215
f 5219 5218 5217
f 5217 5220 5219
f 5208 4950 4942
f 5221 4950 5208
f 4951 4952 5222
f 5209 5223 5211
f 5223 5209 5224
f 5209 4945 5224
f 4951 5222 5224
f 4951 5224 4945
f 5227 5226 5225
f 5228 5227 5212
f 5227 4953 5212
f 4953 4947 5212
f 5227 5225 4953
f 5228 5213 5214
f 5228 4954 5213
f 5228 5212 4949
f 4954 5228 4949
f 5230 5229 4955
f 4955 5229 4954
f 5229 5216 4954
f 5216 5213 4954
f 5232 5231 5230
f 5230 5231 5229
f 4957 4958 5232
f 4958 5231 5232
f 4958 5233 5231
f 5234 4958 4959
f 5234 5233 4958
f 4961 5217 5218
f 5234 4961 5218
f 4959 4961 5234
f 5236 5235 4963
f 4963 5235 4961
f 5235 5220 4961
f 5220 5217 4961
f 5238 5237 5236
f 5236 5237 5235
f 5240 5239 5238
f 5238 5239 5237
f 5242 5241 5240
f 5240 5241 5239
f 5221 5241 5242
f 4964 5221 5242
f 4950 5221 4964
f 4965 5222 4952
f 4965 4967 5222
f 4967 5224 5222
f 4967 5243 5224
f 5225 5226 4970
f 5226 4969 4970
f 5226 5244 4969
f 5225 4970 4953
f 4971 5230 4955
f 5230 4971 4972
f 5230 4972 5232
f 5232 4972 4957
f 4973 5236 4963
f 5236 4973 4974
f 5236 4974 5238
f 5238 4974 4975
f 5238 4975 5240
f 5240 4975 4976
f 5240 4976 5242
f 5242 4976 4964
f 4978 5243 4967
f 4978 5245 5243
f 5244 4979 4969
f 5246 4979 5244
f 5247 5245 4978
f 5247 4978 4981
f 4981 4979 5246
f 4981 5246 5247
f 5250 5249 5248
f 5251 5248 5249
f 5252 5250 5248
f 5252 5248 5251
f 5254 5253 4985
f 5254 4985 4986
f 4987 4985 5253
f 4987 5253 5255
f 4988 5254 4986
f 4988 5256 5254
f 5255 4989 4987
f 5257 4989 5255
f 4990 5256 4988
f 4990 5258 5256
f 5257 4992 4989
f 5259 4992 5257
f 4993 5258 4990
f 4993 5260 5258
f 5259 4995 4992
f 5261 4995 5259
f 4996 5260 4993
f 4996 5262 5260
f 5261 4998 4995
f 5263 4998 5261
f 4999 5262 4996
f 4999 5264 5262
f 5263 5001 4998
f 5265 5001 5263
f 5002 5264 4999
f 5002 5266 5264
f 5265 5267 5001
f 5001 5267 5003
f 5004 5003 5267
f 5004 5267 5268
f 5005 5266 5002
f 5005 5269 5266
f 5268 5006 5004
f 5270 5006 5268
f 5007 5272 5271
f 5269 5007 5271
f 5005 5007 5269
f 5009 5010 5272
f 5010 5271 5272
f 5010 5273 5271
f 5010 5006 5270
f 5010 5270 5273
f 5011 5272 5007
f 5272 5011 5009
f 5275 5274 5012
f 5275 5012 5013
f 5012 5276 5014
f 5274 5276 5012
f 5015 5014 5276
f 5015 5276 5277
f 5016 5275 5013
f 5016 5278 5275
f 5277 5017 5015
f 5279 5017 5277
f 5018 5278 5016
f 5018 5280 5278
f 5279 5020 5017
f 5281 5020 5279
f 5021 5280 5018
f 5021 5282 5280
f 5281 5022 5020
f 5283 5022 5281
f 5023 5282 5021
f 5023 5284 5282
f 5283 5024 5022
f 5285 5024 5283
f 5025 5284 5023
f 5025 5286 5284
f 5285 5026 5024
f 5287 5026 5285
f 5027 5286 5025
f 5027 5288 5286
f 5287 5028 5026
f 5289 5028 5287
f 5029 5288 5027
f 5029 5290 5288
f 5289 5030 5028
f 5291 5030 5289
f 5031 5290 5029
f 5031 5292 5290
f 5291 5032 5030
f 5293 5032 5291
f 5033 5292 5031
f 5033 5294 5292
f 5293 5034 5032
f 5295 5034 5293
f 5035 5294 5033
f 5035 5296 5294
f 5295 5037 5034
f 5297 5037 5295
f 5039 5296 5035
f 5039 5298 5296
f 5299 5040 5041
f 5300 5299 5041
f 5037 5300 5041
f 5297 5300 5037
f 5039 5042 5301
f 5302 5039 5301
f 5298 5039 5302
f 5042 5040 5301
f 5040 5299 5301
f 5045 5043 5301
f 5045 5301 5299
f 5046 5045 5299
f 5300 5046 5299
f 5303 5046 5300
f 5302 5301 5304
f 5302 5304 5305
f 5048 5304 5043
f 5043 5304 5301
f 5303 5049 5046
f 5306 5049 5303
f 5305 5304 5307
f 5305 5307 5308
f 5050 5307 5048
f 5048 5307 5304
f 5306 5309 5049
f 5049 5309 5052
f 5053 5052 5309
f 5053 5309 5310
f 5056 5311 5055
f 5311 5057 5055
f 5308 5307 5312
f 5308 5312 5313
f 5058 5312 5050
f 5050 5312 5307
f 5310 5060 5053
f 5314 5060 5310
f 5316 5315 5062
f 5316 5062 5063
f 5062 5315 5056
f 5315 5317 5056
f 5317 5311 5056
f 5317 5315 5318
f 5317 5065 5057
f 5317 5057 5311
f 5068 5319 5067
f 5319 5070 5067
f 5320 5313 5312
f 5312 5058 5320
f 5058 5321 5320
f 5058 5074 5321
f 5314 5076 5060
f 5322 5076 5314
f 5323 5316 5063
f 5323 5063 5077
f 5078 5317 5318
f 5323 5078 5318
f 5077 5078 5323
f 5317 5078 5065
f 5079 5319 5068
f 5319 5079 5070
f 5082 5321 5074
f 5082 5324 5321
f 5322 5084 5076
f 5325 5084 5322
f 5088 5326 5087
f 5327 5090 5087
f 5327 5087 5326
f 5327 5091 5090
f 5093 5328 5092
f 5328 5095 5092
f 5096 5324 5082
f 5096 5329 5324
f 5325 5098 5084
f 5330 5098 5325
f 5102 5331 5101
f 5326 5088 5101
f 5331 5326 5101
f 5332 5326 5331
f 5326 5333 5327
f 5326 5332 5333
f 5334 5105 5091
f 5327 5334 5091
f 5333 5334 5327
f 5334 5107 5105
f 5110 5335 5109
f 5328 5093 5109
f 5335 5328 5109
f 5336 5328 5335
f 5337 5112 5095
f 5328 5337 5095
f 5336 5337 5328
f 5337 5114 5112
f 5115 5329 5096
f 5115 5338 5329
f 5330 5117 5098
f 5339 5117 5330
f 5122 5340 5121
f 5340 5341 5121
f 5121 5341 5102
f 5341 5342 5102
f 5342 5331 5102
f 5331 5342 5332
f 5332 5342 5343
f 5332 5343 5333
f 5333 5343 5344
f 5333 5344 5334
f 5334 5344 5345
f 5345 5347 5346
f 5345 5346 5124
f 5334 5345 5124
f 5107 5334 5124
f 5346 5348 5124
f 5124 5348 5110
f 5348 5349 5110
f 5349 5335 5110
f 5335 5349 5336
f 5336 5349 5350
f 5336 5350 5337
f 5337 5350 5351
f 5337 5351 5114
f 5351 5125 5114
f 5351 5352 5125
f 5352 5354 5353
f 5126 5352 5353
f 5125 5352 5126
f 5353 5128 5126
f 5131 5338 5115
f 5131 5355 5338
f 5339 5133 5117
f 5356 5133 5339
f 5135 5357 5136
f 5357 5138 5136
f 5140 5358 5340
f 5140 5340 5122
f 5341 5340 5359
f 5340 5360 5359
f 5340 5358 5360
f 5360 5361 5359
f 5347 5362 5346
f 5346 5362 5348
f 5354 5363 5353
f 5128 5353 5363
f 5364 5128 5363
f 5141 5128 5364
f 5143 5365 5142
f 5365 5145 5142
f 5146 5355 5131
f 5146 5366 5355
f 5356 5148 5133
f 5367 5148 5356
f 5150 5368 5357
f 5150 5357 5135
f 5368 5152 5138
f 5368 5138 5357
f 5154 5369 5358
f 5154 5358 5140
f 5358 5370 5360
f 5358 5369 5370
f 5361 5360 5371
f 5371 5360 5370
f 5374 5373 5372
f 5372 5375 5374
f 5378 5377 5376
f 5364 5378 5376
f 5156 5364 5376
f 5141 5364 5156
f 5157 5379 5365
f 5157 5365 5143
f 5379 5158 5145
f 5379 5145 5365
f 5159 5366 5146
f 5159 5380 5366
f 5367 5161 5148
f 5381 5161 5367
f 5163 5382 5162
f 5368 5150 5162
f 5382 5368 5162
f 5383 5368 5382
f 5384 5164 5152
f 5368 5384 5152
f 5383 5384 5368
f 5384 5165 5164
f 5167 5385 5369
f 5167 5369 5154
f 5369 5386 5370
f 5369 5385 5386
f 5371 5370 5387
f 5387 5370 5386
f 5373 5388 5372
f 5372 5388 5375
f 5390 5389 5170
f 5170 5389 5169
f 5171 5376 5377
f 5390 5171 5377
f 5170 5171 5390
f 5376 5171 5156
f 5172 5379 5157
f 5379 5172 5158
f 5173 5380 5159
f 5173 5391 5380
f 5381 5174 5161
f 5392 5174 5381
f 5176 5393 5382
f 5176 5382 5163
f 5382 5394 5383
f 5382 5393 5394
f 5383 5395 5384
f 5383 5394 5395
f 5396 5177 5165
f 5384 5396 5165
f 5395 5396 5384
f 5396 5178 5177
f 5179 5397 5385
f 5179 5385 5167
f 5385 5398 5386
f 5385 5397 5398
f 5387 5386 5399
f 5399 5386 5398
f 5402 5401 5400
f 5181 5182 5400
f 5182 5402 5400
f 5182 5403 5402
f 5405 5404 5183
f 5404 5182 5183
f 5404 5403 5182
f 5185 5186 5405
f 5186 5404 5405
f 5186 5406 5404
f 5186 5169 5389
f 5186 5389 5406
f 5187 5391 5173
f 5187 5407 5391
f 5392 5408 5174
f 5174 5408 5188
f 5408 5410 5409
f 5190 5408 5409
f 5188 5408 5190
f 5409 5411 5190
f 5190 5411 5176
f 5411 5412 5176
f 5412 5393 5176
f 5393 5412 5394
f 5394 5412 5413
f 5415 5414 5413
f 5414 5394 5413
f 5414 5395 5394
f 5395 5416 5396
f 5395 5414 5416
f 5416 5192 5178
f 5416 5178 5396
f 5193 5417 5397
f 5193 5397 5179
f 5397 5418 5398
f 5397 5417 5418
f 5399 5398 5419
f 5419 5398 5418
f 5422 5421 5420
f 5422 5420 5401
f 5401 5420 5400
f 5420 5194 5400
f 5194 5195 5400
f 5400 5195 5181
f 5196 5405 5183
f 5405 5196 5185
f 5199 5407 5187
f 5199 5423 5407
f 5410 5424 5409
f 5409 5424 5411
f 5414 5415 5425
f 5425 5415 5426
f 5414 5427 5416
f 5414 5425 5427
f 5427 5201 5192
f 5427 5192 5416
f 5202 5428 5417
f 5202 5417 5193
f 5417 5429 5418
f 5417 5428 5429
f 5419 5418 5430
f 5418 5431 5430
f 5418 5429 5431
f 5433 5432 5431
f 5431 5432 5430
f 5432 5433 5421
f 5421 5433 5420
f 5433 5204 5420
f 5204 5205 5420
f 5420 5205 5194
f 5436 5435 5434
f 5435 5423 5434
f 5423 5206 5434
f 5423 5199 5206
f 5425 5426 5437
f 5437 5426 5438
f 5425 5439 5427
f 5425 5437 5439
f 5440 5207 5201
f 5427 5440 5201
f 5439 5440 5427
f 5428 5202 5207
f 5440 5428 5207
f 5441 5428 5440
f 5428 5442 5429
f 5428 5441 5442
f 5429 5443 5431
f 5429 5442 5443
f 5431 5444 5433
f 5431 5443 5444
f 5444 5208 5204
f 5444 5204 5433
f 5210 5211 5445
f 5434 5446 5436
f 5446 5434 5447
f 5434 5206 5447
f 5210 5445 5447
f 5210 5447 5206
f 5449 5448 5215
f 5215 5448 5214
f 5451 5450 5216
f 5450 5215 5216
f 5450 5449 5215
f 5453 5452 5451
f 5451 5452 5450
f 5452 5453 5438
f 5453 5437 5438
f 5453 5454 5437
f 5437 5455 5439
f 5437 5454 5455
f 5455 5218 5219
f 5440 5455 5219
f 5439 5455 5440
f 5440 5219 5220
f 5456 5440 5220
f 5441 5440 5456
f 5441 5457 5442
f 5441 5456 5457
f 5442 5458 5443
f 5442 5457 5458
f 5443 5459 5444
f 5443 5458 5459
f 5459 5221 5208
f 5459 5208 5444
f 5223 5445 5211
f 5223 5224 5445
f 5224 5447 5445
f 5224 5460 5447
f 5462 5461 5227
f 5227 5461 5226
f 5463 5227 5228
f 5463 5462 5227
f 5228 5214 5448
f 5228 5448 5463
f 5229 5451 5216
f 5451 5229 5231
f 5451 5231 5453
f 5453 5231 5233
f 5453 5233 5454
f 5454 5233 5234
f 5454 5234 5455
f 5455 5234 5218
f 5235 5456 5220
f 5456 5235 5237
f 5456 5237 5457
f 5457 5237 5239
f 5457 5239 5458
f 5458 5239 5241
f 5458 5241 5459
f 5459 5241 5221
f 5243 5460 5224
f 5243 5464 5460
f 5461 5244 5226
f 5465 5244 5461
f 5468 5467 5466
f 5467 5464 5466
f 5464 5245 5466
f 5464 5243 5245
f 5465 5246 5244
f 5469 5246 5465
f 5468 5466 5470
f 5468 5470 5471
f 5247 5472 5245
f 5472 5466 5245
f 5472 5470 5466
f 5473 5472 5247
f 5246 5473 5247
f 5469 5473 5246
f 5471 5470 5249
f 5250 5471 5249
f 5474 5471 5250
f 5249 5470 5251
f 5470 5475 5251
f 5470 5472 5475
f 5472 5473 5476
f 5472 5476 5475
f 5250 5252 5477
f 5478 5250 5477
f 5474 5250 5478
f 5479 5477 5252
f 5479 5252 5251
f 5480 5479 5251
f 5475 5480 5251
f 5480 5475 5476
f 5478 5477 5253
f 5254 5478 5253
f 5481 5478 5254
f 5483 5482 5255
f 5483 5255 5253
f 5479 5483 5253
f 5477 5479 5253
f 5484 5482 5483
f 5256 5481 5254
f 5256 5485 5481
f 5487 5486 5482
f 5486 5255 5482
f 5486 5257 5255
f 5487 5482 5484
f 5258 5485 5256
f 5258 5488 5485
f 5490 5259 5489
f 5259 5486 5489
f 5259 5257 5486
f 5491 5490 5489
f 5260 5488 5258
f 5260 5492 5488
f 5493 5261 5490
f 5490 5261 5259
f 5490 5491 5494
f 5490 5494 5493
f 5262 5492 5260
f 5262 5495 5492
f 5496 5263 5493
f 5493 5263 5261
f 5493 5494 5497
f 5493 5497 5496
f 5264 5495 5262
f 5264 5498 5495
f 5499 5265 5496
f 5496 5265 5263
f 5496 5497 5500
f 5496 5500 5499
f 5266 5498 5264
f 5266 5501 5498
f 5499 5267 5265
f 5268 5267 5499
f 5500 5268 5499
f 5502 5268 5500
f 5269 5501 5266
f 5269 5503 5501
f 5502 5270 5268
f 5504 5270 5502
f 5505 5503 5269
f 5505 5269 5271
f 5506 5271 5273
f 5506 5505 5271
f 5273 5270 5504
f 5273 5504 5506
f 5275 5507 5274
f 5508 5276 5274
f 5508 5274 5507
f 5508 5277 5276
f 5278 5509 5507
f 5278 5507 5275
f 5507 5510 5508
f 5507 5509 5510
f 5510 5279 5277
f 5510 5277 5508
f 5512 5511 5509
f 5278 5512 5509
f 5280 5512 5278
f 5509 5511 5510
f 5510 5511 5513
f 5279 5510 5513
f 5514 5279 5513
f 5281 5279 5514
f 5282 5512 5280
f 5282 5515 5512
f 5514 5283 5281
f 5516 5283 5514
f 5284 5515 5282
f 5284 5517 5515
f 5516 5285 5283
f 5518 5285 5516
f 5286 5517 5284
f 5286 5519 5517
f 5518 5287 5285
f 5520 5287 5518
f 5288 5519 5286
f 5288 5521 5519
f 5520 5289 5287
f 5522 5289 5520
f 5290 5521 5288
f 5290 5523 5521
f 5522 5291 5289
f 5524 5291 5522
f 5292 5523 5290
f 5292 5525 5523
f 5524 5293 5291
f 5526 5293 5524
f 5294 5525 5292
f 5294 5527 5525
f 5526 5295 5293
f 5528 5295 5526
f 5296 5527 5294
f 5296 5529 5527
f 5528 5297 5295
f 5530 5297 5528
f 5298 5529 5296
f 5298 5531 5529
f 5530 5300 5297
f 5532 5300 5530
f 5302 5531 5298
f 5302 5533 5531
f 5532 5303 5300
f 5534 5303 5532
f 5305 5533 5302
f 5305 5535 5533
f 5537 5306 5536
f 5306 5534 5536
f 5306 5303 5534
f 5538 5537 5536
f 5308 5535 5305
f 5308 5539 5535
f 5537 5309 5306
f 5310 5309 5537
f 5538 5310 5537
f 5540 5310 5538
f 5313 5539 5308
f 5313 5541 5539
f 5540 5314 5310
f 5542 5314 5540
f 5316 5543 5315
f 5543 5318 5315
f 5544 5541 5313
f 5544 5313 5320
f 5320 5321 5544
f 5544 5321 5545
f 5542 5322 5314
f 5546 5322 5542
f 5323 5543 5316
f 5543 5323 5318
f 5324 5545 5321
f 5324 5547 5545
f 5546 5325 5322
f 5548 5325 5546
f 5329 5547 5324
f 5329 5549 5547
f 5548 5330 5325
f 5550 5330 5548
f 5338 5549 5329
f 5338 5551 5549
f 5554 5553 5552
f 5550 5554 5552
f 5339 5550 5552
f 5330 5550 5339
f 5341 5555 5342
f 5556 5343 5342
f 5556 5342 5555
f 5557 5344 5343
f 5557 5343 5556
f 5558 5345 5344
f 5558 5344 5557
f 5558 5347 5345
f 5348 5559 5349
f 5560 5350 5349
f 5560 5349 5559
f 5561 5351 5350
f 5561 5350 5560
f 5562 5352 5351
f 5562 5351 5561
f 5562 5354 5352
f 5355 5551 5338
f 5355 5563 5551
f 5553 5564 5552
f 5339 5552 5564
f 5565 5339 5564
f 5356 5339 5565
f 5359 5555 5341
f 5555 5359 5361
f 5566 5555 5361
f 5556 5555 5566
f 5556 5567 5557
f 5556 5566 5567
f 5557 5568 5558
f 5557 5567 5568
f 5569 5362 5347
f 5558 5569 5347
f 5568 5569 5558
f 5559 5348 5362
f 5569 5559 5362
f 5570 5559 5569
f 5559 5571 5560
f 5559 5570 5571
f 5560 5572 5561
f 5560 5571 5572
f 5561 5573 5562
f 5561 5572 5573
f 5574 5363 5354
f 5562 5574 5354
f 5573 5574 5562
f 5574 5364 5363
f 5366 5563 5355
f 5366 5575 5563
f 5565 5367 5356
f 5576 5367 5565
f 5371 5577 5566
f 5371 5566 5361
f 5566 5578 5567
f 5566 5577 5578
f 5567 5579 5568
f 5567 5578 5579
f 5579 5373 5374
f 5569 5579 5374
f 5568 5579 5569
f 5569 5374 5375
f 5580 5569 5375
f 5570 5569 5580
f 5570 5581 5571
f 5570 5580 5581
f 5571 5582 5572
f 5571 5581 5582
f 5572 5583 5573
f 5572 5582 5583
f 5583 5377 5378
f 5574 5583 5378
f 5573 5583 5574
f 5574 5378 5364
f 5380 5575 5366
f 5380 5584 5575
f 5576 5381 5367
f 5585 5381 5576
f 5387 5586 5577
f 5387 5577 5371
f 5577 5587 5578
f 5577 5586 5587
f 5578 5588 5579
f 5578 5587 5588
f 5589 5388 5373
f 5579 5589 5373
f 5588 5589 5579
f 5580 5375 5388
f 5589 5580 5388
f 5590 5580 5589
f 5580 5591 5581
f 5580 5590 5591
f 5581 5592 5582
f 5581 5591 5592
f 5592 5389 5390
f 5583 5592 5390
f 5582 5592 5583
f 5583 5390 5377
f 5391 5584 5380
f 5391 5593 5584
f 5595 5392 5594
f 5392 5585 5594
f 5392 5381 5585
f 5596 5595 5594
f 5399 5597 5586
f 5399 5586 5387
f 5586 5598 5587
f 5586 5597 5598
f 5587 5599 5588
f 5587 5598 5599
f 5599 5401 5402
f 5589 5599 5402
f 5588 5599 5589
f 5589 5402 5403
f 5589 5403 5590
f 5590 5403 5404
f 5590 5404 5591
f 5591 5404 5406
f 5591 5406 5592
f 5592 5406 5389
f 5407 5593 5391
f 5407 5600 5593
f 5595 5408 5392
f 5410 5408 5595
f 5596 5410 5595
f 5601 5410 5596
f 5411 5602 5412
f 5603 5413 5412
f 5603 5412 5602
f 5603 5415 5413
f 5419 5604 5597
f 5419 5597 5399
f 5597 5605 5598
f 5597 5604 5605
f 5605 5421 5422
f 5599 5605 5422
f 5598 5605 5599
f 5599 5422 5401
f 5423 5600 5407
f 5423 5606 5600
f 5424 5410 5607
f 5410 5608 5607
f 5410 5601 5608
f 5602 5411 5424
f 5607 5602 5424
f 5609 5602 5607
f 5602 5610 5603
f 5602 5609 5610
f 5610 5426 5415
f 5610 5415 5603
f 5430 5604 5419
f 5604 5430 5432
f 5604 5432 5605
f 5605 5432 5421
f 5612 5611 5435
f 5612 5435 5436
f 5423 5435 5606
f 5606 5435 5611
f 5607 5608 5613
f 5613 5608 5614
f 5607 5615 5609
f 5607 5613 5615
f 5609 5616 5610
f 5609 5615 5616
f 5616 5438 5426
f 5616 5426 5610
f 5436 5446 5617
f 5618 5436 5617
f 5612 5436 5618
f 5447 5617 5446
f 5613 5614 5449
f 5614 5448 5449
f 5614 5619 5448
f 5613 5449 5450
f 5613 5450 5615
f 5615 5450 5452
f 5615 5452 5616
f 5616 5452 5438
f 5620 5618 5617
f 5617 5447 5620
f 5447 5621 5620
f 5447 5460 5621
f 5623 5622 5462
f 5462 5622 5461
f 5624 5462 5463
f 5624 5623 5462
f 5463 5448 5619
f 5463 5619 5624
f 5464 5621 5460
f 5464 5625 5621
f 5622 5465 5461
f 5626 5465 5622
f 5628 5627 5467
f 5628 5467 5468
f 5464 5467 5625
f 5625 5467 5627
f 5626 5469 5465
f 5629 5469 5626
f 5471 5628 5468
f 5471 5630 5628
f 5629 5473 5469
f 5631 5473 5629
f 5474 5630 5471
f 5474 5632 5630
f 5631 5476 5473
f 5633 5476 5631
f 5478 5632 5474
f 5478 5634 5632
f 5635 5479 5480
f 5636 5635 5480
f 5476 5636 5480
f 5633 5636 5476
f 5481 5634 5478
f 5481 5637 5634
f 5635 5483 5479
f 5484 5483 5635
f 5636 5484 5635
f 5638 5484 5636
f 5485 5637 5481
f 5485 5639 5637
f 5640 5486 5487
f 5641 5640 5487
f 5484 5641 5487
f 5638 5641 5484
f 5488 5639 5485
f 5488 5642 5639
f 5640 5489 5486
f 5491 5489 5640
f 5641 5491 5640
f 5643 5491 5641
f 5492 5642 5488
f 5492 5644 5642
f 5643 5494 5491
f 5645 5494 5643
f 5495 5644 5492
f 5495 5646 5644
f 5645 5497 5494
f 5647 5497 5645
f 5498 5646 5495
f 5498 5648 5646
f 5647 5500 5497
f 5649 5500 5647
f 5501 5648 5498
f 5501 5650 5648
f 5649 5502 5500
f 5651 5502 5649
f 5503 5650 5501
f 5503 5652 5650
f 5651 5504 5502
f 5653 5504 5651
f 5654 5652 5503
f 5654 5503 5505
f 5655 5505 5506
f 5655 5654 5505
f 5506 5504 5653
f 5506 5653 5655
f 5657 5656 5511
f 5657 5511 5512
f 5511 5658 5513
f 5656 5658 5511
f 5514 5513 5658
f 5514 5658 5659
f 5515 5657 5512
f 5515 5660 5657
f 5659 5516 5514
f 5661 5516 5659
f 5517 5660 5515
f 5517 5662 5660
f 5661 5518 5516
f 5663 5518 5661
f 5519 5662 5517
f 5519 5664 5662
f 5663 5520 5518
f 5665 5520 5663
f 5521 5664 5519
f 5521 5666 5664
f 5665 5522 5520
f 5667 5522 5665
f 5523 5666 5521
f 5523 5668 5666
f 5667 5524 5522
f 5669 5524 5667
f 5525 5668 5523
f 5525 5670 5668
f 5669 5526 5524
f 5671 5526 5669
f 5527 5670 5525
f 5527 5672 5670
f 5671 5528 5526
f 5673 5528 5671
f 5529 5672 5527
f 5529 5674 5672
f 5673 5530 5528
f 5675 5530 5673
f 5531 5674 5529
f 5531 5676 5674
f 5675 5532 5530
f 5677 5532 5675
f 5533 5676 5531
f 5533 5678 5676
f 5680 5534 5679
f 5534 5677 5679
f 5534 5532 5677
f 5681 5680 5679
f 5535 5678 5533
f 5535 5682 5678
f 5680 5536 5534
f 5538 5536 5680
f 5681 5538 5680
f 5683 5538 5681
f 5539 5682 5535
f 5539 5684 5682
f 5683 5540 5538
f 5685 5540 5683
f 5541 5684 5539
f 5541 5686 5684
f 5685 5542 5540
f 5687 5542 5685
f 5688 5686 5541
f 5688 5541 5544
f 5544 5545 5688
f 5688 5545 5689
f 5687 5546 5542
f 5690 5546 5687
f 5547 5689 5545
f 5547 5691 5689
f 5694 5693 5692
f 5690 5694 5692
f 5548 5690 5692
f 5546 5690 5548
f 5549 5691 5547
f 5549 5695 5691
f 5692 5693 5696
f 5696 5693 5697
f 5696 5550 5548
f 5696 5548 5692
f 5551 5695 5549
f 5551 5698 5695
f 5696 5697 5554
f 5697 5553 5554
f 5697 5699 5553
f 5696 5554 5550
f 5563 5698 5551
f 5563 5700 5698
f 5564 5553 5701
f 5553 5702 5701
f 5553 5699 5702
f 5701 5565 5564
f 5575 5700 5563
f 5575 5703 5700
f 5701 5702 5704
f 5704 5702 5705
f 5704 5576 5565
f 5704 5565 5701
f 5584 5703 5575
f 5584 5706 5703
f 5704 5705 5707
f 5707 5705 5708
f 5707 5585 5576
f 5707 5576 5704
f 5593 5706 5584
f 5593 5709 5706
f 5708 5710 5707
f 5710 5712 5711
f 5710 5711 5594
f 5707 5710 5594
f 5585 5707 5594
f 5711 5596 5594
f 5600 5709 5593
f 5600 5713 5709
f 5711 5712 5714
f 5714 5712 5715
f 5714 5601 5596
f 5714 5596 5711
f 5606 5713 5600
f 5606 5716 5713
f 5714 5715 5717
f 5717 5715 5718
f 5717 5608 5601
f 5717 5601 5714
f 5612 5719 5611
f 5719 5720 5611
f 5720 5606 5611
f 5720 5716 5606
f 5718 5721 5717
f 5608 5717 5721
f 5722 5608 5721
f 5614 5608 5722
f 5618 5723 5719
f 5618 5719 5612
f 5720 5719 5724
f 5724 5719 5723
f 5727 5726 5725
f 5722 5727 5725
f 5619 5722 5725
f 5614 5722 5619
f 5620 5723 5618
f 5620 5621 5723
f 5621 5724 5723
f 5621 5728 5724
f 5729 5622 5623
f 5726 5730 5725
f 5730 5623 5725
f 5623 5624 5725
f 5623 5730 5729
f 5725 5624 5619
f 5625 5728 5621
f 5625 5731 5728
f 5732 5626 5729
f 5729 5626 5622
f 5729 5730 5733
f 5729 5733 5732
f 5735 5734 5627
f 5735 5627 5628
f 5625 5627 5731
f 5731 5627 5734
f 5737 5736 5732
f 5736 5626 5732
f 5736 5629 5626
f 5737 5732 5733
f 5630 5735 5628
f 5630 5738 5735
f 5736 5631 5629
f 5739 5631 5736
f 5632 5738 5630
f 5632 5740 5738
f 5743 5742 5741
f 5739 5743 5741
f 5633 5739 5741
f 5631 5739 5633
f 5634 5740 5632
f 5634 5744 5740
f 5741 5742 5745
f 5745 5742 5746
f 5745 5636 5633
f 5745 5633 5741
f 5637 5744 5634
f 5637 5747 5744
f 5745 5746 5748
f 5748 5746 5749
f 5748 5638 5636
f 5748 5636 5745
f 5639 5747 5637
f 5639 5750 5747
f 5748 5749 5751
f 5751 5749 5752
f 5751 5641 5638
f 5751 5638 5748
f 5642 5750 5639
f 5642 5753 5750
f 5751 5752 5754
f 5754 5752 5755
f 5754 5643 5641
f 5754 5641 5751
f 5644 5753 5642
f 5644 5756 5753
f 5754 5755 5757
f 5757 5755 5758
f 5757 5645 5643
f 5757 5643 5754
f 5646 5756 5644
f 5646 5759 5756
f 5758 5760 5757
f 5645 5757 5760
f 5761 5645 5760
f 5647 5645 5761
f 5648 5759 5646
f 5648 5762 5759
f 5765 5764 5763
f 5761 5765 5763
f 5649 5761 5763
f 5647 5761 5649
f 5650 5762 5648
f 5650 5766 5762
f 5763 5764 5767
f 5767 5764 5768
f 5767 5651 5649
f 5767 5649 5763
f 5652 5770 5769
f 5766 5652 5769
f 5650 5652 5766
f 5769 5770 5768
f 5770 5767 5768
f 5770 5771 5767
f 5771 5653 5651
f 5771 5651 5767
f 5654 5770 5652
f 5770 5654 5655
f 5770 5655 5771
f 5771 5655 5653
f 5773 5772 5656
f 5773 5656 5657
f 5772 5775 5774
f 5658 5772 5774
f 5656 5772 5658
f 5774 5659 5658
f 5660 5773 5657
f 5660 5776 5773
f 5775 5777 5774
f 5659 5774 5777
f 5778 5659 5777
f 5661 5659 5778
f 5662 5776 5660
f 5662 5779 5776
f 5778 5663 5661
f 5780 5663 5778
f 5664 5779 5662
f 5664 5781 5779
f 5780 5665 5663
f 5782 5665 5780
f 5666 5781 5664
f 5666 5783 5781
f 5782 5667 5665
f 5784 5667 5782
f 5668 5783 5666
f 5668 5785 5783
f 5784 5669 5667
f 5786 5669 5784
f 5670 5785 5668
f 5670 5787 5785
f 5786 5671 5669
f 5788 5671 5786
f 5672 5787 5670
f 5672 5789 5787
f 5788 5673 5671
f 5790 5673 5788
f 5674 5789 5672
f 5674 5791 5789
f 5790 5675 5673
f 5792 5675 5790
f 5676 5791 5674
f 5676 5793 5791
f 5792 5677 5675
f 5794 5677 5792
f 5678 5793 5676
f 5678 5795 5793
f 5679 5677 5796
f 5677 5797 5796
f 5677 5794 5797
f 5796 5681 5679
f 5682 5795 5678
f 5682 5798 5795
f 5797 5799 5796
f 5681 5796 5799
f 5800 5681 5799
f 5683 5681 5800
f 5684 5798 5682
f 5684 5801 5798
f 5804 5803 5802
f 5800 5804 5802
f 5685 5800 5802
f 5683 5800 5685
f 5686 5801 5684
f 5686 5805 5801
f 5802 5803 5806
f 5806 5803 5807
f 5806 5687 5685
f 5806 5685 5802
f 5808 5805 5686
f 5808 5686 5688
f 5688 5689 5808
f 5808 5689 5809
f 5806 5807 5810
f 5810 5807 5811
f 5810 5690 5687
f 5810 5687 5806
f 5691 5809 5689
f 5691 5812 5809
f 5810 5811 5694
f 5811 5693 5694
f 5811 5813 5693
f 5810 5694 5690
f 5695 5812 5691
f 5695 5814 5812
f 5813 5697 5693
f 5815 5697 5813
f 5698 5817 5816
f 5814 5698 5816
f 5695 5698 5814
f 5815 5816 5817
f 5699 5815 5817
f 5697 5815 5699
f 5819 5818 5817
f 5698 5819 5817
f 5700 5819 5698
f 5699 5817 5818
f 5820 5699 5818
f 5702 5699 5820
f 5703 5819 5700
f 5703 5821 5819
f 5820 5705 5702
f 5822 5705 5820
f 5706 5824 5823
f 5821 5706 5823
f 5703 5706 5821
f 5822 5823 5824
f 5708 5822 5824
f 5705 5822 5708
f 5826 5825 5824
f 5706 5826 5824
f 5709 5826 5706
f 5825 5828 5827
f 5825 5827 5710
f 5824 5825 5710
f 5708 5824 5710
f 5827 5712 5710
f 5713 5826 5709
f 5713 5829 5826
f 5827 5828 5830
f 5830 5828 5831
f 5830 5715 5712
f 5830 5712 5827
f 5716 5829 5713
f 5716 5832 5829
f 5831 5833 5830
f 5715 5830 5833
f 5834 5715 5833
f 5718 5715 5834
f 5837 5836 5835
f 5836 5832 5835
f 5832 5720 5835
f 5832 5716 5720
f 5840 5839 5838
f 5838 5841 5721
f 5834 5838 5721
f 5718 5834 5721
f 5838 5834 5840
f 5841 5722 5721
f 5837 5835 5842
f 5837 5842 5843
f 5724 5842 5720
f 5720 5842 5835
f 5838 5839 5844
f 5844 5839 5845
f 5844 5726 5727
f 5841 5844 5727
f 5838 5844 5841
f 5841 5727 5722
f 5843 5842 5846
f 5843 5846 5847
f 5728 5846 5724
f 5724 5846 5842
f 5844 5845 5848
f 5848 5845 5849
f 5848 5730 5726
f 5848 5726 5844
f 5847 5846 5850
f 5847 5850 5851
f 5731 5850 5728
f 5728 5850 5846
f 5848 5849 5852
f 5852 5849 5853
f 5852 5733 5730
f 5852 5730 5848
f 5851 5850 5734
f 5735 5851 5734
f 5854 5851 5735
f 5734 5850 5731
f 5852 5853 5737
f 5853 5736 5737
f 5853 5855 5736
f 5852 5737 5733
f 5738 5854 5735
f 5738 5856 5854
f 5855 5739 5736
f 5857 5739 5855
f 5740 5856 5738
f 5740 5858 5856
f 5860 5859 5743
f 5743 5859 5742
f 5743 5739 5857
f 5743 5857 5860
f 5744 5862 5861
f 5858 5744 5861
f 5740 5744 5858
f 5859 5861 5862
f 5746 5859 5862
f 5742 5859 5746
f 5747 5863 5862
f 5747 5862 5744
f 5863 5749 5746
f 5863 5746 5862
f 5750 5864 5863
f 5750 5863 5747
f 5864 5752 5749
f 5864 5749 5863
f 5753 5865 5864
f 5753 5864 5750
f 5865 5755 5752
f 5865 5752 5864
f 5756 5866 5865
f 5756 5865 5753
f 5866 5758 5755
f 5866 5755 5865
f 5759 5867 5866
f 5759 5866 5756
f 5868 5760 5758
f 5866 5868 5758
f 5867 5868 5866
f 5868 5761 5760
f 5762 5869 5867
f 5762 5867 5759
f 5869 5764 5765
f 5868 5869 5765
f 5867 5869 5868
f 5868 5765 5761
f 5766 5870 5869
f 5766 5869 5762
f 5870 5768 5764
f 5870 5764 5869
f 5769 5870 5766
f 5870 5769 5768
f 5773 5871 5772
f 5871 5775 5772
f 5873 5872 5871
f 5773 5873 5871
f 5776 5873 5773
f 5872 5875 5874
f 5872 5874 5777
f 5871 5872 5777
f 5775 5871 5777
f 5874 5778 5777
f 5779 5873 5776
f 5779 5876 5873
f 5874 5875 5877
f 5877 5875 5878
f 5877 5780 5778
f 5877 5778 5874
f 5781 5876 5779
f 5781 5879 5876
f 5877 5878 5880
f 5880 5878 5881
f 5880 5782 5780
f 5880 5780 5877
f 5783 5879 5781
f 5783 5882 5879
f 5880 5881 5883
f 5883 5881 5884
f 5883 5784 5782
f 5883 5782 5880
f 5785 5882 5783
f 5785 5885 5882
f 5884 5886 5883
f 5784 5883 5886
f 5887 5784 5886
f 5786 5784 5887
f 5787 5885 5785
f 5787 5888 5885
f 5891 5890 5889
f 5887 5891 5889
f 5788 5887 5889
f 5786 5887 5788
f 5789 5888 5787
f 5789 5892 5888
f 5889 5890 5893
f 5893 5890 5894
f 5893 5790 5788
f 5893 5788 5889
f 5791 5892 5789
f 5791 5895 5892
f 5893 5894 5896
f 5896 5894 5897
f 5896 5792 5790
f 5896 5790 5893
f 5793 5895 5791
f 5793 5898 5895
f 5897 5899 5896
f 5792 5896 5899
f 5900 5792 5899
f 5794 5792 5900
f 5795 5898 5793
f 5795 5901 5898
f 5900 5797 5794
f 5902 5797 5900
f 5798 5901 5795
f 5798 5903 5901
f 5799 5797 5904
f 5797 5905 5904
f 5797 5902 5905
f 5904 5800 5799
f 5801 5903 5798
f 5801 5906 5903
f 5904 5905 5804
f 5905 5803 5804
f 5905 5907 5803
f 5904 5804 5800
f 5805 5906 5801
f 5805 5908 5906
f 5907 5807 5803
f 5909 5807 5907
f 5805 5808 5910
f 5911 5805 5910
f 5908 5805 5911
f 5910 5808 5809
f 5914 5913 5912
f 5909 5914 5912
f 5811 5909 5912
f 5807 5909 5811
f 5911 5910 5915
f 5911 5915 5916
f 5918 5915 5917
f 5913 5918 5917
f 5912 5913 5917
f 5919 5912 5917
f 5812 5919 5917
f 5809 5812 5917
f 5910 5809 5917
f 5915 5910 5917
f 5919 5813 5811
f 5919 5811 5912
f 5920 5916 5915
f 5915 5918 5920
f 5921 5812 5814
f 5812 5921 5919
f 5921 5815 5813
f 5921 5813 5919
f 5816 5921 5814
f 5921 5816 5815
f 5819 5922 5818
f 5922 5820 5818
f 5924 5923 5922
f 5819 5924 5922
f 5821 5924 5819
f 5820 5922 5923
f 5925 5820 5923
f 5822 5820 5925
f 5821 5823 5926
f 5927 5821 5926
f 5924 5821 5927
f 5928 5926 5823
f 5822 5928 5823
f 5925 5928 5822
f 5927 5926 5825
f 5826 5927 5825
f 5929 5927 5826
f 5828 5825 5926
f 5928 5828 5926
f 5930 5828 5928
f 5829 5929 5826
f 5829 5931 5929
f 5930 5831 5828
f 5932 5831 5930
f 5935 5934 5933
f 5934 5931 5933
f 5931 5832 5933
f 5931 5829 5832
f 5833 5831 5936
f 5831 5937 5936
f 5831 5932 5937
f 5936 5834 5833
f 5935 5933 5836
f 5837 5935 5836
f 5938 5935 5837
f 5836 5933 5832
f 5936 5937 5840
f 5937 5839 5840
f 5937 5939 5839
f 5936 5840 5834
f 5843 5938 5837
f 5843 5940 5938
f 5939 5845 5839
f 5941 5845 5939
f 5847 5940 5843
f 5847 5942 5940
f 5941 5849 5845
f 5943 5849 5941
f 5851 5942 5847
f 5851 5944 5942
f 5943 5853 5849
f 5945 5853 5943
f 5854 5944 5851
f 5854 5946 5944
f 5945 5855 5853
f 5947 5855 5945
f 5856 5946 5854
f 5856 5948 5946
f 5947 5857 5855
f 5949 5857 5947
f 5858 5948 5856
f 5858 5950 5948
f 5952 5951 5860
f 5860 5951 5859
f 5860 5857 5949
f 5860 5949 5952
f 5953 5950 5858
f 5953 5858 5861
f 5861 5859 5951
f 5861 5951 5953
f 5873 5954 5872
f 5954 5875 5872
f 5876 5955 5954
f 5876 5954 5873
f 5955 5878 5875
f 5955 5875 5954
f 5879 5956 5955
f 5879 5955 5876
f 5956 5881 5878
f 5956 5878 5955
f 5882 5957 5956
f 5882 5956 5879
f 5957 5884 5881
f 5957 5881 5956
f 5959 5958 5957
f 5882 5959 5957
f 5885 5959 5882
f 5958 5961 5960
f 5958 5960 5886
f 5957 5958 5886
f 5884 5957 5886
f 5960 5887 5886
f 5888 5963 5962
f 5959 5888 5962
f 5885 5888 5959
f 5962 5963 5961
f 5961 5963 5960
f 5963 5890 5960
f 5890 5891 5960
f 5960 5891 5887
f 5965 5964 5963
f 5888 5965 5963
f 5892 5965 5888
f 5890 5963 5964
f 5966 5890 5964
f 5894 5890 5966
f 5895 5965 5892
f 5895 5967 5965
f 5966 5897 5894
f 5968 5897 5966
f 5898 5967 5895
f 5898 5969 5967
f 5968 5970 5897
f 5897 5970 5899
f 5900 5899 5970
f 5900 5970 5971
f 5901 5969 5898
f 5901 5972 5969
f 5971 5902 5900
f 5973 5902 5971
f 5903 5972 5901
f 5903 5974 5972
f 5973 5905 5902
f 5975 5905 5973
f 5906 5974 5903
f 5906 5976 5974
f 5975 5907 5905
f 5977 5907 5975
f 5908 5976 5906
f 5908 5978 5976
f 5981 5980 5979
f 5977 5981 5979
f 5909 5977 5979
f 5907 5977 5909
f 5911 5978 5908
f 5911 5982 5978
f 5979 5980 5914
f 5980 5913 5914
f 5980 5983 5913
f 5979 5914 5909
f 5916 5982 5911
f 5916 5984 5982
f 5983 5918 5913
f 5985 5918 5983
f 5916 5920 5986
f 5987 5916 5986
f 5984 5916 5987
f 5988 5986 5920
f 5918 5988 5920
f 5985 5988 5918
f 5989 5987 5986
f 5989 5986 5988
f 5991 5990 5923
f 5991 5923 5924
f 5925 5923 5990
f 5925 5990 5992
f 5995 5994 5993
f 5994 5991 5993
f 5991 5927 5993
f 5991 5924 5927
f 5992 5928 5925
f 5996 5928 5992
f 5997 5995 5993
f 5927 5929 5993
f 5929 5998 5993
f 5998 5997 5993
f 5998 5929 5999
f 5996 5998 5999
f 5930 5996 5999
f 5928 5996 5930
f 6002 6001 6000
f 6001 6003 5999
f 5931 6001 5999
f 5929 5931 5999
f 6000 6001 5931
f 5930 5999 6003
f 6004 5930 6003
f 5932 5930 6004
f 6002 6000 5934
f 5935 6002 5934
f 6005 6002 5935
f 5934 6000 5931
f 6004 5937 5932
f 6006 5937 6004
f 5938 6005 5935
f 5938 6007 6005
f 6006 5939 5937
f 6008 5939 6006
f 5940 6007 5938
f 5940 6009 6007
f 6008 5941 5939
f 6010 5941 6008
f 5942 6009 5940
f 5942 6011 6009
f 6010 5943 5941
f 6012 5943 6010
f 5944 6011 5942
f 5944 6013 6011
f 6012 5945 5943
f 6014 5945 6012
f 5946 6013 5944
f 5946 6015 6013
f 6014 5947 5945
f 6016 5947 6014
f 5948 6015 5946
f 5948 6017 6015
f 6020 6019 6018
f 6016 6020 6018
f 5949 6016 6018
f 5947 6016 5949
f 5950 6017 5948
f 5950 6021 6017
f 6018 6019 5952
f 6019 5951 5952
f 6019 6022 5951
f 6018 5952 5949
f 6023 6021 5950
f 6023 5950 5953
f 5953 5951 6022
f 5953 6022 6023
f 5959 6024 5958
f 6024 5961 5958
f 5962 6024 5959
f 6024 5962 5961
f 6026 6025 5964
f 6026 5964 5965
f 5966 5964 6025
f 5966 6025 6027
f 5967 6026 5965
f 5967 6028 6026
f 6027 5968 5966
f 6029 5968 6027
f 5969 6028 5967
f 5969 6030 6028
f 5970 5968 6031
f 5968 6032 6031
f 5968 6029 6032
f 6031 5971 5970
f 5972 6030 5969
f 5972 6033 6030
f 6031 6032 6034
f 6034 6032 6035
f 6034 5973 5971
f 6034 5971 6031
f 5974 6033 5972
f 5974 6036 6033
f 6034 6035 6037
f 6037 6035 6038
f 6037 5975 5973
f 6037 5973 6034
f 5976 6036 5974
f 5976 6039 6036
f 6037 6038 6040
f 6040 6038 6041
f 6040 5977 5975
f 6040 5975 6037
f 5978 6039 5976
f 5978 6042 6039
f 6040 6041 5981
f 6041 5980 5981
f 6041 6043 5980
f 6040 5981 5977
f 5982 6045 6044
f 6042 5982 6044
f 5978 5982 6042
f 6043 6044 6045
f 5983 6043 6045
f 5980 6043 5983
f 5984 6046 6045
f 5984 6045 5982
f 6046 5985 5983
f 6046 5983 6045
f 6048 6047 6046
f 5984 6048 6046
f 5987 6048 5984
f 5985 6046 6047
f 6049 5985 6047
f 5988 5985 6049
f 5987 5989 6050
f 6051 5987 6050
f 6048 5987 6051
f 6052 6050 5989
f 5988 6052 5989
f 6049 6052 5988
f 6053 6051 6050
f 6053 6050 6052
f 5991 6054 5990
f 6054 5992 5990
f 5995 6055 5994
f 6054 5991 5994
f 6055 6054 5994
f 6056 6054 6055
f 6056 5996 5992
f 6056 5992 6054
f 5997 6055 5995
f 6055 5997 5998
f 6055 5998 6056
f 6056 5998 5996
f 6002 6057 6001
f 6058 6003 6001
f 6058 6001 6057
f 6058 6004 6003
f 6005 6059 6057
f 6005 6057 6002
f 6057 6060 6058
f 6057 6059 6060
f 6060 6006 6004
f 6060 6004 6058
f 6062 6061 6059
f 6005 6062 6059
f 6007 6062 6005
f 6059 6061 6060
f 6060 6061 6063
f 6006 6060 6063
f 6064 6006 6063
f 6008 6006 6064
f 6009 6062 6007
f 6009 6065 6062
f 6064 6010 6008
f 6066 6010 6064
f 6011 6065 6009
f 6011 6067 6065
f 6066 6012 6010
f 6068 6012 6066
f 6013 6067 6011
f 6013 6069 6067
f 6068 6014 6012
f 6070 6014 6068
f 6015 6069 6013
f 6015 6071 6069
f 6074 6073 6072
f 6070 6074 6072
f 6016 6070 6072
f 6014 6070 6016
f 6017 6071 6015
f 6017 6075 6071
f 6072 6073 6020
f 6073 6019 6020
f 6073 6076 6019
f 6072 6020 6016
f 6021 6075 6017
f 6021 6077 6075
f 6076 6022 6019
f 6078 6022 6076
f 6021 6023 6079
f 6080 6021 6079
f 6077 6021 6080
f 6081 6079 6023
f 6022 6081 6023
f 6078 6081 6022
f 6082 6080 6079
f 6082 6079 6081
f 6084 6083 6025
f 6084 6025 6026
f 6027 6025 6083
f 6027 6083 6085
f 6028 6084 6026
f 6028 6086 6084
f 6085 6029 6027
f 6087 6029 6085
f 6030 6086 6028
f 6030 6088 6086
f 6087 6032 6029
f 6089 6032 6087
f 6033 6088 6030
f 6033 6090 6088
f 6089 6035 6032
f 6091 6035 6089
f 6036 6090 6033
f 6036 6092 6090
f 6091 6038 6035
f 6093 6038 6091
f 6039 6092 6036
f 6039 6094 6092
f 6093 6041 6038
f 6095 6041 6093
f 6042 6094 6039
f 6042 6096 6094
f 6095 6043 6041
f 6097 6043 6095
f 6098 6096 6042
f 6098 6042 6044
f 6044 6043 6097
f 6044 6097 6098
f 6100 6099 6047
f 6100 6047 6048
f 6049 6047 6099
f 6049 6099 6101
f 6051 6100 6048
f 6051 6102 6100
f 6101 6052 6049
f 6103 6052 6101
f 6104 6102 6051
f 6104 6051 6053
f 6053 6052 6103
f 6053 6103 6104
f 6106 6105 6061
f 6106 6061 6062
f 6105 6108 6107
f 6063 6105 6107
f 6061 6105 6063
f 6107 6064 6063
f 6065 6106 6062
f 6065 6109 6106
f 6107 6108 6110
f 6110 6108 6111
f 6110 6066 6064
f 6110 6064 6107
f 6067 6109 6065
f 6067 6112 6109
f 6111 6113 6110
f 6066 6110 6113
f 6114 6066 6113
f 6068 6066 6114
f 6069 6112 6067
f 6069 6115 6112
f 6114 6070 6068
f 6116 6070 6114
f 6071 6115 6069
f 6071 6117 6115
f 6119 6118 6074
f 6074 6118 6073
f 6074 6070 6116
f 6074 6116 6119
f 6075 6117 6071
f 6075 6120 6117
f 6118 6076 6073
f 6121 6076 6118
f 6077 6120 6075
f 6077 6122 6120
f 6121 6078 6076
f 6123 6078 6121
f 6080 6122 6077
f 6080 6124 6122
f 6123 6081 6078
f 6125 6081 6123
f 6126 6124 6080
f 6126 6080 6082
f 6082 6081 6125
f 6082 6125 6126
f 6084 6127 6083
f 6127 6085 6083
f 6129 6128 6127
f 6084 6129 6127
f 6086 6129 6084
f 6085 6127 6128
f 6130 6085 6128
f 6087 6085 6130
f 6088 6129 6086
f 6088 6131 6129
f 6130 6089 6087
f 6132 6089 6130
f 6090 6131 6088
f 6090 6133 6131
f 6132 6091 6089
f 6134 6091 6132
f 6092 6133 6090
f 6092 6135 6133
f 6134 6093 6091
f 6136 6093 6134
f 6094 6138 6137
f 6135 6094 6137
f 6092 6094 6135
f 6136 6137 6138
f 6095 6136 6138
f 6093 6136 6095
f 6096 6139 6138
f 6096 6138 6094
f 6139 6097 6095
f 6139 6095 6138
f 6098 6139 6096
f 6139 6098 6097
f 6141 6140 6099
f 6141 6099 6100
f 6101 6099 6140
f 6101 6140 6142
f 6102 6144 6143
f 6141 6102 6143
f 6100 6102 6141
f 6142 6143 6144
f 6103 6142 6144
f 6101 6142 6103
f 6104 6144 6102
f 6144 6104 6103
f 6106 6145 6105
f 6145 6108 6105
f 6147 6146 6145
f 6106 6147 6145
f 6109 6147 6106
f 6108 6145 6146
f 6148 6108 6146
f 6111 6108 6148
f 6112 6147 6109
f 6112 6149 6147
f 6113 6111 6150
f 6111 6151 6150
f 6111 6148 6151
f 6150 6114 6113
f 6115 6149 6112
f 6115 6152 6149
f 6150 6151 6153
f 6153 6151 6154
f 6153 6116 6114
f 6153 6114 6150
f 6117 6152 6115
f 6117 6155 6152
f 6153 6154 6119
f 6154 6118 6119
f 6154 6156 6118
f 6153 6119 6116
f 6120 6158 6157
f 6155 6120 6157
f 6117 6120 6155
f 6156 6157 6158
f 6121 6156 6158
f 6118 6156 6121
f 6122 6159 6158
f 6122 6158 6120
f 6159 6123 6121
f 6159 6121 6158
f 6124 6160 6159
f 6124 6159 6122
f 6160 6125 6123
f 6160 6123 6159
f 6126 6160 6124
f 6160 6126 6125
f 6129 6161 6128
f 6161 6130 6128
f 6131 6162 6161
f 6131 6161 6129
f 6162 6132 6130
f 6162 6130 6161
f 6133 6163 6162
f 6133 6162 6131
f 6163 6134 6132
f 6163 6132 6162
f 6135 6164 6163
f 6135 6163 6133
f 6164 6136 6134
f 6164 6134 6163
f 6137 6164 6135
f 6164 6137 6136
f 6141 6165 6140
f 6165 6142 6140
f 6143 6165 6141
f 6165 6143 6142
f 6147 6166 6146
f 6166 6148 6146
f 6149 6167 6166
f 6149 6166 6147
f 6167 6151 6148
f 6167 6148 6166
f 6152 6168 6167
f 6152 6167 6149
f 6168 6154 6151
f 6168 6151 6167
f 6155 6169 6168
f 6155 6168 6152
f 6169 6156 6154
f 6169 6154 6168
f 6157 6169 6155
f 6169 6157 6156

