# https://github.com/mikedh/trimesh
v 10.86597919 1.00000000 13.00000000
v 11.00000000 0.69513804 13.00000000
v 11.00000000 1.00000000 12.42145729
v 10.74294186 1.00000000 14.00000000
v 11.00000000 0.54975796 14.00000000
v 10.64617825 1.00000000 15.00000000
v 11.00000000 0.49801537 15.00000000
v 10.60300922 1.00000000 16.00000000
v 11.00000000 0.41909081 16.00000000
v 10.64894199 1.00000000 17.00000000
v 11.00000000 0.46737909 17.00000000
v 10.71643162 1.00000000 18.00000000
v 11.00000000 0.50191355 18.00000000
v 10.69768620 1.00000000 19.00000000
v 11.00000000 0.44695213 19.00000000
v 10.62955189 1.00000000 20.00000000
v 11.00000000 0.34335423 20.00000000
v 10.66104698 1.00000000 21.00000000
v 11.00000000 0.45313051 21.00000000
v 10.62955761 1.00000000 22.00000000
v 11.00000000 0.44696927 22.00000000
v 10.71842670 1.00000000 23.00000000
v 11.00000000 0.42907855 23.00000000
v 10.50398922 1.00000000 24.00000000
v 11.00000000 0.24860455 24.00000000
v 10.51841831 1.00000000 25.00000000
v 11.00000000 0.21449792 25.00000000
v 10.63692474 1.00000000 26.00000000
v 11.00000000 0.21273601 26.00000000
v 10.60653496 1.00000000 27.00000000
v 11.00000000 0.19299519 27.00000000
v 10.50568390 1.00000000 28.00000000
v 11.00000000 0.08212896 28.00000000
v 10.51121330 1.00000000 29.00000000
v 11.00000000 0.13450646 29.00000000
v 10.55299473 1.00000000 30.00000000
v 11.00000000 0.17572576 30.00000000
v 10.70761681 1.00000000 31.00000000
v 11.00000000 0.32630786 31.00000000
v 10.65092182 1.00000000 32.00000000
v 11.00000000 0.29493165 32.00000000
v 10.74731636 1.00000000 33.00000000
v 11.00000000 0.45591837 33.00000000
v 10.84236145 1.00000000 34.00000000
v 11.00000000 0.56689149 34.00000000
v 10.87108135 1.00000000 35.00000000
v 11.00000000 0.62356371 35.00000000
v 10.73425198 1.00000000 36.00000000
v 11.00000000 0.38969165 36.00000000
v 10.75215816 1.00000000 37.00000000
v 11.00000000 0.45675525 37.00000000
v 10.79672813 1.00000000 38.00000000
v 11.00000000 0.52561057 38.00000000
v 10.92118263 1.00000000 39.00000000
v 11.00000000 0.76404017 39.00000000
v 10.88131618 1.00000000 40.00000000
v 11.00000000 0.68059808 40.00000000
v 11.00000000 1.00000000 40.90301514
v 10.83515644 2.00000000 13.00000000
v 11.00000000 2.00000000 12.44994926
v 10.70302582 2.00000000 14.00000000
v 10.55680656 2.00000000 15.00000000
v 10.53006268 2.00000000 16.00000000
v 10.58339977 2.00000000 17.00000000
v 10.66446018 2.00000000 18.00000000
v 10.63902283 2.00000000 19.00000000
v 10.66075325 2.00000000 20.00000000
v 10.61962605 2.00000000 21.00000000
v 10.60755825 2.00000000 22.00000000
v 10.57056904 2.00000000 23.00000000
v 10.41870785 2.00000000 24.00000000
v 10.45114422 2.00000000 25.00000000
v 10.58611202 2.00000000 26.00000000
v 10.54248905 2.00000000 27.00000000
v 10.56171894 2.00000000 28.00000000
v 10.49461365 2.00000000 29.00000000
v 10.55380440 2.00000000 30.00000000
v 10.59755707 2.00000000 31.00000000
v 10.60665798 2.00000000 32.00000000
v 10.68653965 2.00000000 33.00000000
v 10.82311916 2.00000000 34.00000000
v 10.76892757 2.00000000 35.00000000
v 10.71857357 2.00000000 36.00000000
v 10.71609402 2.00000000 37.00000000
v 10.79728222 2.00000000 38.00000000
v 10.88773346 2.00000000 39.00000000
v 10.96045971 2.00000000 40.00000000
v 11.00000000 2.00000000 40.73586655
v 11.00000000 2.69849944 13.00000000
v 11.00000000 3.00000000 13.64516449
v 10.95134068 3.00000000 14.00000000
v 10.77102375 3.00000000 15.00000000
v 10.82366562 3.00000000 16.00000000
v 10.88078403 3.00000000 17.00000000
v 11.00000000 3.00000000 17.94936943
v 11.00000000 2.98497009 18.00000000
v 11.00000000 3.00000000 18.11942101
v 10.95475388 3.00000000 19.00000000
v 10.97869682 3.00000000 20.00000000
v 10.92286015 3.00000000 21.00000000
v 10.95257950 3.00000000 22.00000000
v 10.84263229 3.00000000 23.00000000
v 10.70124054 3.00000000 24.00000000
v 10.75233364 3.00000000 25.00000000
v 10.93327045 3.00000000 26.00000000
v 10.90869236 3.00000000 27.00000000
v 10.89259148 3.00000000 28.00000000
v 10.81342888 3.00000000 29.00000000
v 10.81352806 3.00000000 30.00000000
v 10.84080029 3.00000000 31.00000000
v 10.85285950 3.00000000 32.00000000
v 10.98063946 3.00000000 33.00000000
v 11.00000000 3.00000000 33.16710663
v 11.00000000 2.72050142 34.00000000
v 11.00000000 2.99883699 35.00000000
v 11.00000000 3.00000000 35.00479126
v 10.91665268 3.00000000 36.00000000
v 10.92015648 3.00000000 37.00000000
v 10.99724579 3.00000000 38.00000000
v 11.00000000 3.00000000 38.04057693
v 11.00000000 2.66592216 39.00000000
v 11.00000000 2.26415920 40.00000000
v 10.99862480 4.00000000 14.00000000
v 11.00000000 4.00000000 13.99041939
v 10.87825775 4.00000000 15.00000000
v 10.88498974 4.00000000 16.00000000
v 11.00000000 4.00000000 16.96772957
v 11.00000000 3.96193480 17.00000000
v 11.00000000 4.00000000 17.32391739
v 10.99146271 4.00000000 18.00000000
v 11.00000000 3.39235234 18.00000000
v 10.98536873 4.00000000 19.00000000
v 10.96846199 4.00000000 20.00000000
v 10.97447491 4.00000000 21.00000000
v 11.00000000 4.00000000 21.87367821
v 11.00000000 3.91797233 22.00000000
v 11.00000000 4.00000000 22.06769562
v 10.95849609 4.00000000 23.00000000
v 10.81460762 4.00000000 24.00000000
v 10.85685349 4.00000000 25.00000000
v 11.00000000 4.00000000 25.59078217
v 11.00000000 3.40529823 26.00000000
v 11.00000000 3.65660548 27.00000000
v 11.00000000 3.69974041 28.00000000
v 11.00000000 4.00000000 28.49639702
v 10.95647240 4.00000000 29.00000000
v 10.90563011 4.00000000 30.00000000
v 10.92706490 4.00000000 31.00000000
v 10.96536255 4.00000000 32.00000000
v 11.00000000 4.00000000 32.25186157
v 11.00000000 3.13847709 33.00000000
v 10.97657299 4.00000000 36.00000000
v 11.00000000 4.00000000 35.69590378
v 11.00000000 4.00000000 36.52529526
v 11.00000000 3.77956533 37.00000000
v 11.00000000 3.02816987 38.00000000
v 11.00000000 4.00854731 14.00000000
v 11.00000000 5.00000000 14.91285324
v 10.98607540 5.00000000 15.00000000
v 11.00000000 5.00000000 15.15454674
v 11.00000000 4.53359842 16.00000000
v 11.00000000 4.05617046 18.00000000
v 11.00000000 4.10882568 19.00000000
v 11.00000000 4.23195076 20.00000000
v 11.00000000 4.18735218 21.00000000
v 11.00000000 4.61921597 23.00000000
v 11.00000000 5.00000000 23.58460999
v 10.98437309 5.00000000 24.00000000
v 10.97359371 5.00000000 25.00000000
v 11.00000000 5.00000000 25.19590569
v 11.00000000 4.22398663 29.00000000
v 11.00000000 4.80593777 30.00000000
v 11.00000000 4.97673035 31.00000000
v 11.00000000 4.29639626 32.00000000
v 11.00000000 4.18733740 36.00000000
v 11.00000000 5.06685448 15.00000000
v 11.00000000 5.08276558 24.00000000
v 11.00000000 5.12136459 25.00000000
v 10.94769955 7.00000000 24.00000000
v 11.00000000 6.75734806 24.00000000
v 11.00000000 7.00000000 23.48058319
v 10.97642803 7.00000000 25.00000000
v 11.00000000 6.87856579 25.00000000
v 11.00000000 7.00000000 25.71982765
v 11.00000000 7.89687681 24.00000000
v 11.00000000 7.72507572 25.00000000
v 10.99046516 9.00000000 24.00000000
v 11.00000000 8.38405323 24.00000000
v 11.00000000 9.00000000 23.89345360
v 11.00000000 9.00000000 24.20517159
v 10.96057701 9.00000000 30.00000000
v 11.00000000 8.69355202 30.00000000
v 11.00000000 9.00000000 29.56578064
v 10.92780399 9.00000000 31.00000000
v 11.00000000 8.32472134 31.00000000
v 11.00000000 9.00000000 31.66580963
v 11.00000000 9.09712410 24.00000000
v 10.86318111 10.00000000 30.00000000
v 11.00000000 10.00000000 29.13314247
v 10.96023846 10.00000000 31.00000000
v 11.00000000 10.00000000 31.44244385
v 10.96693707 11.00000000 26.00000000
v 11.00000000 10.54549217 26.00000000
v 11.00000000 11.00000000 25.32249069
v 10.99315739 11.00000000 27.00000000
v 11.00000000 10.82648849 27.00000000
v 10.95732117 11.00000000 28.00000000
v 11.00000000 10.47537327 28.00000000
v 10.94111729 11.00000000 29.00000000
v 11.00000000 10.28478432 29.00000000
v 10.87409687 11.00000000 30.00000000
v 10.92983818 11.00000000 31.00000000
v 11.00000000 11.00000000 31.53624535
v 10.94839382 12.00000000 26.00000000
v 11.00000000 12.00000000 25.07109261
v 10.99351311 12.00000000 27.00000000
v 10.94399357 12.00000000 28.00000000
v 10.89869785 12.00000000 29.00000000
v 10.85802364 12.00000000 30.00000000
v 10.91355801 12.00000000 31.00000000
v 11.00000000 12.00000000 31.81815147
v 10.98529053 13.00000000 26.00000000
v 11.00000000 13.00000000 25.45408821
v 10.97171307 13.00000000 27.00000000
v 10.99578571 13.00000000 28.00000000
v 10.96629906 13.00000000 29.00000000
v 10.94220924 13.00000000 30.00000000
v 10.94038773 13.00000000 31.00000000
v 11.00000000 13.00000000 31.75304985
v 10.99430656 14.00000000 18.00000000
v 11.00000000 13.93976498 18.00000000
v 11.00000000 14.00000000 17.45048523
v 10.96160221 14.00000000 19.00000000
v 11.00000000 13.62336349 19.00000000
v 11.00000000 14.00000000 19.69994164
v 10.99488163 14.00000000 24.00000000
v 11.00000000 13.86686516 24.00000000
v 11.00000000 14.00000000 23.91841507
v 11.00000000 14.00000000 24.44754791
v 11.00000000 13.97707844 26.00000000
v 11.00000000 13.54243183 27.00000000
v 11.00000000 14.00000000 27.58958626
v 10.98374939 14.00000000 28.00000000
v 10.98444366 14.00000000 29.00000000
v 11.00000000 14.00000000 29.58149338
v 11.00000000 13.83231449 30.00000000
v 11.00000000 14.00000000 30.33534241
v 10.98125553 14.00000000 31.00000000
v 11.00000000 14.00000000 31.55165863
v 10.96074963 15.00000000 18.00000000
v 11.00000000 15.00000000 17.50306129
v 10.87863731 15.00000000 19.00000000
v 11.00000000 14.27905178 20.00000000
v 10.95584106 15.00000000 20.00000000
v 11.00000000 15.00000000 20.70477867
v 10.98154640 15.00000000 22.00000000
v 11.00000000 14.81015015 22.00000000
v 11.00000000 15.00000000 21.52365685
v 10.98954964 15.00000000 23.00000000
v 11.00000000 14.84391975 23.00000000
v 10.90551186 15.00000000 24.00000000
v 11.00000000 14.18442249 25.00000000
v 10.97338772 15.00000000 25.00000000
v 10.94042778 15.00000000 26.00000000
v 11.00000000 14.00510788 26.00000000
v 10.97945213 15.00000000 27.00000000
v 11.00000000 14.53168869 27.00000000
v 11.00000000 15.00000000 27.75060654
v 11.00000000 14.70402050 28.00000000
v 11.00000000 15.00000000 28.37957954
v 10.98856449 15.00000000 29.00000000
v 11.00000000 15.00000000 29.29499817
v 11.00000000 14.33218765 31.00000000
v 11.00000000 15.00000000 31.56965256
v 10.97245789 15.00000000 32.00000000
v 11.00000000 14.34858990 32.00000000
v 11.00000000 15.00000000 32.32925797
v 10.97837734 16.00000000 17.00000000
v 11.00000000 15.66765022 17.00000000
v 11.00000000 16.00000000 16.70157433
v 10.92481518 16.00000000 18.00000000
v 10.85348225 16.00000000 19.00000000
v 10.94293785 16.00000000 20.00000000
v 11.00000000 16.00000000 20.96082115
v 10.96921825 16.00000000 22.00000000
v 11.00000000 16.00000000 21.07638741
v 10.96591949 16.00000000 23.00000000
v 10.90601635 16.00000000 24.00000000
v 10.94571495 16.00000000 25.00000000
v 10.95958996 16.00000000 26.00000000
v 10.96706963 16.00000000 27.00000000
v 11.00000000 16.00000000 27.77696800
v 11.00000000 15.85657215 29.00000000
v 10.99129772 16.00000000 32.00000000
v 11.00000000 16.00000000 31.71024323
v 11.00000000 16.00000000 32.20265961
v 10.99508858 17.00000000 17.00000000
v 11.00000000 17.00000000 16.92524529
v 10.92066479 17.00000000 18.00000000
v 10.83722305 17.00000000 19.00000000
v 10.85553169 17.00000000 20.00000000
v 11.00000000 16.02514458 21.00000000
v 10.90427971 17.00000000 21.00000000
v 10.87921047 17.00000000 22.00000000
v 10.91525269 17.00000000 23.00000000
v 10.86825562 17.00000000 24.00000000
v 10.92418671 17.00000000 25.00000000
v 10.91536617 17.00000000 26.00000000
v 10.91162395 17.00000000 27.00000000
v 11.00000000 16.10763550 28.00000000
v 10.92652321 17.00000000 28.00000000
v 10.93178940 17.00000000 29.00000000
v 11.00000000 16.02561569 29.00000000
v 10.94074249 17.00000000 30.00000000
v 11.00000000 16.11760902 30.00000000
v 10.93675900 17.00000000 31.00000000
v 11.00000000 16.22182655 31.00000000
v 10.88973904 17.00000000 32.00000000
v 11.00000000 16.49536705 33.00000000
v 10.96654701 17.00000000 33.00000000
v 11.00000000 17.00000000 33.37319565
v 11.00000000 17.06753922 17.00000000
v 11.00000000 17.84380341 18.00000000
v 11.00000000 18.00000000 18.12855911
v 10.91443443 18.00000000 19.00000000
v 10.90016460 18.00000000 20.00000000
v 10.93492889 18.00000000 21.00000000
v 10.91532993 18.00000000 22.00000000
v 10.97445011 18.00000000 23.00000000
v 10.90741348 18.00000000 24.00000000
v 10.89153004 18.00000000 25.00000000
v 10.89437580 18.00000000 26.00000000
v 10.95800781 18.00000000 27.00000000
v 10.98179531 18.00000000 28.00000000
v 11.00000000 18.00000000 28.95640755
v 11.00000000 17.98756027 29.00000000
v 11.00000000 18.00000000 29.01269150
v 10.93753624 18.00000000 30.00000000
v 10.91655827 18.00000000 31.00000000
v 10.87646580 18.00000000 32.00000000
v 10.90321350 18.00000000 33.00000000
v 11.00000000 18.00000000 33.76435089
v 10.87769413 19.00000000 11.00000000
v 11.00000000 18.48532104 11.00000000
v 11.00000000 19.00000000 10.00723648
v 10.92528057 19.00000000 12.00000000
v 11.00000000 18.60038376 12.00000000
v 11.00000000 19.00000000 12.30806732
v 10.95605278 19.00000000 16.00000000
v 11.00000000 18.63625526 16.00000000
v 11.00000000 19.00000000 15.25607204
v 10.88831234 19.00000000 17.00000000
v 11.00000000 18.33229256 17.00000000
v 10.93612671 19.00000000 18.00000000
v 11.00000000 18.19328117 18.00000000
v 10.89536190 19.00000000 19.00000000
v 10.85164356 19.00000000 20.00000000
v 10.94205093 19.00000000 21.00000000
v 10.96328259 19.00000000 22.00000000
v 10.98280239 19.00000000 23.00000000
v 10.92469978 19.00000000 24.00000000
v 10.87788010 19.00000000 25.00000000
v 10.88661194 19.00000000 26.00000000
v 10.95380402 19.00000000 27.00000000
v 10.96431065 19.00000000 28.00000000
v 11.00000000 19.00000000 28.83740807
v 10.94624138 19.00000000 30.00000000
v 11.00000000 19.00000000 29.11387444
v 10.94890022 19.00000000 31.00000000
v 10.90695190 19.00000000 32.00000000
v 10.90239429 19.00000000 33.00000000
v 11.00000000 19.00000000 33.61738586
v 10.91902447 20.00000000 10.00000000
v 11.00000000 19.00994301 10.00000000
v 11.00000000 20.00000000 9.71914673
v 10.83409405 20.00000000 11.00000000
v 10.92176723 20.00000000 12.00000000
v 11.00000000 20.00000000 12.30735683
v 10.98624706 20.00000000 15.00000000
v 11.00000000 19.53127098 15.00000000
v 11.00000000 20.00000000 14.93381500
v 10.91606045 20.00000000 16.00000000
v 10.88341618 20.00000000 17.00000000
v 10.93343163 20.00000000 18.00000000
v 10.93354416 20.00000000 19.00000000
v 10.87171555 20.00000000 20.00000000
v 10.94080448 20.00000000 21.00000000
v 10.94087505 20.00000000 22.00000000
v 10.98412800 20.00000000 23.00000000
v 10.92831230 20.00000000 24.00000000
v 10.89538002 20.00000000 25.00000000
v 10.86450863 20.00000000 26.00000000
v 10.94246292 20.00000000 27.00000000
v 10.95455647 20.00000000 28.00000000
v 11.00000000 19.41988945 29.00000000
v 10.99065399 20.00000000 29.00000000
v 10.94186401 20.00000000 30.00000000
v 10.92819977 20.00000000 31.00000000
v 10.89836502 20.00000000 32.00000000
v 10.93782425 20.00000000 33.00000000
v 11.00000000 20.00000000 33.58558273
v 10.77628422 21.00000000 10.00000000
v 11.00000000 21.00000000 9.37281513
v 10.79968262 21.00000000 11.00000000
v 10.89859104 21.00000000 12.00000000
v 11.00000000 21.00000000 12.32707405
v 11.00000000 20.26102066 15.00000000
v 11.00000000 21.00000000 15.46359730
v 10.96034622 21.00000000 16.00000000
v 10.91490650 21.00000000 17.00000000
v 10.97585106 21.00000000 18.00000000
v 10.93729877 21.00000000 19.00000000
v 10.91632080 21.00000000 20.00000000
v 10.95712852 21.00000000 21.00000000
v 11.00000000 21.00000000 21.79483986
v 11.00000000 20.83484650 22.00000000
v 11.00000000 20.44878769 23.00000000
v 11.00000000 21.00000000 23.48758698
v 10.98107624 21.00000000 24.00000000
v 10.95228767 21.00000000 25.00000000
v 10.92108917 21.00000000 26.00000000
v 10.97932625 21.00000000 27.00000000
v 10.98404884 21.00000000 28.00000000
v 11.00000000 21.00000000 28.15889931
v 11.00000000 20.10958672 29.00000000
v 11.00000000 20.66600227 30.00000000
v 11.00000000 21.00000000 30.73554039
v 10.99065208 21.00000000 31.00000000
v 10.99386787 21.00000000 32.00000000
v 10.98801517 21.00000000 33.00000000
v 11.00000000 21.00000000 33.09692001
v 10.87397289 22.00000000 10.00000000
v 11.00000000 22.00000000 9.61548138
v 10.90844154 22.00000000 11.00000000
v 11.00000000 22.00000000 11.75805283
v 11.00000000 21.75592232 12.00000000
v 10.95266342 22.00000000 16.00000000
v 11.00000000 22.00000000 15.37929058
v 10.89955139 22.00000000 17.00000000
v 10.96497726 22.00000000 18.00000000
v 10.91158676 22.00000000 19.00000000
v 10.86354256 22.00000000 20.00000000
v 10.90643883 22.00000000 21.00000000
v 11.00000000 21.37926292 22.00000000
v 10.98268318 22.00000000 22.00000000
v 11.00000000 22.00000000 22.17066002
v 11.00000000 21.46870041 24.00000000
v 11.00000000 22.00000000 24.32627296
v 10.96043015 22.00000000 25.00000000
v 10.88307381 22.00000000 26.00000000
v 10.88280487 22.00000000 27.00000000
v 10.93653011 22.00000000 28.00000000
v 11.00000000 22.00000000 28.91611862
v 11.00000000 21.60715294 31.00000000
v 11.00000000 21.69715500 32.00000000
v 11.00000000 22.00000000 32.16903687
v 10.98835564 22.00000000 33.00000000
v 11.00000000 22.00000000 33.12868500
v 11.00000000 22.76398087 10.00000000
v 11.00000000 22.88431931 11.00000000
v 11.00000000 22.65495872 16.00000000
v 11.00000000 22.89887619 17.00000000
v 11.00000000 22.35554123 18.00000000
v 11.00000000 23.00000000 18.73960876
v 10.97789192 23.00000000 19.00000000
v 10.93800163 23.00000000 20.00000000
v 10.93399239 23.00000000 21.00000000
v 10.99246311 23.00000000 22.00000000
v 11.00000000 23.00000000 22.07755089
v 11.00000000 22.45262337 25.00000000
v 11.00000000 23.00000000 25.82221413
v 10.98844433 23.00000000 26.00000000
v 10.93176460 23.00000000 27.00000000
v 10.92958641 23.00000000 28.00000000
v 11.00000000 23.00000000 28.91345215
v 10.98949814 23.00000000 31.00000000
v 11.00000000 22.37605476 31.00000000
v 11.00000000 23.00000000 30.79222107
v 10.94580555 23.00000000 32.00000000
v 11.00000000 22.04201317 32.00000000
v 10.97708321 23.00000000 33.00000000
v 11.00000000 23.00000000 33.78218842
v 10.98788834 24.00000000 19.00000000
v 11.00000000 24.00000000 18.79263878
v 10.98528767 24.00000000 20.00000000
v 10.99188519 24.00000000 21.00000000
v 11.00000000 24.00000000 21.11086464
v 11.00000000 23.10378265 22.00000000
v 11.00000000 23.26030540 26.00000000
v 11.00000000 24.00000000 26.64153671
v 10.98138237 24.00000000 27.00000000
v 10.96440220 24.00000000 28.00000000
v 11.00000000 24.00000000 28.59936905
v 10.97489166 24.00000000 31.00000000
v 11.00000000 24.00000000 30.63206100
v 10.99059010 24.00000000 32.00000000
v 10.98603535 24.00000000 33.00000000
v 11.00000000 24.00000000 33.37666702
v 10.95397663 25.00000000 16.00000000
v 11.00000000 24.59382629 16.00000000
v 11.00000000 25.00000000 15.54423523
v 10.99917507 25.00000000 17.00000000
v 11.00000000 24.97784424 17.00000000
v 11.00000000 25.00000000 17.02156067
v 10.94058132 25.00000000 19.00000000
v 11.00000000 25.00000000 18.35485077
v 10.91602421 25.00000000 20.00000000
v 10.95296955 25.00000000 21.00000000
v 11.00000000 25.00000000 21.90130997
v 10.94763184 25.00000000 27.00000000
v 11.00000000 25.00000000 26.02132988
v 10.93142414 25.00000000 28.00000000
v 11.00000000 24.43699837 29.00000000
v 10.96755123 25.00000000 29.00000000
v 10.97836399 25.00000000 30.00000000
v 11.00000000 24.70354080 30.00000000
v 10.95825386 25.00000000 31.00000000
v 10.95938587 25.00000000 32.00000000
v 11.00000000 25.00000000 32.66247177
v 11.00000000 24.41470528 33.00000000
v 11.00000000 25.67305183 16.00000000
v 11.00000000 25.03215790 17.00000000
v 11.00000000 25.92938423 19.00000000
v 11.00000000 26.00000000 19.16238022
v 10.97515583 26.00000000 20.00000000
v 10.99588490 26.00000000 21.00000000
v 11.00000000 26.00000000 21.16479301
v 10.99546432 26.00000000 26.00000000
v 11.00000000 25.20786285 26.00000000
v 11.00000000 26.00000000 25.89106941
v 10.94823170 26.00000000 27.00000000
v 10.91729355 26.00000000 28.00000000
v 11.00000000 26.00000000 28.84762955
v 11.00000000 25.67659378 29.00000000
v 11.00000000 26.00000000 29.67596054
v 10.99253178 26.00000000 30.00000000
v 11.00000000 26.00000000 30.16578674
v 11.00000000 25.55185509 31.00000000
v 11.00000000 25.61090279 32.00000000
v 10.94871998 27.00000000 16.00000000
v 11.00000000 26.30867958 16.00000000
v 11.00000000 27.00000000 15.24482155
v 10.97790146 27.00000000 17.00000000
v 11.00000000 26.54277420 17.00000000
v 11.00000000 27.00000000 17.24180794
v 10.98034477 27.00000000 20.00000000
v 11.00000000 27.00000000 19.35097504
v 11.00000000 27.00000000 20.84102249
v 11.00000000 26.54506302 21.00000000
v 11.00000000 27.00000000 21.76069260
v 10.99877548 27.00000000 22.00000000
v 11.00000000 26.95074463 22.00000000
v 11.00000000 27.00000000 22.01363564
v 10.97557354 27.00000000 26.00000000
v 11.00000000 27.00000000 25.28619957
v 10.91064072 27.00000000 27.00000000
v 10.86133862 27.00000000 28.00000000
v 11.00000000 27.00000000 28.91100311
v 11.00000000 26.14068794 30.00000000
v 10.98213673 28.00000000 11.00000000
v 11.00000000 27.82997894 11.00000000
v 11.00000000 28.00000000 10.83818150
v 11.00000000 28.00000000 11.26411247
v 10.92715073 28.00000000 16.00000000
v 11.00000000 28.00000000 15.12361908
v 10.96309471 28.00000000 17.00000000
v 11.00000000 28.00000000 17.58023834
v 10.99644661 28.00000000 19.00000000
v 11.00000000 27.74961853 19.00000000
v 11.00000000 28.00000000 18.88643837
v 10.97389793 28.00000000 20.00000000
v 11.00000000 27.08149529 21.00000000
v 10.95701694 28.00000000 21.00000000
v 10.89493942 28.00000000 22.00000000
v 11.00000000 28.00000000 22.97783470
v 10.99613857 28.00000000 24.00000000
v 11.00000000 27.94778061 24.00000000
v 11.00000000 28.00000000 23.36769676
v 10.98553848 28.00000000 25.00000000
v 11.00000000 27.38890648 25.00000000
v 10.93196583 28.00000000 26.00000000
v 10.92148590 28.00000000 27.00000000
v 10.86347103 28.00000000 28.00000000
v 11.00000000 27.85203934 29.00000000
v 10.99734306 28.00000000 29.00000000
v 11.00000000 28.00000000 29.15701103
v 11.00000000 28.20057106 11.00000000
v 10.93381214 29.00000000 16.00000000
v 11.00000000 29.00000000 15.21789360
v 10.94035625 29.00000000 17.00000000
v 11.00000000 29.00000000 17.89241409
v 10.98452091 29.00000000 19.00000000
v 11.00000000 29.00000000 18.31604958
v 11.00000000 29.00000000 19.77796936
v 11.00000000 28.83995438 20.00000000
v 11.00000000 28.70571899 21.00000000
v 11.00000000 29.00000000 21.30888748
v 10.95405006 29.00000000 22.00000000
v 11.00000000 29.00000000 22.48693085
v 10.99051762 29.00000000 24.00000000
v 11.00000000 29.00000000 23.83078003
v 10.97417927 29.00000000 25.00000000
v 10.99151897 29.00000000 26.00000000
v 10.98013687 29.00000000 27.00000000
v 10.94871140 29.00000000 28.00000000
v 11.00000000 29.00000000 28.62016678
v 11.00000000 28.07781982 29.00000000
v 10.90973949 30.00000000 16.00000000
v 11.00000000 30.00000000 15.27334690
v 10.95654297 30.00000000 17.00000000
v 11.00000000 29.37998962 18.00000000
v 10.98730850 30.00000000 18.00000000
v 10.97575951 30.00000000 19.00000000
v 11.00000000 29.34067917 20.00000000
v 10.99105835 30.00000000 20.00000000
v 10.97645855 30.00000000 21.00000000
v 11.00000000 29.43625450 21.00000000
v 10.96745491 30.00000000 22.00000000
v 11.00000000 30.00000000 22.43862724
v 10.93196964 30.00000000 24.00000000
v 11.00000000 30.00000000 23.37666321
v 10.93708897 30.00000000 25.00000000
v 10.98156166 30.00000000 26.00000000
v 10.98129177 30.00000000 27.00000000
v 10.94777393 30.00000000 28.00000000
v 11.00000000 29.95579720 29.00000000
v 10.99856186 30.00000000 29.00000000
v 11.00000000 30.00000000 29.02277565
v 10.98794651 31.00000000 15.00000000
v 11.00000000 30.75729752 15.00000000
v 11.00000000 31.00000000 14.15130711
v 10.88761711 31.00000000 16.00000000
v 10.94338512 31.00000000 17.00000000
v 10.99562550 31.00000000 18.00000000
v 10.97705173 31.00000000 19.00000000
v 11.00000000 31.00000000 19.30915642
v 11.00000000 30.15006828 20.00000000
v 11.00000000 30.50410271 21.00000000
v 11.00000000 31.00000000 21.52570915
v 10.97457886 31.00000000 22.00000000
v 11.00000000 31.00000000 22.37749863
v 10.90133095 31.00000000 24.00000000
v 11.00000000 31.00000000 23.27125168
v 11.00000000 31.00000000 24.88398361
v 11.00000000 30.82690048 25.00000000
v 11.00000000 30.19399452 26.00000000
v 11.00000000 30.23111534 27.00000000
v 11.00000000 30.53759575 28.00000000
v 11.00000000 30.01378250 29.00000000
v 10.97726631 32.00000000 14.00000000
v 11.00000000 31.07103729 14.00000000
v 11.00000000 32.00000000 13.73598862
v 10.93636894 32.00000000 15.00000000
v 10.85407734 32.00000000 16.00000000
v 10.90351772 32.00000000 17.00000000
v 10.95394516 32.00000000 18.00000000
v 10.97795582 32.00000000 19.00000000
v 11.00000000 32.00000000 19.29991150
v 10.99721718 32.00000000 22.00000000
v 11.00000000 32.00000000 21.94232559
v 11.00000000 32.00000000 22.04574966
v 10.93996906 32.00000000 24.00000000
v 11.00000000 32.00000000 23.48348045
v 11.00000000 32.00000000 24.90958977
v 11.00000000 32.78866196 14.00000000
v 11.00000000 33.00000000 14.06756973
v 10.90407372 33.00000000 15.00000000
v 10.86612415 33.00000000 16.00000000
v 10.91103172 33.00000000 17.00000000
v 10.95748138 33.00000000 18.00000000
v 10.96670151 33.00000000 19.00000000
v 11.00000000 32.84231567 20.00000000
v 10.99047279 33.00000000 20.00000000
v 11.00000000 33.00000000 20.48970604
v 10.95627403 33.00000000 22.00000000
v 11.00000000 33.00000000 21.21098709
v 11.00000000 32.84924316 23.00000000
v 10.99017525 33.00000000 23.00000000
v 10.96423435 33.00000000 24.00000000
v 11.00000000 33.00000000 24.38109779
v 10.94095802 34.00000000 15.00000000
v 11.00000000 34.00000000 14.48166847
v 10.95031834 34.00000000 16.00000000
v 10.96531773 34.00000000 17.00000000
v 11.00000000 34.00000000 17.72327232
v 11.00000000 33.76454926 18.00000000
v 11.00000000 33.37641525 19.00000000
v 11.00000000 33.13445282 20.00000000
v 10.95817280 34.00000000 22.00000000
v 11.00000000 34.00000000 21.60326195
v 10.96367073 34.00000000 23.00000000
v 11.00000000 34.00000000 23.94403076
v 11.00000000 33.93896484 24.00000000
v 11.00000000 34.61255264 15.00000000
v 11.00000000 34.43895721 16.00000000
v 11.00000000 35.00000000 16.82654953
v 10.98603725 35.00000000 17.00000000
v 11.00000000 35.00000000 17.36175728
v 11.00000000 34.40449524 22.00000000
v 11.00000000 34.42555237 23.00000000
v 10.95489502 36.00000000 17.00000000
v 11.00000000 36.00000000 16.39150429
v 11.00000000 35.65032959 18.00000000
v 10.98846722 36.00000000 18.00000000
v 11.00000000 36.00000000 18.17783356
v 10.96939278 36.00000000 22.00000000
v 11.00000000 35.68505096 22.00000000
v 11.00000000 36.00000000 21.80875778
v 10.95220184 36.00000000 23.00000000
v 11.00000000 35.54062653 23.00000000
v 11.00000000 36.00000000 23.59342957
v 11.00000000 36.59212875 17.00000000
v 11.00000000 36.14324951 18.00000000
v 11.00000000 36.39289474 22.00000000
v 11.00000000 36.56985092 23.00000000
v 10.99236774 42.00000000 14.00000000
v 11.00000000 41.94686127 14.00000000
v 11.00000000 42.00000000 13.92583752
v 10.96674728 42.00000000 15.00000000
v 11.00000000 41.53659439 15.00000000
v 11.00000000 42.00000000 15.65129375
v 10.99889469 42.00000000 27.00000000
v 11.00000000 41.99061584 27.00000000
v 11.00000000 42.00000000 26.88116455
v 10.96107960 42.00000000 28.00000000
v 11.00000000 41.76725388 28.00000000
v 10.90883923 42.00000000 29.00000000
v 11.00000000 41.44852066 29.00000000
v 10.92846298 42.00000000 30.00000000
v 11.00000000 41.61429214 30.00000000
v 11.00000000 42.00000000 30.43969345
v 11.00000000 42.07814026 14.00000000
v 11.00000000 43.00000000 14.93531990
v 10.99255657 43.00000000 15.00000000
v 11.00000000 43.00000000 15.69963264
v 10.96116734 43.00000000 24.00000000
v 11.00000000 42.75210190 24.00000000
v 11.00000000 43.00000000 23.52783775
v 10.85380173 43.00000000 25.00000000
v 11.00000000 42.16790009 25.00000000
v 10.82395363 43.00000000 26.00000000
v 11.00000000 42.04965210 26.00000000
v 10.84519577 43.00000000 27.00000000
v 10.85182667 43.00000000 28.00000000
v 10.75482559 43.00000000 29.00000000
v 10.80747890 43.00000000 30.00000000
v 11.00000000 42.58706665 31.00000000
v 10.93493176 43.00000000 31.00000000
v 11.00000000 43.00000000 31.48338699
v 10.93248367 43.00000000 35.00000000
v 11.00000000 42.55266190 35.00000000
v 11.00000000 43.00000000 34.53961182
v 10.97152328 43.00000000 36.00000000
v 11.00000000 42.77846146 36.00000000
v 11.00000000 43.00000000 36.30120468
v 10.93720055 44.00000000 15.00000000
v 11.00000000 44.00000000 14.45115757
v 11.00000000 43.17958832 16.00000000
v 10.98496914 44.00000000 16.00000000
v 11.00000000 44.00000000 16.33253670
v 10.88421440 44.00000000 24.00000000
v 11.00000000 44.00000000 23.03925705
v 10.79689598 44.00000000 25.00000000
v 10.71452332 44.00000000 26.00000000
v 10.79609585 44.00000000 27.00000000
v 10.75683403 44.00000000 28.00000000
v 10.71574974 44.00000000 29.00000000
v 10.72752285 44.00000000 30.00000000
v 10.90231514 44.00000000 31.00000000
v 11.00000000 43.58563232 32.00000000
v 10.94893742 44.00000000 32.00000000
v 11.00000000 44.00000000 32.38915634
v 10.99093819 44.00000000 34.00000000
v 11.00000000 43.90869904 34.00000000
v 11.00000000 44.00000000 33.90047455
v 10.95777702 44.00000000 35.00000000
v 10.93508434 44.00000000 36.00000000
v 11.00000000 44.00000000 36.34347153
v 10.91766453 45.00000000 14.00000000
v 11.00000000 44.34873581 14.00000000
v 11.00000000 45.00000000 13.42440796
v 10.85060024 45.00000000 15.00000000
v 10.83171844 45.00000000 16.00000000
v 11.00000000 44.13905716 17.00000000
v 10.83022213 45.00000000 17.00000000
v 10.81560802 45.00000000 18.00000000
v 11.00000000 44.02276993 18.00000000
v 10.82179451 45.00000000 19.00000000
v 11.00000000 44.18560028 19.00000000
v 10.95110035 45.00000000 20.00000000
v 11.00000000 44.40554810 20.00000000
v 10.90881157 45.00000000 21.00000000
v 11.00000000 44.50746536 21.00000000
v 10.82386112 45.00000000 22.00000000
v 11.00000000 44.20769882 22.00000000
v 10.76641273 45.00000000 23.00000000
v 11.00000000 44.01767731 23.00000000
v 10.69608402 45.00000000 24.00000000
v 10.52735806 45.00000000 25.00000000
v 10.50790882 45.00000000 26.00000000
v 10.50681019 45.00000000 27.00000000
v 10.61201191 45.00000000 28.00000000
v 10.60150146 45.00000000 29.00000000
v 10.64983940 45.00000000 30.00000000
v 10.60393906 45.00000000 31.00000000
v 10.70069885 45.00000000 32.00000000
v 11.00000000 44.19636536 33.00000000
v 10.71405697 45.00000000 33.00000000
v 10.72356701 45.00000000 34.00000000
v 10.61796379 45.00000000 35.00000000
v 10.72643375 45.00000000 36.00000000
v 11.00000000 44.33737946 37.00000000
v 10.77968884 45.00000000 37.00000000
v 10.89999104 45.00000000 38.00000000
v 11.00000000 44.58264160 38.00000000
v 10.99421787 45.00000000 39.00000000
v 11.00000000 44.98308182 39.00000000
v 11.00000000 45.00000000 39.06742477
v 11.00000000 45.27511597 14.00000000
v 11.00000000 45.94354630 15.00000000
v 11.00000000 45.81074905 16.00000000
v 11.00000000 45.94301605 17.00000000
v 11.00000000 46.00000000 17.15840721
v 10.91624069 46.00000000 18.00000000
v 10.87243176 46.00000000 19.00000000
v 11.00000000 46.00000000 19.57754898
v 11.00000000 45.45460129 20.00000000
v 11.00000000 46.00000000 20.79857445
v 10.98353195 46.00000000 21.00000000
v 10.94379997 46.00000000 22.00000000
v 10.89444542 46.00000000 23.00000000
v 10.75749683 46.00000000 24.00000000
v 10.61385250 46.00000000 25.00000000
v 10.45952225 46.00000000 26.00000000
v 10.57248878 46.00000000 27.00000000
v 10.62965870 46.00000000 28.00000000
v 10.74655819 46.00000000 29.00000000
v 10.72872353 46.00000000 30.00000000
v 10.67307568 46.00000000 31.00000000
v 10.70160580 46.00000000 32.00000000
v 10.76599789 46.00000000 33.00000000
v 10.62580776 46.00000000 34.00000000
v 10.66096878 46.00000000 35.00000000
v 10.73863411 46.00000000 36.00000000
v 10.85410309 46.00000000 37.00000000
v 10.92371845 46.00000000 38.00000000
v 10.99723053 46.00000000 39.00000000
v 11.00000000 46.00000000 39.01902390
v 11.00000000 46.20946884 18.00000000
v 11.00000000 46.31812668 19.00000000
v 11.00000000 46.04104996 21.00000000
v 11.00000000 46.12200928 22.00000000
v 11.00000000 46.24723434 23.00000000
v 11.00000000 46.46866989 24.00000000
v 11.00000000 46.95493698 25.00000000
v 11.00000000 47.00000000 25.29840660
v 10.94214535 47.00000000 26.00000000
v 10.93551540 47.00000000 27.00000000
v 11.00000000 47.00000000 27.32793999
v 11.00000000 46.78786087 28.00000000
v 11.00000000 46.54377365 29.00000000
v 11.00000000 46.53919220 30.00000000
v 11.00000000 46.71808243 31.00000000
v 11.00000000 46.64681625 32.00000000
v 11.00000000 46.65248489 33.00000000
v 11.00000000 46.87546158 34.00000000
v 11.00000000 46.83525085 35.00000000
v 11.00000000 46.54667282 36.00000000
v 11.00000000 46.34011841 37.00000000
v 11.00000000 46.19572449 38.00000000
v 11.00000000 46.01005554 39.00000000
v 11.29196644 1.00000000 12.00000000
v 12.00000000 0.56448078 12.00000000
v 12.00000000 1.00000000 11.14741993
v 12.00000000 0.20784007 13.00000000
v 12.00000000 0.04565898 14.00000000
v 12.00000000 0.05068548 15.00000000
v 12.00000000 0.02676889 16.00000000
v 12.00000000 0.00000000 16.76097107
v 11.96969700 0.00000000 17.00000000
v 11.77523327 0.00000000 18.00000000
v 11.75816250 0.00000000 19.00000000
v 11.65351772 0.00000000 20.00000000
v 12.00000000 0.03108578 21.00000000
v 12.00000000 0.00000000 20.74982834
v 12.00000000 0.00000000 21.39432907
v 11.83681583 0.00000000 22.00000000
v 12.00000000 0.03655588 23.00000000
v 12.00000000 0.00000000 22.53972244
v 12.00000000 0.00000000 23.25893021
v 11.54850864 0.00000000 24.00000000
v 11.58322906 0.00000000 25.00000000
v 11.47658825 0.00000000 26.00000000
v 11.41400814 0.00000000 27.00000000
v 11.20947552 0.00000000 28.00000000
v 11.37482548 0.00000000 29.00000000
v 11.40294743 0.00000000 30.00000000
v 11.97879028 0.00000000 31.00000000
v 11.85702038 0.00000000 32.00000000
v 11.89408016 0.00000000 33.00000000
v 11.86825371 0.00000000 34.00000000
v 11.94842529 0.00000000 35.00000000
v 11.75398636 0.00000000 36.00000000
v 11.87537861 0.00000000 37.00000000
v 11.91036224 0.00000000 38.00000000
v 12.00000000 0.00091802 39.00000000
v 12.00000000 0.00000000 38.97099686
v 12.00000000 0.00000000 39.02538681
v 11.90083981 0.00000000 40.00000000
v 11.02473831 1.00000000 41.00000000
v 12.00000000 0.27833748 41.00000000
v 12.00000000 0.00000000 40.12559128
v 11.37870407 1.00000000 42.00000000
v 12.00000000 0.59474117 42.00000000
v 12.00000000 1.00000000 42.98913193
v 11.33391285 2.00000000 12.00000000
v 12.00000000 2.00000000 11.05879974
v 11.02227116 2.00000000 41.00000000
v 11.29355526 2.00000000 42.00000000
v 12.00000000 1.01620996 43.00000000
v 11.63739395 2.00000000 43.00000000
v 12.00000000 2.00000000 43.54076004
v 11.61526299 3.00000000 12.00000000
v 12.00000000 3.00000000 11.28644180
v 11.10329437 3.00000000 13.00000000
v 11.00469303 3.00000000 18.00000000
v 11.07525253 3.00000000 34.00000000
v 11.00033188 3.00000000 35.00000000
v 11.05960274 3.00000000 39.00000000
v 11.10502434 3.00000000 40.00000000
v 11.08733273 3.00000000 41.00000000
v 11.26335526 3.00000000 42.00000000
v 11.64561081 3.00000000 43.00000000
v 12.00000000 3.00000000 43.73554230
v 11.70681190 4.00000000 12.00000000
v 12.00000000 4.00000000 11.36399174
v 11.18756294 4.00000000 13.00000000
v 11.00366592 4.00000000 17.00000000
v 11.00305939 4.00000000 22.00000000
v 11.07044506 4.00000000 26.00000000
v 11.04198647 4.00000000 27.00000000
v 11.03959560 4.00000000 28.00000000
v 11.10036945 4.00000000 33.00000000
v 11.14141846 4.00000000 34.00000000
v 11.05150127 4.00000000 35.00000000
v 11.02094746 4.00000000 37.00000000
v 11.09314442 4.00000000 38.00000000
v 11.13580227 4.00000000 39.00000000
v 11.16458511 4.00000000 40.00000000
v 11.20186234 4.00000000 41.00000000
v 11.30264282 4.00000000 42.00000000
v 11.62055111 4.00000000 43.00000000
v 12.00000000 4.00000000 43.86869812
v 11.92765141 5.00000000 11.00000000
v 12.00000000 4.69913483 11.00000000
v 12.00000000 5.00000000 10.57594490
v 11.48100853 5.00000000 12.00000000
v 11.28122044 5.00000000 13.00000000
v 11.18923283 5.00000000 14.00000000
v 11.09467793 5.00000000 16.00000000
v 11.08928871 5.00000000 17.00000000
v 11.12547970 5.00000000 18.00000000
v 11.10682678 5.00000000 19.00000000
v 11.09231853 5.00000000 20.00000000
v 11.09052277 5.00000000 21.00000000
v 11.10697460 5.00000000 22.00000000
v 11.02733612 5.00000000 23.00000000
v 11.10466576 5.00000000 26.00000000
v 11.11937046 5.00000000 27.00000000
v 11.14605141 5.00000000 28.00000000
v 11.13920116 5.00000000 29.00000000
v 11.02305603 5.00000000 30.00000000
v 11.00186539 5.00000000 31.00000000
v 11.08484840 5.00000000 32.00000000
v 11.11139107 5.00000000 33.00000000
v 11.22257614 5.00000000 34.00000000
v 11.11767387 5.00000000 35.00000000
v 11.09901142 5.00000000 36.00000000
v 11.12589264 5.00000000 37.00000000
v 11.19774342 5.00000000 38.00000000
v 11.18813229 5.00000000 39.00000000
v 11.29208374 5.00000000 40.00000000
v 11.29865932 5.00000000 41.00000000
v 11.36760521 5.00000000 42.00000000
v 11.63178349 5.00000000 43.00000000
v 12.00000000 4.63146591 44.00000000
v 11.96548748 5.00000000 44.00000000
v 12.00000000 5.00000000 44.07788467
v 11.92486954 6.00000000 10.00000000
v 12.00000000 5.60324621 10.00000000
v 12.00000000 6.00000000 9.82756138
v 11.65793133 6.00000000 11.00000000
v 11.40458107 6.00000000 12.00000000
v 11.30860424 6.00000000 13.00000000
v 11.31878567 6.00000000 14.00000000
v 11.22755527 6.00000000 15.00000000
v 11.30794525 6.00000000 16.00000000
v 11.31754208 6.00000000 17.00000000
v 11.34365559 6.00000000 18.00000000
v 11.36600685 6.00000000 19.00000000
v 11.38492489 6.00000000 20.00000000
v 11.33349895 6.00000000 21.00000000
v 11.28585911 6.00000000 22.00000000
v 11.20858383 6.00000000 23.00000000
v 11.20034599 6.00000000 24.00000000
v 11.17697716 6.00000000 25.00000000
v 11.20460320 6.00000000 26.00000000
v 11.24524307 6.00000000 27.00000000
v 11.35262299 6.00000000 28.00000000
v 11.29685783 6.00000000 29.00000000
v 11.23519421 6.00000000 30.00000000
v 11.14061737 6.00000000 31.00000000
v 11.27176380 6.00000000 32.00000000
v 11.30795765 6.00000000 33.00000000
v 11.39817333 6.00000000 34.00000000
v 11.38710403 6.00000000 35.00000000
v 11.39039993 6.00000000 36.00000000
v 11.39439392 6.00000000 37.00000000
v 11.40819645 6.00000000 38.00000000
v 11.41725540 6.00000000 39.00000000
v 11.50233173 6.00000000 40.00000000
v 11.46862221 6.00000000 41.00000000
v 11.51803207 6.00000000 42.00000000
v 11.65704250 6.00000000 43.00000000
v 11.90973663 6.00000000 44.00000000
v 12.00000000 6.00000000 44.22513580
v 12.00000000 6.26806021 10.00000000
v 12.00000000 7.00000000 10.30257511
v 11.57726479 7.00000000 11.00000000
v 11.26095676 7.00000000 12.00000000
v 11.27095604 7.00000000 13.00000000
v 11.26563168 7.00000000 14.00000000
v 11.18550491 7.00000000 15.00000000
v 11.24995232 7.00000000 16.00000000
v 11.23372650 7.00000000 17.00000000
v 11.21152401 7.00000000 18.00000000
v 11.20918369 7.00000000 19.00000000
v 11.21942425 7.00000000 20.00000000
v 11.23530006 7.00000000 21.00000000
v 11.15773201 7.00000000 22.00000000
v 11.05542183 7.00000000 23.00000000
v 11.00823402 7.00000000 26.00000000
v 11.12769413 7.00000000 27.00000000
v 11.16980648 7.00000000 28.00000000
v 11.17446899 7.00000000 29.00000000
v 11.06468010 7.00000000 30.00000000
v 11.03338051 7.00000000 31.00000000
v 11.10021973 7.00000000 32.00000000
v 11.16867447 7.00000000 33.00000000
v 11.28584385 7.00000000 34.00000000
v 11.30418301 7.00000000 35.00000000
v 11.28832150 7.00000000 36.00000000
v 11.23512459 7.00000000 37.00000000
v 11.25586796 7.00000000 38.00000000
v 11.40198994 7.00000000 39.00000000
v 11.48547459 7.00000000 40.00000000
v 11.47532082 7.00000000 41.00000000
v 11.44176483 7.00000000 42.00000000
v 11.59285355 7.00000000 43.00000000
v 11.76636410 7.00000000 44.00000000
v 12.00000000 7.00000000 44.56803513
v 11.55410004 8.00000000 11.00000000
v 12.00000000 8.00000000 10.30708504
v 11.25551224 8.00000000 12.00000000
v 11.19785309 8.00000000 13.00000000
v 11.23272610 8.00000000 14.00000000
v 11.17295456 8.00000000 15.00000000
v 11.29263783 8.00000000 16.00000000
v 11.24283600 8.00000000 17.00000000
v 11.24297619 8.00000000 18.00000000
v 11.25348377 8.00000000 19.00000000
v 11.25385666 8.00000000 20.00000000
v 11.28794098 8.00000000 21.00000000
v 11.23998070 8.00000000 22.00000000
v 11.10619640 8.00000000 23.00000000
v 11.00693226 8.00000000 24.00000000
v 11.00809765 8.00000000 25.00000000
v 11.04658508 8.00000000 26.00000000
v 11.13434887 8.00000000 27.00000000
v 11.16816139 8.00000000 28.00000000
v 11.18519306 8.00000000 29.00000000
v 11.07468128 8.00000000 30.00000000
v 11.03083801 8.00000000 31.00000000
v 11.10107517 8.00000000 32.00000000
v 11.15594864 8.00000000 33.00000000
v 11.28504467 8.00000000 34.00000000
v 11.30989933 8.00000000 35.00000000
v 11.30516052 8.00000000 36.00000000
v 11.28138542 8.00000000 37.00000000
v 11.30445957 8.00000000 38.00000000
v 11.45919609 8.00000000 39.00000000
v 11.54210854 8.00000000 40.00000000
v 11.51318264 8.00000000 41.00000000
v 11.49591446 8.00000000 42.00000000
v 11.62135696 8.00000000 43.00000000
v 11.76064205 8.00000000 44.00000000
v 12.00000000 8.00000000 44.62765503
v 11.66293621 9.00000000 11.00000000
v 12.00000000 9.00000000 10.40607166
v 11.18102551 9.00000000 12.00000000
v 11.16289425 9.00000000 13.00000000
v 11.19219112 9.00000000 14.00000000
v 11.19310760 9.00000000 15.00000000
v 11.18227100 9.00000000 16.00000000
v 11.23495293 9.00000000 17.00000000
v 11.20516109 9.00000000 18.00000000
v 11.19225311 9.00000000 19.00000000
v 11.21525669 9.00000000 20.00000000
v 11.24571609 9.00000000 21.00000000
v 11.18212414 9.00000000 22.00000000
v 11.09930134 9.00000000 23.00000000
v 11.03898525 9.00000000 25.00000000
v 11.01593590 9.00000000 26.00000000
v 11.07666016 9.00000000 27.00000000
v 11.10158730 9.00000000 28.00000000
v 11.04482555 9.00000000 29.00000000
v 11.03472328 9.00000000 32.00000000
v 11.13071251 9.00000000 33.00000000
v 11.25848579 9.00000000 34.00000000
v 11.24153137 9.00000000 35.00000000
v 11.27480888 9.00000000 36.00000000
v 11.24645138 9.00000000 37.00000000
v 11.34249115 9.00000000 38.00000000
v 11.47969341 9.00000000 39.00000000
v 11.55493164 9.00000000 40.00000000
v 11.56691360 9.00000000 41.00000000
v 11.51355362 9.00000000 42.00000000
v 11.65690041 9.00000000 43.00000000
v 11.78669834 9.00000000 44.00000000
v 12.00000000 9.00000000 44.81041718
v 11.72304153 10.00000000 11.00000000
v 12.00000000 10.00000000 10.48839569
v 11.29342365 10.00000000 12.00000000
v 11.29661846 10.00000000 13.00000000
v 11.21330833 10.00000000 14.00000000
v 11.24508381 10.00000000 15.00000000
v 11.26176453 10.00000000 16.00000000
v 11.24930573 10.00000000 17.00000000
v 11.22540092 10.00000000 18.00000000
v 11.18710423 10.00000000 19.00000000
v 11.22757912 10.00000000 20.00000000
v 11.26876736 10.00000000 21.00000000
v 11.17709732 10.00000000 22.00000000
v 11.14042568 10.00000000 23.00000000
v 11.09860897 10.00000000 24.00000000
v 11.03349590 10.00000000 25.00000000
v 11.03683567 10.00000000 26.00000000
v 11.03109741 10.00000000 27.00000000
v 11.03421783 10.00000000 28.00000000
v 11.02124500 10.00000000 29.00000000
v 11.05034542 10.00000000 32.00000000
v 11.12414551 10.00000000 33.00000000
v 11.24232483 10.00000000 34.00000000
v 11.27230644 10.00000000 35.00000000
v 11.31504917 10.00000000 36.00000000
v 11.29944801 10.00000000 37.00000000
v 11.37600136 10.00000000 38.00000000
v 11.55822372 10.00000000 39.00000000
v 11.60580349 10.00000000 40.00000000
v 11.56059456 10.00000000 41.00000000
v 11.53340340 10.00000000 42.00000000
v 11.70400715 10.00000000 43.00000000
v 11.74984932 10.00000000 44.00000000
v 12.00000000 9.75291729 45.00000000
v 11.96567822 10.00000000 45.00000000
v 12.00000000 10.00000000 45.05633163
v 11.48109818 11.00000000 11.00000000
v 12.00000000 11.00000000 10.25525951
v 11.13886929 11.00000000 12.00000000
v 11.11739445 11.00000000 13.00000000
v 11.08016777 11.00000000 14.00000000
v 11.16058064 11.00000000 15.00000000
v 11.15471077 11.00000000 16.00000000
v 11.20725441 11.00000000 17.00000000
v 11.18726540 11.00000000 18.00000000
v 11.14451694 11.00000000 19.00000000
v 11.16569424 11.00000000 20.00000000
v 11.18081665 11.00000000 21.00000000
v 11.10550022 11.00000000 22.00000000
v 11.09138393 11.00000000 23.00000000
v 11.03174019 11.00000000 24.00000000
v 11.01682663 11.00000000 25.00000000
v 11.06572056 11.00000000 32.00000000
v 11.14366150 11.00000000 33.00000000
v 11.29512978 11.00000000 34.00000000
v 11.34079742 11.00000000 35.00000000
v 11.33591366 11.00000000 36.00000000
v 11.31558514 11.00000000 37.00000000
v 11.45478153 11.00000000 38.00000000
v 11.58450603 11.00000000 39.00000000
v 11.64933586 11.00000000 40.00000000
v 11.59935188 11.00000000 41.00000000
v 11.57126236 11.00000000 42.00000000
v 11.66526031 11.00000000 43.00000000
v 11.75728130 11.00000000 44.00000000
v 11.76437950 11.00000000 45.00000000
v 12.00000000 11.00000000 45.44216156
v 11.63294029 12.00000000 11.00000000
v 12.00000000 12.00000000 10.35487556
v 11.33581638 12.00000000 12.00000000
v 11.22023487 12.00000000 13.00000000
v 11.16502476 12.00000000 14.00000000
v 11.19058418 12.00000000 15.00000000
v 11.16434002 12.00000000 16.00000000
v 11.16094780 12.00000000 17.00000000
v 11.11707973 12.00000000 18.00000000
v 11.09127712 12.00000000 19.00000000
v 11.11811638 12.00000000 20.00000000
v 11.15191078 12.00000000 21.00000000
v 11.03016472 12.00000000 22.00000000
v 11.06033230 12.00000000 23.00000000
v 11.01422691 12.00000000 24.00000000
v 11.00476360 12.00000000 25.00000000
v 11.02161503 12.00000000 32.00000000
v 11.18744278 12.00000000 33.00000000
v 11.28686619 12.00000000 34.00000000
v 11.36477184 12.00000000 35.00000000
v 11.34793854 12.00000000 36.00000000
v 11.30236721 12.00000000 37.00000000
v 11.44766331 12.00000000 38.00000000
v 11.59378147 12.00000000 39.00000000
v 11.65457821 12.00000000 40.00000000
v 11.62873363 12.00000000 41.00000000
v 11.61973381 12.00000000 42.00000000
v 11.74286938 12.00000000 43.00000000
v 11.92420483 12.00000000 44.00000000
v 11.93600178 12.00000000 45.00000000
v 12.00000000 12.00000000 45.11940002
v 11.98283005 13.00000000 10.00000000
v 12.00000000 12.92038631 10.00000000
v 12.00000000 13.00000000 9.96347523
v 11.42104626 13.00000000 11.00000000
v 11.28000927 13.00000000 12.00000000
v 11.42015457 13.00000000 13.00000000
v 11.28787327 13.00000000 14.00000000
v 11.27257347 13.00000000 15.00000000
v 11.19445896 13.00000000 16.00000000
v 11.13824558 13.00000000 17.00000000
v 11.09867191 13.00000000 18.00000000
v 11.06515408 13.00000000 19.00000000
v 11.08690739 13.00000000 20.00000000
v 11.15442371 13.00000000 21.00000000
v 11.08292294 13.00000000 22.00000000
v 11.07375240 13.00000000 23.00000000
v 11.03603363 13.00000000 24.00000000
v 11.01214886 13.00000000 25.00000000
v 11.02315712 13.00000000 32.00000000
v 11.11827469 13.00000000 33.00000000
v 11.27079582 13.00000000 34.00000000
v 11.32826900 13.00000000 35.00000000
v 11.30989647 13.00000000 36.00000000
v 11.25701046 13.00000000 37.00000000
v 11.41231060 13.00000000 38.00000000
v 11.55858040 13.00000000 39.00000000
v 11.64105606 13.00000000 40.00000000
v 11.65256786 13.00000000 41.00000000
v 11.65977287 13.00000000 42.00000000
v 11.79272938 13.00000000 43.00000000
v 11.90950203 13.00000000 44.00000000
v 11.92532349 13.00000000 45.00000000
v 12.00000000 13.00000000 45.32492065
v 11.98085785 14.00000000 10.00000000
v 12.00000000 14.00000000 9.96702766
v 11.37552738 14.00000000 11.00000000
v 11.26250172 14.00000000 12.00000000
v 11.39328384 14.00000000 13.00000000
v 11.35638046 14.00000000 14.00000000
v 11.22976589 14.00000000 15.00000000
v 11.13897324 14.00000000 16.00000000
v 11.00577736 14.00000000 17.00000000
v 11.01915646 14.00000000 20.00000000
v 11.07845783 14.00000000 21.00000000
v 11.07941055 14.00000000 22.00000000
v 11.06221485 14.00000000 23.00000000
v 11.00668907 14.00000000 25.00000000
v 11.00034046 14.00000000 26.00000000
v 11.02480602 14.00000000 27.00000000
v 11.01166058 14.00000000 30.00000000
v 11.01895523 14.00000000 32.00000000
v 11.03115273 14.00000000 33.00000000
v 11.15601635 14.00000000 34.00000000
v 11.20244694 14.00000000 35.00000000
v 11.19868660 14.00000000 36.00000000
v 11.12411308 14.00000000 37.00000000
v 11.32247353 14.00000000 38.00000000
v 11.47603893 14.00000000 39.00000000
v 11.59398556 14.00000000 40.00000000
v 11.57254696 14.00000000 41.00000000
v 11.67174339 14.00000000 42.00000000
v 11.82289028 14.00000000 43.00000000
v 11.89600563 14.00000000 44.00000000
v 11.79461575 14.00000000 45.00000000
v 12.00000000 14.00000000 45.85484695
v 11.83904457 15.00000000 10.00000000
v 12.00000000 15.00000000 9.75002861
v 11.39569759 15.00000000 11.00000000
v 11.39537621 15.00000000 12.00000000
v 11.64477444 15.00000000 13.00000000
v 11.49614334 15.00000000 14.00000000
v 11.23850822 15.00000000 15.00000000
v 11.05468082 15.00000000 16.00000000
v 11.04535580 15.00000000 17.00000000
v 11.01829433 15.00000000 21.00000000
v 11.00647354 15.00000000 28.00000000
v 11.02825737 15.00000000 30.00000000
v 11.04585266 15.00000000 31.00000000
v 11.06710243 15.00000000 33.00000000
v 11.15780449 15.00000000 34.00000000
v 11.24361134 15.00000000 35.00000000
v 11.24695778 15.00000000 36.00000000
v 11.17907143 15.00000000 37.00000000
v 11.32721996 15.00000000 38.00000000
v 11.42769051 15.00000000 39.00000000
v 11.53388977 15.00000000 40.00000000
v 11.55096531 15.00000000 41.00000000
v 11.63751984 15.00000000 42.00000000
v 11.88800526 15.00000000 43.00000000
v 12.00000000 15.00000000 43.90881348
v 12.00000000 14.89235783 44.00000000
v 12.00000000 14.56245232 45.00000000
v 11.60948563 16.00000000 10.00000000
v 12.00000000 16.00000000 9.44184208
v 11.09795094 16.00000000 11.00000000
v 11.17617226 16.00000000 12.00000000
v 11.47990227 16.00000000 13.00000000
v 11.38052750 16.00000000 14.00000000
v 11.20869923 16.00000000 15.00000000
v 11.06378365 16.00000000 16.00000000
v 11.00249386 16.00000000 21.00000000
v 11.00932693 16.00000000 28.00000000
v 11.00197315 16.00000000 29.00000000
v 11.00910091 16.00000000 30.00000000
v 11.02515030 16.00000000 31.00000000
v 11.03713322 16.00000000 33.00000000
v 11.14097118 16.00000000 34.00000000
v 11.22301769 16.00000000 35.00000000
v 11.24855709 16.00000000 36.00000000
v 11.20156860 16.00000000 37.00000000
v 11.32329082 16.00000000 38.00000000
v 11.41543484 16.00000000 39.00000000
v 11.54836750 16.00000000 40.00000000
v 11.53458118 16.00000000 41.00000000
v 11.64599705 16.00000000 42.00000000
v 11.91302586 16.00000000 43.00000000
v 12.00000000 16.00000000 43.85005569
v 11.66730404 17.00000000 10.00000000
v 12.00000000 17.00000000 9.44409466
v 11.21669579 17.00000000 11.00000000
v 11.14633274 17.00000000 12.00000000
v 11.35521984 17.00000000 13.00000000
v 11.32909393 17.00000000 14.00000000
v 11.12373352 17.00000000 15.00000000
v 11.05970192 17.00000000 16.00000000
v 11.06597805 17.00000000 34.00000000
v 11.16369820 17.00000000 35.00000000
v 11.19175816 17.00000000 36.00000000
v 11.17918491 17.00000000 37.00000000
v 11.28755093 17.00000000 38.00000000
v 11.40222549 17.00000000 39.00000000
v 11.50225067 17.00000000 40.00000000
v 11.55650043 17.00000000 41.00000000
v 11.58276939 17.00000000 42.00000000
v 11.83715439 17.00000000 43.00000000
v 12.00000000 16.34645462 44.00000000
v 11.96903419 17.00000000 44.00000000
v 12.00000000 17.00000000 44.11970139
v 11.55579662 18.00000000 10.00000000
v 12.00000000 18.00000000 9.41567516
v 11.20622635 18.00000000 11.00000000
v 11.19833469 18.00000000 12.00000000
v 11.36955929 18.00000000 13.00000000
v 11.34343529 18.00000000 14.00000000
v 11.16311932 18.00000000 15.00000000
v 11.09110928 18.00000000 16.00000000
v 11.06376362 18.00000000 17.00000000
v 11.01601887 18.00000000 18.00000000
v 11.00083351 18.00000000 29.00000000
v 11.03617096 18.00000000 34.00000000
v 11.19712067 18.00000000 35.00000000
v 11.24851418 18.00000000 36.00000000
v 11.23972416 18.00000000 37.00000000
v 11.33946896 18.00000000 38.00000000
v 11.40923023 18.00000000 39.00000000
v 11.53593540 18.00000000 40.00000000
v 11.50872231 18.00000000 41.00000000
v 11.58074570 18.00000000 42.00000000
v 11.77425766 18.00000000 43.00000000
v 11.86838245 18.00000000 44.00000000
v 12.00000000 18.00000000 44.37248993
v 11.81248474 19.00000000 9.00000000
v 12.00000000 18.71046257 9.00000000
v 12.00000000 19.00000000 8.83149529
v 11.00186157 19.00000000 10.00000000
v 11.22275734 19.00000000 13.00000000
v 11.26574421 19.00000000 14.00000000
v 11.01558208 19.00000000 15.00000000
v 11.00792217 19.00000000 29.00000000
v 11.07334805 19.00000000 34.00000000
v 11.21387482 19.00000000 35.00000000
v 11.24746990 19.00000000 36.00000000
v 11.26948452 19.00000000 37.00000000
v 11.36594105 19.00000000 38.00000000
v 11.40392876 19.00000000 39.00000000
v 11.53129482 19.00000000 40.00000000
v 11.56270218 19.00000000 41.00000000
v 11.62584782 19.00000000 42.00000000
v 11.72079277 19.00000000 43.00000000
v 11.82239151 19.00000000 44.00000000
v 12.00000000 19.00000000 44.44817352
v 11.68490696 20.00000000 9.00000000
v 12.00000000 20.00000000 8.71845245
v 11.22593021 20.00000000 13.00000000
v 11.21609020 20.00000000 14.00000000
v 11.05213547 20.00000000 34.00000000
v 11.22613716 20.00000000 35.00000000
v 11.24372673 20.00000000 36.00000000
v 11.24636364 20.00000000 37.00000000
v 11.34893894 20.00000000 38.00000000
v 11.41656303 20.00000000 39.00000000
v 11.52631474 20.00000000 40.00000000
v 11.57629967 20.00000000 41.00000000
v 11.64111423 20.00000000 42.00000000
v 11.72845840 20.00000000 43.00000000
v 11.85614395 20.00000000 44.00000000
v 12.00000000 20.00000000 44.42924881
v 11.32762527 21.00000000 9.00000000
v 12.00000000 21.00000000 8.39935684
v 11.27836800 21.00000000 13.00000000
v 11.28029537 21.00000000 14.00000000
v 11.04019451 21.00000000 15.00000000
v 11.01197052 21.00000000 22.00000000
v 11.01977921 21.00000000 23.00000000
v 11.08566666 21.00000000 29.00000000
v 11.03282070 21.00000000 30.00000000
v 11.12644005 21.00000000 34.00000000
v 11.22471619 21.00000000 35.00000000
v 11.20521069 21.00000000 36.00000000
v 11.27017784 21.00000000 37.00000000
v 11.34061432 21.00000000 38.00000000
v 11.38460064 21.00000000 39.00000000
v 11.52406788 21.00000000 40.00000000
v 11.69372654 21.00000000 41.00000000
v 11.73126221 21.00000000 42.00000000
v 11.88973141 21.00000000 43.00000000
v 12.00000000 21.00000000 43.83908844
v 12.00000000 20.83918953 44.00000000
v 11.46149349 22.00000000 9.00000000
v 12.00000000 22.00000000 8.44983864
v 11.04526997 22.00000000 12.00000000
v 11.34772015 22.00000000 13.00000000
v 11.32196331 22.00000000 14.00000000
v 11.03733540 22.00000000 15.00000000
v 11.10416889 22.00000000 23.00000000
v 11.02452183 22.00000000 24.00000000
v 11.00669289 22.00000000 29.00000000
v 11.05592728 22.00000000 30.00000000
v 11.00863075 22.00000000 31.00000000
v 11.00342846 22.00000000 32.00000000
v 11.10044765 22.00000000 34.00000000
v 11.14157104 22.00000000 35.00000000
v 11.14607716 22.00000000 36.00000000
v 11.15897179 22.00000000 37.00000000
v 11.29222107 22.00000000 38.00000000
v 11.30735397 22.00000000 39.00000000
v 11.51197720 22.00000000 40.00000000
v 11.67310143 22.00000000 41.00000000
v 11.82637024 22.00000000 42.00000000
v 11.99560833 22.00000000 43.00000000
v 12.00000000 22.00000000 43.04962921
v 11.82677650 23.00000000 9.00000000
v 12.00000000 23.00000000 8.84317112
v 11.06637287 23.00000000 10.00000000
v 11.01863194 23.00000000 11.00000000
v 11.13146877 23.00000000 12.00000000
v 11.37093258 23.00000000 13.00000000
v 11.31988716 23.00000000 14.00000000
v 11.11760044 23.00000000 15.00000000
v 11.02956772 23.00000000 16.00000000
v 11.01488590 23.00000000 17.00000000
v 11.07812214 23.00000000 18.00000000
v 11.09984875 23.00000000 23.00000000
v 11.02809334 23.00000000 24.00000000
v 11.05223370 23.00000000 25.00000000
v 11.00697708 23.00000000 29.00000000
v 11.04846954 23.00000000 30.00000000
v 11.00811005 23.00000000 34.00000000
v 11.15813160 23.00000000 35.00000000
v 11.16619110 23.00000000 36.00000000
v 11.20970249 23.00000000 37.00000000
v 11.31995010 23.00000000 38.00000000
v 11.29897881 23.00000000 39.00000000
v 11.45453739 23.00000000 40.00000000
v 11.65160751 23.00000000 41.00000000
v 11.77890968 23.00000000 42.00000000
v 11.84998226 23.00000000 43.00000000
v 12.00000000 22.72848892 44.00000000
v 11.96581554 23.00000000 44.00000000
v 12.00000000 23.00000000 44.28481293
v 11.83697414 24.00000000 9.00000000
v 12.00000000 24.00000000 8.82663345
v 11.07099628 24.00000000 10.00000000
v 11.08455849 24.00000000 11.00000000
v 11.18079472 24.00000000 12.00000000
v 11.42981243 24.00000000 13.00000000
v 11.32014465 24.00000000 14.00000000
v 11.11273861 24.00000000 15.00000000
v 11.07771015 24.00000000 16.00000000
v 11.04334259 24.00000000 17.00000000
v 11.06273651 24.00000000 18.00000000
v 11.07077026 24.00000000 22.00000000
v 11.14610195 24.00000000 23.00000000
v 11.08585835 24.00000000 24.00000000
v 11.08842278 24.00000000 25.00000000
v 11.03227139 24.00000000 26.00000000
v 11.02452469 24.00000000 29.00000000
v 11.04930115 24.00000000 30.00000000
v 11.02817535 24.00000000 34.00000000
v 11.16903400 24.00000000 35.00000000
v 11.18245792 24.00000000 36.00000000
v 11.22717476 24.00000000 37.00000000
v 11.30698109 24.00000000 38.00000000
v 11.32140923 24.00000000 39.00000000
v 11.50905418 24.00000000 40.00000000
v 11.65606499 24.00000000 41.00000000
v 11.79031181 24.00000000 42.00000000
v 11.84947586 24.00000000 43.00000000
v 11.87761593 24.00000000 44.00000000
v 12.00000000 23.82304764 45.00000000
v 11.97340393 24.00000000 45.00000000
v 12.00000000 24.00000000 45.06435394
v 11.99062538 25.00000000 6.00000000
v 12.00000000 24.98698807 6.00000000
v 12.00000000 25.00000000 5.97947168
v 12.00000000 25.00000000 6.02808952
v 12.00000000 24.41041756 9.00000000
v 12.00000000 25.00000000 9.31244564
v 11.48365688 25.00000000 10.00000000
v 11.27560139 25.00000000 11.00000000
v 11.28140259 25.00000000 12.00000000
v 11.35961723 25.00000000 13.00000000
v 11.32941723 25.00000000 14.00000000
v 11.07047081 25.00000000 15.00000000
v 11.04034996 25.00000000 18.00000000
v 11.00522614 25.00000000 22.00000000
v 11.10728931 25.00000000 23.00000000
v 11.04130363 25.00000000 24.00000000
v 11.08478832 25.00000000 25.00000000
v 11.00119400 25.00000000 26.00000000
v 11.02236748 25.00000000 33.00000000
v 11.03205204 25.00000000 34.00000000
v 11.14580250 25.00000000 35.00000000
v 11.19861507 25.00000000 36.00000000
v 11.20225048 25.00000000 37.00000000
v 11.29700947 25.00000000 38.00000000
v 11.33109570 25.00000000 39.00000000
v 11.45921803 25.00000000 40.00000000
v 11.60485172 25.00000000 41.00000000
v 11.67601967 25.00000000 42.00000000
v 11.72918129 25.00000000 43.00000000
v 11.74578953 25.00000000 44.00000000
v 11.74868679 25.00000000 45.00000000
v 12.00000000 25.00000000 45.78158569
v 11.84898090 26.00000000 6.00000000
v 12.00000000 26.00000000 5.69270849
v 12.00000000 26.00000000 6.77532148
v 11.45969868 26.00000000 10.00000000
v 12.00000000 26.00000000 9.07843494
v 11.23486137 26.00000000 11.00000000
v 11.23661995 26.00000000 12.00000000
v 11.37567997 26.00000000 13.00000000
v 11.23228455 26.00000000 14.00000000
v 11.13880634 26.00000000 15.00000000
v 11.02830982 26.00000000 16.00000000
v 11.02928257 26.00000000 17.00000000
v 11.06703854 26.00000000 18.00000000
v 11.00530434 26.00000000 19.00000000
v 11.02167416 26.00000000 22.00000000
v 11.08304596 26.00000000 23.00000000
v 11.06532383 26.00000000 24.00000000
v 11.03664589 26.00000000 25.00000000
v 11.01442814 26.00000000 29.00000000
v 11.03582096 26.00000000 31.00000000
v 11.02831078 26.00000000 32.00000000
v 11.08420181 26.00000000 33.00000000
v 11.12268734 26.00000000 34.00000000
v 11.25318718 26.00000000 35.00000000
v 11.26178265 26.00000000 36.00000000
v 11.27950954 26.00000000 37.00000000
v 11.32412338 26.00000000 38.00000000
v 11.37363815 26.00000000 39.00000000
v 11.50247097 26.00000000 40.00000000
v 11.59123230 26.00000000 41.00000000
v 11.68586159 26.00000000 42.00000000
v 11.71908283 26.00000000 43.00000000
v 11.72013474 26.00000000 44.00000000
v 11.62039280 26.00000000 45.00000000
v 12.00000000 25.50772476 46.00000000
v 11.90688610 26.00000000 46.00000000
v 12.00000000 26.00000000 46.05657578
v 11.73083782 27.00000000 6.00000000
v 12.00000000 27.00000000 5.71919489
v 12.00000000 26.19418144 7.00000000
v 11.72236443 27.00000000 7.00000000
v 12.00000000 27.00000000 7.44299603
v 11.44522476 27.00000000 10.00000000
v 12.00000000 27.00000000 9.26382256
v 11.13744736 27.00000000 11.00000000
v 11.17407131 27.00000000 12.00000000
v 11.25417328 27.00000000 13.00000000
v 11.14725113 27.00000000 14.00000000
v 11.02001476 27.00000000 15.00000000
v 11.07453346 27.00000000 18.00000000
v 11.01061535 27.00000000 19.00000000
v 11.00366116 27.00000000 21.00000000
v 11.08998680 27.00000000 23.00000000
v 11.07619667 27.00000000 24.00000000
v 11.00934029 27.00000000 25.00000000
v 11.01367855 27.00000000 29.00000000
v 11.04557133 27.00000000 30.00000000
v 11.06723022 27.00000000 31.00000000
v 11.07041550 27.00000000 32.00000000
v 11.11579800 27.00000000 33.00000000
v 11.20192337 27.00000000 34.00000000
v 11.30369091 27.00000000 35.00000000
v 11.30209160 27.00000000 36.00000000
v 11.30213070 27.00000000 37.00000000
v 11.35824299 27.00000000 38.00000000
v 11.38728142 27.00000000 39.00000000
v 11.51579475 27.00000000 40.00000000
v 11.57071304 27.00000000 41.00000000
v 11.63086414 27.00000000 42.00000000
v 11.69151306 27.00000000 43.00000000
v 11.73625374 27.00000000 44.00000000
v 11.68345261 27.00000000 45.00000000
v 11.94986916 27.00000000 46.00000000
v 12.00000000 27.00000000 46.03931427
v 11.74883461 28.00000000 6.00000000
v 12.00000000 28.00000000 5.78093100
v 11.61429596 28.00000000 7.00000000
v 12.00000000 28.00000000 7.61478662
v 11.22953129 28.00000000 10.00000000
v 12.00000000 28.00000000 9.09179497
v 11.07585716 28.00000000 12.00000000
v 11.21385384 28.00000000 13.00000000
v 11.07935905 28.00000000 14.00000000
v 11.01331902 28.00000000 15.00000000
v 11.02975368 28.00000000 18.00000000
v 11.00246048 28.00000000 23.00000000
v 11.01265526 28.00000000 30.00000000
v 11.04088974 28.00000000 31.00000000
v 11.07632732 28.00000000 32.00000000
v 11.12582397 28.00000000 33.00000000
v 11.18292904 28.00000000 34.00000000
v 11.32099628 28.00000000 35.00000000
v 11.32388401 28.00000000 36.00000000
v 11.29088306 28.00000000 37.00000000
v 11.37808514 28.00000000 38.00000000
v 11.42379570 28.00000000 39.00000000
v 11.53351021 28.00000000 40.00000000
v 11.60072613 28.00000000 41.00000000
v 11.65250969 28.00000000 42.00000000
v 11.72872639 28.00000000 43.00000000
v 11.79353714 28.00000000 44.00000000
v 11.73042965 28.00000000 45.00000000
v 12.00000000 28.00000000 45.87477875
v 12.00000000 27.47945023 46.00000000
v 12.00000000 28.18357658 6.00000000
v 12.00000000 28.50974083 7.00000000
v 11.69101429 29.00000000 9.00000000
v 12.00000000 28.23035622 9.00000000
v 12.00000000 29.00000000 8.50615215
v 11.14451504 29.00000000 10.00000000
v 11.10573101 29.00000000 11.00000000
v 11.15001392 29.00000000 12.00000000
v 11.22743320 29.00000000 13.00000000
v 11.13626957 29.00000000 14.00000000
v 11.02397442 29.00000000 15.00000000
v 11.00816536 29.00000000 18.00000000
v 11.00465107 29.00000000 20.00000000
v 11.01710129 29.00000000 21.00000000
v 11.04417610 29.00000000 23.00000000
v 11.02653980 29.00000000 29.00000000
v 11.05957985 29.00000000 30.00000000
v 11.11100674 29.00000000 31.00000000
v 11.12677670 29.00000000 32.00000000
v 11.14594269 29.00000000 33.00000000
v 11.18674755 29.00000000 34.00000000
v 11.29466820 29.00000000 35.00000000
v 11.28810596 29.00000000 36.00000000
v 11.28137112 29.00000000 37.00000000
v 11.34862804 29.00000000 38.00000000
v 11.42241287 29.00000000 39.00000000
v 11.55247688 29.00000000 40.00000000
v 11.64994907 29.00000000 41.00000000
v 11.65309811 29.00000000 42.00000000
v 11.69431591 29.00000000 43.00000000
v 11.75855827 29.00000000 44.00000000
v 12.00000000 29.00000000 44.79153442
v 12.00000000 28.77154732 45.00000000
v 11.70338631 30.00000000 9.00000000
v 12.00000000 30.00000000 8.54087067
v 11.31532669 30.00000000 10.00000000
v 11.25911427 30.00000000 11.00000000
v 11.25734806 30.00000000 12.00000000
v 11.22771072 30.00000000 13.00000000
v 11.08026791 30.00000000 14.00000000
v 11.04510593 30.00000000 15.00000000
v 11.04121113 30.00000000 23.00000000
v 11.05267143 30.00000000 30.00000000
v 11.15881157 30.00000000 31.00000000
v 11.21275902 30.00000000 32.00000000
v 11.17382526 30.00000000 33.00000000
v 11.17721462 30.00000000 34.00000000
v 11.30689907 30.00000000 35.00000000
v 11.31128788 30.00000000 36.00000000
v 11.28964424 30.00000000 37.00000000
v 11.40346050 30.00000000 38.00000000
v 11.48743439 30.00000000 39.00000000
v 11.59938717 30.00000000 40.00000000
v 11.65867424 30.00000000 41.00000000
v 11.76134396 30.00000000 42.00000000
v 11.73077488 30.00000000 43.00000000
v 11.81911278 30.00000000 44.00000000
v 12.00000000 30.00000000 44.52620697
v 11.61973667 31.00000000 9.00000000
v 12.00000000 31.00000000 8.41974735
v 11.32268906 31.00000000 10.00000000
v 11.24031448 31.00000000 11.00000000
v 11.18878174 31.00000000 12.00000000
v 11.11799812 31.00000000 13.00000000
v 11.00261784 31.00000000 14.00000000
v 11.05077076 31.00000000 20.00000000
v 11.02293777 31.00000000 21.00000000
v 11.03600025 31.00000000 23.00000000
v 11.01172733 31.00000000 25.00000000
v 11.07345963 31.00000000 26.00000000
v 11.06185818 31.00000000 27.00000000
v 11.04211712 31.00000000 28.00000000
v 11.08810806 31.00000000 29.00000000
v 11.18165112 31.00000000 30.00000000
v 11.25610733 31.00000000 31.00000000
v 11.23868942 31.00000000 32.00000000
v 11.23590755 31.00000000 33.00000000
v 11.26135635 31.00000000 34.00000000
v 11.27737427 31.00000000 35.00000000
v 11.26247120 31.00000000 36.00000000
v 11.27131462 31.00000000 37.00000000
v 11.40421581 31.00000000 38.00000000
v 11.51120377 31.00000000 39.00000000
v 11.59212875 31.00000000 40.00000000
v 11.66022778 31.00000000 41.00000000
v 11.67466450 31.00000000 42.00000000
v 11.80626488 31.00000000 43.00000000
v 12.00000000 31.00000000 43.85515213
v 12.00000000 30.83433342 44.00000000
v 11.61027527 32.00000000 9.00000000
v 12.00000000 32.00000000 8.42362785
v 11.34152412 32.00000000 10.00000000
v 11.27918243 32.00000000 11.00000000
v 11.20280647 32.00000000 12.00000000
v 11.10411167 32.00000000 13.00000000
v 11.05411625 32.00000000 20.00000000
v 11.04114151 32.00000000 21.00000000
v 11.05445385 32.00000000 23.00000000
v 11.00538158 32.00000000 25.00000000
v 11.08388329 32.00000000 26.00000000
v 11.06184769 32.00000000 27.00000000
v 11.05949211 32.00000000 28.00000000
v 11.12076664 32.00000000 29.00000000
v 11.21299171 32.00000000 30.00000000
v 11.28872299 32.00000000 31.00000000
v 11.29485226 32.00000000 32.00000000
v 11.25465202 32.00000000 33.00000000
v 11.31081867 32.00000000 34.00000000
v 11.32516956 32.00000000 35.00000000
v 11.32060528 32.00000000 36.00000000
v 11.30322456 32.00000000 37.00000000
v 11.43805408 32.00000000 38.00000000
v 11.54657936 32.00000000 39.00000000
v 11.63718224 32.00000000 40.00000000
v 11.67648697 32.00000000 41.00000000
v 11.72562218 32.00000000 42.00000000
v 11.88117313 32.00000000 43.00000000
v 12.00000000 32.00000000 43.53500366
v 11.47525311 33.00000000 9.00000000
v 12.00000000 33.00000000 8.25911522
v 11.37625694 33.00000000 10.00000000
v 11.38250065 33.00000000 11.00000000
v 11.29275036 33.00000000 12.00000000
v 11.16319847 33.00000000 13.00000000
v 11.00851917 33.00000000 14.00000000
v 11.01044941 33.00000000 21.00000000
v 11.04811954 33.00000000 25.00000000
v 11.12203026 33.00000000 26.00000000
v 11.10141563 33.00000000 27.00000000
v 11.04226303 33.00000000 28.00000000
v 11.09402943 33.00000000 29.00000000
v 11.15924263 33.00000000 30.00000000
v 11.23557472 33.00000000 31.00000000
v 11.22989750 33.00000000 32.00000000
v 11.26742077 33.00000000 33.00000000
v 11.30937386 33.00000000 34.00000000
v 11.33407784 33.00000000 35.00000000
v 11.27648926 33.00000000 36.00000000
v 11.29090595 33.00000000 37.00000000
v 11.39280128 33.00000000 38.00000000
v 11.48612785 33.00000000 39.00000000
v 11.57371521 33.00000000 40.00000000
v 11.63082314 33.00000000 41.00000000
v 11.60042286 33.00000000 42.00000000
v 11.77268887 33.00000000 43.00000000
v 12.00000000 33.00000000 43.83696365
v 11.46819878 34.00000000 9.00000000
v 12.00000000 34.00000000 8.29249477
v 11.40885830 34.00000000 10.00000000
v 11.47609806 34.00000000 11.00000000
v 11.36319733 34.00000000 12.00000000
v 11.21817970 34.00000000 13.00000000
v 11.05982494 34.00000000 14.00000000
v 11.01513195 34.00000000 18.00000000
v 11.06045914 34.00000000 19.00000000
v 11.06541538 34.00000000 20.00000000
v 11.06009293 34.00000000 21.00000000
v 11.00193119 34.00000000 24.00000000
v 11.08626461 34.00000000 25.00000000
v 11.16229820 34.00000000 26.00000000
v 11.18367290 34.00000000 27.00000000
v 11.15102386 34.00000000 28.00000000
v 11.14370441 34.00000000 29.00000000
v 11.15533829 34.00000000 30.00000000
v 11.23010635 34.00000000 31.00000000
v 11.24370766 34.00000000 32.00000000
v 11.24519062 34.00000000 33.00000000
v 11.29679966 34.00000000 34.00000000
v 11.33534908 34.00000000 35.00000000
v 11.32330990 34.00000000 36.00000000
v 11.28530312 34.00000000 37.00000000
v 11.40388775 34.00000000 38.00000000
v 11.47420788 34.00000000 39.00000000
v 11.56152725 34.00000000 40.00000000
v 11.54185295 34.00000000 41.00000000
v 11.55283642 34.00000000 42.00000000
v 11.71485233 34.00000000 43.00000000
v 12.00000000 33.42803574 44.00000000
v 11.92462444 34.00000000 44.00000000
v 12.00000000 34.00000000 44.15447617
v 11.52351665 35.00000000 9.00000000
v 12.00000000 35.00000000 8.29146004
v 11.50804996 35.00000000 10.00000000
v 11.50286961 35.00000000 11.00000000
v 11.38879871 35.00000000 12.00000000
v 11.28214741 35.00000000 13.00000000
v 11.11840916 35.00000000 14.00000000
v 11.04055882 35.00000000 15.00000000
v 11.07377720 35.00000000 16.00000000
v 11.02488995 35.00000000 18.00000000
v 11.06042099 35.00000000 19.00000000
v 11.06033993 35.00000000 20.00000000
v 11.14733887 35.00000000 21.00000000
v 11.06106949 35.00000000 22.00000000
v 11.04494095 35.00000000 23.00000000
v 11.05664825 35.00000000 24.00000000
v 11.05632782 35.00000000 25.00000000
v 11.14210415 35.00000000 26.00000000
v 11.20091343 35.00000000 27.00000000
v 11.14218998 35.00000000 28.00000000
v 11.17266083 35.00000000 29.00000000
v 11.16088772 35.00000000 30.00000000
v 11.22249317 35.00000000 31.00000000
v 11.25532436 35.00000000 32.00000000
v 11.26002216 35.00000000 33.00000000
v 11.34743309 35.00000000 34.00000000
v 11.34756088 35.00000000 35.00000000
v 11.25846672 35.00000000 36.00000000
v 11.31705856 35.00000000 37.00000000
v 11.42322540 35.00000000 38.00000000
v 11.47565174 35.00000000 39.00000000
v 11.54200172 35.00000000 40.00000000
v 11.54015541 35.00000000 41.00000000
v 11.54409313 35.00000000 42.00000000
v 11.67518806 35.00000000 43.00000000
v 11.93775749 35.00000000 44.00000000
v 12.00000000 35.00000000 44.14772415
v 11.57255650 36.00000000 9.00000000
v 12.00000000 36.00000000 8.44049454
v 11.47043896 36.00000000 10.00000000
v 11.40860653 36.00000000 11.00000000
v 11.31300831 36.00000000 12.00000000
v 11.22496223 36.00000000 13.00000000
v 11.04821396 36.00000000 14.00000000
v 11.00120735 36.00000000 15.00000000
v 11.03657436 36.00000000 16.00000000
v 11.05771542 36.00000000 19.00000000
v 11.07154369 36.00000000 20.00000000
v 11.11530685 36.00000000 21.00000000
v 11.02672195 36.00000000 24.00000000
v 11.02168846 36.00000000 25.00000000
v 11.07070065 36.00000000 26.00000000
v 11.15291309 36.00000000 27.00000000
v 11.14952660 36.00000000 28.00000000
v 11.12639236 36.00000000 29.00000000
v 11.09332561 36.00000000 30.00000000
v 11.16650963 36.00000000 31.00000000
v 11.21680450 36.00000000 32.00000000
v 11.24492836 36.00000000 33.00000000
v 11.29295158 36.00000000 34.00000000
v 11.33450222 36.00000000 35.00000000
v 11.28837585 36.00000000 36.00000000
v 11.28146267 36.00000000 37.00000000
v 11.38591003 36.00000000 38.00000000
v 11.43570232 36.00000000 39.00000000
v 11.49722290 36.00000000 40.00000000
v 11.50142860 36.00000000 41.00000000
v 11.55226803 36.00000000 42.00000000
v 11.70880985 36.00000000 43.00000000
v 12.00000000 36.00000000 43.96760941
v 12.00000000 35.83591843 44.00000000
v 11.52390575 37.00000000 9.00000000
v 12.00000000 37.00000000 8.44708633
v 11.34495068 37.00000000 10.00000000
v 11.29887104 37.00000000 11.00000000
v 11.25047112 37.00000000 12.00000000
v 11.17273045 37.00000000 13.00000000
v 11.08397198 37.00000000 14.00000000
v 11.01042461 37.00000000 15.00000000
v 11.03239441 37.00000000 16.00000000
v 11.03514957 37.00000000 17.00000000
v 11.07586002 37.00000000 18.00000000
v 11.13836765 37.00000000 19.00000000
v 11.12249756 37.00000000 20.00000000
v 11.19211102 37.00000000 21.00000000
v 11.04143333 37.00000000 22.00000000
v 11.02834797 37.00000000 23.00000000
v 11.04055786 37.00000000 24.00000000
v 11.03970718 37.00000000 25.00000000
v 11.06976128 37.00000000 26.00000000
v 11.16011429 37.00000000 27.00000000
v 11.10415459 37.00000000 28.00000000
v 11.14595127 37.00000000 29.00000000
v 11.11635303 37.00000000 30.00000000
v 11.17936325 37.00000000 31.00000000
v 11.23285580 37.00000000 32.00000000
v 11.25586700 37.00000000 33.00000000
v 11.29445267 37.00000000 34.00000000
v 11.32703400 37.00000000 35.00000000
v 11.23298645 37.00000000 36.00000000
v 11.30180359 37.00000000 37.00000000
v 11.36822414 37.00000000 38.00000000
v 11.48161316 37.00000000 39.00000000
v 11.53020191 37.00000000 40.00000000
v 11.53368473 37.00000000 41.00000000
v 11.50420189 37.00000000 42.00000000
v 11.69422626 37.00000000 43.00000000
v 12.00000000 37.00000000 43.99431992
v 11.63882160 38.00000000 9.00000000
v 12.00000000 38.00000000 8.63758183
v 11.35610294 38.00000000 10.00000000
v 11.41672134 38.00000000 11.00000000
v 11.29727840 38.00000000 12.00000000
v 11.19917774 38.00000000 13.00000000
v 11.03837585 38.00000000 14.00000000
v 11.03192043 38.00000000 15.00000000
v 11.06292439 38.00000000 16.00000000
v 11.06454372 38.00000000 17.00000000
v 11.14271259 38.00000000 18.00000000
v 11.15619183 38.00000000 19.00000000
v 11.19461060 38.00000000 20.00000000
v 11.16724300 38.00000000 21.00000000
v 11.10320568 38.00000000 22.00000000
v 11.06079102 38.00000000 23.00000000
v 11.06621742 38.00000000 24.00000000
v 11.04209042 38.00000000 25.00000000
v 11.04874992 38.00000000 26.00000000
v 11.14002705 38.00000000 27.00000000
v 11.10049057 38.00000000 28.00000000
v 11.07216644 38.00000000 29.00000000
v 11.07403660 38.00000000 30.00000000
v 11.15303230 38.00000000 31.00000000
v 11.22886181 38.00000000 32.00000000
v 11.25739956 38.00000000 33.00000000
v 11.28468800 38.00000000 34.00000000
v 11.27868652 38.00000000 35.00000000
v 11.19619083 38.00000000 36.00000000
v 11.22536945 38.00000000 37.00000000
v 11.35739326 38.00000000 38.00000000
v 11.47664738 38.00000000 39.00000000
v 11.53895950 38.00000000 40.00000000
v 11.46530914 38.00000000 41.00000000
v 11.45828915 38.00000000 42.00000000
v 11.63595390 38.00000000 43.00000000
v 12.00000000 37.02359009 44.00000000
v 11.90522003 38.00000000 44.00000000
v 12.00000000 38.00000000 44.26757812
v 11.67502403 39.00000000 9.00000000
v 12.00000000 39.00000000 8.68522358
v 11.53260326 39.00000000 10.00000000
v 11.65461540 39.00000000 11.00000000
v 11.51765919 39.00000000 12.00000000
v 11.29750633 39.00000000 13.00000000
v 11.10072613 39.00000000 14.00000000
v 11.05043888 39.00000000 15.00000000
v 11.11800575 39.00000000 16.00000000
v 11.17077827 39.00000000 17.00000000
v 11.25952339 39.00000000 18.00000000
v 11.36030865 39.00000000 19.00000000
v 11.35370541 39.00000000 20.00000000
v 11.31474018 39.00000000 21.00000000
v 11.17749786 39.00000000 22.00000000
v 11.15383911 39.00000000 23.00000000
v 11.19972134 39.00000000 24.00000000
v 11.21968079 39.00000000 25.00000000
v 11.22316837 39.00000000 26.00000000
v 11.21263218 39.00000000 27.00000000
v 11.17181206 39.00000000 28.00000000
v 11.12889957 39.00000000 29.00000000
v 11.10423565 39.00000000 30.00000000
v 11.21152306 39.00000000 31.00000000
v 11.30895329 39.00000000 32.00000000
v 11.36104012 39.00000000 33.00000000
v 11.34555340 39.00000000 34.00000000
v 11.30426884 39.00000000 35.00000000
v 11.24714947 39.00000000 36.00000000
v 11.31101322 39.00000000 37.00000000
v 11.45717716 39.00000000 38.00000000
v 11.52196026 39.00000000 39.00000000
v 11.57917595 39.00000000 40.00000000
v 11.52591038 39.00000000 41.00000000
v 11.47948265 39.00000000 42.00000000
v 11.64389515 39.00000000 43.00000000
v 11.86512280 39.00000000 44.00000000
v 12.00000000 39.00000000 44.35460281
v 12.00000000 39.95431900 9.00000000
v 12.00000000 40.00000000 9.05342293
v 11.78832722 40.00000000 10.00000000
v 11.91692162 40.00000000 11.00000000
v 11.70335674 40.00000000 12.00000000
v 11.37915897 40.00000000 13.00000000
v 11.15337944 40.00000000 14.00000000
v 11.08641434 40.00000000 15.00000000
v 11.13290787 40.00000000 16.00000000
v 11.21542549 40.00000000 17.00000000
v 11.25650215 40.00000000 18.00000000
v 11.40751171 40.00000000 19.00000000
v 11.39200974 40.00000000 20.00000000
v 11.33664036 40.00000000 21.00000000
v 11.20240879 40.00000000 22.00000000
v 11.15944767 40.00000000 23.00000000
v 11.22013187 40.00000000 24.00000000
v 11.23847961 40.00000000 25.00000000
v 11.25008965 40.00000000 26.00000000
v 11.26255131 40.00000000 27.00000000
v 11.21895790 40.00000000 28.00000000
v 11.18114281 40.00000000 29.00000000
v 11.14480209 40.00000000 30.00000000
v 11.24746895 40.00000000 31.00000000
v 11.35422707 40.00000000 32.00000000
v 11.38994122 40.00000000 33.00000000
v 11.37387466 40.00000000 34.00000000
v 11.34460735 40.00000000 35.00000000
v 11.28573799 40.00000000 36.00000000
v 11.38155365 40.00000000 37.00000000
v 11.54786777 40.00000000 38.00000000
v 11.63799572 40.00000000 39.00000000
v 11.66900158 40.00000000 40.00000000
v 11.62270641 40.00000000 41.00000000
v 11.59981632 40.00000000 42.00000000
v 11.72957230 40.00000000 43.00000000
v 11.93054581 40.00000000 44.00000000
v 12.00000000 40.00000000 44.24095535
v 12.00000000 40.35447311 10.00000000
v 12.00000000 41.00000000 10.71997356
v 11.85590172 41.00000000 11.00000000
v 11.43786430 41.00000000 12.00000000
v 11.26544762 41.00000000 13.00000000
v 11.15501404 41.00000000 14.00000000
v 11.03787994 41.00000000 15.00000000
v 11.11311340 41.00000000 16.00000000
v 11.16793919 41.00000000 17.00000000
v 11.21429920 41.00000000 18.00000000
v 11.34023952 41.00000000 19.00000000
v 11.32150555 41.00000000 20.00000000
v 11.29377937 41.00000000 21.00000000
v 11.24871540 41.00000000 22.00000000
v 11.13950539 41.00000000 23.00000000
v 11.12680435 41.00000000 24.00000000
v 11.14825726 41.00000000 25.00000000
v 11.12332630 41.00000000 26.00000000
v 11.11880684 41.00000000 27.00000000
v 11.12000084 41.00000000 28.00000000
v 11.06620884 41.00000000 29.00000000
v 11.10390949 41.00000000 30.00000000
v 11.16914940 41.00000000 31.00000000
v 11.26683331 41.00000000 32.00000000
v 11.34711170 41.00000000 33.00000000
v 11.30993176 41.00000000 34.00000000
v 11.27358341 41.00000000 35.00000000
v 11.26884937 41.00000000 36.00000000
v 11.37090015 41.00000000 37.00000000
v 11.55681515 41.00000000 38.00000000
v 11.59685898 41.00000000 39.00000000
v 11.63164234 41.00000000 40.00000000
v 11.57151413 41.00000000 41.00000000
v 11.60542011 41.00000000 42.00000000
v 11.79696178 41.00000000 43.00000000
v 12.00000000 41.00000000 43.63410950
v 12.00000000 40.35661697 44.00000000
v 11.43789482 42.00000000 11.00000000
v 12.00000000 42.00000000 10.25034904
v 11.13035965 42.00000000 12.00000000
v 11.12278271 42.00000000 13.00000000
v 11.01913261 42.00000000 16.00000000
v 11.07556629 42.00000000 17.00000000
v 11.09828186 42.00000000 18.00000000
v 11.25153160 42.00000000 19.00000000
v 11.26113796 42.00000000 20.00000000
v 11.26670933 42.00000000 21.00000000
v 11.17270279 42.00000000 22.00000000
v 11.14210987 42.00000000 23.00000000
v 11.10710335 42.00000000 24.00000000
v 11.03166866 42.00000000 25.00000000
v 11.00968361 42.00000000 26.00000000
v 11.09307766 42.00000000 31.00000000
v 11.14805222 42.00000000 32.00000000
v 11.21290874 42.00000000 33.00000000
v 11.14773560 42.00000000 34.00000000
v 11.08809948 42.00000000 35.00000000
v 11.10370922 42.00000000 36.00000000
v 11.26749992 42.00000000 37.00000000
v 11.47579956 42.00000000 38.00000000
v 11.53174305 42.00000000 39.00000000
v 11.56746960 42.00000000 40.00000000
v 11.46537781 42.00000000 41.00000000
v 11.47026348 42.00000000 42.00000000
v 11.79842377 42.00000000 43.00000000
v 12.00000000 42.00000000 43.58896637
v 11.42158031 43.00000000 11.00000000
v 12.00000000 43.00000000 10.19902611
v 11.05712509 43.00000000 12.00000000
v 11.16777706 43.00000000 13.00000000
v 11.13818073 43.00000000 14.00000000
v 11.00360966 43.00000000 16.00000000
v 11.04308891 43.00000000 17.00000000
v 11.04551125 43.00000000 18.00000000
v 11.03069973 43.00000000 19.00000000
v 11.06839085 43.00000000 20.00000000
v 11.12162113 43.00000000 21.00000000
v 11.12311554 43.00000000 22.00000000
v 11.03715420 43.00000000 23.00000000
v 11.06609440 43.00000000 32.00000000
v 11.13045311 43.00000000 33.00000000
v 11.08332920 43.00000000 34.00000000
v 11.08132839 43.00000000 37.00000000
v 11.26003265 43.00000000 38.00000000
v 11.47602463 43.00000000 39.00000000
v 11.58109760 43.00000000 40.00000000
v 11.48629379 43.00000000 41.00000000
v 11.46102428 43.00000000 42.00000000
v 11.90418243 43.00000000 43.00000000
v 12.00000000 43.00000000 43.13289642
v 11.34220409 44.00000000 11.00000000
v 12.00000000 44.00000000 10.14671326
v 11.08477783 44.00000000 12.00000000
v 11.11848640 44.00000000 13.00000000
v 11.06403160 44.00000000 14.00000000
v 11.03389740 44.00000000 17.00000000
v 11.00493526 44.00000000 18.00000000
v 11.03295135 44.00000000 19.00000000
v 11.03286839 44.00000000 20.00000000
v 11.09182072 44.00000000 21.00000000
v 11.04552937 44.00000000 22.00000000
v 11.00410461 44.00000000 23.00000000
v 11.08048725 44.00000000 33.00000000
v 11.12544632 44.00000000 37.00000000
v 11.18857670 44.00000000 38.00000000
v 11.42594051 44.00000000 39.00000000
v 11.52990532 44.00000000 40.00000000
v 11.49627495 44.00000000 41.00000000
v 11.51583195 44.00000000 42.00000000
v 12.00000000 44.00000000 42.75357056
v 12.00000000 43.33878708 43.00000000
v 11.61576748 45.00000000 11.00000000
v 12.00000000 45.00000000 10.66888332
v 11.16001892 45.00000000 12.00000000
v 11.12175655 45.00000000 13.00000000
v 11.17311478 45.00000000 40.00000000
v 11.24887657 45.00000000 41.00000000
v 11.67574883 45.00000000 42.00000000
v 12.00000000 45.00000000 42.35440445
v 12.00000000 45.48070526 11.00000000
v 12.00000000 46.00000000 11.64087105
v 11.77906418 46.00000000 12.00000000
v 11.68164730 46.00000000 13.00000000
v 11.45085526 46.00000000 14.00000000
v 11.02303410 46.00000000 15.00000000
v 11.08440018 46.00000000 16.00000000
v 11.02234936 46.00000000 17.00000000
v 11.08941174 46.00000000 20.00000000
v 11.30823898 46.00000000 40.00000000
v 11.51481247 46.00000000 41.00000000
v 12.00000000 46.00000000 41.71644592
v 12.00000000 45.68050766 42.00000000
v 12.00000000 46.21809769 12.00000000
v 12.00000000 46.30585861 13.00000000
v 12.00000000 46.61257935 14.00000000
v 12.00000000 46.64913177 15.00000000
v 12.00000000 46.76636505 16.00000000
v 12.00000000 46.73435593 17.00000000
v 12.00000000 46.91406250 18.00000000
v 12.00000000 46.98528671 19.00000000
v 12.00000000 46.88377762 20.00000000
v 12.00000000 46.77051163 21.00000000
v 12.00000000 46.88466263 22.00000000
v 12.00000000 46.88814163 23.00000000
v 11.86854839 47.00000000 24.00000000
v 12.00000000 47.00000000 23.68694878
v 11.15172482 47.00000000 25.00000000
v 11.34268475 47.00000000 28.00000000
v 12.00000000 47.00000000 28.74866295
v 12.00000000 46.92924881 29.00000000
v 12.00000000 46.87706757 30.00000000
v 12.00000000 46.84600830 31.00000000
v 12.00000000 46.99166870 32.00000000
v 12.00000000 46.91187286 33.00000000
v 12.00000000 46.99116516 34.00000000
v 12.00000000 46.92920685 35.00000000
v 12.00000000 46.89345169 36.00000000
v 12.00000000 46.77103424 37.00000000
v 12.00000000 46.74217606 38.00000000
v 12.00000000 46.61318970 39.00000000
v 12.00000000 46.57284927 40.00000000
v 12.00000000 46.36115265 41.00000000
v 13.00000000 0.65951163 12.00000000
v 13.00000000 1.00000000 11.46363926
v 13.00000000 0.29902858 13.00000000
v 13.00000000 0.18082669 14.00000000
v 13.00000000 0.18058972 15.00000000
v 13.00000000 0.22259155 16.00000000
v 12.04100227 0.00000000 17.00000000
v 13.00000000 0.22997016 17.00000000
v 12.48308754 0.00000000 18.00000000
v 13.00000000 0.10806357 18.00000000
v 12.36277866 0.00000000 19.00000000
v 13.00000000 0.17336608 19.00000000
v 12.52242374 0.00000000 20.00000000
v 13.00000000 0.12557673 20.00000000
v 13.00000000 0.20052528 21.00000000
v 12.20497322 0.00000000 22.00000000
v 13.00000000 0.21487018 22.00000000
v 13.00000000 0.25547391 23.00000000
v 12.43701935 0.00000000 24.00000000
v 13.00000000 0.19807105 24.00000000
v 12.34447193 0.00000000 25.00000000
v 13.00000000 0.20772940 25.00000000
v 12.59212780 0.00000000 26.00000000
v 13.00000000 0.10015328 26.00000000
v 12.44255829 0.00000000 27.00000000
v 13.00000000 0.20194438 27.00000000
v 12.46006012 0.00000000 28.00000000
v 13.00000000 0.25752816 28.00000000
v 12.30662918 0.00000000 29.00000000
v 13.00000000 0.34986827 29.00000000
v 12.31354427 0.00000000 30.00000000
v 13.00000000 0.40543059 30.00000000
v 12.01025963 0.00000000 31.00000000
v 13.00000000 0.45707008 31.00000000
v 12.06907272 0.00000000 32.00000000
v 13.00000000 0.47473487 32.00000000
v 12.06820107 0.00000000 33.00000000
v 13.00000000 0.47137478 33.00000000
v 12.11108589 0.00000000 34.00000000
v 13.00000000 0.39109635 34.00000000
v 12.04740143 0.00000000 35.00000000
v 13.00000000 0.35145295 35.00000000
v 12.24294662 0.00000000 36.00000000
v 13.00000000 0.26816335 36.00000000
v 12.12180614 0.00000000 37.00000000
v 13.00000000 0.32440451 37.00000000
v 12.07797146 0.00000000 38.00000000
v 13.00000000 0.44165191 38.00000000
v 13.00000000 0.58240205 39.00000000
v 12.07462692 0.00000000 40.00000000
v 13.00000000 0.63001502 40.00000000
v 13.00000000 0.96332908 41.00000000
v 12.59651661 1.00000000 42.00000000
v 13.00000000 1.00000000 41.08864594
v 13.00000000 2.00000000 11.29156876
v 13.00000000 1.57398832 42.00000000
v 12.64193726 2.00000000 43.00000000
v 13.00000000 2.00000000 42.57438660
v 13.00000000 3.00000000 11.31941986
v 13.00000000 2.69694972 43.00000000
v 13.00000000 3.00000000 43.12656403
v 12.92027760 4.00000000 11.00000000
v 13.00000000 3.93701720 11.00000000
v 13.00000000 4.00000000 10.97180748
v 13.00000000 4.00000000 43.47396469
v 13.00000000 5.00000000 10.65178204
v 12.44605541 5.00000000 44.00000000
v 13.00000000 5.00000000 43.89822769
v 12.18518257 6.00000000 10.00000000
v 13.00000000 6.00000000 10.38283920
v 13.00000000 5.37460327 44.00000000
v 13.00000000 6.00000000 44.17607880
v 13.00000000 7.00000000 10.37505150
v 13.00000000 7.00000000 44.58637238
v 13.00000000 8.00000000 10.31501484
v 13.00000000 8.00000000 44.86157608
v 13.00000000 9.00000000 10.04510212
v 13.00000000 8.47421551 45.00000000
v 12.42985344 9.00000000 45.00000000
v 13.00000000 9.00000000 45.13547134
v 12.68447399 10.00000000 10.00000000
v 13.00000000 9.20430374 10.00000000
v 13.00000000 10.00000000 9.83246040
v 13.00000000 10.00000000 45.25643539
v 12.38759804 11.00000000 10.00000000
v 13.00000000 11.00000000 9.64149761
v 13.00000000 11.00000000 45.22583771
v 12.40750408 12.00000000 10.00000000
v 13.00000000 12.00000000 9.40036297
v 13.00000000 12.00000000 45.33515549
v 12.84026718 13.00000000 9.00000000
v 13.00000000 12.69117165 9.00000000
v 13.00000000 13.00000000 8.92146397
v 13.00000000 13.00000000 45.36102676
v 12.74164104 14.00000000 9.00000000
v 13.00000000 14.00000000 8.81869888
v 13.00000000 14.00000000 45.62313843
v 12.72740173 15.00000000 9.00000000
v 13.00000000 15.00000000 8.72657490
v 12.05389404 15.00000000 44.00000000
v 12.85748577 15.00000000 45.00000000
v 13.00000000 15.00000000 45.04632950
v 12.38474560 16.00000000 9.00000000
v 13.00000000 16.00000000 8.43248081
v 12.08707809 16.00000000 44.00000000
v 13.00000000 16.00000000 44.73531342
v 13.00000000 15.24352837 45.00000000
v 12.38102150 17.00000000 9.00000000
v 13.00000000 17.00000000 8.28452301
v 13.00000000 17.00000000 44.28754807
v 12.38009071 18.00000000 9.00000000
v 13.00000000 18.00000000 8.27545929
v 13.00000000 18.00000000 44.18891144
v 12.89833355 19.00000000 7.00000000
v 13.00000000 18.76950264 7.00000000
v 13.00000000 19.00000000 6.83409929
v 12.97591209 19.00000000 8.00000000
v 13.00000000 18.92588234 8.00000000
v 13.00000000 19.00000000 44.15879822
v 12.63560486 20.00000000 7.00000000
v 13.00000000 20.00000000 6.50554085
v 12.63551331 20.00000000 8.00000000
v 13.00000000 20.00000000 44.22853851
v 12.86251450 21.00000000 7.00000000
v 13.00000000 21.00000000 6.79902697
v 13.00000000 21.00000000 7.46446180
v 13.00000000 20.74576187 8.00000000
v 13.00000000 21.00000000 8.08333969
v 12.38193798 21.00000000 44.00000000
v 13.00000000 21.00000000 44.13925934
v 12.89213848 22.00000000 7.00000000
v 13.00000000 22.00000000 6.81000662
v 13.00000000 22.00000000 7.27309036
v 13.00000000 22.00000000 8.13495064
v 12.72314072 22.00000000 44.00000000
v 13.00000000 22.00000000 44.13203430
v 13.00000000 22.23929596 7.00000000
v 13.00000000 23.00000000 8.50285721
v 13.00000000 23.00000000 44.92627716
v 13.00000000 24.00000000 8.55532074
v 13.00000000 23.12373924 45.00000000
v 13.00000000 24.00000000 45.31304550
v 13.00000000 24.50734329 6.00000000
v 13.00000000 25.00000000 5.45964622
v 12.51585865 25.00000000 7.00000000
v 13.00000000 24.59986687 7.00000000
v 12.92512035 25.00000000 8.00000000
v 13.00000000 24.94223022 8.00000000
v 12.71047974 25.00000000 9.00000000
v 13.00000000 25.00000000 45.77954483
v 13.00000000 26.00000000 5.11308765
v 12.07118416 26.00000000 7.00000000
v 12.58703136 26.00000000 8.00000000
v 12.37397861 26.00000000 9.00000000
v 13.00000000 25.88951874 46.00000000
v 13.00000000 26.00000000 46.00771332
v 13.00000000 27.00000000 5.40753460
v 13.00000000 26.80343628 8.00000000
v 13.00000000 27.00000000 7.93262720
v 13.00000000 26.60599327 9.00000000
v 13.00000000 27.00000000 9.09645367
v 13.00000000 27.00000000 46.00058746
v 13.00000000 28.00000000 5.38831282
v 13.00000000 27.30830193 8.00000000
v 12.65635490 28.00000000 8.00000000
v 12.26037979 28.00000000 9.00000000
v 13.00000000 27.25948524 9.00000000
v 13.00000000 28.00000000 45.92862701
v 13.00000000 27.01494408 46.00000000
v 12.88129807 29.00000000 6.00000000
v 13.00000000 29.00000000 5.87822819
v 12.49321747 29.00000000 7.00000000
v 13.00000000 29.00000000 7.69934845
v 13.00000000 28.43572426 8.00000000
v 13.00000000 29.00000000 8.15172768
v 12.23831081 29.00000000 45.00000000
v 13.00000000 29.00000000 45.36971664
v 13.00000000 29.75752640 6.00000000
v 13.00000000 30.00000000 6.09651375
v 12.49088192 30.00000000 7.00000000
v 13.00000000 29.68457603 8.00000000
v 12.83518028 30.00000000 8.00000000
v 12.58766365 30.00000000 45.00000000
v 13.00000000 30.00000000 45.17535400
v 12.86920166 31.00000000 7.00000000
v 13.00000000 31.00000000 6.85677099
v 12.44824409 31.00000000 8.00000000
v 12.19374180 31.00000000 44.00000000
v 13.00000000 31.00000000 44.35709000
v 13.00000000 30.29807281 45.00000000
v 13.00000000 31.75425911 7.00000000
v 13.00000000 32.00000000 7.15694094
v 12.58364677 32.00000000 8.00000000
v 12.43000889 32.00000000 44.00000000
v 13.00000000 32.00000000 44.32788467
v 12.45676804 33.00000000 8.00000000
v 13.00000000 33.00000000 7.50856256
v 12.32035542 33.00000000 44.00000000
v 13.00000000 33.00000000 44.27867126
v 12.80678463 34.00000000 8.00000000
v 13.00000000 34.00000000 7.91085339
v 13.00000000 34.00000000 44.25354004
v 13.00000000 34.11568832 8.00000000
v 13.00000000 35.00000000 8.48455429
v 13.00000000 35.00000000 44.58757019
v 13.00000000 36.00000000 8.56298447
v 12.06930923 36.00000000 44.00000000
v 13.00000000 36.00000000 44.39447021
v 13.00000000 37.00000000 8.67429924
v 12.03201962 37.00000000 44.00000000
v 13.00000000 37.00000000 44.13555908
v 13.00000000 38.00000000 8.89455795
v 13.00000000 38.00000000 44.14919281
v 13.00000000 38.37851715 9.00000000
v 12.55527973 39.00000000 9.00000000
v 13.00000000 39.00000000 9.34870625
v 13.00000000 39.00000000 44.23516083
v 13.00000000 40.00000000 9.97050285
v 13.00000000 40.00000000 44.27429581
v 13.00000000 40.03738785 10.00000000
v 13.00000000 41.00000000 10.77451515
v 13.00000000 41.00000000 43.88549805
v 13.00000000 40.68296051 44.00000000
v 13.00000000 42.00000000 10.82076645
v 13.00000000 42.00000000 43.66620255
v 13.00000000 42.52572632 11.00000000
v 12.83967304 43.00000000 11.00000000
v 13.00000000 43.00000000 11.23628139
v 12.29726982 43.00000000 43.00000000
v 13.00000000 43.00000000 42.64162064
v 13.00000000 42.61092377 43.00000000
v 12.61819553 44.00000000 11.00000000
v 13.00000000 44.00000000 11.74834347
v 12.97811413 44.00000000 42.00000000
v 13.00000000 44.00000000 41.94456863
v 13.00000000 43.96940994 42.00000000
v 12.30454350 45.00000000 11.00000000
v 13.00000000 44.27648926 12.00000000
v 12.72153854 45.00000000 12.00000000
v 13.00000000 44.59915924 13.00000000
v 12.90727329 45.00000000 13.00000000
v 13.00000000 45.00000000 13.51985168
v 12.75345802 45.00000000 40.00000000
v 13.00000000 45.00000000 39.00569534
v 13.00000000 44.15781021 40.00000000
v 13.00000000 44.64136887 41.00000000
v 12.83424568 45.00000000 41.00000000
v 12.28680706 45.00000000 42.00000000
v 12.16342640 46.00000000 12.00000000
v 12.26145649 46.00000000 13.00000000
v 13.00000000 45.13859177 14.00000000
v 12.50700760 46.00000000 14.00000000
v 13.00000000 45.97042465 15.00000000
v 12.97073841 46.00000000 15.00000000
v 13.00000000 46.00000000 15.07879829
v 12.74643040 46.00000000 17.00000000
v 13.00000000 46.00000000 16.43577194
v 13.00000000 45.61080170 17.00000000
v 13.00000000 45.30047989 18.00000000
v 12.61165333 46.00000000 18.00000000
v 13.00000000 45.68083572 19.00000000
v 12.80982494 46.00000000 19.00000000
v 13.00000000 46.00000000 19.98619270
v 12.96499825 46.00000000 21.00000000
v 13.00000000 46.00000000 20.08136368
v 13.00000000 45.95272827 21.00000000
v 13.00000000 45.96961975 22.00000000
v 12.98450089 46.00000000 22.00000000
v 13.00000000 45.93671799 23.00000000
v 12.96436024 46.00000000 23.00000000
v 13.00000000 46.00000000 23.12019539
v 12.94943905 46.00000000 30.00000000
v 13.00000000 46.00000000 29.73499489
v 13.00000000 45.92395020 30.00000000
v 13.00000000 45.76824570 31.00000000
v 12.82622910 46.00000000 31.00000000
v 13.00000000 45.90715790 32.00000000
v 12.94758034 46.00000000 32.00000000
v 13.00000000 46.00000000 32.36454010
v 12.99904251 46.00000000 36.00000000
v 13.00000000 46.00000000 35.99232864
v 13.00000000 45.99853134 36.00000000
v 13.00000000 45.66814804 37.00000000
v 12.78642464 46.00000000 37.00000000
v 13.00000000 45.35109329 38.00000000
v 12.66218376 46.00000000 38.00000000
v 13.00000000 45.00216675 39.00000000
v 12.40128708 46.00000000 39.00000000
v 12.42969608 46.00000000 40.00000000
v 12.27310848 46.00000000 41.00000000
v 13.00000000 46.19094467 16.00000000
v 13.00000000 46.00281143 20.00000000
v 13.00000000 46.20598221 24.00000000
v 12.05216885 47.00000000 24.00000000
v 13.00000000 46.30472565 25.00000000
v 12.14954567 47.00000000 25.00000000
v 13.00000000 46.25001526 26.00000000
v 12.28239155 47.00000000 26.00000000
v 13.00000000 46.24842072 27.00000000
v 12.28592300 47.00000000 27.00000000
v 13.00000000 46.26713562 28.00000000
v 12.24998665 47.00000000 28.00000000
v 13.00000000 46.12617493 29.00000000
v 13.00000000 46.09942627 33.00000000
v 13.00000000 46.12575912 34.00000000
v 13.00000000 46.11584473 35.00000000
v 13.49797630 1.00000000 12.00000000
v 14.00000000 1.00000000 12.89534187
v 14.00000000 0.95183980 13.00000000
v 14.00000000 0.70969594 14.00000000
v 14.00000000 0.62332273 15.00000000
v 14.00000000 0.74943233 16.00000000
v 14.00000000 0.72961575 17.00000000
v 14.00000000 0.71202230 18.00000000
v 13.97602558 1.00000000 19.00000000
v 14.00000000 1.00000000 18.90448380
v 14.00000000 1.00000000 19.23464966
v 14.00000000 0.90152276 20.00000000
v 14.00000000 0.91063011 21.00000000
v 14.00000000 0.97349834 22.00000000
v 13.84002590 1.00000000 23.00000000
v 14.00000000 1.00000000 22.12515640
v 13.91402531 1.00000000 24.00000000
v 14.00000000 1.00000000 24.20918655
v 14.00000000 0.72210062 25.00000000
v 14.00000000 0.67788053 26.00000000
v 14.00000000 0.94347662 27.00000000
v 13.97827148 1.00000000 28.00000000
v 14.00000000 1.00000000 27.74696732
v 13.77712727 1.00000000 29.00000000
v 13.60839844 1.00000000 30.00000000
v 13.55192566 1.00000000 31.00000000
v 13.50440216 1.00000000 32.00000000
v 13.67740822 1.00000000 33.00000000
v 13.71955681 1.00000000 34.00000000
v 13.69898033 1.00000000 35.00000000
v 13.77990532 1.00000000 36.00000000
v 13.63424301 1.00000000 37.00000000
v 13.45285988 1.00000000 38.00000000
v 13.26554680 1.00000000 39.00000000
v 13.21879101 1.00000000 40.00000000
v 13.02246952 1.00000000 41.00000000
v 13.83378220 2.00000000 12.00000000
v 14.00000000 2.00000000 12.14772892
v 14.00000000 1.04374552 19.00000000
v 14.00000000 1.26341140 23.00000000
v 14.00000000 1.16740322 24.00000000
v 14.00000000 1.03187525 28.00000000
v 14.00000000 1.27773547 29.00000000
v 14.00000000 1.63238037 30.00000000
v 14.00000000 1.85390532 31.00000000
v 13.99678898 2.00000000 32.00000000
v 14.00000000 2.00000000 31.96678543
v 14.00000000 2.00000000 32.01126480
v 14.00000000 1.52836978 33.00000000
v 14.00000000 1.40967429 34.00000000
v 14.00000000 1.43008208 35.00000000
v 14.00000000 1.37891197 36.00000000
v 14.00000000 1.57276261 37.00000000
v 13.93713665 2.00000000 38.00000000
v 14.00000000 2.00000000 37.82456589
v 13.53639698 2.00000000 39.00000000
v 13.37981415 2.00000000 40.00000000
v 13.29664993 2.00000000 41.00000000
v 13.17547607 2.00000000 42.00000000
v 13.56885433 3.00000000 12.00000000
v 14.00000000 3.00000000 12.52755547
v 13.95971203 3.00000000 30.00000000
v 14.00000000 3.00000000 29.87852669
v 14.00000000 2.86228943 30.00000000
v 14.00000000 2.34243751 31.00000000
v 13.85557556 3.00000000 31.00000000
v 13.94199181 3.00000000 32.00000000
v 14.00000000 2.98863006 33.00000000
v 13.99736404 3.00000000 33.00000000
v 14.00000000 3.00000000 33.03047180
v 14.00000000 2.42709255 38.00000000
v 13.75702572 3.00000000 39.00000000
v 14.00000000 3.00000000 38.19378662
v 13.60726452 3.00000000 40.00000000
v 13.59860516 3.00000000 41.00000000
v 13.49193382 3.00000000 42.00000000
v 13.05813217 3.00000000 43.00000000
v 13.01778889 4.00000000 11.00000000
v 13.88076496 4.00000000 12.00000000
v 14.00000000 4.00000000 12.11025524
v 14.00000000 3.04424405 30.00000000
v 14.00000000 3.21284032 31.00000000
v 14.00000000 3.07425833 32.00000000
v 14.00000000 3.00437427 33.00000000
v 14.00000000 3.61001849 39.00000000
v 13.93727779 4.00000000 40.00000000
v 14.00000000 4.00000000 39.73213959
v 13.77881813 4.00000000 41.00000000
v 13.68733215 4.00000000 42.00000000
v 13.22320652 4.00000000 43.00000000
v 13.23921013 5.00000000 11.00000000
v 13.98933887 5.00000000 12.00000000
v 14.00000000 5.00000000 12.01123619
v 14.00000000 4.13090134 40.00000000
v 14.00000000 4.48013020 41.00000000
v 13.90480137 5.00000000 42.00000000
v 14.00000000 5.00000000 41.75208282
v 13.41270542 5.00000000 43.00000000
v 13.49915981 6.00000000 11.00000000
v 14.00000000 6.00000000 11.71224213
v 14.00000000 5.04748344 12.00000000
v 14.00000000 5.28772068 42.00000000
v 13.68477631 6.00000000 43.00000000
v 14.00000000 6.00000000 42.48516464
v 13.07805157 6.00000000 44.00000000
v 13.58522797 7.00000000 11.00000000
v 14.00000000 7.00000000 11.58864975
v 13.98887539 7.00000000 43.00000000
v 14.00000000 7.00000000 42.98693085
v 13.31919479 7.00000000 44.00000000
v 13.78787422 8.00000000 11.00000000
v 14.00000000 8.00000000 11.23734283
v 14.00000000 7.15087986 43.00000000
v 13.42686749 8.00000000 44.00000000
v 14.00000000 8.00000000 43.09520721
v 14.00000000 8.52948856 11.00000000
v 14.00000000 9.00000000 10.76452160
v 13.41921329 9.00000000 44.00000000
v 14.00000000 9.00000000 43.20843506
v 13.08283043 9.00000000 45.00000000
v 13.34967709 10.00000000 10.00000000
v 14.00000000 10.00000000 10.47433758
v 13.57020473 10.00000000 44.00000000
v 14.00000000 10.00000000 43.46726608
v 13.19095325 10.00000000 45.00000000
v 13.81057167 11.00000000 10.00000000
v 14.00000000 11.00000000 10.12574100
v 13.60461521 11.00000000 44.00000000
v 14.00000000 11.00000000 43.52261734
v 13.17331886 11.00000000 45.00000000
v 14.00000000 11.27330780 10.00000000
v 14.00000000 12.00000000 9.75796223
v 13.56096268 12.00000000 44.00000000
v 14.00000000 12.00000000 43.51571274
v 13.26283169 12.00000000 45.00000000
v 14.00000000 12.99265194 9.00000000
v 14.00000000 13.00000000 8.99461079
v 13.75577545 13.00000000 44.00000000
v 14.00000000 13.00000000 43.68558502
v 13.25714684 13.00000000 45.00000000
v 14.00000000 14.00000000 8.84294033
v 13.69983482 14.00000000 44.00000000
v 14.00000000 14.00000000 43.57007980
v 13.40300179 14.00000000 45.00000000
v 14.00000000 15.00000000 8.67450809
v 13.47031498 15.00000000 44.00000000
v 14.00000000 15.00000000 43.31278229
v 13.02777100 15.00000000 45.00000000
v 14.00000000 16.00000000 8.70201397
v 13.29639339 16.00000000 44.00000000
v 14.00000000 16.00000000 43.05400085
v 14.00000000 17.00000000 8.56236935
v 13.69741440 17.00000000 43.00000000
v 14.00000000 17.00000000 42.62084961
v 14.00000000 16.10259056 43.00000000
v 13.14866161 17.00000000 44.00000000
v 14.00000000 18.00000000 8.41219902
v 13.60578251 18.00000000 43.00000000
v 14.00000000 18.00000000 42.44788361
v 13.08304977 18.00000000 44.00000000
v 14.00000000 18.43310928 7.00000000
v 14.00000000 19.00000000 6.63870001
v 14.00000000 18.46378517 8.00000000
v 13.96358109 19.00000000 42.00000000
v 14.00000000 19.00000000 41.93243027
v 14.00000000 18.88132668 42.00000000
v 13.47457314 19.00000000 43.00000000
v 13.06851482 19.00000000 44.00000000
v 14.00000000 20.00000000 6.31426620
v 14.00000000 19.80851936 42.00000000
v 13.44916153 20.00000000 43.00000000
v 14.00000000 20.00000000 42.01552582
v 13.07784557 20.00000000 44.00000000
v 14.00000000 21.00000000 6.72713709
v 14.00000000 21.00000000 7.35964489
v 14.00000000 20.74195480 8.00000000
v 14.00000000 21.00000000 8.19180775
v 13.93305016 21.00000000 42.00000000
v 14.00000000 21.00000000 41.88252258
v 14.00000000 20.12519264 42.00000000
v 13.46861362 21.00000000 43.00000000
v 13.04898548 21.00000000 44.00000000
v 14.00000000 22.00000000 6.77161264
v 14.00000000 22.00000000 7.23107815
v 14.00000000 22.00000000 8.17533970
v 14.00000000 21.77660942 42.00000000
v 13.53104973 22.00000000 43.00000000
v 14.00000000 22.00000000 42.04878235
v 13.04620361 22.00000000 44.00000000
v 13.64078140 23.00000000 6.00000000
v 14.00000000 22.57825661 6.00000000
v 14.00000000 23.00000000 5.84697199
v 14.00000000 23.00000000 6.39203358
v 14.00000000 22.20741272 7.00000000
v 14.00000000 23.00000000 8.64587402
v 13.85973072 23.00000000 43.00000000
v 14.00000000 23.00000000 42.67024231
v 13.35117531 23.00000000 44.00000000
v 13.90993881 24.00000000 6.00000000
v 14.00000000 24.00000000 5.95304585
v 14.00000000 24.00000000 6.07506800
v 14.00000000 24.00000000 8.93563652
v 13.93578720 24.00000000 43.00000000
v 14.00000000 24.00000000 42.81704330
v 13.42625618 24.00000000 44.00000000
v 13.16691875 24.00000000 45.00000000
v 14.00000000 25.00000000 5.40207195
v 14.00000000 24.61002731 7.00000000
v 13.27684116 25.00000000 8.00000000
v 14.00000000 25.00000000 7.71672010
v 14.00000000 24.25832176 9.00000000
v 13.45215797 25.00000000 9.00000000
v 14.00000000 25.00000000 9.27781391
v 13.98350239 25.00000000 43.00000000
v 14.00000000 25.00000000 42.95151901
v 13.56584072 25.00000000 44.00000000
v 13.29938698 25.00000000 45.00000000
v 14.00000000 26.00000000 5.16293478
v 13.86938858 26.00000000 8.00000000
v 14.00000000 26.00000000 7.89584160
v 13.20427227 26.00000000 9.00000000
v 14.00000000 26.00000000 9.69062424
v 14.00000000 25.05982971 43.00000000
v 13.74781036 26.00000000 44.00000000
v 14.00000000 26.00000000 43.48302841
v 13.53237820 26.00000000 45.00000000
v 13.01296997 26.00000000 46.00000000
v 14.00000000 27.00000000 5.35485315
v 14.00000000 27.00000000 7.26813984
v 14.00000000 26.56589127 10.00000000
v 13.81981754 27.00000000 10.00000000
v 14.00000000 27.00000000 10.18342972
v 14.00000000 26.97772408 44.00000000
v 13.53592300 27.00000000 45.00000000
v 14.00000000 27.00000000 44.01243591
v 13.00080681 27.00000000 46.00000000
v 14.00000000 28.00000000 5.24414110
v 13.21755409 28.00000000 8.00000000
v 14.00000000 28.00000000 7.47387075
v 13.21765041 28.00000000 9.00000000
v 13.96133614 28.00000000 10.00000000
v 14.00000000 28.00000000 10.05313683
v 13.56060600 28.00000000 45.00000000
v 14.00000000 28.00000000 44.20343781
v 14.00000000 29.00000000 5.72643423
v 14.00000000 29.00000000 7.45750523
v 13.88380909 29.00000000 9.00000000
v 14.00000000 29.00000000 9.14077759
v 14.00000000 28.05961227 10.00000000
v 13.38432884 29.00000000 45.00000000
v 14.00000000 29.00000000 44.33232498
v 13.17949963 30.00000000 6.00000000
v 14.00000000 30.00000000 5.84155273
v 13.27715778 30.00000000 8.00000000
v 14.00000000 30.00000000 7.62216043
v 14.00000000 30.00000000 8.68262768
v 14.00000000 29.56813812 9.00000000
v 13.22628880 30.00000000 45.00000000
v 14.00000000 30.00000000 44.17552948
v 14.00000000 30.24688721 6.00000000
v 14.00000000 31.00000000 6.75031281
v 14.00000000 30.64163208 8.00000000
v 13.45487213 31.00000000 44.00000000
v 14.00000000 31.00000000 43.59999084
v 14.00000000 30.31712151 44.00000000
v 14.00000000 31.60827446 7.00000000
v 14.00000000 31.45255661 8.00000000
v 13.71142960 32.00000000 8.00000000
v 14.00000000 32.00000000 8.37752724
v 13.37372208 32.00000000 44.00000000
v 14.00000000 32.00000000 43.47924805
v 13.54780293 33.00000000 8.00000000
v 14.00000000 33.00000000 8.71140671
v 13.17519855 33.00000000 44.00000000
v 14.00000000 33.00000000 43.08757782
v 13.11779022 34.00000000 8.00000000
v 14.00000000 33.34598160 9.00000000
v 13.83292198 34.00000000 9.00000000
v 14.00000000 34.00000000 9.41755676
v 13.90011883 34.00000000 43.00000000
v 14.00000000 34.00000000 42.86284637
v 14.00000000 33.41082764 43.00000000
v 13.14480305 34.00000000 44.00000000
v 13.49619389 35.00000000 9.00000000
v 14.00000000 34.80014038 10.00000000
v 13.94519329 35.00000000 10.00000000
v 14.00000000 35.00000000 10.10961056
v 13.91402340 35.00000000 43.00000000
v 14.00000000 35.00000000 42.80830765
v 13.31245995 35.00000000 44.00000000
v 13.39167404 36.00000000 9.00000000
v 13.88652611 36.00000000 10.00000000
v 14.00000000 36.00000000 10.22110939
v 13.77845764 36.00000000 43.00000000
v 14.00000000 36.00000000 42.52462387
v 13.17422104 36.00000000 44.00000000
v 13.26766968 37.00000000 9.00000000
v 13.80223751 37.00000000 10.00000000
v 14.00000000 37.00000000 10.56499481
v 13.72630405 37.00000000 43.00000000
v 14.00000000 37.00000000 42.48044586
v 13.08113194 37.00000000 44.00000000
v 13.08057308 38.00000000 9.00000000
v 13.58819103 38.00000000 10.00000000
v 14.00000000 38.00000000 10.87430477
v 13.73551083 38.00000000 43.00000000
v 14.00000000 38.00000000 42.40702438
v 13.08223915 38.00000000 44.00000000
v 13.33187962 39.00000000 10.00000000
v 14.00000000 38.14696503 11.00000000
v 13.49369431 39.00000000 11.00000000
v 14.00000000 38.43279266 12.00000000
v 13.69475174 39.00000000 12.00000000
v 14.00000000 39.00000000 12.64327145
v 13.78487873 39.00000000 43.00000000
v 14.00000000 39.00000000 42.48438263
v 13.14964008 39.00000000 44.00000000
v 13.01555347 40.00000000 10.00000000
v 13.08706474 40.00000000 11.00000000
v 13.44173908 40.00000000 12.00000000
v 14.00000000 40.00000000 12.97865295
v 13.83611393 40.00000000 43.00000000
v 14.00000000 40.00000000 42.63044357
v 13.16234875 40.00000000 44.00000000
v 13.13321018 41.00000000 11.00000000
v 13.46813297 41.00000000 12.00000000
v 14.00000000 40.03165436 13.00000000
v 13.74704933 41.00000000 13.00000000
v 14.00000000 40.61705780 14.00000000
v 13.91827393 41.00000000 14.00000000
v 14.00000000 41.00000000 14.15005684
v 13.98629475 41.00000000 42.00000000
v 14.00000000 41.00000000 41.94340897
v 14.00000000 40.94648361 42.00000000
v 13.55196476 41.00000000 43.00000000
v 13.08270645 42.00000000 11.00000000
v 13.42109680 42.00000000 12.00000000
v 13.54718685 42.00000000 13.00000000
v 13.68134117 42.00000000 14.00000000
v 14.00000000 42.00000000 14.72713661
v 13.92741394 42.00000000 33.00000000
v 14.00000000 42.00000000 32.61441040
v 14.00000000 41.80020905 33.00000000
v 14.00000000 42.00000000 33.37435913
v 13.95749378 42.00000000 41.00000000
v 14.00000000 42.00000000 40.51565552
v 14.00000000 41.84083939 41.00000000
v 13.74971485 42.00000000 42.00000000
v 13.34051609 42.00000000 43.00000000
v 13.20510769 43.00000000 12.00000000
v 13.23506355 43.00000000 13.00000000
v 13.33510685 43.00000000 14.00000000
v 14.00000000 42.56641769 15.00000000
v 13.88691330 43.00000000 15.00000000
v 14.00000000 43.00000000 15.48003292
v 13.95477676 43.00000000 23.00000000
v 14.00000000 43.00000000 22.49805641
v 14.00000000 42.88051987 23.00000000
v 14.00000000 42.95399094 24.00000000
v 13.98481941 43.00000000 24.00000000
v 14.00000000 43.00000000 24.72720528
v 13.98878002 43.00000000 26.00000000
v 14.00000000 43.00000000 25.33519554
v 14.00000000 42.97640228 26.00000000
v 14.00000000 43.00000000 26.31688499
v 13.97295380 43.00000000 29.00000000
v 14.00000000 43.00000000 28.66231537
v 14.00000000 42.93621826 29.00000000
v 14.00000000 42.81448364 30.00000000
v 13.91659832 43.00000000 30.00000000
v 14.00000000 42.48884964 31.00000000
v 13.84709072 43.00000000 31.00000000
v 14.00000000 42.33559418 32.00000000
v 13.82757759 43.00000000 32.00000000
v 13.79177666 43.00000000 33.00000000
v 14.00000000 42.54410553 34.00000000
v 13.90828800 43.00000000 34.00000000
v 14.00000000 43.00000000 34.67063522
v 13.97266102 43.00000000 37.00000000
v 14.00000000 43.00000000 36.77227783
v 14.00000000 42.94348526 37.00000000
v 14.00000000 42.52005386 38.00000000
v 13.78062248 43.00000000 38.00000000
v 14.00000000 42.36682892 39.00000000
v 13.60399437 43.00000000 39.00000000
v 14.00000000 42.06425858 40.00000000
v 13.37189865 43.00000000 40.00000000
v 13.41197681 43.00000000 41.00000000
v 13.28360271 43.00000000 42.00000000
v 13.06744766 44.00000000 12.00000000
v 13.07180977 44.00000000 13.00000000
v 13.09496117 44.00000000 14.00000000
v 13.53370190 44.00000000 15.00000000
v 14.00000000 43.24127960 16.00000000
v 13.68644905 44.00000000 16.00000000
v 14.00000000 43.10661316 17.00000000
v 13.63283062 44.00000000 17.00000000
v 14.00000000 43.14912415 18.00000000
v 13.55669880 44.00000000 18.00000000
v 14.00000000 43.44278717 19.00000000
v 13.68857670 44.00000000 19.00000000
v 14.00000000 43.61642838 20.00000000
v 13.79106236 44.00000000 20.00000000
v 14.00000000 43.45221710 21.00000000
v 13.73225021 44.00000000 21.00000000
v 14.00000000 43.07959366 22.00000000
v 13.56779385 44.00000000 22.00000000
v 13.53285503 44.00000000 23.00000000
v 13.58450222 44.00000000 24.00000000
v 14.00000000 43.01334763 25.00000000
v 13.63956928 44.00000000 25.00000000
v 13.62462616 44.00000000 26.00000000
v 14.00000000 43.04578018 27.00000000
v 13.60124683 44.00000000 27.00000000
v 14.00000000 43.10862732 28.00000000
v 13.63424683 44.00000000 28.00000000
v 13.59799576 44.00000000 29.00000000
v 13.53853226 44.00000000 30.00000000
v 13.49116898 44.00000000 31.00000000
v 13.47351837 44.00000000 32.00000000
v 13.48338032 44.00000000 33.00000000
v 13.55415630 44.00000000 34.00000000
v 14.00000000 43.10081100 35.00000000
v 13.66180515 44.00000000 35.00000000
v 14.00000000 43.18378067 36.00000000
v 13.69232941 44.00000000 36.00000000
v 13.58090115 44.00000000 37.00000000
v 13.41356087 44.00000000 38.00000000
v 13.18643475 44.00000000 39.00000000
v 13.02949715 44.00000000 40.00000000
v 13.13415241 44.00000000 41.00000000
v 13.04837322 45.00000000 14.00000000
v 13.35507584 45.00000000 15.00000000
v 13.45557213 45.00000000 16.00000000
v 13.25860882 45.00000000 17.00000000
v 13.14074421 45.00000000 18.00000000
v 13.27487850 45.00000000 19.00000000
v 13.39581013 45.00000000 20.00000000
v 13.39349174 45.00000000 21.00000000
v 13.28734303 45.00000000 22.00000000
v 13.29395103 45.00000000 23.00000000
v 13.38623905 45.00000000 24.00000000
v 13.44569302 45.00000000 25.00000000
v 13.41559887 45.00000000 26.00000000
v 13.37513447 45.00000000 27.00000000
v 13.41675949 45.00000000 28.00000000
v 13.36942863 45.00000000 29.00000000
v 13.30377388 45.00000000 30.00000000
v 13.25446320 45.00000000 31.00000000
v 13.25267506 45.00000000 32.00000000
v 13.26107597 45.00000000 33.00000000
v 13.34412766 45.00000000 34.00000000
v 13.36992168 45.00000000 35.00000000
v 13.33649635 45.00000000 36.00000000
v 13.27934170 45.00000000 37.00000000
v 13.12066364 45.00000000 38.00000000
v 13.00088215 45.00000000 39.00000000
v 13.13306904 46.00000000 16.00000000
v 13.00187683 46.00000000 20.00000000
v 13.14115047 46.00000000 24.00000000
v 13.19855690 46.00000000 25.00000000
v 13.14122295 46.00000000 26.00000000
v 13.13424397 46.00000000 27.00000000
v 13.14170933 46.00000000 28.00000000
v 13.07470512 46.00000000 29.00000000
v 13.04468155 46.00000000 33.00000000
v 13.05486488 46.00000000 34.00000000
v 13.06804562 46.00000000 35.00000000
v 14.05574131 1.00000000 13.00000000
v 14.33590412 1.00000000 14.00000000
v 14.46988678 1.00000000 15.00000000
v 14.29714870 1.00000000 16.00000000
v 14.39803982 1.00000000 17.00000000
v 14.33355713 1.00000000 18.00000000
v 14.08994293 1.00000000 20.00000000
v 14.11350536 1.00000000 21.00000000
v 14.02393723 1.00000000 22.00000000
v 14.32944965 1.00000000 25.00000000
v 14.32377148 1.00000000 26.00000000
v 14.06957054 1.00000000 27.00000000
v 14.49728584 2.00000000 13.00000000
v 14.76091480 2.00000000 14.00000000
v 14.86689281 2.00000000 15.00000000
v 14.67808247 2.00000000 16.00000000
v 14.77789593 2.00000000 17.00000000
v 14.74884605 2.00000000 18.00000000
v 14.49232388 2.00000000 19.00000000
v 14.51434231 2.00000000 20.00000000
v 14.61833668 2.00000000 21.00000000
v 14.43216419 2.00000000 22.00000000
v 14.36078167 2.00000000 23.00000000
v 14.35289383 2.00000000 24.00000000
v 14.70859909 2.00000000 25.00000000
v 14.67619705 2.00000000 26.00000000
v 14.63625526 2.00000000 27.00000000
v 14.49472332 2.00000000 28.00000000
v 14.43066120 2.00000000 29.00000000
v 14.19603252 2.00000000 30.00000000
v 14.07248497 2.00000000 31.00000000
v 14.26908779 2.00000000 33.00000000
v 14.35834789 2.00000000 34.00000000
v 14.42935944 2.00000000 35.00000000
v 14.36133957 2.00000000 36.00000000
v 14.29525089 2.00000000 37.00000000
v 14.40269947 3.00000000 13.00000000
v 14.89090443 3.00000000 14.00000000
v 15.00000000 3.00000000 14.73988914
v 15.00000000 2.81713009 15.00000000
v 14.89987946 3.00000000 16.00000000
v 15.00000000 3.00000000 15.27103138
v 14.61149216 3.00000000 17.00000000
v 14.46700191 3.00000000 18.00000000
v 14.18721294 3.00000000 19.00000000
v 14.33967590 3.00000000 20.00000000
v 14.33715343 3.00000000 21.00000000
v 14.04788303 3.00000000 22.00000000
v 14.11904144 3.00000000 23.00000000
v 14.36566162 3.00000000 24.00000000
v 14.45836735 3.00000000 25.00000000
v 14.32565784 3.00000000 26.00000000
v 14.38799000 3.00000000 27.00000000
v 14.48538399 3.00000000 28.00000000
v 14.30068588 3.00000000 29.00000000
v 14.09144115 3.00000000 34.00000000
v 14.30860424 3.00000000 35.00000000
v 14.50596428 3.00000000 36.00000000
v 14.57924652 3.00000000 37.00000000
v 14.10094261 3.00000000 38.00000000
v 14.71910954 4.00000000 13.00000000
v 15.00000000 4.00000000 13.60502720
v 15.00000000 3.36381865 14.00000000
v 15.00000000 3.36314917 16.00000000
v 15.00000000 3.84285021 17.00000000
v 15.00000000 3.67527437 18.00000000
v 15.00000000 3.91720748 19.00000000
v 15.00000000 3.63304067 20.00000000
v 15.00000000 3.64159322 21.00000000
v 15.00000000 3.90231633 22.00000000
v 15.00000000 3.99408627 23.00000000
v 15.00000000 3.68198061 24.00000000
v 15.00000000 3.62233472 25.00000000
v 15.00000000 3.75365949 26.00000000
v 15.00000000 3.76946044 27.00000000
v 15.00000000 3.70317912 28.00000000
v 15.00000000 3.65856910 29.00000000
v 14.89342213 4.00000000 30.00000000
v 15.00000000 4.00000000 29.77189827
v 14.85063744 4.00000000 31.00000000
v 14.95660782 4.00000000 32.00000000
v 15.00000000 4.00000000 32.63769150
v 15.00000000 3.97594285 33.00000000
v 15.00000000 3.93742561 34.00000000
v 15.00000000 3.83710241 35.00000000
v 15.00000000 3.65068078 36.00000000
v 15.00000000 3.37039423 37.00000000
v 14.86372089 4.00000000 38.00000000
v 15.00000000 4.00000000 37.81428528
v 14.21345234 4.00000000 39.00000000
v 14.92853355 5.00000000 13.00000000
v 15.00000000 5.00000000 13.16389275
v 15.00000000 4.09471798 30.00000000
v 15.00000000 4.09816027 31.00000000
v 15.00000000 4.03162241 32.00000000
v 15.00000000 4.17724752 38.00000000
v 14.79927254 5.00000000 39.00000000
v 15.00000000 5.00000000 38.68205261
v 14.39883327 5.00000000 40.00000000
v 14.22676849 5.00000000 41.00000000
v 14.17085552 6.00000000 12.00000000
v 14.91970348 6.00000000 13.00000000
v 15.00000000 6.00000000 13.10822105
v 15.00000000 5.41335726 39.00000000
v 14.65030575 6.00000000 40.00000000
v 15.00000000 6.00000000 39.44129562
v 14.41648674 6.00000000 41.00000000
v 14.18207359 6.00000000 42.00000000
v 14.19382858 7.00000000 12.00000000
v 14.63044071 7.00000000 13.00000000
v 15.00000000 7.00000000 13.67207241
v 15.00000000 6.96850157 40.00000000
v 14.64520550 7.00000000 41.00000000
v 15.00000000 7.00000000 40.02453995
v 14.42550755 7.00000000 42.00000000
v 14.38431072 8.00000000 12.00000000
v 14.79454803 8.00000000 13.00000000
v 15.00000000 8.00000000 13.45464420
v 14.83587646 8.00000000 41.00000000
v 15.00000000 8.00000000 40.43497849
v 14.55458260 8.00000000 42.00000000
v 14.04283619 8.00000000 43.00000000
v 14.12690544 9.00000000 11.00000000
v 14.48232937 9.00000000 12.00000000
v 14.89223194 9.00000000 13.00000000
v 15.00000000 9.00000000 13.24964714
v 14.90093899 9.00000000 41.00000000
v 15.00000000 9.00000000 40.75659180
v 14.64386463 9.00000000 42.00000000
v 14.10667229 9.00000000 43.00000000
v 14.27020073 10.00000000 11.00000000
v 14.51082134 10.00000000 12.00000000
v 14.93645096 10.00000000 13.00000000
v 15.00000000 10.00000000 13.22465420
v 14.92032146 10.00000000 41.00000000
v 15.00000000 10.00000000 40.70111465
v 14.68000031 10.00000000 42.00000000
v 14.25161457 10.00000000 43.00000000
v 14.55024719 11.00000000 11.00000000
v 14.68655109 11.00000000 12.00000000
v 14.94791603 11.00000000 13.00000000
v 15.00000000 11.00000000 13.13473988
v 14.91787624 11.00000000 41.00000000
v 15.00000000 11.00000000 40.71900940
v 14.66810417 11.00000000 42.00000000
v 14.27475166 11.00000000 43.00000000
v 14.23495388 12.00000000 10.00000000
v 14.67848110 12.00000000 11.00000000
v 14.78112888 12.00000000 12.00000000
v 15.00000000 12.00000000 12.94408607
v 15.00000000 11.78802395 13.00000000
v 14.80560207 12.00000000 41.00000000
v 15.00000000 12.00000000 40.20344925
v 14.62068939 12.00000000 42.00000000
v 14.24838543 12.00000000 43.00000000
v 14.00483322 13.00000000 9.00000000
v 14.60423756 13.00000000 10.00000000
v 15.00000000 13.00000000 10.91901779
v 15.00000000 12.89286423 11.00000000
v 15.00000000 12.70264244 12.00000000
v 14.99197483 13.00000000 40.00000000
v 15.00000000 13.00000000 39.97786331
v 15.00000000 12.86232758 40.00000000
v 14.74587250 13.00000000 41.00000000
v 14.54837322 13.00000000 42.00000000
v 14.23492813 13.00000000 43.00000000
v 14.09841251 14.00000000 9.00000000
v 14.67540073 14.00000000 10.00000000
v 15.00000000 13.47652054 11.00000000
v 14.96974373 14.00000000 11.00000000
v 15.00000000 14.00000000 11.35073757
v 14.99833488 14.00000000 13.00000000
v 15.00000000 14.00000000 12.96975517
v 15.00000000 13.96903610 13.00000000
v 15.00000000 14.00000000 13.00415421
v 15.00000000 13.09978580 40.00000000
v 14.76017380 14.00000000 41.00000000
v 15.00000000 14.00000000 40.21831512
v 14.48751640 14.00000000 42.00000000
v 14.18155384 14.00000000 43.00000000
v 14.28079128 15.00000000 9.00000000
v 14.90989590 15.00000000 10.00000000
v 15.00000000 15.00000000 10.51233101
v 15.00000000 14.31641197 11.00000000
v 14.96861362 15.00000000 13.00000000
v 15.00000000 15.00000000 12.59280968
v 15.00000000 15.00000000 13.05102062
v 14.87890816 15.00000000 40.00000000
v 15.00000000 15.00000000 39.70052338
v 15.00000000 14.36983109 40.00000000
v 14.72865963 15.00000000 41.00000000
v 14.44540691 15.00000000 42.00000000
v 14.09239101 15.00000000 43.00000000
v 14.25343895 16.00000000 9.00000000
v 15.00000000 16.00000000 9.91800594
v 15.00000000 15.69621658 10.00000000
v 14.99550247 16.00000000 12.00000000
v 15.00000000 16.00000000 11.94518852
v 15.00000000 15.89672661 12.00000000
v 14.92687893 16.00000000 13.00000000
v 15.00000000 16.00000000 13.11714935
v 14.88442326 16.00000000 40.00000000
v 15.00000000 16.00000000 39.68598557
v 14.72700024 16.00000000 41.00000000
v 14.38493061 16.00000000 42.00000000
v 14.01803684 16.00000000 43.00000000
v 14.34238052 17.00000000 9.00000000
v 15.00000000 17.00000000 9.84094620
v 14.99523926 17.00000000 12.00000000
v 15.00000000 17.00000000 11.96116924
v 15.00000000 17.00000000 12.03815460
v 15.00000000 16.43376350 13.00000000
v 14.84988594 17.00000000 40.00000000
v 15.00000000 17.00000000 39.74119186
v 14.57829094 17.00000000 41.00000000
v 14.23683643 17.00000000 42.00000000
v 14.39271832 18.00000000 9.00000000
v 15.00000000 18.00000000 9.68796158
v 15.00000000 17.03732491 12.00000000
v 14.74718571 18.00000000 40.00000000
v 15.00000000 18.00000000 39.57036591
v 14.45225334 18.00000000 41.00000000
v 14.15041447 18.00000000 42.00000000
v 14.72411823 19.00000000 7.00000000
v 14.28545380 19.00000000 8.00000000
v 14.91850567 19.00000000 9.00000000
v 15.00000000 19.00000000 9.11118221
v 14.79994011 19.00000000 40.00000000
v 15.00000000 19.00000000 39.72524643
v 14.34542370 19.00000000 41.00000000
v 15.00000000 19.29259300 7.00000000
v 15.00000000 20.00000000 6.38904572
v 14.94092274 20.00000000 8.00000000
v 15.00000000 20.00000000 7.88176441
v 15.00000000 20.00000000 8.06794739
v 15.00000000 19.11257362 9.00000000
v 14.75628853 20.00000000 40.00000000
v 15.00000000 20.00000000 39.59780121
v 14.34118176 20.00000000 41.00000000
v 14.00537872 20.00000000 42.00000000
v 14.71189976 21.00000000 6.00000000
v 15.00000000 20.58599854 6.00000000
v 15.00000000 21.00000000 5.84866190
v 14.43679810 21.00000000 8.00000000
v 15.00000000 20.12281609 8.00000000
v 14.70900917 21.00000000 40.00000000
v 15.00000000 21.00000000 39.47898483
v 14.35075283 21.00000000 41.00000000
v 14.33334064 22.00000000 6.00000000
v 15.00000000 22.00000000 5.54210806
v 14.35080528 22.00000000 8.00000000
v 14.79907227 22.00000000 40.00000000
v 15.00000000 22.00000000 39.69595718
v 14.44859314 22.00000000 41.00000000
v 14.01463795 22.00000000 42.00000000
v 14.89561176 23.00000000 5.00000000
v 15.00000000 22.83423042 5.00000000
v 15.00000000 23.00000000 4.91556835
v 14.37762737 23.00000000 7.00000000
v 15.00000000 23.00000000 7.65668440
v 15.00000000 22.65159798 8.00000000
v 15.00000000 22.61047745 9.00000000
v 14.49604893 23.00000000 9.00000000
v 15.00000000 22.96165466 10.00000000
v 14.97063828 23.00000000 10.00000000
v 15.00000000 23.00000000 10.07173252
v 14.77355194 23.00000000 40.00000000
v 15.00000000 23.00000000 39.65810013
v 14.48548985 23.00000000 41.00000000
v 14.17014122 23.00000000 42.00000000
v 15.00000000 23.70007324 5.00000000
v 15.00000000 24.00000000 5.07308006
v 14.82088184 24.00000000 7.00000000
v 15.00000000 24.00000000 7.27067614
v 14.12065506 24.00000000 9.00000000
v 14.88581657 24.00000000 10.00000000
v 15.00000000 24.00000000 10.28766155
v 14.82955647 24.00000000 40.00000000
v 15.00000000 24.00000000 39.70392609
v 14.54298592 24.00000000 41.00000000
v 14.16581154 24.00000000 42.00000000
v 14.83483887 25.00000000 5.00000000
v 15.00000000 24.43255424 5.00000000
v 15.00000000 25.00000000 4.95154047
v 14.31236839 25.00000000 8.00000000
v 15.00000000 24.51386452 8.00000000
v 15.00000000 25.00000000 8.46741867
v 14.60598946 25.00000000 10.00000000
v 15.00000000 25.00000000 10.68699932
v 14.89994049 25.00000000 40.00000000
v 15.00000000 25.00000000 39.83737564
v 14.54617691 25.00000000 41.00000000
v 14.20572281 25.00000000 42.00000000
v 14.77229595 26.00000000 5.00000000
v 15.00000000 26.00000000 4.96785212
v 15.00000000 26.00000000 7.88514900
v 15.00000000 25.81389618 8.00000000
v 14.27198982 26.00000000 10.00000000
v 15.00000000 26.00000000 10.98622036
v 14.88807869 26.00000000 40.00000000
v 15.00000000 26.00000000 39.80939865
v 14.56852150 26.00000000 41.00000000
v 14.26866913 26.00000000 42.00000000
v 14.13932705 26.00000000 43.00000000
v 15.00000000 26.32859039 5.00000000
v 15.00000000 27.00000000 5.12917566
v 15.00000000 27.00000000 7.23087549
v 15.00000000 26.02437782 11.00000000
v 14.69526958 27.00000000 11.00000000
v 15.00000000 27.00000000 11.90288353
v 14.99759483 27.00000000 40.00000000
v 15.00000000 27.00000000 39.99683380
v 14.66905117 27.00000000 41.00000000
v 14.44079876 27.00000000 42.00000000
v 14.33413029 27.00000000 43.00000000
v 14.00349808 27.00000000 44.00000000
v 14.58669186 28.00000000 5.00000000
v 15.00000000 27.29804039 5.00000000
v 15.00000000 28.00000000 4.80056429
v 15.00000000 28.00000000 7.29566002
v 14.51053429 28.00000000 11.00000000
v 15.00000000 27.14430237 12.00000000
v 14.84872055 28.00000000 12.00000000
v 15.00000000 27.43758583 13.00000000
v 14.92424202 28.00000000 13.00000000
v 15.00000000 28.00000000 13.30503845
v 15.00000000 27.09584808 40.00000000
v 14.68890285 28.00000000 41.00000000
v 15.00000000 28.00000000 40.05049133
v 14.51319885 28.00000000 42.00000000
v 14.38225174 28.00000000 43.00000000
v 14.06978703 28.00000000 44.00000000
v 15.00000000 28.85678482 5.00000000
v 15.00000000 29.00000000 5.05276346
v 15.00000000 29.00000000 7.07756710
v 14.42481422 29.00000000 10.00000000
v 14.67427444 29.00000000 11.00000000
v 14.80161190 29.00000000 12.00000000
v 14.96873283 29.00000000 13.00000000
v 15.00000000 29.00000000 13.16352272
v 14.79924488 29.00000000 41.00000000
v 15.00000000 29.00000000 40.36373520
v 14.55827427 29.00000000 42.00000000
v 14.40753651 29.00000000 43.00000000
v 14.13181591 29.00000000 44.00000000
v 15.00000000 30.00000000 5.60112906
v 15.00000000 30.00000000 7.02076674
v 14.06686878 30.00000000 9.00000000
v 14.49692440 30.00000000 10.00000000
v 14.68895435 30.00000000 11.00000000
v 14.84288788 30.00000000 12.00000000
v 14.98073769 30.00000000 13.00000000
v 15.00000000 30.00000000 13.11051846
v 14.87993908 30.00000000 41.00000000
v 15.00000000 30.00000000 40.56906891
v 14.52532101 30.00000000 42.00000000
v 14.40554523 30.00000000 43.00000000
v 14.06286335 30.00000000 44.00000000
v 15.00000000 30.32262421 6.00000000
v 15.00000000 30.09548950 7.00000000
v 14.55144596 31.00000000 7.00000000
v 14.09710598 31.00000000 8.00000000
v 14.33999825 31.00000000 9.00000000
v 14.56193829 31.00000000 10.00000000
v 14.65087700 31.00000000 11.00000000
v 14.74506950 31.00000000 12.00000000
v 14.76074219 31.00000000 13.00000000
v 15.00000000 30.66819954 14.00000000
v 14.93128967 31.00000000 14.00000000
v 15.00000000 31.00000000 14.23778057
v 14.75110340 31.00000000 41.00000000
v 15.00000000 31.00000000 40.19187927
v 14.43233395 31.00000000 42.00000000
v 14.21423054 31.00000000 43.00000000
v 14.15750980 32.00000000 9.00000000
v 14.48103046 32.00000000 10.00000000
v 14.62988091 32.00000000 11.00000000
v 14.70009995 32.00000000 12.00000000
v 14.71854019 32.00000000 13.00000000
v 14.84825230 32.00000000 14.00000000
v 15.00000000 32.00000000 14.54227924
v 14.84224606 32.00000000 41.00000000
v 15.00000000 32.00000000 40.44704056
v 14.46771049 32.00000000 42.00000000
v 14.18299580 32.00000000 43.00000000
v 14.07562828 33.00000000 9.00000000
v 14.36399364 33.00000000 10.00000000
v 14.54996586 33.00000000 11.00000000
v 14.67987061 33.00000000 12.00000000
v 14.76333141 33.00000000 13.00000000
v 14.94271851 33.00000000 14.00000000
v 15.00000000 33.00000000 14.32524872
v 14.81540394 33.00000000 41.00000000
v 15.00000000 33.00000000 40.39187241
v 14.41785717 33.00000000 42.00000000
v 14.04088020 33.00000000 43.00000000
v 14.19624615 34.00000000 10.00000000
v 14.44208813 34.00000000 11.00000000
v 14.67762184 34.00000000 12.00000000
v 14.71779251 34.00000000 13.00000000
v 14.78819847 34.00000000 14.00000000
v 15.00000000 33.83446884 15.00000000
v 14.98066235 34.00000000 15.00000000
v 15.00000000 34.00000000 15.10659695
v 14.98366070 34.00000000 40.00000000
v 15.00000000 34.00000000 39.94317245
v 15.00000000 33.89270782 40.00000000
v 14.65494347 34.00000000 41.00000000
v 14.32965374 34.00000000 42.00000000
v 14.38833618 35.00000000 11.00000000
v 14.55474949 35.00000000 12.00000000
v 14.55421448 35.00000000 13.00000000
v 14.52551174 35.00000000 14.00000000
v 14.72296715 35.00000000 15.00000000
v 15.00000000 35.00000000 15.82185173
v 15.00000000 34.36996841 40.00000000
v 14.61663723 35.00000000 41.00000000
v 15.00000000 35.00000000 40.06276703
v 14.24102879 35.00000000 42.00000000
v 14.32721424 36.00000000 11.00000000
v 14.44030571 36.00000000 12.00000000
v 14.47286892 36.00000000 13.00000000
v 14.45332336 36.00000000 14.00000000
v 14.64834404 36.00000000 15.00000000
v 15.00000000 35.77904129 16.00000000
v 14.98231602 36.00000000 16.00000000
v 15.00000000 36.00000000 16.03032684
v 14.77805614 36.00000000 40.00000000
v 15.00000000 36.00000000 39.31533051
v 15.00000000 35.12157440 40.00000000
v 14.43043613 36.00000000 41.00000000
v 14.15227127 36.00000000 42.00000000
v 14.16674614 37.00000000 11.00000000
v 14.26725960 37.00000000 12.00000000
v 14.39964008 37.00000000 13.00000000
v 14.43580914 37.00000000 14.00000000
v 14.56040382 37.00000000 15.00000000
v 14.82643509 37.00000000 16.00000000
v 15.00000000 37.00000000 16.23754311
v 14.89517975 37.00000000 39.00000000
v 15.00000000 37.00000000 38.85586929
v 15.00000000 36.50963211 39.00000000
v 14.54398346 37.00000000 40.00000000
v 14.35433674 37.00000000 41.00000000
v 14.14729118 37.00000000 42.00000000
v 14.05703163 38.00000000 11.00000000
v 14.16218758 38.00000000 12.00000000
v 14.30089283 38.00000000 13.00000000
v 14.34472179 38.00000000 14.00000000
v 14.54767418 38.00000000 15.00000000
v 14.84756851 38.00000000 16.00000000
v 15.00000000 38.00000000 16.21790695
v 14.77893639 38.00000000 39.00000000
v 15.00000000 38.00000000 38.72793579
v 14.48065948 38.00000000 40.00000000
v 14.34062290 38.00000000 41.00000000
v 14.11058712 38.00000000 42.00000000
v 14.08107090 39.00000000 13.00000000
v 14.23017216 39.00000000 14.00000000
v 14.53078556 39.00000000 15.00000000
v 14.88034630 39.00000000 16.00000000
v 15.00000000 39.00000000 16.24403000
v 14.72880173 39.00000000 39.00000000
v 15.00000000 39.00000000 38.65577316
v 14.41745281 39.00000000 40.00000000
v 14.22311211 39.00000000 41.00000000
v 14.09805584 39.00000000 42.00000000
v 14.00568390 40.00000000 13.00000000
v 14.10922813 40.00000000 14.00000000
v 14.48995495 40.00000000 15.00000000
v 14.80882168 40.00000000 16.00000000
v 15.00000000 40.00000000 16.42698288
v 14.67934418 40.00000000 39.00000000
v 15.00000000 40.00000000 38.53000259
v 14.41470242 40.00000000 40.00000000
v 14.32331371 40.00000000 41.00000000
v 14.12440109 40.00000000 42.00000000
v 14.40247536 41.00000000 15.00000000
v 14.64231014 41.00000000 16.00000000
v 15.00000000 41.00000000 16.98538589
v 14.77027893 41.00000000 32.00000000
v 15.00000000 41.00000000 31.54432487
v 15.00000000 40.63838959 32.00000000
v 15.00000000 40.29221725 33.00000000
v 14.62722874 41.00000000 33.00000000
v 15.00000000 41.00000000 33.93570709
v 14.85044575 41.00000000 38.00000000
v 15.00000000 41.00000000 37.76391220
v 15.00000000 40.79195404 38.00000000
v 14.50547981 41.00000000 39.00000000
v 14.30443001 41.00000000 40.00000000
v 14.15310764 41.00000000 41.00000000
v 14.11739540 42.00000000 15.00000000
v 14.31955433 42.00000000 16.00000000
v 15.00000000 41.01273346 17.00000000
v 14.54829979 42.00000000 17.00000000
v 15.00000000 41.83847046 18.00000000
v 14.89709091 42.00000000 18.00000000
v 15.00000000 42.00000000 18.63996124
v 14.97474289 42.00000000 21.00000000
v 15.00000000 42.00000000 20.56429863
v 15.00000000 41.97349167 21.00000000
v 15.00000000 41.84072876 22.00000000
v 14.86957169 42.00000000 22.00000000
v 15.00000000 41.62240219 23.00000000
v 14.56150246 42.00000000 23.00000000
v 15.00000000 41.52182770 24.00000000
v 14.53124619 42.00000000 24.00000000
v 15.00000000 41.81879044 25.00000000
v 14.75757027 42.00000000 25.00000000
v 15.00000000 42.00000000 25.57498932
v 14.85256577 42.00000000 29.00000000
v 15.00000000 42.00000000 28.53289604
v 15.00000000 41.87679672 29.00000000
v 15.00000000 41.67523193 30.00000000
v 14.67747116 42.00000000 30.00000000
v 15.00000000 41.24244690 31.00000000
v 14.25877190 42.00000000 31.00000000
v 14.15350151 42.00000000 32.00000000
v 15.00000000 41.02792358 34.00000000
v 14.22690773 42.00000000 34.00000000
v 15.00000000 41.56272125 35.00000000
v 14.53407001 42.00000000 35.00000000
v 15.00000000 41.58039093 36.00000000
v 14.68014431 42.00000000 36.00000000
v 15.00000000 41.53326797 37.00000000
v 14.66557980 42.00000000 37.00000000
v 14.32634640 42.00000000 38.00000000
v 14.18872070 42.00000000 39.00000000
v 14.03930569 42.00000000 40.00000000
v 14.10514832 43.00000000 16.00000000
v 14.04811573 43.00000000 17.00000000
v 14.09941769 43.00000000 18.00000000
v 15.00000000 42.09364319 19.00000000
v 14.37817478 43.00000000 19.00000000
v 15.00000000 42.04470825 20.00000000
v 14.41511059 43.00000000 20.00000000
v 14.33542824 43.00000000 21.00000000
v 14.06596375 43.00000000 22.00000000
v 14.00909805 43.00000000 25.00000000
v 15.00000000 42.13300323 26.00000000
v 15.00000000 42.12553024 27.00000000
v 14.04411221 43.00000000 27.00000000
v 15.00000000 42.11789322 28.00000000
v 14.08300686 43.00000000 28.00000000
v 14.08625031 43.00000000 35.00000000
v 14.11981869 43.00000000 36.00000000
v 15.02619743 3.00000000 15.00000000
v 15.12670803 4.00000000 14.00000000
v 15.19288254 4.00000000 15.00000000
v 15.11132431 4.00000000 16.00000000
v 15.04150867 4.00000000 17.00000000
v 15.16569138 4.00000000 18.00000000
v 15.05219173 4.00000000 19.00000000
v 15.23742390 4.00000000 20.00000000
v 15.31270885 4.00000000 21.00000000
v 15.11289120 4.00000000 22.00000000
v 15.00709057 4.00000000 23.00000000
v 15.32170486 4.00000000 24.00000000
v 15.36072445 4.00000000 25.00000000
v 15.22939396 4.00000000 26.00000000
v 15.19057846 4.00000000 27.00000000
v 15.21386051 4.00000000 28.00000000
v 15.32023335 4.00000000 29.00000000
v 15.02127361 4.00000000 33.00000000
v 15.05610371 4.00000000 34.00000000
v 15.12712288 4.00000000 35.00000000
v 15.23164082 4.00000000 36.00000000
v 15.53557491 4.00000000 37.00000000
v 15.19971943 5.00000000 14.00000000
v 15.33106041 5.00000000 15.00000000
v 15.32096004 5.00000000 16.00000000
v 15.33193207 5.00000000 17.00000000
v 15.51513958 5.00000000 18.00000000
v 15.65357590 5.00000000 19.00000000
v 16.00000000 5.00000000 19.97150803
v 16.00000000 4.98542595 20.00000000
v 16.00000000 4.67323732 21.00000000
v 16.00000000 4.73198414 22.00000000
v 16.00000000 4.77978277 23.00000000
v 16.00000000 4.68282175 24.00000000
v 16.00000000 4.62316656 25.00000000
v 16.00000000 4.76512337 26.00000000
v 16.00000000 4.80096579 27.00000000
v 16.00000000 4.75667858 28.00000000
v 16.00000000 4.66851282 29.00000000
v 16.00000000 4.99912930 30.00000000
v 15.99655342 5.00000000 31.00000000
v 16.00000000 5.00000000 30.22228050
v 15.93722534 5.00000000 32.00000000
v 16.00000000 5.00000000 32.50527954
v 16.00000000 4.92865229 33.00000000
v 15.86404228 5.00000000 34.00000000
v 16.00000000 5.00000000 33.32496643
v 15.92462349 5.00000000 35.00000000
v 15.95894527 5.00000000 36.00000000
v 16.00000000 5.00000000 36.47512817
v 16.00000000 4.90023947 37.00000000
v 15.48123741 5.00000000 38.00000000
v 16.00000000 5.00000000 37.07766342
v 15.33877659 6.00000000 14.00000000
v 15.47912979 6.00000000 15.00000000
v 15.45648766 6.00000000 16.00000000
v 15.54694176 6.00000000 17.00000000
v 15.87467098 6.00000000 18.00000000
v 16.00000000 6.00000000 18.35734558
v 16.00000000 5.64124298 19.00000000
v 16.00000000 5.00433636 31.00000000
v 16.00000000 5.09722710 32.00000000
v 16.00000000 5.22305870 34.00000000
v 16.00000000 5.13864040 35.00000000
v 16.00000000 5.09335041 36.00000000
v 15.97093964 6.00000000 38.00000000
v 16.00000000 6.00000000 37.94186783
v 15.39103127 6.00000000 39.00000000
v 15.16285324 7.00000000 14.00000000
v 15.33189011 7.00000000 15.00000000
v 15.35847473 7.00000000 16.00000000
v 15.52642536 7.00000000 17.00000000
v 15.99097347 7.00000000 18.00000000
v 16.00000000 7.00000000 18.01917648
v 16.00000000 6.45700932 38.00000000
v 15.62755966 7.00000000 39.00000000
v 16.00000000 7.00000000 38.07528687
v 15.01423359 7.00000000 40.00000000
v 15.22261429 8.00000000 14.00000000
v 15.40843487 8.00000000 15.00000000
v 15.47505760 8.00000000 16.00000000
v 15.72832012 8.00000000 17.00000000
v 16.00000000 8.00000000 17.71442986
v 16.00000000 7.06941080 18.00000000
v 15.80711651 8.00000000 39.00000000
v 16.00000000 8.00000000 38.48025131
v 15.19901752 8.00000000 40.00000000
v 15.31852627 9.00000000 14.00000000
v 15.45779419 9.00000000 15.00000000
v 15.48107243 9.00000000 16.00000000
v 15.77020931 9.00000000 17.00000000
v 16.00000000 9.00000000 17.42274284
v 15.91176319 9.00000000 39.00000000
v 16.00000000 9.00000000 38.79434967
v 15.37848186 9.00000000 40.00000000
v 15.20430946 10.00000000 14.00000000
v 15.40964317 10.00000000 15.00000000
v 15.41284466 10.00000000 16.00000000
v 15.78552151 10.00000000 17.00000000
v 16.00000000 10.00000000 17.43694878
v 15.78662300 10.00000000 39.00000000
v 16.00000000 10.00000000 38.58332062
v 15.26088619 10.00000000 40.00000000
v 15.38005161 11.00000000 14.00000000
v 15.58841133 11.00000000 15.00000000
v 15.62396145 11.00000000 16.00000000
v 15.86549568 11.00000000 17.00000000
v 16.00000000 11.00000000 17.23620796
v 15.76041698 11.00000000 39.00000000
v 16.00000000 11.00000000 38.23544312
v 15.27566719 11.00000000 40.00000000
v 15.01495934 12.00000000 13.00000000
v 15.39812660 12.00000000 14.00000000
v 15.61365604 12.00000000 15.00000000
v 15.58908939 12.00000000 16.00000000
v 15.86107254 12.00000000 17.00000000
v 16.00000000 12.00000000 17.25061035
v 15.82206154 12.00000000 38.00000000
v 16.00000000 12.00000000 37.67723846
v 16.00000000 11.26590252 38.00000000
v 15.50064659 12.00000000 39.00000000
v 15.06848240 12.00000000 40.00000000
v 15.02836609 13.00000000 11.00000000
v 15.10079193 13.00000000 12.00000000
v 15.05656719 13.00000000 13.00000000
v 15.47016430 13.00000000 14.00000000
v 15.76457977 13.00000000 15.00000000
v 15.71778679 13.00000000 16.00000000
v 16.00000000 13.00000000 16.96917915
v 16.00000000 12.93548965 17.00000000
v 15.87602329 13.00000000 38.00000000
v 16.00000000 13.00000000 37.73218536
v 15.54942513 13.00000000 39.00000000
v 15.05206490 14.00000000 12.00000000
v 15.47942638 14.00000000 14.00000000
v 15.76696682 14.00000000 15.00000000
v 15.74788189 14.00000000 16.00000000
v 16.00000000 14.00000000 16.81047249
v 16.00000000 13.53962135 38.00000000
v 15.71862793 14.00000000 39.00000000
v 16.00000000 14.00000000 38.28107071
v 15.09855080 14.00000000 40.00000000
v 15.05792332 15.00000000 11.00000000
v 15.03884220 15.00000000 12.00000000
v 15.65393543 15.00000000 14.00000000
v 15.97158241 15.00000000 15.00000000
v 15.94308376 15.00000000 16.00000000
v 16.00000000 15.00000000 16.76627922
v 15.79551601 15.00000000 38.00000000
v 16.00000000 15.00000000 37.72079086
v 16.00000000 14.36930561 38.00000000
v 15.48024654 15.00000000 39.00000000
v 15.02305698 16.00000000 10.00000000
v 15.07504177 16.00000000 11.00000000
v 15.69695187 16.00000000 14.00000000
v 16.00000000 16.00000000 14.65459442
v 16.00000000 15.15439796 15.00000000
v 16.00000000 15.40323162 16.00000000
v 15.69223213 16.00000000 38.00000000
v 16.00000000 16.00000000 37.65506744
v 15.39120960 16.00000000 39.00000000
v 15.05787182 17.00000000 10.00000000
v 15.08226967 17.00000000 11.00000000
v 15.08802223 17.00000000 13.00000000
v 15.83006191 17.00000000 14.00000000
v 16.00000000 17.00000000 14.39090919
v 16.00000000 16.68689919 38.00000000
v 15.91601849 17.00000000 39.00000000
v 16.00000000 17.00000000 38.68698502
v 15.10042191 18.00000000 10.00000000
v 15.17256832 18.00000000 11.00000000
v 15.08137035 18.00000000 12.00000000
v 15.21097660 18.00000000 13.00000000
v 16.00000000 18.00000000 13.96575642
v 16.00000000 17.84712410 14.00000000
v 15.77297211 18.00000000 39.00000000
v 16.00000000 18.00000000 38.50167084
v 15.27223587 19.00000000 10.00000000
v 15.21073818 19.00000000 11.00000000
v 15.27579021 19.00000000 12.00000000
v 15.48735905 19.00000000 13.00000000
v 16.00000000 19.00000000 13.69383144
v 16.00000000 18.78265762 39.00000000
v 16.00000000 19.00000000 39.03842163
v 15.37045574 20.00000000 7.00000000
v 15.29818821 20.00000000 9.00000000
v 15.60901642 20.00000000 10.00000000
v 15.43967724 20.00000000 11.00000000
v 15.42100716 20.00000000 12.00000000
v 15.72405052 20.00000000 13.00000000
v 16.00000000 20.00000000 13.53905678
v 15.73237133 20.00000000 39.00000000
v 16.00000000 20.00000000 38.03897476
v 16.00000000 19.17259216 39.00000000
v 15.30525017 21.00000000 6.00000000
v 16.00000000 21.00000000 6.88263369
v 16.00000000 20.92582321 7.00000000
v 15.45108509 21.00000000 8.00000000
v 16.00000000 21.00000000 7.10460901
v 15.45847321 21.00000000 9.00000000
v 15.68745708 21.00000000 10.00000000
v 15.48418045 21.00000000 11.00000000
v 15.49704266 21.00000000 12.00000000
v 15.75249958 21.00000000 13.00000000
v 16.00000000 21.00000000 13.42119122
v 15.61402035 21.00000000 39.00000000
v 16.00000000 21.00000000 38.51941299
v 15.68095684 22.00000000 6.00000000
v 16.00000000 22.00000000 6.54394150
v 15.40083504 22.00000000 8.00000000
v 16.00000000 22.00000000 7.22381687
v 15.45307159 22.00000000 9.00000000
v 15.58073997 22.00000000 10.00000000
v 15.45495987 22.00000000 11.00000000
v 15.49541855 22.00000000 12.00000000
v 15.69955063 22.00000000 13.00000000
v 16.00000000 22.00000000 13.47841454
v 15.88026619 22.00000000 39.00000000
v 16.00000000 22.00000000 38.82703018
v 15.22928143 23.00000000 5.00000000
v 15.95678806 23.00000000 6.00000000
v 16.00000000 22.29319000 7.00000000
v 15.49602890 23.00000000 7.00000000
v 15.26397324 23.00000000 11.00000000
v 15.36869717 23.00000000 12.00000000
v 15.55997372 23.00000000 13.00000000
v 16.00000000 23.00000000 13.68721867
v 15.95341873 23.00000000 39.00000000
v 16.00000000 23.00000000 38.95409393
v 15.61784458 24.00000000 6.00000000
v 15.15315628 24.00000000 7.00000000
v 15.19289684 24.00000000 11.00000000
v 15.27550125 24.00000000 12.00000000
v 15.47483063 24.00000000 13.00000000
v 16.00000000 24.00000000 13.79919910
v 15.77820301 24.00000000 39.00000000
v 16.00000000 24.00000000 38.73103333
v 15.08436203 25.00000000 5.00000000
v 15.61951065 25.00000000 6.00000000
v 15.73093128 25.00000000 7.00000000
v 15.26022530 25.00000000 8.00000000
v 15.06559944 25.00000000 11.00000000
v 15.15864468 25.00000000 12.00000000
v 15.18147469 25.00000000 13.00000000
v 16.00000000 24.56490898 14.00000000
v 15.85381889 25.00000000 14.00000000
v 16.00000000 25.00000000 14.26095676
v 15.95654106 25.00000000 39.00000000
v 16.00000000 25.00000000 38.90835190
v 15.05210114 26.00000000 5.00000000
v 15.86912441 26.00000000 6.00000000
v 15.72136211 26.00000000 7.00000000
v 15.00380135 26.00000000 11.00000000
v 15.12801170 26.00000000 12.00000000
v 15.12266922 26.00000000 13.00000000
v 15.65384483 26.00000000 14.00000000
v 16.00000000 26.00000000 14.40842724
v 15.97240162 26.00000000 39.00000000
v 16.00000000 26.00000000 38.95137024
v 15.99756145 27.00000000 6.00000000
v 15.28719234 27.00000000 7.00000000
v 15.01828384 27.00000000 12.00000000
v 15.07660675 27.00000000 13.00000000
v 15.40834141 27.00000000 14.00000000
v 16.00000000 26.90898323 15.00000000
v 15.95799637 27.00000000 15.00000000
v 16.00000000 27.00000000 15.07615185
v 16.00000000 26.12040138 39.00000000
v 16.00000000 27.00000000 39.17176819
v 15.78255939 28.00000000 5.00000000
v 16.00000000 28.00000000 5.19217539
v 16.00000000 27.00595665 6.00000000
v 15.35007668 28.00000000 7.00000000
v 16.00000000 28.00000000 6.31001043
v 15.23554134 28.00000000 14.00000000
v 15.81670856 28.00000000 15.00000000
v 16.00000000 28.00000000 15.31252766
v 15.99121189 28.00000000 39.00000000
v 16.00000000 28.00000000 38.97642517
v 16.00000000 27.95359612 39.00000000
v 15.02972031 28.00000000 40.00000000
v 16.00000000 28.53174019 6.00000000
v 15.74473667 29.00000000 6.00000000
v 15.06287670 29.00000000 7.00000000
v 15.20390987 29.00000000 14.00000000
v 15.68737984 29.00000000 15.00000000
v 16.00000000 29.00000000 15.63815117
v 15.98752308 29.00000000 38.00000000
v 16.00000000 29.00000000 37.97690582
v 16.00000000 28.95794487 38.00000000
v 15.78877735 29.00000000 39.00000000
v 15.16705608 29.00000000 40.00000000
v 15.32779312 30.00000000 6.00000000
v 15.01445580 30.00000000 7.00000000
v 15.17520714 30.00000000 14.00000000
v 15.63288307 30.00000000 15.00000000
v 16.00000000 30.00000000 15.70389652
v 16.00000000 29.09703064 38.00000000
v 15.81554127 30.00000000 39.00000000
v 16.00000000 30.00000000 38.36002731
v 15.22815704 30.00000000 40.00000000
v 15.34006310 31.00000000 15.00000000
v 16.00000000 30.47371864 16.00000000
v 15.79494572 31.00000000 16.00000000
v 16.00000000 31.00000000 16.18282127
v 15.61390495 31.00000000 39.00000000
v 16.00000000 31.00000000 38.38972092
v 15.09292889 31.00000000 40.00000000
v 15.20067787 32.00000000 15.00000000
v 15.62390518 32.00000000 16.00000000
v 16.00000000 32.00000000 16.29804993
v 15.74498177 32.00000000 39.00000000
v 16.00000000 32.00000000 38.55610275
v 15.21322536 32.00000000 40.00000000
v 15.14478588 33.00000000 15.00000000
v 15.42617416 33.00000000 16.00000000
v 16.00000000 33.00000000 16.54200363
v 15.91952038 33.00000000 39.00000000
v 16.00000000 33.00000000 38.91207504
v 15.23902225 33.00000000 40.00000000
v 15.25928402 34.00000000 16.00000000
v 16.00000000 34.00000000 16.68205452
v 15.62153816 34.00000000 39.00000000
v 16.00000000 34.00000000 38.65746689
v 15.09263229 35.00000000 16.00000000
v 16.00000000 35.00000000 16.91671562
v 15.72683239 35.00000000 39.00000000
v 16.00000000 35.00000000 38.72343445
v 15.04808140 35.00000000 40.00000000
v 16.00000000 35.85476685 17.00000000
v 15.98360062 36.00000000 17.00000000
v 16.00000000 36.00000000 17.02077866
v 15.17888355 36.00000000 39.00000000
v 16.00000000 36.00000000 38.10884857
v 16.00000000 36.08100891 17.00000000
v 16.00000000 37.00000000 16.86322403
v 16.00000000 37.00000000 38.29656219
v 16.00000000 38.00000000 16.74790192
v 16.00000000 38.00000000 38.31197357
v 16.00000000 39.00000000 16.94581413
v 16.00000000 39.00000000 38.19694138
v 16.00000000 39.38128281 17.00000000
v 15.83778763 40.00000000 17.00000000
v 16.00000000 40.00000000 17.14426613
v 15.88133621 40.00000000 32.00000000
v 16.00000000 40.00000000 31.92152023
v 16.00000000 39.89422607 32.00000000
v 16.00000000 40.00000000 32.75335312
v 15.94584656 40.00000000 38.00000000
v 16.00000000 40.00000000 37.96238327
v 16.00000000 39.89666367 38.00000000
v 15.01186275 41.00000000 17.00000000
v 16.00000000 40.97626114 18.00000000
v 15.98338127 41.00000000 18.00000000
v 16.00000000 41.00000000 18.02328682
v 15.91262341 41.00000000 23.00000000
v 16.00000000 41.00000000 22.70940971
v 16.00000000 40.88798141 23.00000000
v 16.00000000 40.83045959 24.00000000
v 15.84933281 41.00000000 24.00000000
v 16.00000000 41.00000000 24.29230309
v 15.34446812 41.00000000 31.00000000
v 16.00000000 41.00000000 30.19683456
v 16.00000000 40.55112076 31.00000000
v 16.00000000 40.02397537 33.00000000
v 16.00000000 40.57425690 34.00000000
v 15.06675911 41.00000000 34.00000000
v 16.00000000 40.93971252 35.00000000
v 15.90875912 41.00000000 35.00000000
v 16.00000000 40.90317535 36.00000000
v 15.85757446 41.00000000 36.00000000
v 16.00000000 40.80766296 37.00000000
v 15.70903969 41.00000000 37.00000000
v 16.00000000 41.45565033 19.00000000
v 15.11346340 42.00000000 19.00000000
v 16.00000000 41.37773514 20.00000000
v 15.04797649 42.00000000 20.00000000
v 16.00000000 41.30006027 21.00000000
v 16.00000000 41.14611435 22.00000000
v 16.00000000 41.21786880 25.00000000
v 16.00000000 41.50203705 26.00000000
v 15.21499729 42.00000000 26.00000000
v 16.00000000 41.53394699 27.00000000
v 15.22202873 42.00000000 27.00000000
v 16.00000000 41.43644333 28.00000000
v 15.16851521 42.00000000 28.00000000
v 16.00000000 41.19641113 29.00000000
v 16.00000000 41.09425354 30.00000000
v 16.01500130 5.00000000 20.00000000
v 16.49219894 5.00000000 21.00000000
v 16.67895508 5.00000000 22.00000000
v 16.56754684 5.00000000 23.00000000
v 16.61757851 5.00000000 24.00000000
v 16.91677094 5.00000000 25.00000000
v 16.54726219 5.00000000 26.00000000
v 16.53207779 5.00000000 27.00000000
v 16.52480125 5.00000000 28.00000000
v 17.00000000 5.00000000 28.91069412
v 17.00000000 4.97614527 29.00000000
v 16.00444412 5.00000000 30.00000000
v 17.00000000 5.00000000 29.09609604
v 16.12553787 5.00000000 33.00000000
v 16.17313194 5.00000000 37.00000000
v 16.30192757 6.00000000 19.00000000
v 16.90775299 6.00000000 20.00000000
v 17.00000000 6.00000000 20.12051392
v 17.00000000 5.40720606 21.00000000
v 17.00000000 5.22790718 22.00000000
v 17.00000000 5.24718714 23.00000000
v 17.00000000 5.25013256 24.00000000
v 17.00000000 5.07060814 25.00000000
v 17.00000000 5.31147909 26.00000000
v 17.00000000 5.31362200 27.00000000
v 17.00000000 5.35516500 28.00000000
v 17.00000000 5.33387089 30.00000000
v 17.00000000 5.53487492 31.00000000
v 17.00000000 5.71784973 32.00000000
v 17.00000000 5.90386581 33.00000000
v 16.66863441 6.00000000 34.00000000
v 17.00000000 6.00000000 33.17123795
v 16.91065025 6.00000000 35.00000000
v 16.97311401 6.00000000 36.00000000
v 17.00000000 6.00000000 36.17657852
v 17.00000000 5.80829668 37.00000000
v 17.00000000 6.00000000 37.12832260
v 16.60357094 7.00000000 19.00000000
v 17.00000000 7.00000000 19.52568054
v 17.00000000 6.17163992 20.00000000
v 17.00000000 6.83262682 34.00000000
v 16.98248672 7.00000000 35.00000000
v 17.00000000 7.00000000 34.78594208
v 16.96187210 7.00000000 36.00000000
v 17.00000000 7.00000000 36.63003922
v 16.06881332 7.00000000 38.00000000
v 17.00000000 7.00000000 37.03482056
v 16.12518501 8.00000000 18.00000000
v 16.91083336 8.00000000 19.00000000
v 17.00000000 8.00000000 19.12018013
v 17.00000000 7.05088139 35.00000000
v 17.00000000 7.15011549 36.00000000
v 16.44566917 8.00000000 38.00000000
v 17.00000000 8.00000000 37.43089294
v 16.34178734 9.00000000 18.00000000
v 17.00000000 9.00000000 18.90506935
v 17.00000000 8.48385048 19.00000000
v 16.58650208 9.00000000 38.00000000
v 17.00000000 9.00000000 37.49153137
v 16.32080460 10.00000000 18.00000000
v 17.00000000 10.00000000 18.88183594
v 16.44653702 10.00000000 38.00000000
v 17.00000000 10.00000000 37.27870178
v 16.47363281 11.00000000 18.00000000
v 17.00000000 11.00000000 18.56910896
v 16.91275978 11.00000000 37.00000000
v 17.00000000 11.00000000 36.75479126
v 17.00000000 10.75336933 37.00000000
v 16.09649849 11.00000000 38.00000000
v 16.43987465 12.00000000 18.00000000
v 17.00000000 12.00000000 18.64911652
v 16.95116806 12.00000000 36.00000000
v 17.00000000 12.00000000 35.82328415
v 17.00000000 11.77772522 36.00000000
v 16.58587646 12.00000000 37.00000000
v 16.00986481 13.00000000 17.00000000
v 16.49289513 13.00000000 18.00000000
v 17.00000000 13.00000000 18.52867126
v 17.00000000 12.74512577 36.00000000
v 17.00000000 12.99629784 37.00000000
v 17.00000000 13.00000000 37.00141525
v 16.05695724 14.00000000 17.00000000
v 16.49473190 14.00000000 18.00000000
v 17.00000000 14.00000000 18.52214813
v 16.27678108 14.00000000 38.00000000
v 17.00000000 14.00000000 37.44776917
v 16.02429581 15.00000000 17.00000000
v 16.63657570 15.00000000 18.00000000
v 17.00000000 15.00000000 18.37227631
v 17.00000000 15.00000000 37.26445770
v 16.19269180 16.00000000 15.00000000
v 16.11061287 16.00000000 16.00000000
v 16.36386681 16.00000000 17.00000000
v 16.98370361 16.00000000 18.00000000
v 17.00000000 16.00000000 18.01413536
v 17.00000000 16.00000000 37.19989014
v 16.42363930 17.00000000 15.00000000
v 16.35116577 17.00000000 16.00000000
v 16.44439316 17.00000000 17.00000000
v 17.00000000 17.00000000 17.78871536
v 17.00000000 16.10004616 18.00000000
v 16.28556252 17.00000000 38.00000000
v 17.00000000 17.00000000 37.42458725
v 16.05193329 18.00000000 14.00000000
v 16.84822464 18.00000000 15.00000000
v 16.63788223 18.00000000 16.00000000
v 16.83210182 18.00000000 17.00000000
v 17.00000000 18.00000000 17.35571480
v 16.33251762 18.00000000 38.00000000
v 17.00000000 18.00000000 37.11204910
v 16.35241318 19.00000000 14.00000000
v 17.00000000 19.00000000 14.57564831
v 17.00000000 18.22079659 15.00000000
v 17.00000000 18.44169044 16.00000000
v 17.00000000 18.24571419 17.00000000
v 16.52555656 19.00000000 38.00000000
v 17.00000000 19.00000000 37.19402695
v 16.04763603 19.00000000 39.00000000
v 17.00000000 19.62576485 14.00000000
v 17.00000000 20.00000000 13.77483368
v 16.99001503 20.00000000 36.00000000
v 17.00000000 20.00000000 35.98399353
v 17.00000000 19.96900940 36.00000000
v 17.00000000 19.28955650 37.00000000
v 16.77017593 20.00000000 37.00000000
v 16.02152061 20.00000000 38.00000000
v 16.10211563 21.00000000 7.00000000
v 17.00000000 21.00000000 13.77557468
v 17.00000000 20.03559875 36.00000000
v 17.00000000 20.59020805 37.00000000
v 16.58666801 21.00000000 38.00000000
v 17.00000000 21.00000000 37.37581253
v 16.19801140 22.00000000 7.00000000
v 17.00000000 22.00000000 13.86554718
v 16.99490738 22.00000000 38.00000000
v 17.00000000 22.00000000 37.99423218
v 17.00000000 23.00000000 13.93744278
v 16.87089920 23.00000000 38.00000000
v 17.00000000 23.00000000 37.81141663
v 17.00000000 24.00000000 13.93251991
v 16.55507469 24.00000000 38.00000000
v 17.00000000 24.00000000 37.38969040
v 16.36021233 25.00000000 14.00000000
v 17.00000000 25.00000000 13.79691696
v 16.41638374 25.00000000 38.00000000
v 17.00000000 25.00000000 37.16820526
v 17.00000000 25.61665154 14.00000000
v 17.00000000 26.00000000 14.18546009
v 16.97512817 26.00000000 36.00000000
v 17.00000000 26.00000000 35.95254135
v 17.00000000 25.91801071 36.00000000
v 17.00000000 26.00000000 36.39852905
v 16.43964767 26.00000000 38.00000000
v 17.00000000 26.00000000 37.06287003
v 16.54874229 27.00000000 2.00000000
v 17.00000000 26.71814537 2.00000000
v 17.00000000 27.00000000 1.80695164
v 17.00000000 27.00000000 2.64064956
v 17.00000000 26.91327667 15.00000000
v 17.00000000 27.00000000 15.14537334
v 17.00000000 26.28259277 36.00000000
v 17.00000000 26.98261833 37.00000000
v 16.99924278 27.00000000 37.00000000
v 17.00000000 27.00000000 36.98959351
v 16.46533012 27.00000000 38.00000000
v 16.14246941 27.00000000 39.00000000
v 16.26388550 28.00000000 2.00000000
v 17.00000000 28.00000000 1.72642696
v 17.00000000 27.31525040 3.00000000
v 16.26740074 28.00000000 3.00000000
v 17.00000000 28.00000000 3.58065748
v 16.82484245 28.00000000 6.00000000
v 17.00000000 28.00000000 15.56064224
v 16.87174416 28.00000000 36.00000000
v 17.00000000 28.00000000 35.67079544
v 17.00000000 27.29646683 36.00000000
v 16.78078270 28.00000000 37.00000000
v 16.32570839 28.00000000 38.00000000
v 17.00000000 28.79060745 2.00000000
v 17.00000000 28.95045853 3.00000000
v 17.00000000 29.00000000 15.60172176
v 16.94597626 29.00000000 36.00000000
v 17.00000000 29.00000000 35.75761032
v 16.66586113 29.00000000 37.00000000
v 17.00000000 29.85700798 16.00000000
v 16.82132530 30.00000000 16.00000000
v 17.00000000 30.00000000 16.05570602
v 16.90573311 30.00000000 36.00000000
v 17.00000000 30.00000000 35.70882416
v 16.61284828 30.00000000 37.00000000
v 16.12132263 30.00000000 38.00000000
v 17.00000000 31.00000000 16.69205666
v 17.00000000 30.19453049 36.00000000
v 17.00000000 30.87008476 37.00000000
v 16.37209702 31.00000000 38.00000000
v 17.00000000 31.00000000 37.11431122
v 17.00000000 32.00000000 16.99184418
v 16.58042526 32.00000000 38.00000000
v 17.00000000 32.00000000 37.19854355
v 17.00000000 32.02325058 17.00000000
v 16.60709190 33.00000000 17.00000000
v 17.00000000 33.00000000 17.32921600
v 16.89656067 33.00000000 38.00000000
v 17.00000000 33.00000000 37.67758942
v 16.38836098 34.00000000 17.00000000
v 17.00000000 34.00000000 17.61645317
v 16.56860924 34.00000000 38.00000000
v 17.00000000 34.00000000 37.19725418
v 16.12337112 35.00000000 17.00000000
v 17.00000000 35.00000000 17.74297523
v 16.60152435 35.00000000 38.00000000
v 17.00000000 35.00000000 37.29056168
v 17.00000000 36.00000000 17.97345161
v 16.10792923 36.00000000 38.00000000
v 17.00000000 36.00000000 37.05997467
v 16.21041870 37.00000000 17.00000000
v 17.00000000 37.00000000 17.86206627
v 16.48704338 37.00000000 38.00000000
v 17.00000000 37.00000000 37.56964493
v 16.42145920 38.00000000 17.00000000
v 17.00000000 38.00000000 17.73815346
v 16.66200638 38.00000000 38.00000000
v 17.00000000 38.00000000 37.82211304
v 16.08894920 39.00000000 17.00000000
v 17.00000000 39.00000000 17.74950981
v 16.32611656 39.00000000 38.00000000
v 17.00000000 39.00000000 37.57653427
v 17.00000000 40.00000000 17.96082497
v 16.16561127 40.00000000 32.00000000
v 17.00000000 40.00000000 37.20380402
v 17.00000000 40.04133224 18.00000000
v 17.00000000 41.00000000 18.75019646
v 16.79281235 41.00000000 23.00000000
v 17.00000000 41.00000000 23.18348122
v 17.00000000 40.89721298 24.00000000
v 17.00000000 40.78494263 25.00000000
v 16.62555885 41.00000000 25.00000000
v 17.00000000 40.70906830 26.00000000
v 16.77216148 41.00000000 26.00000000
v 17.00000000 40.66160202 27.00000000
v 16.70490646 41.00000000 27.00000000
v 17.00000000 40.69892883 28.00000000
v 16.69684601 41.00000000 28.00000000
v 17.00000000 40.89731216 29.00000000
v 16.72960091 41.00000000 29.00000000
v 17.00000000 40.68529892 30.00000000
v 16.31927490 41.00000000 30.00000000
v 17.00000000 40.53207397 31.00000000
v 17.00000000 40.25837326 32.00000000
v 17.00000000 40.23288345 33.00000000
v 17.00000000 40.31544113 34.00000000
v 17.00000000 40.47274780 35.00000000
v 17.00000000 40.34777832 36.00000000
v 17.00000000 40.25316238 37.00000000
v 17.00000000 41.18873215 19.00000000
v 17.00000000 41.22357559 20.00000000
v 17.00000000 41.35648727 21.00000000
v 17.00000000 41.19250870 22.00000000
v 17.00000000 41.01681519 23.00000000
v 17.03125572 5.00000000 29.00000000
v 17.46902657 6.00000000 21.00000000
v 17.48972511 6.00000000 22.00000000
v 17.60499001 6.00000000 23.00000000
v 17.52779007 6.00000000 24.00000000
v 17.43727684 6.00000000 25.00000000
v 17.45742798 6.00000000 26.00000000
v 17.42453957 6.00000000 27.00000000
v 17.43109131 6.00000000 28.00000000
v 17.82809258 6.00000000 29.00000000
v 17.57833099 6.00000000 30.00000000
v 17.39854050 6.00000000 31.00000000
v 17.23092270 6.00000000 32.00000000
v 17.06249428 6.00000000 33.00000000
v 17.14055824 6.00000000 37.00000000
v 17.30902290 7.00000000 20.00000000
v 17.68385506 7.00000000 21.00000000
v 17.77523613 7.00000000 22.00000000
v 17.78312683 7.00000000 23.00000000
v 17.65887260 7.00000000 24.00000000
v 17.57843781 7.00000000 25.00000000
v 17.62282562 7.00000000 26.00000000
v 17.62685776 7.00000000 27.00000000
v 17.73578262 7.00000000 28.00000000
v 17.78945160 7.00000000 29.00000000
v 17.78535461 7.00000000 30.00000000
v 17.89261055 7.00000000 31.00000000
v 17.60737419 7.00000000 32.00000000
v 17.34973145 7.00000000 33.00000000
v 17.05229759 7.00000000 34.00000000
v 17.02196884 7.00000000 37.00000000
v 17.51726913 8.00000000 20.00000000
v 17.85369682 8.00000000 21.00000000
v 17.98442650 8.00000000 22.00000000
v 17.95293999 8.00000000 23.00000000
v 17.79729462 8.00000000 24.00000000
v 17.72134972 8.00000000 25.00000000
v 17.75598145 8.00000000 26.00000000
v 17.78196335 8.00000000 27.00000000
v 17.79760170 8.00000000 28.00000000
v 18.00000000 8.00000000 28.92310905
v 18.00000000 7.91480207 29.00000000
v 18.00000000 7.83441067 30.00000000
v 18.00000000 7.20709229 31.00000000
v 18.00000000 7.78776836 32.00000000
v 17.70285606 8.00000000 33.00000000
v 18.00000000 8.00000000 32.21620178
v 17.37167740 8.00000000 34.00000000
v 17.29744720 8.00000000 35.00000000
v 17.17935753 8.00000000 36.00000000
v 17.23851204 8.00000000 37.00000000
v 17.07351494 9.00000000 19.00000000
v 17.65933228 9.00000000 20.00000000
v 18.00000000 9.00000000 20.99829102
v 18.00000000 8.99620438 21.00000000
v 18.00000000 8.28104305 22.00000000
v 18.00000000 8.66472054 23.00000000
v 17.95110893 9.00000000 24.00000000
v 18.00000000 9.00000000 23.30284691
v 17.85780144 9.00000000 25.00000000
v 17.88711548 9.00000000 26.00000000
v 17.90215874 9.00000000 27.00000000
v 17.95573616 9.00000000 28.00000000
v 18.00000000 9.00000000 28.19828033
v 17.92044067 9.00000000 33.00000000
v 18.00000000 9.00000000 32.77923965
v 17.62671280 9.00000000 34.00000000
v 17.57602882 9.00000000 35.00000000
v 17.50048828 9.00000000 36.00000000
v 17.28270912 9.00000000 37.00000000
v 17.09334373 10.00000000 19.00000000
v 17.67385483 10.00000000 20.00000000
v 18.00000000 9.00473213 21.00000000
v 17.88095665 10.00000000 21.00000000
v 18.00000000 9.68043232 22.00000000
v 17.98123550 10.00000000 22.00000000
v 18.00000000 10.00000000 22.23141289
v 18.00000000 9.76242733 24.00000000
v 17.99554062 10.00000000 25.00000000
v 18.00000000 10.00000000 24.77571487
v 17.94067574 10.00000000 26.00000000
v 17.94842720 10.00000000 27.00000000
v 17.86949539 10.00000000 28.00000000
v 18.00000000 10.00000000 28.60130119
v 18.00000000 9.43482018 33.00000000
v 17.74135780 10.00000000 34.00000000
v 18.00000000 10.00000000 33.27669144
v 17.76159096 10.00000000 35.00000000
v 17.57429504 10.00000000 36.00000000
v 17.24805832 10.00000000 37.00000000
v 17.29059792 11.00000000 19.00000000
v 17.67934227 11.00000000 20.00000000
v 17.91095352 11.00000000 21.00000000
v 18.00000000 11.00000000 21.69498634
v 18.00000000 10.29036903 22.00000000
v 18.00000000 10.02202797 25.00000000
v 18.00000000 10.41799545 26.00000000
v 18.00000000 10.39899921 27.00000000
v 18.00000000 10.91543484 28.00000000
v 17.86382294 11.00000000 33.00000000
v 18.00000000 11.00000000 32.36944580
v 18.00000000 10.35857296 33.00000000
v 17.66342354 11.00000000 34.00000000
v 17.48309326 11.00000000 35.00000000
v 17.18151283 11.00000000 36.00000000
v 17.21943092 12.00000000 19.00000000
v 17.61637688 12.00000000 20.00000000
v 17.93905640 12.00000000 21.00000000
v 18.00000000 12.00000000 21.56718636
v 17.99856377 12.00000000 31.00000000
v 18.00000000 12.00000000 30.97238350
v 18.00000000 11.98749638 31.00000000
v 18.00000000 11.51364040 32.00000000
v 17.91770744 12.00000000 32.00000000
v 17.69749069 12.00000000 33.00000000
v 17.43652534 12.00000000 34.00000000
v 17.21243858 12.00000000 35.00000000
v 17.33390617 13.00000000 19.00000000
v 17.66065025 13.00000000 20.00000000
v 17.97588921 13.00000000 21.00000000
v 18.00000000 13.00000000 21.20435333
v 18.00000000 12.00847340 31.00000000
v 18.00000000 12.47359276 32.00000000
v 17.83158302 13.00000000 33.00000000
v 18.00000000 13.00000000 32.36056137
v 17.48508453 13.00000000 34.00000000
v 17.29575729 13.00000000 35.00000000
v 17.01973915 13.00000000 36.00000000
v 17.00114441 13.00000000 37.00000000
v 17.33083725 14.00000000 19.00000000
v 17.66216278 14.00000000 20.00000000
v 17.93649864 14.00000000 21.00000000
v 18.00000000 13.95234108 22.00000000
v 17.99581146 14.00000000 22.00000000
v 18.00000000 14.00000000 22.03818703
v 17.98265457 14.00000000 28.00000000
v 18.00000000 14.00000000 27.77929306
v 18.00000000 13.70398521 28.00000000
v 18.00000000 14.00000000 28.16112328
v 17.96873474 14.00000000 33.00000000
v 18.00000000 14.00000000 32.84530258
v 17.76684952 14.00000000 34.00000000
v 17.69231033 14.00000000 35.00000000
v 17.47546959 14.00000000 36.00000000
v 17.34528732 14.00000000 37.00000000
v 17.58286476 15.00000000 19.00000000
v 17.93901443 15.00000000 20.00000000
v 17.95967293 15.00000000 21.00000000
v 17.92519760 15.00000000 22.00000000
v 18.00000000 14.89357853 23.00000000
v 17.99002647 15.00000000 23.00000000
v 18.00000000 15.00000000 23.05762291
v 18.00000000 14.32023716 28.00000000
v 18.00000000 14.10776424 33.00000000
v 18.00000000 14.50980377 34.00000000
v 17.93964958 15.00000000 35.00000000
v 18.00000000 15.00000000 34.85384369
v 17.60110664 15.00000000 36.00000000
v 17.24759102 15.00000000 37.00000000
v 17.84785652 16.00000000 19.00000000
v 18.00000000 16.00000000 19.50594711
v 18.00000000 15.28142548 20.00000000
v 18.00000000 15.30506992 21.00000000
v 18.00000000 15.63572216 22.00000000
v 18.00000000 15.15788269 23.00000000
v 18.00000000 15.55197906 35.00000000
v 17.56763077 16.00000000 36.00000000
v 18.00000000 16.00000000 35.10116577
v 17.19654846 16.00000000 37.00000000
v 17.09558868 17.00000000 18.00000000
v 17.85960770 17.00000000 19.00000000
v 18.00000000 17.00000000 19.34394646
v 17.54622269 17.00000000 36.00000000
v 18.00000000 17.00000000 35.21559143
v 17.23587227 17.00000000 37.00000000
v 17.14234543 18.00000000 18.00000000
v 17.84962273 18.00000000 19.00000000
v 18.00000000 18.00000000 19.32039070
v 17.81469917 18.00000000 35.00000000
v 18.00000000 18.00000000 34.62895584
v 18.00000000 17.37054634 35.00000000
v 17.24098969 18.00000000 36.00000000
v 17.04380798 18.00000000 37.00000000
v 17.41030693 19.00000000 15.00000000
v 17.28947449 19.00000000 16.00000000
v 17.21900940 19.00000000 17.00000000
v 17.38073158 19.00000000 18.00000000
v 17.87827873 19.00000000 19.00000000
v 18.00000000 19.00000000 19.27470016
v 17.98614311 19.00000000 34.00000000
v 18.00000000 19.00000000 33.95572281
v 18.00000000 18.94070244 34.00000000
v 17.62343979 19.00000000 35.00000000
v 17.22970772 19.00000000 36.00000000
v 17.05919075 19.00000000 37.00000000
v 18.00000000 19.94115829 14.00000000
v 18.00000000 20.00000000 13.96354198
v 18.00000000 19.71957779 15.00000000
v 18.00000000 19.95508194 16.00000000
v 17.62260818 20.00000000 17.00000000
v 18.00000000 20.00000000 16.06904030
v 17.73259544 20.00000000 18.00000000
v 18.00000000 20.00000000 18.66601562
v 18.00000000 19.53089142 19.00000000
v 17.88010597 20.00000000 34.00000000
v 18.00000000 20.00000000 33.63056564
v 17.44734383 20.00000000 35.00000000
v 18.00000000 21.00000000 13.87916565
v 17.93336296 21.00000000 17.00000000
v 18.00000000 21.00000000 16.88683319
v 17.78979874 21.00000000 18.00000000
v 18.00000000 21.00000000 18.41626358
v 18.00000000 20.96680450 34.00000000
v 17.69534492 21.00000000 35.00000000
v 18.00000000 21.00000000 34.01874924
v 17.23495674 21.00000000 36.00000000
v 17.13699913 21.00000000 37.00000000
v 18.00000000 22.00000000 13.80944538
v 18.00000000 21.63425064 17.00000000
v 17.84528351 22.00000000 18.00000000
v 18.00000000 22.00000000 17.17430687
v 18.00000000 22.00000000 18.30473328
v 18.00000000 21.89440346 35.00000000
v 17.53917122 22.00000000 36.00000000
v 18.00000000 22.00000000 35.08088303
v 17.50908089 22.00000000 37.00000000
v 18.00000000 23.00000000 13.75479221
v 17.82313919 23.00000000 18.00000000
v 18.00000000 23.00000000 17.36528397
v 18.00000000 23.00000000 18.59539413
v 17.72318649 23.00000000 36.00000000
v 18.00000000 23.00000000 35.17119598
v 17.43153572 23.00000000 37.00000000
v 18.00000000 24.00000000 13.69569588
v 17.94210052 24.00000000 17.00000000
v 18.00000000 24.00000000 16.93910027
v 18.00000000 23.64170265 17.00000000
v 17.77521706 24.00000000 18.00000000
v 18.00000000 24.00000000 18.58003426
v 17.91646385 24.00000000 35.00000000
v 18.00000000 24.00000000 34.76711655
v 18.00000000 23.34115028 35.00000000
v 17.37523651 24.00000000 36.00000000
v 17.25875282 24.00000000 37.00000000
v 18.00000000 25.00000000 13.72477913
v 18.00000000 24.16563606 17.00000000
v 18.00000000 24.53463936 18.00000000
v 17.72428513 25.00000000 35.00000000
v 18.00000000 25.00000000 34.09705734
v 17.33733368 25.00000000 36.00000000
v 17.09605789 25.00000000 37.00000000
v 17.43342400 26.00000000 14.00000000
v 18.00000000 26.00000000 13.82826614
v 17.85384750 26.00000000 34.00000000
v 18.00000000 26.00000000 33.61701202
v 18.00000000 25.12775993 34.00000000
v 17.52248001 26.00000000 35.00000000
v 17.03440666 26.00000000 37.00000000
v 18.00000000 26.84551811 2.00000000
v 18.00000000 27.00000000 1.87705290
v 17.87278557 27.00000000 3.00000000
v 18.00000000 26.98567390 3.00000000
v 18.00000000 27.00000000 3.03091431
v 18.00000000 26.18157578 14.00000000
v 18.00000000 26.67944717 15.00000000
v 18.00000000 27.00000000 15.70280075
v 17.73373032 27.00000000 34.00000000
v 18.00000000 27.00000000 33.36591339
v 17.37018967 27.00000000 35.00000000
v 17.06572342 27.00000000 36.00000000
v 18.00000000 28.00000000 1.79986298
v 18.00000000 28.00000000 3.75198388
v 17.98525620 28.00000000 5.00000000
v 18.00000000 27.99235916 5.00000000
v 18.00000000 28.00000000 4.97523880
v 18.00000000 28.00000000 5.02924728
v 18.00000000 27.79568100 16.00000000
v 17.87395668 28.00000000 16.00000000
v 18.00000000 27.94025612 17.00000000
v 17.98840904 28.00000000 17.00000000
v 18.00000000 28.00000000 17.01837921
v 17.98348808 28.00000000 33.00000000
v 18.00000000 28.00000000 32.93956375
v 18.00000000 27.89848137 33.00000000
v 17.63024330 28.00000000 34.00000000
v 17.27036858 28.00000000 35.00000000
v 18.00000000 28.94199944 2.00000000
v 17.09005737 29.00000000 3.00000000
v 18.00000000 29.00000000 2.10953474
v 18.00000000 29.00000000 3.39257360
v 18.00000000 28.00695229 5.00000000
v 17.36534691 29.00000000 16.00000000
v 17.65620422 29.00000000 17.00000000
v 18.00000000 28.94435501 18.00000000
v 17.97595596 29.00000000 18.00000000
v 18.00000000 29.00000000 18.03504944
v 17.92583084 29.00000000 33.00000000
v 18.00000000 29.00000000 32.73133850
v 17.55610847 29.00000000 34.00000000
v 17.19462204 29.00000000 35.00000000
v 18.00000000 29.22810364 3.00000000
v 17.52843666 30.00000000 17.00000000
v 18.00000000 30.00000000 17.69373322
v 18.00000000 29.10722923 18.00000000
v 17.92996597 30.00000000 33.00000000
v 18.00000000 30.00000000 32.63497162
v 17.58032227 30.00000000 34.00000000
v 17.24328041 30.00000000 35.00000000
v 17.25702667 31.00000000 17.00000000
v 18.00000000 31.00000000 17.84945488
v 18.00000000 30.23195457 33.00000000
v 17.93467712 31.00000000 34.00000000
v 18.00000000 31.00000000 33.81184387
v 17.59539413 31.00000000 35.00000000
v 17.41138268 31.00000000 36.00000000
v 17.04337120 31.00000000 37.00000000
v 17.00663185 32.00000000 17.00000000
v 18.00000000 31.41226387 18.00000000
v 17.83098221 32.00000000 18.00000000
v 18.00000000 32.00000000 18.17066193
v 17.92512894 32.00000000 34.00000000
v 18.00000000 32.00000000 33.76588058
v 17.58536339 32.00000000 35.00000000
v 17.36805725 32.00000000 36.00000000
v 17.05206680 32.00000000 37.00000000
v 17.55418396 33.00000000 18.00000000
v 18.00000000 33.00000000 18.48320198
v 17.82585526 33.00000000 34.00000000
v 18.00000000 33.00000000 33.54500961
v 17.52532578 33.00000000 35.00000000
v 17.34500313 33.00000000 36.00000000
v 17.11548424 33.00000000 37.00000000
v 17.29532814 34.00000000 18.00000000
v 18.00000000 34.00000000 18.77843094
v 17.71871185 34.00000000 34.00000000
v 18.00000000 34.00000000 33.12320328
v 17.43502426 34.00000000 35.00000000
v 17.15081024 34.00000000 36.00000000
v 17.07182884 34.00000000 37.00000000
v 17.19472504 35.00000000 18.00000000
v 18.00000000 34.81944656 19.00000000
v 17.95797157 35.00000000 19.00000000
v 18.00000000 35.00000000 19.52325630
v 17.77587509 35.00000000 34.00000000
v 18.00000000 35.00000000 33.30314636
v 17.42037964 35.00000000 35.00000000
v 17.23380089 35.00000000 36.00000000
v 17.12921143 35.00000000 37.00000000
v 17.01963234 36.00000000 18.00000000
v 17.77896690 36.00000000 19.00000000
v 18.00000000 35.22497940 20.00000000
v 17.87916565 36.00000000 20.00000000
v 18.00000000 36.00000000 20.59660912
v 17.79848289 36.00000000 34.00000000
v 18.00000000 36.00000000 33.54210281
v 17.42754745 36.00000000 35.00000000
v 17.15353394 36.00000000 36.00000000
v 17.03556633 36.00000000 37.00000000
v 17.09149170 37.00000000 18.00000000
v 17.86704445 37.00000000 19.00000000
v 17.90540504 37.00000000 20.00000000
v 18.00000000 37.00000000 20.44512939
v 17.82641029 37.00000000 34.00000000
v 18.00000000 37.00000000 33.44297791
v 17.59577370 37.00000000 35.00000000
v 17.48163795 37.00000000 36.00000000
v 17.38128662 37.00000000 37.00000000
v 17.14105415 38.00000000 18.00000000
v 17.81835556 38.00000000 19.00000000
v 17.97364044 38.00000000 20.00000000
v 18.00000000 38.00000000 20.10807800
v 17.98587036 38.00000000 33.00000000
v 18.00000000 38.00000000 32.72595215
v 18.00000000 37.89762878 33.00000000
v 17.86319351 38.00000000 34.00000000
v 17.74881935 38.00000000 35.00000000
v 17.74130440 38.00000000 36.00000000
v 17.67003822 38.00000000 37.00000000
v 17.13494492 39.00000000 18.00000000
v 17.90281487 39.00000000 19.00000000
v 18.00000000 39.00000000 19.23305893
v 18.00000000 38.13874435 20.00000000
v 17.81886292 39.00000000 25.00000000
v 18.00000000 39.00000000 24.54251289
v 18.00000000 38.62176895 25.00000000
v 18.00000000 38.39012909 26.00000000
v 17.71897697 39.00000000 26.00000000
v 18.00000000 38.19338608 27.00000000
v 17.65684319 39.00000000 27.00000000
v 18.00000000 38.58195877 28.00000000
v 17.78211021 39.00000000 28.00000000
v 18.00000000 39.00000000 28.95827103
v 17.88905525 39.00000000 30.00000000
v 18.00000000 39.00000000 29.08593369
v 18.00000000 38.77572250 30.00000000
v 18.00000000 38.80502319 31.00000000
v 17.94575691 39.00000000 31.00000000
v 18.00000000 38.24444199 32.00000000
v 17.76989174 39.00000000 32.00000000
v 17.58864594 39.00000000 33.00000000
v 17.49003410 39.00000000 34.00000000
v 17.63555527 39.00000000 35.00000000
v 17.65609169 39.00000000 36.00000000
v 17.56728172 39.00000000 37.00000000
v 17.02197647 40.00000000 18.00000000
v 17.78873253 40.00000000 19.00000000
v 18.00000000 40.00000000 19.80107498
v 17.97347069 40.00000000 22.00000000
v 18.00000000 40.00000000 21.90472412
v 18.00000000 39.90486908 22.00000000
v 18.00000000 39.71641922 23.00000000
v 17.91127396 40.00000000 23.00000000
v 18.00000000 39.67213058 24.00000000
v 17.86339378 40.00000000 24.00000000
v 17.56628799 40.00000000 25.00000000
v 17.42659760 40.00000000 26.00000000
v 17.36396790 40.00000000 27.00000000
v 17.49146652 40.00000000 28.00000000
v 18.00000000 39.02969742 29.00000000
v 17.68260384 40.00000000 29.00000000
v 17.50071526 40.00000000 30.00000000
v 17.53465843 40.00000000 31.00000000
v 17.30289650 40.00000000 32.00000000
v 17.17508316 40.00000000 33.00000000
v 17.20311928 40.00000000 34.00000000
v 17.28990364 40.00000000 35.00000000
v 17.26279068 40.00000000 36.00000000
v 17.16012383 40.00000000 37.00000000
v 17.20895195 41.00000000 19.00000000
v 18.00000000 40.08690262 20.00000000
v 17.32058907 41.00000000 20.00000000
v 18.00000000 40.38037491 21.00000000
v 17.48901367 41.00000000 21.00000000
v 17.24103928 41.00000000 22.00000000
v 17.02140045 41.00000000 23.00000000
v 18.01798439 8.00000000 29.00000000
v 18.03566360 8.00000000 30.00000000
v 18.21552467 8.00000000 31.00000000
v 18.06145096 8.00000000 32.00000000
v 18.00047112 9.00000000 21.00000000
v 18.03062248 9.00000000 22.00000000
v 18.01907349 9.00000000 23.00000000
v 18.16549301 9.00000000 29.00000000
v 18.21713448 9.00000000 30.00000000
v 18.36418915 9.00000000 31.00000000
v 18.22203636 9.00000000 32.00000000
v 18.04308891 10.00000000 23.00000000
v 18.01302719 10.00000000 24.00000000
v 18.07675552 10.00000000 29.00000000
v 18.21228600 10.00000000 30.00000000
v 18.37881851 10.00000000 31.00000000
v 18.31547737 10.00000000 32.00000000
v 18.08285332 10.00000000 33.00000000
v 18.02966499 11.00000000 22.00000000
v 18.08056450 11.00000000 23.00000000
v 18.20430183 11.00000000 24.00000000
v 18.17486000 11.00000000 25.00000000
v 18.07178497 11.00000000 26.00000000
v 18.06152725 11.00000000 27.00000000
v 18.00916100 11.00000000 28.00000000
v 18.06002235 11.00000000 29.00000000
v 18.07091904 11.00000000 30.00000000
v 18.09179306 11.00000000 31.00000000
v 18.07455063 11.00000000 32.00000000
v 18.03355217 12.00000000 22.00000000
v 18.18729591 12.00000000 23.00000000
v 18.28031158 12.00000000 24.00000000
v 18.25733948 12.00000000 25.00000000
v 18.14064789 12.00000000 26.00000000
v 18.11253357 12.00000000 27.00000000
v 18.07176590 12.00000000 28.00000000
v 18.04249382 12.00000000 29.00000000
v 18.04133606 12.00000000 30.00000000
v 18.07531357 13.00000000 22.00000000
v 18.21616364 13.00000000 23.00000000
v 18.24628258 13.00000000 24.00000000
v 18.18151474 13.00000000 25.00000000
v 18.10800552 13.00000000 26.00000000
v 18.13525009 13.00000000 27.00000000
v 18.04420471 13.00000000 28.00000000
v 18.12735748 13.00000000 29.00000000
v 18.09248543 13.00000000 30.00000000
v 18.13191605 13.00000000 31.00000000
v 18.07667923 13.00000000 32.00000000
v 18.09601593 14.00000000 23.00000000
v 18.16497803 14.00000000 24.00000000
v 18.07773781 14.00000000 25.00000000
v 18.06303978 14.00000000 26.00000000
v 18.06987572 14.00000000 27.00000000
v 18.08898163 14.00000000 29.00000000
v 18.17209053 14.00000000 30.00000000
v 18.24763489 14.00000000 31.00000000
v 18.14710045 14.00000000 32.00000000
v 18.16823196 15.00000000 24.00000000
v 18.20425224 15.00000000 25.00000000
v 18.23011208 15.00000000 26.00000000
v 18.14695549 15.00000000 27.00000000
v 18.03888512 15.00000000 28.00000000
v 18.09307671 15.00000000 29.00000000
v 18.20305824 15.00000000 30.00000000
v 18.34635735 15.00000000 31.00000000
v 18.30815506 15.00000000 32.00000000
v 18.22728539 15.00000000 33.00000000
v 18.20339394 15.00000000 34.00000000
v 18.08958435 16.00000000 20.00000000
v 18.07446098 16.00000000 21.00000000
v 18.03709412 16.00000000 22.00000000
v 18.06036758 16.00000000 23.00000000
v 18.22733307 16.00000000 24.00000000
v 18.28104591 16.00000000 25.00000000
v 18.25308800 16.00000000 26.00000000
v 18.14924431 16.00000000 27.00000000
v 18.03391075 16.00000000 28.00000000
v 18.03846931 16.00000000 29.00000000
v 18.24156952 16.00000000 30.00000000
v 18.44871330 16.00000000 31.00000000
v 18.39175606 16.00000000 32.00000000
v 18.33999252 16.00000000 33.00000000
v 18.33681679 16.00000000 34.00000000
v 18.04908371 16.00000000 35.00000000
v 18.17644310 17.00000000 20.00000000
v 18.13878441 17.00000000 21.00000000
v 18.11985397 17.00000000 22.00000000
v 18.11796188 17.00000000 23.00000000
v 18.32860374 17.00000000 24.00000000
v 18.41356850 17.00000000 25.00000000
v 18.31101036 17.00000000 26.00000000
v 18.25795364 17.00000000 27.00000000
v 18.13570023 17.00000000 28.00000000
v 18.25924873 17.00000000 29.00000000
v 18.35735893 17.00000000 30.00000000
v 18.50327682 17.00000000 31.00000000
v 18.39834213 17.00000000 32.00000000
v 18.36815834 17.00000000 33.00000000
v 18.34305191 17.00000000 34.00000000
v 18.09442139 17.00000000 35.00000000
v 18.20129585 18.00000000 20.00000000
v 18.25977135 18.00000000 21.00000000
v 18.24600029 18.00000000 22.00000000
v 18.25805473 18.00000000 23.00000000
v 18.45772362 18.00000000 24.00000000
v 18.48969269 18.00000000 25.00000000
v 18.36931419 18.00000000 26.00000000
v 18.41264343 18.00000000 27.00000000
v 18.35057831 18.00000000 28.00000000
v 18.41873360 18.00000000 29.00000000
v 18.54129028 18.00000000 30.00000000
v 18.59249306 18.00000000 31.00000000
v 18.41668320 18.00000000 32.00000000
v 18.28054047 18.00000000 33.00000000
v 18.17229843 18.00000000 34.00000000
v 18.22427559 19.00000000 20.00000000
v 18.28727531 19.00000000 21.00000000
v 18.31391716 19.00000000 22.00000000
v 18.25686646 19.00000000 23.00000000
v 18.48510933 19.00000000 24.00000000
v 18.52753639 19.00000000 25.00000000
v 18.34560394 19.00000000 26.00000000
v 18.42042542 19.00000000 27.00000000
v 18.48194122 19.00000000 28.00000000
v 18.53324127 19.00000000 29.00000000
v 18.55885315 19.00000000 30.00000000
v 18.67083931 19.00000000 31.00000000
v 18.52124405 19.00000000 32.00000000
v 18.22951508 19.00000000 33.00000000
v 18.95849228 20.00000000 7.00000000
v 19.00000000 19.91509628 7.00000000
v 19.00000000 20.00000000 6.89025211
v 19.00000000 20.00000000 7.04241467
v 18.06532097 20.00000000 14.00000000
v 18.27259254 20.00000000 15.00000000
v 18.04471207 20.00000000 16.00000000
v 18.09303093 20.00000000 19.00000000
v 18.39782715 20.00000000 20.00000000
v 18.44425964 20.00000000 21.00000000
v 18.41371536 20.00000000 22.00000000
v 18.41916847 20.00000000 23.00000000
v 18.62623024 20.00000000 24.00000000
v 18.72353935 20.00000000 25.00000000
v 18.54937172 20.00000000 26.00000000
v 18.64832878 20.00000000 27.00000000
v 18.68175888 20.00000000 28.00000000
v 18.70317650 20.00000000 29.00000000
v 18.70141602 20.00000000 30.00000000
v 18.81669807 20.00000000 31.00000000
v 18.59611702 20.00000000 32.00000000
v 18.20022774 20.00000000 33.00000000
v 19.00000000 20.08899879 7.00000000
v 18.71002388 21.00000000 14.00000000
v 19.00000000 21.00000000 14.36233807
v 19.00000000 20.80557823 15.00000000
v 19.00000000 20.98793793 16.00000000
v 19.00000000 21.00000000 16.01351929
v 18.21737480 21.00000000 19.00000000
v 18.49905968 21.00000000 20.00000000
v 18.53829384 21.00000000 21.00000000
v 18.46717644 21.00000000 22.00000000
v 18.52149773 21.00000000 23.00000000
v 18.89336777 21.00000000 24.00000000
v 18.81601143 21.00000000 25.00000000
v 18.76682281 21.00000000 26.00000000
v 18.95049477 21.00000000 27.00000000
v 18.98089027 21.00000000 28.00000000
v 18.97068024 21.00000000 29.00000000
v 18.99294853 21.00000000 30.00000000
v 18.96301460 21.00000000 31.00000000
v 18.85003090 21.00000000 32.00000000
v 18.42744064 21.00000000 33.00000000
v 18.00424194 21.00000000 34.00000000
v 19.00000000 21.46533585 14.00000000
v 19.00000000 22.00000000 13.91248512
v 18.11464500 22.00000000 17.00000000
v 19.00000000 22.00000000 16.34134865
v 18.23113632 22.00000000 19.00000000
v 18.55119133 22.00000000 20.00000000
v 18.61864471 22.00000000 21.00000000
v 18.47252083 22.00000000 22.00000000
v 18.52799988 22.00000000 23.00000000
v 18.85688400 22.00000000 24.00000000
v 19.00000000 22.00000000 24.75029373
v 19.00000000 21.81594467 25.00000000
v 18.88373184 22.00000000 26.00000000
v 19.00000000 22.00000000 25.27700806
v 19.00000000 22.00000000 26.33254623
v 19.00000000 21.16599274 27.00000000
v 19.00000000 21.09654427 28.00000000
v 19.00000000 21.11481094 29.00000000
v 19.00000000 21.04390144 30.00000000
v 19.00000000 21.29238701 31.00000000
v 18.94748497 22.00000000 32.00000000
v 19.00000000 22.00000000 31.63969612
v 18.57201767 22.00000000 33.00000000
v 18.21566200 22.00000000 34.00000000
v 18.03350067 22.00000000 35.00000000
v 19.00000000 23.00000000 13.47001362
v 18.64748764 23.00000000 17.00000000
v 19.00000000 23.00000000 16.89548111
v 18.09767532 23.00000000 19.00000000
v 18.49487305 23.00000000 20.00000000
v 18.35695648 23.00000000 21.00000000
v 18.14338303 23.00000000 22.00000000
v 18.13201523 23.00000000 23.00000000
v 18.47186470 23.00000000 24.00000000
v 19.00000000 22.45533180 25.00000000
v 18.94765663 23.00000000 25.00000000
v 19.00000000 22.44250870 26.00000000
v 19.00000000 23.00000000 25.26674652
v 18.86612892 23.00000000 32.00000000
v 19.00000000 23.00000000 31.37986183
v 18.50743294 23.00000000 33.00000000
v 18.24360657 23.00000000 34.00000000
v 18.03932762 23.00000000 35.00000000
v 19.00000000 24.00000000 13.40244675
v 18.61108589 24.00000000 17.00000000
v 19.00000000 23.60506821 17.00000000
v 19.00000000 24.00000000 17.04268265
v 18.16224670 24.00000000 19.00000000
v 18.49650955 24.00000000 20.00000000
v 18.39024734 24.00000000 21.00000000
v 18.21627235 24.00000000 22.00000000
v 18.02428436 24.00000000 23.00000000
v 18.44422531 24.00000000 24.00000000
v 18.85146141 24.00000000 25.00000000
v 19.00000000 24.00000000 25.72555733
v 18.99000931 24.00000000 31.00000000
v 19.00000000 24.00000000 30.87163734
v 19.00000000 23.90329742 31.00000000
v 18.82455063 24.00000000 32.00000000
v 18.37774277 24.00000000 33.00000000
v 18.18274498 24.00000000 34.00000000
v 18.67239380 25.00000000 7.00000000
v 19.00000000 24.37160492 7.00000000
v 19.00000000 25.00000000 6.30385494
v 19.00000000 25.00000000 7.44800091
v 19.00000000 25.00000000 13.59207344
v 18.77381516 25.00000000 16.00000000
v 19.00000000 25.00000000 15.05850983
v 19.00000000 24.60154152 16.00000000
v 19.00000000 24.66295815 17.00000000
v 18.93964577 25.00000000 17.00000000
v 18.39561462 25.00000000 18.00000000
v 18.37043190 25.00000000 19.00000000
v 18.44837952 25.00000000 20.00000000
v 18.45726013 25.00000000 21.00000000
v 18.36767960 25.00000000 22.00000000
v 18.33173943 25.00000000 23.00000000
v 18.51799202 25.00000000 24.00000000
v 19.00000000 25.00000000 24.87608910
v 19.00000000 24.67643356 25.00000000
v 18.99145126 25.00000000 30.00000000
v 19.00000000 25.00000000 29.88411903
v 19.00000000 24.89523315 30.00000000
v 18.90519142 25.00000000 31.00000000
v 18.65428925 25.00000000 32.00000000
v 18.36356544 25.00000000 33.00000000
v 18.01991653 25.00000000 34.00000000
v 18.78200340 26.00000000 7.00000000
v 19.00000000 26.00000000 6.10644817
v 19.00000000 26.00000000 7.19449329
v 19.00000000 25.50318909 14.00000000
v 18.46011734 26.00000000 14.00000000
v 19.00000000 25.02453995 15.00000000
v 18.57755089 26.00000000 15.00000000
v 18.50686836 26.00000000 16.00000000
v 18.79315376 26.00000000 17.00000000
v 18.51338196 26.00000000 18.00000000
v 18.44508553 26.00000000 19.00000000
v 18.46148682 26.00000000 20.00000000
v 18.47224617 26.00000000 21.00000000
v 18.46485519 26.00000000 22.00000000
v 18.40829468 26.00000000 23.00000000
v 18.58366966 26.00000000 24.00000000
v 19.00000000 26.00000000 24.86018753
v 18.85507584 26.00000000 29.00000000
v 19.00000000 26.00000000 28.49102020
v 19.00000000 25.28316116 29.00000000
v 18.68659210 26.00000000 30.00000000
v 18.64908028 26.00000000 31.00000000
v 18.55598068 26.00000000 32.00000000
v 18.18446922 26.00000000 33.00000000
v 18.60648346 27.00000000 2.00000000
v 19.00000000 27.00000000 2.14782524
v 19.00000000 26.55812836 3.00000000
v 18.62124252 27.00000000 4.00000000
v 19.00000000 26.78067398 4.00000000
v 18.39442825 27.00000000 5.00000000
v 19.00000000 26.47008133 5.00000000
v 18.39233780 27.00000000 6.00000000
v 19.00000000 26.04257202 6.00000000
v 19.00000000 27.00000000 6.43583822
v 19.00000000 26.22381210 7.00000000
v 18.13121986 27.00000000 16.00000000
v 18.14299393 27.00000000 17.00000000
v 18.31808281 27.00000000 18.00000000
v 18.51672554 27.00000000 19.00000000
v 18.50988388 27.00000000 20.00000000
v 18.53236961 27.00000000 21.00000000
v 18.35984802 27.00000000 22.00000000
v 18.39343071 27.00000000 23.00000000
v 18.67690277 27.00000000 24.00000000
v 19.00000000 26.23108101 25.00000000
v 18.76645470 27.00000000 25.00000000
v 19.00000000 26.18993378 26.00000000
v 18.60579109 27.00000000 26.00000000
v 19.00000000 26.43640327 27.00000000
v 18.78694153 27.00000000 27.00000000
v 19.00000000 26.33167839 28.00000000
v 18.73073769 27.00000000 28.00000000
v 18.75414658 27.00000000 29.00000000
v 18.60307312 27.00000000 30.00000000
v 18.49358559 27.00000000 31.00000000
v 18.36326599 27.00000000 32.00000000
v 18.12029266 27.00000000 33.00000000
v 19.00000000 27.86290932 2.00000000
v 19.00000000 28.00000000 1.98969495
v 18.14933395 28.00000000 4.00000000
v 18.18038177 28.00000000 6.00000000
v 19.00000000 28.00000000 6.31871796
v 18.31636429 28.00000000 18.00000000
v 18.44798851 28.00000000 19.00000000
v 18.46573639 28.00000000 20.00000000
v 18.36607361 28.00000000 21.00000000
v 18.25547028 28.00000000 22.00000000
v 18.17824173 28.00000000 23.00000000
v 18.47072411 28.00000000 24.00000000
v 18.45525360 28.00000000 25.00000000
v 18.36801720 28.00000000 26.00000000
v 18.49554825 28.00000000 27.00000000
v 18.49205399 28.00000000 28.00000000
v 18.50848961 28.00000000 29.00000000
v 18.42630959 28.00000000 30.00000000
v 18.31458282 28.00000000 31.00000000
v 18.19982910 28.00000000 32.00000000
v 19.00000000 28.08602905 2.00000000
v 19.00000000 29.00000000 2.30144000
v 18.58528709 29.00000000 4.00000000
v 18.74819374 29.00000000 5.00000000
v 19.00000000 29.00000000 5.34844112
v 19.00000000 28.62652588 6.00000000
v 18.49484444 29.00000000 19.00000000
v 18.48865318 29.00000000 20.00000000
v 18.36610603 29.00000000 21.00000000
v 18.12813377 29.00000000 22.00000000
v 18.18806648 29.00000000 23.00000000
v 18.40740013 29.00000000 24.00000000
v 18.43496323 29.00000000 25.00000000
v 18.29073524 29.00000000 26.00000000
v 18.45570755 29.00000000 27.00000000
v 18.38203049 29.00000000 28.00000000
v 18.46261597 29.00000000 29.00000000
v 18.31295776 29.00000000 30.00000000
v 18.24680519 29.00000000 31.00000000
v 18.16359711 29.00000000 32.00000000
v 19.00000000 29.75519753 3.00000000
v 19.00000000 29.42813683 4.00000000
v 19.00000000 29.38396072 5.00000000
v 18.14445686 30.00000000 18.00000000
v 18.44868660 30.00000000 19.00000000
v 18.51942444 30.00000000 20.00000000
v 18.37696266 30.00000000 21.00000000
v 18.21015167 30.00000000 22.00000000
v 18.20261574 30.00000000 23.00000000
v 18.37043953 30.00000000 24.00000000
v 18.35364914 30.00000000 25.00000000
v 18.26079750 30.00000000 26.00000000
v 18.35251045 30.00000000 27.00000000
v 18.31651306 30.00000000 28.00000000
v 18.31584167 30.00000000 29.00000000
v 18.23348618 30.00000000 30.00000000
v 18.16022301 30.00000000 31.00000000
v 18.10425377 30.00000000 32.00000000
v 18.07575989 31.00000000 18.00000000
v 18.50857162 31.00000000 19.00000000
v 18.52366638 31.00000000 20.00000000
v 18.44730568 31.00000000 21.00000000
v 18.36396599 31.00000000 22.00000000
v 18.42441368 31.00000000 23.00000000
v 18.47053146 31.00000000 24.00000000
v 18.48249054 31.00000000 25.00000000
v 18.46991158 31.00000000 26.00000000
v 18.46516418 31.00000000 27.00000000
v 18.36110306 31.00000000 28.00000000
v 18.34375572 31.00000000 29.00000000
v 18.25598335 31.00000000 30.00000000
v 18.24374390 31.00000000 31.00000000
v 18.27222252 31.00000000 32.00000000
v 18.18458176 31.00000000 33.00000000
v 18.39824104 32.00000000 19.00000000
v 18.39332771 32.00000000 20.00000000
v 18.33142853 32.00000000 21.00000000
v 18.30317116 32.00000000 22.00000000
v 18.37740707 32.00000000 23.00000000
v 18.44813156 32.00000000 24.00000000
v 18.44754982 32.00000000 25.00000000
v 18.46275139 32.00000000 26.00000000
v 18.44106102 32.00000000 27.00000000
v 18.32540321 32.00000000 28.00000000
v 18.28465271 32.00000000 29.00000000
v 18.19923782 32.00000000 30.00000000
v 18.21418381 32.00000000 31.00000000
v 18.27621269 32.00000000 32.00000000
v 18.17072678 32.00000000 33.00000000
v 18.26729965 33.00000000 19.00000000
v 18.30723763 33.00000000 20.00000000
v 18.25327110 33.00000000 21.00000000
v 18.23859024 33.00000000 22.00000000
v 18.35194588 33.00000000 23.00000000
v 18.42757416 33.00000000 24.00000000
v 18.41659737 33.00000000 25.00000000
v 18.46888542 33.00000000 26.00000000
v 18.41926575 33.00000000 27.00000000
v 18.28742218 33.00000000 28.00000000
v 18.25805283 33.00000000 29.00000000
v 18.19552612 33.00000000 30.00000000
v 18.15582466 33.00000000 31.00000000
v 18.17101288 33.00000000 32.00000000
v 18.14700127 33.00000000 33.00000000
v 18.11084938 34.00000000 19.00000000
v 18.18478394 34.00000000 20.00000000
v 18.13146591 34.00000000 21.00000000
v 18.12821388 34.00000000 22.00000000
v 18.26781654 34.00000000 23.00000000
v 18.32191277 34.00000000 24.00000000
v 18.32102966 34.00000000 25.00000000
v 18.32728195 34.00000000 26.00000000
v 18.28510094 34.00000000 27.00000000
v 18.14162254 34.00000000 28.00000000
v 18.13332176 34.00000000 29.00000000
v 18.06545639 34.00000000 30.00000000
v 18.07338715 34.00000000 31.00000000
v 18.07747269 34.00000000 32.00000000
v 18.02618027 34.00000000 33.00000000
v 18.02596092 35.00000000 20.00000000
v 18.18693733 35.00000000 21.00000000
v 18.33853912 35.00000000 22.00000000
v 18.47594643 35.00000000 23.00000000
v 18.53804398 35.00000000 24.00000000
v 18.43316078 35.00000000 25.00000000
v 18.42807770 35.00000000 26.00000000
v 18.28708458 35.00000000 27.00000000
v 18.22570801 35.00000000 28.00000000
v 18.20616913 35.00000000 29.00000000
v 18.22902107 35.00000000 30.00000000
v 18.20009613 35.00000000 31.00000000
v 18.18370056 35.00000000 32.00000000
v 18.06525421 35.00000000 33.00000000
v 18.07542229 36.00000000 21.00000000
v 18.22843933 36.00000000 22.00000000
v 18.38493347 36.00000000 23.00000000
v 18.46581268 36.00000000 24.00000000
v 18.37024117 36.00000000 25.00000000
v 18.35184860 36.00000000 26.00000000
v 18.24600792 36.00000000 27.00000000
v 18.24860573 36.00000000 28.00000000
v 18.29153442 36.00000000 29.00000000
v 18.31900215 36.00000000 30.00000000
v 18.26537132 36.00000000 31.00000000
v 18.25277901 36.00000000 32.00000000
v 18.14908791 36.00000000 33.00000000
v 18.10311317 37.00000000 21.00000000
v 18.20421410 37.00000000 22.00000000
v 18.28933907 37.00000000 23.00000000
v 18.34830666 37.00000000 24.00000000
v 18.23040390 37.00000000 25.00000000
v 18.26163101 37.00000000 26.00000000
v 18.19363594 37.00000000 27.00000000
v 18.22275925 37.00000000 28.00000000
v 18.30805588 37.00000000 29.00000000
v 18.30812836 37.00000000 30.00000000
v 18.22449684 37.00000000 31.00000000
v 18.16531944 37.00000000 32.00000000
v 18.10174561 37.00000000 33.00000000
v 18.16297913 38.00000000 21.00000000
v 18.13653946 38.00000000 22.00000000
v 18.19808197 38.00000000 23.00000000
v 18.25701904 38.00000000 24.00000000
v 18.15123558 38.00000000 25.00000000
v 18.09556007 38.00000000 26.00000000
v 18.05392265 38.00000000 27.00000000
v 18.20722580 38.00000000 28.00000000
v 18.31937027 38.00000000 29.00000000
v 18.22298622 38.00000000 30.00000000
v 18.09690094 38.00000000 31.00000000
v 18.03275108 38.00000000 32.00000000
v 18.11197853 39.00000000 20.00000000
v 18.22269630 39.00000000 21.00000000
v 18.12003708 39.00000000 22.00000000
v 18.09957504 39.00000000 23.00000000
v 18.10239410 39.00000000 24.00000000
v 18.00594330 39.00000000 29.00000000
v 18.02084923 40.00000000 20.00000000
v 18.10300827 40.00000000 21.00000000
v 19.98051643 19.00000000 6.00000000
v 20.00000000 18.98234177 6.00000000
v 20.00000000 19.00000000 5.97801018
v 20.00000000 19.00000000 6.07221794
v 19.77923775 20.00000000 6.00000000
v 20.00000000 20.00000000 5.86470079
v 20.00000000 19.35005951 7.00000000
v 20.00000000 20.00000000 7.28769350
v 19.93764877 21.00000000 6.00000000
v 20.00000000 21.00000000 5.93918800
v 19.62529564 21.00000000 7.00000000
v 20.00000000 21.00000000 7.22206211
v 19.23560905 21.00000000 15.00000000
v 19.01482201 21.00000000 16.00000000
v 20.00000000 21.70463562 6.00000000
v 20.00000000 22.00000000 6.88017845
v 19.99593163 22.00000000 7.00000000
v 20.00000000 22.00000000 7.00253105
v 19.16608238 22.00000000 14.00000000
v 20.00000000 22.00000000 14.88832378
v 20.00000000 21.88728905 15.00000000
v 19.79622841 22.00000000 16.00000000
v 20.00000000 22.00000000 15.58151627
v 19.14812469 22.00000000 25.00000000
v 19.39447594 22.00000000 27.00000000
v 19.29588127 22.00000000 28.00000000
v 19.35209846 22.00000000 29.00000000
v 19.21000099 22.00000000 30.00000000
v 19.13956642 22.00000000 31.00000000
v 19.81063271 23.00000000 6.00000000
v 20.00000000 22.07447624 6.00000000
v 20.00000000 23.00000000 5.65708017
v 19.69149780 23.00000000 7.00000000
v 20.00000000 23.00000000 7.49824524
v 19.98521423 23.00000000 14.00000000
v 20.00000000 23.00000000 14.03415585
v 20.00000000 22.32534790 16.00000000
v 20.00000000 23.00000000 16.10200882
v 19.36403084 23.00000000 26.00000000
v 19.62091064 23.00000000 27.00000000
v 19.58869362 23.00000000 28.00000000
v 19.52904892 23.00000000 29.00000000
v 19.32675362 23.00000000 30.00000000
v 19.12332726 23.00000000 31.00000000
v 19.60855675 24.00000000 6.00000000
v 20.00000000 24.00000000 5.50561190
v 19.18890762 24.00000000 7.00000000
v 20.00000000 23.68644905 8.00000000
v 19.85981750 24.00000000 8.00000000
v 20.00000000 24.00000000 8.09187794
v 19.94104958 24.00000000 14.00000000
v 20.00000000 24.00000000 14.27349472
v 19.76392937 24.00000000 16.00000000
v 20.00000000 24.00000000 15.46936703
v 20.00000000 23.46664047 16.00000000
v 19.04380798 24.00000000 17.00000000
v 19.12379646 24.00000000 26.00000000
v 19.48022461 24.00000000 27.00000000
v 19.38147926 24.00000000 28.00000000
v 19.33319473 24.00000000 29.00000000
v 19.08876419 24.00000000 30.00000000
v 19.15591240 25.00000000 6.00000000
v 20.00000000 25.00000000 5.04379463
v 19.38721848 25.00000000 8.00000000
v 20.00000000 25.00000000 8.43463707
v 19.32200241 25.00000000 14.00000000
v 20.00000000 24.12089348 15.00000000
v 19.02029037 25.00000000 15.00000000
v 19.18318939 25.00000000 25.00000000
v 19.15109825 25.00000000 26.00000000
v 19.43686104 25.00000000 27.00000000
v 19.33985329 25.00000000 28.00000000
v 19.08039665 25.00000000 29.00000000
v 19.59987640 26.00000000 5.00000000
v 20.00000000 25.10476685 5.00000000
v 20.00000000 26.00000000 4.57452250
v 19.02265358 26.00000000 6.00000000
v 19.74927521 26.00000000 8.00000000
v 20.00000000 26.00000000 8.14502335
v 19.13566589 26.00000000 25.00000000
v 19.13320732 26.00000000 26.00000000
v 19.22349930 26.00000000 27.00000000
v 19.14972115 26.00000000 28.00000000
v 20.00000000 26.13438416 3.00000000
v 20.00000000 27.00000000 2.22493386
v 20.00000000 26.34880829 4.00000000
v 20.00000000 26.91444588 7.00000000
v 20.00000000 27.00000000 6.91888428
v 20.00000000 26.17167664 8.00000000
v 19.07080078 28.00000000 2.00000000
v 20.00000000 28.00000000 2.20177197
v 20.00000000 28.00000000 6.57435131
v 20.00000000 29.00000000 2.58693194
v 20.00000000 29.00000000 5.71217537
v 20.00000000 28.87951660 6.00000000
v 19.98667145 30.00000000 3.00000000
v 20.00000000 30.00000000 2.99843597
v 20.00000000 30.00000000 3.01753592
v 20.00000000 29.74675369 4.00000000
v 20.00000000 29.93475151 5.00000000
v 20.00000000 30.00144577 3.00000000
v 20.77565002 19.00000000 5.00000000
v 21.00000000 18.65413857 5.00000000
v 21.00000000 19.00000000 4.70699978
v 21.00000000 18.40023232 6.00000000
v 21.00000000 19.00000000 6.98013353
v 20.82850266 20.00000000 3.00000000
v 21.00000000 19.52770615 3.00000000
v 21.00000000 20.00000000 2.84946847
v 21.00000000 20.00000000 3.39783478
v 20.64974022 20.00000000 5.00000000
v 21.00000000 20.00000000 4.36645651
v 21.00000000 19.01276779 7.00000000
v 21.00000000 20.00000000 7.74336576
v 20.77630424 21.00000000 3.00000000
v 21.00000000 21.00000000 2.73238778
v 21.00000000 21.00000000 3.50869417
v 20.64408112 21.00000000 5.00000000
v 21.00000000 21.00000000 4.34021997
v 21.00000000 21.00000000 7.58596849
v 20.65775871 21.00000000 14.00000000
v 21.00000000 20.64412308 14.00000000
v 21.00000000 21.00000000 13.60110950
v 20.28827667 21.00000000 15.00000000
v 21.00000000 20.19196701 15.00000000
v 20.51117134 21.00000000 16.00000000
v 21.00000000 20.31324387 16.00000000
v 21.00000000 21.00000000 16.69426537
v 20.71105385 22.00000000 3.00000000
v 21.00000000 22.00000000 2.56801844
v 21.00000000 22.00000000 3.94547415
v 20.51432228 22.00000000 5.00000000
v 21.00000000 22.00000000 4.01952887
v 20.01709938 22.00000000 6.00000000
v 21.00000000 22.00000000 7.53873777
v 20.87140083 22.00000000 13.00000000
v 21.00000000 21.78322411 13.00000000
v 21.00000000 22.00000000 12.85235405
v 20.25432587 22.00000000 14.00000000
v 20.03098679 22.00000000 16.00000000
v 21.00000000 21.50781822 17.00000000
v 20.77707291 22.00000000 17.00000000
v 21.00000000 22.00000000 17.19683456
v 20.82069397 22.00000000 24.00000000
v 21.00000000 21.79325485 24.00000000
v 21.00000000 22.00000000 23.00705147
v 21.00000000 22.00000000 24.36916542
v 20.63297844 23.00000000 3.00000000
v 21.00000000 23.00000000 2.72183752
v 21.00000000 22.14529991 4.00000000
v 20.92743874 23.00000000 4.00000000
v 20.42216682 23.00000000 5.00000000
v 21.00000000 22.81439590 8.00000000
v 20.76188278 23.00000000 8.00000000
v 21.00000000 23.00000000 8.18724632
v 20.58944130 23.00000000 13.00000000
v 21.00000000 23.00000000 12.69755745
v 20.00568962 23.00000000 14.00000000
v 21.00000000 22.88549042 17.00000000
v 21.00000000 23.00000000 16.96949577
v 20.94255829 23.00000000 22.00000000
v 21.00000000 22.66392708 22.00000000
v 21.00000000 23.00000000 21.66896820
v 20.77912712 23.00000000 23.00000000
v 21.00000000 22.00204659 23.00000000
v 20.64241028 23.00000000 24.00000000
v 21.00000000 22.48302078 25.00000000
v 20.69392395 23.00000000 25.00000000
v 21.00000000 23.00000000 25.24806213
v 20.57405281 24.00000000 3.00000000
v 21.00000000 24.00000000 2.66138005
v 20.88695526 24.00000000 4.00000000
v 20.40706635 24.00000000 5.00000000
v 20.99488258 24.00000000 9.00000000
v 21.00000000 23.98317146 9.00000000
v 21.00000000 24.00000000 9.42154598
v 20.56054115 24.00000000 13.00000000
v 21.00000000 24.00000000 12.66826248
v 20.02420425 24.00000000 14.00000000
v 20.08276367 24.00000000 16.00000000
v 21.00000000 24.00000000 16.98700714
v 20.98608589 24.00000000 21.00000000
v 21.00000000 23.89245415 21.00000000
v 21.00000000 24.00000000 20.96826744
v 20.72651482 24.00000000 22.00000000
v 20.68232346 24.00000000 23.00000000
v 20.48387337 24.00000000 24.00000000
v 20.63650322 24.00000000 25.00000000
v 21.00000000 24.00000000 25.44887161
v 20.47262001 25.00000000 3.00000000
v 21.00000000 25.00000000 2.62333608
v 20.80936241 25.00000000 4.00000000
v 20.03660965 25.00000000 5.00000000
v 20.64439964 25.00000000 9.00000000
v 21.00000000 24.02826691 10.00000000
v 20.77841759 25.00000000 10.00000000
v 21.00000000 25.00000000 10.36114693
v 21.00000000 24.62396240 13.00000000
v 21.00000000 25.00000000 13.61376667
v 20.73555565 25.00000000 14.00000000
v 20.94360161 25.00000000 15.00000000
v 21.00000000 25.00000000 15.07656479
v 21.00000000 24.70503235 16.00000000
v 21.00000000 24.04999924 21.00000000
v 21.00000000 24.81452751 22.00000000
v 21.00000000 25.00000000 22.32080078
v 20.84168243 25.00000000 23.00000000
v 20.71565628 25.00000000 24.00000000
v 20.79772568 25.00000000 25.00000000
v 21.00000000 25.00000000 25.14827919
v 20.25142860 26.00000000 3.00000000
v 21.00000000 26.00000000 2.68722677
v 20.52716827 26.00000000 4.00000000
v 21.00000000 26.00000000 8.59945965
v 21.00000000 25.64925003 9.00000000
v 21.00000000 25.48672676 10.00000000
v 21.00000000 25.17073059 14.00000000
v 21.00000000 25.03530884 15.00000000
v 21.00000000 25.28902245 23.00000000
v 21.00000000 25.63663864 24.00000000
v 21.00000000 25.20763588 25.00000000
v 21.00000000 27.00000000 2.41712832
v 20.56586647 27.00000000 7.00000000
v 21.00000000 27.00000000 7.07608795
v 21.00000000 26.33330154 8.00000000
v 21.00000000 28.00000000 2.62713218
v 21.00000000 28.00000000 6.55379820
v 21.00000000 27.09270096 7.00000000
v 21.00000000 29.00000000 2.63932824
v 20.54966736 29.00000000 6.00000000
v 21.00000000 29.00000000 6.05453539
v 21.00000000 30.00000000 2.90130115
v 20.24594116 30.00000000 4.00000000
v 20.05367088 30.00000000 5.00000000
v 21.00000000 30.00000000 5.34589815
v 21.00000000 29.12454796 6.00000000
v 21.00000000 30.14945793 3.00000000
v 21.00000000 30.26122665 4.00000000
v 21.00000000 30.26544952 5.00000000
v 21.33489990 18.00000000 5.00000000
v 22.00000000 17.35987854 5.00000000
v 22.00000000 18.00000000 4.11036491
v 21.40134621 18.00000000 6.00000000
v 22.00000000 17.50387955 6.00000000
v 22.00000000 18.00000000 6.79585695
v 21.20948601 19.00000000 3.00000000
v 22.00000000 18.24515152 3.00000000
v 22.00000000 19.00000000 2.58587933
v 21.37047577 19.00000000 4.00000000
v 22.00000000 18.10204887 4.00000000
v 21.03600121 19.00000000 7.00000000
v 22.00000000 18.31992340 7.00000000
v 22.00000000 19.00000000 7.24546051
v 22.00000000 20.00000000 2.05684423
v 21.16804695 20.00000000 4.00000000
v 21.63147926 20.00000000 8.00000000
v 22.00000000 19.84085083 8.00000000
v 22.00000000 20.00000000 8.15386868
v 21.30351639 20.00000000 15.00000000
v 22.00000000 19.53085136 15.00000000
v 22.00000000 20.00000000 14.22422695
v 21.29548836 20.00000000 16.00000000
v 22.00000000 19.44994545 16.00000000
v 22.00000000 20.00000000 16.78160858
v 21.82043076 20.00000000 23.00000000
v 22.00000000 19.78972816 23.00000000
v 22.00000000 20.00000000 22.02336884
v 22.00000000 20.00000000 23.37463760
v 21.95245934 21.00000000 2.00000000
v 22.00000000 20.69003868 2.00000000
v 22.00000000 21.00000000 1.98286784
v 21.15603447 21.00000000 4.00000000
v 21.57141876 21.00000000 8.00000000
v 22.00000000 21.00000000 8.44002533
v 21.62990189 21.00000000 13.00000000
v 22.00000000 20.66869545 13.00000000
v 22.00000000 21.00000000 12.74538803
v 22.00000000 20.08475685 14.00000000
v 21.33458900 21.00000000 17.00000000
v 22.00000000 20.25758553 17.00000000
v 22.00000000 21.00000000 17.55946922
v 21.50834846 21.00000000 22.00000000
v 22.00000000 20.00826073 22.00000000
v 22.00000000 21.00000000 21.58084679
v 21.27500916 21.00000000 23.00000000
v 22.00000000 20.53204155 24.00000000
v 21.69207001 21.00000000 24.00000000
v 22.00000000 21.00000000 24.23643875
v 21.57750320 22.00000000 2.00000000
v 22.00000000 22.00000000 1.86084199
v 21.01044273 22.00000000 4.00000000
v 21.44225502 22.00000000 8.00000000
v 22.00000000 21.90371323 9.00000000
v 21.96767044 22.00000000 9.00000000
v 21.69157982 22.00000000 10.00000000
v 22.00000000 21.44292831 10.00000000
v 22.00000000 22.00000000 10.88983917
v 22.00000000 22.00000000 12.28739738
v 21.78534317 22.00000000 18.00000000
v 22.00000000 21.59161568 18.00000000
v 22.00000000 22.00000000 18.29128647
v 21.23192978 22.00000000 22.00000000
v 22.00000000 22.00000000 21.14480019
v 21.00083160 22.00000000 23.00000000
v 21.75931740 22.00000000 25.00000000
v 22.00000000 21.91054344 25.00000000
v 22.00000000 22.00000000 25.07139015
v 22.00000000 22.79747009 2.00000000
v 22.00000000 23.00000000 2.04762077
v 21.41736412 23.00000000 9.00000000
v 21.19937897 23.00000000 10.00000000
v 22.00000000 22.13848877 11.00000000
v 21.73281860 23.00000000 11.00000000
v 22.00000000 23.00000000 11.47130871
v 22.00000000 23.00000000 12.15320396
v 21.03687096 23.00000000 17.00000000
v 22.00000000 23.00000000 17.96555901
v 22.00000000 22.90250015 18.00000000
v 21.72845078 23.00000000 20.00000000
v 22.00000000 22.53010941 20.00000000
v 22.00000000 23.00000000 19.11295128
v 21.20037651 23.00000000 21.00000000
v 22.00000000 22.12076950 21.00000000
v 22.00000000 23.00000000 25.73720551
v 21.93963051 24.00000000 2.00000000
v 22.00000000 23.59572601 2.00000000
v 22.00000000 24.00000000 1.97528207
v 21.01258659 24.00000000 10.00000000
v 21.74509430 24.00000000 11.00000000
v 22.00000000 24.00000000 11.34739399
v 22.00000000 24.00000000 12.23050880
v 21.01640892 24.00000000 17.00000000
v 22.00000000 23.28628731 18.00000000
v 21.93430138 24.00000000 18.00000000
v 21.96280861 24.00000000 19.00000000
v 22.00000000 23.51683044 19.00000000
v 21.59563637 24.00000000 20.00000000
v 22.00000000 23.81962395 26.00000000
v 21.87519073 24.00000000 26.00000000
v 22.00000000 24.00000000 26.04590988
v 22.00000000 24.42471123 2.00000000
v 22.00000000 25.00000000 2.04345751
v 22.00000000 24.83948517 11.00000000
v 22.00000000 25.00000000 10.93611336
v 21.83516884 25.00000000 13.00000000
v 22.00000000 25.00000000 12.93644333
v 21.55404472 25.00000000 16.00000000
v 21.77174568 25.00000000 17.00000000
v 22.00000000 25.00000000 17.37780571
v 22.00000000 24.21552849 18.00000000
v 22.00000000 24.26282310 19.00000000
v 22.00000000 24.87250710 20.00000000
v 21.64755440 25.00000000 21.00000000
v 22.00000000 25.00000000 20.22642326
v 21.15116310 25.00000000 22.00000000
v 22.00000000 25.00000000 25.47746468
v 22.00000000 24.10337448 26.00000000
v 22.00000000 26.00000000 2.26635504
v 22.00000000 26.00000000 8.99847317
v 22.00000000 25.99883270 9.00000000
v 22.00000000 25.86121750 10.00000000
v 22.00000000 25.06014252 13.00000000
v 22.00000000 25.78268051 14.00000000
v 22.00000000 25.74053955 15.00000000
v 22.00000000 25.50012589 16.00000000
v 22.00000000 25.29900360 17.00000000
v 22.00000000 25.27273560 21.00000000
v 22.00000000 25.71727943 22.00000000
v 22.00000000 25.99578476 23.00000000
v 21.44338417 26.00000000 24.00000000
v 22.00000000 26.00000000 23.01298141
v 22.00000000 26.00000000 24.50818062
v 22.00000000 25.60090828 25.00000000
v 22.00000000 27.00000000 2.32191777
v 22.00000000 27.00000000 7.37744474
v 22.00000000 26.55609894 8.00000000
v 22.00000000 26.15458298 24.00000000
v 22.00000000 28.00000000 2.59226012
v 22.00000000 28.00000000 6.69972181
v 22.00000000 27.48019218 7.00000000
v 22.00000000 29.00000000 2.65012360
v 22.00000000 29.00000000 6.05304956
v 22.00000000 30.00000000 2.93397927
v 22.00000000 30.00000000 5.32312202
v 22.00000000 29.11960983 6.00000000
v 22.00000000 30.13765335 3.00000000
v 22.00000000 30.40956497 4.00000000
v 22.00000000 30.90235138 5.00000000
v 22.47374344 17.00000000 5.00000000
v 23.00000000 16.69961739 5.00000000
v 23.00000000 17.00000000 4.13524485
v 22.53577042 17.00000000 6.00000000
v 23.00000000 16.64550400 6.00000000
v 23.00000000 17.00000000 6.48892736
v 22.79837227 18.00000000 3.00000000
v 23.00000000 17.91952705 3.00000000
v 23.00000000 18.00000000 2.96057439
v 22.08874130 18.00000000 4.00000000
v 23.00000000 17.07121277 4.00000000
v 22.18106651 18.00000000 7.00000000
v 23.00000000 17.44224739 7.00000000
v 23.00000000 18.00000000 7.32832384
v 23.00000000 19.00000000 2.50381923
v 23.00000000 19.00000000 7.82522249
v 23.00000000 20.00000000 2.10937357
v 23.00000000 19.30564117 8.00000000
v 23.00000000 20.00000000 8.57138157
v 22.97254753 20.00000000 15.00000000
v 23.00000000 20.00000000 15.08791065
v 23.00000000 19.83435822 16.00000000
v 23.00000000 20.00000000 16.24713516
v 22.39093399 20.00000000 23.00000000
v 22.16149521 21.00000000 2.00000000
v 23.00000000 21.00000000 2.09194756
v 23.00000000 20.56863022 9.00000000
v 22.55368233 21.00000000 9.00000000
v 22.66057968 21.00000000 10.00000000
v 23.00000000 20.79084396 10.00000000
v 23.00000000 21.00000000 10.13984776
v 22.70964813 21.00000000 13.00000000
v 23.00000000 21.00000000 13.12990952
v 23.00000000 20.31880569 14.00000000
v 23.00000000 20.01131630 15.00000000
v 23.00000000 20.56183815 17.00000000
v 23.00000000 21.00000000 17.56869507
v 23.00000000 20.99325752 22.00000000
v 23.00000000 21.00000000 21.99626160
v 23.00000000 20.78345299 23.00000000
v 22.33843994 21.00000000 24.00000000
v 23.00000000 21.00000000 23.13047218
v 23.00000000 21.55053139 2.00000000
v 23.00000000 22.00000000 1.93599844
v 23.00000000 22.00000000 10.66193771
v 23.00000000 21.27261734 13.00000000
v 23.00000000 22.00000000 12.69865417
v 23.00000000 21.47899055 18.00000000
v 23.00000000 22.00000000 18.39786530
v 23.00000000 22.00000000 21.68453026
v 23.00000000 21.90482330 24.00000000
v 22.12948799 22.00000000 25.00000000
v 23.00000000 22.00000000 24.08792114
v 23.00000000 22.91489410 2.00000000
v 23.00000000 23.00000000 2.00625801
v 22.57153893 23.00000000 11.00000000
v 23.00000000 23.00000000 10.81538296
v 23.00000000 23.00000000 12.64599228
v 22.07632256 23.00000000 18.00000000
v 23.00000000 22.81935120 19.00000000
v 22.30274200 23.00000000 19.00000000
v 23.00000000 22.64960861 20.00000000
v 23.00000000 22.80053711 21.00000000
v 23.00000000 22.54086494 25.00000000
v 23.00000000 23.00000000 25.28354836
v 22.78882980 24.00000000 2.00000000
v 23.00000000 24.00000000 2.00631166
v 22.44213676 24.00000000 11.00000000
v 23.00000000 24.00000000 10.77901173
v 23.00000000 24.00000000 12.66095734
v 22.07930565 24.00000000 26.00000000
v 23.00000000 24.00000000 25.38276863
v 23.00000000 25.00000000 2.19934940
v 23.00000000 25.00000000 10.37776470
v 23.00000000 24.43229675 13.00000000
v 22.06987190 25.00000000 13.00000000
v 23.00000000 25.00000000 13.84185886
v 23.00000000 25.00000000 17.34387207
v 23.00000000 24.59261322 18.00000000
v 23.00000000 24.38319016 19.00000000
v 23.00000000 24.59154320 20.00000000
v 23.00000000 24.41992950 21.00000000
v 22.38318062 25.00000000 21.00000000
v 23.00000000 24.67486572 22.00000000
v 22.74426460 25.00000000 22.00000000
v 23.00000000 25.00000000 22.50933838
v 22.69004059 25.00000000 25.00000000
v 23.00000000 25.00000000 24.68574333
v 23.00000000 24.66912842 25.00000000
v 23.00000000 26.00000000 2.25369167
v 23.00000000 26.00000000 8.92078304
v 23.00000000 25.93918037 9.00000000
v 23.00000000 25.82369041 10.00000000
v 23.00000000 25.15036011 14.00000000
v 23.00000000 25.37704086 15.00000000
v 23.00000000 25.43546104 16.00000000
v 23.00000000 25.23703384 17.00000000
v 23.00000000 25.21047783 23.00000000
v 23.00000000 25.42509460 24.00000000
v 22.34110069 26.00000000 24.00000000
v 23.00000000 27.00000000 2.33859515
v 23.00000000 27.00000000 7.33488083
v 23.00000000 26.45223236 8.00000000
v 23.00000000 28.00000000 2.92007780
v 23.00000000 28.00000000 6.42045116
v 23.00000000 27.40025902 7.00000000
v 23.00000000 29.00000000 2.89722061
v 22.38117218 29.00000000 6.00000000
v 23.00000000 29.00000000 5.81839752
v 23.00000000 28.78747559 6.00000000
v 23.00000000 29.30079269 3.00000000
v 22.24924850 30.00000000 3.00000000
v 23.00000000 30.00000000 3.69468856
v 23.00000000 30.00000000 5.37225819
v 23.00000000 31.00000000 3.29752541
v 22.62916756 31.00000000 4.00000000
v 22.09702873 31.00000000 5.00000000
v 23.00000000 31.00000000 5.47931337
v 22.63136673 32.00000000 4.00000000
v 23.00000000 32.00000000 3.37578893
v 22.30749702 32.00000000 5.00000000
v 23.00000000 32.00000000 5.66196108
v 23.00000000 32.35150528 4.00000000
v 23.00000000 32.30854034 5.00000000
v 23.22438049 17.00000000 4.00000000
v 24.00000000 16.86140442 4.00000000
v 24.00000000 17.00000000 3.56865382
v 24.00000000 16.55800629 5.00000000
v 24.00000000 16.55768776 6.00000000
v 24.00000000 17.00000000 6.72544622
v 24.00000000 17.52330017 3.00000000
v 24.00000000 18.00000000 2.81233740
v 24.00000000 17.26567650 7.00000000
v 24.00000000 18.00000000 7.45734549
v 24.00000000 19.00000000 2.48924184
v 24.00000000 18.66790390 8.00000000
v 23.39867592 19.00000000 8.00000000
v 24.00000000 19.00000000 8.38749981
v 24.00000000 20.00000000 2.25157762
v 23.66408920 20.00000000 9.00000000
v 24.00000000 19.73444748 9.00000000
v 24.00000000 20.00000000 9.58546829
v 23.22962189 20.00000000 16.00000000
v 24.00000000 21.00000000 2.26758194
v 24.00000000 20.31805229 10.00000000
v 24.00000000 21.00000000 10.19694710
v 23.87519836 21.00000000 14.00000000
v 23.93837929 21.00000000 15.00000000
v 23.92216110 21.00000000 16.00000000
v 23.58179092 21.00000000 17.00000000
v 23.00200653 21.00000000 22.00000000
v 23.03762817 21.00000000 23.00000000
v 23.30876923 22.00000000 2.00000000
v 24.00000000 22.00000000 2.14203000
v 24.00000000 22.00000000 10.57693100
v 23.39574432 22.00000000 13.00000000
v 24.00000000 22.00000000 13.68975544
v 24.00000000 21.34262848 14.00000000
v 24.00000000 21.21449852 15.00000000
v 24.00000000 21.17691994 16.00000000
v 24.00000000 21.59025002 17.00000000
v 23.35420227 22.00000000 18.00000000
v 24.00000000 22.00000000 17.24912071
v 23.14811134 22.00000000 22.00000000
v 23.18476105 22.00000000 23.00000000
v 23.02733803 22.00000000 24.00000000
v 24.00000000 23.00000000 2.16917133
v 24.00000000 23.00000000 10.56647015
v 23.54111481 23.00000000 13.00000000
v 24.00000000 23.00000000 13.58677101
v 23.99524307 23.00000000 16.00000000
v 24.00000000 23.00000000 15.94923115
v 24.00000000 22.98691750 16.00000000
v 24.00000000 23.00000000 16.03367424
v 23.32420921 23.00000000 18.00000000
v 24.00000000 23.00000000 17.21575737
v 23.08371925 23.00000000 19.00000000
v 23.18414879 23.00000000 20.00000000
v 23.07239342 23.00000000 21.00000000
v 23.16377258 23.00000000 22.00000000
v 23.40158081 23.00000000 23.00000000
v 23.53339386 23.00000000 24.00000000
v 23.23267174 23.00000000 25.00000000
v 24.00000000 24.00000000 2.15554571
v 24.00000000 24.00000000 10.59004116
v 23.45840073 24.00000000 13.00000000
v 24.00000000 24.00000000 13.81064796
v 23.94898605 24.00000000 15.00000000
v 24.00000000 24.00000000 14.65818882
v 24.00000000 23.60649490 15.00000000
v 23.90703773 24.00000000 16.00000000
v 24.00000000 23.80156708 17.00000000
v 23.94468689 24.00000000 17.00000000
v 23.36446381 24.00000000 18.00000000
v 23.15911484 24.00000000 19.00000000
v 23.27070999 24.00000000 20.00000000
v 23.15022469 24.00000000 21.00000000
v 23.24170494 24.00000000 22.00000000
v 23.43560410 24.00000000 23.00000000
v 23.53193092 24.00000000 24.00000000
v 23.27855110 24.00000000 25.00000000
v 24.00000000 25.00000000 2.28362298
v 24.00000000 25.00000000 10.34952641
v 24.00000000 24.15177345 14.00000000
v 23.13788605 25.00000000 14.00000000
v 23.31176567 25.00000000 15.00000000
v 23.31324005 25.00000000 16.00000000
v 23.16256142 25.00000000 17.00000000
v 23.12048721 25.00000000 23.00000000
v 23.23933792 25.00000000 24.00000000
v 24.00000000 26.00000000 2.33675623
v 23.13899040 26.00000000 9.00000000
v 24.00000000 26.00000000 9.77435112
v 24.00000000 25.89467049 10.00000000
v 24.00000000 27.00000000 2.40476751
v 24.00000000 27.00000000 7.49169111
v 24.00000000 26.72546387 8.00000000
v 24.00000000 26.22755051 9.00000000
v 24.00000000 28.00000000 2.98342896
v 24.00000000 28.00000000 6.41570663
v 24.00000000 27.45789719 7.00000000
v 24.00000000 28.35569572 3.00000000
v 23.75215340 29.00000000 3.00000000
v 24.00000000 29.00000000 3.13947248
v 24.00000000 29.00000000 5.94601107
v 24.00000000 28.93486404 6.00000000
v 24.00000000 29.93437386 4.00000000
v 23.87737083 30.00000000 4.00000000
v 24.00000000 30.00000000 4.04187775
v 24.00000000 30.00000000 5.68437290
v 24.00000000 30.07397652 4.00000000
v 24.00000000 31.00000000 3.42645359
v 24.00000000 31.00000000 5.15796232
v 24.00000000 32.00000000 3.51818180
v 24.00000000 32.00000000 5.56473446
v 24.00000000 32.30358505 4.00000000
v 24.00000000 32.20777893 5.00000000
v 24.23679733 17.00000000 4.00000000
v 24.83448601 17.00000000 5.00000000
v 25.00000000 17.00000000 5.53546238
v 25.00000000 16.91577530 6.00000000
v 25.00000000 17.00000000 6.19150352
v 24.74071693 18.00000000 3.00000000
v 25.00000000 18.00000000 3.46145248
v 25.00000000 17.86788940 4.00000000
v 25.00000000 17.16417122 5.00000000
v 25.00000000 17.52296066 7.00000000
v 25.00000000 18.00000000 7.28628445
v 25.00000000 18.19498634 3.00000000
v 25.00000000 19.00000000 2.70906878
v 24.79094315 19.00000000 8.00000000
v 25.00000000 19.00000000 7.91174698
v 25.00000000 20.00000000 2.75070691
v 25.00000000 19.29225159 8.00000000
v 24.19071007 20.00000000 9.00000000
v 25.00000000 20.00000000 8.20881557
v 25.00000000 21.00000000 2.49126863
v 24.65008354 21.00000000 9.00000000
v 25.00000000 21.00000000 8.67131805
v 24.27726746 21.00000000 10.00000000
v 25.00000000 22.00000000 2.37960815
v 25.00000000 21.74501038 9.00000000
v 24.68978500 22.00000000 10.00000000
v 25.00000000 22.00000000 9.23720837
v 24.18749619 22.00000000 14.00000000
v 24.29010010 22.00000000 15.00000000
v 24.55347824 22.00000000 16.00000000
v 24.19527435 22.00000000 17.00000000
v 25.00000000 23.00000000 2.37121367
v 24.85497093 23.00000000 10.00000000
v 25.00000000 23.00000000 9.62682438
v 24.26604271 23.00000000 14.00000000
v 24.14526176 23.00000000 15.00000000
v 24.16445732 23.00000000 17.00000000
v 25.00000000 24.00000000 2.33779359
v 25.00000000 23.74332428 10.00000000
v 25.00000000 24.00000000 10.04780579
v 24.12759781 24.00000000 14.00000000
v 25.00000000 25.00000000 2.43546081
v 24.73968887 25.00000000 10.00000000
v 25.00000000 25.00000000 9.50118256
v 25.00000000 24.17031479 10.00000000
v 25.00000000 26.00000000 2.58523297
v 24.51240158 26.00000000 9.00000000
v 25.00000000 26.00000000 8.68249798
v 25.00000000 25.47908783 9.00000000
v 25.00000000 27.00000000 2.36623788
v 24.83879089 27.00000000 7.00000000
v 25.00000000 27.00000000 6.89167309
v 25.00000000 26.94073296 7.00000000
v 25.00000000 26.51642990 8.00000000
v 25.00000000 27.82398987 3.00000000
v 24.12980461 28.00000000 3.00000000
v 25.00000000 27.80169678 4.00000000
v 24.63489723 28.00000000 4.00000000
v 25.00000000 28.00000000 4.35402393
v 25.00000000 28.00000000 6.12579966
v 24.41518784 29.00000000 4.00000000
v 25.00000000 28.63245773 5.00000000
v 24.72240257 29.00000000 5.00000000
v 25.00000000 28.20029259 6.00000000
v 24.43445015 30.00000000 5.00000000
v 24.28527069 31.00000000 4.00000000
v 24.09048653 31.00000000 5.00000000
v 24.32139778 32.00000000 4.00000000
v 24.47128296 32.00000000 5.00000000
v 25.17143822 17.00000000 6.00000000
v 25.18768120 18.00000000 4.00000000
v 26.00000000 18.00000000 4.99491167
v 26.00000000 17.99768829 5.00000000
v 26.00000000 17.61406517 6.00000000
v 25.61121559 18.00000000 7.00000000
v 26.00000000 18.00000000 6.55356646
v 26.00000000 18.33659935 3.00000000
v 26.00000000 19.00000000 2.51977301
v 26.00000000 18.51451302 4.00000000
v 26.00000000 18.59485245 7.00000000
v 26.00000000 19.00000000 7.12273836
v 26.00000000 20.00000000 2.72748375
v 25.20247650 20.00000000 8.00000000
v 26.00000000 20.00000000 7.32703209
v 26.00000000 21.00000000 2.39236212
v 25.82369614 21.00000000 8.00000000
v 26.00000000 21.00000000 7.84250641
v 26.00000000 22.00000000 2.21312928
v 26.00000000 21.36464310 8.00000000
v 25.12178421 22.00000000 9.00000000
v 26.00000000 22.00000000 8.23583794
v 26.00000000 23.00000000 2.39917374
v 25.29141617 23.00000000 9.00000000
v 26.00000000 23.00000000 8.43991089
v 26.00000000 24.00000000 2.35004401
v 25.57462120 24.00000000 9.00000000
v 26.00000000 24.00000000 8.62307549
v 25.04554939 24.00000000 10.00000000
v 26.00000000 25.00000000 2.71084523
v 25.31299591 25.00000000 9.00000000
v 26.00000000 25.00000000 8.24667263
v 26.00000000 25.89029694 3.00000000
v 25.95781517 26.00000000 3.00000000
v 26.00000000 26.00000000 3.57120824
v 25.79377747 26.00000000 8.00000000
v 26.00000000 26.00000000 7.68246317
v 26.00000000 25.54204750 8.00000000
v 26.00000000 26.11799431 3.00000000
v 26.00000000 27.00000000 2.71547866
v 26.00000000 27.00000000 6.23939037
v 26.00000000 26.42113495 7.00000000
v 26.00000000 27.25088501 3.00000000
v 26.00000000 27.12620544 4.00000000
v 26.00000000 27.50800705 5.00000000
v 25.53927040 28.00000000 5.00000000
v 26.00000000 27.35186386 6.00000000
v 25.25724030 28.00000000 6.00000000
v 26.00212860 18.00000000 5.00000000
v 26.33479118 18.00000000 6.00000000
v 26.49870110 19.00000000 3.00000000
v 26.36328506 19.00000000 4.00000000
v 27.00000000 19.00000000 4.98710680
v 27.00000000 18.99107552 5.00000000
v 27.00000000 18.70177078 6.00000000
v 26.27079582 19.00000000 7.00000000
v 27.00000000 19.00000000 6.36341238
v 26.38541794 20.00000000 3.00000000
v 26.20435143 20.00000000 4.00000000
v 27.00000000 20.00000000 4.94968796
v 26.67999268 20.00000000 7.00000000
v 27.00000000 20.00000000 6.64883900
v 27.00000000 20.73324966 3.00000000
v 27.00000000 21.00000000 2.72539473
v 27.00000000 20.79033470 4.00000000
v 26.91975784 21.00000000 7.00000000
v 27.00000000 21.00000000 6.86337852
v 27.00000000 22.00000000 2.32042003
v 27.00000000 21.30716896 7.00000000
v 26.24635696 22.00000000 8.00000000
v 27.00000000 22.00000000 7.16491652
v 27.00000000 23.00000000 2.57253170
v 26.98634338 23.00000000 7.00000000
v 27.00000000 23.00000000 6.95895481
v 27.00000000 22.89604378 7.00000000
v 26.35264778 23.00000000 8.00000000
v 26.92837524 24.00000000 2.00000000
v 27.00000000 23.62039375 2.00000000
v 27.00000000 24.00000000 1.98292494
v 27.00000000 24.00000000 2.31683111
v 27.00000000 23.36138725 3.00000000
v 26.91777229 24.00000000 3.00000000
v 27.00000000 23.28763008 4.00000000
v 26.90189743 24.00000000 4.00000000
v 27.00000000 24.00000000 4.18533087
v 27.00000000 23.27592468 7.00000000
v 26.42067909 24.00000000 8.00000000
v 27.00000000 24.00000000 7.05194807
v 26.80023766 25.00000000 2.00000000
v 27.00000000 25.00000000 1.92153072
v 26.45335960 25.00000000 3.00000000
v 27.00000000 25.00000000 2.33728909
v 26.64138031 25.00000000 4.00000000
v 27.00000000 25.00000000 4.43946409
v 26.16858482 25.00000000 8.00000000
v 27.00000000 25.00000000 7.00640917
v 27.00000000 25.52776146 2.00000000
v 26.02165604 26.00000000 4.00000000
v 27.00000000 26.00000000 4.94168043
v 26.71611786 26.00000000 6.00000000
v 27.00000000 26.00000000 5.10471296
v 27.00000000 25.42818069 6.00000000
v 27.00000000 25.01226997 7.00000000
v 26.41489029 26.00000000 7.00000000
v 26.25214386 27.00000000 3.00000000
v 26.08798790 27.00000000 4.00000000
v 27.00000000 26.04816246 5.00000000
v 26.25375938 27.00000000 5.00000000
v 26.15550804 27.00000000 6.00000000
v 27.05138206 19.00000000 5.00000000
v 28.00000000 19.00000000 5.76784754
v 28.00000000 18.96710777 6.00000000
v 28.00000000 19.00000000 6.04483747
v 27.17531013 20.00000000 5.00000000
v 28.00000000 20.00000000 5.56974936
v 28.00000000 20.00000000 6.12858820
v 27.21064377 21.00000000 3.00000000
v 27.27136230 21.00000000 4.00000000
v 28.00000000 21.00000000 4.99855661
v 28.00000000 20.99588585 5.00000000
v 28.00000000 21.00000000 6.12080479
v 28.00000000 21.95109367 3.00000000
v 28.00000000 22.00000000 2.95452762
v 27.72295380 22.00000000 4.00000000
v 28.00000000 22.00000000 3.10718846
v 28.00000000 22.00000000 4.27307081
v 27.29226875 22.00000000 7.00000000
v 28.00000000 22.00000000 6.51246262
v 28.00000000 22.04995728 3.00000000
v 27.06768990 23.00000000 3.00000000
v 27.08368492 23.00000000 4.00000000
v 28.00000000 23.00000000 4.60983229
v 28.00000000 23.00000000 6.03588820
v 27.10456467 24.00000000 2.00000000
v 28.00000000 24.00000000 4.81046486
v 27.82919312 24.00000000 6.00000000
v 28.00000000 24.00000000 5.75041914
v 28.00000000 23.18864059 6.00000000
v 27.08823395 24.00000000 7.00000000
v 27.26649475 25.00000000 2.00000000
v 28.00000000 25.00000000 4.73964834
v 27.52441597 25.00000000 6.00000000
v 28.00000000 25.00000000 5.54529572
v 27.01016045 25.00000000 7.00000000
v 28.00000000 25.53125572 5.00000000
v 27.13998795 26.00000000 5.00000000
v 27.86765289 31.00000000 6.00000000
v 28.00000000 30.96658707 6.00000000
v 28.00000000 31.00000000 5.39663744
v 28.00000000 31.00000000 6.04343748
v 27.84895515 32.00000000 5.00000000
v 28.00000000 31.21394157 5.00000000
v 28.00000000 32.00000000 4.83349276
v 27.87958336 32.00000000 6.00000000
v 28.00000000 32.00000000 6.02487850
v 28.00000000 32.10315323 5.00000000
v 28.00000000 32.02480316 6.00000000
v 28.09481239 19.00000000 6.00000000
v 28.35053635 20.00000000 6.00000000
v 28.01026917 21.00000000 5.00000000
v 28.37195969 21.00000000 6.00000000
v 28.04484940 22.00000000 3.00000000
v 29.00000000 21.23454666 5.00000000
v 29.00000000 22.00000000 4.75603437
v 29.00000000 21.50909615 6.00000000
v 29.00000000 22.00000000 6.21116590
v 29.00000000 23.00000000 4.81411409
v 29.00000000 23.00000000 6.28690672
v 29.00000000 23.79563141 5.00000000
v 28.76325798 24.00000000 5.00000000
v 29.00000000 23.82091522 6.00000000
v 28.48317719 25.00000000 5.00000000
v 28.07020760 31.00000000 6.00000000
v 28.23154068 32.00000000 5.00000000
v 28.04312325 32.00000000 6.00000000
v 29.48682022 22.00000000 5.00000000
v 29.37534523 22.00000000 6.00000000
v 29.77221680 23.00000000 5.00000000
v 29.34536362 23.00000000 6.00000000
v 31.65823936 22.00000000 5.00000000
v 32.00000000 21.48907852 5.00000000
v 32.00000000 22.00000000 4.69336319
v 32.00000000 22.00000000 5.46831274
v 31.32158089 23.00000000 5.00000000
v 32.00000000 23.00000000 4.71853065
v 32.00000000 23.00000000 5.96311140
v 31.80590439 24.00000000 5.00000000
v 32.00000000 24.00000000 4.91468430
v 32.00000000 24.00000000 5.57222509
v 31.73810196 25.00000000 5.00000000
v 32.00000000 25.00000000 4.86300135
v 32.00000000 24.11376190 6.00000000
v 31.22148705 25.00000000 6.00000000
v 31.97821045 25.00000000 7.00000000
v 32.00000000 24.97072029 7.00000000
v 32.00000000 25.00000000 7.00812674
v 32.00000000 25.86705971 5.00000000
v 32.00000000 26.00000000 5.24215078
v 31.84835815 26.00000000 6.00000000
v 32.00000000 26.00000000 6.18772602
v 32.00000000 25.02305222 7.00000000
v 32.00000000 26.20226860 6.00000000
v 32.58327866 19.00000000 2.00000000
v 33.00000000 18.15457535 2.00000000
v 33.00000000 19.00000000 1.81870365
v 32.24435806 19.00000000 3.00000000
v 33.00000000 18.02831459 3.00000000
v 32.61665726 19.00000000 4.00000000
v 33.00000000 18.56724167 4.00000000
v 32.84100723 19.00000000 5.00000000
v 33.00000000 18.89366913 5.00000000
v 33.00000000 19.00000000 5.17680264
v 32.48506546 20.00000000 2.00000000
v 33.00000000 20.00000000 1.79808438
v 32.22311020 20.00000000 3.00000000
v 32.54568481 20.00000000 4.00000000
v 32.58520508 20.00000000 5.00000000
v 33.00000000 20.00000000 5.45208168
v 32.76233292 21.00000000 2.00000000
v 33.00000000 21.00000000 1.82824898
v 32.29967880 21.00000000 3.00000000
v 32.52516556 21.00000000 4.00000000
v 32.25522614 21.00000000 5.00000000
v 33.00000000 21.00000000 5.86539888
v 32.81348419 22.00000000 2.00000000
v 33.00000000 22.00000000 1.85741401
v 32.17294693 22.00000000 3.00000000
v 32.31591797 22.00000000 4.00000000
v 32.34885406 22.00000000 6.00000000
v 33.00000000 21.17014122 6.00000000
v 33.00000000 22.00000000 6.24029160
v 33.00000000 22.53035927 2.00000000
v 33.00000000 23.00000000 2.24903822
v 32.49682999 23.00000000 3.00000000
v 32.71229935 23.00000000 4.00000000
v 32.10287857 23.00000000 6.00000000
v 33.00000000 23.00000000 6.07272387
v 32.56449127 24.00000000 3.00000000
v 33.00000000 24.00000000 2.14250040
v 32.75575256 24.00000000 4.00000000
v 32.21598053 24.00000000 6.00000000
v 33.00000000 24.00000000 6.22624969
v 32.90365601 25.00000000 2.00000000
v 33.00000000 24.43011856 2.00000000
v 33.00000000 25.00000000 1.91566145
v 32.53987503 25.00000000 3.00000000
v 32.73625565 25.00000000 4.00000000
v 33.00000000 25.00000000 6.77329731
v 32.03721619 25.00000000 7.00000000
v 32.91938400 26.00000000 2.00000000
v 33.00000000 26.00000000 1.92832744
v 32.57634735 26.00000000 3.00000000
v 32.79865646 26.00000000 4.00000000
v 32.04006195 26.00000000 5.00000000
v 33.00000000 26.00000000 6.53231382
v 32.86538696 27.00000000 2.00000000
v 33.00000000 27.00000000 1.87790334
v 32.59121323 27.00000000 3.00000000
v 32.96929550 27.00000000 4.00000000
v 32.59036255 27.00000000 5.00000000
v 32.43642807 27.00000000 6.00000000
v 33.00000000 27.00000000 6.56083679
v 32.87919617 28.00000000 2.00000000
v 33.00000000 28.00000000 1.88945138
v 32.66883850 28.00000000 3.00000000
v 33.00000000 28.00000000 3.92549324
v 33.00000000 27.52743149 4.00000000
v 33.00000000 28.00000000 4.28614664
v 32.89687729 28.00000000 5.00000000
v 32.92082596 28.00000000 6.00000000
v 33.00000000 28.00000000 6.07673788
v 32.95692444 29.00000000 2.00000000
v 33.00000000 29.00000000 1.96690202
v 32.58834457 29.00000000 3.00000000
v 33.00000000 28.51439095 4.00000000
v 32.97394180 29.00000000 4.00000000
v 33.00000000 28.13981247 5.00000000
v 33.00000000 29.00000000 4.05794334
v 33.00000000 28.06128120 6.00000000
v 33.00000000 29.15442848 2.00000000
v 33.00000000 30.00000000 2.76233554
v 32.93626785 30.00000000 3.00000000
v 33.00000000 30.00000000 3.14711642
v 33.00000000 29.07985878 4.00000000
v 33.00000000 30.17266464 3.00000000
v 33.62758636 17.00000000 2.00000000
v 34.00000000 16.28586578 2.00000000
v 34.00000000 17.00000000 1.94584322
v 34.00000000 17.00000000 2.26482344
v 33.35140991 18.00000000 2.00000000
v 34.00000000 18.00000000 1.93855071
v 34.00000000 17.99285126 3.00000000
v 33.94724274 18.00000000 3.00000000
v 34.00000000 18.00000000 3.00213265
v 34.00000000 19.00000000 1.61693430
v 34.00000000 18.53528786 4.00000000
v 34.00000000 18.67400932 5.00000000
v 34.00000000 19.00000000 5.58037758
v 34.00000000 20.00000000 1.60110259
v 34.00000000 19.84815407 6.00000000
v 33.90421677 20.00000000 6.00000000
v 34.00000000 20.00000000 6.03403187
v 34.00000000 21.00000000 1.51138878
v 33.12681198 21.00000000 6.00000000
v 34.00000000 21.00000000 6.26776743
v 34.00000000 22.00000000 1.46429801
v 34.00000000 22.00000000 6.44198656
v 33.22106171 23.00000000 2.00000000
v 34.00000000 23.00000000 1.64368975
v 34.00000000 23.00000000 6.30215931
v 33.10391617 24.00000000 2.00000000
v 34.00000000 24.00000000 1.55494666
v 34.00000000 24.00000000 6.42740679
v 34.00000000 25.00000000 1.31912148
v 34.00000000 25.00000000 6.63332176
v 34.00000000 26.00000000 1.22090387
v 34.00000000 26.00000000 6.55511665
v 34.00000000 27.00000000 1.25872004
v 34.00000000 27.00000000 6.64889002
v 34.00000000 28.00000000 1.27994847
v 33.06173325 28.00000000 4.00000000
v 34.00000000 28.00000000 6.25759935
v 34.00000000 29.00000000 1.44204104
v 34.00000000 29.00000000 4.70543432
v 34.00000000 28.62222481 5.00000000
v 34.00000000 28.27865601 6.00000000
v 33.47719574 30.00000000 2.00000000
v 34.00000000 30.00000000 1.80913854
v 33.94857025 30.00000000 4.00000000
v 34.00000000 30.00000000 4.01934910
v 34.00000000 30.45903015 2.00000000
v 34.00000000 30.86297607 3.00000000
v 34.00000000 30.02348328 4.00000000
v 34.28849411 17.00000000 2.00000000
v 34.46087646 18.00000000 2.00000000
v 35.00000000 17.85168648 3.00000000
v 35.00000000 18.00000000 2.80154085
v 35.00000000 18.00000000 3.06449604
v 35.00000000 18.23864365 2.00000000
v 35.00000000 19.00000000 1.77682745
v 35.00000000 18.58580589 4.00000000
v 34.34222031 19.00000000 5.00000000
v 35.00000000 19.00000000 4.37642574
v 35.00000000 20.00000000 1.74178946
v 34.75319290 20.00000000 5.00000000
v 35.00000000 20.00000000 4.79211617
v 34.21625519 20.00000000 6.00000000
v 35.00000000 21.00000000 1.62351084
v 35.00000000 20.42336082 5.00000000
v 35.00000000 20.60591698 6.00000000
v 35.00000000 21.00000000 6.06973076
v 35.00000000 22.00000000 1.66258430
v 35.00000000 22.00000000 6.18658638
v 35.00000000 23.00000000 1.82604802
v 35.00000000 23.00000000 6.20801306
v 35.00000000 24.00000000 1.66862869
v 35.00000000 24.00000000 6.34877396
v 35.00000000 25.00000000 1.39979768
v 35.00000000 25.00000000 6.25173330
v 35.00000000 26.00000000 1.06977212
v 35.00000000 26.00000000 6.23004580
v 35.00000000 27.00000000 1.19900966
v 35.00000000 27.00000000 6.24240541
v 35.00000000 28.00000000 1.29177427
v 34.90854645 28.00000000 6.00000000
v 35.00000000 28.00000000 5.82857132
v 35.00000000 27.90576172 6.00000000
v 35.00000000 29.00000000 1.59209108
v 35.00000000 29.00000000 4.24689150
v 35.00000000 28.19337463 5.00000000
v 35.00000000 29.91960335 2.00000000
v 34.84049606 30.00000000 2.00000000
v 35.00000000 30.00000000 2.09398580
v 34.04615784 30.00000000 4.00000000
v 35.00000000 30.00000000 3.49743748
v 35.00000000 29.32543564 4.00000000
v 35.00000000 30.46389961 3.00000000
v 35.65232468 17.00000000 3.00000000
v 36.00000000 16.84873199 3.00000000
v 36.00000000 17.00000000 2.24634004
v 36.00000000 17.00000000 3.16421700
v 35.79001236 18.00000000 2.00000000
v 36.00000000 17.48236656 2.00000000
v 36.00000000 18.00000000 1.97581553
v 36.00000000 18.00000000 3.95402026
v 36.00000000 19.00000000 1.81261873
v 36.00000000 18.06022835 4.00000000
v 36.00000000 19.00000000 4.31783104
v 36.00000000 20.00000000 1.85211980
v 36.00000000 20.00000000 4.49103594
v 36.00000000 21.00000000 1.89376068
v 36.00000000 20.74953651 5.00000000
v 35.31718445 21.00000000 6.00000000
v 36.00000000 21.00000000 5.40910196
v 36.00000000 22.00000000 1.98604870
v 35.71244049 22.00000000 5.00000000
v 36.00000000 22.00000000 4.74830055
v 36.00000000 21.46907806 5.00000000
v 35.48820114 22.00000000 6.00000000
v 36.00000000 22.05685806 2.00000000
v 35.41274643 23.00000000 2.00000000
v 36.00000000 23.00000000 2.55134249
v 36.00000000 22.36734009 5.00000000
v 35.68096161 23.00000000 6.00000000
v 36.00000000 23.00000000 5.65856552
v 35.71214676 24.00000000 2.00000000
v 36.00000000 24.00000000 2.37218356
v 35.90726089 24.00000000 5.00000000
v 36.00000000 24.00000000 4.76082611
v 36.00000000 23.83459473 5.00000000
v 35.68587875 24.00000000 6.00000000
v 36.00000000 24.85313416 2.00000000
v 36.00000000 25.00000000 1.96489727
v 35.95254135 25.00000000 5.00000000
v 36.00000000 25.00000000 4.91981077
v 35.47660446 25.00000000 6.00000000
v 36.00000000 26.00000000 1.73603284
v 35.80197144 26.00000000 5.00000000
v 36.00000000 26.00000000 4.75722313
v 35.42139435 26.00000000 6.00000000
v 36.00000000 27.00000000 1.56326497
v 35.63233185 27.00000000 5.00000000
v 36.00000000 27.00000000 4.41897440
v 35.41719818 27.00000000 6.00000000
v 36.00000000 28.00000000 1.65681422
v 35.29336166 28.00000000 5.00000000
v 36.00000000 28.00000000 4.18371534
v 36.00000000 29.00000000 1.74566591
v 35.38597870 29.00000000 4.00000000
v 36.00000000 29.00000000 3.53516865
v 36.00000000 28.19949150 4.00000000
v 36.00000000 29.90532112 2.00000000
v 36.00000000 30.00000000 2.35827589
v 36.00000000 30.00000000 3.06061745
v 36.00000000 30.07630539 3.00000000
v 36.36811447 17.00000000 3.00000000
v 37.00000000 17.53833771 2.00000000
v 37.00000000 18.00000000 1.82236457
v 37.00000000 17.27721405 3.00000000
v 37.00000000 18.00000000 3.74837422
v 37.00000000 19.00000000 1.96834159
v 36.74059677 19.00000000 4.00000000
v 37.00000000 19.00000000 3.84490895
v 37.00000000 20.00000000 1.84432578
v 37.00000000 19.33504295 4.00000000
v 37.00000000 20.00000000 4.27047014
v 37.00000000 21.00000000 1.88197768
v 36.23665237 21.00000000 5.00000000
v 37.00000000 21.00000000 4.19462538
v 37.00000000 21.68995667 2.00000000
v 36.24662399 22.00000000 2.00000000
v 37.00000000 22.00000000 2.18894196
v 36.73451996 22.00000000 4.00000000
v 37.00000000 22.00000000 3.67257524
v 37.00000000 21.39058685 4.00000000
v 37.00000000 22.67590141 3.00000000
v 36.68221283 23.00000000 3.00000000
v 36.32820511 23.00000000 4.00000000
v 36.29277039 23.00000000 5.00000000
v 36.58670044 24.00000000 3.00000000
v 36.18204498 24.00000000 4.00000000
v 36.07007599 25.00000000 2.00000000
v 36.80069351 25.00000000 3.00000000
v 36.32816696 25.00000000 4.00000000
v 36.50374603 26.00000000 2.00000000
v 37.00000000 26.00000000 2.90383816
v 37.00000000 25.84761620 3.00000000
v 36.36346054 26.00000000 4.00000000
v 37.00000000 26.00000000 3.03702950
v 37.00000000 26.58266449 2.00000000
v 37.00000000 27.00000000 1.68490982
v 36.28296280 27.00000000 4.00000000
v 37.00000000 27.00000000 3.49748206
v 37.00000000 28.00000000 1.68683088
v 36.22754669 28.00000000 4.00000000
v 37.00000000 28.00000000 3.46290350
v 37.00000000 29.00000000 1.72217667
v 37.00000000 29.00000000 3.00086737
v 37.00000000 29.47784233 2.00000000
v 37.00000000 29.00180054 3.00000000
v 36.13461685 30.00000000 3.00000000
v 37.43266678 18.00000000 2.00000000
v 37.45947647 18.00000000 3.00000000
v 37.29742050 19.00000000 2.00000000
v 38.00000000 19.00000000 2.41469431
v 38.00000000 18.78655815 3.00000000
v 38.00000000 19.00000000 3.14897871
v 38.00000000 19.40839386 2.00000000
v 38.00000000 20.00000000 1.87720048
v 37.29758072 20.00000000 4.00000000
v 38.00000000 20.00000000 3.38732910
v 38.00000000 20.95644760 2.00000000
v 37.96222687 21.00000000 2.00000000
v 38.00000000 21.00000000 2.13138247
v 37.10965729 21.00000000 4.00000000
v 38.00000000 21.00000000 3.05043340
v 38.00000000 21.15781212 3.00000000
v 37.58205032 22.00000000 3.00000000
v 37.02348328 26.00000000 3.00000000
v 37.38580322 27.00000000 2.00000000
v 37.37042999 27.00000000 3.00000000
v 37.49575806 28.00000000 2.00000000
v 37.31822205 28.00000000 3.00000000
v 37.29220200 29.00000000 2.00000000
v 37.00085449 29.00000000 3.00000000
v 38.07732391 19.00000000 3.00000000
v 38.10671997 20.00000000 2.00000000
v 38.17438126 20.00000000 3.00000000
v 38.02920532 21.00000000 3.00000000
f 3 2 1
f 5 4 1
f 5 1 2
f 7 6 4
f 7 4 5
f 9 8 6
f 9 6 7
f 11 10 8
f 11 8 9
f 13 12 10
f 13 10 11
f 15 14 12
f 15 12 13
f 17 16 14
f 17 14 15
f 19 18 16
f 19 16 17
f 21 20 18
f 21 18 19
f 23 22 20
f 23 20 21
f 25 24 22
f 25 22 23
f 27 26 24
f 27 24 25
f 29 28 26
f 29 26 27
f 31 30 28
f 31 28 29
f 33 32 30
f 33 30 31
f 35 34 32
f 35 32 33
f 37 36 34
f 37 34 35
f 39 38 36
f 39 36 37
f 41 40 38
f 41 38 39
f 43 42 40
f 43 40 41
f 45 44 42
f 45 42 43
f 47 46 44
f 47 44 45
f 49 48 46
f 49 46 47
f 51 50 48
f 51 48 49
f 53 52 50
f 53 50 51
f 55 54 52
f 55 52 53
f 57 56 54
f 57 54 55
f 58 56 57
f 3 1 59
f 3 59 60
f 61 1 4
f 59 1 61
f 62 4 6
f 61 4 62
f 63 6 8
f 62 6 63
f 64 8 10
f 63 8 64
f 65 10 12
f 64 10 65
f 66 12 14
f 65 12 66
f 67 14 16
f 66 14 67
f 68 16 18
f 67 16 68
f 69 18 20
f 68 18 69
f 70 20 22
f 69 20 70
f 71 22 24
f 70 22 71
f 72 24 26
f 71 24 72
f 73 26 28
f 72 26 73
f 74 28 30
f 73 28 74
f 75 30 32
f 74 30 75
f 76 32 34
f 75 32 76
f 77 34 36
f 76 34 77
f 78 36 38
f 77 36 78
f 79 38 40
f 78 38 79
f 80 40 42
f 79 40 80
f 81 42 44
f 80 42 81
f 82 44 46
f 81 44 82
f 83 46 48
f 82 46 83
f 84 48 50
f 83 48 84
f 85 50 52
f 84 50 85
f 86 52 54
f 85 52 86
f 87 54 56
f 86 54 87
f 56 58 88
f 56 88 87
f 89 60 59
f 91 90 89
f 59 91 89
f 61 91 59
f 92 61 62
f 91 61 92
f 93 62 63
f 92 62 93
f 94 63 64
f 93 63 94
f 65 96 95
f 94 65 95
f 64 65 94
f 98 97 96
f 65 98 96
f 66 98 65
f 99 66 67
f 98 66 99
f 100 67 68
f 99 67 100
f 101 68 69
f 100 68 101
f 102 69 70
f 101 69 102
f 103 70 71
f 102 70 103
f 104 71 72
f 103 71 104
f 105 72 73
f 104 72 105
f 106 73 74
f 105 73 106
f 107 74 75
f 106 74 107
f 108 75 76
f 107 75 108
f 109 76 77
f 108 76 109
f 110 77 78
f 109 77 110
f 111 78 79
f 110 78 111
f 112 79 80
f 111 79 112
f 81 114 113
f 112 81 113
f 80 81 112
f 114 81 82
f 114 82 115
f 117 116 115
f 82 117 115
f 83 117 82
f 118 83 84
f 117 83 118
f 119 84 85
f 118 84 119
f 86 121 120
f 119 86 120
f 85 86 119
f 121 86 87
f 121 87 122
f 122 87 88
f 90 91 123
f 90 123 124
f 125 91 92
f 123 91 125
f 126 92 93
f 125 92 126
f 94 128 127
f 126 94 127
f 93 94 126
f 94 129 128
f 94 130 129
f 94 95 131
f 130 94 131
f 130 131 97
f 98 130 97
f 132 130 98
f 133 98 99
f 132 98 133
f 134 99 100
f 133 99 134
f 101 136 135
f 134 101 135
f 100 101 134
f 138 137 136
f 101 138 136
f 102 138 101
f 139 102 103
f 138 102 139
f 140 103 104
f 139 103 140
f 105 142 141
f 140 105 141
f 104 105 140
f 142 105 106
f 142 106 143
f 143 106 107
f 143 107 144
f 146 145 144
f 107 146 144
f 108 146 107
f 147 108 109
f 146 108 147
f 148 109 110
f 147 109 148
f 149 110 111
f 148 110 149
f 112 151 150
f 149 112 150
f 111 112 149
f 151 112 113
f 116 117 152
f 116 152 153
f 118 155 154
f 152 118 154
f 117 118 152
f 155 118 119
f 155 119 156
f 156 119 120
f 157 124 123
f 159 158 157
f 123 159 157
f 125 159 123
f 126 161 160
f 159 126 160
f 125 126 159
f 161 126 127
f 162 129 130
f 162 130 132
f 162 132 163
f 163 132 133
f 163 133 164
f 164 133 134
f 164 134 165
f 165 134 135
f 166 137 138
f 168 167 166
f 138 168 166
f 139 168 138
f 169 139 140
f 168 139 169
f 140 141 170
f 140 170 169
f 171 145 146
f 171 146 147
f 171 147 172
f 172 147 148
f 172 148 173
f 173 148 149
f 173 149 174
f 174 149 150
f 175 153 152
f 175 152 154
f 176 158 159
f 176 159 160
f 177 167 168
f 177 168 169
f 177 169 178
f 178 169 170
f 181 180 179
f 183 182 179
f 183 179 180
f 184 182 183
f 185 181 179
f 185 179 182
f 185 182 186
f 186 182 184
f 189 188 187
f 190 187 188
f 193 192 191
f 195 194 191
f 195 191 192
f 196 194 195
f 197 189 187
f 197 187 190
f 193 191 198
f 193 198 199
f 200 191 194
f 198 191 200
f 194 196 201
f 194 201 200
f 204 203 202
f 206 205 202
f 206 202 203
f 208 207 205
f 208 205 206
f 210 209 207
f 210 207 208
f 209 210 199
f 198 209 199
f 211 209 198
f 212 198 200
f 211 198 212
f 200 201 213
f 200 213 212
f 204 202 214
f 204 214 215
f 216 202 205
f 214 202 216
f 217 205 207
f 216 205 217
f 218 207 209
f 217 207 218
f 219 209 211
f 218 209 219
f 220 211 212
f 219 211 220
f 212 213 221
f 212 221 220
f 215 214 222
f 215 222 223
f 224 214 216
f 222 214 224
f 225 216 217
f 224 216 225
f 226 217 218
f 225 217 226
f 227 218 219
f 226 218 227
f 228 219 220
f 227 219 228
f 220 221 229
f 220 229 228
f 232 231 230
f 234 233 230
f 234 230 231
f 235 233 234
f 238 237 236
f 239 236 237
f 240 223 222
f 240 222 224
f 240 224 241
f 243 242 241
f 224 243 241
f 225 243 224
f 244 225 226
f 243 225 244
f 227 246 245
f 244 227 245
f 226 227 244
f 248 247 246
f 227 248 246
f 228 248 227
f 228 229 249
f 228 249 248
f 232 230 250
f 232 250 251
f 252 230 233
f 250 230 252
f 233 235 253
f 254 233 253
f 252 233 254
f 255 254 253
f 258 257 256
f 260 259 256
f 260 256 257
f 259 260 238
f 236 259 238
f 261 259 236
f 236 239 262
f 263 236 262
f 261 236 263
f 265 264 263
f 265 263 262
f 267 266 264
f 267 264 265
f 266 269 268
f 266 243 269
f 266 267 242
f 243 266 242
f 271 270 269
f 243 271 269
f 244 271 243
f 244 245 272
f 244 272 271
f 273 247 248
f 276 275 274
f 249 273 248
f 277 275 276
f 280 279 278
f 278 279 251
f 250 278 251
f 281 278 250
f 282 250 252
f 281 250 282
f 283 252 254
f 282 252 283
f 254 255 284
f 254 284 283
f 258 256 285
f 258 285 286
f 287 256 259
f 285 256 287
f 288 259 261
f 287 259 288
f 289 261 263
f 288 261 289
f 290 263 264
f 289 263 290
f 291 264 266
f 290 264 291
f 266 268 292
f 266 292 291
f 293 270 271
f 293 271 272
f 274 275 294
f 274 294 295
f 275 277 296
f 275 296 294
f 280 278 297
f 280 297 298
f 299 278 281
f 297 278 299
f 300 281 282
f 299 281 300
f 301 282 283
f 300 282 301
f 283 284 302
f 303 283 302
f 301 283 303
f 303 302 286
f 285 303 286
f 304 303 285
f 305 285 287
f 304 285 305
f 306 287 288
f 305 287 306
f 307 288 289
f 306 288 307
f 308 289 290
f 307 289 308
f 309 290 291
f 308 290 309
f 291 292 310
f 311 291 310
f 309 291 311
f 313 312 311
f 313 311 310
f 315 314 312
f 315 312 313
f 317 316 314
f 317 314 315
f 316 317 295
f 294 316 295
f 318 316 294
f 294 296 319
f 320 294 319
f 318 294 320
f 321 320 319
f 322 298 297
f 322 297 299
f 322 299 323
f 325 324 323
f 299 325 323
f 300 325 299
f 326 300 301
f 325 300 326
f 327 301 303
f 326 301 327
f 328 303 304
f 327 303 328
f 329 304 305
f 328 304 329
f 330 305 306
f 329 305 330
f 331 306 307
f 330 306 331
f 332 307 308
f 331 307 332
f 333 308 309
f 332 308 333
f 334 309 311
f 333 309 334
f 312 336 335
f 334 312 335
f 311 312 334
f 338 337 336
f 312 338 336
f 314 338 312
f 339 314 316
f 338 314 339
f 340 316 318
f 339 316 340
f 341 318 320
f 340 318 341
f 320 321 342
f 320 342 341
f 345 344 343
f 347 346 343
f 347 343 344
f 348 346 347
f 351 350 349
f 353 352 349
f 353 349 350
f 355 354 352
f 355 352 353
f 354 355 324
f 325 354 324
f 356 354 325
f 357 325 326
f 356 325 357
f 358 326 327
f 357 326 358
f 359 327 328
f 358 327 359
f 360 328 329
f 359 328 360
f 361 329 330
f 360 329 361
f 362 330 331
f 361 330 362
f 363 331 332
f 362 331 363
f 364 332 333
f 363 332 364
f 365 333 334
f 364 333 365
f 334 335 366
f 334 366 365
f 337 338 367
f 337 367 368
f 369 338 339
f 367 338 369
f 370 339 340
f 369 339 370
f 371 340 341
f 370 340 371
f 341 342 372
f 341 372 371
f 375 374 373
f 373 374 345
f 343 373 345
f 376 373 343
f 377 343 346
f 376 343 377
f 346 348 378
f 346 378 377
f 381 380 379
f 379 380 351
f 349 379 351
f 382 379 349
f 383 349 352
f 382 349 383
f 384 352 354
f 383 352 384
f 385 354 356
f 384 354 385
f 386 356 357
f 385 356 386
f 387 357 358
f 386 357 387
f 388 358 359
f 387 358 388
f 389 359 360
f 388 359 389
f 390 360 361
f 389 360 390
f 391 361 362
f 390 361 391
f 392 362 363
f 391 362 392
f 393 363 364
f 392 363 393
f 394 364 365
f 393 364 394
f 365 366 395
f 396 365 395
f 394 365 396
f 396 395 368
f 367 396 368
f 397 396 367
f 398 367 369
f 397 367 398
f 399 369 370
f 398 369 399
f 400 370 371
f 399 370 400
f 371 372 401
f 371 401 400
f 375 373 402
f 375 402 403
f 404 373 376
f 402 373 404
f 405 376 377
f 404 376 405
f 377 378 406
f 377 406 405
f 407 381 379
f 409 408 407
f 379 409 407
f 382 409 379
f 410 382 383
f 409 382 410
f 411 383 384
f 410 383 411
f 412 384 385
f 411 384 412
f 413 385 386
f 412 385 413
f 414 386 387
f 413 386 414
f 388 416 415
f 414 388 415
f 387 388 414
f 416 388 389
f 416 389 417
f 419 418 417
f 389 419 417
f 390 419 389
f 420 390 391
f 419 390 420
f 421 391 392
f 420 391 421
f 422 392 393
f 421 392 422
f 423 393 394
f 422 393 423
f 396 425 424
f 423 396 424
f 394 396 423
f 425 396 397
f 425 397 426
f 428 427 426
f 397 428 426
f 398 428 397
f 429 398 399
f 428 398 429
f 430 399 400
f 429 399 430
f 400 401 431
f 400 431 430
f 403 402 432
f 403 432 433
f 434 402 404
f 432 402 434
f 405 436 435
f 434 405 435
f 404 405 434
f 436 405 406
f 408 409 437
f 408 437 438
f 439 409 410
f 437 409 439
f 440 410 411
f 439 410 440
f 441 411 412
f 440 411 441
f 442 412 413
f 441 412 442
f 443 413 414
f 442 413 443
f 414 415 444
f 445 414 444
f 443 414 445
f 446 445 444
f 447 418 419
f 449 448 447
f 419 449 447
f 420 449 419
f 450 420 421
f 449 420 450
f 451 421 422
f 450 421 451
f 452 422 423
f 451 422 452
f 423 424 453
f 423 453 452
f 454 427 428
f 454 428 429
f 454 429 455
f 457 456 455
f 429 457 455
f 430 457 429
f 430 431 458
f 430 458 457
f 459 433 432
f 459 432 434
f 459 434 460
f 460 434 435
f 461 438 437
f 461 437 439
f 461 439 462
f 462 439 440
f 462 440 463
f 465 464 463
f 440 465 463
f 441 465 440
f 466 441 442
f 465 441 466
f 467 442 443
f 466 442 467
f 468 443 445
f 467 443 468
f 445 446 469
f 445 469 468
f 470 448 449
f 472 471 470
f 449 472 470
f 450 472 449
f 473 450 451
f 472 450 473
f 474 451 452
f 473 451 474
f 452 453 475
f 452 475 474
f 478 477 476
f 480 479 476
f 480 476 477
f 479 480 456
f 457 479 456
f 481 479 457
f 457 458 482
f 457 482 481
f 464 465 483
f 464 483 484
f 485 465 466
f 483 465 485
f 486 466 467
f 485 466 486
f 468 488 487
f 486 468 487
f 467 468 486
f 488 468 469
f 489 471 472
f 491 490 489
f 472 491 489
f 473 491 472
f 492 473 474
f 491 473 492
f 474 475 493
f 474 493 492
f 478 476 494
f 478 494 495
f 496 476 479
f 494 476 496
f 497 479 481
f 496 479 497
f 481 482 498
f 481 498 497
f 501 500 499
f 503 502 499
f 503 499 500
f 504 502 503
f 484 483 505
f 484 505 506
f 507 483 485
f 505 483 507
f 508 485 486
f 507 485 508
f 486 487 509
f 486 509 508
f 490 491 510
f 490 510 511
f 512 491 492
f 510 491 512
f 492 493 513
f 514 492 513
f 512 492 514
f 516 515 514
f 516 514 513
f 515 516 495
f 494 515 495
f 517 515 494
f 518 494 496
f 517 494 518
f 497 520 519
f 518 497 519
f 496 497 518
f 520 497 498
f 521 501 499
f 521 499 502
f 521 502 522
f 522 502 504
f 523 506 505
f 525 524 523
f 505 525 523
f 507 525 505
f 526 507 508
f 525 507 526
f 508 509 527
f 508 527 526
f 530 529 528
f 528 529 511
f 510 528 511
f 531 528 510
f 532 510 512
f 531 510 532
f 514 534 533
f 532 514 533
f 512 514 532
f 536 535 534
f 514 536 534
f 515 536 514
f 517 538 537
f 536 517 537
f 515 517 536
f 538 517 518
f 538 518 539
f 539 518 519
f 542 541 540
f 544 543 540
f 544 540 541
f 545 543 544
f 524 525 546
f 524 546 547
f 526 549 548
f 546 526 548
f 525 526 546
f 552 551 550
f 527 549 526
f 553 551 552
f 530 528 554
f 530 554 555
f 556 528 531
f 554 528 556
f 557 531 532
f 556 531 557
f 532 533 558
f 532 558 557
f 559 535 536
f 559 536 537
f 562 561 560
f 563 560 561
f 542 540 564
f 542 564 565
f 566 540 543
f 564 540 566
f 543 545 567
f 543 567 566
f 570 569 568
f 568 569 547
f 546 568 547
f 571 568 546
f 546 548 572
f 573 546 572
f 571 546 573
f 573 572 550
f 551 573 550
f 574 573 551
f 551 553 575
f 551 575 574
f 578 577 576
f 580 579 576
f 580 576 577
f 579 580 555
f 554 579 555
f 581 579 554
f 582 554 556
f 581 554 582
f 583 556 557
f 582 556 583
f 557 558 584
f 585 557 584
f 583 557 585
f 586 585 584
f 587 562 560
f 587 560 563
f 565 564 588
f 565 588 589
f 590 564 566
f 588 564 590
f 566 567 591
f 566 591 590
f 570 568 592
f 570 592 593
f 571 595 594
f 592 571 594
f 568 571 592
f 595 571 573
f 595 573 596
f 598 597 596
f 573 598 596
f 574 598 573
f 574 575 599
f 574 599 598
f 578 576 600
f 578 600 601
f 602 576 579
f 600 576 602
f 603 579 581
f 602 579 603
f 604 581 582
f 603 581 604
f 605 582 583
f 604 582 605
f 585 607 606
f 605 585 606
f 583 585 605
f 607 585 586
f 589 588 608
f 589 608 609
f 610 588 590
f 608 588 610
f 590 591 611
f 612 590 611
f 610 590 612
f 612 611 593
f 592 612 593
f 613 612 592
f 592 594 614
f 615 592 614
f 613 592 615
f 617 616 615
f 617 615 614
f 616 617 597
f 598 616 597
f 618 616 598
f 598 599 619
f 598 619 618
f 601 600 620
f 601 620 621
f 622 600 602
f 620 600 622
f 623 602 603
f 622 602 623
f 624 603 604
f 623 603 624
f 625 604 605
f 624 604 625
f 605 606 626
f 627 605 626
f 625 605 627
f 628 627 626
f 631 630 629
f 629 630 609
f 608 629 609
f 632 629 608
f 633 608 610
f 632 608 633
f 634 610 612
f 633 610 634
f 635 612 613
f 634 612 635
f 615 637 636
f 635 615 636
f 613 615 635
f 637 615 616
f 637 616 638
f 640 639 638
f 616 640 638
f 618 640 616
f 618 619 641
f 618 641 640
f 621 620 642
f 621 642 643
f 622 645 644
f 642 622 644
f 620 622 642
f 645 622 623
f 645 623 646
f 646 623 624
f 646 624 647
f 647 624 625
f 647 625 648
f 648 625 627
f 648 627 649
f 649 627 628
f 652 651 650
f 650 651 631
f 629 650 631
f 653 650 629
f 654 629 632
f 653 629 654
f 655 632 633
f 654 632 655
f 656 633 634
f 655 633 656
f 657 634 635
f 656 634 657
f 635 636 658
f 635 658 657
f 639 640 659
f 639 659 660
f 640 641 661
f 640 661 659
f 643 642 662
f 643 662 663
f 642 644 664
f 642 664 662
f 665 652 650
f 667 666 665
f 650 667 665
f 653 667 650
f 668 653 654
f 667 653 668
f 669 654 655
f 668 654 669
f 670 655 656
f 669 655 670
f 671 656 657
f 670 656 671
f 657 658 672
f 673 657 672
f 671 657 673
f 674 673 672
f 660 659 675
f 660 675 676
f 659 661 677
f 678 659 677
f 675 659 678
f 678 677 663
f 662 678 663
f 679 678 662
f 662 664 680
f 662 680 679
f 666 667 681
f 666 681 682
f 683 667 668
f 681 667 683
f 684 668 669
f 683 668 684
f 670 686 685
f 684 670 685
f 669 670 684
f 686 670 671
f 686 671 687
f 687 671 673
f 687 673 688
f 688 673 674
f 676 675 689
f 676 689 690
f 691 675 678
f 689 675 691
f 679 693 692
f 691 679 692
f 678 679 691
f 693 679 680
f 694 682 681
f 694 681 683
f 694 683 695
f 697 696 695
f 683 697 695
f 684 697 683
f 684 685 698
f 684 698 697
f 699 690 689
f 699 689 691
f 699 691 700
f 700 691 692
f 696 697 701
f 696 701 702
f 697 698 703
f 704 697 703
f 701 697 704
f 705 704 703
f 708 707 706
f 710 709 706
f 710 706 707
f 711 709 710
f 712 702 701
f 712 701 704
f 712 704 713
f 713 704 705
f 714 708 706
f 714 706 709
f 714 709 715
f 715 709 711
f 718 717 716
f 720 719 716
f 720 716 717
f 721 719 720
f 724 723 722
f 726 725 722
f 726 722 723
f 728 727 725
f 728 725 726
f 730 729 727
f 730 727 728
f 731 729 730
f 732 718 716
f 734 733 732
f 716 734 732
f 719 734 716
f 719 721 735
f 719 735 734
f 738 737 736
f 740 739 736
f 740 736 737
f 742 741 739
f 742 739 740
f 741 742 724
f 722 741 724
f 743 741 722
f 744 722 725
f 743 722 744
f 745 725 727
f 744 725 745
f 746 727 729
f 745 727 746
f 729 731 747
f 748 729 747
f 746 729 748
f 749 748 747
f 752 751 750
f 754 753 750
f 754 750 751
f 755 753 754
f 733 734 756
f 733 756 757
f 734 735 758
f 759 734 758
f 756 734 759
f 760 759 758
f 738 736 761
f 738 761 762
f 763 736 739
f 761 736 763
f 764 739 741
f 763 739 764
f 765 741 743
f 764 741 765
f 766 743 744
f 765 743 766
f 767 744 745
f 766 744 767
f 768 745 746
f 767 745 768
f 769 746 748
f 768 746 769
f 748 749 770
f 771 748 770
f 769 748 771
f 772 771 770
f 775 774 773
f 773 774 752
f 750 773 752
f 776 773 750
f 777 750 753
f 776 750 777
f 753 755 778
f 753 778 777
f 781 780 779
f 779 780 757
f 756 779 757
f 782 779 756
f 783 756 759
f 782 756 783
f 759 760 784
f 785 759 784
f 783 759 785
f 787 786 785
f 787 785 784
f 789 788 786
f 789 786 787
f 791 790 788
f 791 788 789
f 793 792 790
f 793 790 791
f 795 794 792
f 795 792 793
f 797 796 794
f 797 794 795
f 796 797 762
f 761 796 762
f 798 796 761
f 799 761 763
f 798 761 799
f 800 763 764
f 799 763 800
f 801 764 765
f 800 764 801
f 802 765 766
f 801 765 802
f 803 766 767
f 802 766 803
f 804 767 768
f 803 767 804
f 805 768 769
f 804 768 805
f 806 769 771
f 805 769 806
f 771 772 807
f 808 771 807
f 806 771 808
f 808 807 775
f 773 808 775
f 809 808 773
f 810 773 776
f 809 773 810
f 811 776 777
f 810 776 811
f 777 778 812
f 813 777 812
f 811 777 813
f 815 814 813
f 815 813 812
f 817 816 814
f 817 814 815
f 818 816 817
f 819 781 779
f 819 779 782
f 819 782 820
f 820 782 783
f 820 783 821
f 821 783 785
f 821 785 822
f 824 823 822
f 785 824 822
f 786 824 785
f 825 786 788
f 824 786 825
f 790 827 826
f 825 790 826
f 788 790 825
f 829 828 827
f 790 829 827
f 792 829 790
f 830 792 794
f 829 792 830
f 831 794 796
f 830 794 831
f 832 796 798
f 831 796 832
f 833 798 799
f 832 798 833
f 834 799 800
f 833 799 834
f 835 800 801
f 834 800 835
f 836 801 802
f 835 801 836
f 837 802 803
f 836 802 837
f 838 803 804
f 837 803 838
f 839 804 805
f 838 804 839
f 840 805 806
f 839 805 840
f 841 806 808
f 840 806 841
f 842 808 809
f 841 808 842
f 843 809 810
f 842 809 843
f 844 810 811
f 843 810 844
f 845 811 813
f 844 811 845
f 846 813 814
f 845 813 846
f 847 814 816
f 846 814 847
f 816 818 848
f 816 848 847
f 849 823 824
f 849 824 825
f 849 825 850
f 850 825 826
f 851 828 829
f 851 829 830
f 851 830 852
f 852 830 831
f 852 831 853
f 853 831 832
f 853 832 854
f 854 832 833
f 854 833 855
f 857 856 855
f 833 857 855
f 834 857 833
f 858 834 835
f 857 834 858
f 836 860 859
f 858 836 859
f 835 836 858
f 860 836 837
f 860 837 861
f 861 837 838
f 861 838 862
f 862 838 839
f 862 839 863
f 863 839 840
f 863 840 864
f 864 840 841
f 864 841 865
f 865 841 842
f 865 842 866
f 866 842 843
f 866 843 867
f 867 843 844
f 867 844 868
f 868 844 845
f 868 845 869
f 869 845 846
f 869 846 870
f 870 846 847
f 870 847 871
f 871 847 848
f 874 873 872
f 2 3 872
f 873 2 872
f 875 2 873
f 2 876 5
f 875 876 2
f 5 877 7
f 876 877 5
f 7 878 9
f 877 878 7
f 880 11 879
f 11 878 879
f 11 9 878
f 11 880 13
f 13 880 881
f 13 881 15
f 15 881 882
f 15 882 17
f 17 882 883
f 885 884 883
f 884 17 883
f 884 19 17
f 887 21 886
f 21 884 886
f 21 19 884
f 889 888 887
f 888 21 887
f 888 23 21
f 891 25 890
f 25 888 890
f 25 23 888
f 25 891 27
f 27 891 892
f 27 892 29
f 29 892 893
f 29 893 31
f 31 893 894
f 31 894 33
f 33 894 895
f 33 895 35
f 35 895 896
f 35 896 37
f 37 896 897
f 37 897 39
f 39 897 898
f 39 898 41
f 41 898 899
f 41 899 43
f 43 899 900
f 43 900 45
f 45 900 901
f 45 901 47
f 47 901 902
f 47 902 49
f 49 902 903
f 49 903 51
f 51 903 904
f 51 904 53
f 53 904 905
f 907 906 905
f 906 53 905
f 906 55 53
f 909 57 908
f 57 906 908
f 57 55 906
f 911 910 58
f 911 58 57
f 912 911 57
f 909 912 57
f 914 913 910
f 914 910 911
f 915 913 914
f 874 872 916
f 874 916 917
f 60 916 3
f 3 916 872
f 918 88 910
f 910 88 58
f 919 910 913
f 918 910 919
f 913 915 920
f 921 913 920
f 919 913 921
f 922 921 920
f 917 916 923
f 917 923 924
f 89 925 60
f 925 916 60
f 925 923 916
f 90 925 89
f 926 95 96
f 97 926 96
f 927 113 114
f 115 928 114
f 114 928 927
f 116 928 115
f 929 120 121
f 122 930 121
f 121 930 929
f 88 918 122
f 918 930 122
f 918 931 930
f 932 918 919
f 931 918 932
f 933 919 921
f 932 919 933
f 921 922 934
f 921 934 933
f 924 923 935
f 924 935 936
f 937 923 925
f 935 923 937
f 124 937 90
f 90 937 925
f 938 127 128
f 95 926 131
f 938 128 129
f 131 926 97
f 939 135 136
f 137 939 136
f 940 141 142
f 143 941 142
f 142 941 940
f 144 942 143
f 143 942 941
f 145 942 144
f 943 150 151
f 113 927 151
f 927 943 151
f 927 944 943
f 945 927 928
f 944 927 945
f 153 945 116
f 116 945 928
f 946 154 155
f 156 947 155
f 155 947 946
f 120 929 156
f 929 947 156
f 929 948 947
f 949 929 930
f 948 929 949
f 950 930 931
f 949 930 950
f 951 931 932
f 950 931 951
f 952 932 933
f 951 932 952
f 933 934 953
f 933 953 952
f 956 955 954
f 954 955 936
f 935 954 936
f 957 954 935
f 958 935 937
f 957 935 958
f 157 959 124
f 959 937 124
f 959 958 937
f 158 959 157
f 960 160 161
f 127 938 161
f 938 960 161
f 938 961 960
f 162 962 129
f 962 938 129
f 962 961 938
f 163 963 162
f 162 963 962
f 164 964 163
f 163 964 963
f 165 965 164
f 164 965 964
f 135 939 165
f 939 965 165
f 939 966 965
f 166 967 137
f 967 939 137
f 967 966 939
f 167 967 166
f 968 170 940
f 940 170 141
f 969 940 941
f 968 940 969
f 970 941 942
f 969 941 970
f 171 971 145
f 971 942 145
f 971 970 942
f 172 972 171
f 171 972 971
f 173 973 172
f 172 973 972
f 174 974 173
f 173 974 973
f 150 943 174
f 943 974 174
f 943 975 974
f 976 943 944
f 975 943 976
f 977 944 945
f 976 944 977
f 175 978 153
f 978 945 153
f 978 977 945
f 154 946 175
f 946 978 175
f 946 979 978
f 980 946 947
f 979 946 980
f 981 947 948
f 980 947 981
f 982 948 949
f 981 948 982
f 983 949 950
f 982 949 983
f 984 950 951
f 983 950 984
f 985 951 952
f 984 951 985
f 952 953 986
f 987 952 986
f 985 952 987
f 988 987 986
f 991 990 989
f 989 990 956
f 954 989 956
f 992 989 954
f 993 954 957
f 992 954 993
f 994 957 958
f 993 957 994
f 995 958 959
f 994 958 995
f 176 996 158
f 996 959 158
f 996 995 959
f 160 960 176
f 960 996 176
f 960 997 996
f 998 960 961
f 997 960 998
f 999 961 962
f 998 961 999
f 1000 962 963
f 999 962 1000
f 1001 963 964
f 1000 963 1001
f 1002 964 965
f 1001 964 1002
f 1003 965 966
f 1002 965 1003
f 1004 966 967
f 1003 966 1004
f 177 1005 167
f 1005 967 167
f 1005 1004 967
f 178 1006 177
f 177 1006 1005
f 170 968 178
f 968 1006 178
f 968 1007 1006
f 1008 968 969
f 1007 968 1008
f 1009 969 970
f 1008 969 1009
f 1010 970 971
f 1009 970 1010
f 1011 971 972
f 1010 971 1011
f 1012 972 973
f 1011 972 1012
f 1013 973 974
f 1012 973 1013
f 1014 974 975
f 1013 974 1014
f 1015 975 976
f 1014 975 1015
f 1016 976 977
f 1015 976 1016
f 1017 977 978
f 1016 977 1017
f 1018 978 979
f 1017 978 1018
f 1019 979 980
f 1018 979 1019
f 1020 980 981
f 1019 980 1020
f 1021 981 982
f 1020 981 1021
f 1022 982 983
f 1021 982 1022
f 1023 983 984
f 1022 983 1023
f 1024 984 985
f 1023 984 1024
f 1025 985 987
f 1024 985 1025
f 987 988 1026
f 987 1026 1025
f 1027 991 989
f 1029 1028 1027
f 989 1029 1027
f 992 1029 989
f 1030 992 993
f 1029 992 1030
f 1031 993 994
f 1030 993 1031
f 1032 994 995
f 1031 994 1032
f 1033 995 996
f 1032 995 1033
f 1034 996 997
f 1033 996 1034
f 1035 997 998
f 1034 997 1035
f 1036 998 999
f 1035 998 1036
f 1037 999 1000
f 1036 999 1037
f 1038 1000 1001
f 1037 1000 1038
f 1039 1001 1002
f 1038 1001 1039
f 1040 1002 1003
f 1039 1002 1040
f 1041 1003 1004
f 1040 1003 1041
f 181 1041 180
f 1041 1005 180
f 1041 1004 1005
f 180 1005 183
f 183 1005 1006
f 183 1006 184
f 1006 1042 184
f 1006 1007 1042
f 1043 1007 1008
f 1042 1007 1043
f 1044 1008 1009
f 1043 1008 1044
f 1045 1009 1010
f 1044 1009 1045
f 1046 1010 1011
f 1045 1010 1046
f 1047 1011 1012
f 1046 1011 1047
f 1048 1012 1013
f 1047 1012 1048
f 1049 1013 1014
f 1048 1013 1049
f 1050 1014 1015
f 1049 1014 1050
f 1051 1015 1016
f 1050 1015 1051
f 1052 1016 1017
f 1051 1016 1052
f 1053 1017 1018
f 1052 1017 1053
f 1054 1018 1019
f 1053 1018 1054
f 1055 1019 1020
f 1054 1019 1055
f 1056 1020 1021
f 1055 1020 1056
f 1057 1021 1022
f 1056 1021 1057
f 1058 1022 1023
f 1057 1022 1058
f 1059 1023 1024
f 1058 1023 1059
f 1060 1024 1025
f 1059 1024 1060
f 1025 1026 1061
f 1025 1061 1060
f 1028 1029 1062
f 1028 1062 1063
f 1064 1029 1030
f 1062 1029 1064
f 1065 1030 1031
f 1064 1030 1065
f 1066 1031 1032
f 1065 1031 1066
f 1067 1032 1033
f 1066 1032 1067
f 1068 1033 1034
f 1067 1033 1068
f 1069 1034 1035
f 1068 1034 1069
f 1070 1035 1036
f 1069 1035 1070
f 1071 1036 1037
f 1070 1036 1071
f 1072 1037 1038
f 1071 1037 1072
f 1073 1038 1039
f 1072 1038 1073
f 1074 1039 1040
f 1073 1039 1074
f 1075 1040 1041
f 1074 1040 1075
f 185 1076 181
f 1076 1041 181
f 1076 1075 1041
f 186 1077 185
f 185 1077 1076
f 184 1042 186
f 1042 1077 186
f 1042 1078 1077
f 1079 1042 1043
f 1078 1042 1079
f 1080 1043 1044
f 1079 1043 1080
f 1081 1044 1045
f 1080 1044 1081
f 1082 1045 1046
f 1081 1045 1082
f 1083 1046 1047
f 1082 1046 1083
f 1084 1047 1048
f 1083 1047 1084
f 1085 1048 1049
f 1084 1048 1085
f 1086 1049 1050
f 1085 1049 1086
f 1087 1050 1051
f 1086 1050 1087
f 1088 1051 1052
f 1087 1051 1088
f 1089 1052 1053
f 1088 1052 1089
f 1090 1053 1054
f 1089 1053 1090
f 1091 1054 1055
f 1090 1054 1091
f 1092 1055 1056
f 1091 1055 1092
f 1093 1056 1057
f 1092 1056 1093
f 1094 1057 1058
f 1093 1057 1094
f 1095 1058 1059
f 1094 1058 1095
f 1096 1059 1060
f 1095 1059 1096
f 1060 1061 1097
f 1060 1097 1096
f 1063 1062 1098
f 1063 1098 1099
f 1100 1062 1064
f 1098 1062 1100
f 1101 1064 1065
f 1100 1064 1101
f 1102 1065 1066
f 1101 1065 1102
f 1103 1066 1067
f 1102 1066 1103
f 1104 1067 1068
f 1103 1067 1104
f 1105 1068 1069
f 1104 1068 1105
f 1106 1069 1070
f 1105 1069 1106
f 1107 1070 1071
f 1106 1070 1107
f 1108 1071 1072
f 1107 1071 1108
f 1109 1072 1073
f 1108 1072 1109
f 1110 1073 1074
f 1109 1073 1110
f 1111 1074 1075
f 1110 1074 1111
f 189 1111 188
f 1111 1076 188
f 1111 1075 1076
f 188 1076 190
f 1076 1112 190
f 1076 1077 1112
f 1113 1077 1078
f 1112 1077 1113
f 1114 1078 1079
f 1113 1078 1114
f 1115 1079 1080
f 1114 1079 1115
f 1116 1080 1081
f 1115 1080 1116
f 193 1116 192
f 1116 1082 192
f 1116 1081 1082
f 192 1082 195
f 195 1082 1083
f 195 1083 196
f 1083 1117 196
f 1083 1084 1117
f 1118 1084 1085
f 1117 1084 1118
f 1119 1085 1086
f 1118 1085 1119
f 1120 1086 1087
f 1119 1086 1120
f 1121 1087 1088
f 1120 1087 1121
f 1122 1088 1089
f 1121 1088 1122
f 1123 1089 1090
f 1122 1089 1123
f 1124 1090 1091
f 1123 1090 1124
f 1125 1091 1092
f 1124 1091 1125
f 1126 1092 1093
f 1125 1092 1126
f 1127 1093 1094
f 1126 1093 1127
f 1128 1094 1095
f 1127 1094 1128
f 1129 1095 1096
f 1128 1095 1129
f 1096 1097 1130
f 1096 1130 1129
f 1099 1098 1131
f 1099 1131 1132
f 1133 1098 1100
f 1131 1098 1133
f 1134 1100 1101
f 1133 1100 1134
f 1135 1101 1102
f 1134 1101 1135
f 1136 1102 1103
f 1135 1102 1136
f 1137 1103 1104
f 1136 1103 1137
f 1138 1104 1105
f 1137 1104 1138
f 1139 1105 1106
f 1138 1105 1139
f 1140 1106 1107
f 1139 1106 1140
f 1141 1107 1108
f 1140 1107 1141
f 1142 1108 1109
f 1141 1108 1142
f 1143 1109 1110
f 1142 1109 1143
f 1144 1110 1111
f 1143 1110 1144
f 197 1145 189
f 1145 1111 189
f 1145 1144 1111
f 190 1112 197
f 1112 1145 197
f 1112 1146 1145
f 1147 1112 1113
f 1146 1112 1147
f 1148 1113 1114
f 1147 1113 1148
f 1149 1114 1115
f 1148 1114 1149
f 1150 1115 1116
f 1149 1115 1150
f 199 1150 193
f 193 1150 1116
f 1151 201 1117
f 1117 201 196
f 1152 1117 1118
f 1151 1117 1152
f 1153 1118 1119
f 1152 1118 1153
f 1154 1119 1120
f 1153 1119 1154
f 1155 1120 1121
f 1154 1120 1155
f 1156 1121 1122
f 1155 1121 1156
f 1157 1122 1123
f 1156 1122 1157
f 1158 1123 1124
f 1157 1123 1158
f 1159 1124 1125
f 1158 1124 1159
f 1160 1125 1126
f 1159 1125 1160
f 1161 1126 1127
f 1160 1126 1161
f 1162 1127 1128
f 1161 1127 1162
f 1163 1128 1129
f 1162 1128 1163
f 1129 1130 1164
f 1165 1129 1164
f 1163 1129 1165
f 1166 1165 1164
f 1132 1131 1167
f 1132 1167 1168
f 1169 1131 1133
f 1167 1131 1169
f 1170 1133 1134
f 1169 1133 1170
f 1171 1134 1135
f 1170 1134 1171
f 1172 1135 1136
f 1171 1135 1172
f 1173 1136 1137
f 1172 1136 1173
f 1174 1137 1138
f 1173 1137 1174
f 1175 1138 1139
f 1174 1138 1175
f 1176 1139 1140
f 1175 1139 1176
f 1177 1140 1141
f 1176 1140 1177
f 1178 1141 1142
f 1177 1141 1178
f 1179 1142 1143
f 1178 1142 1179
f 1180 1143 1144
f 1179 1143 1180
f 1181 1144 1145
f 1180 1144 1181
f 1182 1145 1146
f 1181 1145 1182
f 204 1182 203
f 1182 1147 203
f 1182 1146 1147
f 203 1147 206
f 206 1147 1148
f 206 1148 208
f 208 1148 1149
f 208 1149 210
f 210 1149 1150
f 210 1150 199
f 1183 213 1151
f 1151 213 201
f 1184 1151 1152
f 1183 1151 1184
f 1185 1152 1153
f 1184 1152 1185
f 1186 1153 1154
f 1185 1153 1186
f 1187 1154 1155
f 1186 1154 1187
f 1188 1155 1156
f 1187 1155 1188
f 1189 1156 1157
f 1188 1156 1189
f 1190 1157 1158
f 1189 1157 1190
f 1191 1158 1159
f 1190 1158 1191
f 1192 1159 1160
f 1191 1159 1192
f 1193 1160 1161
f 1192 1160 1193
f 1194 1161 1162
f 1193 1161 1194
f 1195 1162 1163
f 1194 1162 1195
f 1196 1163 1165
f 1195 1163 1196
f 1165 1166 1197
f 1165 1197 1196
f 1168 1167 1198
f 1168 1198 1199
f 1200 1167 1169
f 1198 1167 1200
f 1201 1169 1170
f 1200 1169 1201
f 1202 1170 1171
f 1201 1170 1202
f 1203 1171 1172
f 1202 1171 1203
f 1204 1172 1173
f 1203 1172 1204
f 1205 1173 1174
f 1204 1173 1205
f 1206 1174 1175
f 1205 1174 1206
f 1207 1175 1176
f 1206 1175 1207
f 1208 1176 1177
f 1207 1176 1208
f 1209 1177 1178
f 1208 1177 1209
f 1210 1178 1179
f 1209 1178 1210
f 1211 1179 1180
f 1210 1179 1211
f 1212 1180 1181
f 1211 1180 1212
f 1213 1181 1182
f 1212 1181 1213
f 215 1213 204
f 204 1213 1182
f 1214 221 1183
f 1183 221 213
f 1215 1183 1184
f 1214 1183 1215
f 1216 1184 1185
f 1215 1184 1216
f 1217 1185 1186
f 1216 1185 1217
f 1218 1186 1187
f 1217 1186 1218
f 1219 1187 1188
f 1218 1187 1219
f 1220 1188 1189
f 1219 1188 1220
f 1221 1189 1190
f 1220 1189 1221
f 1222 1190 1191
f 1221 1190 1222
f 1223 1191 1192
f 1222 1191 1223
f 1224 1192 1193
f 1223 1192 1224
f 1225 1193 1194
f 1224 1193 1225
f 1226 1194 1195
f 1225 1194 1226
f 1227 1195 1196
f 1226 1195 1227
f 1196 1197 1228
f 1196 1228 1227
f 1231 1230 1229
f 1229 1230 1199
f 1198 1229 1199
f 1232 1229 1198
f 1233 1198 1200
f 1232 1198 1233
f 1234 1200 1201
f 1233 1200 1234
f 1235 1201 1202
f 1234 1201 1235
f 1236 1202 1203
f 1235 1202 1236
f 1237 1203 1204
f 1236 1203 1237
f 1238 1204 1205
f 1237 1204 1238
f 1239 1205 1206
f 1238 1205 1239
f 1240 1206 1207
f 1239 1206 1240
f 1241 1207 1208
f 1240 1207 1241
f 1242 1208 1209
f 1241 1208 1242
f 1243 1209 1210
f 1242 1209 1243
f 1244 1210 1211
f 1243 1210 1244
f 1245 1211 1212
f 1244 1211 1245
f 1246 1212 1213
f 1245 1212 1246
f 223 1246 215
f 215 1246 1213
f 1247 229 1214
f 1214 229 221
f 1248 1214 1215
f 1247 1214 1248
f 1249 1215 1216
f 1248 1215 1249
f 1250 1216 1217
f 1249 1216 1250
f 1251 1217 1218
f 1250 1217 1251
f 1252 1218 1219
f 1251 1218 1252
f 1253 1219 1220
f 1252 1219 1253
f 1254 1220 1221
f 1253 1220 1254
f 1255 1221 1222
f 1254 1221 1255
f 1256 1222 1223
f 1255 1222 1256
f 1257 1223 1224
f 1256 1223 1257
f 1258 1224 1225
f 1257 1224 1258
f 1259 1225 1226
f 1258 1225 1259
f 1260 1226 1227
f 1259 1226 1260
f 1227 1228 1261
f 1227 1261 1260
f 1231 1229 1262
f 1231 1262 1263
f 1264 1229 1232
f 1262 1229 1264
f 1265 1232 1233
f 1264 1232 1265
f 1266 1233 1234
f 1265 1233 1266
f 1267 1234 1235
f 1266 1234 1267
f 1268 1235 1236
f 1267 1235 1268
f 1269 1236 1237
f 1268 1236 1269
f 1270 1237 1238
f 1269 1237 1270
f 232 1270 231
f 1270 1239 231
f 1270 1238 1239
f 231 1239 234
f 234 1239 1240
f 234 1240 235
f 1240 1271 235
f 1240 1241 1271
f 1272 1241 1242
f 1271 1241 1272
f 1273 1242 1243
f 1272 1242 1273
f 1274 1243 1244
f 1273 1243 1274
f 238 1274 237
f 1274 1245 237
f 1274 1244 1245
f 237 1245 239
f 1245 1275 239
f 1245 1246 1275
f 240 1276 223
f 1276 1246 223
f 1276 1275 1246
f 241 1277 240
f 240 1277 1276
f 242 1277 241
f 1278 245 246
f 247 1278 246
f 1279 249 1247
f 1247 249 229
f 1280 1247 1248
f 1279 1247 1280
f 1281 1248 1249
f 1280 1248 1281
f 1282 1249 1250
f 1281 1249 1282
f 1283 1250 1251
f 1282 1250 1283
f 1284 1251 1252
f 1283 1251 1284
f 1285 1252 1253
f 1284 1252 1285
f 1286 1253 1254
f 1285 1253 1286
f 1287 1254 1255
f 1286 1254 1287
f 1288 1255 1256
f 1287 1255 1288
f 1289 1256 1257
f 1288 1256 1289
f 1290 1257 1258
f 1289 1257 1290
f 1291 1258 1259
f 1290 1258 1291
f 1292 1259 1260
f 1291 1259 1292
f 1260 1261 1293
f 1260 1293 1292
f 1263 1262 1294
f 1263 1294 1295
f 1296 1262 1264
f 1294 1262 1296
f 1297 1264 1265
f 1296 1264 1297
f 1298 1265 1266
f 1297 1265 1298
f 1299 1266 1267
f 1298 1266 1299
f 1300 1267 1268
f 1299 1267 1300
f 1301 1268 1269
f 1300 1268 1301
f 1302 1269 1270
f 1301 1269 1302
f 251 1302 232
f 232 1302 1270
f 1271 253 235
f 253 1271 255
f 1271 1303 255
f 1271 1272 1303
f 258 1303 257
f 1303 1273 257
f 1303 1272 1273
f 257 1273 260
f 260 1273 1274
f 260 1274 238
f 1275 262 239
f 262 1275 265
f 265 1275 1276
f 265 1276 267
f 267 1276 1277
f 267 1277 242
f 1304 268 269
f 270 1304 269
f 1305 272 1278
f 1278 272 245
f 273 1306 247
f 1306 1278 247
f 1306 1305 1278
f 273 249 1306
f 249 1279 1306
f 276 274 1306
f 276 1306 1279
f 276 1279 277
f 1279 1307 277
f 1279 1280 1307
f 1308 1280 1281
f 1307 1280 1308
f 1309 1281 1282
f 1308 1281 1309
f 1310 1282 1283
f 1309 1282 1310
f 1311 1283 1284
f 1310 1283 1311
f 1312 1284 1285
f 1311 1284 1312
f 1313 1285 1286
f 1312 1285 1313
f 1314 1286 1287
f 1313 1286 1314
f 1315 1287 1288
f 1314 1287 1315
f 1316 1288 1289
f 1315 1288 1316
f 1317 1289 1290
f 1316 1289 1317
f 1291 1319 1318
f 1317 1291 1318
f 1290 1291 1317
f 1319 1291 1292
f 1319 1292 1320
f 1320 1292 1293
f 1295 1294 1321
f 1295 1321 1322
f 1323 1294 1296
f 1321 1294 1323
f 1324 1296 1297
f 1323 1296 1324
f 1325 1297 1298
f 1324 1297 1325
f 1326 1298 1299
f 1325 1298 1326
f 1327 1299 1300
f 1326 1299 1327
f 1328 1300 1301
f 1327 1300 1328
f 280 1328 279
f 1328 1302 279
f 1328 1301 1302
f 279 1302 251
f 1329 284 1303
f 1303 284 255
f 286 1329 258
f 258 1329 1303
f 1330 292 1304
f 1304 292 268
f 293 1331 270
f 1331 1304 270
f 1331 1330 1304
f 272 1305 293
f 1305 1331 293
f 1305 1332 1331
f 1333 1305 1306
f 1332 1305 1333
f 295 1333 274
f 274 1333 1306
f 1334 296 1307
f 1307 296 277
f 1335 1307 1308
f 1334 1307 1335
f 1336 1308 1309
f 1335 1308 1336
f 1337 1309 1310
f 1336 1309 1337
f 1338 1310 1311
f 1337 1310 1338
f 1339 1311 1312
f 1338 1311 1339
f 1340 1312 1313
f 1339 1312 1340
f 1341 1313 1314
f 1340 1313 1341
f 1342 1314 1315
f 1341 1314 1342
f 1343 1315 1316
f 1342 1315 1343
f 1344 1316 1317
f 1343 1316 1344
f 1317 1318 1345
f 1317 1345 1344
f 1322 1321 1346
f 1322 1346 1347
f 1348 1321 1323
f 1346 1321 1348
f 1349 1323 1324
f 1348 1323 1349
f 1350 1324 1325
f 1349 1324 1350
f 1351 1325 1326
f 1350 1325 1351
f 1352 1326 1327
f 1351 1326 1352
f 1353 1327 1328
f 1352 1327 1353
f 298 1353 280
f 280 1353 1328
f 1329 302 284
f 302 1329 286
f 1330 310 292
f 310 1330 313
f 313 1330 1331
f 313 1331 315
f 315 1331 1332
f 315 1332 317
f 317 1332 1333
f 317 1333 295
f 1334 319 296
f 319 1334 321
f 1334 1354 321
f 1334 1335 1354
f 1355 1335 1336
f 1354 1335 1355
f 1356 1336 1337
f 1355 1336 1356
f 1357 1337 1338
f 1356 1337 1357
f 1358 1338 1339
f 1357 1338 1358
f 1359 1339 1340
f 1358 1339 1359
f 1360 1340 1341
f 1359 1340 1360
f 1361 1341 1342
f 1360 1341 1361
f 1362 1342 1343
f 1361 1342 1362
f 1363 1343 1344
f 1362 1343 1363
f 1344 1345 1364
f 1365 1344 1364
f 1363 1344 1365
f 1366 1365 1364
f 1347 1346 1367
f 1347 1367 1368
f 1369 1346 1348
f 1367 1346 1369
f 1370 1348 1349
f 1369 1348 1370
f 1371 1349 1350
f 1370 1349 1371
f 1372 1350 1351
f 1371 1350 1372
f 1373 1351 1352
f 1372 1351 1373
f 1374 1352 1353
f 1373 1352 1374
f 322 1375 298
f 1375 1353 298
f 1375 1374 1353
f 323 1376 322
f 322 1376 1375
f 324 1376 323
f 1377 335 336
f 337 1377 336
f 1378 342 1354
f 1354 342 321
f 1379 1354 1355
f 1378 1354 1379
f 1380 1355 1356
f 1379 1355 1380
f 1381 1356 1357
f 1380 1356 1381
f 1382 1357 1358
f 1381 1357 1382
f 1383 1358 1359
f 1382 1358 1383
f 1384 1359 1360
f 1383 1359 1384
f 1385 1360 1361
f 1384 1360 1385
f 1386 1361 1362
f 1385 1361 1386
f 1387 1362 1363
f 1386 1362 1387
f 1388 1363 1365
f 1387 1363 1388
f 1365 1366 1389
f 1365 1389 1388
f 1392 1391 1390
f 1390 1391 1368
f 1367 1390 1368
f 1393 1390 1367
f 345 1393 344
f 1393 1369 344
f 1393 1367 1369
f 344 1369 347
f 347 1369 1370
f 347 1370 348
f 1370 1394 348
f 1370 1371 1394
f 1395 1371 1372
f 1394 1371 1395
f 1396 1372 1373
f 1395 1372 1396
f 351 1396 350
f 1396 1374 350
f 1396 1373 1374
f 350 1374 353
f 353 1374 1375
f 353 1375 355
f 355 1375 1376
f 355 1376 324
f 1397 366 1377
f 1377 366 335
f 368 1397 337
f 337 1397 1377
f 1398 372 1378
f 1378 372 342
f 1399 1378 1379
f 1398 1378 1399
f 1400 1379 1380
f 1399 1379 1400
f 1401 1380 1381
f 1400 1380 1401
f 1402 1381 1382
f 1401 1381 1402
f 1403 1382 1383
f 1402 1382 1403
f 1404 1383 1384
f 1403 1383 1404
f 1405 1384 1385
f 1404 1384 1405
f 1406 1385 1386
f 1405 1385 1406
f 1407 1386 1387
f 1406 1386 1407
f 1408 1387 1388
f 1407 1387 1408
f 1388 1389 1409
f 1388 1409 1408
f 1392 1390 1410
f 1392 1410 1411
f 375 1410 374
f 1410 1393 374
f 1410 1390 1393
f 374 1393 345
f 1412 378 1394
f 1394 378 348
f 1413 1394 1395
f 1412 1394 1413
f 381 1413 380
f 1413 1396 380
f 1413 1395 1396
f 380 1396 351
f 1397 395 366
f 395 1397 368
f 1414 401 1398
f 1398 401 372
f 1415 1398 1399
f 1414 1398 1415
f 1416 1399 1400
f 1415 1399 1416
f 1417 1400 1401
f 1416 1400 1417
f 1418 1401 1402
f 1417 1401 1418
f 1419 1402 1403
f 1418 1402 1419
f 1420 1403 1404
f 1419 1403 1420
f 1421 1404 1405
f 1420 1404 1421
f 1422 1405 1406
f 1421 1405 1422
f 1423 1406 1407
f 1422 1406 1423
f 1424 1407 1408
f 1423 1407 1424
f 1408 1409 1425
f 1408 1425 1424
f 1411 1410 1426
f 1411 1426 1427
f 403 1426 375
f 375 1426 1410
f 1428 406 1412
f 1412 406 378
f 1429 1412 1413
f 1428 1412 1429
f 407 1430 381
f 1430 1413 381
f 1430 1429 1413
f 408 1430 407
f 1431 415 416
f 417 1432 416
f 416 1432 1431
f 418 1432 417
f 1433 424 425
f 426 1434 425
f 425 1434 1433
f 427 1434 426
f 1435 431 1414
f 1414 431 401
f 1436 1414 1415
f 1435 1414 1436
f 1437 1415 1416
f 1436 1415 1437
f 1438 1416 1417
f 1437 1416 1438
f 1439 1417 1418
f 1438 1417 1439
f 1440 1418 1419
f 1439 1418 1440
f 1441 1419 1420
f 1440 1419 1441
f 1442 1420 1421
f 1441 1420 1442
f 1443 1421 1422
f 1442 1421 1443
f 1444 1422 1423
f 1443 1422 1444
f 1424 1446 1445
f 1444 1424 1445
f 1423 1424 1444
f 1446 1424 1425
f 1427 1426 1447
f 1427 1447 1448
f 433 1447 403
f 403 1447 1426
f 1449 435 436
f 406 1428 436
f 1428 1449 436
f 1428 1450 1449
f 1451 1428 1429
f 1450 1428 1451
f 1452 1429 1430
f 1451 1429 1452
f 438 1452 408
f 408 1452 1430
f 1431 444 415
f 444 1431 446
f 1431 1453 446
f 1431 1432 1453
f 447 1454 418
f 1454 1432 418
f 1454 1453 1432
f 448 1454 447
f 1455 453 1433
f 1433 453 424
f 1456 1433 1434
f 1455 1433 1456
f 454 1457 427
f 1457 1434 427
f 1457 1456 1434
f 455 1458 454
f 454 1458 1457
f 456 1458 455
f 1459 458 1435
f 1435 458 431
f 1460 1435 1436
f 1459 1435 1460
f 1461 1436 1437
f 1460 1436 1461
f 1462 1437 1438
f 1461 1437 1462
f 1463 1438 1439
f 1462 1438 1463
f 1464 1439 1440
f 1463 1439 1464
f 1465 1440 1441
f 1464 1440 1465
f 1466 1441 1442
f 1465 1441 1466
f 1467 1442 1443
f 1466 1442 1467
f 1468 1443 1444
f 1467 1443 1468
f 1444 1445 1469
f 1444 1469 1468
f 1448 1447 1470
f 1448 1470 1471
f 459 1472 433
f 1472 1447 433
f 1472 1470 1447
f 460 1473 459
f 459 1473 1472
f 435 1449 460
f 1449 1473 460
f 1449 1474 1473
f 1475 1449 1450
f 1474 1449 1475
f 1476 1450 1451
f 1475 1450 1476
f 1477 1451 1452
f 1476 1451 1477
f 461 1478 438
f 1478 1452 438
f 1478 1477 1452
f 462 1479 461
f 461 1479 1478
f 463 1480 462
f 462 1480 1479
f 464 1480 463
f 1481 469 1453
f 1453 469 446
f 1482 1453 1454
f 1481 1453 1482
f 470 1483 448
f 1483 1454 448
f 1483 1482 1454
f 471 1483 470
f 1484 475 1455
f 1455 475 453
f 1485 1455 1456
f 1484 1455 1485
f 478 1485 477
f 1485 1457 477
f 1485 1456 1457
f 477 1457 480
f 480 1457 1458
f 480 1458 456
f 1486 482 1459
f 1459 482 458
f 1487 1459 1460
f 1486 1459 1487
f 1488 1460 1461
f 1487 1460 1488
f 1489 1461 1462
f 1488 1461 1489
f 1490 1462 1463
f 1489 1462 1490
f 1491 1463 1464
f 1490 1463 1491
f 1492 1464 1465
f 1491 1464 1492
f 1493 1465 1466
f 1492 1465 1493
f 1494 1466 1467
f 1493 1466 1494
f 1495 1467 1468
f 1494 1467 1495
f 1468 1469 1496
f 1497 1468 1496
f 1495 1468 1497
f 1498 1497 1496
f 1471 1470 1499
f 1471 1499 1500
f 1501 1470 1472
f 1499 1470 1501
f 1502 1472 1473
f 1501 1472 1502
f 1503 1473 1474
f 1502 1473 1503
f 1504 1474 1475
f 1503 1474 1504
f 1505 1475 1476
f 1504 1475 1505
f 1506 1476 1477
f 1505 1476 1506
f 1507 1477 1478
f 1506 1477 1507
f 1508 1478 1479
f 1507 1478 1508
f 1509 1479 1480
f 1508 1479 1509
f 484 1509 464
f 464 1509 1480
f 1510 487 488
f 469 1481 488
f 1481 1510 488
f 1481 1511 1510
f 1512 1481 1482
f 1511 1481 1512
f 1513 1482 1483
f 1512 1482 1513
f 489 1514 471
f 1514 1483 471
f 1514 1513 1483
f 490 1514 489
f 1515 493 1484
f 1484 493 475
f 1516 1484 1485
f 1515 1484 1516
f 495 1516 478
f 478 1516 1485
f 1517 498 1486
f 1486 498 482
f 1518 1486 1487
f 1517 1486 1518
f 1519 1487 1488
f 1518 1487 1519
f 1520 1488 1489
f 1519 1488 1520
f 1521 1489 1490
f 1520 1489 1521
f 1522 1490 1491
f 1521 1490 1522
f 1523 1491 1492
f 1522 1491 1523
f 1524 1492 1493
f 1523 1492 1524
f 1525 1493 1494
f 1524 1493 1525
f 1526 1494 1495
f 1525 1494 1526
f 1527 1495 1497
f 1526 1495 1527
f 1497 1498 1528
f 1529 1497 1528
f 1527 1497 1529
f 1530 1529 1528
f 1533 1532 1531
f 1534 1531 1532
f 1535 1500 1499
f 1537 1536 1535
f 1499 1537 1535
f 1501 1537 1499
f 1538 1501 1502
f 1537 1501 1538
f 1539 1502 1503
f 1538 1502 1539
f 1540 1503 1504
f 1539 1503 1540
f 1541 1504 1505
f 1540 1504 1541
f 1542 1505 1506
f 1541 1505 1542
f 501 1542 500
f 1542 1507 500
f 1542 1506 1507
f 500 1507 503
f 503 1507 1508
f 503 1508 504
f 1508 1543 504
f 1508 1509 1543
f 506 1543 484
f 484 1543 1509
f 1544 509 1510
f 1510 509 487
f 1545 1510 1511
f 1544 1510 1545
f 1546 1511 1512
f 1545 1511 1546
f 1547 1512 1513
f 1546 1512 1547
f 1548 1513 1514
f 1547 1513 1548
f 511 1548 490
f 490 1548 1514
f 1515 513 493
f 513 1515 516
f 516 1515 1516
f 516 1516 495
f 1549 519 520
f 498 1517 520
f 1517 1549 520
f 1517 1550 1549
f 1551 1517 1518
f 1550 1517 1551
f 1552 1518 1519
f 1551 1518 1552
f 1553 1519 1520
f 1552 1519 1553
f 1554 1520 1521
f 1553 1520 1554
f 1555 1521 1522
f 1554 1521 1555
f 1556 1522 1523
f 1555 1522 1556
f 1557 1523 1524
f 1556 1523 1557
f 1558 1524 1525
f 1557 1524 1558
f 1559 1525 1526
f 1558 1525 1559
f 1560 1526 1527
f 1559 1526 1560
f 1561 1527 1529
f 1560 1527 1561
f 1529 1530 1562
f 1529 1562 1561
f 1533 1531 1563
f 1533 1563 1564
f 1531 1534 1565
f 1531 1565 1563
f 1536 1537 1566
f 1536 1566 1567
f 1568 1537 1538
f 1566 1537 1568
f 1569 1538 1539
f 1568 1538 1569
f 1570 1539 1540
f 1569 1539 1570
f 1571 1540 1541
f 1570 1540 1571
f 1572 1541 1542
f 1571 1541 1572
f 521 1573 501
f 1573 1542 501
f 1573 1572 1542
f 522 1574 521
f 521 1574 1573
f 504 1543 522
f 1543 1574 522
f 1543 1575 1574
f 523 1576 506
f 1576 1543 506
f 1576 1575 1543
f 524 1576 523
f 1577 527 1544
f 1544 527 509
f 1578 1544 1545
f 1577 1544 1578
f 1579 1545 1546
f 1578 1545 1579
f 1580 1546 1547
f 1579 1546 1580
f 530 1580 529
f 1580 1548 529
f 1580 1547 1548
f 529 1548 511
f 1581 533 534
f 535 1581 534
f 1582 537 538
f 539 1583 538
f 538 1583 1582
f 519 1549 539
f 1549 1583 539
f 1549 1584 1583
f 1585 1549 1550
f 1584 1549 1585
f 1586 1550 1551
f 1585 1550 1586
f 1587 1551 1552
f 1586 1551 1587
f 1588 1552 1553
f 1587 1552 1588
f 1589 1553 1554
f 1588 1553 1589
f 1590 1554 1555
f 1589 1554 1590
f 1591 1555 1556
f 1590 1555 1591
f 1592 1556 1557
f 1591 1556 1592
f 1593 1557 1558
f 1592 1557 1593
f 1594 1558 1559
f 1593 1558 1594
f 1595 1559 1560
f 1594 1559 1595
f 1596 1560 1561
f 1595 1560 1596
f 1561 1562 1597
f 1598 1561 1597
f 1596 1561 1598
f 1599 1598 1597
f 1564 1563 1600
f 1564 1600 1601
f 1563 1565 1602
f 1603 1563 1602
f 1600 1563 1603
f 1604 1603 1602
f 1567 1566 1605
f 1567 1605 1606
f 1607 1566 1568
f 1605 1566 1607
f 1608 1568 1569
f 1607 1568 1608
f 1609 1569 1570
f 1608 1569 1609
f 1610 1570 1571
f 1609 1570 1610
f 1611 1571 1572
f 1610 1571 1611
f 542 1611 541
f 1611 1573 541
f 1611 1572 1573
f 541 1573 544
f 544 1573 1574
f 544 1574 545
f 1574 1612 545
f 1574 1575 1612
f 1613 1575 1576
f 1612 1575 1613
f 547 1613 524
f 524 1613 1576
f 1614 548 549
f 549 527 1614
f 527 1577 1614
f 552 550 1614
f 552 1614 1577
f 552 1577 553
f 1577 1615 553
f 1577 1578 1615
f 1616 1578 1579
f 1615 1578 1616
f 1617 1579 1580
f 1616 1579 1617
f 555 1617 530
f 530 1617 1580
f 1618 558 1581
f 1581 558 533
f 559 1619 535
f 1619 1581 535
f 1619 1618 1581
f 537 1582 559
f 1582 1619 559
f 1582 1620 1619
f 1621 1582 1583
f 1620 1582 1621
f 1622 1583 1584
f 1621 1583 1622
f 1623 1584 1585
f 1622 1584 1623
f 1624 1585 1586
f 1623 1585 1624
f 1625 1586 1587
f 1624 1586 1625
f 1626 1587 1588
f 1625 1587 1626
f 1627 1588 1589
f 1626 1588 1627
f 1628 1589 1590
f 1627 1589 1628
f 1629 1590 1591
f 1628 1590 1629
f 1630 1591 1592
f 1629 1591 1630
f 1631 1592 1593
f 1630 1592 1631
f 1632 1593 1594
f 1631 1593 1632
f 1633 1594 1595
f 1632 1594 1633
f 1634 1595 1596
f 1633 1595 1634
f 1635 1596 1598
f 1634 1596 1635
f 1598 1599 1636
f 1598 1636 1635
f 1601 1600 1637
f 1601 1637 1638
f 1639 1600 1603
f 1637 1600 1639
f 1603 1604 1640
f 1603 1640 1639
f 1606 1605 1641
f 1606 1641 1642
f 562 1641 561
f 1641 1607 561
f 1641 1605 1607
f 561 1607 563
f 1607 1643 563
f 1607 1608 1643
f 1644 1608 1609
f 1643 1608 1644
f 1645 1609 1610
f 1644 1609 1645
f 1646 1610 1611
f 1645 1610 1646
f 565 1646 542
f 542 1646 1611
f 1647 567 1612
f 1612 567 545
f 570 1647 569
f 1647 1613 569
f 1647 1612 1613
f 569 1613 547
f 1614 572 548
f 572 1614 550
f 1648 575 1615
f 1615 575 553
f 578 1648 577
f 1648 1616 577
f 1648 1615 1616
f 577 1616 580
f 580 1616 1617
f 580 1617 555
f 1618 584 558
f 584 1618 586
f 1618 1649 586
f 1618 1619 1649
f 1650 1619 1620
f 1649 1619 1650
f 1651 1620 1621
f 1650 1620 1651
f 1652 1621 1622
f 1651 1621 1652
f 1653 1622 1623
f 1652 1622 1653
f 1654 1623 1624
f 1653 1623 1654
f 1655 1624 1625
f 1654 1624 1655
f 1656 1625 1626
f 1655 1625 1656
f 1657 1626 1627
f 1656 1626 1657
f 1658 1627 1628
f 1657 1627 1658
f 1659 1628 1629
f 1658 1628 1659
f 1660 1629 1630
f 1659 1629 1660
f 1661 1630 1631
f 1660 1630 1661
f 1662 1631 1632
f 1661 1631 1662
f 1663 1632 1633
f 1662 1632 1663
f 1664 1633 1634
f 1663 1633 1664
f 1635 1666 1665
f 1664 1635 1665
f 1634 1635 1664
f 1666 1635 1636
f 1667 1638 1637
f 1667 1637 1639
f 1667 1639 1668
f 1668 1639 1640
f 1671 1670 1669
f 1669 1670 1642
f 1641 1669 1642
f 1672 1669 1641
f 587 1673 562
f 1673 1641 562
f 1673 1672 1641
f 563 1643 587
f 1643 1673 587
f 1643 1674 1673
f 1675 1643 1644
f 1674 1643 1675
f 1676 1644 1645
f 1675 1644 1676
f 1677 1645 1646
f 1676 1645 1677
f 589 1677 565
f 565 1677 1646
f 1678 591 1647
f 1647 591 567
f 593 1678 570
f 570 1678 1647
f 1679 594 595
f 596 1680 595
f 595 1680 1679
f 597 1680 596
f 1681 599 1648
f 1648 599 575
f 601 1681 578
f 578 1681 1648
f 1682 606 607
f 586 1649 607
f 1649 1682 607
f 1649 1683 1682
f 1684 1649 1650
f 1683 1649 1684
f 1685 1650 1651
f 1684 1650 1685
f 1686 1651 1652
f 1685 1651 1686
f 1687 1652 1653
f 1686 1652 1687
f 1688 1653 1654
f 1687 1653 1688
f 1689 1654 1655
f 1688 1654 1689
f 1690 1655 1656
f 1689 1655 1690
f 1691 1656 1657
f 1690 1656 1691
f 1692 1657 1658
f 1691 1657 1692
f 1693 1658 1659
f 1692 1658 1693
f 1694 1659 1660
f 1693 1659 1694
f 1695 1660 1661
f 1694 1660 1695
f 1696 1661 1662
f 1695 1661 1696
f 1697 1662 1663
f 1696 1662 1697
f 1664 1699 1698
f 1697 1664 1698
f 1663 1664 1697
f 1699 1664 1665
f 1671 1669 1700
f 1671 1700 1701
f 1702 1669 1672
f 1700 1669 1702
f 1703 1672 1673
f 1702 1672 1703
f 1704 1673 1674
f 1703 1673 1704
f 1705 1674 1675
f 1704 1674 1705
f 1706 1675 1676
f 1705 1675 1706
f 1707 1676 1677
f 1706 1676 1707
f 609 1707 589
f 589 1707 1677
f 1678 611 591
f 611 1678 593
f 1679 614 594
f 614 1679 617
f 617 1679 1680
f 617 1680 597
f 1708 619 1681
f 1681 619 599
f 621 1708 601
f 601 1708 1681
f 1682 626 606
f 626 1682 628
f 1682 1709 628
f 1682 1683 1709
f 1710 1683 1684
f 1709 1683 1710
f 1711 1684 1685
f 1710 1684 1711
f 1712 1685 1686
f 1711 1685 1712
f 1713 1686 1687
f 1712 1686 1713
f 1714 1687 1688
f 1713 1687 1714
f 1715 1688 1689
f 1714 1688 1715
f 1716 1689 1690
f 1715 1689 1716
f 1717 1690 1691
f 1716 1690 1717
f 1718 1691 1692
f 1717 1691 1718
f 1719 1692 1693
f 1718 1692 1719
f 1720 1693 1694
f 1719 1693 1720
f 1721 1694 1695
f 1720 1694 1721
f 1722 1695 1696
f 1721 1695 1722
f 1723 1696 1697
f 1722 1696 1723
f 1697 1698 1724
f 1697 1724 1723
f 1701 1700 1725
f 1701 1725 1726
f 1727 1700 1702
f 1725 1700 1727
f 1728 1702 1703
f 1727 1702 1728
f 1729 1703 1704
f 1728 1703 1729
f 1730 1704 1705
f 1729 1704 1730
f 1731 1705 1706
f 1730 1705 1731
f 631 1731 630
f 1731 1707 630
f 1731 1706 1707
f 630 1707 609
f 1732 636 637
f 638 1733 637
f 637 1733 1732
f 639 1733 638
f 1734 641 1708
f 1708 641 619
f 643 1734 621
f 621 1734 1708
f 1735 644 645
f 646 1736 645
f 645 1736 1735
f 647 1737 646
f 646 1737 1736
f 648 1738 647
f 647 1738 1737
f 649 1739 648
f 648 1739 1738
f 628 1709 649
f 1709 1739 649
f 1709 1740 1739
f 1741 1709 1710
f 1740 1709 1741
f 1742 1710 1711
f 1741 1710 1742
f 1743 1711 1712
f 1742 1711 1743
f 1744 1712 1713
f 1743 1712 1744
f 1745 1713 1714
f 1744 1713 1745
f 1746 1714 1715
f 1745 1714 1746
f 1747 1715 1716
f 1746 1715 1747
f 1748 1716 1717
f 1747 1716 1748
f 1749 1717 1718
f 1748 1717 1749
f 1750 1718 1719
f 1749 1718 1750
f 1751 1719 1720
f 1750 1719 1751
f 1752 1720 1721
f 1751 1720 1752
f 1753 1721 1722
f 1752 1721 1753
f 1723 1755 1754
f 1753 1723 1754
f 1722 1723 1753
f 1755 1723 1724
f 1726 1725 1756
f 1726 1756 1757
f 1758 1725 1727
f 1756 1725 1758
f 1759 1727 1728
f 1758 1727 1759
f 1760 1728 1729
f 1759 1728 1760
f 1761 1729 1730
f 1760 1729 1761
f 652 1761 651
f 1761 1731 651
f 1761 1730 1731
f 651 1731 631
f 1762 658 1732
f 1732 658 636
f 1763 1732 1733
f 1762 1732 1763
f 660 1763 639
f 639 1763 1733
f 1764 661 1734
f 1734 661 641
f 663 1764 643
f 643 1764 1734
f 1765 664 1735
f 1735 664 644
f 1766 1735 1736
f 1765 1735 1766
f 1767 1736 1737
f 1766 1736 1767
f 1768 1737 1738
f 1767 1737 1768
f 1769 1738 1739
f 1768 1738 1769
f 1770 1739 1740
f 1769 1739 1770
f 1771 1740 1741
f 1770 1740 1771
f 1772 1741 1742
f 1771 1741 1772
f 1773 1742 1743
f 1772 1742 1773
f 1774 1743 1744
f 1773 1743 1774
f 1775 1744 1745
f 1774 1744 1775
f 1776 1745 1746
f 1775 1745 1776
f 1777 1746 1747
f 1776 1746 1777
f 1778 1747 1748
f 1777 1747 1778
f 1779 1748 1749
f 1778 1748 1779
f 1780 1749 1750
f 1779 1749 1780
f 1781 1750 1751
f 1780 1750 1781
f 1782 1751 1752
f 1781 1751 1782
f 1783 1752 1753
f 1782 1752 1783
f 1753 1754 1784
f 1753 1784 1783
f 1757 1756 1785
f 1757 1785 1786
f 1787 1756 1758
f 1785 1756 1787
f 1788 1758 1759
f 1787 1758 1788
f 1789 1759 1760
f 1788 1759 1789
f 1790 1760 1761
f 1789 1760 1790
f 665 1791 652
f 1791 1761 652
f 1791 1790 1761
f 666 1791 665
f 1762 672 658
f 672 1762 674
f 1762 1792 674
f 1762 1763 1792
f 676 1792 660
f 660 1792 1763
f 1764 677 661
f 677 1764 663
f 1793 680 1765
f 1765 680 664
f 1794 1765 1766
f 1793 1765 1794
f 1795 1766 1767
f 1794 1766 1795
f 1796 1767 1768
f 1795 1767 1796
f 1797 1768 1769
f 1796 1768 1797
f 1798 1769 1770
f 1797 1769 1798
f 1799 1770 1771
f 1798 1770 1799
f 1800 1771 1772
f 1799 1771 1800
f 1801 1772 1773
f 1800 1772 1801
f 1802 1773 1774
f 1801 1773 1802
f 1803 1774 1775
f 1802 1774 1803
f 1804 1775 1776
f 1803 1775 1804
f 1805 1776 1777
f 1804 1776 1805
f 1806 1777 1778
f 1805 1777 1806
f 1807 1778 1779
f 1806 1778 1807
f 1808 1779 1780
f 1807 1779 1808
f 1809 1780 1781
f 1808 1780 1809
f 1810 1781 1782
f 1809 1781 1810
f 1811 1782 1783
f 1810 1782 1811
f 1783 1784 1812
f 1783 1812 1811
f 1786 1785 1813
f 1786 1813 1814
f 1815 1785 1787
f 1813 1785 1815
f 1816 1787 1788
f 1815 1787 1816
f 1817 1788 1789
f 1816 1788 1817
f 1818 1789 1790
f 1817 1789 1818
f 1819 1790 1791
f 1818 1790 1819
f 682 1819 666
f 666 1819 1791
f 1820 685 686
f 687 1821 686
f 686 1821 1820
f 688 1822 687
f 687 1822 1821
f 674 1792 688
f 1792 1822 688
f 1792 1823 1822
f 690 1823 676
f 676 1823 1792
f 1824 692 693
f 680 1793 693
f 1793 1824 693
f 1793 1825 1824
f 1826 1793 1794
f 1825 1793 1826
f 1827 1794 1795
f 1826 1794 1827
f 1828 1795 1796
f 1827 1795 1828
f 1829 1796 1797
f 1828 1796 1829
f 1830 1797 1798
f 1829 1797 1830
f 1831 1798 1799
f 1830 1798 1831
f 1832 1799 1800
f 1831 1799 1832
f 1833 1800 1801
f 1832 1800 1833
f 1834 1801 1802
f 1833 1801 1834
f 1835 1802 1803
f 1834 1802 1835
f 1836 1803 1804
f 1835 1803 1836
f 1837 1804 1805
f 1836 1804 1837
f 1838 1805 1806
f 1837 1805 1838
f 1839 1806 1807
f 1838 1806 1839
f 1840 1807 1808
f 1839 1807 1840
f 1841 1808 1809
f 1840 1808 1841
f 1842 1809 1810
f 1841 1809 1842
f 1843 1810 1811
f 1842 1810 1843
f 1811 1812 1844
f 1845 1811 1844
f 1843 1811 1845
f 1846 1845 1844
f 1814 1813 1847
f 1814 1847 1848
f 1849 1813 1815
f 1847 1813 1849
f 1850 1815 1816
f 1849 1815 1850
f 1851 1816 1817
f 1850 1816 1851
f 1852 1817 1818
f 1851 1817 1852
f 1853 1818 1819
f 1852 1818 1853
f 694 1854 682
f 1854 1819 682
f 1854 1853 1819
f 695 1855 694
f 694 1855 1854
f 696 1855 695
f 1856 698 1820
f 1820 698 685
f 1857 1820 1821
f 1856 1820 1857
f 1858 1821 1822
f 1857 1821 1858
f 1859 1822 1823
f 1858 1822 1859
f 699 1860 690
f 1860 1823 690
f 1860 1859 1823
f 700 1861 699
f 699 1861 1860
f 692 1824 700
f 1824 1861 700
f 1824 1862 1861
f 1863 1824 1825
f 1862 1824 1863
f 1864 1825 1826
f 1863 1825 1864
f 1865 1826 1827
f 1864 1826 1865
f 1866 1827 1828
f 1865 1827 1866
f 1867 1828 1829
f 1866 1828 1867
f 1868 1829 1830
f 1867 1829 1868
f 1869 1830 1831
f 1868 1830 1869
f 1870 1831 1832
f 1869 1831 1870
f 1871 1832 1833
f 1870 1832 1871
f 1872 1833 1834
f 1871 1833 1872
f 1873 1834 1835
f 1872 1834 1873
f 1874 1835 1836
f 1873 1835 1874
f 1875 1836 1837
f 1874 1836 1875
f 1876 1837 1838
f 1875 1837 1876
f 1877 1838 1839
f 1876 1838 1877
f 1878 1839 1840
f 1877 1839 1878
f 1879 1840 1841
f 1878 1840 1879
f 1880 1841 1842
f 1879 1841 1880
f 1881 1842 1843
f 1880 1842 1881
f 1882 1843 1845
f 1881 1843 1882
f 1845 1846 1883
f 1845 1883 1882
f 1848 1847 1884
f 1848 1884 1885
f 1886 1847 1849
f 1884 1847 1886
f 1887 1849 1850
f 1886 1849 1887
f 1888 1850 1851
f 1887 1850 1888
f 1889 1851 1852
f 1888 1851 1889
f 1890 1852 1853
f 1889 1852 1890
f 1891 1853 1854
f 1890 1853 1891
f 1892 1854 1855
f 1891 1854 1892
f 702 1892 696
f 696 1892 1855
f 1856 703 698
f 703 1856 705
f 1856 1893 705
f 1856 1857 1893
f 1894 1857 1858
f 1893 1857 1894
f 1895 1858 1859
f 1894 1858 1895
f 708 1895 707
f 1895 1860 707
f 1895 1859 1860
f 707 1860 710
f 710 1860 1861
f 710 1861 711
f 1861 1896 711
f 1861 1862 1896
f 1897 1862 1863
f 1896 1862 1897
f 1898 1863 1864
f 1897 1863 1898
f 1899 1864 1865
f 1898 1864 1899
f 1900 1865 1866
f 1899 1865 1900
f 1901 1866 1867
f 1900 1866 1901
f 1902 1867 1868
f 1901 1867 1902
f 1903 1868 1869
f 1902 1868 1903
f 1904 1869 1870
f 1903 1869 1904
f 1905 1870 1871
f 1904 1870 1905
f 1906 1871 1872
f 1905 1871 1906
f 1907 1872 1873
f 1906 1872 1907
f 1908 1873 1874
f 1907 1873 1908
f 1909 1874 1875
f 1908 1874 1909
f 1910 1875 1876
f 1909 1875 1910
f 1911 1876 1877
f 1910 1876 1911
f 1912 1877 1878
f 1911 1877 1912
f 1913 1878 1879
f 1912 1878 1913
f 1914 1879 1880
f 1913 1879 1914
f 1915 1880 1881
f 1914 1880 1915
f 1882 1917 1916
f 1915 1882 1916
f 1881 1882 1915
f 1917 1882 1883
f 1885 1884 1918
f 1885 1918 1919
f 1920 1884 1886
f 1918 1884 1920
f 1921 1886 1887
f 1920 1886 1921
f 1922 1887 1888
f 1921 1887 1922
f 1923 1888 1889
f 1922 1888 1923
f 1924 1889 1890
f 1923 1889 1924
f 1925 1890 1891
f 1924 1890 1925
f 1926 1891 1892
f 1925 1891 1926
f 712 1927 702
f 1927 1892 702
f 1927 1926 1892
f 713 1928 712
f 712 1928 1927
f 705 1893 713
f 1893 1928 713
f 1893 1929 1928
f 1930 1893 1894
f 1929 1893 1930
f 1931 1894 1895
f 1930 1894 1931
f 714 1932 708
f 1932 1895 708
f 1932 1931 1895
f 715 1933 714
f 714 1933 1932
f 711 1896 715
f 1896 1933 715
f 1896 1934 1933
f 1935 1896 1897
f 1934 1896 1935
f 1936 1897 1898
f 1935 1897 1936
f 1937 1898 1899
f 1936 1898 1937
f 1938 1899 1900
f 1937 1899 1938
f 1939 1900 1901
f 1938 1900 1939
f 1940 1901 1902
f 1939 1901 1940
f 1941 1902 1903
f 1940 1902 1941
f 1942 1903 1904
f 1941 1903 1942
f 1943 1904 1905
f 1942 1904 1943
f 1944 1905 1906
f 1943 1905 1944
f 1945 1906 1907
f 1944 1906 1945
f 1946 1907 1908
f 1945 1907 1946
f 1947 1908 1909
f 1946 1908 1947
f 1948 1909 1910
f 1947 1909 1948
f 1949 1910 1911
f 1948 1910 1949
f 1950 1911 1912
f 1949 1911 1950
f 1951 1912 1913
f 1950 1912 1951
f 1952 1913 1914
f 1951 1913 1952
f 1953 1914 1915
f 1952 1914 1953
f 1915 1916 1954
f 1915 1954 1953
f 1919 1918 1955
f 1919 1955 1956
f 1957 1918 1920
f 1955 1918 1957
f 1958 1920 1921
f 1957 1920 1958
f 1959 1921 1922
f 1958 1921 1959
f 1960 1922 1923
f 1959 1922 1960
f 1961 1923 1924
f 1960 1923 1961
f 1962 1924 1925
f 1961 1924 1962
f 1963 1925 1926
f 1962 1925 1963
f 1964 1926 1927
f 1963 1926 1964
f 1965 1927 1928
f 1964 1927 1965
f 1966 1928 1929
f 1965 1928 1966
f 1967 1929 1930
f 1966 1929 1967
f 1968 1930 1931
f 1967 1930 1968
f 1969 1931 1932
f 1968 1931 1969
f 1970 1932 1933
f 1969 1932 1970
f 1971 1933 1934
f 1970 1933 1971
f 1972 1934 1935
f 1971 1934 1972
f 1973 1935 1936
f 1972 1935 1973
f 1974 1936 1937
f 1973 1936 1974
f 1975 1937 1938
f 1974 1937 1975
f 1976 1938 1939
f 1975 1938 1976
f 1977 1939 1940
f 1976 1939 1977
f 1978 1940 1941
f 1977 1940 1978
f 1979 1941 1942
f 1978 1941 1979
f 1980 1942 1943
f 1979 1942 1980
f 1981 1943 1944
f 1980 1943 1981
f 1982 1944 1945
f 1981 1944 1982
f 1983 1945 1946
f 1982 1945 1983
f 1984 1946 1947
f 1983 1946 1984
f 1985 1947 1948
f 1984 1947 1985
f 1986 1948 1949
f 1985 1948 1986
f 1987 1949 1950
f 1986 1949 1987
f 1988 1950 1951
f 1987 1950 1988
f 1989 1951 1952
f 1988 1951 1989
f 1990 1952 1953
f 1989 1952 1990
f 1953 1954 1991
f 1992 1953 1991
f 1990 1953 1992
f 1993 1992 1991
f 1956 1955 1994
f 1956 1994 1995
f 1996 1955 1957
f 1994 1955 1996
f 1997 1957 1958
f 1996 1957 1997
f 1998 1958 1959
f 1997 1958 1998
f 1999 1959 1960
f 1998 1959 1999
f 2000 1960 1961
f 1999 1960 2000
f 2001 1961 1962
f 2000 1961 2001
f 2002 1962 1963
f 2001 1962 2002
f 2003 1963 1964
f 2002 1963 2003
f 2004 1964 1965
f 2003 1964 2004
f 2005 1965 1966
f 2004 1965 2005
f 2006 1966 1967
f 2005 1966 2006
f 2007 1967 1968
f 2006 1967 2007
f 2008 1968 1969
f 2007 1968 2008
f 2009 1969 1970
f 2008 1969 2009
f 2010 1970 1971
f 2009 1970 2010
f 2011 1971 1972
f 2010 1971 2011
f 2012 1972 1973
f 2011 1972 2012
f 2013 1973 1974
f 2012 1973 2013
f 2014 1974 1975
f 2013 1974 2014
f 2015 1975 1976
f 2014 1975 2015
f 2016 1976 1977
f 2015 1976 2016
f 2017 1977 1978
f 2016 1977 2017
f 2018 1978 1979
f 2017 1978 2018
f 2019 1979 1980
f 2018 1979 2019
f 2020 1980 1981
f 2019 1980 2020
f 2021 1981 1982
f 2020 1981 2021
f 2022 1982 1983
f 2021 1982 2022
f 2023 1983 1984
f 2022 1983 2023
f 2024 1984 1985
f 2023 1984 2024
f 2025 1985 1986
f 2024 1985 2025
f 2026 1986 1987
f 2025 1986 2026
f 2027 1987 1988
f 2026 1987 2027
f 2028 1988 1989
f 2027 1988 2028
f 2029 1989 1990
f 2028 1989 2029
f 2030 1990 1992
f 2029 1990 2030
f 1992 1993 2031
f 1992 2031 2030
f 2032 1995 1994
f 2034 2033 2032
f 1994 2034 2032
f 1996 2034 1994
f 2035 1996 1997
f 2034 1996 2035
f 2036 1997 1998
f 2035 1997 2036
f 2037 1998 1999
f 2036 1998 2037
f 2038 1999 2000
f 2037 1999 2038
f 2039 2000 2001
f 2038 2000 2039
f 2040 2001 2002
f 2039 2001 2040
f 2041 2002 2003
f 2040 2002 2041
f 2042 2003 2004
f 2041 2003 2042
f 2043 2004 2005
f 2042 2004 2043
f 2044 2005 2006
f 2043 2005 2044
f 2045 2006 2007
f 2044 2006 2045
f 2046 2007 2008
f 2045 2007 2046
f 2047 2008 2009
f 2046 2008 2047
f 2048 2009 2010
f 2047 2009 2048
f 2049 2010 2011
f 2048 2010 2049
f 2050 2011 2012
f 2049 2011 2050
f 2051 2012 2013
f 2050 2012 2051
f 2052 2013 2014
f 2051 2013 2052
f 2053 2014 2015
f 2052 2014 2053
f 2054 2015 2016
f 2053 2015 2054
f 2055 2016 2017
f 2054 2016 2055
f 2056 2017 2018
f 2055 2017 2056
f 2057 2018 2019
f 2056 2018 2057
f 2058 2019 2020
f 2057 2019 2058
f 2059 2020 2021
f 2058 2020 2059
f 2060 2021 2022
f 2059 2021 2060
f 2061 2022 2023
f 2060 2022 2061
f 2062 2023 2024
f 2061 2023 2062
f 2063 2024 2025
f 2062 2024 2063
f 2064 2025 2026
f 2063 2025 2064
f 2065 2026 2027
f 2064 2026 2065
f 2066 2027 2028
f 2065 2027 2066
f 2067 2028 2029
f 2066 2028 2067
f 2068 2029 2030
f 2067 2029 2068
f 2030 2031 2069
f 2030 2069 2068
f 2070 2033 2034
f 2072 2071 2070
f 2034 2072 2070
f 2035 2072 2034
f 2073 2035 2036
f 2072 2035 2073
f 2074 2036 2037
f 2073 2036 2074
f 2075 2037 2038
f 2074 2037 2075
f 2076 2038 2039
f 2075 2038 2076
f 2077 2039 2040
f 2076 2039 2077
f 2078 2040 2041
f 2077 2040 2078
f 2079 2041 2042
f 2078 2041 2079
f 2080 2042 2043
f 2079 2042 2080
f 2081 2043 2044
f 2080 2043 2081
f 2082 2044 2045
f 2081 2044 2082
f 2083 2045 2046
f 2082 2045 2083
f 2084 2046 2047
f 2083 2046 2084
f 2085 2047 2048
f 2084 2047 2085
f 2086 2048 2049
f 2085 2048 2086
f 2087 2049 2050
f 2086 2049 2087
f 2088 2050 2051
f 2087 2050 2088
f 2089 2051 2052
f 2088 2051 2089
f 2090 2052 2053
f 2089 2052 2090
f 2091 2053 2054
f 2090 2053 2091
f 2092 2054 2055
f 2091 2054 2092
f 2093 2055 2056
f 2092 2055 2093
f 2094 2056 2057
f 2093 2056 2094
f 2095 2057 2058
f 2094 2057 2095
f 2096 2058 2059
f 2095 2058 2096
f 2097 2059 2060
f 2096 2059 2097
f 2098 2060 2061
f 2097 2060 2098
f 2099 2061 2062
f 2098 2061 2099
f 2100 2062 2063
f 2099 2062 2100
f 2101 2063 2064
f 2100 2063 2101
f 2102 2064 2065
f 2101 2064 2102
f 2103 2065 2066
f 2102 2065 2103
f 2104 2066 2067
f 2103 2066 2104
f 2068 2106 2105
f 2104 2068 2105
f 2067 2068 2104
f 2106 2068 2069
f 2071 2072 2107
f 2071 2107 2108
f 2109 2072 2073
f 2107 2072 2109
f 2110 2073 2074
f 2109 2073 2110
f 718 2110 717
f 2110 2075 717
f 2110 2074 2075
f 717 2075 720
f 720 2075 2076
f 720 2076 721
f 2076 2111 721
f 2076 2077 2111
f 2112 2077 2078
f 2111 2077 2112
f 2113 2078 2079
f 2112 2078 2113
f 2114 2079 2080
f 2113 2079 2114
f 2115 2080 2081
f 2114 2080 2115
f 2116 2081 2082
f 2115 2081 2116
f 2117 2082 2083
f 2116 2082 2117
f 2118 2083 2084
f 2117 2083 2118
f 2119 2084 2085
f 2118 2084 2119
f 2120 2085 2086
f 2119 2085 2120
f 2121 2086 2087
f 2120 2086 2121
f 724 2121 723
f 2121 2088 723
f 2121 2087 2088
f 723 2088 726
f 726 2088 2089
f 726 2089 728
f 728 2089 2090
f 728 2090 730
f 730 2090 2091
f 730 2091 731
f 2091 2122 731
f 2091 2092 2122
f 2123 2092 2093
f 2122 2092 2123
f 2124 2093 2094
f 2123 2093 2124
f 2125 2094 2095
f 2124 2094 2125
f 2126 2095 2096
f 2125 2095 2126
f 2127 2096 2097
f 2126 2096 2127
f 2128 2097 2098
f 2127 2097 2128
f 2129 2098 2099
f 2128 2098 2129
f 2130 2099 2100
f 2129 2099 2130
f 2131 2100 2101
f 2130 2100 2131
f 2132 2101 2102
f 2131 2101 2132
f 2133 2102 2103
f 2132 2102 2133
f 2134 2103 2104
f 2133 2103 2134
f 2104 2105 2135
f 2104 2135 2134
f 2108 2107 2136
f 2108 2136 2137
f 2138 2107 2109
f 2136 2107 2138
f 2139 2109 2110
f 2138 2109 2139
f 732 2140 718
f 2140 2110 718
f 2140 2139 2110
f 733 2140 732
f 2141 735 2111
f 2111 735 721
f 2142 2111 2112
f 2141 2111 2142
f 2143 2112 2113
f 2142 2112 2143
f 2144 2113 2114
f 2143 2113 2144
f 2145 2114 2115
f 2144 2114 2145
f 2146 2115 2116
f 2145 2115 2146
f 2147 2116 2117
f 2146 2116 2147
f 2148 2117 2118
f 2147 2117 2148
f 738 2148 737
f 2148 2119 737
f 2148 2118 2119
f 737 2119 740
f 740 2119 2120
f 740 2120 742
f 742 2120 2121
f 742 2121 724
f 2122 747 731
f 747 2122 749
f 2122 2149 749
f 2122 2123 2149
f 2150 2123 2124
f 2149 2123 2150
f 2151 2124 2125
f 2150 2124 2151
f 752 2151 751
f 2151 2126 751
f 2151 2125 2126
f 751 2126 754
f 754 2126 2127
f 754 2127 755
f 2127 2152 755
f 2127 2128 2152
f 2153 2128 2129
f 2152 2128 2153
f 2154 2129 2130
f 2153 2129 2154
f 2155 2130 2131
f 2154 2130 2155
f 2156 2131 2132
f 2155 2131 2156
f 2157 2132 2133
f 2156 2132 2157
f 2158 2133 2134
f 2157 2133 2158
f 2134 2135 2159
f 2134 2159 2158
f 2137 2136 2160
f 2137 2160 2161
f 2162 2136 2138
f 2160 2136 2162
f 2163 2138 2139
f 2162 2138 2163
f 2164 2139 2140
f 2163 2139 2164
f 757 2164 733
f 733 2164 2140
f 2141 758 735
f 758 2141 760
f 2141 2165 760
f 2141 2142 2165
f 2166 2142 2143
f 2165 2142 2166
f 2167 2143 2144
f 2166 2143 2167
f 2168 2144 2145
f 2167 2144 2168
f 2169 2145 2146
f 2168 2145 2169
f 2170 2146 2147
f 2169 2146 2170
f 2171 2147 2148
f 2170 2147 2171
f 762 2171 738
f 738 2171 2148
f 2149 770 749
f 770 2149 772
f 2149 2172 772
f 2149 2150 2172
f 775 2172 774
f 2172 2151 774
f 2172 2150 2151
f 774 2151 752
f 2173 778 2152
f 2152 778 755
f 2174 2152 2153
f 2173 2152 2174
f 2175 2153 2154
f 2174 2153 2175
f 2176 2154 2155
f 2175 2154 2176
f 2177 2155 2156
f 2176 2155 2177
f 2178 2156 2157
f 2177 2156 2178
f 2158 2180 2179
f 2178 2158 2179
f 2157 2158 2178
f 2180 2158 2159
f 2161 2160 2181
f 2161 2181 2182
f 2183 2160 2162
f 2181 2160 2183
f 2184 2162 2163
f 2183 2162 2184
f 781 2184 780
f 2184 2164 780
f 2184 2163 2164
f 780 2164 757
f 2165 784 760
f 784 2165 787
f 787 2165 2166
f 787 2166 789
f 789 2166 2167
f 789 2167 791
f 791 2167 2168
f 791 2168 793
f 793 2168 2169
f 793 2169 795
f 795 2169 2170
f 795 2170 797
f 797 2170 2171
f 797 2171 762
f 2172 807 772
f 807 2172 775
f 2173 812 778
f 812 2173 815
f 815 2173 2174
f 815 2174 817
f 817 2174 2175
f 817 2175 818
f 2175 2185 818
f 2175 2176 2185
f 2186 2176 2177
f 2185 2176 2186
f 2187 2177 2178
f 2186 2177 2187
f 2178 2179 2188
f 2178 2188 2187
f 2189 2182 2181
f 2191 2190 2189
f 2181 2191 2189
f 2183 2191 2181
f 2192 2183 2184
f 2191 2183 2192
f 819 2193 781
f 2193 2184 781
f 2193 2192 2184
f 820 2194 819
f 819 2194 2193
f 821 2195 820
f 820 2195 2194
f 822 2196 821
f 821 2196 2195
f 823 2196 822
f 2197 826 827
f 828 2197 827
f 2198 848 2185
f 2185 848 818
f 2199 2185 2186
f 2198 2185 2199
f 2187 2201 2200
f 2199 2187 2200
f 2186 2187 2199
f 2201 2187 2188
f 2202 2190 2191
f 2202 2191 2192
f 2202 2192 2203
f 2203 2192 2193
f 2203 2193 2204
f 2204 2193 2194
f 2204 2194 2205
f 2205 2194 2195
f 2205 2195 2206
f 2206 2195 2196
f 2206 2196 2207
f 2207 2196 823
f 849 2207 823
f 2208 2207 849
f 2209 849 850
f 2209 2208 849
f 850 826 2197
f 2210 850 2197
f 2209 850 2210
f 2210 2197 828
f 851 2210 828
f 2211 2210 851
f 2212 851 852
f 2212 2211 851
f 2213 852 853
f 2213 2212 852
f 2215 2213 2214
f 2213 854 2214
f 2213 853 854
f 855 2216 854
f 854 2216 2214
f 856 2216 855
f 2217 859 860
f 2217 860 2218
f 860 2219 2218
f 860 861 2219
f 2220 861 862
f 2220 2219 861
f 2221 862 863
f 2221 2220 862
f 2222 863 864
f 2222 2221 863
f 2223 864 865
f 2223 2222 864
f 2224 865 866
f 2224 2223 865
f 2225 866 867
f 2225 2224 866
f 2226 867 868
f 2226 2225 867
f 2227 868 869
f 2227 2226 868
f 2228 869 870
f 2228 2227 869
f 2229 870 871
f 2229 2228 870
f 871 848 2198
f 2230 871 2198
f 2229 871 2230
f 2230 2198 2199
f 2230 2199 2231
f 2231 2199 2200
f 2233 2232 873
f 2233 873 874
f 873 2234 875
f 2232 2234 873
f 875 2235 876
f 2234 2235 875
f 876 2236 877
f 2235 2236 876
f 877 2237 878
f 2236 2237 877
f 879 878 2238
f 878 2239 2238
f 878 2237 2239
f 2238 2239 2240
f 2240 2239 2241
f 2240 2241 2242
f 2242 2241 2243
f 2242 2243 2244
f 2244 2243 2245
f 2244 2245 885
f 2245 884 885
f 2245 2246 884
f 886 884 2247
f 884 2248 2247
f 884 2246 2248
f 2247 2248 889
f 2248 888 889
f 2248 2249 888
f 890 888 2250
f 888 2251 2250
f 888 2249 2251
f 2250 2251 2252
f 2252 2251 2253
f 2252 2253 2254
f 2254 2253 2255
f 2254 2255 2256
f 2256 2255 2257
f 2256 2257 2258
f 2258 2257 2259
f 2258 2259 2260
f 2260 2259 2261
f 2260 2261 2262
f 2262 2261 2263
f 2262 2263 2264
f 2264 2263 2265
f 2264 2265 2266
f 2266 2265 2267
f 2266 2267 2268
f 2268 2267 2269
f 2268 2269 2270
f 2270 2269 2271
f 2270 2271 2272
f 2272 2271 2273
f 2272 2273 2274
f 2274 2273 2275
f 2274 2275 2276
f 2276 2275 2277
f 2276 2277 2278
f 2278 2277 2279
f 2278 2279 907
f 2279 906 907
f 2279 2280 906
f 908 906 2281
f 906 2282 2281
f 906 2280 2282
f 2281 2282 912
f 2282 911 912
f 2282 2283 911
f 2283 2285 2284
f 914 2283 2284
f 911 2283 914
f 2284 915 914
f 917 2233 874
f 917 2286 2233
f 2285 2287 2284
f 2287 2289 2288
f 2287 2288 920
f 2284 2287 920
f 915 2284 920
f 2288 922 920
f 924 2286 917
f 924 2290 2286
f 2289 2291 2288
f 922 2288 2291
f 2292 922 2291
f 934 922 2292
f 2295 2294 2293
f 2294 2290 2293
f 2290 936 2293
f 2290 924 936
f 2292 953 934
f 2296 953 2292
f 2295 2293 955
f 956 2295 955
f 2297 2295 956
f 955 2293 936
f 986 953 2298
f 953 2299 2298
f 953 2296 2299
f 2298 988 986
f 991 2300 990
f 2300 2301 990
f 2301 956 990
f 2301 2297 956
f 2299 2302 2298
f 988 2298 2302
f 2303 988 2302
f 1026 988 2303
f 1027 2300 991
f 1027 1028 2300
f 1028 2301 2300
f 1028 2304 2301
f 2303 1061 1026
f 2305 1061 2303
f 1063 2304 1028
f 1063 2306 2304
f 2305 1097 1061
f 2307 1097 2305
f 1099 2306 1063
f 1099 2308 2306
f 2310 1130 2309
f 1130 2307 2309
f 1130 1097 2307
f 2311 2310 2309
f 2314 2313 2312
f 2313 2308 2312
f 2308 1132 2312
f 2308 1099 1132
f 2310 1164 1130
f 1166 1164 2310
f 2311 1166 2310
f 2315 1166 2311
f 2314 2312 2316
f 2314 2316 2317
f 1168 2316 1132
f 1132 2316 2312
f 2315 1197 1166
f 2318 1197 2315
f 2317 2316 2319
f 2317 2319 2320
f 1199 2319 1168
f 1168 2319 2316
f 2318 1228 1197
f 2321 1228 2318
f 2324 2323 2322
f 2322 2323 2320
f 2322 2320 2319
f 1231 2322 2319
f 1230 1231 2319
f 1230 2319 1199
f 2321 1261 1228
f 2325 1261 2321
f 2324 2322 2326
f 2324 2326 2327
f 1263 2326 1231
f 1231 2326 2322
f 2325 1293 1261
f 2328 1293 2325
f 2327 2326 2329
f 2327 2329 2330
f 1295 2329 1263
f 1263 2329 2326
f 2331 1318 1319
f 1320 2332 1319
f 1319 2332 2331
f 2333 2332 1320
f 1293 2333 1320
f 2328 2333 1293
f 2330 2329 2334
f 2330 2334 2335
f 1322 2334 1295
f 1295 2334 2329
f 2336 1345 2331
f 2331 1345 1318
f 2332 2338 2337
f 2336 2332 2337
f 2331 2332 2336
f 2338 2332 2333
f 2335 2334 2339
f 2335 2339 2340
f 1347 2339 1322
f 1322 2339 2334
f 2336 1364 1345
f 1366 1364 2336
f 2337 1366 2336
f 2341 1366 2337
f 2340 2339 2342
f 2340 2342 2343
f 1368 2342 1347
f 1347 2342 2339
f 2341 1389 1366
f 2344 1389 2341
f 2347 2346 2345
f 2349 2348 2345
f 2349 2345 2346
f 2348 2349 2343
f 2348 2343 2342
f 1392 2348 2342
f 1391 1392 2342
f 1391 2342 1368
f 2344 1409 1389
f 2350 1409 2344
f 2347 2345 2351
f 2347 2351 2352
f 2353 2345 2348
f 2351 2345 2353
f 1411 2353 1392
f 1392 2353 2348
f 2350 1425 1409
f 2354 1425 2350
f 2352 2351 2355
f 2352 2355 2356
f 2353 2358 2357
f 2355 2353 2357
f 2351 2353 2355
f 2353 1411 2358
f 1411 2359 2358
f 1411 1427 2359
f 2360 1445 1446
f 2361 2360 1446
f 1425 2361 1446
f 2354 2361 1425
f 2356 2355 2362
f 2356 2362 2363
f 2355 2357 2364
f 2355 2364 2362
f 1448 2359 1427
f 1448 2365 2359
f 2366 1469 2360
f 2360 1469 1445
f 2360 2361 2367
f 2360 2367 2366
f 2368 2363 2362
f 2368 2362 2364
f 1471 2365 1448
f 1471 2369 2365
f 2366 1496 1469
f 1498 1496 2366
f 2367 1498 2366
f 2370 1498 2367
f 1500 2369 1471
f 1500 2371 2369
f 2370 2372 1498
f 1498 2372 1528
f 1530 1528 2372
f 1530 2372 2373
f 2375 2374 1532
f 2375 1532 1533
f 2377 2376 1534
f 1532 2377 1534
f 2374 2377 1532
f 2379 2378 2376
f 2379 2376 2377
f 2380 2378 1535
f 2378 2371 1535
f 2371 1500 1535
f 2371 2378 2379
f 1536 2380 1535
f 2373 1562 1530
f 2381 1562 2373
f 1564 2375 1533
f 1564 2382 2375
f 2383 1565 2376
f 2376 1565 1534
f 2384 2376 2378
f 2383 2376 2384
f 2385 2378 2380
f 2384 2378 2385
f 1567 2385 1536
f 1536 2385 2380
f 2381 2386 1562
f 1562 2386 1597
f 1599 1597 2386
f 1599 2386 2387
f 1601 2382 1564
f 1601 2388 2382
f 2383 1602 1565
f 2383 2384 2389
f 1604 2383 2389
f 2390 1604 2389
f 2383 1604 1602
f 2389 2384 2385
f 2389 2385 2391
f 2385 1567 2391
f 1567 2392 2391
f 1567 1606 2392
f 2387 1636 1599
f 2393 1636 2387
f 1638 2388 1601
f 1638 2394 2388
f 2396 1640 2395
f 1640 2390 2395
f 1640 1604 2390
f 2398 2397 2396
f 2398 2396 2395
f 2398 2392 2397
f 2392 1642 2397
f 2392 1606 1642
f 2400 2399 1666
f 1666 2399 1665
f 1666 1636 2393
f 1666 2393 2400
f 1638 1667 2401
f 2402 1638 2401
f 2394 1638 2402
f 1668 2403 1667
f 1667 2403 2401
f 2404 2403 1668
f 2404 1668 1640
f 2405 2404 1640
f 2396 2405 1640
f 1671 2406 1670
f 2406 2396 1670
f 2396 2397 1670
f 2406 2405 2396
f 1670 2397 1642
f 2407 1698 1699
f 2408 2407 1699
f 1665 2408 1699
f 2399 2408 1665
f 2409 2402 2401
f 2411 2410 2409
f 2401 2411 2409
f 2403 2411 2401
f 2403 2404 2412
f 2413 2403 2412
f 2411 2403 2413
f 2412 2406 2413
f 2406 1701 2413
f 2406 1671 1701
f 2414 1724 2407
f 2407 1724 1698
f 2407 2408 2415
f 2407 2415 2414
f 2410 2411 2416
f 2410 2416 2417
f 2418 2411 2413
f 2416 2411 2418
f 1726 2418 1701
f 1701 2418 2413
f 2419 1754 1755
f 2420 2419 1755
f 2420 1755 1724
f 2421 2420 1724
f 2414 2421 1724
f 2421 2414 2415
f 2422 2417 2416
f 2424 2423 2422
f 2416 2424 2422
f 2418 2424 2416
f 1757 2424 1726
f 1726 2424 2418
f 2425 1784 2419
f 2419 1784 1754
f 2419 2420 2426
f 2419 2426 2425
f 2423 2424 2427
f 2423 2427 2428
f 1786 2427 1757
f 1757 2427 2424
f 2429 1812 2425
f 2425 1812 1784
f 2425 2426 2430
f 2425 2430 2429
f 2428 2427 2431
f 2428 2431 2432
f 1814 2431 1786
f 1786 2431 2427
f 2429 1844 1812
f 1846 1844 2429
f 2430 1846 2429
f 2433 1846 2430
f 2434 2432 2431
f 2431 1814 2434
f 1814 2435 2434
f 1814 1848 2435
f 2433 1883 1846
f 2436 1883 2433
f 1885 2435 1848
f 1885 2437 2435
f 2438 1916 1917
f 2439 2438 1917
f 1883 2439 1917
f 2436 2439 1883
f 1919 2437 1885
f 1919 2440 2437
f 2441 1954 2438
f 2438 1954 1916
f 2438 2439 2442
f 2438 2442 2441
f 1956 2440 1919
f 1956 2443 2440
f 2441 1991 1954
f 1993 1991 2441
f 2442 1993 2441
f 2444 1993 2442
f 1995 2446 2445
f 2443 1995 2445
f 1956 1995 2443
f 2446 2447 2445
f 2444 2031 1993
f 2448 2031 2444
f 2032 2446 1995
f 2032 2033 2446
f 2033 2447 2446
f 2033 2449 2447
f 2448 2069 2031
f 2450 2069 2448
f 2451 2449 2033
f 2451 2033 2070
f 2070 2071 2451
f 2451 2071 2452
f 2454 2453 2106
f 2106 2453 2105
f 2106 2069 2450
f 2106 2450 2454
f 2108 2452 2071
f 2108 2455 2452
f 2453 2135 2105
f 2456 2135 2453
f 2137 2458 2457
f 2455 2137 2457
f 2108 2137 2455
f 2458 2459 2457
f 2462 2461 2460
f 2456 2462 2460
f 2159 2456 2460
f 2135 2456 2159
f 2161 2463 2458
f 2161 2458 2137
f 2459 2458 2464
f 2464 2458 2463
f 2467 2466 2465
f 2467 2465 2461
f 2461 2465 2460
f 2465 2179 2460
f 2179 2180 2460
f 2460 2180 2159
f 2182 2468 2463
f 2182 2463 2161
f 2464 2463 2469
f 2463 2470 2469
f 2463 2468 2470
f 2472 2471 2470
f 2470 2471 2469
f 2472 2473 2471
f 2476 2475 2474
f 2478 2477 2474
f 2474 2477 2476
f 2477 2478 2466
f 2478 2465 2466
f 2478 2479 2465
f 2479 2188 2179
f 2479 2179 2465
f 2189 2468 2182
f 2468 2189 2190
f 2480 2468 2190
f 2470 2468 2480
f 2470 2481 2472
f 2470 2480 2481
f 2473 2472 2482
f 2472 2483 2482
f 2472 2481 2483
f 2485 2484 2483
f 2483 2484 2482
f 2485 2486 2484
f 2489 2488 2487
f 2491 2490 2487
f 2487 2490 2489
f 2493 2492 2491
f 2491 2492 2490
f 2493 2494 2492
f 2497 2496 2495
f 2499 2498 2495
f 2495 2498 2497
f 2501 2500 2499
f 2499 2500 2498
f 2501 2502 2500
f 2505 2504 2503
f 2507 2506 2503
f 2503 2506 2505
f 2509 2508 2507
f 2507 2508 2506
f 2509 2510 2508
f 2513 2512 2511
f 2515 2514 2511
f 2511 2514 2513
f 2517 2516 2515
f 2515 2516 2514
f 2519 2518 2517
f 2517 2518 2516
f 2518 2519 2475
f 2519 2474 2475
f 2519 2520 2474
f 2474 2521 2478
f 2474 2520 2521
f 2521 2200 2201
f 2479 2521 2201
f 2478 2521 2479
f 2479 2201 2188
f 2202 2480 2190
f 2480 2202 2203
f 2480 2203 2481
f 2481 2203 2204
f 2481 2204 2483
f 2483 2204 2205
f 2483 2205 2485
f 2522 2486 2485
f 2205 2522 2485
f 2206 2522 2205
f 2207 2487 2488
f 2522 2207 2488
f 2206 2207 2522
f 2487 2207 2208
f 2487 2208 2491
f 2491 2208 2209
f 2491 2209 2493
f 2523 2494 2493
f 2209 2523 2493
f 2210 2523 2209
f 2211 2495 2496
f 2523 2211 2496
f 2210 2211 2523
f 2495 2211 2212
f 2495 2212 2499
f 2499 2212 2213
f 2499 2213 2501
f 2525 2524 2215
f 2215 2524 2213
f 2524 2502 2213
f 2502 2501 2213
f 2527 2526 2525
f 2525 2526 2524
f 2529 2528 2527
f 2527 2528 2526
f 2531 2530 2529
f 2529 2530 2528
f 2533 2532 2531
f 2531 2532 2530
f 2218 2219 2533
f 2219 2532 2533
f 2219 2534 2532
f 2220 2503 2504
f 2534 2220 2504
f 2219 2220 2534
f 2503 2220 2221
f 2503 2221 2507
f 2507 2221 2222
f 2507 2222 2509
f 2535 2510 2509
f 2222 2535 2509
f 2223 2535 2222
f 2536 2223 2224
f 2536 2535 2223
f 2537 2224 2225
f 2537 2536 2224
f 2226 2511 2512
f 2537 2226 2512
f 2225 2226 2537
f 2511 2226 2227
f 2511 2227 2515
f 2515 2227 2228
f 2515 2228 2517
f 2517 2228 2229
f 2517 2229 2519
f 2519 2229 2230
f 2519 2230 2520
f 2520 2230 2231
f 2520 2231 2521
f 2521 2231 2200
f 2233 2538 2232
f 2232 2538 2539
f 2540 2232 2539
f 2234 2232 2540
f 2234 2541 2235
f 2540 2541 2234
f 2235 2542 2236
f 2541 2542 2235
f 2236 2543 2237
f 2542 2543 2236
f 2237 2544 2239
f 2543 2544 2237
f 2239 2545 2241
f 2544 2545 2239
f 2545 2547 2546
f 2243 2545 2546
f 2241 2545 2243
f 2243 2546 2548
f 2549 2243 2548
f 2245 2243 2549
f 2245 2550 2246
f 2549 2550 2245
f 2246 2551 2248
f 2550 2551 2246
f 2551 2553 2552
f 2249 2551 2552
f 2248 2551 2249
f 2554 2251 2249
f 2554 2249 2552
f 2251 2554 2555
f 2556 2251 2555
f 2253 2251 2556
f 2253 2557 2255
f 2556 2557 2253
f 2255 2558 2257
f 2557 2558 2255
f 2558 2560 2559
f 2259 2558 2559
f 2257 2558 2259
f 2561 2261 2259
f 2561 2259 2559
f 2562 2263 2261
f 2562 2261 2561
f 2563 2265 2263
f 2563 2263 2562
f 2564 2267 2265
f 2564 2265 2563
f 2565 2269 2267
f 2565 2267 2564
f 2566 2271 2269
f 2566 2269 2565
f 2567 2273 2271
f 2567 2271 2566
f 2568 2275 2273
f 2568 2273 2567
f 2569 2277 2275
f 2569 2275 2568
f 2570 2279 2277
f 2570 2277 2569
f 2571 2280 2279
f 2571 2279 2570
f 2572 2282 2280
f 2572 2280 2571
f 2573 2283 2282
f 2573 2282 2572
f 2573 2285 2283
f 2286 2574 2538
f 2286 2538 2233
f 2539 2538 2575
f 2575 2538 2574
f 2547 2576 2546
f 2546 2576 2548
f 2553 2577 2552
f 2552 2577 2554
f 2554 2577 2578
f 2554 2578 2555
f 2560 2579 2559
f 2559 2579 2561
f 2561 2579 2580
f 2561 2580 2562
f 2562 2580 2581
f 2562 2581 2563
f 2563 2581 2582
f 2584 2583 2582
f 2583 2563 2582
f 2583 2564 2563
f 2586 2565 2585
f 2565 2583 2585
f 2565 2564 2583
f 2565 2586 2566
f 2566 2586 2587
f 2566 2587 2567
f 2567 2587 2588
f 2567 2588 2568
f 2568 2588 2589
f 2568 2589 2569
f 2569 2589 2590
f 2592 2591 2590
f 2591 2569 2590
f 2591 2570 2569
f 2570 2593 2571
f 2570 2591 2593
f 2571 2594 2572
f 2571 2593 2594
f 2572 2595 2573
f 2572 2594 2595
f 2596 2287 2285
f 2573 2596 2285
f 2595 2596 2573
f 2596 2289 2287
f 2290 2597 2574
f 2290 2574 2286
f 2575 2574 2598
f 2598 2574 2597
f 2601 2600 2599
f 2603 2602 2599
f 2599 2602 2601
f 2602 2603 2584
f 2603 2583 2584
f 2603 2604 2583
f 2585 2583 2605
f 2583 2606 2605
f 2583 2604 2606
f 2606 2607 2605
f 2592 2608 2591
f 2610 2609 2608
f 2609 2591 2608
f 2609 2593 2591
f 2593 2611 2594
f 2593 2609 2611
f 2594 2612 2595
f 2594 2611 2612
f 2595 2613 2596
f 2595 2612 2613
f 2614 2291 2289
f 2596 2614 2289
f 2613 2614 2596
f 2614 2292 2291
f 2295 2615 2294
f 2597 2290 2294
f 2615 2597 2294
f 2616 2597 2615
f 2598 2597 2617
f 2617 2597 2616
f 2600 2618 2599
f 2599 2618 2603
f 2603 2618 2619
f 2603 2619 2604
f 2604 2619 2620
f 2604 2620 2606
f 2606 2620 2621
f 2606 2621 2607
f 2610 2622 2609
f 2624 2623 2622
f 2623 2609 2622
f 2623 2611 2609
f 2611 2625 2612
f 2611 2623 2625
f 2612 2626 2613
f 2612 2625 2626
f 2613 2627 2614
f 2613 2626 2627
f 2627 2296 2292
f 2627 2292 2614
f 2297 2628 2615
f 2297 2615 2295
f 2615 2629 2616
f 2615 2628 2629
f 2617 2616 2630
f 2630 2616 2629
f 2624 2631 2623
f 2623 2631 2625
f 2625 2631 2632
f 2634 2633 2632
f 2633 2625 2632
f 2633 2626 2625
f 2626 2635 2627
f 2626 2633 2635
f 2635 2299 2296
f 2635 2296 2627
f 2301 2636 2628
f 2301 2628 2297
f 2638 2629 2637
f 2629 2636 2637
f 2629 2628 2636
f 2629 2638 2630
f 2634 2639 2633
f 2641 2640 2639
f 2640 2633 2639
f 2640 2635 2633
f 2642 2302 2299
f 2635 2642 2299
f 2640 2642 2635
f 2642 2303 2302
f 2304 2643 2636
f 2304 2636 2301
f 2637 2636 2644
f 2644 2636 2643
f 2640 2641 2645
f 2645 2641 2646
f 2640 2647 2642
f 2640 2645 2647
f 2647 2305 2303
f 2647 2303 2642
f 2306 2648 2643
f 2306 2643 2304
f 2644 2643 2649
f 2649 2643 2648
f 2646 2650 2645
f 2652 2651 2650
f 2651 2645 2650
f 2651 2647 2645
f 2651 2307 2305
f 2651 2305 2647
f 2654 2653 2648
f 2306 2654 2648
f 2308 2654 2306
f 2648 2653 2649
f 2651 2652 2655
f 2655 2652 2656
f 2657 2309 2307
f 2651 2657 2307
f 2655 2657 2651
f 2657 2311 2309
f 2314 2658 2313
f 2658 2659 2313
f 2659 2308 2313
f 2659 2654 2308
f 2655 2656 2660
f 2660 2656 2661
f 2655 2662 2657
f 2655 2660 2662
f 2662 2315 2311
f 2662 2311 2657
f 2317 2663 2658
f 2317 2658 2314
f 2659 2658 2664
f 2664 2658 2663
f 2660 2661 2665
f 2665 2661 2666
f 2660 2667 2662
f 2660 2665 2667
f 2667 2318 2315
f 2667 2315 2662
f 2669 2668 2663
f 2317 2669 2663
f 2320 2669 2317
f 2663 2668 2664
f 2665 2666 2670
f 2670 2666 2671
f 2665 2672 2667
f 2665 2670 2672
f 2672 2321 2318
f 2672 2318 2667
f 2674 2673 2323
f 2674 2323 2324
f 2320 2323 2669
f 2669 2323 2673
f 2670 2671 2675
f 2675 2671 2676
f 2670 2677 2672
f 2670 2675 2677
f 2677 2325 2321
f 2677 2321 2672
f 2327 2674 2324
f 2327 2678 2674
f 2675 2676 2679
f 2679 2676 2680
f 2675 2681 2677
f 2675 2679 2681
f 2681 2328 2325
f 2681 2325 2677
f 2330 2678 2327
f 2330 2682 2678
f 2679 2680 2683
f 2683 2680 2684
f 2679 2685 2681
f 2679 2683 2685
f 2685 2333 2328
f 2685 2328 2681
f 2335 2682 2330
f 2335 2686 2682
f 2683 2684 2687
f 2687 2684 2688
f 2687 2337 2338
f 2685 2687 2338
f 2683 2687 2685
f 2685 2338 2333
f 2340 2686 2335
f 2340 2689 2686
f 2692 2691 2690
f 2692 2690 2688
f 2690 2687 2688
f 2690 2693 2687
f 2693 2341 2337
f 2693 2337 2687
f 2343 2689 2340
f 2343 2694 2689
f 2690 2691 2695
f 2695 2691 2696
f 2690 2697 2693
f 2690 2695 2697
f 2697 2344 2341
f 2697 2341 2693
f 2699 2698 2346
f 2699 2346 2347
f 2346 2700 2349
f 2698 2700 2346
f 2343 2349 2694
f 2694 2349 2700
f 2703 2702 2701
f 2703 2701 2696
f 2701 2695 2696
f 2701 2704 2695
f 2695 2705 2697
f 2695 2704 2705
f 2705 2350 2344
f 2705 2344 2697
f 2352 2699 2347
f 2352 2706 2699
f 2702 2707 2701
f 2709 2708 2707
f 2708 2701 2707
f 2708 2704 2701
f 2704 2710 2705
f 2704 2708 2710
f 2710 2354 2350
f 2710 2350 2705
f 2356 2706 2352
f 2356 2711 2706
f 2713 2712 2358
f 2358 2712 2357
f 2358 2359 2713
f 2713 2359 2714
f 2717 2716 2715
f 2717 2715 2709
f 2715 2708 2709
f 2715 2718 2708
f 2708 2719 2710
f 2708 2718 2719
f 2719 2361 2354
f 2719 2354 2710
f 2363 2711 2356
f 2363 2720 2711
f 2712 2364 2357
f 2721 2364 2712
f 2365 2714 2359
f 2365 2722 2714
f 2716 2723 2715
f 2725 2724 2723
f 2724 2715 2723
f 2724 2718 2715
f 2718 2726 2719
f 2718 2724 2726
f 2726 2367 2361
f 2726 2361 2719
f 2729 2728 2727
f 2727 2728 2730
f 2368 2731 2363
f 2720 2363 2731
f 2368 2364 2721
f 2368 2721 2731
f 2369 2722 2365
f 2369 2732 2722
f 2724 2725 2733
f 2733 2725 2734
f 2724 2735 2726
f 2724 2733 2735
f 2735 2370 2367
f 2735 2367 2726
f 2729 2727 2736
f 2729 2736 2737
f 2727 2730 2738
f 2727 2738 2736
f 2371 2732 2369
f 2371 2739 2732
f 2733 2734 2740
f 2740 2734 2741
f 2733 2742 2735
f 2733 2740 2742
f 2743 2372 2370
f 2735 2743 2370
f 2742 2743 2735
f 2743 2373 2372
f 2737 2736 2374
f 2375 2737 2374
f 2744 2737 2375
f 2738 2745 2736
f 2745 2374 2736
f 2745 2377 2374
f 2745 2747 2746
f 2379 2745 2746
f 2377 2745 2379
f 2739 2371 2748
f 2371 2746 2748
f 2746 2749 2748
f 2371 2379 2746
f 2749 2750 2748
f 2740 2741 2751
f 2751 2741 2752
f 2740 2753 2742
f 2740 2751 2753
f 2742 2754 2743
f 2742 2753 2754
f 2754 2381 2373
f 2754 2373 2743
f 2382 2744 2375
f 2382 2755 2744
f 2746 2747 2756
f 2756 2747 2757
f 2746 2758 2749
f 2746 2756 2758
f 2750 2749 2759
f 2759 2749 2758
f 2752 2760 2751
f 2762 2761 2760
f 2761 2751 2760
f 2761 2753 2751
f 2753 2763 2754
f 2753 2761 2763
f 2764 2386 2381
f 2754 2764 2381
f 2763 2764 2754
f 2764 2387 2386
f 2388 2755 2382
f 2388 2765 2755
f 2756 2757 2389
f 2757 2390 2389
f 2757 2766 2390
f 2756 2389 2391
f 2756 2391 2758
f 2768 2767 2392
f 2392 2767 2391
f 2767 2759 2391
f 2759 2758 2391
f 2768 2769 2767
f 2762 2770 2761
f 2772 2771 2770
f 2771 2761 2770
f 2771 2763 2761
f 2763 2773 2764
f 2763 2771 2773
f 2773 2393 2387
f 2773 2387 2764
f 2394 2765 2388
f 2394 2774 2765
f 2395 2390 2775
f 2390 2776 2775
f 2390 2766 2776
f 2777 2398 2395
f 2777 2395 2775
f 2768 2392 2398
f 2777 2768 2398
f 2778 2768 2777
f 2769 2768 2779
f 2779 2768 2778
f 2771 2772 2780
f 2780 2772 2781
f 2780 2399 2400
f 2773 2780 2400
f 2771 2780 2773
f 2773 2400 2393
f 2402 2774 2394
f 2402 2782 2774
f 2775 2776 2405
f 2776 2404 2405
f 2776 2783 2404
f 2775 2405 2406
f 2784 2775 2406
f 2777 2775 2784
f 2786 2778 2785
f 2778 2784 2785
f 2778 2777 2784
f 2778 2786 2779
f 2780 2781 2787
f 2787 2781 2788
f 2787 2408 2399
f 2787 2399 2780
f 2402 2409 2789
f 2790 2402 2789
f 2782 2402 2790
f 2410 2789 2409
f 2412 2404 2791
f 2404 2792 2791
f 2404 2783 2792
f 2791 2793 2412
f 2412 2793 2406
f 2793 2794 2406
f 2794 2784 2406
f 2784 2794 2785
f 2787 2788 2795
f 2795 2788 2796
f 2795 2415 2408
f 2795 2408 2787
f 2797 2790 2789
f 2789 2410 2797
f 2410 2798 2797
f 2410 2417 2798
f 2792 2799 2791
f 2791 2799 2793
f 2802 2801 2800
f 2802 2800 2796
f 2796 2800 2795
f 2800 2420 2795
f 2420 2421 2795
f 2795 2421 2415
f 2803 2798 2417
f 2803 2417 2422
f 2805 2804 2423
f 2804 2422 2423
f 2804 2803 2422
f 2805 2806 2804
f 2800 2801 2807
f 2807 2801 2808
f 2807 2426 2420
f 2807 2420 2800
f 2428 2809 2805
f 2428 2805 2423
f 2806 2805 2810
f 2810 2805 2809
f 2807 2808 2811
f 2811 2808 2812
f 2811 2430 2426
f 2811 2426 2807
f 2432 2813 2809
f 2432 2809 2428
f 2810 2809 2814
f 2809 2815 2814
f 2809 2813 2815
f 2815 2816 2814
f 2819 2818 2817
f 2819 2817 2812
f 2817 2811 2812
f 2817 2820 2811
f 2820 2433 2430
f 2820 2430 2811
f 2434 2813 2432
f 2813 2434 2435
f 2821 2813 2435
f 2815 2813 2821
f 2816 2815 2822
f 2815 2823 2822
f 2815 2821 2823
f 2823 2824 2822
f 2817 2818 2825
f 2825 2818 2826
f 2817 2827 2820
f 2817 2825 2827
f 2827 2436 2433
f 2827 2433 2820
f 2437 2828 2821
f 2437 2821 2435
f 2821 2829 2823
f 2821 2828 2829
f 2824 2823 2830
f 2830 2823 2829
f 2825 2826 2831
f 2831 2826 2832
f 2825 2833 2827
f 2825 2831 2833
f 2833 2439 2436
f 2833 2436 2827
f 2440 2834 2828
f 2440 2828 2437
f 2828 2835 2829
f 2828 2834 2835
f 2830 2829 2836
f 2836 2829 2835
f 2831 2832 2837
f 2837 2832 2838
f 2831 2839 2833
f 2831 2837 2839
f 2839 2442 2439
f 2839 2439 2833
f 2443 2840 2834
f 2443 2834 2440
f 2834 2841 2835
f 2834 2840 2841
f 2836 2835 2842
f 2842 2835 2841
f 2837 2838 2843
f 2843 2838 2844
f 2837 2845 2839
f 2837 2843 2845
f 2845 2444 2442
f 2845 2442 2839
f 2445 2840 2443
f 2840 2445 2447
f 2846 2840 2447
f 2841 2840 2846
f 2842 2841 2847
f 2841 2848 2847
f 2841 2846 2848
f 2850 2849 2848
f 2848 2849 2847
f 2850 2851 2849
f 2843 2844 2852
f 2852 2844 2853
f 2843 2854 2845
f 2843 2852 2854
f 2854 2448 2444
f 2854 2444 2845
f 2449 2855 2846
f 2449 2846 2447
f 2846 2856 2848
f 2846 2855 2856
f 2848 2857 2850
f 2848 2856 2857
f 2851 2850 2858
f 2858 2850 2857
f 2852 2853 2859
f 2859 2853 2860
f 2852 2861 2854
f 2852 2859 2861
f 2861 2450 2448
f 2861 2448 2854
f 2451 2855 2449
f 2855 2451 2452
f 2862 2855 2452
f 2856 2855 2862
f 2856 2863 2857
f 2856 2862 2863
f 2858 2857 2864
f 2857 2865 2864
f 2857 2863 2865
f 2867 2866 2865
f 2865 2866 2864
f 2867 2868 2866
f 2871 2870 2869
f 2871 2869 2860
f 2869 2859 2860
f 2869 2872 2859
f 2872 2453 2454
f 2861 2872 2454
f 2859 2872 2861
f 2861 2454 2450
f 2455 2873 2862
f 2455 2862 2452
f 2862 2874 2863
f 2862 2873 2874
f 2863 2875 2865
f 2863 2874 2875
f 2865 2876 2867
f 2865 2875 2876
f 2868 2867 2877
f 2877 2867 2876
f 2880 2879 2878
f 2878 2881 2880
f 2884 2883 2882
f 2884 2882 2870
f 2882 2869 2870
f 2882 2885 2869
f 2869 2886 2872
f 2869 2885 2886
f 2886 2456 2453
f 2886 2453 2872
f 2457 2873 2455
f 2873 2457 2459
f 2887 2873 2459
f 2874 2873 2887
f 2874 2888 2875
f 2874 2887 2888
f 2875 2889 2876
f 2875 2888 2889
f 2877 2876 2890
f 2876 2891 2890
f 2876 2889 2891
f 2891 2892 2890
f 2895 2894 2893
f 2897 2896 2893
f 2893 2896 2895
f 2897 2898 2896
f 2901 2900 2899
f 2899 2902 2901
f 2905 2904 2903
f 2907 2906 2903
f 2903 2906 2905
f 2909 2908 2907
f 2907 2908 2906
f 2911 2910 2909
f 2909 2910 2908
f 2910 2911 2879
f 2911 2878 2879
f 2911 2912 2878
f 2881 2878 2913
f 2878 2914 2913
f 2878 2912 2914
f 2914 2915 2913
f 2918 2917 2916
f 2920 2919 2916
f 2916 2919 2918
f 2922 2921 2920
f 2920 2921 2919
f 2924 2923 2922
f 2922 2923 2921
f 2923 2924 2883
f 2924 2882 2883
f 2924 2925 2882
f 2882 2926 2885
f 2882 2925 2926
f 2926 2461 2462
f 2886 2926 2462
f 2885 2926 2886
f 2886 2462 2456
f 2464 2927 2887
f 2464 2887 2459
f 2887 2928 2888
f 2887 2927 2928
f 2888 2929 2889
f 2888 2928 2929
f 2889 2930 2891
f 2889 2929 2930
f 2892 2891 2931
f 2891 2932 2931
f 2891 2930 2932
f 2934 2933 2932
f 2932 2933 2931
f 2936 2935 2934
f 2934 2935 2933
f 2938 2937 2936
f 2936 2937 2935
f 2940 2939 2938
f 2938 2939 2937
f 2942 2941 2940
f 2940 2941 2939
f 2944 2943 2942
f 2942 2943 2941
f 2943 2944 2894
f 2944 2893 2894
f 2944 2945 2893
f 2893 2946 2897
f 2893 2945 2946
f 2898 2897 2947
f 2897 2948 2947
f 2897 2946 2948
f 2947 2948 2900
f 2948 2899 2900
f 2948 2949 2899
f 2902 2899 2950
f 2899 2951 2950
f 2899 2949 2951
f 2953 2952 2951
f 2951 2952 2950
f 2952 2953 2904
f 2953 2903 2904
f 2953 2954 2903
f 2903 2955 2907
f 2903 2954 2955
f 2907 2956 2909
f 2907 2955 2956
f 2909 2957 2911
f 2909 2956 2957
f 2911 2958 2912
f 2911 2957 2958
f 2912 2959 2914
f 2912 2958 2959
f 2915 2914 2960
f 2914 2961 2960
f 2914 2959 2961
f 2963 2962 2961
f 2961 2962 2960
f 2962 2963 2917
f 2963 2916 2917
f 2963 2964 2916
f 2916 2965 2920
f 2916 2964 2965
f 2920 2966 2922
f 2920 2965 2966
f 2922 2967 2924
f 2922 2966 2967
f 2924 2968 2925
f 2924 2967 2968
f 2968 2466 2467
f 2926 2968 2467
f 2925 2968 2926
f 2926 2467 2461
f 2469 2927 2464
f 2927 2469 2471
f 2927 2471 2928
f 2928 2471 2473
f 2969 2928 2473
f 2929 2928 2969
f 2929 2970 2930
f 2929 2969 2970
f 2930 2971 2932
f 2930 2970 2971
f 2932 2972 2934
f 2932 2971 2972
f 2934 2973 2936
f 2934 2972 2973
f 2936 2974 2938
f 2936 2973 2974
f 2938 2975 2940
f 2938 2974 2975
f 2940 2976 2942
f 2940 2975 2976
f 2942 2977 2944
f 2942 2976 2977
f 2944 2978 2945
f 2944 2977 2978
f 2945 2979 2946
f 2945 2978 2979
f 2946 2980 2948
f 2946 2979 2980
f 2948 2981 2949
f 2948 2980 2981
f 2949 2982 2951
f 2949 2981 2982
f 2951 2983 2953
f 2951 2982 2983
f 2953 2984 2954
f 2953 2983 2984
f 2954 2985 2955
f 2954 2984 2985
f 2955 2986 2956
f 2955 2985 2986
f 2956 2987 2957
f 2956 2986 2987
f 2957 2988 2958
f 2957 2987 2988
f 2958 2989 2959
f 2958 2988 2989
f 2959 2990 2961
f 2959 2989 2990
f 2961 2991 2963
f 2961 2990 2991
f 2963 2992 2964
f 2963 2991 2992
f 2964 2993 2965
f 2964 2992 2993
f 2965 2994 2966
f 2965 2993 2994
f 2994 2475 2476
f 2967 2994 2476
f 2966 2994 2967
f 2967 2476 2477
f 2967 2477 2968
f 2968 2477 2466
f 2482 2969 2473
f 2969 2482 2484
f 2969 2484 2970
f 2970 2484 2486
f 2995 2970 2486
f 2971 2970 2995
f 2995 2488 2489
f 2972 2995 2489
f 2971 2995 2972
f 2972 2489 2490
f 2972 2490 2973
f 2973 2490 2492
f 2973 2492 2974
f 2974 2492 2494
f 2996 2974 2494
f 2975 2974 2996
f 2996 2496 2497
f 2976 2996 2497
f 2975 2996 2976
f 2976 2497 2498
f 2976 2498 2977
f 2977 2498 2500
f 2977 2500 2978
f 2978 2500 2502
f 2997 2978 2502
f 2979 2978 2997
f 2979 2998 2980
f 2979 2997 2998
f 2980 2999 2981
f 2980 2998 2999
f 2981 3000 2982
f 2981 2999 3000
f 2982 3001 2983
f 2982 3000 3001
f 2983 3002 2984
f 2983 3001 3002
f 3002 2504 2505
f 2985 3002 2505
f 2984 3002 2985
f 2985 2505 2506
f 2985 2506 2986
f 2986 2506 2508
f 2986 2508 2987
f 2987 2508 2510
f 3003 2987 2510
f 2988 2987 3003
f 2988 3004 2989
f 2988 3003 3004
f 2989 3005 2990
f 2989 3004 3005
f 3005 2512 2513
f 2991 3005 2513
f 2990 3005 2991
f 2991 2513 2514
f 2991 2514 2992
f 2992 2514 2516
f 2992 2516 2993
f 2993 2516 2518
f 2993 2518 2994
f 2994 2518 2475
f 2522 2995 2486
f 2995 2522 2488
f 2523 2996 2494
f 2996 2523 2496
f 2524 2997 2502
f 2997 2524 2526
f 2997 2526 2998
f 2998 2526 2528
f 2998 2528 2999
f 2999 2528 2530
f 2999 2530 3000
f 3000 2530 2532
f 3000 2532 3001
f 3001 2532 2534
f 3001 2534 3002
f 3002 2534 2504
f 2535 3003 2510
f 3003 2535 2536
f 3003 2536 3004
f 3004 2536 2537
f 3004 2537 3005
f 3005 2537 2512
f 2539 3006 2540
f 3007 2541 2540
f 3007 2540 3006
f 3008 2542 2541
f 3008 2541 3007
f 3009 2543 2542
f 3009 2542 3008
f 3010 2544 2543
f 3010 2543 3009
f 3011 2545 2544
f 3011 2544 3010
f 3011 2547 2545
f 2548 3012 2549
f 3013 2550 2549
f 3013 2549 3012
f 3014 2551 2550
f 3014 2550 3013
f 3014 2553 2551
f 2555 3015 2556
f 3016 2557 2556
f 3016 2556 3015
f 3017 2558 2557
f 3017 2557 3016
f 3017 2560 2558
f 2575 3018 3006
f 2575 3006 2539
f 3006 3019 3007
f 3006 3018 3019
f 3007 3020 3008
f 3007 3019 3020
f 3008 3021 3009
f 3008 3020 3021
f 3009 3022 3010
f 3009 3021 3022
f 3010 3023 3011
f 3010 3022 3023
f 3024 2576 2547
f 3011 3024 2547
f 3023 3024 3011
f 3012 2548 2576
f 3024 3012 2576
f 3025 3012 3024
f 3012 3026 3013
f 3012 3025 3026
f 3013 3027 3014
f 3013 3026 3027
f 3028 2577 2553
f 3014 3028 2553
f 3027 3028 3014
f 3029 2578 2577
f 3029 2577 3028
f 3015 2555 2578
f 3029 3015 2578
f 3030 3015 3029
f 3015 3031 3016
f 3015 3030 3031
f 3016 3032 3017
f 3016 3031 3032
f 3033 2579 2560
f 3017 3033 2560
f 3032 3033 3017
f 3034 2580 2579
f 3034 2579 3033
f 3035 2581 2580
f 3035 2580 3034
f 3036 2582 2581
f 3036 2581 3035
f 3036 2584 2582
f 2585 3037 2586
f 3038 2587 2586
f 3038 2586 3037
f 3039 2588 2587
f 3039 2587 3038
f 3040 2589 2588
f 3040 2588 3039
f 3041 2590 2589
f 3041 2589 3040
f 3041 2592 2590
f 2598 3042 3018
f 2598 3018 2575
f 3018 3043 3019
f 3018 3042 3043
f 3045 3020 3044
f 3020 3043 3044
f 3020 3019 3043
f 3047 3046 3045
f 3046 3020 3045
f 3046 3021 3020
f 3021 3048 3022
f 3021 3046 3048
f 3022 3049 3023
f 3022 3048 3049
f 3023 3050 3024
f 3023 3049 3050
f 3024 3051 3025
f 3024 3050 3051
f 3025 3052 3026
f 3025 3051 3052
f 3026 3053 3027
f 3026 3052 3053
f 3027 3054 3028
f 3027 3053 3054
f 3028 3055 3029
f 3028 3054 3055
f 3029 3056 3030
f 3029 3055 3056
f 3030 3057 3031
f 3030 3056 3057
f 3031 3058 3032
f 3031 3057 3058
f 3032 3059 3033
f 3032 3058 3059
f 3033 3060 3034
f 3033 3059 3060
f 3060 2600 2601
f 3035 3060 2601
f 3034 3060 3035
f 3035 2601 2602
f 3035 2602 3036
f 3036 2602 2584
f 2605 3037 2585
f 3037 2605 2607
f 3061 3037 2607
f 3038 3037 3061
f 3038 3062 3039
f 3038 3061 3062
f 3039 3063 3040
f 3039 3062 3063
f 3040 3064 3041
f 3040 3063 3064
f 3065 2608 2592
f 3041 3065 2592
f 3064 3065 3041
f 3065 2610 2608
f 2617 3066 3042
f 2617 3042 2598
f 3068 3043 3067
f 3043 3066 3067
f 3043 3042 3066
f 3043 3068 3044
f 3047 3069 3046
f 3046 3069 3048
f 3048 3069 3070
f 3048 3070 3049
f 3049 3070 3071
f 3049 3071 3050
f 3050 3071 3072
f 3050 3072 3051
f 3051 3072 3073
f 3051 3073 3052
f 3052 3073 3074
f 3052 3074 3053
f 3053 3074 3075
f 3053 3075 3054
f 3054 3075 3076
f 3054 3076 3055
f 3055 3076 3077
f 3055 3077 3056
f 3056 3077 3078
f 3056 3078 3057
f 3057 3078 3079
f 3057 3079 3058
f 3058 3079 3080
f 3058 3080 3059
f 3059 3080 3081
f 3059 3081 3060
f 3060 3081 3082
f 3082 3084 3083
f 3082 3083 2618
f 3060 3082 2618
f 2600 3060 2618
f 3085 2619 2618
f 3085 2618 3083
f 3086 2620 2619
f 3086 2619 3085
f 2620 3086 3087
f 3088 2620 3087
f 2621 2620 3088
f 2607 2621 3061
f 2621 3089 3061
f 2621 3088 3089
f 3061 3089 3062
f 3062 3089 3090
f 3062 3090 3063
f 3063 3090 3091
f 3063 3091 3064
f 3064 3091 3092
f 3094 3093 3092
f 3093 3064 3092
f 3093 3065 3064
f 3095 2622 2610
f 3065 3095 2610
f 3093 3095 3065
f 3095 2624 2622
f 2630 3096 3066
f 2630 3066 2617
f 3067 3066 3097
f 3097 3066 3096
f 3084 3098 3083
f 3083 3098 3085
f 3085 3098 3099
f 3085 3099 3086
f 3086 3099 3100
f 3086 3100 3087
f 3094 3101 3093
f 3103 3102 3101
f 3102 3093 3101
f 3102 3095 3093
f 3104 2631 2624
f 3095 3104 2624
f 3102 3104 3095
f 3105 2632 2631
f 3105 2631 3104
f 3105 2634 2632
f 2637 3106 2638
f 3096 2630 2638
f 3106 3096 2638
f 3107 3096 3106
f 3097 3096 3108
f 3108 3096 3107
f 3103 3109 3102
f 3111 3110 3109
f 3110 3102 3109
f 3110 3104 3102
f 3104 3112 3105
f 3104 3110 3112
f 3113 2639 2634
f 3105 3113 2634
f 3112 3113 3105
f 3113 2641 2639
f 2644 3114 3106
f 2644 3106 2637
f 3106 3115 3107
f 3106 3114 3115
f 3108 3107 3116
f 3116 3107 3115
f 3111 3117 3110
f 3119 3118 3117
f 3118 3110 3117
f 3118 3112 3110
f 3112 3120 3113
f 3112 3118 3120
f 3120 2646 2641
f 3120 2641 3113
f 2649 3121 3114
f 2649 3114 2644
f 3114 3122 3115
f 3114 3121 3122
f 3116 3115 3123
f 3123 3115 3122
f 3118 3119 3124
f 3124 3119 3125
f 3118 3126 3120
f 3118 3124 3126
f 3127 2650 2646
f 3120 3127 2646
f 3126 3127 3120
f 3127 2652 2650
f 2654 3128 2653
f 3121 2649 2653
f 3128 3121 2653
f 3129 3121 3128
f 3121 3130 3122
f 3121 3129 3130
f 3123 3122 3131
f 3131 3122 3130
f 3124 3125 3132
f 3132 3125 3133
f 3124 3134 3126
f 3124 3132 3134
f 3126 3135 3127
f 3126 3134 3135
f 3135 2656 2652
f 3135 2652 3127
f 2659 3136 3128
f 2659 3128 2654
f 3128 3137 3129
f 3128 3136 3137
f 3129 3138 3130
f 3129 3137 3138
f 3131 3130 3139
f 3139 3130 3138
f 3132 3133 3140
f 3140 3133 3141
f 3132 3142 3134
f 3132 3140 3142
f 3134 3143 3135
f 3134 3142 3143
f 3143 2661 2656
f 3143 2656 3135
f 2664 3144 3136
f 2664 3136 2659
f 3136 3145 3137
f 3136 3144 3145
f 3137 3146 3138
f 3137 3145 3146
f 3139 3138 3147
f 3147 3138 3146
f 3140 3141 3148
f 3148 3141 3149
f 3140 3150 3142
f 3140 3148 3150
f 3142 3151 3143
f 3142 3150 3151
f 3151 2666 2661
f 3151 2661 3143
f 2669 3152 2668
f 3144 2664 2668
f 3152 3144 2668
f 3153 3144 3152
f 3144 3154 3145
f 3144 3153 3154
f 3156 3146 3155
f 3146 3154 3155
f 3146 3145 3154
f 3146 3156 3147
f 3148 3149 3157
f 3157 3149 3158
f 3148 3159 3150
f 3148 3157 3159
f 3150 3160 3151
f 3150 3159 3160
f 3160 2671 2666
f 3160 2666 3151
f 2674 3161 2673
f 3152 2669 2673
f 3161 3152 2673
f 3162 3152 3161
f 3164 3153 3163
f 3153 3162 3163
f 3153 3152 3162
f 3153 3164 3154
f 3154 3164 3165
f 3154 3165 3155
f 3168 3167 3166
f 3168 3166 3158
f 3166 3157 3158
f 3166 3169 3157
f 3157 3170 3159
f 3157 3169 3170
f 3159 3171 3160
f 3159 3170 3171
f 3171 2676 2671
f 3171 2671 3160
f 2678 3172 3161
f 2678 3161 2674
f 3161 3173 3162
f 3161 3172 3173
f 3163 3162 3174
f 3162 3175 3174
f 3162 3173 3175
f 3175 3176 3174
f 3179 3178 3177
f 3177 3180 3179
f 3167 3181 3166
f 3183 3182 3181
f 3182 3166 3181
f 3182 3169 3166
f 3169 3184 3170
f 3169 3182 3184
f 3170 3185 3171
f 3170 3184 3185
f 3185 2680 2676
f 3185 2676 3171
f 2682 3186 3172
f 2682 3172 2678
f 3172 3187 3173
f 3172 3186 3187
f 3189 3175 3188
f 3175 3187 3188
f 3175 3173 3187
f 3175 3189 3176
f 3177 3178 3190
f 3190 3178 3191
f 3180 3177 3192
f 3192 3177 3190
f 3195 3194 3193
f 3195 3193 3183
f 3193 3182 3183
f 3193 3196 3182
f 3182 3197 3184
f 3182 3196 3197
f 3184 3198 3185
f 3184 3197 3198
f 3198 2684 2680
f 3198 2680 3185
f 2686 3199 3186
f 2686 3186 2682
f 3201 3187 3200
f 3187 3199 3200
f 3187 3186 3199
f 3187 3201 3188
f 3204 3203 3202
f 3204 3202 3191
f 3202 3190 3191
f 3202 3205 3190
f 3192 3190 3206
f 3206 3190 3205
f 3193 3194 3207
f 3207 3194 3208
f 3193 3209 3196
f 3193 3207 3209
f 3196 3210 3197
f 3196 3209 3210
f 3197 3211 3198
f 3197 3210 3211
f 3211 2688 2684
f 3211 2684 3198
f 2689 3212 3199
f 2689 3199 2686
f 3200 3199 3213
f 3213 3199 3212
f 3202 3203 3214
f 3214 3203 3215
f 3217 3205 3216
f 3205 3214 3216
f 3205 3202 3214
f 3205 3217 3206
f 3207 3208 3218
f 3218 3208 3219
f 3207 3220 3209
f 3207 3218 3220
f 3209 3221 3210
f 3209 3220 3221
f 3221 2691 2692
f 3211 3221 2692
f 3210 3221 3211
f 3211 2692 2688
f 2694 3222 3212
f 2694 3212 2689
f 3213 3212 3223
f 3223 3212 3222
f 3215 3224 3214
f 3214 3224 3216
f 3218 3219 3225
f 3225 3219 3226
f 3218 3227 3220
f 3218 3225 3227
f 3220 3228 3221
f 3220 3227 3228
f 3228 2696 2691
f 3228 2691 3221
f 2699 3229 2698
f 3230 2700 2698
f 3230 2698 3229
f 3222 2694 2700
f 3230 3222 2700
f 3231 3222 3230
f 3223 3222 3232
f 3232 3222 3231
f 3225 3226 3233
f 3233 3226 3234
f 3225 3235 3227
f 3225 3233 3235
f 3235 2702 2703
f 3228 3235 2703
f 3227 3235 3228
f 3228 2703 2696
f 3237 3236 3229
f 2699 3237 3229
f 2706 3237 2699
f 3239 3238 3236
f 3238 3229 3236
f 3238 3230 3229
f 3241 3231 3240
f 3231 3238 3240
f 3231 3230 3238
f 3231 3241 3232
f 3233 3234 3242
f 3242 3234 3243
f 3233 3244 3235
f 3233 3242 3244
f 3245 2707 2702
f 3235 3245 2702
f 3244 3245 3235
f 3245 2709 2707
f 3248 3247 3246
f 3247 3237 3246
f 3237 2711 3246
f 3237 2706 2711
f 3249 2712 2713
f 3239 3250 3238
f 3250 3240 3238
f 2714 3249 2713
f 3242 3243 3251
f 3251 3243 3252
f 3242 3253 3244
f 3242 3251 3253
f 3253 2716 2717
f 3245 3253 2717
f 3244 3253 3245
f 3245 2717 2709
f 3248 3246 3254
f 3248 3254 3255
f 2720 3254 2711
f 2711 3254 3246
f 3256 2721 3249
f 3249 2721 2712
f 2722 3256 2714
f 2714 3256 3249
f 3251 3252 3257
f 3257 3252 3258
f 3251 3259 3253
f 3251 3257 3259
f 3260 2723 2716
f 3253 3260 2716
f 3259 3260 3253
f 3260 2725 2723
f 3263 3262 3261
f 3261 3262 3255
f 3261 3255 3254
f 2729 3261 3254
f 2728 2729 3254
f 2730 2728 3264
f 2728 3254 3264
f 2720 2731 3264
f 2720 3264 3254
f 3265 3264 2731
f 3265 2731 2721
f 3266 3265 2721
f 3256 3266 2721
f 2722 2732 3256
f 2732 3267 3256
f 3267 3266 3256
f 3267 2732 3268
f 3270 3269 3268
f 3268 3269 3267
f 3270 3271 3269
f 3257 3258 3272
f 3272 3258 3273
f 3257 3274 3259
f 3257 3272 3274
f 3259 3275 3260
f 3259 3274 3275
f 3275 2734 2725
f 3275 2725 3260
f 3276 3263 3261
f 3261 2729 3276
f 2729 3277 3276
f 2729 2737 3277
f 3278 2738 3264
f 3264 2738 2730
f 3264 3265 3279
f 3264 3279 3278
f 2739 3280 3268
f 2739 3268 2732
f 3268 3281 3270
f 3268 3280 3281
f 3271 3270 3282
f 3282 3270 3281
f 3272 3273 3283
f 3283 3273 3284
f 3272 3285 3274
f 3272 3283 3285
f 3274 3286 3275
f 3274 3285 3286
f 3286 2741 2734
f 3286 2734 3275
f 3289 3288 3287
f 3288 3277 3287
f 3277 2744 3287
f 3277 2737 2744
f 3278 2745 2738
f 3291 3290 2747
f 3291 2747 2745
f 3279 3291 2745
f 3278 3279 2745
f 2739 2748 3280
f 3290 3291 3292
f 3280 2748 2750
f 3293 3280 2750
f 3281 3280 3293
f 3282 3281 3294
f 3294 3281 3293
f 3283 3284 3295
f 3295 3284 3296
f 3283 3297 3285
f 3283 3295 3297
f 3285 3298 3286
f 3285 3297 3298
f 3298 2752 2741
f 3298 2741 3286
f 3289 3287 3299
f 3289 3299 3300
f 2755 3299 2744
f 2744 3299 3287
f 3302 3301 3290
f 3301 2747 3290
f 3301 2757 2747
f 3302 3290 3292
f 2759 3303 3293
f 2759 3293 2750
f 3294 3293 3304
f 3304 3293 3303
f 3295 3296 3305
f 3305 3296 3306
f 3295 3307 3297
f 3295 3305 3307
f 3297 3308 3298
f 3297 3307 3308
f 3309 2760 2752
f 3298 3309 2752
f 3308 3309 3298
f 3309 2762 2760
f 3310 3300 3299
f 3299 2755 3310
f 2755 3311 3310
f 2755 2765 3311
f 3301 2766 2757
f 3312 2766 3301
f 2767 3303 2759
f 3314 3313 2769
f 2769 3313 2767
f 3313 3304 2767
f 3304 3303 2767
f 3314 3315 3313
f 3305 3306 3316
f 3316 3306 3317
f 3305 3318 3307
f 3305 3316 3318
f 3307 3319 3308
f 3307 3318 3319
f 3308 3320 3309
f 3308 3319 3320
f 3321 2770 2762
f 3309 3321 2762
f 3320 3321 3309
f 3321 2772 2770
f 3324 3323 3322
f 3323 3311 3322
f 3311 2774 3322
f 3311 2765 2774
f 3312 2776 2766
f 3325 2776 3312
f 2779 3326 3314
f 2779 3314 2769
f 3315 3314 3327
f 3314 3328 3327
f 3314 3326 3328
f 3330 3329 3328
f 3328 3329 3327
f 3330 3331 3329
f 3317 3332 3316
f 3334 3333 3332
f 3333 3316 3332
f 3333 3318 3316
f 3318 3335 3319
f 3318 3333 3335
f 3319 3336 3320
f 3319 3335 3336
f 3320 3337 3321
f 3320 3336 3337
f 3337 2781 2772
f 3337 2772 3321
f 3338 3324 3322
f 3322 2774 3338
f 2774 3339 3338
f 2774 2782 3339
f 3325 2783 2776
f 3340 2783 3325
f 2785 3341 2786
f 3326 2779 2786
f 3341 3326 2786
f 3342 3326 3341
f 3326 3343 3328
f 3326 3342 3343
f 3328 3344 3330
f 3328 3343 3344
f 3331 3330 3345
f 3345 3330 3344
f 3333 3334 3346
f 3346 3334 3347
f 3333 3348 3335
f 3333 3346 3348
f 3335 3349 3336
f 3335 3348 3349
f 3336 3350 3337
f 3336 3349 3350
f 3350 2788 2781
f 3350 2781 3337
f 2790 3339 2782
f 2790 3351 3339
f 3340 2792 2783
f 3352 2792 3340
f 2793 3353 2794
f 3341 2785 2794
f 3353 3341 2794
f 3354 3341 3353
f 3341 3355 3342
f 3341 3354 3355
f 3342 3356 3343
f 3342 3355 3356
f 3343 3357 3344
f 3343 3356 3357
f 3345 3344 3358
f 3358 3344 3357
f 3346 3347 3359
f 3359 3347 3360
f 3346 3361 3348
f 3346 3359 3361
f 3348 3362 3349
f 3348 3361 3362
f 3349 3363 3350
f 3349 3362 3363
f 3363 2796 2788
f 3363 2788 3350
f 3364 3351 2790
f 3364 2790 2797
f 3366 3365 2798
f 3365 2797 2798
f 3365 3364 2797
f 3366 3367 2799
f 3352 3366 2799
f 2792 3352 2799
f 3366 3352 3365
f 3353 2793 2799
f 3367 3353 2799
f 3368 3353 3367
f 3353 3369 3354
f 3353 3368 3369
f 3354 3370 3355
f 3354 3369 3370
f 3355 3371 3356
f 3355 3370 3371
f 3356 3372 3357
f 3356 3371 3372
f 3358 3357 3373
f 3357 3374 3373
f 3357 3372 3374
f 3374 3375 3373
f 3359 3360 3376
f 3376 3360 3377
f 3359 3378 3361
f 3359 3376 3378
f 3361 3379 3362
f 3361 3378 3379
f 3379 2801 2802
f 3363 3379 2802
f 3362 3379 3363
f 3363 2802 2796
f 2803 3366 2798
f 3366 2803 2804
f 3366 2804 3367
f 3367 2804 2806
f 3380 3367 2806
f 3368 3367 3380
f 3368 3381 3369
f 3368 3380 3381
f 3369 3382 3370
f 3369 3381 3382
f 3370 3383 3371
f 3370 3382 3383
f 3371 3384 3372
f 3371 3383 3384
f 3372 3385 3374
f 3372 3384 3385
f 3375 3374 3386
f 3386 3374 3385
f 3376 3377 3387
f 3387 3377 3388
f 3376 3389 3378
f 3376 3387 3389
f 3378 3390 3379
f 3378 3389 3390
f 3390 2808 2801
f 3390 2801 3379
f 2810 3391 3380
f 2810 3380 2806
f 3380 3392 3381
f 3380 3391 3392
f 3381 3393 3382
f 3381 3392 3393
f 3382 3394 3383
f 3382 3393 3394
f 3383 3395 3384
f 3383 3394 3395
f 3384 3396 3385
f 3384 3395 3396
f 3386 3385 3397
f 3397 3385 3396
f 3387 3388 3398
f 3398 3388 3399
f 3387 3400 3389
f 3387 3398 3400
f 3389 3401 3390
f 3389 3400 3401
f 3401 2812 2808
f 3401 2808 3390
f 2814 3391 2810
f 3391 2814 2816
f 3402 3391 2816
f 3392 3391 3402
f 3392 3403 3393
f 3392 3402 3403
f 3393 3404 3394
f 3393 3403 3404
f 3394 3405 3395
f 3394 3404 3405
f 3395 3406 3396
f 3395 3405 3406
f 3397 3396 3407
f 3396 3408 3407
f 3396 3406 3408
f 3408 3409 3407
f 3412 3411 3410
f 3412 3410 3399
f 3410 3398 3399
f 3410 3413 3398
f 3398 3414 3400
f 3398 3413 3414
f 3414 2818 2819
f 3401 3414 2819
f 3400 3414 3401
f 3401 2819 2812
f 2822 3402 2816
f 3402 2822 2824
f 3415 3402 2824
f 3403 3402 3415
f 3403 3416 3404
f 3403 3415 3416
f 3404 3417 3405
f 3404 3416 3417
f 3405 3418 3406
f 3405 3417 3418
f 3406 3419 3408
f 3406 3418 3419
f 3409 3408 3420
f 3420 3408 3419
f 3411 3421 3410
f 3423 3422 3421
f 3422 3410 3421
f 3422 3413 3410
f 3413 3424 3414
f 3413 3422 3424
f 3424 2826 2818
f 3424 2818 3414
f 2830 3425 3415
f 2830 3415 2824
f 3415 3426 3416
f 3415 3425 3426
f 3416 3427 3417
f 3416 3426 3427
f 3417 3428 3418
f 3417 3427 3428
f 3418 3429 3419
f 3418 3428 3429
f 3420 3419 3430
f 3419 3431 3430
f 3419 3429 3431
f 3431 3432 3430
f 3435 3434 3433
f 3435 3433 3423
f 3433 3422 3423
f 3433 3436 3422
f 3422 3437 3424
f 3422 3436 3437
f 3437 2832 2826
f 3437 2826 3424
f 2836 3438 3425
f 2836 3425 2830
f 3425 3439 3426
f 3425 3438 3439
f 3426 3440 3427
f 3426 3439 3440
f 3427 3441 3428
f 3427 3440 3441
f 3428 3442 3429
f 3428 3441 3442
f 3429 3443 3431
f 3429 3442 3443
f 3432 3431 3444
f 3444 3431 3443
f 3447 3446 3445
f 3447 3445 3434
f 3445 3433 3434
f 3445 3448 3433
f 3433 3449 3436
f 3433 3448 3449
f 3436 3450 3437
f 3436 3449 3450
f 3450 2838 2832
f 3450 2832 3437
f 2842 3451 3438
f 2842 3438 2836
f 3438 3452 3439
f 3438 3451 3452
f 3439 3453 3440
f 3439 3452 3453
f 3440 3454 3441
f 3440 3453 3454
f 3441 3455 3442
f 3441 3454 3455
f 3442 3456 3443
f 3442 3455 3456
f 3444 3443 3457
f 3457 3443 3456
f 3445 3446 3458
f 3458 3446 3459
f 3445 3460 3448
f 3445 3458 3460
f 3448 3461 3449
f 3448 3460 3461
f 3449 3462 3450
f 3449 3461 3462
f 3462 2844 2838
f 3462 2838 3450
f 2847 3451 2842
f 3451 2847 2849
f 3451 2849 3452
f 3452 2849 2851
f 3463 3452 2851
f 3453 3452 3463
f 3453 3464 3454
f 3453 3463 3464
f 3454 3465 3455
f 3454 3464 3465
f 3455 3466 3456
f 3455 3465 3466
f 3457 3456 3467
f 3467 3456 3466
f 3458 3459 3468
f 3468 3459 3469
f 3458 3470 3460
f 3458 3468 3470
f 3460 3471 3461
f 3460 3470 3471
f 3461 3472 3462
f 3461 3471 3472
f 3472 2853 2844
f 3472 2844 3462
f 2858 3473 3463
f 2858 3463 2851
f 3463 3474 3464
f 3463 3473 3474
f 3464 3475 3465
f 3464 3474 3475
f 3465 3476 3466
f 3465 3475 3476
f 3467 3466 3477
f 3477 3466 3476
f 3468 3469 3478
f 3478 3469 3479
f 3468 3480 3470
f 3468 3478 3480
f 3470 3481 3471
f 3470 3480 3481
f 3471 3482 3472
f 3471 3481 3482
f 3482 2860 2853
f 3482 2853 3472
f 2864 3473 2858
f 3473 2864 2866
f 3473 2866 3474
f 3474 2866 2868
f 3483 3474 2868
f 3475 3474 3483
f 3475 3484 3476
f 3475 3483 3484
f 3477 3476 3485
f 3485 3476 3484
f 3488 3487 3486
f 3490 3489 3486
f 3486 3489 3488
f 3490 3491 3489
f 3494 3493 3492
f 3494 3492 3479
f 3492 3478 3479
f 3492 3495 3478
f 3478 3496 3480
f 3478 3495 3496
f 3480 3497 3481
f 3480 3496 3497
f 3497 2870 2871
f 3482 3497 2871
f 3481 3497 3482
f 3482 2871 2860
f 2877 3498 3483
f 2877 3483 2868
f 3483 3499 3484
f 3483 3498 3499
f 3485 3484 3500
f 3484 3501 3500
f 3484 3499 3501
f 3503 3502 3501
f 3501 3502 3500
f 3503 3504 3502
f 3507 3506 3505
f 3509 3508 3505
f 3505 3508 3507
f 3511 3510 3509
f 3509 3510 3508
f 3513 3512 3511
f 3511 3512 3510
f 3515 3514 3513
f 3513 3514 3512
f 3515 3516 3514
f 3519 3518 3517
f 3521 3520 3517
f 3517 3520 3519
f 3523 3522 3521
f 3521 3522 3520
f 3522 3523 3487
f 3523 3486 3487
f 3523 3524 3486
f 3524 2879 2880
f 3490 3524 2880
f 3486 3524 3490
f 3526 3525 2881
f 2881 3525 2880
f 3525 3491 2880
f 3491 3490 2880
f 3528 3527 3526
f 3526 3527 3525
f 3530 3529 3528
f 3528 3529 3527
f 3532 3531 3530
f 3530 3531 3529
f 3531 3532 3493
f 3532 3492 3493
f 3532 3533 3492
f 3492 3534 3495
f 3492 3533 3534
f 3495 3535 3496
f 3495 3534 3535
f 3535 2883 2884
f 3497 3535 2884
f 3496 3535 3497
f 3497 2884 2870
f 2890 3498 2877
f 3498 2890 2892
f 3536 3498 2892
f 3499 3498 3536
f 3499 3537 3501
f 3499 3536 3537
f 3501 3538 3503
f 3501 3537 3538
f 3504 3503 3539
f 3503 3540 3539
f 3503 3538 3540
f 3542 3541 3540
f 3540 3541 3539
f 3541 3542 3506
f 3542 3505 3506
f 3542 3543 3505
f 3505 3544 3509
f 3505 3543 3544
f 3544 2894 2895
f 3511 3544 2895
f 3509 3544 3511
f 3511 2895 2896
f 3511 2896 3513
f 3513 2896 2898
f 3545 3513 2898
f 3515 3513 3545
f 2901 3546 2900
f 3546 3515 2900
f 3515 3545 2900
f 3515 3546 3516
f 3548 3547 2902
f 3547 2901 2902
f 3547 3546 2901
f 3550 3549 3548
f 3548 3549 3547
f 3549 3550 3518
f 3518 3550 3517
f 3550 2904 3517
f 2904 2905 3517
f 3517 2905 2906
f 3517 2906 3521
f 3521 2906 2908
f 3521 2908 3523
f 3523 2908 2910
f 3523 2910 3524
f 3524 2910 2879
f 2913 3526 2881
f 3526 2913 2915
f 3551 3526 2915
f 3528 3526 3551
f 3528 3552 3530
f 3528 3551 3552
f 3552 2917 2918
f 3532 3552 2918
f 3530 3552 3532
f 3532 2918 2919
f 3532 2919 3533
f 3533 2919 2921
f 3533 2921 3534
f 3534 2921 2923
f 3534 2923 3535
f 3535 2923 2883
f 2931 3536 2892
f 3536 2931 2933
f 3536 2933 3537
f 3537 2933 2935
f 3537 2935 3538
f 3538 2935 2937
f 3538 2937 3540
f 3540 2937 2939
f 3540 2939 3542
f 3542 2939 2941
f 3542 2941 3543
f 3543 2941 2943
f 3543 2943 3544
f 3544 2943 2894
f 2947 3545 2898
f 3545 2947 2900
f 2950 3548 2902
f 3548 2950 2952
f 3548 2952 3550
f 3550 2952 2904
f 2960 3551 2915
f 3551 2960 2962
f 3551 2962 3552
f 3552 2962 2917
f 3044 3553 3045
f 3553 3047 3045
f 3067 3554 3068
f 3553 3044 3068
f 3554 3553 3068
f 3555 3553 3554
f 3556 3069 3047
f 3553 3556 3047
f 3555 3556 3553
f 3557 3070 3069
f 3557 3069 3556
f 3558 3071 3070
f 3558 3070 3557
f 3559 3072 3071
f 3559 3071 3558
f 3560 3073 3072
f 3560 3072 3559
f 3561 3074 3073
f 3561 3073 3560
f 3562 3075 3074
f 3562 3074 3561
f 3563 3076 3075
f 3563 3075 3562
f 3564 3077 3076
f 3564 3076 3563
f 3565 3078 3077
f 3565 3077 3564
f 3566 3079 3078
f 3566 3078 3565
f 3567 3080 3079
f 3567 3079 3566
f 3568 3081 3080
f 3568 3080 3567
f 3569 3082 3081
f 3569 3081 3568
f 3569 3084 3082
f 3087 3570 3088
f 3571 3089 3088
f 3571 3088 3570
f 3572 3090 3089
f 3572 3089 3571
f 3573 3091 3090
f 3573 3090 3572
f 3574 3092 3091
f 3574 3091 3573
f 3574 3094 3092
f 3097 3575 3554
f 3097 3554 3067
f 3554 3576 3555
f 3554 3575 3576
f 3555 3577 3556
f 3555 3576 3577
f 3556 3578 3557
f 3556 3577 3578
f 3557 3579 3558
f 3557 3578 3579
f 3558 3580 3559
f 3558 3579 3580
f 3582 3560 3581
f 3560 3580 3581
f 3560 3559 3580
f 3560 3582 3561
f 3561 3582 3583
f 3561 3583 3562
f 3562 3583 3584
f 3562 3584 3563
f 3563 3584 3585
f 3563 3585 3564
f 3564 3585 3586
f 3564 3586 3565
f 3565 3586 3587
f 3565 3587 3566
f 3566 3587 3588
f 3566 3588 3567
f 3567 3588 3589
f 3567 3589 3568
f 3568 3589 3590
f 3568 3590 3569
f 3569 3590 3591
f 3569 3591 3084
f 3591 3098 3084
f 3591 3592 3098
f 3592 3594 3593
f 3099 3592 3593
f 3098 3592 3099
f 3595 3100 3099
f 3595 3099 3593
f 3595 3596 3100
f 3100 3596 3087
f 3596 3597 3087
f 3597 3570 3087
f 3599 3598 3597
f 3598 3570 3597
f 3598 3571 3570
f 3571 3600 3572
f 3571 3598 3600
f 3572 3601 3573
f 3572 3600 3601
f 3603 3574 3602
f 3574 3601 3602
f 3574 3573 3601
f 3603 3605 3604
f 3603 3604 3101
f 3574 3603 3101
f 3094 3574 3101
f 3604 3103 3101
f 3108 3606 3575
f 3108 3575 3097
f 3575 3607 3576
f 3575 3606 3607
f 3576 3608 3577
f 3576 3607 3608
f 3577 3609 3578
f 3577 3608 3609
f 3578 3610 3579
f 3578 3609 3610
f 3612 3580 3611
f 3580 3610 3611
f 3580 3579 3610
f 3580 3612 3581
f 3594 3613 3593
f 3593 3613 3595
f 3595 3613 3614
f 3595 3614 3596
f 3599 3615 3598
f 3598 3615 3600
f 3600 3615 3616
f 3600 3616 3601
f 3601 3616 3617
f 3601 3617 3602
f 3604 3605 3618
f 3618 3605 3619
f 3620 3109 3103
f 3604 3620 3103
f 3618 3620 3604
f 3620 3111 3109
f 3116 3621 3606
f 3116 3606 3108
f 3606 3622 3607
f 3606 3621 3622
f 3607 3623 3608
f 3607 3622 3623
f 3608 3624 3609
f 3608 3623 3624
f 3609 3625 3610
f 3609 3624 3625
f 3611 3610 3626
f 3626 3610 3625
f 3619 3627 3618
f 3629 3628 3627
f 3628 3618 3627
f 3628 3620 3618
f 3630 3117 3111
f 3620 3630 3111
f 3628 3630 3620
f 3630 3119 3117
f 3123 3631 3621
f 3123 3621 3116
f 3621 3632 3622
f 3621 3631 3632
f 3622 3633 3623
f 3622 3632 3633
f 3623 3634 3624
f 3623 3633 3634
f 3636 3625 3635
f 3625 3634 3635
f 3625 3624 3634
f 3625 3636 3626
f 3628 3629 3637
f 3637 3629 3638
f 3628 3639 3630
f 3628 3637 3639
f 3639 3125 3119
f 3639 3119 3630
f 3131 3640 3631
f 3131 3631 3123
f 3631 3641 3632
f 3631 3640 3641
f 3632 3642 3633
f 3632 3641 3642
f 3633 3643 3634
f 3633 3642 3643
f 3635 3634 3644
f 3644 3634 3643
f 3637 3638 3645
f 3645 3638 3646
f 3637 3647 3639
f 3637 3645 3647
f 3647 3133 3125
f 3647 3125 3639
f 3139 3648 3640
f 3139 3640 3131
f 3640 3649 3641
f 3640 3648 3649
f 3641 3650 3642
f 3641 3649 3650
f 3642 3651 3643
f 3642 3650 3651
f 3644 3643 3652
f 3652 3643 3651
f 3645 3646 3653
f 3653 3646 3654
f 3645 3655 3647
f 3645 3653 3655
f 3655 3141 3133
f 3655 3133 3647
f 3147 3656 3648
f 3147 3648 3139
f 3648 3657 3649
f 3648 3656 3657
f 3649 3658 3650
f 3649 3657 3658
f 3650 3659 3651
f 3650 3658 3659
f 3652 3651 3660
f 3660 3651 3659
f 3653 3654 3661
f 3661 3654 3662
f 3653 3663 3655
f 3653 3661 3663
f 3663 3149 3141
f 3663 3141 3655
f 3155 3664 3156
f 3656 3147 3156
f 3664 3656 3156
f 3665 3656 3664
f 3656 3666 3657
f 3656 3665 3666
f 3657 3667 3658
f 3657 3666 3667
f 3658 3668 3659
f 3658 3667 3668
f 3660 3659 3669
f 3669 3659 3668
f 3672 3671 3670
f 3672 3670 3662
f 3670 3661 3662
f 3670 3673 3661
f 3661 3674 3663
f 3661 3673 3674
f 3674 3158 3149
f 3674 3149 3663
f 3163 3675 3164
f 3676 3165 3164
f 3676 3164 3675
f 3664 3155 3165
f 3676 3664 3165
f 3677 3664 3676
f 3664 3678 3665
f 3664 3677 3678
f 3665 3679 3666
f 3665 3678 3679
f 3666 3680 3667
f 3666 3679 3680
f 3682 3668 3681
f 3668 3680 3681
f 3668 3667 3680
f 3668 3682 3669
f 3670 3671 3683
f 3683 3671 3684
f 3670 3685 3673
f 3670 3683 3685
f 3685 3167 3168
f 3674 3685 3168
f 3673 3685 3674
f 3674 3168 3158
f 3174 3675 3163
f 3675 3174 3176
f 3686 3675 3176
f 3676 3675 3686
f 3686 3178 3179
f 3677 3686 3179
f 3676 3686 3677
f 3677 3179 3180
f 3687 3677 3180
f 3678 3677 3687
f 3678 3688 3679
f 3678 3687 3688
f 3679 3689 3680
f 3679 3688 3689
f 3681 3680 3690
f 3690 3680 3689
f 3684 3691 3683
f 3693 3692 3691
f 3692 3683 3691
f 3692 3685 3683
f 3694 3181 3167
f 3685 3694 3167
f 3692 3694 3685
f 3694 3183 3181
f 3188 3695 3189
f 3686 3176 3189
f 3695 3686 3189
f 3696 3686 3695
f 3696 3191 3178
f 3696 3178 3686
f 3192 3697 3687
f 3192 3687 3180
f 3687 3698 3688
f 3687 3697 3698
f 3688 3699 3689
f 3688 3698 3699
f 3690 3689 3700
f 3700 3689 3699
f 3703 3702 3701
f 3703 3701 3693
f 3701 3692 3693
f 3701 3704 3692
f 3704 3194 3195
f 3694 3704 3195
f 3692 3704 3694
f 3694 3195 3183
f 3200 3705 3201
f 3695 3188 3201
f 3705 3695 3201
f 3706 3695 3705
f 3706 3203 3204
f 3696 3706 3204
f 3695 3706 3696
f 3696 3204 3191
f 3206 3707 3697
f 3206 3697 3192
f 3709 3698 3708
f 3698 3707 3708
f 3698 3697 3707
f 3698 3709 3699
f 3699 3709 3710
f 3699 3710 3700
f 3701 3702 3711
f 3711 3702 3712
f 3701 3713 3704
f 3701 3711 3713
f 3713 3208 3194
f 3713 3194 3704
f 3213 3714 3705
f 3213 3705 3200
f 3705 3715 3706
f 3705 3714 3715
f 3715 3215 3203
f 3715 3203 3706
f 3216 3716 3217
f 3707 3206 3217
f 3716 3707 3217
f 3717 3707 3716
f 3708 3707 3718
f 3718 3707 3717
f 3712 3719 3711
f 3721 3720 3719
f 3720 3711 3719
f 3720 3713 3711
f 3720 3219 3208
f 3720 3208 3713
f 3223 3722 3714
f 3223 3714 3213
f 3714 3723 3715
f 3714 3722 3723
f 3724 3224 3215
f 3715 3724 3215
f 3723 3724 3715
f 3716 3216 3224
f 3724 3716 3224
f 3725 3716 3724
f 3727 3717 3726
f 3717 3725 3726
f 3717 3716 3725
f 3717 3727 3718
f 3720 3721 3728
f 3728 3721 3729
f 3728 3226 3219
f 3728 3219 3720
f 3232 3730 3722
f 3232 3722 3223
f 3722 3731 3723
f 3722 3730 3731
f 3723 3732 3724
f 3723 3731 3732
f 3724 3733 3725
f 3724 3732 3733
f 3726 3725 3734
f 3734 3725 3733
f 3729 3735 3728
f 3226 3728 3735
f 3736 3226 3735
f 3234 3226 3736
f 3237 3737 3236
f 3737 3239 3236
f 3240 3738 3241
f 3730 3232 3241
f 3738 3730 3241
f 3739 3730 3738
f 3730 3740 3731
f 3730 3739 3740
f 3731 3741 3732
f 3731 3740 3741
f 3732 3742 3733
f 3732 3741 3742
f 3734 3733 3743
f 3743 3733 3742
f 3746 3745 3744
f 3736 3746 3744
f 3243 3736 3744
f 3234 3736 3243
f 3248 3747 3247
f 3747 3748 3247
f 3247 3748 3237
f 3748 3749 3237
f 3749 3737 3237
f 3749 3751 3750
f 3749 3750 3250
f 3737 3749 3250
f 3239 3737 3250
f 3738 3240 3250
f 3750 3738 3250
f 3752 3738 3750
f 3738 3753 3739
f 3738 3752 3753
f 3739 3754 3740
f 3739 3753 3754
f 3740 3755 3741
f 3740 3754 3755
f 3741 3756 3742
f 3741 3755 3756
f 3743 3742 3757
f 3757 3742 3756
f 3744 3745 3758
f 3758 3745 3759
f 3758 3252 3243
f 3758 3243 3744
f 3255 3760 3747
f 3255 3747 3248
f 3748 3747 3761
f 3761 3747 3760
f 3750 3751 3762
f 3762 3751 3763
f 3750 3764 3752
f 3750 3762 3764
f 3752 3765 3753
f 3752 3764 3765
f 3753 3766 3754
f 3753 3765 3766
f 3754 3767 3755
f 3754 3766 3767
f 3755 3768 3756
f 3755 3767 3768
f 3757 3756 3769
f 3769 3756 3768
f 3758 3759 3770
f 3770 3759 3771
f 3770 3258 3252
f 3770 3252 3758
f 3263 3772 3262
f 3760 3255 3262
f 3772 3760 3262
f 3773 3760 3772
f 3761 3760 3774
f 3760 3775 3774
f 3760 3773 3775
f 3774 3775 3763
f 3763 3775 3762
f 3775 3265 3762
f 3265 3266 3762
f 3762 3266 3267
f 3762 3267 3764
f 3764 3267 3269
f 3764 3269 3765
f 3765 3269 3271
f 3776 3765 3271
f 3766 3765 3776
f 3766 3777 3767
f 3766 3776 3777
f 3767 3778 3768
f 3767 3777 3778
f 3769 3768 3779
f 3779 3768 3778
f 3770 3771 3780
f 3780 3771 3781
f 3780 3273 3258
f 3780 3258 3770
f 3276 3772 3263
f 3772 3276 3277
f 3782 3772 3277
f 3773 3772 3782
f 3773 3783 3775
f 3773 3782 3783
f 3783 3279 3265
f 3783 3265 3775
f 3282 3784 3776
f 3282 3776 3271
f 3776 3785 3777
f 3776 3784 3785
f 3777 3786 3778
f 3777 3785 3786
f 3779 3778 3787
f 3787 3778 3786
f 3780 3781 3788
f 3788 3781 3789
f 3788 3284 3273
f 3788 3273 3780
f 3289 3790 3288
f 3782 3277 3288
f 3790 3782 3288
f 3791 3782 3790
f 3782 3792 3783
f 3782 3791 3792
f 3793 3291 3279
f 3783 3793 3279
f 3792 3793 3783
f 3793 3292 3291
f 3294 3794 3784
f 3294 3784 3282
f 3784 3795 3785
f 3784 3794 3795
f 3785 3796 3786
f 3785 3795 3796
f 3787 3786 3797
f 3786 3798 3797
f 3786 3796 3798
f 3798 3799 3797
f 3788 3789 3800
f 3800 3789 3801
f 3800 3296 3284
f 3800 3284 3788
f 3300 3802 3790
f 3300 3790 3289
f 3790 3803 3791
f 3790 3802 3803
f 3791 3804 3792
f 3791 3803 3804
f 3804 3301 3302
f 3793 3804 3302
f 3792 3804 3793
f 3793 3302 3292
f 3304 3805 3794
f 3304 3794 3294
f 3794 3806 3795
f 3794 3805 3806
f 3795 3807 3796
f 3795 3806 3807
f 3796 3808 3798
f 3796 3807 3808
f 3799 3798 3809
f 3809 3798 3808
f 3800 3801 3810
f 3810 3801 3811
f 3810 3306 3296
f 3810 3296 3800
f 3310 3802 3300
f 3802 3310 3311
f 3812 3802 3311
f 3803 3802 3812
f 3803 3813 3804
f 3803 3812 3813
f 3813 3312 3301
f 3813 3301 3804
f 3313 3805 3304
f 3805 3313 3315
f 3814 3805 3315
f 3806 3805 3814
f 3806 3815 3807
f 3806 3814 3815
f 3807 3816 3808
f 3807 3815 3816
f 3809 3808 3817
f 3808 3818 3817
f 3808 3816 3818
f 3818 3819 3817
f 3811 3820 3810
f 3306 3810 3820
f 3821 3306 3820
f 3317 3306 3821
f 3324 3822 3323
f 3822 3823 3323
f 3323 3823 3311
f 3823 3824 3311
f 3824 3812 3311
f 3826 3825 3824
f 3825 3812 3824
f 3825 3813 3812
f 3825 3325 3312
f 3825 3312 3813
f 3327 3814 3315
f 3814 3327 3329
f 3814 3329 3815
f 3815 3329 3331
f 3827 3815 3331
f 3816 3815 3827
f 3816 3828 3818
f 3816 3827 3828
f 3819 3818 3829
f 3829 3818 3828
f 3832 3831 3830
f 3830 3833 3332
f 3821 3830 3332
f 3317 3821 3332
f 3830 3821 3832
f 3833 3334 3332
f 3338 3822 3324
f 3835 3834 3339
f 3339 3834 3338
f 3834 3823 3338
f 3823 3822 3338
f 3834 3835 3826
f 3835 3825 3826
f 3835 3836 3825
f 3836 3340 3325
f 3836 3325 3825
f 3345 3837 3827
f 3345 3827 3331
f 3827 3838 3828
f 3827 3837 3838
f 3829 3828 3839
f 3839 3828 3838
f 3842 3841 3840
f 3842 3840 3831
f 3840 3830 3831
f 3840 3843 3830
f 3830 3844 3833
f 3830 3843 3844
f 3844 3347 3334
f 3844 3334 3833
f 3351 3845 3835
f 3351 3835 3339
f 3835 3846 3836
f 3835 3845 3846
f 3846 3352 3340
f 3846 3340 3836
f 3358 3847 3837
f 3358 3837 3345
f 3837 3848 3838
f 3837 3847 3848
f 3839 3838 3849
f 3849 3838 3848
f 3841 3850 3840
f 3852 3851 3850
f 3851 3840 3850
f 3851 3843 3840
f 3843 3853 3844
f 3843 3851 3853
f 3853 3360 3347
f 3853 3347 3844
f 3364 3845 3351
f 3845 3364 3365
f 3845 3365 3846
f 3846 3365 3352
f 3373 3847 3358
f 3847 3373 3375
f 3854 3847 3375
f 3848 3847 3854
f 3849 3848 3855
f 3848 3856 3855
f 3848 3854 3856
f 3856 3857 3855
f 3851 3852 3858
f 3858 3852 3859
f 3851 3860 3853
f 3851 3858 3860
f 3860 3377 3360
f 3860 3360 3853
f 3386 3861 3854
f 3386 3854 3375
f 3854 3862 3856
f 3854 3861 3862
f 3857 3856 3863
f 3863 3856 3862
f 3858 3859 3864
f 3864 3859 3865
f 3858 3866 3860
f 3858 3864 3866
f 3866 3388 3377
f 3866 3377 3860
f 3397 3867 3861
f 3397 3861 3386
f 3861 3868 3862
f 3861 3867 3868
f 3863 3862 3869
f 3869 3862 3868
f 3864 3865 3870
f 3870 3865 3871
f 3864 3872 3866
f 3864 3870 3872
f 3872 3399 3388
f 3872 3388 3866
f 3407 3867 3397
f 3867 3407 3409
f 3873 3867 3409
f 3868 3867 3873
f 3869 3868 3874
f 3874 3868 3873
f 3870 3871 3875
f 3875 3871 3876
f 3875 3411 3412
f 3872 3875 3412
f 3870 3875 3872
f 3872 3412 3399
f 3420 3877 3873
f 3420 3873 3409
f 3874 3873 3878
f 3878 3873 3877
f 3875 3876 3879
f 3879 3876 3880
f 3881 3421 3411
f 3875 3881 3411
f 3879 3881 3875
f 3881 3423 3421
f 3430 3877 3420
f 3883 3882 3432
f 3432 3882 3430
f 3882 3878 3430
f 3878 3877 3430
f 3883 3884 3882
f 3879 3880 3885
f 3885 3880 3886
f 3885 3434 3435
f 3881 3885 3435
f 3879 3885 3881
f 3881 3435 3423
f 3888 3887 3883
f 3432 3888 3883
f 3444 3888 3432
f 3883 3887 3884
f 3885 3886 3447
f 3886 3446 3447
f 3886 3889 3446
f 3885 3447 3434
f 3457 3888 3444
f 3457 3890 3888
f 3889 3459 3446
f 3891 3459 3889
f 3467 3890 3457
f 3467 3892 3890
f 3891 3469 3459
f 3893 3469 3891
f 3477 3895 3894
f 3892 3477 3894
f 3467 3477 3892
f 3895 3896 3894
f 3899 3898 3897
f 3897 3900 3899
f 3903 3902 3901
f 3893 3903 3901
f 3479 3893 3901
f 3469 3893 3479
f 3485 3904 3895
f 3485 3895 3477
f 3896 3895 3905
f 3895 3906 3905
f 3895 3904 3906
f 3906 3907 3905
f 3910 3909 3908
f 3912 3911 3908
f 3908 3911 3910
f 3912 3913 3911
f 3916 3915 3914
f 3916 3914 3898
f 3898 3914 3897
f 3914 3487 3897
f 3487 3488 3897
f 3917 3900 3897
f 3488 3917 3897
f 3489 3917 3488
f 3919 3918 3491
f 3918 3489 3491
f 3918 3917 3489
f 3921 3920 3919
f 3919 3920 3918
f 3923 3922 3921
f 3921 3922 3920
f 3925 3924 3923
f 3923 3924 3922
f 3924 3925 3902
f 3902 3925 3901
f 3925 3493 3901
f 3493 3494 3901
f 3901 3494 3479
f 3500 3904 3485
f 3904 3500 3502
f 3904 3502 3906
f 3927 3926 3504
f 3504 3926 3502
f 3926 3907 3502
f 3907 3906 3502
f 3929 3928 3927
f 3927 3928 3926
f 3506 3507 3929
f 3507 3928 3929
f 3507 3930 3928
f 3931 3507 3508
f 3931 3930 3507
f 3510 3908 3909
f 3931 3510 3909
f 3508 3510 3931
f 3908 3510 3512
f 3908 3512 3912
f 3932 3913 3912
f 3512 3932 3912
f 3514 3932 3512
f 3934 3933 3516
f 3933 3514 3516
f 3933 3932 3514
f 3936 3935 3934
f 3934 3935 3933
f 3938 3937 3936
f 3936 3937 3935
f 3518 3519 3938
f 3519 3937 3938
f 3519 3939 3937
f 3940 3519 3520
f 3940 3939 3519
f 3522 3914 3915
f 3940 3522 3915
f 3520 3522 3940
f 3914 3522 3487
f 3525 3919 3491
f 3919 3525 3527
f 3919 3527 3921
f 3921 3527 3529
f 3921 3529 3923
f 3923 3529 3531
f 3923 3531 3925
f 3925 3531 3493
f 3539 3927 3504
f 3927 3539 3541
f 3927 3541 3929
f 3929 3541 3506
f 3546 3934 3516
f 3934 3546 3547
f 3934 3547 3936
f 3936 3547 3549
f 3936 3549 3938
f 3938 3549 3518
f 3581 3941 3582
f 3942 3583 3582
f 3942 3582 3941
f 3943 3584 3583
f 3943 3583 3942
f 3944 3585 3584
f 3944 3584 3943
f 3945 3586 3585
f 3945 3585 3944
f 3946 3587 3586
f 3946 3586 3945
f 3947 3588 3587
f 3947 3587 3946
f 3948 3589 3588
f 3948 3588 3947
f 3949 3590 3589
f 3949 3589 3948
f 3590 3949 3950
f 3951 3590 3950
f 3591 3590 3951
f 3951 3953 3952
f 3592 3951 3952
f 3591 3951 3592
f 3952 3594 3592
f 3596 3954 3597
f 3954 3599 3597
f 3602 3955 3603
f 3955 3605 3603
f 3611 3956 3612
f 3941 3581 3612
f 3956 3941 3612
f 3957 3941 3956
f 3959 3942 3958
f 3942 3957 3958
f 3942 3941 3957
f 3942 3959 3943
f 3943 3959 3960
f 3943 3960 3944
f 3944 3960 3961
f 3944 3961 3945
f 3945 3961 3962
f 3945 3962 3946
f 3946 3962 3963
f 3946 3963 3947
f 3947 3963 3964
f 3947 3964 3948
f 3948 3964 3965
f 3948 3965 3949
f 3949 3965 3966
f 3949 3966 3950
f 3953 3967 3952
f 3952 3967 3594
f 3967 3613 3594
f 3967 3968 3613
f 3613 3969 3614
f 3968 3969 3613
f 3596 3614 3954
f 3614 3970 3954
f 3614 3969 3970
f 3970 3972 3971
f 3970 3971 3615
f 3954 3970 3615
f 3599 3954 3615
f 3973 3616 3615
f 3973 3615 3971
f 3974 3617 3616
f 3974 3616 3973
f 3974 3975 3617
f 3617 3975 3602
f 3975 3976 3602
f 3976 3955 3602
f 3605 3955 3976
f 3977 3605 3976
f 3619 3605 3977
f 3626 3978 3956
f 3626 3956 3611
f 3980 3957 3979
f 3957 3978 3979
f 3957 3956 3978
f 3957 3980 3958
f 3972 3981 3971
f 3983 3982 3981
f 3982 3971 3981
f 3982 3973 3971
f 3973 3984 3974
f 3973 3982 3984
f 3975 3974 3985
f 3985 3974 3984
f 3627 3619 3986
f 3619 3987 3986
f 3619 3977 3987
f 3986 3629 3627
f 3635 3988 3636
f 3978 3626 3636
f 3988 3978 3636
f 3989 3978 3988
f 3979 3978 3990
f 3990 3978 3989
f 3983 3991 3982
f 3982 3991 3984
f 3984 3991 3992
f 3984 3992 3985
f 3986 3987 3993
f 3993 3987 3994
f 3993 3638 3629
f 3993 3629 3986
f 3644 3995 3988
f 3644 3988 3635
f 3997 3989 3996
f 3989 3995 3996
f 3989 3988 3995
f 3989 3997 3990
f 3993 3994 3998
f 3998 3994 3999
f 3998 3646 3638
f 3998 3638 3993
f 3652 4000 3995
f 3652 3995 3644
f 3996 3995 4001
f 4001 3995 4000
f 3998 3999 4002
f 4002 3999 4003
f 4002 3654 3646
f 4002 3646 3998
f 3660 4004 4000
f 3660 4000 3652
f 4001 4000 4005
f 4005 4000 4004
f 4008 4007 4006
f 4008 4006 4003
f 4006 4002 4003
f 4006 4009 4002
f 4009 3662 3654
f 4009 3654 4002
f 3669 4010 4004
f 3669 4004 3660
f 4005 4004 4011
f 4011 4004 4010
f 4014 4013 4012
f 4014 4012 4007
f 4012 4006 4007
f 4012 4015 4006
f 4015 3671 3672
f 4009 4015 3672
f 4006 4015 4009
f 4009 3672 3662
f 3681 4016 3682
f 4010 3669 3682
f 4016 4010 3682
f 4017 4010 4016
f 4011 4010 4018
f 4018 4010 4017
f 4013 4019 4012
f 4012 4019 4015
f 4015 4019 4020
f 3671 4015 4020
f 4021 3671 4020
f 3684 3671 4021
f 3690 4022 4016
f 3690 4016 3681
f 4016 4023 4017
f 4016 4022 4023
f 4018 4017 4024
f 4024 4017 4023
f 3691 3684 4025
f 3684 4026 4025
f 3684 4021 4026
f 4025 3693 3691
f 3700 4027 4022
f 3700 4022 3690
f 4022 4028 4023
f 4022 4027 4028
f 4024 4023 4029
f 4029 4023 4028
f 4025 4026 3703
f 4026 3702 3703
f 4026 4030 3702
f 4025 3703 3693
f 3708 4031 3709
f 4032 3710 3709
f 4032 3709 4031
f 4027 3700 3710
f 4032 4027 3710
f 4033 4027 4032
f 4027 4034 4028
f 4027 4033 4034
f 4029 4028 4035
f 4035 4028 4034
f 4030 3712 3702
f 4036 3712 4030
f 3718 4037 4031
f 3718 4031 3708
f 4031 4038 4032
f 4031 4037 4038
f 4032 4039 4033
f 4032 4038 4039
f 4041 4034 4040
f 4034 4039 4040
f 4034 4033 4039
f 4034 4041 4035
f 3719 3712 4042
f 3712 4043 4042
f 3712 4036 4043
f 4042 3721 3719
f 3726 4044 3727
f 4037 3718 3727
f 4044 4037 3727
f 4045 4037 4044
f 4037 4046 4038
f 4037 4045 4046
f 4038 4047 4039
f 4038 4046 4047
f 4040 4039 4048
f 4048 4039 4047
f 4042 4043 4049
f 4049 4043 4050
f 4049 3729 3721
f 4049 3721 4042
f 3734 4051 4044
f 3734 4044 3726
f 4053 4045 4052
f 4045 4051 4052
f 4045 4044 4051
f 4045 4053 4046
f 4046 4053 4054
f 4046 4054 4047
f 4047 4054 4055
f 4047 4055 4048
f 4049 4050 4056
f 4056 4050 4057
f 4058 3735 3729
f 4049 4058 3729
f 4056 4058 4049
f 4058 3736 3735
f 4060 4059 4051
f 3734 4060 4051
f 3743 4060 3734
f 4051 4059 4052
f 4063 4062 4061
f 4065 4064 4061
f 4061 4064 4063
f 4064 4065 4057
f 4065 4056 4057
f 4065 4066 4056
f 4066 3745 3746
f 4058 4066 3746
f 4056 4066 4058
f 4058 3746 3736
f 3748 4067 3749
f 4067 3751 3749
f 3757 4060 3743
f 3757 4068 4060
f 4062 4069 4061
f 4061 4069 4065
f 4065 4069 4070
f 4072 4071 4070
f 4071 4065 4070
f 4071 4066 4065
f 4071 3759 3745
f 4071 3745 4066
f 3761 4073 4067
f 3761 4067 3748
f 4073 3763 3751
f 4073 3751 4067
f 3769 4068 3757
f 3769 4074 4068
f 4071 4072 4075
f 4075 4072 4076
f 4075 3771 3759
f 4075 3759 4071
f 3774 4073 3761
f 4073 3774 3763
f 3779 4074 3769
f 3779 4077 4074
f 4075 4076 4078
f 4078 4076 4079
f 4078 3781 3771
f 4078 3771 4075
f 3787 4077 3779
f 3787 4080 4077
f 4078 4079 4081
f 4081 4079 4082
f 4081 3789 3781
f 4081 3781 4078
f 3787 3797 4083
f 4084 3787 4083
f 4080 3787 4084
f 3799 4083 3797
f 4081 4082 4085
f 4085 4082 4086
f 4085 3801 3789
f 4085 3789 4081
f 4087 4084 4083
f 4083 3799 4087
f 3799 4088 4087
f 3799 3809 4088
f 4091 4090 4089
f 4089 4092 4091
f 4085 4086 4093
f 4093 4086 4094
f 4093 3811 3801
f 4093 3801 4085
f 4097 4096 4095
f 4098 4095 4096
f 4099 4088 3809
f 4099 3809 3817
f 3817 3819 4099
f 4099 3819 4100
f 4090 4101 4089
f 4104 4103 4102
f 4089 4101 4092
f 4102 4103 4094
f 4103 4093 4094
f 4103 4105 4093
f 4106 3820 3811
f 4093 4106 3811
f 4105 4106 4093
f 4106 3821 3820
f 4097 4095 4107
f 4097 4107 4108
f 4095 4098 4109
f 4110 4095 4109
f 4107 4095 4110
f 4111 4110 4109
f 3823 4112 3824
f 4112 3826 3824
f 3829 4100 3819
f 3829 4113 4100
f 4116 4115 4114
f 4116 4114 4104
f 4114 4103 4104
f 4114 4117 4103
f 4103 4118 4105
f 4103 4117 4118
f 4118 3831 3832
f 4106 4118 3832
f 4105 4118 4106
f 4106 3832 3821
f 4119 4108 4107
f 4119 4107 4110
f 4119 4110 4120
f 4120 4110 4111
f 3834 4112 3823
f 4112 3834 3826
f 3839 4113 3829
f 3839 4121 4113
f 4114 4115 4122
f 4122 4115 4123
f 4114 4124 4117
f 4114 4122 4124
f 4124 3841 3842
f 4118 4124 3842
f 4117 4124 4118
f 4118 3842 3831
f 3849 4126 4125
f 4121 3849 4125
f 3839 3849 4121
f 4126 4127 4125
f 4122 4123 4128
f 4128 4123 4129
f 4122 4130 4124
f 4122 4128 4130
f 4131 3850 3841
f 4124 4131 3841
f 4130 4131 4124
f 4131 3852 3850
f 3855 4126 3849
f 3855 3857 4126
f 3857 4127 4126
f 3857 4132 4127
f 4129 4133 4128
f 4128 4133 4130
f 4130 4133 4134
f 4136 4135 4134
f 4135 4130 4134
f 4135 4131 4130
f 4135 3859 3852
f 4135 3852 4131
f 3863 4132 3857
f 3863 4137 4132
f 4135 4136 4138
f 4138 4136 4139
f 4138 3865 3859
f 4138 3859 4135
f 3869 4141 4140
f 4137 3869 4140
f 3863 3869 4137
f 4141 4142 4140
f 4138 4139 4143
f 4143 4139 4144
f 4143 3871 3865
f 4143 3865 4138
f 3874 4145 4141
f 3874 4141 3869
f 4142 4141 4146
f 4146 4141 4145
f 4143 4144 4147
f 4147 4144 4148
f 4147 3876 3871
f 4147 3871 4143
f 3878 4149 4145
f 3878 4145 3874
f 4146 4145 4150
f 4150 4145 4149
f 4147 4148 4151
f 4151 4148 4152
f 4151 3880 3876
f 4151 3876 4147
f 3882 4149 3878
f 3882 3884 4149
f 3884 4150 4149
f 3884 4153 4150
f 4151 4152 4154
f 4154 4152 4155
f 4154 3886 3880
f 4154 3880 4151
f 3888 4156 3887
f 4156 4157 3887
f 4157 3884 3887
f 4157 4153 3884
f 4154 4155 4158
f 4158 4155 4159
f 4158 3889 3886
f 4158 3886 4154
f 3890 4160 4156
f 3890 4156 3888
f 4157 4156 4161
f 4161 4156 4160
f 4158 4159 4162
f 4162 4159 4163
f 4162 3891 3889
f 4162 3889 4158
f 3892 4164 4160
f 3892 4160 3890
f 4161 4160 4165
f 4165 4160 4164
f 4162 4163 4166
f 4166 4163 4167
f 4166 3893 3891
f 4166 3891 4162
f 3894 4164 3892
f 3894 3896 4164
f 3896 4165 4164
f 3896 4168 4165
f 4169 3898 3899
f 3900 4169 3899
f 4166 4167 3903
f 4167 3902 3903
f 4167 4170 3902
f 4166 3903 3893
f 4171 4168 3896
f 4171 3896 3905
f 3905 3907 4171
f 4171 3907 4172
f 4173 3909 3910
f 4173 3910 4174
f 3910 4175 4174
f 3910 3911 4175
f 4177 4176 3913
f 4176 3911 3913
f 4176 4175 3911
f 4179 4178 4177
f 4177 4178 4176
f 4181 4180 4179
f 4179 4180 4178
f 4183 4182 4181
f 4181 4182 4180
f 4185 4184 4183
f 4183 4184 4182
f 4187 4186 4185
f 4185 4186 4184
f 3915 3916 4187
f 3916 4186 4187
f 3916 4188 4186
f 3916 3898 4169
f 4189 3916 4169
f 4188 3916 4189
f 4189 4169 3900
f 3917 4189 3900
f 4190 4189 3917
f 4191 3917 3918
f 4191 4190 3917
f 4192 3918 3920
f 4192 4191 3918
f 4193 3920 3922
f 4193 4192 3920
f 4194 3922 3924
f 4194 4193 3922
f 3924 3902 4170
f 3924 4170 4194
f 4195 4172 3907
f 4195 3907 3926
f 4196 3926 3928
f 4196 4195 3926
f 4197 3928 3930
f 4197 4196 3928
f 4198 3930 3931
f 4198 4197 3930
f 3931 3909 4173
f 4199 3931 4173
f 4198 3931 4199
f 4199 4173 4174
f 3932 4177 3913
f 4177 3932 3933
f 4177 3933 4179
f 4179 3933 3935
f 4179 3935 4181
f 4181 3935 3937
f 4181 3937 4183
f 4183 3937 3939
f 4183 3939 4185
f 4185 3939 3940
f 4185 3940 4187
f 4187 3940 3915
f 3950 4200 3951
f 4200 3953 3951
f 3958 4201 3959
f 4202 3960 3959
f 4202 3959 4201
f 4203 3961 3960
f 4203 3960 4202
f 4204 3962 3961
f 4204 3961 4203
f 4205 3963 3962
f 4205 3962 4204
f 4206 3964 3963
f 4206 3963 4205
f 4207 3965 3964
f 4207 3964 4206
f 4208 3966 3965
f 4208 3965 4207
f 4200 3950 3966
f 4208 4200 3966
f 4209 4200 4208
f 4210 3967 3953
f 4200 4210 3953
f 4209 4210 4200
f 4211 3968 3967
f 4211 3967 4210
f 4212 3969 3968
f 4212 3968 4211
f 4213 3970 3969
f 4213 3969 4212
f 4213 3972 3970
f 3975 4214 3976
f 4214 3977 3976
f 3979 4215 3980
f 4201 3958 3980
f 4215 4201 3980
f 4216 4201 4215
f 4201 4217 4202
f 4201 4216 4217
f 4202 4218 4203
f 4202 4217 4218
f 4203 4219 4204
f 4203 4218 4219
f 4204 4220 4205
f 4204 4219 4220
f 4205 4221 4206
f 4205 4220 4221
f 4206 4222 4207
f 4206 4221 4222
f 4207 4223 4208
f 4207 4222 4223
f 4208 4224 4209
f 4208 4223 4224
f 4209 4225 4210
f 4209 4224 4225
f 4210 4226 4211
f 4210 4225 4226
f 4211 4227 4212
f 4211 4226 4227
f 4212 4228 4213
f 4212 4227 4228
f 4229 3981 3972
f 4213 4229 3972
f 4228 4229 4213
f 4229 3983 3981
f 3985 4230 4214
f 3985 4214 3975
f 4230 3987 3977
f 4230 3977 4214
f 3990 4231 4215
f 3990 4215 3979
f 4215 4232 4216
f 4215 4231 4232
f 4216 4233 4217
f 4216 4232 4233
f 4217 4234 4218
f 4217 4233 4234
f 4218 4235 4219
f 4218 4234 4235
f 4219 4236 4220
f 4219 4235 4236
f 4220 4237 4221
f 4220 4236 4237
f 4221 4238 4222
f 4221 4237 4238
f 4222 4239 4223
f 4222 4238 4239
f 4241 4224 4240
f 4224 4239 4240
f 4224 4223 4239
f 4224 4241 4225
f 4225 4241 4242
f 4225 4242 4226
f 4226 4242 4243
f 4226 4243 4227
f 4227 4243 4244
f 4246 4245 4244
f 4245 4227 4244
f 4245 4228 4227
f 4228 4247 4229
f 4228 4245 4247
f 4248 3991 3983
f 4229 4248 3983
f 4247 4248 4229
f 4249 3992 3991
f 4249 3991 4248
f 4230 3985 3992
f 4249 4230 3992
f 4250 4230 4249
f 4250 3994 3987
f 4250 3987 4230
f 3996 4251 3997
f 4231 3990 3997
f 4251 4231 3997
f 4252 4231 4251
f 4254 4232 4253
f 4232 4252 4253
f 4232 4231 4252
f 4232 4254 4233
f 4233 4254 4255
f 4233 4255 4234
f 4234 4255 4256
f 4258 4257 4256
f 4257 4234 4256
f 4257 4235 4234
f 4235 4259 4236
f 4235 4257 4259
f 4236 4260 4237
f 4236 4259 4260
f 4237 4261 4238
f 4237 4260 4261
f 4238 4262 4239
f 4238 4261 4262
f 4240 4239 4263
f 4263 4239 4262
f 4245 4246 4264
f 4264 4246 4265
f 4245 4266 4247
f 4245 4264 4266
f 4247 4267 4248
f 4247 4266 4267
f 4248 4268 4249
f 4248 4267 4268
f 4249 4269 4250
f 4249 4268 4269
f 4269 3999 3994
f 4269 3994 4250
f 4001 4270 4251
f 4001 4251 3996
f 4251 4271 4252
f 4251 4270 4271
f 4253 4252 4272
f 4252 4273 4272
f 4252 4271 4273
f 4275 4274 4273
f 4273 4274 4272
f 4275 4276 4274
f 4258 4277 4257
f 4279 4278 4277
f 4278 4257 4277
f 4278 4259 4257
f 4259 4280 4260
f 4259 4278 4280
f 4260 4281 4261
f 4260 4280 4281
f 4261 4282 4262
f 4261 4281 4282
f 4263 4262 4283
f 4283 4262 4282
f 4265 4284 4264
f 4286 4285 4284
f 4285 4264 4284
f 4285 4266 4264
f 4266 4287 4267
f 4266 4285 4287
f 4267 4288 4268
f 4267 4287 4288
f 4268 4289 4269
f 4268 4288 4289
f 4289 4003 3999
f 4289 3999 4269
f 4005 4290 4270
f 4005 4270 4001
f 4270 4291 4271
f 4270 4290 4291
f 4271 4292 4273
f 4271 4291 4292
f 4294 4275 4293
f 4275 4292 4293
f 4275 4273 4292
f 4275 4294 4276
f 4279 4295 4278
f 4278 4295 4280
f 4280 4295 4296
f 4280 4296 4281
f 4281 4296 4297
f 4281 4297 4282
f 4282 4297 4298
f 4282 4298 4283
f 4301 4300 4299
f 4301 4299 4286
f 4299 4285 4286
f 4299 4302 4285
f 4285 4303 4287
f 4285 4302 4303
f 4287 4304 4288
f 4287 4303 4304
f 4304 4007 4008
f 4289 4304 4008
f 4288 4304 4289
f 4289 4008 4003
f 4011 4305 4290
f 4011 4290 4005
f 4290 4306 4291
f 4290 4305 4306
f 4291 4307 4292
f 4291 4306 4307
f 4293 4292 4308
f 4308 4292 4307
f 4311 4310 4309
f 4313 4312 4309
f 4309 4312 4311
f 4312 4313 4300
f 4313 4299 4300
f 4313 4314 4299
f 4299 4315 4302
f 4299 4314 4315
f 4302 4316 4303
f 4302 4315 4316
f 4316 4013 4014
f 4304 4316 4014
f 4303 4316 4304
f 4304 4014 4007
f 4018 4317 4305
f 4018 4305 4011
f 4305 4318 4306
f 4305 4317 4318
f 4306 4319 4307
f 4306 4318 4319
f 4308 4307 4320
f 4320 4307 4319
f 4310 4321 4309
f 4309 4321 4313
f 4313 4321 4322
f 4324 4323 4322
f 4323 4313 4322
f 4323 4314 4313
f 4314 4325 4315
f 4314 4323 4325
f 4315 4326 4316
f 4315 4325 4326
f 4327 4019 4013
f 4316 4327 4013
f 4326 4327 4316
f 4328 4020 4019
f 4328 4019 4327
f 4328 4021 4020
f 4024 4329 4317
f 4024 4317 4018
f 4317 4330 4318
f 4317 4329 4330
f 4318 4331 4319
f 4318 4330 4331
f 4320 4319 4332
f 4319 4333 4332
f 4319 4331 4333
f 4333 4334 4332
f 4337 4336 4335
f 4335 4338 4337
f 4323 4324 4339
f 4339 4324 4340
f 4323 4341 4325
f 4323 4339 4341
f 4325 4342 4326
f 4325 4341 4342
f 4326 4343 4327
f 4326 4342 4343
f 4327 4344 4328
f 4327 4343 4344
f 4344 4026 4021
f 4344 4021 4328
f 4029 4345 4329
f 4029 4329 4024
f 4329 4346 4330
f 4329 4345 4346
f 4330 4347 4331
f 4330 4346 4347
f 4331 4348 4333
f 4331 4347 4348
f 4334 4333 4349
f 4333 4350 4349
f 4333 4348 4350
f 4350 4351 4349
f 4336 4352 4335
f 4335 4352 4338
f 4340 4353 4339
f 4339 4353 4341
f 4341 4353 4354
f 4356 4355 4354
f 4355 4341 4354
f 4355 4342 4341
f 4342 4357 4343
f 4342 4355 4357
f 4343 4358 4344
f 4343 4357 4358
f 4358 4030 4026
f 4358 4026 4344
f 4035 4359 4345
f 4035 4345 4029
f 4361 4346 4360
f 4346 4359 4360
f 4346 4345 4359
f 4346 4361 4347
f 4347 4361 4362
f 4347 4362 4348
f 4348 4362 4363
f 4348 4363 4350
f 4350 4363 4364
f 4350 4364 4351
f 4356 4365 4355
f 4367 4366 4365
f 4366 4355 4365
f 4366 4357 4355
f 4357 4368 4358
f 4357 4366 4368
f 4368 4036 4030
f 4368 4030 4358
f 4040 4369 4041
f 4359 4035 4041
f 4369 4359 4041
f 4370 4359 4369
f 4360 4359 4371
f 4371 4359 4370
f 4366 4367 4372
f 4372 4367 4373
f 4366 4374 4368
f 4366 4372 4374
f 4374 4043 4036
f 4374 4036 4368
f 4048 4375 4369
f 4048 4369 4040
f 4369 4376 4370
f 4369 4375 4376
f 4371 4370 4377
f 4377 4370 4376
f 4380 4379 4378
f 4380 4378 4373
f 4378 4372 4373
f 4378 4381 4372
f 4372 4382 4374
f 4372 4381 4382
f 4382 4050 4043
f 4382 4043 4374
f 4052 4383 4053
f 4384 4054 4053
f 4384 4053 4383
f 4385 4055 4054
f 4385 4054 4384
f 4375 4048 4055
f 4385 4375 4055
f 4386 4375 4385
f 4375 4387 4376
f 4375 4386 4387
f 4377 4376 4388
f 4388 4376 4387
f 4391 4390 4389
f 4391 4389 4379
f 4389 4378 4379
f 4389 4392 4378
f 4378 4393 4381
f 4378 4392 4393
f 4381 4394 4382
f 4381 4393 4394
f 4394 4057 4050
f 4394 4050 4382
f 4396 4395 4059
f 4396 4059 4060
f 4052 4059 4383
f 4059 4397 4383
f 4059 4395 4397
f 4383 4397 4384
f 4384 4397 4398
f 4400 4399 4398
f 4399 4384 4398
f 4399 4385 4384
f 4385 4401 4386
f 4385 4399 4401
f 4403 4387 4402
f 4387 4401 4402
f 4387 4386 4401
f 4387 4403 4388
f 4389 4390 4404
f 4404 4390 4405
f 4389 4406 4392
f 4389 4404 4406
f 4406 4062 4063
f 4393 4406 4063
f 4392 4406 4393
f 4393 4063 4064
f 4393 4064 4394
f 4394 4064 4057
f 4068 4396 4060
f 4068 4407 4396
f 4399 4400 4408
f 4408 4400 4409
f 4399 4410 4401
f 4399 4408 4410
f 4402 4401 4411
f 4411 4401 4410
f 4405 4412 4404
f 4414 4413 4412
f 4413 4404 4412
f 4413 4406 4404
f 4415 4069 4062
f 4406 4415 4062
f 4413 4415 4406
f 4416 4070 4069
f 4416 4069 4415
f 4416 4072 4070
f 4074 4407 4068
f 4074 4417 4407
f 4409 4418 4408
f 4420 4419 4418
f 4419 4408 4418
f 4419 4410 4408
f 4411 4410 4421
f 4421 4410 4419
f 4414 4422 4413
f 4424 4423 4422
f 4423 4413 4422
f 4423 4415 4413
f 4415 4425 4416
f 4415 4423 4425
f 4425 4076 4072
f 4425 4072 4416
f 4077 4417 4074
f 4077 4426 4417
f 4419 4420 4427
f 4427 4420 4428
f 4421 4419 4429
f 4429 4419 4427
f 4423 4424 4430
f 4430 4424 4431
f 4423 4432 4425
f 4423 4430 4432
f 4432 4079 4076
f 4432 4076 4425
f 4080 4426 4077
f 4080 4433 4426
f 4436 4435 4434
f 4436 4434 4428
f 4434 4427 4428
f 4434 4437 4427
f 4429 4427 4438
f 4438 4427 4437
f 4441 4440 4439
f 4441 4439 4431
f 4439 4430 4431
f 4439 4442 4430
f 4430 4443 4432
f 4430 4442 4443
f 4443 4082 4079
f 4443 4079 4432
f 4084 4433 4080
f 4084 4444 4433
f 4435 4445 4434
f 4434 4445 4437
f 4437 4445 4446
f 4437 4446 4438
f 4439 4440 4447
f 4447 4440 4448
f 4439 4449 4442
f 4439 4447 4449
f 4442 4450 4443
f 4442 4449 4450
f 4450 4086 4082
f 4450 4082 4443
f 4084 4087 4451
f 4452 4084 4451
f 4444 4084 4452
f 4088 4451 4087
f 4455 4454 4453
f 4455 4453 4448
f 4453 4447 4448
f 4453 4456 4447
f 4456 4090 4091
f 4449 4456 4091
f 4447 4456 4449
f 4449 4091 4092
f 4457 4449 4092
f 4450 4449 4457
f 4457 4094 4086
f 4457 4086 4450
f 4459 4458 4096
f 4459 4096 4097
f 4461 4460 4098
f 4096 4461 4098
f 4458 4461 4096
f 4462 4460 4461
f 4463 4452 4451
f 4463 4451 4088
f 4099 4463 4088
f 4464 4463 4099
f 4099 4100 4464
f 4464 4100 4465
f 4453 4454 4466
f 4466 4454 4467
f 4453 4468 4456
f 4453 4466 4468
f 4469 4101 4090
f 4456 4469 4090
f 4468 4469 4456
f 4469 4092 4101
f 4469 4457 4092
f 4469 4104 4102
f 4457 4469 4102
f 4457 4102 4094
f 4108 4459 4097
f 4108 4470 4459
f 4460 4109 4098
f 4111 4109 4460
f 4462 4111 4460
f 4471 4111 4462
f 4474 4473 4472
f 4475 4472 4473
f 4113 4477 4476
f 4465 4113 4476
f 4100 4113 4465
f 4479 4478 4477
f 4477 4478 4476
f 4479 4480 4478
f 4483 4482 4481
f 4483 4481 4467
f 4481 4466 4467
f 4481 4484 4466
f 4466 4485 4468
f 4466 4484 4485
f 4485 4115 4116
f 4469 4485 4116
f 4468 4485 4469
f 4469 4116 4104
f 4486 4470 4108
f 4486 4108 4119
f 4488 4486 4487
f 4486 4120 4487
f 4486 4119 4120
f 4489 4487 4120
f 4111 4489 4120
f 4471 4489 4111
f 4490 4474 4472
f 4490 4472 4475
f 4121 4491 4477
f 4121 4477 4113
f 4477 4492 4479
f 4477 4491 4492
f 4480 4479 4493
f 4479 4494 4493
f 4479 4492 4494
f 4494 4495 4493
f 4481 4482 4496
f 4496 4482 4497
f 4481 4498 4484
f 4481 4496 4498
f 4484 4499 4485
f 4484 4498 4499
f 4499 4123 4115
f 4499 4115 4485
f 4500 4488 4487
f 4500 4487 4489
f 4125 4491 4121
f 4491 4125 4127
f 4501 4491 4127
f 4492 4491 4501
f 4503 4494 4502
f 4494 4501 4502
f 4494 4492 4501
f 4494 4503 4495
f 4496 4497 4504
f 4504 4497 4505
f 4496 4506 4498
f 4496 4504 4506
f 4498 4507 4499
f 4498 4506 4507
f 4507 4129 4123
f 4507 4123 4499
f 4132 4508 4501
f 4132 4501 4127
f 4502 4501 4509
f 4509 4501 4508
f 4505 4510 4504
f 4512 4511 4510
f 4511 4504 4510
f 4511 4506 4504
f 4506 4513 4507
f 4506 4511 4513
f 4514 4133 4129
f 4507 4514 4129
f 4513 4514 4507
f 4515 4134 4133
f 4515 4133 4514
f 4515 4136 4134
f 4137 4516 4508
f 4137 4508 4132
f 4509 4508 4517
f 4508 4518 4517
f 4508 4516 4518
f 4518 4519 4517
f 4511 4512 4520
f 4520 4512 4521
f 4511 4522 4513
f 4511 4520 4522
f 4513 4523 4514
f 4513 4522 4523
f 4514 4524 4515
f 4514 4523 4524
f 4524 4139 4136
f 4524 4136 4515
f 4140 4516 4137
f 4516 4140 4142
f 4525 4516 4142
f 4518 4516 4525
f 4519 4518 4526
f 4526 4518 4525
f 4520 4521 4527
f 4527 4521 4528
f 4520 4529 4522
f 4520 4527 4529
f 4522 4530 4523
f 4522 4529 4530
f 4523 4531 4524
f 4523 4530 4531
f 4531 4144 4139
f 4531 4139 4524
f 4146 4532 4525
f 4146 4525 4142
f 4526 4525 4533
f 4533 4525 4532
f 4527 4528 4534
f 4534 4528 4535
f 4527 4536 4529
f 4527 4534 4536
f 4529 4537 4530
f 4529 4536 4537
f 4530 4538 4531
f 4530 4537 4538
f 4538 4148 4144
f 4538 4144 4531
f 4150 4539 4532
f 4150 4532 4146
f 4533 4532 4540
f 4532 4541 4540
f 4532 4539 4541
f 4541 4542 4540
f 4534 4535 4543
f 4543 4535 4544
f 4534 4545 4536
f 4534 4543 4545
f 4536 4546 4537
f 4536 4545 4546
f 4537 4547 4538
f 4537 4546 4547
f 4547 4152 4148
f 4547 4148 4538
f 4153 4548 4539
f 4153 4539 4150
f 4539 4549 4541
f 4539 4548 4549
f 4542 4541 4550
f 4541 4551 4550
f 4541 4549 4551
f 4551 4552 4550
f 4543 4544 4553
f 4553 4544 4554
f 4543 4555 4545
f 4543 4553 4555
f 4545 4556 4546
f 4545 4555 4556
f 4546 4557 4547
f 4546 4556 4557
f 4557 4155 4152
f 4557 4152 4547
f 4157 4558 4548
f 4157 4548 4153
f 4548 4559 4549
f 4548 4558 4559
f 4549 4560 4551
f 4549 4559 4560
f 4552 4551 4561
f 4561 4551 4560
f 4553 4554 4562
f 4562 4554 4563
f 4553 4564 4555
f 4553 4562 4564
f 4555 4565 4556
f 4555 4564 4565
f 4556 4566 4557
f 4556 4565 4566
f 4566 4159 4155
f 4566 4155 4557
f 4161 4567 4558
f 4161 4558 4157
f 4558 4568 4559
f 4558 4567 4568
f 4559 4569 4560
f 4559 4568 4569
f 4561 4560 4570
f 4570 4560 4569
f 4573 4572 4571
f 4573 4571 4563
f 4571 4562 4563
f 4571 4574 4562
f 4562 4575 4564
f 4562 4574 4575
f 4564 4576 4565
f 4564 4575 4576
f 4565 4577 4566
f 4565 4576 4577
f 4577 4163 4159
f 4577 4159 4566
f 4165 4578 4567
f 4165 4567 4161
f 4567 4579 4568
f 4567 4578 4579
f 4581 4569 4580
f 4569 4579 4580
f 4569 4568 4579
f 4569 4581 4570
f 4584 4583 4582
f 4586 4585 4582
f 4582 4585 4584
f 4588 4587 4586
f 4586 4587 4585
f 4590 4589 4588
f 4588 4589 4587
f 4590 4591 4589
f 4594 4593 4592
f 4596 4595 4592
f 4592 4595 4594
f 4598 4597 4596
f 4596 4597 4595
f 4597 4598 4572
f 4598 4571 4572
f 4598 4599 4571
f 4571 4600 4574
f 4571 4599 4600
f 4574 4601 4575
f 4574 4600 4601
f 4575 4602 4576
f 4575 4601 4602
f 4576 4603 4577
f 4576 4602 4603
f 4603 4167 4163
f 4603 4163 4577
f 4168 4604 4578
f 4168 4578 4165
f 4578 4605 4579
f 4578 4604 4605
f 4580 4579 4606
f 4606 4579 4605
f 4609 4608 4607
f 4611 4610 4607
f 4607 4610 4609
f 4613 4612 4611
f 4611 4612 4610
f 4612 4613 4583
f 4613 4582 4583
f 4613 4614 4582
f 4582 4615 4586
f 4582 4614 4615
f 4586 4616 4588
f 4586 4615 4616
f 4588 4617 4590
f 4588 4616 4617
f 4591 4590 4618
f 4590 4619 4618
f 4590 4617 4619
f 4618 4619 4593
f 4619 4592 4593
f 4619 4620 4592
f 4592 4621 4596
f 4592 4620 4621
f 4596 4622 4598
f 4596 4621 4622
f 4598 4623 4599
f 4598 4622 4623
f 4599 4624 4600
f 4599 4623 4624
f 4600 4625 4601
f 4600 4624 4625
f 4601 4626 4602
f 4601 4625 4626
f 4602 4627 4603
f 4602 4626 4627
f 4627 4170 4167
f 4627 4167 4603
f 4171 4604 4168
f 4604 4171 4172
f 4628 4604 4172
f 4605 4604 4628
f 4606 4605 4629
f 4605 4630 4629
f 4605 4628 4630
f 4632 4631 4630
f 4630 4631 4629
f 4631 4632 4608
f 4632 4607 4608
f 4632 4633 4607
f 4607 4634 4611
f 4607 4633 4634
f 4634 4174 4175
f 4613 4634 4175
f 4611 4634 4613
f 4613 4175 4176
f 4613 4176 4614
f 4614 4176 4178
f 4614 4178 4615
f 4615 4178 4180
f 4615 4180 4616
f 4616 4180 4182
f 4616 4182 4617
f 4617 4182 4184
f 4617 4184 4619
f 4619 4184 4186
f 4619 4186 4620
f 4620 4186 4188
f 4620 4188 4621
f 4621 4188 4189
f 4621 4189 4622
f 4622 4189 4190
f 4622 4190 4623
f 4623 4190 4191
f 4623 4191 4624
f 4624 4191 4192
f 4624 4192 4625
f 4625 4192 4193
f 4625 4193 4626
f 4626 4193 4194
f 4626 4194 4627
f 4627 4194 4170
f 4195 4628 4172
f 4628 4195 4196
f 4628 4196 4630
f 4630 4196 4197
f 4630 4197 4632
f 4632 4197 4198
f 4632 4198 4633
f 4633 4198 4199
f 4633 4199 4634
f 4634 4199 4174
f 4240 4635 4241
f 4636 4242 4241
f 4636 4241 4635
f 4637 4243 4242
f 4637 4242 4636
f 4638 4244 4243
f 4638 4243 4637
f 4638 4246 4244
f 4253 4639 4254
f 4640 4255 4254
f 4640 4254 4639
f 4641 4256 4255
f 4641 4255 4640
f 4641 4258 4256
f 4263 4642 4635
f 4263 4635 4240
f 4635 4643 4636
f 4635 4642 4643
f 4636 4644 4637
f 4636 4643 4644
f 4637 4645 4638
f 4637 4644 4645
f 4645 4265 4246
f 4645 4246 4638
f 4272 4639 4253
f 4639 4272 4274
f 4639 4274 4640
f 4640 4274 4276
f 4646 4640 4276
f 4641 4640 4646
f 4647 4277 4258
f 4641 4647 4258
f 4646 4647 4641
f 4647 4279 4277
f 4283 4648 4642
f 4283 4642 4263
f 4642 4649 4643
f 4642 4648 4649
f 4643 4650 4644
f 4643 4649 4650
f 4644 4651 4645
f 4644 4650 4651
f 4652 4284 4265
f 4645 4652 4265
f 4651 4652 4645
f 4652 4286 4284
f 4293 4653 4294
f 4646 4276 4294
f 4653 4646 4294
f 4654 4646 4653
f 4646 4655 4647
f 4646 4654 4655
f 4656 4295 4279
f 4647 4656 4279
f 4655 4656 4647
f 4657 4296 4295
f 4657 4295 4656
f 4658 4297 4296
f 4658 4296 4657
f 4659 4298 4297
f 4659 4297 4658
f 4648 4283 4298
f 4659 4648 4298
f 4660 4648 4659
f 4648 4661 4649
f 4648 4660 4661
f 4649 4662 4650
f 4649 4661 4662
f 4650 4663 4651
f 4650 4662 4663
f 4663 4300 4301
f 4652 4663 4301
f 4651 4663 4652
f 4652 4301 4286
f 4308 4664 4653
f 4308 4653 4293
f 4653 4665 4654
f 4653 4664 4665
f 4654 4666 4655
f 4654 4665 4666
f 4655 4667 4656
f 4655 4666 4667
f 4656 4668 4657
f 4656 4667 4668
f 4657 4669 4658
f 4657 4668 4669
f 4658 4670 4659
f 4658 4669 4670
f 4659 4671 4660
f 4659 4670 4671
f 4660 4672 4661
f 4660 4671 4672
f 4672 4310 4311
f 4662 4672 4311
f 4661 4672 4662
f 4662 4311 4312
f 4662 4312 4663
f 4663 4312 4300
f 4320 4673 4664
f 4320 4664 4308
f 4664 4674 4665
f 4664 4673 4674
f 4665 4675 4666
f 4665 4674 4675
f 4666 4676 4667
f 4666 4675 4676
f 4667 4677 4668
f 4667 4676 4677
f 4668 4678 4669
f 4668 4677 4678
f 4669 4679 4670
f 4669 4678 4679
f 4670 4680 4671
f 4670 4679 4680
f 4671 4681 4672
f 4671 4680 4681
f 4682 4321 4310
f 4672 4682 4310
f 4681 4682 4672
f 4683 4322 4321
f 4683 4321 4682
f 4683 4324 4322
f 4332 4673 4320
f 4673 4332 4334
f 4684 4673 4334
f 4674 4673 4684
f 4674 4685 4675
f 4674 4684 4685
f 4675 4686 4676
f 4675 4685 4686
f 4676 4687 4677
f 4676 4686 4687
f 4677 4688 4678
f 4677 4687 4688
f 4688 4336 4337
f 4679 4688 4337
f 4678 4688 4679
f 4679 4337 4338
f 4689 4679 4338
f 4680 4679 4689
f 4680 4690 4681
f 4680 4689 4690
f 4681 4691 4682
f 4681 4690 4691
f 4682 4692 4683
f 4682 4691 4692
f 4692 4340 4324
f 4692 4324 4683
f 4349 4684 4334
f 4684 4349 4351
f 4693 4684 4351
f 4685 4684 4693
f 4685 4694 4686
f 4685 4693 4694
f 4686 4695 4687
f 4686 4694 4695
f 4687 4696 4688
f 4687 4695 4696
f 4697 4352 4336
f 4688 4697 4336
f 4696 4697 4688
f 4689 4338 4352
f 4697 4689 4352
f 4698 4689 4697
f 4689 4699 4690
f 4689 4698 4699
f 4690 4700 4691
f 4690 4699 4700
f 4691 4701 4692
f 4691 4700 4701
f 4702 4353 4340
f 4692 4702 4340
f 4701 4702 4692
f 4703 4354 4353
f 4703 4353 4702
f 4703 4356 4354
f 4360 4704 4361
f 4705 4362 4361
f 4705 4361 4704
f 4706 4363 4362
f 4706 4362 4705
f 4707 4364 4363
f 4707 4363 4706
f 4693 4351 4364
f 4707 4693 4364
f 4708 4693 4707
f 4693 4709 4694
f 4693 4708 4709
f 4694 4710 4695
f 4694 4709 4710
f 4695 4711 4696
f 4695 4710 4711
f 4696 4712 4697
f 4696 4711 4712
f 4697 4713 4698
f 4697 4712 4713
f 4698 4714 4699
f 4698 4713 4714
f 4699 4715 4700
f 4699 4714 4715
f 4700 4716 4701
f 4700 4715 4716
f 4701 4717 4702
f 4701 4716 4717
f 4702 4718 4703
f 4702 4717 4718
f 4719 4365 4356
f 4703 4719 4356
f 4718 4719 4703
f 4719 4367 4365
f 4371 4720 4704
f 4371 4704 4360
f 4704 4721 4705
f 4704 4720 4721
f 4705 4722 4706
f 4705 4721 4722
f 4706 4723 4707
f 4706 4722 4723
f 4707 4724 4708
f 4707 4723 4724
f 4708 4725 4709
f 4708 4724 4725
f 4709 4726 4710
f 4709 4725 4726
f 4710 4727 4711
f 4710 4726 4727
f 4711 4728 4712
f 4711 4727 4728
f 4712 4729 4713
f 4712 4728 4729
f 4713 4730 4714
f 4713 4729 4730
f 4714 4731 4715
f 4714 4730 4731
f 4715 4732 4716
f 4715 4731 4732
f 4716 4733 4717
f 4716 4732 4733
f 4717 4734 4718
f 4717 4733 4734
f 4718 4735 4719
f 4718 4734 4735
f 4735 4373 4367
f 4735 4367 4719
f 4377 4736 4720
f 4377 4720 4371
f 4720 4737 4721
f 4720 4736 4737
f 4721 4738 4722
f 4721 4737 4738
f 4722 4739 4723
f 4722 4738 4739
f 4723 4740 4724
f 4723 4739 4740
f 4724 4741 4725
f 4724 4740 4741
f 4725 4742 4726
f 4725 4741 4742
f 4726 4743 4727
f 4726 4742 4743
f 4727 4744 4728
f 4727 4743 4744
f 4728 4745 4729
f 4728 4744 4745
f 4729 4746 4730
f 4729 4745 4746
f 4730 4747 4731
f 4730 4746 4747
f 4731 4748 4732
f 4731 4747 4748
f 4732 4749 4733
f 4732 4748 4749
f 4733 4750 4734
f 4733 4749 4750
f 4750 4379 4380
f 4735 4750 4380
f 4734 4750 4735
f 4735 4380 4373
f 4388 4751 4736
f 4388 4736 4377
f 4736 4752 4737
f 4736 4751 4752
f 4737 4753 4738
f 4737 4752 4753
f 4738 4754 4739
f 4738 4753 4754
f 4739 4755 4740
f 4739 4754 4755
f 4740 4756 4741
f 4740 4755 4756
f 4741 4757 4742
f 4741 4756 4757
f 4742 4758 4743
f 4742 4757 4758
f 4743 4759 4744
f 4743 4758 4759
f 4744 4760 4745
f 4744 4759 4760
f 4745 4761 4746
f 4745 4760 4761
f 4746 4762 4747
f 4746 4761 4762
f 4747 4763 4748
f 4747 4762 4763
f 4748 4764 4749
f 4748 4763 4764
f 4764 4390 4391
f 4750 4764 4391
f 4749 4764 4750
f 4750 4391 4379
f 4767 4766 4765
f 4768 4765 4766
f 4396 4769 4395
f 4770 4397 4395
f 4770 4395 4769
f 4771 4398 4397
f 4771 4397 4770
f 4771 4400 4398
f 4402 4772 4403
f 4751 4388 4403
f 4772 4751 4403
f 4773 4751 4772
f 4751 4774 4752
f 4751 4773 4774
f 4752 4775 4753
f 4752 4774 4775
f 4753 4776 4754
f 4753 4775 4776
f 4754 4777 4755
f 4754 4776 4777
f 4755 4778 4756
f 4755 4777 4778
f 4756 4779 4757
f 4756 4778 4779
f 4757 4780 4758
f 4757 4779 4780
f 4758 4781 4759
f 4758 4780 4781
f 4759 4782 4760
f 4759 4781 4782
f 4760 4783 4761
f 4760 4782 4783
f 4761 4784 4762
f 4761 4783 4784
f 4762 4785 4763
f 4762 4784 4785
f 4763 4786 4764
f 4763 4785 4786
f 4786 4405 4390
f 4786 4390 4764
f 4787 4767 4765
f 4787 4765 4768
f 4407 4788 4769
f 4407 4769 4396
f 4790 4770 4789
f 4770 4788 4789
f 4770 4769 4788
f 4770 4790 4771
f 4771 4790 4791
f 4400 4771 4791
f 4792 4400 4791
f 4409 4400 4792
f 4411 4793 4772
f 4411 4772 4402
f 4772 4794 4773
f 4772 4793 4794
f 4773 4795 4774
f 4773 4794 4795
f 4774 4796 4775
f 4774 4795 4796
f 4775 4797 4776
f 4775 4796 4797
f 4776 4798 4777
f 4776 4797 4798
f 4777 4799 4778
f 4777 4798 4799
f 4778 4800 4779
f 4778 4799 4800
f 4779 4801 4780
f 4779 4800 4801
f 4780 4802 4781
f 4780 4801 4802
f 4781 4803 4782
f 4781 4802 4803
f 4782 4804 4783
f 4782 4803 4804
f 4783 4805 4784
f 4783 4804 4805
f 4784 4806 4785
f 4784 4805 4806
f 4785 4807 4786
f 4785 4806 4807
f 4808 4412 4405
f 4786 4808 4405
f 4807 4808 4786
f 4808 4414 4412
f 4810 4809 4788
f 4407 4810 4788
f 4417 4810 4407
f 4788 4809 4789
f 4418 4409 4811
f 4409 4812 4811
f 4409 4792 4812
f 4811 4420 4418
f 4421 4813 4793
f 4421 4793 4411
f 4793 4814 4794
f 4793 4813 4814
f 4794 4815 4795
f 4794 4814 4815
f 4795 4816 4796
f 4795 4815 4816
f 4796 4817 4797
f 4796 4816 4817
f 4797 4818 4798
f 4797 4817 4818
f 4820 4799 4819
f 4799 4818 4819
f 4799 4798 4818
f 4822 4821 4820
f 4821 4799 4820
f 4821 4800 4799
f 4824 4801 4823
f 4801 4821 4823
f 4801 4800 4821
f 4801 4824 4802
f 4802 4824 4825
f 4802 4825 4803
f 4803 4825 4826
f 4803 4826 4804
f 4804 4826 4827
f 4804 4827 4805
f 4805 4827 4828
f 4830 4829 4828
f 4829 4805 4828
f 4829 4806 4805
f 4806 4831 4807
f 4806 4829 4831
f 4807 4832 4808
f 4807 4831 4832
f 4833 4422 4414
f 4808 4833 4414
f 4832 4833 4808
f 4833 4424 4422
f 4426 4810 4417
f 4426 4834 4810
f 4811 4812 4835
f 4835 4812 4836
f 4835 4428 4420
f 4835 4420 4811
f 4429 4837 4813
f 4429 4813 4421
f 4813 4838 4814
f 4813 4837 4838
f 4814 4839 4815
f 4814 4838 4839
f 4815 4840 4816
f 4815 4839 4840
f 4816 4841 4817
f 4816 4840 4841
f 4817 4842 4818
f 4817 4841 4842
f 4819 4818 4843
f 4818 4844 4843
f 4818 4842 4844
f 4845 4821 4822
f 4844 4846 4843
f 4821 4845 4823
f 4829 4830 4847
f 4847 4830 4848
f 4829 4849 4831
f 4829 4847 4849
f 4831 4850 4832
f 4831 4849 4850
f 4832 4851 4833
f 4832 4850 4851
f 4851 4431 4424
f 4851 4424 4833
f 4433 4834 4426
f 4433 4852 4834
f 4853 4435 4436
f 4836 4854 4835
f 4855 4835 4854
f 4855 4428 4835
f 4855 4853 4436
f 4428 4855 4436
f 4438 4856 4837
f 4438 4837 4429
f 4837 4857 4838
f 4837 4856 4857
f 4838 4858 4839
f 4838 4857 4858
f 4839 4859 4840
f 4839 4858 4859
f 4840 4860 4841
f 4840 4859 4860
f 4841 4861 4842
f 4841 4860 4861
f 4842 4862 4844
f 4842 4861 4862
f 4846 4844 4863
f 4863 4844 4862
f 4866 4865 4864
f 4866 4864 4848
f 4864 4847 4848
f 4864 4867 4847
f 4847 4868 4849
f 4847 4867 4868
f 4849 4869 4850
f 4849 4868 4869
f 4869 4440 4441
f 4851 4869 4441
f 4850 4869 4851
f 4851 4441 4431
f 4872 4871 4870
f 4873 4870 4871
f 4444 4852 4433
f 4444 4874 4852
f 4877 4876 4875
f 4853 4445 4435
f 4875 4878 4877
f 4878 4875 4879
f 4445 4853 4446
f 4855 4446 4853
f 4446 4855 4880
f 4878 4880 4855
f 4880 4878 4879
f 4856 4438 4446
f 4880 4856 4446
f 4881 4856 4880
f 4856 4882 4857
f 4856 4881 4882
f 4857 4883 4858
f 4857 4882 4883
f 4858 4884 4859
f 4858 4883 4884
f 4859 4885 4860
f 4859 4884 4885
f 4860 4886 4861
f 4860 4885 4886
f 4888 4862 4887
f 4862 4886 4887
f 4862 4861 4886
f 4862 4888 4863
f 4891 4890 4889
f 4891 4889 4865
f 4889 4864 4865
f 4889 4892 4864
f 4864 4893 4867
f 4864 4892 4893
f 4867 4894 4868
f 4867 4893 4894
f 4868 4895 4869
f 4868 4894 4895
f 4895 4448 4440
f 4895 4440 4869
f 4872 4870 4896
f 4872 4896 4897
f 4870 4873 4898
f 4870 4898 4896
f 4452 4900 4899
f 4874 4452 4899
f 4444 4452 4874
f 4902 4901 4900
f 4900 4901 4899
f 4901 4902 4876
f 4902 4875 4876
f 4902 4903 4875
f 4875 4904 4879
f 4875 4903 4904
f 4879 4905 4880
f 4879 4904 4905
f 4880 4906 4881
f 4880 4905 4906
f 4881 4907 4882
f 4881 4906 4907
f 4882 4908 4883
f 4882 4907 4908
f 4883 4909 4884
f 4883 4908 4909
f 4884 4910 4885
f 4884 4909 4910
f 4885 4911 4886
f 4885 4910 4911
f 4887 4886 4912
f 4912 4886 4911
f 4915 4914 4913
f 4915 4913 4890
f 4913 4889 4890
f 4913 4916 4889
f 4889 4917 4892
f 4889 4916 4917
f 4892 4918 4893
f 4892 4917 4918
f 4893 4919 4894
f 4893 4918 4919
f 4919 4454 4455
f 4895 4919 4455
f 4894 4919 4895
f 4895 4455 4448
f 4459 4920 4458
f 4458 4920 4921
f 4922 4458 4921
f 4461 4458 4922
f 4924 4923 4462
f 4461 4924 4462
f 4922 4924 4461
f 4926 4925 4923
f 4926 4923 4924
f 4928 4927 4925
f 4928 4925 4926
f 4927 4930 4929
f 4927 4896 4930
f 4927 4928 4897
f 4896 4927 4897
f 4930 4896 4898
f 4463 4900 4452
f 4900 4463 4464
f 4900 4464 4902
f 4902 4464 4465
f 4931 4902 4465
f 4903 4902 4931
f 4903 4932 4904
f 4903 4931 4932
f 4904 4933 4905
f 4904 4932 4933
f 4905 4934 4906
f 4905 4933 4934
f 4906 4935 4907
f 4906 4934 4935
f 4907 4936 4908
f 4907 4935 4936
f 4908 4937 4909
f 4908 4936 4937
f 4909 4938 4910
f 4909 4937 4938
f 4910 4939 4911
f 4910 4938 4939
f 4912 4911 4940
f 4911 4941 4940
f 4911 4939 4941
f 4943 4942 4941
f 4941 4942 4940
f 4945 4944 4943
f 4943 4944 4942
f 4947 4946 4945
f 4945 4946 4944
f 4946 4947 4914
f 4947 4913 4914
f 4947 4948 4913
f 4913 4949 4916
f 4913 4948 4949
f 4916 4950 4917
f 4916 4949 4950
f 4917 4951 4918
f 4917 4950 4951
f 4918 4952 4919
f 4918 4951 4952
f 4952 4467 4454
f 4952 4454 4919
f 4954 4953 4920
f 4459 4954 4920
f 4470 4954 4459
f 4920 4953 4921
f 4955 4471 4923
f 4923 4471 4462
f 4474 4955 4473
f 4955 4925 4473
f 4955 4923 4925
f 4473 4925 4475
f 4925 4956 4475
f 4925 4927 4956
f 4927 4929 4957
f 4927 4957 4956
f 4476 4931 4465
f 4931 4476 4478
f 4931 4478 4932
f 4932 4478 4480
f 4958 4932 4480
f 4933 4932 4958
f 4933 4959 4934
f 4933 4958 4959
f 4934 4960 4935
f 4934 4959 4960
f 4935 4961 4936
f 4935 4960 4961
f 4936 4962 4937
f 4936 4961 4962
f 4937 4963 4938
f 4937 4962 4963
f 4938 4964 4939
f 4938 4963 4964
f 4939 4965 4941
f 4939 4964 4965
f 4941 4966 4943
f 4941 4965 4966
f 4943 4967 4945
f 4943 4966 4967
f 4945 4968 4947
f 4945 4967 4968
f 4947 4969 4948
f 4947 4968 4969
f 4948 4970 4949
f 4948 4969 4970
f 4949 4971 4950
f 4949 4970 4971
f 4950 4972 4951
f 4950 4971 4972
f 4972 4482 4483
f 4952 4972 4483
f 4951 4972 4952
f 4952 4483 4467
f 4973 4954 4470
f 4973 4470 4486
f 4486 4488 4973
f 4973 4488 4974
f 4975 4489 4955
f 4955 4489 4471
f 4490 4976 4474
f 4976 4955 4474
f 4976 4975 4955
f 4977 4976 4490
f 4977 4490 4475
f 4978 4977 4475
f 4956 4978 4475
f 4978 4956 4957
f 4493 4958 4480
f 4958 4493 4495
f 4979 4958 4495
f 4959 4958 4979
f 4959 4980 4960
f 4959 4979 4980
f 4960 4981 4961
f 4960 4980 4981
f 4961 4982 4962
f 4961 4981 4982
f 4962 4983 4963
f 4962 4982 4983
f 4963 4984 4964
f 4963 4983 4984
f 4964 4985 4965
f 4964 4984 4985
f 4965 4986 4966
f 4965 4985 4986
f 4966 4987 4967
f 4966 4986 4987
f 4967 4988 4968
f 4967 4987 4988
f 4968 4989 4969
f 4968 4988 4989
f 4969 4990 4970
f 4969 4989 4990
f 4970 4991 4971
f 4970 4990 4991
f 4971 4992 4972
f 4971 4991 4992
f 4992 4497 4482
f 4992 4482 4972
f 4993 4974 4488
f 4993 4488 4500
f 4500 4489 4975
f 4994 4500 4975
f 4993 4500 4994
f 4994 4975 4976
f 4994 4976 4995
f 4995 4976 4977
f 4502 4996 4503
f 4979 4495 4503
f 4996 4979 4503
f 4997 4979 4996
f 4979 4998 4980
f 4979 4997 4998
f 4980 4999 4981
f 4980 4998 4999
f 4981 5000 4982
f 4981 4999 5000
f 4982 5001 4983
f 4982 5000 5001
f 4983 5002 4984
f 4983 5001 5002
f 4984 5003 4985
f 4984 5002 5003
f 4985 5004 4986
f 4985 5003 5004
f 4986 5005 4987
f 4986 5004 5005
f 4987 5006 4988
f 4987 5005 5006
f 4988 5007 4989
f 4988 5006 5007
f 4989 5008 4990
f 4989 5007 5008
f 4990 5009 4991
f 4990 5008 5009
f 4991 5010 4992
f 4991 5009 5010
f 5010 4505 4497
f 5010 4497 4992
f 4509 5011 4996
f 4509 4996 4502
f 4996 5012 4997
f 4996 5011 5012
f 4997 5013 4998
f 4997 5012 5013
f 4998 5014 4999
f 4998 5013 5014
f 4999 5015 5000
f 4999 5014 5015
f 5000 5016 5001
f 5000 5015 5016
f 5001 5017 5002
f 5001 5016 5017
f 5002 5018 5003
f 5002 5017 5018
f 5003 5019 5004
f 5003 5018 5019
f 5004 5020 5005
f 5004 5019 5020
f 5005 5021 5006
f 5005 5020 5021
f 5006 5022 5007
f 5006 5021 5022
f 5007 5023 5008
f 5007 5022 5023
f 5008 5024 5009
f 5008 5023 5024
f 5009 5025 5010
f 5009 5024 5025
f 5026 4510 4505
f 5010 5026 4505
f 5025 5026 5010
f 5026 4512 4510
f 4517 5011 4509
f 5011 4517 4519
f 5027 5011 4519
f 5012 5011 5027
f 5012 5028 5013
f 5012 5027 5028
f 5013 5029 5014
f 5013 5028 5029
f 5014 5030 5015
f 5014 5029 5030
f 5015 5031 5016
f 5015 5030 5031
f 5016 5032 5017
f 5016 5031 5032
f 5017 5033 5018
f 5017 5032 5033
f 5018 5034 5019
f 5018 5033 5034
f 5019 5035 5020
f 5019 5034 5035
f 5020 5036 5021
f 5020 5035 5036
f 5021 5037 5022
f 5021 5036 5037
f 5022 5038 5023
f 5022 5037 5038
f 5023 5039 5024
f 5023 5038 5039
f 5024 5040 5025
f 5024 5039 5040
f 5025 5041 5026
f 5025 5040 5041
f 5041 4521 4512
f 5041 4512 5026
f 4526 5042 5027
f 4526 5027 4519
f 5027 5043 5028
f 5027 5042 5043
f 5028 5044 5029
f 5028 5043 5044
f 5029 5045 5030
f 5029 5044 5045
f 5030 5046 5031
f 5030 5045 5046
f 5031 5047 5032
f 5031 5046 5047
f 5032 5048 5033
f 5032 5047 5048
f 5033 5049 5034
f 5033 5048 5049
f 5034 5050 5035
f 5034 5049 5050
f 5035 5051 5036
f 5035 5050 5051
f 5036 5052 5037
f 5036 5051 5052
f 5037 5053 5038
f 5037 5052 5053
f 5038 5054 5039
f 5038 5053 5054
f 5039 5055 5040
f 5039 5054 5055
f 5040 5056 5041
f 5040 5055 5056
f 5056 4528 4521
f 5056 4521 5041
f 4533 5057 5042
f 4533 5042 4526
f 5042 5058 5043
f 5042 5057 5058
f 5043 5059 5044
f 5043 5058 5059
f 5044 5060 5045
f 5044 5059 5060
f 5045 5061 5046
f 5045 5060 5061
f 5046 5062 5047
f 5046 5061 5062
f 5047 5063 5048
f 5047 5062 5063
f 5048 5064 5049
f 5048 5063 5064
f 5049 5065 5050
f 5049 5064 5065
f 5050 5066 5051
f 5050 5065 5066
f 5051 5067 5052
f 5051 5066 5067
f 5052 5068 5053
f 5052 5067 5068
f 5053 5069 5054
f 5053 5068 5069
f 5054 5070 5055
f 5054 5069 5070
f 5055 5071 5056
f 5055 5070 5071
f 5071 4535 4528
f 5071 4528 5056
f 4540 5057 4533
f 5057 4540 4542
f 5072 5057 4542
f 5058 5057 5072
f 5058 5073 5059
f 5058 5072 5073
f 5059 5074 5060
f 5059 5073 5074
f 5060 5075 5061
f 5060 5074 5075
f 5061 5076 5062
f 5061 5075 5076
f 5062 5077 5063
f 5062 5076 5077
f 5063 5078 5064
f 5063 5077 5078
f 5064 5079 5065
f 5064 5078 5079
f 5065 5080 5066
f 5065 5079 5080
f 5066 5081 5067
f 5066 5080 5081
f 5067 5082 5068
f 5067 5081 5082
f 5068 5083 5069
f 5068 5082 5083
f 5069 5084 5070
f 5069 5083 5084
f 5070 5085 5071
f 5070 5084 5085
f 5085 4544 4535
f 5085 4535 5071
f 4550 5072 4542
f 5072 4550 4552
f 5086 5072 4552
f 5073 5072 5086
f 5073 5087 5074
f 5073 5086 5087
f 5074 5088 5075
f 5074 5087 5088
f 5075 5089 5076
f 5075 5088 5089
f 5076 5090 5077
f 5076 5089 5090
f 5077 5091 5078
f 5077 5090 5091
f 5078 5092 5079
f 5078 5091 5092
f 5079 5093 5080
f 5079 5092 5093
f 5080 5094 5081
f 5080 5093 5094
f 5081 5095 5082
f 5081 5094 5095
f 5082 5096 5083
f 5082 5095 5096
f 5083 5097 5084
f 5083 5096 5097
f 5084 5098 5085
f 5084 5097 5098
f 5098 4554 4544
f 5098 4544 5085
f 4561 5099 5086
f 4561 5086 4552
f 5086 5100 5087
f 5086 5099 5100
f 5087 5101 5088
f 5087 5100 5101
f 5088 5102 5089
f 5088 5101 5102
f 5089 5103 5090
f 5089 5102 5103
f 5090 5104 5091
f 5090 5103 5104
f 5091 5105 5092
f 5091 5104 5105
f 5092 5106 5093
f 5092 5105 5106
f 5093 5107 5094
f 5093 5106 5107
f 5094 5108 5095
f 5094 5107 5108
f 5095 5109 5096
f 5095 5108 5109
f 5096 5110 5097
f 5096 5109 5110
f 5097 5111 5098
f 5097 5110 5111
f 5111 4563 4554
f 5111 4554 5098
f 4570 5112 5099
f 4570 5099 4561
f 5099 5113 5100
f 5099 5112 5113
f 5100 5114 5101
f 5100 5113 5114
f 5101 5115 5102
f 5101 5114 5115
f 5102 5116 5103
f 5102 5115 5116
f 5103 5117 5104
f 5103 5116 5117
f 5104 5118 5105
f 5104 5117 5118
f 5105 5119 5106
f 5105 5118 5119
f 5106 5120 5107
f 5106 5119 5120
f 5107 5121 5108
f 5107 5120 5121
f 5108 5122 5109
f 5108 5121 5122
f 5109 5123 5110
f 5109 5122 5123
f 5123 4572 4573
f 5111 5123 4573
f 5110 5123 5111
f 5111 4573 4563
f 4580 5124 4581
f 5112 4570 4581
f 5124 5112 4581
f 5125 5112 5124
f 5112 5126 5113
f 5112 5125 5126
f 5113 5127 5114
f 5113 5126 5127
f 5114 5128 5115
f 5114 5127 5128
f 5128 4583 4584
f 5116 5128 4584
f 5115 5128 5116
f 5116 4584 4585
f 5116 4585 5117
f 5117 4585 4587
f 5117 4587 5118
f 5118 4587 4589
f 5118 4589 5119
f 5119 4589 4591
f 5129 5119 4591
f 5120 5119 5129
f 5129 4593 4594
f 5121 5129 4594
f 5120 5129 5121
f 5121 4594 4595
f 5121 4595 5122
f 5122 4595 4597
f 5122 4597 5123
f 5123 4597 4572
f 4606 5130 5124
f 4606 5124 4580
f 5124 5131 5125
f 5124 5130 5131
f 5131 4608 4609
f 5126 5131 4609
f 5125 5131 5126
f 5126 4609 4610
f 5126 4610 5127
f 5127 4610 4612
f 5127 4612 5128
f 5128 4612 4583
f 4618 5129 4591
f 5129 4618 4593
f 4629 5130 4606
f 5130 4629 4631
f 5130 4631 5131
f 5131 4631 4608
f 5134 5133 5132
f 5135 5132 5133
f 5134 5132 5136
f 5134 5136 5137
f 5138 4766 4767
f 5132 5138 4767
f 5136 5132 4767
f 5138 5132 5135
f 4768 4766 5138
f 4768 5138 5139
f 5137 5136 5140
f 5137 5140 5141
f 4787 5142 4767
f 5142 5136 4767
f 5142 5140 5136
f 5143 5142 4787
f 4768 5143 4787
f 5139 5143 4768
f 4789 5144 4790
f 5145 4791 4790
f 5145 4790 5144
f 5145 4792 4791
f 5146 5141 5140
f 5148 5147 5146
f 5140 5148 5146
f 5142 5148 5140
f 5142 5143 5149
f 5142 5149 5148
f 4810 5150 4809
f 5150 5151 4809
f 4809 5151 4789
f 5151 5152 4789
f 5152 5144 4789
f 5154 5153 5152
f 5153 5144 5152
f 5153 5145 5144
f 5153 4812 4792
f 5153 4792 5145
f 4819 5155 4820
f 5155 4822 4820
f 4823 5156 4824
f 5157 4825 4824
f 5157 4824 5156
f 5158 4826 4825
f 5158 4825 5157
f 5159 4827 4826
f 5159 4826 5158
f 5160 4828 4827
f 5160 4827 5159
f 5160 4830 4828
f 5163 5162 5161
f 5161 5162 5147
f 5148 5161 5147
f 5164 5161 5148
f 5148 5149 5165
f 5148 5165 5164
f 4834 5166 5150
f 4834 5150 4810
f 5151 5150 5167
f 5167 5150 5166
f 5154 5168 5153
f 4812 5153 5168
f 5169 4812 5168
f 4836 4812 5169
f 4843 5155 4819
f 5170 4843 4846
f 5170 5155 4843
f 5170 4845 4822
f 5155 5170 4822
f 5156 4823 4845
f 5170 5156 4845
f 5171 5156 5170
f 5156 5172 5157
f 5156 5171 5172
f 5157 5173 5158
f 5157 5172 5173
f 5158 5174 5159
f 5158 5173 5174
f 5159 5175 5160
f 5159 5174 5175
f 5175 4848 4830
f 5175 4830 5160
f 5163 5161 5176
f 5163 5176 5177
f 5178 5161 5164
f 5176 5161 5178
f 5164 5165 5179
f 5180 5164 5179
f 5178 5164 5180
f 5181 5180 5179
f 4852 5182 5166
f 4852 5166 4834
f 5167 5166 5183
f 5183 5166 5182
f 5186 5185 5184
f 5184 5187 4854
f 5169 5184 4854
f 4836 5169 4854
f 5184 5169 5186
f 5187 4855 4854
f 4863 5188 5170
f 4863 5170 4846
f 5170 5189 5171
f 5170 5188 5189
f 5171 5190 5172
f 5171 5189 5190
f 5172 5191 5173
f 5172 5190 5191
f 5173 5192 5174
f 5173 5191 5192
f 5192 4865 4866
f 5175 5192 4866
f 5174 5192 5175
f 5175 4866 4848
f 5177 5176 5193
f 5177 5193 5194
f 4872 5193 4871
f 5193 5178 4871
f 5193 5176 5178
f 4871 5178 4873
f 5178 5195 4873
f 5178 5180 5195
f 5180 5181 5196
f 5180 5196 5195
f 4874 5197 5182
f 4874 5182 4852
f 5183 5182 5198
f 5182 5199 5198
f 5182 5197 5199
f 5198 5199 5185
f 5185 5199 5184
f 5199 4876 5184
f 4876 4877 5184
f 5184 4877 4878
f 5184 4878 5187
f 5187 4878 4855
f 4887 5200 4888
f 5188 4863 4888
f 5200 5188 4888
f 5201 5188 5200
f 5188 5202 5189
f 5188 5201 5202
f 5189 5203 5190
f 5189 5202 5203
f 5190 5204 5191
f 5190 5203 5204
f 5204 4890 4891
f 5192 5204 4891
f 5191 5204 5192
f 5192 4891 4865
f 5207 5206 5205
f 5205 5206 5194
f 5193 5205 5194
f 5208 5205 5193
f 4897 5208 4872
f 4872 5208 5193
f 5209 4898 5195
f 5195 4898 4873
f 5195 5196 5210
f 5195 5210 5209
f 4899 5197 4874
f 5197 4899 4901
f 5197 4901 5199
f 5199 4901 4876
f 4912 5211 5200
f 4912 5200 4887
f 5200 5212 5201
f 5200 5211 5212
f 5201 5213 5202
f 5201 5212 5213
f 5202 5214 5203
f 5202 5213 5214
f 5214 4914 4915
f 5204 5214 4915
f 5203 5214 5204
f 5204 4915 4890
f 5216 5215 4922
f 5216 4922 4921
f 4922 5217 4924
f 5215 5217 4922
f 5205 4926 5207
f 4926 5217 5207
f 4926 4924 5217
f 4926 5205 4928
f 4928 5205 5208
f 5208 4897 4928
f 5219 4929 5218
f 4930 5218 4929
f 4930 4898 5209
f 5220 4930 5209
f 5218 4930 5220
f 5220 5209 5210
f 4940 5211 4912
f 5211 4940 4942
f 5211 4942 5212
f 5212 4942 4944
f 5212 4944 5213
f 5213 4944 4946
f 5213 4946 5214
f 5214 4946 4914
f 4954 5221 4953
f 5221 5222 4953
f 5222 4921 4953
f 5222 5216 4921
f 5219 4957 4929
f 5223 4957 5219
f 4973 5221 4954
f 4973 4974 5221
f 4974 5222 5221
f 4974 5224 5222
f 5226 5225 4978
f 4978 5225 4977
f 4978 4957 5223
f 4978 5223 5226
f 4974 4993 5227
f 5228 4974 5227
f 5224 4974 5228
f 5227 4993 5229
f 4993 5230 5229
f 4993 4994 5230
f 5231 4994 4995
f 5231 5230 4994
f 4995 4977 5225
f 4995 5225 5231
f 5232 5228 5227
f 5232 5227 5229
f 5235 5234 5233
f 5133 5134 5233
f 5234 5133 5233
f 5236 5133 5234
f 5135 5133 5236
f 5135 5236 5237
f 5240 5239 5238
f 5241 5238 5239
f 5235 5233 5242
f 5235 5242 5243
f 5137 5242 5134
f 5134 5242 5233
f 5237 5244 5135
f 5135 5244 5138
f 5139 5138 5244
f 5139 5244 5245
f 5240 5238 5246
f 5240 5246 5247
f 5238 5241 5248
f 5238 5248 5246
f 5243 5242 5249
f 5243 5249 5250
f 5141 5249 5137
f 5137 5249 5242
f 5245 5143 5139
f 5251 5143 5245
f 5254 5253 5252
f 5256 5255 5252
f 5256 5252 5253
f 5258 5257 5255
f 5258 5255 5256
f 5259 5257 5258
f 5247 5246 5260
f 5247 5260 5261
f 5246 5248 5262
f 5246 5262 5260
f 5250 5249 5263
f 5250 5263 5264
f 5146 5265 5141
f 5265 5249 5141
f 5265 5263 5249
f 5147 5265 5146
f 5251 5149 5143
f 5266 5149 5251
f 5269 5268 5267
f 5267 5268 5254
f 5252 5267 5254
f 5270 5267 5252
f 5151 5270 5152
f 5270 5255 5152
f 5270 5252 5255
f 5152 5255 5154
f 5255 5271 5154
f 5255 5257 5271
f 5257 5259 5272
f 5273 5257 5272
f 5271 5257 5273
f 5274 5273 5272
f 5277 5276 5275
f 5278 5275 5276
f 5261 5260 5279
f 5261 5279 5280
f 5260 5262 5281
f 5282 5260 5281
f 5279 5260 5282
f 5282 5281 5264
f 5263 5282 5264
f 5283 5282 5263
f 5163 5283 5162
f 5283 5265 5162
f 5283 5263 5265
f 5162 5265 5147
f 5285 5165 5284
f 5165 5266 5284
f 5165 5149 5266
f 5286 5285 5284
f 5269 5267 5287
f 5269 5287 5288
f 5289 5267 5270
f 5287 5267 5289
f 5167 5289 5151
f 5151 5289 5270
f 5271 5168 5154
f 5271 5273 5290
f 5169 5271 5290
f 5291 5169 5290
f 5271 5169 5168
f 5290 5273 5274
f 5294 5293 5292
f 5296 5295 5292
f 5296 5292 5293
f 5295 5296 5277
f 5275 5295 5277
f 5297 5295 5275
f 5275 5278 5298
f 5299 5275 5298
f 5297 5275 5299
f 5300 5299 5298
f 5280 5279 5301
f 5280 5301 5302
f 5303 5279 5282
f 5301 5279 5303
f 5304 5282 5283
f 5303 5282 5304
f 5177 5304 5163
f 5163 5304 5283
f 5285 5179 5165
f 5306 5305 5181
f 5306 5181 5179
f 5286 5306 5179
f 5285 5286 5179
f 5307 5305 5306
f 5288 5287 5308
f 5288 5308 5309
f 5310 5287 5289
f 5308 5287 5310
f 5183 5310 5167
f 5167 5310 5289
f 5311 5185 5186
f 5312 5311 5186
f 5169 5312 5186
f 5291 5312 5169
f 5315 5314 5313
f 5313 5314 5294
f 5292 5313 5294
f 5316 5313 5292
f 5317 5292 5295
f 5316 5292 5317
f 5318 5295 5297
f 5317 5295 5318
f 5319 5297 5299
f 5318 5297 5319
f 5299 5300 5320
f 5299 5320 5319
f 5302 5301 5321
f 5302 5321 5322
f 5323 5301 5303
f 5321 5301 5323
f 5324 5303 5304
f 5323 5303 5324
f 5194 5324 5177
f 5177 5324 5304
f 5325 5196 5305
f 5305 5196 5181
f 5305 5307 5326
f 5327 5305 5326
f 5325 5305 5327
f 5328 5327 5326
f 5329 5309 5308
f 5331 5330 5329
f 5308 5331 5329
f 5310 5331 5308
f 5198 5332 5183
f 5332 5310 5183
f 5332 5331 5310
f 5333 5332 5198
f 5333 5198 5185
f 5334 5333 5185
f 5311 5334 5185
f 5334 5311 5312
f 5335 5315 5313
f 5335 5313 5316
f 5335 5316 5336
f 5338 5337 5336
f 5316 5338 5336
f 5317 5338 5316
f 5339 5317 5318
f 5338 5317 5339
f 5340 5318 5319
f 5339 5318 5340
f 5319 5320 5341
f 5319 5341 5340
f 5322 5321 5342
f 5322 5342 5343
f 5344 5321 5323
f 5342 5321 5344
f 5207 5344 5206
f 5344 5324 5206
f 5344 5323 5324
f 5206 5324 5194
f 5346 5345 5325
f 5345 5196 5325
f 5345 5210 5196
f 5346 5325 5327
f 5346 5327 5347
f 5347 5327 5328
f 5348 5330 5331
f 5348 5331 5332
f 5348 5332 5349
f 5349 5332 5333
f 5350 5337 5338
f 5350 5338 5339
f 5350 5339 5351
f 5351 5339 5340
f 5351 5340 5352
f 5352 5340 5341
f 5343 5342 5215
f 5216 5343 5215
f 5353 5343 5216
f 5215 5342 5217
f 5217 5342 5344
f 5217 5344 5207
f 5354 5219 5218
f 5354 5218 5355
f 5218 5356 5355
f 5218 5220 5356
f 5220 5210 5345
f 5220 5345 5356
f 5222 5353 5216
f 5222 5357 5353
f 5359 5358 5354
f 5358 5219 5354
f 5358 5223 5219
f 5359 5354 5355
f 5224 5357 5222
f 5224 5360 5357
f 5361 5225 5226
f 5362 5361 5226
f 5223 5362 5226
f 5358 5362 5223
f 5228 5360 5224
f 5228 5363 5360
f 5364 5229 5230
f 5231 5365 5230
f 5230 5365 5364
f 5366 5365 5231
f 5366 5231 5225
f 5367 5366 5225
f 5361 5367 5225
f 5367 5361 5362
f 5368 5363 5228
f 5368 5228 5232
f 5232 5229 5364
f 5369 5232 5364
f 5368 5232 5369
f 5369 5364 5365
f 5369 5365 5370
f 5370 5365 5366
f 5373 5372 5371
f 5375 5374 5371
f 5375 5371 5372
f 5376 5374 5375
f 5379 5378 5377
f 5381 5380 5377
f 5381 5377 5378
f 5380 5381 5373
f 5380 5373 5371
f 5235 5380 5371
f 5234 5235 5371
f 5234 5371 5236
f 5236 5371 5374
f 5383 5382 5237
f 5383 5237 5236
f 5376 5383 5236
f 5374 5376 5236
f 5384 5382 5383
f 5379 5377 5239
f 5240 5379 5239
f 5385 5379 5240
f 5239 5377 5241
f 5377 5386 5241
f 5377 5380 5386
f 5243 5386 5235
f 5235 5386 5380
f 5382 5244 5237
f 5388 5387 5245
f 5388 5245 5244
f 5384 5388 5244
f 5382 5384 5244
f 5389 5387 5388
f 5392 5391 5390
f 5394 5393 5390
f 5394 5390 5391
f 5395 5393 5394
f 5398 5397 5396
f 5399 5396 5397
f 5402 5401 5400
f 5401 5385 5400
f 5385 5247 5400
f 5385 5240 5247
f 5403 5248 5386
f 5386 5248 5241
f 5250 5403 5243
f 5243 5403 5386
f 5404 5251 5387
f 5387 5251 5245
f 5387 5389 5405
f 5387 5405 5404
f 5408 5407 5406
f 5253 5254 5406
f 5407 5253 5406
f 5409 5253 5407
f 5390 5256 5392
f 5256 5409 5392
f 5256 5253 5409
f 5256 5390 5258
f 5258 5390 5393
f 5411 5410 5259
f 5411 5259 5258
f 5395 5411 5258
f 5393 5395 5258
f 5412 5410 5411
f 5415 5414 5413
f 5413 5414 5398
f 5396 5413 5398
f 5416 5413 5396
f 5396 5399 5417
f 5418 5396 5417
f 5416 5396 5418
f 5419 5418 5417
f 5402 5400 5420
f 5402 5420 5421
f 5261 5420 5247
f 5247 5420 5400
f 5422 5262 5403
f 5403 5262 5248
f 5264 5422 5250
f 5250 5422 5403
f 5423 5266 5404
f 5404 5266 5251
f 5404 5405 5424
f 5425 5404 5424
f 5423 5404 5425
f 5427 5426 5425
f 5427 5425 5424
f 5428 5426 5427
f 5408 5406 5268
f 5269 5408 5268
f 5429 5408 5269
f 5268 5406 5254
f 5410 5272 5259
f 5431 5430 5274
f 5431 5274 5272
f 5412 5431 5272
f 5410 5412 5272
f 5432 5430 5431
f 5415 5413 5433
f 5415 5433 5434
f 5435 5413 5416
f 5433 5413 5435
f 5277 5435 5276
f 5435 5418 5276
f 5435 5416 5418
f 5437 5436 5278
f 5437 5278 5276
f 5419 5437 5276
f 5418 5419 5276
f 5438 5436 5437
f 5439 5421 5420
f 5420 5261 5439
f 5261 5440 5439
f 5261 5280 5440
f 5422 5281 5262
f 5281 5422 5264
f 5423 5284 5266
f 5284 5423 5286
f 5423 5441 5286
f 5423 5425 5441
f 5442 5425 5426
f 5441 5425 5442
f 5426 5428 5443
f 5444 5426 5443
f 5442 5426 5444
f 5445 5444 5443
f 5288 5429 5269
f 5288 5446 5429
f 5447 5291 5290
f 5448 5447 5290
f 5448 5290 5274
f 5449 5448 5274
f 5430 5449 5274
f 5449 5430 5432
f 5452 5451 5450
f 5454 5453 5450
f 5454 5450 5451
f 5453 5454 5434
f 5453 5434 5433
f 5294 5453 5433
f 5293 5294 5433
f 5293 5433 5296
f 5296 5433 5435
f 5296 5435 5277
f 5436 5298 5278
f 5300 5298 5436
f 5438 5300 5436
f 5455 5300 5438
f 5458 5457 5456
f 5457 5440 5456
f 5440 5302 5456
f 5440 5280 5302
f 5441 5306 5286
f 5306 5441 5307
f 5441 5459 5307
f 5441 5442 5459
f 5460 5442 5444
f 5459 5442 5460
f 5444 5445 5461
f 5444 5461 5460
f 5309 5446 5288
f 5309 5462 5446
f 5463 5312 5447
f 5447 5312 5291
f 5447 5448 5464
f 5465 5447 5464
f 5463 5447 5465
f 5467 5466 5465
f 5467 5465 5464
f 5466 5467 5452
f 5450 5466 5452
f 5468 5466 5450
f 5315 5468 5314
f 5468 5453 5314
f 5468 5450 5453
f 5314 5453 5294
f 5470 5320 5469
f 5320 5455 5469
f 5320 5300 5455
f 5471 5470 5469
f 5472 5458 5456
f 5456 5302 5472
f 5302 5473 5472
f 5302 5322 5473
f 5459 5326 5307
f 5459 5460 5474
f 5328 5459 5474
f 5475 5328 5474
f 5459 5328 5326
f 5474 5460 5461
f 5309 5329 5476
f 5477 5309 5476
f 5462 5309 5477
f 5330 5476 5329
f 5478 5333 5334
f 5312 5463 5334
f 5463 5478 5334
f 5463 5479 5478
f 5465 5481 5480
f 5479 5465 5480
f 5463 5465 5479
f 5481 5465 5466
f 5481 5466 5482
f 5482 5466 5468
f 5482 5468 5483
f 5485 5483 5484
f 5484 5483 5335
f 5483 5468 5335
f 5468 5315 5335
f 5336 5486 5335
f 5335 5486 5484
f 5337 5486 5336
f 5488 5487 5470
f 5487 5320 5470
f 5487 5341 5320
f 5488 5470 5471
f 5343 5473 5322
f 5343 5489 5473
f 5491 5490 5346
f 5346 5490 5345
f 5492 5346 5347
f 5492 5491 5346
f 5347 5328 5475
f 5347 5475 5492
f 5493 5477 5476
f 5493 5476 5330
f 5348 5493 5330
f 5494 5493 5348
f 5495 5348 5349
f 5495 5494 5348
f 5349 5333 5478
f 5496 5349 5478
f 5495 5349 5496
f 5496 5478 5479
f 5496 5479 5497
f 5497 5479 5480
f 5498 5485 5484
f 5498 5484 5486
f 5498 5486 5499
f 5499 5486 5337
f 5350 5499 5337
f 5500 5499 5350
f 5502 5500 5501
f 5500 5351 5501
f 5500 5350 5351
f 5501 5351 5503
f 5351 5504 5503
f 5351 5352 5504
f 5352 5341 5487
f 5352 5487 5504
f 5353 5489 5343
f 5353 5505 5489
f 5507 5506 5356
f 5356 5506 5355
f 5356 5345 5490
f 5356 5490 5507
f 5508 5502 5501
f 5508 5501 5503
f 5357 5505 5353
f 5357 5509 5505
f 5511 5510 5359
f 5359 5510 5358
f 5359 5355 5506
f 5359 5506 5511
f 5360 5509 5357
f 5360 5512 5509
f 5510 5362 5358
f 5513 5362 5510
f 5363 5512 5360
f 5363 5514 5512
f 5516 5515 5367
f 5367 5515 5366
f 5367 5362 5513
f 5367 5513 5516
f 5517 5514 5363
f 5517 5363 5368
f 5518 5368 5369
f 5518 5517 5368
f 5519 5369 5370
f 5519 5518 5369
f 5370 5366 5515
f 5370 5515 5519
f 5522 5521 5520
f 5524 5523 5520
f 5524 5520 5521
f 5525 5523 5524
f 5528 5527 5526
f 5530 5529 5526
f 5530 5526 5527
f 5529 5530 5522
f 5529 5522 5520
f 5373 5529 5520
f 5372 5373 5520
f 5372 5520 5375
f 5375 5520 5523
f 5532 5531 5376
f 5532 5376 5375
f 5525 5532 5375
f 5523 5525 5375
f 5533 5531 5532
f 5528 5526 5378
f 5379 5528 5378
f 5534 5528 5379
f 5378 5526 5381
f 5381 5526 5529
f 5381 5529 5373
f 5531 5383 5376
f 5384 5383 5531
f 5533 5384 5531
f 5535 5384 5533
f 5385 5534 5379
f 5385 5536 5534
f 5535 5537 5384
f 5384 5537 5388
f 5389 5388 5537
f 5389 5537 5538
f 5392 5539 5391
f 5391 5539 5540
f 5541 5391 5540
f 5394 5391 5541
f 5395 5394 5541
f 5395 5541 5542
f 5398 5543 5397
f 5543 5399 5397
f 5402 5544 5401
f 5544 5545 5401
f 5545 5385 5401
f 5545 5536 5385
f 5547 5405 5546
f 5405 5538 5546
f 5405 5389 5538
f 5549 5548 5547
f 5549 5547 5546
f 5550 5548 5549
f 5408 5551 5407
f 5407 5551 5552
f 5553 5407 5552
f 5409 5407 5553
f 5392 5409 5539
f 5409 5554 5539
f 5409 5553 5554
f 5539 5554 5540
f 5542 5555 5395
f 5395 5555 5411
f 5412 5411 5555
f 5412 5555 5556
f 5558 5557 5414
f 5558 5414 5415
f 5398 5414 5543
f 5414 5559 5543
f 5414 5557 5559
f 5559 5561 5560
f 5559 5560 5417
f 5543 5559 5417
f 5399 5543 5417
f 5560 5419 5417
f 5563 5562 5544
f 5402 5563 5544
f 5421 5563 5402
f 5544 5562 5545
f 5547 5424 5405
f 5424 5547 5427
f 5427 5547 5548
f 5428 5427 5548
f 5550 5428 5548
f 5564 5428 5550
f 5566 5565 5551
f 5408 5566 5551
f 5429 5566 5408
f 5551 5565 5552
f 5556 5567 5412
f 5412 5567 5431
f 5432 5431 5567
f 5432 5567 5568
f 5434 5558 5415
f 5434 5569 5558
f 5561 5570 5560
f 5570 5572 5571
f 5570 5571 5437
f 5560 5570 5437
f 5419 5560 5437
f 5571 5438 5437
f 5573 5563 5421
f 5573 5421 5439
f 5439 5440 5573
f 5573 5440 5574
f 5443 5428 5575
f 5428 5576 5575
f 5428 5564 5576
f 5575 5445 5443
f 5446 5566 5429
f 5446 5577 5566
f 5578 5448 5449
f 5432 5568 5579
f 5578 5432 5579
f 5580 5578 5579
f 5449 5432 5578
f 5451 5452 5580
f 5579 5451 5580
f 5581 5451 5579
f 5451 5582 5454
f 5581 5582 5451
f 5434 5454 5569
f 5569 5454 5582
f 5572 5583 5571
f 5438 5571 5583
f 5584 5438 5583
f 5455 5438 5584
f 5458 5585 5457
f 5585 5586 5457
f 5586 5440 5457
f 5586 5574 5440
f 5575 5576 5587
f 5587 5576 5588
f 5587 5461 5445
f 5587 5445 5575
f 5462 5577 5446
f 5462 5589 5577
f 5578 5464 5448
f 5464 5578 5467
f 5467 5578 5580
f 5467 5580 5452
f 5469 5455 5590
f 5455 5591 5590
f 5455 5584 5591
f 5590 5471 5469
f 5472 5585 5458
f 5472 5473 5585
f 5473 5586 5585
f 5473 5592 5586
f 5587 5588 5474
f 5588 5475 5474
f 5588 5593 5475
f 5587 5474 5461
f 5477 5595 5594
f 5589 5477 5594
f 5462 5477 5589
f 5595 5596 5594
f 5598 5597 5481
f 5481 5597 5480
f 5599 5481 5482
f 5599 5598 5481
f 5600 5482 5483
f 5600 5599 5482
f 5602 5601 5485
f 5601 5483 5485
f 5601 5600 5483
f 5604 5603 5602
f 5602 5603 5601
f 5604 5605 5603
f 5608 5607 5606
f 5608 5606 5591
f 5591 5606 5590
f 5606 5487 5590
f 5487 5488 5590
f 5590 5488 5471
f 5489 5592 5473
f 5489 5609 5592
f 5611 5610 5491
f 5491 5610 5490
f 5612 5491 5492
f 5612 5611 5491
f 5492 5475 5593
f 5492 5593 5612
f 5493 5595 5477
f 5613 5596 5595
f 5493 5613 5595
f 5494 5613 5493
f 5614 5494 5495
f 5614 5613 5494
f 5615 5495 5496
f 5615 5614 5495
f 5616 5496 5497
f 5616 5615 5496
f 5497 5480 5597
f 5497 5597 5616
f 5498 5602 5485
f 5602 5498 5499
f 5602 5499 5604
f 5617 5605 5604
f 5499 5617 5604
f 5500 5617 5499
f 5619 5618 5502
f 5618 5500 5502
f 5618 5617 5500
f 5618 5619 5607
f 5607 5619 5606
f 5619 5503 5606
f 5503 5504 5606
f 5606 5504 5487
f 5505 5609 5489
f 5505 5620 5609
f 5622 5621 5507
f 5507 5621 5506
f 5507 5490 5610
f 5507 5610 5622
f 5508 5619 5502
f 5619 5508 5503
f 5509 5620 5505
f 5509 5623 5620
f 5625 5624 5511
f 5511 5624 5510
f 5511 5506 5621
f 5511 5621 5625
f 5512 5623 5509
f 5512 5626 5623
f 5629 5628 5627
f 5624 5629 5627
f 5513 5624 5627
f 5510 5624 5513
f 5514 5631 5630
f 5626 5514 5630
f 5512 5514 5626
f 5631 5632 5630
f 5627 5628 5516
f 5628 5515 5516
f 5628 5633 5515
f 5627 5516 5513
f 5517 5631 5514
f 5517 5518 5631
f 5518 5634 5631
f 5634 5632 5631
f 5518 5635 5634
f 5519 5636 5518
f 5518 5636 5635
f 5637 5636 5519
f 5515 5637 5519
f 5633 5637 5515
f 5634 5635 5638
f 5634 5638 5639
f 5640 5635 5636
f 5638 5635 5640
f 5636 5637 5641
f 5636 5641 5640
f 5642 5639 5638
f 5642 5638 5640
f 5642 5640 5643
f 5643 5640 5641
f 5646 5645 5644
f 5521 5522 5644
f 5645 5521 5644
f 5647 5521 5645
f 5521 5648 5524
f 5647 5648 5521
f 5525 5524 5648
f 5525 5648 5649
f 5651 5650 5527
f 5651 5527 5528
f 5644 5530 5646
f 5530 5650 5646
f 5530 5527 5650
f 5530 5644 5522
f 5649 5652 5525
f 5525 5652 5532
f 5533 5532 5652
f 5533 5652 5653
f 5534 5651 5528
f 5534 5654 5651
f 5656 5535 5655
f 5535 5653 5655
f 5535 5533 5653
f 5657 5656 5655
f 5536 5654 5534
f 5536 5658 5654
f 5656 5537 5535
f 5660 5659 5538
f 5660 5538 5537
f 5657 5660 5537
f 5656 5657 5537
f 5661 5659 5660
f 5540 5662 5541
f 5662 5542 5541
f 5545 5658 5536
f 5545 5663 5658
f 5659 5546 5538
f 5661 5664 5659
f 5664 5546 5659
f 5664 5549 5546
f 5550 5549 5664
f 5550 5664 5665
f 5552 5666 5553
f 5667 5554 5553
f 5667 5553 5666
f 5662 5540 5554
f 5667 5662 5554
f 5668 5662 5667
f 5669 5555 5542
f 5662 5669 5542
f 5668 5669 5662
f 5669 5556 5555
f 5558 5670 5557
f 5671 5559 5557
f 5671 5557 5670
f 5671 5561 5559
f 5563 5672 5562
f 5672 5673 5562
f 5673 5545 5562
f 5673 5663 5545
f 5665 5564 5550
f 5674 5564 5665
f 5566 5675 5565
f 5675 5676 5565
f 5565 5676 5552
f 5676 5677 5552
f 5677 5666 5552
f 5666 5677 5667
f 5667 5677 5678
f 5667 5678 5668
f 5668 5678 5679
f 5668 5679 5669
f 5669 5679 5680
f 5680 5682 5681
f 5680 5681 5567
f 5669 5680 5567
f 5556 5669 5567
f 5681 5568 5567
f 5569 5683 5670
f 5569 5670 5558
f 5670 5684 5671
f 5670 5683 5684
f 5685 5570 5561
f 5671 5685 5561
f 5684 5685 5671
f 5685 5572 5570
f 5573 5672 5563
f 5573 5574 5672
f 5574 5673 5672
f 5574 5686 5673
f 5674 5576 5564
f 5687 5576 5674
f 5577 5688 5675
f 5577 5675 5566
f 5676 5675 5689
f 5689 5675 5688
f 5692 5691 5690
f 5690 5693 5692
f 5681 5682 5694
f 5694 5682 5695
f 5696 5579 5568
f 5681 5696 5568
f 5694 5696 5681
f 5697 5581 5579
f 5697 5579 5696
f 5698 5582 5581
f 5698 5581 5697
f 5683 5569 5582
f 5698 5683 5582
f 5699 5683 5698
f 5683 5700 5684
f 5683 5699 5700
f 5684 5701 5685
f 5684 5700 5701
f 5702 5583 5572
f 5685 5702 5572
f 5701 5702 5685
f 5702 5584 5583
f 5586 5686 5574
f 5586 5703 5686
f 5687 5588 5576
f 5704 5588 5687
f 5589 5705 5688
f 5589 5688 5577
f 5689 5688 5706
f 5706 5688 5705
f 5709 5708 5707
f 5709 5707 5691
f 5707 5690 5691
f 5707 5710 5690
f 5693 5690 5711
f 5690 5712 5711
f 5690 5710 5712
f 5711 5712 5695
f 5712 5694 5695
f 5712 5713 5694
f 5694 5714 5696
f 5694 5713 5714
f 5696 5715 5697
f 5696 5714 5715
f 5697 5716 5698
f 5697 5715 5716
f 5698 5717 5699
f 5698 5716 5717
f 5699 5718 5700
f 5699 5717 5718
f 5700 5719 5701
f 5700 5718 5719
f 5701 5720 5702
f 5701 5719 5720
f 5720 5591 5584
f 5720 5584 5702
f 5592 5703 5586
f 5592 5721 5703
f 5704 5593 5588
f 5722 5593 5704
f 5594 5705 5589
f 5724 5723 5596
f 5596 5723 5594
f 5723 5706 5594
f 5706 5705 5594
f 5723 5724 5708
f 5724 5707 5708
f 5724 5725 5707
f 5707 5726 5710
f 5707 5725 5726
f 5710 5727 5712
f 5710 5726 5727
f 5727 5597 5598
f 5713 5727 5598
f 5712 5727 5713
f 5713 5598 5599
f 5713 5599 5714
f 5714 5599 5600
f 5714 5600 5715
f 5715 5600 5601
f 5715 5601 5716
f 5716 5601 5603
f 5716 5603 5717
f 5717 5603 5605
f 5728 5717 5605
f 5718 5717 5728
f 5718 5729 5719
f 5718 5728 5729
f 5729 5607 5608
f 5720 5729 5608
f 5719 5729 5720
f 5720 5608 5591
f 5609 5721 5592
f 5609 5730 5721
f 5731 5610 5611
f 5731 5611 5732
f 5611 5733 5732
f 5611 5612 5733
f 5612 5593 5722
f 5612 5722 5733
f 5613 5724 5596
f 5724 5613 5614
f 5724 5614 5725
f 5725 5614 5615
f 5725 5615 5726
f 5726 5615 5616
f 5726 5616 5727
f 5727 5616 5597
f 5617 5728 5605
f 5728 5617 5618
f 5728 5618 5729
f 5729 5618 5607
f 5620 5730 5609
f 5620 5734 5730
f 5736 5735 5622
f 5622 5735 5621
f 5622 5610 5731
f 5737 5622 5731
f 5736 5622 5737
f 5737 5731 5732
f 5623 5734 5620
f 5623 5738 5734
f 5740 5739 5625
f 5625 5739 5624
f 5625 5621 5735
f 5625 5735 5740
f 5626 5742 5741
f 5738 5626 5741
f 5623 5626 5738
f 5742 5743 5741
f 5745 5744 5629
f 5629 5744 5628
f 5629 5624 5739
f 5629 5739 5745
f 5630 5742 5626
f 5747 5746 5632
f 5632 5746 5630
f 5746 5743 5630
f 5743 5742 5630
f 5747 5748 5746
f 5744 5633 5628
f 5749 5633 5744
f 5751 5750 5747
f 5632 5751 5747
f 5634 5751 5632
f 5747 5750 5748
f 5749 5637 5633
f 5752 5637 5749
f 5639 5751 5634
f 5639 5753 5751
f 5752 5641 5637
f 5754 5641 5752
f 5755 5753 5639
f 5755 5639 5642
f 5756 5642 5643
f 5756 5755 5642
f 5643 5641 5754
f 5643 5754 5756
f 5646 5757 5645
f 5758 5647 5645
f 5758 5645 5757
f 5647 5758 5759
f 5760 5647 5759
f 5648 5647 5760
f 5649 5648 5760
f 5649 5760 5761
f 5651 5762 5650
f 5762 5763 5650
f 5650 5763 5646
f 5763 5764 5646
f 5764 5757 5646
f 5757 5764 5758
f 5758 5764 5765
f 5758 5765 5759
f 5761 5766 5649
f 5649 5766 5652
f 5653 5652 5766
f 5653 5766 5767
f 5769 5768 5762
f 5651 5769 5762
f 5654 5769 5651
f 5762 5768 5763
f 5655 5653 5770
f 5653 5771 5770
f 5653 5767 5771
f 5770 5657 5655
f 5658 5769 5654
f 5658 5772 5769
f 5771 5773 5770
f 5773 5775 5774
f 5773 5774 5660
f 5770 5773 5660
f 5657 5770 5660
f 5774 5661 5660
f 5663 5772 5658
f 5663 5776 5772
f 5774 5775 5777
f 5777 5775 5778
f 5779 5664 5661
f 5774 5779 5661
f 5777 5779 5774
f 5779 5665 5664
f 5673 5776 5663
f 5673 5780 5776
f 5778 5781 5777
f 5783 5782 5781
f 5782 5777 5781
f 5782 5779 5777
f 5782 5674 5665
f 5782 5665 5779
f 5676 5784 5677
f 5785 5678 5677
f 5785 5677 5784
f 5786 5679 5678
f 5786 5678 5785
f 5787 5680 5679
f 5787 5679 5786
f 5787 5682 5680
f 5686 5780 5673
f 5686 5788 5780
f 5782 5783 5789
f 5789 5783 5790
f 5789 5687 5674
f 5789 5674 5782
f 5689 5791 5784
f 5689 5784 5676
f 5784 5792 5785
f 5784 5791 5792
f 5792 5691 5692
f 5786 5792 5692
f 5785 5792 5786
f 5786 5692 5693
f 5793 5786 5693
f 5787 5786 5793
f 5793 5695 5682
f 5793 5682 5787
f 5703 5788 5686
f 5703 5794 5788
f 5790 5795 5789
f 5687 5789 5795
f 5796 5687 5795
f 5704 5687 5796
f 5706 5797 5791
f 5706 5791 5689
f 5797 5708 5709
f 5792 5797 5709
f 5791 5797 5792
f 5792 5709 5691
f 5711 5793 5693
f 5793 5711 5695
f 5721 5794 5703
f 5721 5798 5794
f 5801 5800 5799
f 5796 5801 5799
f 5722 5796 5799
f 5704 5796 5722
f 5723 5797 5706
f 5797 5723 5708
f 5730 5798 5721
f 5730 5802 5798
f 5805 5804 5803
f 5805 5803 5800
f 5800 5803 5799
f 5803 5732 5799
f 5732 5733 5799
f 5799 5733 5722
f 5734 5802 5730
f 5734 5806 5802
f 5809 5808 5807
f 5735 5736 5807
f 5736 5809 5807
f 5736 5810 5809
f 5737 5803 5804
f 5810 5737 5804
f 5736 5737 5810
f 5803 5737 5732
f 5738 5812 5811
f 5806 5738 5811
f 5734 5738 5806
f 5814 5813 5812
f 5812 5813 5811
f 5814 5815 5813
f 5807 5808 5740
f 5808 5739 5740
f 5808 5816 5739
f 5807 5740 5735
f 5741 5812 5738
f 5812 5741 5743
f 5817 5812 5743
f 5814 5812 5817
f 5815 5814 5818
f 5814 5819 5818
f 5814 5817 5819
f 5744 5745 5819
f 5745 5818 5819
f 5745 5820 5818
f 5745 5739 5816
f 5745 5816 5820
f 5746 5817 5743
f 5817 5746 5748
f 5821 5817 5748
f 5819 5817 5821
f 5821 5749 5744
f 5821 5744 5819
f 5751 5822 5750
f 5821 5748 5750
f 5822 5821 5750
f 5823 5821 5822
f 5823 5752 5749
f 5823 5749 5821
f 5753 5824 5822
f 5753 5822 5751
f 5822 5825 5823
f 5822 5824 5825
f 5825 5754 5752
f 5825 5752 5823
f 5755 5824 5753
f 5824 5755 5756
f 5824 5756 5825
f 5825 5756 5754
f 5759 5826 5760
f 5826 5761 5760
f 5763 5827 5764
f 5764 5827 5828
f 5829 5764 5828
f 5765 5764 5829
f 5759 5765 5826
f 5765 5830 5826
f 5765 5829 5830
f 5830 5832 5831
f 5830 5831 5766
f 5826 5830 5766
f 5761 5826 5766
f 5831 5767 5766
f 5834 5833 5768
f 5834 5768 5769
f 5763 5768 5827
f 5768 5835 5827
f 5768 5833 5835
f 5827 5835 5828
f 5832 5836 5831
f 5767 5831 5836
f 5837 5767 5836
f 5771 5767 5837
f 5772 5834 5769
f 5772 5838 5834
f 5773 5771 5839
f 5771 5840 5839
f 5771 5837 5840
f 5839 5775 5773
f 5776 5838 5772
f 5776 5841 5838
f 5839 5840 5842
f 5842 5840 5843
f 5842 5778 5775
f 5842 5775 5839
f 5780 5841 5776
f 5780 5844 5841
f 5843 5845 5842
f 5845 5847 5846
f 5845 5846 5781
f 5842 5845 5781
f 5778 5842 5781
f 5846 5783 5781
f 5788 5844 5780
f 5788 5848 5844
f 5846 5847 5849
f 5849 5847 5850
f 5849 5790 5783
f 5849 5783 5846
f 5794 5848 5788
f 5794 5851 5848
f 5849 5850 5852
f 5852 5850 5853
f 5854 5795 5790
f 5849 5854 5790
f 5852 5854 5849
f 5854 5796 5795
f 5798 5851 5794
f 5798 5855 5851
f 5852 5853 5856
f 5856 5853 5857
f 5856 5800 5801
f 5854 5856 5801
f 5852 5856 5854
f 5854 5801 5796
f 5802 5859 5858
f 5855 5802 5858
f 5798 5802 5855
f 5859 5860 5858
f 5863 5862 5861
f 5863 5861 5857
f 5857 5861 5856
f 5861 5804 5856
f 5804 5805 5856
f 5856 5805 5800
f 5865 5864 5859
f 5802 5865 5859
f 5806 5865 5802
f 5859 5864 5860
f 5867 5866 5809
f 5809 5866 5808
f 5810 5861 5862
f 5867 5810 5862
f 5809 5810 5867
f 5861 5810 5804
f 5868 5865 5806
f 5868 5806 5811
f 5869 5811 5813
f 5869 5868 5811
f 5871 5870 5815
f 5870 5813 5815
f 5870 5869 5813
f 5873 5872 5871
f 5871 5872 5870
f 5866 5872 5873
f 5816 5866 5873
f 5808 5866 5816
f 5818 5871 5815
f 5871 5818 5820
f 5871 5820 5873
f 5873 5820 5816
f 5828 5874 5829
f 5875 5830 5829
f 5875 5829 5874
f 5875 5832 5830
f 5834 5876 5833
f 5877 5835 5833
f 5877 5833 5876
f 5877 5878 5835
f 5835 5878 5828
f 5878 5879 5828
f 5879 5874 5828
f 5874 5879 5875
f 5875 5879 5880
f 5880 5882 5881
f 5880 5881 5836
f 5875 5880 5836
f 5832 5875 5836
f 5881 5837 5836
f 5838 5883 5876
f 5838 5876 5834
f 5876 5884 5877
f 5876 5883 5884
f 5878 5877 5885
f 5885 5877 5884
f 5881 5882 5886
f 5886 5882 5887
f 5886 5840 5837
f 5886 5837 5881
f 5889 5888 5883
f 5838 5889 5883
f 5841 5889 5838
f 5883 5888 5884
f 5884 5888 5890
f 5884 5890 5885
f 5886 5887 5891
f 5891 5887 5892
f 5891 5843 5840
f 5891 5840 5886
f 5844 5889 5841
f 5844 5893 5889
f 5892 5894 5891
f 5894 5896 5895
f 5894 5895 5845
f 5891 5894 5845
f 5843 5891 5845
f 5895 5847 5845
f 5848 5893 5844
f 5848 5897 5893
f 5900 5899 5898
f 5900 5898 5896
f 5898 5895 5896
f 5898 5901 5895
f 5901 5850 5847
f 5901 5847 5895
f 5904 5903 5902
f 5902 5903 5905
f 5897 5907 5906
f 5907 5897 5851
f 5848 5851 5897
f 5909 5908 5907
f 5907 5908 5906
f 5909 5910 5908
f 5899 5911 5898
f 5913 5912 5911
f 5912 5898 5911
f 5912 5901 5898
f 5912 5853 5850
f 5912 5850 5901
f 5904 5902 5914
f 5904 5914 5915
f 5907 5851 5916
f 5855 5916 5851
f 5917 5902 5905
f 5902 5917 5914
f 5907 5918 5909
f 5907 5916 5918
f 5910 5909 5919
f 5919 5909 5918
f 5912 5913 5920
f 5920 5913 5921
f 5920 5857 5853
f 5920 5853 5912
f 5922 5915 5914
f 5855 5858 5916
f 5914 5917 5922
f 5916 5858 5860
f 5923 5916 5860
f 5918 5916 5923
f 5919 5918 5924
f 5924 5918 5923
f 5927 5926 5925
f 5929 5928 5925
f 5925 5928 5927
f 5928 5929 5921
f 5921 5929 5920
f 5929 5862 5920
f 5862 5863 5920
f 5920 5863 5857
f 5865 5930 5864
f 5923 5860 5864
f 5930 5923 5864
f 5931 5923 5930
f 5924 5923 5932
f 5923 5933 5932
f 5923 5931 5933
f 5932 5933 5926
f 5933 5925 5926
f 5933 5934 5925
f 5934 5866 5867
f 5929 5934 5867
f 5925 5934 5929
f 5929 5867 5862
f 5868 5930 5865
f 5930 5868 5869
f 5930 5869 5931
f 5931 5869 5870
f 5931 5870 5933
f 5933 5870 5872
f 5933 5872 5934
f 5934 5872 5866
f 5878 5935 5879
f 5879 5935 5936
f 5937 5879 5936
f 5880 5879 5937
f 5882 5880 5937
f 5882 5937 5938
f 5885 5939 5935
f 5885 5935 5878
f 5936 5935 5940
f 5940 5935 5939
f 5938 5887 5882
f 5941 5887 5938
f 5889 5942 5888
f 5943 5890 5888
f 5943 5888 5942
f 5943 5944 5890
f 5890 5944 5885
f 5944 5945 5885
f 5945 5939 5885
f 5939 5945 5940
f 5941 5892 5887
f 5946 5892 5941
f 5948 5947 5942
f 5889 5948 5942
f 5893 5948 5889
f 5950 5949 5947
f 5949 5942 5947
f 5949 5943 5942
f 5944 5943 5951
f 5951 5943 5949
f 5894 5892 5952
f 5892 5953 5952
f 5892 5946 5953
f 5952 5896 5894
f 5897 5955 5954
f 5948 5897 5954
f 5893 5897 5948
f 5954 5955 5950
f 5955 5949 5950
f 5955 5956 5949
f 5951 5949 5957
f 5957 5949 5956
f 5952 5953 5900
f 5953 5899 5900
f 5953 5958 5899
f 5952 5900 5896
f 5904 5959 5903
f 5906 5955 5897
f 5905 5903 5959
f 5955 5906 5908
f 5955 5908 5956
f 5908 5910 5956
f 5910 5957 5956
f 5910 5960 5957
f 5963 5962 5961
f 5961 5964 5911
f 5958 5961 5911
f 5899 5958 5911
f 5961 5958 5963
f 5964 5913 5911
f 5915 5965 5959
f 5915 5959 5904
f 5965 5917 5905
f 5965 5905 5959
f 5919 5960 5910
f 5919 5966 5960
f 5961 5962 5967
f 5967 5962 5968
f 5961 5969 5964
f 5961 5967 5969
f 5969 5921 5913
f 5969 5913 5964
f 5922 5965 5915
f 5965 5922 5917
f 5924 5971 5970
f 5966 5924 5970
f 5919 5924 5966
f 5970 5971 5968
f 5968 5971 5967
f 5971 5926 5967
f 5926 5927 5967
f 5967 5927 5928
f 5967 5928 5969
f 5969 5928 5921
f 5932 5971 5924
f 5971 5932 5926
f 5974 5973 5972
f 5975 5972 5973
f 5978 5977 5976
f 5976 5977 5974
f 5972 5976 5974
f 5979 5976 5972
f 5972 5975 5980
f 5972 5980 5979
f 5981 5978 5976
f 5981 5976 5979
f 5981 5979 5982
f 5982 5979 5980
f 5936 5983 5937
f 5983 5938 5937
f 5940 5984 5983
f 5940 5983 5936
f 5984 5941 5938
f 5984 5938 5983
f 5944 5985 5945
f 5984 5940 5945
f 5985 5984 5945
f 5986 5984 5985
f 5986 5946 5941
f 5986 5941 5984
f 5948 5987 5947
f 5987 5950 5947
f 5989 5988 5985
f 5944 5989 5985
f 5951 5989 5944
f 5985 5988 5986
f 5986 5988 5990
f 5946 5986 5990
f 5991 5946 5990
f 5953 5946 5991
f 5954 5987 5948
f 5987 5954 5950
f 5957 5989 5951
f 5957 5992 5989
f 5991 5958 5953
f 5993 5958 5991
f 5960 5995 5994
f 5992 5960 5994
f 5957 5960 5992
f 5962 5963 5995
f 5963 5994 5995
f 5963 5996 5994
f 5963 5958 5993
f 5963 5993 5996
f 5966 5997 5995
f 5966 5995 5960
f 5997 5968 5962
f 5997 5962 5995
f 5970 5997 5966
f 5997 5970 5968
f 5974 5998 5973
f 5998 5975 5973
f 5978 5999 5977
f 5998 5974 5977
f 5999 5998 5977
f 6000 5998 5999
f 6000 5980 5975
f 6000 5975 5998
f 5981 5999 5978
f 5999 5981 5982
f 5999 5982 6000
f 6000 5982 5980
f 5989 6001 5988
f 6002 5990 5988
f 6002 5988 6001
f 6002 5991 5990
f 5992 6003 6001
f 5992 6001 5989
f 6001 6004 6002
f 6001 6003 6004
f 6004 5993 5991
f 6004 5991 6002
f 5994 6003 5992
f 6003 5994 5996
f 6003 5996 6004
f 6004 5996 5993
f 6007 6006 6005
f 6008 6005 6006
f 6007 6005 6009
f 6007 6009 6010
f 6005 6008 6011
f 6005 6011 6009
f 6010 6009 6012
f 6010 6012 6013
f 6009 6011 6014
f 6009 6014 6012
f 6013 6012 6015
f 6013 6015 6016
f 6012 6014 6017
f 6018 6012 6017
f 6015 6012 6018
f 6020 6019 6018
f 6020 6018 6017
f 6021 6019 6020
f 6022 6016 6015
f 6024 6023 6022
f 6015 6024 6022
f 6018 6024 6015
f 6019 6026 6025
f 6024 6019 6025
f 6018 6019 6024
f 6026 6019 6021
f 6027 6023 6024
f 6027 6024 6025
f 6030 6029 6028
f 6032 6031 6028
f 6032 6028 6029
f 6034 6033 6031
f 6034 6031 6032
f 6036 6035 6033
f 6036 6033 6034
f 6037 6035 6036
f 6030 6028 6038
f 6030 6038 6039
f 6040 6028 6031
f 6038 6028 6040
f 6041 6031 6033
f 6040 6031 6041
f 6042 6033 6035
f 6041 6033 6042
f 6035 6037 6043
f 6035 6043 6042
f 6039 6038 6044
f 6039 6044 6045
f 6046 6038 6040
f 6044 6038 6046
f 6047 6040 6041
f 6046 6040 6047
f 6048 6041 6042
f 6047 6041 6048
f 6042 6043 6049
f 6042 6049 6048
f 6045 6044 6050
f 6045 6050 6051
f 6052 6044 6046
f 6050 6044 6052
f 6053 6046 6047
f 6052 6046 6053
f 6007 6053 6006
f 6053 6048 6006
f 6053 6047 6048
f 6055 6054 6008
f 6055 6008 6006
f 6049 6055 6006
f 6048 6049 6006
f 6056 6054 6055
f 6057 6051 6050
f 6059 6058 6057
f 6050 6059 6057
f 6052 6059 6050
f 6060 6052 6053
f 6059 6052 6060
f 6010 6060 6007
f 6007 6060 6053
f 6061 6011 6054
f 6054 6011 6008
f 6054 6056 6062
f 6054 6062 6061
f 6058 6059 6063
f 6058 6063 6064
f 6065 6059 6060
f 6063 6059 6065
f 6013 6065 6010
f 6010 6065 6060
f 6066 6014 6061
f 6061 6014 6011
f 6061 6062 6067
f 6061 6067 6066
f 6070 6069 6068
f 6068 6069 6064
f 6063 6068 6064
f 6071 6068 6063
f 6072 6063 6065
f 6071 6063 6072
f 6016 6072 6013
f 6013 6072 6065
f 6066 6017 6014
f 6020 6017 6066
f 6073 6020 6066
f 6067 6073 6066
f 6074 6020 6073
f 6074 6021 6020
f 6070 6068 6075
f 6070 6075 6076
f 6077 6068 6071
f 6075 6068 6077
f 6078 6071 6072
f 6077 6071 6078
f 6022 6079 6016
f 6079 6072 6016
f 6079 6078 6072
f 6023 6079 6022
f 6074 6073 6026
f 6073 6025 6026
f 6073 6080 6025
f 6074 6026 6021
f 6076 6075 6081
f 6076 6081 6082
f 6083 6075 6077
f 6081 6075 6083
f 6084 6077 6078
f 6083 6077 6084
f 6085 6078 6079
f 6084 6078 6085
f 6027 6086 6023
f 6086 6079 6023
f 6086 6085 6079
f 6087 6086 6027
f 6025 6087 6027
f 6080 6087 6025
f 6082 6081 6088
f 6082 6088 6089
f 6090 6081 6083
f 6088 6081 6090
f 6084 6092 6091
f 6090 6084 6091
f 6083 6084 6090
f 6094 6093 6092
f 6084 6094 6092
f 6085 6094 6084
f 6095 6085 6086
f 6094 6085 6095
f 6086 6087 6096
f 6086 6096 6095
f 6089 6088 6097
f 6089 6097 6098
f 6099 6088 6090
f 6097 6088 6099
f 6090 6091 6100
f 6101 6090 6100
f 6099 6090 6101
f 6093 6094 6102
f 6100 6103 6101
f 6102 6094 6095
f 6102 6095 6104
f 6104 6095 6096
f 6105 6098 6097
f 6107 6106 6105
f 6097 6107 6105
f 6099 6107 6097
f 6101 6109 6108
f 6107 6101 6108
f 6099 6101 6107
f 6109 6101 6103
f 6110 6106 6107
f 6110 6107 6108
f 6113 6112 6111
f 6114 6111 6112
f 6113 6111 6115
f 6113 6115 6116
f 6111 6114 6117
f 6118 6111 6117
f 6115 6111 6118
f 6119 6118 6117
f 6116 6115 6029
f 6030 6116 6029
f 6120 6116 6030
f 6029 6115 6032
f 6032 6115 6118
f 6119 6121 6118
f 6121 6032 6118
f 6121 6034 6032
f 6034 6122 6036
f 6121 6122 6034
f 6037 6036 6122
f 6037 6122 6123
f 6039 6120 6030
f 6039 6124 6120
f 6126 6043 6125
f 6043 6123 6125
f 6043 6037 6123
f 6127 6126 6125
f 6045 6124 6039
f 6045 6128 6124
f 6129 6049 6126
f 6126 6049 6043
f 6126 6127 6130
f 6126 6130 6129
f 6051 6128 6045
f 6051 6131 6128
f 6129 6055 6049
f 6056 6055 6129
f 6130 6056 6129
f 6132 6056 6130
f 6051 6057 6133
f 6134 6051 6133
f 6131 6051 6134
f 6058 6133 6057
f 6132 6062 6056
f 6135 6062 6132
f 6134 6133 6136
f 6134 6136 6137
f 6064 6136 6058
f 6058 6136 6133
f 6135 6067 6062
f 6138 6067 6135
f 6137 6136 6069
f 6070 6137 6069
f 6139 6137 6070
f 6069 6136 6064
f 6138 6073 6067
f 6140 6073 6138
f 6076 6139 6070
f 6076 6141 6139
f 6140 6080 6073
f 6142 6080 6140
f 6082 6141 6076
f 6082 6143 6141
f 6142 6087 6080
f 6144 6087 6142
f 6089 6143 6082
f 6089 6145 6143
f 6146 6091 6092
f 6093 6146 6092
f 6144 6096 6087
f 6147 6096 6144
f 6098 6145 6089
f 6098 6148 6145
f 6146 6100 6091
f 6103 6100 6149
f 6146 6149 6100
f 6149 6146 6150
f 6093 6150 6146
f 6150 6093 6102
f 6151 6102 6104
f 6151 6150 6102
f 6104 6096 6147
f 6104 6147 6151
f 6098 6105 6152
f 6153 6098 6152
f 6148 6098 6153
f 6106 6152 6105
f 6154 6108 6109
f 6155 6154 6109
f 6103 6155 6109
f 6149 6155 6103
f 6156 6153 6152
f 6156 6152 6106
f 6110 6156 6106
f 6157 6156 6110
f 6110 6108 6154
f 6158 6110 6154
f 6157 6110 6158
f 6158 6154 6155
f 6113 6159 6112
f 6159 6114 6112
f 6116 6160 6159
f 6116 6159 6113
f 6159 6160 6114
f 6160 6161 6114
f 6161 6117 6114
f 6160 6162 6161
f 6119 6117 6161
f 6119 6161 6163
f 6165 6164 6160
f 6116 6165 6160
f 6120 6165 6116
f 6160 6164 6162
f 6163 6166 6119
f 6119 6166 6121
f 6166 6168 6167
f 6122 6166 6167
f 6121 6166 6122
f 6167 6123 6122
f 6124 6165 6120
f 6124 6169 6165
f 6167 6168 6170
f 6170 6168 6171
f 6172 6125 6123
f 6167 6172 6123
f 6170 6172 6167
f 6172 6127 6125
f 6128 6169 6124
f 6128 6173 6169
f 6171 6174 6170
f 6170 6174 6172
f 6172 6174 6175
f 6127 6172 6175
f 6176 6127 6175
f 6130 6127 6176
f 6131 6173 6128
f 6131 6177 6173
f 6176 6132 6130
f 6178 6132 6176
f 6134 6177 6131
f 6134 6179 6177
f 6178 6135 6132
f 6180 6135 6178
f 6137 6179 6134
f 6137 6181 6179
f 6180 6138 6135
f 6182 6138 6180
f 6139 6181 6137
f 6139 6183 6181
f 6182 6140 6138
f 6184 6140 6182
f 6141 6183 6139
f 6141 6185 6183
f 6184 6142 6140
f 6186 6142 6184
f 6143 6185 6141
f 6143 6187 6185
f 6186 6144 6142
f 6188 6144 6186
f 6145 6187 6143
f 6145 6189 6187
f 6192 6191 6190
f 6188 6192 6190
f 6147 6188 6190
f 6144 6188 6147
f 6148 6189 6145
f 6148 6193 6189
f 6195 6194 6150
f 6150 6194 6149
f 6151 6190 6191
f 6195 6151 6191
f 6150 6151 6195
f 6190 6151 6147
f 6153 6197 6196
f 6193 6153 6196
f 6148 6153 6193
f 6197 6198 6196
f 6201 6200 6199
f 6194 6201 6199
f 6155 6194 6199
f 6149 6194 6155
f 6156 6197 6153
f 6202 6198 6197
f 6156 6202 6197
f 6157 6202 6156
f 6158 6199 6200
f 6202 6158 6200
f 6157 6158 6202
f 6199 6158 6155
f 6205 6204 6203
f 6206 6203 6204
f 6209 6208 6207
f 6207 6208 6205
f 6207 6205 6203
f 6162 6207 6203
f 6161 6162 6203
f 6163 6161 6203
f 6206 6163 6203
f 6210 6163 6206
f 6209 6207 6164
f 6165 6209 6164
f 6211 6209 6165
f 6164 6207 6162
f 6210 6212 6163
f 6163 6212 6166
f 6168 6166 6212
f 6168 6212 6213
f 6169 6211 6165
f 6169 6214 6211
f 6213 6171 6168
f 6215 6171 6213
f 6173 6214 6169
f 6173 6216 6214
f 6215 6217 6171
f 6171 6217 6174
f 6217 6219 6218
f 6175 6217 6218
f 6174 6217 6175
f 6218 6176 6175
f 6177 6216 6173
f 6177 6220 6216
f 6223 6222 6221
f 6223 6221 6219
f 6221 6218 6219
f 6221 6224 6218
f 6224 6178 6176
f 6224 6176 6218
f 6179 6226 6225
f 6220 6179 6225
f 6177 6179 6220
f 6226 6227 6225
f 6222 6228 6221
f 6230 6229 6228
f 6229 6221 6228
f 6229 6224 6221
f 6229 6180 6178
f 6229 6178 6224
f 6181 6231 6226
f 6181 6226 6179
f 6227 6226 6232
f 6232 6226 6231
f 6235 6234 6233
f 6235 6233 6230
f 6233 6229 6230
f 6233 6236 6229
f 6236 6182 6180
f 6236 6180 6229
f 6238 6237 6231
f 6181 6238 6231
f 6183 6238 6181
f 6231 6237 6232
f 6233 6234 6239
f 6239 6234 6240
f 6233 6241 6236
f 6233 6239 6241
f 6241 6184 6182
f 6241 6182 6236
f 6185 6238 6183
f 6185 6242 6238
f 6239 6240 6243
f 6243 6240 6244
f 6239 6245 6241
f 6239 6243 6245
f 6245 6186 6184
f 6245 6184 6241
f 6187 6242 6185
f 6187 6246 6242
f 6243 6244 6247
f 6247 6244 6248
f 6243 6249 6245
f 6243 6247 6249
f 6249 6188 6186
f 6249 6186 6245
f 6189 6246 6187
f 6189 6250 6246
f 6247 6248 6251
f 6251 6248 6252
f 6251 6191 6192
f 6249 6251 6192
f 6247 6251 6249
f 6249 6192 6188
f 6193 6250 6189
f 6193 6253 6250
f 6256 6255 6254
f 6256 6254 6252
f 6252 6254 6251
f 6254 6194 6251
f 6194 6195 6251
f 6251 6195 6191
f 6257 6253 6193
f 6257 6193 6196
f 6196 6198 6257
f 6257 6198 6258
f 6254 6255 6201
f 6255 6200 6201
f 6255 6259 6200
f 6254 6201 6194
f 6260 6258 6198
f 6260 6198 6202
f 6202 6200 6259
f 6202 6259 6260
f 6205 6261 6204
f 6261 6206 6204
f 6263 6262 6208
f 6263 6208 6209
f 6205 6208 6261
f 6208 6264 6261
f 6208 6262 6264
f 6206 6261 6264
f 6265 6206 6264
f 6210 6206 6265
f 6211 6263 6209
f 6211 6266 6263
f 6212 6210 6267
f 6210 6268 6267
f 6210 6265 6268
f 6267 6213 6212
f 6214 6266 6211
f 6214 6269 6266
f 6268 6270 6267
f 6213 6267 6270
f 6271 6213 6270
f 6215 6213 6271
f 6216 6269 6214
f 6216 6272 6269
f 6217 6215 6273
f 6215 6274 6273
f 6215 6271 6274
f 6273 6219 6217
f 6220 6276 6275
f 6272 6220 6275
f 6216 6220 6272
f 6276 6277 6275
f 6280 6279 6278
f 6280 6278 6274
f 6274 6278 6273
f 6278 6222 6273
f 6222 6223 6273
f 6273 6223 6219
f 6225 6276 6220
f 6282 6281 6227
f 6227 6281 6225
f 6281 6277 6225
f 6277 6276 6225
f 6281 6282 6279
f 6282 6278 6279
f 6282 6283 6278
f 6284 6228 6222
f 6278 6284 6222
f 6283 6284 6278
f 6284 6230 6228
f 6232 6285 6282
f 6232 6282 6227
f 6282 6286 6283
f 6282 6285 6286
f 6286 6234 6235
f 6284 6286 6235
f 6283 6286 6284
f 6284 6235 6230
f 6238 6287 6237
f 6285 6232 6237
f 6287 6285 6237
f 6288 6285 6287
f 6285 6289 6286
f 6285 6288 6289
f 6289 6240 6234
f 6289 6234 6286
f 6242 6290 6287
f 6242 6287 6238
f 6292 6288 6291
f 6288 6290 6291
f 6288 6287 6290
f 6294 6293 6292
f 6293 6288 6292
f 6293 6289 6288
f 6293 6244 6240
f 6293 6240 6289
f 6296 6295 6290
f 6242 6296 6290
f 6246 6296 6242
f 6290 6295 6291
f 6293 6294 6297
f 6297 6294 6298
f 6297 6248 6244
f 6297 6244 6293
f 6250 6296 6246
f 6250 6299 6296
f 6297 6298 6300
f 6300 6298 6301
f 6300 6252 6248
f 6300 6248 6297
f 6253 6299 6250
f 6253 6302 6299
f 6300 6301 6256
f 6301 6255 6256
f 6301 6303 6255
f 6300 6256 6252
f 6304 6302 6253
f 6304 6253 6257
f 6306 6305 6258
f 6305 6257 6258
f 6305 6304 6257
f 6303 6305 6306
f 6259 6303 6306
f 6255 6303 6259
f 6260 6306 6258
f 6306 6260 6259
f 6263 6307 6262
f 6308 6264 6262
f 6308 6262 6307
f 6308 6265 6264
f 6266 6309 6307
f 6266 6307 6263
f 6311 6308 6310
f 6308 6309 6310
f 6308 6307 6309
f 6265 6308 6311
f 6312 6265 6311
f 6268 6265 6312
f 6314 6313 6309
f 6266 6314 6309
f 6269 6314 6266
f 6309 6313 6310
f 6270 6268 6315
f 6268 6316 6315
f 6268 6312 6316
f 6315 6271 6270
f 6272 6318 6317
f 6314 6272 6317
f 6269 6272 6314
f 6318 6319 6317
f 6315 6316 6320
f 6320 6316 6321
f 6320 6274 6271
f 6320 6271 6315
f 6275 6318 6272
f 6323 6322 6277
f 6277 6322 6275
f 6322 6319 6275
f 6319 6318 6275
f 6322 6323 6321
f 6321 6323 6320
f 6323 6279 6320
f 6279 6280 6320
f 6320 6280 6274
f 6281 6323 6277
f 6323 6281 6279
f 6291 6324 6292
f 6324 6294 6292
f 6296 6325 6295
f 6324 6291 6295
f 6325 6324 6295
f 6326 6324 6325
f 6326 6298 6294
f 6326 6294 6324
f 6299 6327 6325
f 6299 6325 6296
f 6325 6328 6326
f 6325 6327 6328
f 6328 6301 6298
f 6328 6298 6326
f 6302 6329 6327
f 6302 6327 6299
f 6327 6330 6328
f 6327 6329 6330
f 6330 6303 6301
f 6330 6301 6328
f 6304 6329 6302
f 6329 6304 6305
f 6329 6305 6330
f 6330 6305 6303
f 6310 6331 6311
f 6331 6312 6311
f 6314 6332 6313
f 6331 6310 6313
f 6332 6331 6313
f 6333 6331 6332
f 6333 6316 6312
f 6333 6312 6331
f 6317 6332 6314
f 6332 6317 6319
f 6334 6332 6319
f 6333 6332 6334
f 6334 6321 6316
f 6334 6316 6333
f 6322 6334 6319
f 6334 6322 6321

