# https://github.com/mikedh/trimesh
v 3.33717275 1.00000000 7.00000000
v 3.85186553 0.00000000 7.00000000
v 4.00000000 0.00000000 6.89553452
v 4.00000000 1.00000000 6.10031319
v 4.00000000 0.05946958 8.00000000
v 4.00000000 0.00000000 7.63972521
v 3.31880164 1.00000000 8.00000000
v 4.00000000 0.00000000 8.26352596
v 3.79870296 0.00000000 9.00000000
v 3.30027866 1.00000000 9.00000000
v 4.00000000 0.06261711 10.00000000
v 4.00000000 0.00000000 9.75853729
v 3.31057739 1.00000000 10.00000000
v 4.00000000 0.00000000 10.35521889
v 3.83089447 0.00000000 11.00000000
v 3.28572392 1.00000000 11.00000000
v 4.00000000 0.05664985 12.00000000
v 4.00000000 0.00000000 11.62697220
v 3.26359534 1.00000000 12.00000000
v 4.00000000 0.00000000 12.56519699
v 3.93592930 0.00000000 13.00000000
v 3.24474883 1.00000000 13.00000000
v 4.00000000 0.09408405 14.00000000
v 4.00000000 0.00000000 13.35105419
v 3.32223821 1.00000000 14.00000000
v 4.00000000 0.00000000 14.92668533
v 3.98847365 0.00000000 15.00000000
v 3.21758032 1.00000000 15.00000000
v 4.00000000 0.04450908 16.00000000
v 4.00000000 0.00000000 15.14644909
v 3.23821545 1.00000000 16.00000000
v 4.00000000 0.00000000 16.52032852
v 3.94896841 0.00000000 17.00000000
v 3.19149423 1.00000000 17.00000000
v 4.00000000 0.14114736 18.00000000
v 4.00000000 0.00000000 17.20078087
v 3.28422022 1.00000000 18.00000000
v 4.00000000 0.00000000 18.69839096
v 3.90477157 0.00000000 19.00000000
v 3.28258824 1.00000000 19.00000000
v 4.00000000 0.05571402 20.00000000
v 4.00000000 0.00000000 19.53209114
v 3.28693199 1.00000000 20.00000000
v 4.00000000 0.00000000 20.48153305
v 3.91708422 0.00000000 21.00000000
v 3.26419878 1.00000000 21.00000000
v 4.00000000 0.08553458 22.00000000
v 4.00000000 0.00000000 21.40925217
v 3.30458045 1.00000000 22.00000000
v 3.26579070 1.00000000 23.00000000
v 4.00000000 0.02223040 23.00000000
v 3.29698849 1.00000000 24.00000000
v 4.00000000 0.09023800 24.00000000
v 4.00000000 0.00000000 24.57006073
v 3.91846466 0.00000000 25.00000000
v 3.19772363 1.00000000 25.00000000
v 4.00000000 0.15782110 26.00000000
v 4.00000000 0.00000000 25.24803734
v 3.23250175 1.00000000 26.00000000
v 4.00000000 0.00000000 26.70907974
v 3.89438438 0.00000000 27.00000000
v 3.24041390 1.00000000 27.00000000
v 4.00000000 0.09279265 28.00000000
v 4.00000000 0.00000000 27.43677711
v 3.31391597 1.00000000 28.00000000
v 4.00000000 0.00000000 28.53205299
v 3.89331174 0.00000000 29.00000000
v 3.23654532 1.00000000 29.00000000
v 4.00000000 0.11306596 30.00000000
v 4.00000000 0.00000000 29.40093613
v 3.34767389 1.00000000 30.00000000
v 4.00000000 0.00000000 30.79960823
v 3.94541550 0.00000000 31.00000000
v 3.22531962 1.00000000 31.00000000
v 4.00000000 0.05508612 32.00000000
v 4.00000000 0.00000000 31.39585304
v 3.30002975 1.00000000 32.00000000
v 4.00000000 0.00000000 32.25481796
v 3.81601453 0.00000000 33.00000000
v 3.26273489 1.00000000 33.00000000
v 4.00000000 0.10715970 34.00000000
v 4.00000000 0.00000000 33.54944992
v 3.30883360 1.00000000 34.00000000
v 4.00000000 0.00000000 34.55010605
v 3.86701751 0.00000000 35.00000000
v 3.25797272 1.00000000 35.00000000
v 4.00000000 0.06462834 36.00000000
v 4.00000000 0.00000000 35.61643982
v 3.36858821 1.00000000 36.00000000
v 4.00000000 0.00000000 36.67471695
v 3.96235943 0.00000000 37.00000000
v 3.21200156 1.00000000 37.00000000
v 3.99228811 0.00000000 38.00000000
v 3.32595181 1.00000000 38.00000000
v 3.87555242 0.00000000 39.00000000
v 3.28016138 1.00000000 39.00000000
v 4.00000000 0.00293087 40.00000000
v 4.00000000 0.00000000 39.97434616
v 3.37574649 1.00000000 40.00000000
v 4.00000000 0.00000000 40.02476883
v 3.88387942 0.00000000 41.00000000
v 3.12081337 1.00000000 41.00000000
v 4.00000000 0.17759287 42.00000000
v 4.00000000 0.00000000 41.33013916
v 3.29710746 1.00000000 42.00000000
v 4.00000000 1.00000000 42.85746002
v 3.32242036 2.00000000 7.00000000
v 4.00000000 2.00000000 6.20530272
v 3.33425879 2.00000000 8.00000000
v 3.32076597 2.00000000 9.00000000
v 3.28323245 2.00000000 10.00000000
v 3.36112404 2.00000000 11.00000000
v 3.31547999 2.00000000 12.00000000
v 3.37998629 2.00000000 13.00000000
v 3.30297661 2.00000000 14.00000000
v 3.28586507 2.00000000 15.00000000
v 3.30612969 2.00000000 16.00000000
v 3.36054802 2.00000000 17.00000000
v 3.36722636 2.00000000 18.00000000
v 3.33179617 2.00000000 19.00000000
v 3.32773137 2.00000000 20.00000000
v 3.34567809 2.00000000 21.00000000
v 3.30097508 2.00000000 22.00000000
v 3.30549216 2.00000000 23.00000000
v 3.32317162 2.00000000 24.00000000
v 3.32729793 2.00000000 25.00000000
v 3.33110929 2.00000000 26.00000000
v 3.29717445 2.00000000 27.00000000
v 3.31866837 2.00000000 28.00000000
v 3.37017083 2.00000000 29.00000000
v 3.33633018 2.00000000 30.00000000
v 3.32204032 2.00000000 31.00000000
v 3.36953068 2.00000000 32.00000000
v 3.33388567 2.00000000 33.00000000
v 3.33749533 2.00000000 34.00000000
v 3.31237125 2.00000000 35.00000000
v 3.34093618 2.00000000 36.00000000
v 3.32953072 2.00000000 37.00000000
v 3.30560732 2.00000000 38.00000000
v 3.33613467 2.00000000 39.00000000
v 3.38423657 2.00000000 40.00000000
v 3.31426978 2.00000000 41.00000000
v 3.40775561 2.00000000 42.00000000
v 4.00000000 2.00000000 42.76701736
v 3.32953048 3.00000000 7.00000000
v 4.00000000 3.00000000 6.36215544
v 3.30986166 3.00000000 8.00000000
v 3.21124268 3.00000000 9.00000000
v 3.49322891 3.00000000 10.00000000
v 3.57206583 3.00000000 11.00000000
v 3.52123094 3.00000000 12.00000000
v 3.46536708 3.00000000 13.00000000
v 3.55237222 3.00000000 14.00000000
v 3.57990408 3.00000000 15.00000000
v 3.50511050 3.00000000 16.00000000
v 3.48306394 3.00000000 17.00000000
v 3.58473754 3.00000000 18.00000000
v 3.46078181 3.00000000 19.00000000
v 3.49568796 3.00000000 20.00000000
v 3.49369621 3.00000000 21.00000000
v 3.50963426 3.00000000 22.00000000
v 3.56296039 3.00000000 23.00000000
v 3.50491309 3.00000000 24.00000000
v 3.49466801 3.00000000 25.00000000
v 3.53887248 3.00000000 26.00000000
v 3.54737282 3.00000000 27.00000000
v 3.55072641 3.00000000 28.00000000
v 3.50695086 3.00000000 29.00000000
v 3.57471800 3.00000000 30.00000000
v 3.49023962 3.00000000 31.00000000
v 3.57208395 3.00000000 32.00000000
v 3.46071291 3.00000000 33.00000000
v 3.59023714 3.00000000 34.00000000
v 3.45634270 3.00000000 35.00000000
v 3.48663068 3.00000000 36.00000000
v 3.44559956 3.00000000 37.00000000
v 3.55001259 3.00000000 38.00000000
v 3.59316087 3.00000000 39.00000000
v 3.44941306 3.00000000 40.00000000
v 3.25731206 3.00000000 41.00000000
v 3.26330829 3.00000000 42.00000000
v 4.00000000 3.00000000 42.86267853
v 3.33995962 4.00000000 7.00000000
v 4.00000000 4.00000000 6.38016796
v 3.35810280 4.00000000 8.00000000
v 3.35752630 4.00000000 9.00000000
v 3.91376305 4.00000000 10.00000000
v 4.00000000 4.00000000 10.28094387
v 4.00000000 3.72573733 11.00000000
v 4.00000000 3.76761508 12.00000000
v 4.00000000 3.80718756 13.00000000
v 4.00000000 3.79500270 14.00000000
v 4.00000000 3.77488661 15.00000000
v 4.00000000 3.74608493 16.00000000
v 4.00000000 3.82944417 17.00000000
v 4.00000000 3.70889020 18.00000000
v 4.00000000 3.97108054 19.00000000
v 4.00000000 3.71881843 20.00000000
v 4.00000000 3.71895862 21.00000000
v 4.00000000 3.82245636 22.00000000
v 4.00000000 3.86318207 23.00000000
v 4.00000000 3.60894561 24.00000000
v 4.00000000 3.77116299 25.00000000
v 4.00000000 3.83236432 26.00000000
v 4.00000000 3.97966099 27.00000000
v 4.00000000 3.78753352 28.00000000
v 4.00000000 3.80715632 29.00000000
v 4.00000000 3.82770133 30.00000000
v 4.00000000 3.87227917 31.00000000
v 4.00000000 3.63388324 32.00000000
v 4.00000000 3.90220237 33.00000000
v 4.00000000 3.62155652 34.00000000
v 4.00000000 3.79814434 35.00000000
v 4.00000000 3.69842005 36.00000000
v 4.00000000 3.76283741 37.00000000
v 4.00000000 3.80162406 38.00000000
v 4.00000000 4.00000000 38.63312912
v 3.92468238 4.00000000 39.00000000
v 3.66235209 4.00000000 40.00000000
v 3.29281521 4.00000000 41.00000000
v 3.29410672 4.00000000 42.00000000
v 4.00000000 4.00000000 42.86182022
v 3.36016989 5.00000000 7.00000000
v 4.00000000 5.00000000 6.33432007
v 3.27377272 5.00000000 8.00000000
v 3.33296013 5.00000000 9.00000000
v 4.00000000 5.00000000 9.85099602
v 4.00000000 4.30557585 10.00000000
v 4.00000000 4.62196636 39.00000000
v 4.00000000 5.00000000 39.08696747
v 3.60079432 5.00000000 40.00000000
v 3.34920192 5.00000000 41.00000000
v 3.30023932 5.00000000 42.00000000
v 4.00000000 4.73693848 43.00000000
v 3.94504023 5.00000000 43.00000000
v 4.00000000 5.00000000 43.02414322
v 3.35724568 6.00000000 7.00000000
v 4.00000000 6.00000000 6.18130112
v 3.28093338 6.00000000 8.00000000
v 3.42567372 6.00000000 9.00000000
v 4.00000000 5.64798212 10.00000000
v 3.88771224 6.00000000 10.00000000
v 4.00000000 6.00000000 10.54512978
v 3.56582737 6.00000000 40.00000000
v 4.00000000 6.00000000 39.25376511
v 3.24069762 6.00000000 41.00000000
v 3.29910707 6.00000000 42.00000000
v 4.00000000 6.00000000 42.88616562
v 4.00000000 5.26035166 43.00000000
v 3.24124432 7.00000000 7.00000000
v 4.00000000 7.00000000 6.35154104
v 3.14154720 7.00000000 8.00000000
v 3.23284268 7.00000000 9.00000000
v 3.90961957 7.00000000 10.00000000
v 4.00000000 7.00000000 10.39884567
v 3.58459139 7.00000000 40.00000000
v 4.00000000 7.00000000 39.23919678
v 3.32469916 7.00000000 41.00000000
v 3.37387848 7.00000000 42.00000000
v 4.00000000 6.36048079 43.00000000
v 3.78217554 7.00000000 43.00000000
v 4.00000000 7.00000000 43.13645554
v 3.28827429 8.00000000 7.00000000
v 4.00000000 8.00000000 6.24856758
v 3.07941651 8.00000000 8.00000000
v 3.33972502 8.00000000 9.00000000
v 3.86833048 8.00000000 10.00000000
v 4.00000000 8.00000000 10.35983276
v 3.48292637 8.00000000 40.00000000
v 4.00000000 8.00000000 39.06504059
v 3.23633218 8.00000000 41.00000000
v 3.33280015 8.00000000 42.00000000
v 3.65136933 8.00000000 43.00000000
v 4.00000000 8.00000000 43.18385315
v 3.43018341 9.00000000 7.00000000
v 4.00000000 9.00000000 6.39711094
v 3.26394296 9.00000000 8.00000000
v 3.29536295 9.00000000 9.00000000
v 4.00000000 9.00000000 9.90859127
v 4.00000000 8.54099083 10.00000000
v 3.63234353 9.00000000 40.00000000
v 4.00000000 9.00000000 39.34921265
v 3.32699919 9.00000000 41.00000000
v 3.30839586 9.00000000 42.00000000
v 3.60904288 9.00000000 43.00000000
v 4.00000000 9.00000000 43.24143219
v 3.33068323 10.00000000 7.00000000
v 4.00000000 10.00000000 6.31364822
v 3.22116041 10.00000000 8.00000000
v 3.41192245 10.00000000 9.00000000
v 4.00000000 10.00000000 9.84650993
v 3.60373831 10.00000000 40.00000000
v 4.00000000 10.00000000 39.22973251
v 3.34069586 10.00000000 41.00000000
v 3.35384822 10.00000000 42.00000000
v 3.63096380 10.00000000 43.00000000
v 4.00000000 10.00000000 43.19967270
v 3.30454540 11.00000000 7.00000000
v 4.00000000 11.00000000 6.30215788
v 3.26677251 11.00000000 8.00000000
v 3.38278556 11.00000000 9.00000000
v 4.00000000 11.00000000 9.99277210
v 3.98852777 11.00000000 39.00000000
v 4.00000000 10.89311695 39.00000000
v 4.00000000 11.00000000 38.90494537
v 3.60359073 11.00000000 40.00000000
v 3.32611132 11.00000000 41.00000000
v 3.29326510 11.00000000 42.00000000
v 3.52222967 11.00000000 43.00000000
v 4.00000000 11.00000000 43.35397720
v 3.38859916 12.00000000 7.00000000
v 4.00000000 12.00000000 6.20915794
v 3.26767588 12.00000000 8.00000000
v 3.44308758 12.00000000 9.00000000
v 4.00000000 11.39748192 10.00000000
v 3.98618150 12.00000000 10.00000000
v 4.00000000 12.00000000 10.07822609
v 3.99157524 12.00000000 14.00000000
v 4.00000000 11.90449142 14.00000000
v 4.00000000 12.00000000 13.93488693
v 4.00000000 12.00000000 14.08158493
v 4.00000000 11.28859329 39.00000000
v 4.00000000 12.00000000 39.06140518
v 3.54325914 12.00000000 40.00000000
v 3.28200316 12.00000000 41.00000000
v 3.34693837 12.00000000 42.00000000
v 3.57536817 12.00000000 43.00000000
v 4.00000000 12.00000000 43.30607224
v 3.36277103 13.00000000 7.00000000
v 4.00000000 13.00000000 6.32010698
v 3.23568153 13.00000000 8.00000000
v 3.36714077 13.00000000 9.00000000
v 3.95072317 13.00000000 10.00000000
v 4.00000000 13.00000000 10.83674240
v 4.00000000 12.06595707 14.00000000
v 3.65494227 13.00000000 40.00000000
v 4.00000000 13.00000000 39.30573273
v 3.39651299 13.00000000 41.00000000
v 3.29464626 13.00000000 42.00000000
v 3.45568228 13.00000000 43.00000000
v 4.00000000 13.00000000 43.37968063
v 3.33607745 14.00000000 7.00000000
v 4.00000000 14.00000000 6.35416508
v 3.26132560 14.00000000 8.00000000
v 3.35580301 14.00000000 9.00000000
v 4.00000000 14.00000000 9.94466496
v 4.00000000 13.41291237 10.00000000
v 3.58291006 14.00000000 40.00000000
v 4.00000000 14.00000000 39.24885559
v 3.34613323 14.00000000 41.00000000
v 3.24594879 14.00000000 42.00000000
v 3.47312713 14.00000000 43.00000000
v 4.00000000 14.00000000 43.42149734
v 3.33628178 15.00000000 7.00000000
v 4.00000000 15.00000000 6.40355778
v 3.21676779 15.00000000 8.00000000
v 3.42726040 15.00000000 9.00000000
v 4.00000000 15.00000000 9.93157578
v 3.67482638 15.00000000 40.00000000
v 4.00000000 15.00000000 39.06007767
v 3.40907145 15.00000000 41.00000000
v 3.29202080 15.00000000 42.00000000
v 3.40831399 15.00000000 43.00000000
v 4.00000000 15.00000000 43.50442123
v 3.39069152 16.00000000 7.00000000
v 4.00000000 16.00000000 6.12622547
v 3.34710431 16.00000000 8.00000000
v 3.45737600 16.00000000 9.00000000
v 4.00000000 16.00000000 9.87055302
v 3.56065035 16.00000000 40.00000000
v 4.00000000 16.00000000 39.02099609
v 3.33914018 16.00000000 41.00000000
v 3.33937883 16.00000000 42.00000000
v 3.43987846 16.00000000 43.00000000
v 4.00000000 16.00000000 43.46755219
v 3.37573671 17.00000000 7.00000000
v 4.00000000 17.00000000 6.33517981
v 3.26014161 17.00000000 8.00000000
v 3.36216402 17.00000000 9.00000000
v 4.00000000 17.00000000 9.89839172
v 3.54522252 17.00000000 40.00000000
v 4.00000000 17.00000000 39.23134995
v 3.35188055 17.00000000 41.00000000
v 3.31686306 17.00000000 42.00000000
v 3.43387675 17.00000000 43.00000000
v 4.00000000 17.00000000 43.55316544
v 3.32652259 18.00000000 7.00000000
v 4.00000000 18.00000000 6.17740297
v 3.30431843 18.00000000 8.00000000
v 3.32850695 18.00000000 9.00000000
v 4.00000000 18.00000000 9.99404144
v 3.59506702 18.00000000 40.00000000
v 4.00000000 18.00000000 39.19943619
v 3.33573198 18.00000000 41.00000000
v 3.30467486 18.00000000 42.00000000
v 3.39684319 18.00000000 43.00000000
v 4.00000000 18.00000000 43.47241974
v 3.38046312 19.00000000 7.00000000
v 4.00000000 19.00000000 6.37543917
v 3.30984116 19.00000000 8.00000000
v 3.40574408 19.00000000 9.00000000
v 4.00000000 19.00000000 9.95025635
v 3.64903355 19.00000000 40.00000000
v 4.00000000 19.00000000 39.24655914
v 3.38410306 19.00000000 41.00000000
v 3.30936909 19.00000000 42.00000000
v 3.37084723 19.00000000 43.00000000
v 4.00000000 19.00000000 43.57709885
v 3.39234066 20.00000000 7.00000000
v 4.00000000 20.00000000 6.28548145
v 3.22389984 20.00000000 8.00000000
v 3.34267449 20.00000000 9.00000000
v 4.00000000 20.00000000 9.89262295
v 3.57999015 20.00000000 40.00000000
v 4.00000000 20.00000000 39.01734924
v 3.33719039 20.00000000 41.00000000
v 3.26288676 20.00000000 42.00000000
v 3.27891088 20.00000000 43.00000000
v 4.00000000 20.00000000 43.58959198
v 3.41053200 21.00000000 7.00000000
v 4.00000000 21.00000000 6.41464806
v 3.24210906 21.00000000 8.00000000
v 3.43861938 21.00000000 9.00000000
v 4.00000000 20.52410889 10.00000000
v 3.88931417 21.00000000 10.00000000
v 4.00000000 21.00000000 10.34762955
v 3.65109229 21.00000000 40.00000000
v 4.00000000 21.00000000 39.27073669
v 3.38436127 21.00000000 41.00000000
v 3.26956868 21.00000000 42.00000000
v 3.39507270 21.00000000 43.00000000
v 4.00000000 21.00000000 43.59848404
v 3.41129112 22.00000000 7.00000000
v 4.00000000 22.00000000 6.31677246
v 3.23905516 22.00000000 8.00000000
v 3.31356978 22.00000000 9.00000000
v 4.00000000 22.00000000 9.92379856
v 4.00000000 21.50041199 10.00000000
v 3.57603216 22.00000000 40.00000000
v 4.00000000 22.00000000 39.06307220
v 3.40533948 22.00000000 41.00000000
v 3.25622916 22.00000000 42.00000000
v 3.39954948 22.00000000 43.00000000
v 4.00000000 22.00000000 43.65900421
v 3.34460211 23.00000000 7.00000000
v 4.00000000 23.00000000 6.38892031
v 3.24889517 23.00000000 8.00000000
v 3.39891577 23.00000000 9.00000000
v 4.00000000 23.00000000 9.90680027
v 3.61684585 23.00000000 40.00000000
v 4.00000000 23.00000000 39.15262985
v 3.38061380 23.00000000 41.00000000
v 3.28353739 23.00000000 42.00000000
v 3.33100915 23.00000000 43.00000000
v 4.00000000 23.00000000 43.61788559
v 3.37430286 24.00000000 7.00000000
v 4.00000000 24.00000000 6.36224985
v 3.16281509 24.00000000 8.00000000
v 3.26882458 24.00000000 9.00000000
v 4.00000000 24.00000000 9.95316887
v 3.98366237 24.00000000 21.00000000
v 4.00000000 23.86883163 21.00000000
v 4.00000000 24.00000000 20.81987762
v 4.00000000 24.00000000 21.15122986
v 3.55632591 24.00000000 40.00000000
v 4.00000000 24.00000000 39.08992767
v 3.30831027 24.00000000 41.00000000
v 3.29762316 24.00000000 42.00000000
v 3.36219954 24.00000000 43.00000000
v 4.00000000 24.00000000 43.62770462
v 3.39618516 25.00000000 7.00000000
v 4.00000000 25.00000000 6.43633842
v 3.22769332 25.00000000 8.00000000
v 3.38585424 25.00000000 9.00000000
v 4.00000000 25.00000000 9.93699169
v 4.00000000 24.17741013 21.00000000
v 3.62319326 25.00000000 40.00000000
v 4.00000000 25.00000000 39.40527725
v 3.35020518 25.00000000 41.00000000
v 3.29276490 25.00000000 42.00000000
v 3.40142608 25.00000000 43.00000000
v 4.00000000 25.00000000 43.61545563
v 3.26510739 26.00000000 7.00000000
v 4.00000000 26.00000000 6.33934546
v 3.03924561 26.00000000 8.00000000
v 3.35090017 26.00000000 9.00000000
v 4.00000000 25.70497322 10.00000000
v 3.97392774 26.00000000 10.00000000
v 4.00000000 26.00000000 10.19731712
v 3.60088658 26.00000000 40.00000000
v 4.00000000 26.00000000 39.27457428
v 3.38687587 26.00000000 41.00000000
v 3.26799488 26.00000000 42.00000000
v 3.38215208 26.00000000 43.00000000
v 4.00000000 26.00000000 43.56525803
v 3.42261863 27.00000000 7.00000000
v 4.00000000 27.00000000 6.29607773
v 3.21819544 27.00000000 8.00000000
v 3.38082743 27.00000000 9.00000000
v 3.99466705 27.00000000 10.00000000
v 4.00000000 27.00000000 10.08137608
v 3.67262626 27.00000000 40.00000000
v 4.00000000 27.00000000 39.29687119
v 3.37601328 27.00000000 41.00000000
v 3.30601001 27.00000000 42.00000000
v 3.34956360 27.00000000 43.00000000
v 4.00000000 27.00000000 43.62150574
v 3.44606733 28.00000000 7.00000000
v 4.00000000 28.00000000 6.27645922
v 3.32475877 28.00000000 8.00000000
v 3.31222510 28.00000000 9.00000000
v 4.00000000 28.00000000 9.87846565
v 4.00000000 27.03526688 10.00000000
v 3.53859019 28.00000000 40.00000000
v 4.00000000 28.00000000 39.00699997
v 3.32220626 28.00000000 41.00000000
v 3.33864546 28.00000000 42.00000000
v 3.41358805 28.00000000 43.00000000
v 4.00000000 28.00000000 43.54304504
v 3.42699385 29.00000000 7.00000000
v 4.00000000 29.00000000 6.36570501
v 3.27251697 29.00000000 8.00000000
v 3.37588596 29.00000000 9.00000000
v 4.00000000 29.00000000 9.99850559
v 3.60467792 29.00000000 40.00000000
v 4.00000000 29.00000000 39.29430008
v 3.36908364 29.00000000 41.00000000
v 3.31284261 29.00000000 42.00000000
v 3.41812968 29.00000000 43.00000000
v 4.00000000 29.00000000 43.57165146
v 3.32178330 30.00000000 7.00000000
v 4.00000000 30.00000000 6.32905054
v 3.17167044 30.00000000 8.00000000
v 3.34308338 30.00000000 9.00000000
v 4.00000000 30.00000000 9.88419819
v 3.55793905 30.00000000 40.00000000
v 4.00000000 30.00000000 39.26045609
v 3.38612151 30.00000000 41.00000000
v 3.26051021 30.00000000 42.00000000
v 3.36815500 30.00000000 43.00000000
v 4.00000000 30.00000000 43.58370972
v 3.27740049 31.00000000 7.00000000
v 4.00000000 31.00000000 6.20667934
v 3.27345037 31.00000000 8.00000000
v 3.36628270 31.00000000 9.00000000
v 4.00000000 30.94256973 10.00000000
v 3.98905015 31.00000000 10.00000000
v 4.00000000 31.00000000 10.03029442
v 3.66047239 31.00000000 40.00000000
v 4.00000000 31.00000000 39.35737991
v 3.36039352 31.00000000 41.00000000
v 3.28135014 31.00000000 42.00000000
v 3.41323400 31.00000000 43.00000000
v 4.00000000 31.00000000 43.53970337
v 3.33783841 32.00000000 7.00000000
v 4.00000000 32.00000000 6.28240108
v 3.22180462 32.00000000 8.00000000
v 3.27905607 32.00000000 9.00000000
v 4.00000000 32.00000000 9.87090015
v 4.00000000 31.05771637 10.00000000
v 3.50075078 32.00000000 40.00000000
v 4.00000000 32.00000000 39.04611969
v 3.32089353 32.00000000 41.00000000
v 3.33486772 32.00000000 42.00000000
v 3.41202760 32.00000000 43.00000000
v 4.00000000 32.00000000 43.49770355
v 3.43274212 33.00000000 7.00000000
v 4.00000000 33.00000000 6.35515356
v 3.35972309 33.00000000 8.00000000
v 3.41250062 33.00000000 9.00000000
v 4.00000000 32.85037231 10.00000000
v 3.96998501 33.00000000 10.00000000
v 4.00000000 33.00000000 10.11463547
v 3.61243200 33.00000000 40.00000000
v 4.00000000 33.00000000 39.46518707
v 3.35488701 33.00000000 41.00000000
v 3.34664702 33.00000000 42.00000000
v 3.57079458 33.00000000 43.00000000
v 4.00000000 33.00000000 43.41956711
v 3.30578923 34.00000000 7.00000000
v 4.00000000 34.00000000 6.28537130
v 3.29910040 34.00000000 8.00000000
v 3.43634677 34.00000000 9.00000000
v 4.00000000 34.00000000 9.90428925
v 4.00000000 33.19679260 10.00000000
v 3.60998249 34.00000000 40.00000000
v 4.00000000 34.00000000 39.36482239
v 3.33541632 34.00000000 41.00000000
v 3.31402326 34.00000000 42.00000000
v 3.48169875 34.00000000 43.00000000
v 4.00000000 34.00000000 43.36056519
v 3.34214377 35.00000000 7.00000000
v 4.00000000 35.00000000 6.35440445
v 3.30871773 35.00000000 8.00000000
v 3.34618878 35.00000000 9.00000000
v 4.00000000 34.45636368 10.00000000
v 3.85738492 35.00000000 10.00000000
v 4.00000000 35.00000000 10.34927273
v 3.65565300 35.00000000 40.00000000
v 4.00000000 35.00000000 39.22621918
v 3.30191398 35.00000000 41.00000000
v 3.24030185 35.00000000 42.00000000
v 3.46006131 35.00000000 43.00000000
v 4.00000000 35.00000000 43.39658356
v 3.38408184 36.00000000 7.00000000
v 4.00000000 36.00000000 6.32061291
v 3.22493410 36.00000000 8.00000000
v 3.19973087 36.00000000 9.00000000
v 4.00000000 36.00000000 9.96699142
v 4.00000000 35.77308655 10.00000000
v 3.99996996 36.00000000 30.00000000
v 4.00000000 35.99969482 30.00000000
v 4.00000000 36.00000000 29.99962234
v 4.00000000 36.00000000 30.00034332
v 3.58259559 36.00000000 40.00000000
v 4.00000000 36.00000000 39.17321777
v 3.28594971 36.00000000 41.00000000
v 3.31770253 36.00000000 42.00000000
v 3.58568549 36.00000000 43.00000000
v 4.00000000 36.00000000 43.27930832
v 3.33820772 37.00000000 7.00000000
v 4.00000000 37.00000000 6.36880064
v 3.26475000 37.00000000 8.00000000
v 3.30486274 37.00000000 9.00000000
v 4.00000000 37.00000000 9.97290421
v 4.00000000 36.00050735 30.00000000
v 3.68125653 37.00000000 40.00000000
v 4.00000000 37.00000000 39.38920593
v 3.38239837 37.00000000 41.00000000
v 3.34216833 37.00000000 42.00000000
v 3.60809708 37.00000000 43.00000000
v 4.00000000 37.00000000 43.26436234
v 3.37647486 38.00000000 7.00000000
v 4.00000000 38.00000000 6.30566931
v 3.27814174 38.00000000 8.00000000
v 3.41295338 38.00000000 9.00000000
v 4.00000000 38.00000000 9.87558842
v 3.55322766 38.00000000 40.00000000
v 4.00000000 38.00000000 39.03489304
v 3.35742188 38.00000000 41.00000000
v 3.30465508 38.00000000 42.00000000
v 3.62220025 38.00000000 43.00000000
v 4.00000000 38.00000000 43.21614838
v 3.34806228 39.00000000 7.00000000
v 4.00000000 39.00000000 6.32084036
v 3.33106303 39.00000000 8.00000000
v 3.36202884 39.00000000 9.00000000
v 4.00000000 38.77787399 10.00000000
v 3.94319820 39.00000000 10.00000000
v 4.00000000 39.00000000 10.21845341
v 3.61169243 39.00000000 40.00000000
v 4.00000000 39.00000000 39.11334610
v 3.40327072 39.00000000 41.00000000
v 3.32650852 39.00000000 42.00000000
v 3.64974928 39.00000000 43.00000000
v 4.00000000 39.00000000 43.19822693
v 3.37980866 40.00000000 7.00000000
v 4.00000000 40.00000000 6.26124287
v 3.23705959 40.00000000 8.00000000
v 3.36169600 40.00000000 9.00000000
v 4.00000000 40.00000000 9.96121693
v 4.00000000 39.55178070 10.00000000
v 3.54184198 40.00000000 40.00000000
v 4.00000000 40.00000000 39.01942825
v 3.31854010 40.00000000 41.00000000
v 3.31921172 40.00000000 42.00000000
v 3.90816712 40.00000000 43.00000000
v 4.00000000 40.00000000 43.04349518
v 3.40736246 41.00000000 7.00000000
v 4.00000000 41.00000000 6.29512596
v 3.28949976 41.00000000 8.00000000
v 3.32634783 41.00000000 9.00000000
v 4.00000000 40.90142441 10.00000000
v 3.99650478 41.00000000 10.00000000
v 4.00000000 41.00000000 10.01322365
v 3.59237766 41.00000000 40.00000000
v 4.00000000 41.00000000 39.29299164
v 3.31651998 41.00000000 41.00000000
v 3.27348924 41.00000000 42.00000000
v 4.00000000 41.00000000 42.84463120
v 4.00000000 40.26842117 43.00000000
v 3.35835409 42.00000000 7.00000000
v 4.00000000 42.00000000 6.28817177
v 3.23848796 42.00000000 8.00000000
v 3.40188766 42.00000000 9.00000000
v 4.00000000 42.00000000 9.99577045
v 4.00000000 41.44685364 10.00000000
v 3.66139913 42.00000000 40.00000000
v 4.00000000 42.00000000 39.36674118
v 3.24022198 42.00000000 41.00000000
v 3.33248115 42.00000000 42.00000000
v 4.00000000 42.00000000 42.89066315
v 3.46237493 43.00000000 7.00000000
v 4.00000000 43.00000000 6.46221828
v 3.27905083 43.00000000 8.00000000
v 3.38149071 43.00000000 9.00000000
v 4.00000000 42.02975845 10.00000000
v 3.83901095 43.00000000 10.00000000
v 3.95394397 43.00000000 11.00000000
v 4.00000000 42.67169952 11.00000000
v 4.00000000 43.00000000 11.34165096
v 3.97926021 43.00000000 15.00000000
v 4.00000000 42.86797333 15.00000000
v 4.00000000 43.00000000 14.19819641
v 4.00000000 43.00000000 15.16277027
v 3.97299719 43.00000000 39.00000000
v 4.00000000 42.85725784 39.00000000
v 4.00000000 43.00000000 38.87237167
v 3.64070535 43.00000000 40.00000000
v 3.34786105 43.00000000 41.00000000
v 3.37148595 43.00000000 42.00000000
v 4.00000000 43.00000000 42.89643478
v 3.32099915 44.00000000 7.00000000
v 4.00000000 44.00000000 6.31655884
v 3.28672290 44.00000000 8.00000000
v 3.32237577 44.00000000 9.00000000
v 3.54986262 44.00000000 10.00000000
v 3.48888636 44.00000000 11.00000000
v 4.00000000 43.25016785 12.00000000
v 3.63280582 44.00000000 12.00000000
v 3.51050043 44.00000000 13.00000000
v 4.00000000 43.17441559 13.00000000
v 3.41368484 44.00000000 14.00000000
v 4.00000000 43.01296616 14.00000000
v 3.53265309 44.00000000 15.00000000
v 4.00000000 43.27088165 16.00000000
v 3.63779020 44.00000000 16.00000000
v 3.47125912 44.00000000 17.00000000
v 4.00000000 43.15457153 17.00000000
v 3.49391174 44.00000000 18.00000000
v 4.00000000 43.29755783 18.00000000
v 3.52022862 44.00000000 19.00000000
v 4.00000000 43.10914993 19.00000000
v 3.49400520 44.00000000 20.00000000
v 4.00000000 43.16454315 20.00000000
v 3.44335866 44.00000000 21.00000000
v 4.00000000 43.07285309 21.00000000
v 3.50818229 44.00000000 22.00000000
v 4.00000000 43.17083740 22.00000000
v 3.58776331 44.00000000 23.00000000
v 4.00000000 43.08340454 23.00000000
v 3.59616399 44.00000000 24.00000000
v 4.00000000 43.28047180 24.00000000
v 3.46571279 44.00000000 25.00000000
v 4.00000000 43.18561172 25.00000000
v 3.52659059 44.00000000 26.00000000
v 4.00000000 43.24747849 26.00000000
v 3.55876017 44.00000000 27.00000000
v 4.00000000 43.12452698 27.00000000
v 3.53219986 44.00000000 28.00000000
v 4.00000000 43.21446228 28.00000000
v 3.47788954 44.00000000 29.00000000
v 4.00000000 43.20913696 29.00000000
v 3.51605105 44.00000000 30.00000000
v 4.00000000 43.25421524 30.00000000
v 3.58742309 44.00000000 31.00000000
v 4.00000000 43.15802002 31.00000000
v 3.57598305 44.00000000 32.00000000
v 4.00000000 43.20498276 32.00000000
v 3.52539849 44.00000000 33.00000000
v 4.00000000 43.11454391 33.00000000
v 3.52477789 44.00000000 34.00000000
v 4.00000000 43.24145126 34.00000000
v 3.51317859 44.00000000 35.00000000
v 4.00000000 43.05554199 35.00000000
v 3.49721265 44.00000000 36.00000000
v 4.00000000 43.07862091 36.00000000
v 3.44879866 44.00000000 37.00000000
v 4.00000000 43.13070679 37.00000000
v 3.62938356 44.00000000 38.00000000
v 4.00000000 43.32851410 38.00000000
v 3.53175783 44.00000000 39.00000000
v 3.41725397 44.00000000 40.00000000
v 3.32465076 44.00000000 41.00000000
v 3.20117545 44.00000000 42.00000000
v 4.00000000 44.00000000 42.80818558
v 3.28525782 45.00000000 7.00000000
v 4.00000000 45.00000000 6.33519983
v 3.32162476 45.00000000 8.00000000
v 3.34988618 45.00000000 9.00000000
v 3.32120204 45.00000000 10.00000000
v 3.28525114 45.00000000 11.00000000
v 3.30077171 45.00000000 12.00000000
v 3.43207192 45.00000000 13.00000000
v 3.31293058 45.00000000 14.00000000
v 3.25889468 45.00000000 15.00000000
v 3.37744856 45.00000000 16.00000000
v 3.37390852 45.00000000 17.00000000
v 3.27318716 45.00000000 18.00000000
v 3.31371164 45.00000000 19.00000000
v 3.29044724 45.00000000 20.00000000
v 3.34810448 45.00000000 21.00000000
v 3.28864479 45.00000000 22.00000000
v 3.29045701 45.00000000 23.00000000
v 3.30089021 45.00000000 24.00000000
v 3.34580660 45.00000000 25.00000000
v 3.26583099 45.00000000 26.00000000
v 3.31568694 45.00000000 27.00000000
v 3.33170509 45.00000000 28.00000000
v 3.43492389 45.00000000 29.00000000
v 3.34256721 45.00000000 30.00000000
v 3.24929094 45.00000000 31.00000000
v 3.30508375 45.00000000 32.00000000
v 3.34415984 45.00000000 33.00000000
v 3.30117464 45.00000000 34.00000000
v 3.27459073 45.00000000 35.00000000
v 3.29604006 45.00000000 36.00000000
v 3.34628654 45.00000000 37.00000000
v 3.34455204 45.00000000 38.00000000
v 3.33039665 45.00000000 39.00000000
v 3.31201005 45.00000000 40.00000000
v 3.32235289 45.00000000 41.00000000
v 3.21525478 45.00000000 42.00000000
v 4.00000000 45.00000000 42.90650177
v 3.35487604 46.00000000 7.00000000
v 4.00000000 46.00000000 6.24081945
v 3.27322030 46.00000000 8.00000000
v 3.38201904 46.00000000 9.00000000
v 3.31082678 46.00000000 10.00000000
v 3.38573241 46.00000000 11.00000000
v 3.27216649 46.00000000 12.00000000
v 3.33772016 46.00000000 13.00000000
v 3.25872970 46.00000000 14.00000000
v 3.33707952 46.00000000 15.00000000
v 3.34914160 46.00000000 16.00000000
v 3.33683348 46.00000000 17.00000000
v 3.29199696 46.00000000 18.00000000
v 3.38904262 46.00000000 19.00000000
v 3.30808949 46.00000000 20.00000000
v 3.36324739 46.00000000 21.00000000
v 3.23652244 46.00000000 22.00000000
v 3.36623740 46.00000000 23.00000000
v 3.28092456 46.00000000 24.00000000
v 3.35266304 46.00000000 25.00000000
v 3.26204801 46.00000000 26.00000000
v 3.37152719 46.00000000 27.00000000
v 3.28009057 46.00000000 28.00000000
v 3.32641006 46.00000000 29.00000000
v 3.24518442 46.00000000 30.00000000
v 3.34266019 46.00000000 31.00000000
v 3.27586675 46.00000000 32.00000000
v 3.33289766 46.00000000 33.00000000
v 3.27737808 46.00000000 34.00000000
v 3.38127971 46.00000000 35.00000000
v 3.34216237 46.00000000 36.00000000
v 3.32081294 46.00000000 37.00000000
v 3.26913953 46.00000000 38.00000000
v 3.37672830 46.00000000 39.00000000
v 3.21690965 46.00000000 40.00000000
v 3.34554672 46.00000000 41.00000000
v 3.30901694 46.00000000 42.00000000
v 4.00000000 46.00000000 42.79429626
v 4.00000000 46.96333313 7.00000000
v 4.00000000 47.00000000 7.70698547
v 3.97942376 47.00000000 8.00000000
v 3.97761083 47.00000000 9.00000000
v 3.96087217 47.00000000 10.00000000
v 3.91103601 47.00000000 11.00000000
v 4.00000000 47.00000000 11.83256721
v 4.00000000 46.98900223 12.00000000
v 4.00000000 47.00000000 12.12047005
v 3.88429737 47.00000000 13.00000000
v 3.81818366 47.00000000 14.00000000
v 3.93679929 47.00000000 15.00000000
v 3.95611501 47.00000000 16.00000000
v 3.99946165 47.00000000 17.00000000
v 3.74346519 47.00000000 18.00000000
v 3.91549850 47.00000000 19.00000000
v 4.00000000 47.00000000 19.85543823
v 4.00000000 46.98947525 20.00000000
v 4.00000000 47.00000000 20.24741364
v 3.95071244 47.00000000 21.00000000
v 3.76030231 47.00000000 22.00000000
v 3.91025662 47.00000000 23.00000000
v 4.00000000 47.00000000 23.62313652
v 4.00000000 46.95862198 24.00000000
v 4.00000000 46.92201996 25.00000000
v 4.00000000 47.00000000 25.28849792
v 3.77515674 47.00000000 26.00000000
v 4.00000000 47.00000000 26.88837433
v 4.00000000 46.97554398 27.00000000
v 4.00000000 46.97920990 28.00000000
v 4.00000000 47.00000000 28.25420570
v 3.91880035 47.00000000 29.00000000
v 3.79726648 47.00000000 30.00000000
v 3.86669421 47.00000000 31.00000000
v 3.96629858 47.00000000 32.00000000
v 3.96599293 47.00000000 33.00000000
v 3.74626684 47.00000000 34.00000000
v 3.92885971 47.00000000 35.00000000
v 3.85693622 47.00000000 36.00000000
v 3.98236203 47.00000000 37.00000000
v 3.84436417 47.00000000 38.00000000
v 3.94209576 47.00000000 39.00000000
v 3.83223844 47.00000000 40.00000000
v 3.90167999 47.00000000 41.00000000
v 3.94699693 47.00000000 42.00000000
v 4.00000000 47.00000000 42.05391693
v 4.40819454 0.00000000 7.00000000
v 5.00000000 0.16967252 7.00000000
v 5.00000000 1.00000000 6.26595020
v 5.00000000 0.06300533 8.00000000
v 5.00000000 0.00000000 8.87161064
v 4.53717566 0.00000000 10.00000000
v 4.66991568 0.00000000 12.00000000
v 5.00000000 0.01115617 14.00000000
v 5.00000000 0.00000000 13.69882488
v 4.09261751 0.00000000 15.00000000
v 5.00000000 0.04187413 15.00000000
v 5.00000000 0.02813921 16.00000000
v 5.00000000 0.00000000 16.38343239
v 5.00000000 0.03230333 18.00000000
v 5.00000000 0.00000000 17.58580208
v 5.00000000 0.00000000 18.57009888
v 5.00000000 0.04969199 20.00000000
v 5.00000000 0.00000000 19.31655121
v 5.00000000 0.00000000 20.47472763
v 5.00000000 0.01802444 22.00000000
v 5.00000000 0.00000000 21.76056099
v 5.00000000 0.03596224 23.00000000
v 5.00000000 0.06186663 24.00000000
v 5.00000000 0.00000000 24.40423584
v 5.00000000 0.02880432 26.00000000
v 5.00000000 0.00000000 25.76231384
v 4.73843098 0.00000000 27.00000000
v 5.00000000 0.01701841 27.00000000
v 5.00000000 0.06559373 28.00000000
v 5.00000000 0.00000000 28.85103607
v 5.00000000 0.05599907 30.00000000
v 5.00000000 0.00000000 29.17873764
v 4.39109945 0.00000000 31.00000000
v 5.00000000 0.03137058 31.00000000
v 5.00000000 0.05426559 32.00000000
v 5.00000000 0.00000000 32.32954788
v 4.66219711 0.00000000 34.00000000
v 5.00000000 0.00000000 34.51601028
v 5.00000000 0.03582717 35.00000000
v 4.63089705 0.00000000 35.00000000
v 5.00000000 0.06748553 36.00000000
v 5.00000000 0.00000000 36.57157135
v 4.62604856 0.00000000 39.00000000
v 5.00000000 0.02935473 39.00000000
v 5.00000000 0.00000000 38.06808090
v 5.00000000 0.02668708 40.00000000
v 5.00000000 0.00000000 40.12633133
v 4.90619183 0.00000000 42.00000000
v 5.00000000 0.00000000 42.02167892
v 5.00000000 1.00000000 42.83818054
v 5.00000000 2.00000000 6.21998644
v 5.00000000 2.00000000 42.89731216
v 5.00000000 3.00000000 6.36724043
v 5.00000000 3.00000000 42.85791016
v 5.00000000 4.00000000 6.31147337
v 4.11855793 4.00000000 11.00000000
v 4.11081362 4.00000000 12.00000000
v 4.08338928 4.00000000 13.00000000
v 4.07874918 4.00000000 14.00000000
v 4.06840467 4.00000000 15.00000000
v 4.11766481 4.00000000 16.00000000
v 4.08177137 4.00000000 17.00000000
v 4.12644672 4.00000000 18.00000000
v 4.01119041 4.00000000 19.00000000
v 4.14724588 4.00000000 20.00000000
v 4.11926603 4.00000000 21.00000000
v 4.06850481 4.00000000 22.00000000
v 4.04582024 4.00000000 23.00000000
v 4.20597267 4.00000000 24.00000000
v 4.09926414 4.00000000 25.00000000
v 4.07908344 4.00000000 26.00000000
v 4.00660419 4.00000000 27.00000000
v 4.08295155 4.00000000 28.00000000
v 4.07078028 4.00000000 29.00000000
v 4.05951118 4.00000000 30.00000000
v 4.04475784 4.00000000 31.00000000
v 4.16770601 4.00000000 32.00000000
v 4.04186344 4.00000000 33.00000000
v 4.15757036 4.00000000 34.00000000
v 4.07870865 4.00000000 35.00000000
v 4.14137650 4.00000000 36.00000000
v 4.09749031 4.00000000 37.00000000
v 4.08072758 4.00000000 38.00000000
v 5.00000000 3.85017967 43.00000000
v 4.72027206 4.00000000 43.00000000
v 5.00000000 4.00000000 43.02588272
v 5.00000000 5.00000000 6.32066488
v 4.09905624 5.00000000 10.00000000
v 4.11247873 5.00000000 11.00000000
v 4.10147238 5.00000000 12.00000000
v 4.08820534 5.00000000 13.00000000
v 4.09624290 5.00000000 14.00000000
v 4.05942440 5.00000000 15.00000000
v 4.10239029 5.00000000 16.00000000
v 4.11211586 5.00000000 17.00000000
v 4.09270430 5.00000000 18.00000000
v 4.06034613 5.00000000 19.00000000
v 4.14519310 5.00000000 20.00000000
v 4.10458565 5.00000000 21.00000000
v 4.08308887 5.00000000 22.00000000
v 4.02295017 5.00000000 23.00000000
v 4.08695364 5.00000000 24.00000000
v 4.11739016 5.00000000 25.00000000
v 4.06771994 5.00000000 26.00000000
v 4.07690430 5.00000000 27.00000000
v 4.14755774 5.00000000 28.00000000
v 4.13111782 5.00000000 29.00000000
v 4.05893087 5.00000000 30.00000000
v 4.09493780 5.00000000 31.00000000
v 4.12905788 5.00000000 32.00000000
v 4.10550451 5.00000000 33.00000000
v 4.09847927 5.00000000 34.00000000
v 4.10269594 5.00000000 35.00000000
v 4.08962440 5.00000000 36.00000000
v 4.19134951 5.00000000 37.00000000
v 4.10710812 5.00000000 38.00000000
v 4.02970600 5.00000000 39.00000000
v 5.00000000 5.00000000 43.00003433
v 5.00000000 6.00000000 6.36156940
v 4.04623365 6.00000000 11.00000000
v 4.15783596 6.00000000 12.00000000
v 4.12187815 6.00000000 13.00000000
v 4.12575102 6.00000000 14.00000000
v 4.04635429 6.00000000 15.00000000
v 4.07780886 6.00000000 16.00000000
v 4.09563017 6.00000000 17.00000000
v 4.11402321 6.00000000 18.00000000
v 4.14535713 6.00000000 19.00000000
v 4.17331266 6.00000000 20.00000000
v 4.06749296 6.00000000 21.00000000
v 4.11557150 6.00000000 22.00000000
v 4.12352371 6.00000000 23.00000000
v 4.10376644 6.00000000 24.00000000
v 4.08897495 6.00000000 25.00000000
v 4.11090612 6.00000000 26.00000000
v 4.19640875 6.00000000 27.00000000
v 4.12997627 6.00000000 28.00000000
v 4.07539892 6.00000000 29.00000000
v 4.06739616 6.00000000 30.00000000
v 4.09148264 6.00000000 31.00000000
v 4.11963272 6.00000000 32.00000000
v 4.05162239 6.00000000 33.00000000
v 4.09807110 6.00000000 34.00000000
v 4.12198830 6.00000000 35.00000000
v 4.13109207 6.00000000 36.00000000
v 4.16079712 6.00000000 37.00000000
v 4.05967665 6.00000000 38.00000000
v 4.10468912 6.00000000 39.00000000
v 4.37464476 6.00000000 43.00000000
v 5.00000000 6.00000000 43.11745071
v 5.00000000 7.00000000 6.37241650
v 4.07340956 7.00000000 11.00000000
v 4.18240356 7.00000000 12.00000000
v 4.09624434 7.00000000 13.00000000
v 4.12729788 7.00000000 14.00000000
v 4.04255486 7.00000000 15.00000000
v 4.10939407 7.00000000 16.00000000
v 4.07343388 7.00000000 17.00000000
v 4.08899975 7.00000000 18.00000000
v 4.11582947 7.00000000 19.00000000
v 4.06934166 7.00000000 20.00000000
v 4.05484152 7.00000000 21.00000000
v 4.05623817 7.00000000 22.00000000
v 4.06203079 7.00000000 23.00000000
v 4.04487944 7.00000000 24.00000000
v 4.11034060 7.00000000 25.00000000
v 4.04831839 7.00000000 26.00000000
v 4.05136919 7.00000000 27.00000000
v 4.07824421 7.00000000 28.00000000
v 4.06897831 7.00000000 29.00000000
v 4.06957769 7.00000000 30.00000000
v 4.09481907 7.00000000 31.00000000
v 4.07710075 7.00000000 32.00000000
v 4.05324745 7.00000000 33.00000000
v 4.07423019 7.00000000 34.00000000
v 4.05392742 7.00000000 35.00000000
v 4.02491665 7.00000000 36.00000000
v 4.10310078 7.00000000 37.00000000
v 4.07847452 7.00000000 38.00000000
v 4.07859230 7.00000000 39.00000000
v 5.00000000 7.00000000 43.07738113
v 5.00000000 8.00000000 6.33913517
v 4.13649130 8.00000000 11.00000000
v 4.12454891 8.00000000 12.00000000
v 4.09236956 8.00000000 13.00000000
v 4.02952099 8.00000000 14.00000000
v 4.10811615 8.00000000 15.00000000
v 4.08190584 8.00000000 16.00000000
v 4.06184673 8.00000000 17.00000000
v 4.09719801 8.00000000 18.00000000
v 4.15787888 8.00000000 19.00000000
v 4.08896637 8.00000000 20.00000000
v 4.10830688 8.00000000 21.00000000
v 4.10519457 8.00000000 22.00000000
v 4.14967155 8.00000000 23.00000000
v 4.06070280 8.00000000 24.00000000
v 4.14961529 8.00000000 25.00000000
v 4.09141541 8.00000000 26.00000000
v 4.15197039 8.00000000 27.00000000
v 4.11259937 8.00000000 28.00000000
v 4.06790209 8.00000000 29.00000000
v 4.00147581 8.00000000 30.00000000
v 4.13484192 8.00000000 31.00000000
v 4.07901669 8.00000000 32.00000000
v 4.07872343 8.00000000 33.00000000
v 4.14319849 8.00000000 34.00000000
v 4.10672855 8.00000000 35.00000000
v 4.07964230 8.00000000 36.00000000
v 4.10843754 8.00000000 37.00000000
v 4.12786245 8.00000000 38.00000000
v 4.02824163 8.00000000 39.00000000
v 5.00000000 8.00000000 43.20489883
v 5.00000000 9.00000000 6.48312521
v 4.05564833 9.00000000 10.00000000
v 4.03316069 9.00000000 11.00000000
v 4.11794281 9.00000000 12.00000000
v 4.07031822 9.00000000 13.00000000
v 4.12546396 9.00000000 14.00000000
v 4.03463364 9.00000000 15.00000000
v 4.13285112 9.00000000 16.00000000
v 4.10546875 9.00000000 17.00000000
v 4.09997749 9.00000000 18.00000000
v 4.07737303 9.00000000 19.00000000
v 4.04908037 9.00000000 20.00000000
v 4.07178783 9.00000000 21.00000000
v 4.06546307 9.00000000 22.00000000
v 4.07827282 9.00000000 23.00000000
v 4.10672760 9.00000000 24.00000000
v 4.07810450 9.00000000 25.00000000
v 4.05947113 9.00000000 26.00000000
v 4.09748745 9.00000000 27.00000000
v 4.09082651 9.00000000 28.00000000
v 4.09636116 9.00000000 29.00000000
v 4.08714867 9.00000000 30.00000000
v 4.12453556 9.00000000 31.00000000
v 4.09244013 9.00000000 32.00000000
v 4.09397078 9.00000000 33.00000000
v 4.07807159 9.00000000 34.00000000
v 4.05859137 9.00000000 35.00000000
v 4.08190680 9.00000000 36.00000000
v 4.12634373 9.00000000 37.00000000
v 4.08535194 9.00000000 38.00000000
v 4.11599636 9.00000000 39.00000000
v 5.00000000 9.00000000 43.26956177
v 5.00000000 10.00000000 6.35883474
v 4.09097242 10.00000000 10.00000000
v 4.11277056 10.00000000 11.00000000
v 4.06298351 10.00000000 12.00000000
v 4.11201620 10.00000000 13.00000000
v 4.09192991 10.00000000 14.00000000
v 4.06368160 10.00000000 15.00000000
v 4.07464600 10.00000000 16.00000000
v 4.10235882 10.00000000 17.00000000
v 4.11499166 10.00000000 18.00000000
v 4.11537027 10.00000000 19.00000000
v 4.10879087 10.00000000 20.00000000
v 4.11872101 10.00000000 21.00000000
v 4.12421227 10.00000000 22.00000000
v 4.09407568 10.00000000 23.00000000
v 4.10156536 10.00000000 24.00000000
v 4.11094141 10.00000000 25.00000000
v 4.10057688 10.00000000 26.00000000
v 4.11038256 10.00000000 27.00000000
v 4.10699654 10.00000000 28.00000000
v 4.07353163 10.00000000 29.00000000
v 4.12972021 10.00000000 30.00000000
v 4.06191063 10.00000000 31.00000000
v 4.07359600 10.00000000 32.00000000
v 4.03553295 10.00000000 33.00000000
v 4.13308525 10.00000000 34.00000000
v 4.10838985 10.00000000 35.00000000
v 4.09179211 10.00000000 36.00000000
v 4.15858030 10.00000000 37.00000000
v 4.08907938 10.00000000 38.00000000
v 4.07126474 10.00000000 39.00000000
v 5.00000000 10.00000000 43.35905838
v 5.00000000 11.00000000 6.27592802
v 4.00368357 11.00000000 10.00000000
v 4.06742191 11.00000000 11.00000000
v 4.14723110 11.00000000 12.00000000
v 4.09590578 11.00000000 13.00000000
v 4.09063911 11.00000000 14.00000000
v 4.14733362 11.00000000 15.00000000
v 4.12311411 11.00000000 16.00000000
v 4.08052206 11.00000000 17.00000000
v 4.09789610 11.00000000 18.00000000
v 4.04758072 11.00000000 19.00000000
v 4.09636450 11.00000000 20.00000000
v 4.10703993 11.00000000 21.00000000
v 4.10746670 11.00000000 22.00000000
v 4.03384018 11.00000000 23.00000000
v 4.09408379 11.00000000 24.00000000
v 4.10451603 11.00000000 25.00000000
v 4.07681608 11.00000000 26.00000000
v 4.04256487 11.00000000 27.00000000
v 4.08723497 11.00000000 28.00000000
v 4.12535667 11.00000000 29.00000000
v 4.11009216 11.00000000 30.00000000
v 4.07600832 11.00000000 31.00000000
v 4.10197115 11.00000000 32.00000000
v 4.09996605 11.00000000 33.00000000
v 4.13141489 11.00000000 34.00000000
v 4.07347345 11.00000000 35.00000000
v 4.06684399 11.00000000 36.00000000
v 4.15902805 11.00000000 37.00000000
v 4.08228016 11.00000000 38.00000000
v 5.00000000 11.00000000 43.37107468
v 5.00000000 12.00000000 6.33746910
v 4.06594563 12.00000000 11.00000000
v 4.14731026 12.00000000 12.00000000
v 4.13958740 12.00000000 13.00000000
v 4.10390949 12.00000000 15.00000000
v 4.02322388 12.00000000 16.00000000
v 4.08534193 12.00000000 17.00000000
v 4.07701874 12.00000000 18.00000000
v 4.04455328 12.00000000 19.00000000
v 4.11705399 12.00000000 20.00000000
v 4.04981041 12.00000000 21.00000000
v 4.08283806 12.00000000 22.00000000
v 4.06323528 12.00000000 23.00000000
v 4.07439280 12.00000000 24.00000000
v 4.11520815 12.00000000 25.00000000
v 4.04966068 12.00000000 26.00000000
v 4.05554438 12.00000000 27.00000000
v 4.05662870 12.00000000 28.00000000
v 4.07905960 12.00000000 29.00000000
v 4.11247730 12.00000000 30.00000000
v 4.08051348 12.00000000 31.00000000
v 4.04944134 12.00000000 32.00000000
v 4.09073114 12.00000000 33.00000000
v 4.10312510 12.00000000 34.00000000
v 4.05685425 12.00000000 35.00000000
v 4.05629683 12.00000000 36.00000000
v 4.11298132 12.00000000 37.00000000
v 4.09769487 12.00000000 38.00000000
v 4.02224255 12.00000000 39.00000000
v 5.00000000 12.00000000 43.44684219
v 5.00000000 13.00000000 6.40483189
v 4.00482893 13.00000000 11.00000000
v 4.13274860 13.00000000 12.00000000
v 4.13094664 13.00000000 13.00000000
v 4.12009621 13.00000000 14.00000000
v 4.07530165 13.00000000 15.00000000
v 4.09781694 13.00000000 16.00000000
v 4.13720179 13.00000000 17.00000000
v 4.11811924 13.00000000 18.00000000
v 4.08101082 13.00000000 19.00000000
v 4.11660433 13.00000000 20.00000000
v 4.07822037 13.00000000 21.00000000
v 4.09105587 13.00000000 22.00000000
v 4.12656975 13.00000000 23.00000000
v 4.11674690 13.00000000 24.00000000
v 4.11368370 13.00000000 25.00000000
v 4.15635729 13.00000000 26.00000000
v 4.14718246 13.00000000 27.00000000
v 4.18070555 13.00000000 28.00000000
v 4.13081312 13.00000000 29.00000000
v 4.12408209 13.00000000 30.00000000
v 4.04943180 13.00000000 31.00000000
v 4.09024811 13.00000000 32.00000000
v 4.07029819 13.00000000 33.00000000
v 4.09007788 13.00000000 34.00000000
v 4.05463409 13.00000000 35.00000000
v 4.08286619 13.00000000 36.00000000
v 4.13284636 13.00000000 37.00000000
v 4.11986446 13.00000000 38.00000000
v 4.08785057 13.00000000 39.00000000
v 5.00000000 13.00000000 43.48363113
v 5.00000000 14.00000000 6.42601347
v 4.03412867 14.00000000 10.00000000
v 4.01557922 14.00000000 11.00000000
v 4.10179663 14.00000000 12.00000000
v 4.09533358 14.00000000 13.00000000
v 4.01920271 14.00000000 14.00000000
v 4.02606916 14.00000000 15.00000000
v 4.01857948 14.00000000 16.00000000
v 4.10912609 14.00000000 17.00000000
v 4.12541723 14.00000000 18.00000000
v 4.06807947 14.00000000 19.00000000
v 4.14103031 14.00000000 20.00000000
v 4.11116791 14.00000000 21.00000000
v 4.11404943 14.00000000 22.00000000
v 4.08600092 14.00000000 23.00000000
v 4.10472393 14.00000000 24.00000000
v 4.06702995 14.00000000 25.00000000
v 4.09013557 14.00000000 26.00000000
v 4.10545826 14.00000000 27.00000000
v 4.11220646 14.00000000 28.00000000
v 4.06506920 14.00000000 29.00000000
v 4.09465837 14.00000000 30.00000000
v 4.02652884 14.00000000 31.00000000
v 4.08628035 14.00000000 32.00000000
v 4.05126286 14.00000000 33.00000000
v 4.11741495 14.00000000 34.00000000
v 4.08279467 14.00000000 35.00000000
v 4.09426689 14.00000000 36.00000000
v 4.09802866 14.00000000 37.00000000
v 4.08639145 14.00000000 38.00000000
v 4.08785009 14.00000000 39.00000000
v 5.00000000 14.00000000 43.54579544
v 5.00000000 15.00000000 6.29515266
v 4.04288864 15.00000000 10.00000000
v 4.00998831 15.00000000 11.00000000
v 4.16596174 15.00000000 12.00000000
v 4.10330296 15.00000000 13.00000000
v 4.09788227 15.00000000 14.00000000
v 4.12636328 15.00000000 15.00000000
v 4.12056303 15.00000000 16.00000000
v 4.09208107 15.00000000 17.00000000
v 4.10738277 15.00000000 18.00000000
v 4.08481312 15.00000000 19.00000000
v 4.13800573 15.00000000 20.00000000
v 4.12749767 15.00000000 21.00000000
v 4.08955717 15.00000000 22.00000000
v 4.11060429 15.00000000 23.00000000
v 4.11759186 15.00000000 24.00000000
v 4.05364418 15.00000000 25.00000000
v 4.05074310 15.00000000 26.00000000
v 4.08617640 15.00000000 27.00000000
v 4.09814548 15.00000000 28.00000000
v 4.09396935 15.00000000 29.00000000
v 4.10947752 15.00000000 30.00000000
v 4.09571457 15.00000000 31.00000000
v 4.06947565 15.00000000 32.00000000
v 4.09762526 15.00000000 33.00000000
v 4.10622072 15.00000000 34.00000000
v 4.08645582 15.00000000 35.00000000
v 4.09692097 15.00000000 36.00000000
v 4.12819386 15.00000000 37.00000000
v 4.09020662 15.00000000 38.00000000
v 4.01280689 15.00000000 39.00000000
v 5.00000000 15.00000000 43.49553299
v 5.00000000 16.00000000 6.31523371
v 4.06481504 16.00000000 10.00000000
v 4.04676485 16.00000000 11.00000000
v 4.07876635 16.00000000 12.00000000
v 4.08264303 16.00000000 13.00000000
v 4.05553865 16.00000000 14.00000000
v 4.06232309 16.00000000 15.00000000
v 4.06258917 16.00000000 16.00000000
v 4.08777571 16.00000000 17.00000000
v 4.06182098 16.00000000 18.00000000
v 4.10811758 16.00000000 19.00000000
v 4.12360239 16.00000000 20.00000000
v 4.09984255 16.00000000 21.00000000
v 4.08436108 16.00000000 22.00000000
v 4.12632990 16.00000000 23.00000000
v 4.05090284 16.00000000 24.00000000
v 4.06791735 16.00000000 25.00000000
v 4.08713293 16.00000000 26.00000000
v 4.09689283 16.00000000 27.00000000
v 4.05756998 16.00000000 28.00000000
v 4.05897856 16.00000000 29.00000000
v 4.08367729 16.00000000 30.00000000
v 4.13055086 16.00000000 31.00000000
v 4.09064817 16.00000000 32.00000000
v 4.08769274 16.00000000 33.00000000
v 4.09719133 16.00000000 34.00000000
v 4.03640509 16.00000000 35.00000000
v 4.07106590 16.00000000 36.00000000
v 4.06982231 16.00000000 37.00000000
v 4.10640860 16.00000000 38.00000000
v 4.00791216 16.00000000 39.00000000
v 5.00000000 16.00000000 43.53259277
v 5.00000000 17.00000000 6.36286497
v 4.05192900 17.00000000 10.00000000
v 4.08463812 17.00000000 11.00000000
v 4.13702440 17.00000000 12.00000000
v 4.07437372 17.00000000 13.00000000
v 4.15880299 17.00000000 14.00000000
v 4.07140732 17.00000000 15.00000000
v 4.08540392 17.00000000 16.00000000
v 4.13448524 17.00000000 17.00000000
v 4.09340811 17.00000000 18.00000000
v 4.06536436 17.00000000 19.00000000
v 4.12842226 17.00000000 20.00000000
v 4.08237123 17.00000000 21.00000000
v 4.08829021 17.00000000 22.00000000
v 4.11796188 17.00000000 23.00000000
v 4.11563635 17.00000000 24.00000000
v 4.12406874 17.00000000 25.00000000
v 4.08589697 17.00000000 26.00000000
v 4.08309221 17.00000000 27.00000000
v 4.07997370 17.00000000 28.00000000
v 4.12001467 17.00000000 29.00000000
v 4.08854055 17.00000000 30.00000000
v 4.10982561 17.00000000 31.00000000
v 4.12845802 17.00000000 32.00000000
v 4.06716824 17.00000000 33.00000000
v 4.07381630 17.00000000 34.00000000
v 4.05667877 17.00000000 35.00000000
v 4.08356237 17.00000000 36.00000000
v 4.13474941 17.00000000 37.00000000
v 4.16262245 17.00000000 38.00000000
v 4.08442879 17.00000000 39.00000000
v 5.00000000 17.00000000 43.59783173
v 5.00000000 18.00000000 6.35267591
v 4.00459480 18.00000000 10.00000000
v 4.04840469 18.00000000 11.00000000
v 4.05852699 18.00000000 12.00000000
v 4.12241125 18.00000000 13.00000000
v 4.03950691 18.00000000 14.00000000
v 4.05308390 18.00000000 15.00000000
v 4.07939816 18.00000000 16.00000000
v 4.05785275 18.00000000 17.00000000
v 4.09341860 18.00000000 18.00000000
v 4.08403397 18.00000000 19.00000000
v 4.07363701 18.00000000 20.00000000
v 4.06926346 18.00000000 21.00000000
v 4.07718658 18.00000000 22.00000000
v 4.08552694 18.00000000 23.00000000
v 4.07226896 18.00000000 24.00000000
v 4.09502649 18.00000000 25.00000000
v 4.10270262 18.00000000 26.00000000
v 4.09280539 18.00000000 27.00000000
v 4.07824421 18.00000000 28.00000000
v 4.04432344 18.00000000 29.00000000
v 4.05499077 18.00000000 30.00000000
v 4.08666992 18.00000000 31.00000000
v 4.08909512 18.00000000 32.00000000
v 4.06022072 18.00000000 33.00000000
v 4.07881927 18.00000000 34.00000000
v 4.07126093 18.00000000 35.00000000
v 4.11876202 18.00000000 36.00000000
v 4.11287260 18.00000000 37.00000000
v 4.13103962 18.00000000 38.00000000
v 4.05514193 18.00000000 39.00000000
v 5.00000000 18.00000000 43.65130234
v 5.00000000 19.00000000 6.34061527
v 4.03367949 19.00000000 10.00000000
v 4.10989618 19.00000000 11.00000000
v 4.11983490 19.00000000 12.00000000
v 4.06892633 19.00000000 13.00000000
v 4.06284475 19.00000000 14.00000000
v 4.09589005 19.00000000 15.00000000
v 4.09697342 19.00000000 16.00000000
v 4.15032768 19.00000000 17.00000000
v 4.11706972 19.00000000 18.00000000
v 4.06138134 19.00000000 19.00000000
v 4.11093616 19.00000000 20.00000000
v 4.11615753 19.00000000 21.00000000
v 4.09746218 19.00000000 22.00000000
v 4.05520916 19.00000000 23.00000000
v 4.09751701 19.00000000 24.00000000
v 4.11305761 19.00000000 25.00000000
v 4.11179209 19.00000000 26.00000000
v 4.10757780 19.00000000 27.00000000
v 4.13383389 19.00000000 28.00000000
v 4.11118889 19.00000000 29.00000000
v 4.08576632 19.00000000 30.00000000
v 4.07116747 19.00000000 31.00000000
v 4.12359095 19.00000000 32.00000000
v 4.09382248 19.00000000 33.00000000
v 4.11228752 19.00000000 34.00000000
v 4.07215643 19.00000000 35.00000000
v 4.08938265 19.00000000 36.00000000
v 4.12043285 19.00000000 37.00000000
v 4.12584209 19.00000000 38.00000000
v 4.06321955 19.00000000 39.00000000
v 5.00000000 19.00000000 43.60020065
v 5.00000000 20.00000000 6.37386560
v 4.05166245 20.00000000 10.00000000
v 4.16362619 20.00000000 11.00000000
v 4.10235500 20.00000000 12.00000000
v 4.09582615 20.00000000 13.00000000
v 4.09439039 20.00000000 14.00000000
v 4.10934973 20.00000000 15.00000000
v 4.06297255 20.00000000 16.00000000
v 4.05511141 20.00000000 17.00000000
v 4.09110308 20.00000000 18.00000000
v 4.13194513 20.00000000 19.00000000
v 4.12259293 20.00000000 20.00000000
v 4.10123444 20.00000000 21.00000000
v 4.07561111 20.00000000 22.00000000
v 4.12276125 20.00000000 23.00000000
v 4.08809710 20.00000000 24.00000000
v 4.07565928 20.00000000 25.00000000
v 4.07527208 20.00000000 26.00000000
v 4.11994314 20.00000000 27.00000000
v 4.04304934 20.00000000 28.00000000
v 4.06411171 20.00000000 29.00000000
v 4.07040739 20.00000000 30.00000000
v 4.12819052 20.00000000 31.00000000
v 4.08298445 20.00000000 32.00000000
v 4.10369205 20.00000000 33.00000000
v 4.09875870 20.00000000 34.00000000
v 4.06221724 20.00000000 35.00000000
v 4.10394669 20.00000000 36.00000000
v 4.09268332 20.00000000 37.00000000
v 4.12865973 20.00000000 38.00000000
v 4.00547934 20.00000000 39.00000000
v 5.00000000 20.00000000 43.61979294
v 5.00000000 21.00000000 6.36242056
v 4.10883188 21.00000000 11.00000000
v 4.06060982 21.00000000 12.00000000
v 4.01789999 21.00000000 13.00000000
v 4.05749035 21.00000000 14.00000000
v 4.12374687 21.00000000 15.00000000
v 4.09311438 21.00000000 16.00000000
v 4.06936216 21.00000000 17.00000000
v 4.10790634 21.00000000 18.00000000
v 4.08721256 21.00000000 19.00000000
v 4.10903549 21.00000000 20.00000000
v 4.04418373 21.00000000 21.00000000
v 4.08283424 21.00000000 22.00000000
v 4.15024710 21.00000000 23.00000000
v 4.08660841 21.00000000 24.00000000
v 4.07033062 21.00000000 25.00000000
v 4.07465744 21.00000000 26.00000000
v 4.10662222 21.00000000 27.00000000
v 4.12615967 21.00000000 28.00000000
v 4.14058542 21.00000000 29.00000000
v 4.07300758 21.00000000 30.00000000
v 4.08377504 21.00000000 31.00000000
v 4.06297493 21.00000000 32.00000000
v 4.05648136 21.00000000 33.00000000
v 4.16208220 21.00000000 34.00000000
v 4.08995962 21.00000000 35.00000000
v 4.05378628 21.00000000 36.00000000
v 4.11573458 21.00000000 37.00000000
v 4.15177679 21.00000000 38.00000000
v 4.08915377 21.00000000 39.00000000
v 5.00000000 21.00000000 43.60057068
v 5.00000000 22.00000000 6.35364819
v 4.05123472 22.00000000 10.00000000
v 4.09569216 22.00000000 11.00000000
v 4.11071825 22.00000000 12.00000000
v 4.10265446 22.00000000 13.00000000
v 4.10102558 22.00000000 14.00000000
v 4.08623934 22.00000000 15.00000000
v 4.08988142 22.00000000 16.00000000
v 4.04283619 22.00000000 17.00000000
v 4.12578344 22.00000000 18.00000000
v 4.09826469 22.00000000 19.00000000
v 4.09271049 22.00000000 20.00000000
v 4.08195305 22.00000000 21.00000000
v 4.05006886 22.00000000 22.00000000
v 4.09796858 22.00000000 23.00000000
v 4.07310963 22.00000000 24.00000000
v 4.03323936 22.00000000 25.00000000
v 4.12061071 22.00000000 26.00000000
v 4.10528946 22.00000000 27.00000000
v 4.08154249 22.00000000 28.00000000
v 4.08416080 22.00000000 29.00000000
v 4.10791874 22.00000000 30.00000000
v 4.04732800 22.00000000 31.00000000
v 4.03497124 22.00000000 32.00000000
v 4.07832861 22.00000000 33.00000000
v 4.09032488 22.00000000 34.00000000
v 4.10817003 22.00000000 35.00000000
v 4.01077461 22.00000000 36.00000000
v 4.11530781 22.00000000 37.00000000
v 4.08878183 22.00000000 38.00000000
v 4.01902246 22.00000000 39.00000000
v 5.00000000 22.00000000 43.68106079
v 5.00000000 23.00000000 6.34219837
v 4.06735992 23.00000000 10.00000000
v 4.08939934 23.00000000 11.00000000
v 4.09345102 23.00000000 12.00000000
v 4.09773540 23.00000000 13.00000000
v 4.07144499 23.00000000 14.00000000
v 4.06763172 23.00000000 15.00000000
v 4.08215284 23.00000000 16.00000000
v 4.08931065 23.00000000 17.00000000
v 4.12202501 23.00000000 18.00000000
v 4.13385010 23.00000000 19.00000000
v 4.11803198 23.00000000 20.00000000
v 4.11602736 23.00000000 21.00000000
v 4.10296774 23.00000000 22.00000000
v 4.10614491 23.00000000 23.00000000
v 4.10344744 23.00000000 24.00000000
v 4.08313847 23.00000000 25.00000000
v 4.09341478 23.00000000 26.00000000
v 4.10846424 23.00000000 27.00000000
v 4.08318233 23.00000000 28.00000000
v 4.08863449 23.00000000 29.00000000
v 4.11572456 23.00000000 30.00000000
v 4.11928415 23.00000000 31.00000000
v 4.15237188 23.00000000 32.00000000
v 4.08656931 23.00000000 33.00000000
v 4.11301041 23.00000000 34.00000000
v 4.03475761 23.00000000 35.00000000
v 4.08082104 23.00000000 36.00000000
v 4.10610533 23.00000000 37.00000000
v 4.08120441 23.00000000 38.00000000
v 4.04689550 23.00000000 39.00000000
v 5.00000000 23.00000000 43.61486435
v 5.00000000 24.00000000 6.37279654
v 4.02522230 24.00000000 10.00000000
v 4.14452553 24.00000000 11.00000000
v 4.14646673 24.00000000 12.00000000
v 4.10588598 24.00000000 13.00000000
v 4.12175083 24.00000000 14.00000000
v 4.08633852 24.00000000 15.00000000
v 4.11617470 24.00000000 16.00000000
v 4.08106422 24.00000000 17.00000000
v 4.11399317 24.00000000 18.00000000
v 4.10223007 24.00000000 19.00000000
v 4.07941437 24.00000000 20.00000000
v 4.09718132 24.00000000 22.00000000
v 4.12925482 24.00000000 23.00000000
v 4.04528475 24.00000000 24.00000000
v 4.07445431 24.00000000 25.00000000
v 4.09839392 24.00000000 26.00000000
v 4.07331991 24.00000000 27.00000000
v 4.05212212 24.00000000 28.00000000
v 4.05620480 24.00000000 29.00000000
v 4.06076097 24.00000000 30.00000000
v 4.12487745 24.00000000 31.00000000
v 4.08196831 24.00000000 32.00000000
v 4.07128000 24.00000000 33.00000000
v 4.06840801 24.00000000 34.00000000
v 4.10356045 24.00000000 35.00000000
v 4.06550074 24.00000000 36.00000000
v 4.09792662 24.00000000 37.00000000
v 4.13704681 24.00000000 38.00000000
v 4.03363323 24.00000000 39.00000000
v 5.00000000 24.00000000 43.64936066
v 5.00000000 25.00000000 6.39679003
v 4.04339218 25.00000000 10.00000000
v 4.12896585 25.00000000 11.00000000
v 4.13364077 25.00000000 12.00000000
v 4.08493423 25.00000000 13.00000000
v 4.12781334 25.00000000 14.00000000
v 4.03967524 25.00000000 15.00000000
v 4.08919334 25.00000000 16.00000000
v 4.10275984 25.00000000 17.00000000
v 4.07915640 25.00000000 18.00000000
v 4.11380291 25.00000000 19.00000000
v 4.11191320 25.00000000 20.00000000
v 4.08685398 25.00000000 21.00000000
v 4.12973166 25.00000000 22.00000000
v 4.10140419 25.00000000 23.00000000
v 4.09280968 25.00000000 24.00000000
v 4.06742287 25.00000000 25.00000000
v 4.07116222 25.00000000 26.00000000
v 4.13931417 25.00000000 27.00000000
v 4.10984135 25.00000000 28.00000000
v 4.11574888 25.00000000 29.00000000
v 4.07492113 25.00000000 30.00000000
v 4.06050539 25.00000000 31.00000000
v 4.09036875 25.00000000 32.00000000
v 4.10526991 25.00000000 33.00000000
v 4.08534670 25.00000000 34.00000000
v 4.05013704 25.00000000 35.00000000
v 4.09317589 25.00000000 36.00000000
v 4.12436485 25.00000000 37.00000000
v 4.09668016 25.00000000 38.00000000
v 4.15273190 25.00000000 39.00000000
v 5.00000000 25.00000000 43.66431808
v 5.00000000 26.00000000 6.34271145
v 4.06891870 26.00000000 11.00000000
v 4.08795881 26.00000000 12.00000000
v 4.08338213 26.00000000 13.00000000
v 4.04334497 26.00000000 14.00000000
v 4.07244110 26.00000000 15.00000000
v 4.11677694 26.00000000 16.00000000
v 4.06887722 26.00000000 17.00000000
v 4.14869881 26.00000000 18.00000000
v 4.10913467 26.00000000 19.00000000
v 4.10878897 26.00000000 20.00000000
v 4.04485178 26.00000000 21.00000000
v 4.09322739 26.00000000 22.00000000
v 4.14303541 26.00000000 23.00000000
v 4.10835552 26.00000000 24.00000000
v 4.08829165 26.00000000 25.00000000
v 4.13111496 26.00000000 26.00000000
v 4.07425356 26.00000000 27.00000000
v 4.10459375 26.00000000 28.00000000
v 4.10324287 26.00000000 29.00000000
v 4.08985043 26.00000000 30.00000000
v 4.02697182 26.00000000 31.00000000
v 4.10391045 26.00000000 32.00000000
v 4.06081152 26.00000000 33.00000000
v 4.12912655 26.00000000 34.00000000
v 4.12187624 26.00000000 35.00000000
v 4.09257221 26.00000000 36.00000000
v 4.11434412 26.00000000 37.00000000
v 4.08135319 26.00000000 38.00000000
v 4.08509874 26.00000000 39.00000000
v 5.00000000 26.00000000 43.61411285
v 5.00000000 27.00000000 6.42776918
v 4.03586817 27.00000000 11.00000000
v 4.07213116 27.00000000 12.00000000
v 4.09490442 27.00000000 13.00000000
v 4.07835150 27.00000000 14.00000000
v 4.07544851 27.00000000 15.00000000
v 4.10389233 27.00000000 16.00000000
v 4.11494303 27.00000000 17.00000000
v 4.11624765 27.00000000 18.00000000
v 4.09077454 27.00000000 19.00000000
v 4.10729647 27.00000000 20.00000000
v 4.08026934 27.00000000 21.00000000
v 4.12037563 27.00000000 22.00000000
v 4.06675005 27.00000000 23.00000000
v 4.11558580 27.00000000 24.00000000
v 4.12832737 27.00000000 25.00000000
v 4.11642122 27.00000000 26.00000000
v 4.09174681 27.00000000 27.00000000
v 4.07820082 27.00000000 28.00000000
v 4.12138319 27.00000000 29.00000000
v 4.11003637 27.00000000 30.00000000
v 4.04156542 27.00000000 31.00000000
v 4.06617832 27.00000000 32.00000000
v 4.10476923 27.00000000 33.00000000
v 4.13839769 27.00000000 34.00000000
v 4.05969048 27.00000000 35.00000000
v 4.09669352 27.00000000 36.00000000
v 4.13464689 27.00000000 37.00000000
v 4.10852480 27.00000000 38.00000000
v 4.07534838 27.00000000 39.00000000
v 5.00000000 27.00000000 43.56471252
v 5.00000000 28.00000000 6.36833525
v 4.07546568 28.00000000 10.00000000
v 4.12147903 28.00000000 11.00000000
v 4.08535576 28.00000000 12.00000000
v 4.05087519 28.00000000 13.00000000
v 4.10184669 28.00000000 14.00000000
v 4.06824017 28.00000000 15.00000000
v 4.05865335 28.00000000 16.00000000
v 4.07174158 28.00000000 17.00000000
v 4.05591106 28.00000000 18.00000000
v 4.07435608 28.00000000 19.00000000
v 4.09947729 28.00000000 20.00000000
v 4.07678556 28.00000000 21.00000000
v 4.09827995 28.00000000 22.00000000
v 4.12131405 28.00000000 23.00000000
v 4.07158566 28.00000000 24.00000000
v 4.08450937 28.00000000 25.00000000
v 4.10992718 28.00000000 26.00000000
v 4.11351061 28.00000000 27.00000000
v 4.08099937 28.00000000 28.00000000
v 4.11340666 28.00000000 29.00000000
v 4.12955904 28.00000000 30.00000000
v 4.07956696 28.00000000 31.00000000
v 4.03437138 28.00000000 32.00000000
v 4.11205006 28.00000000 33.00000000
v 4.10081768 28.00000000 34.00000000
v 4.12429667 28.00000000 35.00000000
v 4.08718920 28.00000000 36.00000000
v 4.05885458 28.00000000 37.00000000
v 4.10537863 28.00000000 38.00000000
v 4.00265551 28.00000000 39.00000000
v 5.00000000 28.00000000 43.58921814
v 5.00000000 29.00000000 6.42948914
v 4.00091600 29.00000000 10.00000000
v 4.15011930 29.00000000 11.00000000
v 4.07868767 29.00000000 12.00000000
v 4.09065008 29.00000000 13.00000000
v 4.11348820 29.00000000 14.00000000
v 4.07426739 29.00000000 15.00000000
v 4.12575340 29.00000000 16.00000000
v 4.13762379 29.00000000 17.00000000
v 4.12369776 29.00000000 18.00000000
v 4.09155226 29.00000000 19.00000000
v 4.12050915 29.00000000 20.00000000
v 4.08438015 29.00000000 21.00000000
v 4.09368038 29.00000000 22.00000000
v 4.10611105 29.00000000 23.00000000
v 4.09891129 29.00000000 24.00000000
v 4.08688402 29.00000000 25.00000000
v 4.12700462 29.00000000 26.00000000
v 4.08802843 29.00000000 27.00000000
v 4.09195423 29.00000000 28.00000000
v 4.09636831 29.00000000 29.00000000
v 4.07717466 29.00000000 30.00000000
v 4.08914566 29.00000000 31.00000000
v 4.07705355 29.00000000 32.00000000
v 4.07526875 29.00000000 33.00000000
v 4.12021017 29.00000000 34.00000000
v 4.07139015 29.00000000 35.00000000
v 4.11578178 29.00000000 36.00000000
v 4.11298704 29.00000000 37.00000000
v 4.14011812 29.00000000 38.00000000
v 4.10546350 29.00000000 39.00000000
v 5.00000000 29.00000000 43.56924057
v 5.00000000 30.00000000 6.38012695
v 4.07163382 30.00000000 10.00000000
v 4.12437582 30.00000000 11.00000000
v 4.12528944 30.00000000 12.00000000
v 4.09669018 30.00000000 13.00000000
v 4.06592131 30.00000000 14.00000000
v 4.05881643 30.00000000 15.00000000
v 4.06427097 30.00000000 16.00000000
v 4.11164331 30.00000000 17.00000000
v 4.08815002 30.00000000 18.00000000
v 4.06455755 30.00000000 19.00000000
v 4.11016655 30.00000000 20.00000000
v 4.03992653 30.00000000 21.00000000
v 4.08247375 30.00000000 22.00000000
v 4.10245275 30.00000000 23.00000000
v 4.05159283 30.00000000 24.00000000
v 4.05746984 30.00000000 25.00000000
v 4.08405066 30.00000000 26.00000000
v 4.07381344 30.00000000 27.00000000
v 4.05125093 30.00000000 28.00000000
v 4.07661390 30.00000000 29.00000000
v 4.10457850 30.00000000 30.00000000
v 4.05005121 30.00000000 31.00000000
v 4.05206633 30.00000000 32.00000000
v 4.05560064 30.00000000 33.00000000
v 4.08675575 30.00000000 34.00000000
v 4.09800005 30.00000000 35.00000000
v 4.08731413 30.00000000 36.00000000
v 4.11503172 30.00000000 37.00000000
v 4.12663507 30.00000000 38.00000000
v 4.10435057 30.00000000 39.00000000
v 5.00000000 30.00000000 43.60013962
v 5.00000000 31.00000000 6.38964844
v 4.15089273 31.00000000 11.00000000
v 4.14772511 31.00000000 12.00000000
v 4.06534338 31.00000000 13.00000000
v 4.13983917 31.00000000 14.00000000
v 4.11196184 31.00000000 15.00000000
v 4.12779522 31.00000000 16.00000000
v 4.10827303 31.00000000 17.00000000
v 4.10043526 31.00000000 18.00000000
v 4.07369995 31.00000000 19.00000000
v 4.09356356 31.00000000 20.00000000
v 4.10729742 31.00000000 21.00000000
v 4.09665251 31.00000000 22.00000000
v 4.08431149 31.00000000 23.00000000
v 4.12664747 31.00000000 24.00000000
v 4.13438845 31.00000000 25.00000000
v 4.10358572 31.00000000 26.00000000
v 4.04551888 31.00000000 27.00000000
v 4.10127258 31.00000000 28.00000000
v 4.11643648 31.00000000 29.00000000
v 4.13959932 31.00000000 30.00000000
v 4.10078287 31.00000000 31.00000000
v 4.12024260 31.00000000 32.00000000
v 4.09943867 31.00000000 33.00000000
v 4.07512856 31.00000000 34.00000000
v 4.07649565 31.00000000 35.00000000
v 4.06283331 31.00000000 36.00000000
v 4.11481667 31.00000000 37.00000000
v 4.12218428 31.00000000 38.00000000
v 4.10867357 31.00000000 39.00000000
v 5.00000000 31.00000000 43.50638199
v 5.00000000 32.00000000 6.38967943
v 4.08158207 32.00000000 10.00000000
v 4.13879395 32.00000000 11.00000000
v 4.18190193 32.00000000 12.00000000
v 4.10783052 32.00000000 13.00000000
v 4.06801796 32.00000000 14.00000000
v 4.10044956 32.00000000 15.00000000
v 4.09103107 32.00000000 16.00000000
v 4.05378580 32.00000000 17.00000000
v 4.06595373 32.00000000 18.00000000
v 4.06289577 32.00000000 19.00000000
v 4.08795071 32.00000000 20.00000000
v 4.11707163 32.00000000 21.00000000
v 4.09934044 32.00000000 22.00000000
v 4.09545135 32.00000000 23.00000000
v 4.05787897 32.00000000 24.00000000
v 4.10908222 32.00000000 25.00000000
v 4.11144590 32.00000000 26.00000000
v 4.08488750 32.00000000 27.00000000
v 4.08666468 32.00000000 28.00000000
v 4.08657837 32.00000000 29.00000000
v 4.10051584 32.00000000 30.00000000
v 4.11330557 32.00000000 31.00000000
v 4.05916262 32.00000000 32.00000000
v 4.07960749 32.00000000 33.00000000
v 4.13380909 32.00000000 34.00000000
v 4.07155466 32.00000000 35.00000000
v 4.09101105 32.00000000 36.00000000
v 4.10282660 32.00000000 37.00000000
v 4.10754585 32.00000000 38.00000000
v 4.01846266 32.00000000 39.00000000
v 5.00000000 32.00000000 43.52545166
v 5.00000000 33.00000000 6.25671911
v 4.10654831 33.00000000 11.00000000
v 4.11051416 33.00000000 12.00000000
v 4.04496241 33.00000000 13.00000000
v 4.10597229 33.00000000 14.00000000
v 4.06038904 33.00000000 15.00000000
v 4.08201981 33.00000000 16.00000000
v 4.09855509 33.00000000 17.00000000
v 4.14638376 33.00000000 18.00000000
v 4.07701540 33.00000000 19.00000000
v 4.07779217 33.00000000 20.00000000
v 4.05567312 33.00000000 21.00000000
v 4.09659958 33.00000000 22.00000000
v 4.08484221 33.00000000 23.00000000
v 4.11980200 33.00000000 24.00000000
v 4.10574150 33.00000000 25.00000000
v 4.08626604 33.00000000 26.00000000
v 4.07628107 33.00000000 27.00000000
v 4.11880779 33.00000000 28.00000000
v 4.11554193 33.00000000 29.00000000
v 4.09871054 33.00000000 30.00000000
v 4.09598494 33.00000000 31.00000000
v 4.09675169 33.00000000 32.00000000
v 4.10635996 33.00000000 33.00000000
v 4.03653526 33.00000000 34.00000000
v 4.05963469 33.00000000 35.00000000
v 4.05275536 33.00000000 36.00000000
v 4.08554268 33.00000000 37.00000000
v 4.12999725 33.00000000 38.00000000
v 4.18428946 33.00000000 39.00000000
v 5.00000000 33.00000000 43.49987411
v 5.00000000 34.00000000 6.34703588
v 4.05748177 34.00000000 10.00000000
v 4.06381464 34.00000000 11.00000000
v 4.03917313 34.00000000 12.00000000
v 4.14405060 34.00000000 13.00000000
v 4.06022978 34.00000000 14.00000000
v 4.06593370 34.00000000 15.00000000
v 4.10077047 34.00000000 16.00000000
v 4.08637094 34.00000000 17.00000000
v 4.13261271 34.00000000 18.00000000
v 4.09035635 34.00000000 19.00000000
v 4.09247351 34.00000000 20.00000000
v 4.04802990 34.00000000 21.00000000
v 4.08584023 34.00000000 22.00000000
v 4.10691977 34.00000000 23.00000000
v 4.13248730 34.00000000 24.00000000
v 4.04690599 34.00000000 25.00000000
v 4.10426474 34.00000000 26.00000000
v 4.12864494 34.00000000 27.00000000
v 4.09890985 34.00000000 28.00000000
v 4.07758904 34.00000000 29.00000000
v 4.08709431 34.00000000 30.00000000
v 4.08120584 34.00000000 31.00000000
v 4.12035370 34.00000000 32.00000000
v 4.05111313 34.00000000 33.00000000
v 4.11445951 34.00000000 34.00000000
v 4.13161755 34.00000000 35.00000000
v 4.07542944 34.00000000 36.00000000
v 4.06525803 34.00000000 37.00000000
v 4.13584137 34.00000000 38.00000000
v 4.11500168 34.00000000 39.00000000
v 5.00000000 34.00000000 43.48424911
v 5.00000000 35.00000000 6.27018642
v 4.14227819 35.00000000 11.00000000
v 4.14432573 35.00000000 12.00000000
v 4.10280895 35.00000000 13.00000000
v 4.08842993 35.00000000 14.00000000
v 4.08932495 35.00000000 15.00000000
v 4.06192112 35.00000000 16.00000000
v 4.11437559 35.00000000 17.00000000
v 4.09659910 35.00000000 18.00000000
v 4.06042719 35.00000000 19.00000000
v 4.09297895 35.00000000 20.00000000
v 4.11164570 35.00000000 21.00000000
v 4.08247423 35.00000000 22.00000000
v 4.06090784 35.00000000 23.00000000
v 4.11507559 35.00000000 24.00000000
v 4.13451385 35.00000000 25.00000000
v 4.08068323 35.00000000 26.00000000
v 4.09082794 35.00000000 27.00000000
v 4.11375618 35.00000000 28.00000000
v 4.14103079 35.00000000 29.00000000
v 4.10252047 35.00000000 30.00000000
v 4.07697153 35.00000000 31.00000000
v 4.10485268 35.00000000 32.00000000
v 4.06091785 35.00000000 33.00000000
v 4.09690285 35.00000000 34.00000000
v 4.10715866 35.00000000 35.00000000
v 4.08607531 35.00000000 36.00000000
v 4.12112427 35.00000000 37.00000000
v 4.11180496 35.00000000 38.00000000
v 4.05629539 35.00000000 39.00000000
v 5.00000000 35.00000000 43.40282059
v 5.00000000 36.00000000 6.36073446
v 4.01999664 36.00000000 10.00000000
v 4.14506435 36.00000000 11.00000000
v 4.11952686 36.00000000 12.00000000
v 4.15514946 36.00000000 13.00000000
v 4.05495024 36.00000000 14.00000000
v 4.13976288 36.00000000 15.00000000
v 4.13183975 36.00000000 16.00000000
v 4.06851482 36.00000000 17.00000000
v 4.09607887 36.00000000 18.00000000
v 4.10306835 36.00000000 19.00000000
v 4.07375956 36.00000000 20.00000000
v 4.06418705 36.00000000 21.00000000
v 4.05863953 36.00000000 22.00000000
v 4.13005066 36.00000000 23.00000000
v 4.12196159 36.00000000 24.00000000
v 4.05809069 36.00000000 25.00000000
v 4.08117437 36.00000000 26.00000000
v 4.07732964 36.00000000 27.00000000
v 4.07749557 36.00000000 28.00000000
v 4.08529663 36.00000000 29.00000000
v 4.09713602 36.00000000 31.00000000
v 4.11043739 36.00000000 32.00000000
v 4.05971766 36.00000000 33.00000000
v 4.09592152 36.00000000 34.00000000
v 4.10774803 36.00000000 35.00000000
v 4.09308815 36.00000000 36.00000000
v 4.11475945 36.00000000 37.00000000
v 4.13854885 36.00000000 38.00000000
v 4.05796528 36.00000000 39.00000000
v 5.00000000 36.00000000 43.43347168
v 5.00000000 37.00000000 6.35423994
v 4.01935148 37.00000000 10.00000000
v 4.13420391 37.00000000 11.00000000
v 4.07988644 37.00000000 12.00000000
v 4.01801109 37.00000000 13.00000000
v 4.12917566 37.00000000 14.00000000
v 4.10628366 37.00000000 15.00000000
v 4.06441736 37.00000000 16.00000000
v 4.10430717 37.00000000 17.00000000
v 4.05688190 37.00000000 18.00000000
v 4.07422495 37.00000000 19.00000000
v 4.08825111 37.00000000 20.00000000
v 4.06464338 37.00000000 21.00000000
v 4.07520342 37.00000000 22.00000000
v 4.06082058 37.00000000 23.00000000
v 4.12594271 37.00000000 24.00000000
v 4.11636400 37.00000000 25.00000000
v 4.03329706 37.00000000 26.00000000
v 4.10119104 37.00000000 27.00000000
v 4.10094023 37.00000000 28.00000000
v 4.07898045 37.00000000 29.00000000
v 4.06463861 37.00000000 30.00000000
v 4.07007074 37.00000000 31.00000000
v 4.12940025 37.00000000 32.00000000
v 4.09752655 37.00000000 33.00000000
v 4.03985262 37.00000000 34.00000000
v 4.07575607 37.00000000 35.00000000
v 4.09826183 37.00000000 36.00000000
v 4.17334223 37.00000000 37.00000000
v 4.08006573 37.00000000 38.00000000
v 4.12603140 37.00000000 39.00000000
v 5.00000000 37.00000000 43.34574127
v 5.00000000 38.00000000 6.36768675
v 4.07655859 38.00000000 10.00000000
v 4.07751560 38.00000000 11.00000000
v 4.04353094 38.00000000 12.00000000
v 4.08587837 38.00000000 13.00000000
v 4.12247896 38.00000000 14.00000000
v 4.10171270 38.00000000 15.00000000
v 4.07899380 38.00000000 16.00000000
v 4.12141848 38.00000000 17.00000000
v 4.11412764 38.00000000 18.00000000
v 4.09586430 38.00000000 19.00000000
v 4.05395079 38.00000000 20.00000000
v 4.08824921 38.00000000 21.00000000
v 4.08869219 38.00000000 22.00000000
v 4.12833071 38.00000000 23.00000000
v 4.07964325 38.00000000 24.00000000
v 4.11965609 38.00000000 25.00000000
v 4.08428240 38.00000000 26.00000000
v 4.05804491 38.00000000 27.00000000
v 4.09133911 38.00000000 28.00000000
v 4.08387566 38.00000000 29.00000000
v 4.09413338 38.00000000 30.00000000
v 4.07550144 38.00000000 31.00000000
v 4.08273125 38.00000000 32.00000000
v 4.06551075 38.00000000 33.00000000
v 4.10051775 38.00000000 34.00000000
v 4.07091761 38.00000000 35.00000000
v 4.08008385 38.00000000 36.00000000
v 4.16941071 38.00000000 37.00000000
v 4.07214165 38.00000000 38.00000000
v 4.01336813 38.00000000 39.00000000
v 5.00000000 38.00000000 43.35299301
v 5.00000000 39.00000000 6.26100302
v 4.08068752 39.00000000 11.00000000
v 4.16475868 39.00000000 12.00000000
v 4.12727404 39.00000000 13.00000000
v 4.12670279 39.00000000 14.00000000
v 4.13104105 39.00000000 15.00000000
v 4.10915852 39.00000000 16.00000000
v 4.15139151 39.00000000 17.00000000
v 4.07270670 39.00000000 18.00000000
v 4.16602802 39.00000000 19.00000000
v 4.15760040 39.00000000 20.00000000
v 4.09343195 39.00000000 21.00000000
v 4.11859560 39.00000000 22.00000000
v 4.08547783 39.00000000 23.00000000
v 4.13475895 39.00000000 24.00000000
v 4.14147043 39.00000000 25.00000000
v 4.08310080 39.00000000 26.00000000
v 4.17635536 39.00000000 27.00000000
v 4.11420774 39.00000000 28.00000000
v 4.17496824 39.00000000 29.00000000
v 4.14764595 39.00000000 30.00000000
v 4.11099958 39.00000000 31.00000000
v 4.12916374 39.00000000 32.00000000
v 4.13751984 39.00000000 33.00000000
v 4.07576847 39.00000000 34.00000000
v 4.14470863 39.00000000 35.00000000
v 4.10358953 39.00000000 36.00000000
v 4.11985207 39.00000000 37.00000000
v 4.12294197 39.00000000 38.00000000
v 4.03137112 39.00000000 39.00000000
v 5.00000000 39.00000000 43.16135788
v 5.00000000 40.00000000 6.40466881
v 4.01771164 40.00000000 10.00000000
v 4.12330103 40.00000000 11.00000000
v 4.12480783 40.00000000 12.00000000
v 4.13577080 40.00000000 13.00000000
v 4.10619783 40.00000000 14.00000000
v 4.03771257 40.00000000 15.00000000
v 4.09863663 40.00000000 16.00000000
v 4.02436304 40.00000000 17.00000000
v 4.03742981 40.00000000 18.00000000
v 4.05620480 40.00000000 19.00000000
v 4.04282570 40.00000000 20.00000000
v 4.09505033 40.00000000 21.00000000
v 4.08530998 40.00000000 22.00000000
v 4.03698063 40.00000000 23.00000000
v 4.10005474 40.00000000 24.00000000
v 4.02603388 40.00000000 25.00000000
v 4.06310558 40.00000000 26.00000000
v 4.06618547 40.00000000 27.00000000
v 4.04169798 40.00000000 28.00000000
v 4.08165169 40.00000000 29.00000000
v 4.08558321 40.00000000 30.00000000
v 4.06753683 40.00000000 31.00000000
v 4.09222603 40.00000000 32.00000000
v 4.05674553 40.00000000 33.00000000
v 4.03331900 40.00000000 34.00000000
v 4.02601528 40.00000000 35.00000000
v 4.04243946 40.00000000 36.00000000
v 4.10448647 40.00000000 37.00000000
v 4.08696318 40.00000000 38.00000000
v 4.00720835 40.00000000 39.00000000
v 5.00000000 40.00000000 43.20763016
v 5.00000000 41.00000000 6.27774334
v 4.13687754 41.00000000 11.00000000
v 4.14677429 41.00000000 12.00000000
v 4.09680128 41.00000000 13.00000000
v 4.16198254 41.00000000 14.00000000
v 4.10538340 41.00000000 15.00000000
v 4.14935780 41.00000000 16.00000000
v 4.16198206 41.00000000 17.00000000
v 4.13501787 41.00000000 18.00000000
v 4.12214088 41.00000000 19.00000000
v 4.14398670 41.00000000 20.00000000
v 4.09143829 41.00000000 21.00000000
v 4.15419722 41.00000000 22.00000000
v 4.13482046 41.00000000 23.00000000
v 4.14056158 41.00000000 24.00000000
v 4.09252882 41.00000000 25.00000000
v 4.12946033 41.00000000 26.00000000
v 4.12349701 41.00000000 27.00000000
v 4.12899876 41.00000000 28.00000000
v 4.09575129 41.00000000 29.00000000
v 4.13025856 41.00000000 30.00000000
v 4.14436722 41.00000000 31.00000000
v 4.12931299 41.00000000 32.00000000
v 4.11921024 41.00000000 33.00000000
v 4.08551836 41.00000000 34.00000000
v 4.11678982 41.00000000 35.00000000
v 4.07453537 41.00000000 36.00000000
v 4.12538671 41.00000000 37.00000000
v 4.16183996 41.00000000 38.00000000
v 4.12740898 41.00000000 39.00000000
v 4.55586147 41.00000000 43.00000000
v 5.00000000 41.00000000 43.08312607
v 5.00000000 42.00000000 6.31417370
v 4.00286674 42.00000000 10.00000000
v 4.08372068 42.00000000 11.00000000
v 4.03949833 42.00000000 12.00000000
v 4.16587162 42.00000000 13.00000000
v 4.04978323 42.00000000 14.00000000
v 4.10708046 42.00000000 15.00000000
v 4.13943148 42.00000000 16.00000000
v 4.12632799 42.00000000 17.00000000
v 4.05033064 42.00000000 18.00000000
v 4.13559198 42.00000000 19.00000000
v 4.08674335 42.00000000 20.00000000
v 4.15177822 42.00000000 21.00000000
v 4.06923342 42.00000000 22.00000000
v 4.18936539 42.00000000 23.00000000
v 4.13954210 42.00000000 24.00000000
v 4.09962988 42.00000000 25.00000000
v 4.11205101 42.00000000 26.00000000
v 4.13194990 42.00000000 27.00000000
v 4.10714865 42.00000000 28.00000000
v 4.13816071 42.00000000 29.00000000
v 4.12917948 42.00000000 30.00000000
v 4.10166454 42.00000000 31.00000000
v 4.14408350 42.00000000 32.00000000
v 4.10059929 42.00000000 33.00000000
v 4.07202816 42.00000000 34.00000000
v 4.15406609 42.00000000 35.00000000
v 4.09307480 42.00000000 36.00000000
v 4.14945030 42.00000000 37.00000000
v 4.16156197 42.00000000 38.00000000
v 4.10937643 42.00000000 39.00000000
v 4.35015965 42.00000000 43.00000000
v 5.00000000 42.00000000 43.12438965
v 5.00000000 43.00000000 6.36679649
v 4.07707024 43.00000000 12.00000000
v 4.06529951 43.00000000 13.00000000
v 4.00460243 43.00000000 14.00000000
v 4.09322262 43.00000000 16.00000000
v 4.06490374 43.00000000 17.00000000
v 4.13581562 43.00000000 18.00000000
v 4.04785824 43.00000000 19.00000000
v 4.07838917 43.00000000 20.00000000
v 4.03680420 43.00000000 21.00000000
v 4.08575010 43.00000000 22.00000000
v 4.03039742 43.00000000 23.00000000
v 4.11866331 43.00000000 24.00000000
v 4.08091402 43.00000000 25.00000000
v 4.11180592 43.00000000 26.00000000
v 4.04804611 43.00000000 27.00000000
v 4.10133457 43.00000000 28.00000000
v 4.09703398 43.00000000 29.00000000
v 4.11384439 43.00000000 30.00000000
v 4.06412554 43.00000000 31.00000000
v 4.08201027 43.00000000 32.00000000
v 4.04845762 43.00000000 33.00000000
v 4.10753250 43.00000000 34.00000000
v 4.02631807 43.00000000 35.00000000
v 4.03863764 43.00000000 36.00000000
v 4.04764223 43.00000000 37.00000000
v 4.13631582 43.00000000 38.00000000
v 4.89755964 43.00000000 43.00000000
v 5.00000000 43.00000000 43.00579071
v 5.00000000 44.00000000 6.30024385
v 5.00000000 44.00000000 42.93680191
v 5.00000000 43.10301590 43.00000000
v 5.00000000 45.00000000 6.18306398
v 5.00000000 45.00000000 42.93572998
v 5.00000000 46.00000000 6.20027208
v 5.00000000 46.00000000 42.98066330
v 5.00000000 46.92752838 7.00000000
v 5.00000000 46.99792099 8.00000000
v 4.82788372 47.00000000 8.00000000
v 5.00000000 47.00000000 8.10206032
v 4.23420763 47.00000000 10.00000000
v 5.00000000 47.00000000 9.22513008
v 5.00000000 46.92938995 10.00000000
v 5.00000000 47.00000000 10.28255749
v 4.17041636 47.00000000 12.00000000
v 4.49649477 47.00000000 16.00000000
v 5.00000000 47.00000000 15.81814003
v 5.00000000 46.97826385 16.00000000
v 5.00000000 47.00000000 16.26738548
v 4.78802538 47.00000000 18.00000000
v 5.00000000 47.00000000 17.57797623
v 5.00000000 46.95775986 18.00000000
v 5.00000000 47.00000000 18.38165665
v 5.00000000 47.00000000 19.57971573
v 5.00000000 46.94902039 20.00000000
v 5.00000000 47.00000000 20.39640617
v 4.66639614 47.00000000 22.00000000
v 5.00000000 47.00000000 21.51847458
v 5.00000000 46.92387772 22.00000000
v 5.00000000 47.00000000 22.33839607
v 5.00000000 47.00000000 23.81978226
v 5.00000000 46.96659088 24.00000000
v 4.43871260 47.00000000 25.00000000
v 5.00000000 47.00000000 24.31280899
v 4.88186598 47.00000000 26.00000000
v 5.00000000 47.00000000 25.79476929
v 5.00000000 46.98235321 26.00000000
v 4.13638210 47.00000000 27.00000000
v 5.00000000 47.00000000 26.14410019
v 4.22059202 47.00000000 28.00000000
v 4.29762983 47.00000000 32.00000000
v 5.00000000 47.00000000 31.62737083
v 5.00000000 46.95802689 32.00000000
v 5.00000000 47.00000000 32.48553467
v 4.71421480 47.00000000 34.00000000
v 5.00000000 47.00000000 33.41386414
v 5.00000000 46.94321060 34.00000000
v 5.00000000 47.00000000 34.54019928
v 4.48454237 47.00000000 36.00000000
v 5.00000000 47.00000000 35.36117935
v 5.00000000 46.90456390 36.00000000
v 5.00000000 47.00000000 36.61388779
v 4.78374672 47.00000000 38.00000000
v 5.00000000 47.00000000 37.68334198
v 5.00000000 46.97157288 38.00000000
v 5.00000000 47.00000000 38.14503860
v 4.27717018 47.00000000 42.00000000
v 5.00000000 47.00000000 41.32927704
v 5.00000000 46.90354919 42.00000000
v 6.00000000 0.21786328 7.00000000
v 6.00000000 1.00000000 6.25918245
v 6.00000000 0.02644502 8.00000000
v 6.00000000 0.00000000 8.53562546
v 5.56474161 0.00000000 11.00000000
v 6.00000000 0.02093638 11.00000000
v 6.00000000 0.00000000 10.18049717
v 5.75001955 0.00000000 12.00000000
v 6.00000000 0.00691566 12.00000000
v 5.19635344 0.00000000 13.00000000
v 6.00000000 0.08783563 13.00000000
v 6.00000000 0.04005202 14.00000000
v 6.00000000 0.06665809 15.00000000
v 6.00000000 0.00000000 15.90777111
v 5.77664518 0.00000000 16.00000000
v 6.00000000 0.00000000 16.09863663
v 6.00000000 0.06302711 17.00000000
v 5.37960005 0.00000000 17.00000000
v 6.00000000 0.10621972 18.00000000
v 5.17630863 0.00000000 19.00000000
v 6.00000000 0.08892765 19.00000000
v 6.00000000 0.04720141 20.00000000
v 5.24376631 0.00000000 21.00000000
v 6.00000000 0.13485678 21.00000000
v 6.00000000 0.05820080 22.00000000
v 6.00000000 0.04305401 23.00000000
v 6.00000000 0.01772343 24.00000000
v 5.57954645 0.00000000 25.00000000
v 6.00000000 0.05572117 25.00000000
v 6.00000000 0.03967152 26.00000000
v 6.00000000 0.07526969 27.00000000
v 6.00000000 0.00451948 28.00000000
v 5.07942915 0.00000000 29.00000000
v 6.00000000 0.10965995 29.00000000
v 6.00000000 0.10575958 30.00000000
v 6.00000000 0.08028115 31.00000000
v 6.00000000 0.01862200 32.00000000
v 5.46614552 0.00000000 33.00000000
v 6.00000000 0.10727698 33.00000000
v 5.59470558 0.00000000 34.00000000
v 6.00000000 0.02306803 34.00000000
v 6.00000000 0.06891846 35.00000000
v 6.00000000 0.01827805 36.00000000
v 5.28756142 0.00000000 37.00000000
v 6.00000000 0.10723898 37.00000000
v 5.11160803 0.00000000 38.00000000
v 6.00000000 0.01729078 38.00000000
v 5.67266083 0.00000000 39.00000000
v 6.00000000 0.00000000 38.54441071
v 6.00000000 0.06143806 40.00000000
v 6.00000000 0.00000000 39.19415665
v 5.77108860 0.00000000 41.00000000
v 6.00000000 0.04819519 41.00000000
v 5.33054972 0.00000000 42.00000000
v 6.00000000 0.03365348 42.00000000
v 6.00000000 1.00000000 42.75607300
v 6.00000000 2.00000000 6.25076342
v 6.00000000 2.00000000 42.82663345
v 6.00000000 3.00000000 6.32442522
v 6.00000000 3.00000000 42.86003876
v 6.00000000 4.00000000 6.32884264
v 5.18730450 4.00000000 43.00000000
v 6.00000000 4.00000000 42.87595749
v 6.00000000 5.00000000 6.28769588
v 5.00051641 5.00000000 43.00000000
v 6.00000000 5.00000000 42.93487930
v 6.00000000 6.00000000 6.28182983
v 6.00000000 5.29865313 43.00000000
v 6.00000000 6.00000000 43.16374969
v 6.00000000 7.00000000 6.26474047
v 6.00000000 7.00000000 43.19452667
v 6.00000000 8.00000000 6.31417990
v 6.00000000 8.00000000 43.25216293
v 6.00000000 9.00000000 6.33369350
v 6.00000000 9.00000000 43.24314499
v 6.00000000 10.00000000 6.36978579
v 6.00000000 10.00000000 43.31161499
v 6.00000000 11.00000000 6.17995691
v 6.00000000 11.00000000 43.37604904
v 6.00000000 12.00000000 6.32616043
v 6.00000000 12.00000000 43.41014099
v 6.00000000 13.00000000 6.44887590
v 6.00000000 13.00000000 43.44363022
v 6.00000000 14.00000000 6.33932543
v 6.00000000 14.00000000 43.49090195
v 6.00000000 15.00000000 6.34445143
v 6.00000000 15.00000000 43.49838638
v 6.00000000 16.00000000 6.20611572
v 6.00000000 16.00000000 43.55881882
v 6.00000000 17.00000000 6.33824921
v 6.00000000 17.00000000 43.54662704
v 6.00000000 18.00000000 6.39450693
v 6.00000000 18.00000000 43.61132050
v 6.00000000 19.00000000 6.37601328
v 6.00000000 19.00000000 43.63341141
v 6.00000000 20.00000000 6.35864639
v 6.00000000 20.00000000 43.66365051
v 6.00000000 21.00000000 6.34520864
v 6.00000000 21.00000000 43.62563324
v 5.60518074 22.00000000 4.00000000
v 6.00000000 21.47099304 4.00000000
v 6.00000000 22.00000000 3.73048615
v 6.00000000 22.00000000 4.10261536
v 6.00000000 22.00000000 6.30039072
v 6.00000000 22.00000000 43.65333939
v 5.34764814 23.00000000 4.00000000
v 6.00000000 23.00000000 3.77436805
v 6.00000000 23.00000000 4.11048412
v 6.00000000 23.00000000 6.41417646
v 6.00000000 23.00000000 43.63076782
v 5.50380754 24.00000000 4.00000000
v 6.00000000 24.00000000 3.60355687
v 6.00000000 24.00000000 4.21140242
v 6.00000000 24.00000000 6.20479250
v 6.00000000 24.00000000 43.67418671
v 5.39834023 25.00000000 4.00000000
v 6.00000000 25.00000000 3.74966955
v 6.00000000 25.00000000 4.15653896
v 6.00000000 25.00000000 6.40671253
v 6.00000000 25.00000000 43.63159561
v 5.38627434 26.00000000 4.00000000
v 6.00000000 26.00000000 3.65727639
v 6.00000000 26.00000000 4.18397522
v 6.00000000 26.00000000 6.33405542
v 6.00000000 26.00000000 43.67203522
v 5.92563868 27.00000000 4.00000000
v 6.00000000 27.00000000 3.94393396
v 6.00000000 27.00000000 4.02035141
v 6.00000000 27.00000000 6.32001019
v 6.00000000 27.00000000 43.69651794
v 5.91302681 28.00000000 4.00000000
v 6.00000000 28.00000000 3.94709730
v 6.00000000 28.00000000 4.02460575
v 6.00000000 28.00000000 6.37908316
v 6.00000000 28.00000000 43.65143204
v 6.00000000 28.08032799 4.00000000
v 6.00000000 29.00000000 6.40290689
v 6.00000000 29.00000000 43.59011841
v 6.00000000 30.00000000 6.42928553
v 6.00000000 30.00000000 43.61980820
v 6.00000000 31.00000000 6.26598406
v 6.00000000 31.00000000 43.54579163
v 6.00000000 32.00000000 6.25652170
v 6.00000000 32.00000000 43.51997375
v 6.00000000 33.00000000 6.33650398
v 6.00000000 33.00000000 43.40945435
v 6.00000000 34.00000000 6.34349537
v 6.00000000 34.00000000 43.42949677
v 6.00000000 35.00000000 6.22879219
v 6.00000000 35.00000000 43.42142105
v 6.00000000 36.00000000 6.37348175
v 6.00000000 36.00000000 43.39125061
v 6.00000000 37.00000000 6.41634130
v 6.00000000 37.00000000 43.33472824
v 6.00000000 38.00000000 6.31843615
v 6.00000000 38.00000000 43.28348160
v 6.00000000 39.00000000 6.28107738
v 6.00000000 39.00000000 43.22895050
v 6.00000000 40.00000000 6.37484360
v 6.00000000 40.00000000 43.21260834
v 6.00000000 41.00000000 6.31355000
v 5.60976696 41.00000000 43.00000000
v 6.00000000 41.00000000 42.95041656
v 6.00000000 40.81545639 43.00000000
v 6.00000000 42.00000000 6.28177023
v 6.00000000 41.99517441 43.00000000
v 6.00000000 42.00000000 43.00028229
v 6.00000000 43.00000000 6.34496641
v 6.00000000 43.00000000 43.01444626
v 6.00000000 44.00000000 6.30570793
v 6.00000000 44.00000000 42.87714767
v 6.00000000 43.10606003 43.00000000
v 6.00000000 45.00000000 6.31027269
v 6.00000000 45.00000000 42.91435242
v 6.00000000 46.00000000 6.37758255
v 6.00000000 46.00000000 42.73570633
v 6.00000000 46.95557022 7.00000000
v 5.04435062 47.00000000 8.00000000
v 6.00000000 47.00000000 7.40193653
v 6.00000000 47.00000000 9.79078674
v 6.00000000 46.98195648 10.00000000
v 6.00000000 46.96663284 11.00000000
v 5.80911875 47.00000000 11.00000000
v 6.00000000 46.98382568 12.00000000
v 5.66974878 47.00000000 12.00000000
v 6.00000000 46.98339462 13.00000000
v 5.70466852 47.00000000 13.00000000
v 6.00000000 46.87090302 14.00000000
v 5.04395342 47.00000000 14.00000000
v 6.00000000 46.96065521 15.00000000
v 5.68102503 47.00000000 15.00000000
v 5.16424084 47.00000000 16.00000000
v 6.00000000 47.00000000 15.29282665
v 6.00000000 47.00000000 17.54981804
v 6.00000000 46.94284439 18.00000000
v 6.00000000 46.92200851 19.00000000
v 5.46386719 47.00000000 19.00000000
v 6.00000000 47.00000000 19.90624237
v 5.85841703 47.00000000 20.00000000
v 6.00000000 46.96716309 21.00000000
v 6.00000000 47.00000000 20.18607330
v 5.67851162 47.00000000 21.00000000
v 6.00000000 46.93994904 22.00000000
v 6.00000000 46.92050171 23.00000000
v 5.58582544 47.00000000 23.00000000
v 6.00000000 46.93940735 24.00000000
v 6.00000000 47.00000000 24.97657013
v 6.00000000 47.00000000 25.01106071
v 6.00000000 46.87522125 26.00000000
v 6.00000000 46.92202759 27.00000000
v 5.52906513 47.00000000 27.00000000
v 6.00000000 46.94012070 28.00000000
v 5.40106916 47.00000000 28.00000000
v 6.00000000 47.00000000 28.68201447
v 5.12361240 47.00000000 30.00000000
v 6.00000000 47.00000000 29.21119690
v 6.00000000 46.88819504 30.00000000
v 6.00000000 46.95835114 31.00000000
v 5.58774614 47.00000000 31.00000000
v 6.00000000 46.95817566 32.00000000
v 6.00000000 47.00000000 32.80651093
v 6.00000000 47.00000000 33.10400772
v 6.00000000 46.91556549 34.00000000
v 6.00000000 46.99863815 35.00000000
v 5.97162676 47.00000000 35.00000000
v 5.90334845 47.00000000 36.00000000
v 6.00000000 47.00000000 35.13368225
v 6.00000000 47.00000000 37.13201523
v 6.00000000 46.89636993 38.00000000
v 6.00000000 46.98736954 39.00000000
v 5.91961193 47.00000000 39.00000000
v 6.00000000 47.00000000 39.15205383
v 6.00000000 47.00000000 41.62421417
v 6.00000000 46.91633606 42.00000000
v 7.00000000 0.17531955 7.00000000
v 7.00000000 1.00000000 6.27730036
v 7.00000000 0.00000000 7.57654095
v 6.21396875 0.00000000 8.00000000
v 6.77926588 0.00000000 9.00000000
v 7.00000000 0.00521643 9.00000000
v 7.00000000 0.00000000 8.93733883
v 7.00000000 0.00000000 9.05814838
v 7.00000000 0.00701221 11.00000000
v 7.00000000 0.00000000 10.92236042
v 7.00000000 0.00000000 11.57702732
v 6.55430794 0.00000000 12.00000000
v 7.00000000 0.09819961 13.00000000
v 7.00000000 0.00000000 12.04861832
v 7.00000000 0.00000000 13.85696602
v 6.70517635 0.00000000 14.00000000
v 7.00000000 0.01261516 15.00000000
v 7.00000000 0.00000000 14.57696819
v 7.00000000 0.00000000 15.52581406
v 7.00000000 0.06834394 17.00000000
v 7.00000000 0.00000000 16.15284157
v 7.00000000 0.01554593 18.00000000
v 7.00000000 0.00000000 18.61437988
v 6.91501856 0.00000000 19.00000000
v 6.85038614 0.00000000 20.00000000
v 7.00000000 0.04752703 21.00000000
v 7.00000000 0.00000000 20.16677856
v 7.00000000 0.00000000 21.61154366
v 6.67964363 0.00000000 22.00000000
v 6.82456923 0.00000000 23.00000000
v 6.20816898 0.00000000 24.00000000
v 7.00000000 0.10610899 25.00000000
v 7.00000000 0.00000000 24.39273834
v 7.00000000 0.00000000 25.68475723
v 6.47099876 0.00000000 26.00000000
v 7.00000000 0.04366039 27.00000000
v 7.00000000 0.00000000 26.52072716
v 7.00000000 0.00000000 27.44487572
v 6.07671833 0.00000000 28.00000000
v 7.00000000 0.08205245 29.00000000
v 7.00000000 0.00000000 28.41288376
v 7.00000000 0.01811746 30.00000000
v 7.00000000 0.00000000 30.45731354
v 6.80825090 0.00000000 31.00000000
v 6.24288225 0.00000000 32.00000000
v 7.00000000 0.08919560 33.00000000
v 7.00000000 0.00000000 32.40832138
v 7.00000000 0.00000000 33.74463272
v 6.45753431 0.00000000 34.00000000
v 7.00000000 0.02510522 35.00000000
v 7.00000000 0.00000000 34.54675674
v 7.00000000 0.00000000 35.36920166
v 6.31151581 0.00000000 36.00000000
v 7.00000000 0.03053870 37.00000000
v 7.00000000 0.00000000 36.59415436
v 7.00000000 0.00131256 38.00000000
v 6.21624041 0.00000000 39.00000000
v 7.00000000 0.05057913 39.00000000
v 6.73975992 0.00000000 40.00000000
v 7.00000000 0.00000000 39.71283722
v 7.00000000 0.01696740 41.00000000
v 7.00000000 0.00000000 40.56089020
v 7.00000000 0.00000000 41.65549088
v 6.71634436 0.00000000 42.00000000
v 7.00000000 0.00000000 42.01888275
v 7.00000000 1.00000000 42.90147018
v 7.00000000 2.00000000 6.28214693
v 7.00000000 2.00000000 42.78630447
v 7.00000000 3.00000000 6.32067251
v 7.00000000 3.00000000 42.99727631
v 7.00000000 4.00000000 6.22287273
v 7.00000000 4.00000000 42.93162537
v 7.00000000 5.00000000 6.30799866
v 7.00000000 4.53600168 43.00000000
v 6.55565786 5.00000000 43.00000000
v 7.00000000 5.00000000 43.05117035
v 7.00000000 6.00000000 6.24975014
v 7.00000000 6.00000000 43.00208664
v 7.00000000 7.00000000 6.30666065
v 7.00000000 7.00000000 43.13055038
v 7.00000000 8.00000000 6.27423143
v 7.00000000 8.00000000 43.30216980
v 7.00000000 9.00000000 6.31884718
v 7.00000000 9.00000000 43.30773926
v 7.00000000 10.00000000 6.31582737
v 7.00000000 10.00000000 43.29344559
v 7.00000000 11.00000000 6.27338219
v 7.00000000 11.00000000 43.40311432
v 7.00000000 12.00000000 6.34075785
v 7.00000000 12.00000000 43.37395477
v 7.00000000 13.00000000 6.25462532
v 7.00000000 13.00000000 43.39113998
v 7.00000000 14.00000000 6.39361143
v 7.00000000 14.00000000 43.48266983
v 7.00000000 15.00000000 6.41826248
v 7.00000000 15.00000000 43.52535248
v 7.00000000 16.00000000 6.28702259
v 7.00000000 16.00000000 43.58343124
v 7.00000000 17.00000000 6.40949869
v 7.00000000 17.00000000 43.56526184
v 7.00000000 18.00000000 6.40728998
v 7.00000000 18.00000000 43.55008698
v 6.67454767 19.00000000 4.00000000
v 7.00000000 18.38770294 4.00000000
v 7.00000000 19.00000000 3.75104761
v 7.00000000 19.00000000 4.09822750
v 7.00000000 19.00000000 6.42141819
v 7.00000000 19.00000000 43.61767197
v 6.01992035 20.00000000 4.00000000
v 7.00000000 20.00000000 3.63986325
v 7.00000000 20.00000000 4.22547388
v 7.00000000 20.00000000 6.32937336
v 7.00000000 20.00000000 43.63906860
v 6.20932341 21.00000000 4.00000000
v 7.00000000 21.00000000 3.55388594
v 7.00000000 21.00000000 4.35016489
v 7.00000000 21.00000000 6.46422100
v 7.00000000 21.00000000 43.59396362
v 7.00000000 22.00000000 3.33360219
v 7.00000000 22.00000000 4.43441439
v 7.00000000 22.00000000 6.21149492
v 7.00000000 22.00000000 43.66818237
v 7.00000000 23.00000000 3.40876365
v 7.00000000 23.00000000 4.50993538
v 7.00000000 23.00000000 6.30945206
v 7.00000000 23.00000000 43.67193222
v 7.00000000 24.00000000 3.24762869
v 7.00000000 24.00000000 4.47826052
v 7.00000000 24.00000000 6.23324633
v 7.00000000 24.00000000 43.65001297
v 7.00000000 25.00000000 3.35300279
v 7.00000000 25.00000000 4.54544687
v 7.00000000 25.00000000 6.28972530
v 7.00000000 25.00000000 43.57913971
v 7.00000000 26.00000000 3.36283541
v 7.00000000 26.00000000 4.31622839
v 7.00000000 26.00000000 6.18717575
v 7.00000000 26.00000000 43.62941360
v 7.00000000 27.00000000 3.43737006
v 7.00000000 27.00000000 4.39636517
v 7.00000000 27.00000000 6.33378983
v 7.00000000 27.00000000 43.66912079
v 7.00000000 28.00000000 3.57374978
v 7.00000000 28.00000000 4.23574829
v 7.00000000 28.00000000 6.37747717
v 7.00000000 28.00000000 43.61807632
v 6.62072611 29.00000000 4.00000000
v 7.00000000 29.00000000 3.66888905
v 7.00000000 29.00000000 4.17562008
v 7.00000000 29.00000000 6.37343502
v 7.00000000 29.00000000 43.54030609
v 7.00000000 29.74935913 4.00000000
v 7.00000000 30.00000000 6.32455683
v 7.00000000 30.00000000 43.57417297
v 7.00000000 31.00000000 6.34712696
v 7.00000000 31.00000000 43.59730530
v 7.00000000 32.00000000 6.44265366
v 7.00000000 32.00000000 43.50774765
v 7.00000000 33.00000000 6.45397615
v 7.00000000 33.00000000 43.47278214
v 7.00000000 34.00000000 6.29036760
v 7.00000000 34.00000000 43.47419739
v 7.00000000 35.00000000 6.19402838
v 7.00000000 35.00000000 43.47291946
v 7.00000000 36.00000000 6.35393810
v 7.00000000 36.00000000 43.29587936
v 7.00000000 37.00000000 6.36388922
v 7.00000000 37.00000000 43.27736664
v 7.00000000 38.00000000 6.31605005
v 7.00000000 38.00000000 43.27716827
v 7.00000000 39.00000000 6.30878210
v 7.00000000 39.00000000 43.20359039
v 7.00000000 40.00000000 6.34494781
v 7.00000000 40.00000000 43.13117218
v 7.00000000 41.00000000 6.33717871
v 6.49904871 41.00000000 43.00000000
v 7.00000000 41.00000000 43.05680466
v 7.00000000 42.00000000 6.32015705
v 7.00000000 42.00000000 42.97341537
v 6.01107740 42.00000000 43.00000000
v 7.00000000 41.69862366 43.00000000
v 7.00000000 43.00000000 6.32452488
v 6.13960361 43.00000000 43.00000000
v 7.00000000 43.00000000 42.90204620
v 7.00000000 44.00000000 6.28258419
v 7.00000000 44.00000000 42.93919754
v 7.00000000 45.00000000 6.26746798
v 7.00000000 45.00000000 42.85810089
v 7.00000000 46.00000000 6.21672916
v 7.00000000 46.00000000 42.93690109
v 6.48998833 47.00000000 7.00000000
v 7.00000000 47.00000000 6.93178511
v 7.00000000 47.00000000 9.20318604
v 7.00000000 46.89609909 10.00000000
v 6.44683838 47.00000000 11.00000000
v 7.00000000 47.00000000 10.71855068
v 7.00000000 47.00000000 11.99006939
v 7.00000000 46.99950409 12.00000000
v 6.45115089 47.00000000 13.00000000
v 7.00000000 47.00000000 12.02233791
v 7.00000000 47.00000000 13.45899010
v 7.00000000 46.97431564 14.00000000
v 6.48744202 47.00000000 15.00000000
v 7.00000000 47.00000000 14.34285736
v 6.42554998 47.00000000 17.00000000
v 7.00000000 47.00000000 16.43944931
v 7.00000000 46.92453766 17.00000000
v 7.00000000 46.91698456 18.00000000
v 6.63210058 47.00000000 19.00000000
v 7.00000000 47.00000000 18.66644859
v 6.58025551 47.00000000 21.00000000
v 7.00000000 47.00000000 21.34721947
v 7.00000000 46.94879150 22.00000000
v 6.63413143 47.00000000 23.00000000
v 7.00000000 47.00000000 22.46523666
v 6.52582741 47.00000000 24.00000000
v 7.00000000 46.99534988 25.00000000
v 7.00000000 47.00000000 24.91540337
v 6.22353601 47.00000000 25.00000000
v 7.00000000 46.98054123 26.00000000
v 6.92188311 47.00000000 27.00000000
v 7.00000000 47.00000000 26.72293091
v 7.00000000 47.00000000 27.20075798
v 7.00000000 46.97267532 28.00000000
v 7.00000000 47.00000000 28.44643593
v 6.97430611 47.00000000 30.00000000
v 6.39220858 47.00000000 31.00000000
v 6.33360291 47.00000000 32.00000000
v 7.00000000 46.96241760 33.00000000
v 7.00000000 47.00000000 32.67265320
v 6.19794273 47.00000000 33.00000000
v 7.00000000 46.94517136 34.00000000
v 6.08960772 47.00000000 35.00000000
v 7.00000000 47.00000000 34.78456497
v 6.31779051 47.00000000 37.00000000
v 7.00000000 47.00000000 36.71026230
v 7.00000000 46.96975708 37.00000000
v 7.00000000 46.96780396 38.00000000
v 6.20315599 47.00000000 39.00000000
v 7.00000000 47.00000000 38.39339828
v 7.00000000 47.00000000 41.50369263
v 7.00000000 46.94566345 42.00000000
v 7.99252272 0.00000000 7.00000000
v 8.00000000 0.00000000 6.99877691
v 8.00000000 1.00000000 6.26983213
v 8.00000000 0.00000000 7.07108068
v 8.00000000 0.01847027 8.00000000
v 7.88179684 0.00000000 8.00000000
v 7.05118275 0.00000000 9.00000000
v 8.00000000 0.00000000 8.09761047
v 7.40124416 0.00000000 11.00000000
v 8.00000000 0.00000000 11.12259674
v 8.00000000 0.14838064 12.00000000
v 7.06422806 0.00000000 12.00000000
v 7.67029381 0.00000000 13.00000000
v 8.00000000 0.00000000 12.60217571
v 7.24144363 0.00000000 15.00000000
v 8.00000000 0.00000000 15.44249439
v 8.00000000 0.09918386 16.00000000
v 7.18555212 0.00000000 16.00000000
v 7.41691828 0.00000000 17.00000000
v 8.00000000 0.00000000 16.36152649
v 7.27198792 0.00000000 18.00000000
v 7.30190182 0.00000000 21.00000000
v 7.69149399 0.00000000 24.00000000
v 8.00000000 0.06846619 24.00000000
v 8.00000000 0.00000000 23.61346054
v 7.89546061 0.00000000 25.00000000
v 8.00000000 0.00000000 24.71194267
v 8.00000000 0.02755340 27.00000000
v 8.00000000 0.00000000 26.84888077
v 7.82827139 0.00000000 28.00000000
v 8.00000000 0.02868296 28.00000000
v 7.40908909 0.00000000 29.00000000
v 8.00000000 0.00000000 28.09168625
v 7.41454601 0.00000000 30.00000000
v 7.55565882 0.00000000 32.00000000
v 8.00000000 0.09007271 32.00000000
v 8.00000000 0.00000000 31.23733139
v 8.00000000 0.03091116 33.00000000
v 8.00000000 0.00000000 33.30891037
v 8.00000000 0.00366831 35.00000000
v 8.00000000 0.00000000 34.95689774
v 7.55406380 0.00000000 36.00000000
v 8.00000000 0.07955010 36.00000000
v 7.20457125 0.00000000 37.00000000
v 8.00000000 0.00000000 36.23256302
v 7.06247663 0.00000000 38.00000000
v 7.67556810 0.00000000 39.00000000
v 8.00000000 0.00000000 39.29191208
v 8.00000000 0.12474782 40.00000000
v 7.25695848 0.00000000 40.00000000
v 7.56452608 0.00000000 41.00000000
v 8.00000000 0.00000000 40.82723618
v 8.00000000 0.00000000 42.09828949
v 8.00000000 1.00000000 42.71488571
v 8.00000000 2.00000000 6.32779169
v 8.00000000 2.00000000 42.78507996
v 8.00000000 3.00000000 6.47403812
v 8.00000000 3.00000000 42.91148758
v 8.00000000 4.00000000 6.58168840
v 8.00000000 4.00000000 42.89693069
v 8.00000000 5.00000000 6.45529795
v 7.71558714 5.00000000 43.00000000
v 8.00000000 5.00000000 42.95289993
v 8.00000000 6.00000000 6.44444847
v 7.02976751 6.00000000 43.00000000
v 8.00000000 6.00000000 42.88498306
v 8.00000000 7.00000000 6.45955515
v 8.00000000 6.46169662 43.00000000
v 8.00000000 7.00000000 43.07599258
v 8.00000000 8.00000000 6.37019587
v 8.00000000 8.00000000 43.23584366
v 8.00000000 9.00000000 6.52243423
v 8.00000000 9.00000000 43.17510223
v 8.00000000 10.00000000 6.53445339
v 8.00000000 10.00000000 43.26555634
v 8.00000000 11.00000000 6.54595470
v 8.00000000 11.00000000 43.32736206
v 8.00000000 12.00000000 6.37971640
v 8.00000000 12.00000000 43.38344955
v 8.00000000 13.00000000 6.43081808
v 8.00000000 13.00000000 43.36163330
v 8.00000000 14.00000000 6.28544903
v 8.00000000 14.00000000 43.41989899
v 8.00000000 15.00000000 6.55313873
v 8.00000000 15.00000000 43.51688385
v 8.00000000 16.00000000 6.39713478
v 8.00000000 16.00000000 43.51233673
v 8.00000000 17.00000000 6.47640944
v 8.00000000 17.00000000 43.52442551
v 8.00000000 18.00000000 6.25786066
v 8.00000000 18.00000000 43.53171921
v 8.00000000 18.00288773 4.00000000
v 8.00000000 19.00000000 3.48760462
v 8.00000000 19.00000000 4.35878515
v 8.00000000 19.00000000 6.25301743
v 8.00000000 19.00000000 43.61176682
v 8.00000000 20.00000000 3.47043967
v 8.00000000 20.00000000 4.46824026
v 8.00000000 20.00000000 6.16515398
v 8.00000000 20.00000000 43.57552719
v 8.00000000 21.00000000 3.41317391
v 8.00000000 20.83984566 5.00000000
v 7.89453745 21.00000000 5.00000000
v 7.69294977 21.00000000 6.00000000
v 8.00000000 20.43488884 6.00000000
v 8.00000000 21.00000000 43.53467560
v 8.00000000 22.00000000 3.41216135
v 7.87119102 22.00000000 5.00000000
v 7.38873243 22.00000000 6.00000000
v 8.00000000 22.00000000 43.60934067
v 8.00000000 23.00000000 3.31808305
v 7.66015625 23.00000000 5.00000000
v 7.36089945 23.00000000 6.00000000
v 8.00000000 23.00000000 43.62986374
v 8.00000000 24.00000000 3.30827379
v 7.67821503 24.00000000 5.00000000
v 7.25582075 24.00000000 6.00000000
v 8.00000000 24.00000000 43.63967896
v 8.00000000 25.00000000 3.44326520
v 7.57804823 25.00000000 5.00000000
v 7.45021248 25.00000000 6.00000000
v 8.00000000 25.00000000 43.51926804
v 8.00000000 26.00000000 3.42105150
v 7.85438204 26.00000000 5.00000000
v 7.48269844 26.00000000 6.00000000
v 8.00000000 26.00000000 43.52902985
v 8.00000000 27.00000000 3.34061885
v 8.00000000 27.00000000 4.82157230
v 8.00000000 26.44715691 5.00000000
v 8.00000000 26.62235260 6.00000000
v 8.00000000 27.00000000 6.15206099
v 8.00000000 27.00000000 43.56531525
v 8.00000000 28.00000000 3.36538363
v 8.00000000 28.00000000 4.60289431
v 8.00000000 28.00000000 6.27669811
v 8.00000000 28.00000000 43.55223465
v 8.00000000 29.00000000 3.55406141
v 8.00000000 29.00000000 4.37653065
v 8.00000000 29.00000000 6.33614159
v 8.00000000 29.00000000 43.54055023
v 7.19476128 30.00000000 4.00000000
v 8.00000000 30.00000000 3.63773656
v 8.00000000 30.00000000 4.23311663
v 8.00000000 30.00000000 6.41440487
v 8.00000000 30.00000000 43.51532364
v 8.00000000 30.80331039 4.00000000
v 8.00000000 31.00000000 6.40374470
v 8.00000000 31.00000000 43.55446625
v 8.00000000 32.00000000 6.34960604
v 8.00000000 32.00000000 43.49917221
v 8.00000000 33.00000000 6.46515751
v 8.00000000 33.00000000 43.42626953
v 8.00000000 34.00000000 6.47080469
v 8.00000000 34.00000000 43.38605499
v 8.00000000 35.00000000 6.46724367
v 8.00000000 35.00000000 43.34044647
v 8.00000000 36.00000000 6.51546860
v 8.00000000 36.00000000 43.29411697
v 8.00000000 37.00000000 6.53863764
v 8.00000000 37.00000000 43.32397842
v 8.00000000 38.00000000 6.33286095
v 8.00000000 38.00000000 43.18699265
v 8.00000000 39.00000000 6.34620047
v 8.00000000 39.00000000 43.21489716
v 8.00000000 40.00000000 6.44315147
v 8.00000000 40.00000000 43.15615463
v 8.00000000 41.00000000 6.39485455
v 8.00000000 41.00000000 43.02779388
v 8.00000000 42.00000000 6.43237877
v 8.00000000 42.00000000 42.84771347
v 8.00000000 41.21843338 43.00000000
v 8.00000000 43.00000000 6.48138380
v 8.00000000 43.00000000 42.98561478
v 8.00000000 44.00000000 6.41326571
v 8.00000000 44.00000000 42.89500809
v 8.00000000 45.00000000 6.35207844
v 8.00000000 45.00000000 42.96198273
v 8.00000000 46.00000000 6.31292868
v 8.00000000 46.00000000 42.83522797
v 8.00000000 47.00000000 6.92059088
v 7.69956398 47.00000000 8.00000000
v 8.00000000 47.00000000 7.43173265
v 8.00000000 46.90654373 8.00000000
v 8.00000000 46.94532394 9.00000000
v 7.45638609 47.00000000 9.00000000
v 8.00000000 46.62850952 10.00000000
v 8.00000000 46.91459656 11.00000000
v 7.48702478 47.00000000 11.00000000
v 8.00000000 46.79184723 12.00000000
v 8.00000000 46.93039703 13.00000000
v 7.33309126 47.00000000 13.00000000
v 8.00000000 46.84918213 14.00000000
v 8.00000000 46.90887451 15.00000000
v 7.43181467 47.00000000 15.00000000
v 8.00000000 46.73892975 16.00000000
v 7.36860657 47.00000000 16.00000000
v 8.00000000 46.97222137 17.00000000
v 8.00000000 46.80515289 18.00000000
v 8.00000000 46.92570877 19.00000000
v 7.50395775 47.00000000 19.00000000
v 8.00000000 46.85866928 20.00000000
v 7.38979340 47.00000000 20.00000000
v 8.00000000 47.00000000 20.78460503
v 8.00000000 47.00000000 21.25020790
v 8.00000000 46.88255692 22.00000000
v 8.00000000 46.97916794 23.00000000
v 7.82086754 47.00000000 23.00000000
v 8.00000000 46.73704910 24.00000000
v 7.35307598 47.00000000 24.00000000
v 8.00000000 46.97167206 25.00000000
v 8.00000000 46.90591812 26.00000000
v 8.00000000 46.97879791 27.00000000
v 7.35445166 47.00000000 27.00000000
v 8.00000000 46.74909973 28.00000000
v 8.00000000 46.98232651 29.00000000
v 7.80723000 47.00000000 29.00000000
v 8.00000000 46.98112106 30.00000000
v 7.29724216 47.00000000 30.00000000
v 8.00000000 47.00000000 30.31717110
v 7.58440351 47.00000000 32.00000000
v 8.00000000 47.00000000 31.20928764
v 8.00000000 46.84381485 32.00000000
v 8.00000000 47.00000000 32.67477798
v 7.58674955 47.00000000 33.00000000
v 8.00000000 47.00000000 33.34078598
v 8.00000000 46.88236237 34.00000000
v 8.00000000 46.97296524 35.00000000
v 7.50192308 47.00000000 35.00000000
v 8.00000000 46.72852325 36.00000000
v 7.39347124 47.00000000 36.00000000
v 8.00000000 46.94206238 37.00000000
v 7.66573143 47.00000000 38.00000000
v 8.00000000 47.00000000 37.67258835
v 7.72569609 47.00000000 40.00000000
v 8.00000000 47.00000000 39.54488373
v 8.00000000 46.89134216 40.00000000
v 8.00000000 46.93254852 41.00000000
v 7.49731636 47.00000000 41.00000000
v 8.00000000 46.90829468 42.00000000
v 8.00135040 0.00000000 7.00000000
v 8.54266644 1.00000000 7.00000000
v 8.59801388 1.00000000 8.00000000
v 8.13545990 0.00000000 9.00000000
v 8.53374863 1.00000000 9.00000000
v 8.13368034 0.00000000 10.00000000
v 8.51484680 1.00000000 10.00000000
v 8.01829815 0.00000000 11.00000000
v 8.51554108 1.00000000 11.00000000
v 8.59724808 1.00000000 12.00000000
v 8.07096004 0.00000000 13.00000000
v 8.49348068 1.00000000 13.00000000
v 8.07701492 0.00000000 14.00000000
v 8.45252132 1.00000000 14.00000000
v 8.05542374 0.00000000 15.00000000
v 8.54120445 1.00000000 15.00000000
v 8.53627014 1.00000000 16.00000000
v 8.12550926 0.00000000 17.00000000
v 8.58757687 1.00000000 17.00000000
v 8.05908394 0.00000000 18.00000000
v 8.45059776 1.00000000 18.00000000
v 8.01469517 0.00000000 19.00000000
v 8.52781296 1.00000000 19.00000000
v 8.00651741 0.00000000 20.00000000
v 8.56212807 1.00000000 20.00000000
v 8.14064598 0.00000000 21.00000000
v 8.49863148 1.00000000 21.00000000
v 8.02941895 0.00000000 22.00000000
v 8.46684837 1.00000000 22.00000000
v 8.07528305 0.00000000 23.00000000
v 8.54071999 1.00000000 23.00000000
v 8.48329449 1.00000000 24.00000000
v 8.01898575 0.00000000 25.00000000
v 8.52568817 1.00000000 25.00000000
v 8.11884880 0.00000000 26.00000000
v 8.45806217 1.00000000 26.00000000
v 8.52560139 1.00000000 27.00000000
v 8.45344257 1.00000000 28.00000000
v 8.15978050 0.00000000 29.00000000
v 8.55342197 1.00000000 29.00000000
v 8.03612232 0.00000000 30.00000000
v 8.45403576 1.00000000 30.00000000
v 8.02334785 0.00000000 31.00000000
v 8.57185745 1.00000000 31.00000000
v 8.53674030 1.00000000 32.00000000
v 8.55133343 1.00000000 33.00000000
v 8.04651165 0.00000000 34.00000000
v 8.49147701 1.00000000 34.00000000
v 8.47807407 1.00000000 35.00000000
v 8.46634293 1.00000000 36.00000000
v 8.18819809 0.00000000 37.00000000
v 8.56588459 1.00000000 37.00000000
v 8.02871323 0.00000000 38.00000000
v 8.42884445 1.00000000 38.00000000
v 8.04570770 0.00000000 39.00000000
v 8.53623009 1.00000000 39.00000000
v 8.52182102 1.00000000 40.00000000
v 8.02119446 0.00000000 41.00000000
v 8.67682362 1.00000000 41.00000000
v 8.10315132 0.00000000 42.00000000
v 8.52129555 1.00000000 42.00000000
v 8.52285671 2.00000000 7.00000000
v 8.49722862 2.00000000 8.00000000
v 8.47904873 2.00000000 9.00000000
v 8.56977177 2.00000000 10.00000000
v 8.53441620 2.00000000 11.00000000
v 8.47566319 2.00000000 12.00000000
v 8.52140427 2.00000000 13.00000000
v 8.52680492 2.00000000 14.00000000
v 8.47672081 2.00000000 15.00000000
v 8.45791721 2.00000000 16.00000000
v 8.49938297 2.00000000 17.00000000
v 8.48075390 2.00000000 18.00000000
v 8.46368694 2.00000000 19.00000000
v 8.48853397 2.00000000 20.00000000
v 8.47834110 2.00000000 21.00000000
v 8.49547958 2.00000000 22.00000000
v 8.49766541 2.00000000 23.00000000
v 8.43070889 2.00000000 24.00000000
v 8.43385792 2.00000000 25.00000000
v 8.49389076 2.00000000 26.00000000
v 8.49243832 2.00000000 27.00000000
v 8.44553375 2.00000000 28.00000000
v 8.49034309 2.00000000 29.00000000
v 8.49474907 2.00000000 30.00000000
v 8.47515106 2.00000000 31.00000000
v 8.50051880 2.00000000 32.00000000
v 8.49909592 2.00000000 33.00000000
v 8.52569675 2.00000000 34.00000000
v 8.50364017 2.00000000 35.00000000
v 8.40694714 2.00000000 36.00000000
v 8.48612785 2.00000000 37.00000000
v 8.45710564 2.00000000 38.00000000
v 8.52175713 2.00000000 39.00000000
v 8.49761486 2.00000000 40.00000000
v 8.46905994 2.00000000 41.00000000
v 8.48325920 2.00000000 42.00000000
v 8.51604939 3.00000000 7.00000000
v 8.55163002 3.00000000 8.00000000
v 8.46643353 3.00000000 9.00000000
v 8.46653366 3.00000000 10.00000000
v 8.50031662 3.00000000 11.00000000
v 8.92647839 3.00000000 12.00000000
v 9.00000000 3.00000000 12.54719830
v 9.00000000 2.91406465 13.00000000
v 8.81833172 3.00000000 14.00000000
v 9.00000000 3.00000000 13.25033092
v 8.94603920 3.00000000 15.00000000
v 8.87878227 3.00000000 16.00000000
v 9.00000000 3.00000000 16.78921318
v 9.00000000 2.94832110 17.00000000
v 8.93639660 3.00000000 18.00000000
v 9.00000000 3.00000000 17.35273552
v 8.86663914 3.00000000 19.00000000
v 8.88827038 3.00000000 20.00000000
v 8.97071648 3.00000000 21.00000000
v 8.81553745 3.00000000 22.00000000
v 8.94668007 3.00000000 23.00000000
v 8.91386890 3.00000000 24.00000000
v 9.00000000 3.00000000 24.56628609
v 9.00000000 2.92208195 25.00000000
v 8.96620083 3.00000000 26.00000000
v 9.00000000 3.00000000 25.67993927
v 8.90696526 3.00000000 27.00000000
v 8.90471077 3.00000000 28.00000000
v 9.00000000 3.00000000 28.68309021
v 9.00000000 2.94450164 29.00000000
v 8.79230690 3.00000000 30.00000000
v 9.00000000 3.00000000 29.16489601
v 8.85228539 3.00000000 31.00000000
v 8.87265491 3.00000000 32.00000000
v 8.84366894 3.00000000 33.00000000
v 8.88940144 3.00000000 34.00000000
v 9.00000000 3.00000000 34.63953400
v 9.00000000 2.91371584 35.00000000
v 8.92193222 3.00000000 36.00000000
v 9.00000000 3.00000000 35.48902130
v 8.97471905 3.00000000 37.00000000
v 8.85394382 3.00000000 38.00000000
v 9.00000000 3.00000000 38.50101471
v 9.00000000 2.80997515 39.00000000
v 8.74965000 3.00000000 40.00000000
v 9.00000000 3.00000000 39.42992401
v 8.44442844 3.00000000 41.00000000
v 8.53202057 3.00000000 42.00000000
v 8.45197582 4.00000000 7.00000000
v 8.56927967 4.00000000 8.00000000
v 8.47950363 4.00000000 9.00000000
v 8.52548218 4.00000000 10.00000000
v 8.82663250 4.00000000 11.00000000
v 9.00000000 4.00000000 11.20620728
v 9.00000000 3.08537841 12.00000000
v 9.00000000 3.12568879 14.00000000
v 9.00000000 3.02950764 15.00000000
v 9.00000000 3.08030033 16.00000000
v 9.00000000 3.04618907 18.00000000
v 9.00000000 3.09143400 19.00000000
v 9.00000000 3.07798934 20.00000000
v 9.00000000 3.01829624 21.00000000
v 9.00000000 3.13177800 22.00000000
v 9.00000000 3.03861237 23.00000000
v 9.00000000 3.05488133 24.00000000
v 9.00000000 3.02324581 26.00000000
v 9.00000000 3.06334662 27.00000000
v 9.00000000 3.06056857 28.00000000
v 9.00000000 3.13779783 30.00000000
v 9.00000000 3.08291674 31.00000000
v 9.00000000 3.07454014 32.00000000
v 9.00000000 3.08327723 33.00000000
v 9.00000000 3.06887412 34.00000000
v 9.00000000 3.04494119 36.00000000
v 9.00000000 3.01986480 37.00000000
v 9.00000000 3.10432529 38.00000000
v 9.00000000 3.39374638 40.00000000
v 8.57540226 4.00000000 41.00000000
v 9.00000000 4.00000000 40.40909576
v 8.48913765 4.00000000 42.00000000
v 8.47663689 5.00000000 7.00000000
v 8.54503632 5.00000000 8.00000000
v 8.59031773 5.00000000 9.00000000
v 8.52904892 5.00000000 10.00000000
v 8.62052250 5.00000000 11.00000000
v 9.00000000 5.00000000 11.21818733
v 8.55470562 5.00000000 41.00000000
v 9.00000000 5.00000000 40.30738068
v 8.46807384 5.00000000 42.00000000
v 8.44948673 6.00000000 7.00000000
v 8.52116776 6.00000000 8.00000000
v 8.43923950 6.00000000 9.00000000
v 8.43897724 6.00000000 10.00000000
v 8.74253559 6.00000000 11.00000000
v 9.00000000 6.00000000 11.21140194
v 8.47296619 6.00000000 41.00000000
v 9.00000000 6.00000000 40.35525131
v 8.49329376 6.00000000 42.00000000
v 8.51752853 7.00000000 7.00000000
v 8.50414276 7.00000000 8.00000000
v 8.52514362 7.00000000 9.00000000
v 8.47078419 7.00000000 10.00000000
v 8.73751354 7.00000000 11.00000000
v 9.00000000 7.00000000 11.22289467
v 8.43924809 7.00000000 41.00000000
v 9.00000000 7.00000000 40.11934662
v 8.52778435 7.00000000 42.00000000
v 8.12398815 7.00000000 43.00000000
v 8.53823185 8.00000000 7.00000000
v 8.59213734 8.00000000 8.00000000
v 8.38789368 8.00000000 9.00000000
v 8.51303577 8.00000000 10.00000000
v 8.62278175 8.00000000 11.00000000
v 9.00000000 8.00000000 11.25816250
v 8.55601788 8.00000000 41.00000000
v 9.00000000 8.00000000 40.25297928
v 8.51519394 8.00000000 42.00000000
v 8.30165100 8.00000000 43.00000000
v 8.45064545 9.00000000 7.00000000
v 8.56189632 9.00000000 8.00000000
v 8.54555702 9.00000000 9.00000000
v 8.54667759 9.00000000 10.00000000
v 8.71464634 9.00000000 11.00000000
v 9.00000000 9.00000000 11.20122528
v 8.44660854 9.00000000 41.00000000
v 9.00000000 9.00000000 40.23465729
v 8.55769348 9.00000000 42.00000000
v 8.22832108 9.00000000 43.00000000
v 8.44721413 10.00000000 7.00000000
v 8.56182098 10.00000000 8.00000000
v 8.45175076 10.00000000 9.00000000
v 8.47713661 10.00000000 10.00000000
v 8.74183655 10.00000000 11.00000000
v 9.00000000 10.00000000 11.18239307
v 8.52380085 10.00000000 41.00000000
v 9.00000000 10.00000000 40.34836197
v 8.49719429 10.00000000 42.00000000
v 8.34356594 10.00000000 43.00000000
v 8.46506882 11.00000000 7.00000000
v 8.52141571 11.00000000 8.00000000
v 8.53401089 11.00000000 9.00000000
v 8.47036648 11.00000000 10.00000000
v 8.68667984 11.00000000 11.00000000
v 9.00000000 11.00000000 11.22617340
v 8.44225693 11.00000000 41.00000000
v 9.00000000 11.00000000 40.22071838
v 8.54188538 11.00000000 42.00000000
v 8.31341648 11.00000000 43.00000000
v 8.51050663 12.00000000 7.00000000
v 8.59380150 12.00000000 8.00000000
v 8.46575642 12.00000000 9.00000000
v 8.49446487 12.00000000 10.00000000
v 8.77112484 12.00000000 11.00000000
v 9.00000000 12.00000000 11.18355656
v 8.61806583 12.00000000 41.00000000
v 9.00000000 12.00000000 40.25194550
v 8.50317383 12.00000000 42.00000000
v 8.38880539 12.00000000 43.00000000
v 8.43593216 13.00000000 7.00000000
v 8.57227898 13.00000000 8.00000000
v 8.43191528 13.00000000 9.00000000
v 8.41135120 13.00000000 10.00000000
v 8.76759911 13.00000000 11.00000000
v 9.00000000 13.00000000 11.15570641
v 8.52527428 13.00000000 41.00000000
v 9.00000000 13.00000000 40.26683807
v 8.52330589 13.00000000 42.00000000
v 8.38769627 13.00000000 43.00000000
v 8.53259945 14.00000000 7.00000000
v 8.49969482 14.00000000 8.00000000
v 8.40830040 14.00000000 9.00000000
v 8.40937328 14.00000000 10.00000000
v 8.68185425 14.00000000 11.00000000
v 9.00000000 14.00000000 11.20310879
v 8.55432034 14.00000000 41.00000000
v 9.00000000 14.00000000 40.31528473
v 8.51424789 14.00000000 42.00000000
v 8.45860004 14.00000000 43.00000000
v 8.62669373 15.00000000 7.00000000
v 8.81281757 15.00000000 8.00000000
v 8.73589993 15.00000000 9.00000000
v 8.51338100 15.00000000 10.00000000
v 8.95296955 15.00000000 11.00000000
v 9.00000000 15.00000000 11.03854942
v 8.45953655 15.00000000 41.00000000
v 9.00000000 15.00000000 40.25305176
v 8.53810978 15.00000000 42.00000000
v 8.51413441 15.00000000 43.00000000
v 9.00000000 15.26751709 7.00000000
v 9.00000000 16.00000000 6.37141132
v 9.00000000 15.17462730 8.00000000
v 9.00000000 15.20969296 9.00000000
v 9.00000000 15.42048836 10.00000000
v 9.00000000 15.05541420 11.00000000
v 8.53734779 16.00000000 41.00000000
v 9.00000000 16.00000000 40.31633759
v 8.51801109 16.00000000 42.00000000
v 8.50887299 16.00000000 43.00000000
v 8.51079082 17.00000000 4.00000000
v 9.00000000 16.67853737 4.00000000
v 9.00000000 17.00000000 3.78134942
v 9.00000000 17.00000000 4.12678289
v 9.00000000 17.00000000 6.52814817
v 8.41153240 17.00000000 41.00000000
v 9.00000000 17.00000000 40.25657272
v 8.54286289 17.00000000 42.00000000
v 8.50081825 17.00000000 43.00000000
v 8.00492287 18.00000000 4.00000000
v 9.00000000 18.00000000 3.62498546
v 9.00000000 18.00000000 4.25411320
v 9.00000000 18.00000000 6.28277588
v 8.51261044 18.00000000 41.00000000
v 9.00000000 18.00000000 40.30500412
v 8.56363106 18.00000000 42.00000000
v 8.51708889 18.00000000 43.00000000
v 9.00000000 19.00000000 3.30853748
v 9.00000000 19.00000000 4.66374159
v 8.74695396 19.00000000 6.00000000
v 9.00000000 18.77665710 6.00000000
v 9.00000000 19.00000000 5.77742720
v 8.46153545 19.00000000 41.00000000
v 9.00000000 19.00000000 40.25203705
v 8.50953579 19.00000000 42.00000000
v 8.50376987 19.00000000 43.00000000
v 9.00000000 20.00000000 3.35330367
v 9.00000000 19.66803360 5.00000000
v 8.73663712 20.00000000 5.00000000
v 8.21775341 20.00000000 6.00000000
v 8.57522774 20.00000000 41.00000000
v 9.00000000 20.00000000 40.31399155
v 8.48359203 20.00000000 42.00000000
v 8.48612785 20.00000000 43.00000000
v 9.00000000 21.00000000 3.34090900
v 8.51452255 21.00000000 41.00000000
v 9.00000000 21.00000000 40.31673431
v 8.54063034 21.00000000 42.00000000
v 8.48546314 21.00000000 43.00000000
v 9.00000000 22.00000000 3.34320760
v 8.53284073 22.00000000 41.00000000
v 9.00000000 22.00000000 40.25632477
v 8.49659061 22.00000000 42.00000000
v 8.49344063 22.00000000 43.00000000
v 9.00000000 23.00000000 3.35074949
v 8.46980762 23.00000000 41.00000000
v 9.00000000 23.00000000 40.23580933
v 8.54664898 23.00000000 42.00000000
v 8.47614479 23.00000000 43.00000000
v 9.00000000 24.00000000 3.37305951
v 8.55640411 24.00000000 41.00000000
v 9.00000000 24.00000000 40.25706482
v 8.49873734 24.00000000 42.00000000
v 8.53990364 24.00000000 43.00000000
v 9.00000000 25.00000000 3.31923628
v 8.42578316 25.00000000 41.00000000
v 9.00000000 25.00000000 40.21459198
v 8.55752945 25.00000000 42.00000000
v 8.48905754 25.00000000 43.00000000
v 9.00000000 26.00000000 3.27616429
v 8.53457546 26.00000000 41.00000000
v 9.00000000 26.00000000 40.26710892
v 8.52795696 26.00000000 42.00000000
v 8.52275181 26.00000000 43.00000000
v 9.00000000 27.00000000 3.28212261
v 8.25001621 27.00000000 5.00000000
v 8.13652420 27.00000000 6.00000000
v 8.45688438 27.00000000 41.00000000
v 9.00000000 27.00000000 40.26840591
v 8.52862644 27.00000000 42.00000000
v 8.48263454 27.00000000 43.00000000
v 9.00000000 28.00000000 3.37898779
v 8.77610683 28.00000000 5.00000000
v 8.26909065 28.00000000 6.00000000
v 8.58076286 28.00000000 41.00000000
v 9.00000000 28.00000000 40.40771866
v 8.52180195 28.00000000 42.00000000
v 8.46552277 28.00000000 43.00000000
v 9.00000000 29.00000000 3.43921328
v 9.00000000 29.00000000 4.71865654
v 9.00000000 28.37154007 5.00000000
v 9.00000000 28.79740524 6.00000000
v 9.00000000 29.00000000 6.16988564
v 8.43553257 29.00000000 41.00000000
v 9.00000000 29.00000000 40.24178696
v 8.49385262 29.00000000 42.00000000
v 8.50733376 29.00000000 43.00000000
v 9.00000000 30.00000000 3.49017382
v 9.00000000 30.00000000 4.35999966
v 9.00000000 30.00000000 6.23104858
v 8.47186661 30.00000000 41.00000000
v 9.00000000 30.00000000 40.24513626
v 8.51831341 30.00000000 42.00000000
v 8.46815586 30.00000000 43.00000000
v 8.13031101 31.00000000 4.00000000
v 9.00000000 31.00000000 3.44145560
v 9.00000000 31.00000000 4.29487228
v 9.00000000 31.00000000 6.43083048
v 8.45208359 31.00000000 41.00000000
v 9.00000000 31.00000000 40.29123688
v 8.54281330 31.00000000 42.00000000
v 8.50693989 31.00000000 43.00000000
v 8.31358910 32.00000000 4.00000000
v 9.00000000 32.00000000 3.55881143
v 9.00000000 32.00000000 4.15526247
v 9.00000000 32.00000000 6.45815849
v 8.56947899 32.00000000 41.00000000
v 9.00000000 32.00000000 40.26156235
v 8.48988628 32.00000000 42.00000000
v 8.48839188 32.00000000 43.00000000
v 9.00000000 32.49791718 4.00000000
v 9.00000000 33.00000000 6.96051025
v 8.91973686 33.00000000 8.00000000
v 9.00000000 33.00000000 7.19088221
v 9.00000000 32.93648911 8.00000000
v 9.00000000 33.00000000 8.56138039
v 8.86281300 33.00000000 10.00000000
v 9.00000000 33.00000000 9.40199566
v 9.00000000 32.91051865 10.00000000
v 9.00000000 33.00000000 10.69138527
v 8.46467304 33.00000000 41.00000000
v 9.00000000 33.00000000 40.21288681
v 8.55001640 33.00000000 42.00000000
v 8.43951321 33.00000000 43.00000000
v 9.00000000 33.02588272 7.00000000
v 8.41128922 34.00000000 7.00000000
v 8.46657467 34.00000000 8.00000000
v 9.00000000 33.09924698 9.00000000
v 8.37080002 34.00000000 9.00000000
v 8.55213737 34.00000000 10.00000000
v 9.00000000 33.23295593 11.00000000
v 8.80293846 34.00000000 11.00000000
v 9.00000000 34.00000000 11.13146400
v 8.51366615 34.00000000 41.00000000
v 9.00000000 34.00000000 40.30749893
v 8.49433613 34.00000000 42.00000000
v 8.41853809 34.00000000 43.00000000
v 8.52684307 35.00000000 7.00000000
v 8.56658840 35.00000000 8.00000000
v 8.54925156 35.00000000 9.00000000
v 8.49811363 35.00000000 10.00000000
v 8.68985939 35.00000000 11.00000000
v 9.00000000 35.00000000 11.25252151
v 8.43347168 35.00000000 41.00000000
v 9.00000000 35.00000000 40.30569839
v 8.54457951 35.00000000 42.00000000
v 8.36095428 35.00000000 43.00000000
v 8.53981113 36.00000000 7.00000000
v 8.67235947 36.00000000 8.00000000
v 8.55894661 36.00000000 9.00000000
v 8.49984932 36.00000000 10.00000000
v 8.67128849 36.00000000 11.00000000
v 9.00000000 36.00000000 11.30170631
v 8.55324936 36.00000000 41.00000000
v 9.00000000 36.00000000 40.37585831
v 8.51838684 36.00000000 42.00000000
v 8.34392738 36.00000000 43.00000000
v 8.43297100 37.00000000 7.00000000
v 8.47302055 37.00000000 8.00000000
v 8.48453140 37.00000000 9.00000000
v 8.48298740 37.00000000 10.00000000
v 8.65713120 37.00000000 11.00000000
v 9.00000000 37.00000000 11.24913311
v 8.51508236 37.00000000 41.00000000
v 9.00000000 37.00000000 40.19965744
v 8.52968788 37.00000000 42.00000000
v 8.38451958 37.00000000 43.00000000
v 8.52967739 38.00000000 7.00000000
v 8.52961063 38.00000000 8.00000000
v 8.46115303 38.00000000 9.00000000
v 8.54698181 38.00000000 10.00000000
v 8.74357986 38.00000000 11.00000000
v 9.00000000 38.00000000 11.19250584
v 8.51889133 38.00000000 41.00000000
v 9.00000000 38.00000000 40.24176407
v 8.52905369 38.00000000 42.00000000
v 8.24501610 38.00000000 43.00000000
v 8.51979351 39.00000000 7.00000000
v 8.53181458 39.00000000 8.00000000
v 8.49605560 39.00000000 9.00000000
v 8.52506924 39.00000000 10.00000000
v 8.68291664 39.00000000 11.00000000
v 9.00000000 39.00000000 11.21150398
v 8.57044792 39.00000000 41.00000000
v 9.00000000 39.00000000 40.37678528
v 8.58295918 39.00000000 42.00000000
v 8.28807545 39.00000000 43.00000000
v 8.50446892 40.00000000 7.00000000
v 8.54835987 40.00000000 8.00000000
v 8.40617275 40.00000000 9.00000000
v 8.46724224 40.00000000 10.00000000
v 8.66063118 40.00000000 11.00000000
v 9.00000000 40.00000000 11.24993229
v 8.48482323 40.00000000 41.00000000
v 9.00000000 40.00000000 40.12647629
v 8.51600361 40.00000000 42.00000000
v 8.18084621 40.00000000 43.00000000
v 8.52437115 41.00000000 7.00000000
v 8.57686615 41.00000000 8.00000000
v 8.52225780 41.00000000 9.00000000
v 8.54344845 41.00000000 10.00000000
v 8.86189365 41.00000000 11.00000000
v 9.00000000 41.00000000 11.10405445
v 8.43267822 41.00000000 41.00000000
v 9.00000000 41.00000000 40.18915939
v 8.49602032 41.00000000 42.00000000
v 8.04365444 41.00000000 43.00000000
v 8.48771858 42.00000000 7.00000000
v 8.52963352 42.00000000 8.00000000
v 8.49141026 42.00000000 9.00000000
v 8.45510578 42.00000000 10.00000000
v 8.61656761 42.00000000 11.00000000
v 9.00000000 42.00000000 11.28809929
v 8.71186543 42.00000000 41.00000000
v 9.00000000 42.00000000 40.45399475
v 8.55410767 42.00000000 42.00000000
v 8.53178978 43.00000000 7.00000000
v 8.50470638 43.00000000 8.00000000
v 8.52961731 43.00000000 9.00000000
v 8.56807232 43.00000000 10.00000000
v 8.64378357 43.00000000 11.00000000
v 9.00000000 43.00000000 11.60241890
v 8.96106339 43.00000000 40.00000000
v 9.00000000 43.00000000 39.89752960
v 9.00000000 42.89352417 40.00000000
v 8.49055386 43.00000000 41.00000000
v 8.52157402 43.00000000 42.00000000
v 8.48906422 44.00000000 7.00000000
v 8.50319195 44.00000000 8.00000000
v 8.49376869 44.00000000 9.00000000
v 8.50596237 44.00000000 10.00000000
v 8.40729332 44.00000000 11.00000000
v 9.00000000 43.31833649 12.00000000
v 8.60586452 44.00000000 12.00000000
v 9.00000000 43.31070328 13.00000000
v 8.47741795 44.00000000 13.00000000
v 9.00000000 43.29544449 14.00000000
v 8.49302578 44.00000000 14.00000000
v 9.00000000 43.24444580 15.00000000
v 8.49568272 44.00000000 15.00000000
v 9.00000000 43.24128342 16.00000000
v 8.55422688 44.00000000 16.00000000
v 9.00000000 43.29538727 17.00000000
v 8.49380398 44.00000000 17.00000000
v 9.00000000 43.22196579 18.00000000
v 8.51927662 44.00000000 18.00000000
v 9.00000000 43.31409073 19.00000000
v 8.53724289 44.00000000 19.00000000
v 9.00000000 43.24876785 20.00000000
v 8.52240467 44.00000000 20.00000000
v 9.00000000 43.30590439 21.00000000
v 8.46563530 44.00000000 21.00000000
v 9.00000000 43.25101471 22.00000000
v 8.52783966 44.00000000 22.00000000
v 9.00000000 43.24177170 23.00000000
v 8.49044991 44.00000000 23.00000000
v 9.00000000 43.24852753 24.00000000
v 8.49615860 44.00000000 24.00000000
v 9.00000000 43.35630035 25.00000000
v 8.50372982 44.00000000 25.00000000
v 9.00000000 43.31112671 26.00000000
v 8.51076889 44.00000000 26.00000000
v 9.00000000 43.28538132 27.00000000
v 8.46078587 44.00000000 27.00000000
v 9.00000000 43.28748703 28.00000000
v 8.56030941 44.00000000 28.00000000
v 9.00000000 43.27705002 29.00000000
v 8.42908001 44.00000000 29.00000000
v 9.00000000 43.27313232 30.00000000
v 8.51470661 44.00000000 30.00000000
v 9.00000000 43.25819397 31.00000000
v 8.48582649 44.00000000 31.00000000
v 9.00000000 43.23535919 32.00000000
v 8.53602028 44.00000000 32.00000000
v 9.00000000 43.33594513 33.00000000
v 8.47722340 44.00000000 33.00000000
v 9.00000000 43.19030380 34.00000000
v 8.52584743 44.00000000 34.00000000
v 9.00000000 43.29233170 35.00000000
v 8.49224186 44.00000000 35.00000000
v 9.00000000 43.27743530 36.00000000
v 8.51515293 44.00000000 36.00000000
v 9.00000000 43.27640533 37.00000000
v 8.45148659 44.00000000 37.00000000
v 9.00000000 43.31822205 38.00000000
v 8.56939220 44.00000000 38.00000000
v 9.00000000 43.28904343 39.00000000
v 8.52212620 44.00000000 39.00000000
v 8.41220093 44.00000000 40.00000000
v 8.40912247 44.00000000 41.00000000
v 8.45569324 44.00000000 42.00000000
v 8.58530235 45.00000000 7.00000000
v 8.50574970 45.00000000 8.00000000
v 8.61127186 45.00000000 9.00000000
v 8.59086418 45.00000000 10.00000000
v 8.57650089 45.00000000 11.00000000
v 8.48978901 45.00000000 12.00000000
v 8.54711056 45.00000000 13.00000000
v 8.49217987 45.00000000 14.00000000
v 8.45298290 45.00000000 15.00000000
v 8.48746109 45.00000000 16.00000000
v 8.54361248 45.00000000 17.00000000
v 8.51950550 45.00000000 18.00000000
v 8.54335976 45.00000000 19.00000000
v 8.49285030 45.00000000 20.00000000
v 8.54818153 45.00000000 21.00000000
v 8.53791904 45.00000000 22.00000000
v 8.50980091 45.00000000 23.00000000
v 8.50193691 45.00000000 24.00000000
v 8.57182789 45.00000000 25.00000000
v 8.49338722 45.00000000 26.00000000
v 8.50352764 45.00000000 27.00000000
v 8.52467918 45.00000000 28.00000000
v 8.51957321 45.00000000 29.00000000
v 8.50525379 45.00000000 30.00000000
v 8.49344540 45.00000000 31.00000000
v 8.46239853 45.00000000 32.00000000
v 8.56210327 45.00000000 33.00000000
v 8.49931526 45.00000000 34.00000000
v 8.60178375 45.00000000 35.00000000
v 8.53345776 45.00000000 36.00000000
v 8.50185966 45.00000000 37.00000000
v 8.47568226 45.00000000 38.00000000
v 8.56327152 45.00000000 39.00000000
v 8.48180771 45.00000000 40.00000000
v 8.58277893 45.00000000 41.00000000
v 8.54512024 45.00000000 42.00000000
v 8.52723598 46.00000000 7.00000000
v 8.47288990 46.00000000 8.00000000
v 8.55992413 46.00000000 9.00000000
v 8.43381691 46.00000000 10.00000000
v 8.57160854 46.00000000 11.00000000
v 8.46655655 46.00000000 12.00000000
v 8.51601410 46.00000000 13.00000000
v 8.43980598 46.00000000 14.00000000
v 8.61016178 46.00000000 15.00000000
v 8.46878052 46.00000000 16.00000000
v 8.56812382 46.00000000 17.00000000
v 8.55039024 46.00000000 18.00000000
v 8.55264950 46.00000000 19.00000000
v 8.45782471 46.00000000 20.00000000
v 8.53812218 46.00000000 21.00000000
v 8.49405670 46.00000000 22.00000000
v 8.57311726 46.00000000 23.00000000
v 8.36873627 46.00000000 24.00000000
v 8.57993793 46.00000000 25.00000000
v 8.47649479 46.00000000 26.00000000
v 8.58390331 46.00000000 27.00000000
v 8.45480347 46.00000000 28.00000000
v 8.47549438 46.00000000 29.00000000
v 8.48393059 46.00000000 30.00000000
v 8.60361481 46.00000000 31.00000000
v 8.38121033 46.00000000 32.00000000
v 8.52255630 46.00000000 33.00000000
v 8.49284458 46.00000000 34.00000000
v 8.53037453 46.00000000 35.00000000
v 8.42092228 46.00000000 36.00000000
v 8.52075386 46.00000000 37.00000000
v 8.47217846 46.00000000 38.00000000
v 8.60564327 46.00000000 39.00000000
v 8.44214725 46.00000000 40.00000000
v 8.63087368 46.00000000 41.00000000
v 8.59336376 46.00000000 42.00000000
v 8.05973053 47.00000000 7.00000000
v 8.03176498 47.00000000 21.00000000
v 8.03543472 47.00000000 31.00000000
v 8.04600334 47.00000000 33.00000000
v 8.02796936 47.00000000 38.00000000
v 8.08725262 47.00000000 39.00000000
v 9.19502449 3.00000000 13.00000000
v 9.12955379 3.00000000 17.00000000
v 9.17460632 3.00000000 25.00000000
v 9.15230274 3.00000000 29.00000000
v 9.17122459 3.00000000 35.00000000
v 9.39661217 3.00000000 39.00000000
v 10.00000000 3.20711994 12.00000000
v 10.00000000 4.00000000 11.31009007
v 10.00000000 3.16796350 13.00000000
v 10.00000000 3.18781614 14.00000000
v 10.00000000 3.21143627 15.00000000
v 10.00000000 3.10044837 16.00000000
v 10.00000000 3.17044687 17.00000000
v 10.00000000 3.12606144 18.00000000
v 10.00000000 3.16330957 19.00000000
v 10.00000000 3.08470654 20.00000000
v 10.00000000 3.21220279 21.00000000
v 10.00000000 3.02183414 22.00000000
v 10.00000000 3.19120479 23.00000000
v 10.00000000 3.07174349 24.00000000
v 10.00000000 3.20877552 25.00000000
v 10.00000000 3.18915677 26.00000000
v 10.00000000 3.19779897 27.00000000
v 10.00000000 3.06390810 28.00000000
v 10.00000000 3.15524530 29.00000000
v 10.00000000 3.11943936 30.00000000
v 10.00000000 3.19695687 31.00000000
v 10.00000000 3.14028049 32.00000000
v 10.00000000 3.20169950 33.00000000
v 10.00000000 3.11642361 34.00000000
v 10.00000000 3.20193243 35.00000000
v 10.00000000 3.23399568 36.00000000
v 10.00000000 3.13626242 37.00000000
v 10.00000000 3.14726853 38.00000000
v 10.00000000 3.24240518 39.00000000
v 10.00000000 3.99600315 40.00000000
v 10.00000000 4.00000000 40.00201416
v 10.00000000 5.00000000 11.25569534
v 9.78577995 5.00000000 40.00000000
v 10.00000000 5.00000000 39.95485306
v 10.00000000 4.03527308 40.00000000
v 10.00000000 6.00000000 11.21338654
v 10.00000000 5.43609238 40.00000000
v 10.00000000 6.00000000 40.06307220
v 10.00000000 7.00000000 11.20109844
v 9.39451599 7.00000000 40.00000000
v 10.00000000 7.00000000 39.90404129
v 10.00000000 6.36915588 40.00000000
v 10.00000000 8.00000000 11.28612232
v 9.52775574 8.00000000 40.00000000
v 10.00000000 8.00000000 39.89021301
v 10.00000000 9.00000000 11.23867607
v 9.70546532 9.00000000 40.00000000
v 10.00000000 9.00000000 39.94119263
v 10.00000000 10.00000000 11.31912518
v 9.83868408 10.00000000 40.00000000
v 10.00000000 10.00000000 39.96186066
v 10.00000000 11.00000000 11.24556541
v 9.70978546 11.00000000 40.00000000
v 10.00000000 11.00000000 39.94514465
v 10.00000000 12.00000000 11.23334789
v 9.61162472 12.00000000 40.00000000
v 10.00000000 12.00000000 39.93816376
v 10.00000000 13.00000000 11.26017094
v 9.71611404 13.00000000 40.00000000
v 10.00000000 13.00000000 39.94656372
v 10.00000000 14.00000000 11.36353874
v 9.56489277 14.00000000 40.00000000
v 10.00000000 14.00000000 39.87348938
v 10.00000000 15.00000000 11.07591438
v 9.81601048 15.00000000 40.00000000
v 10.00000000 15.00000000 39.96511078
v 10.00000000 15.39478207 7.00000000
v 10.00000000 16.00000000 6.49722528
v 10.00000000 15.28412724 8.00000000
v 10.00000000 15.29655361 9.00000000
v 10.00000000 15.34397602 10.00000000
v 10.00000000 15.09096146 11.00000000
v 9.58378792 16.00000000 40.00000000
v 10.00000000 16.00000000 39.87234116
v 10.00000000 16.11840057 4.00000000
v 10.00000000 17.00000000 3.55376863
v 10.00000000 17.00000000 4.31141138
v 10.00000000 17.00000000 6.29312801
v 9.93617249 17.00000000 40.00000000
v 10.00000000 17.00000000 39.98789597
v 10.00000000 18.00000000 3.39723444
v 10.00000000 18.00000000 4.90456295
v 9.51503277 18.00000000 6.00000000
v 10.00000000 17.50310326 6.00000000
v 10.00000000 18.00000000 5.15925503
v 9.79962063 18.00000000 40.00000000
v 10.00000000 18.00000000 39.95795441
v 10.00000000 19.00000000 3.35817552
v 10.00000000 18.14411926 5.00000000
v 9.48672485 19.00000000 5.00000000
v 9.82495022 19.00000000 40.00000000
v 10.00000000 19.00000000 39.96289825
v 10.00000000 20.00000000 3.26263189
v 9.69614601 20.00000000 40.00000000
v 10.00000000 20.00000000 39.92732239
v 10.00000000 21.00000000 3.32815671
v 9.95682240 21.00000000 40.00000000
v 10.00000000 21.00000000 39.99150085
v 10.00000000 22.00000000 3.28057122
v 9.68797970 22.00000000 40.00000000
v 10.00000000 22.00000000 39.93797302
v 10.00000000 23.00000000 3.31534386
v 9.60315418 23.00000000 40.00000000
v 10.00000000 23.00000000 39.90911484
v 10.00000000 24.00000000 3.30860877
v 9.53929806 24.00000000 40.00000000
v 10.00000000 24.00000000 39.89674759
v 10.00000000 25.00000000 3.33483243
v 9.65374184 25.00000000 40.00000000
v 10.00000000 25.00000000 39.93266678
v 10.00000000 26.00000000 3.30990386
v 9.53189659 26.00000000 40.00000000
v 10.00000000 26.00000000 39.88565445
v 10.00000000 27.00000000 3.42092252
v 9.75135612 27.00000000 40.00000000
v 10.00000000 27.00000000 39.94187164
v 10.00000000 28.00000000 3.29860044
v 9.72049046 28.00000000 40.00000000
v 10.00000000 28.00000000 39.91320419
v 10.00000000 29.00000000 3.32073641
v 9.47975826 29.00000000 5.00000000
v 9.36878204 29.00000000 6.00000000
v 10.00000000 28.98757362 40.00000000
v 10.00000000 29.00000000 40.00127792
v 10.00000000 30.00000000 3.39375305
v 10.00000000 30.00000000 4.88873577
v 10.00000000 29.70248604 5.00000000
v 10.00000000 29.72007179 6.00000000
v 10.00000000 30.00000000 6.13953447
v 9.82219315 30.00000000 40.00000000
v 10.00000000 30.00000000 39.96712494
v 10.00000000 29.03434753 40.00000000
v 10.00000000 31.00000000 3.49445724
v 10.00000000 31.00000000 4.38219309
v 10.00000000 31.00000000 6.44557714
v 9.70970726 31.00000000 40.00000000
v 10.00000000 31.00000000 39.91316605
v 10.00000000 32.00000000 3.70411754
v 10.00000000 32.00000000 4.17664814
v 10.00000000 32.00000000 6.38615179
v 9.85153198 32.00000000 40.00000000
v 10.00000000 32.00000000 39.97555542
v 10.00000000 32.46752167 4.00000000
v 10.00000000 32.80219269 7.00000000
v 9.11341286 33.00000000 7.00000000
v 10.00000000 32.95573044 8.00000000
v 10.00000000 32.84502792 9.00000000
v 9.24540806 33.00000000 9.00000000
v 10.00000000 32.83456421 10.00000000
v 10.00000000 33.00000000 10.87939167
v 9.74865818 33.00000000 40.00000000
v 10.00000000 33.00000000 39.96100616
v 10.00000000 33.09603119 11.00000000
v 10.00000000 34.00000000 11.30254745
v 9.60159588 34.00000000 40.00000000
v 10.00000000 34.00000000 39.87698364
v 10.00000000 35.00000000 11.25602913
v 9.84524918 35.00000000 40.00000000
v 10.00000000 35.00000000 39.96503448
v 10.00000000 36.00000000 11.32378292
v 9.78608418 36.00000000 40.00000000
v 10.00000000 36.00000000 39.94759750
v 10.00000000 37.00000000 11.25377369
v 9.76253510 37.00000000 40.00000000
v 10.00000000 37.00000000 39.96796799
v 10.00000000 38.00000000 11.26947308
v 9.49879265 38.00000000 40.00000000
v 10.00000000 38.00000000 39.88227844
v 10.00000000 39.00000000 11.28274822
v 9.90099144 39.00000000 40.00000000
v 10.00000000 39.00000000 39.97579956
v 10.00000000 40.00000000 11.22408485
v 9.40314674 40.00000000 40.00000000
v 10.00000000 40.00000000 39.91324615
v 10.00000000 41.00000000 11.25517654
v 10.00000000 40.95497513 40.00000000
v 10.00000000 41.00000000 40.00473022
v 10.00000000 42.00000000 11.35993958
v 9.73336411 42.00000000 40.00000000
v 10.00000000 42.00000000 39.91693878
v 10.00000000 41.06079102 40.00000000
v 10.00000000 43.00000000 11.91430950
v 9.94369793 43.00000000 34.00000000
v 10.00000000 43.00000000 33.96307373
v 10.00000000 42.99335480 34.00000000
v 10.00000000 43.00000000 34.04887772
v 10.00000000 43.00000000 39.37743378
v 10.00000000 43.02739334 12.00000000
v 10.00000000 43.18359375 13.00000000
v 10.00000000 43.13504028 14.00000000
v 10.00000000 43.13645554 15.00000000
v 10.00000000 43.00487137 16.00000000
v 10.00000000 43.15254211 17.00000000
v 10.00000000 43.08019638 18.00000000
v 10.00000000 43.18415451 19.00000000
v 10.00000000 43.07287598 20.00000000
v 10.00000000 43.20687485 21.00000000
v 10.00000000 43.04290390 22.00000000
v 10.00000000 43.13367844 23.00000000
v 10.00000000 43.07760620 24.00000000
v 10.00000000 43.17970276 25.00000000
v 10.00000000 43.10284042 26.00000000
v 10.00000000 43.12113953 27.00000000
v 10.00000000 43.05176163 28.00000000
v 10.00000000 43.20512772 29.00000000
v 10.00000000 43.09078217 30.00000000
v 10.00000000 43.08274841 31.00000000
v 10.00000000 43.06459045 32.00000000
v 10.00000000 43.19403839 33.00000000
v 10.00000000 43.13879013 35.00000000
v 10.00000000 43.10827637 36.00000000
v 10.00000000 43.17985916 37.00000000
v 10.00000000 43.14317322 38.00000000
v 10.00000000 43.11602020 39.00000000
v 10.97177505 3.00000000 12.00000000
v 11.00000000 2.99659848 12.00000000
v 11.00000000 3.00000000 11.99341965
v 11.00000000 3.00000000 12.02389908
v 11.00000000 4.00000000 11.14547062
v 11.00000000 3.15650845 13.00000000
v 11.00000000 3.11845827 14.00000000
v 11.00000000 3.22336173 15.00000000
v 11.00000000 3.17293000 16.00000000
v 11.00000000 3.17895126 17.00000000
v 11.00000000 3.17790937 18.00000000
v 11.00000000 3.21907544 19.00000000
v 11.00000000 3.14568496 20.00000000
v 11.00000000 3.18837428 21.00000000
v 11.00000000 3.17286634 22.00000000
v 11.00000000 3.19509745 23.00000000
v 11.00000000 3.21080589 24.00000000
v 11.00000000 3.14647007 25.00000000
v 11.00000000 3.15866280 26.00000000
v 11.00000000 3.21158528 27.00000000
v 11.00000000 3.19482231 28.00000000
v 11.00000000 3.22241092 29.00000000
v 11.00000000 3.17027354 30.00000000
v 11.00000000 3.20757008 31.00000000
v 11.00000000 3.19116807 32.00000000
v 11.00000000 3.22063804 33.00000000
v 11.00000000 3.18742490 34.00000000
v 11.00000000 3.03353214 35.00000000
v 11.00000000 3.16639566 36.00000000
v 11.00000000 3.11513686 37.00000000
v 11.00000000 3.11989474 38.00000000
v 11.00000000 3.08220649 39.00000000
v 10.03209209 4.00000000 40.00000000
v 11.00000000 4.00000000 39.93213654
v 11.00000000 5.00000000 11.20345783
v 11.00000000 5.00000000 39.85814667
v 11.00000000 6.00000000 11.27821159
v 10.35461140 6.00000000 40.00000000
v 11.00000000 6.00000000 39.89366150
v 11.00000000 7.00000000 11.28786945
v 11.00000000 7.00000000 39.79341507
v 11.00000000 8.00000000 11.24687099
v 11.00000000 8.00000000 39.80020905
v 11.00000000 9.00000000 11.29653645
v 11.00000000 9.00000000 39.83477783
v 11.00000000 10.00000000 11.27353191
v 11.00000000 10.00000000 39.77297974
v 11.00000000 11.00000000 11.32444859
v 11.00000000 11.00000000 39.78940201
v 11.00000000 12.00000000 11.28382206
v 11.00000000 12.00000000 39.83778381
v 11.00000000 13.00000000 11.29561996
v 11.00000000 13.00000000 39.81040192
v 11.00000000 14.00000000 11.30838203
v 11.00000000 14.00000000 39.81715012
v 11.00000000 15.00000000 11.18790531
v 11.00000000 15.00000000 39.84480667
v 11.00000000 15.53058815 7.00000000
v 11.00000000 16.00000000 6.43892908
v 11.00000000 15.32470322 8.00000000
v 11.00000000 15.35195255 9.00000000
v 11.00000000 15.35311508 10.00000000
v 11.00000000 15.17986965 11.00000000
v 11.00000000 16.00000000 39.79020691
v 11.00000000 16.20500183 4.00000000
v 11.00000000 17.00000000 3.45051408
v 11.00000000 17.00000000 4.58927345
v 10.60006237 17.00000000 6.00000000
v 11.00000000 16.64891434 6.00000000
v 11.00000000 17.00000000 5.61004782
v 11.00000000 17.00000000 39.83741379
v 11.00000000 18.00000000 3.25409865
v 11.00000000 17.42555046 5.00000000
v 10.11732483 18.00000000 5.00000000
v 11.00000000 18.00000000 39.83912277
v 11.00000000 19.00000000 3.35580873
v 11.00000000 19.00000000 39.81799316
v 11.00000000 20.00000000 3.33549500
v 11.00000000 20.00000000 39.83708191
v 11.00000000 21.00000000 3.43108559
v 11.00000000 21.00000000 39.85744858
v 11.00000000 22.00000000 3.35734820
v 11.00000000 22.00000000 39.87157059
v 11.00000000 23.00000000 3.33514214
v 11.00000000 23.00000000 39.85838699
v 11.00000000 24.00000000 3.40677238
v 11.00000000 24.00000000 39.79252625
v 11.00000000 25.00000000 3.33052564
v 11.00000000 25.00000000 39.81711578
v 11.00000000 26.00000000 3.32192278
v 11.00000000 26.00000000 39.84928513
v 11.00000000 27.00000000 3.39225578
v 11.00000000 27.00000000 39.89530182
v 11.00000000 28.00000000 3.29079604
v 11.00000000 28.00000000 39.80225754
v 11.00000000 29.00000000 3.36489677
v 10.00587368 29.00000000 40.00000000
v 11.00000000 29.00000000 39.80644989
v 11.00000000 30.00000000 3.33646941
v 10.24655247 30.00000000 5.00000000
v 10.19244862 30.00000000 6.00000000
v 11.00000000 30.00000000 39.83060837
v 11.00000000 31.00000000 3.36586070
v 11.00000000 31.00000000 4.57872057
v 11.00000000 30.43976402 5.00000000
v 11.00000000 30.80142784 6.00000000
v 11.00000000 31.00000000 6.15342140
v 11.00000000 31.00000000 39.85390091
v 11.00000000 32.00000000 3.55736184
v 11.00000000 32.00000000 4.33198690
v 11.00000000 32.00000000 6.43867302
v 11.00000000 32.00000000 39.84700012
v 10.77559471 33.00000000 4.00000000
v 11.00000000 33.00000000 3.82536054
v 11.00000000 33.00000000 4.08056116
v 11.00000000 32.93905640 7.00000000
v 10.76826191 33.00000000 8.00000000
v 11.00000000 33.00000000 7.72746706
v 11.00000000 33.00000000 8.09459114
v 11.00000000 32.89037323 9.00000000
v 11.00000000 32.90056229 10.00000000
v 11.00000000 32.88113785 11.00000000
v 10.17800999 33.00000000 11.00000000
v 11.00000000 33.00000000 11.14134216
v 11.00000000 33.00000000 39.79176712
v 11.00000000 33.22984695 4.00000000
v 11.00000000 33.01243973 8.00000000
v 11.00000000 34.00000000 11.23954868
v 11.00000000 34.00000000 39.82971191
v 11.00000000 35.00000000 11.25295830
v 11.00000000 35.00000000 39.86901093
v 11.00000000 36.00000000 11.20169830
v 11.00000000 36.00000000 39.83320618
v 11.00000000 37.00000000 11.26523209
v 11.00000000 37.00000000 39.83188629
v 11.00000000 38.00000000 11.20806217
v 11.00000000 38.00000000 39.85194397
v 11.00000000 39.00000000 11.25272179
v 11.00000000 39.00000000 39.83034134
v 11.00000000 40.00000000 11.22790527
v 11.00000000 40.00000000 39.77671814
v 11.00000000 41.00000000 11.19726467
v 10.05681801 41.00000000 40.00000000
v 11.00000000 41.00000000 39.90983200
v 11.00000000 42.00000000 11.21819782
v 10.61447811 42.00000000 40.00000000
v 11.00000000 41.63134384 40.00000000
v 11.00000000 42.00000000 40.04405212
v 11.00000000 42.91431046 12.00000000
v 10.27586365 43.00000000 12.00000000
v 11.00000000 42.95306015 13.00000000
v 10.79179573 43.00000000 13.00000000
v 11.00000000 42.95920181 14.00000000
v 10.70284843 43.00000000 14.00000000
v 11.00000000 42.96052551 15.00000000
v 10.75202751 43.00000000 15.00000000
v 11.00000000 42.96702194 16.00000000
v 10.09962845 43.00000000 16.00000000
v 11.00000000 42.96850967 17.00000000
v 10.79954433 43.00000000 17.00000000
v 11.00000000 42.94649506 18.00000000
v 10.52293491 43.00000000 18.00000000
v 11.00000000 42.95107269 19.00000000
v 10.78333187 43.00000000 19.00000000
v 11.00000000 42.89120102 20.00000000
v 10.34424686 43.00000000 20.00000000
v 11.00000000 42.98606873 21.00000000
v 10.93488598 43.00000000 21.00000000
v 11.00000000 42.99207306 22.00000000
v 10.80526543 43.00000000 22.00000000
v 11.00000000 42.97297287 23.00000000
v 10.82527924 43.00000000 23.00000000
v 11.00000000 42.95000076 24.00000000
v 10.55075550 43.00000000 24.00000000
v 11.00000000 42.96438980 25.00000000
v 10.82024479 43.00000000 25.00000000
v 11.00000000 42.93862152 26.00000000
v 10.55315876 43.00000000 26.00000000
v 11.00000000 42.98032761 27.00000000
v 10.84712887 43.00000000 27.00000000
v 11.00000000 42.95041656 28.00000000
v 10.45749664 43.00000000 28.00000000
v 11.00000000 42.97556686 29.00000000
v 10.88830566 43.00000000 29.00000000
v 11.00000000 42.92147064 30.00000000
v 10.44198132 43.00000000 30.00000000
v 11.00000000 42.93183517 31.00000000
v 10.49608707 43.00000000 31.00000000
v 11.00000000 42.97657013 32.00000000
v 10.67900181 43.00000000 32.00000000
v 11.00000000 42.96310043 33.00000000
v 10.81829453 43.00000000 33.00000000
v 11.00000000 42.88129044 34.00000000
v 11.00000000 42.90240860 35.00000000
v 10.54376888 43.00000000 35.00000000
v 11.00000000 42.98769760 36.00000000
v 10.87557793 43.00000000 36.00000000
v 11.00000000 42.95762634 37.00000000
v 10.78065777 43.00000000 37.00000000
v 11.00000000 43.00000000 37.55912399
v 10.40591145 43.00000000 39.00000000
v 11.00000000 43.00000000 38.18680191
v 11.00000000 42.80002594 39.00000000
v 11.00000000 42.13229752 40.00000000
v 11.00000000 43.04066849 38.00000000
v 11.02131271 3.00000000 12.00000000
v 12.00000000 3.21597242 12.00000000
v 12.00000000 4.00000000 11.08774567
v 12.00000000 3.21495986 13.00000000
v 12.00000000 3.20446086 14.00000000
v 12.00000000 3.23090339 15.00000000
v 12.00000000 3.25426555 16.00000000
v 12.00000000 3.24186611 17.00000000
v 12.00000000 3.17599416 18.00000000
v 12.00000000 3.32562184 19.00000000
v 12.00000000 3.24626064 20.00000000
v 12.00000000 3.28864431 21.00000000
v 12.00000000 3.15654349 22.00000000
v 12.00000000 3.26660633 23.00000000
v 12.00000000 3.20821047 24.00000000
v 12.00000000 3.27960563 25.00000000
v 12.00000000 3.17260385 26.00000000
v 12.00000000 3.33832073 27.00000000
v 12.00000000 3.32847071 28.00000000
v 12.00000000 3.26100111 29.00000000
v 12.00000000 3.14460087 30.00000000
v 12.00000000 3.26748061 31.00000000
v 12.00000000 3.18584156 32.00000000
v 12.00000000 3.33490157 33.00000000
v 12.00000000 3.12992811 34.00000000
v 12.00000000 3.28611946 35.00000000
v 12.00000000 3.22772312 36.00000000
v 12.00000000 3.23808408 37.00000000
v 12.00000000 3.16525054 38.00000000
v 12.00000000 3.39690232 39.00000000
v 12.00000000 4.00000000 39.63613892
v 12.00000000 5.00000000 11.23152733
v 12.00000000 5.00000000 39.78675842
v 12.00000000 6.00000000 11.17727089
v 12.00000000 6.00000000 39.67829514
v 12.00000000 7.00000000 11.29620934
v 12.00000000 7.00000000 39.62747955
v 12.00000000 8.00000000 11.27132607
v 12.00000000 8.00000000 39.64192200
v 12.00000000 9.00000000 11.20334816
v 12.00000000 9.00000000 39.69449615
v 12.00000000 10.00000000 11.18117714
v 12.00000000 10.00000000 39.72692490
v 12.00000000 11.00000000 11.27414989
v 12.00000000 11.00000000 39.68518829
v 12.00000000 12.00000000 11.21652889
v 12.00000000 12.00000000 39.64356232
v 12.00000000 13.00000000 11.28234005
v 12.00000000 13.00000000 39.64131165
v 12.00000000 14.00000000 11.36970520
v 12.00000000 14.00000000 39.63307571
v 12.00000000 15.00000000 11.18661308
v 12.00000000 15.00000000 39.62863922
v 11.56460285 16.00000000 4.00000000
v 12.00000000 15.35590172 4.00000000
v 12.00000000 16.00000000 3.69827080
v 12.00000000 16.00000000 4.14400148
v 12.00000000 15.29750824 7.00000000
v 12.00000000 16.00000000 6.17649460
v 12.00000000 15.34730244 8.00000000
v 12.00000000 15.34612751 9.00000000
v 12.00000000 15.34350967 10.00000000
v 12.00000000 15.19813919 11.00000000
v 12.00000000 16.00000000 39.70173264
v 12.00000000 17.00000000 3.50029635
v 11.49257851 17.00000000 5.00000000
v 12.00000000 16.62211609 5.00000000
v 12.00000000 16.18483162 6.00000000
v 12.00000000 17.00000000 39.65298080
v 12.00000000 18.00000000 3.33060718
v 12.00000000 18.00000000 39.64198303
v 12.00000000 19.00000000 3.34132457
v 12.00000000 19.00000000 39.67131042
v 12.00000000 20.00000000 3.30906057
v 12.00000000 20.00000000 39.63342667
v 12.00000000 21.00000000 3.36504340
v 12.00000000 21.00000000 39.63372421
v 12.00000000 22.00000000 3.33007026
v 12.00000000 22.00000000 39.68374252
v 12.00000000 23.00000000 3.36127543
v 12.00000000 23.00000000 39.61539841
v 12.00000000 24.00000000 3.30765533
v 12.00000000 24.00000000 39.66743469
v 12.00000000 25.00000000 3.36364698
v 12.00000000 25.00000000 39.61694336
v 12.00000000 26.00000000 3.37133813
v 12.00000000 26.00000000 39.67966461
v 12.00000000 27.00000000 3.35058284
v 12.00000000 27.00000000 39.63062668
v 12.00000000 28.00000000 3.40700698
v 12.00000000 28.00000000 39.67522430
v 12.00000000 29.00000000 3.35078096
v 12.00000000 29.00000000 39.62011337
v 12.00000000 30.00000000 3.37865543
v 12.00000000 30.00000000 39.65744781
v 12.00000000 31.00000000 3.27454209
v 11.94534111 31.00000000 5.00000000
v 12.00000000 31.00000000 5.12966728
v 12.00000000 30.89211273 6.00000000
v 12.00000000 31.00000000 6.13576984
v 12.00000000 31.00000000 39.62022400
v 12.00000000 32.00000000 3.40398526
v 12.00000000 32.00000000 4.42541504
v 12.00000000 31.03307915 5.00000000
v 12.00000000 32.00000000 6.41398239
v 12.00000000 32.00000000 39.64014816
v 12.00000000 33.00000000 3.69253540
v 12.00000000 33.00000000 4.11926603
v 12.00000000 32.91782379 7.00000000
v 12.00000000 32.93765640 8.00000000
v 11.17537594 33.00000000 8.00000000
v 12.00000000 32.93430710 9.00000000
v 12.00000000 32.96833801 10.00000000
v 12.00000000 32.96084595 11.00000000
v 12.00000000 33.00000000 11.04252625
v 12.00000000 33.00000000 39.61856842
v 12.00000000 33.33448410 4.00000000
v 12.00000000 34.00000000 11.24396133
v 12.00000000 34.00000000 39.69561386
v 12.00000000 35.00000000 11.28981209
v 12.00000000 35.00000000 39.60151291
v 12.00000000 36.00000000 11.23237610
v 12.00000000 36.00000000 39.64643860
v 12.00000000 37.00000000 11.17944622
v 12.00000000 37.00000000 39.57672882
v 12.00000000 38.00000000 11.25986671
v 12.00000000 38.00000000 39.63117218
v 12.00000000 39.00000000 11.31321335
v 12.00000000 39.00000000 39.61145401
v 12.00000000 40.00000000 11.30165100
v 12.00000000 40.00000000 39.64989090
v 12.00000000 41.00000000 11.20680523
v 12.00000000 41.00000000 39.71702957
v 12.00000000 42.00000000 11.22143078
v 11.14832878 42.00000000 40.00000000
v 12.00000000 42.00000000 39.71428680
v 11.51762199 43.00000000 12.00000000
v 12.00000000 43.00000000 11.84614754
v 12.00000000 43.00000000 12.89866161
v 12.00000000 42.99341583 13.00000000
v 12.00000000 42.94665146 14.00000000
v 12.00000000 42.97462082 15.00000000
v 12.00000000 42.97304916 16.00000000
v 11.96442699 43.00000000 17.00000000
v 12.00000000 43.00000000 16.94924164
v 12.00000000 43.00000000 17.04559708
v 12.00000000 42.97200012 18.00000000
v 12.00000000 42.94727707 19.00000000
v 12.00000000 42.95177460 20.00000000
v 11.99386978 43.00000000 21.00000000
v 12.00000000 43.00000000 20.99797440
v 12.00000000 43.00000000 21.00942612
v 12.00000000 42.99011612 22.00000000
v 12.00000000 42.92340088 23.00000000
v 12.00000000 42.90773773 24.00000000
v 12.00000000 42.91134262 25.00000000
v 12.00000000 42.97936249 26.00000000
v 12.00000000 42.87899017 27.00000000
v 12.00000000 42.92717361 28.00000000
v 12.00000000 42.96688843 29.00000000
v 12.00000000 42.92534637 30.00000000
v 12.00000000 42.89504242 31.00000000
v 12.00000000 42.94550323 32.00000000
v 12.00000000 42.93852234 33.00000000
v 12.00000000 42.95663834 34.00000000
v 12.00000000 42.97085953 35.00000000
v 12.00000000 42.93341827 36.00000000
v 12.00000000 42.98863220 37.00000000
v 12.00000000 43.00000000 37.18986893
v 12.00000000 43.00000000 38.33916473
v 12.00000000 42.87897110 39.00000000
v 12.00000000 43.05936813 12.00000000
v 12.00000000 43.00122833 17.00000000
v 12.00000000 43.00009537 21.00000000
v 12.00000000 43.04495239 38.00000000
v 13.00000000 3.29905128 12.00000000
v 13.00000000 4.00000000 11.30179787
v 13.00000000 3.33113575 13.00000000
v 13.00000000 3.26158810 14.00000000
v 13.00000000 3.34327340 15.00000000
v 13.00000000 3.35371041 16.00000000
v 13.00000000 3.33253551 17.00000000
v 13.00000000 3.27649665 18.00000000
v 13.00000000 3.25133085 19.00000000
v 13.00000000 3.32553768 20.00000000
v 13.00000000 3.28263855 21.00000000
v 13.00000000 3.28313231 22.00000000
v 13.00000000 3.31737089 23.00000000
v 13.00000000 3.30570745 24.00000000
v 13.00000000 3.38750339 25.00000000
v 13.00000000 3.30818701 26.00000000
v 13.00000000 3.23102331 27.00000000
v 13.00000000 3.26855922 28.00000000
v 13.00000000 3.28780770 29.00000000
v 13.00000000 3.36041164 30.00000000
v 13.00000000 3.28682327 31.00000000
v 13.00000000 3.27876544 32.00000000
v 13.00000000 3.25232816 33.00000000
v 13.00000000 3.29154086 34.00000000
v 13.00000000 3.36470222 35.00000000
v 13.00000000 3.32682371 36.00000000
v 13.00000000 3.37957239 37.00000000
v 13.00000000 3.29452991 38.00000000
v 13.00000000 3.56599045 39.00000000
v 13.00000000 4.00000000 39.27917480
v 13.00000000 5.00000000 11.21085453
v 13.00000000 5.00000000 39.46428680
v 13.00000000 6.00000000 11.25587273
v 13.00000000 6.00000000 39.56171417
v 13.00000000 7.00000000 11.25518131
v 13.00000000 7.00000000 39.43523026
v 13.00000000 8.00000000 11.31603909
v 13.00000000 8.00000000 39.45376587
v 13.00000000 9.00000000 11.17618465
v 13.00000000 9.00000000 39.45210266
v 13.00000000 10.00000000 11.28718853
v 13.00000000 10.00000000 39.52295303
v 13.00000000 11.00000000 11.21218204
v 13.00000000 11.00000000 39.46649933
v 13.00000000 12.00000000 11.23099422
v 13.00000000 12.00000000 39.43162918
v 13.00000000 13.00000000 11.30640697
v 13.00000000 13.00000000 39.40771866
v 13.00000000 14.00000000 11.20282364
v 13.00000000 14.00000000 39.48766708
v 12.50551224 15.00000000 4.00000000
v 13.00000000 14.82855225 4.00000000
v 13.00000000 15.00000000 3.89806890
v 13.00000000 15.00000000 4.05814266
v 13.00000000 15.00000000 11.12989044
v 13.00000000 15.00000000 39.46004868
v 13.00000000 16.00000000 3.38628364
v 13.00000000 16.00000000 4.61157370
v 13.00000000 15.30923557 7.00000000
v 13.00000000 16.00000000 6.06221867
v 13.00000000 15.30896187 8.00000000
v 13.00000000 15.38587761 9.00000000
v 13.00000000 15.34019184 10.00000000
v 13.00000000 15.16143227 11.00000000
v 13.00000000 16.00000000 39.48494339
v 13.00000000 17.00000000 3.31740451
v 13.00000000 16.53852844 5.00000000
v 13.00000000 16.05585670 6.00000000
v 13.00000000 17.00000000 39.44693756
v 13.00000000 18.00000000 3.33410740
v 13.00000000 18.00000000 39.46273041
v 13.00000000 19.00000000 3.32225227
v 13.00000000 19.00000000 39.51000977
v 13.00000000 20.00000000 3.35883594
v 13.00000000 20.00000000 39.49408340
v 13.00000000 21.00000000 3.37741017
v 13.00000000 21.00000000 39.48571396
v 13.00000000 22.00000000 3.25840998
v 13.00000000 22.00000000 39.47872925
v 13.00000000 23.00000000 3.34655571
v 13.00000000 23.00000000 39.44726181
v 13.00000000 24.00000000 3.42293191
v 13.00000000 24.00000000 39.47586441
v 13.00000000 25.00000000 3.38881421
v 13.00000000 25.00000000 39.43389511
v 13.00000000 26.00000000 3.36098576
v 13.00000000 26.00000000 39.46263504
v 13.00000000 27.00000000 3.34234834
v 13.00000000 27.00000000 39.46625900
v 13.00000000 28.00000000 3.33633113
v 13.00000000 28.00000000 39.45404816
v 13.00000000 29.00000000 3.25121784
v 13.00000000 29.00000000 39.47289276
v 13.00000000 30.00000000 3.21802211
v 13.00000000 30.00000000 39.51745987
v 13.00000000 31.00000000 3.47157836
v 12.21510506 31.00000000 6.00000000
v 13.00000000 31.00000000 39.43521500
v 13.00000000 32.00000000 3.46449637
v 13.00000000 32.00000000 4.53594446
v 13.00000000 31.43009949 5.00000000
v 12.94708920 32.00000000 6.00000000
v 13.00000000 32.00000000 5.96114731
v 13.00000000 32.00000000 39.45729446
v 13.00000000 33.00000000 3.56339622
v 13.00000000 33.00000000 4.30668736
v 13.00000000 32.03986359 6.00000000
v 13.00000000 32.87684631 7.00000000
v 13.00000000 32.98182297 8.00000000
v 13.00000000 32.95546722 9.00000000
v 13.00000000 32.88244629 10.00000000
v 13.00000000 32.90118408 11.00000000
v 13.00000000 33.00000000 11.12089539
v 13.00000000 33.00000000 39.50044632
v 13.00000000 33.54243088 4.00000000
v 13.00000000 34.00000000 11.21616650
v 13.00000000 34.00000000 39.48862457
v 13.00000000 35.00000000 11.27703285
v 13.00000000 35.00000000 39.41946030
v 13.00000000 36.00000000 11.31798840
v 13.00000000 36.00000000 39.47943878
v 13.00000000 37.00000000 11.29322338
v 13.00000000 37.00000000 39.43863678
v 13.00000000 38.00000000 11.22809982
v 13.00000000 38.00000000 39.42693329
v 13.00000000 39.00000000 11.25810909
v 13.00000000 39.00000000 39.51116180
v 13.00000000 40.00000000 11.24767494
v 13.00000000 40.00000000 39.50709915
v 13.00000000 41.00000000 11.22043419
v 13.00000000 41.00000000 39.43592072
v 13.00000000 42.00000000 11.19338608
v 13.00000000 42.00000000 39.44783020
v 13.00000000 42.88282776 12.00000000
v 12.36731911 43.00000000 12.00000000
v 13.00000000 42.89398575 13.00000000
v 13.00000000 42.90186310 14.00000000
v 13.00000000 42.75662994 15.00000000
v 13.00000000 42.85004044 16.00000000
v 13.00000000 42.77503586 17.00000000
v 12.00538826 43.00000000 17.00000000
v 13.00000000 42.83534622 18.00000000
v 13.00000000 42.88154984 19.00000000
v 13.00000000 42.82067490 20.00000000
v 13.00000000 42.81253433 21.00000000
v 12.00048351 43.00000000 21.00000000
v 13.00000000 42.82514191 22.00000000
v 13.00000000 42.80175018 23.00000000
v 13.00000000 42.86308289 24.00000000
v 13.00000000 42.86571884 25.00000000
v 13.00000000 42.83472443 26.00000000
v 13.00000000 42.89118195 27.00000000
v 13.00000000 42.85761261 28.00000000
v 13.00000000 42.85633850 29.00000000
v 13.00000000 42.85612488 30.00000000
v 13.00000000 42.86318588 31.00000000
v 13.00000000 42.88412476 32.00000000
v 13.00000000 42.87118149 33.00000000
v 13.00000000 42.85503769 34.00000000
v 13.00000000 42.81551743 35.00000000
v 13.00000000 42.82630539 36.00000000
v 13.00000000 42.90154266 37.00000000
v 13.00000000 42.87397003 38.00000000
v 12.28377628 43.00000000 38.00000000
v 13.00000000 42.57294464 39.00000000
v 14.00000000 3.44218731 12.00000000
v 14.00000000 4.00000000 11.34821320
v 14.00000000 3.39017105 13.00000000
v 14.00000000 3.36443329 14.00000000
v 14.00000000 3.39481854 15.00000000
v 14.00000000 3.39534926 16.00000000
v 14.00000000 3.41911769 17.00000000
v 14.00000000 3.45516920 18.00000000
v 14.00000000 3.37637258 19.00000000
v 14.00000000 3.37176776 20.00000000
v 14.00000000 3.41144776 21.00000000
v 14.00000000 3.46398234 22.00000000
v 14.00000000 3.43380523 23.00000000
v 14.00000000 3.40656304 24.00000000
v 14.00000000 3.41654825 25.00000000
v 14.00000000 3.44826198 26.00000000
v 14.00000000 3.39587212 27.00000000
v 14.00000000 3.43413305 28.00000000
v 14.00000000 3.44200969 29.00000000
v 14.00000000 3.40606046 30.00000000
v 14.00000000 3.44302416 31.00000000
v 14.00000000 3.38909554 32.00000000
v 14.00000000 3.34652400 33.00000000
v 14.00000000 3.41294861 34.00000000
v 14.00000000 3.37456536 35.00000000
v 14.00000000 3.38267112 36.00000000
v 14.00000000 3.34155893 37.00000000
v 14.00000000 3.39297366 38.00000000
v 14.00000000 3.70958567 39.00000000
v 14.00000000 4.00000000 39.21208572
v 14.00000000 5.00000000 11.19613171
v 14.00000000 5.00000000 39.23315430
v 14.00000000 6.00000000 11.24655056
v 14.00000000 6.00000000 39.29306412
v 14.00000000 7.00000000 11.25015545
v 14.00000000 7.00000000 39.22948837
v 14.00000000 8.00000000 11.23890305
v 14.00000000 8.00000000 39.31892395
v 14.00000000 9.00000000 11.25885105
v 14.00000000 9.00000000 39.19122314
v 14.00000000 10.00000000 11.23625374
v 14.00000000 10.00000000 39.28989792
v 14.00000000 11.00000000 11.25114822
v 14.00000000 11.00000000 39.19744492
v 14.00000000 12.00000000 11.29590607
v 14.00000000 12.00000000 39.30736542
v 14.00000000 13.00000000 11.29414654
v 14.00000000 13.00000000 39.21249390
v 14.00000000 14.00000000 11.34440804
v 14.00000000 14.00000000 39.22772598
v 14.00000000 14.34386730 4.00000000
v 14.00000000 15.00000000 3.78231072
v 14.00000000 15.00000000 4.15518904
v 14.00000000 15.00000000 11.14153290
v 14.00000000 15.00000000 39.25912476
v 14.00000000 16.00000000 3.44721413
v 14.00000000 16.00000000 4.96519279
v 13.31256771 16.00000000 6.00000000
v 14.00000000 15.83448601 6.00000000
v 14.00000000 16.00000000 5.11499357
v 14.00000000 15.37856579 7.00000000
v 14.00000000 15.30380535 8.00000000
v 14.00000000 15.38300228 9.00000000
v 14.00000000 15.34908962 10.00000000
v 14.00000000 15.15390205 11.00000000
v 14.00000000 16.00000000 39.29555130
v 14.00000000 17.00000000 3.28249049
v 14.00000000 16.02264404 5.00000000
v 14.00000000 17.00000000 39.19458008
v 14.00000000 18.00000000 3.33870578
v 14.00000000 18.00000000 39.21931076
v 14.00000000 19.00000000 3.31831980
v 14.00000000 19.00000000 39.25915527
v 14.00000000 20.00000000 3.35028243
v 14.00000000 20.00000000 39.25582123
v 14.00000000 21.00000000 3.42326164
v 14.00000000 21.00000000 39.22032547
v 14.00000000 22.00000000 3.35423493
v 14.00000000 22.00000000 39.18529510
v 14.00000000 23.00000000 3.32418275
v 14.00000000 23.00000000 39.22748947
v 14.00000000 24.00000000 3.34093475
v 14.00000000 24.00000000 39.33078384
v 14.00000000 25.00000000 3.32396507
v 14.00000000 25.00000000 39.17086411
v 14.00000000 26.00000000 3.36208034
v 14.00000000 26.00000000 39.22251129
v 14.00000000 27.00000000 3.39302921
v 14.00000000 27.00000000 39.26137924
v 14.00000000 28.00000000 3.38069344
v 14.00000000 28.00000000 39.27104950
v 14.00000000 29.00000000 3.33796597
v 14.00000000 29.00000000 39.22597504
v 14.00000000 30.00000000 3.35378814
v 14.00000000 30.00000000 39.25508118
v 14.00000000 31.00000000 3.40585089
v 14.00000000 31.00000000 39.25731659
v 14.00000000 32.00000000 3.36802530
v 14.00000000 32.00000000 4.73026562
v 14.00000000 31.75522995 5.00000000
v 14.00000000 31.80669594 6.00000000
v 13.15071678 32.00000000 6.00000000
v 14.00000000 32.00000000 6.14302015
v 14.00000000 32.00000000 39.24908066
v 14.00000000 33.00000000 3.67074776
v 14.00000000 33.00000000 4.35064173
v 14.00000000 32.78122330 7.00000000
v 13.47309971 33.00000000 8.00000000
v 14.00000000 33.00000000 7.88129187
v 14.00000000 33.00000000 8.15028572
v 14.00000000 32.88903809 9.00000000
v 14.00000000 32.91984940 10.00000000
v 13.90580559 33.00000000 11.00000000
v 14.00000000 33.00000000 10.89002800
v 14.00000000 33.00000000 39.21741104
v 14.00000000 33.93061066 4.00000000
v 14.00000000 33.01997757 8.00000000
v 14.00000000 33.04328918 11.00000000
v 14.00000000 34.00000000 11.27445221
v 14.00000000 34.00000000 39.19705963
v 14.00000000 35.00000000 11.31211948
v 14.00000000 35.00000000 39.30142975
v 14.00000000 36.00000000 11.31177330
v 14.00000000 36.00000000 39.29984283
v 14.00000000 37.00000000 11.23996639
v 14.00000000 37.00000000 39.20895004
v 14.00000000 38.00000000 11.26648521
v 14.00000000 38.00000000 39.27679825
v 14.00000000 39.00000000 11.16654396
v 14.00000000 39.00000000 39.32186508
v 14.00000000 40.00000000 11.25587368
v 14.00000000 40.00000000 39.33102417
v 14.00000000 41.00000000 11.07784462
v 14.00000000 41.00000000 39.27055740
v 14.00000000 42.00000000 11.26294804
v 14.00000000 42.00000000 39.23522949
v 14.00000000 42.70221710 12.00000000
v 14.00000000 42.77065659 13.00000000
v 14.00000000 42.76066589 14.00000000
v 14.00000000 42.73552704 15.00000000
v 14.00000000 42.77987671 16.00000000
v 14.00000000 42.72243118 17.00000000
v 14.00000000 42.74099731 18.00000000
v 14.00000000 42.80215073 19.00000000
v 14.00000000 42.77919006 20.00000000
v 14.00000000 42.72467804 21.00000000
v 14.00000000 42.71266174 22.00000000
v 14.00000000 42.69082260 23.00000000
v 14.00000000 42.72891998 24.00000000
v 14.00000000 42.76797867 25.00000000
v 14.00000000 42.72169113 26.00000000
v 14.00000000 42.80628586 27.00000000
v 14.00000000 42.79064178 28.00000000
v 14.00000000 42.78666306 29.00000000
v 14.00000000 42.72320938 30.00000000
v 14.00000000 42.74944305 31.00000000
v 14.00000000 42.74282837 32.00000000
v 14.00000000 42.75637436 33.00000000
v 14.00000000 42.71288300 34.00000000
v 14.00000000 42.75646973 35.00000000
v 14.00000000 42.78037643 36.00000000
v 14.00000000 42.75569534 37.00000000
v 14.00000000 42.88672256 38.00000000
v 14.00000000 42.41255188 39.00000000
v 15.00000000 3.51500702 12.00000000
v 15.00000000 4.00000000 11.34658432
v 15.00000000 3.51087689 13.00000000
v 15.00000000 3.47109890 14.00000000
v 15.00000000 3.46682119 15.00000000
v 15.00000000 3.39294171 16.00000000
v 15.00000000 3.53054285 17.00000000
v 15.00000000 3.45305920 18.00000000
v 15.00000000 3.47349691 19.00000000
v 15.00000000 3.44963980 20.00000000
v 15.00000000 3.42987442 21.00000000
v 15.00000000 3.44332194 22.00000000
v 15.00000000 3.47642136 23.00000000
v 15.00000000 3.46065617 24.00000000
v 15.00000000 3.43955207 25.00000000
v 15.00000000 3.39932323 26.00000000
v 15.00000000 3.42537379 27.00000000
v 15.00000000 3.44553542 28.00000000
v 15.00000000 3.47020602 29.00000000
v 15.00000000 3.41933942 30.00000000
v 15.00000000 3.46921587 31.00000000
v 15.00000000 3.41574812 32.00000000
v 15.00000000 3.50370359 33.00000000
v 15.00000000 3.49235392 34.00000000
v 15.00000000 3.46956730 35.00000000
v 15.00000000 3.41855240 36.00000000
v 15.00000000 3.47674775 37.00000000
v 15.00000000 3.46652746 38.00000000
v 14.62412643 4.00000000 39.00000000
v 15.00000000 4.00000000 38.82603073
v 15.00000000 5.00000000 11.23345852
v 15.00000000 4.59366655 39.00000000
v 15.00000000 5.00000000 39.07306290
v 15.00000000 6.00000000 11.22270298
v 14.97671509 6.00000000 39.00000000
v 15.00000000 6.00000000 38.99300003
v 15.00000000 5.90978193 39.00000000
v 15.00000000 7.00000000 11.27605343
v 14.63802433 7.00000000 39.00000000
v 15.00000000 7.00000000 38.90449524
v 15.00000000 8.00000000 11.23957062
v 14.94292927 8.00000000 39.00000000
v 15.00000000 8.00000000 38.98258591
v 15.00000000 9.00000000 11.27003288
v 14.65183449 9.00000000 39.00000000
v 15.00000000 9.00000000 38.91777039
v 15.00000000 10.00000000 11.28071308
v 14.92842197 10.00000000 39.00000000
v 15.00000000 10.00000000 38.98015594
v 15.00000000 11.00000000 11.27548218
v 14.88603592 11.00000000 39.00000000
v 15.00000000 11.00000000 38.97906113
v 15.00000000 12.00000000 11.20838737
v 14.94394779 12.00000000 39.00000000
v 15.00000000 12.00000000 38.98222351
v 15.00000000 13.00000000 11.21757793
v 14.96594906 13.00000000 39.00000000
v 15.00000000 13.00000000 38.99381638
v 15.00000000 14.00000000 11.27190590
v 14.67076969 14.00000000 39.00000000
v 15.00000000 14.00000000 38.88575363
v 15.00000000 14.43862820 4.00000000
v 15.00000000 15.00000000 3.71469188
v 15.00000000 15.00000000 4.23526049
v 15.00000000 15.00000000 11.19409275
v 14.77871895 15.00000000 39.00000000
v 15.00000000 15.00000000 38.94206619
v 15.00000000 16.00000000 3.41153216
v 15.00000000 15.81608582 5.00000000
v 14.09847832 16.00000000 5.00000000
v 15.00000000 15.64235020 6.00000000
v 15.00000000 15.41732121 7.00000000
v 15.00000000 15.32743740 8.00000000
v 15.00000000 15.34811783 9.00000000
v 15.00000000 15.32401752 10.00000000
v 15.00000000 15.21269417 11.00000000
v 14.75507736 16.00000000 39.00000000
v 15.00000000 16.00000000 38.92023468
v 15.00000000 17.00000000 3.28153157
v 14.77160931 17.00000000 39.00000000
v 15.00000000 17.00000000 38.95275116
v 15.00000000 18.00000000 3.30281639
v 14.83648205 18.00000000 39.00000000
v 15.00000000 18.00000000 38.96136093
v 15.00000000 19.00000000 3.33022881
v 14.87337685 19.00000000 39.00000000
v 15.00000000 19.00000000 38.96784210
v 15.00000000 20.00000000 3.33179474
v 14.84208488 20.00000000 39.00000000
v 15.00000000 20.00000000 38.95334244
v 15.00000000 21.00000000 3.35229897
v 14.83296204 21.00000000 39.00000000
v 15.00000000 21.00000000 38.96370697
v 15.00000000 22.00000000 3.29349804
v 14.64872551 22.00000000 39.00000000
v 15.00000000 22.00000000 38.90474319
v 15.00000000 23.00000000 3.36940098
v 15.00000000 22.82745552 39.00000000
v 15.00000000 23.00000000 39.02210999
v 15.00000000 24.00000000 3.36546636
v 14.91665173 24.00000000 39.00000000
v 15.00000000 24.00000000 38.97332001
v 15.00000000 23.41842079 39.00000000
v 15.00000000 25.00000000 3.37393451
v 14.72692776 25.00000000 39.00000000
v 15.00000000 25.00000000 38.94519424
v 15.00000000 26.00000000 3.31170988
v 14.77046967 26.00000000 39.00000000
v 15.00000000 26.00000000 38.93596268
v 15.00000000 27.00000000 3.34671378
v 14.82951736 27.00000000 39.00000000
v 15.00000000 27.00000000 38.95358276
v 15.00000000 28.00000000 3.33676910
v 14.73450756 28.00000000 39.00000000
v 15.00000000 28.00000000 38.91919708
v 15.00000000 29.00000000 3.33098030
v 14.83681774 29.00000000 39.00000000
v 15.00000000 29.00000000 38.96059418
v 15.00000000 30.00000000 3.36374903
v 14.70687389 30.00000000 39.00000000
v 15.00000000 30.00000000 38.90792465
v 15.00000000 31.00000000 3.33002520
v 14.73540401 31.00000000 39.00000000
v 15.00000000 31.00000000 38.92359161
v 15.00000000 32.00000000 3.45518827
v 15.00000000 32.00000000 4.82420349
v 15.00000000 31.86153030 5.00000000
v 15.00000000 31.99867821 6.00000000
v 15.00000000 32.00000000 6.00197124
v 14.77807236 32.00000000 39.00000000
v 15.00000000 32.00000000 38.93853760
v 15.00000000 33.00000000 3.41759086
v 15.00000000 33.00000000 4.49880075
v 15.00000000 32.70016479 7.00000000
v 15.00000000 32.90720749 8.00000000
v 14.17360210 33.00000000 8.00000000
v 15.00000000 32.98143387 9.00000000
v 15.00000000 32.92090225 10.00000000
v 15.00000000 32.94306564 11.00000000
v 14.17368698 33.00000000 11.00000000
v 15.00000000 33.00000000 11.06972218
v 14.66923428 33.00000000 39.00000000
v 15.00000000 33.00000000 38.91214371
v 14.10687065 34.00000000 4.00000000
v 15.00000000 34.00000000 3.72719502
v 15.00000000 34.00000000 4.10605907
v 15.00000000 34.00000000 11.22085381
v 14.65483856 34.00000000 39.00000000
v 15.00000000 34.00000000 38.90981293
v 15.00000000 34.54364395 4.00000000
v 15.00000000 35.00000000 11.28741360
v 14.68403721 35.00000000 39.00000000
v 15.00000000 35.00000000 38.89212036
v 15.00000000 36.00000000 11.26616669
v 14.79039192 36.00000000 39.00000000
v 15.00000000 36.00000000 38.91959000
v 15.00000000 37.00000000 11.26483154
v 14.72747993 37.00000000 39.00000000
v 15.00000000 37.00000000 38.92652512
v 15.00000000 38.00000000 11.22115612
v 14.81488132 38.00000000 39.00000000
v 15.00000000 38.00000000 38.93663025
v 15.00000000 39.00000000 11.24933529
v 14.88611412 39.00000000 39.00000000
v 15.00000000 39.00000000 38.96197891
v 15.00000000 40.00000000 11.22460175
v 15.00000000 39.28795242 39.00000000
v 15.00000000 40.00000000 39.08604813
v 15.00000000 41.00000000 11.27088737
v 14.99066067 41.00000000 39.00000000
v 15.00000000 41.00000000 38.99743652
v 15.00000000 40.97550201 39.00000000
v 15.00000000 42.00000000 11.35838509
v 14.79552269 42.00000000 39.00000000
v 15.00000000 42.00000000 38.89139557
v 15.00000000 42.64724731 12.00000000
v 15.00000000 42.69853210 13.00000000
v 15.00000000 42.67919922 14.00000000
v 15.00000000 42.64120483 15.00000000
v 15.00000000 42.66164398 16.00000000
v 15.00000000 42.65397644 17.00000000
v 15.00000000 42.67900467 18.00000000
v 15.00000000 42.68232727 19.00000000
v 15.00000000 42.69254303 20.00000000
v 15.00000000 42.60771561 21.00000000
v 15.00000000 42.75072479 22.00000000
v 15.00000000 42.63923264 23.00000000
v 15.00000000 42.70186615 24.00000000
v 15.00000000 42.67509460 25.00000000
v 15.00000000 42.64918518 26.00000000
v 15.00000000 42.62491608 27.00000000
v 15.00000000 42.68887329 28.00000000
v 15.00000000 42.64109802 29.00000000
v 15.00000000 42.65367889 30.00000000
v 15.00000000 42.63542938 31.00000000
v 15.00000000 42.67084885 32.00000000
v 15.00000000 42.69799042 33.00000000
v 15.00000000 42.67012405 34.00000000
v 15.00000000 42.66513062 35.00000000
v 15.00000000 42.70407486 36.00000000
v 15.00000000 42.69154739 37.00000000
v 15.00000000 42.59947205 38.00000000
v 16.00000000 3.55164075 12.00000000
v 16.00000000 4.00000000 11.37315083
v 16.00000000 3.50876617 13.00000000
v 16.00000000 3.56747437 14.00000000
v 16.00000000 3.54503179 15.00000000
v 16.00000000 3.53210044 16.00000000
v 16.00000000 3.55365539 17.00000000
v 16.00000000 3.48760700 18.00000000
v 16.00000000 3.54538751 19.00000000
v 16.00000000 3.61954951 20.00000000
v 16.00000000 3.55057144 21.00000000
v 16.00000000 3.54214764 22.00000000
v 16.00000000 3.55199504 23.00000000
v 16.00000000 3.56417036 24.00000000
v 16.00000000 3.53204489 25.00000000
v 16.00000000 3.55434108 26.00000000
v 16.00000000 3.60352445 27.00000000
v 16.00000000 3.56801367 28.00000000
v 16.00000000 3.55404830 29.00000000
v 16.00000000 3.56663418 30.00000000
v 16.00000000 3.59796572 31.00000000
v 16.00000000 3.63290024 32.00000000
v 16.00000000 3.52545691 33.00000000
v 16.00000000 3.52058434 34.00000000
v 16.00000000 3.56233835 35.00000000
v 16.00000000 3.54970169 36.00000000
v 16.00000000 3.51164198 37.00000000
v 16.00000000 3.51345086 38.00000000
v 16.00000000 4.00000000 38.78498459
v 16.00000000 5.00000000 11.22713661
v 15.40328789 5.00000000 39.00000000
v 16.00000000 5.00000000 38.87743378
v 16.00000000 6.00000000 11.20140839
v 16.00000000 6.00000000 38.83129120
v 16.00000000 7.00000000 11.24664688
v 16.00000000 7.00000000 38.80305099
v 16.00000000 8.00000000 11.25654221
v 16.00000000 8.00000000 38.90657806
v 16.00000000 9.00000000 11.24646091
v 16.00000000 9.00000000 38.85720444
v 16.00000000 10.00000000 11.23469639
v 16.00000000 10.00000000 38.88194656
v 16.00000000 11.00000000 11.21224976
v 16.00000000 11.00000000 38.83475494
v 16.00000000 12.00000000 11.22280979
v 16.00000000 12.00000000 38.89850616
v 16.00000000 13.00000000 11.25446701
v 16.00000000 13.00000000 38.87748718
v 16.00000000 14.00000000 11.35736847
v 16.00000000 14.00000000 38.80365372
v 16.00000000 14.45439148 4.00000000
v 16.00000000 15.00000000 3.67524862
v 16.00000000 15.00000000 4.26702690
v 16.00000000 15.00000000 11.17188072
v 16.00000000 15.00000000 38.86878967
v 16.00000000 16.00000000 3.36600757
v 16.00000000 15.83785343 5.00000000
v 16.00000000 15.67645359 6.00000000
v 16.00000000 15.28141785 7.00000000
v 16.00000000 15.37354851 8.00000000
v 16.00000000 15.33314419 9.00000000
v 16.00000000 15.36310673 10.00000000
v 16.00000000 15.21962643 11.00000000
v 16.00000000 16.00000000 38.86426163
v 16.00000000 17.00000000 3.37908578
v 16.00000000 17.00000000 38.88373566
v 16.00000000 18.00000000 3.38410425
v 16.00000000 18.00000000 38.87622833
v 16.00000000 19.00000000 3.40437818
v 16.00000000 19.00000000 38.87749481
v 16.00000000 20.00000000 3.34609914
v 16.00000000 20.00000000 38.87809372
v 16.00000000 21.00000000 3.34751797
v 16.00000000 21.00000000 38.87361908
v 16.00000000 22.00000000 3.28674936
v 16.00000000 22.00000000 38.81579590
v 16.00000000 23.00000000 3.36455441
v 15.12669182 23.00000000 39.00000000
v 16.00000000 23.00000000 38.85770035
v 16.00000000 24.00000000 3.37689996
v 16.00000000 24.00000000 38.87355804
v 16.00000000 25.00000000 3.32555962
v 16.00000000 25.00000000 38.83100128
v 16.00000000 26.00000000 3.41381764
v 16.00000000 26.00000000 38.89548111
v 16.00000000 27.00000000 3.35035133
v 16.00000000 27.00000000 38.85091400
v 16.00000000 28.00000000 3.37392735
v 16.00000000 28.00000000 38.88913727
v 16.00000000 29.00000000 3.34687996
v 16.00000000 29.00000000 38.85403442
v 16.00000000 30.00000000 3.36710358
v 16.00000000 30.00000000 38.82828140
v 16.00000000 31.00000000 3.26722074
v 16.00000000 31.00000000 38.83867645
v 16.00000000 32.00000000 3.36282992
v 16.00000000 32.00000000 4.84466028
v 16.00000000 31.84330368 5.00000000
v 16.00000000 31.98830414 6.00000000
v 16.00000000 32.00000000 6.01380825
v 16.00000000 32.00000000 38.87824631
v 16.00000000 33.00000000 3.50906968
v 16.00000000 33.00000000 4.34602642
v 16.00000000 32.72511292 7.00000000
v 16.00000000 32.82810593 8.00000000
v 16.00000000 32.85891724 9.00000000
v 16.00000000 32.89385605 10.00000000
v 15.65227318 33.00000000 11.00000000
v 16.00000000 33.00000000 10.80599594
v 16.00000000 33.00000000 38.86040878
v 16.00000000 33.76423645 4.00000000
v 15.65543938 34.00000000 4.00000000
v 16.00000000 33.09273529 11.00000000
v 16.00000000 34.00000000 11.31956482
v 16.00000000 34.00000000 38.86704636
v 16.00000000 35.00000000 11.28171635
v 16.00000000 35.00000000 38.86673737
v 16.00000000 36.00000000 11.23386765
v 16.00000000 36.00000000 38.91897583
v 16.00000000 37.00000000 11.21355820
v 16.00000000 37.00000000 38.92103958
v 16.00000000 38.00000000 11.28550816
v 16.00000000 38.00000000 38.88864517
v 16.00000000 39.00000000 11.30098820
v 16.00000000 39.00000000 38.89014816
v 16.00000000 40.00000000 11.31106949
v 15.64534664 40.00000000 39.00000000
v 16.00000000 40.00000000 38.94334412
v 16.00000000 41.00000000 11.11587620
v 15.07678318 41.00000000 39.00000000
v 16.00000000 40.64540482 39.00000000
v 16.00000000 41.00000000 39.02729416
v 16.00000000 42.00000000 11.33237648
v 16.00000000 42.00000000 38.80891800
v 16.00000000 41.27366638 39.00000000
v 16.00000000 42.60467911 12.00000000
v 16.00000000 42.54733658 13.00000000
v 16.00000000 42.62779617 14.00000000
v 16.00000000 42.57196426 15.00000000
v 16.00000000 42.60121918 16.00000000
v 16.00000000 42.55544281 17.00000000
v 16.00000000 42.59392166 18.00000000
v 16.00000000 42.56874084 19.00000000
v 16.00000000 42.55233765 20.00000000
v 16.00000000 42.52020264 21.00000000
v 16.00000000 42.63090897 22.00000000
v 16.00000000 42.53451538 23.00000000
v 16.00000000 42.56233215 24.00000000
v 16.00000000 42.59530640 25.00000000
v 16.00000000 42.61543655 26.00000000
v 16.00000000 42.57777786 27.00000000
v 16.00000000 42.56985855 28.00000000
v 16.00000000 42.58384323 29.00000000
v 16.00000000 42.58370209 30.00000000
v 16.00000000 42.58971405 31.00000000
v 16.00000000 42.55089951 32.00000000
v 16.00000000 42.52295685 33.00000000
v 16.00000000 42.63412857 34.00000000
v 16.00000000 42.54185867 35.00000000
v 16.00000000 42.63585663 36.00000000
v 16.00000000 42.71467590 37.00000000
v 16.00000000 42.52905655 38.00000000
v 17.00000000 3.69044161 12.00000000
v 17.00000000 4.00000000 11.23646450
v 17.00000000 3.58791041 13.00000000
v 17.00000000 3.57742906 14.00000000
v 17.00000000 3.63643503 15.00000000
v 17.00000000 3.59812188 16.00000000
v 17.00000000 3.64972353 17.00000000
v 17.00000000 3.66346025 18.00000000
v 17.00000000 3.60770559 19.00000000
v 17.00000000 3.59859395 20.00000000
v 17.00000000 3.63546562 21.00000000
v 17.00000000 3.62260246 22.00000000
v 17.00000000 3.62435174 23.00000000
v 17.00000000 3.59504843 24.00000000
v 17.00000000 3.68652463 25.00000000
v 17.00000000 3.63855219 26.00000000
v 17.00000000 3.69642711 27.00000000
v 17.00000000 3.57367349 28.00000000
v 17.00000000 3.62124395 29.00000000
v 17.00000000 3.62920141 30.00000000
v 17.00000000 3.64911509 31.00000000
v 17.00000000 3.57604074 32.00000000
v 17.00000000 3.58073807 33.00000000
v 17.00000000 3.62277079 34.00000000
v 17.00000000 3.69642997 35.00000000
v 17.00000000 3.56365299 36.00000000
v 17.00000000 3.59549022 37.00000000
v 17.00000000 3.82516718 38.00000000
v 17.00000000 4.00000000 38.30477524
v 17.00000000 5.00000000 11.23013306
v 17.00000000 5.00000000 38.73099136
v 17.00000000 6.00000000 11.18093109
v 17.00000000 6.00000000 38.66876221
v 17.00000000 7.00000000 11.31875801
v 17.00000000 7.00000000 38.74888611
v 17.00000000 8.00000000 11.25422764
v 17.00000000 8.00000000 38.70294952
v 17.00000000 9.00000000 11.22955036
v 17.00000000 9.00000000 38.64444733
v 17.00000000 10.00000000 11.28265762
v 17.00000000 10.00000000 38.62815857
v 17.00000000 11.00000000 11.27404118
v 17.00000000 11.00000000 38.72794724
v 17.00000000 12.00000000 11.24432755
v 17.00000000 12.00000000 38.67856598
v 17.00000000 13.00000000 11.27480030
v 17.00000000 13.00000000 38.71442795
v 17.00000000 14.00000000 11.30476189
v 17.00000000 14.00000000 38.66872025
v 17.00000000 14.71557713 4.00000000
v 17.00000000 15.00000000 3.84178758
v 17.00000000 15.00000000 4.10576773
v 17.00000000 15.00000000 11.19734478
v 17.00000000 15.00000000 38.71726227
v 17.00000000 16.00000000 3.37621927
v 16.86911964 16.00000000 5.00000000
v 17.00000000 16.00000000 4.97028160
v 17.00000000 16.00000000 5.05911255
v 17.00000000 15.62892342 6.00000000
v 17.00000000 15.37319088 7.00000000
v 17.00000000 15.22913265 8.00000000
v 17.00000000 15.35236740 9.00000000
v 17.00000000 15.35580635 10.00000000
v 17.00000000 15.21290398 11.00000000
v 17.00000000 16.00000000 38.65437317
v 17.00000000 17.00000000 3.36527395
v 17.00000000 16.05240822 5.00000000
v 17.00000000 17.00000000 38.66882324
v 17.00000000 18.00000000 3.33128238
v 17.00000000 18.00000000 38.63420105
v 17.00000000 19.00000000 3.37829304
v 17.00000000 19.00000000 38.72017670
v 17.00000000 20.00000000 3.39920497
v 17.00000000 20.00000000 38.67879486
v 17.00000000 21.00000000 3.39452791
v 17.00000000 21.00000000 38.66142654
v 17.00000000 22.00000000 3.36010671
v 17.00000000 22.00000000 38.62720108
v 17.00000000 23.00000000 3.36602926
v 17.00000000 23.00000000 38.69896698
v 17.00000000 24.00000000 3.41777611
v 17.00000000 24.00000000 38.68752670
v 17.00000000 25.00000000 3.39499402
v 17.00000000 25.00000000 38.68306732
v 17.00000000 26.00000000 3.29679894
v 17.00000000 26.00000000 38.66501236
v 17.00000000 27.00000000 3.36921835
v 17.00000000 27.00000000 38.69062805
v 17.00000000 28.00000000 3.33518529
v 17.00000000 28.00000000 38.67564774
v 17.00000000 29.00000000 3.32501602
v 17.00000000 29.00000000 38.67659378
v 17.00000000 30.00000000 3.32825541
v 17.00000000 30.00000000 38.62086105
v 17.00000000 31.00000000 3.44755411
v 17.00000000 31.00000000 38.75723648
v 17.00000000 32.00000000 3.40691781
v 17.00000000 32.00000000 4.82914543
v 17.00000000 31.81336975 5.00000000
v 17.00000000 31.98531151 6.00000000
v 17.00000000 32.00000000 6.01895761
v 17.00000000 32.00000000 38.68196106
v 17.00000000 33.00000000 3.71907878
v 17.00000000 33.00000000 4.33616590
v 17.00000000 32.88009644 7.00000000
v 16.60193825 33.00000000 8.00000000
v 17.00000000 33.00000000 7.37174606
v 17.00000000 33.00000000 8.87176418
v 17.00000000 32.98162842 9.00000000
v 17.00000000 32.86558914 10.00000000
v 17.00000000 32.84250641 11.00000000
v 16.13992310 33.00000000 11.00000000
v 17.00000000 33.00000000 11.18804169
v 17.00000000 33.00000000 38.67304993
v 17.00000000 33.73289108 4.00000000
v 17.00000000 33.11610031 8.00000000
v 17.00000000 34.00000000 11.23328686
v 17.00000000 34.00000000 38.69574738
v 17.00000000 35.00000000 11.24951839
v 17.00000000 35.00000000 38.70555496
v 17.00000000 36.00000000 11.23444843
v 17.00000000 36.00000000 38.66188049
v 17.00000000 37.00000000 11.30019951
v 17.00000000 37.00000000 38.68203354
v 17.00000000 38.00000000 11.28841591
v 17.00000000 38.00000000 38.61881638
v 17.00000000 39.00000000 11.26482773
v 17.00000000 39.00000000 38.70837784
v 17.00000000 40.00000000 11.18897057
v 17.00000000 40.00000000 38.68963623
v 16.93816948 41.00000000 11.00000000
v 17.00000000 40.96524429 11.00000000
v 17.00000000 41.00000000 10.99391270
v 16.09509277 41.00000000 39.00000000
v 17.00000000 41.00000000 38.63806152
v 17.00000000 41.03158951 11.00000000
v 17.00000000 42.00000000 11.34681797
v 17.00000000 42.00000000 38.47459412
v 17.00000000 42.45328140 12.00000000
v 17.00000000 42.50200272 13.00000000
v 17.00000000 42.46605682 14.00000000
v 17.00000000 42.46253204 15.00000000
v 17.00000000 42.47949600 16.00000000
v 17.00000000 42.45634079 17.00000000
v 17.00000000 42.46831131 18.00000000
v 17.00000000 42.48666382 19.00000000
v 17.00000000 42.50540161 20.00000000
v 17.00000000 42.49996185 21.00000000
v 17.00000000 42.53261948 22.00000000
v 17.00000000 42.46079254 23.00000000
v 17.00000000 42.53268433 24.00000000
v 17.00000000 42.45164108 25.00000000
v 17.00000000 42.48325348 26.00000000
v 17.00000000 42.49344635 27.00000000
v 17.00000000 42.51268768 28.00000000
v 17.00000000 42.47966003 29.00000000
v 17.00000000 42.47753143 30.00000000
v 17.00000000 42.54423904 31.00000000
v 17.00000000 42.42116165 32.00000000
v 17.00000000 42.50925827 33.00000000
v 17.00000000 42.49929047 34.00000000
v 17.00000000 42.47612762 35.00000000
v 17.00000000 42.50172424 36.00000000
v 17.00000000 42.47323608 37.00000000
v 17.00000000 42.43780899 38.00000000
v 18.00000000 3.69018340 12.00000000
v 18.00000000 4.00000000 11.51520157
v 18.00000000 3.69142675 13.00000000
v 18.00000000 3.63017368 14.00000000
v 18.00000000 3.79052734 15.00000000
v 18.00000000 3.68693686 16.00000000
v 18.00000000 3.72102928 17.00000000
v 18.00000000 3.74608564 18.00000000
v 18.00000000 3.71719170 19.00000000
v 18.00000000 3.62224531 20.00000000
v 18.00000000 3.70732808 21.00000000
v 18.00000000 3.68859124 22.00000000
v 18.00000000 3.76902318 23.00000000
v 18.00000000 3.66066623 24.00000000
v 18.00000000 3.69484019 25.00000000
v 18.00000000 3.68601060 26.00000000
v 18.00000000 3.71863747 27.00000000
v 18.00000000 3.61226702 28.00000000
v 18.00000000 3.66599679 29.00000000
v 18.00000000 3.70998788 30.00000000
v 18.00000000 3.77690840 31.00000000
v 18.00000000 3.75312734 32.00000000
v 18.00000000 3.69368196 33.00000000
v 18.00000000 3.68041730 34.00000000
v 18.00000000 3.74748087 35.00000000
v 18.00000000 3.60492563 36.00000000
v 18.00000000 3.69781780 37.00000000
v 18.00000000 3.65727687 38.00000000
v 18.00000000 4.00000000 38.41115952
v 18.00000000 5.00000000 11.26774502
v 18.00000000 5.00000000 38.44390488
v 18.00000000 6.00000000 11.24126244
v 18.00000000 6.00000000 38.56667709
v 18.00000000 7.00000000 11.26127815
v 18.00000000 7.00000000 38.40123367
v 18.00000000 8.00000000 11.25822353
v 18.00000000 8.00000000 38.48531342
v 18.00000000 9.00000000 11.25091743
v 18.00000000 9.00000000 38.42435837
v 18.00000000 10.00000000 11.24569225
v 18.00000000 10.00000000 38.51249313
v 18.00000000 11.00000000 11.25553036
v 18.00000000 11.00000000 38.47174072
v 18.00000000 12.00000000 11.23333740
v 18.00000000 12.00000000 38.49038696
v 18.00000000 13.00000000 11.26668167
v 18.00000000 13.00000000 38.48270035
v 18.00000000 14.00000000 11.30204868
v 18.00000000 14.00000000 38.49898911
v 18.00000000 14.64082909 4.00000000
v 18.00000000 15.00000000 3.75918198
v 18.00000000 15.00000000 4.12423468
v 18.00000000 15.00000000 11.22211456
v 18.00000000 15.00000000 38.46957397
v 18.00000000 16.00000000 3.44686818
v 18.00000000 16.00000000 4.81260824
v 17.80002975 16.00000000 6.00000000
v 18.00000000 16.00000000 6.10472250
v 18.00000000 15.35143089 7.00000000
v 18.00000000 15.30284405 8.00000000
v 18.00000000 15.42922783 9.00000000
v 18.00000000 15.38651180 10.00000000
v 18.00000000 15.27455997 11.00000000
v 18.00000000 16.00000000 38.49303055
v 18.00000000 17.00000000 3.43782663
v 18.00000000 16.16914940 5.00000000
v 18.00000000 16.07158470 6.00000000
v 18.00000000 17.00000000 38.43458557
v 18.00000000 18.00000000 3.33161211
v 18.00000000 18.00000000 38.47584534
v 18.00000000 19.00000000 3.35325313
v 18.00000000 19.00000000 38.43728256
v 18.00000000 20.00000000 3.31772566
v 18.00000000 20.00000000 38.55583191
v 18.00000000 21.00000000 3.32275748
v 18.00000000 21.00000000 38.45726776
v 18.00000000 22.00000000 3.34468842
v 18.00000000 22.00000000 38.50167465
v 18.00000000 23.00000000 3.37072897
v 18.00000000 23.00000000 38.48862076
v 18.00000000 24.00000000 3.37433219
v 18.00000000 24.00000000 38.50418854
v 18.00000000 25.00000000 3.36562729
v 18.00000000 25.00000000 38.44593430
v 18.00000000 26.00000000 3.31930494
v 18.00000000 26.00000000 38.47626495
v 18.00000000 27.00000000 3.26497102
v 18.00000000 27.00000000 38.42077255
v 18.00000000 28.00000000 3.41048646
v 18.00000000 28.00000000 38.49602127
v 18.00000000 29.00000000 3.30449438
v 18.00000000 29.00000000 38.42659760
v 18.00000000 30.00000000 3.23556018
v 18.00000000 30.00000000 38.51402283
v 18.00000000 31.00000000 3.36437392
v 18.00000000 31.00000000 38.48884964
v 18.00000000 32.00000000 3.44696569
v 18.00000000 32.00000000 4.60321426
v 18.00000000 31.51967049 5.00000000
v 18.00000000 31.52659225 6.00000000
v 18.00000000 32.00000000 6.40793467
v 18.00000000 32.00000000 38.49745178
v 18.00000000 33.00000000 3.71275377
v 18.00000000 33.00000000 4.25563955
v 18.00000000 32.70600891 7.00000000
v 18.00000000 33.00000000 7.88265848
v 18.00000000 33.00000000 8.18575859
v 18.00000000 32.89872742 9.00000000
v 18.00000000 32.92001724 10.00000000
v 17.76839447 33.00000000 11.00000000
v 18.00000000 33.00000000 10.61764908
v 18.00000000 33.00000000 38.47907639
v 17.63227272 34.00000000 4.00000000
v 18.00000000 34.00000000 3.89253902
v 18.00000000 34.00000000 4.03430080
v 18.00000000 33.02473831 8.00000000
v 18.00000000 33.18215179 11.00000000
v 18.00000000 34.00000000 11.25809097
v 18.00000000 34.00000000 38.49911880
v 18.00000000 34.10993195 4.00000000
v 18.00000000 35.00000000 11.30035496
v 18.00000000 35.00000000 38.42813110
v 18.00000000 36.00000000 11.24180222
v 18.00000000 36.00000000 38.51419449
v 18.00000000 37.00000000 11.31197357
v 18.00000000 37.00000000 38.43223572
v 18.00000000 38.00000000 11.21715641
v 18.00000000 38.00000000 38.50361252
v 18.00000000 39.00000000 11.25615311
v 18.00000000 39.00000000 38.48145294
v 18.00000000 40.00000000 11.21821690
v 18.00000000 40.00000000 38.54418945
v 17.03500938 41.00000000 11.00000000
v 18.00000000 41.00000000 11.22084808
v 18.00000000 41.00000000 38.55279922
v 18.00000000 42.00000000 11.44631100
v 18.00000000 42.00000000 38.20398712
v 18.00000000 42.38616180 12.00000000
v 18.00000000 42.42925644 13.00000000
v 18.00000000 42.34461212 14.00000000
v 18.00000000 42.34132385 15.00000000
v 18.00000000 42.35353470 16.00000000
v 18.00000000 42.37541580 17.00000000
v 18.00000000 42.31967545 18.00000000
v 18.00000000 42.35353470 19.00000000
v 18.00000000 42.40076065 20.00000000
v 18.00000000 42.37974930 21.00000000
v 18.00000000 42.39234161 22.00000000
v 18.00000000 42.33251953 23.00000000
v 18.00000000 42.37540436 24.00000000
v 18.00000000 42.41112900 25.00000000
v 18.00000000 42.34003830 26.00000000
v 18.00000000 42.39474487 27.00000000
v 18.00000000 42.35391235 28.00000000
v 18.00000000 42.37666702 29.00000000
v 18.00000000 42.36717606 30.00000000
v 18.00000000 42.36455536 31.00000000
v 18.00000000 42.34827805 32.00000000
v 18.00000000 42.38935089 33.00000000
v 18.00000000 42.33892441 34.00000000
v 18.00000000 42.36637115 35.00000000
v 18.00000000 42.39797211 36.00000000
v 18.00000000 42.45334625 37.00000000
v 18.00000000 42.23089600 38.00000000
v 19.00000000 3.79254866 12.00000000
v 19.00000000 4.00000000 11.53556919
v 19.00000000 3.72980285 13.00000000
v 19.00000000 3.78271246 14.00000000
v 19.00000000 3.76447940 15.00000000
v 19.00000000 3.70909572 16.00000000
v 19.00000000 3.73485518 17.00000000
v 19.00000000 3.72618532 18.00000000
v 19.00000000 3.74726033 19.00000000
v 19.00000000 3.77032614 20.00000000
v 19.00000000 3.76251078 21.00000000
v 19.00000000 3.76600862 22.00000000
v 19.00000000 3.78358459 23.00000000
v 19.00000000 3.80055451 24.00000000
v 19.00000000 3.76046324 25.00000000
v 19.00000000 3.80823374 26.00000000
v 19.00000000 3.72827768 27.00000000
v 19.00000000 3.75981140 28.00000000
v 19.00000000 3.81194997 29.00000000
v 19.00000000 3.74776459 30.00000000
v 19.00000000 3.70693707 31.00000000
v 19.00000000 3.71348476 32.00000000
v 19.00000000 3.76901913 33.00000000
v 19.00000000 3.77800608 34.00000000
v 19.00000000 3.78598166 35.00000000
v 19.00000000 3.67636347 36.00000000
v 19.00000000 3.74022126 37.00000000
v 19.00000000 3.85653901 38.00000000
v 19.00000000 4.00000000 38.14170074
v 19.00000000 5.00000000 11.23253345
v 19.00000000 5.00000000 38.27745819
v 19.00000000 6.00000000 11.28084469
v 19.00000000 6.00000000 38.30659866
v 19.00000000 7.00000000 11.22620964
v 19.00000000 7.00000000 38.33805847
v 19.00000000 8.00000000 11.24134827
v 19.00000000 8.00000000 38.36863708
v 19.00000000 9.00000000 11.22962379
v 19.00000000 9.00000000 38.29233551
v 19.00000000 10.00000000 11.27278233
v 19.00000000 10.00000000 38.24999619
v 19.00000000 11.00000000 11.24834633
v 19.00000000 11.00000000 38.30954742
v 19.00000000 12.00000000 11.24290085
v 19.00000000 12.00000000 38.21335602
v 19.00000000 13.00000000 11.19329071
v 19.00000000 13.00000000 38.21559143
v 19.00000000 14.00000000 11.24423218
v 19.00000000 14.00000000 38.30414200
v 18.40081406 15.00000000 4.00000000
v 19.00000000 15.00000000 11.19433117
v 19.00000000 15.00000000 38.29229736
v 19.00000000 15.66830063 4.00000000
v 19.00000000 16.00000000 3.73867416
v 19.00000000 16.00000000 4.20966482
v 19.00000000 15.50514793 7.00000000
v 19.00000000 16.00000000 6.28043604
v 19.00000000 15.25236511 8.00000000
v 19.00000000 15.35946655 9.00000000
v 19.00000000 15.35779762 10.00000000
v 19.00000000 15.21353531 11.00000000
v 19.00000000 16.00000000 38.30582047
v 19.00000000 17.00000000 3.45571423
v 19.00000000 16.62310600 5.00000000
v 19.00000000 16.30786705 6.00000000
v 19.00000000 17.00000000 38.27463913
v 19.00000000 18.00000000 3.37824368
v 19.00000000 18.00000000 38.26865387
v 19.00000000 19.00000000 3.37543082
v 19.00000000 19.00000000 38.28334045
v 19.00000000 20.00000000 3.33774304
v 19.00000000 20.00000000 38.31301880
v 19.00000000 21.00000000 3.29972744
v 19.00000000 21.00000000 38.26855850
v 19.00000000 22.00000000 3.43096209
v 19.00000000 22.00000000 38.32476425
v 19.00000000 23.00000000 3.31014657
v 19.00000000 23.00000000 38.25839996
v 19.00000000 24.00000000 3.37046456
v 19.00000000 24.00000000 38.23791504
v 19.00000000 25.00000000 3.31046939
v 19.00000000 25.00000000 38.25859451
v 19.00000000 26.00000000 3.38864374
v 19.00000000 26.00000000 38.29948425
v 19.00000000 27.00000000 3.33266616
v 19.00000000 27.00000000 38.28670502
v 19.00000000 28.00000000 3.37706900
v 19.00000000 28.00000000 38.30503464
v 19.00000000 29.00000000 3.34330177
v 19.00000000 29.00000000 38.33358765
v 19.00000000 30.00000000 3.41775775
v 19.00000000 30.00000000 38.25748444
v 19.00000000 31.00000000 3.31853557
v 19.00000000 31.00000000 38.24969864
v 19.00000000 32.00000000 3.47093582
v 19.00000000 32.00000000 4.46447325
v 19.00000000 31.13994980 5.00000000
v 19.00000000 31.38245773 6.00000000
v 19.00000000 32.00000000 6.32952261
v 19.00000000 32.00000000 38.24838638
v 19.00000000 33.00000000 3.82205272
v 19.00000000 33.00000000 4.11842155
v 19.00000000 32.68908691 7.00000000
v 19.00000000 32.95785904 8.00000000
v 18.36204910 33.00000000 8.00000000
v 19.00000000 32.83513641 9.00000000
v 19.00000000 32.89066696 10.00000000
v 19.00000000 32.95406342 11.00000000
v 18.52515030 33.00000000 11.00000000
v 19.00000000 33.00000000 11.05431271
v 19.00000000 33.00000000 38.28890228
v 19.00000000 33.32380676 4.00000000
v 18.19317818 34.00000000 4.00000000
v 19.00000000 34.00000000 11.27404785
v 19.00000000 34.00000000 38.28146744
v 19.00000000 35.00000000 11.28780174
v 19.00000000 35.00000000 38.22790909
v 19.00000000 36.00000000 11.27043247
v 19.00000000 36.00000000 38.23218155
v 19.00000000 37.00000000 11.29421997
v 19.00000000 37.00000000 38.32772827
v 19.00000000 38.00000000 11.20202637
v 19.00000000 38.00000000 38.27331924
v 19.00000000 39.00000000 11.24380016
v 19.00000000 39.00000000 38.30275726
v 19.00000000 40.00000000 11.15404510
v 19.00000000 40.00000000 38.32555008
v 19.00000000 41.00000000 11.21672916
v 19.00000000 41.00000000 38.26632309
v 19.00000000 42.00000000 11.55982590
v 19.00000000 42.00000000 38.12602997
v 19.00000000 42.27824020 12.00000000
v 19.00000000 42.28674698 13.00000000
v 19.00000000 42.22862625 14.00000000
v 19.00000000 42.29160690 15.00000000
v 19.00000000 42.32095718 16.00000000
v 19.00000000 42.26705933 17.00000000
v 19.00000000 42.32591248 18.00000000
v 19.00000000 42.25488663 19.00000000
v 19.00000000 42.28604889 20.00000000
v 19.00000000 42.26607132 21.00000000
v 19.00000000 42.28496933 22.00000000
v 19.00000000 42.28497314 23.00000000
v 19.00000000 42.28556442 24.00000000
v 19.00000000 42.29101944 25.00000000
v 19.00000000 42.27253342 26.00000000
v 19.00000000 42.30949402 27.00000000
v 19.00000000 42.33016968 28.00000000
v 19.00000000 42.22507477 29.00000000
v 19.00000000 42.29133224 30.00000000
v 19.00000000 42.29504395 31.00000000
v 19.00000000 42.31077576 32.00000000
v 19.00000000 42.29128265 33.00000000
v 19.00000000 42.23283768 34.00000000
v 19.00000000 42.26428223 35.00000000
v 19.00000000 42.31408310 36.00000000
v 19.00000000 42.22313309 37.00000000
v 19.00000000 42.14086151 38.00000000
v 20.00000000 3.84628177 12.00000000
v 20.00000000 4.00000000 11.65482426
v 20.00000000 3.81297994 13.00000000
v 20.00000000 3.91219950 14.00000000
v 20.00000000 3.84294534 15.00000000
v 20.00000000 3.87526631 16.00000000
v 20.00000000 3.87908316 17.00000000
v 20.00000000 3.90193295 18.00000000
v 20.00000000 3.87065291 19.00000000
v 20.00000000 3.89003444 20.00000000
v 20.00000000 3.80594587 21.00000000
v 20.00000000 3.89499283 22.00000000
v 20.00000000 3.79792237 23.00000000
v 20.00000000 3.84011006 24.00000000
v 20.00000000 3.84423351 25.00000000
v 20.00000000 3.86351132 26.00000000
v 20.00000000 3.79536176 27.00000000
v 20.00000000 3.85437107 28.00000000
v 20.00000000 3.88764930 29.00000000
v 20.00000000 3.84695292 30.00000000
v 20.00000000 3.80681729 31.00000000
v 20.00000000 3.89415979 32.00000000
v 20.00000000 3.81630135 33.00000000
v 20.00000000 3.87865877 34.00000000
v 20.00000000 3.79236913 35.00000000
v 20.00000000 3.82272482 36.00000000
v 20.00000000 3.82707405 37.00000000
v 19.79410934 4.00000000 38.00000000
v 20.00000000 4.00000000 37.85053253
v 20.00000000 5.00000000 11.20185375
v 20.00000000 4.25518227 38.00000000
v 20.00000000 5.00000000 38.10523224
v 20.00000000 6.00000000 11.20740986
v 20.00000000 6.00000000 38.04513550
v 20.00000000 7.00000000 11.21442890
v 20.00000000 7.00000000 38.08325577
v 20.00000000 8.00000000 11.25894547
v 19.97927094 8.00000000 38.00000000
v 20.00000000 8.00000000 37.99275589
v 20.00000000 7.91728592 38.00000000
v 20.00000000 9.00000000 11.26139545
v 19.72485542 9.00000000 38.00000000
v 20.00000000 9.00000000 37.89683914
v 20.00000000 10.00000000 11.29266453
v 20.00000000 9.58865929 38.00000000
v 20.00000000 10.00000000 38.08261108
v 20.00000000 11.00000000 11.24445057
v 20.00000000 11.00000000 38.10038376
v 20.00000000 12.00000000 11.23752785
v 19.77366257 12.00000000 38.00000000
v 20.00000000 12.00000000 37.94623566
v 20.00000000 11.63580799 38.00000000
v 20.00000000 13.00000000 11.26364613
v 20.00000000 12.48744869 38.00000000
v 20.00000000 13.00000000 38.06285477
v 20.00000000 14.00000000 11.36283302
v 19.83881950 14.00000000 38.00000000
v 20.00000000 14.00000000 37.94756317
v 20.00000000 13.50885201 38.00000000
v 20.00000000 15.00000000 11.17025948
v 20.00000000 14.50765133 38.00000000
v 20.00000000 15.00000000 38.05907059
v 20.00000000 15.76405144 4.00000000
v 20.00000000 16.00000000 3.80840921
v 20.00000000 16.00000000 4.07212114
v 20.00000000 15.45573902 7.00000000
v 20.00000000 16.00000000 6.45488977
v 20.00000000 15.24947166 8.00000000
v 20.00000000 15.29006767 9.00000000
v 20.00000000 15.39156437 10.00000000
v 20.00000000 15.17607021 11.00000000
v 20.00000000 16.00000000 38.09914780
v 20.00000000 17.00000000 3.58596635
v 20.00000000 16.83633995 5.00000000
v 20.00000000 16.67446327 6.00000000
v 20.00000000 17.00000000 38.04452515
v 20.00000000 18.00000000 3.39200997
v 20.00000000 18.00000000 38.03467178
v 20.00000000 19.00000000 3.34175181
v 19.90297127 19.00000000 38.00000000
v 20.00000000 19.00000000 37.97158813
v 20.00000000 18.46960640 38.00000000
v 20.00000000 20.00000000 3.33649564
v 20.00000000 19.31351280 38.00000000
v 20.00000000 20.00000000 38.07406998
v 20.00000000 21.00000000 3.34553266
v 20.00000000 21.00000000 38.07275009
v 20.00000000 22.00000000 3.35457873
v 19.83289719 22.00000000 38.00000000
v 20.00000000 22.00000000 37.94192505
v 20.00000000 21.51453018 38.00000000
v 20.00000000 23.00000000 3.39913321
v 19.94964600 23.00000000 38.00000000
v 20.00000000 23.00000000 37.98800659
v 20.00000000 24.00000000 3.28773379
v 19.91988945 24.00000000 38.00000000
v 20.00000000 24.00000000 37.98551178
v 20.00000000 25.00000000 3.28168917
v 19.75389290 25.00000000 38.00000000
v 20.00000000 25.00000000 37.92494202
v 20.00000000 26.00000000 3.40509343
v 19.86232376 26.00000000 38.00000000
v 20.00000000 26.00000000 37.95263672
v 20.00000000 27.00000000 3.37164474
v 19.99768639 27.00000000 38.00000000
v 20.00000000 27.00000000 37.99938202
v 20.00000000 28.00000000 3.35434914
v 20.00000000 27.02589607 38.00000000
v 20.00000000 28.00000000 38.02618790
v 20.00000000 29.00000000 3.31173658
v 20.00000000 29.00000000 38.05669785
v 20.00000000 30.00000000 3.37346983
v 19.96052933 30.00000000 38.00000000
v 20.00000000 30.00000000 37.99044037
v 20.00000000 29.83512306 38.00000000
v 20.00000000 31.00000000 3.42947459
v 19.36746216 31.00000000 5.00000000
v 20.00000000 31.00000000 4.79583311
v 20.00000000 30.78015327 5.00000000
v 20.00000000 30.87172508 6.00000000
v 19.66098595 31.00000000 6.00000000
v 20.00000000 31.00000000 6.09459114
v 20.00000000 30.17783165 38.00000000
v 20.00000000 31.00000000 38.05311966
v 20.00000000 32.00000000 3.56927991
v 20.00000000 32.00000000 4.34726906
v 20.00000000 32.00000000 6.43121386
v 20.00000000 32.00000000 38.10707474
v 20.00000000 33.00000000 3.68241119
v 20.00000000 33.00000000 4.19317865
v 20.00000000 32.78139496 7.00000000
v 20.00000000 32.98456573 8.00000000
v 20.00000000 32.93034744 9.00000000
v 20.00000000 32.90977478 10.00000000
v 20.00000000 32.98558807 11.00000000
v 20.00000000 33.00000000 11.01749039
v 20.00000000 33.00000000 38.05720139
v 20.00000000 33.41855621 4.00000000
v 20.00000000 34.00000000 11.29321003
v 20.00000000 34.00000000 38.05045700
v 20.00000000 35.00000000 11.26238251
v 19.77713203 35.00000000 38.00000000
v 20.00000000 35.00000000 37.94817352
v 20.00000000 34.41433334 38.00000000
v 20.00000000 36.00000000 11.27342224
v 20.00000000 35.63396454 38.00000000
v 20.00000000 36.00000000 38.03903198
v 20.00000000 37.00000000 11.23535252
v 20.00000000 37.00000000 38.05528259
v 20.00000000 38.00000000 11.29458237
v 20.00000000 38.00000000 38.01257324
v 20.00000000 39.00000000 11.28779221
v 20.00000000 39.00000000 38.04841995
v 20.00000000 40.00000000 11.25764370
v 19.92140198 40.00000000 38.00000000
v 20.00000000 40.00000000 37.97632217
v 20.00000000 39.63774872 38.00000000
v 20.00000000 41.00000000 11.30794907
v 20.00000000 40.51959229 38.00000000
v 20.00000000 41.00000000 38.02645493
v 20.00000000 42.00000000 11.68548203
v 19.28079987 42.00000000 38.00000000
v 20.00000000 42.00000000 37.35790634
v 20.00000000 41.08271027 38.00000000
v 20.00000000 42.16923141 12.00000000
v 20.00000000 42.30771637 13.00000000
v 20.00000000 42.24340820 14.00000000
v 20.00000000 42.19950104 15.00000000
v 20.00000000 42.06610107 16.00000000
v 20.00000000 42.13579559 17.00000000
v 20.00000000 42.17024612 18.00000000
v 20.00000000 42.23889542 19.00000000
v 20.00000000 42.13842392 20.00000000
v 20.00000000 42.19814682 21.00000000
v 20.00000000 42.13265991 22.00000000
v 20.00000000 42.21885300 23.00000000
v 20.00000000 42.16314316 24.00000000
v 20.00000000 42.18800735 25.00000000
v 20.00000000 42.12984085 26.00000000
v 20.00000000 42.15342331 27.00000000
v 20.00000000 42.19460678 28.00000000
v 20.00000000 42.22719574 29.00000000
v 20.00000000 42.17776871 30.00000000
v 20.00000000 42.18420792 31.00000000
v 20.00000000 42.16643143 32.00000000
v 20.00000000 42.14859390 33.00000000
v 20.00000000 42.15779114 34.00000000
v 20.00000000 42.21168518 35.00000000
v 20.00000000 42.16508484 36.00000000
v 20.00000000 42.16259003 37.00000000
v 21.00000000 3.96404123 12.00000000
v 21.00000000 4.00000000 11.89286613
v 21.00000000 3.98006415 13.00000000
v 20.57909584 4.00000000 14.00000000
v 21.00000000 4.00000000 13.23405457
v 20.78546333 4.00000000 15.00000000
v 20.84199333 4.00000000 16.00000000
v 20.61311913 4.00000000 17.00000000
v 21.00000000 4.00000000 17.42382050
v 21.00000000 3.90253139 18.00000000
v 20.58695984 4.00000000 19.00000000
v 21.00000000 4.00000000 18.51314163
v 21.00000000 4.00000000 19.85233116
v 21.00000000 3.98334956 20.00000000
v 21.00000000 3.92905307 21.00000000
v 21.00000000 3.87575626 22.00000000
v 21.00000000 3.96445870 23.00000000
v 20.88044548 4.00000000 24.00000000
v 21.00000000 4.00000000 23.60210800
v 20.82449532 4.00000000 25.00000000
v 20.61581039 4.00000000 26.00000000
v 21.00000000 4.00000000 26.95977211
v 21.00000000 3.99624205 27.00000000
v 20.72210121 4.00000000 28.00000000
v 21.00000000 4.00000000 27.04973602
v 21.00000000 4.00000000 28.48332977
v 21.00000000 3.93198490 29.00000000
v 21.00000000 3.92182207 30.00000000
v 20.88823128 4.00000000 31.00000000
v 21.00000000 4.00000000 30.76894569
v 20.56623268 4.00000000 32.00000000
v 21.00000000 4.00000000 32.65004349
v 21.00000000 3.95737052 33.00000000
v 20.98287773 4.00000000 34.00000000
v 21.00000000 4.00000000 33.95779419
v 20.74859428 4.00000000 35.00000000
v 21.00000000 4.00000000 35.68882751
v 21.00000000 3.96785665 36.00000000
v 21.00000000 3.90297008 37.00000000
v 21.00000000 4.00000000 37.30134201
v 21.00000000 5.00000000 11.27902031
v 21.00000000 4.04837132 14.00000000
v 21.00000000 4.04118395 15.00000000
v 21.00000000 4.02026939 16.00000000
v 21.00000000 4.06668854 17.00000000
v 21.00000000 4.08294821 19.00000000
v 21.00000000 4.02076626 24.00000000
v 21.00000000 4.02930689 25.00000000
v 21.00000000 4.06960917 26.00000000
v 21.00000000 4.06221151 28.00000000
v 21.00000000 4.02320528 31.00000000
v 21.00000000 4.07768154 32.00000000
v 21.00000000 4.00190163 34.00000000
v 21.00000000 4.06082582 35.00000000
v 20.74255562 5.00000000 38.00000000
v 21.00000000 5.00000000 37.95775604
v 21.00000000 6.00000000 11.21506882
v 20.21067429 6.00000000 38.00000000
v 21.00000000 6.00000000 37.85075378
v 21.00000000 7.00000000 11.32192039
v 20.33982849 7.00000000 38.00000000
v 21.00000000 7.00000000 37.86419678
v 21.00000000 8.00000000 11.22675705
v 21.00000000 8.00000000 37.85456085
v 21.00000000 9.00000000 11.22835445
v 21.00000000 9.00000000 37.86579132
v 21.00000000 10.00000000 11.18646336
v 20.32565308 10.00000000 38.00000000
v 21.00000000 10.00000000 37.83636093
v 21.00000000 11.00000000 11.23140144
v 20.48560524 11.00000000 38.00000000
v 21.00000000 11.00000000 37.88499832
v 21.00000000 12.00000000 11.29655170
v 21.00000000 12.00000000 37.96693039
v 21.00000000 13.00000000 11.25927639
v 20.52461243 13.00000000 38.00000000
v 21.00000000 13.00000000 37.94091415
v 21.00000000 14.00000000 11.26776600
v 21.00000000 14.00000000 37.81520844
v 21.00000000 15.00000000 11.12571239
v 20.36582947 15.00000000 38.00000000
v 21.00000000 15.00000000 37.90254211
v 20.27222824 16.00000000 4.00000000
v 21.00000000 15.44507790 7.00000000
v 21.00000000 16.00000000 6.34295893
v 21.00000000 15.31628323 8.00000000
v 21.00000000 15.37475395 9.00000000
v 21.00000000 15.35703278 10.00000000
v 21.00000000 15.17067528 11.00000000
v 20.50430679 16.00000000 38.00000000
v 21.00000000 16.00000000 37.90047073
v 21.00000000 16.45179176 4.00000000
v 21.00000000 17.00000000 3.66993928
v 20.21083641 17.00000000 5.00000000
v 21.00000000 17.00000000 4.25608397
v 20.51516342 17.00000000 6.00000000
v 21.00000000 17.00000000 6.26135492
v 20.26919746 17.00000000 38.00000000
v 21.00000000 17.00000000 37.89417267
v 21.00000000 18.00000000 3.42538142
v 20.95059586 18.00000000 5.00000000
v 21.00000000 18.00000000 4.94600821
v 21.00000000 18.00000000 5.07708597
v 21.00000000 17.40097237 6.00000000
v 20.24180412 18.00000000 38.00000000
v 21.00000000 18.00000000 37.90482330
v 21.00000000 19.00000000 3.53652120
v 21.00000000 18.09901047 5.00000000
v 21.00000000 19.00000000 37.86628723
v 21.00000000 20.00000000 3.21161485
v 20.34013557 20.00000000 38.00000000
v 21.00000000 20.00000000 37.86874390
v 21.00000000 21.00000000 3.32966256
v 20.38432312 21.00000000 38.00000000
v 21.00000000 21.00000000 37.88816071
v 21.00000000 22.00000000 3.23286939
v 21.00000000 22.00000000 37.92565918
v 21.00000000 23.00000000 3.38056970
v 21.00000000 23.00000000 37.92110443
v 21.00000000 24.00000000 3.41133690
v 21.00000000 24.00000000 37.87707138
v 21.00000000 25.00000000 3.28798056
v 21.00000000 25.00000000 37.88805008
v 21.00000000 26.00000000 3.36689425
v 21.00000000 26.00000000 37.89936829
v 21.00000000 27.00000000 3.41862392
v 21.00000000 27.00000000 37.86248779
v 21.00000000 28.00000000 3.34135246
v 20.21565247 28.00000000 38.00000000
v 21.00000000 28.00000000 37.90727997
v 21.00000000 29.00000000 3.26834917
v 20.33434677 29.00000000 38.00000000
v 21.00000000 29.00000000 37.89317703
v 21.00000000 30.00000000 3.29753208
v 20.79999161 30.00000000 5.00000000
v 21.00000000 30.00000000 4.82320213
v 21.00000000 29.76176453 5.00000000
v 21.00000000 29.74405289 6.00000000
v 20.76401520 30.00000000 6.00000000
v 21.00000000 30.00000000 6.15666676
v 21.00000000 30.00000000 37.90344620
v 21.00000000 31.00000000 3.61424446
v 21.00000000 31.00000000 4.32126284
v 21.00000000 31.00000000 6.23497057
v 20.35259819 31.00000000 38.00000000
v 21.00000000 31.00000000 37.90975571
v 21.00000000 32.00000000 3.76715779
v 21.00000000 32.00000000 4.09920120
v 21.00000000 32.00000000 6.41119242
v 20.47555161 32.00000000 38.00000000
v 21.00000000 32.00000000 37.88169861
v 21.00000000 32.32957458 4.00000000
v 20.40423012 33.00000000 4.00000000
v 21.00000000 32.89097977 7.00000000
v 20.35668564 33.00000000 8.00000000
v 21.00000000 33.00000000 7.60559368
v 21.00000000 33.00000000 8.21077728
v 21.00000000 32.90549088 9.00000000
v 21.00000000 32.85026169 10.00000000
v 21.00000000 32.89877319 11.00000000
v 21.00000000 33.00000000 11.12104702
v 20.32394981 33.00000000 38.00000000
v 21.00000000 33.00000000 37.88884354
v 21.00000000 33.02959061 8.00000000
v 21.00000000 34.00000000 11.24846363
v 20.25632095 34.00000000 38.00000000
v 21.00000000 34.00000000 37.87089920
v 21.00000000 35.00000000 11.29856682
v 21.00000000 35.00000000 37.90228653
v 21.00000000 36.00000000 11.22895908
v 20.25555801 36.00000000 38.00000000
v 21.00000000 36.00000000 37.88632965
v 21.00000000 37.00000000 11.17764950
v 20.30899811 37.00000000 38.00000000
v 21.00000000 37.00000000 37.88915253
v 21.00000000 38.00000000 11.27521610
v 20.12877655 38.00000000 38.00000000
v 21.00000000 38.00000000 37.92258835
v 21.00000000 39.00000000 11.16310120
v 20.23145294 39.00000000 38.00000000
v 21.00000000 39.00000000 37.84394073
v 21.00000000 40.00000000 11.22003937
v 21.00000000 40.00000000 37.89036179
v 21.00000000 41.00000000 11.19306374
v 20.29020119 41.00000000 38.00000000
v 21.00000000 41.00000000 37.91247559
v 21.00000000 42.00000000 11.67617512
v 20.95886421 42.00000000 13.00000000
v 21.00000000 42.00000000 12.92248821
v 21.00000000 41.98836899 13.00000000
v 21.00000000 42.00000000 13.22891140
v 20.70277405 42.00000000 15.00000000
v 21.00000000 42.00000000 14.35857677
v 21.00000000 41.93463898 15.00000000
v 21.00000000 42.00000000 15.45284367
v 20.99037933 42.00000000 22.00000000
v 21.00000000 42.00000000 21.98794937
v 21.00000000 41.99890518 22.00000000
v 21.00000000 42.00000000 22.01122093
v 20.76796341 42.00000000 26.00000000
v 21.00000000 42.00000000 25.70182419
v 21.00000000 41.96459198 26.00000000
v 21.00000000 42.00000000 26.17283058
v 20.85538864 42.00000000 32.00000000
v 21.00000000 42.00000000 31.86541557
v 21.00000000 41.97648239 32.00000000
v 21.00000000 42.00000000 32.18029022
v 21.00000000 42.00000000 37.34245682
v 21.00000000 42.14736176 12.00000000
v 21.00000000 42.04952621 14.00000000
v 21.00000000 42.09759140 16.00000000
v 21.00000000 42.01769257 17.00000000
v 21.00000000 42.07402802 18.00000000
v 21.00000000 42.08544159 19.00000000
v 21.00000000 42.03668594 20.00000000
v 21.00000000 42.09947205 21.00000000
v 21.00000000 42.09823227 23.00000000
v 21.00000000 42.13372040 24.00000000
v 21.00000000 42.08893967 25.00000000
v 21.00000000 42.16062927 27.00000000
v 21.00000000 42.04024887 28.00000000
v 21.00000000 42.06374359 29.00000000
v 21.00000000 42.03155899 30.00000000
v 21.00000000 42.15402985 31.00000000
v 21.00000000 42.11564636 33.00000000
v 21.00000000 42.12359619 34.00000000
v 21.00000000 42.05912399 35.00000000
v 21.00000000 42.08112335 36.00000000
v 21.00000000 42.14996338 37.00000000
v 21.31488800 4.00000000 12.00000000
v 21.41847229 4.00000000 13.00000000
v 21.74441910 4.00000000 18.00000000
v 22.00000000 3.99234891 19.00000000
v 22.00000000 4.00000000 18.81468391
v 21.92394638 4.00000000 19.00000000
v 21.26335907 4.00000000 20.00000000
v 22.00000000 4.00000000 19.14519310
v 21.57743645 4.00000000 21.00000000
v 21.73220253 4.00000000 22.00000000
v 22.00000000 4.00000000 22.69948578
v 22.00000000 3.98114896 23.00000000
v 22.00000000 4.00000000 23.47463226
v 22.00000000 3.95940948 27.00000000
v 22.00000000 4.00000000 26.76730728
v 22.00000000 4.00000000 27.65938759
v 21.88275909 4.00000000 29.00000000
v 21.42099571 4.00000000 30.00000000
v 22.00000000 3.98524094 31.00000000
v 22.00000000 4.00000000 30.87735558
v 21.60982132 4.00000000 31.00000000
v 21.89182854 4.00000000 32.00000000
v 22.00000000 3.98943210 32.00000000
v 21.97775459 4.00000000 33.00000000
v 22.00000000 4.00000000 32.90827560
v 22.00000000 3.96286964 36.00000000
v 22.00000000 4.00000000 35.18742371
v 21.68264008 4.00000000 37.00000000
v 22.00000000 4.00000000 36.49532318
v 22.00000000 4.09965324 12.00000000
v 22.00000000 5.00000000 11.23336124
v 22.00000000 4.02567482 13.00000000
v 22.00000000 4.02065086 14.00000000
v 22.00000000 4.00929976 15.00000000
v 22.00000000 4.05246782 16.00000000
v 22.00000000 4.08573341 17.00000000
v 22.00000000 4.02987051 18.00000000
v 22.00000000 4.04298210 20.00000000
v 22.00000000 4.04800510 21.00000000
v 22.00000000 4.04370213 22.00000000
v 22.00000000 4.02135754 24.00000000
v 22.00000000 4.05996799 25.00000000
v 22.00000000 4.11885834 26.00000000
v 22.00000000 4.02202511 28.00000000
v 22.00000000 4.00876570 29.00000000
v 22.00000000 4.10218954 30.00000000
v 22.00000000 4.00097322 33.00000000
v 22.00000000 4.04965973 34.00000000
v 22.00000000 4.00898552 35.00000000
v 22.00000000 4.05887175 37.00000000
v 22.00000000 5.00000000 37.66500473
v 22.00000000 6.00000000 11.24507904
v 22.00000000 6.00000000 37.70018005
v 22.00000000 7.00000000 11.21359253
v 22.00000000 7.00000000 37.70986938
v 22.00000000 8.00000000 11.26665306
v 22.00000000 8.00000000 37.68309784
v 22.00000000 9.00000000 11.32186031
v 22.00000000 9.00000000 37.71089172
v 22.00000000 10.00000000 11.26873016
v 22.00000000 10.00000000 37.66337967
v 22.00000000 11.00000000 11.19322586
v 22.00000000 11.00000000 37.65114975
v 22.00000000 12.00000000 11.25742817
v 22.00000000 12.00000000 37.62143326
v 22.00000000 13.00000000 11.33681965
v 22.00000000 13.00000000 37.74924088
v 22.00000000 14.00000000 11.30162621
v 22.00000000 14.00000000 37.73054886
v 22.00000000 15.00000000 11.22836304
v 22.00000000 15.00000000 37.71694183
v 22.00000000 15.42062950 7.00000000
v 22.00000000 16.00000000 6.48039579
v 22.00000000 15.26871014 8.00000000
v 22.00000000 15.33597755 9.00000000
v 22.00000000 15.34920597 10.00000000
v 22.00000000 15.26485729 11.00000000
v 22.00000000 16.00000000 37.66017151
v 21.62498856 17.00000000 4.00000000
v 22.00000000 17.00000000 6.43411875
v 22.00000000 17.00000000 37.71268845
v 22.00000000 17.47603226 4.00000000
v 22.00000000 18.00000000 3.78643870
v 22.00000000 18.00000000 4.15592241
v 21.67478180 18.00000000 6.00000000
v 22.00000000 18.00000000 6.18225479
v 22.00000000 18.00000000 37.69493866
v 22.00000000 19.00000000 3.42092156
v 22.00000000 18.90486145 5.00000000
v 22.00000000 18.69402313 6.00000000
v 22.00000000 19.00000000 37.65160370
v 22.00000000 20.00000000 3.29693031
v 22.00000000 20.00000000 37.67021179
v 22.00000000 21.00000000 3.39657307
v 22.00000000 21.00000000 37.71351242
v 22.00000000 22.00000000 3.30830693
v 22.00000000 22.00000000 37.73060608
v 22.00000000 23.00000000 3.36655593
v 22.00000000 23.00000000 37.63486481
v 22.00000000 24.00000000 3.36991525
v 22.00000000 24.00000000 37.67362976
v 22.00000000 25.00000000 3.38083911
v 22.00000000 25.00000000 37.73162842
v 22.00000000 26.00000000 3.27359700
v 22.00000000 26.00000000 37.71193695
v 22.00000000 27.00000000 3.38348770
v 22.00000000 27.00000000 37.67527771
v 22.00000000 28.00000000 3.39949536
v 22.00000000 28.00000000 37.65884781
v 22.00000000 29.00000000 3.45545626
v 21.75148392 29.00000000 5.00000000
v 22.00000000 29.00000000 4.79304886
v 22.00000000 28.75505638 5.00000000
v 22.00000000 28.80922699 6.00000000
v 21.79240799 29.00000000 6.00000000
v 22.00000000 29.00000000 6.13923931
v 22.00000000 29.00000000 37.72009659
v 22.00000000 30.00000000 3.37543893
v 22.00000000 30.00000000 4.44954634
v 22.00000000 30.00000000 6.36175346
v 22.00000000 30.00000000 37.71988678
v 22.00000000 31.00000000 3.98908877
v 22.00000000 31.00000000 4.00943136
v 22.00000000 31.00000000 6.46316195
v 22.00000000 31.00000000 37.68144226
v 22.00000000 31.08680344 4.00000000
v 21.59323883 32.00000000 4.00000000
v 22.00000000 32.00000000 6.52806950
v 22.00000000 32.00000000 37.67607880
v 22.00000000 32.93000031 7.00000000
v 22.00000000 33.00000000 7.27571106
v 22.00000000 33.00000000 8.44937229
v 22.00000000 32.90873718 9.00000000
v 22.00000000 32.94378281 10.00000000
v 21.75222969 33.00000000 11.00000000
v 22.00000000 33.00000000 10.63132191
v 22.00000000 33.00000000 37.66732407
v 22.00000000 33.07406998 8.00000000
v 22.00000000 33.12080002 11.00000000
v 22.00000000 34.00000000 11.29381752
v 22.00000000 34.00000000 37.71565247
v 22.00000000 35.00000000 11.29677486
v 22.00000000 35.00000000 37.60845947
v 22.00000000 36.00000000 11.22662449
v 22.00000000 36.00000000 37.63137436
v 22.00000000 37.00000000 11.26585388
v 22.00000000 37.00000000 37.77370834
v 22.00000000 38.00000000 11.25851727
v 22.00000000 38.00000000 37.77040863
v 22.00000000 39.00000000 11.31422138
v 22.00000000 39.00000000 37.73513794
v 22.00000000 40.00000000 11.31645584
v 22.00000000 40.00000000 37.80391312
v 22.00000000 41.00000000 11.14465141
v 22.00000000 41.00000000 37.72760773
v 22.00000000 42.00000000 11.82479763
v 22.00000000 42.00000000 12.68902493
v 22.00000000 41.96964264 13.00000000
v 22.00000000 41.97403717 14.00000000
v 21.62667656 42.00000000 14.00000000
v 22.00000000 41.94820404 15.00000000
v 22.00000000 41.91483688 16.00000000
v 21.49332047 42.00000000 16.00000000
v 22.00000000 41.90134430 17.00000000
v 21.11793327 42.00000000 17.00000000
v 22.00000000 41.90217972 18.00000000
v 21.35872841 42.00000000 18.00000000
v 22.00000000 41.95772934 19.00000000
v 21.64645386 42.00000000 19.00000000
v 22.00000000 41.95671082 20.00000000
v 21.43076515 42.00000000 20.00000000
v 22.00000000 42.00000000 20.94265556
v 22.00000000 42.00000000 21.13739014
v 22.00000000 41.98322296 22.00000000
v 22.00000000 41.91913223 23.00000000
v 21.50923538 42.00000000 23.00000000
v 22.00000000 41.97342300 24.00000000
v 21.80028915 42.00000000 24.00000000
v 22.00000000 41.92865372 25.00000000
v 21.51966095 42.00000000 25.00000000
v 22.00000000 41.89438248 26.00000000
v 22.00000000 41.91415787 27.00000000
v 21.65573311 42.00000000 27.00000000
v 22.00000000 41.94783020 28.00000000
v 21.39092827 42.00000000 28.00000000
v 22.00000000 41.95351410 29.00000000
v 21.55982399 42.00000000 29.00000000
v 22.00000000 41.92528534 30.00000000
v 21.24951363 42.00000000 30.00000000
v 22.00000000 41.96744537 31.00000000
v 21.83250046 42.00000000 31.00000000
v 22.00000000 41.91757965 32.00000000
v 22.00000000 41.87841034 33.00000000
v 21.43516350 42.00000000 33.00000000
v 22.00000000 41.91157150 34.00000000
v 21.55149078 42.00000000 34.00000000
v 22.00000000 41.92559433 35.00000000
v 21.40566444 42.00000000 35.00000000
v 22.00000000 41.89752960 36.00000000
v 21.35613441 42.00000000 36.00000000
v 22.00000000 41.94581223 37.00000000
v 21.81611633 42.00000000 37.00000000
v 22.00000000 42.06904602 12.00000000
v 22.00000000 42.00306702 21.00000000
v 22.42060661 4.00000000 13.00000000
v 23.00000000 3.97065616 13.00000000
v 23.00000000 4.00000000 12.31143856
v 22.33614922 4.00000000 14.00000000
v 23.00000000 3.96167660 14.00000000
v 23.00000000 4.00000000 14.29938602
v 22.65205002 4.00000000 18.00000000
v 23.00000000 3.98133993 18.00000000
v 23.00000000 4.00000000 17.85563660
v 22.19147682 4.00000000 19.00000000
v 23.00000000 4.00000000 18.35714722
v 22.58432198 4.00000000 23.00000000
v 23.00000000 3.99987245 24.00000000
v 23.00000000 4.00000000 23.99102592
v 22.99421501 4.00000000 24.00000000
v 23.00000000 4.00000000 24.00083542
v 22.65372467 4.00000000 26.00000000
v 23.00000000 3.93162274 26.00000000
v 23.00000000 4.00000000 25.66850090
v 22.33535767 4.00000000 27.00000000
v 23.00000000 4.00000000 26.46845818
v 22.18896294 4.00000000 31.00000000
v 22.23176003 4.00000000 32.00000000
v 22.80790710 4.00000000 34.00000000
v 23.00000000 3.98725343 34.00000000
v 23.00000000 4.00000000 33.86976624
v 23.00000000 4.00000000 34.11424637
v 23.00000000 3.97191167 36.00000000
v 23.00000000 4.00000000 35.78836823
v 23.00000000 4.00000000 36.14391708
v 23.00000000 4.02313137 12.00000000
v 23.00000000 5.00000000 11.23846626
v 23.00000000 4.08831072 15.00000000
v 23.00000000 4.08451986 16.00000000
v 23.00000000 4.09023571 17.00000000
v 23.00000000 4.03477764 19.00000000
v 23.00000000 4.07973337 20.00000000
v 23.00000000 4.06669188 21.00000000
v 23.00000000 4.02553034 22.00000000
v 23.00000000 4.01603651 23.00000000
v 23.00000000 4.12875891 25.00000000
v 23.00000000 4.08179092 27.00000000
v 23.00000000 4.04987621 28.00000000
v 23.00000000 4.04163837 29.00000000
v 23.00000000 4.00815153 30.00000000
v 23.00000000 4.07060099 31.00000000
v 23.00000000 4.03434992 32.00000000
v 23.00000000 4.08071756 33.00000000
v 23.00000000 4.10019302 35.00000000
v 23.00000000 4.25876379 37.00000000
v 23.00000000 5.00000000 37.52779770
v 23.00000000 6.00000000 11.19127369
v 23.00000000 6.00000000 37.63370132
v 23.00000000 7.00000000 11.26861858
v 23.00000000 7.00000000 37.52678299
v 23.00000000 8.00000000 11.22044945
v 23.00000000 8.00000000 37.56431580
v 23.00000000 9.00000000 11.24639606
v 23.00000000 9.00000000 37.52407837
v 23.00000000 10.00000000 11.19058228
v 23.00000000 10.00000000 37.58091736
v 23.00000000 11.00000000 11.32981396
v 23.00000000 11.00000000 37.52532959
v 23.00000000 12.00000000 11.16558647
v 23.00000000 12.00000000 37.56931305
v 23.00000000 13.00000000 11.18149376
v 23.00000000 13.00000000 37.51799011
v 23.00000000 14.00000000 11.31980610
v 23.00000000 14.00000000 37.58246613
v 23.00000000 15.00000000 11.06071568
v 23.00000000 15.00000000 37.50995636
v 23.00000000 15.37470722 7.00000000
v 23.00000000 16.00000000 6.38356304
v 23.00000000 15.24494934 8.00000000
v 23.00000000 15.37049294 9.00000000
v 23.00000000 15.32040119 10.00000000
v 23.00000000 15.05532169 11.00000000
v 23.00000000 16.00000000 37.59169006
v 23.00000000 17.00000000 6.34231472
v 23.00000000 17.00000000 37.54798126
v 22.48653793 18.00000000 4.00000000
v 23.00000000 18.00000000 6.31327677
v 23.00000000 18.00000000 37.54927826
v 23.00000000 18.29975891 4.00000000
v 23.00000000 19.00000000 3.57125139
v 22.06565857 19.00000000 5.00000000
v 23.00000000 19.00000000 4.23335218
v 22.20314407 19.00000000 6.00000000
v 23.00000000 19.00000000 6.26217794
v 23.00000000 19.00000000 37.51052475
v 23.00000000 20.00000000 3.42621350
v 22.31416512 20.00000000 5.00000000
v 23.00000000 20.00000000 4.55110550
v 22.98586464 20.00000000 6.00000000
v 23.00000000 20.00000000 6.00873089
v 23.00000000 20.00000000 37.57004166
v 23.00000000 21.00000000 3.31589484
v 23.00000000 20.82720566 5.00000000
v 23.00000000 20.01970482 6.00000000
v 23.00000000 21.00000000 37.53374863
v 23.00000000 22.00000000 3.28287125
v 23.00000000 22.00000000 37.62758255
v 23.00000000 23.00000000 3.41498899
v 23.00000000 23.00000000 37.55064774
v 23.00000000 24.00000000 3.34736156
v 23.00000000 24.00000000 37.56801987
v 23.00000000 25.00000000 3.32743478
v 23.00000000 25.00000000 37.50941849
v 23.00000000 26.00000000 3.39119124
v 23.00000000 26.00000000 37.55125427
v 23.00000000 27.00000000 3.32224607
v 22.91016769 27.00000000 5.00000000
v 23.00000000 27.00000000 4.90892887
v 23.00000000 26.77087784 5.00000000
v 23.00000000 26.92966461 6.00000000
v 22.98175049 27.00000000 6.00000000
v 23.00000000 27.00000000 6.02300119
v 23.00000000 27.00000000 37.55083466
v 23.00000000 28.00000000 3.35059404
v 22.53176498 28.00000000 5.00000000
v 23.00000000 28.00000000 4.57874632
v 22.65841103 28.00000000 6.00000000
v 23.00000000 28.00000000 6.26765633
v 23.00000000 28.00000000 37.60054016
v 23.00000000 29.00000000 3.59282207
v 23.00000000 29.00000000 4.25302601
v 23.00000000 29.00000000 6.26494265
v 23.00000000 29.00000000 37.52760696
v 23.00000000 30.00000000 3.66572762
v 23.00000000 30.00000000 4.11060572
v 23.00000000 30.00000000 6.38002682
v 23.00000000 30.00000000 37.56515121
v 23.00000000 30.54119492 4.00000000
v 22.06589317 31.00000000 4.00000000
v 23.00000000 31.00000000 6.32712650
v 23.00000000 31.00000000 37.55910492
v 23.00000000 32.00000000 6.37343073
v 23.00000000 32.00000000 37.57648849
v 22.30480003 33.00000000 7.00000000
v 23.00000000 33.00000000 6.82537174
v 22.89479828 33.00000000 9.00000000
v 23.00000000 33.00000000 9.10566616
v 23.00000000 32.89504623 10.00000000
v 23.00000000 33.00000000 10.89456463
v 23.00000000 33.00000000 37.52368164
v 23.00000000 33.07102966 7.00000000
v 23.00000000 33.02503967 8.00000000
v 23.00000000 33.01111221 9.00000000
v 23.00000000 33.05581284 11.00000000
v 23.00000000 34.00000000 11.26033878
v 23.00000000 34.00000000 37.60460281
v 23.00000000 35.00000000 11.27661896
v 23.00000000 35.00000000 37.51738358
v 23.00000000 36.00000000 11.19730186
v 23.00000000 36.00000000 37.57334137
v 23.00000000 37.00000000 11.27272224
v 23.00000000 37.00000000 37.52164459
v 23.00000000 38.00000000 11.28225613
v 23.00000000 38.00000000 37.54882431
v 23.00000000 39.00000000 11.21510220
v 23.00000000 39.00000000 37.47164917
v 23.00000000 40.00000000 11.14007854
v 23.00000000 40.00000000 37.66144943
v 23.00000000 41.00000000 11.11476326
v 23.00000000 41.00000000 37.47172165
v 23.00000000 41.96522522 12.00000000
v 22.76953316 42.00000000 12.00000000
v 23.00000000 41.90989304 13.00000000
v 23.00000000 41.89731216 14.00000000
v 23.00000000 41.92067337 15.00000000
v 23.00000000 41.89891052 16.00000000
v 23.00000000 41.90576172 17.00000000
v 23.00000000 41.88935089 18.00000000
v 23.00000000 41.91987228 19.00000000
v 23.00000000 41.87250900 20.00000000
v 23.00000000 41.95402145 21.00000000
v 22.06674767 42.00000000 21.00000000
v 23.00000000 41.85773468 22.00000000
v 23.00000000 41.92457581 23.00000000
v 23.00000000 41.82227707 24.00000000
v 23.00000000 41.93501663 25.00000000
v 23.00000000 41.88285065 26.00000000
v 23.00000000 41.97774506 27.00000000
v 23.00000000 41.85504532 28.00000000
v 23.00000000 41.98967361 29.00000000
v 23.00000000 41.91889191 30.00000000
v 23.00000000 41.93525696 31.00000000
v 23.00000000 41.84602737 32.00000000
v 22.87727356 42.00000000 33.00000000
v 23.00000000 42.00000000 32.87633896
v 23.00000000 42.00000000 33.16508865
v 23.00000000 41.89332199 34.00000000
v 22.69129562 42.00000000 35.00000000
v 23.00000000 42.00000000 34.73984909
v 23.00000000 42.00000000 35.47314453
v 23.00000000 41.95269775 36.00000000
v 23.00000000 41.80234528 37.00000000
v 23.00000000 42.01991653 33.00000000
v 23.00000000 42.03430557 35.00000000
v 24.00000000 3.98278236 13.00000000
v 24.00000000 4.00000000 12.79983997
v 23.35763168 4.00000000 14.00000000
v 24.00000000 4.00000000 13.19985771
v 23.27903557 4.00000000 18.00000000
v 23.00139046 4.00000000 24.00000000
v 23.52895927 4.00000000 26.00000000
v 23.16041756 4.00000000 34.00000000
v 23.30486870 4.00000000 36.00000000
v 24.00000000 4.09959698 12.00000000
v 24.00000000 5.00000000 11.14834595
v 24.00000000 4.10610294 14.00000000
v 24.00000000 4.09866667 15.00000000
v 24.00000000 4.12529755 16.00000000
v 24.00000000 4.09983444 17.00000000
v 24.00000000 4.05635118 18.00000000
v 24.00000000 4.06461906 19.00000000
v 24.00000000 4.04537916 20.00000000
v 24.00000000 4.10682297 21.00000000
v 24.00000000 4.15622234 22.00000000
v 24.00000000 4.01983595 23.00000000
v 24.00000000 4.09926701 24.00000000
v 24.00000000 4.13839149 25.00000000
v 24.00000000 4.09076643 26.00000000
v 24.00000000 4.09764194 27.00000000
v 24.00000000 4.07632923 28.00000000
v 24.00000000 4.06495380 29.00000000
v 24.00000000 4.07053089 30.00000000
v 24.00000000 4.11077547 31.00000000
v 24.00000000 4.06406164 32.00000000
v 24.00000000 4.13951492 33.00000000
v 24.00000000 4.08151340 34.00000000
v 24.00000000 4.15005350 35.00000000
v 24.00000000 4.08675385 36.00000000
v 24.00000000 4.33941793 37.00000000
v 24.00000000 5.00000000 37.41466904
v 24.00000000 6.00000000 11.14487362
v 24.00000000 6.00000000 37.36263657
v 24.00000000 7.00000000 11.22280979
v 24.00000000 7.00000000 37.28068542
v 24.00000000 8.00000000 11.20735645
v 24.00000000 8.00000000 37.33785248
v 24.00000000 9.00000000 11.27492523
v 24.00000000 9.00000000 37.28635025
v 24.00000000 10.00000000 11.25115871
v 24.00000000 10.00000000 37.35162735
v 24.00000000 11.00000000 11.24024582
v 24.00000000 11.00000000 37.34377670
v 24.00000000 12.00000000 11.21213341
v 24.00000000 12.00000000 37.26930237
v 24.00000000 13.00000000 11.27123547
v 24.00000000 13.00000000 37.34140778
v 24.00000000 14.00000000 11.25715542
v 24.00000000 14.00000000 37.29172897
v 24.00000000 15.00000000 11.13567734
v 24.00000000 15.00000000 37.34824753
v 24.00000000 15.33371735 7.00000000
v 24.00000000 16.00000000 6.38052511
v 24.00000000 15.31788540 8.00000000
v 24.00000000 15.50729084 9.00000000
v 24.00000000 15.30468750 10.00000000
v 24.00000000 15.14473343 11.00000000
v 24.00000000 16.00000000 37.33424377
v 24.00000000 17.00000000 6.33987617
v 24.00000000 17.00000000 37.34558868
v 24.00000000 18.00000000 6.37847996
v 24.00000000 18.00000000 37.32973862
v 23.54577637 19.00000000 4.00000000
v 24.00000000 19.00000000 6.58090925
v 24.00000000 19.00000000 37.26509476
v 23.92445183 20.00000000 4.00000000
v 24.00000000 20.00000000 6.39469147
v 24.00000000 20.00000000 37.37020493
v 24.00000000 20.14354324 4.00000000
v 24.00000000 21.00000000 3.65079045
v 23.11276627 21.00000000 5.00000000
v 24.00000000 21.00000000 4.26698971
v 23.53474045 21.00000000 6.00000000
v 24.00000000 21.00000000 6.36284494
v 24.00000000 21.00000000 37.27795792
v 24.00000000 22.00000000 3.71033597
v 23.43249893 22.00000000 5.00000000
v 24.00000000 22.00000000 4.32354641
v 23.58387184 22.00000000 6.00000000
v 24.00000000 22.00000000 6.31052685
v 24.00000000 22.00000000 37.30982971
v 24.00000000 23.00000000 3.41216397
v 23.40123749 23.00000000 5.00000000
v 24.00000000 23.00000000 4.46619320
v 23.67784882 23.00000000 6.00000000
v 24.00000000 23.00000000 6.29060650
v 24.00000000 23.00000000 37.28609467
v 24.00000000 24.00000000 3.45393252
v 23.51323128 24.00000000 5.00000000
v 24.00000000 24.00000000 4.55611372
v 23.65927124 24.00000000 6.00000000
v 24.00000000 24.00000000 6.25158167
v 24.00000000 24.00000000 37.31610107
v 24.00000000 25.00000000 3.48981071
v 23.54354668 25.00000000 5.00000000
v 24.00000000 25.00000000 4.56955862
v 23.73412514 25.00000000 6.00000000
v 24.00000000 25.00000000 6.19527721
v 24.00000000 25.00000000 37.33717346
v 24.00000000 26.00000000 3.64649367
v 23.29680061 26.00000000 5.00000000
v 24.00000000 26.00000000 4.31749821
v 23.47088814 26.00000000 6.00000000
v 24.00000000 26.00000000 6.26074266
v 24.00000000 26.00000000 37.29772949
v 24.00000000 27.00000000 3.47313094
v 24.00000000 27.00000000 4.34596777
v 24.00000000 27.00000000 6.40994644
v 24.00000000 27.00000000 37.31206894
v 24.00000000 28.00000000 3.79509640
v 24.00000000 28.00000000 4.11991739
v 24.00000000 28.00000000 6.44779539
v 24.00000000 28.00000000 37.31903076
v 24.00000000 29.00000000 3.88080597
v 24.00000000 29.00000000 4.06061077
v 24.00000000 29.00000000 6.34593487
v 24.00000000 29.00000000 37.28210831
v 24.00000000 29.70482445 4.00000000
v 23.83016777 30.00000000 4.00000000
v 24.00000000 30.00000000 6.43797302
v 24.00000000 30.00000000 37.32275391
v 24.00000000 31.00000000 6.39394522
v 24.00000000 31.00000000 37.30254745
v 24.00000000 32.00000000 6.23949337
v 24.00000000 32.00000000 37.31357193
v 24.00000000 32.81780243 7.00000000
v 23.35981941 33.00000000 7.00000000
v 24.00000000 32.99979782 8.00000000
v 23.99401665 33.00000000 8.00000000
v 24.00000000 32.84791183 9.00000000
v 23.07022858 33.00000000 9.00000000
v 24.00000000 32.92849350 10.00000000
v 24.00000000 33.00000000 10.52400780
v 24.00000000 33.00000000 37.30510712
v 24.00000000 33.16960144 11.00000000
v 24.00000000 34.00000000 11.28937531
v 24.00000000 34.00000000 37.37426758
v 24.00000000 35.00000000 11.27787495
v 24.00000000 35.00000000 37.30798340
v 24.00000000 36.00000000 11.20874882
v 24.00000000 36.00000000 37.33948517
v 24.00000000 37.00000000 11.25080395
v 24.00000000 37.00000000 37.33253098
v 24.00000000 38.00000000 11.29848289
v 24.00000000 38.00000000 37.31795502
v 24.00000000 39.00000000 11.23642254
v 24.00000000 39.00000000 37.21230698
v 24.00000000 40.00000000 11.13270664
v 24.00000000 40.00000000 37.41504288
v 24.00000000 41.00000000 11.17120552
v 24.00000000 41.00000000 37.43500137
v 24.00000000 41.88357925 12.00000000
v 24.00000000 41.81211853 13.00000000
v 24.00000000 41.87255096 14.00000000
v 24.00000000 41.82619095 15.00000000
v 24.00000000 41.75366974 16.00000000
v 24.00000000 41.82206726 17.00000000
v 24.00000000 41.81146240 18.00000000
v 24.00000000 41.92795944 19.00000000
v 24.00000000 41.79259872 20.00000000
v 24.00000000 41.82283020 21.00000000
v 24.00000000 41.80266953 22.00000000
v 24.00000000 41.87604904 23.00000000
v 24.00000000 41.78425980 24.00000000
v 24.00000000 41.82588959 25.00000000
v 24.00000000 41.81491470 26.00000000
v 24.00000000 41.83749008 27.00000000
v 24.00000000 41.77073288 28.00000000
v 24.00000000 41.85163498 29.00000000
v 24.00000000 41.81245804 30.00000000
v 24.00000000 41.86146164 31.00000000
v 24.00000000 41.78349304 32.00000000
v 24.00000000 41.86870956 33.00000000
v 23.20806503 42.00000000 33.00000000
v 24.00000000 41.85855865 34.00000000
v 24.00000000 41.70598984 35.00000000
v 23.13106728 42.00000000 35.00000000
v 24.00000000 41.75959396 36.00000000
v 24.00000000 41.66666794 37.00000000
v 24.07402992 4.00000000 13.00000000
v 25.00000000 4.92994308 12.00000000
v 25.00000000 5.00000000 11.87996578
v 24.93273354 5.00000000 13.00000000
v 25.00000000 5.00000000 12.37122726
v 24.96631241 5.00000000 14.00000000
v 24.93663216 5.00000000 15.00000000
v 25.00000000 5.00000000 15.27071953
v 25.00000000 4.60056305 16.00000000
v 25.00000000 4.93924904 17.00000000
v 25.00000000 4.88012552 18.00000000
v 25.00000000 4.88633537 19.00000000
v 24.90211296 5.00000000 20.00000000
v 25.00000000 5.00000000 19.35804367
v 25.00000000 5.00000000 20.60227013
v 25.00000000 4.82794619 21.00000000
v 24.85572815 5.00000000 22.00000000
v 25.00000000 5.00000000 21.32701874
v 25.00000000 5.00000000 22.94263077
v 25.00000000 4.96888781 23.00000000
v 24.95708847 5.00000000 24.00000000
v 25.00000000 5.00000000 23.16160393
v 24.95279694 5.00000000 25.00000000
v 24.83925819 5.00000000 26.00000000
v 25.00000000 5.00000000 26.81497765
v 25.00000000 4.90185595 27.00000000
v 24.98567581 5.00000000 28.00000000
v 25.00000000 5.00000000 27.71866989
v 24.97014046 5.00000000 29.00000000
v 24.85763550 5.00000000 30.00000000
v 24.98152542 5.00000000 31.00000000
v 24.92266273 5.00000000 32.00000000
v 25.00000000 5.00000000 32.54341125
v 25.00000000 4.82284021 33.00000000
v 24.92115593 5.00000000 34.00000000
v 25.00000000 5.00000000 33.43285370
v 25.00000000 5.00000000 34.29856873
v 25.00000000 4.63595724 35.00000000
v 24.81704330 5.00000000 36.00000000
v 25.00000000 5.00000000 35.51459122
v 24.88597107 5.00000000 37.00000000
v 25.00000000 5.52519083 12.00000000
v 24.95339775 6.00000000 12.00000000
v 24.84294891 6.00000000 13.00000000
v 24.99394226 6.00000000 14.00000000
v 25.00000000 6.00000000 14.02056217
v 25.00000000 5.15102291 15.00000000
v 25.00000000 5.19457960 20.00000000
v 25.00000000 5.26854753 22.00000000
v 25.00000000 5.07029772 24.00000000
v 25.00000000 5.11084700 25.00000000
v 25.00000000 5.30121231 26.00000000
v 25.00000000 5.02179098 28.00000000
v 25.00000000 5.05948496 29.00000000
v 25.00000000 5.25503206 30.00000000
v 25.00000000 5.03631449 31.00000000
v 25.00000000 5.14671707 32.00000000
v 25.00000000 5.14177942 34.00000000
v 24.95121193 6.00000000 36.00000000
v 25.00000000 6.00000000 35.76135635
v 24.68873024 6.00000000 37.00000000
v 24.93759918 7.00000000 12.00000000
v 24.86134529 7.00000000 13.00000000
v 24.93950272 7.00000000 14.00000000
v 25.00000000 7.00000000 14.11108685
v 24.96090126 7.00000000 36.00000000
v 25.00000000 7.00000000 35.90602875
v 24.56391525 7.00000000 37.00000000
v 24.97038078 8.00000000 12.00000000
v 24.92159653 8.00000000 13.00000000
v 24.92263985 8.00000000 14.00000000
v 25.00000000 8.00000000 14.15777969
v 25.00000000 7.31621838 36.00000000
v 24.62027550 8.00000000 37.00000000
v 25.00000000 8.00000000 36.29355621
v 24.95665359 9.00000000 12.00000000
v 24.94421577 9.00000000 13.00000000
v 24.91837502 9.00000000 14.00000000
v 25.00000000 9.00000000 14.13581085
v 24.92058563 9.00000000 36.00000000
v 25.00000000 9.00000000 35.83156204
v 25.00000000 8.53283787 36.00000000
v 24.58537292 9.00000000 37.00000000
v 24.88986778 10.00000000 12.00000000
v 24.90715790 10.00000000 13.00000000
v 24.89667511 10.00000000 14.00000000
v 25.00000000 10.00000000 14.18307590
v 24.97123337 10.00000000 36.00000000
v 25.00000000 10.00000000 35.92590332
v 24.72659683 10.00000000 37.00000000
v 24.91686058 11.00000000 12.00000000
v 24.90015221 11.00000000 13.00000000
v 24.92684174 11.00000000 14.00000000
v 25.00000000 11.00000000 14.13921165
v 24.97436142 11.00000000 36.00000000
v 25.00000000 11.00000000 35.93936539
v 24.59920502 11.00000000 37.00000000
v 24.92775536 12.00000000 12.00000000
v 24.92288971 12.00000000 13.00000000
v 24.87048531 12.00000000 14.00000000
v 25.00000000 12.00000000 14.24494648
v 24.94422340 12.00000000 36.00000000
v 25.00000000 12.00000000 35.88164139
v 24.79741096 12.00000000 37.00000000
v 24.89979935 13.00000000 12.00000000
v 24.93839264 13.00000000 13.00000000
v 24.98785591 13.00000000 14.00000000
v 25.00000000 13.00000000 14.02411556
v 24.99079132 13.00000000 36.00000000
v 25.00000000 13.00000000 35.97652817
v 24.79839897 13.00000000 37.00000000
v 25.00000000 13.80713177 12.00000000
v 25.00000000 14.00000000 11.94074821
v 24.95269775 14.00000000 13.00000000
v 25.00000000 14.00000000 12.24570274
v 24.99441147 14.00000000 14.00000000
v 25.00000000 14.00000000 14.00993252
v 24.95606232 14.00000000 36.00000000
v 25.00000000 14.00000000 35.92440414
v 24.93583107 14.00000000 37.00000000
v 25.00000000 14.21857929 12.00000000
v 24.92294502 15.00000000 12.00000000
v 24.91893196 15.00000000 13.00000000
v 24.89364624 15.00000000 14.00000000
v 25.00000000 15.00000000 14.18976307
v 24.98457718 15.00000000 36.00000000
v 25.00000000 15.00000000 35.96770859
v 24.65557671 15.00000000 37.00000000
v 24.99170876 16.00000000 7.00000000
v 24.93937683 16.00000000 8.00000000
v 24.83495331 16.00000000 9.00000000
v 24.89449120 16.00000000 10.00000000
v 24.87426376 16.00000000 11.00000000
v 24.99629784 16.00000000 12.00000000
v 24.97272110 16.00000000 13.00000000
v 24.90387917 16.00000000 14.00000000
v 25.00000000 16.00000000 14.17930508
v 24.90338135 16.00000000 36.00000000
v 25.00000000 16.00000000 35.81084442
v 24.67298126 16.00000000 37.00000000
v 24.94098091 17.00000000 7.00000000
v 24.95339775 17.00000000 8.00000000
v 25.00000000 17.00000000 8.65558147
v 25.00000000 16.75327110 9.00000000
v 24.98882866 17.00000000 10.00000000
v 25.00000000 17.00000000 9.74072742
v 24.91530418 17.00000000 11.00000000
v 24.84768867 17.00000000 12.00000000
v 24.90620041 17.00000000 13.00000000
v 24.92423248 17.00000000 14.00000000
v 25.00000000 17.00000000 14.11862278
v 24.97406006 17.00000000 36.00000000
v 25.00000000 17.00000000 35.94327545
v 24.75256729 17.00000000 37.00000000
v 25.00000000 17.42514992 7.00000000
v 25.00000000 18.00000000 6.84253025
v 24.95156860 18.00000000 8.00000000
v 25.00000000 18.00000000 7.48565817
v 25.00000000 17.39988899 9.00000000
v 24.96300888 18.00000000 9.00000000
v 24.88924980 18.00000000 10.00000000
v 24.98229218 18.00000000 11.00000000
v 24.91835403 18.00000000 12.00000000
v 24.98456573 18.00000000 13.00000000
v 24.88431740 18.00000000 14.00000000
v 25.00000000 18.00000000 14.19074345
v 24.93531227 18.00000000 36.00000000
v 25.00000000 18.00000000 35.88441086
v 24.82489967 18.00000000 37.00000000
v 25.00000000 18.53544235 7.00000000
v 24.90586090 19.00000000 7.00000000
v 24.88131523 19.00000000 8.00000000
v 24.95369530 19.00000000 9.00000000
v 24.95367241 19.00000000 10.00000000
v 24.98842430 19.00000000 11.00000000
v 24.91751671 19.00000000 12.00000000
v 24.92237663 19.00000000 13.00000000
v 24.91695023 19.00000000 14.00000000
v 25.00000000 19.00000000 14.13941383
v 24.99619102 19.00000000 36.00000000
v 25.00000000 19.00000000 35.99231720
v 24.59789848 19.00000000 37.00000000
v 25.00000000 19.74149513 7.00000000
v 25.00000000 20.00000000 6.95779133
v 24.91976929 20.00000000 8.00000000
v 25.00000000 20.00000000 7.17077780
v 24.93127823 20.00000000 9.00000000
v 24.94425583 20.00000000 10.00000000
v 24.95931244 20.00000000 11.00000000
v 24.97286224 20.00000000 12.00000000
v 24.93190575 20.00000000 13.00000000
v 24.89126968 20.00000000 14.00000000
v 25.00000000 20.00000000 14.17018414
v 24.96891975 20.00000000 36.00000000
v 25.00000000 20.00000000 35.93914413
v 24.75784683 20.00000000 37.00000000
v 24.55436897 21.00000000 4.00000000
v 25.00000000 20.14231491 7.00000000
v 24.85235405 21.00000000 7.00000000
v 25.00000000 20.67312813 8.00000000
v 25.00000000 21.00000000 7.71878290
v 25.00000000 20.69582748 9.00000000
v 24.97596550 21.00000000 10.00000000
v 25.00000000 21.00000000 9.58804607
v 24.90742493 21.00000000 11.00000000
v 24.97268677 21.00000000 12.00000000
v 24.87780571 21.00000000 13.00000000
v 24.97955704 21.00000000 14.00000000
v 25.00000000 21.00000000 14.04401398
v 24.95360565 21.00000000 36.00000000
v 25.00000000 21.00000000 35.89965439
v 24.65740395 21.00000000 37.00000000
v 24.83291626 22.00000000 4.00000000
v 24.97547150 22.00000000 7.00000000
v 25.00000000 21.40474892 8.00000000
v 24.95180702 22.00000000 8.00000000
v 25.00000000 21.16891670 9.00000000
v 24.86911774 22.00000000 9.00000000
v 24.91480637 22.00000000 10.00000000
v 24.97588730 22.00000000 11.00000000
v 24.95552444 22.00000000 12.00000000
v 24.94321823 22.00000000 13.00000000
v 24.96296692 22.00000000 14.00000000
v 25.00000000 22.00000000 14.06338882
v 24.94795036 22.00000000 36.00000000
v 25.00000000 22.00000000 35.91233826
v 24.81828117 22.00000000 37.00000000
v 25.00000000 22.25283623 4.00000000
v 25.00000000 23.00000000 3.72224092
v 25.00000000 23.00000000 4.12181187
v 24.87101555 23.00000000 7.00000000
v 24.89652634 23.00000000 8.00000000
v 24.92280579 23.00000000 9.00000000
v 25.00000000 23.00000000 9.43478489
v 25.00000000 22.46338654 10.00000000
v 24.91795158 23.00000000 11.00000000
v 25.00000000 23.00000000 10.55321026
v 24.91625595 23.00000000 12.00000000
v 24.91810989 23.00000000 13.00000000
v 24.97062683 23.00000000 14.00000000
v 25.00000000 23.00000000 14.05184460
v 24.97717857 23.00000000 36.00000000
v 25.00000000 23.00000000 35.95089340
v 24.67964745 23.00000000 37.00000000
v 25.00000000 24.00000000 3.84254789
v 25.00000000 24.00000000 4.06305552
v 24.91746330 24.00000000 7.00000000
v 25.00000000 24.00000000 7.84932470
v 25.00000000 23.92234039 8.00000000
v 24.84491348 24.00000000 9.00000000
v 25.00000000 24.00000000 8.05221462
v 25.00000000 23.48126411 10.00000000
v 24.89221573 24.00000000 10.00000000
v 25.00000000 23.54811859 11.00000000
v 25.00000000 24.00000000 10.61814880
v 24.97997475 24.00000000 12.00000000
v 25.00000000 24.00000000 11.77181816
v 24.92811775 24.00000000 13.00000000
v 24.91188049 24.00000000 14.00000000
v 25.00000000 24.00000000 14.13043308
v 25.00000000 23.82350540 36.00000000
v 24.72316360 24.00000000 37.00000000
v 25.00000000 24.00000000 36.04103851
v 25.00000000 25.00000000 3.90741873
v 25.00000000 25.00000000 4.06003809
v 24.77188873 25.00000000 7.00000000
v 25.00000000 24.91329002 8.00000000
v 24.99914360 25.00000000 8.00000000
v 24.96664810 25.00000000 9.00000000
v 24.94342613 25.00000000 10.00000000
v 25.00000000 24.33411980 11.00000000
v 24.87328148 25.00000000 11.00000000
v 25.00000000 24.79587746 12.00000000
v 25.00000000 25.00000000 11.96334743
v 24.98546600 25.00000000 13.00000000
v 25.00000000 25.00000000 12.27300930
v 25.00000000 25.00000000 13.61505413
v 25.00000000 24.91253853 14.00000000
v 24.95737267 25.00000000 36.00000000
v 25.00000000 25.00000000 35.90016556
v 25.00000000 24.10998344 36.00000000
v 24.79865456 25.00000000 37.00000000
v 25.00000000 26.00000000 3.85230589
v 25.00000000 26.00000000 4.05162525
v 24.97876167 26.00000000 7.00000000
v 25.00000000 26.00000000 7.10066414
v 25.00000000 25.00707054 8.00000000
v 24.97830772 26.00000000 9.00000000
v 25.00000000 26.00000000 8.83650684
v 24.85407448 26.00000000 10.00000000
v 24.97773743 26.00000000 11.00000000
v 25.00000000 25.07145119 12.00000000
v 24.93749619 26.00000000 12.00000000
v 24.88728333 26.00000000 13.00000000
v 25.00000000 25.07598686 14.00000000
v 24.89618683 26.00000000 14.00000000
v 25.00000000 26.00000000 14.15906143
v 24.97150993 26.00000000 36.00000000
v 25.00000000 26.00000000 35.94594574
v 24.72026634 26.00000000 37.00000000
v 25.00000000 27.00000000 3.90857244
v 25.00000000 27.00000000 4.03727818
v 24.87276840 27.00000000 7.00000000
v 25.00000000 26.48477745 8.00000000
v 24.89313316 27.00000000 8.00000000
v 24.99928665 27.00000000 9.00000000
v 24.90860367 27.00000000 10.00000000
v 24.93424988 27.00000000 11.00000000
v 24.94029045 27.00000000 12.00000000
v 24.85846138 27.00000000 13.00000000
v 24.93611336 27.00000000 14.00000000
v 25.00000000 27.00000000 14.11688805
v 25.00000000 26.26752853 36.00000000
v 24.61796570 27.00000000 37.00000000
v 25.00000000 27.00000000 36.28322220
v 25.00000000 27.35077477 4.00000000
v 24.60520744 28.00000000 4.00000000
v 25.00000000 27.83663177 7.00000000
v 25.00000000 28.00000000 6.96607399
v 25.00000000 27.86184502 8.00000000
v 24.95036316 28.00000000 9.00000000
v 25.00000000 28.00000000 8.29974174
v 24.90888214 28.00000000 10.00000000
v 24.94593239 28.00000000 11.00000000
v 24.94843864 28.00000000 12.00000000
v 24.91063881 28.00000000 13.00000000
v 24.93968964 28.00000000 14.00000000
v 25.00000000 28.00000000 14.10814667
v 24.83071327 28.00000000 37.00000000
v 25.00000000 28.00000000 36.40718460
v 24.25660706 29.00000000 4.00000000
v 25.00000000 28.07499695 7.00000000
v 24.76732254 29.00000000 7.00000000
v 25.00000000 28.14531136 8.00000000
v 24.88884735 29.00000000 8.00000000
v 24.98244858 29.00000000 9.00000000
v 24.99168205 29.00000000 10.00000000
v 24.95265770 29.00000000 11.00000000
v 24.95037270 29.00000000 12.00000000
v 24.97441292 29.00000000 13.00000000
v 24.91257858 29.00000000 14.00000000
v 25.00000000 29.00000000 14.14639664
v 24.90901375 29.00000000 36.00000000
v 25.00000000 29.00000000 35.75775528
v 25.00000000 28.34971619 36.00000000
v 24.68044662 29.00000000 37.00000000
v 24.95646477 30.00000000 7.00000000
v 24.88532257 30.00000000 8.00000000
v 24.93667793 30.00000000 9.00000000
v 24.99731827 30.00000000 10.00000000
v 24.99814606 30.00000000 11.00000000
v 24.92230797 30.00000000 12.00000000
v 24.97060204 30.00000000 13.00000000
v 24.93312073 30.00000000 14.00000000
v 25.00000000 30.00000000 14.13225651
v 24.94356728 30.00000000 36.00000000
v 25.00000000 30.00000000 35.89298248
v 24.83164978 30.00000000 37.00000000
v 25.00000000 30.61746407 7.00000000
v 25.00000000 31.00000000 6.94955397
v 24.97289276 31.00000000 8.00000000
v 25.00000000 31.00000000 7.39947033
v 25.00000000 31.00000000 8.67174435
v 25.00000000 30.84097099 9.00000000
v 25.00000000 30.08524132 10.00000000
v 24.95287132 31.00000000 11.00000000
v 25.00000000 31.00000000 10.35661602
v 24.88713646 31.00000000 12.00000000
v 24.90186691 31.00000000 13.00000000
v 24.93285179 31.00000000 14.00000000
v 25.00000000 31.00000000 14.11671925
v 24.97813225 31.00000000 36.00000000
v 25.00000000 31.00000000 35.94748306
v 24.65934753 31.00000000 37.00000000
v 25.00000000 32.00000000 6.69367743
v 25.00000000 31.32230759 8.00000000
v 25.00000000 31.90611839 11.00000000
v 24.92684364 32.00000000 12.00000000
v 25.00000000 32.00000000 11.06388664
v 24.97100067 32.00000000 13.00000000
v 24.88630867 32.00000000 14.00000000
v 25.00000000 32.00000000 14.16796303
v 25.00000000 31.91650581 36.00000000
v 24.69867706 32.00000000 37.00000000
v 25.00000000 32.00000000 36.01451492
v 25.00000000 32.32592392 7.00000000
v 25.00000000 32.32308960 8.00000000
v 25.00000000 32.21362305 9.00000000
v 25.00000000 32.15541077 10.00000000
v 25.00000000 32.02765656 11.00000000
v 24.23662567 33.00000000 11.00000000
v 24.90903282 33.00000000 12.00000000
v 24.94800758 33.00000000 13.00000000
v 24.92509651 33.00000000 14.00000000
v 25.00000000 33.00000000 14.14172935
v 24.98994637 33.00000000 36.00000000
v 25.00000000 33.00000000 35.97883224
v 25.00000000 32.18429184 36.00000000
v 24.78045845 33.00000000 37.00000000
v 24.98397064 34.00000000 12.00000000
v 24.87775421 34.00000000 13.00000000
v 24.94876480 34.00000000 14.00000000
v 25.00000000 34.00000000 14.08441353
v 24.96445847 34.00000000 36.00000000
v 25.00000000 34.00000000 35.93021774
v 24.82490921 34.00000000 37.00000000
v 24.89052582 35.00000000 12.00000000
v 24.88610077 35.00000000 13.00000000
v 24.97407913 35.00000000 14.00000000
v 25.00000000 35.00000000 14.05092430
v 24.97851181 35.00000000 36.00000000
v 25.00000000 35.00000000 35.95912552
v 24.75261497 35.00000000 37.00000000
v 24.89450264 36.00000000 12.00000000
v 24.95936775 36.00000000 13.00000000
v 24.93518066 36.00000000 14.00000000
v 25.00000000 36.00000000 14.13848400
v 25.00000000 35.50428772 36.00000000
v 24.73200607 36.00000000 37.00000000
v 25.00000000 36.00000000 36.14558792
v 24.90542412 37.00000000 12.00000000
v 24.97292709 37.00000000 13.00000000
v 25.00000000 37.00000000 13.39497185
v 25.00000000 36.61883545 14.00000000
v 24.91049767 37.00000000 37.00000000
v 25.00000000 37.00000000 36.71262741
v 24.84542084 38.00000000 12.00000000
v 24.92396164 38.00000000 13.00000000
v 25.00000000 37.35149765 14.00000000
v 24.91927147 38.00000000 14.00000000
v 25.00000000 38.00000000 14.13848305
v 24.74370956 38.00000000 37.00000000
v 25.00000000 38.00000000 36.05115128
v 25.00000000 38.91570282 12.00000000
v 25.00000000 39.00000000 11.95540428
v 24.90400696 39.00000000 13.00000000
v 25.00000000 39.00000000 12.09781933
v 24.97421265 39.00000000 14.00000000
v 25.00000000 39.00000000 14.08237076
v 24.48303223 39.00000000 37.00000000
v 25.00000000 39.00000000 36.14898300
v 25.00000000 40.00000000 11.89618206
v 24.86417007 40.00000000 13.00000000
v 25.00000000 40.00000000 12.13048458
v 24.99073219 40.00000000 14.00000000
v 25.00000000 40.00000000 14.35780811
v 24.89860344 40.00000000 17.00000000
v 25.00000000 40.00000000 16.40473938
v 25.00000000 39.86001205 17.00000000
v 25.00000000 40.00000000 17.55694580
v 24.99002647 40.00000000 19.00000000
v 25.00000000 40.00000000 18.89948845
v 25.00000000 39.98815536 19.00000000
v 25.00000000 40.00000000 19.05352592
v 24.95125198 40.00000000 23.00000000
v 25.00000000 40.00000000 22.45885086
v 25.00000000 39.94199753 23.00000000
v 25.00000000 39.82531357 24.00000000
v 24.84703636 40.00000000 24.00000000
v 25.00000000 39.92309570 25.00000000
v 24.94074631 40.00000000 25.00000000
v 25.00000000 40.00000000 25.30031013
v 24.91723251 40.00000000 34.00000000
v 25.00000000 40.00000000 33.38027954
v 25.00000000 39.87483597 34.00000000
v 25.00000000 40.00000000 34.48113251
v 24.90637207 40.00000000 36.00000000
v 25.00000000 40.00000000 35.49758530
v 25.00000000 39.29446411 36.00000000
v 24.66691589 40.00000000 37.00000000
v 25.00000000 40.11487579 12.00000000
v 24.77357674 41.00000000 12.00000000
v 24.93188667 41.00000000 13.00000000
v 24.91986465 41.00000000 14.00000000
v 25.00000000 41.00000000 14.80177116
v 24.91875839 41.00000000 17.00000000
v 25.00000000 41.00000000 16.27036095
v 25.00000000 40.52250290 18.00000000
v 24.88315392 41.00000000 18.00000000
v 24.85250282 41.00000000 19.00000000
v 25.00000000 40.66141129 20.00000000
v 24.87770081 41.00000000 20.00000000
v 25.00000000 40.71548843 21.00000000
v 24.92929268 41.00000000 21.00000000
v 25.00000000 40.19240189 22.00000000
v 24.78202820 41.00000000 22.00000000
v 24.80076218 41.00000000 23.00000000
v 24.83563423 41.00000000 24.00000000
v 24.85194969 41.00000000 25.00000000
v 25.00000000 40.62366486 26.00000000
v 24.88296509 41.00000000 26.00000000
v 25.00000000 40.76996994 27.00000000
v 24.90752411 41.00000000 27.00000000
v 25.00000000 40.44967651 28.00000000
v 24.96729660 41.00000000 28.00000000
v 25.00000000 40.96367264 29.00000000
v 24.99592400 41.00000000 29.00000000
v 25.00000000 40.69870758 30.00000000
v 24.84980774 41.00000000 30.00000000
v 25.00000000 40.53028107 31.00000000
v 24.83672714 41.00000000 31.00000000
v 25.00000000 40.22187424 32.00000000
v 24.89052010 41.00000000 32.00000000
v 25.00000000 40.70503235 33.00000000
v 24.96410561 41.00000000 33.00000000
v 24.94671440 41.00000000 34.00000000
v 25.00000000 40.46540070 35.00000000
v 24.86220360 41.00000000 35.00000000
v 24.95735931 41.00000000 36.00000000
v 24.67478371 41.00000000 37.00000000
v 25.00000000 41.04669189 15.00000000
v 25.00000000 41.08152008 16.00000000
v 25.03703690 5.00000000 12.00000000
v 25.12031364 5.00000000 15.00000000
v 26.00000000 4.55346107 15.00000000
v 26.00000000 5.00000000 14.56353664
v 26.00000000 4.51372147 16.00000000
v 26.00000000 4.52875805 17.00000000
v 26.00000000 4.49251461 18.00000000
v 26.00000000 4.51932955 19.00000000
v 25.14754486 5.00000000 20.00000000
v 26.00000000 4.52521229 20.00000000
v 26.00000000 4.50249910 21.00000000
v 25.20533371 5.00000000 22.00000000
v 26.00000000 4.55730247 22.00000000
v 26.00000000 4.46077967 23.00000000
v 25.09770966 5.00000000 24.00000000
v 26.00000000 4.56770325 24.00000000
v 25.08374214 5.00000000 25.00000000
v 26.00000000 4.50893784 25.00000000
v 25.23434639 5.00000000 26.00000000
v 26.00000000 4.47011280 26.00000000
v 26.00000000 4.50265789 27.00000000
v 25.02755737 5.00000000 28.00000000
v 26.00000000 4.55837440 28.00000000
v 25.05076027 5.00000000 29.00000000
v 26.00000000 4.47322893 29.00000000
v 25.22560120 5.00000000 30.00000000
v 26.00000000 4.53533459 30.00000000
v 25.02779770 5.00000000 31.00000000
v 26.00000000 4.48892450 31.00000000
v 25.15344810 5.00000000 32.00000000
v 26.00000000 4.55586004 32.00000000
v 26.00000000 4.45574236 33.00000000
v 25.17558861 5.00000000 34.00000000
v 26.00000000 4.57564974 34.00000000
v 26.00000000 4.77294397 35.00000000
v 26.00000000 5.00000000 35.18021011
v 26.00000000 6.00000000 14.56269741
v 26.00000000 6.00000000 35.33200836
v 26.00000000 7.00000000 14.60956669
v 26.00000000 7.00000000 35.25854111
v 26.00000000 8.00000000 14.48253250
v 25.12831497 8.00000000 36.00000000
v 26.00000000 8.00000000 35.30916977
v 26.00000000 9.00000000 14.68110943
v 26.00000000 9.00000000 35.19478989
v 26.00000000 10.00000000 14.54189968
v 26.00000000 10.00000000 35.28676224
v 26.00000000 11.00000000 14.54875755
v 26.00000000 11.00000000 35.21278000
v 26.00000000 12.00000000 14.58612537
v 26.00000000 12.00000000 35.26186371
v 26.00000000 13.00000000 14.60643768
v 26.00000000 13.00000000 35.19685745
v 25.01498413 14.00000000 12.00000000
v 26.00000000 14.00000000 14.62209892
v 26.00000000 14.00000000 35.27989578
v 26.00000000 15.00000000 14.60781956
v 26.00000000 15.00000000 35.24986267
v 26.00000000 16.00000000 14.57681561
v 26.00000000 16.00000000 35.25270081
v 25.02866554 17.00000000 9.00000000
v 26.00000000 17.00000000 14.64444828
v 26.00000000 17.00000000 35.18983078
v 25.04785728 18.00000000 7.00000000
v 26.00000000 18.00000000 14.62065125
v 26.00000000 18.00000000 35.31214142
v 26.00000000 19.00000000 14.58633804
v 26.00000000 19.00000000 35.20631027
v 25.01369095 20.00000000 7.00000000
v 26.00000000 20.00000000 14.57419109
v 26.00000000 20.00000000 35.30575562
v 25.03513145 21.00000000 8.00000000
v 25.03010178 21.00000000 9.00000000
v 26.00000000 21.00000000 14.59384918
v 26.00000000 21.00000000 35.25571442
v 26.00000000 22.00000000 14.64431095
v 26.00000000 22.00000000 35.25526047
v 25.29095459 23.00000000 4.00000000
v 25.09630775 23.00000000 10.00000000
v 26.00000000 23.00000000 14.61489677
v 26.00000000 23.00000000 35.27594376
v 25.26350975 24.00000000 4.00000000
v 25.00866127 24.00000000 8.00000000
v 25.06301880 24.00000000 11.00000000
v 26.00000000 24.00000000 14.59374619
v 25.00765800 24.00000000 36.00000000
v 26.00000000 24.00000000 35.29596710
v 25.14661789 25.00000000 4.00000000
v 25.00468636 25.00000000 12.00000000
v 25.01311493 25.00000000 14.00000000
v 26.00000000 25.00000000 14.65088177
v 26.00000000 25.00000000 35.22372437
v 25.14514923 26.00000000 4.00000000
v 25.10763359 26.00000000 8.00000000
v 26.00000000 26.00000000 14.57443810
v 26.00000000 26.00000000 35.23857117
v 25.10696793 27.00000000 4.00000000
v 26.00000000 27.00000000 14.60637569
v 25.09347153 27.00000000 36.00000000
v 26.00000000 27.00000000 35.23472595
v 25.01313019 28.00000000 7.00000000
v 25.02139473 28.00000000 8.00000000
v 26.00000000 28.00000000 14.59695053
v 25.06888962 28.00000000 36.00000000
v 26.00000000 28.00000000 35.31851959
v 26.00000000 29.00000000 14.58399391
v 26.00000000 29.00000000 35.19548416
v 26.00000000 30.00000000 14.53823662
v 26.00000000 30.00000000 35.24219513
v 25.01711845 31.00000000 7.00000000
v 25.01194763 31.00000000 9.00000000
v 25.02566338 31.00000000 10.00000000
v 26.00000000 31.00000000 14.58279610
v 26.00000000 31.00000000 35.26286316
v 25.10874367 32.00000000 7.00000000
v 25.05421829 32.00000000 8.00000000
v 25.08135796 32.00000000 9.00000000
v 25.02780151 32.00000000 10.00000000
v 25.00456429 32.00000000 11.00000000
v 26.00000000 32.00000000 14.61993980
v 25.00309563 32.00000000 36.00000000
v 26.00000000 32.00000000 35.30649185
v 26.00000000 33.00000000 14.56399632
v 26.00000000 33.00000000 35.19828033
v 26.00000000 34.00000000 14.65281773
v 26.00000000 34.00000000 35.18306732
v 26.00000000 35.00000000 14.52555561
v 26.00000000 35.00000000 35.26099014
v 26.00000000 36.00000000 14.62374210
v 25.03001213 36.00000000 36.00000000
v 26.00000000 36.00000000 35.26358032
v 25.06799698 37.00000000 14.00000000
v 26.00000000 37.00000000 14.62235451
v 25.09779167 37.00000000 36.00000000
v 26.00000000 37.00000000 35.20436096
v 26.00000000 38.00000000 14.65189362
v 25.00784302 38.00000000 36.00000000
v 26.00000000 38.00000000 35.27960587
v 25.01103210 39.00000000 12.00000000
v 26.00000000 39.00000000 14.53839302
v 25.05559921 39.00000000 36.00000000
v 26.00000000 39.00000000 35.30994415
v 25.01984024 40.00000000 12.00000000
v 26.00000000 40.00000000 14.58760738
v 25.12285423 40.00000000 17.00000000
v 25.01151085 40.00000000 19.00000000
v 25.05573273 40.00000000 23.00000000
v 25.13706589 40.00000000 24.00000000
v 25.06608200 40.00000000 25.00000000
v 25.08563614 40.00000000 34.00000000
v 26.00000000 40.00000000 35.33461761
v 26.00000000 41.00000000 14.62852097
v 25.10561943 41.00000000 17.00000000
v 25.15014648 41.00000000 18.00000000
v 25.19835854 41.00000000 19.00000000
v 25.14985657 41.00000000 20.00000000
v 25.09869957 41.00000000 21.00000000
v 25.25587654 41.00000000 22.00000000
v 25.29768181 41.00000000 23.00000000
v 25.17335320 41.00000000 24.00000000
v 25.20297241 41.00000000 25.00000000
v 25.16619873 41.00000000 26.00000000
v 25.13459396 41.00000000 27.00000000
v 25.03884315 41.00000000 28.00000000
v 25.00578499 41.00000000 29.00000000
v 25.18213081 41.00000000 30.00000000
v 25.24459839 41.00000000 31.00000000
v 25.13151169 41.00000000 32.00000000
v 25.03597260 41.00000000 33.00000000
v 25.07466125 41.00000000 34.00000000
v 25.44900703 41.00000000 35.00000000
v 26.00000000 41.00000000 35.22837830
v 26.00000000 41.46154404 15.00000000
v 26.00000000 41.59047699 16.00000000
v 26.00000000 41.60695267 17.00000000
v 26.00000000 41.53781891 18.00000000
v 26.00000000 41.63986588 19.00000000
v 26.00000000 41.55747604 20.00000000
v 26.00000000 41.58095551 21.00000000
v 26.00000000 41.57106781 22.00000000
v 26.00000000 41.63697052 23.00000000
v 26.00000000 41.57675171 24.00000000
v 26.00000000 41.62421799 25.00000000
v 26.00000000 41.55619812 26.00000000
v 26.00000000 41.59791946 27.00000000
v 26.00000000 41.61040115 28.00000000
v 26.00000000 41.60712051 29.00000000
v 26.00000000 41.58500290 30.00000000
v 26.00000000 41.62675858 31.00000000
v 26.00000000 41.60166168 32.00000000
v 26.00000000 41.61660004 33.00000000
v 26.00000000 41.63903046 34.00000000
v 26.00000000 41.20931244 35.00000000
v 27.00000000 4.81914806 15.00000000
v 27.00000000 5.00000000 14.83895397
v 27.00000000 4.54674721 16.00000000
v 27.00000000 4.59850597 17.00000000
v 27.00000000 4.53384399 18.00000000
v 27.00000000 4.55504036 19.00000000
v 27.00000000 4.61834192 20.00000000
v 27.00000000 4.60433292 21.00000000
v 27.00000000 4.64421797 22.00000000
v 27.00000000 4.55944538 23.00000000
v 27.00000000 4.59581709 24.00000000
v 27.00000000 4.57126093 25.00000000
v 27.00000000 4.55666256 26.00000000
v 27.00000000 4.60549641 27.00000000
v 27.00000000 4.60212135 28.00000000
v 27.00000000 4.56945848 29.00000000
v 27.00000000 4.61433458 30.00000000
v 27.00000000 4.58466530 31.00000000
v 27.00000000 4.56972885 32.00000000
v 27.00000000 4.53736162 33.00000000
v 27.00000000 4.52755308 34.00000000
v 27.00000000 4.92157793 35.00000000
v 27.00000000 5.00000000 35.06897736
v 27.00000000 6.00000000 14.69076824
v 27.00000000 6.00000000 35.13581467
v 27.00000000 7.00000000 14.63933182
v 27.00000000 7.00000000 35.11283493
v 27.00000000 8.00000000 14.70247650
v 27.00000000 8.00000000 35.11273193
v 27.00000000 9.00000000 14.73974228
v 27.00000000 9.00000000 35.14308929
v 27.00000000 10.00000000 14.70833397
v 27.00000000 10.00000000 35.09178925
v 27.00000000 11.00000000 14.67839050
v 27.00000000 11.00000000 35.12984467
v 27.00000000 12.00000000 14.67925358
v 27.00000000 12.00000000 35.17642975
v 27.00000000 13.00000000 14.69095516
v 27.00000000 13.00000000 35.16796494
v 27.00000000 14.00000000 14.74300289
v 27.00000000 14.00000000 35.09664917
v 27.00000000 15.00000000 14.68091965
v 27.00000000 15.00000000 35.12315369
v 27.00000000 16.00000000 14.65872860
v 27.00000000 16.00000000 35.08899689
v 27.00000000 17.00000000 14.71484089
v 27.00000000 17.00000000 35.11106491
v 27.00000000 18.00000000 14.77825260
v 27.00000000 18.00000000 35.13014221
v 27.00000000 19.00000000 14.68391991
v 27.00000000 19.00000000 35.10216904
v 27.00000000 20.00000000 14.70334816
v 27.00000000 20.00000000 35.11814117
v 27.00000000 21.00000000 14.76406574
v 27.00000000 21.00000000 35.15982437
v 27.00000000 22.00000000 14.70264626
v 27.00000000 22.00000000 35.07217789
v 27.00000000 23.00000000 14.72565079
v 27.00000000 23.00000000 35.12450027
v 27.00000000 24.00000000 14.65639114
v 27.00000000 24.00000000 35.13706970
v 27.00000000 25.00000000 14.79364395
v 27.00000000 25.00000000 35.14112473
v 27.00000000 26.00000000 14.65549183
v 27.00000000 26.00000000 35.07385635
v 27.00000000 27.00000000 14.68903542
v 27.00000000 27.00000000 35.14842987
v 27.00000000 28.00000000 14.69126797
v 27.00000000 28.00000000 35.13794327
v 27.00000000 29.00000000 14.76093769
v 27.00000000 29.00000000 35.20145798
v 27.00000000 30.00000000 14.68897247
v 27.00000000 30.00000000 35.14829254
v 27.00000000 31.00000000 14.73853207
v 27.00000000 31.00000000 35.15312576
v 27.00000000 32.00000000 14.66029644
v 27.00000000 32.00000000 35.16862488
v 27.00000000 33.00000000 14.74214935
v 27.00000000 33.00000000 35.15304947
v 27.00000000 34.00000000 14.74102306
v 27.00000000 34.00000000 35.16753387
v 27.00000000 35.00000000 14.68086338
v 27.00000000 35.00000000 35.10452652
v 27.00000000 36.00000000 14.66657162
v 27.00000000 36.00000000 35.12265778
v 27.00000000 37.00000000 14.69791412
v 27.00000000 37.00000000 35.09839630
v 27.00000000 38.00000000 14.73515415
v 27.00000000 38.00000000 35.08765411
v 27.00000000 39.00000000 14.66584969
v 27.00000000 39.00000000 35.14080429
v 27.00000000 40.00000000 14.62119961
v 27.00000000 40.00000000 35.17457962
v 27.00000000 41.00000000 14.71559906
v 26.77626991 41.00000000 35.00000000
v 27.00000000 41.00000000 34.92049026
v 27.00000000 40.83781433 35.00000000
v 27.00000000 41.37960052 15.00000000
v 27.00000000 41.47045898 16.00000000
v 27.00000000 41.43933487 17.00000000
v 27.00000000 41.49418259 18.00000000
v 27.00000000 41.49116516 19.00000000
v 27.00000000 41.48746490 20.00000000
v 27.00000000 41.37023926 21.00000000
v 27.00000000 41.43854904 22.00000000
v 27.00000000 41.50658035 23.00000000
v 27.00000000 41.51836395 24.00000000
v 27.00000000 41.38411331 25.00000000
v 27.00000000 41.49103165 26.00000000
v 27.00000000 41.49140930 27.00000000
v 27.00000000 41.49566269 28.00000000
v 27.00000000 41.43614578 29.00000000
v 27.00000000 41.46689224 30.00000000
v 27.00000000 41.44005966 31.00000000
v 27.00000000 41.48290253 32.00000000
v 27.00000000 41.44663620 33.00000000
v 27.00000000 41.44409943 34.00000000
v 27.94066620 5.00000000 15.00000000
v 28.00000000 5.00000000 15.02154350
v 28.00000000 4.54930925 16.00000000
v 28.00000000 4.69570351 17.00000000
v 28.00000000 4.57285213 18.00000000
v 28.00000000 4.61024857 19.00000000
v 28.00000000 4.59838629 20.00000000
v 28.00000000 4.64323378 21.00000000
v 28.00000000 4.59655094 22.00000000
v 28.00000000 4.62901354 23.00000000
v 28.00000000 4.64487505 24.00000000
v 28.00000000 4.64972973 25.00000000
v 28.00000000 4.64398861 26.00000000
v 28.00000000 4.66241074 27.00000000
v 28.00000000 4.58541393 28.00000000
v 28.00000000 4.64972973 29.00000000
v 28.00000000 4.57778120 30.00000000
v 28.00000000 4.61002254 31.00000000
v 28.00000000 4.64642572 32.00000000
v 28.00000000 4.64238119 33.00000000
v 28.00000000 4.59140444 34.00000000
v 27.27830315 5.00000000 35.00000000
v 28.00000000 5.00000000 34.72012329
v 28.00000000 5.02823591 15.00000000
v 28.00000000 6.00000000 14.70989895
v 28.00000000 5.90439796 35.00000000
v 28.00000000 6.00000000 35.01691055
v 28.00000000 7.00000000 14.75258923
v 27.82634735 7.00000000 35.00000000
v 28.00000000 7.00000000 34.97978210
v 28.00000000 6.40474367 35.00000000
v 28.00000000 8.00000000 14.80436707
v 27.58945465 8.00000000 35.00000000
v 28.00000000 8.00000000 34.94177246
v 28.00000000 9.00000000 14.76733112
v 27.62632561 9.00000000 35.00000000
v 28.00000000 9.00000000 34.93729019
v 28.00000000 10.00000000 14.84796715
v 27.52046394 10.00000000 35.00000000
v 28.00000000 10.00000000 34.93644714
v 28.00000000 11.00000000 14.88423443
v 28.00000000 10.42191219 35.00000000
v 28.00000000 11.00000000 35.08729172
v 28.00000000 12.00000000 14.83557415
v 28.00000000 12.00000000 35.03441620
v 28.00000000 13.00000000 14.83075619
v 27.69958687 13.00000000 35.00000000
v 28.00000000 13.00000000 34.94323730
v 28.00000000 12.34674644 35.00000000
v 28.00000000 14.00000000 14.85635471
v 27.58872223 14.00000000 35.00000000
v 28.00000000 14.00000000 34.94942474
v 28.00000000 15.00000000 14.82738304
v 27.56725311 15.00000000 35.00000000
v 28.00000000 15.00000000 34.91722870
v 28.00000000 16.00000000 14.77784634
v 27.49091339 16.00000000 35.00000000
v 28.00000000 16.00000000 34.92924500
v 28.00000000 17.00000000 14.79280758
v 27.63273048 17.00000000 35.00000000
v 28.00000000 17.00000000 34.94584274
v 28.00000000 18.00000000 14.77765942
v 27.73329926 18.00000000 35.00000000
v 28.00000000 18.00000000 34.96191025
v 28.00000000 19.00000000 14.80114841
v 27.69095039 19.00000000 35.00000000
v 28.00000000 19.00000000 34.96194839
v 28.00000000 20.00000000 14.79946423
v 28.00000000 19.64899635 35.00000000
v 28.00000000 20.00000000 35.02353287
v 28.00000000 21.00000000 14.83198071
v 27.71364784 21.00000000 35.00000000
v 28.00000000 21.00000000 34.94018555
v 28.00000000 20.25559616 35.00000000
v 28.00000000 22.00000000 14.87804699
v 27.39627266 22.00000000 35.00000000
v 28.00000000 22.00000000 34.90957642
v 28.00000000 23.00000000 14.79476833
v 27.75549316 23.00000000 35.00000000
v 28.00000000 23.00000000 34.96519089
v 28.00000000 24.00000000 14.77878094
v 28.00000000 23.43483353 35.00000000
v 28.00000000 24.00000000 35.05437469
v 28.00000000 25.00000000 14.89616585
v 27.67763329 25.00000000 35.00000000
v 28.00000000 25.00000000 34.94184113
v 28.00000000 24.44021034 35.00000000
v 28.00000000 26.00000000 14.78041649
v 27.55659676 26.00000000 35.00000000
v 28.00000000 26.00000000 34.95310211
v 28.00000000 27.00000000 14.78637409
v 27.71959686 27.00000000 35.00000000
v 28.00000000 27.00000000 34.93920517
v 28.00000000 28.00000000 14.81423187
v 27.65412140 28.00000000 35.00000000
v 28.00000000 28.00000000 34.93385696
v 28.00000000 29.00000000 14.85581398
v 27.81695175 29.00000000 35.00000000
v 28.00000000 29.00000000 34.96136475
v 28.00000000 30.00000000 14.80715561
v 28.00000000 29.78481102 35.00000000
v 28.00000000 30.00000000 35.01280594
v 28.00000000 31.00000000 14.78675079
v 28.00000000 31.00000000 35.00999069
v 28.00000000 32.00000000 14.75936508
v 28.00000000 32.00000000 35.02285767
v 28.00000000 33.00000000 14.83233070
v 28.00000000 33.00000000 35.03662109
v 28.00000000 34.00000000 14.89837742
v 28.00000000 34.00000000 35.13070297
v 28.00000000 35.00000000 14.87131405
v 28.00000000 35.00000000 35.04658890
v 28.00000000 36.00000000 14.76317501
v 28.00000000 36.00000000 35.03624725
v 28.00000000 37.00000000 14.88570023
v 27.59567451 37.00000000 35.00000000
v 28.00000000 37.00000000 34.94773102
v 28.00000000 36.35891724 35.00000000
v 28.00000000 38.00000000 14.84525490
v 27.55847549 38.00000000 35.00000000
v 28.00000000 38.00000000 34.93875122
v 28.00000000 39.00000000 14.83454990
v 28.00000000 38.37454605 35.00000000
v 28.00000000 39.00000000 35.10867310
v 28.00000000 40.00000000 14.79507446
v 28.00000000 40.00000000 35.13016891
v 28.00000000 41.00000000 14.91583347
v 28.00000000 41.00000000 34.87604904
v 28.00000000 40.72452164 35.00000000
v 28.00000000 41.10193253 15.00000000
v 28.00000000 41.34020996 16.00000000
v 28.00000000 41.44493484 17.00000000
v 28.00000000 41.31454086 18.00000000
v 28.00000000 41.35724258 19.00000000
v 28.00000000 41.27486420 20.00000000
v 28.00000000 41.39960861 21.00000000
v 28.00000000 41.27197266 22.00000000
v 28.00000000 41.38195419 23.00000000
v 28.00000000 41.30059814 24.00000000
v 28.00000000 41.34638977 25.00000000
v 28.00000000 41.26645660 26.00000000
v 28.00000000 41.36931229 27.00000000
v 28.00000000 41.23388290 28.00000000
v 28.00000000 41.39973068 29.00000000
v 28.00000000 41.35615158 30.00000000
v 28.00000000 41.35869217 31.00000000
v 28.00000000 41.34730148 32.00000000
v 28.00000000 41.36122131 33.00000000
v 28.00000000 41.39472961 34.00000000
v 29.00000000 4.62513256 16.00000000
v 29.00000000 5.00000000 15.27699566
v 29.00000000 4.77657986 17.00000000
v 29.00000000 4.65474415 18.00000000
v 29.00000000 4.81963682 19.00000000
v 29.00000000 4.70415306 20.00000000
v 29.00000000 4.68230867 21.00000000
v 29.00000000 4.69663525 22.00000000
v 29.00000000 4.66754484 23.00000000
v 29.00000000 4.76597834 24.00000000
v 29.00000000 4.66220474 25.00000000
v 29.00000000 4.69869184 26.00000000
v 29.00000000 4.65926504 27.00000000
v 29.00000000 4.74763870 28.00000000
v 29.00000000 4.73112869 29.00000000
v 29.00000000 4.67557764 30.00000000
v 29.00000000 4.68214655 31.00000000
v 29.00000000 4.75976372 32.00000000
v 29.00000000 4.58609962 33.00000000
v 29.00000000 4.68663979 34.00000000
v 29.00000000 5.00000000 34.91330719
v 28.91753960 6.00000000 15.00000000
v 29.00000000 6.00000000 15.02958202
v 28.52313614 6.00000000 35.00000000
v 29.00000000 6.00000000 34.98384094
v 28.87071037 7.00000000 15.00000000
v 29.00000000 7.00000000 15.04169846
v 29.00000000 7.00000000 34.94673157
v 28.78155518 8.00000000 15.00000000
v 29.00000000 8.00000000 15.05404186
v 29.00000000 8.00000000 34.94818878
v 28.83337784 9.00000000 15.00000000
v 29.00000000 9.00000000 15.04576683
v 29.00000000 9.00000000 34.92649460
v 28.53997421 10.00000000 15.00000000
v 29.00000000 10.00000000 15.10731792
v 29.00000000 10.00000000 34.96350861
v 28.52310944 11.00000000 15.00000000
v 29.00000000 11.00000000 15.09241104
v 29.00000000 10.85945988 35.00000000
v 29.00000000 11.00000000 35.00617218
v 28.67268944 12.00000000 15.00000000
v 29.00000000 12.00000000 15.07287216
v 28.23554039 12.00000000 35.00000000
v 29.00000000 12.00000000 34.89413452
v 29.00000000 11.05153179 35.00000000
v 28.81769180 13.00000000 15.00000000
v 29.00000000 13.00000000 15.03452969
v 29.00000000 13.00000000 34.92180252
v 29.00000000 13.54245090 15.00000000
v 29.00000000 14.00000000 14.96608257
v 29.00000000 14.00000000 34.95650101
v 29.00000000 14.35722828 15.00000000
v 28.75281143 15.00000000 15.00000000
v 29.00000000 15.00000000 15.05521679
v 29.00000000 15.00000000 34.96418381
v 29.00000000 15.97335720 15.00000000
v 29.00000000 16.00000000 14.99817181
v 29.00000000 16.00000000 34.94766235
v 29.00000000 17.00000000 14.94507599
v 29.00000000 17.00000000 34.98792267
v 29.00000000 18.00000000 14.95923615
v 29.00000000 18.00000000 34.96304321
v 29.00000000 19.00000000 14.92428398
v 29.00000000 19.00000000 34.93193436
v 29.00000000 19.62945175 15.00000000
v 28.81114006 20.00000000 15.00000000
v 29.00000000 20.00000000 15.04490757
v 28.25493431 20.00000000 35.00000000
v 29.00000000 20.00000000 34.93425369
v 28.67110825 21.00000000 15.00000000
v 29.00000000 21.00000000 15.07478523
v 28.95936012 21.00000000 35.00000000
v 29.00000000 20.95949554 35.00000000
v 29.00000000 21.00000000 35.00277710
v 28.53787613 22.00000000 15.00000000
v 29.00000000 22.00000000 15.08458996
v 29.00000000 22.00000000 34.95662689
v 29.00000000 21.05894852 35.00000000
v 28.63849258 23.00000000 15.00000000
v 29.00000000 23.00000000 15.10672855
v 29.00000000 23.00000000 34.96334076
v 28.82568359 24.00000000 15.00000000
v 29.00000000 24.00000000 15.04685211
v 28.33840370 24.00000000 35.00000000
v 29.00000000 24.00000000 34.90273666
v 28.76968765 25.00000000 15.00000000
v 29.00000000 25.00000000 15.02821255
v 29.00000000 25.00000000 34.97396851
v 28.76632500 26.00000000 15.00000000
v 29.00000000 26.00000000 15.05665016
v 29.00000000 26.00000000 34.94173431
v 28.87561989 27.00000000 15.00000000
v 29.00000000 27.00000000 15.02873516
v 29.00000000 27.00000000 34.95731354
v 28.88868332 28.00000000 15.00000000
v 29.00000000 28.00000000 15.02381325
v 29.00000000 28.00000000 34.99527359
v 28.65489197 29.00000000 15.00000000
v 29.00000000 29.00000000 15.07242966
v 29.00000000 29.00000000 34.93857574
v 28.80449104 30.00000000 15.00000000
v 29.00000000 30.00000000 15.04395103
v 28.17755508 30.00000000 35.00000000
v 29.00000000 30.00000000 34.94274139
v 28.76290703 31.00000000 15.00000000
v 29.00000000 31.00000000 15.06569004
v 28.10789871 31.00000000 35.00000000
v 29.00000000 31.00000000 34.92577362
v 28.91170502 32.00000000 15.00000000
v 29.00000000 32.00000000 15.02254581
v 28.17542458 32.00000000 35.00000000
v 29.00000000 32.00000000 34.88599396
v 28.69485855 33.00000000 15.00000000
v 29.00000000 33.00000000 15.07046223
v 28.47796822 33.00000000 35.00000000
v 29.00000000 33.00000000 34.96334076
v 28.68464851 34.00000000 15.00000000
v 29.00000000 34.00000000 15.03561878
v 28.76768303 34.00000000 35.00000000
v 29.00000000 34.00000000 34.95569992
v 28.68568993 35.00000000 15.00000000
v 29.00000000 35.00000000 15.05894852
v 29.00000000 34.45425034 35.00000000
v 29.00000000 35.00000000 35.04459000
v 28.86473465 36.00000000 15.00000000
v 29.00000000 36.00000000 15.03292561
v 28.23734093 36.00000000 35.00000000
v 29.00000000 36.00000000 34.88847351
v 29.00000000 35.30409622 35.00000000
v 28.49158859 37.00000000 15.00000000
v 29.00000000 37.00000000 15.09018326
v 29.00000000 37.00000000 34.95890808
v 28.81757736 38.00000000 15.00000000
v 29.00000000 38.00000000 15.03085613
v 29.00000000 38.00000000 34.93970108
v 28.94334412 39.00000000 15.00000000
v 29.00000000 39.00000000 15.01157761
v 29.00000000 38.64830780 35.00000000
v 29.00000000 39.00000000 35.03268433
v 29.00000000 39.15180588 15.00000000
v 29.00000000 40.00000000 14.92703438
v 29.00000000 40.00000000 35.10937119
v 29.00000000 41.00000000 14.95115757
v 29.00000000 41.00000000 34.42158127
v 29.00000000 40.28593445 35.00000000
v 29.00000000 41.05053711 15.00000000
v 29.00000000 41.16460800 16.00000000
v 29.00000000 41.17415619 17.00000000
v 29.00000000 41.15556335 18.00000000
v 29.00000000 41.19922638 19.00000000
v 29.00000000 41.18985748 20.00000000
v 29.00000000 41.21939850 21.00000000
v 29.00000000 41.15328598 22.00000000
v 29.00000000 41.18812561 23.00000000
v 29.00000000 41.21269989 24.00000000
v 29.00000000 41.12913513 25.00000000
v 29.00000000 41.17370987 26.00000000
v 29.00000000 41.13705826 27.00000000
v 29.00000000 41.16808701 28.00000000
v 29.00000000 41.15231705 29.00000000
v 29.00000000 41.20884705 30.00000000
v 29.00000000 41.24029922 31.00000000
v 29.00000000 41.18076706 32.00000000
v 29.00000000 41.10425568 33.00000000
v 29.00000000 41.23497009 34.00000000
v 30.00000000 4.73129988 16.00000000
v 30.00000000 5.00000000 15.29969120
v 30.00000000 4.82215261 17.00000000
v 30.00000000 4.75768137 18.00000000
v 30.00000000 4.80928802 19.00000000
v 30.00000000 4.82929516 20.00000000
v 30.00000000 4.81871653 21.00000000
v 30.00000000 4.81716299 22.00000000
v 30.00000000 4.77325010 23.00000000
v 30.00000000 4.83834076 24.00000000
v 30.00000000 4.75217295 25.00000000
v 30.00000000 4.77525711 26.00000000
v 30.00000000 4.77414322 27.00000000
v 30.00000000 4.87589884 28.00000000
v 30.00000000 4.75042248 29.00000000
v 30.00000000 4.80168009 30.00000000
v 30.00000000 4.78398848 31.00000000
v 30.00000000 4.81332111 32.00000000
v 30.00000000 4.70515251 33.00000000
v 30.00000000 4.74977875 34.00000000
v 30.00000000 5.00000000 34.60677719
v 30.00000000 6.00000000 15.04405308
v 30.00000000 6.00000000 34.93947220
v 30.00000000 7.00000000 15.01417351
v 30.00000000 7.00000000 34.92375946
v 30.00000000 8.00000000 15.02359104
v 30.00000000 8.00000000 34.85755920
v 30.00000000 9.00000000 15.04456615
v 30.00000000 9.00000000 34.85099030
v 30.00000000 10.00000000 15.14068317
v 30.00000000 10.00000000 34.86788559
v 30.00000000 11.00000000 15.02715874
v 29.03696823 11.00000000 35.00000000
v 30.00000000 11.00000000 34.85159683
v 30.00000000 12.00000000 15.12972355
v 30.00000000 12.00000000 34.85068512
v 30.00000000 13.00000000 15.03763962
v 30.00000000 13.00000000 34.91141510
v 29.33326149 14.00000000 15.00000000
v 30.00000000 14.00000000 15.06434441
v 30.00000000 14.00000000 34.90569305
v 30.00000000 15.00000000 14.98300648
v 29.74285126 15.00000000 15.00000000
v 30.00000000 14.76258278 15.00000000
v 30.00000000 15.00000000 34.81282425
v 29.03392792 16.00000000 15.00000000
v 30.00000000 15.30754852 15.00000000
v 30.00000000 16.00000000 15.04566002
v 30.00000000 16.00000000 34.83185196
v 30.00000000 16.66691780 15.00000000
v 30.00000000 17.00000000 14.98013973
v 30.00000000 17.00000000 34.95032120
v 30.00000000 17.62755775 15.00000000
v 29.75762177 18.00000000 15.00000000
v 30.00000000 18.00000000 15.01393032
v 30.00000000 18.00000000 34.90003967
v 30.00000000 18.68264389 15.00000000
v 30.00000000 19.00000000 14.99444580
v 30.00000000 19.00000000 34.89420700
v 30.00000000 19.05987167 15.00000000
v 30.00000000 20.00000000 15.09743309
v 30.00000000 20.00000000 34.89971924
v 30.00000000 21.00000000 15.01571846
v 29.03893852 21.00000000 35.00000000
v 30.00000000 21.00000000 34.93053436
v 30.00000000 22.00000000 15.03250885
v 30.00000000 22.00000000 34.91414642
v 30.00000000 23.00000000 15.00578403
v 30.00000000 23.00000000 34.90697861
v 30.00000000 24.00000000 15.09597874
v 30.00000000 24.00000000 34.84883118
v 30.00000000 25.00000000 15.00644016
v 30.00000000 25.00000000 34.98995972
v 30.00000000 26.00000000 15.12456894
v 30.00000000 26.00000000 34.86437225
v 30.00000000 27.00000000 15.01047325
v 30.00000000 27.00000000 34.96501160
v 30.00000000 28.00000000 15.08269501
v 30.00000000 28.00000000 34.94889069
v 29.72327805 29.00000000 15.00000000
v 30.00000000 28.73858643 15.00000000
v 30.00000000 29.00000000 14.97373486
v 30.00000000 29.00000000 34.91591644
v 30.00000000 29.28890991 15.00000000
v 30.00000000 30.00000000 15.07407856
v 30.00000000 30.00000000 34.87119675
v 30.00000000 31.00000000 15.03020000
v 30.00000000 31.00000000 34.82879639
v 30.00000000 32.00000000 15.12200451
v 30.00000000 32.00000000 34.85551453
v 29.89537811 33.00000000 15.00000000
v 30.00000000 32.92913437 15.00000000
v 30.00000000 33.00000000 14.99151421
v 30.00000000 33.00000000 34.93270493
v 30.00000000 33.05447006 15.00000000
v 30.00000000 34.00000000 15.14650345
v 30.00000000 34.00000000 34.88127899
v 30.00000000 35.00000000 15.09678650
v 29.21598244 35.00000000 35.00000000
v 30.00000000 35.00000000 34.83419037
v 30.00000000 36.00000000 15.05547810
v 30.00000000 36.00000000 34.89181137
v 30.00000000 37.00000000 15.07998562
v 30.00000000 37.00000000 34.88135147
v 30.00000000 38.00000000 15.14438343
v 30.00000000 38.00000000 34.81597900
v 29.40713310 39.00000000 15.00000000
v 30.00000000 38.90783691 15.00000000
v 30.00000000 39.00000000 14.98492050
v 29.21098328 39.00000000 35.00000000
v 30.00000000 39.00000000 34.86986542
v 30.00000000 39.47200394 15.00000000
v 29.77426910 40.00000000 15.00000000
v 30.00000000 40.00000000 15.02675724
v 30.00000000 39.87510681 35.00000000
v 30.00000000 40.00000000 35.01605988
v 29.16330528 41.00000000 15.00000000
v 30.00000000 41.00000000 15.96677876
v 29.72392464 41.00000000 19.00000000
v 30.00000000 41.00000000 18.38952065
v 30.00000000 40.91828918 19.00000000
v 30.00000000 40.91192627 20.00000000
v 29.68223190 41.00000000 20.00000000
v 30.00000000 41.00000000 20.82604408
v 29.59063721 41.00000000 22.00000000
v 30.00000000 41.00000000 21.15663528
v 30.00000000 40.90884399 22.00000000
v 30.00000000 40.94155121 23.00000000
v 29.75885773 41.00000000 23.00000000
v 30.00000000 40.92230988 24.00000000
v 29.72192764 41.00000000 24.00000000
v 30.00000000 40.94614029 25.00000000
v 29.68416214 41.00000000 25.00000000
v 30.00000000 40.94087219 26.00000000
v 29.72566795 41.00000000 26.00000000
v 30.00000000 40.95183182 27.00000000
v 29.73351288 41.00000000 27.00000000
v 30.00000000 40.94612885 28.00000000
v 29.75168037 41.00000000 28.00000000
v 30.00000000 40.95723343 29.00000000
v 29.77432251 41.00000000 29.00000000
v 30.00000000 40.92705154 30.00000000
v 29.72600174 41.00000000 30.00000000
v 30.00000000 40.92556381 31.00000000
v 29.77562714 41.00000000 31.00000000
v 30.00000000 40.97967529 32.00000000
v 29.89724731 41.00000000 32.00000000
v 30.00000000 41.00000000 32.22285461
v 30.00000000 41.00000000 34.23633575
v 30.00000000 40.07769775 35.00000000
v 30.00000000 41.00901794 16.00000000
v 30.00000000 41.06688309 17.00000000
v 30.00000000 41.04778671 18.00000000
v 30.00000000 41.02026367 21.00000000
v 30.00000000 41.08060455 33.00000000
v 30.00000000 41.07145691 34.00000000
v 31.00000000 4.76910448 16.00000000
v 31.00000000 5.00000000 15.49801445
v 31.00000000 4.83340931 17.00000000
v 31.00000000 4.81171274 18.00000000
v 31.00000000 4.89627504 19.00000000
v 31.00000000 4.85578537 20.00000000
v 31.00000000 4.88233757 21.00000000
v 31.00000000 4.87414598 22.00000000
v 31.00000000 4.82022142 23.00000000
v 31.00000000 4.82267141 24.00000000
v 31.00000000 4.82905769 25.00000000
v 31.00000000 4.82146454 26.00000000
v 31.00000000 4.83380795 27.00000000
v 31.00000000 4.82906437 28.00000000
v 31.00000000 4.83344889 29.00000000
v 31.00000000 4.92517376 30.00000000
v 31.00000000 4.88640594 31.00000000
v 31.00000000 4.83410931 32.00000000
v 31.00000000 4.81192827 33.00000000
v 31.00000000 4.92850447 34.00000000
v 31.00000000 5.00000000 34.20142365
v 31.00000000 6.00000000 15.01456738
v 31.00000000 6.00000000 34.79988480
v 31.00000000 7.00000000 15.04407978
v 31.00000000 7.00000000 34.87289810
v 31.00000000 8.00000000 15.11245728
v 31.00000000 8.00000000 34.82067108
v 31.00000000 9.00000000 15.13570499
v 31.00000000 9.00000000 34.85398865
v 31.00000000 10.00000000 15.14910889
v 31.00000000 10.00000000 34.76054382
v 31.00000000 11.00000000 15.11200809
v 31.00000000 11.00000000 34.81139374
v 31.00000000 12.00000000 15.12399101
v 31.00000000 12.00000000 34.80585098
v 31.00000000 13.00000000 15.15649796
v 31.00000000 13.00000000 34.79618073
v 31.00000000 14.00000000 15.11147690
v 31.00000000 14.00000000 34.83725739
v 30.12766266 15.00000000 15.00000000
v 31.00000000 15.00000000 15.14340115
v 31.00000000 15.00000000 34.81681442
v 31.00000000 16.00000000 15.12467480
v 31.00000000 16.00000000 34.83418274
v 30.29695129 17.00000000 15.00000000
v 31.00000000 17.00000000 15.06467628
v 31.00000000 17.00000000 34.79861069
v 31.00000000 18.00000000 15.12971115
v 31.00000000 18.00000000 34.82969666
v 30.05411530 19.00000000 15.00000000
v 31.00000000 19.00000000 15.11640549
v 31.00000000 19.00000000 34.76295090
v 31.00000000 20.00000000 15.09983349
v 31.00000000 20.00000000 34.84276581
v 31.00000000 21.00000000 15.15639687
v 31.00000000 21.00000000 34.74603271
v 31.00000000 22.00000000 15.15258980
v 31.00000000 22.00000000 34.84632492
v 31.00000000 23.00000000 15.17730904
v 31.00000000 23.00000000 34.79645157
v 31.00000000 24.00000000 15.16048431
v 31.00000000 24.00000000 34.84515381
v 31.00000000 25.00000000 15.15294933
v 31.00000000 25.00000000 34.81367111
v 31.00000000 26.00000000 15.13084698
v 31.00000000 26.00000000 34.82349396
v 31.00000000 27.00000000 15.17516518
v 31.00000000 27.00000000 34.76358032
v 31.00000000 28.00000000 15.13023281
v 31.00000000 28.00000000 34.74906540
v 30.16860962 29.00000000 15.00000000
v 31.00000000 29.00000000 15.16460705
v 31.00000000 29.00000000 34.73383713
v 31.00000000 30.00000000 15.15739632
v 31.00000000 30.00000000 34.77341461
v 31.00000000 31.00000000 15.12171841
v 31.00000000 31.00000000 34.77934265
v 31.00000000 32.00000000 15.13176727
v 31.00000000 32.00000000 34.78517151
v 30.05238914 33.00000000 15.00000000
v 31.00000000 33.00000000 15.17099857
v 31.00000000 33.00000000 34.75811768
v 31.00000000 34.00000000 15.11330223
v 31.00000000 34.00000000 34.79336929
v 31.00000000 35.00000000 15.16029644
v 31.00000000 35.00000000 34.71796799
v 31.00000000 36.00000000 15.11080170
v 31.00000000 36.00000000 34.84790039
v 31.00000000 37.00000000 15.22077179
v 31.00000000 37.00000000 34.80688477
v 31.00000000 38.00000000 15.17715454
v 31.00000000 38.00000000 34.74435806
v 30.37972450 39.00000000 15.00000000
v 31.00000000 39.00000000 15.03149509
v 31.00000000 39.00000000 34.81193161
v 31.00000000 40.00000000 15.02977085
v 30.28144073 40.00000000 35.00000000
v 31.00000000 40.00000000 34.93251038
v 31.00000000 40.87382126 16.00000000
v 30.06236267 41.00000000 16.00000000
v 31.00000000 40.90714264 17.00000000
v 30.46840668 41.00000000 17.00000000
v 31.00000000 40.94687271 18.00000000
v 30.51325798 41.00000000 18.00000000
v 31.00000000 40.91479874 19.00000000
v 31.00000000 40.83981705 20.00000000
v 31.00000000 40.83748245 21.00000000
v 30.10216904 41.00000000 21.00000000
v 31.00000000 40.90283585 22.00000000
v 31.00000000 40.88624954 23.00000000
v 31.00000000 40.95625305 24.00000000
v 31.00000000 40.92626572 25.00000000
v 31.00000000 40.95252228 26.00000000
v 31.00000000 40.88431168 27.00000000
v 31.00000000 40.87470627 28.00000000
v 31.00000000 40.91890335 29.00000000
v 31.00000000 40.92417908 30.00000000
v 31.00000000 40.88735199 31.00000000
v 31.00000000 40.89859772 32.00000000
v 31.00000000 40.89983368 33.00000000
v 30.40603638 41.00000000 33.00000000
v 31.00000000 41.00000000 33.61293030
v 31.00000000 41.00000000 34.13705063
v 31.00000000 41.05619431 34.00000000
v 32.00000000 4.96174097 16.00000000
v 32.00000000 5.00000000 15.92179775
v 31.91527557 5.00000000 17.00000000
v 32.00000000 5.00000000 16.74213409
v 31.90263367 5.00000000 18.00000000
v 31.58937454 5.00000000 19.00000000
v 31.77762413 5.00000000 20.00000000
v 31.84696198 5.00000000 21.00000000
v 31.55195999 5.00000000 22.00000000
v 32.00000000 5.00000000 22.62905884
v 32.00000000 4.93756771 23.00000000
v 31.99564362 5.00000000 24.00000000
v 32.00000000 5.00000000 23.98635674
v 31.66456223 5.00000000 25.00000000
v 32.00000000 5.00000000 25.82525253
v 32.00000000 4.98321295 26.00000000
v 32.00000000 4.97999191 27.00000000
v 31.98948097 5.00000000 28.00000000
v 32.00000000 5.00000000 27.90986824
v 31.59427834 5.00000000 29.00000000
v 31.69539833 5.00000000 30.00000000
v 32.00000000 5.00000000 30.19532204
v 32.00000000 4.88238621 31.00000000
v 31.69368553 5.00000000 32.00000000
v 32.00000000 5.00000000 31.62804222
v 32.00000000 5.00000000 32.75023651
v 32.00000000 4.97685957 33.00000000
v 31.75754547 5.00000000 34.00000000
v 32.00000000 5.00000000 33.57736969
v 32.00000000 6.00000000 15.26454258
v 32.00000000 5.01197290 17.00000000
v 32.00000000 5.02038574 18.00000000
v 32.00000000 5.05820656 19.00000000
v 32.00000000 5.03488159 20.00000000
v 32.00000000 5.01769972 21.00000000
v 32.00000000 5.08650732 22.00000000
v 32.00000000 5.00070906 24.00000000
v 32.00000000 5.07547188 25.00000000
v 32.00000000 5.00189257 28.00000000
v 32.00000000 5.10646105 29.00000000
v 32.00000000 5.03052473 30.00000000
v 32.00000000 5.06020737 32.00000000
v 32.00000000 5.02737856 34.00000000
v 32.00000000 6.00000000 34.75627136
v 32.00000000 7.00000000 15.34597206
v 32.00000000 7.00000000 34.69853592
v 32.00000000 8.00000000 15.26596546
v 32.00000000 8.00000000 34.67302322
v 32.00000000 9.00000000 15.25568199
v 32.00000000 9.00000000 34.63952637
v 32.00000000 10.00000000 15.28736591
v 32.00000000 10.00000000 34.67951202
v 32.00000000 11.00000000 15.23634338
v 32.00000000 11.00000000 34.63410950
v 32.00000000 12.00000000 15.28877354
v 32.00000000 12.00000000 34.71596909
v 32.00000000 13.00000000 15.26041031
v 32.00000000 13.00000000 34.64749527
v 32.00000000 14.00000000 15.30972862
v 32.00000000 14.00000000 34.69004440
v 32.00000000 15.00000000 15.25101089
v 32.00000000 15.00000000 34.67298126
v 32.00000000 16.00000000 15.28051853
v 32.00000000 16.00000000 34.69704056
v 32.00000000 17.00000000 15.22988701
v 32.00000000 17.00000000 34.69210434
v 32.00000000 18.00000000 15.26269627
v 32.00000000 18.00000000 34.69525528
v 32.00000000 19.00000000 15.17945671
v 32.00000000 19.00000000 34.63098907
v 32.00000000 20.00000000 15.24511147
v 32.00000000 20.00000000 34.66023254
v 32.00000000 21.00000000 15.20761395
v 32.00000000 21.00000000 34.63757324
v 32.00000000 22.00000000 15.21917820
v 32.00000000 22.00000000 34.68070602
v 32.00000000 23.00000000 15.27968788
v 32.00000000 23.00000000 34.68741989
v 32.00000000 24.00000000 15.24826717
v 32.00000000 24.00000000 34.67675781
v 32.00000000 25.00000000 15.22930241
v 32.00000000 25.00000000 34.69871521
v 32.00000000 26.00000000 15.21527863
v 32.00000000 26.00000000 34.63952255
v 32.00000000 27.00000000 15.22739220
v 32.00000000 27.00000000 34.73176956
v 32.00000000 28.00000000 15.26847649
v 32.00000000 28.00000000 34.71615219
v 32.00000000 29.00000000 15.23656654
v 32.00000000 29.00000000 34.64079666
v 32.00000000 30.00000000 15.22770977
v 32.00000000 30.00000000 34.63764954
v 32.00000000 31.00000000 15.23259068
v 32.00000000 31.00000000 34.77650070
v 32.00000000 32.00000000 15.28858757
v 32.00000000 32.00000000 34.68762589
v 32.00000000 33.00000000 15.21487713
v 32.00000000 33.00000000 34.62770462
v 32.00000000 34.00000000 15.22007275
v 32.00000000 34.00000000 34.68316650
v 32.00000000 35.00000000 15.30230522
v 32.00000000 35.00000000 34.63957977
v 32.00000000 36.00000000 15.27160263
v 32.00000000 36.00000000 34.68416977
v 32.00000000 37.00000000 15.22688770
v 32.00000000 37.00000000 34.67239380
v 32.00000000 38.00000000 15.25263500
v 32.00000000 38.00000000 34.66860962
v 32.00000000 39.00000000 15.14998627
v 32.00000000 39.00000000 34.75469971
v 32.00000000 40.00000000 15.22009087
v 32.00000000 40.00000000 34.75218964
v 32.00000000 40.69732666 16.00000000
v 32.00000000 40.78160477 17.00000000
v 32.00000000 40.83966446 18.00000000
v 32.00000000 40.77410889 19.00000000
v 32.00000000 40.67744064 20.00000000
v 32.00000000 40.72165680 21.00000000
v 32.00000000 40.74695969 22.00000000
v 32.00000000 40.73663330 23.00000000
v 32.00000000 40.72454834 24.00000000
v 32.00000000 40.67358398 25.00000000
v 32.00000000 40.72649765 26.00000000
v 32.00000000 40.79047012 27.00000000
v 32.00000000 40.71552277 28.00000000
v 32.00000000 40.75285721 29.00000000
v 32.00000000 40.78466415 30.00000000
v 32.00000000 40.73437500 31.00000000
v 32.00000000 40.72891617 32.00000000
v 32.00000000 40.78574753 33.00000000
v 32.00000000 40.74433899 34.00000000
v 31.30906487 41.00000000 34.00000000
v 32.84719467 5.00000000 16.00000000
v 32.49814606 5.00000000 23.00000000
v 32.36615753 5.00000000 26.00000000
v 32.99243164 5.00000000 27.00000000
v 32.86079788 5.00000000 29.00000000
v 33.00000000 4.98005915 29.00000000
v 33.00000000 5.00000000 28.78085327
v 33.00000000 5.00000000 29.33220673
v 32.64075470 5.00000000 31.00000000
v 33.00000000 4.90944815 33.00000000
v 33.00000000 5.00000000 32.40882874
v 33.00000000 5.00000000 33.45028305
v 33.00000000 5.01152372 16.00000000
v 33.00000000 6.00000000 15.29324341
v 33.00000000 5.10777092 17.00000000
v 33.00000000 5.02539921 18.00000000
v 33.00000000 5.02049255 19.00000000
v 33.00000000 5.12277365 20.00000000
v 33.00000000 5.08315229 21.00000000
v 33.00000000 5.05864668 22.00000000
v 33.00000000 5.05380058 23.00000000
v 33.00000000 5.02949238 24.00000000
v 33.00000000 5.02295923 25.00000000
v 33.00000000 5.02938175 26.00000000
v 33.00000000 5.00014162 27.00000000
v 33.00000000 5.06086159 28.00000000
v 33.00000000 5.03685713 30.00000000
v 33.00000000 5.06356144 31.00000000
v 33.00000000 5.06237268 32.00000000
v 33.00000000 5.20757151 34.00000000
v 33.00000000 6.00000000 34.56058502
v 33.00000000 7.00000000 15.22787189
v 33.00000000 7.00000000 34.68700790
v 33.00000000 8.00000000 15.28460217
v 33.00000000 8.00000000 34.54699326
v 33.00000000 9.00000000 15.40524578
v 33.00000000 9.00000000 34.57484055
v 33.00000000 10.00000000 15.39076233
v 33.00000000 10.00000000 34.57514954
v 33.00000000 11.00000000 15.37515068
v 33.00000000 11.00000000 34.56147003
v 33.00000000 12.00000000 15.36531067
v 33.00000000 12.00000000 34.62168884
v 33.00000000 13.00000000 15.40698242
v 33.00000000 13.00000000 34.55787277
v 33.00000000 14.00000000 15.37080479
v 33.00000000 14.00000000 34.54606247
v 33.00000000 15.00000000 15.35873127
v 33.00000000 15.00000000 34.54367065
v 33.00000000 16.00000000 15.33672237
v 33.00000000 16.00000000 34.61493301
v 33.00000000 17.00000000 15.42789936
v 33.00000000 17.00000000 34.55201721
v 33.00000000 18.00000000 15.33350372
v 33.00000000 18.00000000 34.61410522
v 33.00000000 19.00000000 15.39998341
v 33.00000000 19.00000000 34.54632950
v 33.00000000 20.00000000 15.42582226
v 33.00000000 20.00000000 34.62559509
v 33.00000000 21.00000000 15.35112953
v 33.00000000 21.00000000 34.58222961
v 33.00000000 22.00000000 15.37722206
v 33.00000000 22.00000000 34.58356476
v 33.00000000 23.00000000 15.41769695
v 33.00000000 23.00000000 34.59927368
v 33.00000000 24.00000000 15.36140823
v 33.00000000 24.00000000 34.60245895
v 33.00000000 25.00000000 15.41380119
v 33.00000000 25.00000000 34.54005051
v 33.00000000 26.00000000 15.34127140
v 33.00000000 26.00000000 34.59234619
v 33.00000000 27.00000000 15.42302608
v 33.00000000 27.00000000 34.54986191
v 33.00000000 28.00000000 15.41016960
v 33.00000000 28.00000000 34.64495087
v 33.00000000 29.00000000 15.39301586
v 33.00000000 29.00000000 34.57868958
v 33.00000000 30.00000000 15.33453941
v 33.00000000 30.00000000 34.55597687
v 33.00000000 31.00000000 15.38695335
v 33.00000000 31.00000000 34.62603760
v 33.00000000 32.00000000 15.40834427
v 33.00000000 32.00000000 34.56362915
v 33.00000000 33.00000000 15.38580132
v 33.00000000 33.00000000 34.56764221
v 33.00000000 34.00000000 15.32972717
v 33.00000000 34.00000000 34.60211563
v 33.00000000 35.00000000 15.37213039
v 33.00000000 35.00000000 34.53664780
v 33.00000000 36.00000000 15.37464237
v 33.00000000 36.00000000 34.58181000
v 33.00000000 37.00000000 15.38073158
v 33.00000000 37.00000000 34.56982803
v 33.00000000 38.00000000 15.35451794
v 33.00000000 38.00000000 34.63473129
v 33.00000000 39.00000000 15.39090538
v 33.00000000 39.00000000 34.65360641
v 33.00000000 40.00000000 15.51130962
v 33.00000000 40.00000000 34.53784943
v 33.00000000 40.53431320 16.00000000
v 33.00000000 40.54768753 17.00000000
v 33.00000000 40.55729675 18.00000000
v 33.00000000 40.63237762 19.00000000
v 33.00000000 40.62529755 20.00000000
v 33.00000000 40.58092880 21.00000000
v 33.00000000 40.63048172 22.00000000
v 33.00000000 40.58950806 23.00000000
v 33.00000000 40.61214066 24.00000000
v 33.00000000 40.59003067 25.00000000
v 33.00000000 40.58885956 26.00000000
v 33.00000000 40.60619736 27.00000000
v 33.00000000 40.55790710 28.00000000
v 33.00000000 40.54746628 29.00000000
v 33.00000000 40.60166550 30.00000000
v 33.00000000 40.58176804 31.00000000
v 33.00000000 40.53191376 32.00000000
v 33.00000000 40.66963959 33.00000000
v 33.00000000 40.55079269 34.00000000
v 33.51115036 5.00000000 18.00000000
v 34.00000000 4.97307301 18.00000000
v 34.00000000 5.00000000 17.75621986
v 34.00000000 5.00000000 18.26604080
v 33.93045425 5.00000000 20.00000000
v 34.00000000 4.99110174 20.00000000
v 34.00000000 5.00000000 19.87942696
v 34.00000000 5.00000000 20.13125038
v 33.13093567 5.00000000 29.00000000
v 34.00000000 4.96919966 33.00000000
v 34.00000000 5.00000000 32.77264023
v 34.00000000 5.00000000 33.12090683
v 34.00000000 5.30875969 16.00000000
v 34.00000000 6.00000000 15.61533642
v 34.00000000 5.08083057 17.00000000
v 34.00000000 5.07246161 19.00000000
v 34.00000000 5.06705093 21.00000000
v 34.00000000 5.09190321 22.00000000
v 34.00000000 5.02061415 23.00000000
v 34.00000000 5.01499701 24.00000000
v 34.00000000 5.04984236 25.00000000
v 34.00000000 5.01746845 26.00000000
v 34.00000000 5.00493336 27.00000000
v 34.00000000 5.06279039 28.00000000
v 34.00000000 5.11725807 29.00000000
v 34.00000000 5.08441210 30.00000000
v 34.00000000 5.04466915 31.00000000
v 34.00000000 5.09340429 32.00000000
v 34.00000000 5.33158493 34.00000000
v 34.00000000 6.00000000 34.46130371
v 34.00000000 7.00000000 15.44344807
v 34.00000000 7.00000000 34.55252075
v 34.00000000 8.00000000 15.41255951
v 34.00000000 8.00000000 34.48749924
v 34.00000000 9.00000000 15.48018169
v 34.00000000 9.00000000 34.47747803
v 34.00000000 10.00000000 15.49891758
v 34.00000000 10.00000000 34.50379944
v 34.00000000 11.00000000 15.48203659
v 34.00000000 11.00000000 34.45304871
v 34.00000000 12.00000000 15.43504620
v 34.00000000 12.00000000 34.50350189
v 34.00000000 13.00000000 15.45305347
v 34.00000000 13.00000000 34.48187256
v 34.00000000 14.00000000 15.46690083
v 34.00000000 14.00000000 34.46403122
v 34.00000000 15.00000000 15.50096321
v 34.00000000 15.00000000 34.44721985
v 34.00000000 16.00000000 15.47091866
v 34.00000000 16.00000000 34.48374557
v 34.00000000 17.00000000 15.47023106
v 34.00000000 17.00000000 34.54442596
v 34.00000000 18.00000000 15.49681759
v 34.00000000 18.00000000 34.41791153
v 34.00000000 19.00000000 15.46342754
v 34.00000000 19.00000000 34.52346420
v 34.00000000 20.00000000 15.51954269
v 34.00000000 20.00000000 34.50198746
v 34.00000000 21.00000000 15.44816875
v 34.00000000 21.00000000 34.51034927
v 34.00000000 22.00000000 15.45856190
v 34.00000000 22.00000000 34.50852203
v 34.00000000 23.00000000 15.48264027
v 34.00000000 23.00000000 34.48310089
v 34.00000000 24.00000000 15.53129959
v 34.00000000 24.00000000 34.47022247
v 34.00000000 25.00000000 15.44260693
v 34.00000000 25.00000000 34.48654556
v 34.00000000 26.00000000 15.41069698
v 34.00000000 26.00000000 34.41876984
v 34.00000000 27.00000000 15.49533272
v 34.00000000 27.00000000 34.48121643
v 34.00000000 28.00000000 15.49876404
v 34.00000000 28.00000000 34.50337601
v 34.00000000 29.00000000 15.43982029
v 34.00000000 29.00000000 34.46966934
v 34.00000000 30.00000000 15.46500397
v 34.00000000 30.00000000 34.44180679
v 34.00000000 31.00000000 15.47548008
v 34.00000000 31.00000000 34.48622131
v 34.00000000 32.00000000 15.51535130
v 34.00000000 32.00000000 34.49002075
v 34.00000000 33.00000000 15.44400024
v 34.00000000 33.00000000 34.49341965
v 34.00000000 34.00000000 15.45586205
v 34.00000000 34.00000000 34.51202774
v 34.00000000 35.00000000 15.47224140
v 34.00000000 35.00000000 34.49395370
v 34.00000000 36.00000000 15.50037289
v 34.00000000 36.00000000 34.51644897
v 34.00000000 37.00000000 15.47356415
v 34.00000000 37.00000000 34.54122162
v 34.00000000 38.00000000 15.47597218
v 34.00000000 38.00000000 34.45552444
v 34.00000000 39.00000000 15.44340038
v 34.00000000 39.00000000 34.49441528
v 34.00000000 40.00000000 15.54383755
v 34.00000000 40.00000000 34.25342178
v 34.00000000 40.44527435 16.00000000
v 34.00000000 40.50367737 17.00000000
v 34.00000000 40.59095764 18.00000000
v 34.00000000 40.39591599 19.00000000
v 34.00000000 40.44231415 20.00000000
v 34.00000000 40.44770050 21.00000000
v 34.00000000 40.45215988 22.00000000
v 34.00000000 40.43920898 23.00000000
v 34.00000000 40.49248123 24.00000000
v 34.00000000 40.44209671 25.00000000
v 34.00000000 40.50811768 26.00000000
v 34.00000000 40.44032288 27.00000000
v 34.00000000 40.47439575 28.00000000
v 34.00000000 40.45597458 29.00000000
v 34.00000000 40.44704437 30.00000000
v 34.00000000 40.51334763 31.00000000
v 34.00000000 40.49625778 32.00000000
v 34.00000000 40.48492813 33.00000000
v 34.00000000 40.29578781 34.00000000
v 35.00000000 4.98397350 18.00000000
v 35.00000000 5.00000000 17.82758522
v 35.00000000 5.00000000 18.11455727
v 34.05096054 5.00000000 20.00000000
v 34.64935684 5.00000000 33.00000000
v 35.00000000 5.22123480 16.00000000
v 35.00000000 6.00000000 15.53222179
v 35.00000000 5.11456537 17.00000000
v 35.00000000 5.14416456 19.00000000
v 35.00000000 5.17633295 20.00000000
v 35.00000000 5.09453249 21.00000000
v 35.00000000 5.14645720 22.00000000
v 35.00000000 5.11866951 23.00000000
v 35.00000000 5.08433533 24.00000000
v 35.00000000 5.23059893 25.00000000
v 35.00000000 5.19528913 26.00000000
v 35.00000000 5.02195024 27.00000000
v 35.00000000 5.12792826 28.00000000
v 35.00000000 5.14228106 29.00000000
v 35.00000000 5.12002373 30.00000000
v 35.00000000 5.11389494 31.00000000
v 35.00000000 5.02795124 32.00000000
v 35.00000000 5.02109003 33.00000000
v 35.00000000 5.41473103 34.00000000
v 35.00000000 6.00000000 34.32409286
v 35.00000000 7.00000000 15.49465179
v 35.00000000 7.00000000 34.45783997
v 35.00000000 8.00000000 15.57336807
v 35.00000000 8.00000000 34.41706467
v 35.00000000 9.00000000 15.65347195
v 35.00000000 9.00000000 34.36794281
v 35.00000000 10.00000000 15.60121632
v 35.00000000 10.00000000 34.43273926
v 35.00000000 11.00000000 15.56455135
v 35.00000000 11.00000000 34.44498825
v 35.00000000 12.00000000 15.58368587
v 35.00000000 12.00000000 34.36661148
v 35.00000000 13.00000000 15.59544182
v 35.00000000 13.00000000 34.37567139
v 35.00000000 14.00000000 15.56147480
v 35.00000000 14.00000000 34.42017746
v 35.00000000 15.00000000 15.59445667
v 35.00000000 15.00000000 34.40124512
v 35.00000000 16.00000000 15.57700443
v 35.00000000 16.00000000 34.41160965
v 35.00000000 17.00000000 15.54539299
v 35.00000000 17.00000000 34.38708115
v 35.00000000 18.00000000 15.60311222
v 35.00000000 18.00000000 34.36994171
v 35.00000000 19.00000000 15.60298347
v 35.00000000 19.00000000 34.36577225
v 35.00000000 20.00000000 15.58535290
v 35.00000000 20.00000000 34.35853195
v 35.00000000 21.00000000 15.54198170
v 35.00000000 21.00000000 34.39430237
v 35.00000000 22.00000000 15.57175064
v 35.00000000 22.00000000 34.42562866
v 35.00000000 23.00000000 15.60149670
v 35.00000000 23.00000000 34.34394073
v 35.00000000 24.00000000 15.61257744
v 35.00000000 24.00000000 34.34968185
v 35.00000000 25.00000000 15.58728886
v 35.00000000 25.00000000 34.43027115
v 35.00000000 26.00000000 15.57724094
v 35.00000000 26.00000000 34.39157104
v 35.00000000 27.00000000 15.58804131
v 35.00000000 27.00000000 34.40624619
v 35.00000000 28.00000000 15.54320908
v 35.00000000 28.00000000 34.37683487
v 35.00000000 29.00000000 15.59213734
v 35.00000000 29.00000000 34.38574219
v 35.00000000 30.00000000 15.53994846
v 35.00000000 30.00000000 34.38246918
v 35.00000000 31.00000000 15.59381676
v 35.00000000 31.00000000 34.42454910
v 35.00000000 32.00000000 15.58437634
v 35.00000000 32.00000000 34.39239883
v 35.00000000 33.00000000 15.65824509
v 35.00000000 33.00000000 34.36600494
v 35.00000000 34.00000000 15.54471779
v 35.00000000 34.00000000 34.42608643
v 35.00000000 35.00000000 15.64156055
v 35.00000000 35.00000000 34.36038971
v 35.00000000 36.00000000 15.62611389
v 35.00000000 36.00000000 34.39315414
v 35.00000000 37.00000000 15.60161972
v 35.00000000 37.00000000 34.36758804
v 35.00000000 38.00000000 15.51778221
v 35.00000000 38.00000000 34.48556137
v 35.00000000 39.00000000 15.56144047
v 35.00000000 39.00000000 34.47530746
v 35.00000000 40.00000000 15.76490784
v 35.00000000 40.00000000 34.28219986
v 35.00000000 40.17842865 16.00000000
v 35.00000000 40.26952744 17.00000000
v 35.00000000 40.35930634 18.00000000
v 35.00000000 40.34064102 19.00000000
v 35.00000000 40.33066177 20.00000000
v 35.00000000 40.27790070 21.00000000
v 35.00000000 40.35969925 22.00000000
v 35.00000000 40.30715179 23.00000000
v 35.00000000 40.32484436 24.00000000
v 35.00000000 40.30381775 25.00000000
v 35.00000000 40.28016663 26.00000000
v 35.00000000 40.30186844 27.00000000
v 35.00000000 40.30993652 28.00000000
v 35.00000000 40.29006958 29.00000000
v 35.00000000 40.31094360 30.00000000
v 35.00000000 40.30300903 31.00000000
v 35.00000000 40.35076904 32.00000000
v 35.00000000 40.41392517 33.00000000
v 35.00000000 40.27804184 34.00000000
v 35.11866379 5.00000000 18.00000000
v 36.00000000 5.51050615 16.00000000
v 36.00000000 6.00000000 15.72452927
v 36.00000000 5.18409109 17.00000000
v 36.00000000 5.14529753 18.00000000
v 36.00000000 5.17554808 19.00000000
v 36.00000000 5.19693184 20.00000000
v 36.00000000 5.22801208 21.00000000
v 36.00000000 5.23497581 22.00000000
v 36.00000000 5.18749475 23.00000000
v 36.00000000 5.11869144 24.00000000
v 36.00000000 5.22168112 25.00000000
v 36.00000000 5.14023542 26.00000000
v 36.00000000 5.17788649 27.00000000
v 36.00000000 5.18402910 28.00000000
v 36.00000000 5.20501804 29.00000000
v 36.00000000 5.18752623 30.00000000
v 36.00000000 5.12227583 31.00000000
v 36.00000000 5.09812260 32.00000000
v 36.00000000 5.20372105 33.00000000
v 36.00000000 5.43262482 34.00000000
v 36.00000000 6.00000000 34.36789322
v 36.00000000 7.00000000 15.64219475
v 36.00000000 7.00000000 34.34529877
v 36.00000000 8.00000000 15.73649883
v 36.00000000 8.00000000 34.27048492
v 36.00000000 9.00000000 15.72647667
v 36.00000000 9.00000000 34.22713470
v 36.00000000 10.00000000 15.72470760
v 36.00000000 10.00000000 34.26007843
v 36.00000000 11.00000000 15.63246059
v 36.00000000 11.00000000 34.26348495
v 36.00000000 12.00000000 15.69264889
v 36.00000000 12.00000000 34.27438354
v 36.00000000 13.00000000 15.68474770
v 36.00000000 13.00000000 34.25266266
v 36.00000000 14.00000000 15.72954845
v 36.00000000 14.00000000 34.29021835
v 36.00000000 15.00000000 15.68171215
v 36.00000000 15.00000000 34.25551224
v 36.00000000 16.00000000 15.71639824
v 36.00000000 16.00000000 34.23679352
v 36.00000000 17.00000000 15.66649246
v 36.00000000 17.00000000 34.30995178
v 36.00000000 18.00000000 15.66292477
v 36.00000000 18.00000000 34.27285385
v 36.00000000 19.00000000 15.68367481
v 36.00000000 19.00000000 34.30318451
v 36.00000000 20.00000000 15.75837517
v 36.00000000 20.00000000 34.30020905
v 36.00000000 21.00000000 15.70947933
v 36.00000000 21.00000000 34.31140137
v 36.00000000 22.00000000 15.69491100
v 36.00000000 22.00000000 34.30554962
v 36.00000000 23.00000000 15.66163254
v 36.00000000 23.00000000 34.25393677
v 36.00000000 24.00000000 15.73496532
v 36.00000000 24.00000000 34.27772141
v 36.00000000 25.00000000 15.67176342
v 36.00000000 25.00000000 34.33292007
v 36.00000000 26.00000000 15.70591259
v 36.00000000 26.00000000 34.27928543
v 36.00000000 27.00000000 15.70957947
v 36.00000000 27.00000000 34.30126953
v 36.00000000 28.00000000 15.75894737
v 36.00000000 28.00000000 34.30025101
v 36.00000000 29.00000000 15.66982079
v 36.00000000 29.00000000 34.25777435
v 36.00000000 30.00000000 15.71394348
v 36.00000000 30.00000000 34.27785873
v 36.00000000 31.00000000 15.71249104
v 36.00000000 31.00000000 34.26783752
v 36.00000000 32.00000000 15.75073624
v 36.00000000 32.00000000 34.27193832
v 36.00000000 33.00000000 15.67105007
v 36.00000000 33.00000000 34.24045181
v 36.00000000 34.00000000 15.61866474
v 36.00000000 34.00000000 34.30920410
v 36.00000000 35.00000000 15.66814804
v 36.00000000 35.00000000 34.29465866
v 36.00000000 36.00000000 15.75463104
v 36.00000000 36.00000000 34.33168030
v 36.00000000 37.00000000 15.70570564
v 36.00000000 37.00000000 34.24942017
v 36.00000000 38.00000000 15.64302731
v 36.00000000 38.00000000 34.29457092
v 36.00000000 39.00000000 15.59751987
v 36.00000000 39.00000000 34.40256119
v 36.00000000 40.00000000 15.80189610
v 35.61074829 40.00000000 34.00000000
v 36.00000000 40.00000000 33.62469864
v 36.00000000 39.76735306 34.00000000
v 36.00000000 40.17976761 16.00000000
v 36.00000000 40.12083435 17.00000000
v 36.00000000 40.25492096 18.00000000
v 36.00000000 40.08851624 19.00000000
v 36.00000000 40.11491394 20.00000000
v 36.00000000 40.13718033 21.00000000
v 36.00000000 40.15200424 22.00000000
v 36.00000000 40.16019821 23.00000000
v 36.00000000 40.19725418 24.00000000
v 36.00000000 40.15336990 25.00000000
v 36.00000000 40.10658646 26.00000000
v 36.00000000 40.14364624 27.00000000
v 36.00000000 40.11626816 28.00000000
v 36.00000000 40.11557388 29.00000000
v 36.00000000 40.16021347 30.00000000
v 36.00000000 40.16778564 31.00000000
v 36.00000000 40.21617889 32.00000000
v 36.00000000 40.21545792 33.00000000
v 37.00000000 5.61726046 16.00000000
v 37.00000000 6.00000000 15.82428551
v 37.00000000 5.26341105 17.00000000
v 37.00000000 5.21709633 18.00000000
v 37.00000000 5.28178501 19.00000000
v 37.00000000 5.22580671 20.00000000
v 37.00000000 5.26048231 21.00000000
v 37.00000000 5.27075768 22.00000000
v 37.00000000 5.24471569 23.00000000
v 37.00000000 5.25569010 24.00000000
v 37.00000000 5.18175983 25.00000000
v 37.00000000 5.19134665 26.00000000
v 37.00000000 5.27981424 27.00000000
v 37.00000000 5.29336357 28.00000000
v 37.00000000 5.26625776 29.00000000
v 37.00000000 5.26564598 30.00000000
v 37.00000000 5.24600744 31.00000000
v 37.00000000 5.26451492 32.00000000
v 37.00000000 5.18778610 33.00000000
v 37.00000000 5.75223398 34.00000000
v 37.00000000 6.00000000 34.09548569
v 37.00000000 7.00000000 15.86615086
v 37.00000000 7.00000000 34.18800354
v 37.00000000 8.00000000 15.79010582
v 37.00000000 8.00000000 34.18830872
v 37.00000000 9.00000000 15.79111576
v 37.00000000 9.00000000 34.15927505
v 37.00000000 10.00000000 15.73847961
v 37.00000000 10.00000000 34.21245575
v 37.00000000 11.00000000 15.83742905
v 37.00000000 11.00000000 34.18786621
v 37.00000000 12.00000000 15.80090809
v 37.00000000 12.00000000 34.17763901
v 37.00000000 13.00000000 15.82667828
v 37.00000000 13.00000000 34.19813919
v 37.00000000 14.00000000 15.79994488
v 37.00000000 14.00000000 34.18298721
v 37.00000000 15.00000000 15.81475353
v 37.00000000 15.00000000 34.16974640
v 37.00000000 16.00000000 15.81065559
v 37.00000000 16.00000000 34.21552277
v 37.00000000 17.00000000 15.83281803
v 37.00000000 17.00000000 34.15032196
v 37.00000000 18.00000000 15.79898739
v 37.00000000 18.00000000 34.24637985
v 37.00000000 19.00000000 15.91291332
v 37.00000000 19.00000000 34.18529510
v 37.00000000 20.00000000 15.86700630
v 37.00000000 20.00000000 34.12726593
v 37.00000000 21.00000000 15.86440277
v 37.00000000 21.00000000 34.23417664
v 37.00000000 22.00000000 15.69713497
v 37.00000000 22.00000000 34.13299179
v 37.00000000 23.00000000 15.80436611
v 37.00000000 23.00000000 34.21213913
v 37.00000000 24.00000000 15.77220726
v 37.00000000 24.00000000 34.16942215
v 37.00000000 25.00000000 15.82071590
v 37.00000000 25.00000000 34.18836975
v 37.00000000 26.00000000 15.74669075
v 37.00000000 26.00000000 34.21733475
v 37.00000000 27.00000000 15.91150379
v 37.00000000 27.00000000 34.11839294
v 37.00000000 28.00000000 15.74984932
v 37.00000000 28.00000000 34.20439148
v 37.00000000 29.00000000 15.83215618
v 37.00000000 29.00000000 34.19491959
v 37.00000000 30.00000000 15.77041626
v 37.00000000 30.00000000 34.16899109
v 37.00000000 31.00000000 15.85277653
v 37.00000000 31.00000000 34.23681641
v 37.00000000 32.00000000 15.75810814
v 37.00000000 32.00000000 34.16560745
v 37.00000000 33.00000000 15.79551888
v 37.00000000 33.00000000 34.16338348
v 37.00000000 34.00000000 15.80011749
v 37.00000000 34.00000000 34.23231888
v 37.00000000 35.00000000 15.85225582
v 37.00000000 35.00000000 34.21823502
v 37.00000000 36.00000000 15.76260853
v 37.00000000 36.00000000 34.14082336
v 37.00000000 37.00000000 15.79193401
v 37.00000000 37.00000000 34.23822784
v 37.00000000 38.00000000 15.65931225
v 37.00000000 38.00000000 34.23287582
v 37.00000000 39.00000000 15.81645203
v 37.00000000 39.00000000 34.27280045
v 37.00000000 39.63904190 16.00000000
v 36.68439102 40.00000000 16.00000000
v 37.00000000 39.94940567 17.00000000
v 36.68814468 40.00000000 17.00000000
v 37.00000000 39.93818665 18.00000000
v 36.82433319 40.00000000 18.00000000
v 37.00000000 39.93547821 19.00000000
v 36.55321121 40.00000000 19.00000000
v 37.00000000 39.97828674 20.00000000
v 36.84907532 40.00000000 20.00000000
v 37.00000000 40.00000000 20.38305283
v 36.68550873 40.00000000 22.00000000
v 37.00000000 40.00000000 21.30319405
v 37.00000000 39.92619705 22.00000000
v 37.00000000 39.95816040 23.00000000
v 36.80932236 40.00000000 23.00000000
v 37.00000000 40.00000000 23.88886642
v 36.85478210 40.00000000 26.00000000
v 37.00000000 40.00000000 25.69610596
v 37.00000000 39.98275757 26.00000000
v 37.00000000 39.94648361 27.00000000
v 36.70897675 40.00000000 27.00000000
v 37.00000000 39.97926712 28.00000000
v 36.85980606 40.00000000 28.00000000
v 37.00000000 40.00000000 28.49628830
v 36.64655685 40.00000000 30.00000000
v 37.00000000 40.00000000 29.17094421
v 37.00000000 39.91749573 30.00000000
v 37.00000000 39.89711380 31.00000000
v 36.63734818 40.00000000 31.00000000
v 37.00000000 39.95324326 32.00000000
v 36.82886887 40.00000000 32.00000000
v 37.00000000 40.00000000 32.27947617
v 37.00000000 40.00000000 33.32376862
v 37.00000000 39.50743103 34.00000000
v 37.00000000 40.03177261 21.00000000
v 37.00000000 40.00521088 24.00000000
v 37.00000000 40.03737259 25.00000000
v 37.00000000 40.01905060 29.00000000
v 37.00000000 40.11348343 33.00000000
v 37.97186661 6.00000000 16.00000000
v 38.00000000 6.00000000 16.00590897
v 38.00000000 5.21207333 17.00000000
v 38.00000000 5.31458235 18.00000000
v 38.00000000 5.31416321 19.00000000
v 38.00000000 5.28718901 20.00000000
v 38.00000000 5.36065435 21.00000000
v 38.00000000 5.27939129 22.00000000
v 38.00000000 5.30198574 23.00000000
v 38.00000000 5.33171225 24.00000000
v 38.00000000 5.34385347 25.00000000
v 38.00000000 5.29490376 26.00000000
v 38.00000000 5.33240271 27.00000000
v 38.00000000 5.35420370 28.00000000
v 38.00000000 5.32339334 29.00000000
v 38.00000000 5.26903915 30.00000000
v 38.00000000 5.36063719 31.00000000
v 38.00000000 5.34301186 32.00000000
v 38.00000000 5.42063332 33.00000000
v 37.80052948 6.00000000 34.00000000
v 38.00000000 6.00000000 33.96659088
v 38.00000000 6.04605770 16.00000000
v 38.00000000 7.00000000 15.91568470
v 38.00000000 6.15285540 34.00000000
v 38.00000000 7.00000000 34.11286163
v 38.00000000 8.00000000 15.82336521
v 38.00000000 8.00000000 34.07470703
v 38.00000000 9.00000000 15.89824104
v 37.77372742 9.00000000 34.00000000
v 38.00000000 9.00000000 33.95678711
v 38.00000000 8.60459614 34.00000000
v 38.00000000 10.00000000 15.92942238
v 38.00000000 9.52472115 34.00000000
v 38.00000000 10.00000000 34.04859543
v 38.00000000 10.73290348 16.00000000
v 37.85812759 11.00000000 16.00000000
v 38.00000000 11.00000000 16.02269554
v 38.00000000 11.00000000 34.00180435
v 38.00000000 11.91041565 16.00000000
v 38.00000000 12.00000000 15.99727440
v 38.00000000 12.00000000 34.08266449
v 38.00000000 13.00000000 15.97349739
v 38.00000000 13.00000000 34.06214142
v 38.00000000 13.26886272 16.00000000
v 37.76102829 14.00000000 16.00000000
v 38.00000000 14.00000000 16.05253220
v 37.74217987 14.00000000 34.00000000
v 38.00000000 14.00000000 33.95014954
v 38.00000000 13.51077843 34.00000000
v 38.00000000 14.44736862 16.00000000
v 38.00000000 15.00000000 15.91859818
v 37.72205734 15.00000000 34.00000000
v 38.00000000 15.00000000 33.93884277
v 38.00000000 16.00000000 15.89340591
v 38.00000000 15.51942921 34.00000000
v 38.00000000 16.00000000 34.05839157
v 38.00000000 16.77433968 16.00000000
v 37.85292816 17.00000000 16.00000000
v 38.00000000 17.00000000 16.02778816
v 37.85432434 17.00000000 34.00000000
v 38.00000000 17.00000000 33.97745895
v 38.00000000 16.69878387 34.00000000
v 37.64925385 18.00000000 16.00000000
v 38.00000000 18.00000000 16.09068489
v 38.00000000 17.23988342 34.00000000
v 38.00000000 18.00000000 34.07998276
v 37.58233643 19.00000000 16.00000000
v 38.00000000 19.00000000 16.05009460
v 38.00000000 19.00000000 34.02652359
v 37.60345840 20.00000000 16.00000000
v 38.00000000 20.00000000 16.06790543
v 38.00000000 20.00000000 34.10252762
v 37.84965515 21.00000000 16.00000000
v 38.00000000 21.00000000 16.01987839
v 38.00000000 21.00000000 34.08304214
v 38.00000000 21.35311508 16.00000000
v 38.00000000 22.00000000 15.96212006
v 38.00000000 22.00000000 34.06810760
v 38.00000000 22.98404312 16.00000000
v 37.99662018 23.00000000 16.00000000
v 38.00000000 23.00000000 16.00056839
v 37.84953308 23.00000000 34.00000000
v 38.00000000 23.00000000 33.96136856
v 38.00000000 22.62212181 34.00000000
v 38.00000000 23.00913048 16.00000000
v 38.00000000 24.00000000 15.93212128
v 38.00000000 23.37471390 34.00000000
v 38.00000000 24.00000000 34.07107162
v 38.00000000 25.00000000 15.91697216
v 38.00000000 25.00000000 34.06933594
v 38.00000000 26.00000000 15.98345661
v 38.00000000 26.00000000 34.08021927
v 38.00000000 26.75560379 16.00000000
v 37.93913651 27.00000000 16.00000000
v 38.00000000 27.00000000 16.00503540
v 38.00000000 27.00000000 34.05424881
v 38.00000000 27.06703186 16.00000000
v 38.00000000 28.00000000 15.92221451
v 38.00000000 28.00000000 34.11859512
v 38.00000000 28.70514870 16.00000000
v 37.83784103 29.00000000 16.00000000
v 38.00000000 29.00000000 16.02959633
v 38.00000000 29.00000000 34.09765625
v 38.00000000 29.61956787 16.00000000
v 38.00000000 30.00000000 15.98030663
v 38.00000000 30.00000000 34.06980896
v 38.00000000 30.97830009 16.00000000
v 37.99685669 31.00000000 16.00000000
v 38.00000000 31.00000000 16.00039482
v 38.00000000 31.00000000 34.04160309
v 37.93251801 32.00000000 16.00000000
v 38.00000000 32.00000000 16.01542854
v 38.00000000 32.00000000 34.09042358
v 37.92562485 33.00000000 16.00000000
v 38.00000000 33.00000000 16.01624870
v 38.00000000 33.00000000 34.08722687
v 37.71875381 34.00000000 16.00000000
v 38.00000000 34.00000000 16.06748009
v 38.00000000 34.00000000 34.04005051
v 38.00000000 34.59135056 16.00000000
v 38.00000000 35.00000000 15.94422817
v 38.00000000 35.00000000 34.08362961
v 38.00000000 36.00000000 15.94119167
v 38.00000000 36.00000000 34.10587311
v 38.00000000 37.00000000 15.89774323
v 38.00000000 37.00000000 34.15253067
v 38.00000000 38.00000000 15.89964294
v 37.97432709 38.00000000 34.00000000
v 38.00000000 38.00000000 33.99448013
v 38.00000000 37.96394730 34.00000000
v 38.00000000 39.00000000 15.87270927
v 38.00000000 38.15473557 34.00000000
v 38.00000000 39.00000000 34.03362656
v 38.00000000 39.34041595 16.00000000
v 38.00000000 39.87457275 17.00000000
v 38.00000000 39.97652435 18.00000000
v 38.00000000 39.79769135 19.00000000
v 38.00000000 39.85609818 20.00000000
v 38.00000000 39.85567093 21.00000000
v 37.20594025 40.00000000 21.00000000
v 38.00000000 39.90129471 22.00000000
v 38.00000000 39.86724091 23.00000000
v 38.00000000 39.86423492 24.00000000
v 37.04073334 40.00000000 24.00000000
v 38.00000000 39.92721939 25.00000000
v 37.36580658 40.00000000 25.00000000
v 38.00000000 39.91019821 26.00000000
v 38.00000000 39.88880539 27.00000000
v 38.00000000 39.88117599 28.00000000
v 38.00000000 39.87300491 29.00000000
v 37.14150620 40.00000000 29.00000000
v 38.00000000 39.92374420 30.00000000
v 38.00000000 39.93242264 31.00000000
v 38.00000000 39.87384415 32.00000000
v 38.00000000 39.99408340 33.00000000
v 37.96554947 40.00000000 33.00000000
v 38.00000000 39.09382629 34.00000000
v 39.00000000 5.45344639 17.00000000
v 39.00000000 6.00000000 16.00388908
v 39.00000000 5.39923620 18.00000000
v 39.00000000 5.44047356 19.00000000
v 39.00000000 5.37817907 20.00000000
v 39.00000000 5.43700075 21.00000000
v 39.00000000 5.40466833 22.00000000
v 39.00000000 5.40323925 23.00000000
v 39.00000000 5.39902306 24.00000000
v 39.00000000 5.38807535 25.00000000
v 39.00000000 5.39461136 26.00000000
v 39.00000000 5.40958691 27.00000000
v 39.00000000 5.33781004 28.00000000
v 39.00000000 5.39854622 29.00000000
v 39.00000000 5.37972784 30.00000000
v 39.00000000 5.37715483 31.00000000
v 39.00000000 5.31499290 32.00000000
v 39.00000000 5.27987432 33.00000000
v 39.00000000 6.00000000 33.88017654
v 39.00000000 6.01548290 16.00000000
v 39.00000000 7.00000000 15.87660503
v 39.00000000 6.47126722 34.00000000
v 39.00000000 7.00000000 34.07242966
v 39.00000000 7.93826151 16.00000000
v 38.95921326 8.00000000 16.00000000
v 39.00000000 8.00000000 16.00818253
v 38.50214767 8.00000000 34.00000000
v 39.00000000 8.00000000 33.92895508
v 39.00000000 7.49541998 34.00000000
v 38.54553986 9.00000000 16.00000000
v 39.00000000 9.00000000 16.08113098
v 39.00000000 9.00000000 33.93343353
v 38.95514297 10.00000000 16.00000000
v 39.00000000 10.00000000 16.00306702
v 38.40798187 10.00000000 34.00000000
v 39.00000000 10.00000000 33.93623352
v 39.00000000 11.00000000 16.05153084
v 38.02383041 11.00000000 34.00000000
v 39.00000000 11.00000000 33.93088913
v 38.14184952 12.00000000 16.00000000
v 39.00000000 12.00000000 16.01491928
v 38.48859406 12.00000000 34.00000000
v 39.00000000 12.00000000 33.92110062
v 38.41391754 13.00000000 16.00000000
v 39.00000000 13.00000000 16.03230667
v 38.66239929 13.00000000 34.00000000
v 39.00000000 13.00000000 33.96949768
v 39.00000000 14.00000000 16.05100250
v 39.00000000 14.00000000 33.84756470
v 38.59066772 15.00000000 16.00000000
v 39.00000000 15.00000000 16.05667877
v 39.00000000 15.00000000 33.97516251
v 38.73771286 16.00000000 16.00000000
v 39.00000000 16.00000000 16.03894615
v 38.45902634 16.00000000 34.00000000
v 39.00000000 16.00000000 33.93484879
v 39.00000000 17.00000000 16.13400078
v 39.00000000 17.00000000 33.95510483
v 39.00000000 18.00000000 16.07953644
v 39.00000000 17.61783409 34.00000000
v 39.00000000 18.00000000 34.02565765
v 39.00000000 19.00000000 16.02898979
v 38.87015533 19.00000000 34.00000000
v 39.00000000 19.00000000 33.99615097
v 39.00000000 18.87459564 34.00000000
v 39.00000000 20.00000000 16.05855751
v 38.72872925 20.00000000 34.00000000
v 39.00000000 20.00000000 33.96071625
v 39.00000000 21.00000000 16.02414513
v 38.88848495 21.00000000 34.00000000
v 39.00000000 21.00000000 33.99002838
v 38.88852692 22.00000000 16.00000000
v 39.00000000 22.00000000 16.00450134
v 38.52378464 22.00000000 34.00000000
v 39.00000000 22.00000000 33.93689728
v 39.00000000 23.00000000 16.04097366
v 39.00000000 23.00000000 33.98057556
v 38.50291061 24.00000000 16.00000000
v 39.00000000 24.00000000 16.06930923
v 38.53882217 24.00000000 34.00000000
v 39.00000000 24.00000000 33.94570160
v 38.39566422 25.00000000 16.00000000
v 39.00000000 25.00000000 16.10664368
v 38.52381134 25.00000000 34.00000000
v 39.00000000 25.00000000 33.93981552
v 38.31951904 26.00000000 16.00000000
v 39.00000000 26.00000000 16.03573227
v 39.00000000 25.89922523 34.00000000
v 39.00000000 26.00000000 34.00609207
v 39.00000000 27.00000000 16.04774475
v 38.63285065 27.00000000 34.00000000
v 39.00000000 27.00000000 33.96725082
v 39.00000000 26.17100143 34.00000000
v 38.79919052 28.00000000 16.00000000
v 39.00000000 28.00000000 16.01924896
v 38.59106445 28.00000000 34.00000000
v 39.00000000 28.00000000 33.92668533
v 39.00000000 29.00000000 16.10096359
v 38.75924683 29.00000000 34.00000000
v 39.00000000 29.00000000 33.96858978
v 38.30807877 30.00000000 16.00000000
v 39.00000000 30.00000000 16.04178810
v 38.78310013 30.00000000 34.00000000
v 39.00000000 30.00000000 33.98164749
v 39.00000000 31.00000000 16.03519440
v 38.48971176 31.00000000 34.00000000
v 39.00000000 31.00000000 33.96117401
v 39.00000000 32.00000000 16.05575371
v 38.62323380 32.00000000 34.00000000
v 39.00000000 32.00000000 33.94900894
v 39.00000000 33.00000000 16.11418533
v 38.54129028 33.00000000 34.00000000
v 39.00000000 33.00000000 33.92451096
v 38.88700867 34.00000000 16.00000000
v 39.00000000 33.92721558 16.00000000
v 39.00000000 34.00000000 15.99048996
v 38.28811646 34.00000000 34.00000000
v 39.00000000 34.00000000 33.91168976
v 38.48192215 35.00000000 16.00000000
v 39.00000000 34.14637375 16.00000000
v 39.00000000 35.00000000 16.05987358
v 38.75706863 35.00000000 34.00000000
v 39.00000000 35.00000000 33.97443390
v 38.51932907 36.00000000 16.00000000
v 39.00000000 36.00000000 16.04735565
v 38.71051025 36.00000000 34.00000000
v 39.00000000 36.00000000 33.95534515
v 38.89491272 37.00000000 16.00000000
v 39.00000000 37.00000000 16.01113510
v 38.73074722 37.00000000 34.00000000
v 39.00000000 37.00000000 33.93800735
v 39.00000000 37.60763931 16.00000000
v 39.00000000 38.00000000 15.99161530
v 39.00000000 38.00000000 33.97089386
v 39.00000000 38.13738632 16.00000000
v 38.69788361 39.00000000 16.00000000
v 39.00000000 39.00000000 16.08102036
v 39.00000000 38.26984787 34.00000000
v 39.00000000 39.00000000 34.05912399
v 39.00000000 39.64080048 17.00000000
v 39.00000000 39.71679688 18.00000000
v 39.00000000 39.68034363 19.00000000
v 39.00000000 39.72209930 20.00000000
v 39.00000000 39.70442963 21.00000000
v 39.00000000 39.66064835 22.00000000
v 39.00000000 39.73095322 23.00000000
v 39.00000000 39.69111252 24.00000000
v 39.00000000 39.75213623 25.00000000
v 39.00000000 39.70182419 26.00000000
v 39.00000000 39.72088623 27.00000000
v 39.00000000 39.70268631 28.00000000
v 39.00000000 39.67424393 29.00000000
v 39.00000000 39.63249207 30.00000000
v 39.00000000 39.76632690 31.00000000
v 39.00000000 39.73442078 32.00000000
v 39.00000000 39.89148712 33.00000000
v 39.00000000 39.15014267 34.00000000
v 40.00000000 5.41334152 17.00000000
v 40.00000000 6.00000000 16.29397583
v 40.00000000 5.45619011 18.00000000
v 40.00000000 5.38803577 19.00000000
v 40.00000000 5.38158274 20.00000000
v 40.00000000 5.45475769 21.00000000
v 40.00000000 5.49868393 22.00000000
v 40.00000000 5.39841747 23.00000000
v 40.00000000 5.42266703 24.00000000
v 40.00000000 5.43740845 25.00000000
v 40.00000000 5.47326994 26.00000000
v 40.00000000 5.49679899 27.00000000
v 40.00000000 5.48187971 28.00000000
v 40.00000000 5.46116590 29.00000000
v 40.00000000 5.52914572 30.00000000
v 40.00000000 5.44278288 31.00000000
v 40.00000000 5.42937994 32.00000000
v 40.00000000 5.54471922 33.00000000
v 40.00000000 6.00000000 33.83681107
v 39.58132935 7.00000000 16.00000000
v 40.00000000 7.00000000 16.10352707
v 40.00000000 6.71191406 34.00000000
v 40.00000000 7.00000000 34.02988434
v 40.00000000 8.00000000 16.21292114
v 40.00000000 8.00000000 33.97479248
v 40.00000000 7.56551456 34.00000000
v 40.00000000 9.00000000 16.16630554
v 40.00000000 9.00000000 33.85267258
v 40.00000000 10.00000000 16.14109230
v 40.00000000 10.00000000 33.90829849
v 40.00000000 11.00000000 16.14391327
v 40.00000000 11.00000000 33.86002350
v 40.00000000 12.00000000 16.17255211
v 40.00000000 12.00000000 33.90318298
v 40.00000000 13.00000000 16.13325882
v 40.00000000 13.00000000 33.88306046
v 40.00000000 14.00000000 16.12539291
v 40.00000000 14.00000000 33.90227890
v 40.00000000 15.00000000 16.11249542
v 40.00000000 15.00000000 33.90951920
v 40.00000000 16.00000000 16.19555855
v 40.00000000 16.00000000 33.89236069
v 40.00000000 17.00000000 16.08427620
v 40.00000000 17.00000000 33.84786987
v 40.00000000 18.00000000 16.13124657
v 39.14261246 18.00000000 34.00000000
v 40.00000000 18.00000000 33.84136963
v 40.00000000 19.00000000 16.08887291
v 40.00000000 19.00000000 33.87440109
v 40.00000000 20.00000000 16.20421028
v 40.00000000 20.00000000 33.94977188
v 40.00000000 21.00000000 16.11656380
v 40.00000000 21.00000000 33.86580658
v 40.00000000 22.00000000 16.16242790
v 40.00000000 22.00000000 33.91773987
v 40.00000000 23.00000000 16.09881592
v 40.00000000 23.00000000 33.88483810
v 40.00000000 24.00000000 16.18604469
v 40.00000000 24.00000000 33.94485474
v 40.00000000 25.00000000 16.10512543
v 40.00000000 25.00000000 33.85401154
v 40.00000000 26.00000000 16.10836983
v 39.05238342 26.00000000 34.00000000
v 40.00000000 26.00000000 33.88131332
v 40.00000000 27.00000000 16.10888481
v 40.00000000 27.00000000 33.93966675
v 40.00000000 28.00000000 16.10088348
v 40.00000000 28.00000000 33.93933487
v 40.00000000 29.00000000 16.14420700
v 40.00000000 29.00000000 33.84847641
v 40.00000000 30.00000000 16.15671349
v 40.00000000 30.00000000 33.87887955
v 40.00000000 31.00000000 16.15836143
v 40.00000000 31.00000000 33.86885452
v 40.00000000 32.00000000 16.20993996
v 40.00000000 32.00000000 33.95281601
v 40.00000000 33.00000000 16.11362648
v 40.00000000 33.00000000 33.98706818
v 39.17776108 34.00000000 16.00000000
v 40.00000000 34.00000000 16.04517174
v 40.00000000 34.00000000 33.94289780
v 40.00000000 35.00000000 16.11594391
v 40.00000000 35.00000000 33.86022949
v 40.00000000 36.00000000 16.09755135
v 40.00000000 36.00000000 33.95970535
v 40.00000000 37.00000000 16.12544823
v 40.00000000 37.00000000 33.89255524
v 39.08431625 38.00000000 16.00000000
v 40.00000000 38.00000000 16.10017967
v 40.00000000 37.76644135 34.00000000
v 39.41170502 38.00000000 34.00000000
v 40.00000000 38.00000000 34.03234482
v 40.00000000 39.00000000 16.20002747
v 40.00000000 38.50530624 34.00000000
v 39.65919495 39.00000000 34.00000000
v 40.00000000 39.00000000 33.93216705
v 40.00000000 39.53041077 17.00000000
v 40.00000000 39.62731171 18.00000000
v 40.00000000 39.59779358 19.00000000
v 40.00000000 39.57822037 20.00000000
v 40.00000000 39.56051254 21.00000000
v 40.00000000 39.60277939 22.00000000
v 40.00000000 39.59090424 23.00000000
v 40.00000000 39.60025787 24.00000000
v 40.00000000 39.60308838 25.00000000
v 40.00000000 39.53409195 26.00000000
v 40.00000000 39.59047318 27.00000000
v 40.00000000 39.61793900 28.00000000
v 40.00000000 39.55760956 29.00000000
v 40.00000000 39.58660126 30.00000000
v 40.00000000 39.57995224 31.00000000
v 40.00000000 39.68206406 32.00000000
v 40.00000000 39.60031128 33.00000000
v 41.00000000 5.61425114 17.00000000
v 41.00000000 6.00000000 16.22061539
v 41.00000000 5.51824045 18.00000000
v 41.00000000 5.50389385 19.00000000
v 41.00000000 5.56585836 20.00000000
v 41.00000000 5.52841282 21.00000000
v 41.00000000 5.51877975 22.00000000
v 41.00000000 5.53749943 23.00000000
v 41.00000000 5.56212997 24.00000000
v 41.00000000 5.49714804 25.00000000
v 41.00000000 5.58137894 26.00000000
v 41.00000000 5.46588278 27.00000000
v 41.00000000 5.56844044 28.00000000
v 41.00000000 5.51112556 29.00000000
v 41.00000000 5.49483681 30.00000000
v 41.00000000 5.49335241 31.00000000
v 41.00000000 5.39369869 32.00000000
v 41.00000000 5.60898161 33.00000000
v 41.00000000 6.00000000 33.50460815
v 41.00000000 7.00000000 16.18831444
v 40.27758026 7.00000000 34.00000000
v 41.00000000 7.00000000 33.90956879
v 41.00000000 8.00000000 16.15223694
v 41.00000000 8.00000000 33.83956146
v 41.00000000 9.00000000 16.10652351
v 41.00000000 9.00000000 33.83267212
v 41.00000000 10.00000000 16.23069572
v 41.00000000 10.00000000 33.91599655
v 41.00000000 11.00000000 16.23628807
v 41.00000000 11.00000000 33.76700974
v 41.00000000 12.00000000 16.32073021
v 41.00000000 12.00000000 33.76573944
v 41.00000000 13.00000000 16.16144562
v 41.00000000 13.00000000 33.85532761
v 41.00000000 14.00000000 16.23628044
v 41.00000000 14.00000000 33.83974075
v 41.00000000 15.00000000 16.20960999
v 41.00000000 15.00000000 33.85622406
v 41.00000000 16.00000000 16.25381660
v 41.00000000 16.00000000 33.77593231
v 41.00000000 17.00000000 16.31163406
v 41.00000000 17.00000000 33.79424286
v 41.00000000 18.00000000 16.17840004
v 41.00000000 18.00000000 33.86267471
v 41.00000000 19.00000000 16.22424507
v 41.00000000 19.00000000 33.81290054
v 41.00000000 20.00000000 16.29833603
v 41.00000000 20.00000000 33.79279327
v 41.00000000 21.00000000 16.21012497
v 41.00000000 21.00000000 33.82960892
v 41.00000000 22.00000000 16.26586723
v 41.00000000 22.00000000 33.82800674
v 41.00000000 23.00000000 16.24254036
v 41.00000000 23.00000000 33.80130005
v 41.00000000 24.00000000 16.24503136
v 41.00000000 24.00000000 33.74135971
v 41.00000000 25.00000000 16.22827721
v 41.00000000 25.00000000 33.82704544
v 41.00000000 26.00000000 16.25235558
v 41.00000000 26.00000000 33.83003616
v 41.00000000 27.00000000 16.18407059
v 41.00000000 27.00000000 33.80963898
v 41.00000000 28.00000000 16.20775604
v 41.00000000 28.00000000 33.81211472
v 41.00000000 29.00000000 16.23817253
v 41.00000000 29.00000000 33.76446915
v 41.00000000 30.00000000 16.18604469
v 41.00000000 30.00000000 33.78920746
v 41.00000000 31.00000000 16.27266693
v 41.00000000 31.00000000 33.82804489
v 41.00000000 32.00000000 16.23217773
v 41.00000000 32.00000000 33.75080872
v 41.00000000 33.00000000 16.22366905
v 41.00000000 33.00000000 33.77787781
v 41.00000000 34.00000000 16.18703461
v 41.00000000 34.00000000 33.79317856
v 41.00000000 35.00000000 16.21536636
v 41.00000000 35.00000000 33.78866196
v 41.00000000 36.00000000 16.24107361
v 41.00000000 36.00000000 33.80361176
v 41.00000000 37.00000000 16.16054916
v 41.00000000 37.00000000 33.86173248
v 41.00000000 38.00000000 16.08805847
v 40.67302704 38.00000000 34.00000000
v 41.00000000 38.00000000 33.97928238
v 41.00000000 39.00000000 16.40658951
v 41.00000000 39.00000000 33.54831314
v 41.00000000 39.45276260 17.00000000
v 41.00000000 39.51768875 18.00000000
v 41.00000000 39.41836166 19.00000000
v 41.00000000 39.40335846 20.00000000
v 41.00000000 39.46099091 21.00000000
v 41.00000000 39.37377167 22.00000000
v 41.00000000 39.45779800 23.00000000
v 41.00000000 39.40648651 24.00000000
v 41.00000000 39.45547867 25.00000000
v 41.00000000 39.40487671 26.00000000
v 41.00000000 39.37997818 27.00000000
v 41.00000000 39.41013336 28.00000000
v 41.00000000 39.47232437 29.00000000
v 41.00000000 39.35680389 30.00000000
v 41.00000000 39.34801483 31.00000000
v 41.00000000 39.46162415 32.00000000
v 41.00000000 39.35684586 33.00000000
v 42.00000000 5.60421848 17.00000000
v 42.00000000 6.00000000 16.52189636
v 42.00000000 5.55119181 18.00000000
v 42.00000000 5.61631155 19.00000000
v 42.00000000 5.59209204 20.00000000
v 42.00000000 5.56454849 21.00000000
v 42.00000000 5.60733223 22.00000000
v 42.00000000 5.59537315 23.00000000
v 42.00000000 5.57952261 24.00000000
v 42.00000000 5.55445480 25.00000000
v 42.00000000 5.56829548 26.00000000
v 42.00000000 5.56239748 27.00000000
v 42.00000000 5.60500002 28.00000000
v 42.00000000 5.56564283 29.00000000
v 42.00000000 5.62395620 30.00000000
v 42.00000000 5.60769796 31.00000000
v 42.00000000 5.55562735 32.00000000
v 42.00000000 5.73100328 33.00000000
v 42.00000000 6.00000000 33.45900726
v 42.00000000 7.00000000 16.23787117
v 42.00000000 7.00000000 33.73323822
v 42.00000000 8.00000000 16.24781227
v 42.00000000 8.00000000 33.76508331
v 42.00000000 9.00000000 16.35137558
v 42.00000000 9.00000000 33.67139053
v 42.00000000 10.00000000 16.39122772
v 42.00000000 10.00000000 33.72371292
v 42.00000000 11.00000000 16.38323402
v 42.00000000 11.00000000 33.67727661
v 42.00000000 12.00000000 16.30870438
v 42.00000000 12.00000000 33.71693039
v 42.00000000 13.00000000 16.34454918
v 42.00000000 13.00000000 33.70820618
v 42.00000000 14.00000000 16.34704208
v 42.00000000 14.00000000 33.77423859
v 42.00000000 15.00000000 16.33551788
v 42.00000000 15.00000000 33.68320847
v 42.00000000 16.00000000 16.41707230
v 42.00000000 16.00000000 33.70046234
v 42.00000000 17.00000000 16.33982658
v 42.00000000 17.00000000 33.72705460
v 42.00000000 18.00000000 16.30326843
v 42.00000000 18.00000000 33.71567917
v 42.00000000 19.00000000 16.30670357
v 42.00000000 19.00000000 33.63570786
v 42.00000000 20.00000000 16.30084801
v 42.00000000 20.00000000 33.72800446
v 42.00000000 21.00000000 16.32118607
v 42.00000000 21.00000000 33.68317032
v 42.00000000 22.00000000 16.36902428
v 42.00000000 22.00000000 33.77688980
v 42.00000000 23.00000000 16.27789688
v 42.00000000 23.00000000 33.67826080
v 42.00000000 24.00000000 16.39180565
v 42.00000000 24.00000000 33.71422195
v 42.00000000 25.00000000 16.37687492
v 42.00000000 25.00000000 33.71493149
v 42.00000000 26.00000000 16.33402443
v 42.00000000 26.00000000 33.73620987
v 42.00000000 27.00000000 16.31840706
v 42.00000000 27.00000000 33.66466141
v 42.00000000 28.00000000 16.37693214
v 42.00000000 28.00000000 33.79051208
v 42.00000000 29.00000000 16.30130768
v 42.00000000 29.00000000 33.72397995
v 42.00000000 30.00000000 16.34950066
v 42.00000000 30.00000000 33.78610611
v 42.00000000 31.00000000 16.30307198
v 42.00000000 31.00000000 33.70776749
v 42.00000000 32.00000000 16.32144737
v 42.00000000 32.00000000 33.74826050
v 42.00000000 33.00000000 16.35980225
v 42.00000000 33.00000000 33.77558899
v 42.00000000 34.00000000 16.37653160
v 42.00000000 34.00000000 33.75097275
v 42.00000000 35.00000000 16.28958321
v 42.00000000 35.00000000 33.70505524
v 42.00000000 36.00000000 16.35554695
v 42.00000000 36.00000000 33.79798889
v 42.00000000 37.00000000 16.21455002
v 42.00000000 37.00000000 33.71910858
v 42.00000000 38.00000000 16.32510757
v 42.00000000 38.00000000 33.79727936
v 42.00000000 39.00000000 16.75417328
v 42.00000000 39.00000000 33.35642242
v 42.00000000 39.12724304 17.00000000
v 42.00000000 39.32582092 18.00000000
v 42.00000000 39.31190491 19.00000000
v 42.00000000 39.21102524 20.00000000
v 42.00000000 39.25901031 21.00000000
v 42.00000000 39.27051926 22.00000000
v 42.00000000 39.29248428 23.00000000
v 42.00000000 39.27481461 24.00000000
v 42.00000000 39.27054214 25.00000000
v 42.00000000 39.31597519 26.00000000
v 42.00000000 39.27956772 27.00000000
v 42.00000000 39.22644424 28.00000000
v 42.00000000 39.35459518 29.00000000
v 42.00000000 39.28199387 30.00000000
v 42.00000000 39.27473831 31.00000000
v 42.00000000 39.30507660 32.00000000
v 42.00000000 39.18046188 33.00000000
v 43.00000000 5.70990038 17.00000000
v 43.00000000 6.00000000 16.54936600
v 43.00000000 5.55323839 18.00000000
v 43.00000000 5.61376238 19.00000000
v 43.00000000 5.66150808 20.00000000
v 43.00000000 5.66363001 21.00000000
v 43.00000000 5.55890799 22.00000000
v 43.00000000 5.70712090 23.00000000
v 43.00000000 5.66066742 24.00000000
v 43.00000000 5.65449333 25.00000000
v 43.00000000 5.65399837 26.00000000
v 43.00000000 5.62257767 27.00000000
v 43.00000000 5.60814095 28.00000000
v 43.00000000 5.68272638 29.00000000
v 43.00000000 5.62543392 30.00000000
v 43.00000000 5.70683861 31.00000000
v 43.00000000 5.53871870 32.00000000
v 43.00000000 5.60562372 33.00000000
v 43.00000000 6.00000000 33.42929077
v 43.00000000 7.00000000 16.38616180
v 43.00000000 7.00000000 33.60544586
v 43.00000000 8.00000000 16.44199562
v 43.00000000 8.00000000 33.60182190
v 43.00000000 9.00000000 16.43003464
v 43.00000000 9.00000000 33.61662292
v 43.00000000 10.00000000 16.41730690
v 43.00000000 10.00000000 33.69906235
v 43.00000000 11.00000000 16.43632698
v 43.00000000 11.00000000 33.63592148
v 43.00000000 12.00000000 16.35545349
v 43.00000000 12.00000000 33.64975739
v 43.00000000 13.00000000 16.35247993
v 43.00000000 13.00000000 33.61043167
v 43.00000000 14.00000000 16.50005913
v 43.00000000 14.00000000 33.60036469
v 43.00000000 15.00000000 16.42379951
v 43.00000000 15.00000000 33.57618713
v 43.00000000 16.00000000 16.39371490
v 43.00000000 16.00000000 33.59921646
v 43.00000000 17.00000000 16.44003487
v 43.00000000 17.00000000 33.66365433
v 43.00000000 18.00000000 16.41982269
v 43.00000000 18.00000000 33.62166214
v 43.00000000 19.00000000 16.44388199
v 43.00000000 19.00000000 33.67079163
v 43.00000000 20.00000000 16.37209129
v 43.00000000 20.00000000 33.65042114
v 43.00000000 21.00000000 16.42452240
v 43.00000000 21.00000000 33.64816284
v 43.00000000 22.00000000 16.45536995
v 43.00000000 22.00000000 33.61876297
v 43.00000000 23.00000000 16.42539215
v 43.00000000 23.00000000 33.61389542
v 43.00000000 24.00000000 16.40609169
v 43.00000000 24.00000000 33.69015503
v 43.00000000 25.00000000 16.41214371
v 43.00000000 25.00000000 33.66858292
v 43.00000000 26.00000000 16.40286827
v 43.00000000 26.00000000 33.68383789
v 43.00000000 27.00000000 16.45212936
v 43.00000000 27.00000000 33.57889175
v 43.00000000 28.00000000 16.45784187
v 43.00000000 28.00000000 33.65651321
v 43.00000000 29.00000000 16.38076591
v 43.00000000 29.00000000 33.60837555
v 43.00000000 30.00000000 16.45719147
v 43.00000000 30.00000000 33.61771774
v 43.00000000 31.00000000 16.46732903
v 43.00000000 31.00000000 33.61355972
v 43.00000000 32.00000000 16.40220642
v 43.00000000 32.00000000 33.62091064
v 43.00000000 33.00000000 16.45908737
v 43.00000000 33.00000000 33.61991882
v 43.00000000 34.00000000 16.39019394
v 43.00000000 34.00000000 33.63925171
v 43.00000000 35.00000000 16.40286064
v 43.00000000 35.00000000 33.63454437
v 43.00000000 36.00000000 16.41784477
v 43.00000000 36.00000000 33.62036896
v 43.00000000 37.00000000 16.34051895
v 43.00000000 37.00000000 33.65351486
v 43.00000000 38.00000000 16.40722656
v 43.00000000 38.00000000 33.67995071
v 43.00000000 39.00000000 16.71318054
v 43.00000000 39.00000000 33.16728210
v 43.00000000 39.17995071 17.00000000
v 43.00000000 39.20403290 18.00000000
v 43.00000000 39.22745514 19.00000000
v 43.00000000 39.15993118 20.00000000
v 43.00000000 39.18711853 21.00000000
v 43.00000000 39.16130829 22.00000000
v 43.00000000 39.20557785 23.00000000
v 43.00000000 39.12994003 24.00000000
v 43.00000000 39.10516357 25.00000000
v 43.00000000 39.12202454 26.00000000
v 43.00000000 39.16492462 27.00000000
v 43.00000000 39.15519714 28.00000000
v 43.00000000 39.16697693 29.00000000
v 43.00000000 39.09715652 30.00000000
v 43.00000000 39.24797440 31.00000000
v 43.00000000 39.13489151 32.00000000
v 43.00000000 39.08107376 33.00000000
v 44.00000000 5.75624228 17.00000000
v 44.00000000 6.00000000 16.74585533
v 44.00000000 5.81166029 18.00000000
v 44.00000000 5.72863436 19.00000000
v 44.00000000 5.75608921 20.00000000
v 44.00000000 5.77929926 21.00000000
v 44.00000000 5.80803967 22.00000000
v 44.00000000 5.81548500 23.00000000
v 44.00000000 5.75501823 24.00000000
v 44.00000000 5.85100031 25.00000000
v 44.00000000 5.81284571 26.00000000
v 44.00000000 5.80221510 27.00000000
v 44.00000000 5.80716324 28.00000000
v 44.00000000 5.76381350 29.00000000
v 44.00000000 5.77333879 30.00000000
v 44.00000000 5.79115295 31.00000000
v 44.00000000 5.72506952 32.00000000
v 44.00000000 5.88679695 33.00000000
v 44.00000000 6.00000000 33.19678116
v 44.00000000 7.00000000 16.48540878
v 44.00000000 7.00000000 33.57181168
v 44.00000000 8.00000000 16.71635628
v 44.00000000 8.00000000 33.45924759
v 44.00000000 9.00000000 16.75508499
v 44.00000000 9.00000000 33.36188889
v 44.00000000 10.00000000 16.64246559
v 44.00000000 10.00000000 33.36005402
v 44.00000000 11.00000000 16.62545013
v 44.00000000 11.00000000 33.38966370
v 44.00000000 12.00000000 16.70258331
v 44.00000000 12.00000000 33.43869400
v 44.00000000 13.00000000 16.58365822
v 44.00000000 13.00000000 33.40288925
v 44.00000000 14.00000000 16.58206940
v 44.00000000 14.00000000 33.41561508
v 44.00000000 15.00000000 16.58976746
v 44.00000000 15.00000000 33.39136887
v 44.00000000 16.00000000 16.56485367
v 44.00000000 16.00000000 33.45978546
v 44.00000000 17.00000000 16.61667442
v 44.00000000 17.00000000 33.41398621
v 44.00000000 18.00000000 16.58668137
v 44.00000000 18.00000000 33.44262695
v 44.00000000 19.00000000 16.58749390
v 44.00000000 19.00000000 33.36653137
v 44.00000000 20.00000000 16.69662094
v 44.00000000 20.00000000 33.46343613
v 44.00000000 21.00000000 16.66251564
v 44.00000000 21.00000000 33.38354111
v 44.00000000 22.00000000 16.60214806
v 44.00000000 22.00000000 33.38715363
v 44.00000000 23.00000000 16.57549667
v 44.00000000 23.00000000 33.39225769
v 44.00000000 24.00000000 16.62468719
v 44.00000000 24.00000000 33.41532516
v 44.00000000 25.00000000 16.61335564
v 44.00000000 25.00000000 33.37366104
v 44.00000000 26.00000000 16.61430550
v 44.00000000 26.00000000 33.38057327
v 44.00000000 27.00000000 16.64986229
v 44.00000000 27.00000000 33.37778854
v 44.00000000 28.00000000 16.56207657
v 44.00000000 28.00000000 33.44215393
v 44.00000000 29.00000000 16.65075302
v 44.00000000 29.00000000 33.39722443
v 44.00000000 30.00000000 16.59744644
v 44.00000000 30.00000000 33.40307999
v 44.00000000 31.00000000 16.63471794
v 44.00000000 31.00000000 33.43193054
v 44.00000000 32.00000000 16.65178108
v 44.00000000 32.00000000 33.35889435
v 44.00000000 33.00000000 16.62026978
v 44.00000000 33.00000000 33.37593842
v 44.00000000 34.00000000 16.63447762
v 44.00000000 34.00000000 33.40241241
v 44.00000000 35.00000000 16.72761726
v 44.00000000 35.00000000 33.30443954
v 44.00000000 36.00000000 16.58261681
v 44.00000000 36.00000000 33.37179184
v 44.00000000 37.00000000 16.71007538
v 44.00000000 37.00000000 33.41226578
v 44.00000000 38.00000000 16.55541420
v 44.00000000 38.00000000 33.53981400
v 44.00000000 38.80930710 17.00000000
v 43.72647476 39.00000000 17.00000000
v 44.00000000 39.00000000 17.56615639
v 43.69935608 39.00000000 24.00000000
v 44.00000000 39.00000000 23.17300797
v 44.00000000 38.84464645 24.00000000
v 44.00000000 39.00000000 24.39764023
v 43.76523590 39.00000000 26.00000000
v 44.00000000 39.00000000 25.70504379
v 44.00000000 38.92706299 26.00000000
v 44.00000000 39.00000000 26.41750336
v 43.55724335 39.00000000 33.00000000
v 44.00000000 39.00000000 32.56356430
v 44.00000000 38.86107254 33.00000000
v 44.00000000 39.05577469 18.00000000
v 44.00000000 39.02116776 19.00000000
v 44.00000000 39.00270081 20.00000000
v 44.00000000 39.00658417 21.00000000
v 44.00000000 39.05930710 22.00000000
v 44.00000000 39.01306152 23.00000000
v 44.00000000 39.09050369 25.00000000
v 44.00000000 39.05053711 27.00000000
v 44.00000000 39.01480484 28.00000000
v 44.00000000 39.03907776 29.00000000
v 44.00000000 39.02853394 30.00000000
v 44.00000000 39.02484131 31.00000000
v 44.00000000 39.07785797 32.00000000
v 44.28420639 6.00000000 17.00000000
v 44.22107315 6.00000000 18.00000000
v 44.32842255 6.00000000 19.00000000
v 44.30498505 6.00000000 20.00000000
v 44.30516052 6.00000000 21.00000000
v 44.26339340 6.00000000 22.00000000
v 44.21741867 6.00000000 23.00000000
v 44.29239273 6.00000000 24.00000000
v 44.21179581 6.00000000 25.00000000
v 44.23131561 6.00000000 26.00000000
v 44.26720047 6.00000000 27.00000000
v 44.24102783 6.00000000 28.00000000
v 44.39314270 6.00000000 29.00000000
v 44.26995850 6.00000000 30.00000000
v 44.28374863 6.00000000 31.00000000
v 44.33113480 6.00000000 32.00000000
v 44.15821075 6.00000000 33.00000000
v 44.47393799 7.00000000 17.00000000
v 44.46902847 7.00000000 18.00000000
v 44.55361557 7.00000000 19.00000000
v 44.49469376 7.00000000 20.00000000
v 44.52244186 7.00000000 21.00000000
v 44.48873901 7.00000000 22.00000000
v 44.50668335 7.00000000 23.00000000
v 44.46841049 7.00000000 24.00000000
v 44.56921768 7.00000000 25.00000000
v 44.44040298 7.00000000 26.00000000
v 44.53524399 7.00000000 27.00000000
v 44.45090103 7.00000000 28.00000000
v 44.46841812 7.00000000 29.00000000
v 44.40704346 7.00000000 30.00000000
v 44.54183197 7.00000000 31.00000000
v 44.48722839 7.00000000 32.00000000
v 44.46337128 7.00000000 33.00000000
v 44.27361298 8.00000000 17.00000000
v 44.38299942 8.00000000 18.00000000
v 44.39517593 8.00000000 19.00000000
v 44.35279083 8.00000000 20.00000000
v 44.40359497 8.00000000 21.00000000
v 44.29119873 8.00000000 22.00000000
v 44.40156174 8.00000000 23.00000000
v 44.42374420 8.00000000 24.00000000
v 44.41946030 8.00000000 25.00000000
v 44.36795807 8.00000000 26.00000000
v 44.34502792 8.00000000 27.00000000
v 44.33971405 8.00000000 28.00000000
v 44.37035751 8.00000000 29.00000000
v 44.29650879 8.00000000 30.00000000
v 44.42623901 8.00000000 31.00000000
v 44.42963409 8.00000000 32.00000000
v 44.38191986 8.00000000 33.00000000
v 44.29927826 9.00000000 17.00000000
v 44.36618423 9.00000000 18.00000000
v 44.30322647 9.00000000 19.00000000
v 44.39248276 9.00000000 20.00000000
v 44.29279327 9.00000000 21.00000000
v 44.36394501 9.00000000 22.00000000
v 44.32501602 9.00000000 23.00000000
v 44.36473083 9.00000000 24.00000000
v 44.41727066 9.00000000 25.00000000
v 44.38097382 9.00000000 26.00000000
v 44.37794113 9.00000000 27.00000000
v 44.34923935 9.00000000 28.00000000
v 44.39197540 9.00000000 29.00000000
v 44.37190247 9.00000000 30.00000000
v 44.30824661 9.00000000 31.00000000
v 44.40172577 9.00000000 32.00000000
v 44.31202698 9.00000000 33.00000000
v 44.39664078 10.00000000 17.00000000
v 44.34609604 10.00000000 18.00000000
v 44.38938141 10.00000000 19.00000000
v 44.40945435 10.00000000 20.00000000
v 44.39623642 10.00000000 21.00000000
v 44.44551849 10.00000000 22.00000000
v 44.41175461 10.00000000 23.00000000
v 44.29141617 10.00000000 24.00000000
v 44.34532166 10.00000000 25.00000000
v 44.32729340 10.00000000 26.00000000
v 44.37783432 10.00000000 27.00000000
v 44.40079117 10.00000000 28.00000000
v 44.42118454 10.00000000 29.00000000
v 44.41449738 10.00000000 30.00000000
v 44.35289001 10.00000000 31.00000000
v 44.34762955 10.00000000 32.00000000
v 44.32058716 10.00000000 33.00000000
v 44.37512589 11.00000000 17.00000000
v 44.44681549 11.00000000 18.00000000
v 44.41552734 11.00000000 19.00000000
v 44.42724228 11.00000000 20.00000000
v 44.32394409 11.00000000 21.00000000
v 44.29552078 11.00000000 22.00000000
v 44.29143906 11.00000000 23.00000000
v 44.28498459 11.00000000 24.00000000
v 44.31560516 11.00000000 25.00000000
v 44.29609680 11.00000000 26.00000000
v 44.35644913 11.00000000 27.00000000
v 44.32012558 11.00000000 28.00000000
v 44.24248886 11.00000000 29.00000000
v 44.32133865 11.00000000 30.00000000
v 44.35194397 11.00000000 31.00000000
v 44.38658905 11.00000000 32.00000000
v 44.32897568 11.00000000 33.00000000
v 44.27745438 12.00000000 17.00000000
v 44.33108521 12.00000000 18.00000000
v 44.32318115 12.00000000 19.00000000
v 44.34521866 12.00000000 20.00000000
v 44.17037582 12.00000000 21.00000000
v 44.17963028 12.00000000 22.00000000
v 44.24417496 12.00000000 23.00000000
v 44.22308350 12.00000000 24.00000000
v 44.23206329 12.00000000 25.00000000
v 44.20327759 12.00000000 26.00000000
v 44.16181564 12.00000000 27.00000000
v 44.16817093 12.00000000 28.00000000
v 44.24579620 12.00000000 29.00000000
v 44.19727325 12.00000000 30.00000000
v 44.29825592 12.00000000 31.00000000
v 44.33401108 12.00000000 32.00000000
v 44.37255096 12.00000000 33.00000000
v 44.35608292 13.00000000 17.00000000
v 44.41599274 13.00000000 18.00000000
v 44.35139465 13.00000000 19.00000000
v 44.41358566 13.00000000 20.00000000
v 44.25576401 13.00000000 21.00000000
v 44.23386002 13.00000000 22.00000000
v 44.22133255 13.00000000 23.00000000
v 44.20016098 13.00000000 24.00000000
v 44.26887894 13.00000000 25.00000000
v 44.21477890 13.00000000 26.00000000
v 44.18363190 13.00000000 27.00000000
v 44.17923355 13.00000000 28.00000000
v 44.21920776 13.00000000 29.00000000
v 44.15126419 13.00000000 30.00000000
v 44.28861237 13.00000000 31.00000000
v 44.39463806 13.00000000 32.00000000
v 44.40208054 13.00000000 33.00000000
v 44.36917877 14.00000000 17.00000000
v 44.34235764 14.00000000 18.00000000
v 44.29697800 14.00000000 19.00000000
v 44.33951187 14.00000000 20.00000000
v 44.24715805 14.00000000 21.00000000
v 44.22280121 14.00000000 22.00000000
v 44.21062469 14.00000000 23.00000000
v 44.20721436 14.00000000 24.00000000
v 44.21275711 14.00000000 25.00000000
v 44.26835632 14.00000000 26.00000000
v 44.16346359 14.00000000 27.00000000
v 44.21844864 14.00000000 28.00000000
v 44.23537064 14.00000000 29.00000000
v 44.21219635 14.00000000 30.00000000
v 44.19566727 14.00000000 31.00000000
v 44.37693405 14.00000000 32.00000000
v 44.39607620 14.00000000 33.00000000
v 44.34748840 15.00000000 17.00000000
v 44.38666916 15.00000000 18.00000000
v 44.43459320 15.00000000 19.00000000
v 44.35889053 15.00000000 20.00000000
v 44.20594788 15.00000000 21.00000000
v 44.23017502 15.00000000 22.00000000
v 44.19573593 15.00000000 23.00000000
v 44.19736099 15.00000000 24.00000000
v 44.22141647 15.00000000 25.00000000
v 44.24754715 15.00000000 26.00000000
v 44.22314453 15.00000000 27.00000000
v 44.20135498 15.00000000 28.00000000
v 44.22130966 15.00000000 29.00000000
v 44.19427872 15.00000000 30.00000000
v 44.28442383 15.00000000 31.00000000
v 44.38499832 15.00000000 32.00000000
v 44.32018280 15.00000000 33.00000000
v 44.36228561 16.00000000 17.00000000
v 44.35754395 16.00000000 18.00000000
v 44.39419556 16.00000000 19.00000000
v 44.36388397 16.00000000 20.00000000
v 44.25522232 16.00000000 21.00000000
v 44.23207855 16.00000000 22.00000000
v 44.24414444 16.00000000 23.00000000
v 44.18512726 16.00000000 24.00000000
v 44.18314743 16.00000000 25.00000000
v 44.25922775 16.00000000 26.00000000
v 44.18148422 16.00000000 27.00000000
v 44.22973251 16.00000000 28.00000000
v 44.18734360 16.00000000 29.00000000
v 44.20684052 16.00000000 30.00000000
v 44.28146362 16.00000000 31.00000000
v 44.37567139 16.00000000 32.00000000
v 44.36926270 16.00000000 33.00000000
v 44.36231613 17.00000000 17.00000000
v 44.36848831 17.00000000 18.00000000
v 44.33757782 17.00000000 19.00000000
v 44.38116837 17.00000000 20.00000000
v 44.22723770 17.00000000 21.00000000
v 44.24625015 17.00000000 22.00000000
v 44.19768906 17.00000000 23.00000000
v 44.22021866 17.00000000 24.00000000
v 44.21905518 17.00000000 25.00000000
v 44.21625137 17.00000000 26.00000000
v 44.24974442 17.00000000 27.00000000
v 44.21166229 17.00000000 28.00000000
v 44.21540833 17.00000000 29.00000000
v 44.24296570 17.00000000 30.00000000
v 44.29014969 17.00000000 31.00000000
v 44.38880920 17.00000000 32.00000000
v 44.31825256 17.00000000 33.00000000
v 44.40030670 18.00000000 17.00000000
v 44.37681198 18.00000000 18.00000000
v 44.37533569 18.00000000 19.00000000
v 44.34709930 18.00000000 20.00000000
v 44.21598816 18.00000000 21.00000000
v 44.20958328 18.00000000 22.00000000
v 44.22613144 18.00000000 23.00000000
v 44.22245407 18.00000000 24.00000000
v 44.24253845 18.00000000 25.00000000
v 44.21831131 18.00000000 26.00000000
v 44.16411591 18.00000000 27.00000000
v 44.20184326 18.00000000 28.00000000
v 44.13741684 18.00000000 29.00000000
v 44.20443344 18.00000000 30.00000000
v 44.24349213 18.00000000 31.00000000
v 44.37405396 18.00000000 32.00000000
v 44.35707474 18.00000000 33.00000000
v 44.39854431 19.00000000 17.00000000
v 44.40948868 19.00000000 18.00000000
v 44.36678696 19.00000000 19.00000000
v 44.41371918 19.00000000 20.00000000
v 44.19071960 19.00000000 21.00000000
v 44.23698044 19.00000000 22.00000000
v 44.18149567 19.00000000 23.00000000
v 44.22120285 19.00000000 24.00000000
v 44.25899124 19.00000000 25.00000000
v 44.27505875 19.00000000 26.00000000
v 44.23435211 19.00000000 27.00000000
v 44.18826294 19.00000000 28.00000000
v 44.23802948 19.00000000 29.00000000
v 44.19785690 19.00000000 30.00000000
v 44.31622314 19.00000000 31.00000000
v 44.42008972 19.00000000 32.00000000
v 44.29127502 19.00000000 33.00000000
v 44.29454803 20.00000000 17.00000000
v 44.34003067 20.00000000 18.00000000
v 44.35089111 20.00000000 19.00000000
v 44.37900162 20.00000000 20.00000000
v 44.20291138 20.00000000 21.00000000
v 44.25343704 20.00000000 22.00000000
v 44.21732330 20.00000000 23.00000000
v 44.17887878 20.00000000 24.00000000
v 44.23092651 20.00000000 25.00000000
v 44.17558289 20.00000000 26.00000000
v 44.16550064 20.00000000 27.00000000
v 44.19292450 20.00000000 28.00000000
v 44.28792191 20.00000000 29.00000000
v 44.15491486 20.00000000 30.00000000
v 44.23295593 20.00000000 31.00000000
v 44.32291794 20.00000000 32.00000000
v 44.38651276 20.00000000 33.00000000
v 44.35206985 21.00000000 17.00000000
v 44.38250351 21.00000000 18.00000000
v 44.38859940 21.00000000 19.00000000
v 44.40296936 21.00000000 20.00000000
v 44.21315765 21.00000000 21.00000000
v 44.23640442 21.00000000 22.00000000
v 44.17534256 21.00000000 23.00000000
v 44.20228958 21.00000000 24.00000000
v 44.20378113 21.00000000 25.00000000
v 44.19897842 21.00000000 26.00000000
v 44.21112061 21.00000000 27.00000000
v 44.26197815 21.00000000 28.00000000
v 44.22050476 21.00000000 29.00000000
v 44.20295715 21.00000000 30.00000000
v 44.28956223 21.00000000 31.00000000
v 44.40054321 21.00000000 32.00000000
v 44.34545898 21.00000000 33.00000000
v 44.36651993 22.00000000 17.00000000
v 44.39440155 22.00000000 18.00000000
v 44.34650040 22.00000000 19.00000000
v 44.34076309 22.00000000 20.00000000
v 44.25114059 22.00000000 21.00000000
v 44.23839569 22.00000000 22.00000000
v 44.26448822 22.00000000 23.00000000
v 44.24917221 22.00000000 24.00000000
v 44.20920944 22.00000000 25.00000000
v 44.21605301 22.00000000 26.00000000
v 44.26579666 22.00000000 27.00000000
v 44.14668274 22.00000000 28.00000000
v 44.19213486 22.00000000 29.00000000
v 44.20308685 22.00000000 30.00000000
v 44.19778824 22.00000000 31.00000000
v 44.36107635 22.00000000 32.00000000
v 44.35746002 22.00000000 33.00000000
v 44.35538483 23.00000000 17.00000000
v 44.43452454 23.00000000 18.00000000
v 44.42297363 23.00000000 19.00000000
v 44.34686661 23.00000000 20.00000000
v 44.22349167 23.00000000 21.00000000
v 44.23229218 23.00000000 22.00000000
v 44.21606445 23.00000000 23.00000000
v 44.24076843 23.00000000 24.00000000
v 44.21046448 23.00000000 25.00000000
v 44.21689606 23.00000000 26.00000000
v 44.24716949 23.00000000 27.00000000
v 44.17768478 23.00000000 28.00000000
v 44.18307495 23.00000000 29.00000000
v 44.18011475 23.00000000 30.00000000
v 44.31336975 23.00000000 31.00000000
v 44.40972137 23.00000000 32.00000000
v 44.35869980 23.00000000 33.00000000
v 44.32501221 24.00000000 17.00000000
v 44.35605621 24.00000000 18.00000000
v 44.36023331 24.00000000 19.00000000
v 44.32437897 24.00000000 20.00000000
v 44.22500229 24.00000000 21.00000000
v 44.28113174 24.00000000 22.00000000
v 44.20930862 24.00000000 23.00000000
v 44.18930054 24.00000000 24.00000000
v 44.17497253 24.00000000 25.00000000
v 44.23601151 24.00000000 26.00000000
v 44.20060730 24.00000000 27.00000000
v 44.20280838 24.00000000 28.00000000
v 44.20280838 24.00000000 29.00000000
v 44.19272232 24.00000000 30.00000000
v 44.26783752 24.00000000 31.00000000
v 44.39196396 24.00000000 32.00000000
v 44.37564850 24.00000000 33.00000000
v 44.38636398 25.00000000 17.00000000
v 44.40795898 25.00000000 18.00000000
v 44.37881088 25.00000000 19.00000000
v 44.41444778 25.00000000 20.00000000
v 44.24999237 25.00000000 21.00000000
v 44.18835068 25.00000000 22.00000000
v 44.19234085 25.00000000 23.00000000
v 44.26375580 25.00000000 24.00000000
v 44.21099091 25.00000000 25.00000000
v 44.26187897 25.00000000 26.00000000
v 44.23401642 25.00000000 27.00000000
v 44.24580765 25.00000000 28.00000000
v 44.22791290 25.00000000 29.00000000
v 44.18669128 25.00000000 30.00000000
v 44.27252579 25.00000000 31.00000000
v 44.34848404 25.00000000 32.00000000
v 44.35073090 25.00000000 33.00000000
v 44.38804626 26.00000000 17.00000000
v 44.28542328 26.00000000 18.00000000
v 44.33309555 26.00000000 19.00000000
v 44.34520340 26.00000000 20.00000000
v 44.24187088 26.00000000 21.00000000
v 44.22750473 26.00000000 22.00000000
v 44.19661331 26.00000000 23.00000000
v 44.23723602 26.00000000 24.00000000
v 44.24731064 26.00000000 25.00000000
v 44.21340561 26.00000000 26.00000000
v 44.16857147 26.00000000 27.00000000
v 44.20784760 26.00000000 28.00000000
v 44.20784760 26.00000000 29.00000000
v 44.21221542 26.00000000 30.00000000
v 44.30631638 26.00000000 31.00000000
v 44.34983826 26.00000000 32.00000000
v 44.38035965 26.00000000 33.00000000
v 44.33648300 27.00000000 17.00000000
v 44.42925644 27.00000000 18.00000000
v 44.35551453 27.00000000 19.00000000
v 44.38313293 27.00000000 20.00000000
v 44.23690414 27.00000000 21.00000000
v 44.22666931 27.00000000 22.00000000
v 44.23140335 27.00000000 23.00000000
v 44.25671387 27.00000000 24.00000000
v 44.17317581 27.00000000 25.00000000
v 44.26092148 27.00000000 26.00000000
v 44.23818588 27.00000000 27.00000000
v 44.26436234 27.00000000 28.00000000
v 44.23614120 27.00000000 29.00000000
v 44.17437744 27.00000000 30.00000000
v 44.29597092 27.00000000 31.00000000
v 44.44060898 27.00000000 32.00000000
v 44.30660248 27.00000000 33.00000000
v 44.35261154 28.00000000 17.00000000
v 44.31128693 28.00000000 18.00000000
v 44.40550995 28.00000000 19.00000000
v 44.34508514 28.00000000 20.00000000
v 44.17204666 28.00000000 21.00000000
v 44.20026398 28.00000000 22.00000000
v 44.16371155 28.00000000 23.00000000
v 44.21927643 28.00000000 24.00000000
v 44.19311142 28.00000000 25.00000000
v 44.22934723 28.00000000 26.00000000
v 44.16371155 28.00000000 27.00000000
v 44.15623093 28.00000000 28.00000000
v 44.23240662 28.00000000 29.00000000
v 44.18149948 28.00000000 30.00000000
v 44.30093384 28.00000000 31.00000000
v 44.33719254 28.00000000 32.00000000
v 44.39805222 28.00000000 33.00000000
v 44.34607697 29.00000000 17.00000000
v 44.40654755 29.00000000 18.00000000
v 44.35039139 29.00000000 19.00000000
v 44.34910583 29.00000000 20.00000000
v 44.26453018 29.00000000 21.00000000
v 44.20898056 29.00000000 22.00000000
v 44.19762421 29.00000000 23.00000000
v 44.24696350 29.00000000 24.00000000
v 44.25339127 29.00000000 25.00000000
v 44.16594696 29.00000000 26.00000000
v 44.21163177 29.00000000 27.00000000
v 44.24054718 29.00000000 28.00000000
v 44.30340195 29.00000000 29.00000000
v 44.23441696 29.00000000 30.00000000
v 44.27499008 29.00000000 31.00000000
v 44.38416290 29.00000000 32.00000000
v 44.34384537 29.00000000 33.00000000
v 44.35275269 30.00000000 17.00000000
v 44.38187027 30.00000000 18.00000000
v 44.36084747 30.00000000 19.00000000
v 44.34171677 30.00000000 20.00000000
v 44.24140930 30.00000000 21.00000000
v 44.26133347 30.00000000 22.00000000
v 44.21276474 30.00000000 23.00000000
v 44.22305679 30.00000000 24.00000000
v 44.21790695 30.00000000 25.00000000
v 44.26829147 30.00000000 26.00000000
v 44.23987961 30.00000000 27.00000000
v 44.17954636 30.00000000 28.00000000
v 44.21239090 30.00000000 29.00000000
v 44.17998505 30.00000000 30.00000000
v 44.23889160 30.00000000 31.00000000
v 44.39994049 30.00000000 32.00000000
v 44.36815643 30.00000000 33.00000000
v 44.31418991 31.00000000 17.00000000
v 44.41522217 31.00000000 18.00000000
v 44.44511414 31.00000000 19.00000000
v 44.34242630 31.00000000 20.00000000
v 44.19435883 31.00000000 21.00000000
v 44.18066406 31.00000000 22.00000000
v 44.26416016 31.00000000 23.00000000
v 44.20977020 31.00000000 24.00000000
v 44.18847656 31.00000000 25.00000000
v 44.27572632 31.00000000 26.00000000
v 44.24342728 31.00000000 27.00000000
v 44.16479492 31.00000000 28.00000000
v 44.17757416 31.00000000 29.00000000
v 44.18938065 31.00000000 30.00000000
v 44.30130386 31.00000000 31.00000000
v 44.38497162 31.00000000 32.00000000
v 44.36554337 31.00000000 33.00000000
v 44.30412292 32.00000000 17.00000000
v 44.42032623 32.00000000 18.00000000
v 44.42521667 32.00000000 19.00000000
v 44.36077881 32.00000000 20.00000000
v 44.24782944 32.00000000 21.00000000
v 44.16970444 32.00000000 22.00000000
v 44.22951126 32.00000000 23.00000000
v 44.20519257 32.00000000 24.00000000
v 44.22864532 32.00000000 25.00000000
v 44.27471161 32.00000000 26.00000000
v 44.22237015 32.00000000 27.00000000
v 44.19404602 32.00000000 28.00000000
v 44.18791199 32.00000000 29.00000000
v 44.15396118 32.00000000 30.00000000
v 44.28528976 32.00000000 31.00000000
v 44.33280945 32.00000000 32.00000000
v 44.31996918 32.00000000 33.00000000
v 44.37922668 33.00000000 17.00000000
v 44.44024658 33.00000000 18.00000000
v 44.40434647 33.00000000 19.00000000
v 44.32010651 33.00000000 20.00000000
v 44.32012939 33.00000000 21.00000000
v 44.33461761 33.00000000 22.00000000
v 44.26622772 33.00000000 23.00000000
v 44.30395889 33.00000000 24.00000000
v 44.28566360 33.00000000 25.00000000
v 44.34577179 33.00000000 26.00000000
v 44.33005524 33.00000000 27.00000000
v 44.28952026 33.00000000 28.00000000
v 44.32028198 33.00000000 29.00000000
v 44.35276413 33.00000000 30.00000000
v 44.35580444 33.00000000 31.00000000
v 44.38031769 33.00000000 32.00000000
v 44.31491852 33.00000000 33.00000000
v 44.35372543 34.00000000 17.00000000
v 44.36384583 34.00000000 18.00000000
v 44.34811401 34.00000000 19.00000000
v 44.38554001 34.00000000 20.00000000
v 44.38622665 34.00000000 21.00000000
v 44.34308624 34.00000000 22.00000000
v 44.28876495 34.00000000 23.00000000
v 44.37103653 34.00000000 24.00000000
v 44.37498093 34.00000000 25.00000000
v 44.35095596 34.00000000 26.00000000
v 44.28109360 34.00000000 27.00000000
v 44.34270859 34.00000000 28.00000000
v 44.35073090 34.00000000 29.00000000
v 44.37156677 34.00000000 30.00000000
v 44.36326599 34.00000000 31.00000000
v 44.43541718 34.00000000 32.00000000
v 44.29969406 34.00000000 33.00000000
v 44.27680206 35.00000000 17.00000000
v 44.42192078 35.00000000 18.00000000
v 44.31232452 35.00000000 19.00000000
v 44.37590408 35.00000000 20.00000000
v 44.43553543 35.00000000 21.00000000
v 44.40334702 35.00000000 22.00000000
v 44.35003662 35.00000000 23.00000000
v 44.35203552 35.00000000 24.00000000
v 44.35425186 35.00000000 25.00000000
v 44.36664200 35.00000000 26.00000000
v 44.38924789 35.00000000 27.00000000
v 44.38766098 35.00000000 28.00000000
v 44.35244751 35.00000000 29.00000000
v 44.39947891 35.00000000 30.00000000
v 44.34455490 35.00000000 31.00000000
v 44.45002365 35.00000000 32.00000000
v 44.22467041 35.00000000 33.00000000
v 44.36096954 36.00000000 17.00000000
v 44.33461761 36.00000000 18.00000000
v 44.36343765 36.00000000 19.00000000
v 44.34744644 36.00000000 20.00000000
v 44.38190460 36.00000000 21.00000000
v 44.35887146 36.00000000 22.00000000
v 44.37345505 36.00000000 23.00000000
v 44.33539200 36.00000000 24.00000000
v 44.38780212 36.00000000 25.00000000
v 44.40043259 36.00000000 26.00000000
v 44.28555679 36.00000000 27.00000000
v 44.32081604 36.00000000 28.00000000
v 44.37198639 36.00000000 29.00000000
v 44.30285263 36.00000000 30.00000000
v 44.34296036 36.00000000 31.00000000
v 44.35113907 36.00000000 32.00000000
v 44.28010941 36.00000000 33.00000000
v 44.32209778 37.00000000 17.00000000
v 44.50019455 37.00000000 18.00000000
v 44.41219330 37.00000000 19.00000000
v 44.43595505 37.00000000 20.00000000
v 44.43017960 37.00000000 21.00000000
v 44.45692444 37.00000000 22.00000000
v 44.46581268 37.00000000 23.00000000
v 44.43879318 37.00000000 24.00000000
v 44.41742706 37.00000000 25.00000000
v 44.45632935 37.00000000 26.00000000
v 44.48620224 37.00000000 27.00000000
v 44.46139145 37.00000000 28.00000000
v 44.50035858 37.00000000 29.00000000
v 44.39633560 37.00000000 30.00000000
v 44.47389984 37.00000000 31.00000000
v 44.56148911 37.00000000 32.00000000
v 44.39588547 37.00000000 33.00000000
v 44.46839905 38.00000000 17.00000000
v 44.67471695 38.00000000 18.00000000
v 44.65713501 38.00000000 19.00000000
v 44.60951614 38.00000000 20.00000000
v 44.62450027 38.00000000 21.00000000
v 44.52587128 38.00000000 22.00000000
v 44.63814163 38.00000000 23.00000000
v 44.54075241 38.00000000 24.00000000
v 44.64244461 38.00000000 25.00000000
v 44.57704926 38.00000000 26.00000000
v 44.66080475 38.00000000 27.00000000
v 44.51961899 38.00000000 28.00000000
v 44.58648682 38.00000000 29.00000000
v 44.52202225 38.00000000 30.00000000
v 44.65047455 38.00000000 31.00000000
v 44.63373566 38.00000000 32.00000000
v 44.50949478 38.00000000 33.00000000
v 44.13647461 39.00000000 18.00000000
v 44.05089951 39.00000000 19.00000000
v 44.00524521 39.00000000 20.00000000
v 44.01492691 39.00000000 21.00000000
v 44.12707520 39.00000000 22.00000000
v 44.02650452 39.00000000 23.00000000
v 44.16548538 39.00000000 25.00000000
v 44.11648560 39.00000000 27.00000000
v 44.03002167 39.00000000 28.00000000
v 44.09295654 39.00000000 29.00000000
v 44.06807709 39.00000000 30.00000000
v 44.06137466 39.00000000 31.00000000
v 44.15546036 39.00000000 32.00000000
f 3 2 1
f 3 1 4
f 2 6 5
f 7 2 5
f 1 2 7
f 7 5 8
f 9 7 8
f 10 7 9
f 9 12 11
f 13 9 11
f 10 9 13
f 13 11 14
f 15 13 14
f 16 13 15
f 15 18 17
f 19 15 17
f 16 15 19
f 19 17 20
f 21 19 20
f 22 19 21
f 21 24 23
f 25 21 23
f 22 21 25
f 25 23 26
f 27 25 26
f 28 25 27
f 27 30 29
f 31 27 29
f 28 27 31
f 31 29 32
f 33 31 32
f 34 31 33
f 33 36 35
f 37 33 35
f 34 33 37
f 37 35 38
f 39 37 38
f 40 37 39
f 39 42 41
f 43 39 41
f 40 39 43
f 43 41 44
f 45 43 44
f 46 43 45
f 45 48 47
f 49 45 47
f 46 45 49
f 51 50 49
f 51 49 47
f 53 52 50
f 53 50 51
f 52 53 54
f 55 52 54
f 56 52 55
f 55 58 57
f 59 55 57
f 56 55 59
f 59 57 60
f 61 59 60
f 62 59 61
f 61 64 63
f 65 61 63
f 62 61 65
f 65 63 66
f 67 65 66
f 68 65 67
f 67 70 69
f 71 67 69
f 68 67 71
f 71 69 72
f 73 71 72
f 74 71 73
f 73 76 75
f 77 73 75
f 74 73 77
f 77 75 78
f 79 77 78
f 80 77 79
f 79 82 81
f 83 79 81
f 80 79 83
f 83 81 84
f 85 83 84
f 86 83 85
f 85 88 87
f 89 85 87
f 86 85 89
f 89 87 90
f 91 89 90
f 92 89 91
f 94 91 93
f 92 91 94
f 96 93 95
f 94 93 96
f 95 98 97
f 99 95 97
f 96 95 99
f 99 97 100
f 101 99 100
f 102 99 101
f 101 104 103
f 105 101 103
f 102 101 105
f 106 105 103
f 4 1 107
f 4 107 108
f 109 1 7
f 107 1 109
f 110 7 10
f 109 7 110
f 111 10 13
f 110 10 111
f 112 13 16
f 111 13 112
f 113 16 19
f 112 16 113
f 114 19 22
f 113 19 114
f 115 22 25
f 114 22 115
f 116 25 28
f 115 25 116
f 117 28 31
f 116 28 117
f 118 31 34
f 117 31 118
f 119 34 37
f 118 34 119
f 120 37 40
f 119 37 120
f 121 40 43
f 120 40 121
f 122 43 46
f 121 43 122
f 123 46 49
f 122 46 123
f 124 49 50
f 123 49 124
f 125 50 52
f 124 50 125
f 126 52 56
f 125 52 126
f 127 56 59
f 126 56 127
f 128 59 62
f 127 59 128
f 129 62 65
f 128 62 129
f 130 65 68
f 129 65 130
f 131 68 71
f 130 68 131
f 132 71 74
f 131 71 132
f 133 74 77
f 132 74 133
f 134 77 80
f 133 77 134
f 135 80 83
f 134 80 135
f 136 83 86
f 135 83 136
f 137 86 89
f 136 86 137
f 138 89 92
f 137 89 138
f 139 92 94
f 138 92 139
f 140 94 96
f 139 94 140
f 141 96 99
f 140 96 141
f 142 99 102
f 141 99 142
f 143 102 105
f 142 102 143
f 105 106 144
f 105 144 143
f 108 107 145
f 108 145 146
f 147 107 109
f 145 107 147
f 148 109 110
f 147 109 148
f 149 110 111
f 148 110 149
f 150 111 112
f 149 111 150
f 151 112 113
f 150 112 151
f 152 113 114
f 151 113 152
f 153 114 115
f 152 114 153
f 154 115 116
f 153 115 154
f 155 116 117
f 154 116 155
f 156 117 118
f 155 117 156
f 157 118 119
f 156 118 157
f 158 119 120
f 157 119 158
f 159 120 121
f 158 120 159
f 160 121 122
f 159 121 160
f 161 122 123
f 160 122 161
f 162 123 124
f 161 123 162
f 163 124 125
f 162 124 163
f 164 125 126
f 163 125 164
f 165 126 127
f 164 126 165
f 166 127 128
f 165 127 166
f 167 128 129
f 166 128 167
f 168 129 130
f 167 129 168
f 169 130 131
f 168 130 169
f 170 131 132
f 169 131 170
f 171 132 133
f 170 132 171
f 172 133 134
f 171 133 172
f 173 134 135
f 172 134 173
f 174 135 136
f 173 135 174
f 175 136 137
f 174 136 175
f 176 137 138
f 175 137 176
f 177 138 139
f 176 138 177
f 178 139 140
f 177 139 178
f 179 140 141
f 178 140 179
f 180 141 142
f 179 141 180
f 181 142 143
f 180 142 181
f 143 144 182
f 143 182 181
f 146 145 183
f 146 183 184
f 185 145 147
f 183 145 185
f 186 147 148
f 185 147 186
f 187 148 149
f 186 148 187
f 150 189 188
f 187 150 188
f 149 150 187
f 189 150 151
f 189 151 190
f 190 151 152
f 190 152 191
f 191 152 153
f 191 153 192
f 192 153 154
f 192 154 193
f 193 154 155
f 193 155 194
f 194 155 156
f 194 156 195
f 195 156 157
f 195 157 196
f 196 157 158
f 196 158 197
f 197 158 159
f 197 159 198
f 198 159 160
f 198 160 199
f 199 160 161
f 199 161 200
f 200 161 162
f 200 162 201
f 201 162 163
f 201 163 202
f 202 163 164
f 202 164 203
f 203 164 165
f 203 165 204
f 204 165 166
f 204 166 205
f 205 166 167
f 205 167 206
f 206 167 168
f 206 168 207
f 207 168 169
f 207 169 208
f 208 169 170
f 208 170 209
f 209 170 171
f 209 171 210
f 210 171 172
f 210 172 211
f 211 172 173
f 211 173 212
f 212 173 174
f 212 174 213
f 213 174 175
f 213 175 214
f 214 175 176
f 214 176 215
f 215 176 177
f 215 177 216
f 218 217 216
f 177 218 216
f 178 218 177
f 219 178 179
f 218 178 219
f 220 179 180
f 219 179 220
f 221 180 181
f 220 180 221
f 181 182 222
f 181 222 221
f 184 183 223
f 184 223 224
f 225 183 185
f 223 183 225
f 226 185 186
f 225 185 226
f 187 228 227
f 226 187 227
f 186 187 226
f 228 187 188
f 229 217 218
f 231 230 229
f 218 231 229
f 219 231 218
f 232 219 220
f 231 219 232
f 233 220 221
f 232 220 233
f 221 222 234
f 235 221 234
f 233 221 235
f 236 235 234
f 224 223 237
f 224 237 238
f 239 223 225
f 237 223 239
f 240 225 226
f 239 225 240
f 226 227 241
f 242 226 241
f 240 226 242
f 243 242 241
f 230 231 244
f 230 244 245
f 246 231 232
f 244 231 246
f 247 232 233
f 246 232 247
f 235 249 248
f 247 235 248
f 233 235 247
f 249 235 236
f 238 237 250
f 238 250 251
f 252 237 239
f 250 237 252
f 253 239 240
f 252 239 253
f 254 240 242
f 253 240 254
f 242 243 255
f 242 255 254
f 245 244 256
f 245 256 257
f 258 244 246
f 256 244 258
f 259 246 247
f 258 246 259
f 247 248 260
f 261 247 260
f 259 247 261
f 262 261 260
f 251 250 263
f 251 263 264
f 265 250 252
f 263 250 265
f 266 252 253
f 265 252 266
f 267 253 254
f 266 253 267
f 254 255 268
f 254 268 267
f 257 256 269
f 257 269 270
f 271 256 258
f 269 256 271
f 272 258 259
f 271 258 272
f 273 259 261
f 272 259 273
f 261 262 274
f 261 274 273
f 264 263 275
f 264 275 276
f 277 263 265
f 275 263 277
f 278 265 266
f 277 265 278
f 267 280 279
f 278 267 279
f 266 267 278
f 280 267 268
f 270 269 281
f 270 281 282
f 283 269 271
f 281 269 283
f 284 271 272
f 283 271 284
f 285 272 273
f 284 272 285
f 273 274 286
f 273 286 285
f 276 275 287
f 276 287 288
f 289 275 277
f 287 275 289
f 290 277 278
f 289 277 290
f 278 279 291
f 278 291 290
f 282 281 292
f 282 292 293
f 294 281 283
f 292 281 294
f 295 283 284
f 294 283 295
f 296 284 285
f 295 284 296
f 285 286 297
f 285 297 296
f 288 287 298
f 288 298 299
f 300 287 289
f 298 287 300
f 301 289 290
f 300 289 301
f 290 291 302
f 290 302 301
f 305 304 303
f 303 304 293
f 292 303 293
f 306 303 292
f 307 292 294
f 306 292 307
f 308 294 295
f 307 294 308
f 309 295 296
f 308 295 309
f 296 297 310
f 296 310 309
f 299 298 311
f 299 311 312
f 313 298 300
f 311 298 313
f 314 300 301
f 313 300 314
f 301 302 315
f 316 301 315
f 314 301 316
f 317 316 315
f 320 319 318
f 321 318 319
f 322 305 303
f 324 323 322
f 303 324 322
f 306 324 303
f 325 306 307
f 324 306 325
f 326 307 308
f 325 307 326
f 327 308 309
f 326 308 327
f 309 310 328
f 309 328 327
f 312 311 329
f 312 329 330
f 331 311 313
f 329 311 331
f 332 313 314
f 331 313 332
f 333 314 316
f 332 314 333
f 316 317 334
f 316 334 333
f 335 320 318
f 335 318 321
f 323 324 336
f 323 336 337
f 338 324 325
f 336 324 338
f 339 325 326
f 338 325 339
f 340 326 327
f 339 326 340
f 327 328 341
f 327 341 340
f 330 329 342
f 330 342 343
f 344 329 331
f 342 329 344
f 345 331 332
f 344 331 345
f 333 347 346
f 345 333 346
f 332 333 345
f 347 333 334
f 337 336 348
f 337 348 349
f 350 336 338
f 348 336 350
f 351 338 339
f 350 338 351
f 352 339 340
f 351 339 352
f 340 341 353
f 340 353 352
f 343 342 354
f 343 354 355
f 356 342 344
f 354 342 356
f 357 344 345
f 356 344 357
f 345 346 358
f 345 358 357
f 349 348 359
f 349 359 360
f 361 348 350
f 359 348 361
f 362 350 351
f 361 350 362
f 363 351 352
f 362 351 363
f 352 353 364
f 352 364 363
f 355 354 365
f 355 365 366
f 367 354 356
f 365 354 367
f 368 356 357
f 367 356 368
f 357 358 369
f 357 369 368
f 360 359 370
f 360 370 371
f 372 359 361
f 370 359 372
f 373 361 362
f 372 361 373
f 374 362 363
f 373 362 374
f 363 364 375
f 363 375 374
f 366 365 376
f 366 376 377
f 378 365 367
f 376 365 378
f 379 367 368
f 378 367 379
f 368 369 380
f 368 380 379
f 371 370 381
f 371 381 382
f 383 370 372
f 381 370 383
f 384 372 373
f 383 372 384
f 385 373 374
f 384 373 385
f 374 375 386
f 374 386 385
f 377 376 387
f 377 387 388
f 389 376 378
f 387 376 389
f 390 378 379
f 389 378 390
f 379 380 391
f 379 391 390
f 382 381 392
f 382 392 393
f 394 381 383
f 392 381 394
f 395 383 384
f 394 383 395
f 396 384 385
f 395 384 396
f 385 386 397
f 385 397 396
f 388 387 398
f 388 398 399
f 400 387 389
f 398 387 400
f 401 389 390
f 400 389 401
f 390 391 402
f 390 402 401
f 393 392 403
f 393 403 404
f 405 392 394
f 403 392 405
f 406 394 395
f 405 394 406
f 407 395 396
f 406 395 407
f 396 397 408
f 396 408 407
f 399 398 409
f 399 409 410
f 411 398 400
f 409 398 411
f 412 400 401
f 411 400 412
f 401 402 413
f 401 413 412
f 404 403 414
f 404 414 415
f 416 403 405
f 414 403 416
f 417 405 406
f 416 405 417
f 418 406 407
f 417 406 418
f 407 408 419
f 407 419 418
f 410 409 420
f 410 420 421
f 422 409 411
f 420 409 422
f 423 411 412
f 422 411 423
f 412 413 424
f 425 412 424
f 423 412 425
f 426 425 424
f 415 414 427
f 415 427 428
f 429 414 416
f 427 414 429
f 430 416 417
f 429 416 430
f 431 417 418
f 430 417 431
f 418 419 432
f 418 432 431
f 421 420 433
f 421 433 434
f 435 420 422
f 433 420 435
f 436 422 423
f 435 422 436
f 425 438 437
f 436 425 437
f 423 425 436
f 438 425 426
f 428 427 439
f 428 439 440
f 441 427 429
f 439 427 441
f 442 429 430
f 441 429 442
f 443 430 431
f 442 430 443
f 431 432 444
f 431 444 443
f 434 433 445
f 434 445 446
f 447 433 435
f 445 433 447
f 448 435 436
f 447 435 448
f 436 437 449
f 436 449 448
f 440 439 450
f 440 450 451
f 452 439 441
f 450 439 452
f 453 441 442
f 452 441 453
f 454 442 443
f 453 442 454
f 443 444 455
f 443 455 454
f 446 445 456
f 446 456 457
f 458 445 447
f 456 445 458
f 459 447 448
f 458 447 459
f 448 449 460
f 448 460 459
f 463 462 461
f 464 461 462
f 451 450 465
f 451 465 466
f 467 450 452
f 465 450 467
f 468 452 453
f 467 452 468
f 469 453 454
f 468 453 469
f 454 455 470
f 454 470 469
f 457 456 471
f 457 471 472
f 473 456 458
f 471 456 473
f 474 458 459
f 473 458 474
f 459 460 475
f 459 475 474
f 476 463 461
f 476 461 464
f 466 465 477
f 466 477 478
f 479 465 467
f 477 465 479
f 480 467 468
f 479 467 480
f 481 468 469
f 480 468 481
f 469 470 482
f 469 482 481
f 472 471 483
f 472 483 484
f 485 471 473
f 483 471 485
f 486 473 474
f 485 473 486
f 474 475 487
f 488 474 487
f 486 474 488
f 489 488 487
f 478 477 490
f 478 490 491
f 492 477 479
f 490 477 492
f 493 479 480
f 492 479 493
f 494 480 481
f 493 480 494
f 481 482 495
f 481 495 494
f 484 483 496
f 484 496 497
f 498 483 485
f 496 483 498
f 499 485 486
f 498 485 499
f 500 486 488
f 499 486 500
f 488 489 501
f 488 501 500
f 491 490 502
f 491 502 503
f 504 490 492
f 502 490 504
f 505 492 493
f 504 492 505
f 506 493 494
f 505 493 506
f 494 495 507
f 494 507 506
f 497 496 508
f 497 508 509
f 510 496 498
f 508 496 510
f 511 498 499
f 510 498 511
f 500 513 512
f 511 500 512
f 499 500 511
f 513 500 501
f 503 502 514
f 503 514 515
f 516 502 504
f 514 502 516
f 517 504 505
f 516 504 517
f 518 505 506
f 517 505 518
f 506 507 519
f 506 519 518
f 509 508 520
f 509 520 521
f 522 508 510
f 520 508 522
f 523 510 511
f 522 510 523
f 511 512 524
f 511 524 523
f 515 514 525
f 515 525 526
f 527 514 516
f 525 514 527
f 528 516 517
f 527 516 528
f 529 517 518
f 528 517 529
f 518 519 530
f 518 530 529
f 521 520 531
f 521 531 532
f 533 520 522
f 531 520 533
f 534 522 523
f 533 522 534
f 523 524 535
f 523 535 534
f 526 525 536
f 526 536 537
f 538 525 527
f 536 525 538
f 539 527 528
f 538 527 539
f 540 528 529
f 539 528 540
f 529 530 541
f 529 541 540
f 532 531 542
f 532 542 543
f 544 531 533
f 542 531 544
f 545 533 534
f 544 533 545
f 534 535 546
f 547 534 546
f 545 534 547
f 548 547 546
f 537 536 549
f 537 549 550
f 551 536 538
f 549 536 551
f 552 538 539
f 551 538 552
f 553 539 540
f 552 539 553
f 540 541 554
f 540 554 553
f 543 542 555
f 543 555 556
f 557 542 544
f 555 542 557
f 558 544 545
f 557 544 558
f 547 560 559
f 558 547 559
f 545 547 558
f 560 547 548
f 550 549 561
f 550 561 562
f 563 549 551
f 561 549 563
f 564 551 552
f 563 551 564
f 565 552 553
f 564 552 565
f 553 554 566
f 553 566 565
f 556 555 567
f 556 567 568
f 569 555 557
f 567 555 569
f 570 557 558
f 569 557 570
f 558 559 571
f 572 558 571
f 570 558 572
f 573 572 571
f 562 561 574
f 562 574 575
f 576 561 563
f 574 561 576
f 577 563 564
f 576 563 577
f 578 564 565
f 577 564 578
f 565 566 579
f 565 579 578
f 568 567 580
f 568 580 581
f 582 567 569
f 580 567 582
f 583 569 570
f 582 569 583
f 572 585 584
f 583 572 584
f 570 572 583
f 585 572 573
f 575 574 586
f 575 586 587
f 588 574 576
f 586 574 588
f 589 576 577
f 588 576 589
f 590 577 578
f 589 577 590
f 578 579 591
f 578 591 590
f 581 580 592
f 581 592 593
f 594 580 582
f 592 580 594
f 595 582 583
f 594 582 595
f 583 584 596
f 597 583 596
f 595 583 597
f 598 597 596
f 587 586 599
f 587 599 600
f 601 586 588
f 599 586 601
f 602 588 589
f 601 588 602
f 603 589 590
f 602 589 603
f 590 591 604
f 590 604 603
f 593 592 605
f 593 605 606
f 607 592 594
f 605 592 607
f 608 594 595
f 607 594 608
f 597 610 609
f 608 597 609
f 595 597 608
f 610 597 598
f 613 612 611
f 614 611 612
f 600 599 615
f 600 615 616
f 617 599 601
f 615 599 617
f 618 601 602
f 617 601 618
f 619 602 603
f 618 602 619
f 603 604 620
f 603 620 619
f 606 605 621
f 606 621 622
f 623 605 607
f 621 605 623
f 624 607 608
f 623 607 624
f 608 609 625
f 608 625 624
f 626 613 611
f 626 611 614
f 616 615 627
f 616 627 628
f 629 615 617
f 627 615 629
f 630 617 618
f 629 617 630
f 631 618 619
f 630 618 631
f 619 620 632
f 619 632 631
f 622 621 633
f 622 633 634
f 635 621 623
f 633 621 635
f 636 623 624
f 635 623 636
f 624 625 637
f 624 637 636
f 628 627 638
f 628 638 639
f 640 627 629
f 638 627 640
f 641 629 630
f 640 629 641
f 642 630 631
f 641 630 642
f 631 632 643
f 631 643 642
f 634 633 644
f 634 644 645
f 646 633 635
f 644 633 646
f 647 635 636
f 646 635 647
f 636 637 648
f 649 636 648
f 647 636 649
f 650 649 648
f 639 638 651
f 639 651 652
f 653 638 640
f 651 638 653
f 654 640 641
f 653 640 654
f 655 641 642
f 654 641 655
f 642 643 656
f 642 656 655
f 645 644 657
f 645 657 658
f 659 644 646
f 657 644 659
f 660 646 647
f 659 646 660
f 649 662 661
f 660 649 661
f 647 649 660
f 662 649 650
f 652 651 663
f 652 663 664
f 665 651 653
f 663 651 665
f 666 653 654
f 665 653 666
f 667 654 655
f 666 654 667
f 655 656 668
f 655 668 667
f 658 657 669
f 658 669 670
f 671 657 659
f 669 657 671
f 672 659 660
f 671 659 672
f 660 661 673
f 674 660 673
f 672 660 674
f 675 674 673
f 664 663 676
f 664 676 677
f 678 663 665
f 676 663 678
f 679 665 666
f 678 665 679
f 667 681 680
f 679 667 680
f 666 667 679
f 681 667 668
f 670 669 682
f 670 682 683
f 684 669 671
f 682 669 684
f 685 671 672
f 684 671 685
f 674 687 686
f 685 674 686
f 672 674 685
f 687 674 675
f 677 676 688
f 677 688 689
f 690 676 678
f 688 676 690
f 691 678 679
f 690 678 691
f 679 680 692
f 679 692 691
f 683 682 693
f 683 693 694
f 695 682 684
f 693 682 695
f 696 684 685
f 695 684 696
f 685 686 697
f 698 685 697
f 696 685 698
f 700 699 698
f 700 698 697
f 701 699 700
f 704 703 702
f 705 702 703
f 708 707 706
f 706 707 689
f 688 706 689
f 709 706 688
f 710 688 690
f 709 688 710
f 711 690 691
f 710 690 711
f 691 692 712
f 691 712 711
f 694 693 713
f 694 713 714
f 715 693 695
f 713 693 715
f 716 695 696
f 715 695 716
f 717 696 698
f 716 696 717
f 718 698 699
f 717 698 718
f 699 701 719
f 720 699 719
f 718 699 720
f 722 721 720
f 722 720 719
f 724 723 721
f 724 721 722
f 723 724 704
f 702 723 704
f 725 723 702
f 702 705 726
f 727 702 726
f 725 702 727
f 729 728 727
f 729 727 726
f 731 730 728
f 731 728 729
f 733 732 730
f 733 730 731
f 735 734 732
f 735 732 733
f 737 736 734
f 737 734 735
f 739 738 736
f 739 736 737
f 741 740 738
f 741 738 739
f 743 742 740
f 743 740 741
f 745 744 742
f 745 742 743
f 747 746 744
f 747 744 745
f 749 748 746
f 749 746 747
f 751 750 748
f 751 748 749
f 753 752 750
f 753 750 751
f 755 754 752
f 755 752 753
f 757 756 754
f 757 754 755
f 759 758 756
f 759 756 757
f 761 760 758
f 761 758 759
f 763 762 760
f 763 760 761
f 765 764 762
f 765 762 763
f 767 766 764
f 767 764 765
f 769 768 766
f 769 766 767
f 771 770 768
f 771 768 769
f 770 771 708
f 706 770 708
f 772 770 706
f 773 706 709
f 772 706 773
f 774 709 710
f 773 709 774
f 775 710 711
f 774 710 775
f 711 712 776
f 711 776 775
f 714 713 777
f 714 777 778
f 779 713 715
f 777 713 779
f 780 715 716
f 779 715 780
f 781 716 717
f 780 716 781
f 782 717 718
f 781 717 782
f 783 718 720
f 782 718 783
f 784 720 721
f 783 720 784
f 785 721 723
f 784 721 785
f 786 723 725
f 785 723 786
f 787 725 727
f 786 725 787
f 788 727 728
f 787 727 788
f 789 728 730
f 788 728 789
f 790 730 732
f 789 730 790
f 791 732 734
f 790 732 791
f 792 734 736
f 791 734 792
f 793 736 738
f 792 736 793
f 794 738 740
f 793 738 794
f 795 740 742
f 794 740 795
f 796 742 744
f 795 742 796
f 797 744 746
f 796 744 797
f 798 746 748
f 797 746 798
f 799 748 750
f 798 748 799
f 800 750 752
f 799 750 800
f 801 752 754
f 800 752 801
f 802 754 756
f 801 754 802
f 803 756 758
f 802 756 803
f 804 758 760
f 803 758 804
f 805 760 762
f 804 760 805
f 806 762 764
f 805 762 806
f 807 764 766
f 806 764 807
f 808 766 768
f 807 766 808
f 809 768 770
f 808 768 809
f 810 770 772
f 809 770 810
f 811 772 773
f 810 772 811
f 812 773 774
f 811 773 812
f 813 774 775
f 812 774 813
f 775 776 814
f 775 814 813
f 778 777 815
f 778 815 816
f 817 777 779
f 815 777 817
f 818 779 780
f 817 779 818
f 819 780 781
f 818 780 819
f 820 781 782
f 819 781 820
f 821 782 783
f 820 782 821
f 822 783 784
f 821 783 822
f 823 784 785
f 822 784 823
f 824 785 786
f 823 785 824
f 825 786 787
f 824 786 825
f 826 787 788
f 825 787 826
f 827 788 789
f 826 788 827
f 828 789 790
f 827 789 828
f 829 790 791
f 828 790 829
f 830 791 792
f 829 791 830
f 831 792 793
f 830 792 831
f 832 793 794
f 831 793 832
f 833 794 795
f 832 794 833
f 834 795 796
f 833 795 834
f 835 796 797
f 834 796 835
f 836 797 798
f 835 797 836
f 837 798 799
f 836 798 837
f 838 799 800
f 837 799 838
f 839 800 801
f 838 800 839
f 840 801 802
f 839 801 840
f 841 802 803
f 840 802 841
f 842 803 804
f 841 803 842
f 843 804 805
f 842 804 843
f 844 805 806
f 843 805 844
f 845 806 807
f 844 806 845
f 846 807 808
f 845 807 846
f 847 808 809
f 846 808 847
f 848 809 810
f 847 809 848
f 849 810 811
f 848 810 849
f 850 811 812
f 849 811 850
f 851 812 813
f 850 812 851
f 813 814 852
f 813 852 851
f 853 816 815
f 855 854 853
f 815 855 853
f 817 855 815
f 856 817 818
f 855 817 856
f 857 818 819
f 856 818 857
f 858 819 820
f 857 819 858
f 821 860 859
f 858 821 859
f 820 821 858
f 862 861 860
f 821 862 860
f 822 862 821
f 863 822 823
f 862 822 863
f 864 823 824
f 863 823 864
f 865 824 825
f 864 824 865
f 866 825 826
f 865 825 866
f 867 826 827
f 866 826 867
f 868 827 828
f 867 827 868
f 829 870 869
f 868 829 869
f 828 829 868
f 872 871 870
f 829 872 870
f 830 872 829
f 873 830 831
f 872 830 873
f 874 831 832
f 873 831 874
f 833 876 875
f 874 833 875
f 832 833 874
f 876 833 834
f 876 834 877
f 879 878 877
f 834 879 877
f 835 879 834
f 836 881 880
f 879 836 880
f 835 836 879
f 881 836 837
f 881 837 882
f 884 883 882
f 837 884 882
f 838 884 837
f 885 838 839
f 884 838 885
f 886 839 840
f 885 839 886
f 887 840 841
f 886 840 887
f 888 841 842
f 887 841 888
f 889 842 843
f 888 842 889
f 890 843 844
f 889 843 890
f 891 844 845
f 890 844 891
f 892 845 846
f 891 845 892
f 893 846 847
f 892 846 893
f 894 847 848
f 893 847 894
f 895 848 849
f 894 848 895
f 896 849 850
f 895 849 896
f 897 850 851
f 896 850 897
f 851 852 898
f 851 898 897
f 901 900 899
f 3 901 899
f 4 901 3
f 899 900 6
f 900 5 6
f 900 902 5
f 8 5 903
f 903 5 902
f 904 11 12
f 11 904 14
f 905 17 18
f 17 905 20
f 907 906 24
f 24 906 23
f 26 23 908
f 23 909 908
f 23 906 909
f 908 909 30
f 909 29 30
f 909 910 29
f 32 29 911
f 911 29 910
f 913 912 36
f 36 912 35
f 38 35 914
f 914 35 912
f 916 915 42
f 42 915 41
f 44 41 917
f 917 41 915
f 919 918 48
f 48 918 47
f 47 920 51
f 918 920 47
f 51 921 53
f 920 921 51
f 54 53 922
f 922 53 921
f 924 923 58
f 58 923 57
f 60 57 925
f 57 926 925
f 57 923 926
f 925 926 64
f 926 63 64
f 926 927 63
f 66 63 928
f 928 63 927
f 930 929 70
f 70 929 69
f 72 69 931
f 69 932 931
f 69 929 932
f 931 932 76
f 932 75 76
f 932 933 75
f 78 75 934
f 934 75 933
f 935 81 82
f 935 936 81
f 936 937 81
f 938 84 81
f 938 81 937
f 938 937 88
f 937 87 88
f 937 939 87
f 90 87 940
f 940 87 939
f 943 942 941
f 941 942 98
f 942 97 98
f 942 944 97
f 100 97 945
f 945 97 944
f 946 103 104
f 106 103 946
f 947 106 946
f 948 106 947
f 108 901 4
f 108 949 901
f 948 144 106
f 950 144 948
f 146 949 108
f 146 951 949
f 950 182 144
f 952 182 950
f 184 951 146
f 184 953 951
f 954 188 189
f 190 955 189
f 189 955 954
f 191 956 190
f 190 956 955
f 192 957 191
f 191 957 956
f 193 958 192
f 192 958 957
f 194 959 193
f 193 959 958
f 195 960 194
f 194 960 959
f 196 961 195
f 195 961 960
f 197 962 196
f 196 962 961
f 198 963 197
f 197 963 962
f 199 964 198
f 198 964 963
f 200 965 199
f 199 965 964
f 201 966 200
f 200 966 965
f 202 967 201
f 201 967 966
f 203 968 202
f 202 968 967
f 204 969 203
f 203 969 968
f 205 970 204
f 204 970 969
f 206 971 205
f 205 971 970
f 207 972 206
f 206 972 971
f 208 973 207
f 207 973 972
f 209 974 208
f 208 974 973
f 210 975 209
f 209 975 974
f 211 976 210
f 210 976 975
f 212 977 211
f 211 977 976
f 213 978 212
f 212 978 977
f 214 979 213
f 213 979 978
f 215 980 214
f 214 980 979
f 216 981 215
f 215 981 980
f 217 981 216
f 983 222 982
f 222 952 982
f 222 182 952
f 984 983 982
f 224 953 184
f 224 985 953
f 986 227 228
f 188 954 228
f 954 986 228
f 954 987 986
f 988 954 955
f 987 954 988
f 989 955 956
f 988 955 989
f 990 956 957
f 989 956 990
f 991 957 958
f 990 957 991
f 992 958 959
f 991 958 992
f 993 959 960
f 992 959 993
f 994 960 961
f 993 960 994
f 995 961 962
f 994 961 995
f 996 962 963
f 995 962 996
f 997 963 964
f 996 963 997
f 998 964 965
f 997 964 998
f 999 965 966
f 998 965 999
f 1000 966 967
f 999 966 1000
f 1001 967 968
f 1000 967 1001
f 1002 968 969
f 1001 968 1002
f 1003 969 970
f 1002 969 1003
f 1004 970 971
f 1003 970 1004
f 1005 971 972
f 1004 971 1005
f 1006 972 973
f 1005 972 1006
f 1007 973 974
f 1006 973 1007
f 1008 974 975
f 1007 974 1008
f 1009 975 976
f 1008 975 1009
f 1010 976 977
f 1009 976 1010
f 1011 977 978
f 1010 977 1011
f 1012 978 979
f 1011 978 1012
f 1013 979 980
f 1012 979 1013
f 1014 980 981
f 1013 980 1014
f 229 1015 217
f 1015 981 217
f 1015 1014 981
f 230 1015 229
f 983 234 222
f 236 234 983
f 984 236 983
f 1016 236 984
f 238 985 224
f 238 1017 985
f 986 241 227
f 241 986 243
f 986 1018 243
f 986 987 1018
f 1019 987 988
f 1018 987 1019
f 1020 988 989
f 1019 988 1020
f 1021 989 990
f 1020 989 1021
f 1022 990 991
f 1021 990 1022
f 1023 991 992
f 1022 991 1023
f 1024 992 993
f 1023 992 1024
f 1025 993 994
f 1024 993 1025
f 1026 994 995
f 1025 994 1026
f 1027 995 996
f 1026 995 1027
f 1028 996 997
f 1027 996 1028
f 1029 997 998
f 1028 997 1029
f 1030 998 999
f 1029 998 1030
f 1031 999 1000
f 1030 999 1031
f 1032 1000 1001
f 1031 1000 1032
f 1033 1001 1002
f 1032 1001 1033
f 1034 1002 1003
f 1033 1002 1034
f 1035 1003 1004
f 1034 1003 1035
f 1036 1004 1005
f 1035 1004 1036
f 1037 1005 1006
f 1036 1005 1037
f 1038 1006 1007
f 1037 1006 1038
f 1039 1007 1008
f 1038 1007 1039
f 1040 1008 1009
f 1039 1008 1040
f 1041 1009 1010
f 1040 1009 1041
f 1042 1010 1011
f 1041 1010 1042
f 1043 1011 1012
f 1042 1011 1043
f 1044 1012 1013
f 1043 1012 1044
f 1045 1013 1014
f 1044 1013 1045
f 1046 1014 1015
f 1045 1014 1046
f 245 1046 230
f 230 1046 1015
f 1047 248 249
f 1048 1047 249
f 236 1048 249
f 1016 1048 236
f 251 1017 238
f 251 1049 1017
f 1050 255 1018
f 1018 255 243
f 1051 1018 1019
f 1050 1018 1051
f 1052 1019 1020
f 1051 1019 1052
f 1053 1020 1021
f 1052 1020 1053
f 1054 1021 1022
f 1053 1021 1054
f 1055 1022 1023
f 1054 1022 1055
f 1056 1023 1024
f 1055 1023 1056
f 1057 1024 1025
f 1056 1024 1057
f 1058 1025 1026
f 1057 1025 1058
f 1059 1026 1027
f 1058 1026 1059
f 1060 1027 1028
f 1059 1027 1060
f 1061 1028 1029
f 1060 1028 1061
f 1062 1029 1030
f 1061 1029 1062
f 1063 1030 1031
f 1062 1030 1063
f 1064 1031 1032
f 1063 1031 1064
f 1065 1032 1033
f 1064 1032 1065
f 1066 1033 1034
f 1065 1033 1066
f 1067 1034 1035
f 1066 1034 1067
f 1068 1035 1036
f 1067 1035 1068
f 1069 1036 1037
f 1068 1036 1069
f 1070 1037 1038
f 1069 1037 1070
f 1071 1038 1039
f 1070 1038 1071
f 1072 1039 1040
f 1071 1039 1072
f 1073 1040 1041
f 1072 1040 1073
f 1074 1041 1042
f 1073 1041 1074
f 1075 1042 1043
f 1074 1042 1075
f 1076 1043 1044
f 1075 1043 1076
f 1077 1044 1045
f 1076 1044 1077
f 1078 1045 1046
f 1077 1045 1078
f 257 1078 245
f 245 1078 1046
f 1047 260 248
f 262 260 1047
f 1048 262 1047
f 1079 262 1048
f 264 1049 251
f 264 1080 1049
f 1081 268 1050
f 1050 268 255
f 1082 1050 1051
f 1081 1050 1082
f 1083 1051 1052
f 1082 1051 1083
f 1084 1052 1053
f 1083 1052 1084
f 1085 1053 1054
f 1084 1053 1085
f 1086 1054 1055
f 1085 1054 1086
f 1087 1055 1056
f 1086 1055 1087
f 1088 1056 1057
f 1087 1056 1088
f 1089 1057 1058
f 1088 1057 1089
f 1090 1058 1059
f 1089 1058 1090
f 1091 1059 1060
f 1090 1059 1091
f 1092 1060 1061
f 1091 1060 1092
f 1093 1061 1062
f 1092 1061 1093
f 1094 1062 1063
f 1093 1062 1094
f 1095 1063 1064
f 1094 1063 1095
f 1096 1064 1065
f 1095 1064 1096
f 1097 1065 1066
f 1096 1065 1097
f 1098 1066 1067
f 1097 1066 1098
f 1099 1067 1068
f 1098 1067 1099
f 1100 1068 1069
f 1099 1068 1100
f 1101 1069 1070
f 1100 1069 1101
f 1102 1070 1071
f 1101 1070 1102
f 1103 1071 1072
f 1102 1071 1103
f 1104 1072 1073
f 1103 1072 1104
f 1105 1073 1074
f 1104 1073 1105
f 1106 1074 1075
f 1105 1074 1106
f 1107 1075 1076
f 1106 1075 1107
f 1108 1076 1077
f 1107 1076 1108
f 1109 1077 1078
f 1108 1077 1109
f 270 1109 257
f 257 1109 1078
f 1079 274 262
f 1110 274 1079
f 276 1080 264
f 276 1111 1080
f 1112 279 280
f 268 1081 280
f 1081 1112 280
f 1081 1113 1112
f 1114 1081 1082
f 1113 1081 1114
f 1115 1082 1083
f 1114 1082 1115
f 1116 1083 1084
f 1115 1083 1116
f 1117 1084 1085
f 1116 1084 1117
f 1118 1085 1086
f 1117 1085 1118
f 1119 1086 1087
f 1118 1086 1119
f 1120 1087 1088
f 1119 1087 1120
f 1121 1088 1089
f 1120 1088 1121
f 1122 1089 1090
f 1121 1089 1122
f 1123 1090 1091
f 1122 1090 1123
f 1124 1091 1092
f 1123 1091 1124
f 1125 1092 1093
f 1124 1092 1125
f 1126 1093 1094
f 1125 1093 1126
f 1127 1094 1095
f 1126 1094 1127
f 1128 1095 1096
f 1127 1095 1128
f 1129 1096 1097
f 1128 1096 1129
f 1130 1097 1098
f 1129 1097 1130
f 1131 1098 1099
f 1130 1098 1131
f 1132 1099 1100
f 1131 1099 1132
f 1133 1100 1101
f 1132 1100 1133
f 1134 1101 1102
f 1133 1101 1134
f 1135 1102 1103
f 1134 1102 1135
f 1136 1103 1104
f 1135 1103 1136
f 1137 1104 1105
f 1136 1104 1137
f 1138 1105 1106
f 1137 1105 1138
f 1139 1106 1107
f 1138 1106 1139
f 1140 1107 1108
f 1139 1107 1140
f 1141 1108 1109
f 1140 1108 1141
f 282 1141 270
f 270 1141 1109
f 1110 286 274
f 1142 286 1110
f 288 1111 276
f 288 1143 1111
f 1144 291 1112
f 1112 291 279
f 1145 1112 1113
f 1144 1112 1145
f 1146 1113 1114
f 1145 1113 1146
f 1147 1114 1115
f 1146 1114 1147
f 1148 1115 1116
f 1147 1115 1148
f 1149 1116 1117
f 1148 1116 1149
f 1150 1117 1118
f 1149 1117 1150
f 1151 1118 1119
f 1150 1118 1151
f 1152 1119 1120
f 1151 1119 1152
f 1153 1120 1121
f 1152 1120 1153
f 1154 1121 1122
f 1153 1121 1154
f 1155 1122 1123
f 1154 1122 1155
f 1156 1123 1124
f 1155 1123 1156
f 1157 1124 1125
f 1156 1124 1157
f 1158 1125 1126
f 1157 1125 1158
f 1159 1126 1127
f 1158 1126 1159
f 1160 1127 1128
f 1159 1127 1160
f 1161 1128 1129
f 1160 1128 1161
f 1162 1129 1130
f 1161 1129 1162
f 1163 1130 1131
f 1162 1130 1163
f 1164 1131 1132
f 1163 1131 1164
f 1165 1132 1133
f 1164 1132 1165
f 1166 1133 1134
f 1165 1133 1166
f 1167 1134 1135
f 1166 1134 1167
f 1168 1135 1136
f 1167 1135 1168
f 1169 1136 1137
f 1168 1136 1169
f 1170 1137 1138
f 1169 1137 1170
f 1171 1138 1139
f 1170 1138 1171
f 1172 1139 1140
f 1171 1139 1172
f 1173 1140 1141
f 1172 1140 1173
f 293 1173 282
f 282 1173 1141
f 1142 297 286
f 1174 297 1142
f 299 1143 288
f 299 1175 1143
f 1176 302 1144
f 1144 302 291
f 1177 1144 1145
f 1176 1144 1177
f 1178 1145 1146
f 1177 1145 1178
f 1179 1146 1147
f 1178 1146 1179
f 1180 1147 1148
f 1179 1147 1180
f 1181 1148 1149
f 1180 1148 1181
f 1182 1149 1150
f 1181 1149 1182
f 1183 1150 1151
f 1182 1150 1183
f 1184 1151 1152
f 1183 1151 1184
f 1185 1152 1153
f 1184 1152 1185
f 1186 1153 1154
f 1185 1153 1186
f 1187 1154 1155
f 1186 1154 1187
f 1188 1155 1156
f 1187 1155 1188
f 1189 1156 1157
f 1188 1156 1189
f 1190 1157 1158
f 1189 1157 1190
f 1191 1158 1159
f 1190 1158 1191
f 1192 1159 1160
f 1191 1159 1192
f 1193 1160 1161
f 1192 1160 1193
f 1194 1161 1162
f 1193 1161 1194
f 1195 1162 1163
f 1194 1162 1195
f 1196 1163 1164
f 1195 1163 1196
f 1197 1164 1165
f 1196 1164 1197
f 1198 1165 1166
f 1197 1165 1198
f 1199 1166 1167
f 1198 1166 1199
f 1200 1167 1168
f 1199 1167 1200
f 1201 1168 1169
f 1200 1168 1201
f 1202 1169 1170
f 1201 1169 1202
f 1203 1170 1171
f 1202 1170 1203
f 1204 1171 1172
f 1203 1171 1204
f 305 1204 304
f 1204 1173 304
f 1204 1172 1173
f 304 1173 293
f 1174 310 297
f 1205 310 1174
f 312 1175 299
f 312 1206 1175
f 1176 315 302
f 315 1176 317
f 1176 1207 317
f 1176 1177 1207
f 1208 1177 1178
f 1207 1177 1208
f 1209 1178 1179
f 1208 1178 1209
f 320 1209 319
f 1209 1180 319
f 1209 1179 1180
f 319 1180 321
f 1180 1210 321
f 1180 1181 1210
f 1211 1181 1182
f 1210 1181 1211
f 1212 1182 1183
f 1211 1182 1212
f 1213 1183 1184
f 1212 1183 1213
f 1214 1184 1185
f 1213 1184 1214
f 1215 1185 1186
f 1214 1185 1215
f 1216 1186 1187
f 1215 1186 1216
f 1217 1187 1188
f 1216 1187 1217
f 1218 1188 1189
f 1217 1188 1218
f 1219 1189 1190
f 1218 1189 1219
f 1220 1190 1191
f 1219 1190 1220
f 1221 1191 1192
f 1220 1191 1221
f 1222 1192 1193
f 1221 1192 1222
f 1223 1193 1194
f 1222 1193 1223
f 1224 1194 1195
f 1223 1194 1224
f 1225 1195 1196
f 1224 1195 1225
f 1226 1196 1197
f 1225 1196 1226
f 1227 1197 1198
f 1226 1197 1227
f 1228 1198 1199
f 1227 1198 1228
f 1229 1199 1200
f 1228 1199 1229
f 1230 1200 1201
f 1229 1200 1230
f 1231 1201 1202
f 1230 1201 1231
f 1232 1202 1203
f 1231 1202 1232
f 1233 1203 1204
f 1232 1203 1233
f 322 1234 305
f 1234 1204 305
f 1234 1233 1204
f 323 1234 322
f 1205 328 310
f 1235 328 1205
f 330 1206 312
f 330 1236 1206
f 1237 334 1207
f 1207 334 317
f 1238 1207 1208
f 1237 1207 1238
f 1239 1208 1209
f 1238 1208 1239
f 335 1240 320
f 1240 1209 320
f 1240 1239 1209
f 321 1210 335
f 1210 1240 335
f 1210 1241 1240
f 1242 1210 1211
f 1241 1210 1242
f 1243 1211 1212
f 1242 1211 1243
f 1244 1212 1213
f 1243 1212 1244
f 1245 1213 1214
f 1244 1213 1245
f 1246 1214 1215
f 1245 1214 1246
f 1247 1215 1216
f 1246 1215 1247
f 1248 1216 1217
f 1247 1216 1248
f 1249 1217 1218
f 1248 1217 1249
f 1250 1218 1219
f 1249 1218 1250
f 1251 1219 1220
f 1250 1219 1251
f 1252 1220 1221
f 1251 1220 1252
f 1253 1221 1222
f 1252 1221 1253
f 1254 1222 1223
f 1253 1222 1254
f 1255 1223 1224
f 1254 1223 1255
f 1256 1224 1225
f 1255 1224 1256
f 1257 1225 1226
f 1256 1225 1257
f 1258 1226 1227
f 1257 1226 1258
f 1259 1227 1228
f 1258 1227 1259
f 1260 1228 1229
f 1259 1228 1260
f 1261 1229 1230
f 1260 1229 1261
f 1262 1230 1231
f 1261 1230 1262
f 1263 1231 1232
f 1262 1231 1263
f 1264 1232 1233
f 1263 1232 1264
f 1265 1233 1234
f 1264 1233 1265
f 337 1265 323
f 323 1265 1234
f 1235 341 328
f 1266 341 1235
f 343 1236 330
f 343 1267 1236
f 1268 346 347
f 334 1237 347
f 1237 1268 347
f 1237 1269 1268
f 1270 1237 1238
f 1269 1237 1270
f 1271 1238 1239
f 1270 1238 1271
f 1272 1239 1240
f 1271 1239 1272
f 1273 1240 1241
f 1272 1240 1273
f 1274 1241 1242
f 1273 1241 1274
f 1275 1242 1243
f 1274 1242 1275
f 1276 1243 1244
f 1275 1243 1276
f 1277 1244 1245
f 1276 1244 1277
f 1278 1245 1246
f 1277 1245 1278
f 1279 1246 1247
f 1278 1246 1279
f 1280 1247 1248
f 1279 1247 1280
f 1281 1248 1249
f 1280 1248 1281
f 1282 1249 1250
f 1281 1249 1282
f 1283 1250 1251
f 1282 1250 1283
f 1284 1251 1252
f 1283 1251 1284
f 1285 1252 1253
f 1284 1252 1285
f 1286 1253 1254
f 1285 1253 1286
f 1287 1254 1255
f 1286 1254 1287
f 1288 1255 1256
f 1287 1255 1288
f 1289 1256 1257
f 1288 1256 1289
f 1290 1257 1258
f 1289 1257 1290
f 1291 1258 1259
f 1290 1258 1291
f 1292 1259 1260
f 1291 1259 1292
f 1293 1260 1261
f 1292 1260 1293
f 1294 1261 1262
f 1293 1261 1294
f 1295 1262 1263
f 1294 1262 1295
f 1296 1263 1264
f 1295 1263 1296
f 1297 1264 1265
f 1296 1264 1297
f 349 1297 337
f 337 1297 1265
f 1266 353 341
f 1298 353 1266
f 355 1267 343
f 355 1299 1267
f 1300 358 1268
f 1268 358 346
f 1301 1268 1269
f 1300 1268 1301
f 1302 1269 1270
f 1301 1269 1302
f 1303 1270 1271
f 1302 1270 1303
f 1304 1271 1272
f 1303 1271 1304
f 1305 1272 1273
f 1304 1272 1305
f 1306 1273 1274
f 1305 1273 1306
f 1307 1274 1275
f 1306 1274 1307
f 1308 1275 1276
f 1307 1275 1308
f 1309 1276 1277
f 1308 1276 1309
f 1310 1277 1278
f 1309 1277 1310
f 1311 1278 1279
f 1310 1278 1311
f 1312 1279 1280
f 1311 1279 1312
f 1313 1280 1281
f 1312 1280 1313
f 1314 1281 1282
f 1313 1281 1314
f 1315 1282 1283
f 1314 1282 1315
f 1316 1283 1284
f 1315 1283 1316
f 1317 1284 1285
f 1316 1284 1317
f 1318 1285 1286
f 1317 1285 1318
f 1319 1286 1287
f 1318 1286 1319
f 1320 1287 1288
f 1319 1287 1320
f 1321 1288 1289
f 1320 1288 1321
f 1322 1289 1290
f 1321 1289 1322
f 1323 1290 1291
f 1322 1290 1323
f 1324 1291 1292
f 1323 1291 1324
f 1325 1292 1293
f 1324 1292 1325
f 1326 1293 1294
f 1325 1293 1326
f 1327 1294 1295
f 1326 1294 1327
f 1328 1295 1296
f 1327 1295 1328
f 1329 1296 1297
f 1328 1296 1329
f 360 1329 349
f 349 1329 1297
f 1298 364 353
f 1330 364 1298
f 366 1299 355
f 366 1331 1299
f 1332 369 1300
f 1300 369 358
f 1333 1300 1301
f 1332 1300 1333
f 1334 1301 1302
f 1333 1301 1334
f 1335 1302 1303
f 1334 1302 1335
f 1336 1303 1304
f 1335 1303 1336
f 1337 1304 1305
f 1336 1304 1337
f 1338 1305 1306
f 1337 1305 1338
f 1339 1306 1307
f 1338 1306 1339
f 1340 1307 1308
f 1339 1307 1340
f 1341 1308 1309
f 1340 1308 1341
f 1342 1309 1310
f 1341 1309 1342
f 1343 1310 1311
f 1342 1310 1343
f 1344 1311 1312
f 1343 1311 1344
f 1345 1312 1313
f 1344 1312 1345
f 1346 1313 1314
f 1345 1313 1346
f 1347 1314 1315
f 1346 1314 1347
f 1348 1315 1316
f 1347 1315 1348
f 1349 1316 1317
f 1348 1316 1349
f 1350 1317 1318
f 1349 1317 1350
f 1351 1318 1319
f 1350 1318 1351
f 1352 1319 1320
f 1351 1319 1352
f 1353 1320 1321
f 1352 1320 1353
f 1354 1321 1322
f 1353 1321 1354
f 1355 1322 1323
f 1354 1322 1355
f 1356 1323 1324
f 1355 1323 1356
f 1357 1324 1325
f 1356 1324 1357
f 1358 1325 1326
f 1357 1325 1358
f 1359 1326 1327
f 1358 1326 1359
f 1360 1327 1328
f 1359 1327 1360
f 1361 1328 1329
f 1360 1328 1361
f 371 1361 360
f 360 1361 1329
f 1330 375 364
f 1362 375 1330
f 377 1331 366
f 377 1363 1331
f 1364 380 1332
f 1332 380 369
f 1365 1332 1333
f 1364 1332 1365
f 1366 1333 1334
f 1365 1333 1366
f 1367 1334 1335
f 1366 1334 1367
f 1368 1335 1336
f 1367 1335 1368
f 1369 1336 1337
f 1368 1336 1369
f 1370 1337 1338
f 1369 1337 1370
f 1371 1338 1339
f 1370 1338 1371
f 1372 1339 1340
f 1371 1339 1372
f 1373 1340 1341
f 1372 1340 1373
f 1374 1341 1342
f 1373 1341 1374
f 1375 1342 1343
f 1374 1342 1375
f 1376 1343 1344
f 1375 1343 1376
f 1377 1344 1345
f 1376 1344 1377
f 1378 1345 1346
f 1377 1345 1378
f 1379 1346 1347
f 1378 1346 1379
f 1380 1347 1348
f 1379 1347 1380
f 1381 1348 1349
f 1380 1348 1381
f 1382 1349 1350
f 1381 1349 1382
f 1383 1350 1351
f 1382 1350 1383
f 1384 1351 1352
f 1383 1351 1384
f 1385 1352 1353
f 1384 1352 1385
f 1386 1353 1354
f 1385 1353 1386
f 1387 1354 1355
f 1386 1354 1387
f 1388 1355 1356
f 1387 1355 1388
f 1389 1356 1357
f 1388 1356 1389
f 1390 1357 1358
f 1389 1357 1390
f 1391 1358 1359
f 1390 1358 1391
f 1392 1359 1360
f 1391 1359 1392
f 1393 1360 1361
f 1392 1360 1393
f 382 1393 371
f 371 1393 1361
f 1362 386 375
f 1394 386 1362
f 388 1363 377
f 388 1395 1363
f 1396 391 1364
f 1364 391 380
f 1397 1364 1365
f 1396 1364 1397
f 1398 1365 1366
f 1397 1365 1398
f 1399 1366 1367
f 1398 1366 1399
f 1400 1367 1368
f 1399 1367 1400
f 1401 1368 1369
f 1400 1368 1401
f 1402 1369 1370
f 1401 1369 1402
f 1403 1370 1371
f 1402 1370 1403
f 1404 1371 1372
f 1403 1371 1404
f 1405 1372 1373
f 1404 1372 1405
f 1406 1373 1374
f 1405 1373 1406
f 1407 1374 1375
f 1406 1374 1407
f 1408 1375 1376
f 1407 1375 1408
f 1409 1376 1377
f 1408 1376 1409
f 1410 1377 1378
f 1409 1377 1410
f 1411 1378 1379
f 1410 1378 1411
f 1412 1379 1380
f 1411 1379 1412
f 1413 1380 1381
f 1412 1380 1413
f 1414 1381 1382
f 1413 1381 1414
f 1415 1382 1383
f 1414 1382 1415
f 1416 1383 1384
f 1415 1383 1416
f 1417 1384 1385
f 1416 1384 1417
f 1418 1385 1386
f 1417 1385 1418
f 1419 1386 1387
f 1418 1386 1419
f 1420 1387 1388
f 1419 1387 1420
f 1421 1388 1389
f 1420 1388 1421
f 1422 1389 1390
f 1421 1389 1422
f 1423 1390 1391
f 1422 1390 1423
f 1424 1391 1392
f 1423 1391 1424
f 1425 1392 1393
f 1424 1392 1425
f 393 1425 382
f 382 1425 1393
f 1394 397 386
f 1426 397 1394
f 399 1395 388
f 399 1427 1395
f 1428 402 1396
f 1396 402 391
f 1429 1396 1397
f 1428 1396 1429
f 1430 1397 1398
f 1429 1397 1430
f 1431 1398 1399
f 1430 1398 1431
f 1432 1399 1400
f 1431 1399 1432
f 1433 1400 1401
f 1432 1400 1433
f 1434 1401 1402
f 1433 1401 1434
f 1435 1402 1403
f 1434 1402 1435
f 1436 1403 1404
f 1435 1403 1436
f 1437 1404 1405
f 1436 1404 1437
f 1438 1405 1406
f 1437 1405 1438
f 1439 1406 1407
f 1438 1406 1439
f 1440 1407 1408
f 1439 1407 1440
f 1441 1408 1409
f 1440 1408 1441
f 1442 1409 1410
f 1441 1409 1442
f 1443 1410 1411
f 1442 1410 1443
f 1444 1411 1412
f 1443 1411 1444
f 1445 1412 1413
f 1444 1412 1445
f 1446 1413 1414
f 1445 1413 1446
f 1447 1414 1415
f 1446 1414 1447
f 1448 1415 1416
f 1447 1415 1448
f 1449 1416 1417
f 1448 1416 1449
f 1450 1417 1418
f 1449 1417 1450
f 1451 1418 1419
f 1450 1418 1451
f 1452 1419 1420
f 1451 1419 1452
f 1453 1420 1421
f 1452 1420 1453
f 1454 1421 1422
f 1453 1421 1454
f 1455 1422 1423
f 1454 1422 1455
f 1456 1423 1424
f 1455 1423 1456
f 1457 1424 1425
f 1456 1424 1457
f 404 1457 393
f 393 1457 1425
f 1426 408 397
f 1458 408 1426
f 410 1427 399
f 410 1459 1427
f 1460 413 1428
f 1428 413 402
f 1461 1428 1429
f 1460 1428 1461
f 1462 1429 1430
f 1461 1429 1462
f 1463 1430 1431
f 1462 1430 1463
f 1464 1431 1432
f 1463 1431 1464
f 1465 1432 1433
f 1464 1432 1465
f 1466 1433 1434
f 1465 1433 1466
f 1467 1434 1435
f 1466 1434 1467
f 1468 1435 1436
f 1467 1435 1468
f 1469 1436 1437
f 1468 1436 1469
f 1470 1437 1438
f 1469 1437 1470
f 1471 1438 1439
f 1470 1438 1471
f 1472 1439 1440
f 1471 1439 1472
f 1473 1440 1441
f 1472 1440 1473
f 1474 1441 1442
f 1473 1441 1474
f 1475 1442 1443
f 1474 1442 1475
f 1476 1443 1444
f 1475 1443 1476
f 1477 1444 1445
f 1476 1444 1477
f 1478 1445 1446
f 1477 1445 1478
f 1479 1446 1447
f 1478 1446 1479
f 1480 1447 1448
f 1479 1447 1480
f 1481 1448 1449
f 1480 1448 1481
f 1482 1449 1450
f 1481 1449 1482
f 1483 1450 1451
f 1482 1450 1483
f 1484 1451 1452
f 1483 1451 1484
f 1485 1452 1453
f 1484 1452 1485
f 1486 1453 1454
f 1485 1453 1486
f 1487 1454 1455
f 1486 1454 1487
f 1488 1455 1456
f 1487 1455 1488
f 1489 1456 1457
f 1488 1456 1489
f 415 1489 404
f 404 1489 1457
f 1458 419 408
f 1490 419 1458
f 421 1459 410
f 421 1491 1459
f 1460 424 413
f 424 1460 426
f 1460 1492 426
f 1460 1461 1492
f 1493 1461 1462
f 1492 1461 1493
f 1494 1462 1463
f 1493 1462 1494
f 1495 1463 1464
f 1494 1463 1495
f 1496 1464 1465
f 1495 1464 1496
f 1497 1465 1466
f 1496 1465 1497
f 1498 1466 1467
f 1497 1466 1498
f 1499 1467 1468
f 1498 1467 1499
f 1500 1468 1469
f 1499 1468 1500
f 1501 1469 1470
f 1500 1469 1501
f 1502 1470 1471
f 1501 1470 1502
f 1503 1471 1472
f 1502 1471 1503
f 1504 1472 1473
f 1503 1472 1504
f 1505 1473 1474
f 1504 1473 1505
f 1506 1474 1475
f 1505 1474 1506
f 1507 1475 1476
f 1506 1475 1507
f 1508 1476 1477
f 1507 1476 1508
f 1509 1477 1478
f 1508 1477 1509
f 1510 1478 1479
f 1509 1478 1510
f 1511 1479 1480
f 1510 1479 1511
f 1512 1480 1481
f 1511 1480 1512
f 1513 1481 1482
f 1512 1481 1513
f 1514 1482 1483
f 1513 1482 1514
f 1515 1483 1484
f 1514 1483 1515
f 1516 1484 1485
f 1515 1484 1516
f 1517 1485 1486
f 1516 1485 1517
f 1518 1486 1487
f 1517 1486 1518
f 1519 1487 1488
f 1518 1487 1519
f 1520 1488 1489
f 1519 1488 1520
f 428 1520 415
f 415 1520 1489
f 1490 432 419
f 1521 432 1490
f 434 1491 421
f 434 1522 1491
f 1523 437 438
f 426 1492 438
f 1492 1523 438
f 1492 1524 1523
f 1525 1492 1493
f 1524 1492 1525
f 1526 1493 1494
f 1525 1493 1526
f 1527 1494 1495
f 1526 1494 1527
f 1528 1495 1496
f 1527 1495 1528
f 1529 1496 1497
f 1528 1496 1529
f 1530 1497 1498
f 1529 1497 1530
f 1531 1498 1499
f 1530 1498 1531
f 1532 1499 1500
f 1531 1499 1532
f 1533 1500 1501
f 1532 1500 1533
f 1534 1501 1502
f 1533 1501 1534
f 1535 1502 1503
f 1534 1502 1535
f 1536 1503 1504
f 1535 1503 1536
f 1537 1504 1505
f 1536 1504 1537
f 1538 1505 1506
f 1537 1505 1538
f 1539 1506 1507
f 1538 1506 1539
f 1540 1507 1508
f 1539 1507 1540
f 1541 1508 1509
f 1540 1508 1541
f 1542 1509 1510
f 1541 1509 1542
f 1543 1510 1511
f 1542 1510 1543
f 1544 1511 1512
f 1543 1511 1544
f 1545 1512 1513
f 1544 1512 1545
f 1546 1513 1514
f 1545 1513 1546
f 1547 1514 1515
f 1546 1514 1547
f 1548 1515 1516
f 1547 1515 1548
f 1549 1516 1517
f 1548 1516 1549
f 1550 1517 1518
f 1549 1517 1550
f 1551 1518 1519
f 1550 1518 1551
f 1552 1519 1520
f 1551 1519 1552
f 440 1552 428
f 428 1552 1520
f 1521 444 432
f 1553 444 1521
f 446 1522 434
f 446 1554 1522
f 1555 449 1523
f 1523 449 437
f 1556 1523 1524
f 1555 1523 1556
f 1557 1524 1525
f 1556 1524 1557
f 1558 1525 1526
f 1557 1525 1558
f 1559 1526 1527
f 1558 1526 1559
f 1560 1527 1528
f 1559 1527 1560
f 1561 1528 1529
f 1560 1528 1561
f 1562 1529 1530
f 1561 1529 1562
f 1563 1530 1531
f 1562 1530 1563
f 1564 1531 1532
f 1563 1531 1564
f 1565 1532 1533
f 1564 1532 1565
f 1566 1533 1534
f 1565 1533 1566
f 1567 1534 1535
f 1566 1534 1567
f 1568 1535 1536
f 1567 1535 1568
f 1569 1536 1537
f 1568 1536 1569
f 1570 1537 1538
f 1569 1537 1570
f 1571 1538 1539
f 1570 1538 1571
f 1572 1539 1540
f 1571 1539 1572
f 1573 1540 1541
f 1572 1540 1573
f 1574 1541 1542
f 1573 1541 1574
f 1575 1542 1543
f 1574 1542 1575
f 1576 1543 1544
f 1575 1543 1576
f 1577 1544 1545
f 1576 1544 1577
f 1578 1545 1546
f 1577 1545 1578
f 1579 1546 1547
f 1578 1546 1579
f 1580 1547 1548
f 1579 1547 1580
f 1581 1548 1549
f 1580 1548 1581
f 1582 1549 1550
f 1581 1549 1582
f 1583 1550 1551
f 1582 1550 1583
f 1584 1551 1552
f 1583 1551 1584
f 451 1584 440
f 440 1584 1552
f 1553 455 444
f 1585 455 1553
f 457 1554 446
f 457 1586 1554
f 1587 460 1555
f 1555 460 449
f 1588 1555 1556
f 1587 1555 1588
f 1589 1556 1557
f 1588 1556 1589
f 1590 1557 1558
f 1589 1557 1590
f 1591 1558 1559
f 1590 1558 1591
f 1592 1559 1560
f 1591 1559 1592
f 1593 1560 1561
f 1592 1560 1593
f 1594 1561 1562
f 1593 1561 1594
f 1595 1562 1563
f 1594 1562 1595
f 1596 1563 1564
f 1595 1563 1596
f 1597 1564 1565
f 1596 1564 1597
f 463 1597 462
f 1597 1566 462
f 1597 1565 1566
f 462 1566 464
f 1566 1598 464
f 1566 1567 1598
f 1599 1567 1568
f 1598 1567 1599
f 1600 1568 1569
f 1599 1568 1600
f 1601 1569 1570
f 1600 1569 1601
f 1602 1570 1571
f 1601 1570 1602
f 1603 1571 1572
f 1602 1571 1603
f 1604 1572 1573
f 1603 1572 1604
f 1605 1573 1574
f 1604 1573 1605
f 1606 1574 1575
f 1605 1574 1606
f 1607 1575 1576
f 1606 1575 1607
f 1608 1576 1577
f 1607 1576 1608
f 1609 1577 1578
f 1608 1577 1609
f 1610 1578 1579
f 1609 1578 1610
f 1611 1579 1580
f 1610 1579 1611
f 1612 1580 1581
f 1611 1580 1612
f 1613 1581 1582
f 1612 1581 1613
f 1614 1582 1583
f 1613 1582 1614
f 1615 1583 1584
f 1614 1583 1615
f 466 1615 451
f 451 1615 1584
f 1585 470 455
f 1616 470 1585
f 472 1586 457
f 472 1617 1586
f 1618 475 1587
f 1587 475 460
f 1619 1587 1588
f 1618 1587 1619
f 1620 1588 1589
f 1619 1588 1620
f 1621 1589 1590
f 1620 1589 1621
f 1622 1590 1591
f 1621 1590 1622
f 1623 1591 1592
f 1622 1591 1623
f 1624 1592 1593
f 1623 1592 1624
f 1625 1593 1594
f 1624 1593 1625
f 1626 1594 1595
f 1625 1594 1626
f 1627 1595 1596
f 1626 1595 1627
f 1628 1596 1597
f 1627 1596 1628
f 476 1629 463
f 1629 1597 463
f 1629 1628 1597
f 464 1598 476
f 1598 1629 476
f 1598 1630 1629
f 1631 1598 1599
f 1630 1598 1631
f 1632 1599 1600
f 1631 1599 1632
f 1633 1600 1601
f 1632 1600 1633
f 1634 1601 1602
f 1633 1601 1634
f 1635 1602 1603
f 1634 1602 1635
f 1636 1603 1604
f 1635 1603 1636
f 1637 1604 1605
f 1636 1604 1637
f 1638 1605 1606
f 1637 1605 1638
f 1639 1606 1607
f 1638 1606 1639
f 1640 1607 1608
f 1639 1607 1640
f 1641 1608 1609
f 1640 1608 1641
f 1642 1609 1610
f 1641 1609 1642
f 1643 1610 1611
f 1642 1610 1643
f 1644 1611 1612
f 1643 1611 1644
f 1645 1612 1613
f 1644 1612 1645
f 1646 1613 1614
f 1645 1613 1646
f 1647 1614 1615
f 1646 1614 1647
f 478 1647 466
f 466 1647 1615
f 1616 482 470
f 1648 482 1616
f 484 1617 472
f 484 1649 1617
f 1618 487 475
f 487 1618 489
f 1618 1650 489
f 1618 1619 1650
f 1651 1619 1620
f 1650 1619 1651
f 1652 1620 1621
f 1651 1620 1652
f 1653 1621 1622
f 1652 1621 1653
f 1654 1622 1623
f 1653 1622 1654
f 1655 1623 1624
f 1654 1623 1655
f 1656 1624 1625
f 1655 1624 1656
f 1657 1625 1626
f 1656 1625 1657
f 1658 1626 1627
f 1657 1626 1658
f 1659 1627 1628
f 1658 1627 1659
f 1660 1628 1629
f 1659 1628 1660
f 1661 1629 1630
f 1660 1629 1661
f 1662 1630 1631
f 1661 1630 1662
f 1663 1631 1632
f 1662 1631 1663
f 1664 1632 1633
f 1663 1632 1664
f 1665 1633 1634
f 1664 1633 1665
f 1666 1634 1635
f 1665 1634 1666
f 1667 1635 1636
f 1666 1635 1667
f 1668 1636 1637
f 1667 1636 1668
f 1669 1637 1638
f 1668 1637 1669
f 1670 1638 1639
f 1669 1638 1670
f 1671 1639 1640
f 1670 1639 1671
f 1672 1640 1641
f 1671 1640 1672
f 1673 1641 1642
f 1672 1641 1673
f 1674 1642 1643
f 1673 1642 1674
f 1675 1643 1644
f 1674 1643 1675
f 1676 1644 1645
f 1675 1644 1676
f 1677 1645 1646
f 1676 1645 1677
f 1678 1646 1647
f 1677 1646 1678
f 491 1678 478
f 478 1678 1647
f 1648 495 482
f 1679 495 1648
f 497 1649 484
f 497 1680 1649
f 1681 501 1650
f 1650 501 489
f 1682 1650 1651
f 1681 1650 1682
f 1683 1651 1652
f 1682 1651 1683
f 1684 1652 1653
f 1683 1652 1684
f 1685 1653 1654
f 1684 1653 1685
f 1686 1654 1655
f 1685 1654 1686
f 1687 1655 1656
f 1686 1655 1687
f 1688 1656 1657
f 1687 1656 1688
f 1689 1657 1658
f 1688 1657 1689
f 1690 1658 1659
f 1689 1658 1690
f 1691 1659 1660
f 1690 1659 1691
f 1692 1660 1661
f 1691 1660 1692
f 1693 1661 1662
f 1692 1661 1693
f 1694 1662 1663
f 1693 1662 1694
f 1695 1663 1664
f 1694 1663 1695
f 1696 1664 1665
f 1695 1664 1696
f 1697 1665 1666
f 1696 1665 1697
f 1698 1666 1667
f 1697 1666 1698
f 1699 1667 1668
f 1698 1667 1699
f 1700 1668 1669
f 1699 1668 1700
f 1701 1669 1670
f 1700 1669 1701
f 1702 1670 1671
f 1701 1670 1702
f 1703 1671 1672
f 1702 1671 1703
f 1704 1672 1673
f 1703 1672 1704
f 1705 1673 1674
f 1704 1673 1705
f 1706 1674 1675
f 1705 1674 1706
f 1707 1675 1676
f 1706 1675 1707
f 1708 1676 1677
f 1707 1676 1708
f 1709 1677 1678
f 1708 1677 1709
f 503 1709 491
f 491 1709 1678
f 1679 507 495
f 1710 507 1679
f 509 1680 497
f 509 1711 1680
f 1712 512 513
f 501 1681 513
f 1681 1712 513
f 1681 1713 1712
f 1714 1681 1682
f 1713 1681 1714
f 1715 1682 1683
f 1714 1682 1715
f 1716 1683 1684
f 1715 1683 1716
f 1717 1684 1685
f 1716 1684 1717
f 1718 1685 1686
f 1717 1685 1718
f 1719 1686 1687
f 1718 1686 1719
f 1720 1687 1688
f 1719 1687 1720
f 1721 1688 1689
f 1720 1688 1721
f 1722 1689 1690
f 1721 1689 1722
f 1723 1690 1691
f 1722 1690 1723
f 1724 1691 1692
f 1723 1691 1724
f 1725 1692 1693
f 1724 1692 1725
f 1726 1693 1694
f 1725 1693 1726
f 1727 1694 1695
f 1726 1694 1727
f 1728 1695 1696
f 1727 1695 1728
f 1729 1696 1697
f 1728 1696 1729
f 1730 1697 1698
f 1729 1697 1730
f 1731 1698 1699
f 1730 1698 1731
f 1732 1699 1700
f 1731 1699 1732
f 1733 1700 1701
f 1732 1700 1733
f 1734 1701 1702
f 1733 1701 1734
f 1735 1702 1703
f 1734 1702 1735
f 1736 1703 1704
f 1735 1703 1736
f 1737 1704 1705
f 1736 1704 1737
f 1738 1705 1706
f 1737 1705 1738
f 1739 1706 1707
f 1738 1706 1739
f 1740 1707 1708
f 1739 1707 1740
f 1741 1708 1709
f 1740 1708 1741
f 515 1741 503
f 503 1741 1709
f 1710 519 507
f 1742 519 1710
f 521 1711 509
f 521 1743 1711
f 1744 524 1712
f 1712 524 512
f 1745 1712 1713
f 1744 1712 1745
f 1746 1713 1714
f 1745 1713 1746
f 1747 1714 1715
f 1746 1714 1747
f 1748 1715 1716
f 1747 1715 1748
f 1749 1716 1717
f 1748 1716 1749
f 1750 1717 1718
f 1749 1717 1750
f 1751 1718 1719
f 1750 1718 1751
f 1752 1719 1720
f 1751 1719 1752
f 1753 1720 1721
f 1752 1720 1753
f 1754 1721 1722
f 1753 1721 1754
f 1755 1722 1723
f 1754 1722 1755
f 1756 1723 1724
f 1755 1723 1756
f 1757 1724 1725
f 1756 1724 1757
f 1758 1725 1726
f 1757 1725 1758
f 1759 1726 1727
f 1758 1726 1759
f 1760 1727 1728
f 1759 1727 1760
f 1761 1728 1729
f 1760 1728 1761
f 1762 1729 1730
f 1761 1729 1762
f 1763 1730 1731
f 1762 1730 1763
f 1764 1731 1732
f 1763 1731 1764
f 1765 1732 1733
f 1764 1732 1765
f 1766 1733 1734
f 1765 1733 1766
f 1767 1734 1735
f 1766 1734 1767
f 1768 1735 1736
f 1767 1735 1768
f 1769 1736 1737
f 1768 1736 1769
f 1770 1737 1738
f 1769 1737 1770
f 1771 1738 1739
f 1770 1738 1771
f 1772 1739 1740
f 1771 1739 1772
f 1773 1740 1741
f 1772 1740 1773
f 526 1773 515
f 515 1773 1741
f 1742 530 519
f 1774 530 1742
f 532 1743 521
f 532 1775 1743
f 1776 535 1744
f 1744 535 524
f 1777 1744 1745
f 1776 1744 1777
f 1778 1745 1746
f 1777 1745 1778
f 1779 1746 1747
f 1778 1746 1779
f 1780 1747 1748
f 1779 1747 1780
f 1781 1748 1749
f 1780 1748 1781
f 1782 1749 1750
f 1781 1749 1782
f 1783 1750 1751
f 1782 1750 1783
f 1784 1751 1752
f 1783 1751 1784
f 1785 1752 1753
f 1784 1752 1785
f 1786 1753 1754
f 1785 1753 1786
f 1787 1754 1755
f 1786 1754 1787
f 1788 1755 1756
f 1787 1755 1788
f 1789 1756 1757
f 1788 1756 1789
f 1790 1757 1758
f 1789 1757 1790
f 1791 1758 1759
f 1790 1758 1791
f 1792 1759 1760
f 1791 1759 1792
f 1793 1760 1761
f 1792 1760 1793
f 1794 1761 1762
f 1793 1761 1794
f 1795 1762 1763
f 1794 1762 1795
f 1796 1763 1764
f 1795 1763 1796
f 1797 1764 1765
f 1796 1764 1797
f 1798 1765 1766
f 1797 1765 1798
f 1799 1766 1767
f 1798 1766 1799
f 1800 1767 1768
f 1799 1767 1800
f 1801 1768 1769
f 1800 1768 1801
f 1802 1769 1770
f 1801 1769 1802
f 1803 1770 1771
f 1802 1770 1803
f 1804 1771 1772
f 1803 1771 1804
f 1805 1772 1773
f 1804 1772 1805
f 537 1805 526
f 526 1805 1773
f 1774 541 530
f 1806 541 1774
f 543 1775 532
f 543 1807 1775
f 1776 546 535
f 546 1776 548
f 1776 1808 548
f 1776 1777 1808
f 1809 1777 1778
f 1808 1777 1809
f 1810 1778 1779
f 1809 1778 1810
f 1811 1779 1780
f 1810 1779 1811
f 1812 1780 1781
f 1811 1780 1812
f 1813 1781 1782
f 1812 1781 1813
f 1814 1782 1783
f 1813 1782 1814
f 1815 1783 1784
f 1814 1783 1815
f 1816 1784 1785
f 1815 1784 1816
f 1817 1785 1786
f 1816 1785 1817
f 1818 1786 1787
f 1817 1786 1818
f 1819 1787 1788
f 1818 1787 1819
f 1820 1788 1789
f 1819 1788 1820
f 1821 1789 1790
f 1820 1789 1821
f 1822 1790 1791
f 1821 1790 1822
f 1823 1791 1792
f 1822 1791 1823
f 1824 1792 1793
f 1823 1792 1824
f 1825 1793 1794
f 1824 1793 1825
f 1826 1794 1795
f 1825 1794 1826
f 1827 1795 1796
f 1826 1795 1827
f 1828 1796 1797
f 1827 1796 1828
f 1829 1797 1798
f 1828 1797 1829
f 1830 1798 1799
f 1829 1798 1830
f 1831 1799 1800
f 1830 1799 1831
f 1832 1800 1801
f 1831 1800 1832
f 1833 1801 1802
f 1832 1801 1833
f 1834 1802 1803
f 1833 1802 1834
f 1835 1803 1804
f 1834 1803 1835
f 1836 1804 1805
f 1835 1804 1836
f 550 1836 537
f 537 1836 1805
f 1806 554 541
f 1837 554 1806
f 556 1807 543
f 556 1838 1807
f 1839 559 560
f 548 1808 560
f 1808 1839 560
f 1808 1840 1839
f 1841 1808 1809
f 1840 1808 1841
f 1842 1809 1810
f 1841 1809 1842
f 1843 1810 1811
f 1842 1810 1843
f 1844 1811 1812
f 1843 1811 1844
f 1845 1812 1813
f 1844 1812 1845
f 1846 1813 1814
f 1845 1813 1846
f 1847 1814 1815
f 1846 1814 1847
f 1848 1815 1816
f 1847 1815 1848
f 1849 1816 1817
f 1848 1816 1849
f 1850 1817 1818
f 1849 1817 1850
f 1851 1818 1819
f 1850 1818 1851
f 1852 1819 1820
f 1851 1819 1852
f 1853 1820 1821
f 1852 1820 1853
f 1854 1821 1822
f 1853 1821 1854
f 1855 1822 1823
f 1854 1822 1855
f 1856 1823 1824
f 1855 1823 1856
f 1857 1824 1825
f 1856 1824 1857
f 1858 1825 1826
f 1857 1825 1858
f 1859 1826 1827
f 1858 1826 1859
f 1860 1827 1828
f 1859 1827 1860
f 1861 1828 1829
f 1860 1828 1861
f 1862 1829 1830
f 1861 1829 1862
f 1863 1830 1831
f 1862 1830 1863
f 1864 1831 1832
f 1863 1831 1864
f 1865 1832 1833
f 1864 1832 1865
f 1866 1833 1834
f 1865 1833 1866
f 1867 1834 1835
f 1866 1834 1867
f 1868 1835 1836
f 1867 1835 1868
f 562 1868 550
f 550 1868 1836
f 1837 566 554
f 1869 566 1837
f 568 1838 556
f 568 1870 1838
f 1839 571 559
f 571 1839 573
f 1839 1871 573
f 1839 1840 1871
f 1872 1840 1841
f 1871 1840 1872
f 1873 1841 1842
f 1872 1841 1873
f 1874 1842 1843
f 1873 1842 1874
f 1875 1843 1844
f 1874 1843 1875
f 1876 1844 1845
f 1875 1844 1876
f 1877 1845 1846
f 1876 1845 1877
f 1878 1846 1847
f 1877 1846 1878
f 1879 1847 1848
f 1878 1847 1879
f 1880 1848 1849
f 1879 1848 1880
f 1881 1849 1850
f 1880 1849 1881
f 1882 1850 1851
f 1881 1850 1882
f 1883 1851 1852
f 1882 1851 1883
f 1884 1852 1853
f 1883 1852 1884
f 1885 1853 1854
f 1884 1853 1885
f 1886 1854 1855
f 1885 1854 1886
f 1887 1855 1856
f 1886 1855 1887
f 1888 1856 1857
f 1887 1856 1888
f 1889 1857 1858
f 1888 1857 1889
f 1890 1858 1859
f 1889 1858 1890
f 1891 1859 1860
f 1890 1859 1891
f 1892 1860 1861
f 1891 1860 1892
f 1893 1861 1862
f 1892 1861 1893
f 1894 1862 1863
f 1893 1862 1894
f 1895 1863 1864
f 1894 1863 1895
f 1896 1864 1865
f 1895 1864 1896
f 1897 1865 1866
f 1896 1865 1897
f 1898 1866 1867
f 1897 1866 1898
f 1899 1867 1868
f 1898 1867 1899
f 575 1899 562
f 562 1899 1868
f 1869 579 566
f 1900 579 1869
f 581 1870 568
f 581 1901 1870
f 1902 584 585
f 573 1871 585
f 1871 1902 585
f 1871 1903 1902
f 1904 1871 1872
f 1903 1871 1904
f 1905 1872 1873
f 1904 1872 1905
f 1906 1873 1874
f 1905 1873 1906
f 1907 1874 1875
f 1906 1874 1907
f 1908 1875 1876
f 1907 1875 1908
f 1909 1876 1877
f 1908 1876 1909
f 1910 1877 1878
f 1909 1877 1910
f 1911 1878 1879
f 1910 1878 1911
f 1912 1879 1880
f 1911 1879 1912
f 1913 1880 1881
f 1912 1880 1913
f 1914 1881 1882
f 1913 1881 1914
f 1915 1882 1883
f 1914 1882 1915
f 1916 1883 1884
f 1915 1883 1916
f 1917 1884 1885
f 1916 1884 1917
f 1918 1885 1886
f 1917 1885 1918
f 1919 1886 1887
f 1918 1886 1919
f 1920 1887 1888
f 1919 1887 1920
f 1921 1888 1889
f 1920 1888 1921
f 1922 1889 1890
f 1921 1889 1922
f 1923 1890 1891
f 1922 1890 1923
f 1924 1891 1892
f 1923 1891 1924
f 1925 1892 1893
f 1924 1892 1925
f 1926 1893 1894
f 1925 1893 1926
f 1927 1894 1895
f 1926 1894 1927
f 1928 1895 1896
f 1927 1895 1928
f 1929 1896 1897
f 1928 1896 1929
f 1930 1897 1898
f 1929 1897 1930
f 1931 1898 1899
f 1930 1898 1931
f 587 1931 575
f 575 1931 1899
f 1900 591 579
f 1932 591 1900
f 593 1901 581
f 593 1933 1901
f 1902 596 584
f 596 1902 598
f 1902 1934 598
f 1902 1903 1934
f 1935 1903 1904
f 1934 1903 1935
f 1936 1904 1905
f 1935 1904 1936
f 1937 1905 1906
f 1936 1905 1937
f 1938 1906 1907
f 1937 1906 1938
f 1939 1907 1908
f 1938 1907 1939
f 1940 1908 1909
f 1939 1908 1940
f 1941 1909 1910
f 1940 1909 1941
f 1942 1910 1911
f 1941 1910 1942
f 1943 1911 1912
f 1942 1911 1943
f 1944 1912 1913
f 1943 1912 1944
f 1945 1913 1914
f 1944 1913 1945
f 1946 1914 1915
f 1945 1914 1946
f 1947 1915 1916
f 1946 1915 1947
f 1948 1916 1917
f 1947 1916 1948
f 1949 1917 1918
f 1948 1917 1949
f 1950 1918 1919
f 1949 1918 1950
f 1951 1919 1920
f 1950 1919 1951
f 1952 1920 1921
f 1951 1920 1952
f 1953 1921 1922
f 1952 1921 1953
f 1954 1922 1923
f 1953 1922 1954
f 1955 1923 1924
f 1954 1923 1955
f 1956 1924 1925
f 1955 1924 1956
f 1957 1925 1926
f 1956 1925 1957
f 1958 1926 1927
f 1957 1926 1958
f 1959 1927 1928
f 1958 1927 1959
f 1960 1928 1929
f 1959 1928 1960
f 1961 1929 1930
f 1960 1929 1961
f 1962 1930 1931
f 1961 1930 1962
f 600 1962 587
f 587 1962 1931
f 1932 604 591
f 1963 604 1932
f 606 1933 593
f 606 1964 1933
f 1965 609 610
f 598 1934 610
f 1934 1965 610
f 1934 1966 1965
f 1967 1934 1935
f 1966 1934 1967
f 1968 1935 1936
f 1967 1935 1968
f 1969 1936 1937
f 1968 1936 1969
f 1970 1937 1938
f 1969 1937 1970
f 1971 1938 1939
f 1970 1938 1971
f 1972 1939 1940
f 1971 1939 1972
f 1973 1940 1941
f 1972 1940 1973
f 1974 1941 1942
f 1973 1941 1974
f 1975 1942 1943
f 1974 1942 1975
f 1976 1943 1944
f 1975 1943 1976
f 1977 1944 1945
f 1976 1944 1977
f 1978 1945 1946
f 1977 1945 1978
f 1979 1946 1947
f 1978 1946 1979
f 1980 1947 1948
f 1979 1947 1980
f 1981 1948 1949
f 1980 1948 1981
f 1982 1949 1950
f 1981 1949 1982
f 1983 1950 1951
f 1982 1950 1983
f 1984 1951 1952
f 1983 1951 1984
f 613 1984 612
f 1984 1953 612
f 1984 1952 1953
f 612 1953 614
f 1953 1985 614
f 1953 1954 1985
f 1986 1954 1955
f 1985 1954 1986
f 1987 1955 1956
f 1986 1955 1987
f 1988 1956 1957
f 1987 1956 1988
f 1989 1957 1958
f 1988 1957 1989
f 1990 1958 1959
f 1989 1958 1990
f 1991 1959 1960
f 1990 1959 1991
f 1992 1960 1961
f 1991 1960 1992
f 1993 1961 1962
f 1992 1961 1993
f 616 1993 600
f 600 1993 1962
f 1963 620 604
f 1994 620 1963
f 622 1964 606
f 622 1995 1964
f 1996 625 1965
f 1965 625 609
f 1997 1965 1966
f 1996 1965 1997
f 1998 1966 1967
f 1997 1966 1998
f 1999 1967 1968
f 1998 1967 1999
f 2000 1968 1969
f 1999 1968 2000
f 2001 1969 1970
f 2000 1969 2001
f 2002 1970 1971
f 2001 1970 2002
f 2003 1971 1972
f 2002 1971 2003
f 2004 1972 1973
f 2003 1972 2004
f 2005 1973 1974
f 2004 1973 2005
f 2006 1974 1975
f 2005 1974 2006
f 2007 1975 1976
f 2006 1975 2007
f 2008 1976 1977
f 2007 1976 2008
f 2009 1977 1978
f 2008 1977 2009
f 2010 1978 1979
f 2009 1978 2010
f 2011 1979 1980
f 2010 1979 2011
f 2012 1980 1981
f 2011 1980 2012
f 2013 1981 1982
f 2012 1981 2013
f 2014 1982 1983
f 2013 1982 2014
f 2015 1983 1984
f 2014 1983 2015
f 626 2016 613
f 2016 1984 613
f 2016 2015 1984
f 614 1985 626
f 1985 2016 626
f 1985 2017 2016
f 2018 1985 1986
f 2017 1985 2018
f 2019 1986 1987
f 2018 1986 2019
f 2020 1987 1988
f 2019 1987 2020
f 2021 1988 1989
f 2020 1988 2021
f 2022 1989 1990
f 2021 1989 2022
f 2023 1990 1991
f 2022 1990 2023
f 2024 1991 1992
f 2023 1991 2024
f 2025 1992 1993
f 2024 1992 2025
f 628 2025 616
f 616 2025 1993
f 1994 632 620
f 2026 632 1994
f 634 1995 622
f 634 2027 1995
f 2028 637 1996
f 1996 637 625
f 2029 1996 1997
f 2028 1996 2029
f 2030 1997 1998
f 2029 1997 2030
f 2031 1998 1999
f 2030 1998 2031
f 2032 1999 2000
f 2031 1999 2032
f 2033 2000 2001
f 2032 2000 2033
f 2034 2001 2002
f 2033 2001 2034
f 2035 2002 2003
f 2034 2002 2035
f 2036 2003 2004
f 2035 2003 2036
f 2037 2004 2005
f 2036 2004 2037
f 2038 2005 2006
f 2037 2005 2038
f 2039 2006 2007
f 2038 2006 2039
f 2040 2007 2008
f 2039 2007 2040
f 2041 2008 2009
f 2040 2008 2041
f 2042 2009 2010
f 2041 2009 2042
f 2043 2010 2011
f 2042 2010 2043
f 2044 2011 2012
f 2043 2011 2044
f 2045 2012 2013
f 2044 2012 2045
f 2046 2013 2014
f 2045 2013 2046
f 2047 2014 2015
f 2046 2014 2047
f 2048 2015 2016
f 2047 2015 2048
f 2049 2016 2017
f 2048 2016 2049
f 2050 2017 2018
f 2049 2017 2050
f 2051 2018 2019
f 2050 2018 2051
f 2052 2019 2020
f 2051 2019 2052
f 2053 2020 2021
f 2052 2020 2053
f 2054 2021 2022
f 2053 2021 2054
f 2055 2022 2023
f 2054 2022 2055
f 2056 2023 2024
f 2055 2023 2056
f 2057 2024 2025
f 2056 2024 2057
f 639 2057 628
f 628 2057 2025
f 2026 643 632
f 2058 643 2026
f 645 2027 634
f 645 2059 2027
f 2028 648 637
f 648 2028 650
f 2028 2060 650
f 2028 2029 2060
f 2061 2029 2030
f 2060 2029 2061
f 2062 2030 2031
f 2061 2030 2062
f 2063 2031 2032
f 2062 2031 2063
f 2064 2032 2033
f 2063 2032 2064
f 2065 2033 2034
f 2064 2033 2065
f 2066 2034 2035
f 2065 2034 2066
f 2067 2035 2036
f 2066 2035 2067
f 2068 2036 2037
f 2067 2036 2068
f 2069 2037 2038
f 2068 2037 2069
f 2070 2038 2039
f 2069 2038 2070
f 2071 2039 2040
f 2070 2039 2071
f 2072 2040 2041
f 2071 2040 2072
f 2073 2041 2042
f 2072 2041 2073
f 2074 2042 2043
f 2073 2042 2074
f 2075 2043 2044
f 2074 2043 2075
f 2076 2044 2045
f 2075 2044 2076
f 2077 2045 2046
f 2076 2045 2077
f 2078 2046 2047
f 2077 2046 2078
f 2079 2047 2048
f 2078 2047 2079
f 2080 2048 2049
f 2079 2048 2080
f 2081 2049 2050
f 2080 2049 2081
f 2082 2050 2051
f 2081 2050 2082
f 2083 2051 2052
f 2082 2051 2083
f 2084 2052 2053
f 2083 2052 2084
f 2085 2053 2054
f 2084 2053 2085
f 2086 2054 2055
f 2085 2054 2086
f 2087 2055 2056
f 2086 2055 2087
f 2088 2056 2057
f 2087 2056 2088
f 652 2088 639
f 639 2088 2057
f 2058 656 643
f 2089 656 2058
f 658 2059 645
f 658 2090 2059
f 2091 661 662
f 650 2060 662
f 2060 2091 662
f 2060 2092 2091
f 2093 2060 2061
f 2092 2060 2093
f 2094 2061 2062
f 2093 2061 2094
f 2095 2062 2063
f 2094 2062 2095
f 2096 2063 2064
f 2095 2063 2096
f 2097 2064 2065
f 2096 2064 2097
f 2098 2065 2066
f 2097 2065 2098
f 2099 2066 2067
f 2098 2066 2099
f 2100 2067 2068
f 2099 2067 2100
f 2101 2068 2069
f 2100 2068 2101
f 2102 2069 2070
f 2101 2069 2102
f 2103 2070 2071
f 2102 2070 2103
f 2104 2071 2072
f 2103 2071 2104
f 2105 2072 2073
f 2104 2072 2105
f 2106 2073 2074
f 2105 2073 2106
f 2107 2074 2075
f 2106 2074 2107
f 2108 2075 2076
f 2107 2075 2108
f 2109 2076 2077
f 2108 2076 2109
f 2110 2077 2078
f 2109 2077 2110
f 2111 2078 2079
f 2110 2078 2111
f 2112 2079 2080
f 2111 2079 2112
f 2113 2080 2081
f 2112 2080 2113
f 2114 2081 2082
f 2113 2081 2114
f 2115 2082 2083
f 2114 2082 2115
f 2116 2083 2084
f 2115 2083 2116
f 2117 2084 2085
f 2116 2084 2117
f 2118 2085 2086
f 2117 2085 2118
f 2119 2086 2087
f 2118 2086 2119
f 2120 2087 2088
f 2119 2087 2120
f 664 2120 652
f 652 2120 2088
f 2089 668 656
f 2121 668 2089
f 670 2090 658
f 670 2122 2090
f 2091 673 661
f 673 2091 675
f 2091 2123 675
f 2091 2092 2123
f 2124 2092 2093
f 2123 2092 2124
f 2125 2093 2094
f 2124 2093 2125
f 2126 2094 2095
f 2125 2094 2126
f 2127 2095 2096
f 2126 2095 2127
f 2128 2096 2097
f 2127 2096 2128
f 2129 2097 2098
f 2128 2097 2129
f 2130 2098 2099
f 2129 2098 2130
f 2131 2099 2100
f 2130 2099 2131
f 2132 2100 2101
f 2131 2100 2132
f 2133 2101 2102
f 2132 2101 2133
f 2134 2102 2103
f 2133 2102 2134
f 2135 2103 2104
f 2134 2103 2135
f 2136 2104 2105
f 2135 2104 2136
f 2137 2105 2106
f 2136 2105 2137
f 2138 2106 2107
f 2137 2106 2138
f 2139 2107 2108
f 2138 2107 2139
f 2140 2108 2109
f 2139 2108 2140
f 2141 2109 2110
f 2140 2109 2141
f 2142 2110 2111
f 2141 2110 2142
f 2143 2111 2112
f 2142 2111 2143
f 2144 2112 2113
f 2143 2112 2144
f 2145 2113 2114
f 2144 2113 2145
f 2146 2114 2115
f 2145 2114 2146
f 2147 2115 2116
f 2146 2115 2147
f 2148 2116 2117
f 2147 2116 2148
f 2149 2117 2118
f 2148 2117 2149
f 2150 2118 2119
f 2149 2118 2150
f 2151 2119 2120
f 2150 2119 2151
f 677 2151 664
f 664 2151 2120
f 2152 680 681
f 2153 2152 681
f 668 2153 681
f 2121 2153 668
f 683 2122 670
f 683 2154 2122
f 2155 686 687
f 675 2123 687
f 2123 2155 687
f 2123 2156 2155
f 2157 2123 2124
f 2156 2123 2157
f 2158 2124 2125
f 2157 2124 2158
f 2159 2125 2126
f 2158 2125 2159
f 2160 2126 2127
f 2159 2126 2160
f 2161 2127 2128
f 2160 2127 2161
f 2162 2128 2129
f 2161 2128 2162
f 2163 2129 2130
f 2162 2129 2163
f 2164 2130 2131
f 2163 2130 2164
f 2165 2131 2132
f 2164 2131 2165
f 2166 2132 2133
f 2165 2132 2166
f 2167 2133 2134
f 2166 2133 2167
f 2168 2134 2135
f 2167 2134 2168
f 2169 2135 2136
f 2168 2135 2169
f 2170 2136 2137
f 2169 2136 2170
f 2171 2137 2138
f 2170 2137 2171
f 2172 2138 2139
f 2171 2138 2172
f 2173 2139 2140
f 2172 2139 2173
f 2174 2140 2141
f 2173 2140 2174
f 2175 2141 2142
f 2174 2141 2175
f 2176 2142 2143
f 2175 2142 2176
f 2177 2143 2144
f 2176 2143 2177
f 2178 2144 2145
f 2177 2144 2178
f 2179 2145 2146
f 2178 2145 2179
f 2180 2146 2147
f 2179 2146 2180
f 2181 2147 2148
f 2180 2147 2181
f 2182 2148 2149
f 2181 2148 2182
f 2183 2149 2150
f 2182 2149 2183
f 2184 2150 2151
f 2183 2150 2184
f 689 2184 677
f 677 2184 2151
f 2185 692 2152
f 2152 692 680
f 2152 2153 2186
f 2152 2186 2185
f 694 2154 683
f 694 2187 2154
f 2155 697 686
f 697 2155 700
f 700 2155 2156
f 700 2156 701
f 2156 2188 701
f 2156 2157 2188
f 2189 2157 2158
f 2188 2157 2189
f 2190 2158 2159
f 2189 2158 2190
f 704 2190 703
f 2190 2160 703
f 2190 2159 2160
f 703 2160 705
f 2160 2191 705
f 2160 2161 2191
f 2192 2161 2162
f 2191 2161 2192
f 2193 2162 2163
f 2192 2162 2193
f 2194 2163 2164
f 2193 2163 2194
f 2195 2164 2165
f 2194 2164 2195
f 2196 2165 2166
f 2195 2165 2196
f 2197 2166 2167
f 2196 2166 2197
f 2198 2167 2168
f 2197 2167 2198
f 2199 2168 2169
f 2198 2168 2199
f 2200 2169 2170
f 2199 2169 2200
f 2201 2170 2171
f 2200 2170 2201
f 2202 2171 2172
f 2201 2171 2202
f 2203 2172 2173
f 2202 2172 2203
f 2204 2173 2174
f 2203 2173 2204
f 2205 2174 2175
f 2204 2174 2205
f 2206 2175 2176
f 2205 2175 2206
f 2207 2176 2177
f 2206 2176 2207
f 2208 2177 2178
f 2207 2177 2208
f 2209 2178 2179
f 2208 2178 2209
f 2210 2179 2180
f 2209 2179 2210
f 2211 2180 2181
f 2210 2180 2211
f 2212 2181 2182
f 2211 2181 2212
f 2213 2182 2183
f 2212 2182 2213
f 708 2213 707
f 2213 2184 707
f 2213 2183 2184
f 707 2184 689
f 2214 712 2185
f 2185 712 692
f 2185 2186 2215
f 2185 2215 2214
f 714 2187 694
f 714 2216 2187
f 2188 719 701
f 719 2188 722
f 722 2188 2189
f 722 2189 724
f 724 2189 2190
f 724 2190 704
f 2191 726 705
f 726 2191 729
f 729 2191 2192
f 729 2192 731
f 731 2192 2193
f 731 2193 733
f 733 2193 2194
f 733 2194 735
f 735 2194 2195
f 735 2195 737
f 737 2195 2196
f 737 2196 739
f 739 2196 2197
f 739 2197 741
f 741 2197 2198
f 741 2198 743
f 743 2198 2199
f 743 2199 745
f 745 2199 2200
f 745 2200 747
f 747 2200 2201
f 747 2201 749
f 749 2201 2202
f 749 2202 751
f 751 2202 2203
f 751 2203 753
f 753 2203 2204
f 753 2204 755
f 755 2204 2205
f 755 2205 757
f 757 2205 2206
f 757 2206 759
f 759 2206 2207
f 759 2207 761
f 761 2207 2208
f 761 2208 763
f 763 2208 2209
f 763 2209 765
f 765 2209 2210
f 765 2210 767
f 767 2210 2211
f 767 2211 769
f 769 2211 2212
f 769 2212 771
f 771 2212 2213
f 771 2213 708
f 2218 2217 2214
f 2217 712 2214
f 2217 776 712
f 2218 2214 2215
f 778 2216 714
f 778 2219 2216
f 2217 814 776
f 2220 814 2217
f 816 2219 778
f 816 2221 2219
f 2220 852 814
f 2222 852 2220
f 2223 2221 816
f 2223 816 853
f 2225 2224 854
f 2224 853 854
f 2224 2223 853
f 2225 2226 2224
f 2229 2228 2227
f 2227 2230 2229
f 2231 859 860
f 861 2231 860
f 2234 2233 2232
f 2232 2235 2234
f 2238 2237 2236
f 2236 2239 2238
f 2241 2240 870
f 870 2240 869
f 870 871 2241
f 2241 871 2242
f 2245 2244 2243
f 2243 2246 2245
f 2248 2247 876
f 876 2247 875
f 2250 2248 2249
f 2248 877 2249
f 2248 876 877
f 2249 877 878
f 2253 2252 2251
f 880 881 2254
f 2253 2251 2255
f 882 2256 881
f 881 2256 2254
f 883 2256 882
f 2259 2258 2257
f 2257 2260 2259
f 2263 2262 2261
f 2261 2264 2263
f 2267 2266 2265
f 2265 2268 2267
f 2271 2270 2269
f 2269 2272 2271
f 2275 2274 2273
f 2222 2275 2273
f 898 2222 2273
f 852 2222 898
f 2277 2276 900
f 2277 900 901
f 900 2278 902
f 2276 2278 900
f 903 902 2279
f 2279 902 2278
f 2282 2281 2280
f 2280 2281 2283
f 2283 2281 2284
f 2283 2284 2285
f 2285 2284 2286
f 2285 2286 907
f 2286 906 907
f 2286 2287 906
f 906 2288 909
f 2287 2288 906
f 2290 910 2289
f 910 2288 2289
f 910 909 2288
f 2290 2291 910
f 2291 2292 910
f 2293 911 910
f 2293 910 2292
f 2293 2292 913
f 2292 912 913
f 2292 2294 912
f 914 912 2295
f 912 2296 2295
f 912 2294 2296
f 2295 2296 916
f 2296 915 916
f 2296 2297 915
f 917 915 2298
f 915 2299 2298
f 915 2297 2299
f 2298 2299 919
f 2299 918 919
f 2299 2300 918
f 918 2301 920
f 2300 2301 918
f 920 2302 921
f 2301 2302 920
f 922 921 2303
f 921 2304 2303
f 921 2302 2304
f 2303 2304 924
f 2304 923 924
f 2304 2305 923
f 923 2306 926
f 2305 2306 923
f 926 2307 927
f 2306 2307 926
f 928 927 2308
f 927 2309 2308
f 927 2307 2309
f 2308 2309 930
f 2309 929 930
f 2309 2310 929
f 929 2311 932
f 2310 2311 929
f 932 2312 933
f 2311 2312 932
f 934 933 2313
f 933 2314 2313
f 933 2312 2314
f 2313 2314 2315
f 2315 2314 2316
f 2315 2316 936
f 2316 937 936
f 2316 2317 937
f 937 2318 939
f 2317 2318 937
f 940 939 2319
f 939 2320 2319
f 939 2318 2320
f 2319 2320 2321
f 2321 2320 2322
f 2324 2323 2322
f 2323 942 2322
f 943 2321 2322
f 943 2322 942
f 2326 2325 2323
f 2325 942 2323
f 2325 944 942
f 945 944 2327
f 944 2328 2327
f 944 2325 2328
f 2327 2328 2329
f 2329 2328 2330
f 947 2329 2330
f 2331 947 2330
f 948 947 2331
f 949 2277 901
f 949 2332 2277
f 2331 950 948
f 2333 950 2331
f 951 2332 949
f 951 2334 2332
f 2333 952 950
f 2335 952 2333
f 953 2334 951
f 953 2336 2334
f 982 952 2337
f 952 2338 2337
f 952 2335 2338
f 2337 984 982
f 985 2336 953
f 985 2339 2336
f 2337 2338 2340
f 2340 2338 2341
f 2340 1016 984
f 2340 984 2337
f 1017 2339 985
f 1017 2342 2339
f 2341 2343 2340
f 1016 2340 2343
f 2344 1016 2343
f 1048 1016 2344
f 1049 2342 1017
f 1049 2345 2342
f 2344 1079 1048
f 2346 1079 2344
f 1080 2345 1049
f 1080 2347 2345
f 2346 1110 1079
f 2348 1110 2346
f 1111 2347 1080
f 1111 2349 2347
f 2348 1142 1110
f 2350 1142 2348
f 1143 2349 1111
f 1143 2351 2349
f 2350 1174 1142
f 2352 1174 2350
f 1175 2351 1143
f 1175 2353 2351
f 2352 1205 1174
f 2354 1205 2352
f 1206 2353 1175
f 1206 2355 2353
f 2354 1235 1205
f 2356 1235 2354
f 1236 2355 1206
f 1236 2357 2355
f 2356 1266 1235
f 2358 1266 2356
f 1267 2357 1236
f 1267 2359 2357
f 2358 1298 1266
f 2360 1298 2358
f 1299 2359 1267
f 1299 2361 2359
f 2360 1330 1298
f 2362 1330 2360
f 1331 2361 1299
f 1331 2363 2361
f 2362 1362 1330
f 2364 1362 2362
f 1363 2363 1331
f 1363 2365 2363
f 2364 1394 1362
f 2366 1394 2364
f 1395 2365 1363
f 1395 2367 2365
f 2366 1426 1394
f 2368 1426 2366
f 1427 2367 1395
f 1427 2369 2367
f 2368 1458 1426
f 2370 1458 2368
f 1459 2369 1427
f 1459 2371 2369
f 2370 1490 1458
f 2372 1490 2370
f 1491 2371 1459
f 1491 2373 2371
f 2372 1521 1490
f 2374 1521 2372
f 2377 2376 2375
f 2378 2375 2376
f 1522 2373 1491
f 1522 2379 2373
f 2374 1553 1521
f 2380 1553 2374
f 2377 2375 2381
f 2377 2381 2382
f 2375 2378 2383
f 2375 2383 2381
f 1554 2379 1522
f 1554 2384 2379
f 2380 1585 1553
f 2385 1585 2380
f 2382 2381 2386
f 2382 2386 2387
f 2381 2383 2388
f 2381 2388 2386
f 1586 2384 1554
f 1586 2389 2384
f 2385 1616 1585
f 2390 1616 2385
f 2387 2386 2391
f 2387 2391 2392
f 2386 2388 2393
f 2386 2393 2391
f 1617 2389 1586
f 1617 2394 2389
f 2390 1648 1616
f 2395 1648 2390
f 2392 2391 2396
f 2392 2396 2397
f 2391 2393 2398
f 2391 2398 2396
f 1649 2394 1617
f 1649 2399 2394
f 2395 1679 1648
f 2400 1679 2395
f 2397 2396 2401
f 2397 2401 2402
f 2396 2398 2403
f 2396 2403 2401
f 1680 2399 1649
f 1680 2404 2399
f 2400 1710 1679
f 2405 1710 2400
f 2402 2401 2406
f 2402 2406 2407
f 2401 2403 2408
f 2401 2408 2406
f 1711 2404 1680
f 1711 2409 2404
f 2405 1742 1710
f 2410 1742 2405
f 2411 2407 2406
f 2411 2406 2408
f 1743 2409 1711
f 1743 2412 2409
f 2410 1774 1742
f 2413 1774 2410
f 1775 2412 1743
f 1775 2414 2412
f 2413 1806 1774
f 2415 1806 2413
f 1807 2414 1775
f 1807 2416 2414
f 2415 1837 1806
f 2417 1837 2415
f 1838 2416 1807
f 1838 2418 2416
f 2417 1869 1837
f 2419 1869 2417
f 1870 2418 1838
f 1870 2420 2418
f 2419 1900 1869
f 2421 1900 2419
f 1901 2420 1870
f 1901 2422 2420
f 2421 1932 1900
f 2423 1932 2421
f 1933 2422 1901
f 1933 2424 2422
f 2423 1963 1932
f 2425 1963 2423
f 1964 2424 1933
f 1964 2426 2424
f 2425 1994 1963
f 2427 1994 2425
f 1995 2426 1964
f 1995 2428 2426
f 2427 2026 1994
f 2429 2026 2427
f 2027 2428 1995
f 2027 2430 2428
f 2429 2058 2026
f 2431 2058 2429
f 2059 2430 2027
f 2059 2432 2430
f 2431 2089 2058
f 2433 2089 2431
f 2090 2432 2059
f 2090 2434 2432
f 2433 2121 2089
f 2435 2121 2433
f 2122 2434 2090
f 2122 2436 2434
f 2439 2438 2437
f 2435 2439 2437
f 2153 2435 2437
f 2121 2435 2153
f 2154 2436 2122
f 2154 2440 2436
f 2438 2441 2437
f 2153 2437 2441
f 2442 2153 2441
f 2186 2153 2442
f 2187 2440 2154
f 2187 2443 2440
f 2442 2215 2186
f 2444 2215 2442
f 2216 2443 2187
f 2216 2445 2443
f 2447 2446 2218
f 2218 2446 2217
f 2218 2215 2444
f 2218 2444 2447
f 2219 2445 2216
f 2219 2448 2445
f 2446 2220 2217
f 2449 2220 2446
f 2221 2448 2219
f 2221 2450 2448
f 2449 2222 2220
f 2451 2222 2449
f 2452 2450 2221
f 2452 2221 2223
f 2454 2452 2453
f 2452 2224 2453
f 2452 2223 2224
f 2226 2453 2224
f 2456 2455 2229
f 2229 2455 2228
f 2458 2457 2230
f 2457 2229 2230
f 2457 2456 2229
f 2460 2459 2458
f 2458 2459 2457
f 2462 2461 2460
f 2460 2461 2459
f 2464 2463 2462
f 2462 2463 2461
f 2466 2465 2464
f 2464 2465 2463
f 2233 2234 2467
f 2465 2466 2468
f 2235 2467 2234
f 2470 2469 2238
f 2238 2469 2237
f 2472 2471 2239
f 2471 2238 2239
f 2471 2470 2238
f 2472 2240 2471
f 2240 2241 2471
f 2474 2473 2471
f 2474 2471 2241
f 2476 2474 2475
f 2474 2241 2475
f 2242 2477 2475
f 2242 2475 2241
f 2244 2245 2477
f 2245 2475 2477
f 2245 2478 2475
f 2480 2479 2246
f 2479 2245 2246
f 2479 2478 2245
f 2247 2248 2480
f 2248 2479 2480
f 2248 2481 2479
f 2248 2250 2481
f 2481 2250 2482
f 2484 2483 2253
f 2253 2483 2252
f 2486 2485 2255
f 2485 2253 2255
f 2485 2484 2253
f 2488 2487 2486
f 2486 2487 2485
f 2488 2489 2487
f 2492 2491 2490
f 2494 2493 2490
f 2490 2493 2492
f 2258 2259 2494
f 2259 2493 2494
f 2259 2495 2493
f 2259 2260 2495
f 2495 2260 2496
f 2498 2497 2263
f 2263 2497 2262
f 2500 2499 2264
f 2499 2263 2264
f 2499 2498 2263
f 2266 2267 2501
f 2499 2500 2502
f 2268 2501 2267
f 2504 2503 2271
f 2271 2503 2270
f 2506 2505 2272
f 2505 2271 2272
f 2505 2504 2271
f 2506 2507 2505
f 2509 2508 2275
f 2275 2508 2274
f 2275 2222 2451
f 2275 2451 2509
f 2511 2510 2276
f 2511 2276 2277
f 2513 2278 2512
f 2278 2510 2512
f 2278 2276 2510
f 2516 2515 2514
f 2278 2513 2279
f 2514 2515 2517
f 2519 2518 2282
f 2282 2518 2281
f 2521 2284 2520
f 2284 2518 2520
f 2284 2281 2518
f 2523 2522 2521
f 2522 2284 2521
f 2522 2286 2284
f 2525 2287 2524
f 2287 2522 2524
f 2287 2286 2522
f 2527 2526 2525
f 2526 2287 2525
f 2526 2288 2287
f 2289 2288 2528
f 2528 2288 2526
f 2530 2529 2291
f 2291 2529 2292
f 2292 2531 2294
f 2529 2531 2292
f 2533 2296 2532
f 2296 2531 2532
f 2296 2294 2531
f 2296 2533 2297
f 2297 2533 2534
f 2536 2535 2534
f 2535 2297 2534
f 2535 2299 2297
f 2538 2300 2537
f 2300 2535 2537
f 2300 2299 2535
f 2300 2538 2301
f 2301 2538 2539
f 2301 2539 2302
f 2302 2539 2540
f 2542 2541 2540
f 2541 2302 2540
f 2541 2304 2302
f 2544 2305 2543
f 2305 2541 2543
f 2305 2304 2541
f 2546 2545 2544
f 2545 2305 2544
f 2545 2306 2305
f 2548 2307 2547
f 2307 2545 2547
f 2307 2306 2545
f 2550 2549 2548
f 2549 2307 2548
f 2549 2309 2307
f 2309 2551 2310
f 2549 2551 2309
f 2553 2311 2552
f 2311 2551 2552
f 2311 2310 2551
f 2311 2553 2312
f 2312 2553 2554
f 2556 2555 2554
f 2555 2312 2554
f 2555 2314 2312
f 2558 2316 2557
f 2316 2555 2557
f 2316 2314 2555
f 2560 2559 2558
f 2559 2316 2558
f 2559 2317 2316
f 2562 2318 2561
f 2318 2559 2561
f 2318 2317 2559
f 2564 2563 2562
f 2563 2318 2562
f 2563 2320 2318
f 2320 2565 2322
f 2563 2565 2320
f 2324 2322 2566
f 2322 2567 2566
f 2322 2565 2567
f 2569 2568 2567
f 2568 2325 2567
f 2326 2566 2567
f 2326 2567 2325
f 2571 2570 2568
f 2570 2325 2568
f 2570 2328 2325
f 2573 2330 2572
f 2330 2570 2572
f 2330 2328 2570
f 2331 2330 2573
f 2574 2331 2573
f 2575 2331 2574
f 2332 2511 2277
f 2332 2576 2511
f 2575 2333 2331
f 2577 2333 2575
f 2334 2576 2332
f 2334 2578 2576
f 2577 2335 2333
f 2579 2335 2577
f 2336 2578 2334
f 2336 2580 2578
f 2579 2338 2335
f 2581 2338 2579
f 2339 2580 2336
f 2339 2582 2580
f 2584 2341 2583
f 2341 2581 2583
f 2341 2338 2581
f 2585 2584 2583
f 2342 2582 2339
f 2342 2586 2582
f 2584 2343 2341
f 2344 2343 2584
f 2585 2344 2584
f 2587 2344 2585
f 2345 2586 2342
f 2345 2588 2586
f 2587 2346 2344
f 2589 2346 2587
f 2347 2588 2345
f 2347 2590 2588
f 2589 2348 2346
f 2591 2348 2589
f 2349 2590 2347
f 2349 2592 2590
f 2591 2350 2348
f 2593 2350 2591
f 2351 2592 2349
f 2351 2594 2592
f 2593 2352 2350
f 2595 2352 2593
f 2353 2594 2351
f 2353 2596 2594
f 2595 2354 2352
f 2597 2354 2595
f 2355 2596 2353
f 2355 2598 2596
f 2597 2356 2354
f 2599 2356 2597
f 2357 2598 2355
f 2357 2600 2598
f 2599 2358 2356
f 2601 2358 2599
f 2359 2600 2357
f 2359 2602 2600
f 2601 2360 2358
f 2603 2360 2601
f 2361 2602 2359
f 2361 2604 2602
f 2603 2362 2360
f 2605 2362 2603
f 2363 2604 2361
f 2363 2606 2604
f 2605 2364 2362
f 2607 2364 2605
f 2365 2606 2363
f 2365 2608 2606
f 2607 2366 2364
f 2609 2366 2607
f 2367 2608 2365
f 2367 2610 2608
f 2609 2368 2366
f 2611 2368 2609
f 2614 2613 2612
f 2615 2612 2613
f 2369 2610 2367
f 2369 2616 2610
f 2611 2370 2368
f 2617 2370 2611
f 2614 2612 2618
f 2614 2618 2619
f 2612 2615 2620
f 2612 2620 2618
f 2371 2616 2369
f 2371 2621 2616
f 2617 2372 2370
f 2622 2372 2617
f 2619 2618 2623
f 2619 2623 2624
f 2618 2620 2625
f 2618 2625 2623
f 2373 2621 2371
f 2373 2626 2621
f 2622 2374 2372
f 2627 2374 2622
f 2624 2623 2376
f 2377 2624 2376
f 2628 2624 2377
f 2378 2376 2623
f 2625 2378 2623
f 2629 2378 2625
f 2379 2626 2373
f 2379 2630 2626
f 2627 2380 2374
f 2631 2380 2627
f 2382 2628 2377
f 2382 2632 2628
f 2629 2383 2378
f 2633 2383 2629
f 2384 2630 2379
f 2384 2634 2630
f 2631 2385 2380
f 2635 2385 2631
f 2387 2632 2382
f 2387 2636 2632
f 2633 2388 2383
f 2637 2388 2633
f 2389 2634 2384
f 2389 2638 2634
f 2635 2390 2385
f 2639 2390 2635
f 2392 2636 2387
f 2392 2640 2636
f 2637 2393 2388
f 2641 2393 2637
f 2394 2638 2389
f 2394 2642 2638
f 2639 2395 2390
f 2643 2395 2639
f 2397 2640 2392
f 2397 2644 2640
f 2641 2398 2393
f 2645 2398 2641
f 2399 2642 2394
f 2399 2646 2642
f 2643 2400 2395
f 2647 2400 2643
f 2402 2644 2397
f 2402 2648 2644
f 2645 2403 2398
f 2649 2403 2645
f 2404 2646 2399
f 2404 2650 2646
f 2647 2405 2400
f 2651 2405 2647
f 2407 2648 2402
f 2407 2652 2648
f 2649 2408 2403
f 2653 2408 2649
f 2409 2650 2404
f 2409 2654 2650
f 2651 2410 2405
f 2655 2410 2651
f 2407 2411 2656
f 2657 2407 2656
f 2652 2407 2657
f 2658 2656 2411
f 2408 2658 2411
f 2653 2658 2408
f 2412 2654 2409
f 2412 2659 2654
f 2655 2413 2410
f 2660 2413 2655
f 2661 2657 2656
f 2661 2656 2658
f 2414 2659 2412
f 2414 2662 2659
f 2660 2415 2413
f 2663 2415 2660
f 2416 2662 2414
f 2416 2664 2662
f 2663 2417 2415
f 2665 2417 2663
f 2418 2664 2416
f 2418 2666 2664
f 2665 2419 2417
f 2667 2419 2665
f 2420 2666 2418
f 2420 2668 2666
f 2667 2421 2419
f 2669 2421 2667
f 2422 2668 2420
f 2422 2670 2668
f 2669 2423 2421
f 2671 2423 2669
f 2424 2670 2422
f 2424 2672 2670
f 2671 2425 2423
f 2673 2425 2671
f 2426 2672 2424
f 2426 2674 2672
f 2673 2427 2425
f 2675 2427 2673
f 2428 2674 2426
f 2428 2676 2674
f 2675 2429 2427
f 2677 2429 2675
f 2430 2676 2428
f 2430 2678 2676
f 2677 2431 2429
f 2679 2431 2677
f 2432 2678 2430
f 2432 2680 2678
f 2679 2433 2431
f 2681 2433 2679
f 2434 2680 2432
f 2434 2682 2680
f 2681 2435 2433
f 2683 2435 2681
f 2436 2682 2434
f 2436 2684 2682
f 2685 2438 2439
f 2686 2685 2439
f 2435 2686 2439
f 2683 2686 2435
f 2440 2684 2436
f 2440 2687 2684
f 2689 2441 2688
f 2441 2438 2688
f 2688 2438 2685
f 2690 2688 2685
f 2685 2686 2690
f 2441 2689 2442
f 2443 2687 2440
f 2443 2691 2687
f 2689 2688 2692
f 2692 2688 2693
f 2692 2444 2442
f 2692 2442 2689
f 2445 2691 2443
f 2445 2694 2691
f 2692 2693 2447
f 2693 2446 2447
f 2693 2695 2446
f 2692 2447 2444
f 2448 2694 2445
f 2448 2696 2694
f 2695 2449 2446
f 2697 2449 2695
f 2450 2696 2448
f 2450 2698 2696
f 2697 2451 2449
f 2699 2451 2697
f 2450 2452 2700
f 2701 2450 2700
f 2698 2450 2701
f 2454 2700 2452
f 2703 2702 2456
f 2456 2702 2455
f 2705 2703 2704
f 2703 2457 2704
f 2703 2456 2457
f 2704 2457 2706
f 2457 2707 2706
f 2457 2459 2707
f 2709 2707 2708
f 2707 2461 2708
f 2707 2459 2461
f 2708 2461 2710
f 2461 2711 2710
f 2461 2463 2711
f 2713 2711 2712
f 2711 2465 2712
f 2711 2463 2465
f 2468 2712 2465
f 2716 2715 2714
f 2469 2470 2714
f 2470 2716 2714
f 2470 2717 2716
f 2719 2717 2718
f 2717 2471 2718
f 2717 2470 2471
f 2473 2718 2471
f 2720 2476 2475
f 2720 2475 2721
f 2475 2722 2721
f 2475 2478 2722
f 2724 2722 2723
f 2722 2479 2723
f 2722 2478 2479
f 2481 2725 2479
f 2479 2725 2723
f 2727 2725 2726
f 2725 2481 2726
f 2482 2728 2726
f 2482 2726 2481
f 2483 2484 2728
f 2484 2726 2728
f 2484 2729 2726
f 2731 2729 2730
f 2729 2485 2730
f 2729 2484 2485
f 2730 2485 2732
f 2485 2733 2732
f 2485 2487 2733
f 2487 2489 2733
f 2733 2489 2734
f 2735 2491 2492
f 2493 2736 2492
f 2492 2736 2735
f 2495 2737 2493
f 2493 2737 2736
f 2739 2737 2738
f 2737 2495 2738
f 2496 2740 2738
f 2496 2738 2495
f 2497 2498 2740
f 2498 2738 2740
f 2498 2741 2738
f 2743 2741 2742
f 2741 2499 2742
f 2741 2498 2499
f 2502 2742 2499
f 2746 2745 2744
f 2503 2504 2744
f 2504 2746 2744
f 2504 2747 2746
f 2749 2747 2748
f 2747 2505 2748
f 2747 2504 2505
f 2507 2748 2505
f 2751 2750 2509
f 2509 2750 2508
f 2509 2451 2699
f 2509 2699 2751
f 2753 2752 2510
f 2511 2753 2510
f 2754 2753 2511
f 2752 2755 2510
f 2755 2756 2510
f 2757 2512 2510
f 2757 2510 2756
f 2758 2515 2516
f 2756 2759 2757
f 2515 2758 2517
f 2760 2518 2519
f 2760 2761 2518
f 2761 2762 2518
f 2763 2520 2518
f 2763 2518 2762
f 2765 2764 2762
f 2764 2522 2762
f 2523 2763 2762
f 2523 2762 2522
f 2522 2764 2524
f 2766 2526 2527
f 2766 2767 2526
f 2767 2768 2526
f 2769 2528 2526
f 2769 2526 2768
f 2771 2770 2768
f 2770 2529 2768
f 2530 2769 2768
f 2530 2768 2529
f 2529 2770 2531
f 2531 2770 2772
f 2531 2772 2532
f 2773 2535 2536
f 2535 2773 2537
f 2776 2775 2774
f 2778 2777 2775
f 2777 2541 2775
f 2542 2774 2775
f 2542 2775 2541
f 2541 2777 2543
f 2780 2779 2546
f 2546 2779 2545
f 2547 2545 2781
f 2545 2782 2781
f 2545 2779 2782
f 2783 2549 2550
f 2782 2784 2781
f 2549 2783 2551
f 2551 2783 2785
f 2551 2785 2552
f 2788 2787 2786
f 2786 2787 2556
f 2787 2555 2556
f 2787 2789 2555
f 2557 2555 2790
f 2790 2555 2789
f 2792 2791 2560
f 2560 2791 2559
f 2561 2559 2793
f 2559 2794 2793
f 2559 2791 2794
f 2795 2563 2564
f 2794 2796 2793
f 2563 2795 2565
f 2565 2795 2797
f 2565 2797 2567
f 2567 2797 2798
f 2798 2799 2567
f 2799 2800 2567
f 2801 2569 2567
f 2801 2567 2800
f 2803 2802 2800
f 2802 2570 2800
f 2571 2801 2800
f 2571 2800 2570
f 2570 2802 2572
f 2804 2575 2574
f 2805 2575 2804
f 2576 2754 2511
f 2576 2806 2754
f 2805 2577 2575
f 2807 2577 2805
f 2578 2806 2576
f 2578 2808 2806
f 2807 2579 2577
f 2809 2579 2807
f 2580 2808 2578
f 2580 2810 2808
f 2809 2581 2579
f 2811 2581 2809
f 2582 2810 2580
f 2582 2812 2810
f 2583 2581 2813
f 2581 2814 2813
f 2581 2811 2814
f 2813 2585 2583
f 2586 2812 2582
f 2586 2815 2812
f 2813 2814 2816
f 2816 2814 2817
f 2816 2587 2585
f 2816 2585 2813
f 2588 2815 2586
f 2588 2818 2815
f 2817 2819 2816
f 2587 2816 2819
f 2820 2587 2819
f 2589 2587 2820
f 2590 2818 2588
f 2590 2821 2818
f 2820 2591 2589
f 2822 2591 2820
f 2592 2821 2590
f 2592 2823 2821
f 2822 2593 2591
f 2824 2593 2822
f 2594 2823 2592
f 2594 2825 2823
f 2824 2595 2593
f 2826 2595 2824
f 2596 2825 2594
f 2596 2827 2825
f 2826 2597 2595
f 2828 2597 2826
f 2598 2827 2596
f 2598 2829 2827
f 2828 2599 2597
f 2830 2599 2828
f 2600 2829 2598
f 2600 2831 2829
f 2830 2601 2599
f 2832 2601 2830
f 2602 2831 2600
f 2602 2833 2831
f 2832 2603 2601
f 2834 2603 2832
f 2604 2833 2602
f 2604 2835 2833
f 2834 2605 2603
f 2836 2605 2834
f 2606 2835 2604
f 2606 2837 2835
f 2836 2607 2605
f 2838 2607 2836
f 2608 2837 2606
f 2608 2839 2837
f 2838 2609 2607
f 2840 2609 2838
f 2610 2839 2608
f 2610 2841 2839
f 2840 2611 2609
f 2842 2611 2840
f 2844 2843 2613
f 2844 2613 2614
f 2615 2613 2843
f 2615 2843 2845
f 2616 2841 2610
f 2616 2846 2841
f 2842 2617 2611
f 2847 2617 2842
f 2619 2844 2614
f 2619 2848 2844
f 2845 2620 2615
f 2849 2620 2845
f 2621 2846 2616
f 2621 2850 2846
f 2847 2622 2617
f 2851 2622 2847
f 2624 2848 2619
f 2624 2852 2848
f 2854 2625 2853
f 2625 2849 2853
f 2625 2620 2849
f 2856 2855 2854
f 2856 2854 2853
f 2856 2850 2855
f 2850 2626 2855
f 2850 2621 2626
f 2851 2627 2622
f 2857 2627 2851
f 2628 2852 2624
f 2628 2858 2852
f 2859 2629 2854
f 2854 2629 2625
f 2860 2854 2855
f 2859 2854 2860
f 2630 2860 2626
f 2626 2860 2855
f 2857 2631 2627
f 2861 2631 2857
f 2632 2858 2628
f 2632 2862 2858
f 2863 2633 2859
f 2859 2633 2629
f 2864 2859 2860
f 2863 2859 2864
f 2634 2864 2630
f 2630 2864 2860
f 2861 2635 2631
f 2865 2635 2861
f 2636 2862 2632
f 2636 2866 2862
f 2867 2637 2863
f 2863 2637 2633
f 2868 2863 2864
f 2867 2863 2868
f 2638 2868 2634
f 2634 2868 2864
f 2865 2639 2635
f 2869 2639 2865
f 2640 2866 2636
f 2640 2870 2866
f 2871 2641 2867
f 2867 2641 2637
f 2872 2867 2868
f 2871 2867 2872
f 2642 2872 2638
f 2638 2872 2868
f 2869 2643 2639
f 2873 2643 2869
f 2644 2870 2640
f 2644 2874 2870
f 2875 2645 2871
f 2871 2645 2641
f 2876 2871 2872
f 2875 2871 2876
f 2646 2876 2642
f 2642 2876 2872
f 2873 2647 2643
f 2877 2647 2873
f 2648 2874 2644
f 2648 2878 2874
f 2880 2879 2875
f 2879 2645 2875
f 2879 2649 2645
f 2880 2875 2876
f 2880 2876 2881
f 2876 2646 2881
f 2646 2882 2881
f 2646 2650 2882
f 2877 2651 2647
f 2883 2651 2877
f 2652 2878 2648
f 2652 2884 2878
f 2879 2653 2649
f 2885 2653 2879
f 2654 2882 2650
f 2654 2886 2882
f 2883 2655 2651
f 2887 2655 2883
f 2657 2884 2652
f 2657 2888 2884
f 2885 2658 2653
f 2889 2658 2885
f 2659 2886 2654
f 2659 2890 2886
f 2887 2660 2655
f 2891 2660 2887
f 2657 2661 2892
f 2893 2657 2892
f 2888 2657 2893
f 2894 2892 2661
f 2658 2894 2661
f 2889 2894 2658
f 2662 2890 2659
f 2662 2895 2890
f 2891 2663 2660
f 2896 2663 2891
f 2897 2893 2892
f 2897 2892 2894
f 2664 2895 2662
f 2664 2898 2895
f 2896 2665 2663
f 2899 2665 2896
f 2666 2898 2664
f 2666 2900 2898
f 2899 2667 2665
f 2901 2667 2899
f 2668 2900 2666
f 2668 2902 2900
f 2901 2669 2667
f 2903 2669 2901
f 2670 2902 2668
f 2670 2904 2902
f 2903 2671 2669
f 2905 2671 2903
f 2672 2904 2670
f 2672 2906 2904
f 2905 2673 2671
f 2907 2673 2905
f 2674 2906 2672
f 2674 2908 2906
f 2907 2675 2673
f 2909 2675 2907
f 2676 2908 2674
f 2676 2910 2908
f 2909 2677 2675
f 2911 2677 2909
f 2678 2910 2676
f 2678 2912 2910
f 2911 2679 2677
f 2913 2679 2911
f 2680 2912 2678
f 2680 2914 2912
f 2913 2681 2679
f 2915 2681 2913
f 2682 2914 2680
f 2682 2916 2914
f 2915 2683 2681
f 2917 2683 2915
f 2684 2916 2682
f 2684 2918 2916
f 2917 2686 2683
f 2919 2686 2917
f 2687 2918 2684
f 2687 2920 2918
f 2922 2921 2690
f 2690 2921 2688
f 2690 2686 2919
f 2690 2919 2922
f 2691 2920 2687
f 2691 2923 2920
f 2921 2693 2688
f 2924 2693 2921
f 2694 2923 2691
f 2694 2925 2923
f 2924 2695 2693
f 2926 2695 2924
f 2696 2925 2694
f 2696 2927 2925
f 2926 2697 2695
f 2928 2697 2926
f 2698 2927 2696
f 2698 2929 2927
f 2928 2699 2697
f 2930 2699 2928
f 2701 2929 2698
f 2701 2931 2929
f 2934 2933 2932
f 2936 2935 2932
f 2932 2935 2934
f 2702 2703 2936
f 2703 2935 2936
f 2703 2937 2935
f 2939 2938 2705
f 2938 2703 2705
f 2938 2937 2703
f 2706 2707 2939
f 2707 2938 2939
f 2707 2940 2938
f 2942 2941 2709
f 2941 2707 2709
f 2941 2940 2707
f 2710 2711 2942
f 2711 2941 2942
f 2711 2943 2941
f 2945 2944 2713
f 2944 2711 2713
f 2944 2943 2711
f 2947 2946 2945
f 2945 2946 2944
f 2715 2716 2947
f 2716 2946 2947
f 2716 2948 2946
f 2949 2716 2717
f 2949 2948 2716
f 2951 2950 2719
f 2950 2717 2719
f 2950 2949 2717
f 2953 2952 2951
f 2951 2952 2950
f 2953 2954 2952
f 2956 2955 2722
f 2722 2955 2721
f 2958 2957 2724
f 2957 2722 2724
f 2957 2956 2722
f 2960 2959 2958
f 2958 2959 2957
f 2727 2726 2960
f 2726 2959 2960
f 2726 2961 2959
f 2962 2726 2729
f 2962 2961 2726
f 2964 2963 2731
f 2963 2729 2731
f 2963 2962 2729
f 2732 2733 2964
f 2733 2963 2964
f 2733 2965 2963
f 2967 2966 2734
f 2966 2733 2734
f 2966 2965 2733
f 2969 2968 2967
f 2967 2968 2966
f 2969 2970 2968
f 2973 2972 2971
f 2971 2739 2973
f 2739 2738 2973
f 2975 2974 2973
f 2975 2973 2738
f 2975 2738 2976
f 2738 2977 2976
f 2738 2741 2977
f 2979 2978 2743
f 2978 2741 2743
f 2978 2977 2741
f 2981 2980 2979
f 2979 2980 2978
f 2745 2746 2981
f 2746 2980 2981
f 2746 2982 2980
f 2984 2982 2983
f 2982 2747 2983
f 2982 2746 2747
f 2749 2983 2747
f 2987 2986 2985
f 2989 2988 2985
f 2985 2988 2987
f 2750 2751 2989
f 2751 2988 2989
f 2751 2990 2988
f 2751 2699 2930
f 2751 2930 2990
f 2754 2992 2991
f 2754 2991 2753
f 2993 2756 2755
f 2991 2993 2755
f 2992 2993 2991
f 2994 2759 2756
f 2993 2994 2756
f 2995 2994 2993
f 2994 2997 2996
f 2994 2995 2997
f 2996 2999 2998
f 2996 2997 2999
f 3000 2762 2761
f 2998 3000 2761
f 2999 3000 2998
f 3001 2765 2762
f 3000 3001 2762
f 3002 3001 3000
f 3001 3004 3003
f 3001 3002 3004
f 3003 3006 3005
f 3003 3004 3006
f 3007 2768 2767
f 3005 3007 2767
f 3006 3007 3005
f 3008 2771 2768
f 3007 3008 2768
f 3009 3008 3007
f 3008 3011 3010
f 3008 3009 3011
f 3010 3013 3012
f 3010 3011 3013
f 3012 3015 3014
f 3012 3013 3015
f 3014 3017 3016
f 3014 3015 3017
f 3016 3019 3018
f 3016 3017 3019
f 3018 3021 3020
f 3018 3019 3021
f 3022 2775 2776
f 3020 3022 2776
f 3021 3022 3020
f 3023 2778 2775
f 3022 3023 2775
f 3024 3023 3022
f 3023 3026 3025
f 3023 3024 3026
f 3027 2779 2780
f 3025 3027 2780
f 3026 3027 3025
f 3028 2782 2779
f 3028 2779 3027
f 3029 2784 2782
f 3028 3029 2782
f 3030 3029 3028
f 3029 3032 3031
f 3029 3030 3032
f 3031 3034 3033
f 3031 3032 3034
f 3035 2787 2788
f 3033 3035 2788
f 3034 3035 3033
f 3036 2789 2787
f 3036 2787 3035
f 3037 2790 2789
f 3036 3037 2789
f 3038 3037 3036
f 3039 2791 2792
f 3037 3039 2792
f 3038 3039 3037
f 3040 2794 2791
f 3040 2791 3039
f 3041 2796 2794
f 3040 3041 2794
f 3042 3041 3040
f 3041 3044 3043
f 3041 3042 3044
f 3043 3046 3045
f 3043 3044 3046
f 3047 2800 2799
f 3045 3047 2799
f 3046 3047 3045
f 3048 2803 2800
f 3047 3048 2800
f 3049 3048 3047
f 3048 3051 3050
f 3048 3049 3051
f 3051 2805 2804
f 3051 2804 3050
f 2806 3052 2992
f 2806 2992 2754
f 2992 3053 2993
f 2992 3052 3053
f 2993 3054 2995
f 2993 3053 3054
f 2995 3055 2997
f 2995 3054 3055
f 2997 3056 2999
f 2997 3055 3056
f 2999 3057 3000
f 2999 3056 3057
f 3000 3058 3002
f 3000 3057 3058
f 3002 3059 3004
f 3002 3058 3059
f 3004 3060 3006
f 3004 3059 3060
f 3006 3061 3007
f 3006 3060 3061
f 3007 3062 3009
f 3007 3061 3062
f 3009 3063 3011
f 3009 3062 3063
f 3011 3064 3013
f 3011 3063 3064
f 3013 3065 3015
f 3013 3064 3065
f 3015 3066 3017
f 3015 3065 3066
f 3017 3067 3019
f 3017 3066 3067
f 3019 3068 3021
f 3019 3067 3068
f 3021 3069 3022
f 3021 3068 3069
f 3022 3070 3024
f 3022 3069 3070
f 3024 3071 3026
f 3024 3070 3071
f 3026 3072 3027
f 3026 3071 3072
f 3027 3073 3028
f 3027 3072 3073
f 3028 3074 3030
f 3028 3073 3074
f 3030 3075 3032
f 3030 3074 3075
f 3032 3076 3034
f 3032 3075 3076
f 3034 3077 3035
f 3034 3076 3077
f 3035 3078 3036
f 3035 3077 3078
f 3036 3079 3038
f 3036 3078 3079
f 3038 3080 3039
f 3038 3079 3080
f 3039 3081 3040
f 3039 3080 3081
f 3040 3082 3042
f 3040 3081 3082
f 3042 3083 3044
f 3042 3082 3083
f 3044 3084 3046
f 3044 3083 3084
f 3046 3085 3047
f 3046 3084 3085
f 3047 3086 3049
f 3047 3085 3086
f 3049 3087 3051
f 3049 3086 3087
f 3087 2807 2805
f 3087 2805 3051
f 2808 3088 3052
f 2808 3052 2806
f 3052 3089 3053
f 3052 3088 3089
f 3053 3090 3054
f 3053 3089 3090
f 3054 3091 3055
f 3054 3090 3091
f 3055 3092 3056
f 3055 3091 3092
f 3056 3093 3057
f 3056 3092 3093
f 3095 3058 3094
f 3058 3093 3094
f 3058 3057 3093
f 3097 3096 3095
f 3096 3058 3095
f 3096 3059 3058
f 3059 3098 3060
f 3059 3096 3098
f 3060 3099 3061
f 3060 3098 3099
f 3101 3062 3100
f 3062 3099 3100
f 3062 3061 3099
f 3103 3102 3101
f 3102 3062 3101
f 3102 3063 3062
f 3063 3104 3064
f 3063 3102 3104
f 3064 3105 3065
f 3064 3104 3105
f 3065 3106 3066
f 3065 3105 3106
f 3066 3107 3067
f 3066 3106 3107
f 3067 3108 3068
f 3067 3107 3108
f 3068 3109 3069
f 3068 3108 3109
f 3111 3070 3110
f 3070 3109 3110
f 3070 3069 3109
f 3113 3112 3111
f 3112 3070 3111
f 3112 3071 3070
f 3071 3114 3072
f 3071 3112 3114
f 3072 3115 3073
f 3072 3114 3115
f 3117 3074 3116
f 3074 3115 3116
f 3074 3073 3115
f 3119 3118 3117
f 3118 3074 3117
f 3118 3075 3074
f 3075 3120 3076
f 3075 3118 3120
f 3076 3121 3077
f 3076 3120 3121
f 3077 3122 3078
f 3077 3121 3122
f 3078 3123 3079
f 3078 3122 3123
f 3125 3080 3124
f 3080 3123 3124
f 3080 3079 3123
f 3127 3126 3125
f 3126 3080 3125
f 3126 3081 3080
f 3081 3128 3082
f 3081 3126 3128
f 3082 3129 3083
f 3082 3128 3129
f 3131 3084 3130
f 3084 3129 3130
f 3084 3083 3129
f 3133 3132 3131
f 3132 3084 3131
f 3132 3085 3084
f 3085 3134 3086
f 3085 3132 3134
f 3086 3135 3087
f 3086 3134 3135
f 3135 2809 2807
f 3135 2807 3087
f 2810 3136 3088
f 2810 3088 2808
f 3088 3137 3089
f 3088 3136 3137
f 3089 3138 3090
f 3089 3137 3138
f 3090 3139 3091
f 3090 3138 3139
f 3091 3140 3092
f 3091 3139 3140
f 3142 3093 3141
f 3093 3140 3141
f 3093 3092 3140
f 3093 3142 3094
f 3097 3143 3096
f 3096 3143 3098
f 3098 3143 3144
f 3098 3144 3099
f 3099 3144 3145
f 3099 3145 3100
f 3103 3146 3102
f 3102 3146 3104
f 3104 3146 3147
f 3104 3147 3105
f 3105 3147 3148
f 3105 3148 3106
f 3106 3148 3149
f 3106 3149 3107
f 3107 3149 3150
f 3107 3150 3108
f 3108 3150 3151
f 3108 3151 3109
f 3109 3151 3152
f 3109 3152 3110
f 3113 3153 3112
f 3112 3153 3114
f 3114 3153 3154
f 3114 3154 3115
f 3115 3154 3155
f 3115 3155 3116
f 3119 3156 3118
f 3118 3156 3120
f 3120 3156 3157
f 3120 3157 3121
f 3121 3157 3158
f 3121 3158 3122
f 3122 3158 3159
f 3122 3159 3123
f 3123 3159 3160
f 3123 3160 3124
f 3127 3161 3126
f 3126 3161 3128
f 3128 3161 3162
f 3128 3162 3129
f 3129 3162 3163
f 3129 3163 3130
f 3133 3164 3132
f 3166 3165 3164
f 3165 3132 3164
f 3165 3134 3132
f 3134 3167 3135
f 3134 3165 3167
f 3167 2811 2809
f 3167 2809 3135
f 2812 3168 3136
f 2812 3136 2810
f 3136 3169 3137
f 3136 3168 3169
f 3137 3170 3138
f 3137 3169 3170
f 3138 3171 3139
f 3138 3170 3171
f 3139 3172 3140
f 3139 3171 3172
f 3141 3140 3173
f 3173 3140 3172
f 3165 3166 3174
f 3174 3166 3175
f 3165 3176 3167
f 3165 3174 3176
f 3176 2814 2811
f 3176 2811 3167
f 2815 3177 3168
f 2815 3168 2812
f 3168 3178 3169
f 3168 3177 3178
f 3169 3179 3170
f 3169 3178 3179
f 3170 3180 3171
f 3170 3179 3180
f 3171 3181 3172
f 3171 3180 3181
f 3173 3172 3182
f 3182 3172 3181
f 3174 3175 3183
f 3183 3175 3184
f 3174 3185 3176
f 3174 3183 3185
f 3185 2817 2814
f 3185 2814 3176
f 2818 3186 3177
f 2818 3177 2815
f 3177 3187 3178
f 3177 3186 3187
f 3178 3188 3179
f 3178 3187 3188
f 3179 3189 3180
f 3179 3188 3189
f 3180 3190 3181
f 3180 3189 3190
f 3182 3181 3191
f 3191 3181 3190
f 3183 3184 3192
f 3192 3184 3193
f 3183 3194 3185
f 3183 3192 3194
f 3195 2819 2817
f 3185 3195 2817
f 3194 3195 3185
f 3195 2820 2819
f 2821 3196 3186
f 2821 3186 2818
f 3186 3197 3187
f 3186 3196 3197
f 3187 3198 3188
f 3187 3197 3198
f 3188 3199 3189
f 3188 3198 3199
f 3189 3200 3190
f 3189 3199 3200
f 3191 3190 3201
f 3201 3190 3200
f 3192 3193 3202
f 3202 3193 3203
f 3192 3204 3194
f 3192 3202 3204
f 3194 3205 3195
f 3194 3204 3205
f 3205 2822 2820
f 3205 2820 3195
f 2823 3206 3196
f 2823 3196 2821
f 3196 3207 3197
f 3196 3206 3207
f 3197 3208 3198
f 3197 3207 3208
f 3198 3209 3199
f 3198 3208 3209
f 3199 3210 3200
f 3199 3209 3210
f 3201 3200 3211
f 3211 3200 3210
f 3202 3203 3212
f 3212 3203 3213
f 3202 3214 3204
f 3202 3212 3214
f 3204 3215 3205
f 3204 3214 3215
f 3215 2824 2822
f 3215 2822 3205
f 2825 3216 3206
f 2825 3206 2823
f 3206 3217 3207
f 3206 3216 3217
f 3207 3218 3208
f 3207 3217 3218
f 3208 3219 3209
f 3208 3218 3219
f 3209 3220 3210
f 3209 3219 3220
f 3211 3210 3221
f 3221 3210 3220
f 3212 3213 3222
f 3222 3213 3223
f 3212 3224 3214
f 3212 3222 3224
f 3214 3225 3215
f 3214 3224 3225
f 3225 2826 2824
f 3225 2824 3215
f 2827 3226 3216
f 2827 3216 2825
f 3216 3227 3217
f 3216 3226 3227
f 3217 3228 3218
f 3217 3227 3228
f 3218 3229 3219
f 3218 3228 3229
f 3219 3230 3220
f 3219 3229 3230
f 3221 3220 3231
f 3231 3220 3230
f 3222 3223 3232
f 3232 3223 3233
f 3222 3234 3224
f 3222 3232 3234
f 3224 3235 3225
f 3224 3234 3235
f 3235 2828 2826
f 3235 2826 3225
f 2829 3236 3226
f 2829 3226 2827
f 3226 3237 3227
f 3226 3236 3237
f 3227 3238 3228
f 3227 3237 3238
f 3228 3239 3229
f 3228 3238 3239
f 3229 3240 3230
f 3229 3239 3240
f 3231 3230 3241
f 3241 3230 3240
f 3232 3233 3242
f 3242 3233 3243
f 3232 3244 3234
f 3232 3242 3244
f 3234 3245 3235
f 3234 3244 3245
f 3245 2830 2828
f 3245 2828 3235
f 2831 3246 3236
f 2831 3236 2829
f 3236 3247 3237
f 3236 3246 3247
f 3237 3248 3238
f 3237 3247 3248
f 3238 3249 3239
f 3238 3248 3249
f 3239 3250 3240
f 3239 3249 3250
f 3241 3240 3251
f 3251 3240 3250
f 3242 3243 3252
f 3252 3243 3253
f 3242 3254 3244
f 3242 3252 3254
f 3244 3255 3245
f 3244 3254 3255
f 3255 2832 2830
f 3255 2830 3245
f 2833 3256 3246
f 2833 3246 2831
f 3246 3257 3247
f 3246 3256 3257
f 3247 3258 3248
f 3247 3257 3258
f 3248 3259 3249
f 3248 3258 3259
f 3249 3260 3250
f 3249 3259 3260
f 3251 3250 3261
f 3261 3250 3260
f 3252 3253 3262
f 3262 3253 3263
f 3252 3264 3254
f 3252 3262 3264
f 3254 3265 3255
f 3254 3264 3265
f 3265 2834 2832
f 3265 2832 3255
f 2835 3266 3256
f 2835 3256 2833
f 3256 3267 3257
f 3256 3266 3267
f 3257 3268 3258
f 3257 3267 3268
f 3258 3269 3259
f 3258 3268 3269
f 3259 3270 3260
f 3259 3269 3270
f 3261 3260 3271
f 3271 3260 3270
f 3262 3263 3272
f 3272 3263 3273
f 3262 3274 3264
f 3262 3272 3274
f 3264 3275 3265
f 3264 3274 3275
f 3275 2836 2834
f 3275 2834 3265
f 3277 3276 3266
f 2835 3277 3266
f 2837 3277 2835
f 3266 3276 3267
f 3267 3276 3278
f 3267 3278 3268
f 3268 3278 3279
f 3268 3279 3269
f 3269 3279 3280
f 3269 3280 3270
f 3270 3280 3281
f 3270 3281 3271
f 3272 3273 3282
f 3282 3273 3283
f 3272 3284 3274
f 3272 3282 3284
f 3274 3285 3275
f 3274 3284 3285
f 3285 2838 2836
f 3285 2836 3275
f 3288 3287 3286
f 3289 3286 3287
f 2839 3277 2837
f 2839 3290 3277
f 3282 3283 3291
f 3291 3283 3292
f 3282 3293 3284
f 3282 3291 3293
f 3284 3294 3285
f 3284 3293 3294
f 3294 2840 2838
f 3294 2838 3285
f 3288 3286 3295
f 3288 3295 3296
f 3286 3289 3297
f 3286 3297 3295
f 2841 3290 2839
f 2841 3298 3290
f 3291 3292 3299
f 3299 3292 3300
f 3291 3301 3293
f 3291 3299 3301
f 3293 3302 3294
f 3293 3301 3302
f 3302 2842 2840
f 3302 2840 3294
f 3296 3295 2843
f 2844 3296 2843
f 3303 3296 2844
f 2845 2843 3295
f 3297 2845 3295
f 3304 2845 3297
f 3307 3306 3305
f 3306 3298 3305
f 3298 2846 3305
f 3298 2841 2846
f 3299 3300 3308
f 3308 3300 3309
f 3299 3310 3301
f 3299 3308 3310
f 3301 3311 3302
f 3301 3310 3311
f 3311 2847 2842
f 3311 2842 3302
f 2848 3303 2844
f 2848 3312 3303
f 3314 2849 3313
f 2849 3304 3313
f 2849 2845 3304
f 3314 3313 3307
f 3305 3314 3307
f 3315 3314 3305
f 2850 3315 2846
f 2846 3315 3305
f 3308 3309 3316
f 3316 3309 3317
f 3308 3318 3310
f 3308 3316 3318
f 3310 3319 3311
f 3310 3318 3319
f 3319 2851 2847
f 3319 2847 3311
f 2852 3312 2848
f 2852 3320 3312
f 3314 2853 2849
f 2853 3314 2856
f 2856 3314 3315
f 2856 3315 2850
f 3316 3317 3321
f 3321 3317 3322
f 3316 3323 3318
f 3316 3321 3323
f 3318 3324 3319
f 3318 3323 3324
f 3324 2857 2851
f 3324 2851 3319
f 2858 3320 2852
f 2858 3325 3320
f 3321 3322 3326
f 3326 3322 3327
f 3321 3328 3323
f 3321 3326 3328
f 3323 3329 3324
f 3323 3328 3329
f 3329 2861 2857
f 3329 2857 3324
f 2862 3325 2858
f 2862 3330 3325
f 3326 3327 3331
f 3331 3327 3332
f 3326 3333 3328
f 3326 3331 3333
f 3328 3334 3329
f 3328 3333 3334
f 3334 2865 2861
f 3334 2861 3329
f 2866 3330 2862
f 2866 3335 3330
f 3331 3332 3336
f 3336 3332 3337
f 3331 3338 3333
f 3331 3336 3338
f 3333 3339 3334
f 3333 3338 3339
f 3339 2869 2865
f 3339 2865 3334
f 2870 3335 2866
f 2870 3340 3335
f 3336 3337 3341
f 3341 3337 3342
f 3336 3343 3338
f 3336 3341 3343
f 3338 3344 3339
f 3338 3343 3344
f 3344 2873 2869
f 3344 2869 3339
f 2874 3340 2870
f 2874 3345 3340
f 3341 3342 3346
f 3346 3342 3347
f 3341 3348 3343
f 3341 3346 3348
f 3343 3349 3344
f 3343 3348 3349
f 3349 2877 2873
f 3349 2873 3344
f 2878 3345 2874
f 2878 3350 3345
f 3351 2879 2880
f 2881 3352 2880
f 2880 3352 3351
f 2882 3352 2881
f 3346 3347 3353
f 3353 3347 3354
f 3346 3355 3348
f 3346 3353 3355
f 3348 3356 3349
f 3348 3355 3356
f 3356 2883 2877
f 3356 2877 3349
f 2884 3350 2878
f 2884 3357 3350
f 3358 2885 3351
f 3351 2885 2879
f 3359 3351 3352
f 3358 3351 3359
f 2886 3359 2882
f 2882 3359 3352
f 3353 3354 3360
f 3360 3354 3361
f 3353 3362 3355
f 3353 3360 3362
f 3355 3363 3356
f 3355 3362 3363
f 3363 2887 2883
f 3363 2883 3356
f 2888 3357 2884
f 2888 3364 3357
f 3366 3365 3358
f 3365 2885 3358
f 3365 2889 2885
f 3366 3358 3359
f 3366 3359 3367
f 3359 2886 3367
f 2886 3368 3367
f 2886 2890 3368
f 3360 3361 3369
f 3369 3361 3370
f 3360 3371 3362
f 3360 3369 3371
f 3362 3372 3363
f 3362 3371 3372
f 3372 2891 2887
f 3372 2887 3363
f 2893 3364 2888
f 2893 3373 3364
f 3365 2894 2889
f 3374 2894 3365
f 2895 3368 2890
f 2895 3375 3368
f 3369 3370 3376
f 3376 3370 3377
f 3369 3378 3371
f 3369 3376 3378
f 3371 3379 3372
f 3371 3378 3379
f 3379 2896 2891
f 3379 2891 3372
f 2893 2897 3380
f 3381 2893 3380
f 3373 2893 3381
f 3382 3380 2897
f 2894 3382 2897
f 3374 3382 2894
f 2898 3375 2895
f 2898 3383 3375
f 3376 3377 3384
f 3384 3377 3385
f 3376 3386 3378
f 3376 3384 3386
f 3378 3387 3379
f 3378 3386 3387
f 3387 2899 2896
f 3387 2896 3379
f 3381 3380 3388
f 3381 3388 3389
f 3380 3382 3390
f 3380 3390 3388
f 2900 3383 2898
f 2900 3391 3383
f 3384 3385 3392
f 3392 3385 3393
f 3384 3394 3386
f 3384 3392 3394
f 3386 3395 3387
f 3386 3394 3395
f 3395 2901 2899
f 3395 2899 3387
f 3396 3389 3388
f 3396 3388 3390
f 2902 3391 2900
f 2902 3397 3391
f 3400 3399 3398
f 3398 3401 3400
f 3404 3403 3402
f 3402 3405 3404
f 3392 3393 3406
f 3406 3393 3407
f 3392 3408 3394
f 3392 3406 3408
f 3394 3409 3395
f 3394 3408 3409
f 3409 2903 2901
f 3409 2901 3395
f 2904 3411 3410
f 3397 2904 3410
f 2902 2904 3397
f 3410 3411 3399
f 3411 3398 3399
f 3411 3412 3398
f 3401 3398 3413
f 3398 3414 3413
f 3398 3412 3414
f 3413 3414 3403
f 3414 3402 3403
f 3414 3415 3402
f 3405 3402 3416
f 3402 3417 3416
f 3402 3415 3417
f 3417 3418 3416
f 3406 3407 3419
f 3419 3407 3420
f 3406 3421 3408
f 3406 3419 3421
f 3408 3422 3409
f 3408 3421 3422
f 3422 2905 2903
f 3422 2903 3409
f 2906 3423 3411
f 2906 3411 2904
f 3411 3424 3412
f 3411 3423 3424
f 3412 3425 3414
f 3412 3424 3425
f 3414 3426 3415
f 3414 3425 3426
f 3415 3427 3417
f 3415 3426 3427
f 3418 3417 3428
f 3428 3417 3427
f 3419 3420 3429
f 3429 3420 3430
f 3419 3431 3421
f 3419 3429 3431
f 3421 3432 3422
f 3421 3431 3432
f 3432 2907 2905
f 3432 2905 3422
f 2908 3433 3423
f 2908 3423 2906
f 3423 3434 3424
f 3423 3433 3434
f 3424 3435 3425
f 3424 3434 3435
f 3425 3436 3426
f 3425 3435 3436
f 3426 3437 3427
f 3426 3436 3437
f 3428 3427 3438
f 3438 3427 3437
f 3429 3430 3439
f 3439 3430 3440
f 3429 3441 3431
f 3429 3439 3441
f 3431 3442 3432
f 3431 3441 3442
f 3442 2909 2907
f 3442 2907 3432
f 2910 3443 3433
f 2910 3433 2908
f 3433 3444 3434
f 3433 3443 3444
f 3434 3445 3435
f 3434 3444 3445
f 3435 3446 3436
f 3435 3445 3446
f 3436 3447 3437
f 3436 3446 3447
f 3438 3437 3448
f 3448 3437 3447
f 3439 3440 3449
f 3449 3440 3450
f 3439 3451 3441
f 3439 3449 3451
f 3441 3452 3442
f 3441 3451 3452
f 3452 2911 2909
f 3452 2909 3442
f 2912 3453 3443
f 2912 3443 2910
f 3443 3454 3444
f 3443 3453 3454
f 3444 3455 3445
f 3444 3454 3455
f 3445 3456 3446
f 3445 3455 3456
f 3446 3457 3447
f 3446 3456 3457
f 3448 3447 3458
f 3458 3447 3457
f 3449 3450 3459
f 3459 3450 3460
f 3449 3461 3451
f 3449 3459 3461
f 3451 3462 3452
f 3451 3461 3462
f 3462 2913 2911
f 3462 2911 3452
f 2914 3463 3453
f 2914 3453 2912
f 3453 3464 3454
f 3453 3463 3464
f 3454 3465 3455
f 3454 3464 3465
f 3455 3466 3456
f 3455 3465 3466
f 3456 3467 3457
f 3456 3466 3467
f 3458 3457 3468
f 3468 3457 3467
f 3459 3460 3469
f 3469 3460 3470
f 3459 3471 3461
f 3459 3469 3471
f 3461 3472 3462
f 3461 3471 3472
f 3472 2915 2913
f 3472 2913 3462
f 2916 3473 3463
f 2916 3463 2914
f 3463 3474 3464
f 3463 3473 3474
f 3464 3475 3465
f 3464 3474 3475
f 3465 3476 3466
f 3465 3475 3476
f 3466 3477 3467
f 3466 3476 3477
f 3468 3467 3478
f 3478 3467 3477
f 3469 3470 3479
f 3479 3470 3480
f 3469 3481 3471
f 3469 3479 3481
f 3471 3482 3472
f 3471 3481 3482
f 3482 2917 2915
f 3482 2915 3472
f 2918 3483 3473
f 2918 3473 2916
f 3473 3484 3474
f 3473 3483 3484
f 3474 3485 3475
f 3474 3484 3485
f 3475 3486 3476
f 3475 3485 3486
f 3476 3487 3477
f 3476 3486 3487
f 3478 3477 3488
f 3488 3477 3487
f 3479 3480 3489
f 3489 3480 3490
f 3479 3491 3481
f 3479 3489 3491
f 3481 3492 3482
f 3481 3491 3492
f 3492 2919 2917
f 3492 2917 3482
f 2920 3493 3483
f 2920 3483 2918
f 3483 3494 3484
f 3483 3493 3494
f 3484 3495 3485
f 3484 3494 3495
f 3485 3496 3486
f 3485 3495 3496
f 3486 3497 3487
f 3486 3496 3497
f 3488 3487 3498
f 3498 3487 3497
f 3489 3490 3499
f 3499 3490 3500
f 3489 3501 3491
f 3489 3499 3501
f 3501 2921 2922
f 3492 3501 2922
f 3491 3501 3492
f 3492 2922 2919
f 2923 3502 3493
f 2923 3493 2920
f 3493 3503 3494
f 3493 3502 3503
f 3494 3504 3495
f 3494 3503 3504
f 3495 3505 3496
f 3495 3504 3505
f 3496 3506 3497
f 3496 3505 3506
f 3498 3497 3507
f 3507 3497 3506
f 3510 3509 3508
f 3510 3508 3500
f 3508 3499 3500
f 3508 3511 3499
f 3499 3512 3501
f 3499 3511 3512
f 3512 2924 2921
f 3512 2921 3501
f 2925 3513 3502
f 2925 3502 2923
f 3502 3514 3503
f 3502 3513 3514
f 3503 3515 3504
f 3503 3514 3515
f 3504 3516 3505
f 3504 3515 3516
f 3505 3517 3506
f 3505 3516 3517
f 3507 3506 3518
f 3506 3519 3518
f 3506 3517 3519
f 3521 3520 3519
f 3519 3520 3518
f 3523 3522 3521
f 3521 3522 3520
f 3525 3524 3523
f 3523 3524 3522
f 3527 3526 3525
f 3525 3526 3524
f 3529 3528 3527
f 3527 3528 3526
f 3531 3530 3529
f 3529 3530 3528
f 3533 3532 3531
f 3531 3532 3530
f 3535 3534 3533
f 3533 3534 3532
f 3537 3536 3535
f 3535 3536 3534
f 3539 3538 3537
f 3537 3538 3536
f 3541 3540 3539
f 3539 3540 3538
f 3543 3542 3541
f 3541 3542 3540
f 3545 3544 3543
f 3543 3544 3542
f 3547 3546 3545
f 3545 3546 3544
f 3549 3548 3547
f 3547 3548 3546
f 3551 3550 3549
f 3549 3550 3548
f 3553 3552 3551
f 3551 3552 3550
f 3555 3554 3553
f 3553 3554 3552
f 3557 3556 3555
f 3555 3556 3554
f 3559 3558 3557
f 3557 3558 3556
f 3561 3560 3559
f 3559 3560 3558
f 3563 3562 3561
f 3561 3562 3560
f 3565 3564 3563
f 3563 3564 3562
f 3567 3566 3565
f 3565 3566 3564
f 3569 3568 3567
f 3567 3568 3566
f 3571 3570 3569
f 3569 3570 3568
f 3573 3572 3571
f 3571 3572 3570
f 3572 3573 3509
f 3573 3508 3509
f 3573 3574 3508
f 3508 3575 3511
f 3508 3574 3575
f 3511 3576 3512
f 3511 3575 3576
f 3576 2926 2924
f 3576 2924 3512
f 2927 3577 3513
f 2927 3513 2925
f 3513 3578 3514
f 3513 3577 3578
f 3514 3579 3515
f 3514 3578 3579
f 3515 3580 3516
f 3515 3579 3580
f 3516 3581 3517
f 3516 3580 3581
f 3517 3582 3519
f 3517 3581 3582
f 3519 3583 3521
f 3519 3582 3583
f 3521 3584 3523
f 3521 3583 3584
f 3523 3585 3525
f 3523 3584 3585
f 3525 3586 3527
f 3525 3585 3586
f 3527 3587 3529
f 3527 3586 3587
f 3529 3588 3531
f 3529 3587 3588
f 3531 3589 3533
f 3531 3588 3589
f 3533 3590 3535
f 3533 3589 3590
f 3535 3591 3537
f 3535 3590 3591
f 3537 3592 3539
f 3537 3591 3592
f 3539 3593 3541
f 3539 3592 3593
f 3541 3594 3543
f 3541 3593 3594
f 3543 3595 3545
f 3543 3594 3595
f 3545 3596 3547
f 3545 3595 3596
f 3547 3597 3549
f 3547 3596 3597
f 3549 3598 3551
f 3549 3597 3598
f 3551 3599 3553
f 3551 3598 3599
f 3553 3600 3555
f 3553 3599 3600
f 3555 3601 3557
f 3555 3600 3601
f 3557 3602 3559
f 3557 3601 3602
f 3559 3603 3561
f 3559 3602 3603
f 3561 3604 3563
f 3561 3603 3604
f 3563 3605 3565
f 3563 3604 3605
f 3565 3606 3567
f 3565 3605 3606
f 3567 3607 3569
f 3567 3606 3607
f 3569 3608 3571
f 3569 3607 3608
f 3571 3609 3573
f 3571 3608 3609
f 3573 3610 3574
f 3573 3609 3610
f 3574 3611 3575
f 3574 3610 3611
f 3575 3612 3576
f 3575 3611 3612
f 3612 2928 2926
f 3612 2926 3576
f 2929 3613 3577
f 2929 3577 2927
f 3577 3614 3578
f 3577 3613 3614
f 3578 3615 3579
f 3578 3614 3615
f 3579 3616 3580
f 3579 3615 3616
f 3580 3617 3581
f 3580 3616 3617
f 3581 3618 3582
f 3581 3617 3618
f 3582 3619 3583
f 3582 3618 3619
f 3583 3620 3584
f 3583 3619 3620
f 3584 3621 3585
f 3584 3620 3621
f 3585 3622 3586
f 3585 3621 3622
f 3586 3623 3587
f 3586 3622 3623
f 3587 3624 3588
f 3587 3623 3624
f 3588 3625 3589
f 3588 3624 3625
f 3589 3626 3590
f 3589 3625 3626
f 3590 3627 3591
f 3590 3626 3627
f 3591 3628 3592
f 3591 3627 3628
f 3592 3629 3593
f 3592 3628 3629
f 3593 3630 3594
f 3593 3629 3630
f 3594 3631 3595
f 3594 3630 3631
f 3595 3632 3596
f 3595 3631 3632
f 3596 3633 3597
f 3596 3632 3633
f 3597 3634 3598
f 3597 3633 3634
f 3598 3635 3599
f 3598 3634 3635
f 3599 3636 3600
f 3599 3635 3636
f 3600 3637 3601
f 3600 3636 3637
f 3601 3638 3602
f 3601 3637 3638
f 3602 3639 3603
f 3602 3638 3639
f 3603 3640 3604
f 3603 3639 3640
f 3604 3641 3605
f 3604 3640 3641
f 3605 3642 3606
f 3605 3641 3642
f 3606 3643 3607
f 3606 3642 3643
f 3607 3644 3608
f 3607 3643 3644
f 3608 3645 3609
f 3608 3644 3645
f 3609 3646 3610
f 3609 3645 3646
f 3610 3647 3611
f 3610 3646 3647
f 3611 3648 3612
f 3611 3647 3648
f 3648 2930 2928
f 3648 2928 3612
f 2931 3649 3613
f 2931 3613 2929
f 3649 2933 2934
f 3614 3649 2934
f 3613 3649 3614
f 3614 2934 2935
f 3614 2935 3615
f 3615 2935 2937
f 3615 2937 3616
f 3616 2937 2938
f 3616 2938 3617
f 3617 2938 2940
f 3617 2940 3618
f 3618 2940 2941
f 3618 2941 3619
f 3619 2941 2943
f 3619 2943 3620
f 3620 2943 2944
f 3620 2944 3621
f 3621 2944 2946
f 3621 2946 3622
f 3622 2946 2948
f 3622 2948 3623
f 3623 2948 2949
f 3623 2949 3624
f 3624 2949 2950
f 3624 2950 3625
f 3625 2950 2952
f 3625 2952 3626
f 3626 2952 2954
f 3650 3626 2954
f 3627 3626 3650
f 3650 2955 2956
f 3628 3650 2956
f 3627 3650 3628
f 3628 2956 2957
f 3628 2957 3629
f 3629 2957 2959
f 3629 2959 3630
f 3630 2959 2961
f 3630 2961 3631
f 3631 2961 2962
f 3631 2962 3632
f 3632 2962 2963
f 3632 2963 3633
f 3633 2963 2965
f 3633 2965 3634
f 3634 2965 2966
f 3634 2966 3635
f 3635 2966 2968
f 3635 2968 3636
f 3636 2968 2970
f 3651 3636 2970
f 3637 3636 3651
f 3651 2972 2973
f 3638 3651 2973
f 3637 3651 3638
f 3638 2973 2974
f 3652 3638 2974
f 3639 3638 3652
f 3652 2976 2977
f 3640 3652 2977
f 3639 3652 3640
f 3640 2977 2978
f 3640 2978 3641
f 3641 2978 2980
f 3641 2980 3642
f 3642 2980 2982
f 3642 2982 3643
f 3643 2982 2984
f 3653 3643 2984
f 3644 3643 3653
f 3644 3654 3645
f 3644 3653 3654
f 3654 2986 2987
f 3646 3654 2987
f 3645 3654 3646
f 3646 2987 2988
f 3646 2988 3647
f 3647 2988 2990
f 3647 2990 3648
f 3648 2990 2930
f 3094 3655 3095
f 3655 3097 3095
f 3100 3656 3101
f 3656 3103 3101
f 3110 3657 3111
f 3657 3113 3111
f 3116 3658 3117
f 3658 3119 3117
f 3124 3659 3125
f 3659 3127 3125
f 3130 3660 3131
f 3660 3133 3131
f 3662 3661 3142
f 3662 3142 3141
f 3094 3142 3655
f 3142 3663 3655
f 3142 3661 3663
f 3655 3663 3097
f 3663 3143 3097
f 3663 3664 3143
f 3143 3665 3144
f 3664 3665 3143
f 3144 3666 3145
f 3665 3666 3144
f 3100 3145 3656
f 3145 3667 3656
f 3145 3666 3667
f 3656 3667 3103
f 3667 3146 3103
f 3667 3668 3146
f 3146 3669 3147
f 3668 3669 3146
f 3147 3670 3148
f 3669 3670 3147
f 3148 3671 3149
f 3670 3671 3148
f 3149 3672 3150
f 3671 3672 3149
f 3150 3673 3151
f 3672 3673 3150
f 3151 3674 3152
f 3673 3674 3151
f 3110 3152 3657
f 3152 3675 3657
f 3152 3674 3675
f 3657 3675 3113
f 3675 3153 3113
f 3675 3676 3153
f 3153 3677 3154
f 3676 3677 3153
f 3154 3678 3155
f 3677 3678 3154
f 3116 3155 3658
f 3155 3679 3658
f 3155 3678 3679
f 3658 3679 3119
f 3679 3156 3119
f 3679 3680 3156
f 3156 3681 3157
f 3680 3681 3156
f 3157 3682 3158
f 3681 3682 3157
f 3158 3683 3159
f 3682 3683 3158
f 3159 3684 3160
f 3683 3684 3159
f 3124 3160 3659
f 3160 3685 3659
f 3160 3684 3685
f 3659 3685 3127
f 3685 3161 3127
f 3685 3686 3161
f 3161 3687 3162
f 3686 3687 3161
f 3162 3688 3163
f 3687 3688 3162
f 3130 3163 3660
f 3163 3689 3660
f 3163 3688 3689
f 3660 3689 3133
f 3689 3164 3133
f 3689 3690 3164
f 3166 3164 3690
f 3166 3690 3691
f 3173 3662 3141
f 3173 3692 3662
f 3695 3694 3693
f 3691 3695 3693
f 3175 3691 3693
f 3166 3691 3175
f 3182 3692 3173
f 3182 3696 3692
f 3694 3697 3693
f 3175 3693 3697
f 3698 3175 3697
f 3184 3175 3698
f 3191 3696 3182
f 3191 3699 3696
f 3702 3701 3700
f 3698 3702 3700
f 3193 3698 3700
f 3184 3698 3193
f 3201 3699 3191
f 3201 3703 3699
f 3700 3701 3704
f 3704 3701 3705
f 3704 3203 3193
f 3704 3193 3700
f 3211 3703 3201
f 3211 3706 3703
f 3704 3705 3707
f 3707 3705 3708
f 3707 3213 3203
f 3707 3203 3704
f 3221 3706 3211
f 3221 3709 3706
f 3707 3708 3710
f 3710 3708 3711
f 3710 3223 3213
f 3710 3213 3707
f 3231 3709 3221
f 3231 3712 3709
f 3710 3711 3713
f 3713 3711 3714
f 3713 3233 3223
f 3713 3223 3710
f 3241 3712 3231
f 3241 3715 3712
f 3713 3714 3716
f 3716 3714 3717
f 3716 3243 3233
f 3716 3233 3713
f 3251 3715 3241
f 3251 3718 3715
f 3716 3717 3719
f 3719 3717 3720
f 3719 3253 3243
f 3719 3243 3716
f 3261 3718 3251
f 3261 3721 3718
f 3719 3720 3722
f 3722 3720 3723
f 3722 3263 3253
f 3722 3253 3719
f 3271 3721 3261
f 3271 3724 3721
f 3722 3723 3725
f 3725 3723 3726
f 3725 3273 3263
f 3725 3263 3722
f 3728 3727 3276
f 3728 3276 3277
f 3276 3729 3278
f 3727 3729 3276
f 3278 3730 3279
f 3729 3730 3278
f 3279 3731 3280
f 3730 3731 3279
f 3280 3732 3281
f 3731 3732 3280
f 3271 3281 3724
f 3724 3281 3732
f 3725 3726 3733
f 3733 3726 3734
f 3733 3283 3273
f 3733 3273 3725
f 3736 3735 3287
f 3736 3287 3288
f 3289 3287 3735
f 3289 3735 3737
f 3290 3728 3277
f 3290 3738 3728
f 3733 3734 3739
f 3739 3734 3740
f 3739 3292 3283
f 3739 3283 3733
f 3296 3736 3288
f 3296 3741 3736
f 3737 3297 3289
f 3742 3297 3737
f 3745 3744 3743
f 3744 3738 3743
f 3738 3298 3743
f 3738 3290 3298
f 3739 3740 3746
f 3746 3740 3747
f 3746 3300 3292
f 3746 3292 3739
f 3303 3741 3296
f 3303 3748 3741
f 3750 3304 3749
f 3304 3742 3749
f 3304 3297 3742
f 3750 3749 3745
f 3750 3745 3743
f 3307 3750 3743
f 3306 3307 3743
f 3306 3743 3298
f 3746 3747 3751
f 3751 3747 3752
f 3751 3309 3300
f 3751 3300 3746
f 3312 3748 3303
f 3312 3753 3748
f 3750 3313 3304
f 3313 3750 3307
f 3751 3752 3754
f 3754 3752 3755
f 3754 3317 3309
f 3754 3309 3751
f 3320 3753 3312
f 3320 3756 3753
f 3754 3755 3757
f 3757 3755 3758
f 3757 3322 3317
f 3757 3317 3754
f 3325 3756 3320
f 3325 3759 3756
f 3757 3758 3760
f 3760 3758 3761
f 3760 3327 3322
f 3760 3322 3757
f 3330 3759 3325
f 3330 3762 3759
f 3760 3761 3763
f 3763 3761 3764
f 3763 3332 3327
f 3763 3327 3760
f 3335 3762 3330
f 3335 3765 3762
f 3763 3764 3766
f 3766 3764 3767
f 3766 3337 3332
f 3766 3332 3763
f 3340 3765 3335
f 3340 3768 3765
f 3766 3767 3769
f 3769 3767 3770
f 3769 3342 3337
f 3769 3337 3766
f 3345 3768 3340
f 3345 3771 3768
f 3769 3770 3772
f 3772 3770 3773
f 3772 3347 3342
f 3772 3342 3769
f 3350 3771 3345
f 3350 3774 3771
f 3772 3773 3775
f 3775 3773 3776
f 3775 3354 3347
f 3775 3347 3772
f 3357 3774 3350
f 3357 3777 3774
f 3775 3776 3778
f 3778 3776 3779
f 3778 3361 3354
f 3778 3354 3775
f 3364 3777 3357
f 3364 3780 3777
f 3781 3365 3366
f 3367 3782 3366
f 3366 3782 3781
f 3368 3782 3367
f 3779 3783 3778
f 3361 3778 3783
f 3784 3361 3783
f 3370 3361 3784
f 3373 3780 3364
f 3373 3785 3780
f 3787 3786 3781
f 3786 3365 3781
f 3786 3374 3365
f 3787 3781 3782
f 3787 3782 3788
f 3782 3368 3788
f 3368 3789 3788
f 3368 3375 3789
f 3792 3791 3790
f 3784 3792 3790
f 3377 3784 3790
f 3370 3784 3377
f 3381 3785 3373
f 3381 3793 3785
f 3786 3382 3374
f 3794 3382 3786
f 3383 3789 3375
f 3383 3795 3789
f 3790 3791 3796
f 3796 3791 3797
f 3796 3385 3377
f 3796 3377 3790
f 3389 3793 3381
f 3389 3798 3793
f 3794 3390 3382
f 3799 3390 3794
f 3391 3795 3383
f 3391 3800 3795
f 3796 3797 3801
f 3801 3797 3802
f 3801 3393 3385
f 3801 3385 3796
f 3803 3798 3389
f 3803 3389 3396
f 3396 3390 3799
f 3396 3799 3803
f 3397 3805 3804
f 3800 3397 3804
f 3391 3397 3800
f 3399 3400 3805
f 3400 3804 3805
f 3400 3806 3804
f 3808 3807 3401
f 3807 3400 3401
f 3807 3806 3400
f 3403 3404 3808
f 3404 3807 3808
f 3404 3809 3807
f 3404 3405 3809
f 3809 3405 3810
f 3801 3802 3811
f 3811 3802 3812
f 3811 3407 3393
f 3811 3393 3801
f 3410 3805 3397
f 3805 3410 3399
f 3413 3808 3401
f 3808 3413 3403
f 3813 3810 3405
f 3813 3405 3416
f 3416 3418 3813
f 3813 3418 3814
f 3811 3812 3815
f 3815 3812 3816
f 3815 3420 3407
f 3815 3407 3811
f 3428 3814 3418
f 3428 3817 3814
f 3815 3816 3818
f 3818 3816 3819
f 3818 3430 3420
f 3818 3420 3815
f 3438 3817 3428
f 3438 3820 3817
f 3818 3819 3821
f 3821 3819 3822
f 3821 3440 3430
f 3821 3430 3818
f 3448 3820 3438
f 3448 3823 3820
f 3821 3822 3824
f 3824 3822 3825
f 3824 3450 3440
f 3824 3440 3821
f 3458 3823 3448
f 3458 3826 3823
f 3824 3825 3827
f 3827 3825 3828
f 3827 3460 3450
f 3827 3450 3824
f 3468 3826 3458
f 3468 3829 3826
f 3827 3828 3830
f 3830 3828 3831
f 3830 3470 3460
f 3830 3460 3827
f 3478 3829 3468
f 3478 3832 3829
f 3830 3831 3833
f 3833 3831 3834
f 3833 3480 3470
f 3833 3470 3830
f 3488 3832 3478
f 3488 3835 3832
f 3834 3836 3833
f 3480 3833 3836
f 3837 3480 3836
f 3490 3480 3837
f 3498 3835 3488
f 3498 3838 3835
f 3841 3840 3839
f 3837 3841 3839
f 3500 3837 3839
f 3490 3837 3500
f 3507 3838 3498
f 3507 3842 3838
f 3845 3844 3843
f 3843 3846 3845
f 3839 3840 3510
f 3840 3509 3510
f 3840 3847 3509
f 3839 3510 3500
f 3848 3842 3507
f 3848 3507 3518
f 3849 3518 3520
f 3849 3848 3518
f 3850 3520 3522
f 3850 3849 3520
f 3851 3522 3524
f 3851 3850 3522
f 3852 3524 3526
f 3852 3851 3524
f 3853 3526 3528
f 3853 3852 3526
f 3854 3528 3530
f 3854 3853 3528
f 3855 3530 3532
f 3855 3854 3530
f 3856 3532 3534
f 3856 3855 3532
f 3857 3534 3536
f 3857 3856 3534
f 3858 3536 3538
f 3858 3857 3536
f 3859 3538 3540
f 3859 3858 3538
f 3860 3540 3542
f 3860 3859 3540
f 3861 3542 3544
f 3861 3860 3542
f 3862 3544 3546
f 3862 3861 3544
f 3863 3546 3548
f 3863 3862 3546
f 3864 3548 3550
f 3864 3863 3548
f 3865 3550 3552
f 3865 3864 3550
f 3866 3552 3554
f 3866 3865 3552
f 3867 3554 3556
f 3867 3866 3554
f 3868 3556 3558
f 3868 3867 3556
f 3869 3558 3560
f 3869 3868 3558
f 3562 3843 3844
f 3869 3562 3844
f 3560 3562 3869
f 3870 3846 3843
f 3562 3870 3843
f 3564 3870 3562
f 3871 3564 3566
f 3871 3870 3564
f 3872 3566 3568
f 3872 3871 3566
f 3873 3568 3570
f 3873 3872 3568
f 3874 3570 3572
f 3874 3873 3570
f 3572 3509 3847
f 3572 3847 3874
f 3877 3876 3875
f 3878 3875 3876
f 3877 3875 3661
f 3662 3877 3661
f 3879 3877 3662
f 3878 3880 3875
f 3880 3661 3875
f 3880 3663 3661
f 3663 3881 3664
f 3880 3881 3663
f 3664 3882 3665
f 3881 3882 3664
f 3665 3883 3666
f 3882 3883 3665
f 3666 3884 3667
f 3883 3884 3666
f 3667 3885 3668
f 3884 3885 3667
f 3668 3886 3669
f 3885 3886 3668
f 3669 3887 3670
f 3886 3887 3669
f 3670 3888 3671
f 3887 3888 3670
f 3671 3889 3672
f 3888 3889 3671
f 3672 3890 3673
f 3889 3890 3672
f 3673 3891 3674
f 3890 3891 3673
f 3674 3892 3675
f 3891 3892 3674
f 3675 3893 3676
f 3892 3893 3675
f 3676 3894 3677
f 3893 3894 3676
f 3677 3895 3678
f 3894 3895 3677
f 3678 3896 3679
f 3895 3896 3678
f 3679 3897 3680
f 3896 3897 3679
f 3680 3898 3681
f 3897 3898 3680
f 3681 3899 3682
f 3898 3899 3681
f 3682 3900 3683
f 3899 3900 3682
f 3683 3901 3684
f 3900 3901 3683
f 3684 3902 3685
f 3901 3902 3684
f 3685 3903 3686
f 3902 3903 3685
f 3686 3904 3687
f 3903 3904 3686
f 3687 3905 3688
f 3904 3905 3687
f 3688 3906 3689
f 3905 3906 3688
f 3906 3908 3907
f 3690 3906 3907
f 3689 3906 3690
f 3907 3691 3690
f 3692 3879 3662
f 3692 3909 3879
f 3907 3908 3695
f 3908 3694 3695
f 3908 3910 3694
f 3907 3695 3691
f 3696 3909 3692
f 3696 3911 3909
f 3697 3694 3912
f 3694 3913 3912
f 3694 3910 3913
f 3912 3698 3697
f 3699 3911 3696
f 3699 3914 3911
f 3912 3913 3702
f 3913 3701 3702
f 3913 3915 3701
f 3912 3702 3698
f 3703 3914 3699
f 3703 3916 3914
f 3915 3705 3701
f 3917 3705 3915
f 3706 3916 3703
f 3706 3918 3916
f 3917 3708 3705
f 3919 3708 3917
f 3709 3918 3706
f 3709 3920 3918
f 3919 3711 3708
f 3921 3711 3919
f 3712 3920 3709
f 3712 3922 3920
f 3921 3714 3711
f 3923 3714 3921
f 3715 3922 3712
f 3715 3924 3922
f 3923 3717 3714
f 3925 3717 3923
f 3718 3924 3715
f 3718 3926 3924
f 3925 3720 3717
f 3927 3720 3925
f 3721 3926 3718
f 3721 3928 3926
f 3927 3723 3720
f 3929 3723 3927
f 3724 3928 3721
f 3724 3930 3928
f 3929 3726 3723
f 3931 3726 3929
f 3933 3932 3727
f 3933 3727 3728
f 3727 3934 3729
f 3932 3934 3727
f 3729 3935 3730
f 3934 3935 3729
f 3730 3936 3731
f 3935 3936 3730
f 3731 3937 3732
f 3936 3937 3731
f 3724 3732 3930
f 3930 3732 3937
f 3931 3734 3726
f 3938 3734 3931
f 3940 3939 3735
f 3940 3735 3736
f 3737 3735 3939
f 3737 3939 3941
f 3944 3943 3942
f 3943 3933 3942
f 3933 3738 3942
f 3933 3728 3738
f 3938 3740 3734
f 3945 3740 3938
f 3741 3940 3736
f 3741 3946 3940
f 3948 3742 3947
f 3742 3941 3947
f 3742 3737 3941
f 3948 3947 3944
f 3948 3944 3942
f 3745 3948 3942
f 3744 3745 3942
f 3744 3942 3738
f 3945 3747 3740
f 3949 3747 3945
f 3748 3946 3741
f 3748 3950 3946
f 3948 3749 3742
f 3749 3948 3745
f 3949 3752 3747
f 3951 3752 3949
f 3753 3950 3748
f 3753 3952 3950
f 3951 3755 3752
f 3953 3755 3951
f 3756 3952 3753
f 3756 3954 3952
f 3953 3758 3755
f 3955 3758 3953
f 3759 3954 3756
f 3759 3956 3954
f 3955 3761 3758
f 3957 3761 3955
f 3762 3956 3759
f 3762 3958 3956
f 3957 3764 3761
f 3959 3764 3957
f 3765 3958 3762
f 3765 3960 3958
f 3959 3767 3764
f 3961 3767 3959
f 3768 3960 3765
f 3768 3962 3960
f 3961 3770 3767
f 3963 3770 3961
f 3771 3962 3768
f 3771 3964 3962
f 3963 3773 3770
f 3965 3773 3963
f 3774 3964 3771
f 3774 3966 3964
f 3965 3776 3773
f 3967 3776 3965
f 3777 3966 3774
f 3777 3968 3966
f 3967 3779 3776
f 3969 3779 3967
f 3780 3968 3777
f 3780 3970 3968
f 3783 3779 3971
f 3779 3972 3971
f 3779 3969 3972
f 3971 3784 3783
f 3785 3970 3780
f 3785 3973 3970
f 3974 3786 3787
f 3788 3975 3787
f 3787 3975 3974
f 3789 3975 3788
f 3971 3972 3792
f 3972 3791 3792
f 3972 3976 3791
f 3971 3792 3784
f 3793 3973 3785
f 3793 3977 3973
f 3979 3978 3974
f 3978 3786 3974
f 3978 3794 3786
f 3979 3974 3975
f 3979 3975 3980
f 3975 3789 3980
f 3789 3981 3980
f 3789 3795 3981
f 3976 3797 3791
f 3982 3797 3976
f 3798 3977 3793
f 3798 3983 3977
f 3978 3799 3794
f 3984 3799 3978
f 3800 3981 3795
f 3800 3985 3981
f 3982 3802 3797
f 3986 3802 3982
f 3798 3803 3987
f 3988 3798 3987
f 3983 3798 3988
f 3989 3987 3803
f 3799 3989 3803
f 3984 3989 3799
f 3990 3985 3800
f 3990 3800 3804
f 3992 3990 3991
f 3990 3806 3991
f 3990 3804 3806
f 3991 3806 3993
f 3806 3994 3993
f 3806 3807 3994
f 3995 3807 3809
f 3995 3994 3807
f 3997 3996 3810
f 3996 3809 3810
f 3996 3995 3809
f 3997 3998 3996
f 3986 3812 3802
f 3999 3812 3986
f 4000 3988 3987
f 4000 3987 3989
f 4001 3992 3991
f 4001 3991 3993
f 3813 3997 3810
f 3813 3814 3997
f 3814 3998 3997
f 3814 4002 3998
f 3999 3816 3812
f 4003 3816 3999
f 3817 4002 3814
f 3817 4004 4002
f 4003 3819 3816
f 4005 3819 4003
f 3820 4004 3817
f 3820 4006 4004
f 4005 3822 3819
f 4007 3822 4005
f 3823 4006 3820
f 3823 4008 4006
f 4007 3825 3822
f 4009 3825 4007
f 3826 4008 3823
f 3826 4010 4008
f 4009 3828 3825
f 4011 3828 4009
f 3829 4010 3826
f 3829 4012 4010
f 4011 3831 3828
f 4013 3831 4011
f 3832 4012 3829
f 3832 4014 4012
f 4013 3834 3831
f 4015 3834 4013
f 3835 4014 3832
f 3835 4016 4014
f 3836 3834 4017
f 3834 4018 4017
f 3834 4015 4018
f 4017 3837 3836
f 3838 4016 3835
f 3838 4019 4016
f 4021 4020 4018
f 4020 3840 4018
f 3841 4017 4018
f 3841 4018 3840
f 3841 3837 4017
f 4020 4021 4022
f 3842 4024 4023
f 4019 3842 4023
f 3838 3842 4019
f 4026 4025 4024
f 4024 4025 4023
f 4028 4027 4026
f 4026 4027 4025
f 4030 4029 4028
f 4028 4029 4027
f 4032 4031 4030
f 4030 4031 4029
f 4034 4033 4032
f 4032 4033 4031
f 4036 4035 4034
f 4034 4035 4033
f 4038 4037 4036
f 4036 4037 4035
f 4040 4039 4038
f 4038 4039 4037
f 4042 4041 4040
f 4040 4041 4039
f 4044 4043 4042
f 4042 4043 4041
f 4046 4045 4044
f 4044 4045 4043
f 4048 4047 4046
f 4046 4047 4045
f 4050 4049 4048
f 4048 4049 4047
f 4052 4051 4050
f 4050 4051 4049
f 4054 4053 4052
f 4052 4053 4051
f 4056 4055 4054
f 4054 4055 4053
f 4058 4057 4056
f 4056 4057 4055
f 4060 4059 4058
f 4058 4059 4057
f 4062 4061 4060
f 4060 4061 4059
f 4064 4063 4062
f 4062 4063 4061
f 4066 4065 4064
f 4064 4065 4063
f 3844 3845 4066
f 3845 4065 4066
f 3845 4067 4065
f 4069 4068 3846
f 4068 3845 3846
f 4068 4067 3845
f 4071 4070 4069
f 4069 4070 4068
f 4073 4072 4071
f 4071 4072 4070
f 4073 4074 4072
f 4077 4076 4075
f 4078 4077 4020
f 4077 3847 4020
f 3847 3840 4020
f 4077 4075 3847
f 4078 4020 4022
f 3848 4024 3842
f 4024 3848 3849
f 4024 3849 4026
f 4026 3849 3850
f 4026 3850 4028
f 4028 3850 3851
f 4028 3851 4030
f 4030 3851 3852
f 4030 3852 4032
f 4032 3852 3853
f 4032 3853 4034
f 4034 3853 3854
f 4034 3854 4036
f 4036 3854 3855
f 4036 3855 4038
f 4038 3855 3856
f 4038 3856 4040
f 4040 3856 3857
f 4040 3857 4042
f 4042 3857 3858
f 4042 3858 4044
f 4044 3858 3859
f 4044 3859 4046
f 4046 3859 3860
f 4046 3860 4048
f 4048 3860 3861
f 4048 3861 4050
f 4050 3861 3862
f 4050 3862 4052
f 4052 3862 3863
f 4052 3863 4054
f 4054 3863 3864
f 4054 3864 4056
f 4056 3864 3865
f 4056 3865 4058
f 4058 3865 3866
f 4058 3866 4060
f 4060 3866 3867
f 4060 3867 4062
f 4062 3867 3868
f 4062 3868 4064
f 4064 3868 3869
f 4064 3869 4066
f 4066 3869 3844
f 3870 4069 3846
f 4069 3870 3871
f 4069 3871 4071
f 4071 3871 3872
f 4071 3872 4073
f 4079 4074 4073
f 3872 4079 4073
f 3873 4079 3872
f 3874 4075 4076
f 4079 3874 4076
f 3873 3874 4079
f 4075 3874 3847
f 3877 4080 3876
f 4080 3878 3876
f 4082 4081 4080
f 3877 4082 4080
f 3879 4082 3877
f 4080 4081 3878
f 4081 3880 3878
f 4081 4083 3880
f 3880 4084 3881
f 4083 4084 3880
f 3881 4085 3882
f 4084 4085 3881
f 3882 4086 3883
f 4085 4086 3882
f 3883 4087 3884
f 4086 4087 3883
f 3884 4088 3885
f 4087 4088 3884
f 3885 4089 3886
f 4088 4089 3885
f 3886 4090 3887
f 4089 4090 3886
f 3887 4091 3888
f 4090 4091 3887
f 3888 4092 3889
f 4091 4092 3888
f 3889 4093 3890
f 4092 4093 3889
f 3890 4094 3891
f 4093 4094 3890
f 3891 4095 3892
f 4094 4095 3891
f 3892 4096 3893
f 4095 4096 3892
f 3893 4097 3894
f 4096 4097 3893
f 3894 4098 3895
f 4097 4098 3894
f 3895 4099 3896
f 4098 4099 3895
f 3896 4100 3897
f 4099 4100 3896
f 3897 4101 3898
f 4100 4101 3897
f 3898 4102 3899
f 4101 4102 3898
f 3899 4103 3900
f 4102 4103 3899
f 3900 4104 3901
f 4103 4104 3900
f 3901 4105 3902
f 4104 4105 3901
f 3902 4106 3903
f 4105 4106 3902
f 3903 4107 3904
f 4106 4107 3903
f 3904 4108 3905
f 4107 4108 3904
f 3905 4109 3906
f 4108 4109 3905
f 3908 3906 4109
f 3908 4109 4110
f 3909 4082 3879
f 3909 4111 4082
f 4110 3910 3908
f 4112 3910 4110
f 3911 4111 3909
f 3911 4113 4111
f 4112 3913 3910
f 4114 3913 4112
f 3914 4113 3911
f 3914 4115 4113
f 4114 3915 3913
f 4116 3915 4114
f 3916 4115 3914
f 3916 4117 4115
f 4116 3917 3915
f 4118 3917 4116
f 3918 4117 3916
f 3918 4119 4117
f 4118 3919 3917
f 4120 3919 4118
f 3920 4119 3918
f 3920 4121 4119
f 4120 3921 3919
f 4122 3921 4120
f 3922 4121 3920
f 3922 4123 4121
f 4122 3923 3921
f 4124 3923 4122
f 3924 4123 3922
f 3924 4125 4123
f 4124 3925 3923
f 4126 3925 4124
f 3926 4125 3924
f 3926 4127 4125
f 4126 3927 3925
f 4128 3927 4126
f 3928 4127 3926
f 3928 4129 4127
f 4128 3929 3927
f 4130 3929 4128
f 3930 4129 3928
f 3930 4131 4129
f 4130 3931 3929
f 4132 3931 4130
f 4135 4134 4133
f 4136 4133 4134
f 4138 4137 3932
f 4138 3932 3933
f 3932 4139 3934
f 4137 4139 3932
f 3934 4140 3935
f 4139 4140 3934
f 3935 4141 3936
f 4140 4141 3935
f 3936 4142 3937
f 4141 4142 3936
f 3930 3937 4131
f 4131 3937 4142
f 4132 3938 3931
f 4143 3938 4132
f 4135 4133 3939
f 3940 4135 3939
f 4144 4135 3940
f 4146 4145 3941
f 4146 3941 3939
f 4136 4146 3939
f 4133 4136 3939
f 3943 3944 4145
f 4146 3943 4145
f 4147 3943 4146
f 3933 3943 4138
f 4138 3943 4147
f 4143 3945 3938
f 4148 3945 4143
f 3946 4144 3940
f 3946 4149 4144
f 4145 3947 3941
f 3947 4145 3944
f 4148 3949 3945
f 4150 3949 4148
f 3950 4149 3946
f 3950 4151 4149
f 4150 3951 3949
f 4152 3951 4150
f 3952 4151 3950
f 3952 4153 4151
f 4152 3953 3951
f 4154 3953 4152
f 3954 4153 3952
f 3954 4155 4153
f 4154 3955 3953
f 4156 3955 4154
f 3956 4155 3954
f 3956 4157 4155
f 4156 3957 3955
f 4158 3957 4156
f 3958 4157 3956
f 3958 4159 4157
f 4158 3959 3957
f 4160 3959 4158
f 3960 4159 3958
f 3960 4161 4159
f 4160 3961 3959
f 4162 3961 4160
f 3962 4161 3960
f 3962 4163 4161
f 4162 3963 3961
f 4164 3963 4162
f 3964 4163 3962
f 3964 4165 4163
f 4164 3965 3963
f 4166 3965 4164
f 3966 4165 3964
f 3966 4167 4165
f 4166 3967 3965
f 4168 3967 4166
f 3968 4167 3966
f 3968 4169 4167
f 4168 3969 3967
f 4170 3969 4168
f 3970 4169 3968
f 3970 4171 4169
f 4170 3972 3969
f 4172 3972 4170
f 3973 4171 3970
f 3973 4173 4171
f 4172 3976 3972
f 4174 3976 4172
f 3977 4173 3973
f 3977 4175 4173
f 4176 3978 3979
f 4176 3979 4177
f 3979 4178 4177
f 3979 3980 4178
f 3980 3981 4178
f 4178 3981 4179
f 4174 3982 3976
f 4180 3982 4174
f 3983 4175 3977
f 3983 4181 4175
f 4183 4182 4176
f 4182 3978 4176
f 4182 3984 3978
f 4183 4176 4177
f 3985 4179 3981
f 3985 4184 4179
f 4180 3986 3982
f 4185 3986 4180
f 3988 4181 3983
f 3988 4186 4181
f 4182 3989 3984
f 4187 3989 4182
f 4188 4184 3985
f 4188 3985 3990
f 4190 4189 3992
f 4189 3990 3992
f 4189 4188 3990
f 3993 3994 4190
f 3994 4189 4190
f 3994 4191 4189
f 4192 3994 3995
f 4192 4191 3994
f 4193 3995 3996
f 4193 4192 3995
f 3996 3998 4193
f 4193 3998 4194
f 4185 3999 3986
f 4195 3999 4185
f 4196 4186 3988
f 4196 3988 4000
f 4000 3989 4187
f 4000 4187 4196
f 4001 4190 3992
f 4190 4001 3993
f 4002 4194 3998
f 4002 4197 4194
f 4195 4003 3999
f 4198 4003 4195
f 4004 4197 4002
f 4004 4199 4197
f 4198 4005 4003
f 4200 4005 4198
f 4006 4199 4004
f 4006 4201 4199
f 4200 4007 4005
f 4202 4007 4200
f 4008 4201 4006
f 4008 4203 4201
f 4202 4009 4007
f 4204 4009 4202
f 4010 4203 4008
f 4010 4205 4203
f 4204 4011 4009
f 4206 4011 4204
f 4012 4205 4010
f 4012 4207 4205
f 4206 4013 4011
f 4208 4013 4206
f 4014 4207 4012
f 4014 4209 4207
f 4208 4015 4013
f 4210 4015 4208
f 4016 4209 4014
f 4016 4211 4209
f 4210 4018 4015
f 4212 4018 4210
f 4019 4211 4016
f 4019 4213 4211
f 4021 4018 4214
f 4018 4215 4214
f 4018 4212 4215
f 4214 4022 4021
f 4019 4023 4216
f 4217 4019 4216
f 4213 4019 4217
f 4216 4023 4218
f 4023 4219 4218
f 4023 4025 4219
f 4220 4025 4027
f 4220 4219 4025
f 4221 4027 4029
f 4221 4220 4027
f 4222 4029 4031
f 4222 4221 4029
f 4224 4222 4223
f 4222 4033 4223
f 4222 4031 4033
f 4223 4033 4225
f 4033 4226 4225
f 4033 4035 4226
f 4227 4035 4037
f 4227 4226 4035
f 4228 4037 4039
f 4228 4227 4037
f 4230 4228 4229
f 4228 4041 4229
f 4228 4039 4041
f 4229 4041 4231
f 4041 4232 4231
f 4041 4043 4232
f 4233 4043 4045
f 4233 4232 4043
f 4234 4045 4047
f 4234 4233 4045
f 4235 4047 4049
f 4235 4234 4047
f 4236 4049 4051
f 4236 4235 4049
f 4237 4051 4053
f 4237 4236 4051
f 4238 4053 4055
f 4238 4237 4053
f 4239 4055 4057
f 4239 4238 4055
f 4240 4057 4059
f 4240 4239 4057
f 4241 4059 4061
f 4241 4240 4059
f 4242 4061 4063
f 4242 4241 4061
f 4243 4063 4065
f 4243 4242 4063
f 4244 4065 4067
f 4244 4243 4065
f 4245 4067 4068
f 4245 4244 4067
f 4246 4068 4070
f 4246 4245 4068
f 4247 4070 4072
f 4247 4246 4070
f 4072 4074 4247
f 4247 4074 4248
f 4250 4249 4077
f 4077 4249 4076
f 4078 4214 4215
f 4250 4078 4215
f 4077 4078 4250
f 4214 4078 4022
f 4251 4217 4216
f 4251 4216 4218
f 4252 4224 4223
f 4252 4223 4225
f 4253 4230 4229
f 4253 4229 4231
f 4254 4248 4074
f 4254 4074 4079
f 4079 4076 4249
f 4079 4249 4254
f 4256 4255 4081
f 4256 4081 4082
f 4081 4257 4083
f 4255 4257 4081
f 4083 4258 4084
f 4257 4258 4083
f 4084 4259 4085
f 4258 4259 4084
f 4085 4260 4086
f 4259 4260 4085
f 4086 4261 4087
f 4260 4261 4086
f 4087 4262 4088
f 4261 4262 4087
f 4088 4263 4089
f 4262 4263 4088
f 4089 4264 4090
f 4263 4264 4089
f 4090 4265 4091
f 4264 4265 4090
f 4091 4266 4092
f 4265 4266 4091
f 4092 4267 4093
f 4266 4267 4092
f 4093 4268 4094
f 4267 4268 4093
f 4094 4269 4095
f 4268 4269 4094
f 4095 4270 4096
f 4269 4270 4095
f 4096 4271 4097
f 4270 4271 4096
f 4097 4272 4098
f 4271 4272 4097
f 4098 4273 4099
f 4272 4273 4098
f 4099 4274 4100
f 4273 4274 4099
f 4100 4275 4101
f 4274 4275 4100
f 4101 4276 4102
f 4275 4276 4101
f 4102 4277 4103
f 4276 4277 4102
f 4103 4278 4104
f 4277 4278 4103
f 4104 4279 4105
f 4278 4279 4104
f 4105 4280 4106
f 4279 4280 4105
f 4106 4281 4107
f 4280 4281 4106
f 4107 4282 4108
f 4281 4282 4107
f 4108 4283 4109
f 4282 4283 4108
f 4110 4109 4283
f 4110 4283 4284
f 4111 4256 4082
f 4111 4285 4256
f 4284 4112 4110
f 4286 4112 4284
f 4113 4285 4111
f 4113 4287 4285
f 4286 4114 4112
f 4288 4114 4286
f 4115 4287 4113
f 4115 4289 4287
f 4288 4116 4114
f 4290 4116 4288
f 4117 4289 4115
f 4117 4291 4289
f 4290 4118 4116
f 4292 4118 4290
f 4119 4291 4117
f 4119 4293 4291
f 4292 4120 4118
f 4294 4120 4292
f 4121 4293 4119
f 4121 4295 4293
f 4294 4122 4120
f 4296 4122 4294
f 4123 4295 4121
f 4123 4297 4295
f 4296 4124 4122
f 4298 4124 4296
f 4125 4297 4123
f 4125 4299 4297
f 4298 4126 4124
f 4300 4126 4298
f 4127 4299 4125
f 4127 4301 4299
f 4300 4128 4126
f 4302 4128 4300
f 4129 4301 4127
f 4129 4303 4301
f 4302 4130 4128
f 4304 4130 4302
f 4307 4306 4305
f 4308 4305 4306
f 4131 4303 4129
f 4131 4309 4303
f 4304 4132 4130
f 4310 4132 4304
f 4307 4305 4134
f 4135 4307 4134
f 4311 4307 4135
f 4136 4134 4305
f 4308 4136 4305
f 4312 4136 4308
f 4314 4313 4137
f 4314 4137 4138
f 4137 4315 4139
f 4313 4315 4137
f 4139 4316 4140
f 4315 4316 4139
f 4140 4317 4141
f 4316 4317 4140
f 4141 4318 4142
f 4317 4318 4141
f 4131 4142 4309
f 4309 4142 4318
f 4310 4143 4132
f 4319 4143 4310
f 4144 4311 4135
f 4144 4320 4311
f 4312 4321 4136
f 4136 4321 4146
f 4146 4322 4147
f 4321 4322 4146
f 4138 4147 4314
f 4314 4147 4322
f 4319 4148 4143
f 4323 4148 4319
f 4149 4320 4144
f 4149 4324 4320
f 4323 4150 4148
f 4325 4150 4323
f 4151 4324 4149
f 4151 4326 4324
f 4325 4152 4150
f 4327 4152 4325
f 4153 4326 4151
f 4153 4328 4326
f 4327 4154 4152
f 4329 4154 4327
f 4155 4328 4153
f 4155 4330 4328
f 4329 4156 4154
f 4331 4156 4329
f 4157 4330 4155
f 4157 4332 4330
f 4331 4158 4156
f 4333 4158 4331
f 4159 4332 4157
f 4159 4334 4332
f 4333 4160 4158
f 4335 4160 4333
f 4161 4334 4159
f 4161 4336 4334
f 4335 4162 4160
f 4337 4162 4335
f 4163 4336 4161
f 4163 4338 4336
f 4337 4164 4162
f 4339 4164 4337
f 4165 4338 4163
f 4165 4340 4338
f 4339 4166 4164
f 4341 4166 4339
f 4167 4340 4165
f 4167 4342 4340
f 4341 4168 4166
f 4343 4168 4341
f 4169 4342 4167
f 4169 4344 4342
f 4343 4170 4168
f 4345 4170 4343
f 4171 4344 4169
f 4171 4346 4344
f 4345 4172 4170
f 4347 4172 4345
f 4173 4346 4171
f 4173 4348 4346
f 4347 4174 4172
f 4349 4174 4347
f 4175 4348 4173
f 4175 4350 4348
f 4351 4177 4178
f 4179 4351 4178
f 4349 4180 4174
f 4352 4180 4349
f 4181 4350 4175
f 4181 4353 4350
f 4355 4354 4183
f 4183 4354 4182
f 4355 4183 4177
f 4356 4355 4177
f 4351 4356 4177
f 4355 4356 4357
f 4184 4356 4179
f 4179 4356 4351
f 4352 4185 4180
f 4358 4185 4352
f 4186 4353 4181
f 4186 4359 4353
f 4354 4187 4182
f 4360 4187 4354
f 4361 4357 4356
f 4361 4356 4184
f 4188 4361 4184
f 4362 4361 4188
f 4363 4188 4189
f 4363 4362 4188
f 4364 4189 4191
f 4364 4363 4189
f 4365 4191 4192
f 4365 4364 4191
f 4366 4192 4193
f 4366 4365 4192
f 4193 4194 4366
f 4366 4194 4367
f 4358 4195 4185
f 4368 4195 4358
f 4369 4359 4186
f 4369 4186 4196
f 4196 4187 4360
f 4196 4360 4369
f 4197 4367 4194
f 4197 4370 4367
f 4368 4198 4195
f 4371 4198 4368
f 4199 4370 4197
f 4199 4372 4370
f 4371 4200 4198
f 4373 4200 4371
f 4201 4372 4199
f 4201 4374 4372
f 4373 4202 4200
f 4375 4202 4373
f 4203 4374 4201
f 4203 4376 4374
f 4375 4204 4202
f 4377 4204 4375
f 4205 4376 4203
f 4205 4378 4376
f 4377 4206 4204
f 4379 4206 4377
f 4207 4378 4205
f 4207 4380 4378
f 4379 4208 4206
f 4381 4208 4379
f 4209 4380 4207
f 4209 4382 4380
f 4381 4210 4208
f 4383 4210 4381
f 4211 4382 4209
f 4211 4384 4382
f 4383 4212 4210
f 4385 4212 4383
f 4213 4384 4211
f 4213 4386 4384
f 4385 4215 4212
f 4387 4215 4385
f 4217 4389 4388
f 4386 4217 4388
f 4213 4217 4386
f 4218 4219 4389
f 4219 4388 4389
f 4219 4390 4388
f 4391 4219 4220
f 4391 4390 4219
f 4392 4220 4221
f 4392 4391 4220
f 4393 4221 4222
f 4393 4392 4221
f 4395 4394 4224
f 4394 4222 4224
f 4394 4393 4222
f 4225 4226 4395
f 4226 4394 4395
f 4226 4396 4394
f 4397 4226 4227
f 4397 4396 4226
f 4398 4227 4228
f 4398 4397 4227
f 4400 4399 4230
f 4399 4228 4230
f 4399 4398 4228
f 4231 4232 4400
f 4232 4399 4400
f 4232 4401 4399
f 4402 4232 4233
f 4402 4401 4232
f 4403 4233 4234
f 4403 4402 4233
f 4404 4234 4235
f 4404 4403 4234
f 4405 4235 4236
f 4405 4404 4235
f 4406 4236 4237
f 4406 4405 4236
f 4407 4237 4238
f 4407 4406 4237
f 4408 4238 4239
f 4408 4407 4238
f 4409 4239 4240
f 4409 4408 4239
f 4410 4240 4241
f 4410 4409 4240
f 4411 4241 4242
f 4411 4410 4241
f 4412 4242 4243
f 4412 4411 4242
f 4413 4243 4244
f 4413 4412 4243
f 4414 4244 4245
f 4414 4413 4244
f 4415 4245 4246
f 4415 4414 4245
f 4416 4246 4247
f 4416 4415 4246
f 4418 4417 4248
f 4417 4247 4248
f 4417 4416 4247
f 4249 4250 4418
f 4250 4417 4418
f 4250 4419 4417
f 4250 4215 4387
f 4250 4387 4419
f 4251 4389 4217
f 4389 4251 4218
f 4252 4395 4224
f 4395 4252 4225
f 4253 4400 4230
f 4400 4253 4231
f 4254 4418 4248
f 4418 4254 4249
f 4421 4420 4255
f 4421 4255 4256
f 4255 4422 4257
f 4420 4422 4255
f 4257 4423 4258
f 4422 4423 4257
f 4258 4424 4259
f 4423 4424 4258
f 4259 4425 4260
f 4424 4425 4259
f 4260 4426 4261
f 4425 4426 4260
f 4261 4427 4262
f 4426 4427 4261
f 4262 4428 4263
f 4427 4428 4262
f 4263 4429 4264
f 4428 4429 4263
f 4264 4430 4265
f 4429 4430 4264
f 4265 4431 4266
f 4430 4431 4265
f 4266 4432 4267
f 4431 4432 4266
f 4267 4433 4268
f 4432 4433 4267
f 4268 4434 4269
f 4433 4434 4268
f 4269 4435 4270
f 4434 4435 4269
f 4270 4436 4271
f 4435 4436 4270
f 4271 4437 4272
f 4436 4437 4271
f 4272 4438 4273
f 4437 4438 4272
f 4273 4439 4274
f 4438 4439 4273
f 4274 4440 4275
f 4439 4440 4274
f 4275 4441 4276
f 4440 4441 4275
f 4276 4442 4277
f 4441 4442 4276
f 4277 4443 4278
f 4442 4443 4277
f 4278 4444 4279
f 4443 4444 4278
f 4279 4445 4280
f 4444 4445 4279
f 4280 4446 4281
f 4445 4446 4280
f 4281 4447 4282
f 4446 4447 4281
f 4282 4448 4283
f 4447 4448 4282
f 4284 4283 4448
f 4284 4448 4449
f 4285 4421 4256
f 4285 4450 4421
f 4449 4286 4284
f 4451 4286 4449
f 4287 4450 4285
f 4287 4452 4450
f 4451 4288 4286
f 4453 4288 4451
f 4289 4452 4287
f 4289 4454 4452
f 4453 4290 4288
f 4455 4290 4453
f 4291 4454 4289
f 4291 4456 4454
f 4455 4292 4290
f 4457 4292 4455
f 4293 4456 4291
f 4293 4458 4456
f 4457 4294 4292
f 4459 4294 4457
f 4295 4458 4293
f 4295 4460 4458
f 4459 4296 4294
f 4461 4296 4459
f 4297 4460 4295
f 4297 4462 4460
f 4461 4298 4296
f 4463 4298 4461
f 4299 4462 4297
f 4299 4464 4462
f 4463 4300 4298
f 4465 4300 4463
f 4301 4464 4299
f 4301 4466 4464
f 4465 4302 4300
f 4467 4302 4465
f 4303 4466 4301
f 4303 4468 4466
f 4467 4304 4302
f 4469 4304 4467
f 4471 4470 4306
f 4471 4306 4307
f 4308 4306 4470
f 4308 4470 4472
f 4309 4468 4303
f 4309 4473 4468
f 4469 4310 4304
f 4474 4310 4469
f 4311 4471 4307
f 4311 4475 4471
f 4472 4312 4308
f 4476 4312 4472
f 4479 4478 4477
f 4313 4314 4477
f 4478 4313 4477
f 4480 4313 4478
f 4313 4481 4315
f 4480 4481 4313
f 4315 4482 4316
f 4481 4482 4315
f 4316 4483 4317
f 4482 4483 4316
f 4317 4484 4318
f 4483 4484 4317
f 4309 4318 4473
f 4473 4318 4484
f 4474 4319 4310
f 4485 4319 4474
f 4320 4475 4311
f 4320 4486 4475
f 4476 4487 4312
f 4312 4487 4321
f 4477 4322 4479
f 4322 4487 4479
f 4322 4321 4487
f 4322 4477 4314
f 4485 4323 4319
f 4488 4323 4485
f 4324 4486 4320
f 4324 4489 4486
f 4488 4325 4323
f 4490 4325 4488
f 4326 4489 4324
f 4326 4491 4489
f 4490 4327 4325
f 4492 4327 4490
f 4328 4491 4326
f 4328 4493 4491
f 4492 4329 4327
f 4494 4329 4492
f 4330 4493 4328
f 4330 4495 4493
f 4494 4331 4329
f 4496 4331 4494
f 4332 4495 4330
f 4332 4497 4495
f 4496 4333 4331
f 4498 4333 4496
f 4334 4497 4332
f 4334 4499 4497
f 4498 4335 4333
f 4500 4335 4498
f 4336 4499 4334
f 4336 4501 4499
f 4500 4337 4335
f 4502 4337 4500
f 4338 4501 4336
f 4338 4503 4501
f 4502 4339 4337
f 4504 4339 4502
f 4340 4503 4338
f 4340 4505 4503
f 4504 4341 4339
f 4506 4341 4504
f 4342 4505 4340
f 4342 4507 4505
f 4506 4343 4341
f 4508 4343 4506
f 4344 4507 4342
f 4344 4509 4507
f 4508 4345 4343
f 4510 4345 4508
f 4346 4509 4344
f 4346 4511 4509
f 4510 4347 4345
f 4512 4347 4510
f 4348 4511 4346
f 4348 4513 4511
f 4512 4349 4347
f 4514 4349 4512
f 4350 4513 4348
f 4350 4515 4513
f 4514 4352 4349
f 4516 4352 4514
f 4353 4515 4350
f 4353 4517 4515
f 4519 4518 4355
f 4355 4518 4354
f 4521 4520 4357
f 4520 4355 4357
f 4520 4519 4355
f 4521 4522 4520
f 4516 4358 4352
f 4523 4358 4516
f 4359 4517 4353
f 4359 4524 4517
f 4518 4360 4354
f 4525 4360 4518
f 4361 4521 4357
f 4526 4522 4521
f 4361 4526 4521
f 4362 4526 4361
f 4528 4526 4527
f 4526 4363 4527
f 4526 4362 4363
f 4527 4363 4529
f 4363 4530 4529
f 4363 4364 4530
f 4531 4364 4365
f 4531 4530 4364
f 4533 4531 4532
f 4531 4366 4532
f 4531 4365 4366
f 4367 4532 4366
f 4523 4368 4358
f 4534 4368 4523
f 4535 4524 4359
f 4535 4359 4369
f 4369 4360 4525
f 4369 4525 4535
f 4536 4528 4527
f 4536 4527 4529
f 4537 4533 4532
f 4532 4367 4537
f 4367 4538 4537
f 4367 4370 4538
f 4534 4371 4368
f 4539 4371 4534
f 4372 4538 4370
f 4372 4540 4538
f 4539 4373 4371
f 4541 4373 4539
f 4374 4540 4372
f 4374 4542 4540
f 4541 4375 4373
f 4543 4375 4541
f 4376 4542 4374
f 4376 4544 4542
f 4543 4377 4375
f 4545 4377 4543
f 4378 4544 4376
f 4378 4546 4544
f 4545 4379 4377
f 4547 4379 4545
f 4380 4546 4378
f 4380 4548 4546
f 4547 4381 4379
f 4549 4381 4547
f 4382 4548 4380
f 4382 4550 4548
f 4549 4383 4381
f 4551 4383 4549
f 4384 4550 4382
f 4384 4552 4550
f 4551 4385 4383
f 4553 4385 4551
f 4386 4552 4384
f 4386 4554 4552
f 4553 4387 4385
f 4555 4387 4553
f 4556 4554 4386
f 4556 4386 4388
f 4557 4388 4390
f 4557 4556 4388
f 4558 4390 4391
f 4558 4557 4390
f 4559 4391 4392
f 4559 4558 4391
f 4560 4392 4393
f 4560 4559 4392
f 4561 4393 4394
f 4561 4560 4393
f 4562 4394 4396
f 4562 4561 4394
f 4563 4396 4397
f 4563 4562 4396
f 4564 4397 4398
f 4564 4563 4397
f 4565 4398 4399
f 4565 4564 4398
f 4566 4399 4401
f 4566 4565 4399
f 4567 4401 4402
f 4567 4566 4401
f 4568 4402 4403
f 4568 4567 4402
f 4569 4403 4404
f 4569 4568 4403
f 4570 4404 4405
f 4570 4569 4404
f 4571 4405 4406
f 4571 4570 4405
f 4572 4406 4407
f 4572 4571 4406
f 4573 4407 4408
f 4573 4572 4407
f 4574 4408 4409
f 4574 4573 4408
f 4575 4409 4410
f 4575 4574 4409
f 4576 4410 4411
f 4576 4575 4410
f 4577 4411 4412
f 4577 4576 4411
f 4578 4412 4413
f 4578 4577 4412
f 4579 4413 4414
f 4579 4578 4413
f 4580 4414 4415
f 4580 4579 4414
f 4581 4415 4416
f 4581 4580 4415
f 4582 4416 4417
f 4582 4581 4416
f 4583 4417 4419
f 4583 4582 4417
f 4419 4387 4555
f 4419 4555 4583
f 4585 4584 4420
f 4585 4420 4421
f 4420 4586 4422
f 4584 4586 4420
f 4422 4587 4423
f 4586 4587 4422
f 4423 4588 4424
f 4587 4588 4423
f 4424 4589 4425
f 4588 4589 4424
f 4425 4590 4426
f 4589 4590 4425
f 4426 4591 4427
f 4590 4591 4426
f 4427 4592 4428
f 4591 4592 4427
f 4428 4593 4429
f 4592 4593 4428
f 4429 4594 4430
f 4593 4594 4429
f 4430 4595 4431
f 4594 4595 4430
f 4431 4596 4432
f 4595 4596 4431
f 4432 4597 4433
f 4596 4597 4432
f 4433 4598 4434
f 4597 4598 4433
f 4434 4599 4435
f 4598 4599 4434
f 4435 4600 4436
f 4599 4600 4435
f 4436 4601 4437
f 4600 4601 4436
f 4437 4602 4438
f 4601 4602 4437
f 4438 4603 4439
f 4602 4603 4438
f 4439 4604 4440
f 4603 4604 4439
f 4440 4605 4441
f 4604 4605 4440
f 4441 4606 4442
f 4605 4606 4441
f 4442 4607 4443
f 4606 4607 4442
f 4443 4608 4444
f 4607 4608 4443
f 4444 4609 4445
f 4608 4609 4444
f 4445 4610 4446
f 4609 4610 4445
f 4446 4611 4447
f 4610 4611 4446
f 4611 4613 4612
f 4448 4611 4612
f 4447 4611 4448
f 4612 4449 4448
f 4450 4585 4421
f 4450 4614 4585
f 4613 4615 4612
f 4449 4612 4615
f 4616 4449 4615
f 4451 4449 4616
f 4452 4614 4450
f 4452 4617 4614
f 4620 4619 4618
f 4616 4620 4618
f 4453 4616 4618
f 4451 4616 4453
f 4454 4617 4452
f 4454 4621 4617
f 4618 4619 4622
f 4622 4619 4623
f 4622 4455 4453
f 4622 4453 4618
f 4456 4621 4454
f 4456 4624 4621
f 4622 4623 4625
f 4625 4623 4626
f 4625 4457 4455
f 4625 4455 4622
f 4458 4624 4456
f 4458 4627 4624
f 4625 4626 4628
f 4628 4626 4629
f 4628 4459 4457
f 4628 4457 4625
f 4460 4627 4458
f 4460 4630 4627
f 4628 4629 4631
f 4631 4629 4632
f 4631 4461 4459
f 4631 4459 4628
f 4462 4630 4460
f 4462 4633 4630
f 4631 4632 4634
f 4634 4632 4635
f 4634 4463 4461
f 4634 4461 4631
f 4464 4633 4462
f 4464 4636 4633
f 4634 4635 4637
f 4637 4635 4638
f 4637 4465 4463
f 4637 4463 4634
f 4466 4636 4464
f 4466 4639 4636
f 4637 4638 4640
f 4640 4638 4641
f 4640 4467 4465
f 4640 4465 4637
f 4468 4639 4466
f 4468 4642 4639
f 4640 4641 4643
f 4643 4641 4644
f 4643 4469 4467
f 4643 4467 4640
f 4646 4645 4470
f 4646 4470 4471
f 4472 4470 4645
f 4472 4645 4647
f 4473 4642 4468
f 4473 4648 4642
f 4643 4644 4649
f 4649 4644 4650
f 4649 4474 4469
f 4649 4469 4643
f 4475 4646 4471
f 4475 4651 4646
f 4653 4476 4652
f 4476 4647 4652
f 4476 4472 4647
f 4478 4479 4653
f 4652 4478 4653
f 4654 4478 4652
f 4478 4655 4480
f 4654 4655 4478
f 4480 4656 4481
f 4655 4656 4480
f 4481 4657 4482
f 4656 4657 4481
f 4482 4658 4483
f 4657 4658 4482
f 4483 4659 4484
f 4658 4659 4483
f 4473 4484 4648
f 4648 4484 4659
f 4649 4650 4660
f 4660 4650 4661
f 4660 4485 4474
f 4660 4474 4649
f 4486 4651 4475
f 4486 4662 4651
f 4653 4487 4476
f 4487 4653 4479
f 4660 4661 4663
f 4663 4661 4664
f 4663 4488 4485
f 4663 4485 4660
f 4489 4662 4486
f 4489 4665 4662
f 4663 4664 4666
f 4666 4664 4667
f 4666 4490 4488
f 4666 4488 4663
f 4491 4665 4489
f 4491 4668 4665
f 4666 4667 4669
f 4669 4667 4670
f 4669 4492 4490
f 4669 4490 4666
f 4493 4668 4491
f 4493 4671 4668
f 4669 4670 4672
f 4672 4670 4673
f 4672 4494 4492
f 4672 4492 4669
f 4495 4671 4493
f 4495 4674 4671
f 4672 4673 4675
f 4675 4673 4676
f 4675 4496 4494
f 4675 4494 4672
f 4497 4674 4495
f 4497 4677 4674
f 4675 4676 4678
f 4678 4676 4679
f 4678 4498 4496
f 4678 4496 4675
f 4499 4677 4497
f 4499 4680 4677
f 4679 4681 4678
f 4498 4678 4681
f 4682 4498 4681
f 4500 4498 4682
f 4501 4680 4499
f 4501 4683 4680
f 4686 4685 4684
f 4682 4686 4684
f 4502 4682 4684
f 4500 4682 4502
f 4503 4683 4501
f 4503 4687 4683
f 4684 4685 4688
f 4688 4685 4689
f 4688 4504 4502
f 4688 4502 4684
f 4505 4687 4503
f 4505 4690 4687
f 4688 4689 4691
f 4691 4689 4692
f 4691 4506 4504
f 4691 4504 4688
f 4507 4690 4505
f 4507 4693 4690
f 4691 4692 4694
f 4694 4692 4695
f 4694 4508 4506
f 4694 4506 4691
f 4509 4693 4507
f 4509 4696 4693
f 4694 4695 4697
f 4697 4695 4698
f 4697 4510 4508
f 4697 4508 4694
f 4511 4696 4509
f 4511 4699 4696
f 4697 4698 4700
f 4700 4698 4701
f 4700 4512 4510
f 4700 4510 4697
f 4513 4699 4511
f 4513 4702 4699
f 4700 4701 4703
f 4703 4701 4704
f 4703 4514 4512
f 4703 4512 4700
f 4515 4702 4513
f 4515 4705 4702
f 4703 4704 4706
f 4706 4704 4707
f 4706 4516 4514
f 4706 4514 4703
f 4517 4705 4515
f 4517 4708 4705
f 4710 4709 4519
f 4519 4709 4518
f 4711 4519 4520
f 4711 4710 4519
f 4520 4522 4711
f 4711 4522 4712
f 4706 4707 4713
f 4713 4707 4714
f 4713 4523 4516
f 4713 4516 4706
f 4524 4708 4517
f 4524 4715 4708
f 4709 4525 4518
f 4716 4525 4709
f 4717 4712 4522
f 4717 4522 4526
f 4719 4718 4528
f 4718 4526 4528
f 4718 4717 4526
f 4529 4530 4719
f 4530 4718 4719
f 4530 4720 4718
f 4721 4530 4531
f 4721 4720 4530
f 4723 4722 4533
f 4722 4531 4533
f 4722 4721 4531
f 4723 4724 4722
f 4713 4714 4725
f 4725 4714 4726
f 4725 4534 4523
f 4725 4523 4713
f 4524 4535 4727
f 4728 4524 4727
f 4715 4524 4728
f 4729 4727 4535
f 4525 4729 4535
f 4716 4729 4525
f 4536 4719 4528
f 4719 4536 4529
f 4537 4723 4533
f 4537 4538 4723
f 4538 4724 4723
f 4538 4730 4724
f 4725 4726 4731
f 4731 4726 4732
f 4731 4539 4534
f 4731 4534 4725
f 4733 4728 4727
f 4733 4727 4729
f 4540 4730 4538
f 4540 4734 4730
f 4731 4732 4735
f 4735 4732 4736
f 4735 4541 4539
f 4735 4539 4731
f 4542 4734 4540
f 4542 4737 4734
f 4735 4736 4738
f 4738 4736 4739
f 4738 4543 4541
f 4738 4541 4735
f 4544 4737 4542
f 4544 4740 4737
f 4738 4739 4741
f 4741 4739 4742
f 4741 4545 4543
f 4741 4543 4738
f 4546 4740 4544
f 4546 4743 4740
f 4741 4742 4744
f 4744 4742 4745
f 4744 4547 4545
f 4744 4545 4741
f 4548 4743 4546
f 4548 4746 4743
f 4744 4745 4747
f 4747 4745 4748
f 4747 4549 4547
f 4747 4547 4744
f 4550 4746 4548
f 4550 4749 4746
f 4748 4750 4747
f 4549 4747 4750
f 4751 4549 4750
f 4551 4549 4751
f 4552 4749 4550
f 4552 4752 4749
f 4755 4754 4753
f 4751 4755 4753
f 4553 4751 4753
f 4551 4751 4553
f 4554 4752 4552
f 4554 4756 4752
f 4753 4754 4757
f 4757 4754 4758
f 4757 4555 4553
f 4757 4553 4753
f 4759 4756 4554
f 4759 4554 4556
f 4760 4556 4557
f 4760 4759 4556
f 4761 4557 4558
f 4761 4760 4557
f 4762 4558 4559
f 4762 4761 4558
f 4763 4559 4560
f 4763 4762 4559
f 4764 4560 4561
f 4764 4763 4560
f 4765 4561 4562
f 4765 4764 4561
f 4766 4562 4563
f 4766 4765 4562
f 4767 4563 4564
f 4767 4766 4563
f 4768 4564 4565
f 4768 4767 4564
f 4769 4565 4566
f 4769 4768 4565
f 4770 4566 4567
f 4770 4769 4566
f 4771 4567 4568
f 4771 4770 4567
f 4772 4568 4569
f 4772 4771 4568
f 4773 4569 4570
f 4773 4772 4569
f 4774 4570 4571
f 4774 4773 4570
f 4775 4571 4572
f 4775 4774 4571
f 4776 4572 4573
f 4776 4775 4572
f 4777 4573 4574
f 4777 4776 4573
f 4778 4574 4575
f 4778 4777 4574
f 4779 4575 4576
f 4779 4778 4575
f 4780 4576 4577
f 4780 4779 4576
f 4781 4577 4578
f 4781 4780 4577
f 4782 4578 4579
f 4782 4781 4578
f 4783 4579 4580
f 4783 4782 4579
f 4784 4580 4581
f 4784 4783 4580
f 4785 4581 4582
f 4785 4784 4581
f 4583 4757 4758
f 4785 4583 4758
f 4582 4583 4785
f 4757 4583 4555
f 4787 4786 4584
f 4787 4584 4585
f 4584 4788 4586
f 4786 4788 4584
f 4586 4789 4587
f 4788 4789 4586
f 4587 4790 4588
f 4789 4790 4587
f 4588 4791 4589
f 4790 4791 4588
f 4589 4792 4590
f 4791 4792 4589
f 4590 4793 4591
f 4792 4793 4590
f 4591 4794 4592
f 4793 4794 4591
f 4592 4795 4593
f 4794 4795 4592
f 4593 4796 4594
f 4795 4796 4593
f 4594 4797 4595
f 4796 4797 4594
f 4595 4798 4596
f 4797 4798 4595
f 4596 4799 4597
f 4798 4799 4596
f 4597 4800 4598
f 4799 4800 4597
f 4598 4801 4599
f 4800 4801 4598
f 4599 4802 4600
f 4801 4802 4599
f 4600 4803 4601
f 4802 4803 4600
f 4601 4804 4602
f 4803 4804 4601
f 4602 4805 4603
f 4804 4805 4602
f 4603 4806 4604
f 4805 4806 4603
f 4604 4807 4605
f 4806 4807 4604
f 4605 4808 4606
f 4807 4808 4605
f 4606 4809 4607
f 4808 4809 4606
f 4607 4810 4608
f 4809 4810 4607
f 4608 4811 4609
f 4810 4811 4608
f 4609 4812 4610
f 4811 4812 4609
f 4610 4813 4611
f 4812 4813 4610
f 4613 4611 4813
f 4613 4813 4814
f 4614 4787 4585
f 4614 4815 4787
f 4615 4613 4816
f 4613 4817 4816
f 4613 4814 4817
f 4816 4616 4615
f 4617 4815 4614
f 4617 4818 4815
f 4816 4817 4620
f 4817 4619 4620
f 4817 4819 4619
f 4816 4620 4616
f 4621 4818 4617
f 4621 4820 4818
f 4819 4623 4619
f 4821 4623 4819
f 4624 4820 4621
f 4624 4822 4820
f 4821 4626 4623
f 4823 4626 4821
f 4627 4822 4624
f 4627 4824 4822
f 4823 4629 4626
f 4825 4629 4823
f 4630 4824 4627
f 4630 4826 4824
f 4825 4632 4629
f 4827 4632 4825
f 4633 4826 4630
f 4633 4828 4826
f 4827 4635 4632
f 4829 4635 4827
f 4636 4828 4633
f 4636 4830 4828
f 4829 4638 4635
f 4831 4638 4829
f 4639 4830 4636
f 4639 4832 4830
f 4831 4641 4638
f 4833 4641 4831
f 4642 4832 4639
f 4642 4834 4832
f 4833 4644 4641
f 4835 4644 4833
f 4837 4836 4645
f 4837 4645 4646
f 4647 4645 4836
f 4647 4836 4838
f 4648 4834 4642
f 4648 4839 4834
f 4835 4650 4644
f 4840 4650 4835
f 4651 4837 4646
f 4651 4841 4837
f 4838 4842 4647
f 4647 4842 4652
f 4652 4843 4654
f 4842 4843 4652
f 4654 4844 4655
f 4843 4844 4654
f 4655 4845 4656
f 4844 4845 4655
f 4656 4846 4657
f 4845 4846 4656
f 4657 4847 4658
f 4846 4847 4657
f 4658 4848 4659
f 4847 4848 4658
f 4648 4659 4839
f 4839 4659 4848
f 4840 4661 4650
f 4849 4661 4840
f 4662 4841 4651
f 4662 4850 4841
f 4849 4664 4661
f 4851 4664 4849
f 4665 4850 4662
f 4665 4852 4850
f 4851 4667 4664
f 4853 4667 4851
f 4668 4852 4665
f 4668 4854 4852
f 4853 4670 4667
f 4855 4670 4853
f 4671 4854 4668
f 4671 4856 4854
f 4855 4673 4670
f 4857 4673 4855
f 4674 4856 4671
f 4674 4858 4856
f 4857 4676 4673
f 4859 4676 4857
f 4677 4858 4674
f 4677 4860 4858
f 4859 4679 4676
f 4861 4679 4859
f 4680 4860 4677
f 4680 4862 4860
f 4681 4679 4863
f 4679 4864 4863
f 4679 4861 4864
f 4863 4682 4681
f 4683 4862 4680
f 4683 4865 4862
f 4863 4864 4686
f 4864 4685 4686
f 4864 4866 4685
f 4863 4686 4682
f 4687 4865 4683
f 4687 4867 4865
f 4866 4689 4685
f 4868 4689 4866
f 4690 4867 4687
f 4690 4869 4867
f 4868 4692 4689
f 4870 4692 4868
f 4693 4869 4690
f 4693 4871 4869
f 4870 4695 4692
f 4872 4695 4870
f 4696 4871 4693
f 4696 4873 4871
f 4872 4698 4695
f 4874 4698 4872
f 4699 4873 4696
f 4699 4875 4873
f 4874 4701 4698
f 4876 4701 4874
f 4702 4875 4699
f 4702 4877 4875
f 4876 4704 4701
f 4878 4704 4876
f 4705 4877 4702
f 4705 4879 4877
f 4878 4707 4704
f 4880 4707 4878
f 4708 4879 4705
f 4708 4881 4879
f 4883 4882 4710
f 4710 4882 4709
f 4884 4710 4711
f 4884 4883 4710
f 4711 4712 4884
f 4884 4712 4885
f 4880 4714 4707
f 4886 4714 4880
f 4715 4881 4708
f 4715 4887 4881
f 4882 4716 4709
f 4888 4716 4882
f 4889 4885 4712
f 4889 4712 4717
f 4890 4717 4718
f 4890 4889 4717
f 4891 4718 4720
f 4891 4890 4718
f 4892 4720 4721
f 4892 4891 4720
f 4894 4892 4893
f 4892 4722 4893
f 4892 4721 4722
f 4724 4893 4722
f 4886 4726 4714
f 4895 4726 4886
f 4728 4897 4896
f 4887 4728 4896
f 4715 4728 4887
f 4888 4896 4897
f 4729 4888 4897
f 4716 4888 4729
f 4898 4894 4893
f 4893 4724 4898
f 4724 4899 4898
f 4724 4730 4899
f 4895 4732 4726
f 4900 4732 4895
f 4733 4897 4728
f 4897 4733 4729
f 4734 4899 4730
f 4734 4901 4899
f 4900 4736 4732
f 4902 4736 4900
f 4737 4901 4734
f 4737 4903 4901
f 4902 4739 4736
f 4904 4739 4902
f 4740 4903 4737
f 4740 4905 4903
f 4904 4742 4739
f 4906 4742 4904
f 4743 4905 4740
f 4743 4907 4905
f 4906 4745 4742
f 4908 4745 4906
f 4746 4907 4743
f 4746 4909 4907
f 4908 4748 4745
f 4910 4748 4908
f 4749 4909 4746
f 4749 4911 4909
f 4750 4748 4912
f 4748 4913 4912
f 4748 4910 4913
f 4912 4751 4750
f 4752 4911 4749
f 4752 4914 4911
f 4915 4754 4755
f 4913 4916 4912
f 4917 4912 4916
f 4917 4751 4912
f 4917 4915 4755
f 4751 4917 4755
f 4756 4914 4752
f 4756 4918 4914
f 4920 4919 4915
f 4919 4754 4915
f 4919 4758 4754
f 4920 4915 4917
f 4921 4918 4756
f 4921 4756 4759
f 4922 4759 4760
f 4922 4921 4759
f 4923 4760 4761
f 4923 4922 4760
f 4924 4761 4762
f 4924 4923 4761
f 4925 4762 4763
f 4925 4924 4762
f 4926 4763 4764
f 4926 4925 4763
f 4927 4764 4765
f 4927 4926 4764
f 4928 4765 4766
f 4928 4927 4765
f 4929 4766 4767
f 4929 4928 4766
f 4930 4767 4768
f 4930 4929 4767
f 4931 4768 4769
f 4931 4930 4768
f 4932 4769 4770
f 4932 4931 4769
f 4933 4770 4771
f 4933 4932 4770
f 4934 4771 4772
f 4934 4933 4771
f 4935 4772 4773
f 4935 4934 4772
f 4936 4773 4774
f 4936 4935 4773
f 4937 4774 4775
f 4937 4936 4774
f 4938 4775 4776
f 4938 4937 4775
f 4939 4776 4777
f 4939 4938 4776
f 4940 4777 4778
f 4940 4939 4777
f 4941 4778 4779
f 4941 4940 4778
f 4942 4779 4780
f 4942 4941 4779
f 4943 4780 4781
f 4943 4942 4780
f 4944 4781 4782
f 4944 4943 4781
f 4945 4782 4783
f 4945 4944 4782
f 4946 4783 4784
f 4946 4945 4783
f 4947 4784 4785
f 4947 4946 4784
f 4785 4758 4919
f 4785 4919 4947
f 4949 4948 4786
f 4949 4786 4787
f 4786 4950 4788
f 4948 4950 4786
f 4788 4951 4789
f 4950 4951 4788
f 4789 4952 4790
f 4951 4952 4789
f 4790 4953 4791
f 4952 4953 4790
f 4791 4954 4792
f 4953 4954 4791
f 4792 4955 4793
f 4954 4955 4792
f 4793 4956 4794
f 4955 4956 4793
f 4794 4957 4795
f 4956 4957 4794
f 4795 4958 4796
f 4957 4958 4795
f 4796 4959 4797
f 4958 4959 4796
f 4797 4960 4798
f 4959 4960 4797
f 4798 4961 4799
f 4960 4961 4798
f 4799 4962 4800
f 4961 4962 4799
f 4800 4963 4801
f 4962 4963 4800
f 4801 4964 4802
f 4963 4964 4801
f 4802 4965 4803
f 4964 4965 4802
f 4803 4966 4804
f 4965 4966 4803
f 4804 4967 4805
f 4966 4967 4804
f 4805 4968 4806
f 4967 4968 4805
f 4806 4969 4807
f 4968 4969 4806
f 4807 4970 4808
f 4969 4970 4807
f 4808 4971 4809
f 4970 4971 4808
f 4809 4972 4810
f 4971 4972 4809
f 4810 4973 4811
f 4972 4973 4810
f 4811 4974 4812
f 4973 4974 4811
f 4812 4975 4813
f 4974 4975 4812
f 4814 4813 4975
f 4814 4975 4976
f 4815 4949 4787
f 4815 4977 4949
f 4976 4817 4814
f 4978 4817 4976
f 4818 4977 4815
f 4818 4979 4977
f 4978 4819 4817
f 4980 4819 4978
f 4820 4979 4818
f 4820 4981 4979
f 4980 4821 4819
f 4982 4821 4980
f 4822 4981 4820
f 4822 4983 4981
f 4982 4823 4821
f 4984 4823 4982
f 4824 4983 4822
f 4824 4985 4983
f 4984 4825 4823
f 4986 4825 4984
f 4826 4985 4824
f 4826 4987 4985
f 4986 4827 4825
f 4988 4827 4986
f 4828 4987 4826
f 4828 4989 4987
f 4988 4829 4827
f 4990 4829 4988
f 4830 4989 4828
f 4830 4991 4989
f 4990 4831 4829
f 4992 4831 4990
f 4832 4991 4830
f 4832 4993 4991
f 4992 4833 4831
f 4994 4833 4992
f 4834 4993 4832
f 4834 4995 4993
f 4994 4835 4833
f 4996 4835 4994
f 4998 4997 4836
f 4998 4836 4837
f 4838 4836 4997
f 4838 4997 4999
f 4839 4995 4834
f 4839 5000 4995
f 4996 4840 4835
f 5001 4840 4996
f 4841 4998 4837
f 4841 5002 4998
f 4842 4838 5003
f 4838 5004 5003
f 4838 4999 5004
f 4842 5003 5005
f 5006 4842 5005
f 4843 4842 5006
f 4843 5007 4844
f 5006 5007 4843
f 4844 5008 4845
f 5007 5008 4844
f 4845 5009 4846
f 5008 5009 4845
f 4846 5010 4847
f 5009 5010 4846
f 4847 5011 4848
f 5010 5011 4847
f 4839 4848 5000
f 5000 4848 5011
f 5001 4849 4840
f 5012 4849 5001
f 4850 5002 4841
f 4850 5013 5002
f 5004 5014 5003
f 5003 5014 5005
f 5012 4851 4849
f 5015 4851 5012
f 4852 5013 4850
f 4852 5016 5013
f 5015 4853 4851
f 5017 4853 5015
f 4854 5016 4852
f 4854 5018 5016
f 5017 4855 4853
f 5019 4855 5017
f 4856 5018 4854
f 4856 5020 5018
f 5019 4857 4855
f 5021 4857 5019
f 4858 5020 4856
f 4858 5022 5020
f 5021 4859 4857
f 5023 4859 5021
f 4860 5022 4858
f 4860 5024 5022
f 5023 4861 4859
f 5025 4861 5023
f 4862 5024 4860
f 4862 5026 5024
f 5025 4864 4861
f 5027 4864 5025
f 4865 5026 4862
f 4865 5028 5026
f 5027 4866 4864
f 5029 4866 5027
f 4867 5028 4865
f 4867 5030 5028
f 5029 4868 4866
f 5031 4868 5029
f 4869 5030 4867
f 4869 5032 5030
f 5031 4870 4868
f 5033 4870 5031
f 4871 5032 4869
f 4871 5034 5032
f 5033 4872 4870
f 5035 4872 5033
f 4873 5034 4871
f 4873 5036 5034
f 5035 4874 4872
f 5037 4874 5035
f 4875 5036 4873
f 4875 5038 5036
f 5037 4876 4874
f 5039 4876 5037
f 4877 5038 4875
f 4877 5040 5038
f 5039 4878 4876
f 5041 4878 5039
f 4879 5040 4877
f 4879 5042 5040
f 5041 4880 4878
f 5043 4880 5041
f 4881 5042 4879
f 4881 5044 5042
f 5046 5045 4883
f 4883 5045 4882
f 5047 4883 4884
f 5047 5046 4883
f 4884 4885 5047
f 5047 4885 5048
f 5043 4886 4880
f 5049 4886 5043
f 4887 5044 4881
f 4887 5050 5044
f 5045 4888 4882
f 5051 4888 5045
f 5052 5048 4885
f 5052 4885 4889
f 5054 5052 5053
f 5052 4890 5053
f 5052 4889 4890
f 5053 4890 5055
f 4890 5056 5055
f 4890 4891 5056
f 5057 4891 4892
f 5057 5056 4891
f 5059 5058 4894
f 5058 4892 4894
f 5058 5057 4892
f 5059 5060 5058
f 5049 4895 4886
f 5061 4895 5049
f 5062 5050 4887
f 5062 4887 4896
f 4896 4888 5051
f 4896 5051 5062
f 5063 5054 5053
f 5063 5053 5055
f 4898 5059 4894
f 4898 4899 5059
f 4899 5060 5059
f 4899 5064 5060
f 5061 4900 4895
f 5065 4900 5061
f 4901 5064 4899
f 4901 5066 5064
f 5065 4902 4900
f 5067 4902 5065
f 4903 5066 4901
f 4903 5068 5066
f 5067 4904 4902
f 5069 4904 5067
f 4905 5068 4903
f 4905 5070 5068
f 5069 4906 4904
f 5071 4906 5069
f 4907 5070 4905
f 4907 5072 5070
f 5071 4908 4906
f 5073 4908 5071
f 4909 5072 4907
f 4909 5074 5072
f 5073 4910 4908
f 5075 4910 5073
f 4911 5074 4909
f 4911 5076 5074
f 5075 4913 4910
f 5077 4913 5075
f 5080 5079 5078
f 5079 5076 5078
f 5076 4914 5078
f 5076 4911 4914
f 4916 4913 5081
f 4913 5082 5081
f 4913 5077 5082
f 5081 4917 4916
f 5083 5080 5078
f 5078 4914 5083
f 4914 5084 5083
f 4914 4918 5084
f 5081 5082 4920
f 5082 4919 4920
f 5082 5085 4919
f 5081 4920 4917
f 5086 5084 4918
f 5086 4918 4921
f 5087 4921 4922
f 5087 5086 4921
f 5088 4922 4923
f 5088 5087 4922
f 5089 4923 4924
f 5089 5088 4923
f 5090 4924 4925
f 5090 5089 4924
f 5091 4925 4926
f 5091 5090 4925
f 5092 4926 4927
f 5092 5091 4926
f 5093 4927 4928
f 5093 5092 4927
f 5094 4928 4929
f 5094 5093 4928
f 5095 4929 4930
f 5095 5094 4929
f 5096 4930 4931
f 5096 5095 4930
f 5097 4931 4932
f 5097 5096 4931
f 5098 4932 4933
f 5098 5097 4932
f 5099 4933 4934
f 5099 5098 4933
f 5100 4934 4935
f 5100 5099 4934
f 5101 4935 4936
f 5101 5100 4935
f 5102 4936 4937
f 5102 5101 4936
f 5103 4937 4938
f 5103 5102 4937
f 5104 4938 4939
f 5104 5103 4938
f 5105 4939 4940
f 5105 5104 4939
f 5106 4940 4941
f 5106 5105 4940
f 5107 4941 4942
f 5107 5106 4941
f 5108 4942 4943
f 5108 5107 4942
f 5109 4943 4944
f 5109 5108 4943
f 5110 4944 4945
f 5110 5109 4944
f 5111 4945 4946
f 5111 5110 4945
f 5112 4946 4947
f 5112 5111 4946
f 4947 4919 5085
f 4947 5085 5112
f 5114 5113 4948
f 5114 4948 4949
f 4948 5115 4950
f 5113 5115 4948
f 4950 5116 4951
f 5115 5116 4950
f 4951 5117 4952
f 5116 5117 4951
f 4952 5118 4953
f 5117 5118 4952
f 4953 5119 4954
f 5118 5119 4953
f 4954 5120 4955
f 5119 5120 4954
f 4955 5121 4956
f 5120 5121 4955
f 4956 5122 4957
f 5121 5122 4956
f 4957 5123 4958
f 5122 5123 4957
f 4958 5124 4959
f 5123 5124 4958
f 4959 5125 4960
f 5124 5125 4959
f 4960 5126 4961
f 5125 5126 4960
f 4961 5127 4962
f 5126 5127 4961
f 4962 5128 4963
f 5127 5128 4962
f 4963 5129 4964
f 5128 5129 4963
f 4964 5130 4965
f 5129 5130 4964
f 4965 5131 4966
f 5130 5131 4965
f 4966 5132 4967
f 5131 5132 4966
f 4967 5133 4968
f 5132 5133 4967
f 4968 5134 4969
f 5133 5134 4968
f 4969 5135 4970
f 5134 5135 4969
f 4970 5136 4971
f 5135 5136 4970
f 4971 5137 4972
f 5136 5137 4971
f 4972 5138 4973
f 5137 5138 4972
f 4973 5139 4974
f 5138 5139 4973
f 4974 5140 4975
f 5139 5140 4974
f 4976 4975 5140
f 4976 5140 5141
f 4977 5114 4949
f 4977 5142 5114
f 5141 4978 4976
f 5143 4978 5141
f 4979 5142 4977
f 4979 5144 5142
f 5143 4980 4978
f 5145 4980 5143
f 4981 5144 4979
f 4981 5146 5144
f 5145 4982 4980
f 5147 4982 5145
f 4983 5146 4981
f 4983 5148 5146
f 5147 4984 4982
f 5149 4984 5147
f 4985 5148 4983
f 4985 5150 5148
f 5149 4986 4984
f 5151 4986 5149
f 4987 5150 4985
f 4987 5152 5150
f 5151 4988 4986
f 5153 4988 5151
f 4989 5152 4987
f 4989 5154 5152
f 5153 4990 4988
f 5155 4990 5153
f 4991 5154 4989
f 4991 5156 5154
f 5155 4992 4990
f 5157 4992 5155
f 4993 5156 4991
f 4993 5158 5156
f 5157 4994 4992
f 5159 4994 5157
f 4995 5158 4993
f 4995 5160 5158
f 5159 4996 4994
f 5161 4996 5159
f 5163 5162 4997
f 5163 4997 4998
f 4999 4997 5162
f 4999 5162 5164
f 5000 5160 4995
f 5000 5165 5160
f 5161 5001 4996
f 5166 5001 5161
f 5002 5163 4998
f 5002 5167 5163
f 5164 5004 4999
f 5168 5004 5164
f 5005 5169 5006
f 5006 5169 5170
f 5171 5006 5170
f 5007 5006 5171
f 5007 5172 5008
f 5171 5172 5007
f 5008 5173 5009
f 5172 5173 5008
f 5009 5174 5010
f 5173 5174 5009
f 5010 5175 5011
f 5174 5175 5010
f 5000 5011 5165
f 5165 5011 5175
f 5166 5012 5001
f 5176 5012 5166
f 5013 5167 5002
f 5013 5177 5167
f 5168 5178 5004
f 5004 5178 5014
f 5005 5014 5169
f 5014 5179 5169
f 5014 5178 5179
f 5169 5179 5170
f 5176 5015 5012
f 5180 5015 5176
f 5016 5177 5013
f 5016 5181 5177
f 5180 5017 5015
f 5182 5017 5180
f 5018 5181 5016
f 5018 5183 5181
f 5182 5019 5017
f 5184 5019 5182
f 5020 5183 5018
f 5020 5185 5183
f 5184 5021 5019
f 5186 5021 5184
f 5022 5185 5020
f 5022 5187 5185
f 5186 5023 5021
f 5188 5023 5186
f 5024 5187 5022
f 5024 5189 5187
f 5188 5025 5023
f 5190 5025 5188
f 5026 5189 5024
f 5026 5191 5189
f 5190 5027 5025
f 5192 5027 5190
f 5028 5191 5026
f 5028 5193 5191
f 5192 5029 5027
f 5194 5029 5192
f 5030 5193 5028
f 5030 5195 5193
f 5194 5031 5029
f 5196 5031 5194
f 5032 5195 5030
f 5032 5197 5195
f 5196 5033 5031
f 5198 5033 5196
f 5034 5197 5032
f 5034 5199 5197
f 5198 5035 5033
f 5200 5035 5198
f 5036 5199 5034
f 5036 5201 5199
f 5200 5037 5035
f 5202 5037 5200
f 5038 5201 5036
f 5038 5203 5201
f 5202 5039 5037
f 5204 5039 5202
f 5040 5203 5038
f 5040 5205 5203
f 5204 5041 5039
f 5206 5041 5204
f 5042 5205 5040
f 5042 5207 5205
f 5206 5043 5041
f 5208 5043 5206
f 5044 5207 5042
f 5044 5209 5207
f 5211 5210 5046
f 5046 5210 5045
f 5212 5046 5047
f 5212 5211 5046
f 5047 5048 5212
f 5212 5048 5213
f 5208 5049 5043
f 5214 5049 5208
f 5050 5209 5044
f 5050 5215 5209
f 5210 5051 5045
f 5216 5051 5210
f 5217 5213 5048
f 5217 5048 5052
f 5052 5054 5217
f 5217 5054 5218
f 5220 5219 5056
f 5056 5219 5055
f 5221 5056 5057
f 5221 5220 5056
f 5223 5221 5222
f 5221 5058 5222
f 5221 5057 5058
f 5060 5222 5058
f 5214 5061 5049
f 5224 5061 5214
f 5050 5062 5225
f 5226 5050 5225
f 5215 5050 5226
f 5227 5225 5062
f 5051 5227 5062
f 5216 5227 5051
f 5228 5218 5054
f 5228 5054 5063
f 5063 5055 5219
f 5063 5219 5228
f 5229 5223 5222
f 5222 5060 5229
f 5060 5230 5229
f 5060 5064 5230
f 5224 5065 5061
f 5231 5065 5224
f 5232 5226 5225
f 5232 5225 5227
f 5066 5230 5064
f 5066 5233 5230
f 5231 5067 5065
f 5234 5067 5231
f 5068 5233 5066
f 5068 5235 5233
f 5234 5069 5067
f 5236 5069 5234
f 5070 5235 5068
f 5070 5237 5235
f 5236 5071 5069
f 5238 5071 5236
f 5072 5237 5070
f 5072 5239 5237
f 5238 5073 5071
f 5240 5073 5238
f 5074 5239 5072
f 5074 5241 5239
f 5240 5075 5073
f 5242 5075 5240
f 5076 5241 5074
f 5076 5243 5241
f 5242 5077 5075
f 5244 5077 5242
f 5080 5245 5079
f 5245 5246 5079
f 5246 5076 5079
f 5246 5243 5076
f 5244 5082 5077
f 5247 5082 5244
f 5083 5245 5080
f 5083 5084 5245
f 5084 5246 5245
f 5084 5248 5246
f 5247 5085 5082
f 5249 5085 5247
f 5250 5248 5084
f 5250 5084 5086
f 5251 5086 5087
f 5251 5250 5086
f 5252 5087 5088
f 5252 5251 5087
f 5253 5088 5089
f 5253 5252 5088
f 5254 5089 5090
f 5254 5253 5089
f 5255 5090 5091
f 5255 5254 5090
f 5256 5091 5092
f 5256 5255 5091
f 5257 5092 5093
f 5257 5256 5092
f 5258 5093 5094
f 5258 5257 5093
f 5259 5094 5095
f 5259 5258 5094
f 5260 5095 5096
f 5260 5259 5095
f 5261 5096 5097
f 5261 5260 5096
f 5262 5097 5098
f 5262 5261 5097
f 5263 5098 5099
f 5263 5262 5098
f 5264 5099 5100
f 5264 5263 5099
f 5265 5100 5101
f 5265 5264 5100
f 5266 5101 5102
f 5266 5265 5101
f 5267 5102 5103
f 5267 5266 5102
f 5268 5103 5104
f 5268 5267 5103
f 5269 5104 5105
f 5269 5268 5104
f 5270 5105 5106
f 5270 5269 5105
f 5271 5106 5107
f 5271 5270 5106
f 5272 5107 5108
f 5272 5271 5107
f 5273 5108 5109
f 5273 5272 5108
f 5274 5109 5110
f 5274 5273 5109
f 5275 5110 5111
f 5275 5274 5110
f 5276 5111 5112
f 5276 5275 5111
f 5112 5085 5249
f 5112 5249 5276
f 5278 5277 5113
f 5278 5113 5114
f 5113 5279 5115
f 5277 5279 5113
f 5115 5280 5116
f 5279 5280 5115
f 5116 5281 5117
f 5280 5281 5116
f 5117 5282 5118
f 5281 5282 5117
f 5118 5283 5119
f 5282 5283 5118
f 5119 5284 5120
f 5283 5284 5119
f 5120 5285 5121
f 5284 5285 5120
f 5121 5286 5122
f 5285 5286 5121
f 5122 5287 5123
f 5286 5287 5122
f 5123 5288 5124
f 5287 5288 5123
f 5124 5289 5125
f 5288 5289 5124
f 5125 5290 5126
f 5289 5290 5125
f 5126 5291 5127
f 5290 5291 5126
f 5127 5292 5128
f 5291 5292 5127
f 5128 5293 5129
f 5292 5293 5128
f 5129 5294 5130
f 5293 5294 5129
f 5130 5295 5131
f 5294 5295 5130
f 5131 5296 5132
f 5295 5296 5131
f 5132 5297 5133
f 5296 5297 5132
f 5133 5298 5134
f 5297 5298 5133
f 5134 5299 5135
f 5298 5299 5134
f 5135 5300 5136
f 5299 5300 5135
f 5136 5301 5137
f 5300 5301 5136
f 5137 5302 5138
f 5301 5302 5137
f 5138 5303 5139
f 5302 5303 5138
f 5139 5304 5140
f 5303 5304 5139
f 5141 5140 5304
f 5141 5304 5305
f 5142 5278 5114
f 5142 5306 5278
f 5305 5143 5141
f 5307 5143 5305
f 5144 5306 5142
f 5144 5308 5306
f 5307 5145 5143
f 5309 5145 5307
f 5146 5308 5144
f 5146 5310 5308
f 5309 5147 5145
f 5311 5147 5309
f 5148 5310 5146
f 5148 5312 5310
f 5311 5149 5147
f 5313 5149 5311
f 5150 5312 5148
f 5150 5314 5312
f 5313 5151 5149
f 5315 5151 5313
f 5152 5314 5150
f 5152 5316 5314
f 5315 5153 5151
f 5317 5153 5315
f 5154 5316 5152
f 5154 5318 5316
f 5317 5155 5153
f 5319 5155 5317
f 5156 5318 5154
f 5156 5320 5318
f 5319 5157 5155
f 5321 5157 5319
f 5158 5320 5156
f 5158 5322 5320
f 5321 5159 5157
f 5323 5159 5321
f 5160 5322 5158
f 5160 5324 5322
f 5323 5161 5159
f 5325 5161 5323
f 5163 5326 5162
f 5326 5164 5162
f 5165 5324 5160
f 5165 5327 5324
f 5325 5166 5161
f 5328 5166 5325
f 5330 5329 5326
f 5163 5330 5326
f 5167 5330 5163
f 5164 5326 5329
f 5331 5164 5329
f 5168 5164 5331
f 5333 5332 5171
f 5333 5171 5170
f 5171 5334 5172
f 5332 5334 5171
f 5172 5335 5173
f 5334 5335 5172
f 5173 5336 5174
f 5335 5336 5173
f 5174 5337 5175
f 5336 5337 5174
f 5165 5175 5327
f 5327 5175 5337
f 5328 5176 5166
f 5338 5176 5328
f 5177 5330 5167
f 5177 5339 5330
f 5331 5340 5168
f 5168 5340 5178
f 5178 5341 5179
f 5340 5341 5178
f 5170 5179 5333
f 5333 5179 5341
f 5338 5180 5176
f 5342 5180 5338
f 5181 5339 5177
f 5181 5343 5339
f 5342 5182 5180
f 5344 5182 5342
f 5183 5343 5181
f 5183 5345 5343
f 5344 5184 5182
f 5346 5184 5344
f 5185 5345 5183
f 5185 5347 5345
f 5346 5186 5184
f 5348 5186 5346
f 5187 5347 5185
f 5187 5349 5347
f 5348 5188 5186
f 5350 5188 5348
f 5189 5349 5187
f 5189 5351 5349
f 5350 5190 5188
f 5352 5190 5350
f 5191 5351 5189
f 5191 5353 5351
f 5352 5192 5190
f 5354 5192 5352
f 5193 5353 5191
f 5193 5355 5353
f 5354 5194 5192
f 5356 5194 5354
f 5195 5355 5193
f 5195 5357 5355
f 5356 5196 5194
f 5358 5196 5356
f 5197 5357 5195
f 5197 5359 5357
f 5358 5198 5196
f 5360 5198 5358
f 5199 5359 5197
f 5199 5361 5359
f 5360 5200 5198
f 5362 5200 5360
f 5201 5361 5199
f 5201 5363 5361
f 5362 5202 5200
f 5364 5202 5362
f 5203 5363 5201
f 5203 5365 5363
f 5364 5204 5202
f 5366 5204 5364
f 5205 5365 5203
f 5205 5367 5365
f 5366 5206 5204
f 5368 5206 5366
f 5207 5367 5205
f 5207 5369 5367
f 5368 5208 5206
f 5370 5208 5368
f 5209 5369 5207
f 5209 5371 5369
f 5373 5372 5211
f 5211 5372 5210
f 5374 5211 5212
f 5374 5373 5211
f 5212 5213 5374
f 5374 5213 5375
f 5370 5214 5208
f 5376 5214 5370
f 5215 5371 5209
f 5215 5377 5371
f 5372 5216 5210
f 5378 5216 5372
f 5379 5375 5213
f 5379 5213 5217
f 5381 5380 5218
f 5380 5217 5218
f 5380 5379 5217
f 5219 5220 5381
f 5220 5380 5381
f 5220 5382 5380
f 5383 5220 5221
f 5383 5382 5220
f 5385 5384 5223
f 5384 5221 5223
f 5384 5383 5221
f 5385 5386 5384
f 5376 5224 5214
f 5387 5224 5376
f 5226 5389 5388
f 5377 5226 5388
f 5215 5226 5377
f 5378 5388 5389
f 5227 5378 5389
f 5216 5378 5227
f 5228 5381 5218
f 5381 5228 5219
f 5229 5385 5223
f 5229 5230 5385
f 5230 5386 5385
f 5230 5390 5386
f 5387 5231 5224
f 5391 5231 5387
f 5232 5389 5226
f 5389 5232 5227
f 5233 5390 5230
f 5233 5392 5390
f 5391 5234 5231
f 5393 5234 5391
f 5235 5392 5233
f 5235 5394 5392
f 5393 5236 5234
f 5395 5236 5393
f 5237 5394 5235
f 5237 5396 5394
f 5395 5238 5236
f 5397 5238 5395
f 5239 5396 5237
f 5239 5398 5396
f 5397 5240 5238
f 5399 5240 5397
f 5241 5398 5239
f 5241 5400 5398
f 5399 5242 5240
f 5401 5242 5399
f 5243 5400 5241
f 5243 5402 5400
f 5401 5244 5242
f 5403 5244 5401
f 5246 5402 5243
f 5246 5404 5402
f 5403 5247 5244
f 5405 5247 5403
f 5248 5404 5246
f 5248 5406 5404
f 5405 5249 5247
f 5407 5249 5405
f 5408 5406 5248
f 5408 5248 5250
f 5409 5250 5251
f 5409 5408 5250
f 5410 5251 5252
f 5410 5409 5251
f 5411 5252 5253
f 5411 5410 5252
f 5412 5253 5254
f 5412 5411 5253
f 5413 5254 5255
f 5413 5412 5254
f 5414 5255 5256
f 5414 5413 5255
f 5415 5256 5257
f 5415 5414 5256
f 5416 5257 5258
f 5416 5415 5257
f 5417 5258 5259
f 5417 5416 5258
f 5418 5259 5260
f 5418 5417 5259
f 5419 5260 5261
f 5419 5418 5260
f 5420 5261 5262
f 5420 5419 5261
f 5421 5262 5263
f 5421 5420 5262
f 5422 5263 5264
f 5422 5421 5263
f 5423 5264 5265
f 5423 5422 5264
f 5424 5265 5266
f 5424 5423 5265
f 5425 5266 5267
f 5425 5424 5266
f 5426 5267 5268
f 5426 5425 5267
f 5427 5268 5269
f 5427 5426 5268
f 5428 5269 5270
f 5428 5427 5269
f 5429 5270 5271
f 5429 5428 5270
f 5430 5271 5272
f 5430 5429 5271
f 5431 5272 5273
f 5431 5430 5272
f 5432 5273 5274
f 5432 5431 5273
f 5433 5274 5275
f 5433 5432 5274
f 5434 5275 5276
f 5434 5433 5275
f 5276 5249 5407
f 5276 5407 5434
f 5436 5435 5277
f 5436 5277 5278
f 5277 5437 5279
f 5435 5437 5277
f 5279 5438 5280
f 5437 5438 5279
f 5280 5439 5281
f 5438 5439 5280
f 5281 5440 5282
f 5439 5440 5281
f 5282 5441 5283
f 5440 5441 5282
f 5283 5442 5284
f 5441 5442 5283
f 5284 5443 5285
f 5442 5443 5284
f 5285 5444 5286
f 5443 5444 5285
f 5286 5445 5287
f 5444 5445 5286
f 5287 5446 5288
f 5445 5446 5287
f 5288 5447 5289
f 5446 5447 5288
f 5289 5448 5290
f 5447 5448 5289
f 5290 5449 5291
f 5448 5449 5290
f 5291 5450 5292
f 5449 5450 5291
f 5292 5451 5293
f 5450 5451 5292
f 5293 5452 5294
f 5451 5452 5293
f 5294 5453 5295
f 5452 5453 5294
f 5295 5454 5296
f 5453 5454 5295
f 5296 5455 5297
f 5454 5455 5296
f 5297 5456 5298
f 5455 5456 5297
f 5298 5457 5299
f 5456 5457 5298
f 5299 5458 5300
f 5457 5458 5299
f 5300 5459 5301
f 5458 5459 5300
f 5301 5460 5302
f 5459 5460 5301
f 5302 5461 5303
f 5460 5461 5302
f 5461 5463 5462
f 5304 5461 5462
f 5303 5461 5304
f 5462 5305 5304
f 5306 5436 5278
f 5306 5464 5436
f 5463 5465 5462
f 5305 5462 5465
f 5466 5305 5465
f 5307 5305 5466
f 5308 5464 5306
f 5308 5467 5464
f 5466 5309 5307
f 5468 5309 5466
f 5310 5467 5308
f 5310 5469 5467
f 5468 5311 5309
f 5470 5311 5468
f 5312 5469 5310
f 5312 5471 5469
f 5474 5473 5472
f 5470 5474 5472
f 5313 5470 5472
f 5311 5470 5313
f 5314 5471 5312
f 5314 5475 5471
f 5472 5473 5476
f 5476 5473 5477
f 5476 5315 5313
f 5476 5313 5472
f 5316 5475 5314
f 5316 5478 5475
f 5477 5479 5476
f 5315 5476 5479
f 5480 5315 5479
f 5317 5315 5480
f 5318 5478 5316
f 5318 5481 5478
f 5480 5319 5317
f 5482 5319 5480
f 5320 5481 5318
f 5320 5483 5481
f 5486 5485 5484
f 5482 5486 5484
f 5321 5482 5484
f 5319 5482 5321
f 5322 5483 5320
f 5322 5487 5483
f 5485 5488 5484
f 5321 5484 5488
f 5489 5321 5488
f 5323 5321 5489
f 5324 5487 5322
f 5324 5490 5487
f 5493 5492 5491
f 5489 5493 5491
f 5325 5489 5491
f 5323 5489 5325
f 5327 5490 5324
f 5327 5494 5490
f 5492 5495 5491
f 5325 5491 5495
f 5496 5325 5495
f 5328 5325 5496
f 5498 5497 5329
f 5498 5329 5330
f 5331 5329 5497
f 5331 5497 5499
f 5501 5500 5332
f 5501 5332 5333
f 5332 5502 5334
f 5500 5502 5332
f 5334 5503 5335
f 5502 5503 5334
f 5335 5504 5336
f 5503 5504 5335
f 5336 5505 5337
f 5504 5505 5336
f 5327 5337 5494
f 5494 5337 5505
f 5496 5338 5328
f 5506 5338 5496
f 5339 5498 5330
f 5339 5507 5498
f 5499 5508 5331
f 5331 5508 5340
f 5340 5509 5341
f 5508 5509 5340
f 5333 5341 5501
f 5501 5341 5509
f 5506 5342 5338
f 5510 5342 5506
f 5343 5507 5339
f 5343 5511 5507
f 5510 5344 5342
f 5512 5344 5510
f 5345 5511 5343
f 5345 5513 5511
f 5516 5515 5514
f 5512 5516 5514
f 5346 5512 5514
f 5344 5512 5346
f 5347 5513 5345
f 5347 5517 5513
f 5515 5518 5514
f 5346 5514 5518
f 5519 5346 5518
f 5348 5346 5519
f 5349 5517 5347
f 5349 5520 5517
f 5519 5350 5348
f 5521 5350 5519
f 5351 5520 5349
f 5351 5522 5520
f 5525 5524 5523
f 5521 5525 5523
f 5352 5521 5523
f 5350 5521 5352
f 5353 5522 5351
f 5353 5526 5522
f 5523 5524 5527
f 5527 5524 5528
f 5527 5354 5352
f 5527 5352 5523
f 5355 5526 5353
f 5355 5529 5526
f 5527 5528 5530
f 5530 5528 5531
f 5530 5356 5354
f 5530 5354 5527
f 5357 5529 5355
f 5357 5532 5529
f 5530 5531 5533
f 5533 5531 5534
f 5533 5358 5356
f 5533 5356 5530
f 5359 5532 5357
f 5359 5535 5532
f 5533 5534 5536
f 5536 5534 5537
f 5536 5360 5358
f 5536 5358 5533
f 5361 5535 5359
f 5361 5538 5535
f 5536 5537 5539
f 5539 5537 5540
f 5539 5362 5360
f 5539 5360 5536
f 5363 5538 5361
f 5363 5541 5538
f 5540 5542 5539
f 5362 5539 5542
f 5543 5362 5542
f 5364 5362 5543
f 5365 5541 5363
f 5365 5544 5541
f 5543 5366 5364
f 5545 5366 5543
f 5367 5544 5365
f 5367 5546 5544
f 5549 5548 5547
f 5545 5549 5547
f 5368 5545 5547
f 5366 5545 5368
f 5369 5546 5367
f 5369 5550 5546
f 5553 5552 5551
f 5555 5554 5551
f 5551 5554 5553
f 5555 5556 5554
f 5548 5557 5547
f 5368 5547 5557
f 5558 5368 5557
f 5370 5368 5558
f 5371 5550 5369
f 5371 5559 5550
f 5551 5552 5373
f 5552 5372 5373
f 5552 5560 5372
f 5551 5373 5374
f 5551 5374 5555
f 5374 5375 5555
f 5375 5556 5555
f 5375 5561 5556
f 5558 5376 5370
f 5562 5376 5558
f 5377 5559 5371
f 5377 5563 5559
f 5560 5378 5372
f 5564 5378 5560
f 5565 5561 5375
f 5565 5375 5379
f 5566 5379 5380
f 5566 5565 5379
f 5567 5380 5382
f 5567 5566 5380
f 5568 5382 5383
f 5568 5567 5382
f 5569 5383 5384
f 5569 5568 5383
f 5384 5386 5569
f 5569 5386 5570
f 5562 5387 5376
f 5571 5387 5562
f 5572 5563 5377
f 5572 5377 5388
f 5388 5378 5564
f 5388 5564 5572
f 5390 5570 5386
f 5390 5573 5570
f 5571 5391 5387
f 5574 5391 5571
f 5392 5573 5390
f 5392 5575 5573
f 5578 5577 5576
f 5574 5578 5576
f 5393 5574 5576
f 5391 5574 5393
f 5394 5575 5392
f 5394 5579 5575
f 5577 5580 5576
f 5393 5576 5580
f 5581 5393 5580
f 5395 5393 5581
f 5396 5579 5394
f 5396 5582 5579
f 5581 5397 5395
f 5583 5397 5581
f 5398 5582 5396
f 5398 5584 5582
f 5583 5399 5397
f 5585 5399 5583
f 5400 5584 5398
f 5400 5586 5584
f 5585 5401 5399
f 5587 5401 5585
f 5402 5586 5400
f 5402 5588 5586
f 5591 5590 5589
f 5587 5591 5589
f 5403 5587 5589
f 5401 5587 5403
f 5404 5588 5402
f 5404 5592 5588
f 5590 5593 5589
f 5403 5589 5593
f 5594 5403 5593
f 5405 5403 5594
f 5406 5592 5404
f 5406 5595 5592
f 5598 5597 5596
f 5594 5598 5596
f 5407 5594 5596
f 5405 5594 5407
f 5599 5595 5406
f 5599 5406 5408
f 5600 5408 5409
f 5600 5599 5408
f 5601 5409 5410
f 5601 5600 5409
f 5602 5410 5411
f 5602 5601 5410
f 5603 5411 5412
f 5603 5602 5411
f 5604 5412 5413
f 5604 5603 5412
f 5605 5413 5414
f 5605 5604 5413
f 5606 5414 5415
f 5606 5605 5414
f 5607 5415 5416
f 5607 5606 5415
f 5608 5416 5417
f 5608 5607 5416
f 5609 5417 5418
f 5609 5608 5417
f 5610 5418 5419
f 5610 5609 5418
f 5611 5419 5420
f 5611 5610 5419
f 5612 5420 5421
f 5612 5611 5420
f 5613 5421 5422
f 5613 5612 5421
f 5614 5422 5423
f 5614 5613 5422
f 5615 5423 5424
f 5615 5614 5423
f 5616 5424 5425
f 5616 5615 5424
f 5617 5425 5426
f 5617 5616 5425
f 5618 5426 5427
f 5618 5617 5426
f 5619 5427 5428
f 5619 5618 5427
f 5620 5428 5429
f 5620 5619 5428
f 5621 5429 5430
f 5621 5620 5429
f 5622 5430 5431
f 5622 5621 5430
f 5623 5431 5432
f 5623 5622 5431
f 5624 5432 5433
f 5624 5623 5432
f 5434 5596 5597
f 5624 5434 5597
f 5433 5434 5624
f 5596 5434 5407
f 5626 5625 5435
f 5626 5435 5436
f 5435 5627 5437
f 5625 5627 5435
f 5627 5629 5628
f 5438 5627 5628
f 5437 5627 5438
f 5630 5439 5438
f 5630 5438 5628
f 5631 5440 5439
f 5631 5439 5630
f 5632 5441 5440
f 5632 5440 5631
f 5441 5632 5633
f 5634 5441 5633
f 5442 5441 5634
f 5634 5636 5635
f 5443 5634 5635
f 5442 5634 5443
f 5443 5635 5637
f 5638 5443 5637
f 5444 5443 5638
f 5444 5639 5445
f 5638 5639 5444
f 5445 5640 5446
f 5639 5640 5445
f 5446 5641 5447
f 5640 5641 5446
f 5641 5643 5642
f 5448 5641 5642
f 5447 5641 5448
f 5644 5449 5448
f 5644 5448 5642
f 5645 5450 5449
f 5645 5449 5644
f 5450 5645 5646
f 5647 5450 5646
f 5451 5450 5647
f 5647 5649 5648
f 5452 5647 5648
f 5451 5647 5452
f 5452 5648 5650
f 5651 5452 5650
f 5453 5452 5651
f 5453 5652 5454
f 5651 5652 5453
f 5652 5654 5653
f 5455 5652 5653
f 5454 5652 5455
f 5655 5456 5455
f 5655 5455 5653
f 5456 5655 5656
f 5657 5456 5656
f 5457 5456 5657
f 5657 5659 5658
f 5458 5657 5658
f 5457 5657 5458
f 5660 5459 5458
f 5660 5458 5658
f 5459 5660 5661
f 5662 5459 5661
f 5460 5459 5662
f 5460 5663 5461
f 5662 5663 5460
f 5463 5461 5663
f 5463 5663 5664
f 5464 5626 5436
f 5464 5665 5626
f 5629 5666 5628
f 5628 5666 5630
f 5630 5666 5667
f 5630 5667 5631
f 5631 5667 5668
f 5631 5668 5632
f 5632 5668 5669
f 5632 5669 5633
f 5636 5670 5635
f 5635 5670 5637
f 5643 5671 5642
f 5642 5671 5644
f 5644 5671 5672
f 5644 5672 5645
f 5645 5672 5673
f 5645 5673 5646
f 5649 5674 5648
f 5648 5674 5650
f 5654 5675 5653
f 5653 5675 5655
f 5655 5675 5676
f 5655 5676 5656
f 5659 5677 5658
f 5658 5677 5660
f 5660 5677 5678
f 5660 5678 5661
f 5465 5463 5679
f 5463 5680 5679
f 5463 5664 5680
f 5679 5466 5465
f 5467 5665 5464
f 5467 5681 5665
f 5679 5680 5682
f 5682 5680 5683
f 5682 5468 5466
f 5682 5466 5679
f 5469 5681 5467
f 5469 5684 5681
f 5682 5683 5685
f 5685 5683 5686
f 5685 5470 5468
f 5685 5468 5682
f 5471 5684 5469
f 5471 5687 5684
f 5685 5686 5474
f 5686 5473 5474
f 5686 5688 5473
f 5685 5474 5470
f 5475 5687 5471
f 5475 5689 5687
f 5688 5477 5473
f 5690 5477 5688
f 5478 5689 5475
f 5478 5691 5689
f 5479 5477 5692
f 5477 5693 5692
f 5477 5690 5693
f 5692 5480 5479
f 5481 5691 5478
f 5481 5694 5691
f 5692 5693 5695
f 5695 5693 5696
f 5695 5482 5480
f 5695 5480 5692
f 5483 5694 5481
f 5483 5697 5694
f 5695 5696 5486
f 5696 5485 5486
f 5696 5698 5485
f 5695 5486 5482
f 5487 5697 5483
f 5487 5699 5697
f 5488 5485 5700
f 5485 5701 5700
f 5485 5698 5701
f 5700 5489 5488
f 5490 5699 5487
f 5490 5702 5699
f 5700 5701 5493
f 5701 5492 5493
f 5701 5703 5492
f 5700 5493 5489
f 5494 5702 5490
f 5494 5704 5702
f 5495 5492 5705
f 5492 5706 5705
f 5492 5703 5706
f 5705 5496 5495
f 5498 5707 5497
f 5707 5499 5497
f 5709 5708 5500
f 5709 5500 5501
f 5500 5710 5502
f 5708 5710 5500
f 5502 5711 5503
f 5710 5711 5502
f 5503 5712 5504
f 5711 5712 5503
f 5504 5713 5505
f 5712 5713 5504
f 5494 5505 5704
f 5704 5505 5713
f 5705 5706 5714
f 5714 5706 5715
f 5714 5506 5496
f 5714 5496 5705
f 5717 5716 5707
f 5498 5717 5707
f 5507 5717 5498
f 5716 5719 5718
f 5716 5718 5508
f 5707 5716 5508
f 5499 5707 5508
f 5720 5509 5508
f 5720 5508 5718
f 5720 5721 5509
f 5721 5501 5509
f 5721 5709 5501
f 5714 5715 5722
f 5722 5715 5723
f 5722 5510 5506
f 5722 5506 5714
f 5511 5717 5507
f 5511 5724 5717
f 5718 5719 5725
f 5725 5719 5726
f 5728 5720 5727
f 5720 5725 5727
f 5720 5718 5725
f 5720 5728 5721
f 5722 5723 5729
f 5729 5723 5730
f 5729 5512 5510
f 5729 5510 5722
f 5513 5724 5511
f 5513 5731 5724
f 5726 5732 5725
f 5725 5732 5727
f 5729 5730 5516
f 5730 5515 5516
f 5730 5733 5515
f 5729 5516 5512
f 5517 5731 5513
f 5517 5734 5731
f 5518 5515 5735
f 5515 5736 5735
f 5515 5733 5736
f 5735 5519 5518
f 5520 5734 5517
f 5520 5737 5734
f 5735 5736 5738
f 5738 5736 5739
f 5738 5521 5519
f 5738 5519 5735
f 5522 5737 5520
f 5522 5740 5737
f 5738 5739 5525
f 5739 5524 5525
f 5739 5741 5524
f 5738 5525 5521
f 5526 5740 5522
f 5526 5742 5740
f 5741 5528 5524
f 5743 5528 5741
f 5529 5742 5526
f 5529 5744 5742
f 5743 5531 5528
f 5745 5531 5743
f 5532 5744 5529
f 5532 5746 5744
f 5745 5534 5531
f 5747 5534 5745
f 5535 5746 5532
f 5535 5748 5746
f 5747 5537 5534
f 5749 5537 5747
f 5538 5748 5535
f 5538 5750 5748
f 5749 5540 5537
f 5751 5540 5749
f 5541 5750 5538
f 5541 5752 5750
f 5542 5540 5753
f 5540 5754 5753
f 5540 5751 5754
f 5753 5543 5542
f 5544 5752 5541
f 5544 5755 5752
f 5753 5754 5756
f 5756 5754 5757
f 5756 5545 5543
f 5756 5543 5753
f 5546 5755 5544
f 5546 5758 5755
f 5761 5760 5759
f 5763 5762 5759
f 5759 5762 5761
f 5763 5764 5762
f 5756 5757 5549
f 5757 5548 5549
f 5757 5765 5548
f 5756 5549 5545
f 5550 5758 5546
f 5550 5766 5758
f 5759 5760 5553
f 5760 5552 5553
f 5760 5767 5552
f 5759 5553 5554
f 5759 5554 5763
f 5554 5556 5763
f 5556 5764 5763
f 5556 5768 5764
f 5557 5548 5769
f 5548 5770 5769
f 5548 5765 5770
f 5769 5558 5557
f 5559 5766 5550
f 5559 5771 5766
f 5767 5560 5552
f 5772 5560 5767
f 5561 5768 5556
f 5561 5773 5768
f 5769 5770 5774
f 5774 5770 5775
f 5774 5562 5558
f 5774 5558 5769
f 5563 5777 5776
f 5771 5563 5776
f 5559 5563 5771
f 5772 5776 5777
f 5564 5772 5777
f 5560 5772 5564
f 5778 5773 5561
f 5778 5561 5565
f 5780 5778 5779
f 5778 5566 5779
f 5778 5565 5566
f 5779 5566 5781
f 5566 5782 5781
f 5566 5567 5782
f 5783 5567 5568
f 5783 5782 5567
f 5784 5568 5569
f 5784 5783 5568
f 5569 5570 5784
f 5784 5570 5785
f 5774 5775 5786
f 5786 5775 5787
f 5786 5571 5562
f 5786 5562 5774
f 5572 5777 5563
f 5777 5572 5564
f 5788 5780 5779
f 5788 5779 5781
f 5573 5785 5570
f 5573 5789 5785
f 5786 5787 5790
f 5790 5787 5791
f 5790 5574 5571
f 5790 5571 5786
f 5575 5789 5573
f 5575 5792 5789
f 5790 5791 5578
f 5791 5577 5578
f 5791 5793 5577
f 5790 5578 5574
f 5579 5792 5575
f 5579 5794 5792
f 5580 5577 5795
f 5577 5796 5795
f 5577 5793 5796
f 5795 5581 5580
f 5582 5794 5579
f 5582 5797 5794
f 5795 5796 5798
f 5798 5796 5799
f 5798 5583 5581
f 5798 5581 5795
f 5584 5797 5582
f 5584 5800 5797
f 5798 5799 5801
f 5801 5799 5802
f 5801 5585 5583
f 5801 5583 5798
f 5586 5800 5584
f 5586 5803 5800
f 5801 5802 5804
f 5804 5802 5805
f 5804 5587 5585
f 5804 5585 5801
f 5588 5803 5586
f 5588 5806 5803
f 5804 5805 5591
f 5805 5590 5591
f 5805 5807 5590
f 5804 5591 5587
f 5592 5806 5588
f 5592 5808 5806
f 5593 5590 5809
f 5590 5810 5809
f 5590 5807 5810
f 5809 5594 5593
f 5595 5808 5592
f 5595 5811 5808
f 5814 5813 5812
f 5812 5815 5814
f 5818 5817 5816
f 5816 5819 5818
f 5822 5821 5820
f 5820 5823 5822
f 5826 5825 5824
f 5824 5827 5826
f 5830 5829 5828
f 5828 5831 5830
f 5809 5810 5598
f 5810 5597 5598
f 5810 5832 5597
f 5809 5598 5594
f 5833 5811 5595
f 5833 5595 5599
f 5600 5812 5813
f 5833 5600 5813
f 5599 5600 5833
f 5834 5815 5812
f 5600 5834 5812
f 5601 5834 5600
f 5602 5816 5817
f 5834 5602 5817
f 5601 5602 5834
f 5835 5819 5816
f 5602 5835 5816
f 5603 5835 5602
f 5836 5603 5604
f 5836 5835 5603
f 5837 5604 5605
f 5837 5836 5604
f 5838 5605 5606
f 5838 5837 5605
f 5839 5606 5607
f 5839 5838 5606
f 5840 5607 5608
f 5840 5839 5607
f 5609 5820 5821
f 5840 5609 5821
f 5608 5609 5840
f 5841 5823 5820
f 5609 5841 5820
f 5610 5841 5609
f 5842 5610 5611
f 5842 5841 5610
f 5843 5611 5612
f 5843 5842 5611
f 5613 5824 5825
f 5843 5613 5825
f 5612 5613 5843
f 5844 5827 5824
f 5613 5844 5824
f 5614 5844 5613
f 5845 5614 5615
f 5845 5844 5614
f 5846 5615 5616
f 5846 5845 5615
f 5847 5616 5617
f 5847 5846 5616
f 5848 5617 5618
f 5848 5847 5617
f 5619 5828 5829
f 5848 5619 5829
f 5618 5619 5848
f 5849 5831 5828
f 5619 5849 5828
f 5620 5849 5619
f 5850 5620 5621
f 5850 5849 5620
f 5851 5621 5622
f 5851 5850 5621
f 5852 5622 5623
f 5852 5851 5622
f 5853 5623 5624
f 5853 5852 5623
f 5624 5597 5832
f 5624 5832 5853
f 5626 5854 5625
f 5855 5627 5625
f 5855 5625 5854
f 5855 5629 5627
f 5633 5856 5634
f 5636 5634 5856
f 5859 5858 5857
f 5860 5638 5637
f 5861 5859 5857
f 5862 5639 5638
f 5862 5638 5860
f 5863 5640 5639
f 5863 5639 5862
f 5640 5863 5864
f 5865 5640 5864
f 5641 5640 5865
f 5643 5641 5865
f 5643 5865 5866
f 5868 5867 5647
f 5868 5647 5646
f 5649 5647 5867
f 5649 5867 5869
f 5650 5870 5651
f 5871 5652 5651
f 5871 5651 5870
f 5654 5652 5871
f 5874 5873 5872
f 5876 5875 5874
f 5876 5874 5872
f 5876 5656 5875
f 5876 5657 5656
f 5876 5878 5877
f 5657 5876 5877
f 5877 5659 5657
f 5880 5879 5662
f 5880 5662 5661
f 5879 5882 5881
f 5663 5879 5881
f 5662 5879 5663
f 5881 5664 5663
f 5884 5883 5854
f 5626 5884 5854
f 5665 5884 5626
f 5854 5883 5855
f 5855 5883 5885
f 5855 5885 5629
f 5885 5666 5629
f 5885 5886 5666
f 5666 5887 5667
f 5886 5887 5666
f 5667 5888 5668
f 5887 5888 5667
f 5668 5889 5669
f 5888 5889 5668
f 5633 5669 5856
f 5669 5890 5856
f 5669 5889 5890
f 5858 5859 5890
f 5859 5670 5890
f 5636 5856 5890
f 5636 5890 5670
f 5859 5861 5670
f 5861 5891 5670
f 5860 5637 5670
f 5860 5670 5891
f 5860 5891 5862
f 5862 5891 5892
f 5862 5892 5863
f 5863 5892 5893
f 5863 5893 5864
f 5866 5894 5643
f 5643 5894 5671
f 5671 5895 5672
f 5894 5895 5671
f 5672 5896 5673
f 5895 5896 5672
f 5646 5673 5868
f 5868 5673 5896
f 5869 5897 5649
f 5649 5897 5674
f 5650 5674 5870
f 5674 5898 5870
f 5674 5897 5898
f 5870 5898 5871
f 5871 5898 5899
f 5873 5874 5899
f 5874 5675 5899
f 5654 5871 5899
f 5654 5899 5675
f 5675 5874 5676
f 5676 5874 5875
f 5878 5900 5877
f 5676 5875 5656
f 5877 5900 5659
f 5900 5677 5659
f 5900 5901 5677
f 5677 5902 5678
f 5901 5902 5677
f 5661 5678 5880
f 5880 5678 5902
f 5882 5903 5881
f 5664 5881 5903
f 5904 5664 5903
f 5680 5664 5904
f 5681 5884 5665
f 5681 5905 5884
f 5904 5683 5680
f 5906 5683 5904
f 5684 5905 5681
f 5684 5907 5905
f 5906 5686 5683
f 5908 5686 5906
f 5687 5907 5684
f 5687 5909 5907
f 5908 5688 5686
f 5910 5688 5908
f 5689 5909 5687
f 5689 5911 5909
f 5910 5690 5688
f 5912 5690 5910
f 5691 5911 5689
f 5691 5913 5911
f 5912 5693 5690
f 5914 5693 5912
f 5694 5913 5691
f 5694 5915 5913
f 5914 5696 5693
f 5916 5696 5914
f 5697 5915 5694
f 5697 5917 5915
f 5916 5698 5696
f 5918 5698 5916
f 5699 5917 5697
f 5699 5919 5917
f 5918 5701 5698
f 5920 5701 5918
f 5702 5919 5699
f 5702 5921 5919
f 5920 5703 5701
f 5922 5703 5920
f 5704 5921 5702
f 5704 5923 5921
f 5922 5706 5703
f 5924 5706 5922
f 5926 5925 5708
f 5926 5708 5709
f 5708 5927 5710
f 5925 5927 5708
f 5710 5928 5711
f 5927 5928 5710
f 5711 5929 5712
f 5928 5929 5711
f 5712 5930 5713
f 5929 5930 5712
f 5704 5713 5923
f 5923 5713 5930
f 5924 5715 5706
f 5931 5715 5924
f 5717 5932 5716
f 5932 5719 5716
f 5721 5926 5709
f 5721 5933 5926
f 5931 5723 5715
f 5934 5723 5931
f 5936 5935 5932
f 5717 5936 5932
f 5724 5936 5717
f 5719 5932 5935
f 5937 5719 5935
f 5726 5719 5937
f 5727 5938 5728
f 5938 5939 5728
f 5939 5721 5728
f 5939 5933 5721
f 5934 5730 5723
f 5940 5730 5934
f 5731 5936 5724
f 5731 5941 5936
f 5937 5942 5726
f 5726 5942 5732
f 5727 5732 5938
f 5732 5943 5938
f 5732 5942 5943
f 5938 5943 5939
f 5940 5733 5730
f 5944 5733 5940
f 5734 5941 5731
f 5734 5945 5941
f 5944 5736 5733
f 5946 5736 5944
f 5737 5945 5734
f 5737 5947 5945
f 5946 5739 5736
f 5948 5739 5946
f 5740 5947 5737
f 5740 5949 5947
f 5948 5741 5739
f 5950 5741 5948
f 5742 5949 5740
f 5742 5951 5949
f 5950 5743 5741
f 5952 5743 5950
f 5744 5951 5742
f 5744 5953 5951
f 5952 5745 5743
f 5954 5745 5952
f 5746 5953 5744
f 5746 5955 5953
f 5954 5747 5745
f 5956 5747 5954
f 5748 5955 5746
f 5748 5957 5955
f 5956 5749 5747
f 5958 5749 5956
f 5750 5957 5748
f 5750 5959 5957
f 5958 5751 5749
f 5960 5751 5958
f 5752 5959 5750
f 5752 5961 5959
f 5960 5754 5751
f 5962 5754 5960
f 5755 5961 5752
f 5755 5963 5961
f 5966 5965 5964
f 5968 5967 5964
f 5964 5967 5966
f 5968 5969 5967
f 5962 5757 5754
f 5970 5757 5962
f 5758 5963 5755
f 5758 5971 5963
f 5964 5965 5761
f 5965 5760 5761
f 5965 5972 5760
f 5964 5761 5762
f 5964 5762 5968
f 5762 5764 5968
f 5764 5969 5968
f 5764 5973 5969
f 5970 5765 5757
f 5974 5765 5970
f 5766 5971 5758
f 5766 5975 5971
f 5972 5767 5760
f 5976 5767 5972
f 5768 5973 5764
f 5768 5977 5973
f 5974 5770 5765
f 5978 5770 5974
f 5771 5980 5979
f 5975 5771 5979
f 5766 5771 5975
f 5976 5979 5980
f 5772 5976 5980
f 5767 5976 5772
f 5773 5977 5768
f 5773 5981 5977
f 5978 5775 5770
f 5982 5775 5978
f 5776 5980 5771
f 5980 5776 5772
f 5983 5981 5773
f 5983 5773 5778
f 5778 5780 5983
f 5983 5780 5984
f 5986 5985 5782
f 5782 5985 5781
f 5987 5782 5783
f 5987 5986 5782
f 5989 5987 5988
f 5987 5784 5988
f 5987 5783 5784
f 5785 5988 5784
f 5982 5787 5775
f 5990 5787 5982
f 5991 5984 5780
f 5991 5780 5788
f 5788 5781 5985
f 5788 5985 5991
f 5992 5989 5988
f 5988 5785 5992
f 5785 5993 5992
f 5785 5789 5993
f 5990 5791 5787
f 5994 5791 5990
f 5792 5993 5789
f 5792 5995 5993
f 5994 5793 5791
f 5996 5793 5994
f 5794 5995 5792
f 5794 5997 5995
f 5996 5796 5793
f 5998 5796 5996
f 5797 5997 5794
f 5797 5999 5997
f 5998 5799 5796
f 6000 5799 5998
f 5800 5999 5797
f 5800 6001 5999
f 6000 5802 5799
f 6002 5802 6000
f 5803 6001 5800
f 5803 6003 6001
f 6002 5805 5802
f 6004 5805 6002
f 5806 6003 5803
f 5806 6005 6003
f 6004 5807 5805
f 6006 5807 6004
f 5808 6005 5806
f 5808 6007 6005
f 6006 5810 5807
f 6008 5810 6006
f 5811 6007 5808
f 5811 6009 6007
f 6011 6010 5814
f 5814 6010 5813
f 6013 6012 5815
f 6012 5814 5815
f 6012 6011 5814
f 5817 5818 6013
f 5818 6012 6013
f 5818 6014 6012
f 6016 6015 5819
f 6015 5818 5819
f 6015 6014 5818
f 6018 6017 6016
f 6016 6017 6015
f 6020 6019 6018
f 6018 6019 6017
f 6022 6021 6020
f 6020 6021 6019
f 6024 6023 6022
f 6022 6023 6021
f 6024 6025 6023
f 6027 6026 5822
f 5822 6026 5821
f 6029 6028 5823
f 6028 5822 5823
f 6028 6027 5822
f 6031 6030 6029
f 6029 6030 6028
f 6033 6032 6031
f 6031 6032 6030
f 5825 5826 6033
f 5826 6032 6033
f 5826 6034 6032
f 6036 6035 5827
f 6035 5826 5827
f 6035 6034 5826
f 6038 6037 6036
f 6036 6037 6035
f 6040 6039 6038
f 6038 6039 6037
f 6042 6041 6040
f 6040 6041 6039
f 6044 6043 6042
f 6042 6043 6041
f 5829 5830 6044
f 5830 6043 6044
f 5830 6045 6043
f 6047 6046 5831
f 6046 5830 5831
f 6046 6045 5830
f 6049 6048 6047
f 6047 6048 6046
f 6051 6050 6049
f 6049 6050 6048
f 6053 6052 6051
f 6051 6052 6050
f 6055 6054 6053
f 6053 6054 6052
f 6008 6054 6055
f 5832 6008 6055
f 5810 6008 5832
f 6056 6009 5811
f 6056 5811 5833
f 5833 5813 6010
f 5833 6010 6056
f 5834 6013 5815
f 6013 5834 5817
f 5835 6016 5819
f 6016 5835 5836
f 6016 5836 6018
f 6018 5836 5837
f 6018 5837 6020
f 6020 5837 5838
f 6020 5838 6022
f 6022 5838 5839
f 6022 5839 6024
f 6057 6025 6024
f 5839 6057 6024
f 5840 6057 5839
f 5840 5821 6026
f 5840 6026 6057
f 5841 6029 5823
f 6029 5841 5842
f 6029 5842 6031
f 6031 5842 5843
f 6031 5843 6033
f 6033 5843 5825
f 5844 6036 5827
f 6036 5844 5845
f 6036 5845 6038
f 6038 5845 5846
f 6038 5846 6040
f 6040 5846 5847
f 6040 5847 6042
f 6042 5847 5848
f 6042 5848 6044
f 6044 5848 5829
f 5849 6047 5831
f 6047 5849 5850
f 6047 5850 6049
f 6049 5850 5851
f 6049 5851 6051
f 6051 5851 5852
f 6051 5852 6053
f 6053 5852 5853
f 6053 5853 6055
f 6055 5853 5832
f 6060 6059 6058
f 6062 6061 6058
f 6062 6058 6059
f 6063 6061 6062
f 6066 6065 6064
f 6067 5857 5858
f 6068 6064 6065
f 6067 5861 5857
f 5864 6069 5865
f 5866 5865 6069
f 6072 6071 6070
f 6073 6072 6070
f 6076 6075 6074
f 6077 5867 5868
f 6078 6074 6075
f 6077 5869 5867
f 5873 6079 5872
f 6080 5876 5872
f 6080 5872 6079
f 6080 5878 5876
f 6083 6082 6081
f 6084 6081 6082
f 6086 6085 5879
f 6086 5879 5880
f 5882 5879 6085
f 5882 6085 6087
f 6089 6088 5883
f 6089 5883 5884
f 6058 5885 6060
f 5885 6088 6060
f 5885 5883 6088
f 5885 6058 5886
f 5886 6058 6061
f 6063 6090 6061
f 6090 5886 6061
f 6090 5887 5886
f 5887 6091 5888
f 6090 6091 5887
f 5888 6092 5889
f 6091 6092 5888
f 6064 5890 6066
f 5890 6092 6066
f 5890 5889 6092
f 6064 6068 5890
f 6068 6093 5890
f 6067 5858 5890
f 6067 5890 6093
f 6067 6093 5861
f 6093 5891 5861
f 6093 6094 5891
f 5891 6095 5892
f 6094 6095 5891
f 5892 6096 5893
f 6095 6096 5892
f 5864 5893 6069
f 5893 6097 6069
f 5893 6096 6097
f 6071 6072 6097
f 6072 5894 6097
f 5866 6069 6097
f 5866 6097 5894
f 6073 6098 6072
f 6098 5894 6072
f 6098 5895 5894
f 6074 5896 6076
f 5896 6098 6076
f 5896 5895 6098
f 6074 6078 5896
f 6078 6099 5896
f 6077 5868 5896
f 6077 5896 6099
f 6077 6099 5869
f 6099 5897 5869
f 6099 6100 5897
f 5897 6101 5898
f 6100 6101 5897
f 5898 6102 5899
f 6101 6102 5898
f 5873 5899 6079
f 5899 6103 6079
f 5899 6102 6103
f 6079 6103 6080
f 6080 6103 6104
f 6080 6104 5878
f 6104 5900 5878
f 6104 6105 5900
f 6081 5901 6083
f 5901 6105 6083
f 5901 5900 6105
f 6084 6106 6081
f 6106 5901 6081
f 6106 5902 5901
f 5880 5902 6086
f 6086 5902 6106
f 6087 6107 5882
f 5882 6107 5903
f 5904 5903 6107
f 5904 6107 6108
f 5905 6089 5884
f 5905 6109 6089
f 6108 5906 5904
f 6110 5906 6108
f 5907 6109 5905
f 5907 6111 6109
f 6110 5908 5906
f 6112 5908 6110
f 5909 6111 5907
f 5909 6113 6111
f 6112 5910 5908
f 6114 5910 6112
f 5911 6113 5909
f 5911 6115 6113
f 6114 5912 5910
f 6116 5912 6114
f 5913 6115 5911
f 5913 6117 6115
f 6116 5914 5912
f 6118 5914 6116
f 5915 6117 5913
f 5915 6119 6117
f 6118 5916 5914
f 6120 5916 6118
f 5917 6119 5915
f 5917 6121 6119
f 6120 5918 5916
f 6122 5918 6120
f 5919 6121 5917
f 5919 6123 6121
f 6122 5920 5918
f 6124 5920 6122
f 5921 6123 5919
f 5921 6125 6123
f 6124 5922 5920
f 6126 5922 6124
f 5923 6125 5921
f 5923 6127 6125
f 6126 5924 5922
f 6128 5924 6126
f 6130 6129 5925
f 6130 5925 5926
f 5925 6131 5927
f 6129 6131 5925
f 5927 6132 5928
f 6131 6132 5927
f 5928 6133 5929
f 6132 6133 5928
f 5929 6134 5930
f 6133 6134 5929
f 5923 5930 6127
f 6127 5930 6134
f 6128 5931 5924
f 6135 5931 6128
f 5933 6130 5926
f 5933 6136 6130
f 6135 5934 5931
f 6137 5934 6135
f 5936 6138 5935
f 6138 5937 5935
f 5939 6136 5933
f 5939 6139 6136
f 6137 5940 5934
f 6140 5940 6137
f 6142 6141 6138
f 5936 6142 6138
f 5941 6142 5936
f 6141 6144 6143
f 6141 6143 5942
f 6138 6141 5942
f 5937 6138 5942
f 6145 5943 5942
f 6145 5942 6143
f 6145 6146 5943
f 6146 5939 5943
f 6146 6139 5939
f 6140 5944 5940
f 6147 5944 6140
f 5945 6142 5941
f 5945 6148 6142
f 6143 6144 6149
f 6149 6144 6150
f 6143 6151 6145
f 6143 6149 6151
f 6146 6145 6152
f 6152 6145 6151
f 6147 5946 5944
f 6153 5946 6147
f 5947 6148 5945
f 5947 6154 6148
f 6150 6155 6149
f 6149 6155 6151
f 6151 6155 6156
f 6151 6156 6152
f 6153 5948 5946
f 6157 5948 6153
f 5949 6154 5947
f 5949 6158 6154
f 6157 5950 5948
f 6159 5950 6157
f 5951 6158 5949
f 5951 6160 6158
f 6159 5952 5950
f 6161 5952 6159
f 5953 6160 5951
f 5953 6162 6160
f 6161 5954 5952
f 6163 5954 6161
f 5955 6162 5953
f 5955 6164 6162
f 6163 5956 5954
f 6165 5956 6163
f 5957 6164 5955
f 5957 6166 6164
f 6165 5958 5956
f 6167 5958 6165
f 5959 6166 5957
f 5959 6168 6166
f 6171 6170 6169
f 6173 6172 6169
f 6169 6172 6171
f 6173 6174 6172
f 6167 5960 5958
f 6175 5960 6167
f 5961 6168 5959
f 5961 6176 6168
f 6169 6170 6177
f 6177 6170 6178
f 6169 6179 6173
f 6169 6177 6179
f 6174 6173 6180
f 6180 6173 6179
f 6175 5962 5960
f 6181 5962 6175
f 5963 6176 5961
f 5963 6182 6176
f 6177 6178 5966
f 6178 5965 5966
f 6178 6183 5965
f 6177 5966 5967
f 6177 5967 6179
f 5967 5969 6179
f 5969 6180 6179
f 5969 6184 6180
f 6181 5970 5962
f 6185 5970 6181
f 5971 6182 5963
f 5971 6186 6182
f 6183 5972 5965
f 6187 5972 6183
f 5973 6184 5969
f 5973 6188 6184
f 6185 5974 5970
f 6189 5974 6185
f 5975 6191 6190
f 6186 5975 6190
f 5971 5975 6186
f 6187 6190 6191
f 5976 6187 6191
f 5972 6187 5976
f 5977 6188 5973
f 5977 6192 6188
f 6189 5978 5974
f 6193 5978 6189
f 5979 6191 5975
f 6191 5979 5976
f 5981 6192 5977
f 5981 6194 6192
f 6193 5982 5978
f 6195 5982 6193
f 5981 5983 6196
f 6197 5981 6196
f 6194 5981 6197
f 5984 6196 5983
f 6198 5985 5986
f 6198 5986 6199
f 5986 6200 6199
f 5986 5987 6200
f 5987 5989 6200
f 6200 5989 6201
f 6195 5990 5982
f 6202 5990 6195
f 6203 6197 6196
f 6203 6196 5984
f 5991 6203 5984
f 6204 6203 5991
f 5991 5985 6198
f 6205 5991 6198
f 6204 5991 6205
f 6205 6198 6199
f 6206 6201 5989
f 6206 5989 5992
f 5992 5993 6206
f 6206 5993 6207
f 6202 5994 5990
f 6208 5994 6202
f 5995 6207 5993
f 5995 6209 6207
f 6208 5996 5994
f 6210 5996 6208
f 5997 6209 5995
f 5997 6211 6209
f 6210 5998 5996
f 6212 5998 6210
f 5999 6211 5997
f 5999 6213 6211
f 6212 6000 5998
f 6214 6000 6212
f 6001 6213 5999
f 6001 6215 6213
f 6214 6002 6000
f 6216 6002 6214
f 6003 6215 6001
f 6003 6217 6215
f 6216 6004 6002
f 6218 6004 6216
f 6005 6217 6003
f 6005 6219 6217
f 6218 6006 6004
f 6220 6006 6218
f 6007 6219 6005
f 6007 6221 6219
f 6220 6008 6006
f 6222 6008 6220
f 6009 6224 6223
f 6221 6009 6223
f 6007 6009 6221
f 6010 6011 6224
f 6011 6223 6224
f 6011 6225 6223
f 6226 6011 6012
f 6226 6225 6011
f 6227 6012 6014
f 6227 6226 6012
f 6228 6014 6015
f 6228 6227 6014
f 6229 6015 6017
f 6229 6228 6015
f 6230 6017 6019
f 6230 6229 6017
f 6231 6019 6021
f 6231 6230 6019
f 6232 6021 6023
f 6232 6231 6021
f 6234 6233 6025
f 6233 6023 6025
f 6233 6232 6023
f 6026 6027 6234
f 6027 6233 6234
f 6027 6235 6233
f 6236 6027 6028
f 6236 6235 6027
f 6237 6028 6030
f 6237 6236 6028
f 6238 6030 6032
f 6238 6237 6030
f 6239 6032 6034
f 6239 6238 6032
f 6240 6034 6035
f 6240 6239 6034
f 6241 6035 6037
f 6241 6240 6035
f 6242 6037 6039
f 6242 6241 6037
f 6243 6039 6041
f 6243 6242 6039
f 6244 6041 6043
f 6244 6243 6041
f 6245 6043 6045
f 6245 6244 6043
f 6247 6245 6246
f 6245 6046 6246
f 6245 6045 6046
f 6246 6046 6248
f 6046 6249 6248
f 6046 6048 6249
f 6251 6249 6250
f 6249 6050 6250
f 6249 6048 6050
f 6250 6050 6252
f 6050 6253 6252
f 6050 6052 6253
f 6254 6052 6054
f 6254 6253 6052
f 6054 6008 6222
f 6054 6222 6254
f 6056 6224 6009
f 6224 6056 6010
f 6057 6234 6025
f 6234 6057 6026
f 6255 6247 6246
f 6255 6246 6248
f 6256 6251 6250
f 6256 6250 6252
f 6258 6257 6059
f 6258 6059 6060
f 6257 6260 6259
f 6062 6257 6259
f 6059 6257 6062
f 6259 6063 6062
f 6066 6261 6065
f 6261 6068 6065
f 6071 6262 6070
f 6262 6073 6070
f 6076 6263 6075
f 6263 6078 6075
f 6083 6264 6082
f 6264 6084 6082
f 6086 6265 6085
f 6265 6087 6085
f 6267 6266 6088
f 6267 6088 6089
f 6060 6088 6258
f 6258 6088 6266
f 6260 6268 6259
f 6259 6268 6063
f 6268 6090 6063
f 6268 6269 6090
f 6090 6270 6091
f 6269 6270 6090
f 6091 6271 6092
f 6270 6271 6091
f 6066 6092 6261
f 6092 6272 6261
f 6092 6271 6272
f 6261 6272 6068
f 6272 6093 6068
f 6272 6273 6093
f 6093 6274 6094
f 6273 6274 6093
f 6094 6275 6095
f 6274 6275 6094
f 6095 6276 6096
f 6275 6276 6095
f 6096 6277 6097
f 6276 6277 6096
f 6071 6097 6262
f 6097 6278 6262
f 6097 6277 6278
f 6262 6278 6073
f 6278 6098 6073
f 6278 6279 6098
f 6076 6098 6263
f 6098 6280 6263
f 6098 6279 6280
f 6263 6280 6078
f 6280 6099 6078
f 6280 6281 6099
f 6099 6282 6100
f 6281 6282 6099
f 6100 6283 6101
f 6282 6283 6100
f 6101 6284 6102
f 6283 6284 6101
f 6102 6285 6103
f 6284 6285 6102
f 6103 6286 6104
f 6285 6286 6103
f 6104 6287 6105
f 6286 6287 6104
f 6083 6105 6264
f 6105 6288 6264
f 6105 6287 6288
f 6264 6288 6084
f 6288 6106 6084
f 6288 6289 6106
f 6086 6106 6265
f 6106 6290 6265
f 6106 6289 6290
f 6265 6290 6087
f 6290 6107 6087
f 6290 6291 6107
f 6108 6107 6291
f 6108 6291 6292
f 6109 6267 6089
f 6109 6293 6267
f 6292 6110 6108
f 6294 6110 6292
f 6111 6293 6109
f 6111 6295 6293
f 6294 6112 6110
f 6296 6112 6294
f 6113 6295 6111
f 6113 6297 6295
f 6296 6114 6112
f 6298 6114 6296
f 6115 6297 6113
f 6115 6299 6297
f 6298 6116 6114
f 6300 6116 6298
f 6117 6299 6115
f 6117 6301 6299
f 6300 6118 6116
f 6302 6118 6300
f 6119 6301 6117
f 6119 6303 6301
f 6302 6120 6118
f 6304 6120 6302
f 6121 6303 6119
f 6121 6305 6303
f 6304 6122 6120
f 6306 6122 6304
f 6123 6305 6121
f 6123 6307 6305
f 6306 6124 6122
f 6308 6124 6306
f 6125 6307 6123
f 6125 6309 6307
f 6308 6126 6124
f 6310 6126 6308
f 6127 6309 6125
f 6127 6311 6309
f 6310 6128 6126
f 6312 6128 6310
f 6314 6313 6129
f 6314 6129 6130
f 6129 6315 6131
f 6313 6315 6129
f 6131 6316 6132
f 6315 6316 6131
f 6132 6317 6133
f 6316 6317 6132
f 6133 6318 6134
f 6317 6318 6133
f 6127 6134 6311
f 6311 6134 6318
f 6312 6135 6128
f 6319 6135 6312
f 6136 6314 6130
f 6136 6320 6314
f 6319 6137 6135
f 6321 6137 6319
f 6139 6320 6136
f 6139 6322 6320
f 6321 6140 6137
f 6323 6140 6321
f 6142 6324 6141
f 6324 6144 6141
f 6146 6322 6139
f 6146 6325 6322
f 6323 6147 6140
f 6326 6147 6323
f 6148 6327 6324
f 6148 6324 6142
f 6327 6150 6144
f 6327 6144 6324
f 6152 6325 6146
f 6152 6328 6325
f 6326 6153 6147
f 6329 6153 6326
f 6331 6330 6327
f 6148 6331 6327
f 6154 6331 6148
f 6330 6333 6332
f 6330 6332 6155
f 6327 6330 6155
f 6150 6327 6155
f 6334 6156 6155
f 6334 6155 6332
f 6334 6335 6156
f 6335 6152 6156
f 6335 6328 6152
f 6329 6157 6153
f 6336 6157 6329
f 6158 6331 6154
f 6158 6337 6331
f 6332 6333 6338
f 6338 6333 6339
f 6332 6340 6334
f 6332 6338 6340
f 6335 6334 6341
f 6341 6334 6340
f 6336 6159 6157
f 6342 6159 6336
f 6160 6337 6158
f 6160 6343 6337
f 6338 6339 6344
f 6344 6339 6345
f 6338 6346 6340
f 6338 6344 6346
f 6341 6340 6347
f 6347 6340 6346
f 6342 6161 6159
f 6348 6161 6342
f 6162 6343 6160
f 6162 6349 6343
f 6344 6345 6350
f 6350 6345 6351
f 6344 6352 6346
f 6344 6350 6352
f 6347 6346 6353
f 6353 6346 6352
f 6348 6163 6161
f 6354 6163 6348
f 6164 6349 6162
f 6164 6355 6349
f 6350 6351 6356
f 6356 6351 6357
f 6350 6358 6352
f 6350 6356 6358
f 6353 6352 6359
f 6359 6352 6358
f 6354 6165 6163
f 6360 6165 6354
f 6166 6355 6164
f 6166 6361 6355
f 6356 6357 6362
f 6362 6357 6363
f 6356 6364 6358
f 6356 6362 6364
f 6359 6358 6365
f 6365 6358 6364
f 6360 6167 6165
f 6366 6167 6360
f 6168 6361 6166
f 6168 6367 6361
f 6362 6363 6171
f 6363 6170 6171
f 6363 6368 6170
f 6362 6171 6172
f 6362 6172 6364
f 6172 6174 6364
f 6174 6365 6364
f 6174 6369 6365
f 6366 6175 6167
f 6370 6175 6366
f 6176 6367 6168
f 6176 6371 6367
f 6368 6178 6170
f 6372 6178 6368
f 6180 6369 6174
f 6180 6373 6369
f 6370 6181 6175
f 6374 6181 6370
f 6182 6371 6176
f 6182 6375 6371
f 6372 6183 6178
f 6376 6183 6372
f 6184 6373 6180
f 6184 6377 6373
f 6374 6185 6181
f 6378 6185 6374
f 6186 6380 6379
f 6375 6186 6379
f 6182 6186 6375
f 6376 6379 6380
f 6187 6376 6380
f 6183 6376 6187
f 6188 6377 6184
f 6188 6381 6377
f 6378 6189 6185
f 6382 6189 6378
f 6190 6380 6186
f 6380 6190 6187
f 6192 6381 6188
f 6192 6383 6381
f 6382 6193 6189
f 6384 6193 6382
f 6194 6383 6192
f 6194 6385 6383
f 6384 6195 6193
f 6386 6195 6384
f 6197 6388 6387
f 6385 6197 6387
f 6194 6197 6385
f 6390 6389 6388
f 6388 6389 6387
f 6392 6391 6390
f 6390 6391 6389
f 6199 6200 6392
f 6200 6391 6392
f 6200 6393 6391
f 6200 6201 6393
f 6393 6201 6394
f 6386 6202 6195
f 6395 6202 6386
f 6203 6388 6197
f 6388 6203 6204
f 6388 6204 6390
f 6390 6204 6205
f 6390 6205 6392
f 6392 6205 6199
f 6396 6394 6201
f 6396 6201 6206
f 6206 6207 6396
f 6396 6207 6397
f 6395 6208 6202
f 6398 6208 6395
f 6209 6397 6207
f 6209 6399 6397
f 6398 6210 6208
f 6400 6210 6398
f 6211 6399 6209
f 6211 6401 6399
f 6400 6212 6210
f 6402 6212 6400
f 6213 6401 6211
f 6213 6403 6401
f 6402 6214 6212
f 6404 6214 6402
f 6215 6403 6213
f 6215 6405 6403
f 6404 6216 6214
f 6406 6216 6404
f 6217 6405 6215
f 6217 6407 6405
f 6406 6218 6216
f 6408 6218 6406
f 6219 6407 6217
f 6219 6409 6407
f 6408 6220 6218
f 6410 6220 6408
f 6221 6409 6219
f 6221 6411 6409
f 6410 6222 6220
f 6412 6222 6410
f 6413 6411 6221
f 6413 6221 6223
f 6414 6223 6225
f 6414 6413 6223
f 6415 6225 6226
f 6415 6414 6225
f 6416 6226 6227
f 6416 6415 6226
f 6417 6227 6228
f 6417 6416 6227
f 6418 6228 6229
f 6418 6417 6228
f 6419 6229 6230
f 6419 6418 6229
f 6420 6230 6231
f 6420 6419 6230
f 6421 6231 6232
f 6421 6420 6231
f 6422 6232 6233
f 6422 6421 6232
f 6423 6233 6235
f 6423 6422 6233
f 6424 6235 6236
f 6424 6423 6235
f 6425 6236 6237
f 6425 6424 6236
f 6426 6237 6238
f 6426 6425 6237
f 6427 6238 6239
f 6427 6426 6238
f 6428 6239 6240
f 6428 6427 6239
f 6429 6240 6241
f 6429 6428 6240
f 6430 6241 6242
f 6430 6429 6241
f 6431 6242 6243
f 6431 6430 6242
f 6432 6243 6244
f 6432 6431 6243
f 6433 6244 6245
f 6433 6432 6244
f 6435 6434 6247
f 6434 6245 6247
f 6434 6433 6245
f 6248 6249 6435
f 6249 6434 6435
f 6249 6436 6434
f 6438 6437 6251
f 6437 6249 6251
f 6437 6436 6249
f 6252 6253 6438
f 6253 6437 6438
f 6253 6439 6437
f 6440 6253 6254
f 6440 6439 6253
f 6254 6222 6412
f 6254 6412 6440
f 6255 6435 6247
f 6435 6255 6248
f 6256 6438 6251
f 6438 6256 6252
f 6258 6441 6257
f 6441 6260 6257
f 6443 6442 6266
f 6443 6266 6267
f 6266 6442 6258
f 6442 6444 6258
f 6444 6441 6258
f 6444 6442 6445
f 6446 6268 6260
f 6441 6446 6260
f 6444 6446 6441
f 6447 6269 6268
f 6447 6268 6446
f 6269 6447 6448
f 6449 6269 6448
f 6270 6269 6449
f 6270 6450 6271
f 6449 6450 6270
f 6271 6451 6272
f 6450 6451 6271
f 6272 6452 6273
f 6451 6452 6272
f 6452 6454 6453
f 6274 6452 6453
f 6273 6452 6274
f 6274 6453 6455
f 6456 6274 6455
f 6275 6274 6456
f 6456 6458 6457
f 6276 6456 6457
f 6275 6456 6276
f 6276 6457 6459
f 6460 6276 6459
f 6277 6276 6460
f 6460 6462 6461
f 6278 6460 6461
f 6277 6460 6278
f 6463 6279 6278
f 6463 6278 6461
f 6464 6280 6279
f 6464 6279 6463
f 6280 6464 6465
f 6466 6280 6465
f 6281 6280 6466
f 6466 6468 6467
f 6282 6466 6467
f 6281 6466 6282
f 6469 6283 6282
f 6469 6282 6467
f 6470 6284 6283
f 6470 6283 6469
f 6471 6285 6284
f 6471 6284 6470
f 6472 6286 6285
f 6472 6285 6471
f 6286 6472 6473
f 6474 6286 6473
f 6287 6286 6474
f 6474 6476 6475
f 6288 6474 6475
f 6287 6474 6288
f 6288 6475 6477
f 6478 6288 6477
f 6289 6288 6478
f 6478 6480 6479
f 6290 6478 6479
f 6289 6478 6290
f 6481 6291 6290
f 6481 6290 6479
f 6481 6292 6291
f 6293 6483 6482
f 6443 6293 6482
f 6267 6293 6443
f 6482 6483 6445
f 6483 6444 6445
f 6483 6484 6444
f 6444 6485 6446
f 6444 6484 6485
f 6487 6447 6486
f 6447 6485 6486
f 6447 6446 6485
f 6447 6487 6448
f 6454 6488 6453
f 6453 6488 6455
f 6458 6489 6457
f 6457 6489 6459
f 6462 6490 6461
f 6461 6490 6463
f 6463 6490 6491
f 6463 6491 6464
f 6464 6491 6492
f 6464 6492 6465
f 6468 6493 6467
f 6467 6493 6469
f 6469 6493 6494
f 6469 6494 6470
f 6470 6494 6495
f 6470 6495 6471
f 6471 6495 6496
f 6471 6496 6472
f 6472 6496 6497
f 6472 6497 6473
f 6476 6498 6475
f 6475 6498 6477
f 6479 6480 6499
f 6499 6480 6500
f 6479 6501 6481
f 6479 6499 6501
f 6501 6294 6292
f 6501 6292 6481
f 6295 6502 6483
f 6295 6483 6293
f 6483 6503 6484
f 6483 6502 6503
f 6484 6504 6485
f 6484 6503 6504
f 6486 6485 6505
f 6505 6485 6504
f 6499 6500 6506
f 6506 6500 6507
f 6499 6508 6501
f 6499 6506 6508
f 6508 6296 6294
f 6508 6294 6501
f 6297 6509 6502
f 6297 6502 6295
f 6502 6510 6503
f 6502 6509 6510
f 6503 6511 6504
f 6503 6510 6511
f 6505 6504 6512
f 6512 6504 6511
f 6507 6513 6506
f 6515 6514 6513
f 6514 6506 6513
f 6514 6508 6506
f 6514 6298 6296
f 6514 6296 6508
f 6299 6516 6509
f 6299 6509 6297
f 6509 6517 6510
f 6509 6516 6517
f 6510 6518 6511
f 6510 6517 6518
f 6512 6511 6519
f 6519 6511 6518
f 6522 6521 6520
f 6522 6520 6515
f 6520 6514 6515
f 6520 6523 6514
f 6523 6300 6298
f 6523 6298 6514
f 6301 6524 6516
f 6301 6516 6299
f 6516 6525 6517
f 6516 6524 6525
f 6517 6526 6518
f 6517 6525 6526
f 6519 6518 6527
f 6527 6518 6526
f 6520 6521 6528
f 6528 6521 6529
f 6520 6530 6523
f 6520 6528 6530
f 6530 6302 6300
f 6530 6300 6523
f 6303 6531 6524
f 6303 6524 6301
f 6524 6532 6525
f 6524 6531 6532
f 6525 6533 6526
f 6525 6532 6533
f 6527 6526 6534
f 6534 6526 6533
f 6528 6529 6535
f 6535 6529 6536
f 6528 6537 6530
f 6528 6535 6537
f 6537 6304 6302
f 6537 6302 6530
f 6305 6538 6531
f 6305 6531 6303
f 6531 6539 6532
f 6531 6538 6539
f 6532 6540 6533
f 6532 6539 6540
f 6534 6533 6541
f 6541 6533 6540
f 6535 6536 6542
f 6542 6536 6543
f 6535 6544 6537
f 6535 6542 6544
f 6544 6306 6304
f 6544 6304 6537
f 6307 6545 6538
f 6307 6538 6305
f 6538 6546 6539
f 6538 6545 6546
f 6539 6547 6540
f 6539 6546 6547
f 6541 6540 6548
f 6548 6540 6547
f 6542 6543 6549
f 6549 6543 6550
f 6542 6551 6544
f 6542 6549 6551
f 6551 6308 6306
f 6551 6306 6544
f 6553 6552 6545
f 6307 6553 6545
f 6309 6553 6307
f 6555 6554 6552
f 6554 6545 6552
f 6554 6546 6545
f 6546 6556 6547
f 6546 6554 6556
f 6548 6547 6557
f 6557 6547 6556
f 6549 6550 6558
f 6558 6550 6559
f 6549 6560 6551
f 6549 6558 6560
f 6560 6310 6308
f 6560 6308 6551
f 6311 6562 6561
f 6553 6311 6561
f 6309 6311 6553
f 6561 6562 6555
f 6562 6554 6555
f 6562 6563 6554
f 6554 6564 6556
f 6554 6563 6564
f 6557 6556 6565
f 6565 6556 6564
f 6558 6559 6566
f 6566 6559 6567
f 6558 6568 6560
f 6558 6566 6568
f 6568 6312 6310
f 6568 6310 6560
f 6314 6569 6313
f 6570 6315 6313
f 6570 6313 6569
f 6571 6316 6315
f 6571 6315 6570
f 6572 6317 6316
f 6572 6316 6571
f 6573 6318 6317
f 6573 6317 6572
f 6562 6311 6318
f 6573 6562 6318
f 6574 6562 6573
f 6562 6575 6563
f 6562 6574 6575
f 6563 6576 6564
f 6563 6575 6576
f 6565 6564 6577
f 6577 6564 6576
f 6566 6567 6578
f 6578 6567 6579
f 6566 6580 6568
f 6566 6578 6580
f 6580 6319 6312
f 6580 6312 6568
f 6320 6581 6569
f 6320 6569 6314
f 6569 6582 6570
f 6569 6581 6582
f 6584 6571 6583
f 6571 6582 6583
f 6571 6570 6582
f 6586 6585 6584
f 6585 6571 6584
f 6585 6572 6571
f 6572 6587 6573
f 6572 6585 6587
f 6573 6588 6574
f 6573 6587 6588
f 6574 6589 6575
f 6574 6588 6589
f 6575 6590 6576
f 6575 6589 6590
f 6577 6576 6591
f 6591 6576 6590
f 6578 6579 6592
f 6592 6579 6593
f 6578 6594 6580
f 6578 6592 6594
f 6594 6321 6319
f 6594 6319 6580
f 6596 6595 6581
f 6320 6596 6581
f 6322 6596 6320
f 6598 6597 6595
f 6597 6581 6595
f 6597 6582 6581
f 6583 6582 6599
f 6582 6600 6599
f 6582 6597 6600
f 6599 6600 6586
f 6600 6585 6586
f 6600 6601 6585
f 6585 6602 6587
f 6585 6601 6602
f 6587 6603 6588
f 6587 6602 6603
f 6588 6604 6589
f 6588 6603 6604
f 6589 6605 6590
f 6589 6604 6605
f 6591 6590 6606
f 6606 6590 6605
f 6592 6593 6607
f 6607 6593 6608
f 6592 6609 6594
f 6592 6607 6609
f 6609 6323 6321
f 6609 6321 6594
f 6325 6611 6610
f 6596 6325 6610
f 6322 6325 6596
f 6610 6611 6598
f 6611 6597 6598
f 6611 6612 6597
f 6597 6613 6600
f 6597 6612 6613
f 6600 6614 6601
f 6600 6613 6614
f 6601 6615 6602
f 6601 6614 6615
f 6602 6616 6603
f 6602 6615 6616
f 6603 6617 6604
f 6603 6616 6617
f 6604 6618 6605
f 6604 6617 6618
f 6606 6605 6619
f 6619 6605 6618
f 6607 6608 6620
f 6620 6608 6621
f 6607 6622 6609
f 6607 6620 6622
f 6622 6326 6323
f 6622 6323 6609
f 6624 6623 6611
f 6325 6624 6611
f 6328 6624 6325
f 6626 6625 6623
f 6625 6611 6623
f 6625 6612 6611
f 6612 6627 6613
f 6612 6625 6627
f 6613 6628 6614
f 6613 6627 6628
f 6614 6629 6615
f 6614 6628 6629
f 6615 6630 6616
f 6615 6629 6630
f 6616 6631 6617
f 6616 6630 6631
f 6617 6632 6618
f 6617 6631 6632
f 6619 6618 6633
f 6633 6618 6632
f 6620 6621 6634
f 6634 6621 6635
f 6620 6636 6622
f 6620 6634 6636
f 6636 6329 6326
f 6636 6326 6622
f 6331 6637 6330
f 6637 6333 6330
f 6335 6639 6638
f 6624 6335 6638
f 6328 6335 6624
f 6641 6640 6639
f 6640 6625 6639
f 6626 6638 6639
f 6626 6639 6625
f 6625 6640 6627
f 6627 6640 6642
f 6644 6643 6642
f 6643 6627 6642
f 6643 6628 6627
f 6628 6645 6629
f 6628 6643 6645
f 6629 6646 6630
f 6629 6645 6646
f 6630 6647 6631
f 6630 6646 6647
f 6631 6648 6632
f 6631 6647 6648
f 6633 6632 6649
f 6649 6632 6648
f 6634 6635 6650
f 6650 6635 6651
f 6634 6652 6636
f 6634 6650 6652
f 6652 6336 6329
f 6652 6329 6636
f 6337 6653 6637
f 6337 6637 6331
f 6653 6339 6333
f 6653 6333 6637
f 6341 6654 6639
f 6341 6639 6335
f 6641 6639 6655
f 6639 6656 6655
f 6639 6654 6656
f 6658 6657 6656
f 6656 6657 6655
f 6657 6658 6644
f 6658 6643 6644
f 6658 6659 6643
f 6643 6660 6645
f 6643 6659 6660
f 6645 6661 6646
f 6645 6660 6661
f 6646 6662 6647
f 6646 6661 6662
f 6647 6663 6648
f 6647 6662 6663
f 6649 6648 6664
f 6664 6648 6663
f 6650 6651 6665
f 6665 6651 6666
f 6650 6667 6652
f 6650 6665 6667
f 6667 6342 6336
f 6667 6336 6652
f 6669 6668 6653
f 6337 6669 6653
f 6343 6669 6337
f 6339 6653 6668
f 6670 6339 6668
f 6345 6339 6670
f 6347 6671 6654
f 6347 6654 6341
f 6654 6672 6656
f 6654 6671 6672
f 6656 6673 6658
f 6656 6672 6673
f 6675 6659 6674
f 6659 6673 6674
f 6659 6658 6673
f 6677 6676 6675
f 6676 6659 6675
f 6676 6660 6659
f 6660 6678 6661
f 6660 6676 6678
f 6661 6679 6662
f 6661 6678 6679
f 6662 6680 6663
f 6662 6679 6680
f 6664 6663 6681
f 6681 6663 6680
f 6665 6666 6682
f 6682 6666 6683
f 6665 6684 6667
f 6665 6682 6684
f 6684 6348 6342
f 6684 6342 6667
f 6349 6669 6343
f 6349 6685 6669
f 6670 6351 6345
f 6686 6351 6670
f 6353 6687 6671
f 6353 6671 6347
f 6689 6672 6688
f 6672 6687 6688
f 6672 6671 6687
f 6691 6690 6689
f 6690 6672 6689
f 6690 6673 6672
f 6674 6673 6692
f 6673 6693 6692
f 6673 6690 6693
f 6695 6694 6693
f 6694 6676 6693
f 6677 6692 6693
f 6677 6693 6676
f 6697 6696 6694
f 6696 6676 6694
f 6696 6678 6676
f 6678 6698 6679
f 6678 6696 6698
f 6679 6699 6680
f 6679 6698 6699
f 6681 6680 6700
f 6700 6680 6699
f 6683 6701 6682
f 6703 6702 6701
f 6702 6682 6701
f 6702 6684 6682
f 6702 6354 6348
f 6702 6348 6684
f 6355 6685 6349
f 6355 6704 6685
f 6686 6357 6351
f 6705 6357 6686
f 6359 6706 6687
f 6359 6687 6353
f 6688 6687 6707
f 6687 6708 6707
f 6687 6706 6708
f 6707 6708 6691
f 6708 6690 6691
f 6708 6709 6690
f 6690 6710 6693
f 6690 6709 6710
f 6695 6693 6711
f 6693 6712 6711
f 6693 6710 6712
f 6714 6713 6712
f 6713 6696 6712
f 6697 6711 6712
f 6697 6712 6696
f 6716 6715 6713
f 6715 6696 6713
f 6715 6698 6696
f 6718 6699 6717
f 6699 6715 6717
f 6699 6698 6715
f 6699 6718 6700
f 6721 6720 6719
f 6721 6719 6703
f 6719 6702 6703
f 6719 6722 6702
f 6722 6360 6354
f 6722 6354 6702
f 6361 6704 6355
f 6361 6723 6704
f 6705 6363 6357
f 6724 6363 6705
f 6365 6725 6706
f 6365 6706 6359
f 6727 6708 6726
f 6708 6725 6726
f 6708 6706 6725
f 6729 6728 6727
f 6728 6708 6727
f 6728 6709 6708
f 6709 6730 6710
f 6709 6728 6730
f 6710 6731 6712
f 6710 6730 6731
f 6714 6712 6732
f 6712 6733 6732
f 6712 6731 6733
f 6732 6733 6716
f 6733 6715 6716
f 6733 6734 6715
f 6717 6715 6735
f 6715 6736 6735
f 6715 6734 6736
f 6736 6737 6735
f 6719 6720 6738
f 6738 6720 6739
f 6719 6740 6722
f 6719 6738 6740
f 6740 6366 6360
f 6740 6360 6722
f 6367 6723 6361
f 6367 6741 6723
f 6724 6368 6363
f 6742 6368 6724
f 6369 6743 6725
f 6369 6725 6365
f 6726 6725 6744
f 6725 6745 6744
f 6725 6743 6745
f 6744 6745 6729
f 6745 6728 6729
f 6745 6746 6728
f 6728 6747 6730
f 6728 6746 6747
f 6730 6748 6731
f 6730 6747 6748
f 6731 6749 6733
f 6731 6748 6749
f 6733 6750 6734
f 6733 6749 6750
f 6734 6751 6736
f 6734 6750 6751
f 6737 6736 6752
f 6752 6736 6751
f 6739 6753 6738
f 6755 6754 6753
f 6754 6738 6753
f 6754 6740 6738
f 6754 6370 6366
f 6754 6366 6740
f 6371 6757 6756
f 6741 6371 6756
f 6367 6371 6741
f 6742 6756 6757
f 6372 6742 6757
f 6368 6742 6372
f 6759 6758 6743
f 6369 6759 6743
f 6373 6759 6369
f 6743 6758 6745
f 6745 6758 6760
f 6762 6761 6760
f 6761 6745 6760
f 6761 6746 6745
f 6746 6763 6747
f 6746 6761 6763
f 6747 6764 6748
f 6747 6763 6764
f 6748 6765 6749
f 6748 6764 6765
f 6749 6766 6750
f 6749 6765 6766
f 6750 6767 6751
f 6750 6766 6767
f 6752 6751 6768
f 6768 6751 6767
f 6754 6755 6769
f 6769 6755 6770
f 6769 6374 6370
f 6769 6370 6754
f 6375 6771 6757
f 6375 6757 6371
f 6771 6376 6372
f 6771 6372 6757
f 6377 6773 6772
f 6759 6377 6772
f 6373 6377 6759
f 6775 6774 6773
f 6773 6774 6772
f 6774 6775 6762
f 6775 6761 6762
f 6775 6776 6761
f 6761 6777 6763
f 6761 6776 6777
f 6763 6778 6764
f 6763 6777 6778
f 6764 6779 6765
f 6764 6778 6779
f 6765 6780 6766
f 6765 6779 6780
f 6766 6781 6767
f 6766 6780 6781
f 6768 6767 6782
f 6782 6767 6781
f 6785 6784 6783
f 6785 6783 6770
f 6783 6769 6770
f 6783 6786 6769
f 6786 6378 6374
f 6786 6374 6769
f 6379 6771 6375
f 6771 6379 6376
f 6381 6787 6773
f 6381 6773 6377
f 6773 6788 6775
f 6773 6787 6788
f 6775 6789 6776
f 6775 6788 6789
f 6776 6790 6777
f 6776 6789 6790
f 6777 6791 6778
f 6777 6790 6791
f 6778 6792 6779
f 6778 6791 6792
f 6779 6793 6780
f 6779 6792 6793
f 6780 6794 6781
f 6780 6793 6794
f 6782 6781 6795
f 6795 6781 6794
f 6783 6784 6796
f 6796 6784 6797
f 6783 6798 6786
f 6783 6796 6798
f 6798 6382 6378
f 6798 6378 6786
f 6800 6799 6787
f 6381 6800 6787
f 6383 6800 6381
f 6802 6801 6799
f 6801 6787 6799
f 6801 6788 6787
f 6804 6789 6803
f 6789 6801 6803
f 6789 6788 6801
f 6789 6804 6790
f 6790 6804 6805
f 6807 6806 6805
f 6806 6790 6805
f 6806 6791 6790
f 6791 6808 6792
f 6791 6806 6808
f 6792 6809 6793
f 6792 6808 6809
f 6793 6810 6794
f 6793 6809 6810
f 6795 6794 6811
f 6811 6794 6810
f 6796 6797 6812
f 6812 6797 6813
f 6796 6814 6798
f 6796 6812 6814
f 6814 6384 6382
f 6814 6382 6798
f 6385 6800 6383
f 6385 6815 6800
f 6802 6816 6801
f 6801 6816 6803
f 6807 6817 6806
f 6819 6818 6817
f 6818 6806 6817
f 6818 6808 6806
f 6808 6820 6809
f 6808 6818 6820
f 6809 6821 6810
f 6809 6820 6821
f 6811 6810 6822
f 6822 6810 6821
f 6813 6823 6812
f 6825 6824 6823
f 6824 6812 6823
f 6824 6814 6812
f 6824 6386 6384
f 6824 6384 6814
f 6826 6815 6385
f 6826 6385 6387
f 6827 6387 6389
f 6827 6826 6387
f 6828 6389 6391
f 6828 6827 6389
f 6829 6391 6393
f 6829 6828 6391
f 6831 6830 6394
f 6830 6393 6394
f 6830 6829 6393
f 6830 6831 6819
f 6831 6818 6819
f 6831 6832 6818
f 6818 6833 6820
f 6818 6832 6833
f 6820 6834 6821
f 6820 6833 6834
f 6822 6821 6835
f 6835 6821 6834
f 6838 6837 6836
f 6838 6836 6825
f 6836 6824 6825
f 6836 6839 6824
f 6839 6395 6386
f 6839 6386 6824
f 6396 6831 6394
f 6831 6396 6397
f 6840 6831 6397
f 6832 6831 6840
f 6832 6841 6833
f 6832 6840 6841
f 6833 6842 6834
f 6833 6841 6842
f 6835 6834 6843
f 6843 6834 6842
f 6836 6837 6844
f 6844 6837 6845
f 6836 6846 6839
f 6836 6844 6846
f 6846 6398 6395
f 6846 6395 6839
f 6399 6847 6840
f 6399 6840 6397
f 6840 6848 6841
f 6840 6847 6848
f 6841 6849 6842
f 6841 6848 6849
f 6843 6842 6850
f 6850 6842 6849
f 6844 6845 6851
f 6851 6845 6852
f 6844 6853 6846
f 6844 6851 6853
f 6853 6400 6398
f 6853 6398 6846
f 6401 6854 6847
f 6401 6847 6399
f 6847 6855 6848
f 6847 6854 6855
f 6848 6856 6849
f 6848 6855 6856
f 6850 6849 6857
f 6857 6849 6856
f 6852 6858 6851
f 6860 6859 6858
f 6859 6851 6858
f 6859 6853 6851
f 6859 6402 6400
f 6859 6400 6853
f 6403 6861 6854
f 6403 6854 6401
f 6854 6862 6855
f 6854 6861 6862
f 6864 6856 6863
f 6856 6862 6863
f 6856 6855 6862
f 6856 6864 6857
f 6859 6860 6865
f 6865 6860 6866
f 6865 6404 6402
f 6865 6402 6859
f 6405 6867 6861
f 6405 6861 6403
f 6861 6868 6862
f 6861 6867 6868
f 6863 6862 6869
f 6862 6870 6869
f 6862 6868 6870
f 6870 6871 6869
f 6865 6866 6872
f 6872 6866 6873
f 6872 6406 6404
f 6872 6404 6865
f 6875 6874 6867
f 6405 6875 6867
f 6407 6875 6405
f 6877 6876 6874
f 6876 6867 6874
f 6876 6868 6867
f 6868 6878 6870
f 6868 6876 6878
f 6871 6870 6879
f 6879 6870 6878
f 6872 6873 6880
f 6880 6873 6881
f 6880 6408 6406
f 6880 6406 6872
f 6409 6875 6407
f 6409 6882 6875
f 6876 6877 6883
f 6883 6877 6884
f 6876 6885 6878
f 6876 6883 6885
f 6879 6878 6886
f 6886 6878 6885
f 6889 6888 6887
f 6887 6890 6889
f 6893 6892 6891
f 6891 6894 6893
f 6897 6896 6895
f 6899 6898 6895
f 6895 6898 6897
f 6901 6900 6899
f 6899 6900 6898
f 6901 6902 6900
f 6905 6904 6903
f 6903 6906 6905
f 6909 6908 6907
f 6909 6907 6881
f 6907 6880 6881
f 6907 6910 6880
f 6910 6410 6408
f 6910 6408 6880
f 6411 6912 6911
f 6882 6411 6911
f 6409 6411 6882
f 6911 6912 6884
f 6912 6883 6884
f 6912 6913 6883
f 6883 6914 6885
f 6883 6913 6914
f 6886 6885 6915
f 6915 6885 6914
f 6887 6888 6916
f 6916 6888 6917
f 6890 6887 6918
f 6887 6919 6918
f 6887 6916 6919
f 6918 6919 6892
f 6919 6891 6892
f 6919 6920 6891
f 6894 6891 6921
f 6891 6922 6921
f 6891 6920 6922
f 6924 6923 6922
f 6922 6923 6921
f 6926 6925 6924
f 6924 6925 6923
f 6925 6926 6896
f 6926 6895 6896
f 6926 6927 6895
f 6895 6928 6899
f 6895 6927 6928
f 6899 6929 6901
f 6899 6928 6929
f 6902 6901 6930
f 6901 6931 6930
f 6901 6929 6931
f 6933 6932 6931
f 6931 6932 6930
f 6935 6934 6933
f 6933 6934 6932
f 6937 6936 6935
f 6935 6936 6934
f 6939 6938 6937
f 6937 6938 6936
f 6941 6940 6939
f 6939 6940 6938
f 6943 6942 6941
f 6941 6942 6940
f 6945 6944 6943
f 6943 6944 6942
f 6944 6945 6904
f 6945 6903 6904
f 6945 6946 6903
f 6906 6903 6947
f 6903 6948 6947
f 6903 6946 6948
f 6947 6948 6908
f 6948 6907 6908
f 6948 6949 6907
f 6907 6950 6910
f 6907 6949 6950
f 6950 6412 6410
f 6950 6410 6910
f 6413 6912 6411
f 6912 6413 6414
f 6912 6414 6913
f 6913 6414 6415
f 6913 6415 6914
f 6951 6915 6914
f 6415 6951 6914
f 6416 6951 6415
f 6952 6416 6417
f 6952 6951 6416
f 6418 6916 6917
f 6952 6418 6917
f 6417 6418 6952
f 6916 6418 6419
f 6916 6419 6919
f 6919 6419 6420
f 6919 6420 6920
f 6920 6420 6421
f 6920 6421 6922
f 6922 6421 6422
f 6922 6422 6924
f 6924 6422 6423
f 6924 6423 6926
f 6926 6423 6424
f 6926 6424 6927
f 6927 6424 6425
f 6927 6425 6928
f 6928 6425 6426
f 6928 6426 6929
f 6929 6426 6427
f 6929 6427 6931
f 6931 6427 6428
f 6931 6428 6933
f 6933 6428 6429
f 6933 6429 6935
f 6935 6429 6430
f 6935 6430 6937
f 6937 6430 6431
f 6937 6431 6939
f 6939 6431 6432
f 6939 6432 6941
f 6941 6432 6433
f 6941 6433 6943
f 6943 6433 6434
f 6943 6434 6945
f 6945 6434 6436
f 6945 6436 6946
f 6946 6436 6437
f 6946 6437 6948
f 6948 6437 6439
f 6948 6439 6949
f 6949 6439 6440
f 6949 6440 6950
f 6950 6440 6412
f 6443 6953 6442
f 6953 6445 6442
f 6956 6955 6954
f 6449 6448 6954
f 6955 6449 6954
f 6957 6449 6955
f 6449 6958 6450
f 6957 6958 6449
f 6450 6959 6451
f 6958 6959 6450
f 6451 6960 6452
f 6959 6960 6451
f 6962 6961 6454
f 6452 6962 6454
f 6960 6962 6452
f 6456 6455 6961
f 6962 6456 6961
f 6963 6456 6962
f 6965 6964 6458
f 6456 6965 6458
f 6963 6965 6456
f 6460 6459 6964
f 6965 6460 6964
f 6966 6460 6965
f 6968 6967 6462
f 6460 6968 6462
f 6966 6968 6460
f 6970 6969 6967
f 6970 6967 6968
f 6972 6971 6969
f 6972 6969 6970
f 6466 6465 6971
f 6972 6466 6971
f 6973 6466 6972
f 6975 6974 6468
f 6466 6975 6468
f 6973 6975 6466
f 6977 6976 6974
f 6977 6974 6975
f 6979 6978 6976
f 6979 6976 6977
f 6981 6980 6978
f 6981 6978 6979
f 6983 6982 6980
f 6983 6980 6981
f 6474 6473 6982
f 6983 6474 6982
f 6984 6474 6983
f 6986 6985 6476
f 6474 6986 6476
f 6984 6986 6474
f 6478 6477 6985
f 6986 6478 6985
f 6987 6478 6986
f 6480 6478 6987
f 6480 6987 6988
f 6482 6953 6443
f 6953 6482 6445
f 6956 6954 6487
f 6486 6956 6487
f 6989 6956 6486
f 6487 6954 6448
f 6961 6488 6454
f 6488 6961 6455
f 6964 6489 6458
f 6489 6964 6459
f 6967 6490 6462
f 6490 6967 6491
f 6491 6967 6969
f 6491 6969 6492
f 6492 6969 6971
f 6492 6971 6465
f 6974 6493 6468
f 6493 6974 6494
f 6494 6974 6976
f 6494 6976 6495
f 6495 6976 6978
f 6495 6978 6496
f 6496 6978 6980
f 6496 6980 6497
f 6497 6980 6982
f 6497 6982 6473
f 6985 6498 6476
f 6498 6985 6477
f 6988 6500 6480
f 6990 6500 6988
f 6505 6989 6486
f 6505 6991 6989
f 6990 6507 6500
f 6992 6507 6990
f 6512 6991 6505
f 6512 6993 6991
f 6513 6507 6994
f 6507 6995 6994
f 6507 6992 6995
f 6994 6515 6513
f 6519 6993 6512
f 6519 6996 6993
f 6994 6995 6522
f 6995 6521 6522
f 6995 6997 6521
f 6994 6522 6515
f 6527 6996 6519
f 6527 6998 6996
f 6997 6529 6521
f 6999 6529 6997
f 6534 6998 6527
f 6534 7000 6998
f 6999 6536 6529
f 7001 6536 6999
f 6541 7000 6534
f 6541 7002 7000
f 7001 6543 6536
f 7003 6543 7001
f 6548 7002 6541
f 6548 7004 7002
f 7003 6550 6543
f 7005 6550 7003
f 6553 7006 6552
f 7006 6555 6552
f 6557 7004 6548
f 6557 7007 7004
f 7005 6559 6550
f 7008 6559 7005
f 6561 7006 6553
f 7006 6561 6555
f 6565 7007 6557
f 6565 7009 7007
f 7008 6567 6559
f 7010 6567 7008
f 6577 7009 6565
f 6577 7011 7009
f 7010 6579 6567
f 7012 6579 7010
f 6583 7013 6584
f 7013 6586 6584
f 6591 7011 6577
f 6591 7014 7011
f 7012 6593 6579
f 7015 6593 7012
f 6596 7016 6595
f 7016 6598 6595
f 6599 7013 6583
f 7013 6599 6586
f 6606 7014 6591
f 6606 7017 7014
f 7015 6608 6593
f 7018 6608 7015
f 6610 7016 6596
f 7016 6610 6598
f 6619 7017 6606
f 6619 7019 7017
f 7018 6621 6608
f 7020 6621 7018
f 6624 7021 6623
f 7021 6626 6623
f 6633 7019 6619
f 6633 7022 7019
f 7020 6635 6621
f 7023 6635 7020
f 6638 7021 6624
f 6626 7021 6638
f 6640 6641 7024
f 7025 6642 6640
f 7025 6640 7024
f 7025 6644 6642
f 6649 7022 6633
f 6649 7026 7022
f 7023 6651 6635
f 7027 6651 7023
f 6655 7024 6641
f 7024 6655 6657
f 7024 6657 7025
f 7025 6657 6644
f 6664 7026 6649
f 6664 7028 7026
f 7027 6666 6651
f 7029 6666 7027
f 6669 7030 6668
f 7030 6670 6668
f 6674 7031 6675
f 7031 6677 6675
f 6681 7028 6664
f 6681 7032 7028
f 7029 6683 6666
f 7033 6683 7029
f 6685 7034 7030
f 6685 7030 6669
f 7034 6686 6670
f 7034 6670 7030
f 6688 7035 6689
f 7035 6691 6689
f 6692 7031 6674
f 6677 7031 6692
f 6694 6695 7036
f 7036 6697 6694
f 6700 7032 6681
f 6700 7037 7032
f 6701 6683 7038
f 6683 7039 7038
f 6683 7033 7039
f 7038 6703 6701
f 6704 7040 7034
f 6704 7034 6685
f 7040 6705 6686
f 7040 6686 7034
f 6707 7035 6688
f 7035 6707 6691
f 6711 7036 6695
f 6697 7036 6711
f 6713 6714 7041
f 7041 6716 6713
f 6717 7042 6718
f 7042 7043 6718
f 7043 6700 6718
f 7043 7037 6700
f 7038 7039 6721
f 7039 6720 6721
f 7039 7044 6720
f 7038 6721 6703
f 6723 7045 7040
f 6723 7040 6704
f 7045 6724 6705
f 7045 6705 7040
f 6726 7046 6727
f 7046 6729 6727
f 6732 7041 6714
f 7041 6732 6716
f 6735 7042 6717
f 6735 6737 7042
f 6737 7043 7042
f 6737 7047 7043
f 7044 6739 6720
f 7048 6739 7044
f 6741 7049 7045
f 6741 7045 6723
f 7049 6742 6724
f 7049 6724 7045
f 6744 7046 6726
f 7046 6744 6729
f 6752 7047 6737
f 6752 7050 7047
f 6753 6739 7051
f 6739 7052 7051
f 6739 7048 7052
f 7051 6755 6753
f 6756 7049 6741
f 7049 6756 6742
f 6759 7053 6758
f 7054 6760 6758
f 7054 6758 7053
f 7054 6762 6760
f 6768 7050 6752
f 6768 7055 7050
f 7051 7052 7056
f 7056 7052 7057
f 7056 6770 6755
f 7056 6755 7051
f 6772 7053 6759
f 7053 6772 6774
f 7053 6774 7054
f 7054 6774 6762
f 6782 7055 6768
f 6782 7058 7055
f 7056 7057 6785
f 7057 6784 6785
f 7057 7059 6784
f 7056 6785 6770
f 6795 7058 6782
f 6795 7060 7058
f 7059 6797 6784
f 7061 6797 7059
f 6800 7062 6799
f 7062 6802 6799
f 6803 7063 6804
f 7064 6805 6804
f 7064 6804 7063
f 7064 6807 6805
f 6811 7060 6795
f 6811 7065 7060
f 7061 6813 6797
f 7066 6813 7061
f 6815 7067 7062
f 6815 7062 6800
f 7068 6816 6802
f 7062 7068 6802
f 7067 7068 7062
f 7063 6803 6816
f 7068 7063 6816
f 7069 7063 7068
f 7063 7070 7064
f 7063 7069 7070
f 7071 6817 6807
f 7064 7071 6807
f 7070 7071 7064
f 7071 6819 6817
f 6822 7065 6811
f 6822 7072 7065
f 6823 6813 7073
f 6813 7074 7073
f 6813 7066 7074
f 7073 6825 6823
f 6826 7067 6815
f 7067 6826 6827
f 7067 6827 7068
f 7068 6827 6828
f 7068 6828 7069
f 7069 6828 6829
f 7069 6829 7070
f 7070 6829 6830
f 7070 6830 7071
f 7071 6830 6819
f 6835 7072 6822
f 6835 7075 7072
f 7073 7074 6838
f 7074 6837 6838
f 7074 7076 6837
f 7073 6838 6825
f 6843 7075 6835
f 6843 7077 7075
f 7076 6845 6837
f 7078 6845 7076
f 6850 7077 6843
f 6850 7079 7077
f 7078 6852 6845
f 7080 6852 7078
f 6857 7079 6850
f 6857 7081 7079
f 6858 6852 7082
f 6852 7083 7082
f 6852 7080 7083
f 7082 6860 6858
f 6863 7084 6864
f 7084 7085 6864
f 7085 6857 6864
f 7085 7081 6857
f 7082 7083 7086
f 7086 7083 7087
f 7086 6866 6860
f 7086 6860 7082
f 6869 7084 6863
f 6869 6871 7084
f 6871 7085 7084
f 6871 7088 7085
f 7086 7087 7089
f 7089 7087 7090
f 7089 6873 6866
f 7089 6866 7086
f 6875 7091 6874
f 7091 6877 6874
f 6879 7088 6871
f 6879 7092 7088
f 7089 7090 7093
f 7093 7090 7094
f 7093 6881 6873
f 7093 6873 7089
f 6882 7095 7091
f 6882 7091 6875
f 7095 6884 6877
f 7095 6877 7091
f 6886 7092 6879
f 6886 7096 7092
f 7097 6888 6889
f 6890 7097 6889
f 7098 6892 6893
f 6894 7098 6893
f 7099 6896 6897
f 6898 7100 6897
f 6897 7100 7099
f 6900 7101 6898
f 6898 7101 7100
f 6902 7101 6900
f 7102 6904 6905
f 6906 7102 6905
f 7093 7094 6909
f 7094 6908 6909
f 7094 7103 6908
f 7093 6909 6881
f 6911 7095 6882
f 7095 6911 6884
f 6915 7096 6886
f 6915 7104 7096
f 7105 6917 7097
f 7097 6917 6888
f 6918 7106 6890
f 7106 7097 6890
f 7106 7105 7097
f 6892 7098 6918
f 7098 7106 6918
f 7098 7107 7106
f 6921 7108 6894
f 7108 7098 6894
f 7108 7107 7098
f 6923 7109 6921
f 6921 7109 7108
f 6925 7110 6923
f 6923 7110 7109
f 6896 7099 6925
f 7099 7110 6925
f 7099 7111 7110
f 7112 7099 7100
f 7111 7099 7112
f 7113 7100 7101
f 7112 7100 7113
f 6930 7114 6902
f 7114 7101 6902
f 7114 7113 7101
f 6932 7115 6930
f 6930 7115 7114
f 6934 7116 6932
f 6932 7116 7115
f 6936 7117 6934
f 6934 7117 7116
f 6938 7118 6936
f 6936 7118 7117
f 6940 7119 6938
f 6938 7119 7118
f 6942 7120 6940
f 6940 7120 7119
f 6944 7121 6942
f 6942 7121 7120
f 6904 7102 6944
f 7102 7121 6944
f 7102 7122 7121
f 6947 7123 6906
f 7123 7102 6906
f 7123 7122 7102
f 7124 7123 6947
f 6908 7124 6947
f 7103 7124 6908
f 7125 7104 6915
f 7125 6915 6951
f 7126 6951 6952
f 7126 7125 6951
f 6952 6917 7105
f 7127 6952 7105
f 7126 6952 7127
f 7127 7105 7106
f 7127 7106 7128
f 7128 7106 7107
f 7128 7107 7129
f 7129 7107 7108
f 7129 7108 7130
f 7130 7108 7109
f 7130 7109 7131
f 7131 7109 7110
f 7131 7110 7132
f 7132 7110 7111
f 7132 7111 7133
f 7133 7111 7112
f 7133 7112 7134
f 7134 7112 7113
f 7134 7113 7135
f 7135 7113 7114
f 7135 7114 7136
f 7136 7114 7115
f 7136 7115 7137
f 7137 7115 7116
f 7137 7116 7138
f 7138 7116 7117
f 7138 7117 7139
f 7139 7117 7118
f 7139 7118 7140
f 7140 7118 7119
f 7140 7119 7141
f 7141 7119 7120
f 7141 7120 7142
f 7142 7120 7121
f 7142 7121 7143
f 7143 7121 7122
f 7143 7122 7144
f 7144 7122 7123
f 7144 7123 7145
f 7145 7123 7124
f 7147 7146 6955
f 7147 6955 6956
f 6955 7148 6957
f 7146 7148 6955
f 6957 7149 6958
f 7148 7149 6957
f 6958 7150 6959
f 7149 7150 6958
f 6959 7151 6960
f 7150 7151 6959
f 6960 7152 6962
f 7151 7152 6960
f 6962 7153 6963
f 7152 7153 6962
f 6963 7154 6965
f 7153 7154 6963
f 6965 7155 6966
f 7154 7155 6965
f 6966 7156 6968
f 7155 7156 6966
f 6968 7157 6970
f 7156 7157 6968
f 6970 7158 6972
f 7157 7158 6970
f 6972 7159 6973
f 7158 7159 6972
f 6973 7160 6975
f 7159 7160 6973
f 6975 7161 6977
f 7160 7161 6975
f 6977 7162 6979
f 7161 7162 6977
f 6979 7163 6981
f 7162 7163 6979
f 6981 7164 6983
f 7163 7164 6981
f 6983 7165 6984
f 7164 7165 6983
f 6984 7166 6986
f 7165 7166 6984
f 6986 7167 6987
f 7166 7167 6986
f 6988 6987 7167
f 6988 7167 7168
f 6989 7147 6956
f 6989 7169 7147
f 7168 6990 6988
f 7170 6990 7168
f 6991 7169 6989
f 6991 7171 7169
f 7170 6992 6990
f 7172 6992 7170
f 6993 7171 6991
f 6993 7173 7171
f 7172 6995 6992
f 7174 6995 7172
f 6996 7173 6993
f 6996 7175 7173
f 7174 6997 6995
f 7176 6997 7174
f 6998 7175 6996
f 6998 7177 7175
f 7176 6999 6997
f 7178 6999 7176
f 7000 7177 6998
f 7000 7179 7177
f 7178 7001 6999
f 7180 7001 7178
f 7002 7179 7000
f 7002 7181 7179
f 7180 7003 7001
f 7182 7003 7180
f 7004 7181 7002
f 7004 7183 7181
f 7182 7005 7003
f 7184 7005 7182
f 7007 7183 7004
f 7007 7185 7183
f 7184 7008 7005
f 7186 7008 7184
f 7009 7185 7007
f 7009 7187 7185
f 7186 7010 7008
f 7188 7010 7186
f 7011 7187 7009
f 7011 7189 7187
f 7188 7012 7010
f 7190 7012 7188
f 7014 7189 7011
f 7014 7191 7189
f 7190 7015 7012
f 7192 7015 7190
f 7017 7191 7014
f 7017 7193 7191
f 7192 7018 7015
f 7194 7018 7192
f 7019 7193 7017
f 7019 7195 7193
f 7194 7020 7018
f 7196 7020 7194
f 7022 7195 7019
f 7022 7197 7195
f 7196 7023 7020
f 7198 7023 7196
f 7026 7197 7022
f 7026 7199 7197
f 7198 7027 7023
f 7200 7027 7198
f 7028 7199 7026
f 7028 7201 7199
f 7200 7029 7027
f 7202 7029 7200
f 7032 7201 7028
f 7032 7203 7201
f 7202 7033 7029
f 7204 7033 7202
f 7037 7203 7032
f 7037 7205 7203
f 7204 7039 7033
f 7206 7039 7204
f 7043 7205 7037
f 7043 7207 7205
f 7206 7044 7039
f 7208 7044 7206
f 7047 7207 7043
f 7047 7209 7207
f 7208 7048 7044
f 7210 7048 7208
f 7050 7209 7047
f 7050 7211 7209
f 7210 7052 7048
f 7212 7052 7210
f 7055 7211 7050
f 7055 7213 7211
f 7212 7057 7052
f 7214 7057 7212
f 7058 7213 7055
f 7058 7215 7213
f 7214 7059 7057
f 7216 7059 7214
f 7060 7215 7058
f 7060 7217 7215
f 7216 7061 7059
f 7218 7061 7216
f 7065 7217 7060
f 7065 7219 7217
f 7218 7066 7061
f 7220 7066 7218
f 7072 7219 7065
f 7072 7221 7219
f 7220 7074 7066
f 7222 7074 7220
f 7075 7221 7072
f 7075 7223 7221
f 7222 7076 7074
f 7224 7076 7222
f 7077 7223 7075
f 7077 7225 7223
f 7224 7078 7076
f 7226 7078 7224
f 7079 7225 7077
f 7079 7227 7225
f 7226 7080 7078
f 7228 7080 7226
f 7081 7227 7079
f 7081 7229 7227
f 7228 7083 7080
f 7230 7083 7228
f 7085 7229 7081
f 7085 7231 7229
f 7230 7087 7083
f 7232 7087 7230
f 7088 7231 7085
f 7088 7233 7231
f 7232 7090 7087
f 7234 7090 7232
f 7092 7233 7088
f 7092 7235 7233
f 7234 7094 7090
f 7236 7094 7234
f 7096 7235 7092
f 7096 7237 7235
f 7236 7103 7094
f 7238 7103 7236
f 7104 7237 7096
f 7104 7239 7237
f 7242 7241 7240
f 7238 7242 7240
f 7124 7238 7240
f 7103 7238 7124
f 7243 7239 7104
f 7243 7104 7125
f 7244 7125 7126
f 7244 7243 7125
f 7245 7126 7127
f 7245 7244 7126
f 7246 7127 7128
f 7246 7245 7127
f 7247 7128 7129
f 7247 7246 7128
f 7248 7129 7130
f 7248 7247 7129
f 7249 7130 7131
f 7249 7248 7130
f 7250 7131 7132
f 7250 7249 7131
f 7251 7132 7133
f 7251 7250 7132
f 7252 7133 7134
f 7252 7251 7133
f 7253 7134 7135
f 7253 7252 7134
f 7254 7135 7136
f 7254 7253 7135
f 7255 7136 7137
f 7255 7254 7136
f 7256 7137 7138
f 7256 7255 7137
f 7257 7138 7139
f 7257 7256 7138
f 7258 7139 7140
f 7258 7257 7139
f 7259 7140 7141
f 7259 7258 7140
f 7260 7141 7142
f 7260 7259 7141
f 7261 7142 7143
f 7261 7260 7142
f 7262 7143 7144
f 7262 7261 7143
f 7145 7240 7241
f 7262 7145 7241
f 7144 7145 7262
f 7240 7145 7124
f 7147 7263 7146
f 7146 7263 7264
f 7265 7146 7264
f 7148 7146 7265
f 7148 7266 7149
f 7265 7266 7148
f 7149 7267 7150
f 7266 7267 7149
f 7150 7268 7151
f 7267 7268 7150
f 7151 7269 7152
f 7268 7269 7151
f 7152 7270 7153
f 7269 7270 7152
f 7153 7271 7154
f 7270 7271 7153
f 7154 7272 7155
f 7271 7272 7154
f 7155 7273 7156
f 7272 7273 7155
f 7156 7274 7157
f 7273 7274 7156
f 7157 7275 7158
f 7274 7275 7157
f 7158 7276 7159
f 7275 7276 7158
f 7159 7277 7160
f 7276 7277 7159
f 7160 7278 7161
f 7277 7278 7160
f 7161 7279 7162
f 7278 7279 7161
f 7162 7280 7163
f 7279 7280 7162
f 7163 7281 7164
f 7280 7281 7163
f 7164 7282 7165
f 7281 7282 7164
f 7165 7283 7166
f 7282 7283 7165
f 7283 7285 7284
f 7167 7283 7284
f 7166 7283 7167
f 7284 7168 7167
f 7287 7286 7263
f 7147 7287 7263
f 7169 7287 7147
f 7263 7286 7264
f 7285 7288 7284
f 7168 7284 7288
f 7289 7168 7288
f 7170 7168 7289
f 7171 7287 7169
f 7171 7290 7287
f 7293 7292 7291
f 7289 7293 7291
f 7172 7289 7291
f 7170 7289 7172
f 7173 7290 7171
f 7173 7294 7290
f 7291 7292 7295
f 7295 7292 7296
f 7295 7174 7172
f 7295 7172 7291
f 7175 7294 7173
f 7175 7297 7294
f 7295 7296 7298
f 7298 7296 7299
f 7298 7176 7174
f 7298 7174 7295
f 7177 7297 7175
f 7177 7300 7297
f 7298 7299 7301
f 7301 7299 7302
f 7301 7178 7176
f 7301 7176 7298
f 7179 7300 7177
f 7179 7303 7300
f 7302 7304 7301
f 7178 7301 7304
f 7305 7178 7304
f 7180 7178 7305
f 7181 7303 7179
f 7181 7306 7303
f 7305 7182 7180
f 7307 7182 7305
f 7183 7306 7181
f 7183 7308 7306
f 7311 7310 7309
f 7307 7311 7309
f 7184 7307 7309
f 7182 7307 7184
f 7185 7308 7183
f 7185 7312 7308
f 7309 7310 7313
f 7313 7310 7314
f 7313 7186 7184
f 7313 7184 7309
f 7187 7312 7185
f 7187 7315 7312
f 7313 7314 7316
f 7316 7314 7317
f 7316 7188 7186
f 7316 7186 7313
f 7189 7315 7187
f 7189 7318 7315
f 7316 7317 7319
f 7319 7317 7320
f 7319 7190 7188
f 7319 7188 7316
f 7191 7318 7189
f 7191 7321 7318
f 7319 7320 7322
f 7322 7320 7323
f 7322 7192 7190
f 7322 7190 7319
f 7193 7321 7191
f 7193 7324 7321
f 7322 7323 7325
f 7325 7323 7326
f 7325 7194 7192
f 7325 7192 7322
f 7195 7324 7193
f 7195 7327 7324
f 7325 7326 7328
f 7328 7326 7329
f 7328 7196 7194
f 7328 7194 7325
f 7197 7327 7195
f 7197 7330 7327
f 7329 7331 7328
f 7196 7328 7331
f 7332 7196 7331
f 7198 7196 7332
f 7199 7330 7197
f 7199 7333 7330
f 7336 7335 7334
f 7332 7336 7334
f 7200 7332 7334
f 7198 7332 7200
f 7201 7333 7199
f 7201 7337 7333
f 7334 7335 7338
f 7338 7335 7339
f 7338 7202 7200
f 7338 7200 7334
f 7203 7337 7201
f 7203 7340 7337
f 7338 7339 7341
f 7341 7339 7342
f 7341 7204 7202
f 7341 7202 7338
f 7205 7340 7203
f 7205 7343 7340
f 7342 7344 7341
f 7204 7341 7344
f 7345 7204 7344
f 7206 7204 7345
f 7207 7343 7205
f 7207 7346 7343
f 7349 7348 7347
f 7345 7349 7347
f 7208 7345 7347
f 7206 7345 7208
f 7209 7346 7207
f 7209 7350 7346
f 7347 7348 7351
f 7351 7348 7352
f 7351 7210 7208
f 7351 7208 7347
f 7211 7350 7209
f 7211 7353 7350
f 7351 7352 7354
f 7354 7352 7355
f 7354 7212 7210
f 7354 7210 7351
f 7213 7353 7211
f 7213 7356 7353
f 7354 7355 7357
f 7357 7355 7358
f 7357 7214 7212
f 7357 7212 7354
f 7215 7356 7213
f 7215 7359 7356
f 7357 7358 7360
f 7360 7358 7361
f 7360 7216 7214
f 7360 7214 7357
f 7217 7359 7215
f 7217 7362 7359
f 7361 7363 7360
f 7216 7360 7363
f 7364 7216 7363
f 7218 7216 7364
f 7219 7362 7217
f 7219 7365 7362
f 7364 7220 7218
f 7366 7220 7364
f 7221 7365 7219
f 7221 7367 7365
f 7366 7222 7220
f 7368 7222 7366
f 7223 7367 7221
f 7223 7369 7367
f 7368 7224 7222
f 7370 7224 7368
f 7225 7369 7223
f 7225 7371 7369
f 7370 7226 7224
f 7372 7226 7370
f 7227 7371 7225
f 7227 7373 7371
f 7372 7228 7226
f 7374 7228 7372
f 7229 7373 7227
f 7229 7375 7373
f 7374 7230 7228
f 7376 7230 7374
f 7231 7375 7229
f 7231 7377 7375
f 7380 7379 7378
f 7376 7380 7378
f 7232 7376 7378
f 7230 7376 7232
f 7233 7377 7231
f 7233 7381 7377
f 7378 7379 7382
f 7382 7379 7383
f 7382 7234 7232
f 7382 7232 7378
f 7235 7381 7233
f 7235 7384 7381
f 7383 7385 7382
f 7234 7382 7385
f 7386 7234 7385
f 7236 7234 7386
f 7237 7384 7235
f 7237 7387 7384
f 7386 7238 7236
f 7388 7238 7386
f 7239 7387 7237
f 7239 7389 7387
f 7391 7390 7242
f 7242 7390 7241
f 7242 7238 7388
f 7242 7388 7391
f 7392 7389 7239
f 7392 7239 7243
f 7393 7243 7244
f 7393 7392 7243
f 7394 7244 7245
f 7394 7393 7244
f 7395 7245 7246
f 7395 7394 7245
f 7396 7246 7247
f 7396 7395 7246
f 7397 7247 7248
f 7397 7396 7247
f 7398 7248 7249
f 7398 7397 7248
f 7399 7249 7250
f 7399 7398 7249
f 7400 7250 7251
f 7400 7399 7250
f 7401 7251 7252
f 7401 7400 7251
f 7402 7252 7253
f 7402 7401 7252
f 7403 7253 7254
f 7403 7402 7253
f 7404 7254 7255
f 7404 7403 7254
f 7405 7255 7256
f 7405 7404 7255
f 7406 7256 7257
f 7406 7405 7256
f 7407 7257 7258
f 7407 7406 7257
f 7408 7258 7259
f 7408 7407 7258
f 7409 7259 7260
f 7409 7408 7259
f 7410 7260 7261
f 7410 7409 7260
f 7411 7261 7262
f 7411 7410 7261
f 7262 7241 7390
f 7262 7390 7411
f 7413 7412 7265
f 7413 7265 7264
f 7265 7414 7266
f 7412 7414 7265
f 7266 7415 7267
f 7414 7415 7266
f 7267 7416 7268
f 7415 7416 7267
f 7268 7417 7269
f 7416 7417 7268
f 7269 7418 7270
f 7417 7418 7269
f 7270 7419 7271
f 7418 7419 7270
f 7271 7420 7272
f 7419 7420 7271
f 7272 7421 7273
f 7420 7421 7272
f 7273 7422 7274
f 7421 7422 7273
f 7274 7423 7275
f 7422 7423 7274
f 7275 7424 7276
f 7423 7424 7275
f 7276 7425 7277
f 7424 7425 7276
f 7277 7426 7278
f 7425 7426 7277
f 7278 7427 7279
f 7426 7427 7278
f 7279 7428 7280
f 7427 7428 7279
f 7280 7429 7281
f 7428 7429 7280
f 7281 7430 7282
f 7429 7430 7281
f 7282 7431 7283
f 7430 7431 7282
f 7285 7283 7431
f 7285 7431 7432
f 7287 7433 7286
f 7433 7434 7286
f 7434 7264 7286
f 7434 7413 7264
f 7288 7285 7435
f 7285 7436 7435
f 7285 7432 7436
f 7435 7289 7288
f 7290 7437 7433
f 7290 7433 7287
f 7434 7433 7438
f 7438 7433 7437
f 7435 7436 7293
f 7436 7292 7293
f 7436 7439 7292
f 7435 7293 7289
f 7294 7440 7437
f 7294 7437 7290
f 7438 7437 7441
f 7441 7437 7440
f 7439 7296 7292
f 7442 7296 7439
f 7297 7443 7440
f 7297 7440 7294
f 7441 7440 7444
f 7444 7440 7443
f 7442 7299 7296
f 7445 7299 7442
f 7300 7446 7443
f 7300 7443 7297
f 7444 7443 7447
f 7447 7443 7446
f 7445 7302 7299
f 7448 7302 7445
f 7303 7449 7446
f 7303 7446 7300
f 7447 7446 7450
f 7450 7446 7449
f 7448 7451 7302
f 7302 7451 7304
f 7305 7304 7451
f 7305 7451 7452
f 7306 7453 7449
f 7306 7449 7303
f 7450 7449 7454
f 7454 7449 7453
f 7457 7456 7455
f 7452 7457 7455
f 7307 7452 7455
f 7305 7452 7307
f 7308 7458 7453
f 7308 7453 7306
f 7454 7453 7459
f 7459 7453 7458
f 7455 7456 7311
f 7456 7310 7311
f 7456 7460 7310
f 7455 7311 7307
f 7462 7461 7458
f 7308 7462 7458
f 7312 7462 7308
f 7458 7461 7459
f 7460 7314 7310
f 7463 7314 7460
f 7315 7465 7464
f 7462 7315 7464
f 7312 7315 7462
f 7465 7466 7464
f 7463 7317 7314
f 7467 7317 7463
f 7469 7468 7465
f 7315 7469 7465
f 7318 7469 7315
f 7465 7468 7466
f 7467 7320 7317
f 7470 7320 7467
f 7321 7469 7318
f 7321 7471 7469
f 7470 7323 7320
f 7472 7323 7470
f 7324 7471 7321
f 7324 7473 7471
f 7472 7326 7323
f 7474 7326 7472
f 7327 7473 7324
f 7327 7475 7473
f 7474 7329 7326
f 7476 7329 7474
f 7330 7478 7477
f 7475 7330 7477
f 7327 7330 7475
f 7478 7479 7477
f 7331 7329 7480
f 7329 7481 7480
f 7329 7476 7481
f 7480 7332 7331
f 7333 7482 7478
f 7333 7478 7330
f 7479 7478 7483
f 7483 7478 7482
f 7485 7484 7481
f 7484 7335 7481
f 7336 7480 7481
f 7336 7481 7335
f 7336 7332 7480
f 7484 7485 7486
f 7337 7487 7482
f 7337 7482 7333
f 7483 7482 7488
f 7488 7482 7487
f 7490 7489 7484
f 7489 7335 7484
f 7489 7339 7335
f 7490 7484 7486
f 7340 7491 7487
f 7340 7487 7337
f 7488 7487 7492
f 7492 7487 7491
f 7489 7342 7339
f 7493 7342 7489
f 7343 7494 7491
f 7343 7491 7340
f 7492 7491 7495
f 7495 7491 7494
f 7344 7342 7496
f 7342 7497 7496
f 7342 7493 7497
f 7496 7345 7344
f 7346 7498 7494
f 7346 7494 7343
f 7495 7494 7499
f 7499 7494 7498
f 7496 7497 7349
f 7497 7348 7349
f 7497 7500 7348
f 7496 7349 7345
f 7350 7501 7498
f 7350 7498 7346
f 7499 7498 7502
f 7502 7498 7501
f 7500 7352 7348
f 7503 7352 7500
f 7353 7504 7501
f 7353 7501 7350
f 7502 7501 7505
f 7505 7501 7504
f 7503 7355 7352
f 7506 7355 7503
f 7356 7507 7504
f 7356 7504 7353
f 7505 7504 7508
f 7508 7504 7507
f 7506 7358 7355
f 7509 7358 7506
f 7359 7510 7507
f 7359 7507 7356
f 7508 7507 7511
f 7511 7507 7510
f 7509 7361 7358
f 7512 7361 7509
f 7362 7513 7510
f 7362 7510 7359
f 7511 7510 7514
f 7514 7510 7513
f 7363 7361 7515
f 7361 7516 7515
f 7361 7512 7516
f 7515 7364 7363
f 7365 7517 7513
f 7365 7513 7362
f 7514 7513 7518
f 7518 7513 7517
f 7515 7516 7519
f 7519 7516 7520
f 7519 7366 7364
f 7519 7364 7515
f 7367 7521 7517
f 7367 7517 7365
f 7518 7517 7522
f 7522 7517 7521
f 7519 7520 7523
f 7523 7520 7524
f 7523 7368 7366
f 7523 7366 7519
f 7369 7525 7521
f 7369 7521 7367
f 7522 7521 7526
f 7526 7521 7525
f 7523 7524 7527
f 7527 7524 7528
f 7527 7370 7368
f 7527 7368 7523
f 7371 7529 7525
f 7371 7525 7369
f 7526 7525 7530
f 7530 7525 7529
f 7527 7528 7531
f 7531 7528 7532
f 7531 7372 7370
f 7531 7370 7527
f 7373 7533 7529
f 7373 7529 7371
f 7530 7529 7534
f 7534 7529 7533
f 7532 7535 7531
f 7372 7531 7535
f 7536 7372 7535
f 7374 7372 7536
f 7375 7537 7533
f 7375 7533 7373
f 7534 7533 7538
f 7538 7533 7537
f 7541 7540 7539
f 7536 7541 7539
f 7376 7536 7539
f 7374 7536 7376
f 7377 7542 7537
f 7377 7537 7375
f 7538 7537 7543
f 7543 7537 7542
f 7539 7540 7380
f 7540 7379 7380
f 7540 7544 7379
f 7539 7380 7376
f 7381 7545 7542
f 7381 7542 7377
f 7543 7542 7546
f 7546 7542 7545
f 7544 7383 7379
f 7547 7383 7544
f 7384 7548 7545
f 7384 7545 7381
f 7546 7545 7549
f 7549 7545 7548
f 7547 7550 7383
f 7383 7550 7385
f 7386 7385 7550
f 7386 7550 7551
f 7553 7552 7548
f 7384 7553 7548
f 7387 7553 7384
f 7548 7552 7549
f 7551 7388 7386
f 7554 7388 7551
f 7389 7553 7387
f 7389 7555 7553
f 7557 7556 7391
f 7391 7556 7390
f 7391 7388 7554
f 7391 7554 7557
f 7558 7555 7389
f 7558 7389 7392
f 7559 7392 7393
f 7559 7558 7392
f 7560 7393 7394
f 7560 7559 7393
f 7561 7394 7395
f 7561 7560 7394
f 7562 7395 7396
f 7562 7561 7395
f 7563 7396 7397
f 7563 7562 7396
f 7564 7397 7398
f 7564 7563 7397
f 7565 7398 7399
f 7565 7564 7398
f 7566 7399 7400
f 7566 7565 7399
f 7567 7400 7401
f 7567 7566 7400
f 7568 7401 7402
f 7568 7567 7401
f 7569 7402 7403
f 7569 7568 7402
f 7570 7403 7404
f 7570 7569 7403
f 7571 7404 7405
f 7571 7570 7404
f 7572 7405 7406
f 7572 7571 7405
f 7573 7406 7407
f 7573 7572 7406
f 7574 7407 7408
f 7574 7573 7407
f 7575 7408 7409
f 7575 7574 7408
f 7576 7409 7410
f 7576 7575 7409
f 7577 7410 7411
f 7577 7576 7410
f 7411 7390 7556
f 7411 7556 7577
f 7579 7578 7412
f 7579 7412 7413
f 7412 7580 7414
f 7578 7580 7412
f 7414 7581 7415
f 7580 7581 7414
f 7415 7582 7416
f 7581 7582 7415
f 7416 7583 7417
f 7582 7583 7416
f 7417 7584 7418
f 7583 7584 7417
f 7418 7585 7419
f 7584 7585 7418
f 7419 7586 7420
f 7585 7586 7419
f 7420 7587 7421
f 7586 7587 7420
f 7421 7588 7422
f 7587 7588 7421
f 7422 7589 7423
f 7588 7589 7422
f 7423 7590 7424
f 7589 7590 7423
f 7424 7591 7425
f 7590 7591 7424
f 7425 7592 7426
f 7591 7592 7425
f 7426 7593 7427
f 7592 7593 7426
f 7427 7594 7428
f 7593 7594 7427
f 7428 7595 7429
f 7594 7595 7428
f 7429 7596 7430
f 7595 7596 7429
f 7430 7597 7431
f 7596 7597 7430
f 7432 7431 7597
f 7432 7597 7598
f 7434 7579 7413
f 7434 7599 7579
f 7598 7436 7432
f 7600 7436 7598
f 7438 7599 7434
f 7438 7601 7599
f 7600 7439 7436
f 7602 7439 7600
f 7441 7601 7438
f 7441 7603 7601
f 7602 7442 7439
f 7604 7442 7602
f 7444 7603 7441
f 7444 7605 7603
f 7604 7445 7442
f 7606 7445 7604
f 7447 7605 7444
f 7447 7607 7605
f 7606 7448 7445
f 7608 7448 7606
f 7450 7607 7447
f 7450 7609 7607
f 7451 7448 7610
f 7448 7611 7610
f 7448 7608 7611
f 7610 7452 7451
f 7454 7609 7450
f 7454 7612 7609
f 7610 7611 7457
f 7611 7456 7457
f 7611 7613 7456
f 7610 7457 7452
f 7459 7612 7454
f 7459 7614 7612
f 7613 7460 7456
f 7615 7460 7613
f 7462 7616 7461
f 7616 7617 7461
f 7617 7459 7461
f 7617 7614 7459
f 7615 7463 7460
f 7618 7463 7615
f 7616 7462 7464
f 7621 7620 7619
f 7620 7621 7466
f 7621 7617 7466
f 7616 7464 7466
f 7616 7466 7617
f 7618 7467 7463
f 7622 7467 7618
f 7468 7469 7623
f 7620 7624 7619
f 7624 7620 7625
f 7620 7466 7625
f 7468 7623 7625
f 7468 7625 7466
f 7622 7470 7467
f 7626 7470 7622
f 7628 7627 7623
f 7469 7628 7623
f 7471 7628 7469
f 7623 7627 7625
f 7626 7472 7470
f 7629 7472 7626
f 7473 7631 7630
f 7628 7473 7630
f 7471 7473 7628
f 7631 7632 7630
f 7629 7474 7472
f 7633 7474 7629
f 7635 7634 7631
f 7473 7635 7631
f 7475 7635 7473
f 7631 7634 7632
f 7633 7476 7474
f 7636 7476 7633
f 7637 7635 7475
f 7637 7475 7477
f 7477 7479 7637
f 7637 7479 7638
f 7636 7481 7476
f 7639 7481 7636
f 7483 7638 7479
f 7483 7640 7638
f 7485 7481 7641
f 7481 7642 7641
f 7481 7639 7642
f 7641 7486 7485
f 7488 7640 7483
f 7488 7643 7640
f 7641 7642 7490
f 7642 7489 7490
f 7642 7644 7489
f 7641 7490 7486
f 7492 7643 7488
f 7492 7645 7643
f 7644 7493 7489
f 7646 7493 7644
f 7495 7645 7492
f 7495 7647 7645
f 7646 7497 7493
f 7648 7497 7646
f 7499 7647 7495
f 7499 7649 7647
f 7648 7500 7497
f 7650 7500 7648
f 7502 7649 7499
f 7502 7651 7649
f 7650 7503 7500
f 7652 7503 7650
f 7505 7651 7502
f 7505 7653 7651
f 7652 7506 7503
f 7654 7506 7652
f 7508 7653 7505
f 7508 7655 7653
f 7654 7509 7506
f 7656 7509 7654
f 7659 7658 7657
f 7658 7655 7657
f 7655 7511 7657
f 7655 7508 7511
f 7656 7512 7509
f 7660 7512 7656
f 7661 7659 7657
f 7657 7511 7661
f 7511 7662 7661
f 7511 7514 7662
f 7660 7516 7512
f 7663 7516 7660
f 7518 7662 7514
f 7518 7664 7662
f 7663 7520 7516
f 7665 7520 7663
f 7522 7664 7518
f 7522 7666 7664
f 7665 7524 7520
f 7667 7524 7665
f 7670 7669 7668
f 7669 7666 7668
f 7666 7526 7668
f 7666 7522 7526
f 7667 7528 7524
f 7671 7528 7667
f 7672 7670 7668
f 7668 7526 7672
f 7526 7673 7672
f 7526 7530 7673
f 7671 7532 7528
f 7674 7532 7671
f 7534 7673 7530
f 7534 7675 7673
f 7535 7532 7676
f 7532 7677 7676
f 7532 7674 7677
f 7676 7536 7535
f 7538 7675 7534
f 7538 7678 7675
f 7676 7677 7541
f 7677 7540 7541
f 7677 7679 7540
f 7676 7541 7536
f 7543 7678 7538
f 7543 7680 7678
f 7679 7544 7540
f 7681 7544 7679
f 7546 7680 7543
f 7546 7682 7680
f 7681 7547 7544
f 7683 7547 7681
f 7686 7685 7684
f 7685 7682 7684
f 7682 7549 7684
f 7682 7546 7549
f 7550 7547 7687
f 7547 7688 7687
f 7547 7683 7688
f 7687 7551 7550
f 7686 7690 7689
f 7686 7553 7690
f 7686 7684 7552
f 7553 7686 7552
f 7684 7549 7552
f 7691 7689 7690
f 7688 7692 7687
f 7551 7687 7692
f 7693 7551 7692
f 7554 7551 7693
f 7555 7694 7690
f 7555 7690 7553
f 7691 7690 7695
f 7695 7690 7694
f 7698 7697 7696
f 7700 7699 7696
f 7696 7699 7698
f 7700 7701 7699
f 7704 7703 7702
f 7706 7705 7702
f 7702 7705 7704
f 7708 7707 7706
f 7706 7707 7705
f 7710 7709 7708
f 7708 7709 7707
f 7712 7711 7710
f 7710 7711 7709
f 7714 7713 7712
f 7712 7713 7711
f 7716 7715 7714
f 7714 7715 7713
f 7718 7717 7716
f 7716 7717 7715
f 7720 7719 7718
f 7718 7719 7717
f 7722 7721 7720
f 7720 7721 7719
f 7724 7723 7722
f 7722 7723 7721
f 7724 7725 7723
f 7727 7726 7557
f 7557 7726 7556
f 7557 7554 7693
f 7557 7693 7727
f 7558 7694 7555
f 7728 7695 7694
f 7558 7728 7694
f 7559 7728 7558
f 7729 7559 7560
f 7729 7728 7559
f 7730 7560 7561
f 7730 7729 7560
f 7562 7696 7697
f 7730 7562 7697
f 7561 7562 7730
f 7696 7562 7563
f 7696 7563 7700
f 7731 7701 7700
f 7563 7731 7700
f 7564 7731 7563
f 7565 7702 7703
f 7731 7565 7703
f 7564 7565 7731
f 7702 7565 7566
f 7702 7566 7706
f 7706 7566 7567
f 7706 7567 7708
f 7708 7567 7568
f 7708 7568 7710
f 7710 7568 7569
f 7710 7569 7712
f 7712 7569 7570
f 7712 7570 7714
f 7714 7570 7571
f 7714 7571 7716
f 7716 7571 7572
f 7716 7572 7718
f 7718 7572 7573
f 7718 7573 7720
f 7720 7573 7574
f 7720 7574 7722
f 7722 7574 7575
f 7722 7575 7724
f 7732 7725 7724
f 7575 7732 7724
f 7576 7732 7575
f 7733 7576 7577
f 7733 7732 7576
f 7577 7556 7726
f 7577 7726 7733
f 7735 7734 7578
f 7735 7578 7579
f 7578 7736 7580
f 7734 7736 7578
f 7580 7737 7581
f 7736 7737 7580
f 7581 7738 7582
f 7737 7738 7581
f 7582 7739 7583
f 7738 7739 7582
f 7583 7740 7584
f 7739 7740 7583
f 7584 7741 7585
f 7740 7741 7584
f 7585 7742 7586
f 7741 7742 7585
f 7586 7743 7587
f 7742 7743 7586
f 7587 7744 7588
f 7743 7744 7587
f 7588 7745 7589
f 7744 7745 7588
f 7589 7746 7590
f 7745 7746 7589
f 7590 7747 7591
f 7746 7747 7590
f 7591 7748 7592
f 7747 7748 7591
f 7592 7749 7593
f 7748 7749 7592
f 7593 7750 7594
f 7749 7750 7593
f 7594 7751 7595
f 7750 7751 7594
f 7595 7752 7596
f 7751 7752 7595
f 7596 7753 7597
f 7752 7753 7596
f 7598 7597 7753
f 7598 7753 7754
f 7599 7735 7579
f 7599 7755 7735
f 7754 7600 7598
f 7756 7600 7754
f 7601 7755 7599
f 7601 7757 7755
f 7756 7602 7600
f 7758 7602 7756
f 7603 7757 7601
f 7603 7759 7757
f 7758 7604 7602
f 7760 7604 7758
f 7605 7759 7603
f 7605 7761 7759
f 7760 7606 7604
f 7762 7606 7760
f 7607 7761 7605
f 7607 7763 7761
f 7762 7608 7606
f 7764 7608 7762
f 7609 7763 7607
f 7609 7765 7763
f 7764 7611 7608
f 7766 7611 7764
f 7612 7765 7609
f 7612 7767 7765
f 7766 7613 7611
f 7768 7613 7766
f 7614 7767 7612
f 7614 7769 7767
f 7768 7615 7613
f 7770 7615 7768
f 7617 7769 7614
f 7617 7771 7769
f 7770 7618 7615
f 7772 7618 7770
f 7619 7773 7621
f 7773 7774 7621
f 7774 7617 7621
f 7774 7771 7617
f 7772 7622 7618
f 7775 7622 7772
f 7624 7773 7619
f 7624 7625 7773
f 7625 7774 7773
f 7625 7776 7774
f 7775 7626 7622
f 7777 7626 7775
f 7628 7778 7627
f 7778 7779 7627
f 7779 7625 7627
f 7779 7776 7625
f 7777 7629 7626
f 7780 7629 7777
f 7630 7778 7628
f 7630 7632 7778
f 7632 7779 7778
f 7632 7781 7779
f 7780 7633 7629
f 7782 7633 7780
f 7635 7783 7634
f 7783 7784 7634
f 7784 7632 7634
f 7784 7781 7632
f 7782 7636 7633
f 7785 7636 7782
f 7637 7783 7635
f 7637 7638 7783
f 7638 7784 7783
f 7638 7786 7784
f 7785 7639 7636
f 7787 7639 7785
f 7640 7786 7638
f 7640 7788 7786
f 7787 7642 7639
f 7789 7642 7787
f 7643 7788 7640
f 7643 7790 7788
f 7789 7644 7642
f 7791 7644 7789
f 7645 7790 7643
f 7645 7792 7790
f 7791 7646 7644
f 7793 7646 7791
f 7647 7792 7645
f 7647 7794 7792
f 7793 7648 7646
f 7795 7648 7793
f 7649 7794 7647
f 7649 7796 7794
f 7795 7650 7648
f 7797 7650 7795
f 7651 7796 7649
f 7651 7798 7796
f 7797 7652 7650
f 7799 7652 7797
f 7653 7798 7651
f 7653 7800 7798
f 7799 7654 7652
f 7801 7654 7799
f 7655 7800 7653
f 7655 7802 7800
f 7801 7656 7654
f 7803 7656 7801
f 7659 7804 7658
f 7804 7805 7658
f 7805 7655 7658
f 7805 7802 7655
f 7803 7660 7656
f 7806 7660 7803
f 7661 7804 7659
f 7661 7662 7804
f 7662 7805 7804
f 7662 7807 7805
f 7806 7663 7660
f 7808 7663 7806
f 7664 7807 7662
f 7664 7809 7807
f 7808 7665 7663
f 7810 7665 7808
f 7666 7809 7664
f 7666 7811 7809
f 7810 7667 7665
f 7812 7667 7810
f 7670 7813 7669
f 7813 7814 7669
f 7814 7666 7669
f 7814 7811 7666
f 7812 7671 7667
f 7815 7671 7812
f 7672 7813 7670
f 7672 7673 7813
f 7673 7814 7813
f 7673 7816 7814
f 7815 7674 7671
f 7817 7674 7815
f 7675 7816 7673
f 7675 7818 7816
f 7817 7677 7674
f 7819 7677 7817
f 7678 7818 7675
f 7678 7820 7818
f 7819 7679 7677
f 7821 7679 7819
f 7680 7820 7678
f 7680 7822 7820
f 7821 7681 7679
f 7823 7681 7821
f 7682 7822 7680
f 7682 7824 7822
f 7823 7683 7681
f 7825 7683 7823
f 7686 7826 7685
f 7826 7827 7685
f 7827 7682 7685
f 7827 7824 7682
f 7825 7688 7683
f 7828 7688 7825
f 7689 7826 7686
f 7689 7691 7826
f 7691 7827 7826
f 7691 7829 7827
f 7692 7688 7830
f 7688 7831 7830
f 7688 7828 7831
f 7830 7693 7692
f 7695 7833 7832
f 7829 7695 7832
f 7691 7695 7829
f 7835 7834 7833
f 7833 7834 7832
f 7837 7836 7835
f 7835 7836 7834
f 7697 7698 7837
f 7698 7836 7837
f 7698 7838 7836
f 7839 7698 7699
f 7839 7838 7698
f 7841 7840 7701
f 7840 7699 7701
f 7840 7839 7699
f 7703 7704 7841
f 7704 7840 7841
f 7704 7842 7840
f 7843 7704 7705
f 7843 7842 7704
f 7844 7705 7707
f 7844 7843 7705
f 7845 7707 7709
f 7845 7844 7707
f 7846 7709 7711
f 7846 7845 7709
f 7847 7711 7713
f 7847 7846 7711
f 7848 7713 7715
f 7848 7847 7713
f 7849 7715 7717
f 7849 7848 7715
f 7850 7717 7719
f 7850 7849 7717
f 7851 7719 7721
f 7851 7850 7719
f 7852 7721 7723
f 7852 7851 7721
f 7854 7853 7725
f 7853 7723 7725
f 7853 7852 7723
f 7854 7855 7853
f 7830 7831 7727
f 7831 7726 7727
f 7831 7856 7726
f 7830 7727 7693
f 7728 7833 7695
f 7833 7728 7729
f 7833 7729 7835
f 7835 7729 7730
f 7835 7730 7837
f 7837 7730 7697
f 7731 7841 7701
f 7841 7731 7703
f 7732 7854 7725
f 7857 7855 7854
f 7732 7857 7854
f 7733 7857 7732
f 7733 7726 7856
f 7733 7856 7857
f 7859 7858 7734
f 7859 7734 7735
f 7858 7861 7860
f 7736 7858 7860
f 7734 7858 7736
f 7862 7737 7736
f 7862 7736 7860
f 7863 7738 7737
f 7863 7737 7862
f 7864 7739 7738
f 7864 7738 7863
f 7865 7740 7739
f 7865 7739 7864
f 7866 7741 7740
f 7866 7740 7865
f 7741 7866 7867
f 7868 7741 7867
f 7742 7741 7868
f 7868 7870 7869
f 7743 7868 7869
f 7742 7868 7743
f 7871 7744 7743
f 7871 7743 7869
f 7744 7871 7872
f 7873 7744 7872
f 7745 7744 7873
f 7745 7874 7746
f 7873 7874 7745
f 7874 7876 7875
f 7747 7874 7875
f 7746 7874 7747
f 7877 7748 7747
f 7877 7747 7875
f 7878 7749 7748
f 7878 7748 7877
f 7749 7878 7879
f 7880 7749 7879
f 7750 7749 7880
f 7880 7882 7881
f 7751 7880 7881
f 7750 7880 7751
f 7751 7881 7883
f 7884 7751 7883
f 7752 7751 7884
f 7884 7886 7885
f 7753 7884 7885
f 7752 7884 7753
f 7885 7754 7753
f 7755 7859 7735
f 7755 7887 7859
f 7861 7888 7860
f 7860 7888 7862
f 7862 7888 7889
f 7862 7889 7863
f 7863 7889 7890
f 7863 7890 7864
f 7864 7890 7891
f 7864 7891 7865
f 7865 7891 7892
f 7865 7892 7866
f 7866 7892 7893
f 7866 7893 7867
f 7870 7894 7869
f 7869 7894 7871
f 7871 7894 7895
f 7871 7895 7872
f 7876 7896 7875
f 7875 7896 7877
f 7877 7896 7897
f 7877 7897 7878
f 7878 7897 7898
f 7878 7898 7879
f 7882 7899 7881
f 7881 7899 7883
f 7886 7900 7885
f 7754 7885 7900
f 7901 7754 7900
f 7756 7754 7901
f 7757 7887 7755
f 7757 7902 7887
f 7901 7758 7756
f 7903 7758 7901
f 7759 7902 7757
f 7759 7904 7902
f 7903 7760 7758
f 7905 7760 7903
f 7761 7904 7759
f 7761 7906 7904
f 7905 7762 7760
f 7907 7762 7905
f 7763 7906 7761
f 7763 7908 7906
f 7907 7764 7762
f 7909 7764 7907
f 7765 7908 7763
f 7765 7910 7908
f 7909 7766 7764
f 7911 7766 7909
f 7767 7910 7765
f 7767 7912 7910
f 7911 7768 7766
f 7913 7768 7911
f 7769 7912 7767
f 7769 7914 7912
f 7913 7770 7768
f 7915 7770 7913
f 7771 7914 7769
f 7771 7916 7914
f 7915 7772 7770
f 7917 7772 7915
f 7774 7916 7771
f 7774 7918 7916
f 7917 7775 7772
f 7919 7775 7917
f 7776 7918 7774
f 7776 7920 7918
f 7919 7777 7775
f 7921 7777 7919
f 7779 7920 7776
f 7779 7922 7920
f 7921 7780 7777
f 7923 7780 7921
f 7781 7922 7779
f 7781 7924 7922
f 7923 7782 7780
f 7925 7782 7923
f 7784 7924 7781
f 7784 7926 7924
f 7925 7785 7782
f 7927 7785 7925
f 7786 7926 7784
f 7786 7928 7926
f 7927 7787 7785
f 7929 7787 7927
f 7788 7928 7786
f 7788 7930 7928
f 7929 7789 7787
f 7931 7789 7929
f 7790 7930 7788
f 7790 7932 7930
f 7931 7791 7789
f 7933 7791 7931
f 7792 7932 7790
f 7792 7934 7932
f 7933 7793 7791
f 7935 7793 7933
f 7794 7934 7792
f 7794 7936 7934
f 7935 7795 7793
f 7937 7795 7935
f 7796 7936 7794
f 7796 7938 7936
f 7937 7797 7795
f 7939 7797 7937
f 7798 7938 7796
f 7798 7940 7938
f 7939 7799 7797
f 7941 7799 7939
f 7800 7940 7798
f 7800 7942 7940
f 7941 7801 7799
f 7943 7801 7941
f 7802 7942 7800
f 7802 7944 7942
f 7943 7803 7801
f 7945 7803 7943
f 7805 7944 7802
f 7805 7946 7944
f 7945 7806 7803
f 7947 7806 7945
f 7807 7946 7805
f 7807 7948 7946
f 7947 7808 7806
f 7949 7808 7947
f 7809 7948 7807
f 7809 7950 7948
f 7949 7810 7808
f 7951 7810 7949
f 7811 7950 7809
f 7811 7952 7950
f 7951 7812 7810
f 7953 7812 7951
f 7814 7952 7811
f 7814 7954 7952
f 7953 7815 7812
f 7955 7815 7953
f 7816 7954 7814
f 7816 7956 7954
f 7955 7817 7815
f 7957 7817 7955
f 7818 7956 7816
f 7818 7958 7956
f 7957 7819 7817
f 7959 7819 7957
f 7820 7958 7818
f 7820 7960 7958
f 7959 7821 7819
f 7961 7821 7959
f 7822 7960 7820
f 7822 7962 7960
f 7961 7823 7821
f 7963 7823 7961
f 7824 7962 7822
f 7824 7964 7962
f 7963 7825 7823
f 7965 7825 7963
f 7827 7964 7824
f 7827 7966 7964
f 7965 7828 7825
f 7967 7828 7965
f 7829 7966 7827
f 7829 7968 7966
f 7967 7831 7828
f 7969 7831 7967
f 7970 7968 7829
f 7970 7829 7832
f 7971 7832 7834
f 7971 7970 7832
f 7972 7834 7836
f 7972 7971 7834
f 7973 7836 7838
f 7973 7972 7836
f 7974 7838 7839
f 7974 7973 7838
f 7975 7839 7840
f 7975 7974 7839
f 7976 7840 7842
f 7976 7975 7840
f 7977 7842 7843
f 7977 7976 7842
f 7978 7843 7844
f 7978 7977 7843
f 7979 7844 7845
f 7979 7978 7844
f 7980 7845 7846
f 7980 7979 7845
f 7981 7846 7847
f 7981 7980 7846
f 7982 7847 7848
f 7982 7981 7847
f 7983 7848 7849
f 7983 7982 7848
f 7984 7849 7850
f 7984 7983 7849
f 7985 7850 7851
f 7985 7984 7850
f 7986 7851 7852
f 7986 7985 7851
f 7987 7852 7853
f 7987 7986 7852
f 7989 7988 7855
f 7988 7853 7855
f 7988 7987 7853
f 7969 7988 7989
f 7856 7969 7989
f 7831 7969 7856
f 7857 7989 7855
f 7989 7857 7856
f 7859 7990 7858
f 7990 7861 7858
f 7867 7991 7868
f 7991 7870 7868
f 7872 7992 7873
f 7993 7874 7873
f 7993 7873 7992
f 7993 7876 7874
f 7996 7995 7994
f 7997 7994 7995
f 7879 7998 7880
f 7998 7882 7880
f 8000 7999 7884
f 8000 7884 7883
f 7886 7884 7999
f 7886 7999 8001
f 8003 8002 7990
f 7859 8003 7990
f 7887 8003 7859
f 7990 8002 7861
f 8002 7888 7861
f 8002 8004 7888
f 7888 8005 7889
f 8004 8005 7888
f 7889 8006 7890
f 8005 8006 7889
f 7890 8007 7891
f 8006 8007 7890
f 7891 8008 7892
f 8007 8008 7891
f 7892 8009 7893
f 8008 8009 7892
f 7867 7893 7991
f 7893 8010 7991
f 7893 8009 8010
f 7991 8010 7870
f 8010 7894 7870
f 8010 8011 7894
f 7894 8012 7895
f 8011 8012 7894
f 7872 7895 7992
f 7895 8013 7992
f 7895 8012 8013
f 7992 8013 7993
f 7993 8013 8014
f 7993 8014 7876
f 8014 7896 7876
f 8014 8015 7896
f 7994 7897 7996
f 7897 8015 7996
f 7897 7896 8015
f 7997 8016 7994
f 8016 7897 7994
f 8016 7898 7897
f 7879 7898 7998
f 7898 8017 7998
f 7898 8016 8017
f 7998 8017 7882
f 8017 7899 7882
f 8017 8018 7899
f 7883 7899 8000
f 8000 7899 8018
f 8001 8019 7886
f 7886 8019 7900
f 7901 7900 8019
f 7901 8019 8020
f 7902 8003 7887
f 7902 8021 8003
f 8020 7903 7901
f 8022 7903 8020
f 7904 8021 7902
f 7904 8023 8021
f 8022 7905 7903
f 8024 7905 8022
f 7906 8023 7904
f 7906 8025 8023
f 8024 7907 7905
f 8026 7907 8024
f 7908 8025 7906
f 7908 8027 8025
f 8026 7909 7907
f 8028 7909 8026
f 7910 8027 7908
f 7910 8029 8027
f 8028 7911 7909
f 8030 7911 8028
f 7912 8029 7910
f 7912 8031 8029
f 8030 7913 7911
f 8032 7913 8030
f 7914 8031 7912
f 7914 8033 8031
f 8032 7915 7913
f 8034 7915 8032
f 7916 8033 7914
f 7916 8035 8033
f 8034 7917 7915
f 8036 7917 8034
f 7918 8035 7916
f 7918 8037 8035
f 8036 7919 7917
f 8038 7919 8036
f 7920 8037 7918
f 7920 8039 8037
f 8038 7921 7919
f 8040 7921 8038
f 7922 8039 7920
f 7922 8041 8039
f 8040 7923 7921
f 8042 7923 8040
f 7924 8041 7922
f 7924 8043 8041
f 8042 7925 7923
f 8044 7925 8042
f 7926 8043 7924
f 7926 8045 8043
f 8044 7927 7925
f 8046 7927 8044
f 7928 8045 7926
f 7928 8047 8045
f 8046 7929 7927
f 8048 7929 8046
f 7930 8047 7928
f 7930 8049 8047
f 8048 7931 7929
f 8050 7931 8048
f 7932 8049 7930
f 7932 8051 8049
f 8050 7933 7931
f 8052 7933 8050
f 7934 8051 7932
f 7934 8053 8051
f 8052 7935 7933
f 8054 7935 8052
f 7936 8053 7934
f 7936 8055 8053
f 8054 7937 7935
f 8056 7937 8054
f 7938 8055 7936
f 7938 8057 8055
f 8056 7939 7937
f 8058 7939 8056
f 7940 8057 7938
f 7940 8059 8057
f 8058 7941 7939
f 8060 7941 8058
f 7942 8059 7940
f 7942 8061 8059
f 8060 7943 7941
f 8062 7943 8060
f 7944 8061 7942
f 7944 8063 8061
f 8062 7945 7943
f 8064 7945 8062
f 7946 8063 7944
f 7946 8065 8063
f 8064 7947 7945
f 8066 7947 8064
f 7948 8065 7946
f 7948 8067 8065
f 8066 7949 7947
f 8068 7949 8066
f 7950 8067 7948
f 7950 8069 8067
f 8068 7951 7949
f 8070 7951 8068
f 7952 8069 7950
f 7952 8071 8069
f 8070 7953 7951
f 8072 7953 8070
f 7954 8071 7952
f 7954 8073 8071
f 8072 7955 7953
f 8074 7955 8072
f 7956 8073 7954
f 7956 8075 8073
f 8074 7957 7955
f 8076 7957 8074
f 7958 8075 7956
f 7958 8077 8075
f 8076 7959 7957
f 8078 7959 8076
f 7960 8077 7958
f 7960 8079 8077
f 8078 7961 7959
f 8080 7961 8078
f 7962 8079 7960
f 7962 8081 8079
f 8080 7963 7961
f 8082 7963 8080
f 7964 8081 7962
f 7964 8083 8081
f 8082 7965 7963
f 8084 7965 8082
f 7966 8083 7964
f 7966 8085 8083
f 8084 7967 7965
f 8086 7967 8084
f 7968 8085 7966
f 7968 8087 8085
f 8086 7969 7967
f 8088 7969 8086
f 8089 8087 7968
f 8089 7968 7970
f 8090 7970 7971
f 8090 8089 7970
f 8091 7971 7972
f 8091 8090 7971
f 8092 7972 7973
f 8092 8091 7972
f 8093 7973 7974
f 8093 8092 7973
f 8094 7974 7975
f 8094 8093 7974
f 8095 7975 7976
f 8095 8094 7975
f 8096 7976 7977
f 8096 8095 7976
f 8097 7977 7978
f 8097 8096 7977
f 8098 7978 7979
f 8098 8097 7978
f 8099 7979 7980
f 8099 8098 7979
f 8100 7980 7981
f 8100 8099 7980
f 8101 7981 7982
f 8101 8100 7981
f 8102 7982 7983
f 8102 8101 7982
f 8103 7983 7984
f 8103 8102 7983
f 8104 7984 7985
f 8104 8103 7984
f 8105 7985 7986
f 8105 8104 7985
f 8106 7986 7987
f 8106 8105 7986
f 8107 7987 7988
f 8107 8106 7987
f 7988 7969 8088
f 7988 8088 8107
f 8110 8109 8108
f 8111 8108 8109
f 8114 8113 8112
f 8115 8112 8113
f 7996 8116 7995
f 8116 7997 7995
f 8118 8117 7999
f 8118 7999 8000
f 8001 7999 8117
f 8001 8117 8119
f 8121 8120 8002
f 8121 8002 8003
f 8002 8122 8004
f 8120 8122 8002
f 8108 8005 8110
f 8005 8122 8110
f 8005 8004 8122
f 8111 8123 8108
f 8123 8005 8108
f 8123 8006 8005
f 8112 8007 8114
f 8007 8123 8114
f 8007 8006 8123
f 8115 8124 8112
f 8124 8007 8112
f 8124 8008 8007
f 8008 8125 8009
f 8124 8125 8008
f 8009 8126 8010
f 8125 8126 8009
f 8010 8127 8011
f 8126 8127 8010
f 8011 8128 8012
f 8127 8128 8011
f 8012 8129 8013
f 8128 8129 8012
f 8013 8130 8014
f 8129 8130 8013
f 8014 8131 8015
f 8130 8131 8014
f 7996 8015 8116
f 8015 8132 8116
f 8015 8131 8132
f 8116 8132 7997
f 8132 8016 7997
f 8132 8133 8016
f 8016 8134 8017
f 8133 8134 8016
f 8017 8135 8018
f 8134 8135 8017
f 8000 8018 8118
f 8118 8018 8135
f 8119 8136 8001
f 8001 8136 8019
f 8020 8019 8136
f 8020 8136 8137
f 8021 8121 8003
f 8021 8138 8121
f 8137 8022 8020
f 8139 8022 8137
f 8023 8138 8021
f 8023 8140 8138
f 8139 8024 8022
f 8141 8024 8139
f 8025 8140 8023
f 8025 8142 8140
f 8141 8026 8024
f 8143 8026 8141
f 8027 8142 8025
f 8027 8144 8142
f 8143 8028 8026
f 8145 8028 8143
f 8029 8144 8027
f 8029 8146 8144
f 8145 8030 8028
f 8147 8030 8145
f 8031 8146 8029
f 8031 8148 8146
f 8147 8032 8030
f 8149 8032 8147
f 8033 8148 8031
f 8033 8150 8148
f 8149 8034 8032
f 8151 8034 8149
f 8035 8150 8033
f 8035 8152 8150
f 8151 8036 8034
f 8153 8036 8151
f 8037 8152 8035
f 8037 8154 8152
f 8153 8038 8036
f 8155 8038 8153
f 8039 8154 8037
f 8039 8156 8154
f 8155 8040 8038
f 8157 8040 8155
f 8041 8156 8039
f 8041 8158 8156
f 8157 8042 8040
f 8159 8042 8157
f 8043 8158 8041
f 8043 8160 8158
f 8159 8044 8042
f 8161 8044 8159
f 8045 8160 8043
f 8045 8162 8160
f 8161 8046 8044
f 8163 8046 8161
f 8047 8162 8045
f 8047 8164 8162
f 8163 8048 8046
f 8165 8048 8163
f 8049 8164 8047
f 8049 8166 8164
f 8165 8050 8048
f 8167 8050 8165
f 8051 8166 8049
f 8051 8168 8166
f 8167 8052 8050
f 8169 8052 8167
f 8053 8168 8051
f 8053 8170 8168
f 8169 8054 8052
f 8171 8054 8169
f 8055 8170 8053
f 8055 8172 8170
f 8171 8056 8054
f 8173 8056 8171
f 8057 8172 8055
f 8057 8174 8172
f 8173 8058 8056
f 8175 8058 8173
f 8059 8174 8057
f 8059 8176 8174
f 8175 8060 8058
f 8177 8060 8175
f 8061 8176 8059
f 8061 8178 8176
f 8177 8062 8060
f 8179 8062 8177
f 8063 8178 8061
f 8063 8180 8178
f 8179 8064 8062
f 8181 8064 8179
f 8065 8180 8063
f 8065 8182 8180
f 8181 8066 8064
f 8183 8066 8181
f 8067 8182 8065
f 8067 8184 8182
f 8183 8068 8066
f 8185 8068 8183
f 8069 8184 8067
f 8069 8186 8184
f 8185 8070 8068
f 8187 8070 8185
f 8071 8186 8069
f 8071 8188 8186
f 8187 8072 8070
f 8189 8072 8187
f 8073 8188 8071
f 8073 8190 8188
f 8189 8074 8072
f 8191 8074 8189
f 8075 8190 8073
f 8075 8192 8190
f 8191 8076 8074
f 8193 8076 8191
f 8077 8192 8075
f 8077 8194 8192
f 8193 8078 8076
f 8195 8078 8193
f 8079 8194 8077
f 8079 8196 8194
f 8195 8080 8078
f 8197 8080 8195
f 8081 8196 8079
f 8081 8198 8196
f 8197 8082 8080
f 8199 8082 8197
f 8083 8198 8081
f 8083 8200 8198
f 8199 8084 8082
f 8201 8084 8199
f 8085 8200 8083
f 8085 8202 8200
f 8201 8086 8084
f 8203 8086 8201
f 8087 8202 8085
f 8087 8204 8202
f 8203 8088 8086
f 8205 8088 8203
f 8206 8204 8087
f 8206 8087 8089
f 8207 8089 8090
f 8207 8206 8089
f 8208 8090 8091
f 8208 8207 8090
f 8209 8091 8092
f 8209 8208 8091
f 8210 8092 8093
f 8210 8209 8092
f 8211 8093 8094
f 8211 8210 8093
f 8212 8094 8095
f 8212 8211 8094
f 8213 8095 8096
f 8213 8212 8095
f 8214 8096 8097
f 8214 8213 8096
f 8215 8097 8098
f 8215 8214 8097
f 8216 8098 8099
f 8216 8215 8098
f 8217 8099 8100
f 8217 8216 8099
f 8218 8100 8101
f 8218 8217 8100
f 8219 8101 8102
f 8219 8218 8101
f 8220 8102 8103
f 8220 8219 8102
f 8221 8103 8104
f 8221 8220 8103
f 8222 8104 8105
f 8222 8221 8104
f 8223 8105 8106
f 8223 8222 8105
f 8224 8106 8107
f 8224 8223 8106
f 8107 8088 8205
f 8107 8205 8224
f 8226 8225 8109
f 8226 8109 8110
f 8111 8109 8225
f 8111 8225 8227
f 8114 8228 8113
f 8228 8115 8113
f 8118 8229 8117
f 8229 8119 8117
f 8231 8230 8120
f 8231 8120 8121
f 8120 8232 8122
f 8230 8232 8120
f 8110 8122 8226
f 8226 8122 8232
f 8227 8233 8111
f 8111 8233 8123
f 8114 8123 8228
f 8123 8234 8228
f 8123 8233 8234
f 8228 8234 8115
f 8234 8124 8115
f 8234 8235 8124
f 8124 8236 8125
f 8235 8236 8124
f 8125 8237 8126
f 8236 8237 8125
f 8126 8238 8127
f 8237 8238 8126
f 8127 8239 8128
f 8238 8239 8127
f 8128 8240 8129
f 8239 8240 8128
f 8129 8241 8130
f 8240 8241 8129
f 8130 8242 8131
f 8241 8242 8130
f 8131 8243 8132
f 8242 8243 8131
f 8132 8244 8133
f 8243 8244 8132
f 8133 8245 8134
f 8244 8245 8133
f 8134 8246 8135
f 8245 8246 8134
f 8118 8135 8229
f 8135 8247 8229
f 8135 8246 8247
f 8229 8247 8119
f 8247 8136 8119
f 8247 8248 8136
f 8137 8136 8248
f 8137 8248 8249
f 8138 8231 8121
f 8138 8250 8231
f 8249 8139 8137
f 8251 8139 8249
f 8140 8250 8138
f 8140 8252 8250
f 8251 8141 8139
f 8253 8141 8251
f 8142 8252 8140
f 8142 8254 8252
f 8253 8143 8141
f 8255 8143 8253
f 8144 8254 8142
f 8144 8256 8254
f 8255 8145 8143
f 8257 8145 8255
f 8146 8256 8144
f 8146 8258 8256
f 8257 8147 8145
f 8259 8147 8257
f 8148 8258 8146
f 8148 8260 8258
f 8259 8149 8147
f 8261 8149 8259
f 8150 8260 8148
f 8150 8262 8260
f 8261 8151 8149
f 8263 8151 8261
f 8152 8262 8150
f 8152 8264 8262
f 8263 8153 8151
f 8265 8153 8263
f 8154 8264 8152
f 8154 8266 8264
f 8265 8155 8153
f 8267 8155 8265
f 8156 8266 8154
f 8156 8268 8266
f 8267 8157 8155
f 8269 8157 8267
f 8158 8268 8156
f 8158 8270 8268
f 8269 8159 8157
f 8271 8159 8269
f 8160 8270 8158
f 8160 8272 8270
f 8271 8161 8159
f 8273 8161 8271
f 8162 8272 8160
f 8162 8274 8272
f 8273 8163 8161
f 8275 8163 8273
f 8164 8274 8162
f 8164 8276 8274
f 8275 8165 8163
f 8277 8165 8275
f 8166 8276 8164
f 8166 8278 8276
f 8277 8167 8165
f 8279 8167 8277
f 8168 8278 8166
f 8168 8280 8278
f 8279 8169 8167
f 8281 8169 8279
f 8170 8280 8168
f 8170 8282 8280
f 8281 8171 8169
f 8283 8171 8281
f 8172 8282 8170
f 8172 8284 8282
f 8283 8173 8171
f 8285 8173 8283
f 8174 8284 8172
f 8174 8286 8284
f 8285 8175 8173
f 8287 8175 8285
f 8176 8286 8174
f 8176 8288 8286
f 8287 8177 8175
f 8289 8177 8287
f 8178 8288 8176
f 8178 8290 8288
f 8289 8179 8177
f 8291 8179 8289
f 8180 8290 8178
f 8180 8292 8290
f 8291 8181 8179
f 8293 8181 8291
f 8182 8292 8180
f 8182 8294 8292
f 8293 8183 8181
f 8295 8183 8293
f 8184 8294 8182
f 8184 8296 8294
f 8295 8185 8183
f 8297 8185 8295
f 8186 8296 8184
f 8186 8298 8296
f 8297 8187 8185
f 8299 8187 8297
f 8188 8298 8186
f 8188 8300 8298
f 8299 8189 8187
f 8301 8189 8299
f 8190 8300 8188
f 8190 8302 8300
f 8301 8191 8189
f 8303 8191 8301
f 8192 8302 8190
f 8192 8304 8302
f 8303 8193 8191
f 8305 8193 8303
f 8194 8304 8192
f 8194 8306 8304
f 8305 8195 8193
f 8307 8195 8305
f 8196 8306 8194
f 8196 8308 8306
f 8307 8197 8195
f 8309 8197 8307
f 8198 8308 8196
f 8198 8310 8308
f 8309 8199 8197
f 8311 8199 8309
f 8200 8310 8198
f 8200 8312 8310
f 8311 8201 8199
f 8313 8201 8311
f 8202 8312 8200
f 8202 8314 8312
f 8313 8203 8201
f 8315 8203 8313
f 8204 8314 8202
f 8204 8316 8314
f 8315 8205 8203
f 8317 8205 8315
f 8318 8316 8204
f 8318 8204 8206
f 8319 8206 8207
f 8319 8318 8206
f 8320 8207 8208
f 8320 8319 8207
f 8321 8208 8209
f 8321 8320 8208
f 8322 8209 8210
f 8322 8321 8209
f 8323 8210 8211
f 8323 8322 8210
f 8324 8211 8212
f 8324 8323 8211
f 8325 8212 8213
f 8325 8324 8212
f 8326 8213 8214
f 8326 8325 8213
f 8327 8214 8215
f 8327 8326 8214
f 8328 8215 8216
f 8328 8327 8215
f 8329 8216 8217
f 8329 8328 8216
f 8330 8217 8218
f 8330 8329 8217
f 8331 8218 8219
f 8331 8330 8218
f 8332 8219 8220
f 8332 8331 8219
f 8333 8220 8221
f 8333 8332 8220
f 8334 8221 8222
f 8334 8333 8221
f 8335 8222 8223
f 8335 8334 8222
f 8336 8223 8224
f 8336 8335 8223
f 8224 8205 8317
f 8224 8317 8336
f 8226 8337 8225
f 8337 8227 8225
f 8339 8338 8230
f 8339 8230 8231
f 8230 8340 8232
f 8338 8340 8230
f 8226 8232 8337
f 8232 8341 8337
f 8232 8340 8341
f 8337 8341 8227
f 8341 8233 8227
f 8341 8342 8233
f 8233 8343 8234
f 8342 8343 8233
f 8234 8344 8235
f 8343 8344 8234
f 8235 8345 8236
f 8344 8345 8235
f 8236 8346 8237
f 8345 8346 8236
f 8237 8347 8238
f 8346 8347 8237
f 8238 8348 8239
f 8347 8348 8238
f 8239 8349 8240
f 8348 8349 8239
f 8240 8350 8241
f 8349 8350 8240
f 8241 8351 8242
f 8350 8351 8241
f 8242 8352 8243
f 8351 8352 8242
f 8243 8353 8244
f 8352 8353 8243
f 8244 8354 8245
f 8353 8354 8244
f 8245 8355 8246
f 8354 8355 8245
f 8246 8356 8247
f 8355 8356 8246
f 8247 8357 8248
f 8356 8357 8247
f 8249 8248 8357
f 8249 8357 8358
f 8250 8339 8231
f 8250 8359 8339
f 8358 8251 8249
f 8360 8251 8358
f 8252 8359 8250
f 8252 8361 8359
f 8360 8253 8251
f 8362 8253 8360
f 8254 8361 8252
f 8254 8363 8361
f 8362 8255 8253
f 8364 8255 8362
f 8256 8363 8254
f 8256 8365 8363
f 8364 8257 8255
f 8366 8257 8364
f 8258 8365 8256
f 8258 8367 8365
f 8366 8259 8257
f 8368 8259 8366
f 8260 8367 8258
f 8260 8369 8367
f 8368 8261 8259
f 8370 8261 8368
f 8262 8369 8260
f 8262 8371 8369
f 8370 8263 8261
f 8372 8263 8370
f 8264 8371 8262
f 8264 8373 8371
f 8372 8265 8263
f 8374 8265 8372
f 8266 8373 8264
f 8266 8375 8373
f 8374 8267 8265
f 8376 8267 8374
f 8268 8375 8266
f 8268 8377 8375
f 8376 8269 8267
f 8378 8269 8376
f 8270 8377 8268
f 8270 8379 8377
f 8378 8271 8269
f 8380 8271 8378
f 8272 8379 8270
f 8272 8381 8379
f 8380 8273 8271
f 8382 8273 8380
f 8274 8381 8272
f 8274 8383 8381
f 8382 8275 8273
f 8384 8275 8382
f 8276 8383 8274
f 8276 8385 8383
f 8384 8277 8275
f 8386 8277 8384
f 8278 8385 8276
f 8278 8387 8385
f 8386 8279 8277
f 8388 8279 8386
f 8280 8387 8278
f 8280 8389 8387
f 8388 8281 8279
f 8390 8281 8388
f 8282 8389 8280
f 8282 8391 8389
f 8390 8283 8281
f 8392 8283 8390
f 8284 8391 8282
f 8284 8393 8391
f 8392 8285 8283
f 8394 8285 8392
f 8286 8393 8284
f 8286 8395 8393
f 8394 8287 8285
f 8396 8287 8394
f 8288 8395 8286
f 8288 8397 8395
f 8396 8289 8287
f 8398 8289 8396
f 8290 8397 8288
f 8290 8399 8397
f 8398 8291 8289
f 8400 8291 8398
f 8292 8399 8290
f 8292 8401 8399
f 8400 8293 8291
f 8402 8293 8400
f 8294 8401 8292
f 8294 8403 8401
f 8402 8295 8293
f 8404 8295 8402
f 8296 8403 8294
f 8296 8405 8403
f 8404 8297 8295
f 8406 8297 8404
f 8298 8405 8296
f 8298 8407 8405
f 8406 8299 8297
f 8408 8299 8406
f 8300 8407 8298
f 8300 8409 8407
f 8408 8301 8299
f 8410 8301 8408
f 8302 8409 8300
f 8302 8411 8409
f 8410 8303 8301
f 8412 8303 8410
f 8304 8411 8302
f 8304 8413 8411
f 8412 8305 8303
f 8414 8305 8412
f 8306 8413 8304
f 8306 8415 8413
f 8414 8307 8305
f 8416 8307 8414
f 8308 8415 8306
f 8308 8417 8415
f 8416 8309 8307
f 8418 8309 8416
f 8310 8417 8308
f 8310 8419 8417
f 8418 8311 8309
f 8420 8311 8418
f 8312 8419 8310
f 8312 8421 8419
f 8420 8313 8311
f 8422 8313 8420
f 8314 8421 8312
f 8314 8423 8421
f 8422 8315 8313
f 8424 8315 8422
f 8316 8423 8314
f 8316 8425 8423
f 8428 8427 8426
f 8424 8428 8426
f 8317 8424 8426
f 8315 8424 8317
f 8429 8425 8316
f 8429 8316 8318
f 8430 8318 8319
f 8430 8429 8318
f 8431 8319 8320
f 8431 8430 8319
f 8432 8320 8321
f 8432 8431 8320
f 8433 8321 8322
f 8433 8432 8321
f 8434 8322 8323
f 8434 8433 8322
f 8435 8323 8324
f 8435 8434 8323
f 8436 8324 8325
f 8436 8435 8324
f 8437 8325 8326
f 8437 8436 8325
f 8438 8326 8327
f 8438 8437 8326
f 8439 8327 8328
f 8439 8438 8327
f 8440 8328 8329
f 8440 8439 8328
f 8441 8329 8330
f 8441 8440 8329
f 8442 8330 8331
f 8442 8441 8330
f 8443 8331 8332
f 8443 8442 8331
f 8444 8332 8333
f 8444 8443 8332
f 8445 8333 8334
f 8445 8444 8333
f 8446 8334 8335
f 8446 8445 8334
f 8336 8426 8427
f 8446 8336 8427
f 8335 8336 8446
f 8426 8336 8317
f 8448 8447 8338
f 8448 8338 8339
f 8338 8449 8340
f 8447 8449 8338
f 8340 8450 8341
f 8449 8450 8340
f 8341 8451 8342
f 8450 8451 8341
f 8342 8452 8343
f 8451 8452 8342
f 8343 8453 8344
f 8452 8453 8343
f 8344 8454 8345
f 8453 8454 8344
f 8345 8455 8346
f 8454 8455 8345
f 8346 8456 8347
f 8455 8456 8346
f 8347 8457 8348
f 8456 8457 8347
f 8348 8458 8349
f 8457 8458 8348
f 8349 8459 8350
f 8458 8459 8349
f 8350 8460 8351
f 8459 8460 8350
f 8351 8461 8352
f 8460 8461 8351
f 8352 8462 8353
f 8461 8462 8352
f 8353 8463 8354
f 8462 8463 8353
f 8354 8464 8355
f 8463 8464 8354
f 8355 8465 8356
f 8464 8465 8355
f 8356 8466 8357
f 8465 8466 8356
f 8358 8357 8466
f 8358 8466 8467
f 8359 8448 8339
f 8359 8468 8448
f 8467 8360 8358
f 8469 8360 8467
f 8361 8468 8359
f 8361 8470 8468
f 8469 8362 8360
f 8471 8362 8469
f 8363 8470 8361
f 8363 8472 8470
f 8471 8364 8362
f 8473 8364 8471
f 8365 8472 8363
f 8365 8474 8472
f 8473 8366 8364
f 8475 8366 8473
f 8367 8474 8365
f 8367 8476 8474
f 8475 8368 8366
f 8477 8368 8475
f 8369 8476 8367
f 8369 8478 8476
f 8477 8370 8368
f 8479 8370 8477
f 8371 8478 8369
f 8371 8480 8478
f 8479 8372 8370
f 8481 8372 8479
f 8373 8480 8371
f 8373 8482 8480
f 8481 8374 8372
f 8483 8374 8481
f 8375 8482 8373
f 8375 8484 8482
f 8483 8376 8374
f 8485 8376 8483
f 8377 8484 8375
f 8377 8486 8484
f 8485 8378 8376
f 8487 8378 8485
f 8379 8486 8377
f 8379 8488 8486
f 8487 8380 8378
f 8489 8380 8487
f 8381 8488 8379
f 8381 8490 8488
f 8489 8382 8380
f 8491 8382 8489
f 8383 8490 8381
f 8383 8492 8490
f 8491 8384 8382
f 8493 8384 8491
f 8385 8492 8383
f 8385 8494 8492
f 8493 8386 8384
f 8495 8386 8493
f 8387 8494 8385
f 8387 8496 8494
f 8495 8388 8386
f 8497 8388 8495
f 8389 8496 8387
f 8389 8498 8496
f 8497 8390 8388
f 8499 8390 8497
f 8391 8498 8389
f 8391 8500 8498
f 8499 8392 8390
f 8501 8392 8499
f 8393 8500 8391
f 8393 8502 8500
f 8501 8394 8392
f 8503 8394 8501
f 8395 8502 8393
f 8395 8504 8502
f 8503 8396 8394
f 8505 8396 8503
f 8397 8504 8395
f 8397 8506 8504
f 8505 8398 8396
f 8507 8398 8505
f 8399 8506 8397
f 8399 8508 8506
f 8507 8400 8398
f 8509 8400 8507
f 8401 8508 8399
f 8401 8510 8508
f 8509 8402 8400
f 8511 8402 8509
f 8403 8510 8401
f 8403 8512 8510
f 8511 8404 8402
f 8513 8404 8511
f 8405 8512 8403
f 8405 8514 8512
f 8513 8406 8404
f 8515 8406 8513
f 8407 8514 8405
f 8407 8516 8514
f 8515 8408 8406
f 8517 8408 8515
f 8409 8516 8407
f 8409 8518 8516
f 8517 8410 8408
f 8519 8410 8517
f 8411 8518 8409
f 8411 8520 8518
f 8519 8412 8410
f 8521 8412 8519
f 8413 8520 8411
f 8413 8522 8520
f 8521 8414 8412
f 8523 8414 8521
f 8415 8522 8413
f 8415 8524 8522
f 8523 8416 8414
f 8525 8416 8523
f 8417 8524 8415
f 8417 8526 8524
f 8525 8418 8416
f 8527 8418 8525
f 8419 8526 8417
f 8419 8528 8526
f 8527 8420 8418
f 8529 8420 8527
f 8421 8528 8419
f 8421 8530 8528
f 8529 8422 8420
f 8531 8422 8529
f 8423 8530 8421
f 8423 8532 8530
f 8531 8424 8422
f 8533 8424 8531
f 8425 8535 8534
f 8532 8425 8534
f 8423 8425 8532
f 8537 8536 8535
f 8535 8536 8534
f 8539 8538 8537
f 8537 8538 8536
f 8541 8540 8539
f 8539 8540 8538
f 8543 8542 8541
f 8541 8542 8540
f 8543 8544 8542
f 8547 8546 8545
f 8549 8548 8545
f 8545 8548 8547
f 8549 8550 8548
f 8553 8552 8551
f 8555 8554 8551
f 8551 8554 8553
f 8557 8556 8555
f 8555 8556 8554
f 8557 8558 8556
f 8561 8560 8559
f 8563 8562 8559
f 8559 8562 8561
f 8565 8564 8563
f 8563 8564 8562
f 8565 8566 8564
f 8568 8567 8428
f 8428 8567 8427
f 8428 8424 8533
f 8428 8533 8568
f 8429 8535 8425
f 8535 8429 8430
f 8535 8430 8537
f 8537 8430 8431
f 8537 8431 8539
f 8539 8431 8432
f 8539 8432 8541
f 8541 8432 8433
f 8541 8433 8543
f 8569 8544 8543
f 8433 8569 8543
f 8434 8569 8433
f 8435 8545 8546
f 8569 8435 8546
f 8434 8435 8569
f 8545 8435 8436
f 8545 8436 8549
f 8570 8550 8549
f 8436 8570 8549
f 8437 8570 8436
f 8571 8437 8438
f 8571 8570 8437
f 8439 8551 8552
f 8571 8439 8552
f 8438 8439 8571
f 8551 8439 8440
f 8551 8440 8555
f 8555 8440 8441
f 8555 8441 8557
f 8572 8558 8557
f 8441 8572 8557
f 8442 8572 8441
f 8443 8559 8560
f 8572 8443 8560
f 8442 8443 8572
f 8559 8443 8444
f 8559 8444 8563
f 8563 8444 8445
f 8563 8445 8565
f 8573 8566 8565
f 8445 8573 8565
f 8446 8573 8445
f 8446 8427 8567
f 8446 8567 8573
f 8448 8574 8447
f 8447 8574 8575
f 8576 8447 8575
f 8449 8447 8576
f 8449 8577 8450
f 8576 8577 8449
f 8450 8578 8451
f 8577 8578 8450
f 8451 8579 8452
f 8578 8579 8451
f 8452 8580 8453
f 8579 8580 8452
f 8453 8581 8454
f 8580 8581 8453
f 8454 8582 8455
f 8581 8582 8454
f 8455 8583 8456
f 8582 8583 8455
f 8456 8584 8457
f 8583 8584 8456
f 8457 8585 8458
f 8584 8585 8457
f 8458 8586 8459
f 8585 8586 8458
f 8459 8587 8460
f 8586 8587 8459
f 8460 8588 8461
f 8587 8588 8460
f 8461 8589 8462
f 8588 8589 8461
f 8462 8590 8463
f 8589 8590 8462
f 8463 8591 8464
f 8590 8591 8463
f 8464 8592 8465
f 8591 8592 8464
f 8592 8594 8593
f 8466 8592 8593
f 8465 8592 8466
f 8593 8467 8466
f 8596 8595 8574
f 8448 8596 8574
f 8468 8596 8448
f 8574 8595 8575
f 8594 8597 8593
f 8467 8593 8597
f 8598 8467 8597
f 8469 8467 8598
f 8470 8596 8468
f 8470 8599 8596
f 8598 8471 8469
f 8600 8471 8598
f 8472 8599 8470
f 8472 8601 8599
f 8604 8603 8602
f 8600 8604 8602
f 8473 8600 8602
f 8471 8600 8473
f 8474 8601 8472
f 8474 8605 8601
f 8603 8606 8602
f 8473 8602 8606
f 8607 8473 8606
f 8475 8473 8607
f 8476 8609 8608
f 8605 8476 8608
f 8474 8476 8605
f 8609 8610 8608
f 8607 8477 8475
f 8611 8477 8607
f 8613 8612 8609
f 8476 8613 8609
f 8478 8613 8476
f 8609 8612 8610
f 8611 8479 8477
f 8614 8479 8611
f 8480 8613 8478
f 8480 8615 8613
f 8614 8481 8479
f 8616 8481 8614
f 8482 8618 8617
f 8615 8482 8617
f 8480 8482 8615
f 8618 8619 8617
f 8622 8621 8620
f 8616 8622 8620
f 8483 8616 8620
f 8481 8616 8483
f 8624 8623 8618
f 8482 8624 8618
f 8484 8624 8482
f 8618 8623 8619
f 8620 8621 8625
f 8625 8621 8626
f 8625 8485 8483
f 8625 8483 8620
f 8486 8624 8484
f 8486 8627 8624
f 8626 8628 8625
f 8485 8625 8628
f 8629 8485 8628
f 8487 8485 8629
f 8488 8631 8630
f 8627 8488 8630
f 8486 8488 8627
f 8631 8632 8630
f 8635 8634 8633
f 8629 8635 8633
f 8489 8629 8633
f 8487 8629 8489
f 8490 8636 8631
f 8490 8631 8488
f 8632 8631 8637
f 8637 8631 8636
f 8634 8638 8633
f 8489 8633 8638
f 8639 8489 8638
f 8491 8489 8639
f 8492 8640 8636
f 8492 8636 8490
f 8637 8636 8641
f 8641 8636 8640
f 8639 8493 8491
f 8642 8493 8639
f 8494 8643 8640
f 8494 8640 8492
f 8641 8640 8644
f 8644 8640 8643
f 8642 8495 8493
f 8645 8495 8642
f 8496 8646 8643
f 8496 8643 8494
f 8644 8643 8647
f 8647 8643 8646
f 8645 8497 8495
f 8648 8497 8645
f 8650 8649 8646
f 8496 8650 8646
f 8498 8650 8496
f 8646 8649 8647
f 8648 8499 8497
f 8651 8499 8648
f 8500 8653 8652
f 8650 8500 8652
f 8498 8500 8650
f 8653 8654 8652
f 8657 8656 8655
f 8651 8657 8655
f 8501 8651 8655
f 8499 8651 8501
f 8659 8658 8653
f 8500 8659 8653
f 8502 8659 8500
f 8653 8658 8654
f 8656 8660 8655
f 8501 8655 8660
f 8661 8501 8660
f 8503 8501 8661
f 8504 8659 8502
f 8504 8662 8659
f 8661 8505 8503
f 8663 8505 8661
f 8506 8662 8504
f 8506 8664 8662
f 8663 8507 8505
f 8665 8507 8663
f 8508 8667 8666
f 8664 8508 8666
f 8506 8508 8664
f 8667 8668 8666
f 8665 8509 8507
f 8669 8509 8665
f 8671 8670 8667
f 8508 8671 8667
f 8510 8671 8508
f 8667 8670 8668
f 8669 8511 8509
f 8672 8511 8669
f 8512 8674 8673
f 8671 8512 8673
f 8510 8512 8671
f 8674 8675 8673
f 8672 8513 8511
f 8676 8513 8672
f 8678 8677 8674
f 8512 8678 8674
f 8514 8678 8512
f 8674 8677 8675
f 8676 8515 8513
f 8679 8515 8676
f 8516 8681 8680
f 8678 8516 8680
f 8514 8516 8678
f 8681 8682 8680
f 8679 8517 8515
f 8683 8517 8679
f 8518 8684 8681
f 8518 8681 8516
f 8682 8681 8685
f 8685 8681 8684
f 8683 8519 8517
f 8686 8519 8683
f 8520 8687 8684
f 8520 8684 8518
f 8685 8684 8688
f 8688 8684 8687
f 8686 8521 8519
f 8689 8521 8686
f 8522 8690 8687
f 8522 8687 8520
f 8688 8687 8691
f 8691 8687 8690
f 8689 8523 8521
f 8692 8523 8689
f 8694 8693 8690
f 8522 8694 8690
f 8524 8694 8522
f 8690 8693 8691
f 8692 8525 8523
f 8695 8525 8692
f 8526 8694 8524
f 8526 8696 8694
f 8695 8527 8525
f 8697 8527 8695
f 8528 8696 8526
f 8528 8698 8696
f 8697 8529 8527
f 8699 8529 8697
f 8530 8698 8528
f 8530 8700 8698
f 8703 8702 8701
f 8699 8703 8701
f 8531 8699 8701
f 8529 8699 8531
f 8532 8700 8530
f 8532 8704 8700
f 8702 8705 8701
f 8531 8701 8705
f 8706 8531 8705
f 8533 8531 8706
f 8707 8704 8532
f 8707 8532 8534
f 8708 8534 8536
f 8708 8707 8534
f 8709 8536 8538
f 8709 8708 8536
f 8710 8538 8540
f 8710 8709 8538
f 8711 8540 8542
f 8711 8710 8540
f 8713 8712 8544
f 8712 8542 8544
f 8712 8711 8542
f 8546 8547 8713
f 8547 8712 8713
f 8547 8714 8712
f 8715 8547 8548
f 8715 8714 8547
f 8717 8716 8550
f 8716 8548 8550
f 8716 8715 8548
f 8719 8718 8717
f 8717 8718 8716
f 8552 8553 8719
f 8553 8718 8719
f 8553 8720 8718
f 8721 8553 8554
f 8721 8720 8553
f 8722 8554 8556
f 8722 8721 8554
f 8724 8723 8558
f 8723 8556 8558
f 8723 8722 8556
f 8560 8561 8724
f 8561 8723 8724
f 8561 8725 8723
f 8726 8561 8562
f 8726 8725 8561
f 8727 8562 8564
f 8727 8726 8562
f 8729 8728 8566
f 8728 8564 8566
f 8728 8727 8564
f 8567 8568 8729
f 8568 8728 8729
f 8568 8730 8728
f 8568 8533 8706
f 8568 8706 8730
f 8569 8713 8544
f 8713 8569 8546
f 8570 8717 8550
f 8717 8570 8571
f 8717 8571 8719
f 8719 8571 8552
f 8572 8724 8558
f 8724 8572 8560
f 8573 8729 8566
f 8729 8573 8567
f 8732 8731 8576
f 8732 8576 8575
f 8576 8733 8577
f 8731 8733 8576
f 8577 8734 8578
f 8733 8734 8577
f 8578 8735 8579
f 8734 8735 8578
f 8579 8736 8580
f 8735 8736 8579
f 8580 8737 8581
f 8736 8737 8580
f 8581 8738 8582
f 8737 8738 8581
f 8582 8739 8583
f 8738 8739 8582
f 8583 8740 8584
f 8739 8740 8583
f 8584 8741 8585
f 8740 8741 8584
f 8585 8742 8586
f 8741 8742 8585
f 8586 8743 8587
f 8742 8743 8586
f 8587 8744 8588
f 8743 8744 8587
f 8588 8745 8589
f 8744 8745 8588
f 8589 8746 8590
f 8745 8746 8589
f 8590 8747 8591
f 8746 8747 8590
f 8591 8748 8592
f 8747 8748 8591
f 8594 8592 8748
f 8594 8748 8749
f 8751 8750 8595
f 8751 8595 8596
f 8575 8595 8732
f 8732 8595 8750
f 8749 8752 8594
f 8594 8752 8597
f 8598 8597 8752
f 8598 8752 8753
f 8599 8755 8754
f 8751 8599 8754
f 8596 8599 8751
f 8755 8756 8754
f 8759 8758 8757
f 8753 8759 8757
f 8600 8753 8757
f 8598 8753 8600
f 8601 8760 8755
f 8601 8755 8599
f 8756 8755 8761
f 8761 8755 8760
f 8757 8758 8604
f 8758 8603 8604
f 8758 8762 8603
f 8757 8604 8600
f 8605 8763 8760
f 8605 8760 8601
f 8761 8760 8764
f 8764 8760 8763
f 8606 8603 8765
f 8603 8766 8765
f 8603 8762 8766
f 8765 8607 8606
f 8608 8763 8605
f 8608 8610 8763
f 8610 8764 8763
f 8610 8767 8764
f 8765 8766 8768
f 8768 8766 8769
f 8768 8611 8607
f 8768 8607 8765
f 8613 8770 8612
f 8770 8771 8612
f 8771 8610 8612
f 8771 8767 8610
f 8768 8769 8772
f 8772 8769 8773
f 8772 8614 8611
f 8772 8611 8768
f 8615 8774 8770
f 8615 8770 8613
f 8771 8770 8775
f 8775 8770 8774
f 8772 8773 8776
f 8776 8773 8777
f 8776 8616 8614
f 8776 8614 8772
f 8617 8774 8615
f 8617 8619 8774
f 8619 8775 8774
f 8619 8778 8775
f 8776 8777 8622
f 8777 8621 8622
f 8777 8779 8621
f 8776 8622 8616
f 8624 8780 8623
f 8780 8781 8623
f 8781 8619 8623
f 8781 8778 8619
f 8779 8626 8621
f 8782 8626 8779
f 8627 8783 8780
f 8627 8780 8624
f 8781 8780 8784
f 8784 8780 8783
f 8628 8626 8785
f 8626 8786 8785
f 8626 8782 8786
f 8785 8629 8628
f 8630 8783 8627
f 8630 8632 8783
f 8632 8784 8783
f 8632 8787 8784
f 8785 8786 8635
f 8786 8634 8635
f 8786 8788 8634
f 8785 8635 8629
f 8637 8787 8632
f 8637 8789 8787
f 8788 8790 8634
f 8634 8790 8638
f 8639 8638 8790
f 8639 8790 8791
f 8641 8789 8637
f 8641 8792 8789
f 8795 8794 8793
f 8791 8795 8793
f 8642 8791 8793
f 8639 8791 8642
f 8644 8792 8641
f 8644 8796 8792
f 8793 8794 8797
f 8797 8794 8798
f 8797 8645 8642
f 8797 8642 8793
f 8647 8796 8644
f 8647 8799 8796
f 8797 8798 8800
f 8800 8798 8801
f 8800 8648 8645
f 8800 8645 8797
f 8650 8802 8649
f 8802 8803 8649
f 8803 8647 8649
f 8803 8799 8647
f 8800 8801 8804
f 8804 8801 8805
f 8804 8651 8648
f 8804 8648 8800
f 8652 8802 8650
f 8652 8654 8802
f 8654 8803 8802
f 8654 8806 8803
f 8804 8805 8657
f 8805 8656 8657
f 8805 8807 8656
f 8804 8657 8651
f 8659 8808 8658
f 8808 8809 8658
f 8809 8654 8658
f 8809 8806 8654
f 8660 8656 8810
f 8656 8811 8810
f 8656 8807 8811
f 8810 8661 8660
f 8662 8812 8808
f 8662 8808 8659
f 8809 8808 8813
f 8813 8808 8812
f 8810 8811 8814
f 8814 8811 8815
f 8814 8663 8661
f 8814 8661 8810
f 8664 8816 8812
f 8664 8812 8662
f 8813 8812 8817
f 8817 8812 8816
f 8815 8818 8814
f 8663 8814 8818
f 8819 8663 8818
f 8665 8663 8819
f 8666 8816 8664
f 8666 8668 8816
f 8668 8817 8816
f 8668 8820 8817
f 8823 8822 8821
f 8819 8823 8821
f 8669 8819 8821
f 8665 8819 8669
f 8671 8824 8670
f 8824 8825 8670
f 8825 8668 8670
f 8825 8820 8668
f 8821 8822 8826
f 8826 8822 8827
f 8826 8672 8669
f 8826 8669 8821
f 8673 8824 8671
f 8673 8675 8824
f 8675 8825 8824
f 8675 8828 8825
f 8826 8827 8829
f 8829 8827 8830
f 8829 8676 8672
f 8829 8672 8826
f 8678 8831 8677
f 8831 8832 8677
f 8832 8675 8677
f 8832 8828 8675
f 8829 8830 8833
f 8833 8830 8834
f 8833 8679 8676
f 8833 8676 8829
f 8680 8831 8678
f 8680 8682 8831
f 8682 8832 8831
f 8682 8835 8832
f 8833 8834 8836
f 8836 8834 8837
f 8836 8683 8679
f 8836 8679 8833
f 8685 8835 8682
f 8685 8838 8835
f 8836 8837 8839
f 8839 8837 8840
f 8839 8686 8683
f 8839 8683 8836
f 8688 8838 8685
f 8688 8841 8838
f 8839 8840 8842
f 8842 8840 8843
f 8842 8689 8686
f 8842 8686 8839
f 8846 8845 8844
f 8845 8841 8844
f 8841 8691 8844
f 8841 8688 8691
f 8842 8843 8847
f 8847 8843 8848
f 8847 8692 8689
f 8847 8689 8842
f 8693 8694 8849
f 8844 8850 8846
f 8850 8844 8851
f 8844 8691 8851
f 8693 8849 8851
f 8693 8851 8691
f 8847 8848 8852
f 8852 8848 8853
f 8852 8695 8692
f 8852 8692 8847
f 8696 8854 8849
f 8696 8849 8694
f 8851 8849 8855
f 8855 8849 8854
f 8852 8853 8856
f 8856 8853 8857
f 8856 8697 8695
f 8856 8695 8852
f 8698 8858 8854
f 8698 8854 8696
f 8855 8854 8859
f 8859 8854 8858
f 8856 8857 8860
f 8860 8857 8861
f 8860 8699 8697
f 8860 8697 8856
f 8863 8862 8858
f 8698 8863 8858
f 8700 8863 8698
f 8858 8862 8859
f 8860 8861 8703
f 8861 8702 8703
f 8861 8864 8702
f 8860 8703 8699
f 8704 8866 8865
f 8863 8704 8865
f 8700 8704 8863
f 8866 8867 8865
f 8864 8868 8702
f 8702 8868 8705
f 8706 8705 8868
f 8706 8868 8869
f 8707 8866 8704
f 8870 8867 8866
f 8707 8870 8866
f 8708 8870 8707
f 8871 8708 8709
f 8871 8870 8708
f 8872 8709 8710
f 8872 8871 8709
f 8873 8710 8711
f 8873 8872 8710
f 8874 8711 8712
f 8874 8873 8711
f 8875 8712 8714
f 8875 8874 8712
f 8876 8714 8715
f 8876 8875 8714
f 8877 8715 8716
f 8877 8876 8715
f 8878 8716 8718
f 8878 8877 8716
f 8879 8718 8720
f 8879 8878 8718
f 8880 8720 8721
f 8880 8879 8720
f 8881 8721 8722
f 8881 8880 8721
f 8882 8722 8723
f 8882 8881 8722
f 8883 8723 8725
f 8883 8882 8723
f 8884 8725 8726
f 8884 8883 8725
f 8885 8726 8727
f 8885 8884 8726
f 8886 8727 8728
f 8886 8885 8727
f 8887 8728 8730
f 8887 8886 8728
f 8730 8706 8869
f 8730 8869 8887
f 8889 8888 8731
f 8889 8731 8732
f 8731 8890 8733
f 8888 8890 8731
f 8733 8891 8734
f 8890 8891 8733
f 8734 8892 8735
f 8891 8892 8734
f 8735 8893 8736
f 8892 8893 8735
f 8736 8894 8737
f 8893 8894 8736
f 8737 8895 8738
f 8894 8895 8737
f 8738 8896 8739
f 8895 8896 8738
f 8739 8897 8740
f 8896 8897 8739
f 8740 8898 8741
f 8897 8898 8740
f 8741 8899 8742
f 8898 8899 8741
f 8742 8900 8743
f 8899 8900 8742
f 8743 8901 8744
f 8900 8901 8743
f 8744 8902 8745
f 8901 8902 8744
f 8745 8903 8746
f 8902 8903 8745
f 8746 8904 8747
f 8903 8904 8746
f 8747 8905 8748
f 8904 8905 8747
f 8749 8748 8905
f 8749 8905 8906
f 8751 8907 8750
f 8907 8908 8750
f 8908 8732 8750
f 8908 8889 8732
f 8906 8909 8749
f 8749 8909 8752
f 8753 8752 8909
f 8753 8909 8910
f 8754 8907 8751
f 8754 8756 8907
f 8756 8908 8907
f 8756 8911 8908
f 8913 8912 8759
f 8759 8912 8758
f 8759 8753 8910
f 8759 8910 8913
f 8761 8911 8756
f 8761 8914 8911
f 8912 8762 8758
f 8915 8762 8912
f 8764 8914 8761
f 8764 8916 8914
f 8915 8766 8762
f 8917 8766 8915
f 8767 8916 8764
f 8767 8918 8916
f 8917 8769 8766
f 8919 8769 8917
f 8771 8918 8767
f 8771 8920 8918
f 8919 8773 8769
f 8921 8773 8919
f 8775 8920 8771
f 8775 8922 8920
f 8921 8777 8773
f 8923 8777 8921
f 8778 8922 8775
f 8778 8924 8922
f 8923 8779 8777
f 8925 8779 8923
f 8781 8924 8778
f 8781 8926 8924
f 8925 8782 8779
f 8927 8782 8925
f 8784 8926 8781
f 8784 8928 8926
f 8927 8786 8782
f 8929 8786 8927
f 8787 8928 8784
f 8787 8930 8928
f 8929 8788 8786
f 8931 8788 8929
f 8789 8930 8787
f 8789 8932 8930
f 8790 8788 8933
f 8788 8934 8933
f 8788 8931 8934
f 8933 8791 8790
f 8792 8932 8789
f 8792 8935 8932
f 8933 8934 8795
f 8934 8794 8795
f 8934 8936 8794
f 8933 8795 8791
f 8796 8935 8792
f 8796 8937 8935
f 8936 8798 8794
f 8938 8798 8936
f 8799 8937 8796
f 8799 8939 8937
f 8938 8801 8798
f 8940 8801 8938
f 8803 8939 8799
f 8803 8941 8939
f 8940 8805 8801
f 8942 8805 8940
f 8806 8941 8803
f 8806 8943 8941
f 8942 8807 8805
f 8944 8807 8942
f 8809 8943 8806
f 8809 8945 8943
f 8944 8811 8807
f 8946 8811 8944
f 8813 8945 8809
f 8813 8947 8945
f 8946 8815 8811
f 8948 8815 8946
f 8817 8947 8813
f 8817 8949 8947
f 8818 8815 8950
f 8815 8951 8950
f 8815 8948 8951
f 8950 8819 8818
f 8820 8949 8817
f 8820 8952 8949
f 8950 8951 8823
f 8951 8822 8823
f 8951 8953 8822
f 8950 8823 8819
f 8825 8952 8820
f 8825 8954 8952
f 8953 8827 8822
f 8955 8827 8953
f 8828 8954 8825
f 8828 8956 8954
f 8955 8830 8827
f 8957 8830 8955
f 8832 8956 8828
f 8832 8958 8956
f 8957 8834 8830
f 8959 8834 8957
f 8835 8958 8832
f 8835 8960 8958
f 8959 8837 8834
f 8961 8837 8959
f 8838 8960 8835
f 8838 8962 8960
f 8961 8840 8837
f 8963 8840 8961
f 8841 8962 8838
f 8841 8964 8962
f 8963 8843 8840
f 8965 8843 8963
f 8846 8966 8845
f 8966 8967 8845
f 8967 8841 8845
f 8967 8964 8841
f 8965 8848 8843
f 8968 8848 8965
f 8850 8966 8846
f 8850 8851 8966
f 8851 8967 8966
f 8851 8969 8967
f 8968 8853 8848
f 8970 8853 8968
f 8855 8969 8851
f 8855 8971 8969
f 8970 8857 8853
f 8972 8857 8970
f 8859 8971 8855
f 8859 8973 8971
f 8972 8861 8857
f 8974 8861 8972
f 8863 8975 8862
f 8975 8976 8862
f 8976 8859 8862
f 8976 8973 8859
f 8978 8864 8977
f 8864 8974 8977
f 8864 8861 8974
f 8979 8978 8977
f 8865 8975 8863
f 8865 8867 8975
f 8867 8976 8975
f 8867 8980 8976
f 8868 8864 8978
f 8983 8982 8981
f 8869 8981 8982
f 8869 8979 8981
f 8869 8868 8978
f 8979 8869 8978
f 8984 8980 8867
f 8984 8867 8870
f 8985 8870 8871
f 8985 8984 8870
f 8986 8871 8872
f 8986 8985 8871
f 8987 8872 8873
f 8987 8986 8872
f 8988 8873 8874
f 8988 8987 8873
f 8989 8874 8875
f 8989 8988 8874
f 8990 8875 8876
f 8990 8989 8875
f 8991 8876 8877
f 8991 8990 8876
f 8992 8877 8878
f 8992 8991 8877
f 8993 8878 8879
f 8993 8992 8878
f 8994 8879 8880
f 8994 8993 8879
f 8995 8880 8881
f 8995 8994 8880
f 8996 8881 8882
f 8996 8995 8881
f 8997 8882 8883
f 8997 8996 8882
f 8998 8883 8884
f 8998 8997 8883
f 8999 8884 8885
f 8999 8998 8884
f 9000 8885 8886
f 9000 8999 8885
f 8887 8982 8983
f 9000 8887 8983
f 8886 8887 9000
f 8982 8887 8869
f 9002 9001 8888
f 9002 8888 8889
f 8888 9003 8890
f 9001 9003 8888
f 8890 9004 8891
f 9003 9004 8890
f 8891 9005 8892
f 9004 9005 8891
f 8892 9006 8893
f 9005 9006 8892
f 8893 9007 8894
f 9006 9007 8893
f 8894 9008 8895
f 9007 9008 8894
f 8895 9009 8896
f 9008 9009 8895
f 8896 9010 8897
f 9009 9010 8896
f 8897 9011 8898
f 9010 9011 8897
f 8898 9012 8899
f 9011 9012 8898
f 8899 9013 8900
f 9012 9013 8899
f 8900 9014 8901
f 9013 9014 8900
f 8901 9015 8902
f 9014 9015 8901
f 8902 9016 8903
f 9015 9016 8902
f 8903 9017 8904
f 9016 9017 8903
f 8904 9018 8905
f 9017 9018 8904
f 8906 8905 9018
f 8906 9018 9019
f 8908 9002 8889
f 8908 9020 9002
f 8909 8906 9021
f 8906 9022 9021
f 8906 9019 9022
f 9021 8910 8909
f 8911 9020 8908
f 8911 9023 9020
f 9021 9022 8913
f 9022 8912 8913
f 9022 9024 8912
f 9021 8913 8910
f 8914 9023 8911
f 8914 9025 9023
f 9024 8915 8912
f 9026 8915 9024
f 8916 9025 8914
f 8916 9027 9025
f 9026 8917 8915
f 9028 8917 9026
f 8918 9027 8916
f 8918 9029 9027
f 9028 8919 8917
f 9030 8919 9028
f 8920 9029 8918
f 8920 9031 9029
f 9030 8921 8919
f 9032 8921 9030
f 8922 9031 8920
f 8922 9033 9031
f 9032 8923 8921
f 9034 8923 9032
f 8924 9033 8922
f 8924 9035 9033
f 9034 8925 8923
f 9036 8925 9034
f 8926 9035 8924
f 8926 9037 9035
f 9036 8927 8925
f 9038 8927 9036
f 8928 9037 8926
f 8928 9039 9037
f 9038 8929 8927
f 9040 8929 9038
f 8930 9039 8928
f 8930 9041 9039
f 9040 8931 8929
f 9042 8931 9040
f 8932 9041 8930
f 8932 9043 9041
f 9042 8934 8931
f 9044 8934 9042
f 8935 9043 8932
f 8935 9045 9043
f 9044 8936 8934
f 9046 8936 9044
f 8937 9045 8935
f 8937 9047 9045
f 9046 8938 8936
f 9048 8938 9046
f 8939 9047 8937
f 8939 9049 9047
f 9048 8940 8938
f 9050 8940 9048
f 8941 9049 8939
f 8941 9051 9049
f 9050 8942 8940
f 9052 8942 9050
f 8943 9051 8941
f 8943 9053 9051
f 9052 8944 8942
f 9054 8944 9052
f 8945 9053 8943
f 8945 9055 9053
f 9054 8946 8944
f 9056 8946 9054
f 8947 9055 8945
f 8947 9057 9055
f 9056 8948 8946
f 9058 8948 9056
f 8949 9057 8947
f 8949 9059 9057
f 9058 8951 8948
f 9060 8951 9058
f 8952 9059 8949
f 8952 9061 9059
f 9060 8953 8951
f 9062 8953 9060
f 8954 9061 8952
f 8954 9063 9061
f 9062 8955 8953
f 9064 8955 9062
f 8956 9063 8954
f 8956 9065 9063
f 9064 8957 8955
f 9066 8957 9064
f 8958 9065 8956
f 8958 9067 9065
f 9066 8959 8957
f 9068 8959 9066
f 8960 9067 8958
f 8960 9069 9067
f 9068 8961 8959
f 9070 8961 9068
f 8962 9069 8960
f 8962 9071 9069
f 9070 8963 8961
f 9072 8963 9070
f 8964 9071 8962
f 8964 9073 9071
f 9072 8965 8963
f 9074 8965 9072
f 8967 9073 8964
f 8967 9075 9073
f 9074 8968 8965
f 9076 8968 9074
f 8969 9075 8967
f 8969 9077 9075
f 9076 8970 8968
f 9078 8970 9076
f 8971 9077 8969
f 8971 9079 9077
f 9078 8972 8970
f 9080 8972 9078
f 8973 9079 8971
f 8973 9081 9079
f 9080 8974 8972
f 9082 8974 9080
f 8976 9081 8973
f 8976 9083 9081
f 8977 8974 9084
f 8974 9085 9084
f 8974 9082 9085
f 9084 8979 8977
f 8980 9083 8976
f 8980 9086 9083
f 9084 9085 8981
f 9085 8983 8981
f 9085 9087 8983
f 9084 8981 8979
f 9088 9086 8980
f 9088 8980 8984
f 9089 8984 8985
f 9089 9088 8984
f 9090 8985 8986
f 9090 9089 8985
f 9091 8986 8987
f 9091 9090 8986
f 9092 8987 8988
f 9092 9091 8987
f 9093 8988 8989
f 9093 9092 8988
f 9094 8989 8990
f 9094 9093 8989
f 9095 8990 8991
f 9095 9094 8990
f 9096 8991 8992
f 9096 9095 8991
f 9097 8992 8993
f 9097 9096 8992
f 9098 8993 8994
f 9098 9097 8993
f 9099 8994 8995
f 9099 9098 8994
f 9100 8995 8996
f 9100 9099 8995
f 9101 8996 8997
f 9101 9100 8996
f 9102 8997 8998
f 9102 9101 8997
f 9103 8998 8999
f 9103 9102 8998
f 9104 8999 9000
f 9104 9103 8999
f 9000 8983 9087
f 9000 9087 9104
f 9106 9105 9001
f 9106 9001 9002
f 9001 9107 9003
f 9105 9107 9001
f 9003 9108 9004
f 9107 9108 9003
f 9004 9109 9005
f 9108 9109 9004
f 9005 9110 9006
f 9109 9110 9005
f 9006 9111 9007
f 9110 9111 9006
f 9007 9112 9008
f 9111 9112 9007
f 9008 9113 9009
f 9112 9113 9008
f 9009 9114 9010
f 9113 9114 9009
f 9010 9115 9011
f 9114 9115 9010
f 9011 9116 9012
f 9115 9116 9011
f 9012 9117 9013
f 9116 9117 9012
f 9013 9118 9014
f 9117 9118 9013
f 9014 9119 9015
f 9118 9119 9014
f 9015 9120 9016
f 9119 9120 9015
f 9016 9121 9017
f 9120 9121 9016
f 9017 9122 9018
f 9121 9122 9017
f 9019 9018 9122
f 9019 9122 9123
f 9020 9106 9002
f 9020 9124 9106
f 9123 9022 9019
f 9125 9022 9123
f 9023 9124 9020
f 9023 9126 9124
f 9125 9024 9022
f 9127 9024 9125
f 9025 9126 9023
f 9025 9128 9126
f 9127 9026 9024
f 9129 9026 9127
f 9027 9128 9025
f 9027 9130 9128
f 9129 9028 9026
f 9131 9028 9129
f 9029 9130 9027
f 9029 9132 9130
f 9131 9030 9028
f 9133 9030 9131
f 9031 9132 9029
f 9031 9134 9132
f 9133 9032 9030
f 9135 9032 9133
f 9033 9134 9031
f 9033 9136 9134
f 9135 9034 9032
f 9137 9034 9135
f 9035 9136 9033
f 9035 9138 9136
f 9137 9036 9034
f 9139 9036 9137
f 9037 9138 9035
f 9037 9140 9138
f 9139 9038 9036
f 9141 9038 9139
f 9039 9140 9037
f 9039 9142 9140
f 9141 9040 9038
f 9143 9040 9141
f 9041 9142 9039
f 9041 9144 9142
f 9143 9042 9040
f 9145 9042 9143
f 9043 9144 9041
f 9043 9146 9144
f 9145 9044 9042
f 9147 9044 9145
f 9045 9146 9043
f 9045 9148 9146
f 9147 9046 9044
f 9149 9046 9147
f 9047 9148 9045
f 9047 9150 9148
f 9149 9048 9046
f 9151 9048 9149
f 9049 9150 9047
f 9049 9152 9150
f 9151 9050 9048
f 9153 9050 9151
f 9051 9152 9049
f 9051 9154 9152
f 9153 9052 9050
f 9155 9052 9153
f 9053 9154 9051
f 9053 9156 9154
f 9155 9054 9052
f 9157 9054 9155
f 9055 9156 9053
f 9055 9158 9156
f 9157 9056 9054
f 9159 9056 9157
f 9057 9158 9055
f 9057 9160 9158
f 9159 9058 9056
f 9161 9058 9159
f 9059 9160 9057
f 9059 9162 9160
f 9161 9060 9058
f 9163 9060 9161
f 9061 9162 9059
f 9061 9164 9162
f 9163 9062 9060
f 9165 9062 9163
f 9063 9164 9061
f 9063 9166 9164
f 9165 9064 9062
f 9167 9064 9165
f 9065 9166 9063
f 9065 9168 9166
f 9167 9066 9064
f 9169 9066 9167
f 9067 9168 9065
f 9067 9170 9168
f 9169 9068 9066
f 9171 9068 9169
f 9069 9170 9067
f 9069 9172 9170
f 9171 9070 9068
f 9173 9070 9171
f 9071 9172 9069
f 9071 9174 9172
f 9173 9072 9070
f 9175 9072 9173
f 9073 9174 9071
f 9073 9176 9174
f 9175 9074 9072
f 9177 9074 9175
f 9075 9176 9073
f 9075 9178 9176
f 9177 9076 9074
f 9179 9076 9177
f 9077 9178 9075
f 9077 9180 9178
f 9179 9078 9076
f 9181 9078 9179
f 9079 9180 9077
f 9079 9182 9180
f 9181 9080 9078
f 9183 9080 9181
f 9081 9182 9079
f 9081 9184 9182
f 9183 9082 9080
f 9185 9082 9183
f 9083 9184 9081
f 9083 9186 9184
f 9185 9085 9082
f 9187 9085 9185
f 9086 9186 9083
f 9086 9188 9186
f 9187 9087 9085
f 9189 9087 9187
f 9190 9188 9086
f 9190 9086 9088
f 9191 9088 9089
f 9191 9190 9088
f 9192 9089 9090
f 9192 9191 9089
f 9193 9090 9091
f 9193 9192 9090
f 9194 9091 9092
f 9194 9193 9091
f 9195 9092 9093
f 9195 9194 9092
f 9196 9093 9094
f 9196 9195 9093
f 9197 9094 9095
f 9197 9196 9094
f 9198 9095 9096
f 9198 9197 9095
f 9199 9096 9097
f 9199 9198 9096
f 9200 9097 9098
f 9200 9199 9097
f 9201 9098 9099
f 9201 9200 9098
f 9202 9099 9100
f 9202 9201 9099
f 9203 9100 9101
f 9203 9202 9100
f 9204 9101 9102
f 9204 9203 9101
f 9205 9102 9103
f 9205 9204 9102
f 9206 9103 9104
f 9206 9205 9103
f 9104 9087 9189
f 9104 9189 9206
f 9208 9207 9105
f 9208 9105 9106
f 9105 9209 9107
f 9207 9209 9105
f 9107 9210 9108
f 9209 9210 9107
f 9108 9211 9109
f 9210 9211 9108
f 9109 9212 9110
f 9211 9212 9109
f 9110 9213 9111
f 9212 9213 9110
f 9111 9214 9112
f 9213 9214 9111
f 9112 9215 9113
f 9214 9215 9112
f 9113 9216 9114
f 9215 9216 9113
f 9114 9217 9115
f 9216 9217 9114
f 9115 9218 9116
f 9217 9218 9115
f 9116 9219 9117
f 9218 9219 9116
f 9117 9220 9118
f 9219 9220 9117
f 9118 9221 9119
f 9220 9221 9118
f 9119 9222 9120
f 9221 9222 9119
f 9120 9223 9121
f 9222 9223 9120
f 9121 9224 9122
f 9223 9224 9121
f 9123 9122 9224
f 9123 9224 9225
f 9124 9208 9106
f 9124 9226 9208
f 9225 9125 9123
f 9227 9125 9225
f 9126 9226 9124
f 9126 9228 9226
f 9227 9127 9125
f 9229 9127 9227
f 9128 9228 9126
f 9128 9230 9228
f 9229 9129 9127
f 9231 9129 9229
f 9130 9230 9128
f 9130 9232 9230
f 9231 9131 9129
f 9233 9131 9231
f 9132 9232 9130
f 9132 9234 9232
f 9233 9133 9131
f 9235 9133 9233
f 9134 9234 9132
f 9134 9236 9234
f 9235 9135 9133
f 9237 9135 9235
f 9136 9236 9134
f 9136 9238 9236
f 9237 9137 9135
f 9239 9137 9237
f 9138 9238 9136
f 9138 9240 9238
f 9239 9139 9137
f 9241 9139 9239
f 9140 9240 9138
f 9140 9242 9240
f 9241 9141 9139
f 9243 9141 9241
f 9142 9242 9140
f 9142 9244 9242
f 9243 9143 9141
f 9245 9143 9243
f 9144 9244 9142
f 9144 9246 9244
f 9245 9145 9143
f 9247 9145 9245
f 9146 9246 9144
f 9146 9248 9246
f 9247 9147 9145
f 9249 9147 9247
f 9148 9248 9146
f 9148 9250 9248
f 9249 9149 9147
f 9251 9149 9249
f 9150 9250 9148
f 9150 9252 9250
f 9251 9151 9149
f 9253 9151 9251
f 9152 9252 9150
f 9152 9254 9252
f 9253 9153 9151
f 9255 9153 9253
f 9154 9254 9152
f 9154 9256 9254
f 9255 9155 9153
f 9257 9155 9255
f 9156 9256 9154
f 9156 9258 9256
f 9257 9157 9155
f 9259 9157 9257
f 9158 9258 9156
f 9158 9260 9258
f 9259 9159 9157
f 9261 9159 9259
f 9160 9260 9158
f 9160 9262 9260
f 9261 9161 9159
f 9263 9161 9261
f 9162 9262 9160
f 9162 9264 9262
f 9263 9163 9161
f 9265 9163 9263
f 9164 9264 9162
f 9164 9266 9264
f 9265 9165 9163
f 9267 9165 9265
f 9166 9266 9164
f 9166 9268 9266
f 9267 9167 9165
f 9269 9167 9267
f 9168 9268 9166
f 9168 9270 9268
f 9269 9169 9167
f 9271 9169 9269
f 9170 9270 9168
f 9170 9272 9270
f 9271 9171 9169
f 9273 9171 9271
f 9172 9272 9170
f 9172 9274 9272
f 9273 9173 9171
f 9275 9173 9273
f 9174 9274 9172
f 9174 9276 9274
f 9275 9175 9173
f 9277 9175 9275
f 9176 9276 9174
f 9176 9278 9276
f 9277 9177 9175
f 9279 9177 9277
f 9178 9278 9176
f 9178 9280 9278
f 9279 9179 9177
f 9281 9179 9279
f 9180 9280 9178
f 9180 9282 9280
f 9281 9181 9179
f 9283 9181 9281
f 9182 9282 9180
f 9182 9284 9282
f 9283 9183 9181
f 9285 9183 9283
f 9184 9284 9182
f 9184 9286 9284
f 9285 9185 9183
f 9287 9185 9285
f 9186 9286 9184
f 9186 9288 9286
f 9287 9187 9185
f 9289 9187 9287
f 9188 9288 9186
f 9188 9290 9288
f 9289 9189 9187
f 9291 9189 9289
f 9292 9290 9188
f 9292 9188 9190
f 9293 9190 9191
f 9293 9292 9190
f 9294 9191 9192
f 9294 9293 9191
f 9295 9192 9193
f 9295 9294 9192
f 9296 9193 9194
f 9296 9295 9193
f 9297 9194 9195
f 9297 9296 9194
f 9298 9195 9196
f 9298 9297 9195
f 9299 9196 9197
f 9299 9298 9196
f 9300 9197 9198
f 9300 9299 9197
f 9301 9198 9199
f 9301 9300 9198
f 9302 9199 9200
f 9302 9301 9199
f 9303 9200 9201
f 9303 9302 9200
f 9304 9201 9202
f 9304 9303 9201
f 9305 9202 9203
f 9305 9304 9202
f 9306 9203 9204
f 9306 9305 9203
f 9307 9204 9205
f 9307 9306 9204
f 9308 9205 9206
f 9308 9307 9205
f 9206 9189 9291
f 9206 9291 9308
f 9310 9309 9207
f 9310 9207 9208
f 9207 9311 9209
f 9309 9311 9207
f 9209 9312 9210
f 9311 9312 9209
f 9210 9313 9211
f 9312 9313 9210
f 9211 9314 9212
f 9313 9314 9211
f 9212 9315 9213
f 9314 9315 9212
f 9213 9316 9214
f 9315 9316 9213
f 9214 9317 9215
f 9316 9317 9214
f 9215 9318 9216
f 9317 9318 9215
f 9216 9319 9217
f 9318 9319 9216
f 9217 9320 9218
f 9319 9320 9217
f 9218 9321 9219
f 9320 9321 9218
f 9219 9322 9220
f 9321 9322 9219
f 9220 9323 9221
f 9322 9323 9220
f 9221 9324 9222
f 9323 9324 9221
f 9222 9325 9223
f 9324 9325 9222
f 9223 9326 9224
f 9325 9326 9223
f 9225 9224 9326
f 9225 9326 9327
f 9226 9310 9208
f 9226 9328 9310
f 9327 9227 9225
f 9329 9227 9327
f 9228 9328 9226
f 9228 9330 9328
f 9329 9229 9227
f 9331 9229 9329
f 9230 9330 9228
f 9230 9332 9330
f 9331 9231 9229
f 9333 9231 9331
f 9232 9332 9230
f 9232 9334 9332
f 9333 9233 9231
f 9335 9233 9333
f 9234 9334 9232
f 9234 9336 9334
f 9335 9235 9233
f 9337 9235 9335
f 9236 9336 9234
f 9236 9338 9336
f 9337 9237 9235
f 9339 9237 9337
f 9238 9338 9236
f 9238 9340 9338
f 9339 9239 9237
f 9341 9239 9339
f 9240 9340 9238
f 9240 9342 9340
f 9341 9241 9239
f 9343 9241 9341
f 9242 9342 9240
f 9242 9344 9342
f 9343 9243 9241
f 9345 9243 9343
f 9244 9344 9242
f 9244 9346 9344
f 9345 9245 9243
f 9347 9245 9345
f 9246 9346 9244
f 9246 9348 9346
f 9347 9247 9245
f 9349 9247 9347
f 9248 9348 9246
f 9248 9350 9348
f 9349 9249 9247
f 9351 9249 9349
f 9250 9350 9248
f 9250 9352 9350
f 9351 9251 9249
f 9353 9251 9351
f 9252 9352 9250
f 9252 9354 9352
f 9353 9253 9251
f 9355 9253 9353
f 9254 9354 9252
f 9254 9356 9354
f 9355 9255 9253
f 9357 9255 9355
f 9256 9356 9254
f 9256 9358 9356
f 9357 9257 9255
f 9359 9257 9357
f 9258 9358 9256
f 9258 9360 9358
f 9359 9259 9257
f 9361 9259 9359
f 9260 9360 9258
f 9260 9362 9360
f 9361 9261 9259
f 9363 9261 9361
f 9262 9362 9260
f 9262 9364 9362
f 9363 9263 9261
f 9365 9263 9363
f 9264 9364 9262
f 9264 9366 9364
f 9365 9265 9263
f 9367 9265 9365
f 9266 9366 9264
f 9266 9368 9366
f 9367 9267 9265
f 9369 9267 9367
f 9268 9368 9266
f 9268 9370 9368
f 9369 9269 9267
f 9371 9269 9369
f 9270 9370 9268
f 9270 9372 9370
f 9371 9271 9269
f 9373 9271 9371
f 9272 9372 9270
f 9272 9374 9372
f 9373 9273 9271
f 9375 9273 9373
f 9274 9374 9272
f 9274 9376 9374
f 9375 9275 9273
f 9377 9275 9375
f 9276 9376 9274
f 9276 9378 9376
f 9377 9277 9275
f 9379 9277 9377
f 9278 9378 9276
f 9278 9380 9378
f 9379 9279 9277
f 9381 9279 9379
f 9280 9380 9278
f 9280 9382 9380
f 9381 9281 9279
f 9383 9281 9381
f 9282 9382 9280
f 9282 9384 9382
f 9383 9283 9281
f 9385 9283 9383
f 9284 9384 9282
f 9284 9386 9384
f 9385 9285 9283
f 9387 9285 9385
f 9286 9386 9284
f 9286 9388 9386
f 9387 9287 9285
f 9389 9287 9387
f 9288 9388 9286
f 9288 9390 9388
f 9389 9289 9287
f 9391 9289 9389
f 9290 9393 9392
f 9390 9290 9392
f 9288 9290 9390
f 9393 9394 9392
f 9397 9396 9395
f 9395 9398 9397
f 9401 9400 9399
f 9399 9402 9401
f 9405 9404 9403
f 9391 9405 9403
f 9291 9391 9403
f 9289 9391 9291
f 9292 9393 9290
f 9406 9394 9393
f 9292 9406 9393
f 9293 9406 9292
f 9407 9293 9294
f 9407 9406 9293
f 9408 9294 9295
f 9408 9407 9294
f 9409 9295 9296
f 9409 9408 9295
f 9410 9296 9297
f 9410 9409 9296
f 9411 9297 9298
f 9411 9410 9297
f 9299 9395 9396
f 9411 9299 9396
f 9298 9299 9411
f 9412 9398 9395
f 9299 9412 9395
f 9300 9412 9299
f 9301 9399 9400
f 9412 9301 9400
f 9300 9301 9412
f 9413 9402 9399
f 9301 9413 9399
f 9302 9413 9301
f 9414 9302 9303
f 9414 9413 9302
f 9415 9303 9304
f 9415 9414 9303
f 9416 9304 9305
f 9416 9415 9304
f 9417 9305 9306
f 9417 9416 9305
f 9418 9306 9307
f 9418 9417 9306
f 9308 9403 9404
f 9418 9308 9404
f 9307 9308 9418
f 9403 9308 9291
f 9310 9419 9309
f 9420 9311 9309
f 9420 9309 9419
f 9421 9312 9311
f 9421 9311 9420
f 9422 9313 9312
f 9422 9312 9421
f 9423 9314 9313
f 9423 9313 9422
f 9424 9315 9314
f 9424 9314 9423
f 9425 9316 9315
f 9425 9315 9424
f 9426 9317 9316
f 9426 9316 9425
f 9427 9318 9317
f 9427 9317 9426
f 9428 9319 9318
f 9428 9318 9427
f 9429 9320 9319
f 9429 9319 9428
f 9430 9321 9320
f 9430 9320 9429
f 9431 9322 9321
f 9431 9321 9430
f 9432 9323 9322
f 9432 9322 9431
f 9433 9324 9323
f 9433 9323 9432
f 9434 9325 9324
f 9434 9324 9433
f 9435 9326 9325
f 9435 9325 9434
f 9435 9327 9326
f 9328 9436 9419
f 9328 9419 9310
f 9419 9437 9420
f 9419 9436 9437
f 9420 9438 9421
f 9420 9437 9438
f 9421 9439 9422
f 9421 9438 9439
f 9422 9440 9423
f 9422 9439 9440
f 9423 9441 9424
f 9423 9440 9441
f 9424 9442 9425
f 9424 9441 9442
f 9425 9443 9426
f 9425 9442 9443
f 9426 9444 9427
f 9426 9443 9444
f 9427 9445 9428
f 9427 9444 9445
f 9428 9446 9429
f 9428 9445 9446
f 9429 9447 9430
f 9429 9446 9447
f 9430 9448 9431
f 9430 9447 9448
f 9431 9449 9432
f 9431 9448 9449
f 9432 9450 9433
f 9432 9449 9450
f 9433 9451 9434
f 9433 9450 9451
f 9434 9452 9435
f 9434 9451 9452
f 9452 9329 9327
f 9452 9327 9435
f 9330 9453 9436
f 9330 9436 9328
f 9436 9454 9437
f 9436 9453 9454
f 9437 9455 9438
f 9437 9454 9455
f 9438 9456 9439
f 9438 9455 9456
f 9439 9457 9440
f 9439 9456 9457
f 9440 9458 9441
f 9440 9457 9458
f 9441 9459 9442
f 9441 9458 9459
f 9442 9460 9443
f 9442 9459 9460
f 9443 9461 9444
f 9443 9460 9461
f 9444 9462 9445
f 9444 9461 9462
f 9445 9463 9446
f 9445 9462 9463
f 9446 9464 9447
f 9446 9463 9464
f 9447 9465 9448
f 9447 9464 9465
f 9448 9466 9449
f 9448 9465 9466
f 9449 9467 9450
f 9449 9466 9467
f 9450 9468 9451
f 9450 9467 9468
f 9451 9469 9452
f 9451 9468 9469
f 9469 9331 9329
f 9469 9329 9452
f 9332 9470 9453
f 9332 9453 9330
f 9453 9471 9454
f 9453 9470 9471
f 9454 9472 9455
f 9454 9471 9472
f 9455 9473 9456
f 9455 9472 9473
f 9456 9474 9457
f 9456 9473 9474
f 9457 9475 9458
f 9457 9474 9475
f 9458 9476 9459
f 9458 9475 9476
f 9459 9477 9460
f 9459 9476 9477
f 9460 9478 9461
f 9460 9477 9478
f 9461 9479 9462
f 9461 9478 9479
f 9462 9480 9463
f 9462 9479 9480
f 9463 9481 9464
f 9463 9480 9481
f 9464 9482 9465
f 9464 9481 9482
f 9465 9483 9466
f 9465 9482 9483
f 9466 9484 9467
f 9466 9483 9484
f 9467 9485 9468
f 9467 9484 9485
f 9468 9486 9469
f 9468 9485 9486
f 9486 9333 9331
f 9486 9331 9469
f 9334 9487 9470
f 9334 9470 9332
f 9470 9488 9471
f 9470 9487 9488
f 9471 9489 9472
f 9471 9488 9489
f 9472 9490 9473
f 9472 9489 9490
f 9473 9491 9474
f 9473 9490 9491
f 9474 9492 9475
f 9474 9491 9492
f 9475 9493 9476
f 9475 9492 9493
f 9476 9494 9477
f 9476 9493 9494
f 9477 9495 9478
f 9477 9494 9495
f 9478 9496 9479
f 9478 9495 9496
f 9479 9497 9480
f 9479 9496 9497
f 9480 9498 9481
f 9480 9497 9498
f 9481 9499 9482
f 9481 9498 9499
f 9482 9500 9483
f 9482 9499 9500
f 9483 9501 9484
f 9483 9500 9501
f 9484 9502 9485
f 9484 9501 9502
f 9485 9503 9486
f 9485 9502 9503
f 9503 9335 9333
f 9503 9333 9486
f 9336 9504 9487
f 9336 9487 9334
f 9487 9505 9488
f 9487 9504 9505
f 9488 9506 9489
f 9488 9505 9506
f 9489 9507 9490
f 9489 9506 9507
f 9490 9508 9491
f 9490 9507 9508
f 9491 9509 9492
f 9491 9508 9509
f 9492 9510 9493
f 9492 9509 9510
f 9493 9511 9494
f 9493 9510 9511
f 9494 9512 9495
f 9494 9511 9512
f 9495 9513 9496
f 9495 9512 9513
f 9496 9514 9497
f 9496 9513 9514
f 9497 9515 9498
f 9497 9514 9515
f 9498 9516 9499
f 9498 9515 9516
f 9499 9517 9500
f 9499 9516 9517
f 9500 9518 9501
f 9500 9517 9518
f 9501 9519 9502
f 9501 9518 9519
f 9502 9520 9503
f 9502 9519 9520
f 9520 9337 9335
f 9520 9335 9503
f 9338 9521 9504
f 9338 9504 9336
f 9504 9522 9505
f 9504 9521 9522
f 9505 9523 9506
f 9505 9522 9523
f 9506 9524 9507
f 9506 9523 9524
f 9507 9525 9508
f 9507 9524 9525
f 9508 9526 9509
f 9508 9525 9526
f 9509 9527 9510
f 9509 9526 9527
f 9510 9528 9511
f 9510 9527 9528
f 9511 9529 9512
f 9511 9528 9529
f 9512 9530 9513
f 9512 9529 9530
f 9513 9531 9514
f 9513 9530 9531
f 9514 9532 9515
f 9514 9531 9532
f 9515 9533 9516
f 9515 9532 9533
f 9516 9534 9517
f 9516 9533 9534
f 9517 9535 9518
f 9517 9534 9535
f 9518 9536 9519
f 9518 9535 9536
f 9519 9537 9520
f 9519 9536 9537
f 9537 9339 9337
f 9537 9337 9520
f 9340 9538 9521
f 9340 9521 9338
f 9521 9539 9522
f 9521 9538 9539
f 9522 9540 9523
f 9522 9539 9540
f 9523 9541 9524
f 9523 9540 9541
f 9524 9542 9525
f 9524 9541 9542
f 9525 9543 9526
f 9525 9542 9543
f 9526 9544 9527
f 9526 9543 9544
f 9527 9545 9528
f 9527 9544 9545
f 9528 9546 9529
f 9528 9545 9546
f 9529 9547 9530
f 9529 9546 9547
f 9530 9548 9531
f 9530 9547 9548
f 9531 9549 9532
f 9531 9548 9549
f 9532 9550 9533
f 9532 9549 9550
f 9533 9551 9534
f 9533 9550 9551
f 9534 9552 9535
f 9534 9551 9552
f 9535 9553 9536
f 9535 9552 9553
f 9536 9554 9537
f 9536 9553 9554
f 9554 9341 9339
f 9554 9339 9537
f 9342 9555 9538
f 9342 9538 9340
f 9538 9556 9539
f 9538 9555 9556
f 9539 9557 9540
f 9539 9556 9557
f 9540 9558 9541
f 9540 9557 9558
f 9541 9559 9542
f 9541 9558 9559
f 9542 9560 9543
f 9542 9559 9560
f 9543 9561 9544
f 9543 9560 9561
f 9544 9562 9545
f 9544 9561 9562
f 9545 9563 9546
f 9545 9562 9563
f 9546 9564 9547
f 9546 9563 9564
f 9547 9565 9548
f 9547 9564 9565
f 9548 9566 9549
f 9548 9565 9566
f 9549 9567 9550
f 9549 9566 9567
f 9550 9568 9551
f 9550 9567 9568
f 9551 9569 9552
f 9551 9568 9569
f 9552 9570 9553
f 9552 9569 9570
f 9553 9571 9554
f 9553 9570 9571
f 9571 9343 9341
f 9571 9341 9554
f 9344 9572 9555
f 9344 9555 9342
f 9555 9573 9556
f 9555 9572 9573
f 9556 9574 9557
f 9556 9573 9574
f 9557 9575 9558
f 9557 9574 9575
f 9558 9576 9559
f 9558 9575 9576
f 9559 9577 9560
f 9559 9576 9577
f 9560 9578 9561
f 9560 9577 9578
f 9561 9579 9562
f 9561 9578 9579
f 9562 9580 9563
f 9562 9579 9580
f 9563 9581 9564
f 9563 9580 9581
f 9564 9582 9565
f 9564 9581 9582
f 9565 9583 9566
f 9565 9582 9583
f 9566 9584 9567
f 9566 9583 9584
f 9567 9585 9568
f 9567 9584 9585
f 9568 9586 9569
f 9568 9585 9586
f 9569 9587 9570
f 9569 9586 9587
f 9570 9588 9571
f 9570 9587 9588
f 9588 9345 9343
f 9588 9343 9571
f 9346 9589 9572
f 9346 9572 9344
f 9572 9590 9573
f 9572 9589 9590
f 9573 9591 9574
f 9573 9590 9591
f 9574 9592 9575
f 9574 9591 9592
f 9575 9593 9576
f 9575 9592 9593
f 9576 9594 9577
f 9576 9593 9594
f 9577 9595 9578
f 9577 9594 9595
f 9578 9596 9579
f 9578 9595 9596
f 9579 9597 9580
f 9579 9596 9597
f 9580 9598 9581
f 9580 9597 9598
f 9581 9599 9582
f 9581 9598 9599
f 9582 9600 9583
f 9582 9599 9600
f 9583 9601 9584
f 9583 9600 9601
f 9584 9602 9585
f 9584 9601 9602
f 9585 9603 9586
f 9585 9602 9603
f 9586 9604 9587
f 9586 9603 9604
f 9587 9605 9588
f 9587 9604 9605
f 9605 9347 9345
f 9605 9345 9588
f 9348 9606 9589
f 9348 9589 9346
f 9589 9607 9590
f 9589 9606 9607
f 9590 9608 9591
f 9590 9607 9608
f 9591 9609 9592
f 9591 9608 9609
f 9592 9610 9593
f 9592 9609 9610
f 9593 9611 9594
f 9593 9610 9611
f 9594 9612 9595
f 9594 9611 9612
f 9595 9613 9596
f 9595 9612 9613
f 9596 9614 9597
f 9596 9613 9614
f 9597 9615 9598
f 9597 9614 9615
f 9598 9616 9599
f 9598 9615 9616
f 9599 9617 9600
f 9599 9616 9617
f 9600 9618 9601
f 9600 9617 9618
f 9601 9619 9602
f 9601 9618 9619
f 9602 9620 9603
f 9602 9619 9620
f 9603 9621 9604
f 9603 9620 9621
f 9604 9622 9605
f 9604 9621 9622
f 9622 9349 9347
f 9622 9347 9605
f 9350 9623 9606
f 9350 9606 9348
f 9606 9624 9607
f 9606 9623 9624
f 9607 9625 9608
f 9607 9624 9625
f 9608 9626 9609
f 9608 9625 9626
f 9609 9627 9610
f 9609 9626 9627
f 9610 9628 9611
f 9610 9627 9628
f 9611 9629 9612
f 9611 9628 9629
f 9612 9630 9613
f 9612 9629 9630
f 9613 9631 9614
f 9613 9630 9631
f 9614 9632 9615
f 9614 9631 9632
f 9615 9633 9616
f 9615 9632 9633
f 9616 9634 9617
f 9616 9633 9634
f 9617 9635 9618
f 9617 9634 9635
f 9618 9636 9619
f 9618 9635 9636
f 9619 9637 9620
f 9619 9636 9637
f 9620 9638 9621
f 9620 9637 9638
f 9621 9639 9622
f 9621 9638 9639
f 9639 9351 9349
f 9639 9349 9622
f 9352 9640 9623
f 9352 9623 9350
f 9623 9641 9624
f 9623 9640 9641
f 9624 9642 9625
f 9624 9641 9642
f 9625 9643 9626
f 9625 9642 9643
f 9626 9644 9627
f 9626 9643 9644
f 9627 9645 9628
f 9627 9644 9645
f 9628 9646 9629
f 9628 9645 9646
f 9629 9647 9630
f 9629 9646 9647
f 9630 9648 9631
f 9630 9647 9648
f 9631 9649 9632
f 9631 9648 9649
f 9632 9650 9633
f 9632 9649 9650
f 9633 9651 9634
f 9633 9650 9651
f 9634 9652 9635
f 9634 9651 9652
f 9635 9653 9636
f 9635 9652 9653
f 9636 9654 9637
f 9636 9653 9654
f 9637 9655 9638
f 9637 9654 9655
f 9638 9656 9639
f 9638 9655 9656
f 9656 9353 9351
f 9656 9351 9639
f 9354 9657 9640
f 9354 9640 9352
f 9640 9658 9641
f 9640 9657 9658
f 9641 9659 9642
f 9641 9658 9659
f 9642 9660 9643
f 9642 9659 9660
f 9643 9661 9644
f 9643 9660 9661
f 9644 9662 9645
f 9644 9661 9662
f 9645 9663 9646
f 9645 9662 9663
f 9646 9664 9647
f 9646 9663 9664
f 9647 9665 9648
f 9647 9664 9665
f 9648 9666 9649
f 9648 9665 9666
f 9649 9667 9650
f 9649 9666 9667
f 9650 9668 9651
f 9650 9667 9668
f 9651 9669 9652
f 9651 9668 9669
f 9652 9670 9653
f 9652 9669 9670
f 9653 9671 9654
f 9653 9670 9671
f 9654 9672 9655
f 9654 9671 9672
f 9655 9673 9656
f 9655 9672 9673
f 9673 9355 9353
f 9673 9353 9656
f 9356 9674 9657
f 9356 9657 9354
f 9657 9675 9658
f 9657 9674 9675
f 9658 9676 9659
f 9658 9675 9676
f 9659 9677 9660
f 9659 9676 9677
f 9660 9678 9661
f 9660 9677 9678
f 9661 9679 9662
f 9661 9678 9679
f 9662 9680 9663
f 9662 9679 9680
f 9663 9681 9664
f 9663 9680 9681
f 9664 9682 9665
f 9664 9681 9682
f 9665 9683 9666
f 9665 9682 9683
f 9666 9684 9667
f 9666 9683 9684
f 9667 9685 9668
f 9667 9684 9685
f 9668 9686 9669
f 9668 9685 9686
f 9669 9687 9670
f 9669 9686 9687
f 9670 9688 9671
f 9670 9687 9688
f 9671 9689 9672
f 9671 9688 9689
f 9672 9690 9673
f 9672 9689 9690
f 9690 9357 9355
f 9690 9355 9673
f 9358 9691 9674
f 9358 9674 9356
f 9674 9692 9675
f 9674 9691 9692
f 9675 9693 9676
f 9675 9692 9693
f 9676 9694 9677
f 9676 9693 9694
f 9677 9695 9678
f 9677 9694 9695
f 9678 9696 9679
f 9678 9695 9696
f 9679 9697 9680
f 9679 9696 9697
f 9680 9698 9681
f 9680 9697 9698
f 9681 9699 9682
f 9681 9698 9699
f 9682 9700 9683
f 9682 9699 9700
f 9683 9701 9684
f 9683 9700 9701
f 9684 9702 9685
f 9684 9701 9702
f 9685 9703 9686
f 9685 9702 9703
f 9686 9704 9687
f 9686 9703 9704
f 9687 9705 9688
f 9687 9704 9705
f 9688 9706 9689
f 9688 9705 9706
f 9689 9707 9690
f 9689 9706 9707
f 9707 9359 9357
f 9707 9357 9690
f 9360 9708 9691
f 9360 9691 9358
f 9691 9709 9692
f 9691 9708 9709
f 9692 9710 9693
f 9692 9709 9710
f 9693 9711 9694
f 9693 9710 9711
f 9694 9712 9695
f 9694 9711 9712
f 9695 9713 9696
f 9695 9712 9713
f 9696 9714 9697
f 9696 9713 9714
f 9697 9715 9698
f 9697 9714 9715
f 9698 9716 9699
f 9698 9715 9716
f 9699 9717 9700
f 9699 9716 9717
f 9700 9718 9701
f 9700 9717 9718
f 9701 9719 9702
f 9701 9718 9719
f 9702 9720 9703
f 9702 9719 9720
f 9703 9721 9704
f 9703 9720 9721
f 9704 9722 9705
f 9704 9721 9722
f 9705 9723 9706
f 9705 9722 9723
f 9706 9724 9707
f 9706 9723 9724
f 9724 9361 9359
f 9724 9359 9707
f 9362 9725 9708
f 9362 9708 9360
f 9708 9726 9709
f 9708 9725 9726
f 9709 9727 9710
f 9709 9726 9727
f 9710 9728 9711
f 9710 9727 9728
f 9711 9729 9712
f 9711 9728 9729
f 9712 9730 9713
f 9712 9729 9730
f 9713 9731 9714
f 9713 9730 9731
f 9714 9732 9715
f 9714 9731 9732
f 9715 9733 9716
f 9715 9732 9733
f 9716 9734 9717
f 9716 9733 9734
f 9717 9735 9718
f 9717 9734 9735
f 9718 9736 9719
f 9718 9735 9736
f 9719 9737 9720
f 9719 9736 9737
f 9720 9738 9721
f 9720 9737 9738
f 9721 9739 9722
f 9721 9738 9739
f 9722 9740 9723
f 9722 9739 9740
f 9723 9741 9724
f 9723 9740 9741
f 9741 9363 9361
f 9741 9361 9724
f 9364 9742 9725
f 9364 9725 9362
f 9725 9743 9726
f 9725 9742 9743
f 9726 9744 9727
f 9726 9743 9744
f 9727 9745 9728
f 9727 9744 9745
f 9728 9746 9729
f 9728 9745 9746
f 9729 9747 9730
f 9729 9746 9747
f 9730 9748 9731
f 9730 9747 9748
f 9731 9749 9732
f 9731 9748 9749
f 9732 9750 9733
f 9732 9749 9750
f 9733 9751 9734
f 9733 9750 9751
f 9734 9752 9735
f 9734 9751 9752
f 9735 9753 9736
f 9735 9752 9753
f 9736 9754 9737
f 9736 9753 9754
f 9737 9755 9738
f 9737 9754 9755
f 9738 9756 9739
f 9738 9755 9756
f 9739 9757 9740
f 9739 9756 9757
f 9740 9758 9741
f 9740 9757 9758
f 9758 9365 9363
f 9758 9363 9741
f 9366 9759 9742
f 9366 9742 9364
f 9742 9760 9743
f 9742 9759 9760
f 9743 9761 9744
f 9743 9760 9761
f 9744 9762 9745
f 9744 9761 9762
f 9745 9763 9746
f 9745 9762 9763
f 9746 9764 9747
f 9746 9763 9764
f 9747 9765 9748
f 9747 9764 9765
f 9748 9766 9749
f 9748 9765 9766
f 9749 9767 9750
f 9749 9766 9767
f 9750 9768 9751
f 9750 9767 9768
f 9751 9769 9752
f 9751 9768 9769
f 9752 9770 9753
f 9752 9769 9770
f 9753 9771 9754
f 9753 9770 9771
f 9754 9772 9755
f 9754 9771 9772
f 9755 9773 9756
f 9755 9772 9773
f 9756 9774 9757
f 9756 9773 9774
f 9757 9775 9758
f 9757 9774 9775
f 9775 9367 9365
f 9775 9365 9758
f 9368 9776 9759
f 9368 9759 9366
f 9759 9777 9760
f 9759 9776 9777
f 9760 9778 9761
f 9760 9777 9778
f 9761 9779 9762
f 9761 9778 9779
f 9762 9780 9763
f 9762 9779 9780
f 9763 9781 9764
f 9763 9780 9781
f 9764 9782 9765
f 9764 9781 9782
f 9765 9783 9766
f 9765 9782 9783
f 9766 9784 9767
f 9766 9783 9784
f 9767 9785 9768
f 9767 9784 9785
f 9768 9786 9769
f 9768 9785 9786
f 9769 9787 9770
f 9769 9786 9787
f 9770 9788 9771
f 9770 9787 9788
f 9771 9789 9772
f 9771 9788 9789
f 9772 9790 9773
f 9772 9789 9790
f 9773 9791 9774
f 9773 9790 9791
f 9774 9792 9775
f 9774 9791 9792
f 9792 9369 9367
f 9792 9367 9775
f 9370 9793 9776
f 9370 9776 9368
f 9776 9794 9777
f 9776 9793 9794
f 9777 9795 9778
f 9777 9794 9795
f 9778 9796 9779
f 9778 9795 9796
f 9779 9797 9780
f 9779 9796 9797
f 9780 9798 9781
f 9780 9797 9798
f 9781 9799 9782
f 9781 9798 9799
f 9782 9800 9783
f 9782 9799 9800
f 9783 9801 9784
f 9783 9800 9801
f 9784 9802 9785
f 9784 9801 9802
f 9785 9803 9786
f 9785 9802 9803
f 9786 9804 9787
f 9786 9803 9804
f 9787 9805 9788
f 9787 9804 9805
f 9788 9806 9789
f 9788 9805 9806
f 9789 9807 9790
f 9789 9806 9807
f 9790 9808 9791
f 9790 9807 9808
f 9791 9809 9792
f 9791 9808 9809
f 9809 9371 9369
f 9809 9369 9792
f 9372 9810 9793
f 9372 9793 9370
f 9793 9811 9794
f 9793 9810 9811
f 9794 9812 9795
f 9794 9811 9812
f 9795 9813 9796
f 9795 9812 9813
f 9796 9814 9797
f 9796 9813 9814
f 9797 9815 9798
f 9797 9814 9815
f 9798 9816 9799
f 9798 9815 9816
f 9799 9817 9800
f 9799 9816 9817
f 9800 9818 9801
f 9800 9817 9818
f 9801 9819 9802
f 9801 9818 9819
f 9802 9820 9803
f 9802 9819 9820
f 9803 9821 9804
f 9803 9820 9821
f 9804 9822 9805
f 9804 9821 9822
f 9805 9823 9806
f 9805 9822 9823
f 9806 9824 9807
f 9806 9823 9824
f 9807 9825 9808
f 9807 9824 9825
f 9808 9826 9809
f 9808 9825 9826
f 9826 9373 9371
f 9826 9371 9809
f 9374 9827 9810
f 9374 9810 9372
f 9810 9828 9811
f 9810 9827 9828
f 9811 9829 9812
f 9811 9828 9829
f 9812 9830 9813
f 9812 9829 9830
f 9813 9831 9814
f 9813 9830 9831
f 9814 9832 9815
f 9814 9831 9832
f 9815 9833 9816
f 9815 9832 9833
f 9816 9834 9817
f 9816 9833 9834
f 9817 9835 9818
f 9817 9834 9835
f 9818 9836 9819
f 9818 9835 9836
f 9819 9837 9820
f 9819 9836 9837
f 9820 9838 9821
f 9820 9837 9838
f 9821 9839 9822
f 9821 9838 9839
f 9822 9840 9823
f 9822 9839 9840
f 9823 9841 9824
f 9823 9840 9841
f 9824 9842 9825
f 9824 9841 9842
f 9825 9843 9826
f 9825 9842 9843
f 9843 9375 9373
f 9843 9373 9826
f 9376 9844 9827
f 9376 9827 9374
f 9827 9845 9828
f 9827 9844 9845
f 9828 9846 9829
f 9828 9845 9846
f 9829 9847 9830
f 9829 9846 9847
f 9830 9848 9831
f 9830 9847 9848
f 9831 9849 9832
f 9831 9848 9849
f 9832 9850 9833
f 9832 9849 9850
f 9833 9851 9834
f 9833 9850 9851
f 9834 9852 9835
f 9834 9851 9852
f 9835 9853 9836
f 9835 9852 9853
f 9836 9854 9837
f 9836 9853 9854
f 9837 9855 9838
f 9837 9854 9855
f 9838 9856 9839
f 9838 9855 9856
f 9839 9857 9840
f 9839 9856 9857
f 9840 9858 9841
f 9840 9857 9858
f 9841 9859 9842
f 9841 9858 9859
f 9842 9860 9843
f 9842 9859 9860
f 9860 9377 9375
f 9860 9375 9843
f 9378 9861 9844
f 9378 9844 9376
f 9844 9862 9845
f 9844 9861 9862
f 9845 9863 9846
f 9845 9862 9863
f 9846 9864 9847
f 9846 9863 9864
f 9847 9865 9848
f 9847 9864 9865
f 9848 9866 9849
f 9848 9865 9866
f 9849 9867 9850
f 9849 9866 9867
f 9850 9868 9851
f 9850 9867 9868
f 9851 9869 9852
f 9851 9868 9869
f 9852 9870 9853
f 9852 9869 9870
f 9853 9871 9854
f 9853 9870 9871
f 9854 9872 9855
f 9854 9871 9872
f 9855 9873 9856
f 9855 9872 9873
f 9856 9874 9857
f 9856 9873 9874
f 9857 9875 9858
f 9857 9874 9875
f 9858 9876 9859
f 9858 9875 9876
f 9859 9877 9860
f 9859 9876 9877
f 9877 9379 9377
f 9877 9377 9860
f 9380 9878 9861
f 9380 9861 9378
f 9861 9879 9862
f 9861 9878 9879
f 9862 9880 9863
f 9862 9879 9880
f 9863 9881 9864
f 9863 9880 9881
f 9864 9882 9865
f 9864 9881 9882
f 9865 9883 9866
f 9865 9882 9883
f 9866 9884 9867
f 9866 9883 9884
f 9867 9885 9868
f 9867 9884 9885
f 9868 9886 9869
f 9868 9885 9886
f 9869 9887 9870
f 9869 9886 9887
f 9870 9888 9871
f 9870 9887 9888
f 9871 9889 9872
f 9871 9888 9889
f 9872 9890 9873
f 9872 9889 9890
f 9873 9891 9874
f 9873 9890 9891
f 9874 9892 9875
f 9874 9891 9892
f 9875 9893 9876
f 9875 9892 9893
f 9876 9894 9877
f 9876 9893 9894
f 9894 9381 9379
f 9894 9379 9877
f 9382 9895 9878
f 9382 9878 9380
f 9878 9896 9879
f 9878 9895 9896
f 9879 9897 9880
f 9879 9896 9897
f 9880 9898 9881
f 9880 9897 9898
f 9881 9899 9882
f 9881 9898 9899
f 9882 9900 9883
f 9882 9899 9900
f 9883 9901 9884
f 9883 9900 9901
f 9884 9902 9885
f 9884 9901 9902
f 9885 9903 9886
f 9885 9902 9903
f 9886 9904 9887
f 9886 9903 9904
f 9887 9905 9888
f 9887 9904 9905
f 9888 9906 9889
f 9888 9905 9906
f 9889 9907 9890
f 9889 9906 9907
f 9890 9908 9891
f 9890 9907 9908
f 9891 9909 9892
f 9891 9908 9909
f 9892 9910 9893
f 9892 9909 9910
f 9893 9911 9894
f 9893 9910 9911
f 9911 9383 9381
f 9911 9381 9894
f 9384 9912 9895
f 9384 9895 9382
f 9895 9913 9896
f 9895 9912 9913
f 9896 9914 9897
f 9896 9913 9914
f 9897 9915 9898
f 9897 9914 9915
f 9898 9916 9899
f 9898 9915 9916
f 9899 9917 9900
f 9899 9916 9917
f 9900 9918 9901
f 9900 9917 9918
f 9901 9919 9902
f 9901 9918 9919
f 9902 9920 9903
f 9902 9919 9920
f 9903 9921 9904
f 9903 9920 9921
f 9904 9922 9905
f 9904 9921 9922
f 9905 9923 9906
f 9905 9922 9923
f 9906 9924 9907
f 9906 9923 9924
f 9907 9925 9908
f 9907 9924 9925
f 9908 9926 9909
f 9908 9925 9926
f 9909 9927 9910
f 9909 9926 9927
f 9910 9928 9911
f 9910 9927 9928
f 9928 9385 9383
f 9928 9383 9911
f 9386 9929 9912
f 9386 9912 9384
f 9912 9930 9913
f 9912 9929 9930
f 9913 9931 9914
f 9913 9930 9931
f 9914 9932 9915
f 9914 9931 9932
f 9915 9933 9916
f 9915 9932 9933
f 9916 9934 9917
f 9916 9933 9934
f 9917 9935 9918
f 9917 9934 9935
f 9918 9936 9919
f 9918 9935 9936
f 9919 9937 9920
f 9919 9936 9937
f 9920 9938 9921
f 9920 9937 9938
f 9921 9939 9922
f 9921 9938 9939
f 9922 9940 9923
f 9922 9939 9940
f 9923 9941 9924
f 9923 9940 9941
f 9924 9942 9925
f 9924 9941 9942
f 9925 9943 9926
f 9925 9942 9943
f 9926 9944 9927
f 9926 9943 9944
f 9927 9945 9928
f 9927 9944 9945
f 9945 9387 9385
f 9945 9385 9928
f 9388 9946 9929
f 9388 9929 9386
f 9929 9947 9930
f 9929 9946 9947
f 9930 9948 9931
f 9930 9947 9948
f 9931 9949 9932
f 9931 9948 9949
f 9932 9950 9933
f 9932 9949 9950
f 9933 9951 9934
f 9933 9950 9951
f 9934 9952 9935
f 9934 9951 9952
f 9935 9953 9936
f 9935 9952 9953
f 9936 9954 9937
f 9936 9953 9954
f 9937 9955 9938
f 9937 9954 9955
f 9938 9956 9939
f 9938 9955 9956
f 9939 9957 9940
f 9939 9956 9957
f 9940 9958 9941
f 9940 9957 9958
f 9941 9959 9942
f 9941 9958 9959
f 9942 9960 9943
f 9942 9959 9960
f 9943 9961 9944
f 9943 9960 9961
f 9944 9962 9945
f 9944 9961 9962
f 9962 9389 9387
f 9962 9387 9945
f 9390 9963 9946
f 9390 9946 9388
f 9946 9964 9947
f 9946 9963 9964
f 9947 9965 9948
f 9947 9964 9965
f 9948 9966 9949
f 9948 9965 9966
f 9949 9967 9950
f 9949 9966 9967
f 9950 9968 9951
f 9950 9967 9968
f 9951 9969 9952
f 9951 9968 9969
f 9952 9970 9953
f 9952 9969 9970
f 9953 9971 9954
f 9953 9970 9971
f 9954 9972 9955
f 9954 9971 9972
f 9955 9973 9956
f 9955 9972 9973
f 9956 9974 9957
f 9956 9973 9974
f 9957 9975 9958
f 9957 9974 9975
f 9958 9976 9959
f 9958 9975 9976
f 9959 9977 9960
f 9959 9976 9977
f 9960 9978 9961
f 9960 9977 9978
f 9961 9979 9962
f 9961 9978 9979
f 9979 9391 9389
f 9979 9389 9962
f 9392 9963 9390
f 9963 9392 9394
f 9980 9963 9394
f 9964 9963 9980
f 9964 9981 9965
f 9964 9980 9981
f 9965 9982 9966
f 9965 9981 9982
f 9966 9983 9967
f 9966 9982 9983
f 9967 9984 9968
f 9967 9983 9984
f 9968 9985 9969
f 9968 9984 9985
f 9985 9396 9397
f 9970 9985 9397
f 9969 9985 9970
f 9970 9397 9398
f 9986 9970 9398
f 9971 9970 9986
f 9986 9400 9401
f 9972 9986 9401
f 9971 9986 9972
f 9972 9401 9402
f 9987 9972 9402
f 9973 9972 9987
f 9973 9988 9974
f 9973 9987 9988
f 9974 9989 9975
f 9974 9988 9989
f 9975 9990 9976
f 9975 9989 9990
f 9976 9991 9977
f 9976 9990 9991
f 9977 9992 9978
f 9977 9991 9992
f 9992 9404 9405
f 9979 9992 9405
f 9978 9992 9979
f 9979 9405 9391
f 9406 9980 9394
f 9980 9406 9407
f 9980 9407 9981
f 9981 9407 9408
f 9981 9408 9982
f 9982 9408 9409
f 9982 9409 9983
f 9983 9409 9410
f 9983 9410 9984
f 9984 9410 9411
f 9984 9411 9985
f 9985 9411 9396
f 9412 9986 9398
f 9986 9412 9400
f 9413 9987 9402
f 9987 9413 9414
f 9987 9414 9988
f 9988 9414 9415
f 9988 9415 9989
f 9989 9415 9416
f 9989 9416 9990
f 9990 9416 9417
f 9990 9417 9991
f 9991 9417 9418
f 9991 9418 9992
f 9992 9418 9404

