# https://github.com/mikedh/trimesh
v 19.99763680 1.00000000 9.00000000
v 20.00000000 0.98776263 9.00000000
v 20.00000000 1.00000000 8.96942043
v 20.00000000 1.00000000 9.02999306
v 20.00000000 1.00760567 9.00000000
v 19.99860954 6.00000000 3.00000000
v 20.00000000 5.95196247 3.00000000
v 20.00000000 6.00000000 2.98545051
v 20.00000000 6.00000000 3.02091503
v 20.00000000 6.03839874 3.00000000
v 19.98345375 11.00000000 3.00000000
v 20.00000000 10.64614964 3.00000000
v 20.00000000 11.00000000 2.91940284
v 20.00000000 11.00000000 3.35346007
v 20.00000000 11.58479118 3.00000000
v 19.99291611 14.00000000 3.00000000
v 20.00000000 13.83799648 3.00000000
v 20.00000000 14.00000000 2.96058345
v 20.00000000 14.00000000 3.09409022
v 20.00000000 14.28508949 3.00000000
v 19.99973679 17.00000000 3.00000000
v 20.00000000 16.97583580 3.00000000
v 20.00000000 17.00000000 2.99893999
v 20.00000000 17.00000000 3.00274920
v 20.00000000 17.04462624 3.00000000
v 19.98911095 21.00000000 3.00000000
v 20.00000000 20.53515244 3.00000000
v 20.00000000 21.00000000 2.94795680
v 20.00000000 21.00000000 3.16278887
v 19.99865341 22.00000000 3.00000000
v 20.00000000 22.00000000 2.99337125
v 20.00000000 22.00000000 3.01482463
v 20.00000000 22.09977722 3.00000000
v 20.00000000 23.00000000 3.43112779
v 19.98349190 23.00000000 4.00000000
v 20.00000000 22.84807587 4.00000000
v 20.00000000 23.00000000 4.05341005
v 19.98572159 24.00000000 3.00000000
v 20.00000000 23.45738602 3.00000000
v 20.00000000 24.00000000 2.92774081
v 20.00000000 23.22493362 4.00000000
v 20.00000000 24.00000000 3.20693183
v 20.00000000 24.56791115 3.00000000
v 19.98299217 26.00000000 3.00000000
v 20.00000000 25.38756180 3.00000000
v 20.00000000 26.00000000 2.92018151
v 20.00000000 26.00000000 3.25436664
v 20.00000000 26.43416023 3.00000000
v 20.00000000 27.00000000 3.72187161
v 19.99083519 27.00000000 4.00000000
v 20.00000000 26.85375023 4.00000000
v 20.00000000 27.00000000 4.02522993
v 19.98436356 28.00000000 3.00000000
v 20.00000000 27.59722137 3.00000000
v 20.00000000 28.00000000 2.93039298
v 20.00000000 27.10876274 4.00000000
v 20.00000000 28.00000000 3.17601514
v 19.95491028 29.00000000 3.00000000
v 20.00000000 29.00000000 2.78556895
v 20.00000000 29.00000000 3.41932511
v 19.99470139 30.00000000 3.00000000
v 20.00000000 30.00000000 2.96163440
v 20.00000000 30.00000000 3.12393355
v 20.00000000 30.15406036 3.00000000
v 19.98567963 31.00000000 44.00000000
v 20.00000000 30.93128967 44.00000000
v 20.00000000 31.00000000 43.91607285
v 20.00000000 31.00000000 44.18188858
v 20.00000000 31.15684128 44.00000000
v 19.98298836 36.00000000 3.00000000
v 20.00000000 35.72946930 3.00000000
v 20.00000000 36.00000000 2.89311910
v 20.00000000 36.00000000 3.14699674
v 20.00000000 36.52538300 3.00000000
v 19.96166420 38.00000000 3.00000000
v 20.00000000 37.28421783 3.00000000
v 20.00000000 38.00000000 2.78612757
v 20.00000000 38.00000000 3.31522274
v 20.00000000 38.35559082 3.00000000
v 19.99363327 40.00000000 3.00000000
v 20.00000000 39.91227341 3.00000000
v 20.00000000 40.00000000 2.95855594
v 20.00000000 40.00000000 3.06720448
v 20.00000000 40.07549286 3.00000000
v 19.95032310 44.00000000 3.00000000
v 20.00000000 43.45467758 3.00000000
v 20.00000000 44.00000000 2.75914216
v 20.00000000 44.00000000 3.37773347
v 20.00000000 44.54313660 3.00000000
v 19.86799622 46.00000000 3.00000000
v 20.00000000 45.25471497 3.00000000
v 20.00000000 46.00000000 2.56796217
v 20.00000000 46.00000000 3.87022638
v 19.97628784 46.00000000 5.00000000
v 20.00000000 45.89863205 5.00000000
v 20.00000000 46.00000000 4.43720150
v 20.00000000 46.00000000 5.29527473
v 19.98329926 46.00000000 11.00000000
v 20.00000000 45.95594406 11.00000000
v 20.00000000 46.00000000 10.76254559
v 20.00000000 46.00000000 11.09362698
v 19.97275734 46.00000000 39.00000000
v 20.00000000 45.91617584 39.00000000
v 20.00000000 46.00000000 38.55421066
v 20.00000000 46.00000000 39.20211411
v 20.00000000 46.34190369 3.00000000
v 20.00000000 46.09261322 5.00000000
v 20.00000000 46.06142044 11.00000000
v 20.00000000 46.11787033 39.00000000
v 20.65689468 1.00000000 2.00000000
v 21.00000000 0.91484594 2.00000000
v 21.00000000 1.00000000 1.95595503
v 20.07592392 1.00000000 3.00000000
v 21.00000000 0.03665452 3.00000000
v 21.00000000 0.00000000 3.46195340
v 20.88899612 0.00000000 4.00000000
v 20.02176666 1.00000000 4.00000000
v 21.00000000 0.02275634 5.00000000
v 21.00000000 0.00000000 4.67201757
v 20.07795143 1.00000000 5.00000000
v 20.15109444 1.00000000 6.00000000
v 21.00000000 0.05962493 6.00000000
v 20.09986877 1.00000000 7.00000000
v 21.00000000 0.05595777 7.00000000
v 20.09004211 1.00000000 8.00000000
v 21.00000000 0.01848448 8.00000000
v 21.00000000 0.00000000 8.26443958
v 20.82787132 0.00000000 9.00000000
v 20.10381317 1.00000000 10.00000000
v 21.00000000 0.03667321 10.00000000
v 21.00000000 0.00000000 9.61225224
v 20.13165474 1.00000000 11.00000000
v 21.00000000 0.05216260 11.00000000
v 20.08663368 1.00000000 12.00000000
v 21.00000000 0.04907205 12.00000000
v 21.00000000 0.00000000 12.91412926
v 20.97786522 0.00000000 13.00000000
v 20.03049278 1.00000000 13.00000000
v 21.00000000 0.02290496 14.00000000
v 21.00000000 0.00000000 13.18441582
v 20.11555099 1.00000000 14.00000000
v 20.10164070 1.00000000 15.00000000
v 21.00000000 0.04744338 15.00000000
v 20.04343414 1.00000000 16.00000000
v 21.00000000 0.04302352 16.00000000
v 21.00000000 0.00000000 16.61384010
v 20.90229034 0.00000000 17.00000000
v 20.07504082 1.00000000 17.00000000
v 21.00000000 0.01359921 18.00000000
v 21.00000000 0.00000000 17.69762993
v 20.08467674 1.00000000 18.00000000
v 20.04204941 1.00000000 19.00000000
v 21.00000000 0.05930490 19.00000000
v 20.09427261 1.00000000 20.00000000
v 21.00000000 0.03180443 20.00000000
v 21.00000000 0.00000000 20.73669815
v 20.95799065 0.00000000 21.00000000
v 20.04417419 1.00000000 21.00000000
v 21.00000000 0.02807296 22.00000000
v 21.00000000 0.00000000 21.29890251
v 20.10814095 1.00000000 22.00000000
v 20.10416412 1.00000000 23.00000000
v 21.00000000 0.08114459 23.00000000
v 20.06124878 1.00000000 24.00000000
v 21.00000000 0.01234970 24.00000000
v 21.00000000 0.00000000 24.11519432
v 20.73463631 0.00000000 25.00000000
v 20.08360100 1.00000000 25.00000000
v 21.00000000 0.00891224 26.00000000
v 21.00000000 0.00000000 25.92338943
v 20.07021904 1.00000000 26.00000000
v 20.13296318 1.00000000 27.00000000
v 21.00000000 0.01506822 27.00000000
v 20.14507484 1.00000000 28.00000000
v 21.00000000 0.00213065 28.00000000
v 21.00000000 0.00000000 28.03709030
v 20.83824730 0.00000000 29.00000000
v 20.07990456 1.00000000 29.00000000
v 21.00000000 0.02083588 30.00000000
v 21.00000000 0.00000000 29.72974586
v 20.12994576 1.00000000 30.00000000
v 20.10523415 1.00000000 31.00000000
v 21.00000000 0.01478607 31.00000000
v 21.00000000 0.00000000 31.58617210
v 20.96499443 0.00000000 32.00000000
v 20.04706955 1.00000000 32.00000000
v 20.66071129 0.00000000 33.00000000
v 20.11367607 1.00000000 33.00000000
v 20.88629150 0.00000000 34.00000000
v 20.04287910 1.00000000 34.00000000
v 21.00000000 0.02734844 35.00000000
v 21.00000000 0.00000000 34.58747101
v 20.09469414 1.00000000 35.00000000
v 20.11470795 1.00000000 36.00000000
v 21.00000000 0.04038334 36.00000000
v 21.00000000 0.00000000 36.53365326
v 20.90149117 0.00000000 37.00000000
v 20.09573936 1.00000000 37.00000000
v 21.00000000 0.01666018 38.00000000
v 21.00000000 0.00000000 37.70572281
v 20.10440063 1.00000000 38.00000000
v 21.00000000 0.00000000 38.38378525
v 20.91399002 0.00000000 39.00000000
v 20.09781837 1.00000000 39.00000000
v 20.81674767 0.00000000 40.00000000
v 20.08532524 1.00000000 40.00000000
v 20.69966507 0.00000000 41.00000000
v 20.10448837 1.00000000 41.00000000
v 20.85259819 0.00000000 42.00000000
v 20.07619476 1.00000000 42.00000000
v 21.00000000 0.04064897 43.00000000
v 21.00000000 0.00000000 42.56174088
v 20.15154648 1.00000000 43.00000000
v 21.00000000 0.00000000 43.78496933
v 20.96623802 0.00000000 44.00000000
v 20.03936768 1.00000000 44.00000000
v 21.00000000 0.94894594 45.00000000
v 21.00000000 0.00000000 44.01829529
v 20.87385178 1.00000000 45.00000000
v 21.00000000 1.00000000 45.02791595
v 21.00000000 1.65248823 2.00000000
v 21.00000000 2.00000000 2.02498174
v 20.09618759 2.00000000 3.00000000
v 20.01613998 2.00000000 4.00000000
v 20.24660683 2.00000000 5.00000000
v 20.23118782 2.00000000 6.00000000
v 20.31032372 2.00000000 7.00000000
v 20.28529358 2.00000000 8.00000000
v 20.32515907 2.00000000 9.00000000
v 20.25140190 2.00000000 10.00000000
v 20.32244110 2.00000000 11.00000000
v 20.32027817 2.00000000 12.00000000
v 20.36752129 2.00000000 13.00000000
v 20.27553940 2.00000000 14.00000000
v 20.30159760 2.00000000 15.00000000
v 20.29875946 2.00000000 16.00000000
v 20.32310295 2.00000000 17.00000000
v 20.28513336 2.00000000 18.00000000
v 20.29736137 2.00000000 19.00000000
v 20.30408478 2.00000000 20.00000000
v 20.32450867 2.00000000 21.00000000
v 20.29666519 2.00000000 22.00000000
v 20.32520294 2.00000000 23.00000000
v 20.30911827 2.00000000 24.00000000
v 20.32072258 2.00000000 25.00000000
v 20.29224586 2.00000000 26.00000000
v 20.30160522 2.00000000 27.00000000
v 20.30421638 2.00000000 28.00000000
v 20.35733795 2.00000000 29.00000000
v 20.26847649 2.00000000 30.00000000
v 20.33560753 2.00000000 31.00000000
v 20.27380753 2.00000000 32.00000000
v 20.35050011 2.00000000 33.00000000
v 20.29111290 2.00000000 34.00000000
v 20.35283852 2.00000000 35.00000000
v 20.26564980 2.00000000 36.00000000
v 20.29289055 2.00000000 37.00000000
v 20.22433281 2.00000000 38.00000000
v 20.29140091 2.00000000 39.00000000
v 20.23890495 2.00000000 40.00000000
v 20.34609985 2.00000000 41.00000000
v 20.24694443 2.00000000 42.00000000
v 20.24190331 2.00000000 43.00000000
v 20.02595329 2.00000000 44.00000000
v 20.96394348 2.00000000 45.00000000
v 21.00000000 2.00000000 45.00640106
v 20.13931847 3.00000000 3.00000000
v 21.00000000 3.00000000 2.04717326
v 20.11368752 3.00000000 4.00000000
v 20.31400871 3.00000000 5.00000000
v 20.34464455 3.00000000 6.00000000
v 20.40846062 3.00000000 7.00000000
v 20.38048172 3.00000000 8.00000000
v 20.32778931 3.00000000 9.00000000
v 20.29942703 3.00000000 10.00000000
v 20.34157944 3.00000000 11.00000000
v 20.31694603 3.00000000 12.00000000
v 20.33559799 3.00000000 13.00000000
v 20.34279823 3.00000000 14.00000000
v 20.34510803 3.00000000 15.00000000
v 20.36625481 3.00000000 16.00000000
v 20.33292007 3.00000000 17.00000000
v 20.35835075 3.00000000 18.00000000
v 20.31761932 3.00000000 19.00000000
v 20.33415985 3.00000000 20.00000000
v 20.31471825 3.00000000 21.00000000
v 20.36977386 3.00000000 22.00000000
v 20.33371353 3.00000000 23.00000000
v 20.33176804 3.00000000 24.00000000
v 20.32648849 3.00000000 25.00000000
v 20.32993889 3.00000000 26.00000000
v 20.30052376 3.00000000 27.00000000
v 20.30867004 3.00000000 28.00000000
v 20.33287621 3.00000000 29.00000000
v 20.30147171 3.00000000 30.00000000
v 20.32421494 3.00000000 31.00000000
v 20.27711296 3.00000000 32.00000000
v 20.36048889 3.00000000 33.00000000
v 20.33670998 3.00000000 34.00000000
v 20.32371330 3.00000000 35.00000000
v 20.29031563 3.00000000 36.00000000
v 20.31979752 3.00000000 37.00000000
v 20.34699821 3.00000000 38.00000000
v 20.35124397 3.00000000 39.00000000
v 20.33578682 3.00000000 40.00000000
v 20.36604500 3.00000000 41.00000000
v 20.32903099 3.00000000 42.00000000
v 20.31508255 3.00000000 43.00000000
v 20.02172852 3.00000000 44.00000000
v 20.82616615 3.00000000 45.00000000
v 21.00000000 3.00000000 45.02824020
v 20.88693237 4.00000000 2.00000000
v 21.00000000 3.65907621 2.00000000
v 21.00000000 4.00000000 1.97941744
v 20.10363388 4.00000000 3.00000000
v 20.19788170 4.00000000 4.00000000
v 20.27994537 4.00000000 5.00000000
v 20.29581642 4.00000000 6.00000000
v 20.32827377 4.00000000 7.00000000
v 20.35921097 4.00000000 8.00000000
v 20.28898811 4.00000000 9.00000000
v 20.33747864 4.00000000 10.00000000
v 20.32500839 4.00000000 11.00000000
v 20.31209946 4.00000000 12.00000000
v 20.30639648 4.00000000 13.00000000
v 20.33041191 4.00000000 14.00000000
v 20.28622627 4.00000000 15.00000000
v 20.30563164 4.00000000 16.00000000
v 20.29518318 4.00000000 17.00000000
v 20.33102608 4.00000000 18.00000000
v 20.33214951 4.00000000 19.00000000
v 20.32455444 4.00000000 20.00000000
v 20.27365685 4.00000000 21.00000000
v 20.33521080 4.00000000 22.00000000
v 20.30418205 4.00000000 23.00000000
v 20.30490685 4.00000000 24.00000000
v 20.29654312 4.00000000 25.00000000
v 20.33576393 4.00000000 26.00000000
v 20.31848335 4.00000000 27.00000000
v 20.34076500 4.00000000 28.00000000
v 20.26410675 4.00000000 29.00000000
v 20.33246231 4.00000000 30.00000000
v 20.32350349 4.00000000 31.00000000
v 20.26910782 4.00000000 32.00000000
v 20.28027916 4.00000000 33.00000000
v 20.30705833 4.00000000 34.00000000
v 20.29737663 4.00000000 35.00000000
v 20.30720901 4.00000000 36.00000000
v 20.26105690 4.00000000 37.00000000
v 20.36018562 4.00000000 38.00000000
v 20.28805923 4.00000000 39.00000000
v 20.34087372 4.00000000 40.00000000
v 20.29417992 4.00000000 41.00000000
v 20.28246307 4.00000000 42.00000000
v 20.24854469 4.00000000 43.00000000
v 20.04951286 4.00000000 44.00000000
v 20.75737572 4.00000000 45.00000000
v 21.00000000 4.00000000 45.05757904
v 20.62220573 5.00000000 2.00000000
v 21.00000000 5.00000000 1.89205265
v 20.03695679 5.00000000 3.00000000
v 20.13471413 5.00000000 4.00000000
v 20.35786629 5.00000000 5.00000000
v 20.34607887 5.00000000 6.00000000
v 20.31409836 5.00000000 7.00000000
v 20.34920311 5.00000000 8.00000000
v 20.37672615 5.00000000 9.00000000
v 20.39220238 5.00000000 10.00000000
v 20.32234383 5.00000000 11.00000000
v 20.36137962 5.00000000 12.00000000
v 20.33701324 5.00000000 13.00000000
v 20.36030960 5.00000000 14.00000000
v 20.33305168 5.00000000 15.00000000
v 20.33910942 5.00000000 16.00000000
v 20.34566498 5.00000000 17.00000000
v 20.37915611 5.00000000 18.00000000
v 20.34217262 5.00000000 19.00000000
v 20.34209824 5.00000000 20.00000000
v 20.32564163 5.00000000 21.00000000
v 20.32740021 5.00000000 22.00000000
v 20.30507088 5.00000000 23.00000000
v 20.35018921 5.00000000 24.00000000
v 20.33989525 5.00000000 25.00000000
v 20.35581779 5.00000000 26.00000000
v 20.35096550 5.00000000 27.00000000
v 20.37585068 5.00000000 28.00000000
v 20.35658455 5.00000000 29.00000000
v 20.37439537 5.00000000 30.00000000
v 20.38510323 5.00000000 31.00000000
v 20.35462952 5.00000000 32.00000000
v 20.33574677 5.00000000 33.00000000
v 20.34388351 5.00000000 34.00000000
v 20.32604408 5.00000000 35.00000000
v 20.36261749 5.00000000 36.00000000
v 20.30761528 5.00000000 37.00000000
v 20.32917213 5.00000000 38.00000000
v 20.31040192 5.00000000 39.00000000
v 20.36593056 5.00000000 40.00000000
v 20.28761864 5.00000000 41.00000000
v 20.35365105 5.00000000 42.00000000
v 20.27485085 5.00000000 43.00000000
v 20.16766357 5.00000000 44.00000000
v 21.00000000 5.00000000 44.91290283
v 21.00000000 4.44222069 45.00000000
v 21.00000000 5.98967552 2.00000000
v 21.00000000 6.00000000 2.00143123
v 20.07029343 6.00000000 4.00000000
v 20.24846268 6.00000000 5.00000000
v 20.30694199 6.00000000 6.00000000
v 20.26152992 6.00000000 7.00000000
v 20.26258469 6.00000000 8.00000000
v 20.25358200 6.00000000 9.00000000
v 20.37397385 6.00000000 10.00000000
v 20.30252457 6.00000000 11.00000000
v 20.35859680 6.00000000 12.00000000
v 20.33447647 6.00000000 13.00000000
v 20.29320145 6.00000000 14.00000000
v 20.27449608 6.00000000 15.00000000
v 20.35371590 6.00000000 16.00000000
v 20.28347206 6.00000000 17.00000000
v 20.33846855 6.00000000 18.00000000
v 20.28475761 6.00000000 19.00000000
v 20.30249023 6.00000000 20.00000000
v 20.32702446 6.00000000 21.00000000
v 20.34476089 6.00000000 22.00000000
v 20.30756378 6.00000000 23.00000000
v 20.34538078 6.00000000 24.00000000
v 20.29558945 6.00000000 25.00000000
v 20.34252548 6.00000000 26.00000000
v 20.29832840 6.00000000 27.00000000
v 20.34246445 6.00000000 28.00000000
v 20.25190544 6.00000000 29.00000000
v 20.30200577 6.00000000 30.00000000
v 20.32407188 6.00000000 31.00000000
v 20.31627655 6.00000000 32.00000000
v 20.28026581 6.00000000 33.00000000
v 20.31243324 6.00000000 34.00000000
v 20.32023621 6.00000000 35.00000000
v 20.38612747 6.00000000 36.00000000
v 20.30838776 6.00000000 37.00000000
v 20.37695694 6.00000000 38.00000000
v 20.35240555 6.00000000 39.00000000
v 20.37024498 6.00000000 40.00000000
v 20.24974251 6.00000000 41.00000000
v 20.36005974 6.00000000 42.00000000
v 20.26292229 6.00000000 43.00000000
v 20.15603065 6.00000000 44.00000000
v 21.00000000 6.00000000 44.99758148
v 20.82073784 7.00000000 2.00000000
v 21.00000000 6.02900124 2.00000000
v 21.00000000 7.00000000 1.96154857
v 20.04490852 7.00000000 3.00000000
v 20.07435989 7.00000000 4.00000000
v 20.36581802 7.00000000 5.00000000
v 20.32596588 7.00000000 6.00000000
v 20.36536026 7.00000000 7.00000000
v 20.32001114 7.00000000 8.00000000
v 20.33017349 7.00000000 9.00000000
v 20.31826591 7.00000000 10.00000000
v 20.29420471 7.00000000 11.00000000
v 20.35659790 7.00000000 12.00000000
v 20.35282326 7.00000000 13.00000000
v 20.26029205 7.00000000 14.00000000
v 20.27390099 7.00000000 15.00000000
v 20.35197449 7.00000000 16.00000000
v 20.31111526 7.00000000 17.00000000
v 20.31161690 7.00000000 18.00000000
v 20.27955818 7.00000000 19.00000000
v 20.37240791 7.00000000 20.00000000
v 20.34239388 7.00000000 21.00000000
v 20.30330276 7.00000000 22.00000000
v 20.30436707 7.00000000 23.00000000
v 20.34977531 7.00000000 24.00000000
v 20.33105278 7.00000000 25.00000000
v 20.28464508 7.00000000 26.00000000
v 20.27924538 7.00000000 27.00000000
v 20.33254433 7.00000000 28.00000000
v 20.33931541 7.00000000 29.00000000
v 20.29146767 7.00000000 30.00000000
v 20.26803780 7.00000000 31.00000000
v 20.32682610 7.00000000 32.00000000
v 20.31357956 7.00000000 33.00000000
v 20.29006386 7.00000000 34.00000000
v 20.29130745 7.00000000 35.00000000
v 20.37258148 7.00000000 36.00000000
v 20.30101395 7.00000000 37.00000000
v 20.27319527 7.00000000 38.00000000
v 20.31971169 7.00000000 39.00000000
v 20.35827065 7.00000000 40.00000000
v 20.33991432 7.00000000 41.00000000
v 20.28286552 7.00000000 42.00000000
v 20.21635818 7.00000000 43.00000000
v 20.05977058 7.00000000 44.00000000
v 21.00000000 7.00000000 44.98238373
v 21.00000000 7.42214489 2.00000000
v 21.00000000 8.00000000 2.06208038
v 20.01818275 8.00000000 3.00000000
v 20.17028618 8.00000000 4.00000000
v 20.30554199 8.00000000 5.00000000
v 20.35041237 8.00000000 6.00000000
v 20.41760254 8.00000000 7.00000000
v 20.40725136 8.00000000 8.00000000
v 20.37808037 8.00000000 9.00000000
v 20.33930588 8.00000000 10.00000000
v 20.28195763 8.00000000 11.00000000
v 20.35459900 8.00000000 12.00000000
v 20.35519409 8.00000000 13.00000000
v 20.31730843 8.00000000 14.00000000
v 20.33197021 8.00000000 15.00000000
v 20.38573647 8.00000000 16.00000000
v 20.35386276 8.00000000 17.00000000
v 20.30037689 8.00000000 18.00000000
v 20.35433006 8.00000000 19.00000000
v 20.34173584 8.00000000 20.00000000
v 20.30280876 8.00000000 21.00000000
v 20.32891655 8.00000000 22.00000000
v 20.32430840 8.00000000 23.00000000
v 20.33710670 8.00000000 24.00000000
v 20.34996986 8.00000000 25.00000000
v 20.32645798 8.00000000 26.00000000
v 20.31267357 8.00000000 27.00000000
v 20.37247276 8.00000000 28.00000000
v 20.32181931 8.00000000 29.00000000
v 20.30314827 8.00000000 30.00000000
v 20.37788391 8.00000000 31.00000000
v 20.34347725 8.00000000 32.00000000
v 20.33402061 8.00000000 33.00000000
v 20.32051277 8.00000000 34.00000000
v 20.32969093 8.00000000 35.00000000
v 20.34490585 8.00000000 36.00000000
v 20.27560234 8.00000000 37.00000000
v 20.29810905 8.00000000 38.00000000
v 20.29433441 8.00000000 39.00000000
v 20.39732933 8.00000000 40.00000000
v 20.35932159 8.00000000 41.00000000
v 20.32390404 8.00000000 42.00000000
v 20.23809242 8.00000000 43.00000000
v 20.08430672 8.00000000 44.00000000
v 21.00000000 7.33888292 45.00000000
v 20.88371468 8.00000000 45.00000000
v 21.00000000 8.00000000 45.03190613
v 20.90659332 9.00000000 2.00000000
v 21.00000000 8.72604942 2.00000000
v 21.00000000 9.00000000 1.97994685
v 20.04226303 9.00000000 3.00000000
v 20.10686111 9.00000000 4.00000000
v 20.35834694 9.00000000 5.00000000
v 20.29036140 9.00000000 6.00000000
v 20.32553673 9.00000000 7.00000000
v 20.33237839 9.00000000 8.00000000
v 20.32144356 9.00000000 9.00000000
v 20.28836823 9.00000000 10.00000000
v 20.30081558 9.00000000 11.00000000
v 20.32005501 9.00000000 12.00000000
v 20.31846428 9.00000000 13.00000000
v 20.39850426 9.00000000 14.00000000
v 20.30745316 9.00000000 15.00000000
v 20.31205940 9.00000000 16.00000000
v 20.28620911 9.00000000 17.00000000
v 20.31325150 9.00000000 18.00000000
v 20.34495354 9.00000000 19.00000000
v 20.36651421 9.00000000 20.00000000
v 20.35270882 9.00000000 21.00000000
v 20.38168144 9.00000000 22.00000000
v 20.32856560 9.00000000 23.00000000
v 20.34779930 9.00000000 24.00000000
v 20.30423546 9.00000000 25.00000000
v 20.32777023 9.00000000 26.00000000
v 20.34946632 9.00000000 27.00000000
v 20.38321304 9.00000000 28.00000000
v 20.37978363 9.00000000 29.00000000
v 20.37084389 9.00000000 30.00000000
v 20.35409546 9.00000000 31.00000000
v 20.35391998 9.00000000 32.00000000
v 20.34744835 9.00000000 33.00000000
v 20.37162590 9.00000000 34.00000000
v 20.32227707 9.00000000 35.00000000
v 20.38732910 9.00000000 36.00000000
v 20.29898453 9.00000000 37.00000000
v 20.28607178 9.00000000 38.00000000
v 20.30611610 9.00000000 39.00000000
v 20.37289810 9.00000000 40.00000000
v 20.39462090 9.00000000 41.00000000
v 20.31294441 9.00000000 42.00000000
v 20.24159813 9.00000000 43.00000000
v 20.19849014 9.00000000 44.00000000
v 21.00000000 9.00000000 44.93257141
v 21.00000000 8.33540154 45.00000000
v 20.91812134 10.00000000 2.00000000
v 21.00000000 10.00000000 1.98571253
v 20.03759575 10.00000000 3.00000000
v 20.12415695 10.00000000 4.00000000
v 20.29512978 10.00000000 5.00000000
v 20.32165718 10.00000000 6.00000000
v 20.32293892 10.00000000 7.00000000
v 20.29570198 10.00000000 8.00000000
v 20.34632874 10.00000000 9.00000000
v 20.32054138 10.00000000 10.00000000
v 20.36095238 10.00000000 11.00000000
v 20.32912827 10.00000000 12.00000000
v 20.33858681 10.00000000 13.00000000
v 20.36365700 10.00000000 14.00000000
v 20.32326126 10.00000000 15.00000000
v 20.31237411 10.00000000 16.00000000
v 20.29665947 10.00000000 17.00000000
v 20.35508919 10.00000000 18.00000000
v 20.32772255 10.00000000 19.00000000
v 20.35326385 10.00000000 20.00000000
v 20.31604576 10.00000000 21.00000000
v 20.35326767 10.00000000 22.00000000
v 20.32326317 10.00000000 23.00000000
v 20.35615540 10.00000000 24.00000000
v 20.34874725 10.00000000 25.00000000
v 20.33077049 10.00000000 26.00000000
v 20.35392761 10.00000000 27.00000000
v 20.32620239 10.00000000 28.00000000
v 20.31072044 10.00000000 29.00000000
v 20.31418228 10.00000000 30.00000000
v 20.33605957 10.00000000 31.00000000
v 20.34470940 10.00000000 32.00000000
v 20.32016182 10.00000000 33.00000000
v 20.29590225 10.00000000 34.00000000
v 20.30634499 10.00000000 35.00000000
v 20.37570190 10.00000000 36.00000000
v 20.35165024 10.00000000 37.00000000
v 20.37743759 10.00000000 38.00000000
v 20.32116508 10.00000000 39.00000000
v 20.41825294 10.00000000 40.00000000
v 20.30032921 10.00000000 41.00000000
v 20.39940453 10.00000000 42.00000000
v 20.28062248 10.00000000 43.00000000
v 20.13667870 10.00000000 44.00000000
v 21.00000000 10.00000000 44.94647217
v 20.62855148 11.00000000 2.00000000
v 21.00000000 11.00000000 1.88538218
v 20.03284645 11.00000000 4.00000000
v 20.29568291 11.00000000 5.00000000
v 20.26961899 11.00000000 6.00000000
v 20.29874802 11.00000000 7.00000000
v 20.33193398 11.00000000 8.00000000
v 20.31726456 11.00000000 9.00000000
v 20.25765800 11.00000000 10.00000000
v 20.40084648 11.00000000 11.00000000
v 20.32234764 11.00000000 12.00000000
v 20.33772659 11.00000000 13.00000000
v 20.33892632 11.00000000 14.00000000
v 20.31067657 11.00000000 15.00000000
v 20.30374527 11.00000000 16.00000000
v 20.33617210 11.00000000 17.00000000
v 20.33935547 11.00000000 18.00000000
v 20.34200287 11.00000000 19.00000000
v 20.31651306 11.00000000 20.00000000
v 20.28718948 11.00000000 21.00000000
v 20.31645966 11.00000000 22.00000000
v 20.35599136 11.00000000 23.00000000
v 20.33626556 11.00000000 24.00000000
v 20.28589439 11.00000000 25.00000000
v 20.31815529 11.00000000 26.00000000
v 20.35588264 11.00000000 27.00000000
v 20.30701637 11.00000000 28.00000000
v 20.28536034 11.00000000 29.00000000
v 20.34036827 11.00000000 30.00000000
v 20.35194969 11.00000000 31.00000000
v 20.31508255 11.00000000 32.00000000
v 20.30874825 11.00000000 33.00000000
v 20.34288597 11.00000000 34.00000000
v 20.35536957 11.00000000 35.00000000
v 20.33825874 11.00000000 36.00000000
v 20.30396271 11.00000000 37.00000000
v 20.29609108 11.00000000 38.00000000
v 20.34161568 11.00000000 39.00000000
v 20.25263214 11.00000000 40.00000000
v 20.30539513 11.00000000 41.00000000
v 20.28122330 11.00000000 42.00000000
v 20.24528885 11.00000000 43.00000000
v 20.10543251 11.00000000 44.00000000
v 21.00000000 10.43558502 45.00000000
v 20.59780884 11.00000000 45.00000000
v 21.00000000 11.00000000 45.05373383
v 21.00000000 11.89016247 2.00000000
v 20.01607895 12.00000000 3.00000000
v 21.00000000 12.00000000 2.01878572
v 20.13455772 12.00000000 4.00000000
v 20.31412888 12.00000000 5.00000000
v 20.31698418 12.00000000 6.00000000
v 20.35453987 12.00000000 7.00000000
v 20.32961655 12.00000000 8.00000000
v 20.28142929 12.00000000 9.00000000
v 20.34928513 12.00000000 10.00000000
v 20.33074570 12.00000000 11.00000000
v 20.31338120 12.00000000 12.00000000
v 20.32033157 12.00000000 13.00000000
v 20.28461838 12.00000000 14.00000000
v 20.34496689 12.00000000 15.00000000
v 20.31723595 12.00000000 16.00000000
v 20.34719467 12.00000000 17.00000000
v 20.34210587 12.00000000 18.00000000
v 20.34734726 12.00000000 19.00000000
v 20.34004784 12.00000000 20.00000000
v 20.31838226 12.00000000 21.00000000
v 20.35424805 12.00000000 22.00000000
v 20.34698105 12.00000000 23.00000000
v 20.34609413 12.00000000 24.00000000
v 20.31011963 12.00000000 25.00000000
v 20.31730270 12.00000000 26.00000000
v 20.35413933 12.00000000 27.00000000
v 20.31435776 12.00000000 28.00000000
v 20.30441856 12.00000000 29.00000000
v 20.32010460 12.00000000 30.00000000
v 20.34110832 12.00000000 31.00000000
v 20.31719971 12.00000000 32.00000000
v 20.35732841 12.00000000 33.00000000
v 20.34961891 12.00000000 34.00000000
v 20.31599045 12.00000000 35.00000000
v 20.36812782 12.00000000 36.00000000
v 20.35156822 12.00000000 37.00000000
v 20.34277725 12.00000000 38.00000000
v 20.39436531 12.00000000 39.00000000
v 20.34180450 12.00000000 40.00000000
v 20.31325722 12.00000000 41.00000000
v 20.36716843 12.00000000 42.00000000
v 20.19328499 12.00000000 43.00000000
v 20.04976654 12.00000000 44.00000000
v 20.66977119 12.00000000 45.00000000
v 21.00000000 12.00000000 45.07738495
v 20.99557304 13.00000000 2.00000000
v 21.00000000 12.93377399 2.00000000
v 21.00000000 13.00000000 1.99898207
v 20.04700851 13.00000000 3.00000000
v 20.09168053 13.00000000 4.00000000
v 20.34230423 13.00000000 5.00000000
v 20.38231659 13.00000000 6.00000000
v 20.32580757 13.00000000 7.00000000
v 20.29555893 13.00000000 8.00000000
v 20.33572197 13.00000000 9.00000000
v 20.33292770 13.00000000 10.00000000
v 20.32306862 13.00000000 11.00000000
v 20.30947876 13.00000000 12.00000000
v 20.28917885 13.00000000 13.00000000
v 20.36478806 13.00000000 14.00000000
v 20.33129883 13.00000000 15.00000000
v 20.33309746 13.00000000 16.00000000
v 20.34741020 13.00000000 17.00000000
v 20.29392624 13.00000000 18.00000000
v 20.29455185 13.00000000 19.00000000
v 20.33582497 13.00000000 20.00000000
v 20.37104034 13.00000000 21.00000000
v 20.32611847 13.00000000 22.00000000
v 20.30727577 13.00000000 23.00000000
v 20.33073807 13.00000000 24.00000000
v 20.32408714 13.00000000 25.00000000
v 20.31941795 13.00000000 26.00000000
v 20.36754990 13.00000000 27.00000000
v 20.34170532 13.00000000 28.00000000
v 20.30449104 13.00000000 29.00000000
v 20.38127708 13.00000000 30.00000000
v 20.33078194 13.00000000 31.00000000
v 20.34495735 13.00000000 32.00000000
v 20.32139397 13.00000000 33.00000000
v 20.30433273 13.00000000 34.00000000
v 20.30042076 13.00000000 35.00000000
v 20.38558960 13.00000000 36.00000000
v 20.33160019 13.00000000 37.00000000
v 20.28640938 13.00000000 38.00000000
v 20.33770561 13.00000000 39.00000000
v 20.28503799 13.00000000 40.00000000
v 20.32516670 13.00000000 41.00000000
v 20.31086540 13.00000000 42.00000000
v 20.28722191 13.00000000 43.00000000
v 20.13754845 13.00000000 44.00000000
v 20.69942856 13.00000000 45.00000000
v 21.00000000 13.00000000 45.03637695
v 21.00000000 13.03991604 2.00000000
v 21.00000000 14.00000000 2.03018880
v 20.08457756 14.00000000 4.00000000
v 20.25398445 14.00000000 5.00000000
v 20.32142448 14.00000000 6.00000000
v 20.34614754 14.00000000 7.00000000
v 20.34049225 14.00000000 8.00000000
v 20.34271622 14.00000000 9.00000000
v 20.33083344 14.00000000 10.00000000
v 20.30042076 14.00000000 11.00000000
v 20.29921722 14.00000000 12.00000000
v 20.30929375 14.00000000 13.00000000
v 20.32137299 14.00000000 14.00000000
v 20.34422493 14.00000000 15.00000000
v 20.36613846 14.00000000 16.00000000
v 20.35652924 14.00000000 17.00000000
v 20.30112076 14.00000000 18.00000000
v 20.32084084 14.00000000 19.00000000
v 20.31261444 14.00000000 20.00000000
v 20.34012604 14.00000000 21.00000000
v 20.35492706 14.00000000 22.00000000
v 20.30214882 14.00000000 23.00000000
v 20.36602783 14.00000000 24.00000000
v 20.32996368 14.00000000 25.00000000
v 20.32993126 14.00000000 26.00000000
v 20.34988976 14.00000000 27.00000000
v 20.30632019 14.00000000 28.00000000
v 20.31867027 14.00000000 29.00000000
v 20.36907768 14.00000000 30.00000000
v 20.34138107 14.00000000 31.00000000
v 20.34225655 14.00000000 32.00000000
v 20.32328415 14.00000000 33.00000000
v 20.30605698 14.00000000 34.00000000
v 20.35327339 14.00000000 35.00000000
v 20.30423355 14.00000000 36.00000000
v 20.31224060 14.00000000 37.00000000
v 20.33775139 14.00000000 38.00000000
v 20.34195709 14.00000000 39.00000000
v 20.39811325 14.00000000 40.00000000
v 20.32008171 14.00000000 41.00000000
v 20.36638641 14.00000000 42.00000000
v 20.24571991 14.00000000 43.00000000
v 20.11178970 14.00000000 44.00000000
v 20.82820129 14.00000000 45.00000000
v 21.00000000 14.00000000 45.03740692
v 20.88225174 15.00000000 2.00000000
v 21.00000000 14.43775082 2.00000000
v 21.00000000 15.00000000 1.96780741
v 20.02438545 15.00000000 3.00000000
v 20.08575439 15.00000000 4.00000000
v 20.32919884 15.00000000 5.00000000
v 20.30798721 15.00000000 6.00000000
v 20.29542160 15.00000000 7.00000000
v 20.29346848 15.00000000 8.00000000
v 20.31825447 15.00000000 9.00000000
v 20.25438118 15.00000000 10.00000000
v 20.33576012 15.00000000 11.00000000
v 20.33294868 15.00000000 12.00000000
v 20.32256126 15.00000000 13.00000000
v 20.27987862 15.00000000 14.00000000
v 20.31598473 15.00000000 15.00000000
v 20.34630394 15.00000000 16.00000000
v 20.31736755 15.00000000 17.00000000
v 20.33736992 15.00000000 18.00000000
v 20.33054352 15.00000000 19.00000000
v 20.36224365 15.00000000 20.00000000
v 20.31486702 15.00000000 21.00000000
v 20.31915092 15.00000000 22.00000000
v 20.29733276 15.00000000 23.00000000
v 20.32005692 15.00000000 24.00000000
v 20.33889389 15.00000000 25.00000000
v 20.33520508 15.00000000 26.00000000
v 20.32342911 15.00000000 27.00000000
v 20.31552124 15.00000000 28.00000000
v 20.31445885 15.00000000 29.00000000
v 20.30043983 15.00000000 30.00000000
v 20.27986526 15.00000000 31.00000000
v 20.30799294 15.00000000 32.00000000
v 20.33039284 15.00000000 33.00000000
v 20.30253983 15.00000000 34.00000000
v 20.38905907 15.00000000 35.00000000
v 20.37591362 15.00000000 36.00000000
v 20.30982590 15.00000000 37.00000000
v 20.27492523 15.00000000 38.00000000
v 20.36524200 15.00000000 39.00000000
v 20.33700562 15.00000000 40.00000000
v 20.33022690 15.00000000 41.00000000
v 20.31369019 15.00000000 42.00000000
v 20.23895454 15.00000000 43.00000000
v 20.03581047 15.00000000 44.00000000
v 21.00000000 15.00000000 44.98934174
v 21.00000000 14.81735802 45.00000000
v 20.82515907 16.00000000 2.00000000
v 21.00000000 16.00000000 1.96418285
v 20.01209641 16.00000000 3.00000000
v 20.11910820 16.00000000 4.00000000
v 20.27166748 16.00000000 5.00000000
v 20.35510826 16.00000000 6.00000000
v 20.32106209 16.00000000 7.00000000
v 20.34696388 16.00000000 8.00000000
v 20.35922050 16.00000000 9.00000000
v 20.31072235 16.00000000 10.00000000
v 20.30771637 16.00000000 11.00000000
v 20.34309006 16.00000000 12.00000000
v 20.27332878 16.00000000 13.00000000
v 20.31074142 16.00000000 14.00000000
v 20.33051682 16.00000000 15.00000000
v 20.30352974 16.00000000 16.00000000
v 20.28711891 16.00000000 17.00000000
v 20.31291008 16.00000000 18.00000000
v 20.35547638 16.00000000 19.00000000
v 20.33701706 16.00000000 20.00000000
v 20.34241104 16.00000000 21.00000000
v 20.34281540 16.00000000 22.00000000
v 20.34240341 16.00000000 23.00000000
v 20.33862495 16.00000000 24.00000000
v 20.37486458 16.00000000 25.00000000
v 20.35064507 16.00000000 26.00000000
v 20.33236694 16.00000000 27.00000000
v 20.32621956 16.00000000 28.00000000
v 20.36742210 16.00000000 29.00000000
v 20.35945320 16.00000000 30.00000000
v 20.35271072 16.00000000 31.00000000
v 20.35189819 16.00000000 32.00000000
v 20.33068848 16.00000000 33.00000000
v 20.30837631 16.00000000 34.00000000
v 20.33743477 16.00000000 35.00000000
v 20.39253807 16.00000000 36.00000000
v 20.33854485 16.00000000 37.00000000
v 20.32192802 16.00000000 38.00000000
v 20.35930061 16.00000000 39.00000000
v 20.35252380 16.00000000 40.00000000
v 20.32101250 16.00000000 41.00000000
v 20.32546043 16.00000000 42.00000000
v 20.25008202 16.00000000 43.00000000
v 20.09905624 16.00000000 44.00000000
v 21.00000000 16.00000000 44.97115707
v 20.69184303 17.00000000 2.00000000
v 21.00000000 17.00000000 1.89683735
v 20.09329414 17.00000000 4.00000000
v 20.33680725 17.00000000 5.00000000
v 20.31654739 17.00000000 6.00000000
v 20.28605270 17.00000000 7.00000000
v 20.31313324 17.00000000 8.00000000
v 20.30972099 17.00000000 9.00000000
v 20.33688545 17.00000000 10.00000000
v 20.32003212 17.00000000 11.00000000
v 20.35861206 17.00000000 12.00000000
v 20.32937813 17.00000000 13.00000000
v 20.32270050 17.00000000 14.00000000
v 20.32575417 17.00000000 15.00000000
v 20.36051178 17.00000000 16.00000000
v 20.34674454 17.00000000 17.00000000
v 20.30525017 17.00000000 18.00000000
v 20.35618591 17.00000000 19.00000000
v 20.38150597 17.00000000 20.00000000
v 20.31545830 17.00000000 21.00000000
v 20.34052277 17.00000000 22.00000000
v 20.31069565 17.00000000 23.00000000
v 20.30581665 17.00000000 24.00000000
v 20.36154938 17.00000000 25.00000000
v 20.34312820 17.00000000 26.00000000
v 20.32417870 17.00000000 27.00000000
v 20.37347031 17.00000000 28.00000000
v 20.35214996 17.00000000 29.00000000
v 20.32375908 17.00000000 30.00000000
v 20.33553123 17.00000000 31.00000000
v 20.35919571 17.00000000 32.00000000
v 20.34093285 17.00000000 33.00000000
v 20.27199936 17.00000000 34.00000000
v 20.28080559 17.00000000 35.00000000
v 20.36983299 17.00000000 36.00000000
v 20.31843948 17.00000000 37.00000000
v 20.29503059 17.00000000 38.00000000
v 20.26137733 17.00000000 39.00000000
v 20.28198624 17.00000000 40.00000000
v 20.34752655 17.00000000 41.00000000
v 20.29943275 17.00000000 42.00000000
v 20.26019287 17.00000000 43.00000000
v 20.14232826 17.00000000 44.00000000
v 21.00000000 16.33617020 45.00000000
v 20.76236343 17.00000000 45.00000000
v 21.00000000 17.00000000 45.04613495
v 20.93626213 18.00000000 2.00000000
v 21.00000000 18.00000000 1.98919523
v 20.00665855 18.00000000 3.00000000
v 20.09984207 18.00000000 4.00000000
v 20.26287460 18.00000000 5.00000000
v 20.34642792 18.00000000 6.00000000
v 20.30929184 18.00000000 7.00000000
v 20.34596443 18.00000000 8.00000000
v 20.30846024 18.00000000 9.00000000
v 20.36076164 18.00000000 10.00000000
v 20.27809715 18.00000000 11.00000000
v 20.35899544 18.00000000 12.00000000
v 20.37600136 18.00000000 13.00000000
v 20.30231667 18.00000000 14.00000000
v 20.34064102 18.00000000 15.00000000
v 20.33554268 18.00000000 16.00000000
v 20.38510513 18.00000000 17.00000000
v 20.29920769 18.00000000 18.00000000
v 20.32271957 18.00000000 19.00000000
v 20.34769249 18.00000000 20.00000000
v 20.31847000 18.00000000 21.00000000
v 20.33595467 18.00000000 22.00000000
v 20.35916138 18.00000000 23.00000000
v 20.30841255 18.00000000 24.00000000
v 20.32331085 18.00000000 25.00000000
v 20.27843666 18.00000000 26.00000000
v 20.32521439 18.00000000 27.00000000
v 20.33170891 18.00000000 28.00000000
v 20.29093933 18.00000000 29.00000000
v 20.31716537 18.00000000 30.00000000
v 20.32846832 18.00000000 31.00000000
v 20.34103394 18.00000000 32.00000000
v 20.32562828 18.00000000 33.00000000
v 20.27857208 18.00000000 34.00000000
v 20.33539581 18.00000000 35.00000000
v 20.38895798 18.00000000 36.00000000
v 20.35278511 18.00000000 37.00000000
v 20.36247635 18.00000000 38.00000000
v 20.32414246 18.00000000 39.00000000
v 20.40074921 18.00000000 40.00000000
v 20.36716652 18.00000000 41.00000000
v 20.39407539 18.00000000 42.00000000
v 20.27750015 18.00000000 43.00000000
v 20.11446762 18.00000000 44.00000000
v 20.73879051 18.00000000 45.00000000
v 21.00000000 18.00000000 45.04318237
v 20.97451210 19.00000000 2.00000000
v 21.00000000 19.00000000 1.99351931
v 20.00114632 19.00000000 3.00000000
v 20.03549194 19.00000000 4.00000000
v 20.31615639 19.00000000 5.00000000
v 20.33053017 19.00000000 6.00000000
v 20.36301422 19.00000000 7.00000000
v 20.31105804 19.00000000 8.00000000
v 20.35450935 19.00000000 9.00000000
v 20.25481033 19.00000000 10.00000000
v 20.27945137 19.00000000 11.00000000
v 20.33771324 19.00000000 12.00000000
v 20.31092834 19.00000000 13.00000000
v 20.31015587 19.00000000 14.00000000
v 20.30355835 19.00000000 15.00000000
v 20.29383469 19.00000000 16.00000000
v 20.34297371 19.00000000 17.00000000
v 20.32391167 19.00000000 18.00000000
v 20.35297585 19.00000000 19.00000000
v 20.31097221 19.00000000 20.00000000
v 20.30371475 19.00000000 21.00000000
v 20.32238007 19.00000000 22.00000000
v 20.32101250 19.00000000 23.00000000
v 20.30597878 19.00000000 24.00000000
v 20.32505417 19.00000000 25.00000000
v 20.29899788 19.00000000 26.00000000
v 20.33156776 19.00000000 27.00000000
v 20.34936333 19.00000000 28.00000000
v 20.32690430 19.00000000 29.00000000
v 20.32005882 19.00000000 30.00000000
v 20.32771111 19.00000000 31.00000000
v 20.30935097 19.00000000 32.00000000
v 20.36099625 19.00000000 33.00000000
v 20.31686783 19.00000000 34.00000000
v 20.31838417 19.00000000 35.00000000
v 20.36080742 19.00000000 36.00000000
v 20.31214714 19.00000000 37.00000000
v 20.33444786 19.00000000 38.00000000
v 20.31349945 19.00000000 39.00000000
v 20.29905891 19.00000000 40.00000000
v 20.35276604 19.00000000 41.00000000
v 20.32172966 19.00000000 42.00000000
v 20.24022293 19.00000000 43.00000000
v 20.08107948 19.00000000 44.00000000
v 20.62483406 19.00000000 45.00000000
v 21.00000000 19.00000000 45.08084869
v 20.91345215 20.00000000 2.00000000
v 21.00000000 20.00000000 1.98058665
v 20.01415634 20.00000000 3.00000000
v 20.05816269 20.00000000 4.00000000
v 20.18870354 20.00000000 5.00000000
v 20.33454895 20.00000000 6.00000000
v 20.28248596 20.00000000 7.00000000
v 20.28791809 20.00000000 8.00000000
v 20.32912064 20.00000000 9.00000000
v 20.29964066 20.00000000 10.00000000
v 20.32949448 20.00000000 11.00000000
v 20.31964874 20.00000000 12.00000000
v 20.28929901 20.00000000 13.00000000
v 20.29703522 20.00000000 14.00000000
v 20.31139755 20.00000000 15.00000000
v 20.25123405 20.00000000 16.00000000
v 20.35890770 20.00000000 17.00000000
v 20.33549500 20.00000000 18.00000000
v 20.35655022 20.00000000 19.00000000
v 20.29161263 20.00000000 20.00000000
v 20.30644226 20.00000000 21.00000000
v 20.31398010 20.00000000 22.00000000
v 20.36910820 20.00000000 23.00000000
v 20.36025238 20.00000000 24.00000000
v 20.33518791 20.00000000 25.00000000
v 20.34223366 20.00000000 26.00000000
v 20.36121941 20.00000000 27.00000000
v 20.34505844 20.00000000 28.00000000
v 20.34226799 20.00000000 29.00000000
v 20.35637283 20.00000000 30.00000000
v 20.37122726 20.00000000 31.00000000
v 20.33765793 20.00000000 32.00000000
v 20.28845215 20.00000000 33.00000000
v 20.33108521 20.00000000 34.00000000
v 20.33723831 20.00000000 35.00000000
v 20.35490417 20.00000000 36.00000000
v 20.24123573 20.00000000 37.00000000
v 20.32814789 20.00000000 38.00000000
v 20.28629875 20.00000000 39.00000000
v 20.29829407 20.00000000 40.00000000
v 20.26353645 20.00000000 41.00000000
v 20.34074974 20.00000000 42.00000000
v 20.26181030 20.00000000 43.00000000
v 20.03079414 20.00000000 44.00000000
v 21.00000000 20.00000000 44.99229050
v 21.00000000 19.92261314 45.00000000
v 20.78319740 21.00000000 2.00000000
v 21.00000000 21.00000000 1.94591463
v 20.05570793 21.00000000 4.00000000
v 20.33700943 21.00000000 5.00000000
v 20.34807205 21.00000000 6.00000000
v 20.30422211 21.00000000 7.00000000
v 20.31215096 21.00000000 8.00000000
v 20.37966156 21.00000000 9.00000000
v 20.33443642 21.00000000 10.00000000
v 20.34115219 21.00000000 11.00000000
v 20.33483887 21.00000000 12.00000000
v 20.33311653 21.00000000 13.00000000
v 20.36331558 21.00000000 14.00000000
v 20.33409882 21.00000000 15.00000000
v 20.31195068 21.00000000 16.00000000
v 20.40522957 21.00000000 17.00000000
v 20.32012558 21.00000000 18.00000000
v 20.35079956 21.00000000 19.00000000
v 20.33739662 21.00000000 20.00000000
v 20.34646034 21.00000000 21.00000000
v 20.33943939 21.00000000 22.00000000
v 20.34556961 21.00000000 23.00000000
v 20.35189438 21.00000000 24.00000000
v 20.33503914 21.00000000 25.00000000
v 20.32711029 21.00000000 26.00000000
v 20.34384346 21.00000000 27.00000000
v 20.33353043 21.00000000 28.00000000
v 20.35623550 21.00000000 29.00000000
v 20.33352280 21.00000000 30.00000000
v 20.34796715 21.00000000 31.00000000
v 20.37930679 21.00000000 32.00000000
v 20.38257217 21.00000000 33.00000000
v 20.33154678 21.00000000 34.00000000
v 20.32814980 21.00000000 35.00000000
v 20.32927895 21.00000000 36.00000000
v 20.33755493 21.00000000 37.00000000
v 20.35954475 21.00000000 38.00000000
v 20.31818199 21.00000000 39.00000000
v 20.33080864 21.00000000 40.00000000
v 20.37016296 21.00000000 41.00000000
v 20.30659676 21.00000000 42.00000000
v 20.28239250 21.00000000 43.00000000
v 20.14746284 21.00000000 44.00000000
v 21.00000000 20.28038788 45.00000000
v 20.91014481 21.00000000 45.00000000
v 21.00000000 21.00000000 45.01789474
v 20.73505402 22.00000000 2.00000000
v 21.00000000 22.00000000 1.93238115
v 20.09545135 22.00000000 4.00000000
v 20.24910736 22.00000000 5.00000000
v 20.33911133 22.00000000 6.00000000
v 20.27395248 22.00000000 7.00000000
v 20.32598495 22.00000000 8.00000000
v 20.35274124 22.00000000 9.00000000
v 20.36978531 22.00000000 10.00000000
v 20.28411102 22.00000000 11.00000000
v 20.36052895 22.00000000 12.00000000
v 20.33566284 22.00000000 13.00000000
v 20.28947067 22.00000000 14.00000000
v 20.35069466 22.00000000 15.00000000
v 20.30039024 22.00000000 16.00000000
v 20.36527061 22.00000000 17.00000000
v 20.29247093 22.00000000 18.00000000
v 20.33546448 22.00000000 19.00000000
v 20.33780098 22.00000000 20.00000000
v 20.36444473 22.00000000 21.00000000
v 20.32448959 22.00000000 22.00000000
v 20.34287262 22.00000000 23.00000000
v 20.29956627 22.00000000 24.00000000
v 20.30724335 22.00000000 25.00000000
v 20.29667473 22.00000000 26.00000000
v 20.29360008 22.00000000 27.00000000
v 20.30183029 22.00000000 28.00000000
v 20.29921341 22.00000000 29.00000000
v 20.33469009 22.00000000 30.00000000
v 20.37007713 22.00000000 31.00000000
v 20.33295631 22.00000000 32.00000000
v 20.34213257 22.00000000 33.00000000
v 20.37502670 22.00000000 34.00000000
v 20.34077835 22.00000000 35.00000000
v 20.37489319 22.00000000 36.00000000
v 20.31724930 22.00000000 37.00000000
v 20.35716057 22.00000000 38.00000000
v 20.31908417 22.00000000 39.00000000
v 20.39678955 22.00000000 40.00000000
v 20.30369759 22.00000000 41.00000000
v 20.34248734 22.00000000 42.00000000
v 20.23785782 22.00000000 43.00000000
v 20.18793488 22.00000000 44.00000000
v 21.00000000 22.00000000 44.94032669
v 21.00000000 21.25113678 45.00000000
v 20.79252243 23.00000000 2.00000000
v 21.00000000 23.00000000 1.95141900
v 20.01442337 23.00000000 3.00000000
v 20.28483772 23.00000000 5.00000000
v 20.32441139 23.00000000 6.00000000
v 20.32638359 23.00000000 7.00000000
v 20.31638718 23.00000000 8.00000000
v 20.30915260 23.00000000 9.00000000
v 20.28391266 23.00000000 10.00000000
v 20.31272316 23.00000000 11.00000000
v 20.31135368 23.00000000 12.00000000
v 20.28802490 23.00000000 13.00000000
v 20.28921890 23.00000000 14.00000000
v 20.33470917 23.00000000 15.00000000
v 20.32959175 23.00000000 16.00000000
v 20.36700439 23.00000000 17.00000000
v 20.30330849 23.00000000 18.00000000
v 20.34655190 23.00000000 19.00000000
v 20.35783577 23.00000000 20.00000000
v 20.33614540 23.00000000 21.00000000
v 20.32143593 23.00000000 22.00000000
v 20.35198593 23.00000000 23.00000000
v 20.29511452 23.00000000 24.00000000
v 20.32458496 23.00000000 25.00000000
v 20.33115578 23.00000000 26.00000000
v 20.36104584 23.00000000 27.00000000
v 20.31982231 23.00000000 28.00000000
v 20.30606270 23.00000000 29.00000000
v 20.27993011 23.00000000 30.00000000
v 20.28272438 23.00000000 31.00000000
v 20.31567383 23.00000000 32.00000000
v 20.30804253 23.00000000 33.00000000
v 20.28090096 23.00000000 34.00000000
v 20.29471016 23.00000000 35.00000000
v 20.35633850 23.00000000 36.00000000
v 20.35189629 23.00000000 37.00000000
v 20.30602264 23.00000000 38.00000000
v 20.26515579 23.00000000 39.00000000
v 20.27732086 23.00000000 40.00000000
v 20.35518265 23.00000000 41.00000000
v 20.28227234 23.00000000 42.00000000
v 20.19516945 23.00000000 43.00000000
v 20.03427887 23.00000000 44.00000000
v 21.00000000 22.33189392 45.00000000
v 20.38067055 23.00000000 45.00000000
v 21.00000000 23.00000000 45.10168457
v 21.00000000 23.84202003 2.00000000
v 21.00000000 24.00000000 2.01196265
v 20.06570244 24.00000000 4.00000000
v 20.27030754 24.00000000 5.00000000
v 20.37047958 24.00000000 6.00000000
v 20.28326035 24.00000000 7.00000000
v 20.34951973 24.00000000 8.00000000
v 20.34212303 24.00000000 9.00000000
v 20.28523827 24.00000000 10.00000000
v 20.30499458 24.00000000 11.00000000
v 20.33402634 24.00000000 12.00000000
v 20.31284142 24.00000000 13.00000000
v 20.33669853 24.00000000 14.00000000
v 20.36728859 24.00000000 15.00000000
v 20.34328461 24.00000000 16.00000000
v 20.32835579 24.00000000 17.00000000
v 20.27094460 24.00000000 18.00000000
v 20.32833290 24.00000000 19.00000000
v 20.35260773 24.00000000 20.00000000
v 20.31922340 24.00000000 21.00000000
v 20.32305145 24.00000000 22.00000000
v 20.36921692 24.00000000 23.00000000
v 20.35077095 24.00000000 24.00000000
v 20.34152222 24.00000000 25.00000000
v 20.33235359 24.00000000 26.00000000
v 20.34261322 24.00000000 27.00000000
v 20.37762260 24.00000000 28.00000000
v 20.34425545 24.00000000 29.00000000
v 20.31976128 24.00000000 30.00000000
v 20.39792824 24.00000000 31.00000000
v 20.36712074 24.00000000 32.00000000
v 20.36228180 24.00000000 33.00000000
v 20.34067345 24.00000000 34.00000000
v 20.29475212 24.00000000 35.00000000
v 20.35334206 24.00000000 36.00000000
v 20.36606026 24.00000000 37.00000000
v 20.34799004 24.00000000 38.00000000
v 20.29548264 24.00000000 39.00000000
v 20.36222458 24.00000000 40.00000000
v 20.33597183 24.00000000 41.00000000
v 20.31563759 24.00000000 42.00000000
v 20.25951767 24.00000000 43.00000000
v 20.07330894 24.00000000 44.00000000
v 20.73248863 24.00000000 45.00000000
v 21.00000000 24.00000000 45.06777573
v 20.89083481 25.00000000 2.00000000
v 21.00000000 24.23898506 2.00000000
v 21.00000000 25.00000000 1.97100449
v 20.01327133 25.00000000 3.00000000
v 20.09257507 25.00000000 4.00000000
v 20.33712387 25.00000000 5.00000000
v 20.33464050 25.00000000 6.00000000
v 20.30700111 25.00000000 7.00000000
v 20.33283424 25.00000000 8.00000000
v 20.32896423 25.00000000 9.00000000
v 20.37269783 25.00000000 10.00000000
v 20.34394073 25.00000000 11.00000000
v 20.33275414 25.00000000 12.00000000
v 20.31113434 25.00000000 13.00000000
v 20.33966637 25.00000000 14.00000000
v 20.28082657 25.00000000 15.00000000
v 20.32311821 25.00000000 16.00000000
v 20.34395599 25.00000000 17.00000000
v 20.29440689 25.00000000 18.00000000
v 20.30908012 25.00000000 19.00000000
v 20.34218979 25.00000000 20.00000000
v 20.36680222 25.00000000 21.00000000
v 20.30723190 25.00000000 22.00000000
v 20.33724213 25.00000000 23.00000000
v 20.34067726 25.00000000 24.00000000
v 20.31924057 25.00000000 25.00000000
v 20.31435585 25.00000000 26.00000000
v 20.30999374 25.00000000 27.00000000
v 20.37526131 25.00000000 28.00000000
v 20.36292839 25.00000000 29.00000000
v 20.31273842 25.00000000 30.00000000
v 20.33951569 25.00000000 31.00000000
v 20.33889961 25.00000000 32.00000000
v 20.36235428 25.00000000 33.00000000
v 20.30327034 25.00000000 34.00000000
v 20.28025436 25.00000000 35.00000000
v 20.31151962 25.00000000 36.00000000
v 20.31056213 25.00000000 37.00000000
v 20.34250641 25.00000000 38.00000000
v 20.25311089 25.00000000 39.00000000
v 20.34968185 25.00000000 40.00000000
v 20.37353516 25.00000000 41.00000000
v 20.30460358 25.00000000 42.00000000
v 20.24120522 25.00000000 43.00000000
v 20.11682510 25.00000000 44.00000000
v 20.70398331 25.00000000 45.00000000
v 21.00000000 25.00000000 45.05636597
v 20.64512253 26.00000000 2.00000000
v 21.00000000 26.00000000 1.89835596
v 20.05197334 26.00000000 4.00000000
v 20.28947639 26.00000000 5.00000000
v 20.37131882 26.00000000 6.00000000
v 20.27428055 26.00000000 7.00000000
v 20.34544754 26.00000000 8.00000000
v 20.33076668 26.00000000 9.00000000
v 20.35444641 26.00000000 10.00000000
v 20.33280754 26.00000000 11.00000000
v 20.31934929 26.00000000 12.00000000
v 20.36087799 26.00000000 13.00000000
v 20.26935577 26.00000000 14.00000000
v 20.32188606 26.00000000 15.00000000
v 20.32443810 26.00000000 16.00000000
v 20.39061928 26.00000000 17.00000000
v 20.36899185 26.00000000 18.00000000
v 20.32681847 26.00000000 19.00000000
v 20.34153175 26.00000000 20.00000000
v 20.31758499 26.00000000 21.00000000
v 20.30038834 26.00000000 22.00000000
v 20.34114456 26.00000000 23.00000000
v 20.30770302 26.00000000 24.00000000
v 20.33141708 26.00000000 25.00000000
v 20.29848671 26.00000000 26.00000000
v 20.34622574 26.00000000 27.00000000
v 20.36184692 26.00000000 28.00000000
v 20.29930878 26.00000000 29.00000000
v 20.25565338 26.00000000 30.00000000
v 20.33488655 26.00000000 31.00000000
v 20.33865929 26.00000000 32.00000000
v 20.39074516 26.00000000 33.00000000
v 20.34455681 26.00000000 34.00000000
v 20.35572243 26.00000000 35.00000000
v 20.37288475 26.00000000 36.00000000
v 20.32299805 26.00000000 37.00000000
v 20.33050728 26.00000000 38.00000000
v 20.32788658 26.00000000 39.00000000
v 20.39139748 26.00000000 40.00000000
v 20.29485130 26.00000000 41.00000000
v 20.39192963 26.00000000 42.00000000
v 20.27309036 26.00000000 43.00000000
v 20.12724113 26.00000000 44.00000000
v 21.00000000 26.00000000 44.99303055
v 21.00000000 25.90932655 45.00000000
v 20.81640244 27.00000000 2.00000000
v 21.00000000 27.00000000 1.95206416
v 20.02458572 27.00000000 3.00000000
v 20.29175758 27.00000000 5.00000000
v 20.33811569 27.00000000 6.00000000
v 20.35001755 27.00000000 7.00000000
v 20.32486343 27.00000000 8.00000000
v 20.34039497 27.00000000 9.00000000
v 20.29804993 27.00000000 10.00000000
v 20.33803368 27.00000000 11.00000000
v 20.32751274 27.00000000 12.00000000
v 20.34847260 27.00000000 13.00000000
v 20.33927345 27.00000000 14.00000000
v 20.35265541 27.00000000 15.00000000
v 20.32529449 27.00000000 16.00000000
v 20.32699203 27.00000000 17.00000000
v 20.32718086 27.00000000 18.00000000
v 20.30818367 27.00000000 19.00000000
v 20.32520103 27.00000000 20.00000000
v 20.34259796 27.00000000 21.00000000
v 20.33707047 27.00000000 22.00000000
v 20.34777260 27.00000000 23.00000000
v 20.33091736 27.00000000 24.00000000
v 20.30462074 27.00000000 25.00000000
v 20.31267929 27.00000000 26.00000000
v 20.36289215 27.00000000 27.00000000
v 20.33981705 27.00000000 28.00000000
v 20.32970428 27.00000000 29.00000000
v 20.32097054 27.00000000 30.00000000
v 20.34956360 27.00000000 31.00000000
v 20.33752441 27.00000000 32.00000000
v 20.32889557 27.00000000 33.00000000
v 20.33666229 27.00000000 34.00000000
v 20.30608940 27.00000000 35.00000000
v 20.34739113 27.00000000 36.00000000
v 20.36309433 27.00000000 37.00000000
v 20.30872154 27.00000000 38.00000000
v 20.28559303 27.00000000 39.00000000
v 20.32076836 27.00000000 40.00000000
v 20.34914780 27.00000000 41.00000000
v 20.32628632 27.00000000 42.00000000
v 20.26033401 27.00000000 43.00000000
v 20.09438324 27.00000000 44.00000000
v 21.00000000 26.12785721 45.00000000
v 20.80800629 27.00000000 45.00000000
v 21.00000000 27.00000000 45.03905487
v 21.00000000 27.63846397 2.00000000
v 21.00000000 28.00000000 2.03462887
v 20.08427811 28.00000000 4.00000000
v 20.29637337 28.00000000 5.00000000
v 20.37259293 28.00000000 6.00000000
v 20.27692223 28.00000000 7.00000000
v 20.28172112 28.00000000 8.00000000
v 20.33838654 28.00000000 9.00000000
v 20.34755325 28.00000000 10.00000000
v 20.35357094 28.00000000 11.00000000
v 20.31216049 28.00000000 12.00000000
v 20.25874710 28.00000000 13.00000000
v 20.28079605 28.00000000 14.00000000
v 20.35169411 28.00000000 15.00000000
v 20.28252983 28.00000000 16.00000000
v 20.35099411 28.00000000 17.00000000
v 20.34264565 28.00000000 18.00000000
v 20.33609200 28.00000000 19.00000000
v 20.35543633 28.00000000 20.00000000
v 20.31098175 28.00000000 21.00000000
v 20.32181358 28.00000000 22.00000000
v 20.37195206 28.00000000 23.00000000
v 20.35358238 28.00000000 24.00000000
v 20.32974243 28.00000000 25.00000000
v 20.32791138 28.00000000 26.00000000
v 20.34937096 28.00000000 27.00000000
v 20.34541512 28.00000000 28.00000000
v 20.28082275 28.00000000 29.00000000
v 20.33352089 28.00000000 30.00000000
v 20.34657860 28.00000000 31.00000000
v 20.29729271 28.00000000 32.00000000
v 20.28779602 28.00000000 33.00000000
v 20.33502960 28.00000000 34.00000000
v 20.28903770 28.00000000 35.00000000
v 20.32353973 28.00000000 36.00000000
v 20.34931564 28.00000000 37.00000000
v 20.33543777 28.00000000 38.00000000
v 20.30929375 28.00000000 39.00000000
v 20.31098366 28.00000000 40.00000000
v 20.32027626 28.00000000 41.00000000
v 20.33590889 28.00000000 42.00000000
v 20.27272034 28.00000000 43.00000000
v 20.05714417 28.00000000 44.00000000
v 20.91739082 28.00000000 45.00000000
v 21.00000000 28.00000000 45.02209854
v 21.00000000 29.00000000 2.01958227
v 20.06208992 29.00000000 4.00000000
v 20.36522675 29.00000000 5.00000000
v 20.33971405 29.00000000 6.00000000
v 20.30946922 29.00000000 7.00000000
v 20.28597450 29.00000000 8.00000000
v 20.28984833 29.00000000 9.00000000
v 20.29954338 29.00000000 10.00000000
v 20.30568504 29.00000000 11.00000000
v 20.35593033 29.00000000 12.00000000
v 20.31037521 29.00000000 13.00000000
v 20.36753273 29.00000000 14.00000000
v 20.34841728 29.00000000 15.00000000
v 20.32312965 29.00000000 16.00000000
v 20.33886909 29.00000000 17.00000000
v 20.32724953 29.00000000 18.00000000
v 20.34824181 29.00000000 19.00000000
v 20.34764481 29.00000000 20.00000000
v 20.36125946 29.00000000 21.00000000
v 20.35103989 29.00000000 22.00000000
v 20.33058929 29.00000000 23.00000000
v 20.31260109 29.00000000 24.00000000
v 20.35664558 29.00000000 25.00000000
v 20.35845947 29.00000000 26.00000000
v 20.36399269 29.00000000 27.00000000
v 20.33374023 29.00000000 28.00000000
v 20.34701729 29.00000000 29.00000000
v 20.35598755 29.00000000 30.00000000
v 20.37529945 29.00000000 31.00000000
v 20.33204460 29.00000000 32.00000000
v 20.30939674 29.00000000 33.00000000
v 20.32444000 29.00000000 34.00000000
v 20.32500267 29.00000000 35.00000000
v 20.36509895 29.00000000 36.00000000
v 20.37113190 29.00000000 37.00000000
v 20.35271072 29.00000000 38.00000000
v 20.29065323 29.00000000 39.00000000
v 20.33255768 29.00000000 40.00000000
v 20.31777382 29.00000000 41.00000000
v 20.20987892 29.00000000 42.00000000
v 20.27618408 29.00000000 43.00000000
v 20.15694427 29.00000000 44.00000000
v 20.84940147 29.00000000 45.00000000
v 21.00000000 29.00000000 45.02654648
v 20.57653046 30.00000000 2.00000000
v 21.00000000 29.14794540 2.00000000
v 21.00000000 30.00000000 1.90781832
v 20.04307747 30.00000000 4.00000000
v 20.28621483 30.00000000 5.00000000
v 20.37171555 30.00000000 6.00000000
v 20.29772568 30.00000000 7.00000000
v 20.30521965 30.00000000 8.00000000
v 20.32176018 30.00000000 9.00000000
v 20.39261818 30.00000000 10.00000000
v 20.32203484 30.00000000 11.00000000
v 20.33535957 30.00000000 12.00000000
v 20.33216858 30.00000000 13.00000000
v 20.28112411 30.00000000 14.00000000
v 20.32599640 30.00000000 15.00000000
v 20.30915070 30.00000000 16.00000000
v 20.37614059 30.00000000 17.00000000
v 20.31407928 30.00000000 18.00000000
v 20.32601547 30.00000000 19.00000000
v 20.31116104 30.00000000 20.00000000
v 20.32621765 30.00000000 21.00000000
v 20.30384254 30.00000000 22.00000000
v 20.32041931 30.00000000 23.00000000
v 20.30760384 30.00000000 24.00000000
v 20.34933853 30.00000000 25.00000000
v 20.32131958 30.00000000 26.00000000
v 20.32157326 30.00000000 27.00000000
v 20.31070518 30.00000000 28.00000000
v 20.32897949 30.00000000 29.00000000
v 20.32544327 30.00000000 30.00000000
v 20.35858917 30.00000000 31.00000000
v 20.35461044 30.00000000 32.00000000
v 20.33943176 30.00000000 33.00000000
v 20.30919647 30.00000000 34.00000000
v 20.32426453 30.00000000 35.00000000
v 20.33678055 30.00000000 36.00000000
v 20.33900452 30.00000000 37.00000000
v 20.38031197 30.00000000 38.00000000
v 20.30419922 30.00000000 39.00000000
v 20.40521431 30.00000000 40.00000000
v 20.31871605 30.00000000 41.00000000
v 20.33601570 30.00000000 42.00000000
v 20.28534317 30.00000000 43.00000000
v 20.20670700 30.00000000 44.00000000
v 21.00000000 30.00000000 44.95451355
v 21.00000000 29.41300774 45.00000000
v 20.61583900 31.00000000 2.00000000
v 21.00000000 31.00000000 1.87659037
v 20.03163719 31.00000000 3.00000000
v 20.03593826 31.00000000 4.00000000
v 20.27103424 31.00000000 5.00000000
v 20.29940605 31.00000000 6.00000000
v 20.34022903 31.00000000 7.00000000
v 20.30837059 31.00000000 8.00000000
v 20.33282089 31.00000000 9.00000000
v 20.26641846 31.00000000 10.00000000
v 20.30800629 31.00000000 11.00000000
v 20.32549858 31.00000000 12.00000000
v 20.36978340 31.00000000 13.00000000
v 20.33557320 31.00000000 14.00000000
v 20.30321312 31.00000000 15.00000000
v 20.31281471 31.00000000 16.00000000
v 20.37748146 31.00000000 17.00000000
v 20.32905197 31.00000000 18.00000000
v 20.34964943 31.00000000 19.00000000
v 20.31999207 31.00000000 20.00000000
v 20.29898643 31.00000000 21.00000000
v 20.31470871 31.00000000 22.00000000
v 20.30004501 31.00000000 23.00000000
v 20.32425880 31.00000000 24.00000000
v 20.32849312 31.00000000 25.00000000
v 20.30182457 31.00000000 26.00000000
v 20.30270576 31.00000000 27.00000000
v 20.33228874 31.00000000 28.00000000
v 20.29374695 31.00000000 29.00000000
v 20.29027939 31.00000000 30.00000000
v 20.27139091 31.00000000 31.00000000
v 20.33862305 31.00000000 32.00000000
v 20.32945824 31.00000000 33.00000000
v 20.29364014 31.00000000 34.00000000
v 20.32954216 31.00000000 35.00000000
v 20.32563400 31.00000000 36.00000000
v 20.31219101 31.00000000 37.00000000
v 20.26284790 31.00000000 38.00000000
v 20.33096123 31.00000000 39.00000000
v 20.31151199 31.00000000 40.00000000
v 20.26132584 31.00000000 41.00000000
v 20.21268272 31.00000000 42.00000000
v 20.20361328 31.00000000 43.00000000
v 20.34772491 31.00000000 45.00000000
v 21.00000000 30.22707367 45.00000000
v 21.00000000 31.00000000 45.11660385
v 20.91543198 32.00000000 2.00000000
v 21.00000000 32.00000000 1.98133075
v 20.00491142 32.00000000 3.00000000
v 20.11668587 32.00000000 4.00000000
v 20.18525124 32.00000000 5.00000000
v 20.34289742 32.00000000 6.00000000
v 20.38967705 32.00000000 7.00000000
v 20.31706238 32.00000000 8.00000000
v 20.33322334 32.00000000 9.00000000
v 20.28467178 32.00000000 10.00000000
v 20.30379868 32.00000000 11.00000000
v 20.30432892 32.00000000 12.00000000
v 20.30957794 32.00000000 13.00000000
v 20.32539940 32.00000000 14.00000000
v 20.33221817 32.00000000 15.00000000
v 20.31987572 32.00000000 16.00000000
v 20.32327271 32.00000000 17.00000000
v 20.31113243 32.00000000 18.00000000
v 20.34586525 32.00000000 19.00000000
v 20.35363960 32.00000000 20.00000000
v 20.31460190 32.00000000 21.00000000
v 20.33843040 32.00000000 22.00000000
v 20.36747551 32.00000000 23.00000000
v 20.33994675 32.00000000 24.00000000
v 20.35946274 32.00000000 25.00000000
v 20.30082703 32.00000000 26.00000000
v 20.34096527 32.00000000 27.00000000
v 20.37248230 32.00000000 28.00000000
v 20.33722305 32.00000000 29.00000000
v 20.33987427 32.00000000 30.00000000
v 20.33724976 32.00000000 31.00000000
v 20.34694290 32.00000000 32.00000000
v 20.35252571 32.00000000 33.00000000
v 20.31510735 32.00000000 34.00000000
v 20.28334427 32.00000000 35.00000000
v 20.39011383 32.00000000 36.00000000
v 20.37585068 32.00000000 37.00000000
v 20.31580544 32.00000000 38.00000000
v 20.31585503 32.00000000 39.00000000
v 20.35929871 32.00000000 40.00000000
v 20.32447243 32.00000000 41.00000000
v 20.33560371 32.00000000 42.00000000
v 20.25125504 32.00000000 43.00000000
v 20.08478928 32.00000000 44.00000000
v 20.58778000 32.00000000 45.00000000
v 21.00000000 32.00000000 45.12776566
v 21.00000000 32.87475967 2.00000000
v 21.00000000 33.00000000 2.00324821
v 20.07418442 33.00000000 3.00000000
v 20.04537773 33.00000000 4.00000000
v 20.31761932 33.00000000 5.00000000
v 20.35454178 33.00000000 6.00000000
v 20.34465218 33.00000000 7.00000000
v 20.27910614 33.00000000 8.00000000
v 20.35841179 33.00000000 9.00000000
v 20.30462456 33.00000000 10.00000000
v 20.30961990 33.00000000 11.00000000
v 20.35580063 33.00000000 12.00000000
v 20.31430817 33.00000000 13.00000000
v 20.38867760 33.00000000 14.00000000
v 20.29568481 33.00000000 15.00000000
v 20.33624649 33.00000000 16.00000000
v 20.35564995 33.00000000 17.00000000
v 20.28888702 33.00000000 18.00000000
v 20.29488182 33.00000000 19.00000000
v 20.32571220 33.00000000 20.00000000
v 20.35729027 33.00000000 21.00000000
v 20.36350250 33.00000000 22.00000000
v 20.30727386 33.00000000 23.00000000
v 20.33134651 33.00000000 24.00000000
v 20.33327484 33.00000000 25.00000000
v 20.32030296 33.00000000 26.00000000
v 20.30107689 33.00000000 27.00000000
v 20.36884117 33.00000000 28.00000000
v 20.34929085 33.00000000 29.00000000
v 20.33573914 33.00000000 30.00000000
v 20.28399849 33.00000000 31.00000000
v 20.35252380 33.00000000 32.00000000
v 20.33566284 33.00000000 33.00000000
v 20.32702065 33.00000000 34.00000000
v 20.29651070 33.00000000 35.00000000
v 20.35682106 33.00000000 36.00000000
v 20.35446167 33.00000000 37.00000000
v 20.32501602 33.00000000 38.00000000
v 20.30866241 33.00000000 39.00000000
v 20.38720131 33.00000000 40.00000000
v 20.36412621 33.00000000 41.00000000
v 20.32850456 33.00000000 42.00000000
v 20.29258347 33.00000000 43.00000000
v 20.13438416 33.00000000 44.00000000
v 21.00000000 33.00000000 44.97799301
v 21.00000000 32.87457657 45.00000000
v 20.80107307 34.00000000 2.00000000
v 21.00000000 33.05414963 2.00000000
v 21.00000000 34.00000000 1.95829809
v 20.03261566 34.00000000 3.00000000
v 20.09352684 34.00000000 4.00000000
v 20.27353477 34.00000000 5.00000000
v 20.30506897 34.00000000 6.00000000
v 20.34072876 34.00000000 7.00000000
v 20.35097504 34.00000000 8.00000000
v 20.33849144 34.00000000 9.00000000
v 20.30164909 34.00000000 10.00000000
v 20.34725571 34.00000000 11.00000000
v 20.25612068 34.00000000 12.00000000
v 20.33996582 34.00000000 13.00000000
v 20.34925461 34.00000000 14.00000000
v 20.36479187 34.00000000 15.00000000
v 20.28910255 34.00000000 16.00000000
v 20.32976341 34.00000000 17.00000000
v 20.34414101 34.00000000 18.00000000
v 20.33676720 34.00000000 19.00000000
v 20.35723114 34.00000000 20.00000000
v 20.30743790 34.00000000 21.00000000
v 20.35310936 34.00000000 22.00000000
v 20.33313370 34.00000000 23.00000000
v 20.31190491 34.00000000 24.00000000
v 20.31407928 34.00000000 25.00000000
v 20.29786301 34.00000000 26.00000000
v 20.30737877 34.00000000 27.00000000
v 20.31738281 34.00000000 28.00000000
v 20.32213593 34.00000000 29.00000000
v 20.27825546 34.00000000 30.00000000
v 20.29801178 34.00000000 31.00000000
v 20.32317734 34.00000000 32.00000000
v 20.37379646 34.00000000 33.00000000
v 20.34247398 34.00000000 34.00000000
v 20.34532356 34.00000000 35.00000000
v 20.33716011 34.00000000 36.00000000
v 20.25007248 34.00000000 37.00000000
v 20.31914902 34.00000000 38.00000000
v 20.29609680 34.00000000 39.00000000
v 20.38040733 34.00000000 40.00000000
v 20.32123566 34.00000000 41.00000000
v 20.37231255 34.00000000 42.00000000
v 20.24590302 34.00000000 43.00000000
v 20.14308548 34.00000000 44.00000000
v 21.00000000 33.57124710 45.00000000
v 20.89768982 34.00000000 45.00000000
v 21.00000000 34.00000000 45.01419449
v 20.75976753 35.00000000 2.00000000
v 21.00000000 35.00000000 1.93223727
v 20.06290627 35.00000000 3.00000000
v 20.02569008 35.00000000 4.00000000
v 20.30719948 35.00000000 5.00000000
v 20.30040169 35.00000000 6.00000000
v 20.27920151 35.00000000 7.00000000
v 20.34084511 35.00000000 8.00000000
v 20.32880974 35.00000000 9.00000000
v 20.21764183 35.00000000 10.00000000
v 20.33784103 35.00000000 11.00000000
v 20.29533195 35.00000000 12.00000000
v 20.32370949 35.00000000 13.00000000
v 20.35917854 35.00000000 14.00000000
v 20.30332756 35.00000000 15.00000000
v 20.32875252 35.00000000 16.00000000
v 20.31846619 35.00000000 17.00000000
v 20.32059669 35.00000000 18.00000000
v 20.37258530 35.00000000 19.00000000
v 20.32413864 35.00000000 20.00000000
v 20.31825829 35.00000000 21.00000000
v 20.32987404 35.00000000 22.00000000
v 20.33219528 35.00000000 23.00000000
v 20.32888222 35.00000000 24.00000000
v 20.32384491 35.00000000 25.00000000
v 20.34679413 35.00000000 26.00000000
v 20.30716133 35.00000000 27.00000000
v 20.33512688 35.00000000 28.00000000
v 20.32439041 35.00000000 29.00000000
v 20.31548119 35.00000000 30.00000000
v 20.33111000 35.00000000 31.00000000
v 20.34482956 35.00000000 32.00000000
v 20.34692574 35.00000000 33.00000000
v 20.31522751 35.00000000 34.00000000
v 20.36603737 35.00000000 35.00000000
v 20.32973289 35.00000000 36.00000000
v 20.31362724 35.00000000 37.00000000
v 20.30418968 35.00000000 38.00000000
v 20.34934616 35.00000000 39.00000000
v 20.33036995 35.00000000 40.00000000
v 20.30316734 35.00000000 41.00000000
v 20.28141785 35.00000000 42.00000000
v 20.27799416 35.00000000 43.00000000
v 20.08710670 35.00000000 44.00000000
v 21.00000000 35.00000000 44.97800446
v 21.00000000 34.44903946 45.00000000
v 20.85176277 36.00000000 2.00000000
v 21.00000000 36.00000000 1.97274435
v 20.12836647 36.00000000 4.00000000
v 20.31542397 36.00000000 5.00000000
v 20.33787155 36.00000000 6.00000000
v 20.31652260 36.00000000 7.00000000
v 20.32516479 36.00000000 8.00000000
v 20.32525253 36.00000000 9.00000000
v 20.34663010 36.00000000 10.00000000
v 20.35999680 36.00000000 11.00000000
v 20.25996780 36.00000000 12.00000000
v 20.30922890 36.00000000 13.00000000
v 20.32987595 36.00000000 14.00000000
v 20.35908699 36.00000000 15.00000000
v 20.29586029 36.00000000 16.00000000
v 20.35245323 36.00000000 17.00000000
v 20.33327484 36.00000000 18.00000000
v 20.34719276 36.00000000 19.00000000
v 20.33261299 36.00000000 20.00000000
v 20.33710861 36.00000000 21.00000000
v 20.32125664 36.00000000 22.00000000
v 20.31694984 36.00000000 23.00000000
v 20.34568787 36.00000000 24.00000000
v 20.33140945 36.00000000 25.00000000
v 20.34959412 36.00000000 26.00000000
v 20.31546974 36.00000000 27.00000000
v 20.28968239 36.00000000 28.00000000
v 20.29382706 36.00000000 29.00000000
v 20.34874153 36.00000000 30.00000000
v 20.36040497 36.00000000 31.00000000
v 20.33503532 36.00000000 32.00000000
v 20.29717064 36.00000000 33.00000000
v 20.32698822 36.00000000 34.00000000
v 20.37798882 36.00000000 35.00000000
v 20.33859253 36.00000000 36.00000000
v 20.32013702 36.00000000 37.00000000
v 20.34078217 36.00000000 38.00000000
v 20.34251404 36.00000000 39.00000000
v 20.36316681 36.00000000 40.00000000
v 20.32113266 36.00000000 41.00000000
v 20.33780289 36.00000000 42.00000000
v 20.24234962 36.00000000 43.00000000
v 20.08941269 36.00000000 44.00000000
v 21.00000000 35.30527878 45.00000000
v 20.82607841 36.00000000 45.00000000
v 21.00000000 36.00000000 45.04120636
v 20.87366295 37.00000000 2.00000000
v 21.00000000 37.00000000 1.96155918
v 20.02259636 37.00000000 3.00000000
v 20.12593842 37.00000000 4.00000000
v 20.31413841 37.00000000 5.00000000
v 20.34568787 37.00000000 6.00000000
v 20.29264069 37.00000000 7.00000000
v 20.34015846 37.00000000 8.00000000
v 20.38307571 37.00000000 9.00000000
v 20.35544968 37.00000000 10.00000000
v 20.40965271 37.00000000 11.00000000
v 20.35927582 37.00000000 12.00000000
v 20.30264091 37.00000000 13.00000000
v 20.36085320 37.00000000 14.00000000
v 20.31495857 37.00000000 15.00000000
v 20.33224297 37.00000000 16.00000000
v 20.35125351 37.00000000 17.00000000
v 20.34619141 37.00000000 18.00000000
v 20.33323479 37.00000000 19.00000000
v 20.30920410 37.00000000 20.00000000
v 20.33787727 37.00000000 21.00000000
v 20.30926895 37.00000000 22.00000000
v 20.36148453 37.00000000 23.00000000
v 20.34642792 37.00000000 24.00000000
v 20.33157158 37.00000000 25.00000000
v 20.36163521 37.00000000 26.00000000
v 20.36559868 37.00000000 27.00000000
v 20.33827019 37.00000000 28.00000000
v 20.35242081 37.00000000 29.00000000
v 20.40548134 37.00000000 30.00000000
v 20.37043762 37.00000000 31.00000000
v 20.30112267 37.00000000 32.00000000
v 20.36482430 37.00000000 33.00000000
v 20.33499908 37.00000000 34.00000000
v 20.34537315 37.00000000 35.00000000
v 20.36493301 37.00000000 36.00000000
v 20.32618141 37.00000000 37.00000000
v 20.28226471 37.00000000 38.00000000
v 20.36113930 37.00000000 39.00000000
v 20.33925056 37.00000000 40.00000000
v 20.28813744 37.00000000 41.00000000
v 20.32270050 37.00000000 42.00000000
v 20.23105431 37.00000000 43.00000000
v 20.17128181 37.00000000 44.00000000
v 20.69295120 37.00000000 45.00000000
v 21.00000000 37.00000000 45.05899811
v 21.00000000 37.37253189 2.00000000
v 21.00000000 38.00000000 2.06971335
v 20.10488892 38.00000000 4.00000000
v 20.31065178 38.00000000 5.00000000
v 20.28665161 38.00000000 6.00000000
v 20.26235580 38.00000000 7.00000000
v 20.34628868 38.00000000 8.00000000
v 20.34781456 38.00000000 9.00000000
v 20.34873581 38.00000000 10.00000000
v 20.37791252 38.00000000 11.00000000
v 20.33300972 38.00000000 12.00000000
v 20.37673759 38.00000000 13.00000000
v 20.29975891 38.00000000 14.00000000
v 20.34889221 38.00000000 15.00000000
v 20.33173370 38.00000000 16.00000000
v 20.39064980 38.00000000 17.00000000
v 20.34444618 38.00000000 18.00000000
v 20.32448959 38.00000000 19.00000000
v 20.27136803 38.00000000 20.00000000
v 20.35272789 38.00000000 21.00000000
v 20.36367226 38.00000000 22.00000000
v 20.31634331 38.00000000 23.00000000
v 20.35026550 38.00000000 24.00000000
v 20.30354881 38.00000000 25.00000000
v 20.35901260 38.00000000 26.00000000
v 20.35502625 38.00000000 27.00000000
v 20.31170845 38.00000000 28.00000000
v 20.33972931 38.00000000 29.00000000
v 20.35420990 38.00000000 30.00000000
v 20.34184647 38.00000000 31.00000000
v 20.29816055 38.00000000 32.00000000
v 20.35489655 38.00000000 33.00000000
v 20.37561989 38.00000000 34.00000000
v 20.34279442 38.00000000 35.00000000
v 20.33834648 38.00000000 36.00000000
v 20.31334114 38.00000000 37.00000000
v 20.31197166 38.00000000 38.00000000
v 20.23453712 38.00000000 39.00000000
v 20.41232681 38.00000000 40.00000000
v 20.32893944 38.00000000 41.00000000
v 20.35957146 38.00000000 42.00000000
v 20.25821114 38.00000000 43.00000000
v 20.17243767 38.00000000 44.00000000
v 20.82663918 38.00000000 45.00000000
v 21.00000000 38.00000000 45.03375244
v 20.76587486 39.00000000 2.00000000
v 21.00000000 38.45442581 2.00000000
v 21.00000000 39.00000000 1.92471111
v 20.08907318 39.00000000 3.00000000
v 20.07183266 39.00000000 4.00000000
v 20.29543495 39.00000000 5.00000000
v 20.31592560 39.00000000 6.00000000
v 20.36612320 39.00000000 7.00000000
v 20.37823677 39.00000000 8.00000000
v 20.27728844 39.00000000 9.00000000
v 20.25627899 39.00000000 10.00000000
v 20.32754898 39.00000000 11.00000000
v 20.31866074 39.00000000 12.00000000
v 20.31628036 39.00000000 13.00000000
v 20.25310135 39.00000000 14.00000000
v 20.28576279 39.00000000 15.00000000
v 20.28971291 39.00000000 16.00000000
v 20.32346725 39.00000000 17.00000000
v 20.28067398 39.00000000 18.00000000
v 20.32939148 39.00000000 19.00000000
v 20.32177162 39.00000000 20.00000000
v 20.31350327 39.00000000 21.00000000
v 20.30978966 39.00000000 22.00000000
v 20.35982323 39.00000000 23.00000000
v 20.26482582 39.00000000 24.00000000
v 20.31070328 39.00000000 25.00000000
v 20.32453156 39.00000000 26.00000000
v 20.30887794 39.00000000 27.00000000
v 20.31902885 39.00000000 28.00000000
v 20.25566864 39.00000000 29.00000000
v 20.32171249 39.00000000 30.00000000
v 20.29817200 39.00000000 31.00000000
v 20.29954529 39.00000000 32.00000000
v 20.31220627 39.00000000 33.00000000
v 20.26945305 39.00000000 34.00000000
v 20.33528137 39.00000000 35.00000000
v 20.36418915 39.00000000 36.00000000
v 20.32456017 39.00000000 37.00000000
v 20.26821518 39.00000000 38.00000000
v 20.30447197 39.00000000 39.00000000
v 20.34352112 39.00000000 40.00000000
v 20.33016396 39.00000000 41.00000000
v 20.27452469 39.00000000 42.00000000
v 20.23773575 39.00000000 43.00000000
v 20.01424980 39.00000000 44.00000000
v 20.60939598 39.00000000 45.00000000
v 21.00000000 39.00000000 45.06927109
v 21.00000000 39.86989975 2.00000000
v 21.00000000 40.00000000 2.01401782
v 20.11026382 40.00000000 4.00000000
v 20.21867943 40.00000000 5.00000000
v 20.32953835 40.00000000 6.00000000
v 20.35590363 40.00000000 7.00000000
v 20.32281303 40.00000000 8.00000000
v 20.27232170 40.00000000 9.00000000
v 20.31612587 40.00000000 10.00000000
v 20.35178375 40.00000000 11.00000000
v 20.37427521 40.00000000 12.00000000
v 20.41263771 40.00000000 13.00000000
v 20.30609703 40.00000000 14.00000000
v 20.33582306 40.00000000 15.00000000
v 20.40404129 40.00000000 16.00000000
v 20.35179138 40.00000000 17.00000000
v 20.26794815 40.00000000 18.00000000
v 20.32447243 40.00000000 19.00000000
v 20.37114143 40.00000000 20.00000000
v 20.34702682 40.00000000 21.00000000
v 20.29444504 40.00000000 22.00000000
v 20.36486053 40.00000000 23.00000000
v 20.35184097 40.00000000 24.00000000
v 20.35386086 40.00000000 25.00000000
v 20.30136108 40.00000000 26.00000000
v 20.32356071 40.00000000 27.00000000
v 20.32790947 40.00000000 28.00000000
v 20.33177185 40.00000000 29.00000000
v 20.36252213 40.00000000 30.00000000
v 20.33765793 40.00000000 31.00000000
v 20.33308792 40.00000000 32.00000000
v 20.32728767 40.00000000 33.00000000
v 20.31672859 40.00000000 34.00000000
v 20.30690193 40.00000000 35.00000000
v 20.39250183 40.00000000 36.00000000
v 20.38108444 40.00000000 37.00000000
v 20.34519577 40.00000000 38.00000000
v 20.30721855 40.00000000 39.00000000
v 20.37496948 40.00000000 40.00000000
v 20.31545258 40.00000000 41.00000000
v 20.33062172 40.00000000 42.00000000
v 20.26742363 40.00000000 43.00000000
v 20.10763741 40.00000000 44.00000000
v 20.90379143 40.00000000 45.00000000
v 21.00000000 40.00000000 45.02404404
v 20.10287857 41.00000000 3.00000000
v 21.00000000 41.00000000 2.01125860
v 20.08598137 41.00000000 4.00000000
v 20.29024315 41.00000000 5.00000000
v 20.33843994 41.00000000 6.00000000
v 20.33884239 41.00000000 7.00000000
v 20.28488541 41.00000000 8.00000000
v 20.28028679 41.00000000 9.00000000
v 20.37341881 41.00000000 10.00000000
v 20.34108925 41.00000000 11.00000000
v 20.36150360 41.00000000 12.00000000
v 20.27638626 41.00000000 13.00000000
v 20.29216194 41.00000000 14.00000000
v 20.33686829 41.00000000 15.00000000
v 20.30364609 41.00000000 16.00000000
v 20.27198029 41.00000000 17.00000000
v 20.31651115 41.00000000 18.00000000
v 20.36479568 41.00000000 19.00000000
v 20.32659531 41.00000000 20.00000000
v 20.29258156 41.00000000 21.00000000
v 20.30034256 41.00000000 22.00000000
v 20.34765244 41.00000000 23.00000000
v 20.28186226 41.00000000 24.00000000
v 20.30380249 41.00000000 25.00000000
v 20.30824280 41.00000000 26.00000000
v 20.32829475 41.00000000 27.00000000
v 20.29532814 41.00000000 28.00000000
v 20.30740356 41.00000000 29.00000000
v 20.35587883 41.00000000 30.00000000
v 20.35492897 41.00000000 31.00000000
v 20.35564232 41.00000000 32.00000000
v 20.29536057 41.00000000 33.00000000
v 20.25738525 41.00000000 34.00000000
v 20.29944420 41.00000000 35.00000000
v 20.33256912 41.00000000 36.00000000
v 20.36650467 41.00000000 37.00000000
v 20.34416389 41.00000000 38.00000000
v 20.32034111 41.00000000 39.00000000
v 20.29525948 41.00000000 40.00000000
v 20.35755920 41.00000000 41.00000000
v 20.31606483 41.00000000 42.00000000
v 20.27928352 41.00000000 43.00000000
v 20.14377594 41.00000000 44.00000000
v 21.00000000 41.00000000 44.96185684
v 21.00000000 40.41145706 45.00000000
v 20.94474411 42.00000000 2.00000000
v 21.00000000 41.49155426 2.00000000
v 21.00000000 42.00000000 1.99060345
v 20.08672714 42.00000000 3.00000000
v 20.17516327 42.00000000 4.00000000
v 20.29843140 42.00000000 5.00000000
v 20.33243561 42.00000000 6.00000000
v 20.35482597 42.00000000 7.00000000
v 20.33289909 42.00000000 8.00000000
v 20.30872536 42.00000000 9.00000000
v 20.36219025 42.00000000 10.00000000
v 20.29515076 42.00000000 11.00000000
v 20.32667542 42.00000000 12.00000000
v 20.28744888 42.00000000 13.00000000
v 20.34294510 42.00000000 14.00000000
v 20.34911919 42.00000000 15.00000000
v 20.31251144 42.00000000 16.00000000
v 20.28764534 42.00000000 17.00000000
v 20.34560966 42.00000000 18.00000000
v 20.31716728 42.00000000 19.00000000
v 20.32409096 42.00000000 20.00000000
v 20.30715561 42.00000000 21.00000000
v 20.31972313 42.00000000 22.00000000
v 20.31990242 42.00000000 23.00000000
v 20.32523918 42.00000000 24.00000000
v 20.30136108 42.00000000 25.00000000
v 20.33182716 42.00000000 26.00000000
v 20.30228424 42.00000000 27.00000000
v 20.33530998 42.00000000 28.00000000
v 20.30180550 42.00000000 29.00000000
v 20.35199356 42.00000000 30.00000000
v 20.31367493 42.00000000 31.00000000
v 20.36648941 42.00000000 32.00000000
v 20.31261253 42.00000000 33.00000000
v 20.30501175 42.00000000 34.00000000
v 20.31913948 42.00000000 35.00000000
v 20.34161377 42.00000000 36.00000000
v 20.24401665 42.00000000 37.00000000
v 20.34979439 42.00000000 38.00000000
v 20.28246117 42.00000000 39.00000000
v 20.33376884 42.00000000 40.00000000
v 20.32237434 42.00000000 41.00000000
v 20.34166336 42.00000000 42.00000000
v 20.24164581 42.00000000 43.00000000
v 20.10648727 42.00000000 44.00000000
v 21.00000000 42.00000000 44.97073746
v 20.77647209 43.00000000 2.00000000
v 21.00000000 43.00000000 1.92628014
v 20.05519867 43.00000000 3.00000000
v 20.05080986 43.00000000 4.00000000
v 20.28208923 43.00000000 5.00000000
v 20.34221458 43.00000000 6.00000000
v 20.37988091 43.00000000 7.00000000
v 20.34148979 43.00000000 8.00000000
v 20.31533051 43.00000000 9.00000000
v 20.34914017 43.00000000 10.00000000
v 20.38599968 43.00000000 11.00000000
v 20.32159042 43.00000000 12.00000000
v 20.30582428 43.00000000 13.00000000
v 20.30897713 43.00000000 14.00000000
v 20.34069824 43.00000000 15.00000000
v 20.32970619 43.00000000 16.00000000
v 20.30788612 43.00000000 17.00000000
v 20.34637833 43.00000000 18.00000000
v 20.38582039 43.00000000 19.00000000
v 20.37477684 43.00000000 20.00000000
v 20.30600929 43.00000000 21.00000000
v 20.35445404 43.00000000 22.00000000
v 20.34675407 43.00000000 23.00000000
v 20.37463760 43.00000000 24.00000000
v 20.32292366 43.00000000 25.00000000
v 20.35078621 43.00000000 26.00000000
v 20.35969543 43.00000000 27.00000000
v 20.35874939 43.00000000 28.00000000
v 20.30782127 43.00000000 29.00000000
v 20.32699203 43.00000000 30.00000000
v 20.28500938 43.00000000 31.00000000
v 20.36224937 43.00000000 32.00000000
v 20.38319016 43.00000000 33.00000000
v 20.34996796 43.00000000 34.00000000
v 20.33811569 43.00000000 35.00000000
v 20.33678818 43.00000000 36.00000000
v 20.34305000 43.00000000 37.00000000
v 20.30178452 43.00000000 38.00000000
v 20.33253670 43.00000000 39.00000000
v 20.35833359 43.00000000 40.00000000
v 20.36019707 43.00000000 41.00000000
v 20.32827187 43.00000000 42.00000000
v 20.23263550 43.00000000 43.00000000
v 20.03946495 43.00000000 44.00000000
v 21.00000000 42.43114090 45.00000000
v 20.82741737 43.00000000 45.00000000
v 21.00000000 43.00000000 45.02993774
v 21.00000000 43.67635727 2.00000000
v 21.00000000 44.00000000 2.04159570
v 20.10625839 44.00000000 4.00000000
v 20.27232552 44.00000000 5.00000000
v 20.32545090 44.00000000 6.00000000
v 20.36961555 44.00000000 7.00000000
v 20.28726768 44.00000000 8.00000000
v 20.34982300 44.00000000 9.00000000
v 20.33710670 44.00000000 10.00000000
v 20.34989738 44.00000000 11.00000000
v 20.29823875 44.00000000 12.00000000
v 20.32743835 44.00000000 13.00000000
v 20.32527351 44.00000000 14.00000000
v 20.33797646 44.00000000 15.00000000
v 20.27482414 44.00000000 16.00000000
v 20.34253311 44.00000000 17.00000000
v 20.28745651 44.00000000 18.00000000
v 20.34084892 44.00000000 19.00000000
v 20.29210281 44.00000000 20.00000000
v 20.31877136 44.00000000 21.00000000
v 20.33038330 44.00000000 22.00000000
v 20.31221771 44.00000000 23.00000000
v 20.28495216 44.00000000 24.00000000
v 20.34345436 44.00000000 25.00000000
v 20.29468536 44.00000000 26.00000000
v 20.30532837 44.00000000 27.00000000
v 20.26760483 44.00000000 28.00000000
v 20.34422112 44.00000000 29.00000000
v 20.31306839 44.00000000 30.00000000
v 20.28044128 44.00000000 31.00000000
v 20.29092216 44.00000000 32.00000000
v 20.35516357 44.00000000 33.00000000
v 20.32880402 44.00000000 34.00000000
v 20.29778290 44.00000000 35.00000000
v 20.30598068 44.00000000 36.00000000
v 20.33458138 44.00000000 37.00000000
v 20.34687233 44.00000000 38.00000000
v 20.30755043 44.00000000 39.00000000
v 20.34371948 44.00000000 40.00000000
v 20.36590004 44.00000000 41.00000000
v 20.31241798 44.00000000 42.00000000
v 20.20014954 44.00000000 43.00000000
v 20.03510475 44.00000000 44.00000000
v 21.00000000 44.00000000 44.99566650
v 21.00000000 43.89616394 45.00000000
v 20.72562027 45.00000000 2.00000000
v 21.00000000 44.27876663 2.00000000
v 21.00000000 45.00000000 1.90862834
v 20.05968475 45.00000000 3.00000000
v 20.02808952 45.00000000 4.00000000
v 20.25044441 45.00000000 5.00000000
v 20.27958870 45.00000000 6.00000000
v 20.34412003 45.00000000 7.00000000
v 20.26572037 45.00000000 8.00000000
v 20.30166435 45.00000000 9.00000000
v 20.25561142 45.00000000 10.00000000
v 20.37857437 45.00000000 11.00000000
v 20.28910828 45.00000000 12.00000000
v 20.34029961 45.00000000 13.00000000
v 20.23831749 45.00000000 14.00000000
v 20.34285736 45.00000000 15.00000000
v 20.28400040 45.00000000 16.00000000
v 20.34556961 45.00000000 17.00000000
v 20.22265625 45.00000000 18.00000000
v 20.35448647 45.00000000 19.00000000
v 20.27460289 45.00000000 20.00000000
v 20.31115723 45.00000000 21.00000000
v 20.22056580 45.00000000 22.00000000
v 20.34693718 45.00000000 23.00000000
v 20.24645424 45.00000000 24.00000000
v 20.32771301 45.00000000 25.00000000
v 20.23050308 45.00000000 26.00000000
v 20.35760498 45.00000000 27.00000000
v 20.28479004 45.00000000 28.00000000
v 20.36096382 45.00000000 29.00000000
v 20.24705315 45.00000000 30.00000000
v 20.32078171 45.00000000 31.00000000
v 20.23004150 45.00000000 32.00000000
v 20.31450844 45.00000000 33.00000000
v 20.19729996 45.00000000 34.00000000
v 20.35226440 45.00000000 35.00000000
v 20.27466393 45.00000000 36.00000000
v 20.31567955 45.00000000 37.00000000
v 20.23331451 45.00000000 38.00000000
v 20.34270096 45.00000000 39.00000000
v 20.22612190 45.00000000 40.00000000
v 20.31754494 45.00000000 41.00000000
v 20.25020981 45.00000000 42.00000000
v 20.27279091 45.00000000 43.00000000
v 20.09034348 45.00000000 44.00000000
v 21.00000000 45.00000000 44.95824814
v 21.00000000 45.91313934 2.00000000
v 21.00000000 46.00000000 2.01295805
v 20.02673340 46.00000000 4.00000000
v 20.09759331 46.00000000 6.00000000
v 20.03890228 46.00000000 7.00000000
v 20.05132675 46.00000000 8.00000000
v 20.06070328 46.00000000 9.00000000
v 20.07500458 46.00000000 10.00000000
v 20.19480896 46.00000000 12.00000000
v 20.10671043 46.00000000 13.00000000
v 20.06792068 46.00000000 14.00000000
v 20.04178047 46.00000000 15.00000000
v 20.17047691 46.00000000 16.00000000
v 20.10563850 46.00000000 17.00000000
v 20.04711914 46.00000000 18.00000000
v 20.02644730 46.00000000 19.00000000
v 20.18130875 46.00000000 20.00000000
v 20.07926178 46.00000000 21.00000000
v 20.09712029 46.00000000 22.00000000
v 20.00794792 46.00000000 23.00000000
v 20.18078995 46.00000000 24.00000000
v 20.09553909 46.00000000 25.00000000
v 20.06483078 46.00000000 26.00000000
v 20.07264519 46.00000000 27.00000000
v 20.18876457 46.00000000 28.00000000
v 20.14800262 46.00000000 29.00000000
v 20.08311653 46.00000000 30.00000000
v 20.03380585 46.00000000 31.00000000
v 20.16892242 46.00000000 32.00000000
v 20.10151863 46.00000000 33.00000000
v 20.06701279 46.00000000 34.00000000
v 20.09142113 46.00000000 35.00000000
v 20.17132187 46.00000000 36.00000000
v 20.03619385 46.00000000 37.00000000
v 20.05547333 46.00000000 38.00000000
v 20.15409660 46.00000000 40.00000000
v 20.13996506 46.00000000 41.00000000
v 20.12813377 46.00000000 42.00000000
v 20.05794525 46.00000000 43.00000000
v 20.06487274 46.00000000 44.00000000
v 21.00000000 45.24066544 45.00000000
v 20.66770363 46.00000000 45.00000000
v 21.00000000 46.00000000 45.10364914
v 21.00000000 46.95270157 3.00000000
v 21.00000000 46.98172379 4.00000000
v 21.00000000 46.90597534 5.00000000
v 21.00000000 46.85288239 6.00000000
v 21.00000000 47.00000000 6.88647461
v 20.95529556 47.00000000 7.00000000
v 21.00000000 47.00000000 7.10037899
v 21.00000000 46.83812332 8.00000000
v 21.00000000 46.85222244 9.00000000
v 21.00000000 46.97301483 10.00000000
v 21.00000000 46.98982239 11.00000000
v 21.00000000 46.86646652 12.00000000
v 21.00000000 46.82908249 13.00000000
v 21.00000000 46.92976379 14.00000000
v 21.00000000 46.98242188 15.00000000
v 21.00000000 46.89728928 16.00000000
v 21.00000000 46.82540512 17.00000000
v 21.00000000 46.90756226 18.00000000
v 21.00000000 47.00000000 18.62120628
v 20.85812378 47.00000000 19.00000000
v 21.00000000 47.00000000 19.43194389
v 21.00000000 46.92191696 20.00000000
v 21.00000000 46.84769440 21.00000000
v 21.00000000 46.93122864 22.00000000
v 21.00000000 46.96913528 23.00000000
v 21.00000000 46.90961838 24.00000000
v 21.00000000 46.89258194 25.00000000
v 21.00000000 46.96331406 26.00000000
v 21.00000000 47.00000000 26.69527435
v 20.95912743 47.00000000 27.00000000
v 21.00000000 47.00000000 27.14228630
v 21.00000000 46.90655136 28.00000000
v 21.00000000 46.84589767 29.00000000
v 21.00000000 46.93182373 30.00000000
v 21.00000000 47.00000000 30.56774902
v 20.85240555 47.00000000 31.00000000
v 21.00000000 47.00000000 31.44706726
v 21.00000000 46.92894363 32.00000000
v 21.00000000 46.85092926 33.00000000
v 21.00000000 46.89268875 34.00000000
v 21.00000000 46.98417664 35.00000000
v 21.00000000 46.91159439 36.00000000
v 21.00000000 46.90003204 37.00000000
v 21.00000000 46.95192337 38.00000000
v 21.00000000 46.93902969 39.00000000
v 21.00000000 46.92261887 40.00000000
v 21.00000000 46.82765961 41.00000000
v 21.00000000 46.95583344 42.00000000
v 21.00000000 47.00000000 42.44291687
v 20.89706230 47.00000000 43.00000000
v 21.00000000 47.00000000 43.35534286
v 21.00000000 46.91795349 44.00000000
v 21.00000000 46.12998199 45.00000000
v 22.00000000 0.79033828 2.00000000
v 22.00000000 1.00000000 1.86110175
v 22.00000000 0.00000000 2.97649050
v 21.65775490 0.00000000 3.00000000
v 21.13186836 0.00000000 5.00000000
v 21.40353203 0.00000000 6.00000000
v 21.53440666 0.00000000 7.00000000
v 21.30805397 0.00000000 8.00000000
v 21.27063179 0.00000000 10.00000000
v 21.38599396 0.00000000 11.00000000
v 22.00000000 0.01050947 12.00000000
v 22.00000000 0.00000000 11.82357979
v 22.00000000 0.00000000 12.11888123
v 21.23529243 0.00000000 14.00000000
v 21.27396011 0.00000000 15.00000000
v 21.90500450 0.00000000 16.00000000
v 21.12014771 0.00000000 18.00000000
v 21.48622513 0.00000000 19.00000000
v 21.51416779 0.00000000 20.00000000
v 21.16928291 0.00000000 22.00000000
v 21.36314392 0.00000000 23.00000000
v 22.00000000 0.00411230 24.00000000
v 22.00000000 0.00000000 23.96119118
v 22.00000000 0.00000000 24.04183769
v 21.07045174 0.00000000 26.00000000
v 21.10698318 0.00000000 27.00000000
v 22.00000000 0.01115667 28.00000000
v 22.00000000 0.00000000 27.87361336
v 22.00000000 0.00000000 28.12569237
v 21.13558578 0.00000000 30.00000000
v 21.11065102 0.00000000 31.00000000
v 21.25696945 0.00000000 35.00000000
v 21.79438591 0.00000000 36.00000000
v 21.11426163 0.00000000 38.00000000
v 21.17447472 0.00000000 43.00000000
v 22.00000000 0.88311028 45.00000000
v 22.00000000 0.00000000 44.05923080
v 22.00000000 1.00000000 45.06183243
v 21.22524071 2.00000000 2.00000000
v 22.00000000 2.00000000 1.92005980
v 21.42433548 2.00000000 45.00000000
v 22.00000000 2.00000000 44.99185944
v 22.00000000 1.88327265 45.00000000
v 21.30880928 3.00000000 2.00000000
v 22.00000000 3.00000000 1.91708112
v 22.00000000 2.11937451 45.00000000
v 22.00000000 3.00000000 45.06672668
v 22.00000000 4.00000000 1.83585811
v 22.00000000 4.00000000 45.12723160
v 22.00000000 5.00000000 1.95292449
v 22.00000000 5.00000000 44.93647766
v 22.00000000 4.66806173 45.00000000
v 21.04574966 6.00000000 2.00000000
v 22.00000000 6.00000000 1.97707999
v 22.00000000 5.54814386 45.00000000
v 21.03373146 6.00000000 45.00000000
v 22.00000000 6.00000000 45.05717850
v 22.00000000 7.00000000 1.98848343
v 22.00000000 7.00000000 44.97576141
v 22.00000000 6.68736935 45.00000000
v 21.52010155 8.00000000 2.00000000
v 22.00000000 8.00000000 1.94775128
v 22.00000000 7.26585102 45.00000000
v 22.00000000 8.00000000 45.06673431
v 22.00000000 9.00000000 1.94028890
v 21.67940903 9.00000000 45.00000000
v 22.00000000 9.00000000 45.02997589
v 22.00000000 9.70148659 2.00000000
v 21.36746979 10.00000000 2.00000000
v 22.00000000 10.00000000 2.02511263
v 21.44852638 10.00000000 45.00000000
v 22.00000000 10.00000000 45.05067062
v 22.00000000 10.22974777 2.00000000
v 22.00000000 11.00000000 1.92136955
v 22.00000000 11.00000000 45.07613373
v 21.15173531 12.00000000 2.00000000
v 22.00000000 12.00000000 1.91908407
v 22.00000000 12.00000000 45.17905426
v 22.00000000 13.00000000 1.96107161
v 22.00000000 13.00000000 45.00120926
v 21.33558846 14.00000000 2.00000000
v 22.00000000 14.00000000 1.95079923
v 22.00000000 14.00000000 45.12443161
v 22.00000000 15.00000000 1.93153441
v 22.00000000 15.00000000 44.95055389
v 22.00000000 14.70565319 45.00000000
v 22.00000000 16.00000000 1.97933531
v 22.00000000 15.91055775 45.00000000
v 21.81783485 16.00000000 45.00000000
v 22.00000000 16.00000000 45.00548172
v 22.00000000 17.00000000 1.87105608
v 22.00000000 17.00000000 44.90702820
v 21.30337143 17.00000000 45.00000000
v 22.00000000 16.04682159 45.00000000
v 22.00000000 18.00000000 1.93153036
v 22.00000000 17.64785957 45.00000000
v 22.00000000 18.00000000 45.05865479
v 22.00000000 19.00000000 1.89846087
v 21.83416748 19.00000000 45.00000000
v 22.00000000 19.00000000 44.98670578
v 22.00000000 18.79019165 45.00000000
v 22.00000000 20.00000000 1.83268070
v 21.07379341 20.00000000 45.00000000
v 22.00000000 19.15884018 45.00000000
v 22.00000000 20.00000000 45.08016586
v 22.00000000 21.00000000 1.86032057
v 22.00000000 20.45715523 45.00000000
v 21.14690590 21.00000000 45.00000000
v 22.00000000 21.00000000 44.91523743
v 22.00000000 22.00000000 1.87413085
v 21.73150063 22.00000000 45.00000000
v 22.00000000 21.84141159 45.00000000
v 22.00000000 22.00000000 45.02038574
v 22.00000000 23.00000000 1.90143752
v 22.00000000 23.00000000 44.92769623
v 21.55156136 23.00000000 45.00000000
v 22.00000000 22.18318748 45.00000000
v 21.12919998 24.00000000 2.00000000
v 22.00000000 24.00000000 1.93706906
v 22.00000000 23.66028214 45.00000000
v 22.00000000 24.00000000 45.04344940
v 22.00000000 25.00000000 1.93950748
v 21.57745171 25.00000000 45.00000000
v 22.00000000 25.00000000 44.96309280
v 22.00000000 24.50376320 45.00000000
v 22.00000000 26.00000000 1.91183949
v 21.04306030 26.00000000 45.00000000
v 22.00000000 25.24824333 45.00000000
v 22.00000000 26.00000000 45.11456680
v 22.00000000 27.00000000 1.90510178
v 22.00000000 27.00000000 45.02267075
v 21.20823288 28.00000000 2.00000000
v 22.00000000 28.00000000 1.89405620
v 22.00000000 28.00000000 45.09491348
v 21.34605598 29.00000000 2.00000000
v 22.00000000 29.00000000 1.96866608
v 21.51561737 29.00000000 45.00000000
v 22.00000000 29.00000000 44.97933578
v 22.00000000 28.80095673 45.00000000
v 22.00000000 30.00000000 1.89425635
v 21.41864204 30.00000000 45.00000000
v 22.00000000 29.32248306 45.00000000
v 22.00000000 30.00000000 45.05569458
v 22.00000000 31.00000000 1.89043343
v 22.00000000 31.00000000 45.00756836
v 22.00000000 32.00000000 1.92361152
v 22.00000000 32.00000000 45.14750290
v 21.01681709 33.00000000 2.00000000
v 22.00000000 33.00000000 1.86382067
v 21.16375351 33.00000000 45.00000000
v 22.00000000 33.00000000 45.09345627
v 22.00000000 34.00000000 1.91560864
v 22.00000000 33.99827576 45.00000000
v 21.98837662 34.00000000 45.00000000
v 22.00000000 34.00000000 44.99984741
v 22.00000000 35.00000000 1.84170914
v 21.48811150 35.00000000 45.00000000
v 22.00000000 34.00905609 45.00000000
v 22.00000000 35.00000000 45.01851273
v 22.00000000 36.00000000 1.82311928
v 22.00000000 36.00000000 45.12421417
v 22.00000000 37.00000000 1.94617736
v 21.51198959 37.00000000 45.00000000
v 22.00000000 37.00000000 44.95266342
v 22.00000000 36.71415329 45.00000000
v 21.39773178 38.00000000 2.00000000
v 22.00000000 38.00000000 1.91518700
v 21.74048042 38.00000000 45.00000000
v 22.00000000 38.00000000 44.98857117
v 22.00000000 39.00000000 1.88057613
v 21.65647697 39.00000000 45.00000000
v 22.00000000 39.00000000 44.96917725
v 21.07227516 40.00000000 2.00000000
v 22.00000000 40.00000000 1.86525953
v 22.00000000 39.38151550 45.00000000
v 22.00000000 40.00000000 45.05464935
v 21.06533241 41.00000000 2.00000000
v 22.00000000 41.00000000 1.87468123
v 21.67879677 41.00000000 45.00000000
v 22.00000000 41.00000000 45.01633453
v 22.00000000 42.00000000 1.87762976
v 21.42424393 42.00000000 45.00000000
v 22.00000000 42.00000000 45.03158569
v 22.00000000 43.00000000 1.88464844
v 22.00000000 43.00000000 44.95786285
v 21.39670944 43.00000000 45.00000000
v 22.00000000 42.40347290 45.00000000
v 21.53537941 44.00000000 2.00000000
v 22.00000000 44.00000000 1.97044766
v 21.03852463 44.00000000 45.00000000
v 22.00000000 43.34465027 45.00000000
v 22.00000000 44.00000000 45.08578873
v 22.00000000 45.00000000 1.92291045
v 22.00000000 45.00000000 44.98160553
v 22.00000000 44.82650375 45.00000000
v 22.00000000 45.84698868 2.00000000
v 22.00000000 46.00000000 2.01785541
v 21.96261215 46.00000000 45.00000000
v 22.00000000 46.00000000 44.99556732
v 21.53471756 47.00000000 3.00000000
v 22.00000000 47.00000000 2.94228244
v 21.21717644 47.00000000 4.00000000
v 21.30587769 47.00000000 5.00000000
v 21.57824898 47.00000000 6.00000000
v 21.63109398 47.00000000 8.00000000
v 21.48307228 47.00000000 9.00000000
v 21.20261765 47.00000000 10.00000000
v 21.06301117 47.00000000 11.00000000
v 21.59343529 47.00000000 12.00000000
v 21.51839828 47.00000000 13.00000000
v 21.52478409 47.00000000 14.00000000
v 21.11929703 47.00000000 15.00000000
v 21.49753380 47.00000000 16.00000000
v 21.53040314 47.00000000 17.00000000
v 21.76725769 47.00000000 18.00000000
v 21.39995003 47.00000000 20.00000000
v 21.49575043 47.00000000 21.00000000
v 21.72921371 47.00000000 22.00000000
v 21.31020546 47.00000000 23.00000000
v 21.56738663 47.00000000 24.00000000
v 21.37645340 47.00000000 25.00000000
v 21.33625031 47.00000000 26.00000000
v 21.57368279 47.00000000 28.00000000
v 21.50282288 47.00000000 29.00000000
v 21.44580650 47.00000000 30.00000000
v 21.43465424 47.00000000 32.00000000
v 21.50387192 47.00000000 33.00000000
v 21.70379448 47.00000000 34.00000000
v 21.12430573 47.00000000 35.00000000
v 21.44960785 47.00000000 36.00000000
v 21.37288284 47.00000000 37.00000000
v 21.83374596 47.00000000 38.00000000
v 21.26232910 47.00000000 39.00000000
v 21.27046776 47.00000000 40.00000000
v 21.52824593 47.00000000 41.00000000
v 21.22560692 47.00000000 42.00000000
v 21.45424461 47.00000000 44.00000000
v 22.00000000 47.00000000 44.15127563
v 22.66453171 1.00000000 2.00000000
v 23.00000000 1.00000000 2.17854333
v 23.00000000 0.45419133 3.00000000
v 22.04485130 0.00000000 3.00000000
v 22.12129593 0.00000000 4.00000000
v 23.00000000 0.30467516 4.00000000
v 22.38223839 0.00000000 5.00000000
v 23.00000000 0.28393295 5.00000000
v 22.27813721 0.00000000 6.00000000
v 23.00000000 0.30328697 6.00000000
v 22.11465073 0.00000000 7.00000000
v 23.00000000 0.37253937 7.00000000
v 22.15116692 0.00000000 8.00000000
v 23.00000000 0.30486321 8.00000000
v 22.39213181 0.00000000 9.00000000
v 23.00000000 0.24477081 9.00000000
v 22.35545349 0.00000000 10.00000000
v 23.00000000 0.24311230 10.00000000
v 22.20936394 0.00000000 11.00000000
v 23.00000000 0.32040524 11.00000000
v 23.00000000 0.24775447 12.00000000
v 22.45362091 0.00000000 13.00000000
v 23.00000000 0.18889762 13.00000000
v 22.29759216 0.00000000 14.00000000
v 23.00000000 0.27698636 14.00000000
v 22.34449005 0.00000000 15.00000000
v 23.00000000 0.26856893 15.00000000
v 22.02742004 0.00000000 16.00000000
v 23.00000000 0.22511980 16.00000000
v 22.46062660 0.00000000 17.00000000
v 23.00000000 0.16368473 17.00000000
v 22.46951103 0.00000000 18.00000000
v 23.00000000 0.16977534 18.00000000
v 22.19648933 0.00000000 19.00000000
v 23.00000000 0.27928433 19.00000000
v 22.17793465 0.00000000 20.00000000
v 23.00000000 0.19796887 20.00000000
v 22.38987923 0.00000000 21.00000000
v 23.00000000 0.24196938 21.00000000
v 22.61658478 0.00000000 22.00000000
v 23.00000000 0.12415893 22.00000000
v 22.35242271 0.00000000 23.00000000
v 23.00000000 0.29010502 23.00000000
v 23.00000000 0.20969842 24.00000000
v 22.42066765 0.00000000 25.00000000
v 23.00000000 0.23512058 25.00000000
v 22.57412529 0.00000000 26.00000000
v 23.00000000 0.13451602 26.00000000
v 22.31322670 0.00000000 27.00000000
v 23.00000000 0.28487411 27.00000000
v 23.00000000 0.24710813 28.00000000
v 22.37965202 0.00000000 29.00000000
v 23.00000000 0.23950316 29.00000000
v 22.55625916 0.00000000 30.00000000
v 23.00000000 0.14982562 30.00000000
v 22.27391815 0.00000000 31.00000000
v 23.00000000 0.32835972 31.00000000
v 22.11324883 0.00000000 32.00000000
v 23.00000000 0.20507251 32.00000000
v 22.45649719 0.00000000 33.00000000
v 23.00000000 0.22073032 33.00000000
v 22.44510460 0.00000000 34.00000000
v 23.00000000 0.23341265 34.00000000
v 22.19767380 0.00000000 35.00000000
v 23.00000000 0.29348016 35.00000000
v 22.06871796 0.00000000 36.00000000
v 23.00000000 0.19209778 36.00000000
v 22.48796654 0.00000000 37.00000000
v 23.00000000 0.22195998 37.00000000
v 22.41903687 0.00000000 38.00000000
v 23.00000000 0.21762358 38.00000000
v 22.44592667 0.00000000 39.00000000
v 23.00000000 0.33491960 39.00000000
v 22.25202370 0.00000000 40.00000000
v 23.00000000 0.19490042 40.00000000
v 22.57141495 0.00000000 41.00000000
v 23.00000000 0.21368502 41.00000000
v 22.64205551 0.00000000 42.00000000
v 23.00000000 0.15853636 42.00000000
v 22.42492485 0.00000000 43.00000000
v 23.00000000 0.29963821 43.00000000
v 22.17514420 0.00000000 44.00000000
v 23.00000000 0.24272954 44.00000000
v 22.41656876 1.00000000 45.00000000
v 23.00000000 1.00000000 44.83305740
v 22.35623932 2.00000000 2.00000000
v 23.00000000 2.00000000 2.28917170
v 23.00000000 2.00000000 44.69637299
v 22.40163612 3.00000000 2.00000000
v 23.00000000 3.00000000 2.27977276
v 22.67225647 3.00000000 45.00000000
v 23.00000000 3.00000000 44.93582916
v 22.65061569 4.00000000 2.00000000
v 23.00000000 4.00000000 2.21408868
v 22.74565697 4.00000000 45.00000000
v 23.00000000 4.00000000 44.90070724
v 22.90649986 5.00000000 2.00000000
v 23.00000000 5.00000000 2.01448298
v 23.00000000 5.00000000 44.92263794
v 22.17926407 6.00000000 2.00000000
v 23.00000000 6.00000000 2.21897769
v 22.28905678 6.00000000 45.00000000
v 23.00000000 6.00000000 44.73072052
v 22.05642509 7.00000000 2.00000000
v 23.00000000 7.00000000 2.35785580
v 23.00000000 7.00000000 44.97737503
v 22.56134605 8.00000000 2.00000000
v 23.00000000 8.00000000 2.10216546
v 22.42322350 8.00000000 45.00000000
v 23.00000000 8.00000000 44.80218887
v 22.24009323 9.00000000 2.00000000
v 23.00000000 9.00000000 2.33161235
v 22.13629150 9.00000000 45.00000000
v 23.00000000 9.00000000 44.69178391
v 23.00000000 10.00000000 2.14975047
v 22.26844597 10.00000000 45.00000000
v 23.00000000 10.00000000 44.71302032
v 22.40143394 11.00000000 2.00000000
v 23.00000000 11.00000000 2.25207090
v 22.91181946 11.00000000 45.00000000
v 23.00000000 11.00000000 44.98112106
v 22.42849159 12.00000000 2.00000000
v 23.00000000 12.00000000 2.20485663
v 22.54957962 12.00000000 45.00000000
v 23.00000000 12.00000000 44.64225769
v 22.44851685 13.00000000 2.00000000
v 23.00000000 13.00000000 2.12427688
v 22.01455498 13.00000000 45.00000000
v 23.00000000 13.00000000 44.85689163
v 22.42880440 14.00000000 2.00000000
v 23.00000000 14.00000000 2.11305833
v 22.48765373 14.00000000 45.00000000
v 23.00000000 14.00000000 44.77367020
v 22.38648033 15.00000000 2.00000000
v 23.00000000 15.00000000 2.24941897
v 23.00000000 15.00000000 44.85894012
v 22.15963364 16.00000000 2.00000000
v 23.00000000 16.00000000 2.19237733
v 22.04589272 16.00000000 45.00000000
v 23.00000000 16.00000000 44.78023529
v 22.84639359 17.00000000 2.00000000
v 23.00000000 17.00000000 2.05749512
v 23.00000000 17.00000000 44.86419296
v 22.62087250 18.00000000 2.00000000
v 23.00000000 18.00000000 2.09519625
v 22.34577560 18.00000000 45.00000000
v 23.00000000 18.00000000 44.80397415
v 22.59301758 19.00000000 2.00000000
v 23.00000000 19.00000000 2.15765667
v 23.00000000 19.00000000 44.78069305
v 22.53698158 20.00000000 2.00000000
v 23.00000000 20.00000000 2.27130365
v 22.39745140 20.00000000 45.00000000
v 23.00000000 20.00000000 44.78459930
v 22.55705070 21.00000000 2.00000000
v 23.00000000 21.00000000 2.24836779
v 23.00000000 21.00000000 44.93544769
v 22.63644600 22.00000000 2.00000000
v 23.00000000 22.00000000 2.16015577
v 22.16378593 22.00000000 45.00000000
v 23.00000000 22.00000000 44.83132553
v 22.36232567 23.00000000 2.00000000
v 23.00000000 23.00000000 2.32640409
v 23.00000000 23.00000000 44.93200684
v 22.29580688 24.00000000 2.00000000
v 23.00000000 24.00000000 2.27408338
v 22.25235176 24.00000000 45.00000000
v 23.00000000 24.00000000 44.78235626
v 22.31772423 25.00000000 2.00000000
v 23.00000000 25.00000000 2.27519131
v 23.00000000 25.00000000 44.86853790
v 22.50746918 26.00000000 2.00000000
v 23.00000000 26.00000000 2.18049216
v 22.45237541 26.00000000 45.00000000
v 23.00000000 26.00000000 44.77937317
v 22.57443619 27.00000000 2.00000000
v 23.00000000 27.00000000 2.15888405
v 22.19553185 27.00000000 45.00000000
v 23.00000000 27.00000000 44.85384750
v 22.38334084 28.00000000 2.00000000
v 23.00000000 28.00000000 2.29609179
v 22.36823463 28.00000000 45.00000000
v 23.00000000 28.00000000 44.71187973
v 22.22639847 29.00000000 2.00000000
v 23.00000000 29.00000000 2.22987342
v 23.00000000 29.00000000 44.89375687
v 22.57848740 30.00000000 2.00000000
v 23.00000000 30.00000000 2.14399147
v 22.39675713 30.00000000 45.00000000
v 23.00000000 30.00000000 44.83561325
v 22.53998756 31.00000000 2.00000000
v 23.00000000 31.00000000 2.20399499
v 23.00000000 30.80471230 45.00000000
v 23.00000000 31.00000000 45.02072144
v 22.48172569 32.00000000 2.00000000
v 23.00000000 32.00000000 2.19633865
v 22.99128532 32.00000000 45.00000000
v 23.00000000 32.00000000 44.99678421
v 23.00000000 31.93073845 45.00000000
v 22.76848030 33.00000000 2.00000000
v 23.00000000 33.00000000 2.13859367
v 22.47203064 33.00000000 45.00000000
v 23.00000000 33.00000000 44.80699158
v 23.00000000 33.88273239 2.00000000
v 23.00000000 34.00000000 1.99240530
v 23.00000000 34.00000000 44.76926041
v 23.00000000 34.08406448 2.00000000
v 22.71916199 35.00000000 2.00000000
v 23.00000000 35.00000000 2.15156507
v 22.63859367 35.00000000 45.00000000
v 23.00000000 35.00000000 44.97603989
v 22.74349785 36.00000000 2.00000000
v 23.00000000 36.00000000 2.14210463
v 22.73367310 36.00000000 45.00000000
v 23.00000000 36.00000000 44.90408707
v 22.57051277 37.00000000 2.00000000
v 23.00000000 37.00000000 2.09749126
v 23.00000000 37.00000000 44.90984344
v 22.51004601 38.00000000 2.00000000
v 23.00000000 38.00000000 2.16846657
v 23.00000000 38.00000000 44.79521942
v 22.55666542 39.00000000 2.00000000
v 23.00000000 39.00000000 2.23670316
v 23.00000000 38.80822754 45.00000000
v 22.56982231 39.00000000 45.00000000
v 23.00000000 39.00000000 45.02875137
v 22.71425056 40.00000000 2.00000000
v 23.00000000 40.00000000 2.11646414
v 23.00000000 40.00000000 44.74353027
v 22.29747963 40.00000000 45.00000000
v 23.00000000 39.16471100 45.00000000
v 22.58168983 41.00000000 2.00000000
v 23.00000000 41.00000000 2.22849751
v 23.00000000 40.85369110 45.00000000
v 23.00000000 41.00000000 45.02566910
v 22.64572716 42.00000000 2.00000000
v 23.00000000 42.00000000 2.14968038
v 22.16369629 42.00000000 45.00000000
v 23.00000000 42.00000000 44.73190308
v 23.00000000 41.12445831 45.00000000
v 22.55480385 43.00000000 2.00000000
v 23.00000000 43.00000000 2.26246595
v 23.00000000 43.00000000 44.79221344
v 22.17153931 44.00000000 2.00000000
v 23.00000000 44.00000000 2.29558516
v 22.48310661 44.00000000 45.00000000
v 23.00000000 44.00000000 44.80965042
v 22.42602539 45.00000000 2.00000000
v 23.00000000 45.00000000 2.24372125
v 23.00000000 45.00000000 44.68913651
v 23.00000000 46.00000000 2.15245223
v 23.00000000 46.00000000 44.66102982
v 23.00000000 46.79577637 3.00000000
v 22.17227173 47.00000000 3.00000000
v 23.00000000 46.78553009 4.00000000
v 22.30954933 47.00000000 4.00000000
v 23.00000000 46.87432480 5.00000000
v 22.64267349 47.00000000 5.00000000
v 23.00000000 46.70465851 6.00000000
v 22.30275726 47.00000000 6.00000000
v 23.00000000 46.81003952 7.00000000
v 22.50696564 47.00000000 7.00000000
v 23.00000000 46.71329498 8.00000000
v 22.31172371 47.00000000 8.00000000
v 23.00000000 46.88291550 9.00000000
v 22.68494606 47.00000000 9.00000000
v 23.00000000 46.74301147 10.00000000
v 22.33238220 47.00000000 10.00000000
v 23.00000000 46.84463120 11.00000000
v 22.56329918 47.00000000 11.00000000
v 23.00000000 46.74137497 12.00000000
v 22.32934952 47.00000000 12.00000000
v 23.00000000 46.90611649 13.00000000
v 22.73244476 47.00000000 13.00000000
v 23.00000000 46.78909683 14.00000000
v 22.29251671 47.00000000 14.00000000
v 23.00000000 46.88591003 15.00000000
v 22.58927727 47.00000000 15.00000000
v 23.00000000 46.75210953 16.00000000
v 22.38300514 47.00000000 16.00000000
v 23.00000000 46.93489456 17.00000000
v 22.77863503 47.00000000 17.00000000
v 23.00000000 46.82101822 18.00000000
v 22.17534828 47.00000000 18.00000000
v 23.00000000 46.78955078 19.00000000
v 22.47165298 47.00000000 19.00000000
v 23.00000000 46.83707809 20.00000000
v 22.52067566 47.00000000 20.00000000
v 23.00000000 47.00000000 20.82469749
v 22.18576431 47.00000000 22.00000000
v 23.00000000 47.00000000 21.16544151
v 23.00000000 46.83803558 22.00000000
v 23.00000000 46.77806091 23.00000000
v 22.26184845 47.00000000 23.00000000
v 23.00000000 46.74371338 24.00000000
v 22.26181602 47.00000000 24.00000000
v 23.00000000 46.96482468 25.00000000
v 22.87569237 47.00000000 25.00000000
v 23.00000000 46.83664703 26.00000000
v 22.37728882 47.00000000 26.00000000
v 23.00000000 46.83675385 27.00000000
v 22.53712273 47.00000000 27.00000000
v 23.00000000 46.80538940 28.00000000
v 22.35743141 47.00000000 28.00000000
v 23.00000000 46.99107742 29.00000000
v 22.96527672 47.00000000 29.00000000
v 23.00000000 46.78918457 30.00000000
v 22.37009811 47.00000000 30.00000000
v 23.00000000 46.81574631 31.00000000
v 22.51616859 47.00000000 31.00000000
v 23.00000000 46.77509308 32.00000000
v 22.35992813 47.00000000 32.00000000
v 23.00000000 47.00000000 32.92895889
v 22.34165192 47.00000000 34.00000000
v 23.00000000 47.00000000 33.11817932
v 23.00000000 46.86917877 34.00000000
v 23.00000000 46.79338837 35.00000000
v 22.42955589 47.00000000 35.00000000
v 23.00000000 46.84798431 36.00000000
v 22.51029778 47.00000000 36.00000000
v 23.00000000 46.99757004 37.00000000
v 22.99172783 47.00000000 37.00000000
v 23.00000000 46.85077286 38.00000000
v 22.07893372 47.00000000 38.00000000
v 23.00000000 46.87999344 39.00000000
v 22.66397667 47.00000000 39.00000000
v 23.00000000 46.90694809 40.00000000
v 22.77466965 47.00000000 40.00000000
v 23.00000000 46.83723831 41.00000000
v 22.58553123 47.00000000 41.00000000
v 23.00000000 46.76340103 42.00000000
v 22.39305687 47.00000000 42.00000000
v 23.00000000 46.88315201 43.00000000
v 22.61855316 47.00000000 43.00000000
v 23.00000000 46.73603058 44.00000000
v 22.36340904 47.00000000 44.00000000
v 23.46449471 1.00000000 3.00000000
v 23.50052071 1.00000000 4.00000000
v 23.46538925 1.00000000 5.00000000
v 23.40850639 1.00000000 6.00000000
v 23.47625542 1.00000000 7.00000000
v 23.41114616 1.00000000 8.00000000
v 23.46402168 1.00000000 9.00000000
v 23.38556480 1.00000000 10.00000000
v 23.44665337 1.00000000 11.00000000
v 23.40763283 1.00000000 12.00000000
v 23.45606995 1.00000000 13.00000000
v 23.36873245 1.00000000 14.00000000
v 23.49744225 1.00000000 15.00000000
v 23.41566086 1.00000000 16.00000000
v 23.45544243 1.00000000 17.00000000
v 23.39293480 1.00000000 18.00000000
v 23.47496796 1.00000000 19.00000000
v 23.43216133 1.00000000 20.00000000
v 23.46748352 1.00000000 21.00000000
v 23.42090416 1.00000000 22.00000000
v 23.50757790 1.00000000 23.00000000
v 23.40374947 1.00000000 24.00000000
v 23.45434952 1.00000000 25.00000000
v 23.40592003 1.00000000 26.00000000
v 23.48207474 1.00000000 27.00000000
v 23.40888023 1.00000000 28.00000000
v 23.44130325 1.00000000 29.00000000
v 23.43186760 1.00000000 30.00000000
v 23.49382401 1.00000000 31.00000000
v 23.41988564 1.00000000 32.00000000
v 23.46291542 1.00000000 33.00000000
v 23.38346291 1.00000000 34.00000000
v 23.50424767 1.00000000 35.00000000
v 23.45383453 1.00000000 36.00000000
v 23.43252182 1.00000000 37.00000000
v 23.43169785 1.00000000 38.00000000
v 23.39862823 1.00000000 39.00000000
v 23.43307304 1.00000000 40.00000000
v 23.41618919 1.00000000 41.00000000
v 23.42162704 1.00000000 42.00000000
v 23.42947769 1.00000000 43.00000000
v 23.48401642 1.00000000 44.00000000
v 23.39380074 2.00000000 3.00000000
v 23.38858795 2.00000000 4.00000000
v 23.39361763 2.00000000 5.00000000
v 23.42667580 2.00000000 6.00000000
v 23.38144302 2.00000000 7.00000000
v 23.32982063 2.00000000 8.00000000
v 23.36942673 2.00000000 9.00000000
v 23.41488647 2.00000000 10.00000000
v 23.41053391 2.00000000 11.00000000
v 23.38261986 2.00000000 12.00000000
v 23.40710258 2.00000000 13.00000000
v 23.37141037 2.00000000 14.00000000
v 23.40010262 2.00000000 15.00000000
v 23.35266495 2.00000000 16.00000000
v 23.37201500 2.00000000 17.00000000
v 23.39984703 2.00000000 18.00000000
v 23.36191177 2.00000000 19.00000000
v 23.38131332 2.00000000 20.00000000
v 23.39017868 2.00000000 21.00000000
v 23.38757515 2.00000000 22.00000000
v 23.39416695 2.00000000 23.00000000
v 23.36183167 2.00000000 24.00000000
v 23.36157608 2.00000000 25.00000000
v 23.37739182 2.00000000 26.00000000
v 23.35540009 2.00000000 27.00000000
v 23.35579109 2.00000000 28.00000000
v 23.34802628 2.00000000 29.00000000
v 23.37086868 2.00000000 30.00000000
v 23.37494469 2.00000000 31.00000000
v 23.37219810 2.00000000 32.00000000
v 23.38307190 2.00000000 33.00000000
v 23.41000748 2.00000000 34.00000000
v 23.37504005 2.00000000 35.00000000
v 23.39261818 2.00000000 36.00000000
v 23.39436531 2.00000000 37.00000000
v 23.41020012 2.00000000 38.00000000
v 23.36699104 2.00000000 39.00000000
v 23.44562149 2.00000000 40.00000000
v 23.26546288 2.00000000 41.00000000
v 23.39606094 2.00000000 42.00000000
v 23.38751411 2.00000000 43.00000000
v 23.44200325 2.00000000 44.00000000
v 23.33359528 3.00000000 3.00000000
v 23.38944054 3.00000000 4.00000000
v 23.41455460 3.00000000 5.00000000
v 23.38940048 3.00000000 6.00000000
v 23.32223892 3.00000000 7.00000000
v 23.32555962 3.00000000 8.00000000
v 23.37691879 3.00000000 9.00000000
v 23.37519836 3.00000000 10.00000000
v 23.34580040 3.00000000 11.00000000
v 23.37977791 3.00000000 12.00000000
v 23.40870476 3.00000000 13.00000000
v 23.40932846 3.00000000 14.00000000
v 23.40820122 3.00000000 15.00000000
v 23.37237549 3.00000000 16.00000000
v 23.40201569 3.00000000 17.00000000
v 23.41529274 3.00000000 18.00000000
v 23.36996841 3.00000000 19.00000000
v 23.37344551 3.00000000 20.00000000
v 23.40309334 3.00000000 21.00000000
v 23.41347122 3.00000000 22.00000000
v 23.41367722 3.00000000 23.00000000
v 23.41616058 3.00000000 24.00000000
v 23.40422630 3.00000000 25.00000000
v 23.40463257 3.00000000 26.00000000
v 23.40405846 3.00000000 27.00000000
v 23.37467194 3.00000000 28.00000000
v 23.38719749 3.00000000 29.00000000
v 23.41569710 3.00000000 30.00000000
v 23.34469414 3.00000000 31.00000000
v 23.37956047 3.00000000 32.00000000
v 23.41741371 3.00000000 33.00000000
v 23.43127823 3.00000000 34.00000000
v 23.41987038 3.00000000 35.00000000
v 23.37978745 3.00000000 36.00000000
v 23.36008644 3.00000000 37.00000000
v 23.37602234 3.00000000 38.00000000
v 23.36505699 3.00000000 39.00000000
v 23.41586876 3.00000000 40.00000000
v 23.35659981 3.00000000 41.00000000
v 23.40793419 3.00000000 42.00000000
v 23.35464668 3.00000000 43.00000000
v 23.45889664 3.00000000 44.00000000
v 23.39911079 4.00000000 3.00000000
v 23.32760239 4.00000000 4.00000000
v 23.41318512 4.00000000 5.00000000
v 23.41857338 4.00000000 6.00000000
v 23.40470695 4.00000000 7.00000000
v 23.34709358 4.00000000 8.00000000
v 23.45735168 4.00000000 9.00000000
v 23.36353874 4.00000000 10.00000000
v 23.30532837 4.00000000 11.00000000
v 23.33504105 4.00000000 12.00000000
v 23.38938141 4.00000000 13.00000000
v 23.35701180 4.00000000 14.00000000
v 23.38685608 4.00000000 15.00000000
v 23.37149429 4.00000000 16.00000000
v 23.38407707 4.00000000 17.00000000
v 23.37217331 4.00000000 18.00000000
v 23.36849022 4.00000000 19.00000000
v 23.34488297 4.00000000 20.00000000
v 23.39012909 4.00000000 21.00000000
v 23.37747192 4.00000000 22.00000000
v 23.39610481 4.00000000 23.00000000
v 23.36475563 4.00000000 24.00000000
v 23.35338211 4.00000000 25.00000000
v 23.39665222 4.00000000 26.00000000
v 23.38153076 4.00000000 27.00000000
v 23.31237030 4.00000000 28.00000000
v 23.39970398 4.00000000 29.00000000
v 23.37516403 4.00000000 30.00000000
v 23.41178513 4.00000000 31.00000000
v 23.34929848 4.00000000 32.00000000
v 23.41285133 4.00000000 33.00000000
v 23.38143539 4.00000000 34.00000000
v 23.37372398 4.00000000 35.00000000
v 23.33287430 4.00000000 36.00000000
v 23.39296913 4.00000000 37.00000000
v 23.32781601 4.00000000 38.00000000
v 23.39572334 4.00000000 39.00000000
v 23.37981224 4.00000000 40.00000000
v 23.33055878 4.00000000 41.00000000
v 23.38861847 4.00000000 42.00000000
v 23.40024185 4.00000000 43.00000000
v 23.42142677 4.00000000 44.00000000
v 23.39212608 5.00000000 3.00000000
v 23.42723083 5.00000000 4.00000000
v 23.35062599 5.00000000 5.00000000
v 23.41621780 5.00000000 6.00000000
v 23.26633453 5.00000000 7.00000000
v 23.36784744 5.00000000 8.00000000
v 23.41509438 5.00000000 9.00000000
v 23.41569519 5.00000000 10.00000000
v 23.38877296 5.00000000 11.00000000
v 23.36456299 5.00000000 12.00000000
v 23.45889664 5.00000000 13.00000000
v 23.45339012 5.00000000 14.00000000
v 23.39720154 5.00000000 15.00000000
v 23.41635895 5.00000000 16.00000000
v 23.37764549 5.00000000 17.00000000
v 23.43264580 5.00000000 18.00000000
v 23.43081856 5.00000000 19.00000000
v 23.38839722 5.00000000 20.00000000
v 23.32097816 5.00000000 21.00000000
v 23.42894173 5.00000000 22.00000000
v 23.40200806 5.00000000 23.00000000
v 23.37143326 5.00000000 24.00000000
v 23.34651184 5.00000000 25.00000000
v 23.47208595 5.00000000 26.00000000
v 23.43203545 5.00000000 27.00000000
v 23.39186478 5.00000000 28.00000000
v 23.40402412 5.00000000 29.00000000
v 23.47322464 5.00000000 30.00000000
v 23.39126587 5.00000000 31.00000000
v 23.41285324 5.00000000 32.00000000
v 23.37181091 5.00000000 33.00000000
v 23.39649200 5.00000000 34.00000000
v 23.35984802 5.00000000 35.00000000
v 23.36418724 5.00000000 36.00000000
v 23.39698219 5.00000000 37.00000000
v 23.42695999 5.00000000 38.00000000
v 23.58687592 5.00000000 39.00000000
v 23.39099884 5.00000000 40.00000000
v 23.37780952 5.00000000 41.00000000
v 23.37185097 5.00000000 42.00000000
v 23.43794632 5.00000000 43.00000000
v 23.43468475 5.00000000 44.00000000
v 23.47557640 6.00000000 3.00000000
v 23.43761826 6.00000000 4.00000000
v 23.34883308 6.00000000 5.00000000
v 23.39396095 6.00000000 6.00000000
v 23.44748878 6.00000000 7.00000000
v 23.69121742 6.00000000 8.00000000
v 24.00000000 6.00000000 8.42874527
v 24.00000000 5.62643862 9.00000000
v 24.00000000 5.57890415 10.00000000
v 24.00000000 5.49474669 11.00000000
v 24.00000000 5.64812088 12.00000000
v 24.00000000 5.55256224 13.00000000
v 24.00000000 5.63641214 14.00000000
v 24.00000000 5.57633781 15.00000000
v 24.00000000 5.62864971 16.00000000
v 24.00000000 5.56475210 17.00000000
v 24.00000000 5.59621572 18.00000000
v 24.00000000 5.53515911 19.00000000
v 24.00000000 5.63450193 20.00000000
v 24.00000000 5.60025501 21.00000000
v 24.00000000 5.58998537 22.00000000
v 24.00000000 5.53448725 23.00000000
v 24.00000000 5.60830069 24.00000000
v 24.00000000 5.53168201 25.00000000
v 24.00000000 5.54741335 26.00000000
v 24.00000000 5.51799011 27.00000000
v 24.00000000 5.64794159 28.00000000
v 24.00000000 5.54120779 29.00000000
v 24.00000000 5.57139111 30.00000000
v 24.00000000 5.58096647 31.00000000
v 24.00000000 5.63122606 32.00000000
v 24.00000000 5.58950377 33.00000000
v 24.00000000 5.59517145 34.00000000
v 24.00000000 5.57037210 35.00000000
v 24.00000000 5.59206963 36.00000000
v 24.00000000 5.48985291 37.00000000
v 24.00000000 5.49728441 38.00000000
v 24.00000000 5.45616150 39.00000000
v 23.99786186 6.00000000 40.00000000
v 24.00000000 6.00000000 39.99790573
v 23.36776352 6.00000000 41.00000000
v 23.36344719 6.00000000 42.00000000
v 23.42218781 6.00000000 43.00000000
v 23.40621376 6.00000000 44.00000000
v 23.34227753 7.00000000 3.00000000
v 23.37186623 7.00000000 4.00000000
v 23.32281113 7.00000000 5.00000000
v 23.36403847 7.00000000 6.00000000
v 23.40324020 7.00000000 7.00000000
v 23.96638107 7.00000000 8.00000000
v 24.00000000 7.00000000 8.02759552
v 24.00000000 6.00660372 40.00000000
v 23.32050323 7.00000000 41.00000000
v 24.00000000 7.00000000 40.17662811
v 23.37193298 7.00000000 42.00000000
v 23.36607933 7.00000000 43.00000000
v 23.41409683 7.00000000 44.00000000
v 23.38201714 8.00000000 3.00000000
v 23.39388084 8.00000000 4.00000000
v 23.43648720 8.00000000 5.00000000
v 23.40739250 8.00000000 6.00000000
v 23.39610481 8.00000000 7.00000000
v 24.00000000 8.00000000 7.99252701
v 24.00000000 7.84144640 8.00000000
v 23.34270477 8.00000000 41.00000000
v 24.00000000 8.00000000 40.23534775
v 23.45939827 8.00000000 42.00000000
v 23.40405083 8.00000000 43.00000000
v 23.40487862 8.00000000 44.00000000
v 23.37885475 9.00000000 3.00000000
v 23.49428749 9.00000000 4.00000000
v 23.38409233 9.00000000 5.00000000
v 23.31841469 9.00000000 6.00000000
v 23.28416824 9.00000000 7.00000000
v 24.00000000 8.24022675 8.00000000
v 23.97322464 9.00000000 8.00000000
v 24.00000000 9.00000000 8.01152802
v 23.29418945 9.00000000 41.00000000
v 24.00000000 9.00000000 40.15832901
v 23.34724998 9.00000000 42.00000000
v 23.39467430 9.00000000 43.00000000
v 23.38459969 9.00000000 44.00000000
v 23.41028404 10.00000000 3.00000000
v 23.42535973 10.00000000 4.00000000
v 23.38887596 10.00000000 5.00000000
v 23.26150703 10.00000000 6.00000000
v 23.36238098 10.00000000 7.00000000
v 24.00000000 10.00000000 7.94520664
v 24.00000000 9.28597164 8.00000000
v 23.36138916 10.00000000 41.00000000
v 24.00000000 10.00000000 40.12304306
v 23.44339943 10.00000000 42.00000000
v 23.40174103 10.00000000 43.00000000
v 23.37275314 10.00000000 44.00000000
v 23.39462662 11.00000000 3.00000000
v 23.45409966 11.00000000 4.00000000
v 23.42101288 11.00000000 5.00000000
v 23.35455894 11.00000000 6.00000000
v 23.46857452 11.00000000 7.00000000
v 24.00000000 11.00000000 7.92206287
v 23.33749390 11.00000000 41.00000000
v 24.00000000 11.00000000 40.20925522
v 23.41170883 11.00000000 42.00000000
v 23.33990860 11.00000000 43.00000000
v 23.40664673 11.00000000 44.00000000
v 23.44077301 12.00000000 3.00000000
v 23.37109184 12.00000000 4.00000000
v 23.42738724 12.00000000 5.00000000
v 23.40391350 12.00000000 6.00000000
v 23.29855347 12.00000000 7.00000000
v 24.00000000 11.15479565 8.00000000
v 23.64777756 12.00000000 8.00000000
v 24.00000000 11.86978340 9.00000000
v 23.81838989 12.00000000 9.00000000
v 24.00000000 12.00000000 9.59343243
v 23.85841560 12.00000000 12.00000000
v 24.00000000 12.00000000 11.25160313
v 24.00000000 11.92031574 12.00000000
v 24.00000000 12.00000000 12.10876083
v 23.32812691 12.00000000 41.00000000
v 24.00000000 12.00000000 40.22034073
v 23.41411781 12.00000000 42.00000000
v 23.42302132 12.00000000 43.00000000
v 23.34766769 12.00000000 44.00000000
v 23.36598969 13.00000000 3.00000000
v 23.38558960 13.00000000 4.00000000
v 23.40361786 13.00000000 5.00000000
v 23.39621353 13.00000000 6.00000000
v 23.39689636 13.00000000 7.00000000
v 23.45714951 13.00000000 8.00000000
v 23.56276894 13.00000000 9.00000000
v 24.00000000 12.09349537 10.00000000
v 23.35401917 13.00000000 10.00000000
v 24.00000000 12.04848766 11.00000000
v 23.34594345 13.00000000 11.00000000
v 23.45445251 13.00000000 12.00000000
v 24.00000000 13.00000000 12.55953121
v 23.28552437 13.00000000 41.00000000
v 24.00000000 13.00000000 40.14771652
v 23.34280586 13.00000000 42.00000000
v 23.38875580 13.00000000 43.00000000
v 23.41044044 13.00000000 44.00000000
v 23.48321724 14.00000000 3.00000000
v 23.39299774 14.00000000 4.00000000
v 23.39883423 14.00000000 5.00000000
v 23.43435669 14.00000000 6.00000000
v 23.41186333 14.00000000 7.00000000
v 23.35595322 14.00000000 8.00000000
v 23.35053825 14.00000000 9.00000000
v 23.33433723 14.00000000 10.00000000
v 23.36418152 14.00000000 11.00000000
v 23.46126747 14.00000000 12.00000000
v 24.00000000 14.00000000 12.49405670
v 23.29240799 14.00000000 41.00000000
v 24.00000000 14.00000000 40.00440598
v 23.44212341 14.00000000 42.00000000
v 23.42058563 14.00000000 43.00000000
v 23.39496040 14.00000000 44.00000000
v 23.38240433 15.00000000 3.00000000
v 23.36893272 15.00000000 4.00000000
v 23.38660240 15.00000000 5.00000000
v 23.38463783 15.00000000 6.00000000
v 23.42262459 15.00000000 7.00000000
v 23.34809685 15.00000000 8.00000000
v 23.38405800 15.00000000 9.00000000
v 23.42561913 15.00000000 10.00000000
v 23.44532967 15.00000000 11.00000000
v 23.48983765 15.00000000 12.00000000
v 24.00000000 15.00000000 12.38263416
v 23.33389664 15.00000000 41.00000000
v 24.00000000 15.00000000 40.30713654
v 23.46683884 15.00000000 42.00000000
v 23.40925598 15.00000000 43.00000000
v 23.41500473 15.00000000 44.00000000
v 23.45461082 16.00000000 3.00000000
v 23.44295502 16.00000000 4.00000000
v 23.40183067 16.00000000 5.00000000
v 23.39458084 16.00000000 6.00000000
v 23.42749786 16.00000000 7.00000000
v 23.36607170 16.00000000 8.00000000
v 23.39735985 16.00000000 9.00000000
v 23.40411949 16.00000000 10.00000000
v 23.42590141 16.00000000 11.00000000
v 23.49739647 16.00000000 12.00000000
v 24.00000000 16.00000000 12.41841698
v 23.43786812 16.00000000 41.00000000
v 24.00000000 16.00000000 40.19795609
v 23.43073654 16.00000000 42.00000000
v 23.40468407 16.00000000 43.00000000
v 23.39476204 16.00000000 44.00000000
v 23.42451859 17.00000000 3.00000000
v 23.43280029 17.00000000 4.00000000
v 23.36614609 17.00000000 5.00000000
v 23.37491989 17.00000000 6.00000000
v 23.35869026 17.00000000 7.00000000
v 23.40474510 17.00000000 8.00000000
v 23.38623810 17.00000000 9.00000000
v 23.35083961 17.00000000 10.00000000
v 23.41162682 17.00000000 11.00000000
v 23.50922394 17.00000000 12.00000000
v 24.00000000 17.00000000 12.42121887
v 23.32393265 17.00000000 41.00000000
v 24.00000000 17.00000000 40.11154175
v 23.30847740 17.00000000 42.00000000
v 23.36919785 17.00000000 43.00000000
v 23.50883675 17.00000000 44.00000000
v 23.43441963 18.00000000 3.00000000
v 23.36386108 18.00000000 4.00000000
v 23.41211700 18.00000000 5.00000000
v 23.38323975 18.00000000 6.00000000
v 23.38996506 18.00000000 7.00000000
v 23.40034676 18.00000000 8.00000000
v 23.39543343 18.00000000 9.00000000
v 23.38800621 18.00000000 10.00000000
v 23.43128014 18.00000000 11.00000000
v 23.47281265 18.00000000 12.00000000
v 24.00000000 18.00000000 12.46914864
v 23.93883324 18.00000000 40.00000000
v 24.00000000 18.00000000 39.94568634
v 24.00000000 17.67277718 40.00000000
v 23.36803246 18.00000000 41.00000000
v 23.41262627 18.00000000 42.00000000
v 23.34968948 18.00000000 43.00000000
v 23.40353394 18.00000000 44.00000000
v 23.38863564 19.00000000 3.00000000
v 23.43555260 19.00000000 4.00000000
v 23.40767479 19.00000000 5.00000000
v 23.41381454 19.00000000 6.00000000
v 23.39573097 19.00000000 7.00000000
v 23.40957832 19.00000000 8.00000000
v 23.46089172 19.00000000 9.00000000
v 23.37336159 19.00000000 10.00000000
v 23.41100693 19.00000000 11.00000000
v 23.51756859 19.00000000 12.00000000
v 24.00000000 19.00000000 12.42522907
v 24.00000000 18.11828995 40.00000000
v 23.34579086 19.00000000 41.00000000
v 24.00000000 19.00000000 40.36076736
v 23.44836044 19.00000000 42.00000000
v 23.34883881 19.00000000 43.00000000
v 23.45178604 19.00000000 44.00000000
v 23.41856194 20.00000000 3.00000000
v 23.40773201 20.00000000 4.00000000
v 23.42523003 20.00000000 5.00000000
v 23.46510506 20.00000000 6.00000000
v 23.38544846 20.00000000 7.00000000
v 23.36826134 20.00000000 8.00000000
v 23.41996574 20.00000000 9.00000000
v 23.41886711 20.00000000 10.00000000
v 23.45645905 20.00000000 11.00000000
v 23.53587341 20.00000000 12.00000000
v 24.00000000 20.00000000 12.40514565
v 23.43412399 20.00000000 41.00000000
v 24.00000000 20.00000000 40.03699875
v 23.44869232 20.00000000 42.00000000
v 23.34323883 20.00000000 43.00000000
v 23.42888832 20.00000000 44.00000000
v 23.36901855 21.00000000 3.00000000
v 23.39843559 21.00000000 4.00000000
v 23.32887840 21.00000000 5.00000000
v 23.40053558 21.00000000 6.00000000
v 23.37463760 21.00000000 7.00000000
v 23.37953377 21.00000000 8.00000000
v 23.39493752 21.00000000 9.00000000
v 23.36094284 21.00000000 10.00000000
v 23.34142303 21.00000000 11.00000000
v 23.46301270 21.00000000 12.00000000
v 24.00000000 21.00000000 12.44130421
v 23.32525063 21.00000000 41.00000000
v 24.00000000 21.00000000 40.30973816
v 23.33581352 21.00000000 42.00000000
v 23.42331505 21.00000000 43.00000000
v 23.44699669 21.00000000 44.00000000
v 23.43603706 22.00000000 3.00000000
v 23.40820885 22.00000000 4.00000000
v 23.42094803 22.00000000 5.00000000
v 23.46772385 22.00000000 6.00000000
v 23.42929649 22.00000000 7.00000000
v 23.39537239 22.00000000 8.00000000
v 23.39196777 22.00000000 9.00000000
v 23.40392685 22.00000000 10.00000000
v 23.39442444 22.00000000 11.00000000
v 23.39902306 22.00000000 12.00000000
v 24.00000000 22.00000000 12.45043659
v 23.35799599 22.00000000 41.00000000
v 24.00000000 22.00000000 40.06689835
v 23.44785500 22.00000000 42.00000000
v 23.39881516 22.00000000 43.00000000
v 23.44810677 22.00000000 44.00000000
v 23.41418839 23.00000000 3.00000000
v 23.42576981 23.00000000 4.00000000
v 23.34901237 23.00000000 5.00000000
v 23.36834717 23.00000000 6.00000000
v 23.40016556 23.00000000 7.00000000
v 23.37979126 23.00000000 8.00000000
v 23.43930817 23.00000000 9.00000000
v 23.38311577 23.00000000 10.00000000
v 23.38437080 23.00000000 11.00000000
v 23.50956535 23.00000000 12.00000000
v 24.00000000 23.00000000 12.47695351
v 23.32849503 23.00000000 41.00000000
v 24.00000000 23.00000000 40.21986008
v 23.35677528 23.00000000 42.00000000
v 23.40171814 23.00000000 43.00000000
v 23.47052574 23.00000000 44.00000000
v 23.46068954 24.00000000 3.00000000
v 23.44209099 24.00000000 4.00000000
v 23.41201782 24.00000000 5.00000000
v 23.43324280 24.00000000 6.00000000
v 23.38906288 24.00000000 7.00000000
v 23.37026596 24.00000000 8.00000000
v 23.47809982 24.00000000 9.00000000
v 23.37551308 24.00000000 10.00000000
v 23.43152809 24.00000000 11.00000000
v 23.52728844 24.00000000 12.00000000
v 24.00000000 24.00000000 12.39994526
v 23.44574928 24.00000000 41.00000000
v 24.00000000 24.00000000 40.02228928
v 23.36863708 24.00000000 42.00000000
v 23.36773109 24.00000000 43.00000000
v 23.44535637 24.00000000 44.00000000
v 23.36002922 25.00000000 3.00000000
v 23.41917801 25.00000000 4.00000000
v 23.30230904 25.00000000 5.00000000
v 23.37138176 25.00000000 6.00000000
v 23.38592529 25.00000000 7.00000000
v 23.43243790 25.00000000 8.00000000
v 23.38093948 25.00000000 9.00000000
v 23.29637337 25.00000000 10.00000000
v 23.36829758 25.00000000 11.00000000
v 23.50136948 25.00000000 12.00000000
v 24.00000000 25.00000000 12.44578934
v 23.32214546 25.00000000 41.00000000
v 24.00000000 25.00000000 40.16409683
v 23.33929634 25.00000000 42.00000000
v 23.35065269 25.00000000 43.00000000
v 23.45673943 25.00000000 44.00000000
v 23.40937614 26.00000000 3.00000000
v 23.41278839 26.00000000 4.00000000
v 23.40274239 26.00000000 5.00000000
v 23.40688133 26.00000000 6.00000000
v 23.39909554 26.00000000 7.00000000
v 23.36093330 26.00000000 8.00000000
v 23.41966438 26.00000000 9.00000000
v 23.37623596 26.00000000 10.00000000
v 23.39667511 26.00000000 11.00000000
v 23.45523453 26.00000000 12.00000000
v 24.00000000 26.00000000 12.50440216
v 23.39569664 26.00000000 41.00000000
v 24.00000000 26.00000000 40.09058762
v 23.41861534 26.00000000 42.00000000
v 23.41191292 26.00000000 43.00000000
v 23.46102905 26.00000000 44.00000000
v 23.39481163 27.00000000 3.00000000
v 23.43104935 27.00000000 4.00000000
v 23.30224991 27.00000000 5.00000000
v 23.41961479 27.00000000 6.00000000
v 23.37596703 27.00000000 7.00000000
v 23.42605019 27.00000000 8.00000000
v 23.44908905 27.00000000 9.00000000
v 23.39572334 27.00000000 10.00000000
v 23.38929558 27.00000000 11.00000000
v 23.53685379 27.00000000 12.00000000
v 24.00000000 27.00000000 12.39504147
v 23.37020683 27.00000000 41.00000000
v 24.00000000 27.00000000 40.31074524
v 23.39546776 27.00000000 42.00000000
v 23.36179924 27.00000000 43.00000000
v 23.48298454 27.00000000 44.00000000
v 23.41398621 28.00000000 3.00000000
v 23.38221169 28.00000000 4.00000000
v 23.41468239 28.00000000 5.00000000
v 23.45868111 28.00000000 6.00000000
v 23.38841248 28.00000000 7.00000000
v 23.43105125 28.00000000 8.00000000
v 23.39647865 28.00000000 9.00000000
v 23.38926697 28.00000000 10.00000000
v 23.40776443 28.00000000 11.00000000
v 23.48616028 28.00000000 12.00000000
v 24.00000000 28.00000000 12.39370441
v 23.33700371 28.00000000 41.00000000
v 24.00000000 28.00000000 40.15967560
v 23.39835739 28.00000000 42.00000000
v 23.37891960 28.00000000 43.00000000
v 23.42971611 28.00000000 44.00000000
v 23.38113785 29.00000000 3.00000000
v 23.44384766 29.00000000 4.00000000
v 23.37193108 29.00000000 5.00000000
v 23.42764664 29.00000000 6.00000000
v 23.34379768 29.00000000 7.00000000
v 23.42016220 29.00000000 8.00000000
v 23.39001656 29.00000000 9.00000000
v 23.36505318 29.00000000 10.00000000
v 23.31700325 29.00000000 11.00000000
v 23.45398903 29.00000000 12.00000000
v 24.00000000 29.00000000 12.44733524
v 23.29293251 29.00000000 41.00000000
v 24.00000000 29.00000000 40.26556396
v 23.42855453 29.00000000 42.00000000
v 23.40214348 29.00000000 43.00000000
v 23.42596436 29.00000000 44.00000000
v 23.47277260 30.00000000 3.00000000
v 23.41846466 30.00000000 4.00000000
v 23.40872192 30.00000000 5.00000000
v 23.38147354 30.00000000 6.00000000
v 23.41529465 30.00000000 7.00000000
v 23.43266869 30.00000000 8.00000000
v 23.37191010 30.00000000 9.00000000
v 23.35766029 30.00000000 10.00000000
v 23.31280136 30.00000000 11.00000000
v 23.47764015 30.00000000 12.00000000
v 24.00000000 30.00000000 12.41635990
v 23.38215637 30.00000000 41.00000000
v 24.00000000 30.00000000 40.22193527
v 23.42047691 30.00000000 42.00000000
v 23.40185356 30.00000000 43.00000000
v 23.38438797 30.00000000 44.00000000
v 23.40690613 31.00000000 3.00000000
v 23.42197800 31.00000000 4.00000000
v 23.39173698 31.00000000 5.00000000
v 23.40388680 31.00000000 6.00000000
v 23.37704468 31.00000000 7.00000000
v 23.39527130 31.00000000 8.00000000
v 23.37421799 31.00000000 9.00000000
v 23.40053177 31.00000000 10.00000000
v 23.41030884 31.00000000 11.00000000
v 23.50296783 31.00000000 12.00000000
v 24.00000000 31.00000000 12.44703674
v 23.29025269 31.00000000 41.00000000
v 24.00000000 31.00000000 40.17560959
v 23.37978935 31.00000000 42.00000000
v 23.33903313 31.00000000 43.00000000
v 23.44115448 31.00000000 44.00000000
v 23.03429604 31.00000000 45.00000000
v 23.39336205 32.00000000 3.00000000
v 23.36794472 32.00000000 4.00000000
v 23.39934349 32.00000000 5.00000000
v 23.44577408 32.00000000 6.00000000
v 23.43119812 32.00000000 7.00000000
v 23.40587044 32.00000000 8.00000000
v 23.34377670 32.00000000 9.00000000
v 23.45688438 32.00000000 10.00000000
v 23.39645576 32.00000000 11.00000000
v 23.49157143 32.00000000 12.00000000
v 24.00000000 32.00000000 12.54805660
v 23.41112518 32.00000000 41.00000000
v 24.00000000 32.00000000 40.15236282
v 23.39808655 32.00000000 42.00000000
v 23.38840485 32.00000000 43.00000000
v 23.42612267 32.00000000 44.00000000
v 23.30601120 33.00000000 3.00000000
v 23.37288475 33.00000000 4.00000000
v 23.36709404 33.00000000 5.00000000
v 23.42099953 33.00000000 6.00000000
v 23.42220497 33.00000000 7.00000000
v 23.38953590 33.00000000 8.00000000
v 23.35980606 33.00000000 9.00000000
v 23.31236076 33.00000000 10.00000000
v 23.40235329 33.00000000 11.00000000
v 23.47857094 33.00000000 12.00000000
v 24.00000000 33.00000000 12.73539925
v 23.34121704 33.00000000 41.00000000
v 24.00000000 33.00000000 40.15492630
v 23.39694214 33.00000000 42.00000000
v 23.37679291 33.00000000 43.00000000
v 23.44405937 33.00000000 44.00000000
v 23.00987625 34.00000000 2.00000000
v 23.40078354 34.00000000 3.00000000
v 23.39223671 34.00000000 4.00000000
v 23.40894508 34.00000000 5.00000000
v 23.38108444 34.00000000 6.00000000
v 23.42599678 34.00000000 7.00000000
v 23.30694008 34.00000000 8.00000000
v 23.41804123 34.00000000 9.00000000
v 23.36940956 34.00000000 10.00000000
v 23.33979988 34.00000000 11.00000000
v 23.40209770 34.00000000 12.00000000
v 24.00000000 34.00000000 12.90289116
v 23.38932800 34.00000000 41.00000000
v 24.00000000 34.00000000 40.13167953
v 23.42282867 34.00000000 42.00000000
v 23.39600945 34.00000000 43.00000000
v 23.37968445 34.00000000 44.00000000
v 23.40791321 35.00000000 3.00000000
v 23.40534592 35.00000000 4.00000000
v 23.41065407 35.00000000 5.00000000
v 23.35153770 35.00000000 6.00000000
v 23.29436493 35.00000000 7.00000000
v 23.50090408 35.00000000 8.00000000
v 23.55968666 35.00000000 9.00000000
v 23.57334328 35.00000000 10.00000000
v 23.46836662 35.00000000 11.00000000
v 23.54284096 35.00000000 12.00000000
v 24.00000000 35.00000000 12.55448055
v 23.33491707 35.00000000 41.00000000
v 24.00000000 35.00000000 40.19551849
v 23.41761780 35.00000000 42.00000000
v 23.34022331 35.00000000 43.00000000
v 23.41640472 35.00000000 44.00000000
v 23.43495560 36.00000000 3.00000000
v 23.38482666 36.00000000 4.00000000
v 23.47005272 36.00000000 5.00000000
v 23.33753395 36.00000000 6.00000000
v 23.46023369 36.00000000 7.00000000
v 23.80762482 36.00000000 8.00000000
v 24.00000000 36.00000000 8.23840809
v 24.00000000 35.39350128 9.00000000
v 24.00000000 35.36282730 10.00000000
v 24.00000000 35.34585953 11.00000000
v 24.00000000 35.41857147 12.00000000
v 23.31851006 36.00000000 41.00000000
v 24.00000000 36.00000000 40.19540787
v 23.43722534 36.00000000 42.00000000
v 23.42588806 36.00000000 43.00000000
v 23.45652580 36.00000000 44.00000000
v 23.39118385 37.00000000 3.00000000
v 23.43412399 37.00000000 4.00000000
v 23.37538528 37.00000000 5.00000000
v 23.37785721 37.00000000 6.00000000
v 23.36812973 37.00000000 7.00000000
v 23.94295311 37.00000000 8.00000000
v 24.00000000 37.00000000 8.04712772
v 23.34928513 37.00000000 41.00000000
v 24.00000000 37.00000000 40.11045456
v 23.39238739 37.00000000 42.00000000
v 23.39737511 37.00000000 43.00000000
v 23.38611412 37.00000000 44.00000000
v 23.41767502 38.00000000 3.00000000
v 23.35818291 38.00000000 4.00000000
v 23.37255478 38.00000000 5.00000000
v 23.33169174 38.00000000 6.00000000
v 23.40703011 38.00000000 7.00000000
v 24.00000000 38.00000000 7.99883318
v 24.00000000 37.98479080 8.00000000
v 23.35727310 38.00000000 41.00000000
v 24.00000000 38.00000000 40.20078659
v 23.39859581 38.00000000 42.00000000
v 23.38180923 38.00000000 43.00000000
v 23.37898254 38.00000000 44.00000000
v 23.37338257 39.00000000 3.00000000
v 23.41033363 39.00000000 4.00000000
v 23.37548637 39.00000000 5.00000000
v 23.26216125 39.00000000 6.00000000
v 23.43890762 39.00000000 7.00000000
v 24.00000000 39.00000000 7.91909647
v 23.34579659 39.00000000 41.00000000
v 24.00000000 39.00000000 40.27675247
v 23.37886047 39.00000000 42.00000000
v 23.38591576 39.00000000 43.00000000
v 23.43219566 39.00000000 44.00000000
v 23.04487038 39.00000000 45.00000000
v 23.47657013 40.00000000 3.00000000
v 23.42336464 40.00000000 4.00000000
v 23.39786911 40.00000000 5.00000000
v 23.44880486 40.00000000 6.00000000
v 23.37336540 40.00000000 7.00000000
v 24.00000000 39.26800919 8.00000000
v 23.81925964 40.00000000 8.00000000
v 24.00000000 40.00000000 8.10446167
v 23.41926193 40.00000000 41.00000000
v 24.00000000 40.00000000 40.16425705
v 23.42323303 40.00000000 42.00000000
v 23.40879059 40.00000000 43.00000000
v 23.38755226 40.00000000 44.00000000
v 23.36340523 41.00000000 3.00000000
v 23.39167213 41.00000000 4.00000000
v 23.34335518 41.00000000 5.00000000
v 23.26231575 41.00000000 6.00000000
v 23.38610840 41.00000000 7.00000000
v 23.62426758 41.00000000 8.00000000
v 24.00000000 41.00000000 8.62383747
v 23.82506180 41.00000000 40.00000000
v 24.00000000 41.00000000 39.67775726
v 24.00000000 40.51548386 40.00000000
v 23.31517982 41.00000000 41.00000000
v 23.35054398 41.00000000 42.00000000
v 23.34743690 41.00000000 43.00000000
v 23.39257622 41.00000000 44.00000000
v 23.03372192 41.00000000 45.00000000
v 23.44263840 42.00000000 3.00000000
v 23.40599632 42.00000000 4.00000000
v 23.43290710 42.00000000 5.00000000
v 23.39020729 42.00000000 6.00000000
v 23.34959793 42.00000000 7.00000000
v 23.47987938 42.00000000 8.00000000
v 24.00000000 41.23286819 9.00000000
v 23.42383194 42.00000000 9.00000000
v 24.00000000 41.24526978 10.00000000
v 23.46548080 42.00000000 10.00000000
v 24.00000000 41.41987228 11.00000000
v 23.36427689 42.00000000 11.00000000
v 24.00000000 41.35757446 12.00000000
v 23.41364098 42.00000000 12.00000000
v 24.00000000 41.41059113 13.00000000
v 23.34320831 42.00000000 13.00000000
v 24.00000000 41.33123398 14.00000000
v 23.33485031 42.00000000 14.00000000
v 24.00000000 41.41467667 15.00000000
v 23.39455795 42.00000000 15.00000000
v 24.00000000 41.31169891 16.00000000
v 23.40851212 42.00000000 16.00000000
v 24.00000000 41.37094879 17.00000000
v 23.31322289 42.00000000 17.00000000
v 24.00000000 41.42575836 18.00000000
v 23.45731163 42.00000000 18.00000000
v 24.00000000 41.40609741 19.00000000
v 23.34757614 42.00000000 19.00000000
v 24.00000000 41.37383270 20.00000000
v 23.44454575 42.00000000 20.00000000
v 24.00000000 41.39160538 21.00000000
v 23.35315514 42.00000000 21.00000000
v 24.00000000 41.32400131 22.00000000
v 23.37690163 42.00000000 22.00000000
v 24.00000000 41.44123459 23.00000000
v 23.39454651 42.00000000 23.00000000
v 24.00000000 41.34550476 24.00000000
v 23.42707062 42.00000000 24.00000000
v 24.00000000 41.40531540 25.00000000
v 23.31666374 42.00000000 25.00000000
v 24.00000000 41.36402130 26.00000000
v 23.39594269 42.00000000 26.00000000
v 24.00000000 41.41713715 27.00000000
v 23.35703468 42.00000000 27.00000000
v 24.00000000 41.36101532 28.00000000
v 23.42461395 42.00000000 28.00000000
v 24.00000000 41.41407394 29.00000000
v 23.32956123 42.00000000 29.00000000
v 24.00000000 41.34784698 30.00000000
v 23.38225555 42.00000000 30.00000000
v 24.00000000 41.40647507 31.00000000
v 23.37776947 42.00000000 31.00000000
v 24.00000000 41.39430237 32.00000000
v 23.45272255 42.00000000 32.00000000
v 24.00000000 41.38499451 33.00000000
v 23.36221123 42.00000000 33.00000000
v 24.00000000 41.36547470 34.00000000
v 23.38239861 42.00000000 34.00000000
v 24.00000000 41.40740585 35.00000000
v 23.33076859 42.00000000 35.00000000
v 24.00000000 41.36530304 36.00000000
v 23.43485832 42.00000000 36.00000000
v 24.00000000 41.40929031 37.00000000
v 23.28383064 42.00000000 37.00000000
v 24.00000000 41.45662308 38.00000000
v 23.51450157 42.00000000 38.00000000
v 24.00000000 41.29947281 39.00000000
v 23.46964264 42.00000000 39.00000000
v 23.36686516 42.00000000 40.00000000
v 23.33388710 42.00000000 41.00000000
v 23.42476845 42.00000000 42.00000000
v 23.37569427 42.00000000 43.00000000
v 23.39812279 42.00000000 44.00000000
v 23.33053207 43.00000000 3.00000000
v 23.40403175 43.00000000 4.00000000
v 23.37928200 43.00000000 5.00000000
v 23.45382118 43.00000000 6.00000000
v 23.34890747 43.00000000 7.00000000
v 23.42169189 43.00000000 8.00000000
v 23.35047913 43.00000000 9.00000000
v 23.35779190 43.00000000 10.00000000
v 23.34619141 43.00000000 11.00000000
v 23.37865257 43.00000000 12.00000000
v 23.32840919 43.00000000 13.00000000
v 23.39423752 43.00000000 14.00000000
v 23.37235451 43.00000000 15.00000000
v 23.42637825 43.00000000 16.00000000
v 23.34954834 43.00000000 17.00000000
v 23.43075752 43.00000000 18.00000000
v 23.34532356 43.00000000 19.00000000
v 23.42646027 43.00000000 20.00000000
v 23.35212135 43.00000000 21.00000000
v 23.44164848 43.00000000 22.00000000
v 23.38825607 43.00000000 23.00000000
v 23.41934967 43.00000000 24.00000000
v 23.31613159 43.00000000 25.00000000
v 23.39575577 43.00000000 26.00000000
v 23.37176132 43.00000000 27.00000000
v 23.43245888 43.00000000 28.00000000
v 23.34204102 43.00000000 29.00000000
v 23.42057610 43.00000000 30.00000000
v 23.38073158 43.00000000 31.00000000
v 23.40361404 43.00000000 32.00000000
v 23.28563690 43.00000000 33.00000000
v 23.39140701 43.00000000 34.00000000
v 23.34217644 43.00000000 35.00000000
v 23.40375900 43.00000000 36.00000000
v 23.29712105 43.00000000 37.00000000
v 23.34163094 43.00000000 38.00000000
v 23.32637405 43.00000000 39.00000000
v 23.42423820 43.00000000 40.00000000
v 23.33390236 43.00000000 41.00000000
v 23.40995598 43.00000000 42.00000000
v 23.36560059 43.00000000 43.00000000
v 23.42014503 43.00000000 44.00000000
v 23.40845871 44.00000000 3.00000000
v 23.33576393 44.00000000 4.00000000
v 23.38816643 44.00000000 5.00000000
v 23.40207672 44.00000000 6.00000000
v 23.38222885 44.00000000 7.00000000
v 23.34986115 44.00000000 8.00000000
v 23.35511208 44.00000000 9.00000000
v 23.36273766 44.00000000 10.00000000
v 23.44463158 44.00000000 11.00000000
v 23.39890099 44.00000000 12.00000000
v 23.36700630 44.00000000 13.00000000
v 23.37383270 44.00000000 14.00000000
v 23.42835999 44.00000000 15.00000000
v 23.37220383 44.00000000 16.00000000
v 23.39819336 44.00000000 17.00000000
v 23.42108154 44.00000000 18.00000000
v 23.45895958 44.00000000 19.00000000
v 23.41114998 44.00000000 20.00000000
v 23.36448860 44.00000000 21.00000000
v 23.39945030 44.00000000 22.00000000
v 23.45335388 44.00000000 23.00000000
v 23.40469742 44.00000000 24.00000000
v 23.40143776 44.00000000 25.00000000
v 23.41121483 44.00000000 26.00000000
v 23.44542503 44.00000000 27.00000000
v 23.41717529 44.00000000 28.00000000
v 23.35355949 44.00000000 29.00000000
v 23.42541122 44.00000000 30.00000000
v 23.44145393 44.00000000 31.00000000
v 23.41504860 44.00000000 32.00000000
v 23.40790176 44.00000000 33.00000000
v 23.42019844 44.00000000 34.00000000
v 23.44338036 44.00000000 35.00000000
v 23.43579483 44.00000000 36.00000000
v 23.35355759 44.00000000 37.00000000
v 23.39242172 44.00000000 38.00000000
v 23.43166924 44.00000000 39.00000000
v 23.39665604 44.00000000 40.00000000
v 23.39868355 44.00000000 41.00000000
v 23.41171265 44.00000000 42.00000000
v 23.39648247 44.00000000 43.00000000
v 23.42570114 44.00000000 44.00000000
v 23.37430954 45.00000000 3.00000000
v 23.44530487 45.00000000 4.00000000
v 23.32686806 45.00000000 5.00000000
v 23.36758423 45.00000000 6.00000000
v 23.36071205 45.00000000 7.00000000
v 23.37672043 45.00000000 8.00000000
v 23.38842201 45.00000000 9.00000000
v 23.34792519 45.00000000 10.00000000
v 23.36135674 45.00000000 11.00000000
v 23.42551231 45.00000000 12.00000000
v 23.41275597 45.00000000 13.00000000
v 23.35134506 45.00000000 14.00000000
v 23.35494614 45.00000000 15.00000000
v 23.36550140 45.00000000 16.00000000
v 23.37430573 45.00000000 17.00000000
v 23.34504128 45.00000000 18.00000000
v 23.29091835 45.00000000 19.00000000
v 23.37275696 45.00000000 20.00000000
v 23.35624695 45.00000000 21.00000000
v 23.34141922 45.00000000 22.00000000
v 23.34096336 45.00000000 23.00000000
v 23.37167740 45.00000000 24.00000000
v 23.37321663 45.00000000 25.00000000
v 23.33240891 45.00000000 26.00000000
v 23.32302284 45.00000000 27.00000000
v 23.36591911 45.00000000 28.00000000
v 23.36641884 45.00000000 29.00000000
v 23.33937263 45.00000000 30.00000000
v 23.33858299 45.00000000 31.00000000
v 23.34147453 45.00000000 32.00000000
v 23.38685036 45.00000000 33.00000000
v 23.37495232 45.00000000 34.00000000
v 23.33788300 45.00000000 35.00000000
v 23.40564919 45.00000000 36.00000000
v 23.37678719 45.00000000 37.00000000
v 23.33095360 45.00000000 38.00000000
v 23.36125565 45.00000000 39.00000000
v 23.43876648 45.00000000 40.00000000
v 23.33345413 45.00000000 41.00000000
v 23.33487129 45.00000000 42.00000000
v 23.40705681 45.00000000 43.00000000
v 23.39875412 45.00000000 44.00000000
v 23.55293465 46.00000000 3.00000000
v 23.40106392 46.00000000 4.00000000
v 23.50051498 46.00000000 5.00000000
v 23.39832687 46.00000000 6.00000000
v 23.43593407 46.00000000 7.00000000
v 23.40170670 46.00000000 8.00000000
v 23.43817520 46.00000000 9.00000000
v 23.38710403 46.00000000 10.00000000
v 23.49388504 46.00000000 11.00000000
v 23.42443085 46.00000000 12.00000000
v 23.46372414 46.00000000 13.00000000
v 23.44358635 46.00000000 14.00000000
v 23.50373077 46.00000000 15.00000000
v 23.40174675 46.00000000 16.00000000
v 23.47031975 46.00000000 17.00000000
v 23.42715645 46.00000000 18.00000000
v 23.43006706 46.00000000 19.00000000
v 23.39520645 46.00000000 20.00000000
v 23.45342827 46.00000000 21.00000000
v 23.41260910 46.00000000 22.00000000
v 23.46756744 46.00000000 23.00000000
v 23.39880753 46.00000000 24.00000000
v 23.45512962 46.00000000 25.00000000
v 23.42321014 46.00000000 26.00000000
v 23.49092484 46.00000000 27.00000000
v 23.38601685 46.00000000 28.00000000
v 23.46663284 46.00000000 29.00000000
v 23.39681244 46.00000000 30.00000000
v 23.47575951 46.00000000 31.00000000
v 23.39386559 46.00000000 32.00000000
v 23.47583580 46.00000000 33.00000000
v 23.43104744 46.00000000 34.00000000
v 23.41174507 46.00000000 35.00000000
v 23.41672516 46.00000000 36.00000000
v 23.47128296 46.00000000 37.00000000
v 23.41666985 46.00000000 38.00000000
v 23.42406654 46.00000000 39.00000000
v 23.43378830 46.00000000 40.00000000
v 23.43375015 46.00000000 41.00000000
v 23.46785545 46.00000000 42.00000000
v 23.52227211 46.00000000 43.00000000
v 23.45330620 46.00000000 44.00000000
v 23.02855110 47.00000000 21.00000000
v 23.01493645 47.00000000 33.00000000
v 25.00000000 5.60655594 9.00000000
v 25.00000000 6.00000000 8.33545876
v 25.00000000 5.60132837 10.00000000
v 25.00000000 5.53436708 11.00000000
v 25.00000000 5.58020210 12.00000000
v 25.00000000 5.63330317 13.00000000
v 25.00000000 5.62726593 14.00000000
v 25.00000000 5.61690235 15.00000000
v 25.00000000 5.56284046 16.00000000
v 25.00000000 5.56220913 17.00000000
v 25.00000000 5.62171936 18.00000000
v 25.00000000 5.57588482 19.00000000
v 25.00000000 5.59145546 20.00000000
v 25.00000000 5.54744673 21.00000000
v 25.00000000 5.58241129 22.00000000
v 25.00000000 5.63536358 23.00000000
v 25.00000000 5.61578226 24.00000000
v 25.00000000 5.59598589 25.00000000
v 25.00000000 5.64987564 26.00000000
v 25.00000000 5.63019276 27.00000000
v 25.00000000 5.61225700 28.00000000
v 25.00000000 5.56597376 29.00000000
v 25.00000000 5.55771732 30.00000000
v 25.00000000 5.62799835 31.00000000
v 25.00000000 5.56321144 32.00000000
v 25.00000000 5.51706648 33.00000000
v 25.00000000 5.61053085 34.00000000
v 25.00000000 5.59700251 35.00000000
v 25.00000000 5.56680441 36.00000000
v 25.00000000 5.60462570 37.00000000
v 25.00000000 5.54482889 38.00000000
v 25.00000000 5.64673376 39.00000000
v 25.00000000 6.00000000 39.82579041
v 24.19567871 7.00000000 8.00000000
v 25.00000000 6.67810392 8.00000000
v 25.00000000 7.00000000 7.92052937
v 25.00000000 6.38305044 40.00000000
v 25.00000000 7.00000000 40.12621307
v 25.00000000 7.84683657 8.00000000
v 24.20220947 8.00000000 8.00000000
v 25.00000000 8.00000000 8.01320839
v 25.00000000 8.00000000 40.17818832
v 25.00000000 9.00000000 8.02595043
v 25.00000000 9.00000000 40.09887695
v 25.00000000 9.73743534 8.00000000
v 25.00000000 10.00000000 7.98915768
v 25.00000000 10.00000000 40.19906235
v 25.00000000 11.00000000 7.98654127
v 25.00000000 11.00000000 40.09440613
v 25.00000000 11.04031563 8.00000000
v 24.30434990 12.00000000 9.00000000
v 25.00000000 12.00000000 8.59940624
v 24.29911232 12.00000000 12.00000000
v 25.00000000 12.00000000 40.22093201
v 25.00000000 12.20838165 9.00000000
v 25.00000000 12.06760883 10.00000000
v 25.00000000 12.11003876 11.00000000
v 25.00000000 12.39480686 12.00000000
v 25.00000000 13.00000000 12.42484188
v 25.00000000 13.00000000 40.14734268
v 25.00000000 14.00000000 12.26435852
v 25.00000000 14.00000000 40.11554718
v 25.00000000 15.00000000 12.18255520
v 25.00000000 15.00000000 40.17284012
v 25.00000000 16.00000000 12.30259609
v 25.00000000 16.00000000 40.08436203
v 25.00000000 17.00000000 12.32935429
v 25.00000000 17.00000000 40.04808426
v 25.00000000 18.00000000 12.36398411
v 24.80516624 18.00000000 37.00000000
v 25.00000000 18.00000000 36.81357956
v 25.00000000 17.55712891 37.00000000
v 25.00000000 17.14151955 38.00000000
v 24.71990967 18.00000000 38.00000000
v 25.00000000 17.30817604 39.00000000
v 24.81313133 18.00000000 39.00000000
v 24.79237747 18.00000000 40.00000000
v 25.00000000 18.00000000 39.93854141
v 25.00000000 18.00000000 40.01095963
v 25.00000000 19.00000000 12.28517342
v 24.85563850 19.00000000 37.00000000
v 25.00000000 19.00000000 36.86942673
v 24.69452095 19.00000000 38.00000000
v 24.75071144 19.00000000 39.00000000
v 25.00000000 19.00000000 39.77376556
v 25.00000000 19.00000000 40.07320404
v 25.00000000 20.00000000 12.35622406
v 24.89670372 20.00000000 37.00000000
v 25.00000000 20.00000000 36.90579987
v 24.73542595 20.00000000 38.00000000
v 24.82929993 20.00000000 39.00000000
v 25.00000000 20.00000000 39.77281189
v 25.00000000 20.00000000 40.04614639
v 25.00000000 21.00000000 12.39977360
v 24.83361626 21.00000000 37.00000000
v 25.00000000 21.00000000 36.86439896
v 24.68485641 21.00000000 38.00000000
v 24.81063271 21.00000000 39.00000000
v 25.00000000 20.72505188 40.00000000
v 24.92800140 21.00000000 40.00000000
v 25.00000000 22.00000000 12.41654015
v 24.92492867 22.00000000 37.00000000
v 25.00000000 22.00000000 36.92106247
v 24.75238609 22.00000000 38.00000000
v 24.88259506 22.00000000 39.00000000
v 25.00000000 22.00000000 39.77383041
v 25.00000000 21.38590240 40.00000000
v 25.00000000 22.00000000 40.02837372
v 25.00000000 23.00000000 12.41110897
v 24.80286026 23.00000000 37.00000000
v 25.00000000 23.00000000 36.83135605
v 24.69737434 23.00000000 38.00000000
v 24.78440285 23.00000000 39.00000000
v 25.00000000 23.00000000 39.53071213
v 25.00000000 23.00000000 40.15055466
v 25.00000000 24.00000000 12.42407322
v 24.83594131 24.00000000 37.00000000
v 25.00000000 24.00000000 36.85110092
v 24.73142624 24.00000000 38.00000000
v 24.83288765 24.00000000 39.00000000
v 25.00000000 24.00000000 39.35405731
v 25.00000000 24.00000000 40.23138428
v 25.00000000 25.00000000 12.42830849
v 24.85275269 25.00000000 37.00000000
v 25.00000000 25.00000000 36.87703323
v 24.68731117 25.00000000 38.00000000
v 24.90123749 25.00000000 39.00000000
v 25.00000000 25.00000000 39.57789993
v 25.00000000 25.00000000 40.05722809
v 25.00000000 26.00000000 12.43390846
v 24.88239479 26.00000000 37.00000000
v 25.00000000 26.00000000 36.87825775
v 24.73485374 26.00000000 38.00000000
v 24.84131622 26.00000000 39.00000000
v 25.00000000 26.00000000 39.51359558
v 25.00000000 26.00000000 40.10563278
v 25.00000000 27.00000000 12.40405083
v 24.73145866 27.00000000 37.00000000
v 25.00000000 27.00000000 36.74374008
v 24.67197800 27.00000000 38.00000000
v 24.79507256 27.00000000 39.00000000
v 25.00000000 26.63877296 40.00000000
v 24.79597092 27.00000000 40.00000000
v 25.00000000 28.00000000 12.40463734
v 24.81392097 28.00000000 37.00000000
v 25.00000000 28.00000000 36.83996201
v 24.95847130 28.00000000 38.00000000
v 24.96175003 28.00000000 39.00000000
v 24.61603928 28.00000000 40.00000000
v 25.00000000 29.00000000 12.39006805
v 25.00000000 28.18213844 37.00000000
v 25.00000000 28.04317093 38.00000000
v 25.00000000 28.04111862 39.00000000
v 25.00000000 28.81942749 40.00000000
v 25.00000000 29.00000000 40.01725769
v 25.00000000 30.00000000 12.43804646
v 25.00000000 30.00000000 40.17023087
v 25.00000000 31.00000000 12.38380909
v 25.00000000 31.00000000 40.08969879
v 25.00000000 32.00000000 12.49357510
v 25.00000000 32.00000000 40.14465714
v 25.00000000 32.70289612 13.00000000
v 24.47508812 33.00000000 13.00000000
v 25.00000000 33.00000000 13.23574924
v 25.00000000 33.00000000 40.07047272
v 24.57276726 34.00000000 13.00000000
v 25.00000000 34.00000000 13.07880688
v 25.00000000 34.00000000 40.26398468
v 24.96455383 35.00000000 13.00000000
v 25.00000000 35.00000000 13.01804733
v 25.00000000 35.00000000 40.11609650
v 25.00000000 35.52997208 9.00000000
v 25.00000000 36.00000000 8.44372845
v 25.00000000 35.53490448 10.00000000
v 25.00000000 35.35173416 11.00000000
v 25.00000000 35.31975555 12.00000000
v 25.00000000 35.01426697 13.00000000
v 25.00000000 36.00000000 40.06523895
v 24.46493530 37.00000000 8.00000000
v 25.00000000 36.86299133 8.00000000
v 25.00000000 37.00000000 7.95765114
v 25.00000000 37.00000000 40.10234833
v 24.00405312 38.00000000 8.00000000
v 25.00000000 37.23270798 8.00000000
v 25.00000000 38.00000000 8.11546803
v 25.00000000 38.00000000 40.14321518
v 24.31358147 39.00000000 8.00000000
v 25.00000000 39.00000000 8.06405926
v 25.00000000 39.00000000 40.20415497
v 25.00000000 40.00000000 8.00055027
v 25.00000000 40.00000000 40.23831940
v 25.00000000 41.00000000 8.44123173
v 25.00000000 41.00000000 39.88484192
v 25.00000000 40.87360001 40.00000000
v 25.00000000 41.33296204 9.00000000
v 25.00000000 41.35976410 10.00000000
v 25.00000000 41.27789688 11.00000000
v 25.00000000 41.34436417 12.00000000
v 25.00000000 41.29067993 13.00000000
v 25.00000000 41.28943634 14.00000000
v 25.00000000 41.27658463 15.00000000
v 25.00000000 41.26860428 16.00000000
v 25.00000000 41.30644989 17.00000000
v 25.00000000 41.29462051 18.00000000
v 25.00000000 41.27186203 19.00000000
v 25.00000000 41.29633713 20.00000000
v 25.00000000 41.31571579 21.00000000
v 25.00000000 41.27423096 22.00000000
v 25.00000000 41.30278015 23.00000000
v 25.00000000 41.29233170 24.00000000
v 25.00000000 41.33334732 25.00000000
v 25.00000000 41.27861023 26.00000000
v 25.00000000 41.26084518 27.00000000
v 25.00000000 41.34310150 28.00000000
v 25.00000000 41.31424332 29.00000000
v 25.00000000 41.32542801 30.00000000
v 25.00000000 41.26213074 31.00000000
v 25.00000000 41.34840775 32.00000000
v 25.00000000 41.28690338 33.00000000
v 25.00000000 41.26627350 34.00000000
v 25.00000000 41.29486084 35.00000000
v 25.00000000 41.32973862 36.00000000
v 25.00000000 41.33056641 37.00000000
v 25.00000000 41.33963013 38.00000000
v 25.00000000 41.23603058 39.00000000
v 26.00000000 5.51310158 9.00000000
v 26.00000000 6.00000000 8.28292465
v 26.00000000 5.55810022 10.00000000
v 26.00000000 5.60260391 11.00000000
v 26.00000000 5.66574812 12.00000000
v 26.00000000 5.54529285 13.00000000
v 26.00000000 5.53643370 14.00000000
v 26.00000000 5.63172579 15.00000000
v 26.00000000 5.57998610 16.00000000
v 26.00000000 5.55257893 17.00000000
v 26.00000000 5.54330683 18.00000000
v 26.00000000 5.62631893 19.00000000
v 26.00000000 5.61502028 20.00000000
v 26.00000000 5.60542345 21.00000000
v 26.00000000 5.55191088 22.00000000
v 26.00000000 5.64136028 23.00000000
v 26.00000000 5.61362028 24.00000000
v 26.00000000 5.53773403 25.00000000
v 26.00000000 5.58255053 26.00000000
v 26.00000000 5.61354876 27.00000000
v 26.00000000 5.58768368 28.00000000
v 26.00000000 5.59325457 29.00000000
v 26.00000000 5.53455305 30.00000000
v 26.00000000 5.63594580 31.00000000
v 26.00000000 5.67244101 32.00000000
v 26.00000000 5.61519957 33.00000000
v 26.00000000 5.59324408 34.00000000
v 26.00000000 5.60910702 35.00000000
v 26.00000000 5.57848930 36.00000000
v 26.00000000 5.60790014 37.00000000
v 26.00000000 5.58099031 38.00000000
v 26.00000000 5.62467289 39.00000000
v 25.29471016 6.00000000 40.00000000
v 26.00000000 5.79106903 40.00000000
v 26.00000000 6.00000000 40.16974640
v 26.00000000 6.83621979 8.00000000
v 26.00000000 7.00000000 7.96204376
v 26.00000000 7.00000000 40.34980392
v 26.00000000 7.41846323 8.00000000
v 26.00000000 8.00000000 8.05449486
v 26.00000000 8.00000000 40.21285629
v 26.00000000 9.00000000 8.06716537
v 26.00000000 9.00000000 40.10932541
v 26.00000000 9.55909443 8.00000000
v 26.00000000 10.00000000 7.95238209
v 26.00000000 10.00000000 40.15663528
v 26.00000000 10.34994030 8.00000000
v 25.13176537 11.00000000 8.00000000
v 26.00000000 11.00000000 8.10136318
v 26.00000000 11.00000000 40.21720886
v 26.00000000 12.00000000 8.75745583
v 26.00000000 12.00000000 40.24890137
v 26.00000000 12.09525394 9.00000000
v 26.00000000 12.18883896 10.00000000
v 26.00000000 12.11722946 11.00000000
v 26.00000000 12.32755756 12.00000000
v 26.00000000 13.00000000 12.36504269
v 26.00000000 13.00000000 40.23468399
v 26.00000000 14.00000000 12.22219563
v 26.00000000 14.00000000 40.14953613
v 26.00000000 15.00000000 12.22354794
v 26.00000000 15.00000000 40.23241425
v 26.00000000 16.00000000 12.20071507
v 26.00000000 16.00000000 40.18172836
v 26.00000000 17.00000000 12.27421951
v 25.16966248 17.00000000 38.00000000
v 26.00000000 17.00000000 37.05506897
v 26.00000000 16.78365898 38.00000000
v 26.00000000 17.00000000 38.75062943
v 26.00000000 17.00000000 40.11736298
v 26.00000000 18.00000000 12.30200100
v 26.00000000 18.00000000 36.84453201
v 26.00000000 17.07835960 37.00000000
v 26.00000000 17.21784210 39.00000000
v 26.00000000 18.00000000 39.92088318
v 26.00000000 18.00000000 40.02560043
v 26.00000000 19.00000000 12.23945141
v 26.00000000 19.00000000 36.58480453
v 26.00000000 19.00000000 39.92233658
v 26.00000000 19.00000000 40.03045273
v 26.00000000 20.00000000 12.26973152
v 26.00000000 20.00000000 36.78664780
v 26.00000000 20.00000000 39.68482590
v 26.00000000 20.00000000 40.16954803
v 26.00000000 21.00000000 12.37481976
v 26.00000000 21.00000000 36.85805893
v 25.73039818 21.00000000 40.00000000
v 26.00000000 21.00000000 39.97792816
v 26.00000000 21.00000000 40.00807190
v 26.00000000 22.00000000 12.40723801
v 26.00000000 22.00000000 36.79962921
v 26.00000000 22.00000000 39.90791702
v 26.00000000 22.00000000 40.03284836
v 26.00000000 23.00000000 12.43083668
v 26.00000000 23.00000000 36.70988464
v 26.00000000 22.79599953 40.00000000
v 25.95251083 23.00000000 40.00000000
v 26.00000000 24.00000000 12.46238518
v 26.00000000 24.00000000 36.80879211
v 26.00000000 23.04049683 40.00000000
v 26.00000000 24.00000000 39.55730057
v 26.00000000 24.00000000 40.20980453
v 26.00000000 25.00000000 12.46711731
v 26.00000000 25.00000000 36.79518127
v 26.00000000 24.62588692 40.00000000
v 25.30602455 25.00000000 40.00000000
v 26.00000000 26.00000000 12.43404961
v 26.00000000 26.00000000 36.74996948
v 26.00000000 25.70406914 40.00000000
v 26.00000000 26.00000000 39.88056183
v 26.00000000 26.00000000 40.06167984
v 26.00000000 27.00000000 12.45501423
v 26.00000000 27.00000000 36.78852081
v 26.00000000 26.40937996 40.00000000
v 26.00000000 28.00000000 12.43916607
v 26.00000000 27.84693718 37.00000000
v 25.81007576 28.00000000 37.00000000
v 26.00000000 28.00000000 37.13077164
v 25.37579536 28.00000000 40.00000000
v 26.00000000 27.38248062 40.00000000
v 26.00000000 28.00000000 39.36677933
v 26.00000000 28.00000000 40.12538528
v 26.00000000 29.00000000 12.43370056
v 26.00000000 28.31141853 38.00000000
v 26.00000000 28.10157204 39.00000000
v 26.00000000 29.00000000 40.11153030
v 26.00000000 30.00000000 12.43733215
v 26.00000000 30.00000000 40.22303772
v 26.00000000 31.00000000 12.40441608
v 26.00000000 31.00000000 40.25767899
v 26.00000000 32.00000000 12.44195175
v 26.00000000 32.00000000 40.10455704
v 25.48638535 33.00000000 13.00000000
v 26.00000000 33.00000000 12.76895046
v 26.00000000 33.00000000 40.19658661
v 26.00000000 33.75108719 13.00000000
v 26.00000000 34.00000000 13.10125160
v 26.00000000 34.00000000 40.16973877
v 25.05763245 35.00000000 13.00000000
v 26.00000000 34.26847839 13.00000000
v 26.00000000 35.00000000 12.61635303
v 26.00000000 35.00000000 40.19741440
v 26.00000000 35.35889816 9.00000000
v 26.00000000 36.00000000 8.15537167
v 26.00000000 35.43883514 10.00000000
v 26.00000000 35.47457886 11.00000000
v 26.00000000 35.35292053 12.00000000
v 26.00000000 36.00000000 40.20311737
v 26.00000000 36.68101883 8.00000000
v 26.00000000 37.00000000 7.95134068
v 26.00000000 37.00000000 40.17259216
v 25.90641975 38.00000000 8.00000000
v 26.00000000 38.00000000 7.98654222
v 26.00000000 38.00000000 40.18129730
v 25.61143875 39.00000000 8.00000000
v 26.00000000 39.00000000 7.94971323
v 26.00000000 39.00000000 40.18087387
v 25.00739288 40.00000000 8.00000000
v 26.00000000 40.00000000 7.91688776
v 26.00000000 40.00000000 40.18267059
v 26.00000000 40.22243500 8.00000000
v 26.00000000 41.00000000 8.48704529
v 26.00000000 41.00000000 39.88448334
v 26.00000000 40.77804565 40.00000000
v 26.00000000 41.28964996 9.00000000
v 26.00000000 41.28079987 10.00000000
v 26.00000000 41.31119537 11.00000000
v 26.00000000 41.31187820 12.00000000
v 26.00000000 41.32525635 13.00000000
v 26.00000000 41.26849747 14.00000000
v 26.00000000 41.39125824 15.00000000
v 26.00000000 41.37649155 16.00000000
v 26.00000000 41.34725952 17.00000000
v 26.00000000 41.36544037 18.00000000
v 26.00000000 41.32018280 19.00000000
v 26.00000000 41.32122040 20.00000000
v 26.00000000 41.34771347 21.00000000
v 26.00000000 41.36778641 22.00000000
v 26.00000000 41.31932449 23.00000000
v 26.00000000 41.33370972 24.00000000
v 26.00000000 41.36608505 25.00000000
v 26.00000000 41.31320953 26.00000000
v 26.00000000 41.32036209 27.00000000
v 26.00000000 41.28037262 28.00000000
v 26.00000000 41.34220123 29.00000000
v 26.00000000 41.35056305 30.00000000
v 26.00000000 41.36474228 31.00000000
v 26.00000000 41.39411926 32.00000000
v 26.00000000 41.35909271 33.00000000
v 26.00000000 41.34252167 34.00000000
v 26.00000000 41.35602570 35.00000000
v 26.00000000 41.29888916 36.00000000
v 26.00000000 41.29871750 37.00000000
v 26.00000000 41.33071136 38.00000000
v 26.00000000 41.42101288 39.00000000
v 26.87141991 6.00000000 9.00000000
v 26.75890160 6.00000000 10.00000000
v 26.78925133 6.00000000 11.00000000
v 26.72861671 6.00000000 12.00000000
v 26.79772377 6.00000000 13.00000000
v 26.79775810 6.00000000 14.00000000
v 26.70908165 6.00000000 15.00000000
v 26.83889580 6.00000000 16.00000000
v 26.79235077 6.00000000 17.00000000
v 26.82678223 6.00000000 18.00000000
v 26.75181580 6.00000000 19.00000000
v 26.74478722 6.00000000 20.00000000
v 26.68229103 6.00000000 21.00000000
v 26.69820595 6.00000000 22.00000000
v 26.75078583 6.00000000 23.00000000
v 26.79426003 6.00000000 24.00000000
v 26.80482292 6.00000000 25.00000000
v 26.80013466 6.00000000 26.00000000
v 26.75920868 6.00000000 27.00000000
v 26.87698555 6.00000000 28.00000000
v 26.73684502 6.00000000 29.00000000
v 26.80057144 6.00000000 30.00000000
v 26.72857285 6.00000000 31.00000000
v 26.84205818 6.00000000 32.00000000
v 26.63814735 6.00000000 33.00000000
v 26.68604279 6.00000000 34.00000000
v 26.79011345 6.00000000 35.00000000
v 26.80687904 6.00000000 36.00000000
v 26.66144371 6.00000000 37.00000000
v 26.70791817 6.00000000 38.00000000
v 26.87083817 6.00000000 39.00000000
v 26.42335892 6.00000000 40.00000000
v 26.42793846 7.00000000 8.00000000
v 27.00000000 7.00000000 8.40138817
v 27.00000000 6.48921347 9.00000000
v 26.93344498 7.00000000 10.00000000
v 27.00000000 7.00000000 9.48628616
v 26.90795135 7.00000000 11.00000000
v 27.00000000 7.00000000 11.99705505
v 27.00000000 6.99752665 12.00000000
v 26.99165535 7.00000000 13.00000000
v 27.00000000 7.00000000 12.03672123
v 26.96180916 7.00000000 14.00000000
v 26.88844490 7.00000000 15.00000000
v 26.95531082 7.00000000 16.00000000
v 27.00000000 7.00000000 16.37718391
v 27.00000000 6.61704779 17.00000000
v 27.00000000 6.97990990 18.00000000
v 26.94275665 7.00000000 19.00000000
v 27.00000000 7.00000000 18.03206444
v 26.97478294 7.00000000 20.00000000
v 26.95515251 7.00000000 21.00000000
v 26.93848610 7.00000000 22.00000000
v 26.96783257 7.00000000 23.00000000
v 26.99995232 7.00000000 24.00000000
v 27.00000000 7.00000000 24.00040817
v 27.00000000 6.50953722 25.00000000
v 27.00000000 6.61213207 26.00000000
v 27.00000000 6.89019442 27.00000000
v 27.00000000 6.57623959 28.00000000
v 26.95903587 7.00000000 29.00000000
v 27.00000000 7.00000000 28.49095535
v 27.00000000 7.00000000 29.64624786
v 27.00000000 6.82070637 30.00000000
v 27.00000000 6.87113047 31.00000000
v 27.00000000 6.63521004 32.00000000
v 26.98144531 7.00000000 33.00000000
v 27.00000000 7.00000000 32.65531158
v 26.96104622 7.00000000 34.00000000
v 26.95237541 7.00000000 35.00000000
v 26.95240402 7.00000000 36.00000000
v 27.00000000 7.00000000 36.81267929
v 27.00000000 6.94957113 37.00000000
v 26.92998314 7.00000000 38.00000000
v 27.00000000 7.00000000 37.11804581
v 27.00000000 7.00000000 38.50368118
v 27.00000000 6.40366507 39.00000000
v 26.72920036 7.00000000 40.00000000
v 27.00000000 7.00000000 39.37718582
v 27.00000000 8.00000000 8.97802258
v 26.86023140 8.00000000 10.00000000
v 27.00000000 8.00000000 9.01862717
v 26.92021942 8.00000000 11.00000000
v 27.00000000 7.00772333 12.00000000
v 26.96273041 8.00000000 12.00000000
v 26.94732475 8.00000000 13.00000000
v 26.91554451 8.00000000 14.00000000
v 26.89500999 8.00000000 15.00000000
v 26.91187096 8.00000000 16.00000000
v 27.00000000 7.32758236 17.00000000
v 26.87318039 8.00000000 17.00000000
v 27.00000000 7.01633835 18.00000000
v 26.90541649 8.00000000 18.00000000
v 26.89624405 8.00000000 19.00000000
v 26.95664978 8.00000000 20.00000000
v 26.86850166 8.00000000 21.00000000
v 26.90485764 8.00000000 22.00000000
v 26.86086845 8.00000000 23.00000000
v 26.92879677 8.00000000 24.00000000
v 27.00000000 7.46461916 25.00000000
v 26.89826584 8.00000000 25.00000000
v 27.00000000 7.37704802 26.00000000
v 26.91684151 8.00000000 26.00000000
v 27.00000000 7.10431433 27.00000000
v 26.90165138 8.00000000 27.00000000
v 27.00000000 7.25510645 28.00000000
v 26.89813042 8.00000000 28.00000000
v 26.85978699 8.00000000 29.00000000
v 27.00000000 7.18357420 30.00000000
v 26.91840363 8.00000000 30.00000000
v 27.00000000 7.20848370 31.00000000
v 26.93994904 8.00000000 31.00000000
v 27.00000000 7.34162092 32.00000000
v 26.94322395 8.00000000 32.00000000
v 26.86204147 8.00000000 33.00000000
v 26.94323158 8.00000000 34.00000000
v 26.91804886 8.00000000 35.00000000
v 26.92667198 8.00000000 36.00000000
v 27.00000000 7.05689955 37.00000000
v 26.86216927 8.00000000 37.00000000
v 26.92302322 8.00000000 38.00000000
v 27.00000000 7.74972486 39.00000000
v 26.97180939 8.00000000 39.00000000
v 26.46864319 8.00000000 40.00000000
v 27.00000000 9.00000000 8.85768414
v 26.89876938 9.00000000 10.00000000
v 27.00000000 9.00000000 9.11927795
v 27.00000000 9.00000000 10.97631073
v 27.00000000 8.96598625 11.00000000
v 26.96373749 9.00000000 12.00000000
v 27.00000000 9.00000000 11.07041168
v 26.92094612 9.00000000 13.00000000
v 26.90030098 9.00000000 14.00000000
v 26.99581909 9.00000000 15.00000000
v 26.99362755 9.00000000 16.00000000
v 26.90201187 9.00000000 17.00000000
v 26.88982773 9.00000000 18.00000000
v 26.92997169 9.00000000 19.00000000
v 26.98950958 9.00000000 20.00000000
v 26.93169975 9.00000000 21.00000000
v 26.88934517 9.00000000 22.00000000
v 26.92373085 9.00000000 23.00000000
v 26.84912109 9.00000000 24.00000000
v 26.90844727 9.00000000 25.00000000
v 26.86897850 9.00000000 26.00000000
v 26.91160393 9.00000000 27.00000000
v 26.93744659 9.00000000 28.00000000
v 26.95024681 9.00000000 29.00000000
v 26.88235092 9.00000000 30.00000000
v 26.92755318 9.00000000 31.00000000
v 26.88003349 9.00000000 32.00000000
v 26.92323494 9.00000000 33.00000000
v 26.86019897 9.00000000 34.00000000
v 26.96614265 9.00000000 35.00000000
v 26.92310905 9.00000000 36.00000000
v 26.98527336 9.00000000 37.00000000
v 27.00000000 9.00000000 37.49387741
v 27.00000000 8.85535717 38.00000000
v 27.00000000 8.29063702 39.00000000
v 26.37376976 9.00000000 40.00000000
v 27.00000000 9.00000000 39.26766968
v 26.30185890 10.00000000 8.00000000
v 27.00000000 10.00000000 8.43966579
v 26.98599625 10.00000000 10.00000000
v 27.00000000 10.00000000 9.89403820
v 27.00000000 10.00000000 10.21538830
v 26.94739914 10.00000000 12.00000000
v 27.00000000 10.00000000 11.52302551
v 27.00000000 10.00000000 12.37282372
v 27.00000000 9.54357624 13.00000000
v 26.97333717 10.00000000 14.00000000
v 27.00000000 10.00000000 13.74901485
v 26.96376991 10.00000000 15.00000000
v 26.95795250 10.00000000 16.00000000
v 26.90043640 10.00000000 17.00000000
v 26.90852547 10.00000000 18.00000000
v 26.89053345 10.00000000 19.00000000
v 26.96835136 10.00000000 20.00000000
v 26.98833656 10.00000000 21.00000000
v 26.97428703 10.00000000 22.00000000
v 26.90997124 10.00000000 23.00000000
v 26.92299271 10.00000000 24.00000000
v 26.95170784 10.00000000 25.00000000
v 26.93242645 10.00000000 26.00000000
v 26.91673470 10.00000000 27.00000000
v 26.99590683 10.00000000 28.00000000
v 27.00000000 10.00000000 28.17221451
v 27.00000000 9.73808861 29.00000000
v 26.95433807 10.00000000 30.00000000
v 27.00000000 10.00000000 29.27377510
v 26.92242241 10.00000000 31.00000000
v 26.94379616 10.00000000 32.00000000
v 26.93989182 10.00000000 33.00000000
v 26.92890739 10.00000000 34.00000000
v 26.85730934 10.00000000 35.00000000
v 26.94702530 10.00000000 36.00000000
v 26.94566345 10.00000000 37.00000000
v 27.00000000 9.21092129 38.00000000
v 26.94367027 10.00000000 38.00000000
v 27.00000000 9.69055843 39.00000000
v 26.97049522 10.00000000 39.00000000
v 26.50936127 10.00000000 40.00000000
v 27.00000000 11.00000000 8.47238731
v 26.91337013 11.00000000 10.00000000
v 27.00000000 11.00000000 9.41851616
v 27.00000000 10.59256554 11.00000000
v 26.95438957 11.00000000 11.00000000
v 26.94990540 11.00000000 12.00000000
v 27.00000000 10.39613342 13.00000000
v 26.87726974 11.00000000 13.00000000
v 26.96283913 11.00000000 14.00000000
v 26.94153595 11.00000000 15.00000000
v 26.93560600 11.00000000 16.00000000
v 26.95129967 11.00000000 17.00000000
v 26.89728165 11.00000000 18.00000000
v 26.86269569 11.00000000 19.00000000
v 26.85381889 11.00000000 20.00000000
v 26.98061371 11.00000000 21.00000000
v 27.00000000 11.00000000 21.67868423
v 27.00000000 10.72961712 22.00000000
v 26.91484070 11.00000000 23.00000000
v 27.00000000 11.00000000 22.09196091
v 26.91353607 11.00000000 24.00000000
v 26.92723656 11.00000000 25.00000000
v 26.91553879 11.00000000 26.00000000
v 26.91000366 11.00000000 27.00000000
v 26.94258308 11.00000000 28.00000000
v 27.00000000 11.00000000 28.59291458
v 26.93471527 11.00000000 30.00000000
v 27.00000000 11.00000000 29.37064552
v 26.88018417 11.00000000 31.00000000
v 26.89811707 11.00000000 32.00000000
v 26.93876076 11.00000000 33.00000000
v 26.92297173 11.00000000 34.00000000
v 26.89340019 11.00000000 35.00000000
v 26.91929626 11.00000000 36.00000000
v 26.94188690 11.00000000 37.00000000
v 26.90877533 11.00000000 38.00000000
v 26.96901321 11.00000000 39.00000000
v 26.61789322 11.00000000 40.00000000
v 27.00000000 11.25296402 9.00000000
v 26.33867836 12.00000000 9.00000000
v 26.33647919 12.00000000 10.00000000
v 26.20423126 12.00000000 11.00000000
v 26.33515930 12.00000000 12.00000000
v 26.81859016 12.00000000 13.00000000
v 26.94530296 12.00000000 14.00000000
v 26.97051430 12.00000000 15.00000000
v 26.90179062 12.00000000 16.00000000
v 26.92859459 12.00000000 17.00000000
v 26.89650345 12.00000000 18.00000000
v 26.88299942 12.00000000 19.00000000
v 26.89195633 12.00000000 20.00000000
v 26.97818184 12.00000000 21.00000000
v 27.00000000 12.00000000 21.58589172
v 26.98378563 12.00000000 23.00000000
v 27.00000000 12.00000000 22.48836899
v 26.95077515 12.00000000 24.00000000
v 26.95864487 12.00000000 25.00000000
v 26.91324234 12.00000000 26.00000000
v 26.90642929 12.00000000 27.00000000
v 26.97254562 12.00000000 28.00000000
v 27.00000000 11.92196846 29.00000000
v 26.99653435 12.00000000 29.00000000
v 26.89720535 12.00000000 30.00000000
v 26.90255165 12.00000000 31.00000000
v 26.90540314 12.00000000 32.00000000
v 26.98726273 12.00000000 33.00000000
v 26.92788696 12.00000000 34.00000000
v 26.85563660 12.00000000 35.00000000
v 26.85936356 12.00000000 36.00000000
v 26.90828705 12.00000000 37.00000000
v 26.94105911 12.00000000 38.00000000
v 26.95033455 12.00000000 39.00000000
v 26.62847900 12.00000000 40.00000000
v 26.72383690 13.00000000 13.00000000
v 26.89644051 13.00000000 14.00000000
v 27.00000000 13.00000000 14.88380527
v 27.00000000 12.70077610 15.00000000
v 26.94276810 13.00000000 16.00000000
v 27.00000000 13.00000000 15.17825413
v 26.96016884 13.00000000 17.00000000
v 26.90361214 13.00000000 18.00000000
v 26.91601562 13.00000000 19.00000000
v 26.94478798 13.00000000 20.00000000
v 27.00000000 13.00000000 20.63254929
v 27.00000000 12.40562344 21.00000000
v 26.93353462 13.00000000 23.00000000
v 27.00000000 13.00000000 22.49425125
v 26.92826271 13.00000000 24.00000000
v 26.97986984 13.00000000 25.00000000
v 26.89888000 13.00000000 26.00000000
v 26.87719345 13.00000000 27.00000000
v 26.88825226 13.00000000 28.00000000
v 26.97918701 13.00000000 29.00000000
v 26.97678947 13.00000000 30.00000000
v 26.91996193 13.00000000 31.00000000
v 26.91912460 13.00000000 32.00000000
v 26.89498711 13.00000000 33.00000000
v 26.87449455 13.00000000 34.00000000
v 26.90091324 13.00000000 35.00000000
v 26.91958046 13.00000000 36.00000000
v 26.92925835 13.00000000 37.00000000
v 26.99229622 13.00000000 38.00000000
v 27.00000000 13.00000000 38.31039429
v 27.00000000 12.71529388 39.00000000
v 26.64874458 13.00000000 40.00000000
v 27.00000000 13.00000000 39.13098526
v 26.94991875 14.00000000 13.00000000
v 27.00000000 14.00000000 13.49139977
v 27.00000000 13.76920414 14.00000000
v 26.99009895 14.00000000 16.00000000
v 27.00000000 14.00000000 15.75146389
v 26.98575592 14.00000000 17.00000000
v 26.96392822 14.00000000 18.00000000
v 26.92320061 14.00000000 19.00000000
v 26.95687866 14.00000000 20.00000000
v 27.00000000 14.00000000 20.78166962
v 26.92755699 14.00000000 23.00000000
v 27.00000000 14.00000000 22.41006660
v 26.91882706 14.00000000 24.00000000
v 26.94386292 14.00000000 25.00000000
v 26.96818924 14.00000000 26.00000000
v 26.90243530 14.00000000 27.00000000
v 26.94566536 14.00000000 28.00000000
v 26.94789696 14.00000000 29.00000000
v 27.00000000 14.00000000 29.71102715
v 27.00000000 13.53817940 30.00000000
v 26.90551949 14.00000000 31.00000000
v 27.00000000 14.00000000 30.15723610
v 26.93893433 14.00000000 32.00000000
v 26.90131760 14.00000000 33.00000000
v 26.88852501 14.00000000 34.00000000
v 26.88610268 14.00000000 35.00000000
v 26.91185570 14.00000000 36.00000000
v 26.92314911 14.00000000 37.00000000
v 26.93614578 14.00000000 38.00000000
v 27.00000000 14.00000000 38.85323715
v 26.50361824 14.00000000 40.00000000
v 27.00000000 14.00000000 39.07495117
v 26.77230453 15.00000000 13.00000000
v 27.00000000 14.19558144 14.00000000
v 26.89544678 15.00000000 14.00000000
v 27.00000000 14.33270741 15.00000000
v 26.94330025 15.00000000 15.00000000
v 26.92209435 15.00000000 16.00000000
v 26.88414764 15.00000000 17.00000000
v 26.90112686 15.00000000 18.00000000
v 26.87883759 15.00000000 19.00000000
v 26.93249321 15.00000000 20.00000000
v 27.00000000 14.19565392 21.00000000
v 26.94940567 15.00000000 21.00000000
v 27.00000000 14.64919567 22.00000000
v 26.97248840 15.00000000 22.00000000
v 26.91462898 15.00000000 23.00000000
v 26.90454483 15.00000000 24.00000000
v 26.98154640 15.00000000 25.00000000
v 26.97516441 15.00000000 26.00000000
v 26.92517090 15.00000000 27.00000000
v 26.90700912 15.00000000 28.00000000
v 26.98084068 15.00000000 29.00000000
v 27.00000000 15.00000000 29.34883308
v 26.94881248 15.00000000 31.00000000
v 27.00000000 15.00000000 30.41629791
v 26.92659950 15.00000000 32.00000000
v 26.91652870 15.00000000 33.00000000
v 26.88725471 15.00000000 34.00000000
v 26.95120621 15.00000000 35.00000000
v 27.00000000 15.00000000 35.96726608
v 27.00000000 14.98218536 36.00000000
v 26.99473000 15.00000000 37.00000000
v 27.00000000 15.00000000 36.28291321
v 26.96521950 15.00000000 38.00000000
v 27.00000000 15.00000000 38.74629211
v 26.87116623 15.00000000 40.00000000
v 27.00000000 15.00000000 39.26457977
v 26.84423828 16.00000000 13.00000000
v 26.91391182 16.00000000 14.00000000
v 26.99450874 16.00000000 15.00000000
v 26.95834541 16.00000000 16.00000000
v 26.91069794 16.00000000 17.00000000
v 26.92261505 16.00000000 18.00000000
v 26.95100784 16.00000000 19.00000000
v 26.98603439 16.00000000 20.00000000
v 26.94189072 16.00000000 21.00000000
v 26.93332291 16.00000000 22.00000000
v 26.91524887 16.00000000 23.00000000
v 26.91680717 16.00000000 24.00000000
v 26.97879219 16.00000000 25.00000000
v 26.95969963 16.00000000 26.00000000
v 26.92854881 16.00000000 27.00000000
v 26.93140221 16.00000000 28.00000000
v 26.98510551 16.00000000 29.00000000
v 27.00000000 15.83293056 30.00000000
v 26.99291992 16.00000000 30.00000000
v 26.95977020 16.00000000 31.00000000
v 26.92891312 16.00000000 32.00000000
v 26.98319817 16.00000000 33.00000000
v 26.91629410 16.00000000 34.00000000
v 26.98501968 16.00000000 35.00000000
v 27.00000000 15.01806545 36.00000000
v 26.88830757 16.00000000 36.00000000
v 26.86947632 16.00000000 37.00000000
v 26.84823418 16.00000000 38.00000000
v 27.00000000 16.00000000 38.74912262
v 26.58221817 16.00000000 40.00000000
v 27.00000000 16.00000000 39.29161453
v 26.97295380 17.00000000 13.00000000
v 26.93729591 17.00000000 14.00000000
v 26.97616768 17.00000000 15.00000000
v 26.92751884 17.00000000 16.00000000
v 26.98093987 17.00000000 17.00000000
v 27.00000000 17.00000000 17.42042732
v 27.00000000 16.74383354 18.00000000
v 27.00000000 16.90910721 19.00000000
v 27.00000000 16.29843140 20.00000000
v 26.94373131 17.00000000 21.00000000
v 27.00000000 17.00000000 20.34413910
v 26.92877007 17.00000000 22.00000000
v 26.95382690 17.00000000 23.00000000
v 26.90812874 17.00000000 24.00000000
v 26.93178558 17.00000000 25.00000000
v 26.94164276 17.00000000 26.00000000
v 26.94108200 17.00000000 27.00000000
v 26.90577126 17.00000000 28.00000000
v 26.98771477 17.00000000 29.00000000
v 26.98996544 17.00000000 30.00000000
v 26.99020195 17.00000000 31.00000000
v 26.89226913 17.00000000 32.00000000
v 26.93924904 17.00000000 33.00000000
v 26.90889740 17.00000000 34.00000000
v 26.97553635 17.00000000 35.00000000
v 26.89267731 17.00000000 36.00000000
v 26.09994125 17.00000000 37.00000000
v 27.00000000 16.16593170 39.00000000
v 26.23342323 17.00000000 39.00000000
v 27.00000000 16.96212769 40.00000000
v 27.00000000 17.00000000 39.98133087
v 27.00000000 17.00000000 40.00436020
v 27.00000000 17.32603073 13.00000000
v 27.00000000 18.00000000 12.92736721
v 26.96182251 18.00000000 14.00000000
v 27.00000000 18.00000000 13.42669392
v 26.97103691 18.00000000 15.00000000
v 26.93527412 18.00000000 16.00000000
v 27.00000000 18.00000000 16.97114754
v 27.00000000 17.91206169 17.00000000
v 26.94499016 18.00000000 19.00000000
v 27.00000000 18.00000000 18.30858803
v 27.00000000 17.07958603 19.00000000
v 27.00000000 17.33476257 20.00000000
v 26.93799973 18.00000000 20.00000000
v 26.90414238 18.00000000 21.00000000
v 26.94509888 18.00000000 22.00000000
v 26.91472244 18.00000000 23.00000000
v 26.88543892 18.00000000 24.00000000
v 26.90492058 18.00000000 25.00000000
v 27.00000000 18.00000000 25.80439377
v 27.00000000 17.72874832 26.00000000
v 26.91978645 18.00000000 27.00000000
v 27.00000000 18.00000000 26.20945358
v 26.92332649 18.00000000 28.00000000
v 26.91379929 18.00000000 29.00000000
v 26.94616890 18.00000000 30.00000000
v 26.89424896 18.00000000 31.00000000
v 26.89746475 18.00000000 32.00000000
v 26.94552994 18.00000000 33.00000000
v 26.89659691 18.00000000 34.00000000
v 26.93874931 18.00000000 35.00000000
v 26.84504509 18.00000000 36.00000000
v 27.00000000 17.50695419 40.00000000
v 26.83544731 18.00000000 40.00000000
v 27.00000000 18.95350075 13.00000000
v 26.99728394 19.00000000 13.00000000
v 26.91720200 19.00000000 14.00000000
v 26.96683121 19.00000000 15.00000000
v 26.91105270 19.00000000 16.00000000
v 27.00000000 18.08576584 17.00000000
v 26.98112488 19.00000000 17.00000000
v 27.00000000 18.44467163 18.00000000
v 26.96638870 19.00000000 18.00000000
v 26.91675949 19.00000000 19.00000000
v 26.90603256 19.00000000 20.00000000
v 26.89896965 19.00000000 21.00000000
v 26.91794968 19.00000000 22.00000000
v 26.91698074 19.00000000 23.00000000
v 26.87969398 19.00000000 24.00000000
v 26.96614456 19.00000000 25.00000000
v 27.00000000 18.29328537 26.00000000
v 26.94889450 19.00000000 26.00000000
v 26.93480492 19.00000000 27.00000000
v 26.93793678 19.00000000 28.00000000
v 26.89590454 19.00000000 29.00000000
v 26.99496269 19.00000000 30.00000000
v 26.95597839 19.00000000 31.00000000
v 26.91416168 19.00000000 32.00000000
v 26.94770241 19.00000000 33.00000000
v 26.91748619 19.00000000 34.00000000
v 26.99962425 19.00000000 35.00000000
v 26.97489166 19.00000000 36.00000000
v 27.00000000 18.06959343 40.00000000
v 27.00000000 19.00000000 39.85810471
v 27.00000000 19.00000000 40.05633545
v 26.88324165 20.00000000 13.00000000
v 26.90308189 20.00000000 14.00000000
v 26.94171143 20.00000000 15.00000000
v 26.90751839 20.00000000 16.00000000
v 26.92069054 20.00000000 17.00000000
v 26.99408340 20.00000000 18.00000000
v 26.91543961 20.00000000 19.00000000
v 26.92820740 20.00000000 20.00000000
v 26.89082146 20.00000000 21.00000000
v 26.91361237 20.00000000 22.00000000
v 26.93218231 20.00000000 23.00000000
v 26.97287560 20.00000000 24.00000000
v 27.00000000 20.00000000 24.39494324
v 27.00000000 19.44749641 25.00000000
v 27.00000000 19.74601173 26.00000000
v 26.95648766 20.00000000 27.00000000
v 27.00000000 20.00000000 26.29324150
v 26.94545555 20.00000000 28.00000000
v 26.91603279 20.00000000 29.00000000
v 26.96330833 20.00000000 30.00000000
v 26.92277145 20.00000000 31.00000000
v 26.89482689 20.00000000 32.00000000
v 26.94080734 20.00000000 33.00000000
v 26.88647270 20.00000000 34.00000000
v 26.98524475 20.00000000 35.00000000
v 26.95496559 20.00000000 36.00000000
v 27.00000000 19.72687912 40.00000000
v 26.87931442 20.00000000 40.00000000
v 26.95991707 21.00000000 13.00000000
v 26.92465401 21.00000000 14.00000000
v 26.96718788 21.00000000 15.00000000
v 26.93953896 21.00000000 16.00000000
v 26.92897797 21.00000000 17.00000000
v 26.89056206 21.00000000 18.00000000
v 26.89423752 21.00000000 19.00000000
v 26.96082687 21.00000000 20.00000000
v 26.99224663 21.00000000 21.00000000
v 26.95417786 21.00000000 22.00000000
v 26.94944382 21.00000000 23.00000000
v 26.90809059 21.00000000 24.00000000
v 27.00000000 20.87482834 25.00000000
v 26.99454689 21.00000000 25.00000000
v 27.00000000 20.18948746 26.00000000
v 26.92459106 21.00000000 26.00000000
v 26.88089561 21.00000000 27.00000000
v 26.86748505 21.00000000 28.00000000
v 26.93378448 21.00000000 29.00000000
v 26.96531296 21.00000000 30.00000000
v 26.97672272 21.00000000 31.00000000
v 26.89568901 21.00000000 32.00000000
v 26.93253136 21.00000000 33.00000000
v 26.89791107 21.00000000 34.00000000
v 27.00000000 21.00000000 34.80907440
v 27.00000000 20.37067032 35.00000000
v 26.95208549 21.00000000 36.00000000
v 27.00000000 21.00000000 35.44558334
v 26.08541679 21.00000000 40.00000000
v 26.85106277 22.00000000 13.00000000
v 26.99955940 22.00000000 14.00000000
v 26.97631264 22.00000000 15.00000000
v 26.95606804 22.00000000 16.00000000
v 26.97219086 22.00000000 17.00000000
v 26.95506096 22.00000000 18.00000000
v 26.89856148 22.00000000 19.00000000
v 26.94118118 22.00000000 20.00000000
v 26.95128822 22.00000000 21.00000000
v 26.96062469 22.00000000 22.00000000
v 26.94340324 22.00000000 23.00000000
v 26.89039612 22.00000000 24.00000000
v 26.93701935 22.00000000 25.00000000
v 26.95976257 22.00000000 26.00000000
v 26.90128326 22.00000000 27.00000000
v 26.93624878 22.00000000 28.00000000
v 26.97741127 22.00000000 29.00000000
v 26.99954414 22.00000000 30.00000000
v 26.98935127 22.00000000 31.00000000
v 26.95089912 22.00000000 32.00000000
v 26.99424744 22.00000000 33.00000000
v 26.87168884 22.00000000 34.00000000
v 27.00000000 21.96590805 35.00000000
v 26.99901581 22.00000000 35.00000000
v 26.91464615 22.00000000 36.00000000
v 27.00000000 21.67420197 40.00000000
v 27.00000000 22.00000000 39.90032959
v 27.00000000 22.00000000 40.03303909
v 26.85099983 23.00000000 13.00000000
v 26.92413902 23.00000000 14.00000000
v 26.94598579 23.00000000 15.00000000
v 26.95491219 23.00000000 16.00000000
v 26.91651535 23.00000000 17.00000000
v 26.85553741 23.00000000 18.00000000
v 26.87298203 23.00000000 19.00000000
v 26.88230705 23.00000000 20.00000000
v 26.90678406 23.00000000 21.00000000
v 26.94375229 23.00000000 22.00000000
v 26.89644051 23.00000000 23.00000000
v 26.87398148 23.00000000 24.00000000
v 26.94490242 23.00000000 25.00000000
v 26.91167831 23.00000000 26.00000000
v 26.90728378 23.00000000 27.00000000
v 26.93686104 23.00000000 28.00000000
v 26.92509460 23.00000000 29.00000000
v 26.99816895 23.00000000 30.00000000
v 26.99898148 23.00000000 31.00000000
v 27.00000000 23.00000000 31.04284668
v 27.00000000 22.68585014 32.00000000
v 26.96553230 23.00000000 33.00000000
v 27.00000000 23.00000000 32.41981506
v 26.92198944 23.00000000 34.00000000
v 27.00000000 23.00000000 34.86889267
v 27.00000000 22.07186699 35.00000000
v 27.00000000 22.75203896 36.00000000
v 27.00000000 23.00000000 36.09761429
v 26.18185806 23.00000000 40.00000000
v 27.00000000 23.00000000 39.91302490
v 27.00000000 23.00000000 40.03721237
v 26.86150742 24.00000000 13.00000000
v 26.90242386 24.00000000 14.00000000
v 26.91018105 24.00000000 15.00000000
v 26.95390320 24.00000000 16.00000000
v 26.95126343 24.00000000 17.00000000
v 26.91440964 24.00000000 18.00000000
v 26.93365860 24.00000000 19.00000000
v 26.89755630 24.00000000 20.00000000
v 26.86380768 24.00000000 21.00000000
v 26.90106201 24.00000000 22.00000000
v 26.94015312 24.00000000 23.00000000
v 26.91387749 24.00000000 24.00000000
v 26.95429230 24.00000000 25.00000000
v 26.86937904 24.00000000 26.00000000
v 26.90861702 24.00000000 27.00000000
v 26.95277786 24.00000000 28.00000000
v 26.92521858 24.00000000 29.00000000
v 26.93635559 24.00000000 30.00000000
v 26.93824005 24.00000000 31.00000000
v 27.00000000 23.36573029 32.00000000
v 26.96191978 24.00000000 32.00000000
v 26.89817047 24.00000000 33.00000000
v 26.80495071 24.00000000 34.00000000
v 27.00000000 24.00000000 34.99234772
v 26.94392776 24.00000000 36.00000000
v 27.00000000 24.00000000 35.04649353
v 27.00000000 23.37569046 36.00000000
v 27.00000000 23.32032394 40.00000000
v 26.71281242 24.00000000 40.00000000
v 26.97168732 25.00000000 13.00000000
v 26.89608192 25.00000000 14.00000000
v 26.97002411 25.00000000 15.00000000
v 26.91447639 25.00000000 16.00000000
v 26.94962311 25.00000000 17.00000000
v 26.90497208 25.00000000 18.00000000
v 26.93631554 25.00000000 19.00000000
v 26.94620514 25.00000000 20.00000000
v 26.93506432 25.00000000 21.00000000
v 26.87781906 25.00000000 22.00000000
v 26.93340302 25.00000000 23.00000000
v 26.89759064 25.00000000 24.00000000
v 26.96362877 25.00000000 25.00000000
v 26.90689468 25.00000000 26.00000000
v 26.91418266 25.00000000 27.00000000
v 26.90046883 25.00000000 28.00000000
v 26.96404076 25.00000000 29.00000000
v 26.93669510 25.00000000 30.00000000
v 26.99000549 25.00000000 31.00000000
v 26.90350151 25.00000000 32.00000000
v 26.95144463 25.00000000 33.00000000
v 26.94477654 25.00000000 34.00000000
v 27.00000000 25.00000000 34.76514816
v 26.94567871 25.00000000 36.00000000
v 27.00000000 25.00000000 35.31329727
v 26.49426651 25.00000000 40.00000000
v 27.00000000 25.00000000 39.70721817
v 27.00000000 24.39713669 40.00000000
v 27.00000000 25.00000000 40.12697220
v 27.00000000 25.15577126 13.00000000
v 27.00000000 26.00000000 12.85523605
v 27.00000000 25.68905640 14.00000000
v 27.00000000 25.84798813 15.00000000
v 26.94000435 26.00000000 16.00000000
v 27.00000000 26.00000000 15.08697796
v 26.91214943 26.00000000 17.00000000
v 26.89902306 26.00000000 18.00000000
v 26.94878387 26.00000000 19.00000000
v 27.00000000 26.00000000 19.43103790
v 27.00000000 25.44548607 20.00000000
v 26.97171593 26.00000000 21.00000000
v 27.00000000 26.00000000 20.70172310
v 26.91073418 26.00000000 22.00000000
v 26.96447372 26.00000000 23.00000000
v 26.91113663 26.00000000 24.00000000
v 26.99370193 26.00000000 25.00000000
v 26.92955589 26.00000000 26.00000000
v 26.87222290 26.00000000 27.00000000
v 26.96747208 26.00000000 28.00000000
v 26.93311119 26.00000000 29.00000000
v 26.96162033 26.00000000 30.00000000
v 26.96029854 26.00000000 31.00000000
v 26.88940811 26.00000000 32.00000000
v 26.91429329 26.00000000 33.00000000
v 26.96183014 26.00000000 34.00000000
v 27.00000000 25.67712975 35.00000000
v 26.99150467 26.00000000 35.00000000
v 26.88059616 26.00000000 36.00000000
v 27.00000000 26.00000000 39.93711853
v 27.00000000 26.00000000 40.01459503
v 27.00000000 26.72559929 13.00000000
v 26.94742775 27.00000000 13.00000000
v 27.00000000 26.44077301 14.00000000
v 26.94135857 27.00000000 14.00000000
v 27.00000000 26.42807007 15.00000000
v 26.99249458 27.00000000 15.00000000
v 26.89876938 27.00000000 16.00000000
v 26.89984512 27.00000000 17.00000000
v 26.90619087 27.00000000 18.00000000
v 26.92679977 27.00000000 19.00000000
v 27.00000000 27.00000000 19.86461830
v 27.00000000 26.55800438 21.00000000
v 26.94490433 27.00000000 22.00000000
v 27.00000000 27.00000000 21.27850723
v 26.96773911 27.00000000 23.00000000
v 26.95923042 27.00000000 24.00000000
v 26.97312927 27.00000000 25.00000000
v 26.99320984 27.00000000 26.00000000
v 26.94935036 27.00000000 27.00000000
v 26.96221542 27.00000000 28.00000000
v 26.95194817 27.00000000 29.00000000
v 27.00000000 27.00000000 29.98266792
v 27.00000000 26.97517204 30.00000000
v 26.94876480 27.00000000 31.00000000
v 27.00000000 27.00000000 30.01738167
v 26.92323685 27.00000000 32.00000000
v 26.91111183 27.00000000 33.00000000
v 26.89332771 27.00000000 34.00000000
v 26.95818329 27.00000000 35.00000000
v 27.00000000 27.00000000 35.93873596
v 27.00000000 26.96437073 36.00000000
v 27.00000000 27.00000000 36.00886154
v 27.00000000 26.12526894 40.00000000
v 26.84856796 28.00000000 13.00000000
v 26.95091248 28.00000000 14.00000000
v 26.95111275 28.00000000 15.00000000
v 26.86729240 28.00000000 16.00000000
v 26.90907860 28.00000000 17.00000000
v 26.92401695 28.00000000 18.00000000
v 26.93691254 28.00000000 19.00000000
v 27.00000000 27.46094322 20.00000000
v 26.98457909 28.00000000 20.00000000
v 27.00000000 27.20618439 21.00000000
v 26.91391182 28.00000000 21.00000000
v 26.93338966 28.00000000 22.00000000
v 26.99121857 28.00000000 23.00000000
v 26.91731453 28.00000000 24.00000000
v 27.00000000 28.00000000 24.66863441
v 27.00000000 27.38225746 25.00000000
v 27.00000000 27.48852158 26.00000000
v 26.97413826 28.00000000 27.00000000
v 27.00000000 28.00000000 26.22857857
v 26.96992493 28.00000000 28.00000000
v 26.91044044 28.00000000 29.00000000
v 27.00000000 27.01033783 30.00000000
v 26.91422653 28.00000000 30.00000000
v 26.96607780 28.00000000 31.00000000
v 26.94455338 28.00000000 32.00000000
v 26.94083977 28.00000000 33.00000000
v 26.83621025 28.00000000 34.00000000
v 26.96884537 28.00000000 35.00000000
v 27.00000000 27.04091263 36.00000000
v 26.90760994 28.00000000 36.00000000
v 26.09751129 28.00000000 37.00000000
v 26.48272324 28.00000000 40.00000000
v 26.89033127 29.00000000 13.00000000
v 26.93736267 29.00000000 14.00000000
v 26.90545082 29.00000000 15.00000000
v 26.88988686 29.00000000 16.00000000
v 26.88352394 29.00000000 17.00000000
v 26.88500404 29.00000000 18.00000000
v 26.91136360 29.00000000 19.00000000
v 26.88283920 29.00000000 20.00000000
v 26.90994835 29.00000000 21.00000000
v 26.93512344 29.00000000 22.00000000
v 26.96834755 29.00000000 23.00000000
v 26.88519478 29.00000000 24.00000000
v 27.00000000 28.52238083 25.00000000
v 26.96122360 29.00000000 25.00000000
v 27.00000000 28.04879761 26.00000000
v 26.87602806 29.00000000 26.00000000
v 26.91600037 29.00000000 27.00000000
v 26.88213539 29.00000000 28.00000000
v 27.00000000 29.00000000 28.86879539
v 27.00000000 28.83872032 29.00000000
v 26.98712921 29.00000000 30.00000000
v 27.00000000 29.00000000 29.59629440
v 26.97069931 29.00000000 31.00000000
v 26.96731949 29.00000000 32.00000000
v 26.93983269 29.00000000 33.00000000
v 26.88230515 29.00000000 34.00000000
v 26.95153999 29.00000000 35.00000000
v 27.00000000 29.00000000 35.66427994
v 27.00000000 28.71704102 36.00000000
v 26.85572433 29.00000000 37.00000000
v 27.00000000 29.00000000 36.24784851
v 26.77134132 29.00000000 38.00000000
v 26.97019958 29.00000000 39.00000000
v 26.87878418 29.00000000 40.00000000
v 26.88166428 30.00000000 13.00000000
v 26.99893951 30.00000000 14.00000000
v 26.90815353 30.00000000 15.00000000
v 26.87960815 30.00000000 16.00000000
v 26.92501450 30.00000000 17.00000000
v 26.94454956 30.00000000 18.00000000
v 26.93186188 30.00000000 19.00000000
v 26.93068123 30.00000000 20.00000000
v 26.90093994 30.00000000 21.00000000
v 26.98836327 30.00000000 22.00000000
v 26.98062515 30.00000000 23.00000000
v 26.88596725 30.00000000 24.00000000
v 26.90693283 30.00000000 25.00000000
v 26.98114204 30.00000000 26.00000000
v 26.88306046 30.00000000 27.00000000
v 26.90020370 30.00000000 28.00000000
v 27.00000000 29.20897675 29.00000000
v 26.92662430 30.00000000 29.00000000
v 26.95083427 30.00000000 30.00000000
v 26.99458504 30.00000000 31.00000000
v 27.00000000 30.00000000 31.10160255
v 27.00000000 29.43264389 32.00000000
v 27.00000000 29.43238831 33.00000000
v 26.95586205 30.00000000 34.00000000
v 27.00000000 30.00000000 33.65658188
v 26.91303825 30.00000000 35.00000000
v 27.00000000 29.23773575 36.00000000
v 26.92134285 30.00000000 36.00000000
v 26.85663795 30.00000000 37.00000000
v 26.88960648 30.00000000 38.00000000
v 27.00000000 30.00000000 38.45904922
v 27.00000000 29.10676956 39.00000000
v 26.66786575 30.00000000 40.00000000
v 27.00000000 30.00000000 39.55330276
v 26.89253235 31.00000000 13.00000000
v 26.92897797 31.00000000 14.00000000
v 26.88951492 31.00000000 15.00000000
v 26.91551590 31.00000000 16.00000000
v 26.93438721 31.00000000 17.00000000
v 26.94799042 31.00000000 18.00000000
v 26.90141487 31.00000000 19.00000000
v 26.90780067 31.00000000 20.00000000
v 26.96710014 31.00000000 21.00000000
v 26.98418427 31.00000000 22.00000000
v 26.96176529 31.00000000 23.00000000
v 26.90405655 31.00000000 24.00000000
v 26.96074677 31.00000000 25.00000000
v 26.91049767 31.00000000 26.00000000
v 26.89875793 31.00000000 27.00000000
v 26.87479973 31.00000000 28.00000000
v 26.94423294 31.00000000 29.00000000
v 26.90086555 31.00000000 30.00000000
v 26.95583725 31.00000000 31.00000000
v 27.00000000 30.75716400 32.00000000
v 26.98506355 31.00000000 32.00000000
v 27.00000000 30.50735283 33.00000000
v 26.91862106 31.00000000 33.00000000
v 26.91091537 31.00000000 34.00000000
v 26.90785789 31.00000000 35.00000000
v 26.96286392 31.00000000 36.00000000
v 26.93859673 31.00000000 37.00000000
v 26.92171669 31.00000000 38.00000000
v 27.00000000 31.00000000 38.78910828
v 26.63822174 31.00000000 40.00000000
v 27.00000000 31.00000000 39.16487503
v 26.93741226 32.00000000 13.00000000
v 26.93174934 32.00000000 14.00000000
v 26.92813492 32.00000000 15.00000000
v 26.93041420 32.00000000 16.00000000
v 26.91416740 32.00000000 17.00000000
v 26.96711540 32.00000000 18.00000000
v 26.91960716 32.00000000 19.00000000
v 26.91599083 32.00000000 20.00000000
v 27.00000000 32.00000000 20.90639687
v 27.00000000 31.79279327 21.00000000
v 26.93789101 32.00000000 22.00000000
v 27.00000000 32.00000000 21.11948204
v 26.95420837 32.00000000 23.00000000
v 26.91066360 32.00000000 24.00000000
v 26.93629074 32.00000000 25.00000000
v 26.87648201 32.00000000 26.00000000
v 26.92520714 32.00000000 27.00000000
v 26.95124817 32.00000000 28.00000000
v 26.88729095 32.00000000 29.00000000
v 26.86281776 32.00000000 30.00000000
v 26.91021538 32.00000000 31.00000000
v 26.94312096 32.00000000 32.00000000
v 26.99152565 32.00000000 33.00000000
v 26.89320755 32.00000000 34.00000000
v 26.89718819 32.00000000 35.00000000
v 26.92431450 32.00000000 36.00000000
v 26.94460678 32.00000000 37.00000000
v 26.86043549 32.00000000 38.00000000
v 27.00000000 31.30815315 39.00000000
v 26.93300819 32.00000000 39.00000000
v 26.40168190 32.00000000 40.00000000
v 26.80903816 33.00000000 13.00000000
v 26.76984406 33.00000000 14.00000000
v 26.86758995 33.00000000 15.00000000
v 26.90605354 33.00000000 16.00000000
v 26.94090652 33.00000000 17.00000000
v 26.89745712 33.00000000 18.00000000
v 26.92989922 33.00000000 19.00000000
v 26.92221451 33.00000000 20.00000000
v 27.00000000 32.13355637 21.00000000
v 26.94254303 33.00000000 21.00000000
v 26.89455795 33.00000000 22.00000000
v 26.94616318 33.00000000 23.00000000
v 26.90268326 33.00000000 24.00000000
v 27.00000000 33.00000000 24.93678665
v 27.00000000 32.90621948 25.00000000
v 26.91625977 33.00000000 26.00000000
v 27.00000000 33.00000000 25.07649040
v 26.98321152 33.00000000 27.00000000
v 26.95564079 33.00000000 28.00000000
v 26.98132324 33.00000000 29.00000000
v 26.94488716 33.00000000 30.00000000
v 26.99428940 33.00000000 31.00000000
v 26.97634315 33.00000000 32.00000000
v 26.97271156 33.00000000 33.00000000
v 26.88997650 33.00000000 34.00000000
v 26.93850899 33.00000000 35.00000000
v 26.94084549 33.00000000 36.00000000
v 26.94509315 33.00000000 37.00000000
v 26.93066597 33.00000000 38.00000000
v 27.00000000 33.00000000 38.44592667
v 27.00000000 32.39740753 39.00000000
v 26.81616402 33.00000000 40.00000000
v 27.00000000 33.00000000 39.68412781
v 26.76595306 34.00000000 14.00000000
v 26.90605164 34.00000000 15.00000000
v 26.97782516 34.00000000 16.00000000
v 26.98507881 34.00000000 17.00000000
v 26.88722420 34.00000000 18.00000000
v 26.98060608 34.00000000 19.00000000
v 26.95499992 34.00000000 20.00000000
v 27.00000000 34.00000000 20.96120071
v 27.00000000 33.96986008 21.00000000
v 27.00000000 33.85260773 22.00000000
v 26.89816475 34.00000000 23.00000000
v 27.00000000 34.00000000 22.16595078
v 26.90972137 34.00000000 24.00000000
v 27.00000000 33.10160446 25.00000000
v 26.94314575 34.00000000 25.00000000
v 26.92317200 34.00000000 26.00000000
v 26.94514656 34.00000000 27.00000000
v 26.94158363 34.00000000 28.00000000
v 26.94106674 34.00000000 29.00000000
v 26.96470642 34.00000000 30.00000000
v 26.92740822 34.00000000 31.00000000
v 26.96531105 34.00000000 32.00000000
v 26.98721504 34.00000000 33.00000000
v 26.88433647 34.00000000 34.00000000
v 26.88344955 34.00000000 35.00000000
v 26.91604424 34.00000000 36.00000000
v 26.96462250 34.00000000 37.00000000
v 26.87695122 34.00000000 38.00000000
v 27.00000000 33.69099426 39.00000000
v 26.95394135 34.00000000 39.00000000
v 26.61507416 34.00000000 40.00000000
v 26.66615295 35.00000000 13.00000000
v 26.79371834 35.00000000 14.00000000
v 26.87392426 35.00000000 15.00000000
v 26.93397713 35.00000000 16.00000000
v 27.00000000 35.00000000 16.94715691
v 27.00000000 34.82666397 17.00000000
v 26.99423599 35.00000000 18.00000000
v 27.00000000 35.00000000 17.36630058
v 26.98486519 35.00000000 19.00000000
v 27.00000000 35.00000000 19.43638229
v 27.00000000 34.70376968 20.00000000
v 27.00000000 35.00000000 20.39582825
v 26.97107506 35.00000000 21.00000000
v 27.00000000 34.05911255 21.00000000
v 27.00000000 35.00000000 21.40517235
v 26.95039558 35.00000000 23.00000000
v 27.00000000 35.00000000 22.48063469
v 26.92935371 35.00000000 24.00000000
v 27.00000000 35.00000000 24.82680511
v 27.00000000 34.80187988 25.00000000
v 26.95408821 35.00000000 26.00000000
v 27.00000000 35.00000000 25.23457336
v 26.91178322 35.00000000 27.00000000
v 26.91620827 35.00000000 28.00000000
v 26.92892647 35.00000000 29.00000000
v 27.00000000 35.00000000 29.74664116
v 27.00000000 34.57760239 30.00000000
v 26.95104980 35.00000000 31.00000000
v 27.00000000 35.00000000 30.34796143
v 27.00000000 35.00000000 31.82366562
v 27.00000000 34.77264404 32.00000000
v 26.92887688 35.00000000 33.00000000
v 27.00000000 35.00000000 32.12137222
v 26.96743202 35.00000000 34.00000000
v 26.99086761 35.00000000 35.00000000
v 26.96196747 35.00000000 36.00000000
v 27.00000000 35.00000000 36.90947342
v 27.00000000 34.91198730 37.00000000
v 26.95433617 35.00000000 38.00000000
v 27.00000000 35.00000000 37.07200241
v 26.95828056 35.00000000 39.00000000
v 26.60007668 35.00000000 40.00000000
v 26.85211372 36.00000000 9.00000000
v 26.86133575 36.00000000 10.00000000
v 26.69909096 36.00000000 11.00000000
v 26.84710884 36.00000000 12.00000000
v 26.85338974 36.00000000 13.00000000
v 27.00000000 36.00000000 13.76444626
v 27.00000000 35.79236984 14.00000000
v 26.90987968 36.00000000 15.00000000
v 27.00000000 36.00000000 14.28047085
v 26.90359497 36.00000000 16.00000000
v 27.00000000 35.02910233 17.00000000
v 26.89296722 36.00000000 17.00000000
v 26.90683746 36.00000000 18.00000000
v 26.90574646 36.00000000 19.00000000
v 27.00000000 35.18059158 20.00000000
v 26.90456200 36.00000000 20.00000000
v 26.91064453 36.00000000 21.00000000
v 27.00000000 36.00000000 21.90491486
v 26.93245316 36.00000000 23.00000000
v 27.00000000 36.00000000 22.12098885
v 26.91730118 36.00000000 24.00000000
v 27.00000000 35.13586807 25.00000000
v 26.91010666 36.00000000 25.00000000
v 26.85483170 36.00000000 26.00000000
v 26.90169716 36.00000000 27.00000000
v 26.90862465 36.00000000 28.00000000
v 26.91036606 36.00000000 29.00000000
v 27.00000000 35.82568359 30.00000000
v 26.99434280 36.00000000 30.00000000
v 26.91138649 36.00000000 31.00000000
v 27.00000000 35.16485214 32.00000000
v 26.94666672 36.00000000 32.00000000
v 26.88186455 36.00000000 33.00000000
v 26.89989662 36.00000000 34.00000000
v 26.93147087 36.00000000 35.00000000
v 26.93730545 36.00000000 36.00000000
v 27.00000000 35.04286957 37.00000000
v 26.92916489 36.00000000 37.00000000
v 26.90609741 36.00000000 38.00000000
v 26.91426849 36.00000000 39.00000000
v 26.57589722 36.00000000 40.00000000
v 26.93878174 37.00000000 8.00000000
v 27.00000000 37.00000000 8.03332520
v 27.00000000 36.51570129 9.00000000
v 26.88257599 37.00000000 10.00000000
v 27.00000000 37.00000000 9.44643784
v 27.00000000 37.00000000 10.88632488
v 27.00000000 36.91525269 11.00000000
v 26.91206932 37.00000000 12.00000000
v 27.00000000 37.00000000 11.14478302
v 26.96305275 37.00000000 13.00000000
v 27.00000000 36.28491974 14.00000000
v 26.90975189 37.00000000 14.00000000
v 27.00000000 36.89043808 15.00000000
v 27.00000000 37.00000000 14.88827705
v 27.00000000 36.93980789 16.00000000
v 26.95005798 37.00000000 17.00000000
v 27.00000000 37.00000000 16.10532379
v 26.86273384 37.00000000 18.00000000
v 26.93316078 37.00000000 19.00000000
v 26.96041489 37.00000000 20.00000000
v 26.92217636 37.00000000 21.00000000
v 27.00000000 36.07061005 22.00000000
v 26.89307785 37.00000000 22.00000000
v 26.99727440 37.00000000 23.00000000
v 26.95186615 37.00000000 24.00000000
v 27.00000000 37.00000000 24.84523392
v 27.00000000 36.91042328 25.00000000
v 26.89708710 37.00000000 26.00000000
v 27.00000000 37.00000000 25.07610703
v 26.96375465 37.00000000 27.00000000
v 26.96391678 37.00000000 28.00000000
v 26.97038651 37.00000000 29.00000000
v 26.90217972 37.00000000 30.00000000
v 26.97779274 37.00000000 31.00000000
v 26.99674034 37.00000000 32.00000000
v 27.00000000 37.00000000 32.42388916
v 27.00000000 36.96673203 33.00000000
v 26.90370369 37.00000000 34.00000000
v 27.00000000 37.00000000 33.03934479
v 27.00000000 37.00000000 34.75957489
v 27.00000000 36.67043686 35.00000000
v 27.00000000 36.66799545 36.00000000
v 26.87000656 37.00000000 37.00000000
v 27.00000000 37.00000000 36.15901566
v 26.94296837 37.00000000 38.00000000
v 27.00000000 37.00000000 38.81242752
v 27.00000000 36.84264755 39.00000000
v 26.55654907 37.00000000 40.00000000
v 27.00000000 37.00000000 39.09967422
v 26.05200577 38.00000000 8.00000000
v 27.00000000 37.37871170 9.00000000
v 26.86010551 38.00000000 9.00000000
v 26.89666176 38.00000000 10.00000000
v 27.00000000 37.16777039 11.00000000
v 26.92775726 38.00000000 11.00000000
v 26.97136688 38.00000000 12.00000000
v 26.87326431 38.00000000 13.00000000
v 26.94827271 38.00000000 14.00000000
v 27.00000000 37.32764053 15.00000000
v 26.97795486 38.00000000 15.00000000
v 27.00000000 37.10235596 16.00000000
v 26.95001602 38.00000000 16.00000000
v 26.88041306 38.00000000 17.00000000
v 26.85498619 38.00000000 18.00000000
v 26.94079018 38.00000000 19.00000000
v 26.93707085 38.00000000 20.00000000
v 26.92497253 38.00000000 21.00000000
v 26.91088676 38.00000000 22.00000000
v 26.94190979 38.00000000 23.00000000
v 26.94065285 38.00000000 24.00000000
v 27.00000000 37.20914459 25.00000000
v 26.96398354 38.00000000 25.00000000
v 26.91469574 38.00000000 26.00000000
v 26.98521996 38.00000000 27.00000000
v 26.94590187 38.00000000 28.00000000
v 26.95327759 38.00000000 29.00000000
v 26.90688896 38.00000000 30.00000000
v 26.93027687 38.00000000 31.00000000
v 26.91510391 38.00000000 32.00000000
v 27.00000000 37.09670639 33.00000000
v 26.95783997 38.00000000 33.00000000
v 26.89811897 38.00000000 34.00000000
v 27.00000000 37.18674850 35.00000000
v 26.85730553 38.00000000 35.00000000
v 27.00000000 37.23081207 36.00000000
v 26.91115952 38.00000000 36.00000000
v 26.95387077 38.00000000 37.00000000
v 26.91887283 38.00000000 38.00000000
v 27.00000000 37.36946487 39.00000000
v 26.97220039 38.00000000 39.00000000
v 26.50443649 38.00000000 40.00000000
v 26.44775963 39.00000000 8.00000000
v 27.00000000 39.00000000 8.75082016
v 27.00000000 38.87714386 9.00000000
v 26.88748550 39.00000000 10.00000000
v 27.00000000 39.00000000 9.12494278
v 26.96604729 39.00000000 11.00000000
v 26.92625809 39.00000000 12.00000000
v 26.90233612 39.00000000 13.00000000
v 26.89028549 39.00000000 14.00000000
v 26.95894623 39.00000000 15.00000000
v 26.99188995 39.00000000 16.00000000
v 26.92875099 39.00000000 17.00000000
v 26.87345886 39.00000000 18.00000000
v 26.96603966 39.00000000 19.00000000
v 26.99510002 39.00000000 20.00000000
v 26.99864960 39.00000000 21.00000000
v 26.95175171 39.00000000 22.00000000
v 26.95990372 39.00000000 23.00000000
v 26.97514534 39.00000000 24.00000000
v 26.99173164 39.00000000 25.00000000
v 26.95013428 39.00000000 26.00000000
v 26.99476051 39.00000000 27.00000000
v 26.95956612 39.00000000 28.00000000
v 26.94706345 39.00000000 29.00000000
v 26.90569878 39.00000000 30.00000000
v 26.93729210 39.00000000 31.00000000
v 26.93298340 39.00000000 32.00000000
v 26.95241165 39.00000000 33.00000000
v 26.90246582 39.00000000 34.00000000
v 26.90866661 39.00000000 35.00000000
v 26.92810440 39.00000000 36.00000000
v 26.91062737 39.00000000 37.00000000
v 26.88880348 39.00000000 38.00000000
v 27.00000000 39.00000000 38.90620422
v 27.00000000 38.66059113 39.00000000
v 26.74704933 39.00000000 40.00000000
v 27.00000000 39.00000000 39.17980194
v 27.00000000 39.71760178 8.00000000
v 27.00000000 40.00000000 7.96780872
v 27.00000000 40.00000000 8.42690468
v 26.96502113 40.00000000 9.00000000
v 27.00000000 39.38582611 9.00000000
v 26.89529037 40.00000000 10.00000000
v 27.00000000 40.00000000 10.84984970
v 27.00000000 39.60680008 11.00000000
v 27.00000000 39.75083542 12.00000000
v 26.94093323 40.00000000 13.00000000
v 27.00000000 40.00000000 12.31145859
v 26.95487976 40.00000000 14.00000000
v 27.00000000 40.00000000 14.26751614
v 27.00000000 39.28885651 15.00000000
v 27.00000000 39.08002853 16.00000000
v 26.98028946 40.00000000 17.00000000
v 27.00000000 40.00000000 16.85134125
v 26.99721146 40.00000000 18.00000000
v 27.00000000 40.00000000 18.03605080
v 27.00000000 39.35094833 19.00000000
v 27.00000000 39.08573532 20.00000000
v 27.00000000 39.02989960 21.00000000
v 27.00000000 39.53171921 22.00000000
v 27.00000000 39.76835632 23.00000000
v 27.00000000 39.62749100 24.00000000
v 26.98176384 40.00000000 25.00000000
v 27.00000000 40.00000000 24.48029327
v 27.00000000 40.00000000 25.76572609
v 27.00000000 39.91109467 26.00000000
v 27.00000000 39.16760635 27.00000000
v 27.00000000 39.42143250 28.00000000
v 26.95868683 40.00000000 29.00000000
v 27.00000000 40.00000000 28.58626938
v 27.00000000 40.00000000 29.94476891
v 27.00000000 39.97772217 30.00000000
v 26.95231438 40.00000000 31.00000000
v 27.00000000 40.00000000 30.05453491
v 26.95723724 40.00000000 32.00000000
v 27.00000000 40.00000000 32.83744431
v 27.00000000 39.89365387 33.00000000
v 26.94111252 40.00000000 34.00000000
v 27.00000000 40.00000000 33.10040665
v 26.97305298 40.00000000 35.00000000
v 27.00000000 40.00000000 35.48123932
v 27.00000000 39.75620651 36.00000000
v 26.97509575 40.00000000 37.00000000
v 27.00000000 40.00000000 36.54197693
v 26.96196365 40.00000000 38.00000000
v 27.00000000 40.00000000 38.37483978
v 26.58847046 40.00000000 40.00000000
v 27.00000000 40.00000000 39.32484436
v 27.00000000 40.07779694 8.00000000
v 26.96034241 41.00000000 9.00000000
v 26.63285065 41.00000000 10.00000000
v 27.00000000 40.14514160 11.00000000
v 26.68663406 41.00000000 11.00000000
v 27.00000000 40.17398071 12.00000000
v 26.63442802 41.00000000 12.00000000
v 26.74497795 41.00000000 13.00000000
v 26.64156342 41.00000000 14.00000000
v 27.00000000 40.80471802 15.00000000
v 26.93117142 41.00000000 15.00000000
v 27.00000000 40.74679947 16.00000000
v 26.89433289 41.00000000 16.00000000
v 27.00000000 40.43166351 17.00000000
v 27.00000000 41.00000000 16.59591675
v 26.88961792 41.00000000 18.00000000
v 27.00000000 41.00000000 17.37765312
v 27.00000000 40.59318161 19.00000000
v 26.87867355 41.00000000 19.00000000
v 27.00000000 40.42002106 20.00000000
v 26.76721001 41.00000000 20.00000000
v 27.00000000 40.49568558 21.00000000
v 26.87825394 41.00000000 21.00000000
v 27.00000000 40.39619827 22.00000000
v 26.81565475 41.00000000 22.00000000
v 27.00000000 40.13821030 23.00000000
v 26.78741837 41.00000000 23.00000000
v 27.00000000 40.11777115 24.00000000
v 26.69902229 41.00000000 24.00000000
v 26.96419334 41.00000000 25.00000000
v 27.00000000 40.04087830 26.00000000
v 26.68391609 41.00000000 26.00000000
v 27.00000000 40.30914688 27.00000000
v 26.83749771 41.00000000 27.00000000
v 27.00000000 40.32463074 28.00000000
v 26.64262772 41.00000000 28.00000000
v 26.78911209 41.00000000 29.00000000
v 27.00000000 40.02257538 30.00000000
v 26.72983360 41.00000000 30.00000000
v 26.74386978 41.00000000 31.00000000
v 26.66441917 41.00000000 32.00000000
v 27.00000000 41.00000000 32.92878342
v 26.67332268 41.00000000 34.00000000
v 27.00000000 41.00000000 33.07677078
v 26.68293571 41.00000000 35.00000000
v 27.00000000 40.15701675 36.00000000
v 26.61515427 41.00000000 36.00000000
v 26.69858551 41.00000000 37.00000000
v 26.67986107 41.00000000 38.00000000
v 27.00000000 40.35404205 39.00000000
v 26.78060722 41.00000000 39.00000000
v 27.00000000 41.03764725 17.00000000
v 27.00000000 41.01929092 33.00000000
v 27.08547783 7.00000000 9.00000000
v 27.00037193 7.00000000 12.00000000
v 27.08016205 7.00000000 17.00000000
v 27.00213432 7.00000000 18.00000000
v 27.12497520 7.00000000 25.00000000
v 27.07189751 7.00000000 26.00000000
v 27.01640511 7.00000000 27.00000000
v 27.04774094 7.00000000 28.00000000
v 27.02791023 7.00000000 30.00000000
v 27.02204514 7.00000000 31.00000000
v 27.04187012 7.00000000 32.00000000
v 27.01247215 7.00000000 37.00000000
v 27.08578300 7.00000000 39.00000000
v 27.00431442 8.00000000 9.00000000
v 27.02097511 9.00000000 9.00000000
v 27.00347710 9.00000000 11.00000000
v 27.01832008 9.00000000 38.00000000
v 27.06253052 9.00000000 39.00000000
v 27.14395523 10.00000000 9.00000000
v 27.06031418 10.00000000 11.00000000
v 27.09122276 10.00000000 13.00000000
v 27.02226448 10.00000000 29.00000000
v 27.06664085 11.00000000 9.00000000
v 27.01162720 11.00000000 22.00000000
v 27.05056381 11.00000000 29.00000000
v 27.02064514 12.00000000 22.00000000
v 27.01556778 13.00000000 15.00000000
v 27.03850365 13.00000000 21.00000000
v 27.07839012 13.00000000 22.00000000
v 27.02039719 13.00000000 39.00000000
v 27.03735733 14.00000000 14.00000000
v 27.03467941 14.00000000 15.00000000
v 27.01500130 14.00000000 21.00000000
v 27.06664467 14.00000000 22.00000000
v 27.02480316 14.00000000 30.00000000
v 27.01355171 14.00000000 39.00000000
v 27.04007912 15.00000000 30.00000000
v 27.00226593 15.00000000 36.00000000
v 27.01532364 15.00000000 39.00000000
v 27.05282784 16.00000000 39.00000000
v 27.03467178 17.00000000 18.00000000
v 27.00588417 17.00000000 19.00000000
v 27.03768921 17.00000000 20.00000000
v 27.00501442 17.00000000 40.00000000
v 27.04389763 18.00000000 13.00000000
v 27.00244522 18.00000000 17.00000000
v 27.03196716 18.00000000 18.00000000
v 27.02676201 18.00000000 26.00000000
v 27.06397629 19.00000000 40.00000000
v 27.04957962 20.00000000 25.00000000
v 27.02188492 20.00000000 26.00000000
v 27.03309631 21.00000000 35.00000000
v 27.03303337 22.00000000 40.00000000
v 27.03031158 23.00000000 32.00000000
v 27.01353073 23.00000000 35.00000000
v 27.02895355 23.00000000 36.00000000
v 27.04209900 23.00000000 40.00000000
v 27.00198936 24.00000000 35.00000000
v 27.02234840 25.00000000 35.00000000
v 27.11935234 25.00000000 40.00000000
v 27.08385658 26.00000000 13.00000000
v 27.05654144 26.00000000 14.00000000
v 27.00668526 26.00000000 15.00000000
v 27.07084274 26.00000000 20.00000000
v 27.01516342 26.00000000 40.00000000
v 27.01632881 27.00000000 20.00000000
v 27.02732086 27.00000000 21.00000000
v 27.00121689 27.00000000 30.00000000
v 27.00385857 27.00000000 36.00000000
v 27.04982185 28.00000000 25.00000000
v 27.00849152 28.00000000 26.00000000
v 27.02164078 29.00000000 29.00000000
v 27.03492165 29.00000000 36.00000000
v 27.05004311 30.00000000 32.00000000
v 27.09911728 30.00000000 33.00000000
v 27.14564133 30.00000000 39.00000000
v 27.03287697 31.00000000 39.00000000
v 27.01121902 32.00000000 21.00000000
v 27.00828934 33.00000000 25.00000000
v 27.09858322 33.00000000 39.00000000
v 27.00222015 34.00000000 21.00000000
v 27.02587318 34.00000000 22.00000000
v 27.00442123 35.00000000 17.00000000
v 27.02221870 35.00000000 20.00000000
v 27.05124283 35.00000000 22.00000000
v 27.01815987 35.00000000 25.00000000
v 27.03194427 35.00000000 30.00000000
v 27.01223946 35.00000000 32.00000000
v 27.00548744 35.00000000 37.00000000
v 27.03923035 36.00000000 14.00000000
v 27.01195145 36.00000000 22.00000000
v 27.10090256 37.00000000 9.00000000
v 27.02005196 37.00000000 11.00000000
v 27.01257133 37.00000000 15.00000000
v 27.00838280 37.00000000 16.00000000
v 27.01124001 37.00000000 25.00000000
v 27.00532913 37.00000000 33.00000000
v 27.04541016 37.00000000 35.00000000
v 27.03295517 37.00000000 36.00000000
v 27.01803207 37.00000000 39.00000000
v 27.02339554 39.00000000 9.00000000
v 27.01589966 39.00000000 39.00000000
v 27.03184700 40.00000000 8.00000000
v 27.02417374 40.00000000 11.00000000
v 27.03340340 40.00000000 12.00000000
v 27.12076187 40.00000000 15.00000000
v 27.11250687 40.00000000 16.00000000
v 27.07237816 40.00000000 19.00000000
v 27.06824875 40.00000000 20.00000000
v 27.05506706 40.00000000 21.00000000
v 27.05850792 40.00000000 22.00000000
v 27.01551056 40.00000000 23.00000000
v 27.01962662 40.00000000 24.00000000
v 27.00635338 40.00000000 26.00000000
v 27.03229332 40.00000000 27.00000000
v 27.07021713 40.00000000 28.00000000
v 27.00293159 40.00000000 30.00000000
v 27.00755692 40.00000000 33.00000000
v 27.03412437 40.00000000 36.00000000
v 27.06034851 40.00000000 39.00000000
v 27.02451324 41.00000000 17.00000000
v 27.01263618 41.00000000 33.00000000
f 3 2 1
f 4 1 2
f 5 3 1
f 5 1 4
f 8 7 6
f 9 6 7
f 10 8 6
f 10 6 9
f 13 12 11
f 14 11 12
f 15 13 11
f 15 11 14
f 18 17 16
f 19 16 17
f 20 18 16
f 20 16 19
f 23 22 21
f 24 21 22
f 25 23 21
f 25 21 24
f 28 27 26
f 29 26 27
f 28 26 30
f 28 30 31
f 26 29 32
f 26 32 30
f 33 31 30
f 36 35 34
f 32 33 30
f 37 35 36
f 40 39 38
f 34 35 41
f 39 42 38
f 41 35 37
f 43 40 38
f 43 38 42
f 46 45 44
f 47 44 45
f 48 46 44
f 51 50 49
f 47 48 44
f 52 50 51
f 55 54 53
f 49 50 56
f 54 57 53
f 56 50 52
f 55 53 58
f 55 58 59
f 53 57 60
f 53 60 58
f 59 58 61
f 59 61 62
f 58 60 63
f 58 63 61
f 64 62 61
f 64 61 63
f 67 66 65
f 68 65 66
f 69 67 65
f 69 65 68
f 72 71 70
f 73 70 71
f 74 72 70
f 74 70 73
f 77 76 75
f 78 75 76
f 79 77 75
f 79 75 78
f 82 81 80
f 83 80 81
f 84 82 80
f 84 80 83
f 87 86 85
f 88 85 86
f 89 87 85
f 89 85 88
f 92 91 90
f 93 90 91
f 96 95 94
f 97 94 95
f 100 99 98
f 101 98 99
f 104 103 102
f 105 102 103
f 106 92 90
f 106 90 93
f 107 96 94
f 107 94 97
f 108 100 98
f 108 98 101
f 109 104 102
f 109 102 105
f 112 111 110
f 114 113 110
f 114 110 111
f 113 114 115
f 116 113 115
f 117 113 116
f 116 119 118
f 120 116 118
f 117 116 120
f 122 121 120
f 122 120 118
f 124 123 121
f 124 121 122
f 126 125 123
f 126 123 124
f 125 126 127
f 125 127 128
f 3 125 128
f 2 3 128
f 130 129 4
f 130 4 2
f 131 130 2
f 128 131 2
f 133 132 129
f 133 129 130
f 135 134 132
f 135 132 133
f 134 135 136
f 137 134 136
f 138 134 137
f 137 140 139
f 141 137 139
f 138 137 141
f 143 142 141
f 143 141 139
f 145 144 142
f 145 142 143
f 144 145 146
f 147 144 146
f 148 144 147
f 147 150 149
f 151 147 149
f 148 147 151
f 153 152 151
f 153 151 149
f 155 154 152
f 155 152 153
f 154 155 156
f 157 154 156
f 158 154 157
f 157 160 159
f 161 157 159
f 158 157 161
f 163 162 161
f 163 161 159
f 165 164 162
f 165 162 163
f 164 165 166
f 167 164 166
f 168 164 167
f 167 170 169
f 171 167 169
f 168 167 171
f 173 172 171
f 173 171 169
f 175 174 172
f 175 172 173
f 174 175 176
f 177 174 176
f 178 174 177
f 177 180 179
f 181 177 179
f 178 177 181
f 183 182 181
f 183 181 179
f 182 183 184
f 185 182 184
f 186 182 185
f 188 185 187
f 186 185 188
f 190 187 189
f 188 187 190
f 189 192 191
f 193 189 191
f 190 189 193
f 195 194 193
f 195 193 191
f 194 195 196
f 197 194 196
f 198 194 197
f 197 200 199
f 201 197 199
f 198 197 201
f 201 199 202
f 203 201 202
f 204 201 203
f 206 203 205
f 204 203 206
f 208 205 207
f 206 205 208
f 210 207 209
f 208 207 210
f 209 212 211
f 213 209 211
f 210 209 213
f 213 211 214
f 215 213 214
f 216 213 215
f 215 218 217
f 219 215 217
f 216 215 219
f 220 219 217
f 221 112 110
f 223 222 221
f 110 223 221
f 113 223 110
f 224 113 117
f 223 113 224
f 225 117 120
f 224 117 225
f 226 120 121
f 225 120 226
f 227 121 123
f 226 121 227
f 228 123 125
f 227 123 228
f 5 229 3
f 229 125 3
f 229 228 125
f 4 129 5
f 129 229 5
f 129 230 229
f 231 129 132
f 230 129 231
f 232 132 134
f 231 132 232
f 233 134 138
f 232 134 233
f 234 138 141
f 233 138 234
f 235 141 142
f 234 141 235
f 236 142 144
f 235 142 236
f 237 144 148
f 236 144 237
f 238 148 151
f 237 148 238
f 239 151 152
f 238 151 239
f 240 152 154
f 239 152 240
f 241 154 158
f 240 154 241
f 242 158 161
f 241 158 242
f 243 161 162
f 242 161 243
f 244 162 164
f 243 162 244
f 245 164 168
f 244 164 245
f 246 168 171
f 245 168 246
f 247 171 172
f 246 171 247
f 248 172 174
f 247 172 248
f 249 174 178
f 248 174 249
f 250 178 181
f 249 178 250
f 251 181 182
f 250 181 251
f 252 182 186
f 251 182 252
f 253 186 188
f 252 186 253
f 254 188 190
f 253 188 254
f 255 190 193
f 254 190 255
f 256 193 194
f 255 193 256
f 257 194 198
f 256 194 257
f 258 198 201
f 257 198 258
f 259 201 204
f 258 201 259
f 260 204 206
f 259 204 260
f 261 206 208
f 260 206 261
f 262 208 210
f 261 208 262
f 263 210 213
f 262 210 263
f 264 213 216
f 263 213 264
f 265 216 219
f 264 216 265
f 219 220 266
f 219 266 265
f 222 223 267
f 222 267 268
f 269 223 224
f 267 223 269
f 270 224 225
f 269 224 270
f 271 225 226
f 270 225 271
f 272 226 227
f 271 226 272
f 273 227 228
f 272 227 273
f 274 228 229
f 273 228 274
f 275 229 230
f 274 229 275
f 276 230 231
f 275 230 276
f 277 231 232
f 276 231 277
f 278 232 233
f 277 232 278
f 279 233 234
f 278 233 279
f 280 234 235
f 279 234 280
f 281 235 236
f 280 235 281
f 282 236 237
f 281 236 282
f 283 237 238
f 282 237 283
f 284 238 239
f 283 238 284
f 285 239 240
f 284 239 285
f 286 240 241
f 285 240 286
f 287 241 242
f 286 241 287
f 288 242 243
f 287 242 288
f 289 243 244
f 288 243 289
f 290 244 245
f 289 244 290
f 291 245 246
f 290 245 291
f 292 246 247
f 291 246 292
f 293 247 248
f 292 247 293
f 294 248 249
f 293 248 294
f 295 249 250
f 294 249 295
f 296 250 251
f 295 250 296
f 297 251 252
f 296 251 297
f 298 252 253
f 297 252 298
f 299 253 254
f 298 253 299
f 300 254 255
f 299 254 300
f 301 255 256
f 300 255 301
f 302 256 257
f 301 256 302
f 303 257 258
f 302 257 303
f 304 258 259
f 303 258 304
f 305 259 260
f 304 259 305
f 306 260 261
f 305 260 306
f 307 261 262
f 306 261 307
f 308 262 263
f 307 262 308
f 309 263 264
f 308 263 309
f 310 264 265
f 309 264 310
f 265 266 311
f 265 311 310
f 314 313 312
f 312 313 268
f 267 312 268
f 315 312 267
f 316 267 269
f 315 267 316
f 317 269 270
f 316 269 317
f 318 270 271
f 317 270 318
f 319 271 272
f 318 271 319
f 320 272 273
f 319 272 320
f 321 273 274
f 320 273 321
f 322 274 275
f 321 274 322
f 323 275 276
f 322 275 323
f 324 276 277
f 323 276 324
f 325 277 278
f 324 277 325
f 326 278 279
f 325 278 326
f 327 279 280
f 326 279 327
f 328 280 281
f 327 280 328
f 329 281 282
f 328 281 329
f 330 282 283
f 329 282 330
f 331 283 284
f 330 283 331
f 332 284 285
f 331 284 332
f 333 285 286
f 332 285 333
f 334 286 287
f 333 286 334
f 335 287 288
f 334 287 335
f 336 288 289
f 335 288 336
f 337 289 290
f 336 289 337
f 338 290 291
f 337 290 338
f 339 291 292
f 338 291 339
f 340 292 293
f 339 292 340
f 341 293 294
f 340 293 341
f 342 294 295
f 341 294 342
f 343 295 296
f 342 295 343
f 344 296 297
f 343 296 344
f 345 297 298
f 344 297 345
f 346 298 299
f 345 298 346
f 347 299 300
f 346 299 347
f 348 300 301
f 347 300 348
f 349 301 302
f 348 301 349
f 350 302 303
f 349 302 350
f 351 303 304
f 350 303 351
f 352 304 305
f 351 304 352
f 353 305 306
f 352 305 353
f 354 306 307
f 353 306 354
f 355 307 308
f 354 307 355
f 356 308 309
f 355 308 356
f 357 309 310
f 356 309 357
f 310 311 358
f 310 358 357
f 314 312 359
f 314 359 360
f 361 312 315
f 359 312 361
f 362 315 316
f 361 315 362
f 363 316 317
f 362 316 363
f 364 317 318
f 363 317 364
f 365 318 319
f 364 318 365
f 366 319 320
f 365 319 366
f 367 320 321
f 366 320 367
f 368 321 322
f 367 321 368
f 369 322 323
f 368 322 369
f 370 323 324
f 369 323 370
f 371 324 325
f 370 324 371
f 372 325 326
f 371 325 372
f 373 326 327
f 372 326 373
f 374 327 328
f 373 327 374
f 375 328 329
f 374 328 375
f 376 329 330
f 375 329 376
f 377 330 331
f 376 330 377
f 378 331 332
f 377 331 378
f 379 332 333
f 378 332 379
f 380 333 334
f 379 333 380
f 381 334 335
f 380 334 381
f 382 335 336
f 381 335 382
f 383 336 337
f 382 336 383
f 384 337 338
f 383 337 384
f 385 338 339
f 384 338 385
f 386 339 340
f 385 339 386
f 387 340 341
f 386 340 387
f 388 341 342
f 387 341 388
f 389 342 343
f 388 342 389
f 390 343 344
f 389 343 390
f 391 344 345
f 390 344 391
f 392 345 346
f 391 345 392
f 393 346 347
f 392 346 393
f 394 347 348
f 393 347 394
f 395 348 349
f 394 348 395
f 396 349 350
f 395 349 396
f 397 350 351
f 396 350 397
f 398 351 352
f 397 351 398
f 399 352 353
f 398 352 399
f 400 353 354
f 399 353 400
f 401 354 355
f 400 354 401
f 402 355 356
f 401 355 402
f 357 404 403
f 402 357 403
f 356 357 402
f 404 357 358
f 405 360 359
f 8 406 7
f 406 359 7
f 359 361 7
f 406 405 359
f 7 361 9
f 361 407 9
f 361 362 407
f 408 362 363
f 407 362 408
f 409 363 364
f 408 363 409
f 410 364 365
f 409 364 410
f 411 365 366
f 410 365 411
f 412 366 367
f 411 366 412
f 413 367 368
f 412 367 413
f 414 368 369
f 413 368 414
f 415 369 370
f 414 369 415
f 416 370 371
f 415 370 416
f 417 371 372
f 416 371 417
f 418 372 373
f 417 372 418
f 419 373 374
f 418 373 419
f 420 374 375
f 419 374 420
f 421 375 376
f 420 375 421
f 422 376 377
f 421 376 422
f 423 377 378
f 422 377 423
f 424 378 379
f 423 378 424
f 425 379 380
f 424 379 425
f 426 380 381
f 425 380 426
f 427 381 382
f 426 381 427
f 428 382 383
f 427 382 428
f 429 383 384
f 428 383 429
f 430 384 385
f 429 384 430
f 431 385 386
f 430 385 431
f 432 386 387
f 431 386 432
f 433 387 388
f 432 387 433
f 434 388 389
f 433 388 434
f 435 389 390
f 434 389 435
f 436 390 391
f 435 390 436
f 437 391 392
f 436 391 437
f 438 392 393
f 437 392 438
f 439 393 394
f 438 393 439
f 440 394 395
f 439 394 440
f 441 395 396
f 440 395 441
f 442 396 397
f 441 396 442
f 443 397 398
f 442 397 443
f 444 398 399
f 443 398 444
f 445 399 400
f 444 399 445
f 446 400 401
f 445 400 446
f 447 401 402
f 446 401 447
f 402 403 448
f 402 448 447
f 451 450 449
f 452 449 10
f 449 406 10
f 406 8 10
f 406 449 450
f 9 407 10
f 407 452 10
f 407 453 452
f 454 407 408
f 453 407 454
f 455 408 409
f 454 408 455
f 456 409 410
f 455 409 456
f 457 410 411
f 456 410 457
f 458 411 412
f 457 411 458
f 459 412 413
f 458 412 459
f 460 413 414
f 459 413 460
f 461 414 415
f 460 414 461
f 462 415 416
f 461 415 462
f 463 416 417
f 462 416 463
f 464 417 418
f 463 417 464
f 465 418 419
f 464 418 465
f 466 419 420
f 465 419 466
f 467 420 421
f 466 420 467
f 468 421 422
f 467 421 468
f 469 422 423
f 468 422 469
f 470 423 424
f 469 423 470
f 471 424 425
f 470 424 471
f 472 425 426
f 471 425 472
f 473 426 427
f 472 426 473
f 474 427 428
f 473 427 474
f 475 428 429
f 474 428 475
f 476 429 430
f 475 429 476
f 477 430 431
f 476 430 477
f 478 431 432
f 477 431 478
f 479 432 433
f 478 432 479
f 480 433 434
f 479 433 480
f 481 434 435
f 480 434 481
f 482 435 436
f 481 435 482
f 483 436 437
f 482 436 483
f 484 437 438
f 483 437 484
f 485 438 439
f 484 438 485
f 486 439 440
f 485 439 486
f 487 440 441
f 486 440 487
f 488 441 442
f 487 441 488
f 489 442 443
f 488 442 489
f 490 443 444
f 489 443 490
f 491 444 445
f 490 444 491
f 492 445 446
f 491 445 492
f 493 446 447
f 492 446 493
f 447 448 494
f 447 494 493
f 495 451 449
f 497 496 495
f 449 497 495
f 452 497 449
f 498 452 453
f 497 452 498
f 499 453 454
f 498 453 499
f 500 454 455
f 499 454 500
f 501 455 456
f 500 455 501
f 502 456 457
f 501 456 502
f 503 457 458
f 502 457 503
f 504 458 459
f 503 458 504
f 505 459 460
f 504 459 505
f 506 460 461
f 505 460 506
f 507 461 462
f 506 461 507
f 508 462 463
f 507 462 508
f 509 463 464
f 508 463 509
f 510 464 465
f 509 464 510
f 511 465 466
f 510 465 511
f 512 466 467
f 511 466 512
f 513 467 468
f 512 467 513
f 514 468 469
f 513 468 514
f 515 469 470
f 514 469 515
f 516 470 471
f 515 470 516
f 517 471 472
f 516 471 517
f 518 472 473
f 517 472 518
f 519 473 474
f 518 473 519
f 520 474 475
f 519 474 520
f 521 475 476
f 520 475 521
f 522 476 477
f 521 476 522
f 523 477 478
f 522 477 523
f 524 478 479
f 523 478 524
f 525 479 480
f 524 479 525
f 526 480 481
f 525 480 526
f 527 481 482
f 526 481 527
f 528 482 483
f 527 482 528
f 529 483 484
f 528 483 529
f 530 484 485
f 529 484 530
f 531 485 486
f 530 485 531
f 532 486 487
f 531 486 532
f 533 487 488
f 532 487 533
f 534 488 489
f 533 488 534
f 535 489 490
f 534 489 535
f 536 490 491
f 535 490 536
f 537 491 492
f 536 491 537
f 538 492 493
f 537 492 538
f 493 494 539
f 540 493 539
f 538 493 540
f 541 540 539
f 544 543 542
f 542 543 496
f 497 542 496
f 545 542 497
f 546 497 498
f 545 497 546
f 547 498 499
f 546 498 547
f 548 499 500
f 547 499 548
f 549 500 501
f 548 500 549
f 550 501 502
f 549 501 550
f 551 502 503
f 550 502 551
f 552 503 504
f 551 503 552
f 553 504 505
f 552 504 553
f 554 505 506
f 553 505 554
f 555 506 507
f 554 506 555
f 556 507 508
f 555 507 556
f 557 508 509
f 556 508 557
f 558 509 510
f 557 509 558
f 559 510 511
f 558 510 559
f 560 511 512
f 559 511 560
f 561 512 513
f 560 512 561
f 562 513 514
f 561 513 562
f 563 514 515
f 562 514 563
f 564 515 516
f 563 515 564
f 565 516 517
f 564 516 565
f 566 517 518
f 565 517 566
f 567 518 519
f 566 518 567
f 568 519 520
f 567 519 568
f 569 520 521
f 568 520 569
f 570 521 522
f 569 521 570
f 571 522 523
f 570 522 571
f 572 523 524
f 571 523 572
f 573 524 525
f 572 524 573
f 574 525 526
f 573 525 574
f 575 526 527
f 574 526 575
f 576 527 528
f 575 527 576
f 577 528 529
f 576 528 577
f 578 529 530
f 577 529 578
f 579 530 531
f 578 530 579
f 580 531 532
f 579 531 580
f 581 532 533
f 580 532 581
f 582 533 534
f 581 533 582
f 583 534 535
f 582 534 583
f 584 535 536
f 583 535 584
f 585 536 537
f 584 536 585
f 586 537 538
f 585 537 586
f 540 588 587
f 586 540 587
f 538 540 586
f 588 540 541
f 544 542 589
f 544 589 590
f 591 542 545
f 589 542 591
f 592 545 546
f 591 545 592
f 593 546 547
f 592 546 593
f 594 547 548
f 593 547 594
f 595 548 549
f 594 548 595
f 596 549 550
f 595 549 596
f 597 550 551
f 596 550 597
f 598 551 552
f 597 551 598
f 599 552 553
f 598 552 599
f 600 553 554
f 599 553 600
f 601 554 555
f 600 554 601
f 602 555 556
f 601 555 602
f 603 556 557
f 602 556 603
f 604 557 558
f 603 557 604
f 605 558 559
f 604 558 605
f 606 559 560
f 605 559 606
f 607 560 561
f 606 560 607
f 608 561 562
f 607 561 608
f 609 562 563
f 608 562 609
f 610 563 564
f 609 563 610
f 611 564 565
f 610 564 611
f 612 565 566
f 611 565 612
f 613 566 567
f 612 566 613
f 614 567 568
f 613 567 614
f 615 568 569
f 614 568 615
f 616 569 570
f 615 569 616
f 617 570 571
f 616 570 617
f 618 571 572
f 617 571 618
f 619 572 573
f 618 572 619
f 620 573 574
f 619 573 620
f 621 574 575
f 620 574 621
f 622 575 576
f 621 575 622
f 623 576 577
f 622 576 623
f 624 577 578
f 623 577 624
f 625 578 579
f 624 578 625
f 626 579 580
f 625 579 626
f 627 580 581
f 626 580 627
f 628 581 582
f 627 581 628
f 629 582 583
f 628 582 629
f 630 583 584
f 629 583 630
f 631 584 585
f 630 584 631
f 632 585 586
f 631 585 632
f 586 587 633
f 586 633 632
f 590 589 634
f 590 634 635
f 13 634 12
f 634 591 12
f 634 589 591
f 12 591 14
f 591 636 14
f 591 592 636
f 637 592 593
f 636 592 637
f 638 593 594
f 637 593 638
f 639 594 595
f 638 594 639
f 640 595 596
f 639 595 640
f 641 596 597
f 640 596 641
f 642 597 598
f 641 597 642
f 643 598 599
f 642 598 643
f 644 599 600
f 643 599 644
f 645 600 601
f 644 600 645
f 646 601 602
f 645 601 646
f 647 602 603
f 646 602 647
f 648 603 604
f 647 603 648
f 649 604 605
f 648 604 649
f 650 605 606
f 649 605 650
f 651 606 607
f 650 606 651
f 652 607 608
f 651 607 652
f 653 608 609
f 652 608 653
f 654 609 610
f 653 609 654
f 655 610 611
f 654 610 655
f 656 611 612
f 655 611 656
f 657 612 613
f 656 612 657
f 658 613 614
f 657 613 658
f 659 614 615
f 658 614 659
f 660 615 616
f 659 615 660
f 661 616 617
f 660 616 661
f 662 617 618
f 661 617 662
f 663 618 619
f 662 618 663
f 664 619 620
f 663 619 664
f 665 620 621
f 664 620 665
f 666 621 622
f 665 621 666
f 667 622 623
f 666 622 667
f 668 623 624
f 667 623 668
f 669 624 625
f 668 624 669
f 670 625 626
f 669 625 670
f 671 626 627
f 670 626 671
f 672 627 628
f 671 627 672
f 673 628 629
f 672 628 673
f 674 629 630
f 673 629 674
f 675 630 631
f 674 630 675
f 676 631 632
f 675 631 676
f 632 633 677
f 678 632 677
f 676 632 678
f 679 678 677
f 680 635 634
f 682 680 681
f 681 680 15
f 680 634 15
f 634 13 15
f 14 636 15
f 636 681 15
f 636 683 681
f 684 636 637
f 683 636 684
f 685 637 638
f 684 637 685
f 686 638 639
f 685 638 686
f 687 639 640
f 686 639 687
f 688 640 641
f 687 640 688
f 689 641 642
f 688 641 689
f 690 642 643
f 689 642 690
f 691 643 644
f 690 643 691
f 692 644 645
f 691 644 692
f 693 645 646
f 692 645 693
f 694 646 647
f 693 646 694
f 695 647 648
f 694 647 695
f 696 648 649
f 695 648 696
f 697 649 650
f 696 649 697
f 698 650 651
f 697 650 698
f 699 651 652
f 698 651 699
f 700 652 653
f 699 652 700
f 701 653 654
f 700 653 701
f 702 654 655
f 701 654 702
f 703 655 656
f 702 655 703
f 704 656 657
f 703 656 704
f 705 657 658
f 704 657 705
f 706 658 659
f 705 658 706
f 707 659 660
f 706 659 707
f 708 660 661
f 707 660 708
f 709 661 662
f 708 661 709
f 710 662 663
f 709 662 710
f 711 663 664
f 710 663 711
f 712 664 665
f 711 664 712
f 713 665 666
f 712 665 713
f 714 666 667
f 713 666 714
f 715 667 668
f 714 667 715
f 716 668 669
f 715 668 716
f 717 669 670
f 716 669 717
f 718 670 671
f 717 670 718
f 719 671 672
f 718 671 719
f 720 672 673
f 719 672 720
f 721 673 674
f 720 673 721
f 722 674 675
f 721 674 722
f 723 675 676
f 722 675 723
f 724 676 678
f 723 676 724
f 678 679 725
f 678 725 724
f 728 727 726
f 726 727 682
f 681 726 682
f 729 726 681
f 730 681 683
f 729 681 730
f 731 683 684
f 730 683 731
f 732 684 685
f 731 684 732
f 733 685 686
f 732 685 733
f 734 686 687
f 733 686 734
f 735 687 688
f 734 687 735
f 736 688 689
f 735 688 736
f 737 689 690
f 736 689 737
f 738 690 691
f 737 690 738
f 739 691 692
f 738 691 739
f 740 692 693
f 739 692 740
f 741 693 694
f 740 693 741
f 742 694 695
f 741 694 742
f 743 695 696
f 742 695 743
f 744 696 697
f 743 696 744
f 745 697 698
f 744 697 745
f 746 698 699
f 745 698 746
f 747 699 700
f 746 699 747
f 748 700 701
f 747 700 748
f 749 701 702
f 748 701 749
f 750 702 703
f 749 702 750
f 751 703 704
f 750 703 751
f 752 704 705
f 751 704 752
f 753 705 706
f 752 705 753
f 754 706 707
f 753 706 754
f 755 707 708
f 754 707 755
f 756 708 709
f 755 708 756
f 757 709 710
f 756 709 757
f 758 710 711
f 757 710 758
f 759 711 712
f 758 711 759
f 760 712 713
f 759 712 760
f 761 713 714
f 760 713 761
f 762 714 715
f 761 714 762
f 763 715 716
f 762 715 763
f 764 716 717
f 763 716 764
f 765 717 718
f 764 717 765
f 766 718 719
f 765 718 766
f 767 719 720
f 766 719 767
f 768 720 721
f 767 720 768
f 769 721 722
f 768 721 769
f 770 722 723
f 769 722 770
f 771 723 724
f 770 723 771
f 724 725 772
f 724 772 771
f 773 728 726
f 18 774 17
f 774 726 17
f 726 729 17
f 774 773 726
f 17 729 19
f 729 775 19
f 729 730 775
f 776 730 731
f 775 730 776
f 777 731 732
f 776 731 777
f 778 732 733
f 777 732 778
f 779 733 734
f 778 733 779
f 780 734 735
f 779 734 780
f 781 735 736
f 780 735 781
f 782 736 737
f 781 736 782
f 783 737 738
f 782 737 783
f 784 738 739
f 783 738 784
f 785 739 740
f 784 739 785
f 786 740 741
f 785 740 786
f 787 741 742
f 786 741 787
f 788 742 743
f 787 742 788
f 789 743 744
f 788 743 789
f 790 744 745
f 789 744 790
f 791 745 746
f 790 745 791
f 792 746 747
f 791 746 792
f 793 747 748
f 792 747 793
f 794 748 749
f 793 748 794
f 795 749 750
f 794 749 795
f 796 750 751
f 795 750 796
f 797 751 752
f 796 751 797
f 798 752 753
f 797 752 798
f 799 753 754
f 798 753 799
f 800 754 755
f 799 754 800
f 801 755 756
f 800 755 801
f 802 756 757
f 801 756 802
f 803 757 758
f 802 757 803
f 804 758 759
f 803 758 804
f 805 759 760
f 804 759 805
f 806 760 761
f 805 760 806
f 807 761 762
f 806 761 807
f 808 762 763
f 807 762 808
f 809 763 764
f 808 763 809
f 810 764 765
f 809 764 810
f 811 765 766
f 810 765 811
f 812 766 767
f 811 766 812
f 813 767 768
f 812 767 813
f 814 768 769
f 813 768 814
f 815 769 770
f 814 769 815
f 816 770 771
f 815 770 816
f 771 772 817
f 771 817 816
f 820 819 818
f 821 818 20
f 818 774 20
f 774 18 20
f 774 818 819
f 19 775 20
f 775 821 20
f 775 822 821
f 823 775 776
f 822 775 823
f 824 776 777
f 823 776 824
f 825 777 778
f 824 777 825
f 826 778 779
f 825 778 826
f 827 779 780
f 826 779 827
f 828 780 781
f 827 780 828
f 829 781 782
f 828 781 829
f 830 782 783
f 829 782 830
f 831 783 784
f 830 783 831
f 832 784 785
f 831 784 832
f 833 785 786
f 832 785 833
f 834 786 787
f 833 786 834
f 835 787 788
f 834 787 835
f 836 788 789
f 835 788 836
f 837 789 790
f 836 789 837
f 838 790 791
f 837 790 838
f 839 791 792
f 838 791 839
f 840 792 793
f 839 792 840
f 841 793 794
f 840 793 841
f 842 794 795
f 841 794 842
f 843 795 796
f 842 795 843
f 844 796 797
f 843 796 844
f 845 797 798
f 844 797 845
f 846 798 799
f 845 798 846
f 847 799 800
f 846 799 847
f 848 800 801
f 847 800 848
f 849 801 802
f 848 801 849
f 850 802 803
f 849 802 850
f 851 803 804
f 850 803 851
f 852 804 805
f 851 804 852
f 853 805 806
f 852 805 853
f 854 806 807
f 853 806 854
f 855 807 808
f 854 807 855
f 856 808 809
f 855 808 856
f 857 809 810
f 856 809 857
f 858 810 811
f 857 810 858
f 859 811 812
f 858 811 859
f 860 812 813
f 859 812 860
f 861 813 814
f 860 813 861
f 862 814 815
f 861 814 862
f 816 864 863
f 862 816 863
f 815 816 862
f 864 816 817
f 820 818 865
f 820 865 866
f 867 818 821
f 865 818 867
f 868 821 822
f 867 821 868
f 869 822 823
f 868 822 869
f 870 823 824
f 869 823 870
f 871 824 825
f 870 824 871
f 872 825 826
f 871 825 872
f 873 826 827
f 872 826 873
f 874 827 828
f 873 827 874
f 875 828 829
f 874 828 875
f 876 829 830
f 875 829 876
f 877 830 831
f 876 830 877
f 878 831 832
f 877 831 878
f 879 832 833
f 878 832 879
f 880 833 834
f 879 833 880
f 881 834 835
f 880 834 881
f 882 835 836
f 881 835 882
f 883 836 837
f 882 836 883
f 884 837 838
f 883 837 884
f 885 838 839
f 884 838 885
f 886 839 840
f 885 839 886
f 887 840 841
f 886 840 887
f 888 841 842
f 887 841 888
f 889 842 843
f 888 842 889
f 890 843 844
f 889 843 890
f 891 844 845
f 890 844 891
f 892 845 846
f 891 845 892
f 893 846 847
f 892 846 893
f 894 847 848
f 893 847 894
f 895 848 849
f 894 848 895
f 896 849 850
f 895 849 896
f 897 850 851
f 896 850 897
f 898 851 852
f 897 851 898
f 899 852 853
f 898 852 899
f 900 853 854
f 899 853 900
f 901 854 855
f 900 854 901
f 902 855 856
f 901 855 902
f 903 856 857
f 902 856 903
f 904 857 858
f 903 857 904
f 905 858 859
f 904 858 905
f 906 859 860
f 905 859 906
f 907 860 861
f 906 860 907
f 908 861 862
f 907 861 908
f 862 863 909
f 862 909 908
f 866 865 910
f 866 910 911
f 23 910 22
f 910 867 22
f 910 865 867
f 22 867 24
f 867 912 24
f 867 868 912
f 913 868 869
f 912 868 913
f 914 869 870
f 913 869 914
f 915 870 871
f 914 870 915
f 916 871 872
f 915 871 916
f 917 872 873
f 916 872 917
f 918 873 874
f 917 873 918
f 919 874 875
f 918 874 919
f 920 875 876
f 919 875 920
f 921 876 877
f 920 876 921
f 922 877 878
f 921 877 922
f 923 878 879
f 922 878 923
f 924 879 880
f 923 879 924
f 925 880 881
f 924 880 925
f 926 881 882
f 925 881 926
f 927 882 883
f 926 882 927
f 928 883 884
f 927 883 928
f 929 884 885
f 928 884 929
f 930 885 886
f 929 885 930
f 931 886 887
f 930 886 931
f 932 887 888
f 931 887 932
f 933 888 889
f 932 888 933
f 934 889 890
f 933 889 934
f 935 890 891
f 934 890 935
f 936 891 892
f 935 891 936
f 937 892 893
f 936 892 937
f 938 893 894
f 937 893 938
f 939 894 895
f 938 894 939
f 940 895 896
f 939 895 940
f 941 896 897
f 940 896 941
f 942 897 898
f 941 897 942
f 943 898 899
f 942 898 943
f 944 899 900
f 943 899 944
f 945 900 901
f 944 900 945
f 946 901 902
f 945 901 946
f 947 902 903
f 946 902 947
f 948 903 904
f 947 903 948
f 949 904 905
f 948 904 949
f 950 905 906
f 949 905 950
f 951 906 907
f 950 906 951
f 952 907 908
f 951 907 952
f 908 909 953
f 954 908 953
f 952 908 954
f 955 954 953
f 911 910 956
f 911 956 957
f 25 958 23
f 958 910 23
f 958 956 910
f 24 912 25
f 912 958 25
f 912 959 958
f 960 912 913
f 959 912 960
f 961 913 914
f 960 913 961
f 962 914 915
f 961 914 962
f 963 915 916
f 962 915 963
f 964 916 917
f 963 916 964
f 965 917 918
f 964 917 965
f 966 918 919
f 965 918 966
f 967 919 920
f 966 919 967
f 968 920 921
f 967 920 968
f 969 921 922
f 968 921 969
f 970 922 923
f 969 922 970
f 971 923 924
f 970 923 971
f 972 924 925
f 971 924 972
f 973 925 926
f 972 925 973
f 974 926 927
f 973 926 974
f 975 927 928
f 974 927 975
f 976 928 929
f 975 928 976
f 977 929 930
f 976 929 977
f 978 930 931
f 977 930 978
f 979 931 932
f 978 931 979
f 980 932 933
f 979 932 980
f 981 933 934
f 980 933 981
f 982 934 935
f 981 934 982
f 983 935 936
f 982 935 983
f 984 936 937
f 983 936 984
f 985 937 938
f 984 937 985
f 986 938 939
f 985 938 986
f 987 939 940
f 986 939 987
f 988 940 941
f 987 940 988
f 989 941 942
f 988 941 989
f 990 942 943
f 989 942 990
f 991 943 944
f 990 943 991
f 992 944 945
f 991 944 992
f 993 945 946
f 992 945 993
f 994 946 947
f 993 946 994
f 995 947 948
f 994 947 995
f 996 948 949
f 995 948 996
f 997 949 950
f 996 949 997
f 998 950 951
f 997 950 998
f 999 951 952
f 998 951 999
f 1000 952 954
f 999 952 1000
f 954 955 1001
f 954 1001 1000
f 957 956 1002
f 957 1002 1003
f 1004 956 958
f 1002 956 1004
f 1005 958 959
f 1004 958 1005
f 1006 959 960
f 1005 959 1006
f 1007 960 961
f 1006 960 1007
f 1008 961 962
f 1007 961 1008
f 1009 962 963
f 1008 962 1009
f 1010 963 964
f 1009 963 1010
f 1011 964 965
f 1010 964 1011
f 1012 965 966
f 1011 965 1012
f 1013 966 967
f 1012 966 1013
f 1014 967 968
f 1013 967 1014
f 1015 968 969
f 1014 968 1015
f 1016 969 970
f 1015 969 1016
f 1017 970 971
f 1016 970 1017
f 1018 971 972
f 1017 971 1018
f 1019 972 973
f 1018 972 1019
f 1020 973 974
f 1019 973 1020
f 1021 974 975
f 1020 974 1021
f 1022 975 976
f 1021 975 1022
f 1023 976 977
f 1022 976 1023
f 1024 977 978
f 1023 977 1024
f 1025 978 979
f 1024 978 1025
f 1026 979 980
f 1025 979 1026
f 1027 980 981
f 1026 980 1027
f 1028 981 982
f 1027 981 1028
f 1029 982 983
f 1028 982 1029
f 1030 983 984
f 1029 983 1030
f 1031 984 985
f 1030 984 1031
f 1032 985 986
f 1031 985 1032
f 1033 986 987
f 1032 986 1033
f 1034 987 988
f 1033 987 1034
f 1035 988 989
f 1034 988 1035
f 1036 989 990
f 1035 989 1036
f 1037 990 991
f 1036 990 1037
f 1038 991 992
f 1037 991 1038
f 1039 992 993
f 1038 992 1039
f 1040 993 994
f 1039 993 1040
f 1041 994 995
f 1040 994 1041
f 1042 995 996
f 1041 995 1042
f 1043 996 997
f 1042 996 1043
f 1044 997 998
f 1043 997 1044
f 1045 998 999
f 1044 998 1045
f 1046 999 1000
f 1045 999 1046
f 1000 1001 1047
f 1000 1047 1046
f 1003 1002 1048
f 1003 1048 1049
f 1050 1002 1004
f 1048 1002 1050
f 1051 1004 1005
f 1050 1004 1051
f 1052 1005 1006
f 1051 1005 1052
f 1053 1006 1007
f 1052 1006 1053
f 1054 1007 1008
f 1053 1007 1054
f 1055 1008 1009
f 1054 1008 1055
f 1056 1009 1010
f 1055 1009 1056
f 1057 1010 1011
f 1056 1010 1057
f 1058 1011 1012
f 1057 1011 1058
f 1059 1012 1013
f 1058 1012 1059
f 1060 1013 1014
f 1059 1013 1060
f 1061 1014 1015
f 1060 1014 1061
f 1062 1015 1016
f 1061 1015 1062
f 1063 1016 1017
f 1062 1016 1063
f 1064 1017 1018
f 1063 1017 1064
f 1065 1018 1019
f 1064 1018 1065
f 1066 1019 1020
f 1065 1019 1066
f 1067 1020 1021
f 1066 1020 1067
f 1068 1021 1022
f 1067 1021 1068
f 1069 1022 1023
f 1068 1022 1069
f 1070 1023 1024
f 1069 1023 1070
f 1071 1024 1025
f 1070 1024 1071
f 1072 1025 1026
f 1071 1025 1072
f 1073 1026 1027
f 1072 1026 1073
f 1074 1027 1028
f 1073 1027 1074
f 1075 1028 1029
f 1074 1028 1075
f 1076 1029 1030
f 1075 1029 1076
f 1077 1030 1031
f 1076 1030 1077
f 1078 1031 1032
f 1077 1031 1078
f 1079 1032 1033
f 1078 1032 1079
f 1080 1033 1034
f 1079 1033 1080
f 1081 1034 1035
f 1080 1034 1081
f 1082 1035 1036
f 1081 1035 1082
f 1083 1036 1037
f 1082 1036 1083
f 1084 1037 1038
f 1083 1037 1084
f 1085 1038 1039
f 1084 1038 1085
f 1086 1039 1040
f 1085 1039 1086
f 1087 1040 1041
f 1086 1040 1087
f 1088 1041 1042
f 1087 1041 1088
f 1089 1042 1043
f 1088 1042 1089
f 1090 1043 1044
f 1089 1043 1090
f 1091 1044 1045
f 1090 1044 1091
f 1046 1093 1092
f 1091 1046 1092
f 1045 1046 1091
f 1093 1046 1047
f 1049 1048 1094
f 1049 1094 1095
f 28 1094 27
f 1094 1050 27
f 1094 1048 1050
f 27 1050 29
f 1050 1096 29
f 1050 1051 1096
f 1097 1051 1052
f 1096 1051 1097
f 1098 1052 1053
f 1097 1052 1098
f 1099 1053 1054
f 1098 1053 1099
f 1100 1054 1055
f 1099 1054 1100
f 1101 1055 1056
f 1100 1055 1101
f 1102 1056 1057
f 1101 1056 1102
f 1103 1057 1058
f 1102 1057 1103
f 1104 1058 1059
f 1103 1058 1104
f 1105 1059 1060
f 1104 1059 1105
f 1106 1060 1061
f 1105 1060 1106
f 1107 1061 1062
f 1106 1061 1107
f 1108 1062 1063
f 1107 1062 1108
f 1109 1063 1064
f 1108 1063 1109
f 1110 1064 1065
f 1109 1064 1110
f 1111 1065 1066
f 1110 1065 1111
f 1112 1066 1067
f 1111 1066 1112
f 1113 1067 1068
f 1112 1067 1113
f 1114 1068 1069
f 1113 1068 1114
f 1115 1069 1070
f 1114 1069 1115
f 1116 1070 1071
f 1115 1070 1116
f 1117 1071 1072
f 1116 1071 1117
f 1118 1072 1073
f 1117 1072 1118
f 1119 1073 1074
f 1118 1073 1119
f 1120 1074 1075
f 1119 1074 1120
f 1121 1075 1076
f 1120 1075 1121
f 1122 1076 1077
f 1121 1076 1122
f 1123 1077 1078
f 1122 1077 1123
f 1124 1078 1079
f 1123 1078 1124
f 1125 1079 1080
f 1124 1079 1125
f 1126 1080 1081
f 1125 1080 1126
f 1127 1081 1082
f 1126 1081 1127
f 1128 1082 1083
f 1127 1082 1128
f 1129 1083 1084
f 1128 1083 1129
f 1130 1084 1085
f 1129 1084 1130
f 1131 1085 1086
f 1130 1085 1131
f 1132 1086 1087
f 1131 1086 1132
f 1133 1087 1088
f 1132 1087 1133
f 1134 1088 1089
f 1133 1088 1134
f 1135 1089 1090
f 1134 1089 1135
f 1136 1090 1091
f 1135 1090 1136
f 1091 1092 1137
f 1138 1091 1137
f 1136 1091 1138
f 1139 1138 1137
f 1095 1094 1140
f 1095 1140 1141
f 31 1140 28
f 28 1140 1094
f 1142 32 1096
f 1096 32 29
f 1143 1096 1097
f 1142 1096 1143
f 1144 1097 1098
f 1143 1097 1144
f 1145 1098 1099
f 1144 1098 1145
f 1146 1099 1100
f 1145 1099 1146
f 1147 1100 1101
f 1146 1100 1147
f 1148 1101 1102
f 1147 1101 1148
f 1149 1102 1103
f 1148 1102 1149
f 1150 1103 1104
f 1149 1103 1150
f 1151 1104 1105
f 1150 1104 1151
f 1152 1105 1106
f 1151 1105 1152
f 1153 1106 1107
f 1152 1106 1153
f 1154 1107 1108
f 1153 1107 1154
f 1155 1108 1109
f 1154 1108 1155
f 1156 1109 1110
f 1155 1109 1156
f 1157 1110 1111
f 1156 1110 1157
f 1158 1111 1112
f 1157 1111 1158
f 1159 1112 1113
f 1158 1112 1159
f 1160 1113 1114
f 1159 1113 1160
f 1161 1114 1115
f 1160 1114 1161
f 1162 1115 1116
f 1161 1115 1162
f 1163 1116 1117
f 1162 1116 1163
f 1164 1117 1118
f 1163 1117 1164
f 1165 1118 1119
f 1164 1118 1165
f 1166 1119 1120
f 1165 1119 1166
f 1167 1120 1121
f 1166 1120 1167
f 1168 1121 1122
f 1167 1121 1168
f 1169 1122 1123
f 1168 1122 1169
f 1170 1123 1124
f 1169 1123 1170
f 1171 1124 1125
f 1170 1124 1171
f 1172 1125 1126
f 1171 1125 1172
f 1173 1126 1127
f 1172 1126 1173
f 1174 1127 1128
f 1173 1127 1174
f 1175 1128 1129
f 1174 1128 1175
f 1176 1129 1130
f 1175 1129 1176
f 1177 1130 1131
f 1176 1130 1177
f 1178 1131 1132
f 1177 1131 1178
f 1179 1132 1133
f 1178 1132 1179
f 1180 1133 1134
f 1179 1133 1180
f 1181 1134 1135
f 1180 1134 1181
f 1182 1135 1136
f 1181 1135 1182
f 1138 1184 1183
f 1182 1138 1183
f 1136 1138 1182
f 1184 1138 1139
f 1141 1140 1185
f 1141 1185 1186
f 33 1187 31
f 1187 1140 31
f 1187 1185 1140
f 33 32 1187
f 32 1142 1187
f 36 34 1187
f 36 1187 1142
f 36 1142 37
f 1142 1188 37
f 1142 1143 1188
f 1189 1143 1144
f 1188 1143 1189
f 1190 1144 1145
f 1189 1144 1190
f 1191 1145 1146
f 1190 1145 1191
f 1192 1146 1147
f 1191 1146 1192
f 1193 1147 1148
f 1192 1147 1193
f 1194 1148 1149
f 1193 1148 1194
f 1195 1149 1150
f 1194 1149 1195
f 1196 1150 1151
f 1195 1150 1196
f 1197 1151 1152
f 1196 1151 1197
f 1198 1152 1153
f 1197 1152 1198
f 1199 1153 1154
f 1198 1153 1199
f 1200 1154 1155
f 1199 1154 1200
f 1201 1155 1156
f 1200 1155 1201
f 1202 1156 1157
f 1201 1156 1202
f 1203 1157 1158
f 1202 1157 1203
f 1204 1158 1159
f 1203 1158 1204
f 1205 1159 1160
f 1204 1159 1205
f 1206 1160 1161
f 1205 1160 1206
f 1207 1161 1162
f 1206 1161 1207
f 1208 1162 1163
f 1207 1162 1208
f 1209 1163 1164
f 1208 1163 1209
f 1210 1164 1165
f 1209 1164 1210
f 1211 1165 1166
f 1210 1165 1211
f 1212 1166 1167
f 1211 1166 1212
f 1213 1167 1168
f 1212 1167 1213
f 1214 1168 1169
f 1213 1168 1214
f 1215 1169 1170
f 1214 1169 1215
f 1216 1170 1171
f 1215 1170 1216
f 1217 1171 1172
f 1216 1171 1217
f 1218 1172 1173
f 1217 1172 1218
f 1219 1173 1174
f 1218 1173 1219
f 1220 1174 1175
f 1219 1174 1220
f 1221 1175 1176
f 1220 1175 1221
f 1222 1176 1177
f 1221 1176 1222
f 1223 1177 1178
f 1222 1177 1223
f 1224 1178 1179
f 1223 1178 1224
f 1225 1179 1180
f 1224 1179 1225
f 1226 1180 1181
f 1225 1180 1226
f 1227 1181 1182
f 1226 1181 1227
f 1182 1183 1228
f 1229 1182 1228
f 1227 1182 1229
f 1230 1229 1228
f 1231 1186 1185
f 40 1232 39
f 1232 1185 39
f 1185 1187 39
f 1232 1231 1185
f 42 39 1233
f 39 1187 1233
f 34 41 1233
f 34 1233 1187
f 37 1188 41
f 1188 1233 41
f 1188 1234 1233
f 1235 1188 1189
f 1234 1188 1235
f 1236 1189 1190
f 1235 1189 1236
f 1237 1190 1191
f 1236 1190 1237
f 1238 1191 1192
f 1237 1191 1238
f 1239 1192 1193
f 1238 1192 1239
f 1240 1193 1194
f 1239 1193 1240
f 1241 1194 1195
f 1240 1194 1241
f 1242 1195 1196
f 1241 1195 1242
f 1243 1196 1197
f 1242 1196 1243
f 1244 1197 1198
f 1243 1197 1244
f 1245 1198 1199
f 1244 1198 1245
f 1246 1199 1200
f 1245 1199 1246
f 1247 1200 1201
f 1246 1200 1247
f 1248 1201 1202
f 1247 1201 1248
f 1249 1202 1203
f 1248 1202 1249
f 1250 1203 1204
f 1249 1203 1250
f 1251 1204 1205
f 1250 1204 1251
f 1252 1205 1206
f 1251 1205 1252
f 1253 1206 1207
f 1252 1206 1253
f 1254 1207 1208
f 1253 1207 1254
f 1255 1208 1209
f 1254 1208 1255
f 1256 1209 1210
f 1255 1209 1256
f 1257 1210 1211
f 1256 1210 1257
f 1258 1211 1212
f 1257 1211 1258
f 1259 1212 1213
f 1258 1212 1259
f 1260 1213 1214
f 1259 1213 1260
f 1261 1214 1215
f 1260 1214 1261
f 1262 1215 1216
f 1261 1215 1262
f 1263 1216 1217
f 1262 1216 1263
f 1264 1217 1218
f 1263 1217 1264
f 1265 1218 1219
f 1264 1218 1265
f 1266 1219 1220
f 1265 1219 1266
f 1267 1220 1221
f 1266 1220 1267
f 1268 1221 1222
f 1267 1221 1268
f 1269 1222 1223
f 1268 1222 1269
f 1270 1223 1224
f 1269 1223 1270
f 1271 1224 1225
f 1270 1224 1271
f 1272 1225 1226
f 1271 1225 1272
f 1273 1226 1227
f 1272 1226 1273
f 1274 1227 1229
f 1273 1227 1274
f 1229 1230 1275
f 1229 1275 1274
f 1278 1277 1276
f 1279 1276 43
f 1276 1232 43
f 1232 40 43
f 1232 1276 1277
f 42 1233 43
f 1233 1279 43
f 1233 1280 1279
f 1281 1233 1234
f 1280 1233 1281
f 1282 1234 1235
f 1281 1234 1282
f 1283 1235 1236
f 1282 1235 1283
f 1284 1236 1237
f 1283 1236 1284
f 1285 1237 1238
f 1284 1237 1285
f 1286 1238 1239
f 1285 1238 1286
f 1287 1239 1240
f 1286 1239 1287
f 1288 1240 1241
f 1287 1240 1288
f 1289 1241 1242
f 1288 1241 1289
f 1290 1242 1243
f 1289 1242 1290
f 1291 1243 1244
f 1290 1243 1291
f 1292 1244 1245
f 1291 1244 1292
f 1293 1245 1246
f 1292 1245 1293
f 1294 1246 1247
f 1293 1246 1294
f 1295 1247 1248
f 1294 1247 1295
f 1296 1248 1249
f 1295 1248 1296
f 1297 1249 1250
f 1296 1249 1297
f 1298 1250 1251
f 1297 1250 1298
f 1299 1251 1252
f 1298 1251 1299
f 1300 1252 1253
f 1299 1252 1300
f 1301 1253 1254
f 1300 1253 1301
f 1302 1254 1255
f 1301 1254 1302
f 1303 1255 1256
f 1302 1255 1303
f 1304 1256 1257
f 1303 1256 1304
f 1305 1257 1258
f 1304 1257 1305
f 1306 1258 1259
f 1305 1258 1306
f 1307 1259 1260
f 1306 1259 1307
f 1308 1260 1261
f 1307 1260 1308
f 1309 1261 1262
f 1308 1261 1309
f 1310 1262 1263
f 1309 1262 1310
f 1311 1263 1264
f 1310 1263 1311
f 1312 1264 1265
f 1311 1264 1312
f 1313 1265 1266
f 1312 1265 1313
f 1314 1266 1267
f 1313 1266 1314
f 1315 1267 1268
f 1314 1267 1315
f 1316 1268 1269
f 1315 1268 1316
f 1317 1269 1270
f 1316 1269 1317
f 1318 1270 1271
f 1317 1270 1318
f 1319 1271 1272
f 1318 1271 1319
f 1320 1272 1273
f 1319 1272 1320
f 1321 1273 1274
f 1320 1273 1321
f 1274 1275 1322
f 1274 1322 1321
f 1278 1276 1323
f 1278 1323 1324
f 46 1323 45
f 1323 1279 45
f 1323 1276 1279
f 45 1279 47
f 1279 1325 47
f 1279 1280 1325
f 1326 1280 1281
f 1325 1280 1326
f 1327 1281 1282
f 1326 1281 1327
f 1328 1282 1283
f 1327 1282 1328
f 1329 1283 1284
f 1328 1283 1329
f 1330 1284 1285
f 1329 1284 1330
f 1331 1285 1286
f 1330 1285 1331
f 1332 1286 1287
f 1331 1286 1332
f 1333 1287 1288
f 1332 1287 1333
f 1334 1288 1289
f 1333 1288 1334
f 1335 1289 1290
f 1334 1289 1335
f 1336 1290 1291
f 1335 1290 1336
f 1337 1291 1292
f 1336 1291 1337
f 1338 1292 1293
f 1337 1292 1338
f 1339 1293 1294
f 1338 1293 1339
f 1340 1294 1295
f 1339 1294 1340
f 1341 1295 1296
f 1340 1295 1341
f 1342 1296 1297
f 1341 1296 1342
f 1343 1297 1298
f 1342 1297 1343
f 1344 1298 1299
f 1343 1298 1344
f 1345 1299 1300
f 1344 1299 1345
f 1346 1300 1301
f 1345 1300 1346
f 1347 1301 1302
f 1346 1301 1347
f 1348 1302 1303
f 1347 1302 1348
f 1349 1303 1304
f 1348 1303 1349
f 1350 1304 1305
f 1349 1304 1350
f 1351 1305 1306
f 1350 1305 1351
f 1352 1306 1307
f 1351 1306 1352
f 1353 1307 1308
f 1352 1307 1353
f 1354 1308 1309
f 1353 1308 1354
f 1355 1309 1310
f 1354 1309 1355
f 1356 1310 1311
f 1355 1310 1356
f 1357 1311 1312
f 1356 1311 1357
f 1358 1312 1313
f 1357 1312 1358
f 1359 1313 1314
f 1358 1313 1359
f 1360 1314 1315
f 1359 1314 1360
f 1361 1315 1316
f 1360 1315 1361
f 1362 1316 1317
f 1361 1316 1362
f 1363 1317 1318
f 1362 1317 1363
f 1364 1318 1319
f 1363 1318 1364
f 1365 1319 1320
f 1364 1319 1365
f 1321 1367 1366
f 1365 1321 1366
f 1320 1321 1365
f 1367 1321 1322
f 1324 1323 1368
f 1324 1368 1369
f 48 1370 46
f 1370 1323 46
f 1370 1368 1323
f 48 47 1370
f 47 1325 1370
f 51 49 1370
f 51 1370 1325
f 51 1325 52
f 1325 1371 52
f 1325 1326 1371
f 1372 1326 1327
f 1371 1326 1372
f 1373 1327 1328
f 1372 1327 1373
f 1374 1328 1329
f 1373 1328 1374
f 1375 1329 1330
f 1374 1329 1375
f 1376 1330 1331
f 1375 1330 1376
f 1377 1331 1332
f 1376 1331 1377
f 1378 1332 1333
f 1377 1332 1378
f 1379 1333 1334
f 1378 1333 1379
f 1380 1334 1335
f 1379 1334 1380
f 1381 1335 1336
f 1380 1335 1381
f 1382 1336 1337
f 1381 1336 1382
f 1383 1337 1338
f 1382 1337 1383
f 1384 1338 1339
f 1383 1338 1384
f 1385 1339 1340
f 1384 1339 1385
f 1386 1340 1341
f 1385 1340 1386
f 1387 1341 1342
f 1386 1341 1387
f 1388 1342 1343
f 1387 1342 1388
f 1389 1343 1344
f 1388 1343 1389
f 1390 1344 1345
f 1389 1344 1390
f 1391 1345 1346
f 1390 1345 1391
f 1392 1346 1347
f 1391 1346 1392
f 1393 1347 1348
f 1392 1347 1393
f 1394 1348 1349
f 1393 1348 1394
f 1395 1349 1350
f 1394 1349 1395
f 1396 1350 1351
f 1395 1350 1396
f 1397 1351 1352
f 1396 1351 1397
f 1398 1352 1353
f 1397 1352 1398
f 1399 1353 1354
f 1398 1353 1399
f 1400 1354 1355
f 1399 1354 1400
f 1401 1355 1356
f 1400 1355 1401
f 1402 1356 1357
f 1401 1356 1402
f 1403 1357 1358
f 1402 1357 1403
f 1404 1358 1359
f 1403 1358 1404
f 1405 1359 1360
f 1404 1359 1405
f 1406 1360 1361
f 1405 1360 1406
f 1407 1361 1362
f 1406 1361 1407
f 1408 1362 1363
f 1407 1362 1408
f 1409 1363 1364
f 1408 1363 1409
f 1410 1364 1365
f 1409 1364 1410
f 1365 1366 1411
f 1412 1365 1411
f 1410 1365 1412
f 1413 1412 1411
f 1414 1369 1368
f 55 1415 54
f 1415 1368 54
f 1368 1370 54
f 1415 1414 1368
f 57 54 1416
f 54 1370 1416
f 49 56 1416
f 49 1416 1370
f 52 1371 56
f 1371 1416 56
f 1371 1417 1416
f 1418 1371 1372
f 1417 1371 1418
f 1419 1372 1373
f 1418 1372 1419
f 1420 1373 1374
f 1419 1373 1420
f 1421 1374 1375
f 1420 1374 1421
f 1422 1375 1376
f 1421 1375 1422
f 1423 1376 1377
f 1422 1376 1423
f 1424 1377 1378
f 1423 1377 1424
f 1425 1378 1379
f 1424 1378 1425
f 1426 1379 1380
f 1425 1379 1426
f 1427 1380 1381
f 1426 1380 1427
f 1428 1381 1382
f 1427 1381 1428
f 1429 1382 1383
f 1428 1382 1429
f 1430 1383 1384
f 1429 1383 1430
f 1431 1384 1385
f 1430 1384 1431
f 1432 1385 1386
f 1431 1385 1432
f 1433 1386 1387
f 1432 1386 1433
f 1434 1387 1388
f 1433 1387 1434
f 1435 1388 1389
f 1434 1388 1435
f 1436 1389 1390
f 1435 1389 1436
f 1437 1390 1391
f 1436 1390 1437
f 1438 1391 1392
f 1437 1391 1438
f 1439 1392 1393
f 1438 1392 1439
f 1440 1393 1394
f 1439 1393 1440
f 1441 1394 1395
f 1440 1394 1441
f 1442 1395 1396
f 1441 1395 1442
f 1443 1396 1397
f 1442 1396 1443
f 1444 1397 1398
f 1443 1397 1444
f 1445 1398 1399
f 1444 1398 1445
f 1446 1399 1400
f 1445 1399 1446
f 1447 1400 1401
f 1446 1400 1447
f 1448 1401 1402
f 1447 1401 1448
f 1449 1402 1403
f 1448 1402 1449
f 1450 1403 1404
f 1449 1403 1450
f 1451 1404 1405
f 1450 1404 1451
f 1452 1405 1406
f 1451 1405 1452
f 1453 1406 1407
f 1452 1406 1453
f 1454 1407 1408
f 1453 1407 1454
f 1455 1408 1409
f 1454 1408 1455
f 1456 1409 1410
f 1455 1409 1456
f 1457 1410 1412
f 1456 1410 1457
f 1412 1413 1458
f 1412 1458 1457
f 59 1415 55
f 59 1459 1415
f 1460 60 1416
f 1416 60 57
f 1461 1416 1417
f 1460 1416 1461
f 1462 1417 1418
f 1461 1417 1462
f 1463 1418 1419
f 1462 1418 1463
f 1464 1419 1420
f 1463 1419 1464
f 1465 1420 1421
f 1464 1420 1465
f 1466 1421 1422
f 1465 1421 1466
f 1467 1422 1423
f 1466 1422 1467
f 1468 1423 1424
f 1467 1423 1468
f 1469 1424 1425
f 1468 1424 1469
f 1470 1425 1426
f 1469 1425 1470
f 1471 1426 1427
f 1470 1426 1471
f 1472 1427 1428
f 1471 1427 1472
f 1473 1428 1429
f 1472 1428 1473
f 1474 1429 1430
f 1473 1429 1474
f 1475 1430 1431
f 1474 1430 1475
f 1476 1431 1432
f 1475 1431 1476
f 1477 1432 1433
f 1476 1432 1477
f 1478 1433 1434
f 1477 1433 1478
f 1479 1434 1435
f 1478 1434 1479
f 1480 1435 1436
f 1479 1435 1480
f 1481 1436 1437
f 1480 1436 1481
f 1482 1437 1438
f 1481 1437 1482
f 1483 1438 1439
f 1482 1438 1483
f 1484 1439 1440
f 1483 1439 1484
f 1485 1440 1441
f 1484 1440 1485
f 1486 1441 1442
f 1485 1441 1486
f 1487 1442 1443
f 1486 1442 1487
f 1488 1443 1444
f 1487 1443 1488
f 1489 1444 1445
f 1488 1444 1489
f 1490 1445 1446
f 1489 1445 1490
f 1491 1446 1447
f 1490 1446 1491
f 1492 1447 1448
f 1491 1447 1492
f 1493 1448 1449
f 1492 1448 1493
f 1494 1449 1450
f 1493 1449 1494
f 1495 1450 1451
f 1494 1450 1495
f 1496 1451 1452
f 1495 1451 1496
f 1497 1452 1453
f 1496 1452 1497
f 1498 1453 1454
f 1497 1453 1498
f 1499 1454 1455
f 1498 1454 1499
f 1500 1455 1456
f 1499 1455 1500
f 1501 1456 1457
f 1500 1456 1501
f 1457 1458 1502
f 1457 1502 1501
f 1505 1504 1503
f 1504 1459 1503
f 1459 62 1503
f 1459 59 62
f 1506 63 1460
f 1460 63 60
f 1507 1460 1461
f 1506 1460 1507
f 1508 1461 1462
f 1507 1461 1508
f 1509 1462 1463
f 1508 1462 1509
f 1510 1463 1464
f 1509 1463 1510
f 1511 1464 1465
f 1510 1464 1511
f 1512 1465 1466
f 1511 1465 1512
f 1513 1466 1467
f 1512 1466 1513
f 1514 1467 1468
f 1513 1467 1514
f 1515 1468 1469
f 1514 1468 1515
f 1516 1469 1470
f 1515 1469 1516
f 1517 1470 1471
f 1516 1470 1517
f 1518 1471 1472
f 1517 1471 1518
f 1519 1472 1473
f 1518 1472 1519
f 1520 1473 1474
f 1519 1473 1520
f 1521 1474 1475
f 1520 1474 1521
f 1522 1475 1476
f 1521 1475 1522
f 1523 1476 1477
f 1522 1476 1523
f 1524 1477 1478
f 1523 1477 1524
f 1525 1478 1479
f 1524 1478 1525
f 1526 1479 1480
f 1525 1479 1526
f 1527 1480 1481
f 1526 1480 1527
f 1528 1481 1482
f 1527 1481 1528
f 1529 1482 1483
f 1528 1482 1529
f 1530 1483 1484
f 1529 1483 1530
f 1531 1484 1485
f 1530 1484 1531
f 1532 1485 1486
f 1531 1485 1532
f 1533 1486 1487
f 1532 1486 1533
f 1534 1487 1488
f 1533 1487 1534
f 1535 1488 1489
f 1534 1488 1535
f 1536 1489 1490
f 1535 1489 1536
f 1537 1490 1491
f 1536 1490 1537
f 1538 1491 1492
f 1537 1491 1538
f 1539 1492 1493
f 1538 1492 1539
f 1540 1493 1494
f 1539 1493 1540
f 1541 1494 1495
f 1540 1494 1541
f 1542 1495 1496
f 1541 1495 1542
f 1543 1496 1497
f 1542 1496 1543
f 1544 1497 1498
f 1543 1497 1544
f 1545 1498 1499
f 1544 1498 1545
f 1546 1499 1500
f 1545 1499 1546
f 1501 1548 1547
f 1546 1501 1547
f 1500 1501 1546
f 1548 1501 1502
f 1505 1503 1549
f 1505 1549 1550
f 64 1551 62
f 1551 1503 62
f 1551 1549 1503
f 63 1506 64
f 1506 1551 64
f 1506 1552 1551
f 1553 1506 1507
f 1552 1506 1553
f 1554 1507 1508
f 1553 1507 1554
f 1555 1508 1509
f 1554 1508 1555
f 1556 1509 1510
f 1555 1509 1556
f 1557 1510 1511
f 1556 1510 1557
f 1558 1511 1512
f 1557 1511 1558
f 1559 1512 1513
f 1558 1512 1559
f 1560 1513 1514
f 1559 1513 1560
f 1561 1514 1515
f 1560 1514 1561
f 1562 1515 1516
f 1561 1515 1562
f 1563 1516 1517
f 1562 1516 1563
f 1564 1517 1518
f 1563 1517 1564
f 1565 1518 1519
f 1564 1518 1565
f 1566 1519 1520
f 1565 1519 1566
f 1567 1520 1521
f 1566 1520 1567
f 1568 1521 1522
f 1567 1521 1568
f 1569 1522 1523
f 1568 1522 1569
f 1570 1523 1524
f 1569 1523 1570
f 1571 1524 1525
f 1570 1524 1571
f 1572 1525 1526
f 1571 1525 1572
f 1573 1526 1527
f 1572 1526 1573
f 1574 1527 1528
f 1573 1527 1574
f 1575 1528 1529
f 1574 1528 1575
f 1576 1529 1530
f 1575 1529 1576
f 1577 1530 1531
f 1576 1530 1577
f 1578 1531 1532
f 1577 1531 1578
f 1579 1532 1533
f 1578 1532 1579
f 1580 1533 1534
f 1579 1533 1580
f 1581 1534 1535
f 1580 1534 1581
f 1582 1535 1536
f 1581 1535 1582
f 1583 1536 1537
f 1582 1536 1583
f 1584 1537 1538
f 1583 1537 1584
f 1585 1538 1539
f 1584 1538 1585
f 1586 1539 1540
f 1585 1539 1586
f 1587 1540 1541
f 1586 1540 1587
f 1588 1541 1542
f 1587 1541 1588
f 1589 1542 1543
f 1588 1542 1589
f 1590 1543 1544
f 1589 1543 1590
f 1591 1544 1545
f 1590 1544 1591
f 67 1591 66
f 1591 1546 66
f 1591 1545 1546
f 1593 1592 68
f 1593 68 66
f 1547 1593 66
f 1546 1547 66
f 1594 1592 1593
f 1550 1549 1595
f 1550 1595 1596
f 1597 1549 1551
f 1595 1549 1597
f 1598 1551 1552
f 1597 1551 1598
f 1599 1552 1553
f 1598 1552 1599
f 1600 1553 1554
f 1599 1553 1600
f 1601 1554 1555
f 1600 1554 1601
f 1602 1555 1556
f 1601 1555 1602
f 1603 1556 1557
f 1602 1556 1603
f 1604 1557 1558
f 1603 1557 1604
f 1605 1558 1559
f 1604 1558 1605
f 1606 1559 1560
f 1605 1559 1606
f 1607 1560 1561
f 1606 1560 1607
f 1608 1561 1562
f 1607 1561 1608
f 1609 1562 1563
f 1608 1562 1609
f 1610 1563 1564
f 1609 1563 1610
f 1611 1564 1565
f 1610 1564 1611
f 1612 1565 1566
f 1611 1565 1612
f 1613 1566 1567
f 1612 1566 1613
f 1614 1567 1568
f 1613 1567 1614
f 1615 1568 1569
f 1614 1568 1615
f 1616 1569 1570
f 1615 1569 1616
f 1617 1570 1571
f 1616 1570 1617
f 1618 1571 1572
f 1617 1571 1618
f 1619 1572 1573
f 1618 1572 1619
f 1620 1573 1574
f 1619 1573 1620
f 1621 1574 1575
f 1620 1574 1621
f 1622 1575 1576
f 1621 1575 1622
f 1623 1576 1577
f 1622 1576 1623
f 1624 1577 1578
f 1623 1577 1624
f 1625 1578 1579
f 1624 1578 1625
f 1626 1579 1580
f 1625 1579 1626
f 1627 1580 1581
f 1626 1580 1627
f 1628 1581 1582
f 1627 1581 1628
f 1629 1582 1583
f 1628 1582 1629
f 1630 1583 1584
f 1629 1583 1630
f 1631 1584 1585
f 1630 1584 1631
f 1632 1585 1586
f 1631 1585 1632
f 1633 1586 1587
f 1632 1586 1633
f 1634 1587 1588
f 1633 1587 1634
f 1635 1588 1589
f 1634 1588 1635
f 1636 1589 1590
f 1635 1589 1636
f 1637 1590 1591
f 1636 1590 1637
f 69 1638 67
f 1638 1591 67
f 1638 1637 1591
f 68 1592 69
f 1592 1638 69
f 1592 1639 1638
f 1592 1594 1640
f 1592 1640 1639
f 1641 1596 1595
f 1643 1642 1641
f 1595 1643 1641
f 1597 1643 1595
f 1644 1597 1598
f 1643 1597 1644
f 1645 1598 1599
f 1644 1598 1645
f 1646 1599 1600
f 1645 1599 1646
f 1647 1600 1601
f 1646 1600 1647
f 1648 1601 1602
f 1647 1601 1648
f 1649 1602 1603
f 1648 1602 1649
f 1650 1603 1604
f 1649 1603 1650
f 1651 1604 1605
f 1650 1604 1651
f 1652 1605 1606
f 1651 1605 1652
f 1653 1606 1607
f 1652 1606 1653
f 1654 1607 1608
f 1653 1607 1654
f 1655 1608 1609
f 1654 1608 1655
f 1656 1609 1610
f 1655 1609 1656
f 1657 1610 1611
f 1656 1610 1657
f 1658 1611 1612
f 1657 1611 1658
f 1659 1612 1613
f 1658 1612 1659
f 1660 1613 1614
f 1659 1613 1660
f 1661 1614 1615
f 1660 1614 1661
f 1662 1615 1616
f 1661 1615 1662
f 1663 1616 1617
f 1662 1616 1663
f 1664 1617 1618
f 1663 1617 1664
f 1665 1618 1619
f 1664 1618 1665
f 1666 1619 1620
f 1665 1619 1666
f 1667 1620 1621
f 1666 1620 1667
f 1668 1621 1622
f 1667 1621 1668
f 1669 1622 1623
f 1668 1622 1669
f 1670 1623 1624
f 1669 1623 1670
f 1671 1624 1625
f 1670 1624 1671
f 1672 1625 1626
f 1671 1625 1672
f 1673 1626 1627
f 1672 1626 1673
f 1674 1627 1628
f 1673 1627 1674
f 1675 1628 1629
f 1674 1628 1675
f 1676 1629 1630
f 1675 1629 1676
f 1677 1630 1631
f 1676 1630 1677
f 1678 1631 1632
f 1677 1631 1678
f 1679 1632 1633
f 1678 1632 1679
f 1680 1633 1634
f 1679 1633 1680
f 1681 1634 1635
f 1680 1634 1681
f 1682 1635 1636
f 1681 1635 1682
f 1683 1636 1637
f 1682 1636 1683
f 1684 1637 1638
f 1683 1637 1684
f 1639 1686 1685
f 1684 1639 1685
f 1638 1639 1684
f 1686 1639 1640
f 1689 1688 1687
f 1687 1688 1642
f 1643 1687 1642
f 1690 1687 1643
f 1691 1643 1644
f 1690 1643 1691
f 1692 1644 1645
f 1691 1644 1692
f 1693 1645 1646
f 1692 1645 1693
f 1694 1646 1647
f 1693 1646 1694
f 1695 1647 1648
f 1694 1647 1695
f 1696 1648 1649
f 1695 1648 1696
f 1697 1649 1650
f 1696 1649 1697
f 1698 1650 1651
f 1697 1650 1698
f 1699 1651 1652
f 1698 1651 1699
f 1700 1652 1653
f 1699 1652 1700
f 1701 1653 1654
f 1700 1653 1701
f 1702 1654 1655
f 1701 1654 1702
f 1703 1655 1656
f 1702 1655 1703
f 1704 1656 1657
f 1703 1656 1704
f 1705 1657 1658
f 1704 1657 1705
f 1706 1658 1659
f 1705 1658 1706
f 1707 1659 1660
f 1706 1659 1707
f 1708 1660 1661
f 1707 1660 1708
f 1709 1661 1662
f 1708 1661 1709
f 1710 1662 1663
f 1709 1662 1710
f 1711 1663 1664
f 1710 1663 1711
f 1712 1664 1665
f 1711 1664 1712
f 1713 1665 1666
f 1712 1665 1713
f 1714 1666 1667
f 1713 1666 1714
f 1715 1667 1668
f 1714 1667 1715
f 1716 1668 1669
f 1715 1668 1716
f 1717 1669 1670
f 1716 1669 1717
f 1718 1670 1671
f 1717 1670 1718
f 1719 1671 1672
f 1718 1671 1719
f 1720 1672 1673
f 1719 1672 1720
f 1721 1673 1674
f 1720 1673 1721
f 1722 1674 1675
f 1721 1674 1722
f 1723 1675 1676
f 1722 1675 1723
f 1724 1676 1677
f 1723 1676 1724
f 1725 1677 1678
f 1724 1677 1725
f 1726 1678 1679
f 1725 1678 1726
f 1727 1679 1680
f 1726 1679 1727
f 1728 1680 1681
f 1727 1680 1728
f 1729 1681 1682
f 1728 1681 1729
f 1730 1682 1683
f 1729 1682 1730
f 1731 1683 1684
f 1730 1683 1731
f 1684 1685 1732
f 1733 1684 1732
f 1731 1684 1733
f 1734 1733 1732
f 1689 1687 1735
f 1689 1735 1736
f 1737 1687 1690
f 1735 1687 1737
f 1738 1690 1691
f 1737 1690 1738
f 1739 1691 1692
f 1738 1691 1739
f 1740 1692 1693
f 1739 1692 1740
f 1741 1693 1694
f 1740 1693 1741
f 1742 1694 1695
f 1741 1694 1742
f 1743 1695 1696
f 1742 1695 1743
f 1744 1696 1697
f 1743 1696 1744
f 1745 1697 1698
f 1744 1697 1745
f 1746 1698 1699
f 1745 1698 1746
f 1747 1699 1700
f 1746 1699 1747
f 1748 1700 1701
f 1747 1700 1748
f 1749 1701 1702
f 1748 1701 1749
f 1750 1702 1703
f 1749 1702 1750
f 1751 1703 1704
f 1750 1703 1751
f 1752 1704 1705
f 1751 1704 1752
f 1753 1705 1706
f 1752 1705 1753
f 1754 1706 1707
f 1753 1706 1754
f 1755 1707 1708
f 1754 1707 1755
f 1756 1708 1709
f 1755 1708 1756
f 1757 1709 1710
f 1756 1709 1757
f 1758 1710 1711
f 1757 1710 1758
f 1759 1711 1712
f 1758 1711 1759
f 1760 1712 1713
f 1759 1712 1760
f 1761 1713 1714
f 1760 1713 1761
f 1762 1714 1715
f 1761 1714 1762
f 1763 1715 1716
f 1762 1715 1763
f 1764 1716 1717
f 1763 1716 1764
f 1765 1717 1718
f 1764 1717 1765
f 1766 1718 1719
f 1765 1718 1766
f 1767 1719 1720
f 1766 1719 1767
f 1768 1720 1721
f 1767 1720 1768
f 1769 1721 1722
f 1768 1721 1769
f 1770 1722 1723
f 1769 1722 1770
f 1771 1723 1724
f 1770 1723 1771
f 1772 1724 1725
f 1771 1724 1772
f 1773 1725 1726
f 1772 1725 1773
f 1774 1726 1727
f 1773 1726 1774
f 1775 1727 1728
f 1774 1727 1775
f 1776 1728 1729
f 1775 1728 1776
f 1777 1729 1730
f 1776 1729 1777
f 1778 1730 1731
f 1777 1730 1778
f 1733 1780 1779
f 1778 1733 1779
f 1731 1733 1778
f 1780 1733 1734
f 1736 1735 1781
f 1736 1781 1782
f 72 1781 71
f 1781 1737 71
f 1781 1735 1737
f 71 1737 73
f 1737 1783 73
f 1737 1738 1783
f 1784 1738 1739
f 1783 1738 1784
f 1785 1739 1740
f 1784 1739 1785
f 1786 1740 1741
f 1785 1740 1786
f 1787 1741 1742
f 1786 1741 1787
f 1788 1742 1743
f 1787 1742 1788
f 1789 1743 1744
f 1788 1743 1789
f 1790 1744 1745
f 1789 1744 1790
f 1791 1745 1746
f 1790 1745 1791
f 1792 1746 1747
f 1791 1746 1792
f 1793 1747 1748
f 1792 1747 1793
f 1794 1748 1749
f 1793 1748 1794
f 1795 1749 1750
f 1794 1749 1795
f 1796 1750 1751
f 1795 1750 1796
f 1797 1751 1752
f 1796 1751 1797
f 1798 1752 1753
f 1797 1752 1798
f 1799 1753 1754
f 1798 1753 1799
f 1800 1754 1755
f 1799 1754 1800
f 1801 1755 1756
f 1800 1755 1801
f 1802 1756 1757
f 1801 1756 1802
f 1803 1757 1758
f 1802 1757 1803
f 1804 1758 1759
f 1803 1758 1804
f 1805 1759 1760
f 1804 1759 1805
f 1806 1760 1761
f 1805 1760 1806
f 1807 1761 1762
f 1806 1761 1807
f 1808 1762 1763
f 1807 1762 1808
f 1809 1763 1764
f 1808 1763 1809
f 1810 1764 1765
f 1809 1764 1810
f 1811 1765 1766
f 1810 1765 1811
f 1812 1766 1767
f 1811 1766 1812
f 1813 1767 1768
f 1812 1767 1813
f 1814 1768 1769
f 1813 1768 1814
f 1815 1769 1770
f 1814 1769 1815
f 1816 1770 1771
f 1815 1770 1816
f 1817 1771 1772
f 1816 1771 1817
f 1818 1772 1773
f 1817 1772 1818
f 1819 1773 1774
f 1818 1773 1819
f 1820 1774 1775
f 1819 1774 1820
f 1821 1775 1776
f 1820 1775 1821
f 1822 1776 1777
f 1821 1776 1822
f 1823 1777 1778
f 1822 1777 1823
f 1778 1779 1824
f 1825 1778 1824
f 1823 1778 1825
f 1826 1825 1824
f 1782 1781 1827
f 1782 1827 1828
f 74 1829 72
f 1829 1781 72
f 1829 1827 1781
f 73 1783 74
f 1783 1829 74
f 1783 1830 1829
f 1831 1783 1784
f 1830 1783 1831
f 1832 1784 1785
f 1831 1784 1832
f 1833 1785 1786
f 1832 1785 1833
f 1834 1786 1787
f 1833 1786 1834
f 1835 1787 1788
f 1834 1787 1835
f 1836 1788 1789
f 1835 1788 1836
f 1837 1789 1790
f 1836 1789 1837
f 1838 1790 1791
f 1837 1790 1838
f 1839 1791 1792
f 1838 1791 1839
f 1840 1792 1793
f 1839 1792 1840
f 1841 1793 1794
f 1840 1793 1841
f 1842 1794 1795
f 1841 1794 1842
f 1843 1795 1796
f 1842 1795 1843
f 1844 1796 1797
f 1843 1796 1844
f 1845 1797 1798
f 1844 1797 1845
f 1846 1798 1799
f 1845 1798 1846
f 1847 1799 1800
f 1846 1799 1847
f 1848 1800 1801
f 1847 1800 1848
f 1849 1801 1802
f 1848 1801 1849
f 1850 1802 1803
f 1849 1802 1850
f 1851 1803 1804
f 1850 1803 1851
f 1852 1804 1805
f 1851 1804 1852
f 1853 1805 1806
f 1852 1805 1853
f 1854 1806 1807
f 1853 1806 1854
f 1855 1807 1808
f 1854 1807 1855
f 1856 1808 1809
f 1855 1808 1856
f 1857 1809 1810
f 1856 1809 1857
f 1858 1810 1811
f 1857 1810 1858
f 1859 1811 1812
f 1858 1811 1859
f 1860 1812 1813
f 1859 1812 1860
f 1861 1813 1814
f 1860 1813 1861
f 1862 1814 1815
f 1861 1814 1862
f 1863 1815 1816
f 1862 1815 1863
f 1864 1816 1817
f 1863 1816 1864
f 1865 1817 1818
f 1864 1817 1865
f 1866 1818 1819
f 1865 1818 1866
f 1867 1819 1820
f 1866 1819 1867
f 1868 1820 1821
f 1867 1820 1868
f 1869 1821 1822
f 1868 1821 1869
f 1870 1822 1823
f 1869 1822 1870
f 1871 1823 1825
f 1870 1823 1871
f 1825 1826 1872
f 1825 1872 1871
f 1873 1828 1827
f 77 1874 76
f 1874 1827 76
f 1827 1829 76
f 1874 1873 1827
f 76 1829 78
f 1829 1875 78
f 1829 1830 1875
f 1876 1830 1831
f 1875 1830 1876
f 1877 1831 1832
f 1876 1831 1877
f 1878 1832 1833
f 1877 1832 1878
f 1879 1833 1834
f 1878 1833 1879
f 1880 1834 1835
f 1879 1834 1880
f 1881 1835 1836
f 1880 1835 1881
f 1882 1836 1837
f 1881 1836 1882
f 1883 1837 1838
f 1882 1837 1883
f 1884 1838 1839
f 1883 1838 1884
f 1885 1839 1840
f 1884 1839 1885
f 1886 1840 1841
f 1885 1840 1886
f 1887 1841 1842
f 1886 1841 1887
f 1888 1842 1843
f 1887 1842 1888
f 1889 1843 1844
f 1888 1843 1889
f 1890 1844 1845
f 1889 1844 1890
f 1891 1845 1846
f 1890 1845 1891
f 1892 1846 1847
f 1891 1846 1892
f 1893 1847 1848
f 1892 1847 1893
f 1894 1848 1849
f 1893 1848 1894
f 1895 1849 1850
f 1894 1849 1895
f 1896 1850 1851
f 1895 1850 1896
f 1897 1851 1852
f 1896 1851 1897
f 1898 1852 1853
f 1897 1852 1898
f 1899 1853 1854
f 1898 1853 1899
f 1900 1854 1855
f 1899 1854 1900
f 1901 1855 1856
f 1900 1855 1901
f 1902 1856 1857
f 1901 1856 1902
f 1903 1857 1858
f 1902 1857 1903
f 1904 1858 1859
f 1903 1858 1904
f 1905 1859 1860
f 1904 1859 1905
f 1906 1860 1861
f 1905 1860 1906
f 1907 1861 1862
f 1906 1861 1907
f 1908 1862 1863
f 1907 1862 1908
f 1909 1863 1864
f 1908 1863 1909
f 1910 1864 1865
f 1909 1864 1910
f 1911 1865 1866
f 1910 1865 1911
f 1912 1866 1867
f 1911 1866 1912
f 1913 1867 1868
f 1912 1867 1913
f 1914 1868 1869
f 1913 1868 1914
f 1915 1869 1870
f 1914 1869 1915
f 1916 1870 1871
f 1915 1870 1916
f 1871 1872 1917
f 1871 1917 1916
f 1920 1919 1918
f 1921 1918 79
f 1918 1874 79
f 1874 77 79
f 1874 1918 1919
f 78 1875 79
f 1875 1921 79
f 1875 1922 1921
f 1923 1875 1876
f 1922 1875 1923
f 1924 1876 1877
f 1923 1876 1924
f 1925 1877 1878
f 1924 1877 1925
f 1926 1878 1879
f 1925 1878 1926
f 1927 1879 1880
f 1926 1879 1927
f 1928 1880 1881
f 1927 1880 1928
f 1929 1881 1882
f 1928 1881 1929
f 1930 1882 1883
f 1929 1882 1930
f 1931 1883 1884
f 1930 1883 1931
f 1932 1884 1885
f 1931 1884 1932
f 1933 1885 1886
f 1932 1885 1933
f 1934 1886 1887
f 1933 1886 1934
f 1935 1887 1888
f 1934 1887 1935
f 1936 1888 1889
f 1935 1888 1936
f 1937 1889 1890
f 1936 1889 1937
f 1938 1890 1891
f 1937 1890 1938
f 1939 1891 1892
f 1938 1891 1939
f 1940 1892 1893
f 1939 1892 1940
f 1941 1893 1894
f 1940 1893 1941
f 1942 1894 1895
f 1941 1894 1942
f 1943 1895 1896
f 1942 1895 1943
f 1944 1896 1897
f 1943 1896 1944
f 1945 1897 1898
f 1944 1897 1945
f 1946 1898 1899
f 1945 1898 1946
f 1947 1899 1900
f 1946 1899 1947
f 1948 1900 1901
f 1947 1900 1948
f 1949 1901 1902
f 1948 1901 1949
f 1950 1902 1903
f 1949 1902 1950
f 1951 1903 1904
f 1950 1903 1951
f 1952 1904 1905
f 1951 1904 1952
f 1953 1905 1906
f 1952 1905 1953
f 1954 1906 1907
f 1953 1906 1954
f 1955 1907 1908
f 1954 1907 1955
f 1956 1908 1909
f 1955 1908 1956
f 1957 1909 1910
f 1956 1909 1957
f 1958 1910 1911
f 1957 1910 1958
f 1959 1911 1912
f 1958 1911 1959
f 1960 1912 1913
f 1959 1912 1960
f 1961 1913 1914
f 1960 1913 1961
f 1962 1914 1915
f 1961 1914 1962
f 1963 1915 1916
f 1962 1915 1963
f 1916 1917 1964
f 1916 1964 1963
f 1965 1920 1918
f 82 1966 81
f 1966 1918 81
f 1918 1921 81
f 1966 1965 1918
f 81 1921 83
f 1921 1967 83
f 1921 1922 1967
f 1968 1922 1923
f 1967 1922 1968
f 1969 1923 1924
f 1968 1923 1969
f 1970 1924 1925
f 1969 1924 1970
f 1971 1925 1926
f 1970 1925 1971
f 1972 1926 1927
f 1971 1926 1972
f 1973 1927 1928
f 1972 1927 1973
f 1974 1928 1929
f 1973 1928 1974
f 1975 1929 1930
f 1974 1929 1975
f 1976 1930 1931
f 1975 1930 1976
f 1977 1931 1932
f 1976 1931 1977
f 1978 1932 1933
f 1977 1932 1978
f 1979 1933 1934
f 1978 1933 1979
f 1980 1934 1935
f 1979 1934 1980
f 1981 1935 1936
f 1980 1935 1981
f 1982 1936 1937
f 1981 1936 1982
f 1983 1937 1938
f 1982 1937 1983
f 1984 1938 1939
f 1983 1938 1984
f 1985 1939 1940
f 1984 1939 1985
f 1986 1940 1941
f 1985 1940 1986
f 1987 1941 1942
f 1986 1941 1987
f 1988 1942 1943
f 1987 1942 1988
f 1989 1943 1944
f 1988 1943 1989
f 1990 1944 1945
f 1989 1944 1990
f 1991 1945 1946
f 1990 1945 1991
f 1992 1946 1947
f 1991 1946 1992
f 1993 1947 1948
f 1992 1947 1993
f 1994 1948 1949
f 1993 1948 1994
f 1995 1949 1950
f 1994 1949 1995
f 1996 1950 1951
f 1995 1950 1996
f 1997 1951 1952
f 1996 1951 1997
f 1998 1952 1953
f 1997 1952 1998
f 1999 1953 1954
f 1998 1953 1999
f 2000 1954 1955
f 1999 1954 2000
f 2001 1955 1956
f 2000 1955 2001
f 2002 1956 1957
f 2001 1956 2002
f 2003 1957 1958
f 2002 1957 2003
f 2004 1958 1959
f 2003 1958 2004
f 2005 1959 1960
f 2004 1959 2005
f 2006 1960 1961
f 2005 1960 2006
f 2007 1961 1962
f 2006 1961 2007
f 2008 1962 1963
f 2007 1962 2008
f 1963 1964 2009
f 1963 2009 2008
f 82 84 2010
f 2011 82 2010
f 1966 82 2011
f 83 1967 84
f 1967 2010 84
f 1967 2012 2010
f 2013 1967 1968
f 2012 1967 2013
f 2014 1968 1969
f 2013 1968 2014
f 2015 1969 1970
f 2014 1969 2015
f 2016 1970 1971
f 2015 1970 2016
f 2017 1971 1972
f 2016 1971 2017
f 2018 1972 1973
f 2017 1972 2018
f 2019 1973 1974
f 2018 1973 2019
f 2020 1974 1975
f 2019 1974 2020
f 2021 1975 1976
f 2020 1975 2021
f 2022 1976 1977
f 2021 1976 2022
f 2023 1977 1978
f 2022 1977 2023
f 2024 1978 1979
f 2023 1978 2024
f 2025 1979 1980
f 2024 1979 2025
f 2026 1980 1981
f 2025 1980 2026
f 2027 1981 1982
f 2026 1981 2027
f 2028 1982 1983
f 2027 1982 2028
f 2029 1983 1984
f 2028 1983 2029
f 2030 1984 1985
f 2029 1984 2030
f 2031 1985 1986
f 2030 1985 2031
f 2032 1986 1987
f 2031 1986 2032
f 2033 1987 1988
f 2032 1987 2033
f 2034 1988 1989
f 2033 1988 2034
f 2035 1989 1990
f 2034 1989 2035
f 2036 1990 1991
f 2035 1990 2036
f 2037 1991 1992
f 2036 1991 2037
f 2038 1992 1993
f 2037 1992 2038
f 2039 1993 1994
f 2038 1993 2039
f 2040 1994 1995
f 2039 1994 2040
f 2041 1995 1996
f 2040 1995 2041
f 2042 1996 1997
f 2041 1996 2042
f 2043 1997 1998
f 2042 1997 2043
f 2044 1998 1999
f 2043 1998 2044
f 2045 1999 2000
f 2044 1999 2045
f 2046 2000 2001
f 2045 2000 2046
f 2047 2001 2002
f 2046 2001 2047
f 2048 2002 2003
f 2047 2002 2048
f 2049 2003 2004
f 2048 2003 2049
f 2050 2004 2005
f 2049 2004 2050
f 2051 2005 2006
f 2050 2005 2051
f 2052 2006 2007
f 2051 2006 2052
f 2008 2054 2053
f 2052 2008 2053
f 2007 2008 2052
f 2054 2008 2009
f 2057 2056 2055
f 2055 2056 2011
f 2010 2055 2011
f 2058 2055 2010
f 2059 2010 2012
f 2058 2010 2059
f 2060 2012 2013
f 2059 2012 2060
f 2061 2013 2014
f 2060 2013 2061
f 2062 2014 2015
f 2061 2014 2062
f 2063 2015 2016
f 2062 2015 2063
f 2064 2016 2017
f 2063 2016 2064
f 2065 2017 2018
f 2064 2017 2065
f 2066 2018 2019
f 2065 2018 2066
f 2067 2019 2020
f 2066 2019 2067
f 2068 2020 2021
f 2067 2020 2068
f 2069 2021 2022
f 2068 2021 2069
f 2070 2022 2023
f 2069 2022 2070
f 2071 2023 2024
f 2070 2023 2071
f 2072 2024 2025
f 2071 2024 2072
f 2073 2025 2026
f 2072 2025 2073
f 2074 2026 2027
f 2073 2026 2074
f 2075 2027 2028
f 2074 2027 2075
f 2076 2028 2029
f 2075 2028 2076
f 2077 2029 2030
f 2076 2029 2077
f 2078 2030 2031
f 2077 2030 2078
f 2079 2031 2032
f 2078 2031 2079
f 2080 2032 2033
f 2079 2032 2080
f 2081 2033 2034
f 2080 2033 2081
f 2082 2034 2035
f 2081 2034 2082
f 2083 2035 2036
f 2082 2035 2083
f 2084 2036 2037
f 2083 2036 2084
f 2085 2037 2038
f 2084 2037 2085
f 2086 2038 2039
f 2085 2038 2086
f 2087 2039 2040
f 2086 2039 2087
f 2088 2040 2041
f 2087 2040 2088
f 2089 2041 2042
f 2088 2041 2089
f 2090 2042 2043
f 2089 2042 2090
f 2091 2043 2044
f 2090 2043 2091
f 2092 2044 2045
f 2091 2044 2092
f 2093 2045 2046
f 2092 2045 2093
f 2094 2046 2047
f 2093 2046 2094
f 2095 2047 2048
f 2094 2047 2095
f 2096 2048 2049
f 2095 2048 2096
f 2097 2049 2050
f 2096 2049 2097
f 2098 2050 2051
f 2097 2050 2098
f 2099 2051 2052
f 2098 2051 2099
f 2052 2053 2100
f 2052 2100 2099
f 2057 2055 2101
f 2057 2101 2102
f 2103 2055 2058
f 2101 2055 2103
f 2104 2058 2059
f 2103 2058 2104
f 2105 2059 2060
f 2104 2059 2105
f 2106 2060 2061
f 2105 2060 2106
f 2107 2061 2062
f 2106 2061 2107
f 2108 2062 2063
f 2107 2062 2108
f 2109 2063 2064
f 2108 2063 2109
f 2110 2064 2065
f 2109 2064 2110
f 2111 2065 2066
f 2110 2065 2111
f 2112 2066 2067
f 2111 2066 2112
f 2113 2067 2068
f 2112 2067 2113
f 2114 2068 2069
f 2113 2068 2114
f 2115 2069 2070
f 2114 2069 2115
f 2116 2070 2071
f 2115 2070 2116
f 2117 2071 2072
f 2116 2071 2117
f 2118 2072 2073
f 2117 2072 2118
f 2119 2073 2074
f 2118 2073 2119
f 2120 2074 2075
f 2119 2074 2120
f 2121 2075 2076
f 2120 2075 2121
f 2122 2076 2077
f 2121 2076 2122
f 2123 2077 2078
f 2122 2077 2123
f 2124 2078 2079
f 2123 2078 2124
f 2125 2079 2080
f 2124 2079 2125
f 2126 2080 2081
f 2125 2080 2126
f 2127 2081 2082
f 2126 2081 2127
f 2128 2082 2083
f 2127 2082 2128
f 2129 2083 2084
f 2128 2083 2129
f 2130 2084 2085
f 2129 2084 2130
f 2131 2085 2086
f 2130 2085 2131
f 2132 2086 2087
f 2131 2086 2132
f 2133 2087 2088
f 2132 2087 2133
f 2134 2088 2089
f 2133 2088 2134
f 2135 2089 2090
f 2134 2089 2135
f 2136 2090 2091
f 2135 2090 2136
f 2137 2091 2092
f 2136 2091 2137
f 2138 2092 2093
f 2137 2092 2138
f 2139 2093 2094
f 2138 2093 2139
f 2140 2094 2095
f 2139 2094 2140
f 2141 2095 2096
f 2140 2095 2141
f 2142 2096 2097
f 2141 2096 2142
f 2143 2097 2098
f 2142 2097 2143
f 2144 2098 2099
f 2143 2098 2144
f 2099 2100 2145
f 2146 2099 2145
f 2144 2099 2146
f 2147 2146 2145
f 2148 2102 2101
f 87 2149 86
f 2149 2101 86
f 2101 2103 86
f 2149 2148 2101
f 86 2103 88
f 2103 2150 88
f 2103 2104 2150
f 2151 2104 2105
f 2150 2104 2151
f 2152 2105 2106
f 2151 2105 2152
f 2153 2106 2107
f 2152 2106 2153
f 2154 2107 2108
f 2153 2107 2154
f 2155 2108 2109
f 2154 2108 2155
f 2156 2109 2110
f 2155 2109 2156
f 2157 2110 2111
f 2156 2110 2157
f 2158 2111 2112
f 2157 2111 2158
f 2159 2112 2113
f 2158 2112 2159
f 2160 2113 2114
f 2159 2113 2160
f 2161 2114 2115
f 2160 2114 2161
f 2162 2115 2116
f 2161 2115 2162
f 2163 2116 2117
f 2162 2116 2163
f 2164 2117 2118
f 2163 2117 2164
f 2165 2118 2119
f 2164 2118 2165
f 2166 2119 2120
f 2165 2119 2166
f 2167 2120 2121
f 2166 2120 2167
f 2168 2121 2122
f 2167 2121 2168
f 2169 2122 2123
f 2168 2122 2169
f 2170 2123 2124
f 2169 2123 2170
f 2171 2124 2125
f 2170 2124 2171
f 2172 2125 2126
f 2171 2125 2172
f 2173 2126 2127
f 2172 2126 2173
f 2174 2127 2128
f 2173 2127 2174
f 2175 2128 2129
f 2174 2128 2175
f 2176 2129 2130
f 2175 2129 2176
f 2177 2130 2131
f 2176 2130 2177
f 2178 2131 2132
f 2177 2131 2178
f 2179 2132 2133
f 2178 2132 2179
f 2180 2133 2134
f 2179 2133 2180
f 2181 2134 2135
f 2180 2134 2181
f 2182 2135 2136
f 2181 2135 2182
f 2183 2136 2137
f 2182 2136 2183
f 2184 2137 2138
f 2183 2137 2184
f 2185 2138 2139
f 2184 2138 2185
f 2186 2139 2140
f 2185 2139 2186
f 2187 2140 2141
f 2186 2140 2187
f 2188 2141 2142
f 2187 2141 2188
f 2189 2142 2143
f 2188 2142 2189
f 2190 2143 2144
f 2189 2143 2190
f 2146 2192 2191
f 2190 2146 2191
f 2144 2146 2190
f 2192 2146 2147
f 2195 2194 2193
f 2196 2193 89
f 2193 2149 89
f 2149 87 89
f 2149 2193 2194
f 88 2150 89
f 2150 2196 89
f 2150 2197 2196
f 2198 2150 2151
f 2197 2150 2198
f 2199 2151 2152
f 2198 2151 2199
f 2200 2152 2153
f 2199 2152 2200
f 2201 2153 2154
f 2200 2153 2201
f 2202 2154 2155
f 2201 2154 2202
f 2203 2155 2156
f 2202 2155 2203
f 2204 2156 2157
f 2203 2156 2204
f 2205 2157 2158
f 2204 2157 2205
f 2206 2158 2159
f 2205 2158 2206
f 2207 2159 2160
f 2206 2159 2207
f 2208 2160 2161
f 2207 2160 2208
f 2209 2161 2162
f 2208 2161 2209
f 2210 2162 2163
f 2209 2162 2210
f 2211 2163 2164
f 2210 2163 2211
f 2212 2164 2165
f 2211 2164 2212
f 2213 2165 2166
f 2212 2165 2213
f 2214 2166 2167
f 2213 2166 2214
f 2215 2167 2168
f 2214 2167 2215
f 2216 2168 2169
f 2215 2168 2216
f 2217 2169 2170
f 2216 2169 2217
f 2218 2170 2171
f 2217 2170 2218
f 2219 2171 2172
f 2218 2171 2219
f 2220 2172 2173
f 2219 2172 2220
f 2221 2173 2174
f 2220 2173 2221
f 2222 2174 2175
f 2221 2174 2222
f 2223 2175 2176
f 2222 2175 2223
f 2224 2176 2177
f 2223 2176 2224
f 2225 2177 2178
f 2224 2177 2225
f 2226 2178 2179
f 2225 2178 2226
f 2227 2179 2180
f 2226 2179 2227
f 2228 2180 2181
f 2227 2180 2228
f 2229 2181 2182
f 2228 2181 2229
f 2230 2182 2183
f 2229 2182 2230
f 2231 2183 2184
f 2230 2183 2231
f 2232 2184 2185
f 2231 2184 2232
f 2233 2185 2186
f 2232 2185 2233
f 2234 2186 2187
f 2233 2186 2234
f 2235 2187 2188
f 2234 2187 2235
f 2236 2188 2189
f 2235 2188 2236
f 2237 2189 2190
f 2236 2189 2237
f 2190 2191 2238
f 2190 2238 2237
f 2239 2195 2193
f 92 2240 91
f 2240 2193 91
f 2193 2196 91
f 2240 2239 2193
f 91 2196 93
f 2196 2241 93
f 2196 2197 2241
f 96 2241 95
f 2241 2198 95
f 2241 2197 2198
f 95 2198 97
f 2198 2242 97
f 2198 2199 2242
f 2243 2199 2200
f 2242 2199 2243
f 2244 2200 2201
f 2243 2200 2244
f 2245 2201 2202
f 2244 2201 2245
f 2246 2202 2203
f 2245 2202 2246
f 100 2246 99
f 2246 2204 99
f 2246 2203 2204
f 99 2204 101
f 2204 2247 101
f 2204 2205 2247
f 2248 2205 2206
f 2247 2205 2248
f 2249 2206 2207
f 2248 2206 2249
f 2250 2207 2208
f 2249 2207 2250
f 2251 2208 2209
f 2250 2208 2251
f 2252 2209 2210
f 2251 2209 2252
f 2253 2210 2211
f 2252 2210 2253
f 2254 2211 2212
f 2253 2211 2254
f 2255 2212 2213
f 2254 2212 2255
f 2256 2213 2214
f 2255 2213 2256
f 2257 2214 2215
f 2256 2214 2257
f 2258 2215 2216
f 2257 2215 2258
f 2259 2216 2217
f 2258 2216 2259
f 2260 2217 2218
f 2259 2217 2260
f 2261 2218 2219
f 2260 2218 2261
f 2262 2219 2220
f 2261 2219 2262
f 2263 2220 2221
f 2262 2220 2263
f 2264 2221 2222
f 2263 2221 2264
f 2265 2222 2223
f 2264 2222 2265
f 2266 2223 2224
f 2265 2223 2266
f 2267 2224 2225
f 2266 2224 2267
f 2268 2225 2226
f 2267 2225 2268
f 2269 2226 2227
f 2268 2226 2269
f 2270 2227 2228
f 2269 2227 2270
f 2271 2228 2229
f 2270 2228 2271
f 2272 2229 2230
f 2271 2229 2272
f 2273 2230 2231
f 2272 2230 2273
f 104 2273 103
f 2273 2232 103
f 2273 2231 2232
f 103 2232 105
f 2232 2274 105
f 2232 2233 2274
f 2275 2233 2234
f 2274 2233 2275
f 2276 2234 2235
f 2275 2234 2276
f 2277 2235 2236
f 2276 2235 2277
f 2278 2236 2237
f 2277 2236 2278
f 2237 2238 2279
f 2280 2237 2279
f 2278 2237 2280
f 2281 2280 2279
f 2282 2240 92
f 2282 92 106
f 106 93 2241
f 2283 106 2241
f 2282 106 2283
f 2283 2241 96
f 107 2283 96
f 2284 2283 107
f 107 97 2242
f 2285 107 2242
f 2284 107 2285
f 2287 2286 2285
f 2242 2287 2285
f 2243 2287 2242
f 2244 2289 2288
f 2287 2244 2288
f 2243 2244 2287
f 2289 2244 2245
f 2289 2245 2290
f 2290 2245 2246
f 2290 2246 2291
f 2291 2246 100
f 108 2291 100
f 2292 2291 108
f 108 101 2247
f 2293 108 2247
f 2292 108 2293
f 2293 2247 2248
f 2293 2248 2294
f 2294 2248 2249
f 2294 2249 2295
f 2295 2249 2250
f 2295 2250 2296
f 2296 2250 2251
f 2296 2251 2297
f 2297 2251 2252
f 2297 2252 2298
f 2298 2252 2253
f 2298 2253 2299
f 2301 2300 2299
f 2253 2301 2299
f 2254 2301 2253
f 2255 2303 2302
f 2301 2255 2302
f 2254 2255 2301
f 2303 2255 2256
f 2303 2256 2304
f 2304 2256 2257
f 2304 2257 2305
f 2305 2257 2258
f 2305 2258 2306
f 2306 2258 2259
f 2306 2259 2307
f 2307 2259 2260
f 2307 2260 2308
f 2308 2260 2261
f 2308 2261 2309
f 2311 2310 2309
f 2261 2311 2309
f 2262 2311 2261
f 2263 2313 2312
f 2311 2263 2312
f 2262 2263 2311
f 2313 2263 2264
f 2313 2264 2314
f 2314 2264 2265
f 2314 2265 2315
f 2317 2316 2315
f 2265 2317 2315
f 2266 2317 2265
f 2267 2319 2318
f 2317 2267 2318
f 2266 2267 2317
f 2319 2267 2268
f 2319 2268 2320
f 2320 2268 2269
f 2320 2269 2321
f 2321 2269 2270
f 2321 2270 2322
f 2322 2270 2271
f 2322 2271 2323
f 2323 2271 2272
f 2323 2272 2324
f 2324 2272 2273
f 2324 2273 2325
f 2325 2273 104
f 109 2325 104
f 2326 2325 109
f 109 105 2274
f 2327 109 2274
f 2326 109 2327
f 2327 2274 2275
f 2327 2275 2328
f 2328 2275 2276
f 2328 2276 2329
f 2331 2330 2329
f 2276 2331 2329
f 2277 2331 2276
f 2278 2333 2332
f 2331 2278 2332
f 2277 2278 2331
f 2333 2278 2280
f 2333 2280 2334
f 2334 2280 2281
f 2336 2335 111
f 2336 111 112
f 2338 114 2337
f 114 2335 2337
f 114 111 2335
f 114 2338 115
f 2339 118 119
f 118 2339 122
f 122 2339 2340
f 122 2340 124
f 124 2340 2341
f 124 2341 126
f 126 2341 2342
f 126 2342 127
f 2343 130 131
f 130 2343 133
f 133 2343 2344
f 2346 2345 2344
f 2345 133 2344
f 2345 135 133
f 136 135 2347
f 2347 135 2345
f 2348 139 140
f 139 2348 143
f 143 2348 2349
f 143 2349 145
f 145 2349 2350
f 145 2350 146
f 2351 149 150
f 149 2351 153
f 153 2351 2352
f 153 2352 155
f 155 2352 2353
f 155 2353 156
f 2354 159 160
f 159 2354 163
f 163 2354 2355
f 2357 2356 2355
f 2356 163 2355
f 2356 165 163
f 166 165 2358
f 2358 165 2356
f 2359 169 170
f 169 2359 173
f 173 2359 2360
f 2362 2361 2360
f 2361 173 2360
f 2361 175 173
f 176 175 2363
f 2363 175 2361
f 2364 179 180
f 179 2364 183
f 183 2364 2365
f 183 2365 184
f 2366 191 192
f 191 2366 195
f 195 2366 2367
f 195 2367 196
f 2368 199 200
f 199 2368 202
f 2369 211 212
f 211 2369 214
f 2371 2370 218
f 218 2370 217
f 220 217 2370
f 220 2370 2372
f 112 221 2373
f 2374 112 2373
f 2336 112 2374
f 222 2373 221
f 2377 2376 2375
f 2372 2377 2375
f 266 2372 2375
f 220 2372 266
f 2374 2373 2378
f 2374 2378 2379
f 268 2378 222
f 222 2378 2373
f 2376 2380 2375
f 266 2375 2380
f 2381 266 2380
f 311 266 2381
f 2379 2378 313
f 314 2379 313
f 2382 2379 314
f 313 2378 268
f 2381 358 311
f 2383 358 2381
f 360 2382 314
f 360 2384 2382
f 2386 2385 404
f 404 2385 403
f 404 358 2383
f 404 2383 2386
f 360 405 2387
f 2388 360 2387
f 2384 360 2388
f 406 2387 405
f 2390 448 2389
f 448 2385 2389
f 448 403 2385
f 2391 2390 2389
f 2388 2387 450
f 451 2388 450
f 2392 2388 451
f 450 2387 406
f 2394 2393 2390
f 2393 448 2390
f 2393 494 448
f 2394 2390 2391
f 451 495 2395
f 2396 451 2395
f 2392 451 2396
f 496 2395 495
f 2393 2397 494
f 494 2397 539
f 541 539 2397
f 541 2397 2398
f 2396 2395 543
f 544 2396 543
f 2399 2396 544
f 543 2395 496
f 2400 587 588
f 2401 2400 588
f 541 2401 588
f 2398 2401 541
f 590 2403 2402
f 2399 590 2402
f 544 590 2399
f 2403 2404 2402
f 2405 633 2400
f 2400 633 587
f 2400 2401 2406
f 2400 2406 2405
f 2408 2407 2403
f 590 2408 2403
f 635 2408 590
f 2403 2407 2404
f 2405 677 633
f 679 677 2405
f 2406 679 2405
f 2409 679 2406
f 635 680 2410
f 2411 635 2410
f 2408 635 2411
f 682 2410 680
f 2409 725 679
f 2412 725 2409
f 2411 2410 727
f 728 2411 727
f 2413 2411 728
f 727 2410 682
f 2412 772 725
f 2414 772 2412
f 728 773 2415
f 2416 728 2415
f 2413 728 2416
f 774 2415 773
f 2414 817 772
f 2417 817 2414
f 2416 2415 819
f 820 2416 819
f 2418 2416 820
f 819 2415 774
f 2420 2419 864
f 864 2419 863
f 864 817 2417
f 864 2417 2420
f 866 2418 820
f 866 2421 2418
f 2423 909 2422
f 909 2419 2422
f 909 863 2419
f 2424 2423 2422
f 911 2421 866
f 911 2425 2421
f 2427 953 2426
f 953 909 2426
f 2426 909 2423
f 2428 2426 2423
f 2423 2424 2428
f 953 2427 955
f 957 2425 911
f 957 2429 2425
f 2426 2430 2427
f 955 2427 2430
f 2431 955 2430
f 1001 955 2431
f 1003 2429 957
f 1003 2432 2429
f 2435 2434 2433
f 2431 2435 2433
f 1047 2431 2433
f 1001 2431 1047
f 1049 2432 1003
f 1049 2436 2432
f 2437 1092 1093
f 2434 2438 2433
f 2439 2433 2438
f 2439 1047 2433
f 2439 2437 1093
f 1047 2439 1093
f 1095 2436 1049
f 1095 2440 2436
f 1137 1092 2437
f 2443 2442 2441
f 1139 2441 2442
f 1139 2439 2441
f 1139 1137 2437
f 2439 1139 2437
f 1141 2440 1095
f 1141 2444 2440
f 2446 2445 2443
f 2445 1183 2443
f 1184 2442 2443
f 1184 2443 1183
f 1184 1139 2442
f 2445 2446 2447
f 1186 2444 1141
f 1186 2448 2444
f 2450 1228 2449
f 1228 1183 2449
f 2449 1183 2445
f 2451 2449 2445
f 2445 2447 2451
f 1228 2450 1230
f 1186 1231 2452
f 2453 1186 2452
f 2448 1186 2453
f 1232 2452 1231
f 2449 2454 2450
f 1230 2450 2454
f 2455 1230 2454
f 1275 1230 2455
f 2453 2452 1277
f 1278 2453 1277
f 2456 2453 1278
f 1277 2452 1232
f 2459 2458 2457
f 2455 2459 2457
f 1322 2455 2457
f 1275 2455 1322
f 1324 2456 1278
f 1324 2460 2456
f 2461 1366 1367
f 2458 2462 2457
f 2463 2457 2462
f 2463 1322 2457
f 2463 2461 1367
f 1322 2463 1367
f 1369 2460 1324
f 1369 2464 2460
f 2461 1411 1366
f 1413 1411 2461
f 2463 1413 2461
f 2465 1413 2463
f 1369 1414 2466
f 2467 1369 2466
f 2464 1369 2467
f 1415 2466 1414
f 2465 1458 1413
f 2468 1458 2465
f 2467 2466 2469
f 2467 2469 2470
f 1459 2469 1415
f 1415 2469 2466
f 2473 2472 2471
f 2468 2473 2471
f 1502 2468 2471
f 1458 2468 1502
f 2470 2469 1504
f 1505 2470 1504
f 2474 2470 1505
f 1504 2469 1459
f 2475 1547 1548
f 2472 2476 2471
f 2477 2471 2476
f 2477 1502 2471
f 2477 2475 1548
f 1502 2477 1548
f 1550 2474 1505
f 1550 2478 2474
f 2475 1593 1547
f 1594 1593 2475
f 2477 1594 2475
f 2479 1594 2477
f 1596 2478 1550
f 1596 2480 2478
f 2479 1640 1594
f 2481 1640 2479
f 1596 1641 2482
f 2483 1596 2482
f 2480 1596 2483
f 1642 2482 1641
f 2484 1685 1686
f 2485 2484 1686
f 1640 2485 1686
f 2481 2485 1640
f 2483 2482 1688
f 1689 2483 1688
f 2486 2483 1689
f 1688 2482 1642
f 1732 1685 2484
f 2489 2488 2487
f 1734 2487 2488
f 1734 2485 2487
f 1734 1732 2484
f 2485 1734 2484
f 1736 2486 1689
f 1736 2490 2486
f 2491 1779 1780
f 2489 2492 2488
f 2493 2488 2492
f 2493 1734 2488
f 2493 2491 1780
f 1734 2493 1780
f 1782 2490 1736
f 1782 2494 2490
f 2491 1824 1779
f 1826 1824 2491
f 2493 1826 2491
f 2495 1826 2493
f 1828 2494 1782
f 1828 2496 2494
f 2499 2498 2497
f 2495 2499 2497
f 1872 2495 2497
f 1826 2495 1872
f 1828 1873 2500
f 2501 1828 2500
f 2496 1828 2501
f 1874 2500 1873
f 2497 2498 2502
f 2502 2498 2503
f 2502 1917 1872
f 2502 1872 2497
f 2501 2500 1919
f 1920 2501 1919
f 2504 2501 1920
f 1919 2500 1874
f 2502 2503 2505
f 2505 2503 2506
f 2505 1964 1917
f 2505 1917 2502
f 1920 1965 2507
f 2508 1920 2507
f 2504 1920 2508
f 1966 2507 1965
f 2506 2509 2505
f 1964 2505 2509
f 2510 1964 2509
f 2009 1964 2510
f 2508 2507 2511
f 2508 2511 2512
f 2011 2511 1966
f 1966 2511 2507
f 2513 2053 2054
f 2514 2513 2054
f 2009 2514 2054
f 2510 2514 2009
f 2512 2511 2056
f 2057 2512 2056
f 2515 2512 2057
f 2056 2511 2011
f 2516 2100 2513
f 2513 2100 2053
f 2513 2514 2517
f 2513 2517 2516
f 2102 2515 2057
f 2102 2518 2515
f 2520 2145 2519
f 2145 2100 2519
f 2519 2100 2516
f 2521 2519 2516
f 2516 2517 2521
f 2145 2520 2147
f 2102 2148 2522
f 2523 2102 2522
f 2518 2102 2523
f 2149 2522 2148
f 2524 2191 2192
f 2519 2525 2520
f 2526 2520 2525
f 2526 2147 2520
f 2526 2524 2192
f 2147 2526 2192
f 2523 2522 2194
f 2195 2523 2194
f 2527 2523 2195
f 2194 2522 2149
f 2529 2528 2524
f 2528 2191 2524
f 2528 2238 2191
f 2529 2524 2526
f 2530 2527 2195
f 2530 2195 2239
f 2239 2240 2530
f 2530 2240 2531
f 2279 2238 2532
f 2238 2533 2532
f 2238 2528 2533
f 2532 2281 2279
f 2240 2282 2534
f 2535 2240 2534
f 2531 2240 2535
f 2283 2536 2282
f 2282 2536 2534
f 2284 2537 2283
f 2283 2537 2536
f 2285 2538 2284
f 2284 2538 2537
f 2286 2538 2285
f 2539 2288 2289
f 2290 2540 2289
f 2289 2540 2539
f 2291 2541 2290
f 2290 2541 2540
f 2292 2542 2291
f 2291 2542 2541
f 2293 2543 2292
f 2292 2543 2542
f 2294 2544 2293
f 2293 2544 2543
f 2295 2545 2294
f 2294 2545 2544
f 2296 2546 2295
f 2295 2546 2545
f 2297 2547 2296
f 2296 2547 2546
f 2298 2548 2297
f 2297 2548 2547
f 2299 2549 2298
f 2298 2549 2548
f 2300 2549 2299
f 2550 2302 2303
f 2304 2551 2303
f 2303 2551 2550
f 2305 2552 2304
f 2304 2552 2551
f 2306 2553 2305
f 2305 2553 2552
f 2307 2554 2306
f 2306 2554 2553
f 2308 2555 2307
f 2307 2555 2554
f 2309 2556 2308
f 2308 2556 2555
f 2310 2556 2309
f 2557 2312 2313
f 2314 2558 2313
f 2313 2558 2557
f 2315 2559 2314
f 2314 2559 2558
f 2316 2559 2315
f 2560 2318 2319
f 2320 2561 2319
f 2319 2561 2560
f 2321 2562 2320
f 2320 2562 2561
f 2322 2563 2321
f 2321 2563 2562
f 2323 2564 2322
f 2322 2564 2563
f 2324 2565 2323
f 2323 2565 2564
f 2325 2566 2324
f 2324 2566 2565
f 2326 2567 2325
f 2325 2567 2566
f 2327 2568 2326
f 2326 2568 2567
f 2328 2569 2327
f 2327 2569 2568
f 2329 2570 2328
f 2328 2570 2569
f 2330 2570 2329
f 2571 2332 2333
f 2533 2572 2532
f 2572 2333 2532
f 2333 2334 2532
f 2333 2572 2571
f 2532 2334 2281
f 2336 2573 2335
f 2573 2574 2335
f 2335 2574 2337
f 2574 2575 2337
f 2575 2576 2337
f 2576 2575 2577
f 2577 2575 2578
f 2577 2578 2579
f 2579 2578 2580
f 2579 2580 2581
f 2581 2580 2582
f 2581 2582 2583
f 2583 2582 2584
f 2583 2584 2585
f 2585 2584 2586
f 2585 2586 2587
f 2587 2586 2588
f 2587 2588 2589
f 2589 2588 2590
f 2589 2590 2591
f 2591 2590 2592
f 2591 2592 2346
f 2592 2345 2346
f 2592 2593 2345
f 2347 2345 2594
f 2345 2595 2594
f 2345 2593 2595
f 2594 2595 2596
f 2596 2595 2597
f 2596 2597 2598
f 2598 2597 2599
f 2598 2599 2600
f 2600 2599 2601
f 2600 2601 2602
f 2602 2601 2603
f 2602 2603 2604
f 2604 2603 2605
f 2604 2605 2606
f 2606 2605 2607
f 2606 2607 2608
f 2608 2607 2609
f 2608 2609 2610
f 2610 2609 2611
f 2610 2611 2612
f 2612 2611 2613
f 2612 2613 2614
f 2614 2613 2615
f 2614 2615 2357
f 2615 2356 2357
f 2615 2616 2356
f 2358 2356 2617
f 2356 2618 2617
f 2356 2616 2618
f 2617 2618 2619
f 2619 2618 2620
f 2619 2620 2621
f 2621 2620 2622
f 2621 2622 2362
f 2622 2361 2362
f 2622 2623 2361
f 2363 2361 2624
f 2361 2625 2624
f 2361 2623 2625
f 2624 2625 2626
f 2626 2625 2627
f 2626 2627 2628
f 2628 2627 2629
f 2628 2629 2630
f 2630 2629 2631
f 2630 2631 2632
f 2632 2631 2633
f 2632 2633 2634
f 2634 2633 2635
f 2634 2635 2636
f 2636 2635 2637
f 2636 2637 2638
f 2638 2637 2639
f 2638 2639 2640
f 2640 2639 2641
f 2640 2641 2642
f 2642 2641 2643
f 2642 2643 2644
f 2644 2643 2645
f 2644 2645 2646
f 2646 2645 2647
f 2646 2647 2648
f 2648 2647 2649
f 2648 2649 2650
f 2650 2649 2651
f 2650 2651 2652
f 2652 2651 2653
f 2652 2653 2654
f 2654 2653 2655
f 2655 2657 2656
f 2655 2656 2370
f 2654 2655 2370
f 2371 2654 2370
f 2656 2372 2370
f 2374 2658 2573
f 2374 2573 2336
f 2574 2573 2659
f 2659 2573 2658
f 2656 2657 2377
f 2657 2376 2377
f 2657 2660 2376
f 2656 2377 2372
f 2379 2661 2658
f 2379 2658 2374
f 2659 2658 2662
f 2662 2658 2661
f 2380 2376 2663
f 2376 2664 2663
f 2376 2660 2664
f 2663 2381 2380
f 2382 2665 2661
f 2382 2661 2379
f 2662 2661 2666
f 2666 2661 2665
f 2663 2664 2667
f 2667 2664 2668
f 2667 2383 2381
f 2667 2381 2663
f 2384 2669 2665
f 2384 2665 2382
f 2666 2665 2670
f 2670 2665 2669
f 2667 2668 2386
f 2668 2385 2386
f 2668 2671 2385
f 2667 2386 2383
f 2388 2672 2669
f 2388 2669 2384
f 2670 2669 2673
f 2673 2669 2672
f 2389 2385 2674
f 2385 2675 2674
f 2385 2671 2675
f 2674 2391 2389
f 2392 2676 2672
f 2392 2672 2388
f 2673 2672 2677
f 2677 2672 2676
f 2674 2675 2394
f 2675 2393 2394
f 2675 2678 2393
f 2674 2394 2391
f 2396 2679 2676
f 2396 2676 2392
f 2677 2676 2680
f 2680 2676 2679
f 2397 2393 2681
f 2393 2682 2681
f 2393 2678 2682
f 2681 2398 2397
f 2399 2683 2679
f 2399 2679 2396
f 2680 2679 2684
f 2684 2679 2683
f 2681 2682 2685
f 2685 2682 2686
f 2685 2401 2398
f 2685 2398 2681
f 2402 2683 2399
f 2402 2404 2683
f 2404 2684 2683
f 2404 2687 2684
f 2685 2686 2688
f 2688 2686 2689
f 2688 2406 2401
f 2688 2401 2685
f 2408 2690 2407
f 2690 2691 2407
f 2691 2404 2407
f 2691 2687 2404
f 2688 2689 2692
f 2692 2689 2693
f 2692 2409 2406
f 2692 2406 2688
f 2411 2694 2690
f 2411 2690 2408
f 2691 2690 2695
f 2695 2690 2694
f 2692 2693 2696
f 2696 2693 2697
f 2696 2412 2409
f 2696 2409 2692
f 2413 2698 2694
f 2413 2694 2411
f 2695 2694 2699
f 2699 2694 2698
f 2696 2697 2700
f 2700 2697 2701
f 2700 2414 2412
f 2700 2412 2696
f 2416 2702 2698
f 2416 2698 2413
f 2699 2698 2703
f 2703 2698 2702
f 2700 2701 2704
f 2704 2701 2705
f 2704 2417 2414
f 2704 2414 2700
f 2418 2706 2702
f 2418 2702 2416
f 2703 2702 2707
f 2707 2702 2706
f 2704 2705 2420
f 2705 2419 2420
f 2705 2708 2419
f 2704 2420 2417
f 2421 2709 2706
f 2421 2706 2418
f 2707 2706 2710
f 2710 2706 2709
f 2422 2419 2711
f 2419 2712 2711
f 2419 2708 2712
f 2711 2424 2422
f 2425 2713 2709
f 2425 2709 2421
f 2710 2709 2714
f 2714 2709 2713
f 2711 2712 2428
f 2712 2426 2428
f 2712 2715 2426
f 2711 2428 2424
f 2429 2716 2713
f 2429 2713 2425
f 2714 2713 2717
f 2717 2713 2716
f 2430 2426 2718
f 2426 2719 2718
f 2426 2715 2719
f 2718 2431 2430
f 2432 2720 2716
f 2432 2716 2429
f 2717 2716 2721
f 2721 2716 2720
f 2718 2719 2435
f 2719 2434 2435
f 2719 2722 2434
f 2718 2435 2431
f 2436 2723 2720
f 2436 2720 2432
f 2721 2720 2724
f 2724 2720 2723
f 2438 2434 2725
f 2434 2726 2725
f 2434 2722 2726
f 2725 2439 2438
f 2440 2727 2723
f 2440 2723 2436
f 2724 2723 2728
f 2728 2723 2727
f 2725 2726 2441
f 2726 2443 2441
f 2726 2729 2443
f 2725 2441 2439
f 2444 2730 2727
f 2444 2727 2440
f 2728 2727 2731
f 2731 2727 2730
f 2446 2443 2732
f 2443 2733 2732
f 2443 2729 2733
f 2732 2447 2446
f 2448 2734 2730
f 2448 2730 2444
f 2731 2730 2735
f 2735 2730 2734
f 2732 2733 2451
f 2733 2449 2451
f 2733 2736 2449
f 2732 2451 2447
f 2453 2737 2734
f 2453 2734 2448
f 2735 2734 2738
f 2738 2734 2737
f 2454 2449 2739
f 2449 2740 2739
f 2449 2736 2740
f 2739 2455 2454
f 2456 2741 2737
f 2456 2737 2453
f 2738 2737 2742
f 2742 2737 2741
f 2739 2740 2459
f 2740 2458 2459
f 2740 2743 2458
f 2739 2459 2455
f 2460 2744 2741
f 2460 2741 2456
f 2742 2741 2745
f 2745 2741 2744
f 2462 2458 2746
f 2458 2747 2746
f 2458 2743 2747
f 2746 2463 2462
f 2464 2748 2744
f 2464 2744 2460
f 2745 2744 2749
f 2749 2744 2748
f 2746 2747 2750
f 2750 2747 2751
f 2750 2465 2463
f 2750 2463 2746
f 2467 2752 2748
f 2467 2748 2464
f 2749 2748 2753
f 2753 2748 2752
f 2750 2751 2754
f 2754 2751 2755
f 2754 2468 2465
f 2754 2465 2750
f 2470 2756 2752
f 2470 2752 2467
f 2753 2752 2757
f 2757 2752 2756
f 2754 2755 2473
f 2755 2472 2473
f 2755 2758 2472
f 2754 2473 2468
f 2474 2759 2756
f 2474 2756 2470
f 2757 2756 2760
f 2760 2756 2759
f 2476 2472 2761
f 2472 2762 2761
f 2472 2758 2762
f 2761 2477 2476
f 2478 2763 2759
f 2478 2759 2474
f 2760 2759 2764
f 2764 2759 2763
f 2762 2765 2761
f 2477 2761 2765
f 2766 2477 2765
f 2479 2477 2766
f 2480 2767 2763
f 2480 2763 2478
f 2764 2763 2768
f 2768 2763 2767
f 2771 2770 2769
f 2766 2771 2769
f 2481 2766 2769
f 2479 2766 2481
f 2483 2772 2767
f 2483 2767 2480
f 2768 2767 2773
f 2773 2767 2772
f 2769 2770 2774
f 2774 2770 2775
f 2774 2485 2481
f 2774 2481 2769
f 2777 2776 2772
f 2483 2777 2772
f 2486 2777 2483
f 2772 2776 2773
f 2774 2775 2487
f 2775 2489 2487
f 2775 2778 2489
f 2774 2487 2485
f 2490 2780 2779
f 2777 2490 2779
f 2486 2490 2777
f 2780 2781 2779
f 2492 2489 2782
f 2489 2783 2782
f 2489 2778 2783
f 2782 2493 2492
f 2494 2784 2780
f 2494 2780 2490
f 2781 2780 2785
f 2785 2780 2784
f 2782 2783 2786
f 2786 2783 2787
f 2786 2495 2493
f 2786 2493 2782
f 2496 2788 2784
f 2496 2784 2494
f 2785 2784 2789
f 2789 2784 2788
f 2786 2787 2499
f 2787 2498 2499
f 2787 2790 2498
f 2786 2499 2495
f 2501 2791 2788
f 2501 2788 2496
f 2789 2788 2792
f 2792 2788 2791
f 2790 2503 2498
f 2793 2503 2790
f 2504 2794 2791
f 2504 2791 2501
f 2792 2791 2795
f 2795 2791 2794
f 2797 2506 2796
f 2506 2793 2796
f 2506 2503 2793
f 2798 2797 2796
f 2508 2799 2794
f 2508 2794 2504
f 2795 2794 2800
f 2800 2794 2799
f 2802 2509 2801
f 2509 2506 2801
f 2801 2506 2797
f 2803 2801 2797
f 2797 2798 2803
f 2509 2802 2510
f 2512 2804 2799
f 2512 2799 2508
f 2800 2799 2805
f 2805 2799 2804
f 2801 2806 2802
f 2510 2802 2806
f 2807 2510 2806
f 2514 2510 2807
f 2515 2808 2804
f 2515 2804 2512
f 2805 2804 2809
f 2809 2804 2808
f 2812 2811 2810
f 2807 2812 2810
f 2517 2807 2810
f 2514 2807 2517
f 2518 2813 2808
f 2518 2808 2515
f 2809 2808 2814
f 2814 2808 2813
f 2810 2811 2521
f 2811 2519 2521
f 2811 2815 2519
f 2810 2521 2517
f 2523 2816 2813
f 2523 2813 2518
f 2814 2813 2817
f 2817 2813 2816
f 2525 2519 2818
f 2519 2819 2818
f 2519 2815 2819
f 2818 2526 2525
f 2527 2820 2816
f 2527 2816 2523
f 2817 2816 2821
f 2821 2816 2820
f 2818 2819 2529
f 2819 2528 2529
f 2819 2822 2528
f 2818 2529 2526
f 2530 2820 2527
f 2530 2531 2820
f 2531 2821 2820
f 2531 2823 2821
f 2822 2533 2528
f 2824 2533 2822
f 2535 2826 2825
f 2823 2535 2825
f 2531 2535 2823
f 2828 2827 2826
f 2826 2827 2825
f 2830 2829 2828
f 2828 2829 2827
f 2832 2831 2830
f 2830 2831 2829
f 2834 2833 2832
f 2832 2833 2831
f 2836 2835 2834
f 2834 2835 2833
f 2838 2837 2836
f 2836 2837 2835
f 2840 2839 2838
f 2838 2839 2837
f 2842 2841 2840
f 2840 2841 2839
f 2844 2843 2842
f 2842 2843 2841
f 2846 2845 2844
f 2844 2845 2843
f 2848 2847 2846
f 2846 2847 2845
f 2850 2849 2848
f 2848 2849 2847
f 2852 2851 2850
f 2850 2851 2849
f 2854 2853 2852
f 2852 2853 2851
f 2856 2855 2854
f 2854 2855 2853
f 2858 2857 2856
f 2856 2857 2855
f 2860 2859 2858
f 2858 2859 2857
f 2860 2861 2859
f 2864 2863 2862
f 2866 2865 2862
f 2862 2865 2864
f 2868 2867 2866
f 2866 2867 2865
f 2870 2869 2868
f 2868 2869 2867
f 2872 2871 2870
f 2870 2871 2869
f 2874 2873 2872
f 2872 2873 2871
f 2876 2875 2874
f 2874 2875 2873
f 2878 2877 2876
f 2876 2877 2875
f 2880 2879 2878
f 2878 2879 2877
f 2882 2881 2880
f 2880 2881 2879
f 2884 2883 2882
f 2882 2883 2881
f 2884 2885 2883
f 2888 2887 2886
f 2890 2889 2886
f 2886 2889 2888
f 2892 2891 2890
f 2890 2891 2889
f 2894 2893 2892
f 2892 2893 2891
f 2896 2895 2894
f 2894 2895 2893
f 2898 2897 2896
f 2896 2897 2895
f 2900 2899 2898
f 2898 2899 2897
f 2902 2901 2900
f 2900 2901 2899
f 2904 2903 2902
f 2902 2903 2901
f 2906 2905 2904
f 2904 2905 2903
f 2908 2907 2906
f 2906 2907 2905
f 2824 2907 2908
f 2572 2824 2908
f 2533 2824 2572
f 2574 2909 2575
f 2910 2578 2575
f 2910 2575 2909
f 2911 2580 2578
f 2911 2578 2910
f 2912 2582 2580
f 2912 2580 2911
f 2913 2584 2582
f 2913 2582 2912
f 2914 2586 2584
f 2914 2584 2913
f 2915 2588 2586
f 2915 2586 2914
f 2916 2590 2588
f 2916 2588 2915
f 2917 2592 2590
f 2917 2590 2916
f 2918 2593 2592
f 2918 2592 2917
f 2919 2595 2593
f 2919 2593 2918
f 2920 2597 2595
f 2920 2595 2919
f 2921 2599 2597
f 2921 2597 2920
f 2922 2601 2599
f 2922 2599 2921
f 2923 2603 2601
f 2923 2601 2922
f 2924 2605 2603
f 2924 2603 2923
f 2925 2607 2605
f 2925 2605 2924
f 2926 2609 2607
f 2926 2607 2925
f 2927 2611 2609
f 2927 2609 2926
f 2928 2613 2611
f 2928 2611 2927
f 2929 2615 2613
f 2929 2613 2928
f 2930 2616 2615
f 2930 2615 2929
f 2931 2618 2616
f 2931 2616 2930
f 2932 2620 2618
f 2932 2618 2931
f 2933 2622 2620
f 2933 2620 2932
f 2934 2623 2622
f 2934 2622 2933
f 2935 2625 2623
f 2935 2623 2934
f 2936 2627 2625
f 2936 2625 2935
f 2937 2629 2627
f 2937 2627 2936
f 2938 2631 2629
f 2938 2629 2937
f 2939 2633 2631
f 2939 2631 2938
f 2940 2635 2633
f 2940 2633 2939
f 2941 2637 2635
f 2941 2635 2940
f 2942 2639 2637
f 2942 2637 2941
f 2943 2641 2639
f 2943 2639 2942
f 2944 2643 2641
f 2944 2641 2943
f 2945 2645 2643
f 2945 2643 2944
f 2946 2647 2645
f 2946 2645 2945
f 2947 2649 2647
f 2947 2647 2946
f 2948 2651 2649
f 2948 2649 2947
f 2949 2653 2651
f 2949 2651 2948
f 2950 2655 2653
f 2950 2653 2949
f 2950 2657 2655
f 2659 2951 2909
f 2659 2909 2574
f 2909 2952 2910
f 2909 2951 2952
f 2910 2953 2911
f 2910 2952 2953
f 2911 2954 2912
f 2911 2953 2954
f 2912 2955 2913
f 2912 2954 2955
f 2913 2956 2914
f 2913 2955 2956
f 2914 2957 2915
f 2914 2956 2957
f 2915 2958 2916
f 2915 2957 2958
f 2916 2959 2917
f 2916 2958 2959
f 2917 2960 2918
f 2917 2959 2960
f 2918 2961 2919
f 2918 2960 2961
f 2919 2962 2920
f 2919 2961 2962
f 2920 2963 2921
f 2920 2962 2963
f 2921 2964 2922
f 2921 2963 2964
f 2922 2965 2923
f 2922 2964 2965
f 2923 2966 2924
f 2923 2965 2966
f 2924 2967 2925
f 2924 2966 2967
f 2925 2968 2926
f 2925 2967 2968
f 2926 2969 2927
f 2926 2968 2969
f 2927 2970 2928
f 2927 2969 2970
f 2928 2971 2929
f 2928 2970 2971
f 2929 2972 2930
f 2929 2971 2972
f 2930 2973 2931
f 2930 2972 2973
f 2931 2974 2932
f 2931 2973 2974
f 2932 2975 2933
f 2932 2974 2975
f 2933 2976 2934
f 2933 2975 2976
f 2934 2977 2935
f 2934 2976 2977
f 2935 2978 2936
f 2935 2977 2978
f 2936 2979 2937
f 2936 2978 2979
f 2937 2980 2938
f 2937 2979 2980
f 2938 2981 2939
f 2938 2980 2981
f 2939 2982 2940
f 2939 2981 2982
f 2940 2983 2941
f 2940 2982 2983
f 2941 2984 2942
f 2941 2983 2984
f 2942 2985 2943
f 2942 2984 2985
f 2943 2986 2944
f 2943 2985 2986
f 2944 2987 2945
f 2944 2986 2987
f 2945 2988 2946
f 2945 2987 2988
f 2946 2989 2947
f 2946 2988 2989
f 2947 2990 2948
f 2947 2989 2990
f 2948 2991 2949
f 2948 2990 2991
f 2949 2992 2950
f 2949 2991 2992
f 2992 2660 2657
f 2992 2657 2950
f 2662 2993 2951
f 2662 2951 2659
f 2951 2994 2952
f 2951 2993 2994
f 2952 2995 2953
f 2952 2994 2995
f 2953 2996 2954
f 2953 2995 2996
f 2954 2997 2955
f 2954 2996 2997
f 2955 2998 2956
f 2955 2997 2998
f 2956 2999 2957
f 2956 2998 2999
f 2957 3000 2958
f 2957 2999 3000
f 2958 3001 2959
f 2958 3000 3001
f 2959 3002 2960
f 2959 3001 3002
f 2960 3003 2961
f 2960 3002 3003
f 2961 3004 2962
f 2961 3003 3004
f 2962 3005 2963
f 2962 3004 3005
f 2963 3006 2964
f 2963 3005 3006
f 2964 3007 2965
f 2964 3006 3007
f 2965 3008 2966
f 2965 3007 3008
f 2966 3009 2967
f 2966 3008 3009
f 2967 3010 2968
f 2967 3009 3010
f 2968 3011 2969
f 2968 3010 3011
f 2969 3012 2970
f 2969 3011 3012
f 2970 3013 2971
f 2970 3012 3013
f 2971 3014 2972
f 2971 3013 3014
f 2972 3015 2973
f 2972 3014 3015
f 2973 3016 2974
f 2973 3015 3016
f 2974 3017 2975
f 2974 3016 3017
f 2975 3018 2976
f 2975 3017 3018
f 2976 3019 2977
f 2976 3018 3019
f 2977 3020 2978
f 2977 3019 3020
f 2978 3021 2979
f 2978 3020 3021
f 2979 3022 2980
f 2979 3021 3022
f 2980 3023 2981
f 2980 3022 3023
f 2981 3024 2982
f 2981 3023 3024
f 2982 3025 2983
f 2982 3024 3025
f 2983 3026 2984
f 2983 3025 3026
f 2984 3027 2985
f 2984 3026 3027
f 2985 3028 2986
f 2985 3027 3028
f 2986 3029 2987
f 2986 3028 3029
f 2987 3030 2988
f 2987 3029 3030
f 2988 3031 2989
f 2988 3030 3031
f 2989 3032 2990
f 2989 3031 3032
f 2990 3033 2991
f 2990 3032 3033
f 2991 3034 2992
f 2991 3033 3034
f 3034 2664 2660
f 3034 2660 2992
f 2666 3035 2993
f 2666 2993 2662
f 2993 3036 2994
f 2993 3035 3036
f 2994 3037 2995
f 2994 3036 3037
f 2995 3038 2996
f 2995 3037 3038
f 2996 3039 2997
f 2996 3038 3039
f 2997 3040 2998
f 2997 3039 3040
f 2998 3041 2999
f 2998 3040 3041
f 2999 3042 3000
f 2999 3041 3042
f 3000 3043 3001
f 3000 3042 3043
f 3001 3044 3002
f 3001 3043 3044
f 3002 3045 3003
f 3002 3044 3045
f 3003 3046 3004
f 3003 3045 3046
f 3004 3047 3005
f 3004 3046 3047
f 3005 3048 3006
f 3005 3047 3048
f 3006 3049 3007
f 3006 3048 3049
f 3007 3050 3008
f 3007 3049 3050
f 3008 3051 3009
f 3008 3050 3051
f 3009 3052 3010
f 3009 3051 3052
f 3010 3053 3011
f 3010 3052 3053
f 3011 3054 3012
f 3011 3053 3054
f 3012 3055 3013
f 3012 3054 3055
f 3013 3056 3014
f 3013 3055 3056
f 3014 3057 3015
f 3014 3056 3057
f 3015 3058 3016
f 3015 3057 3058
f 3016 3059 3017
f 3016 3058 3059
f 3017 3060 3018
f 3017 3059 3060
f 3018 3061 3019
f 3018 3060 3061
f 3019 3062 3020
f 3019 3061 3062
f 3020 3063 3021
f 3020 3062 3063
f 3021 3064 3022
f 3021 3063 3064
f 3022 3065 3023
f 3022 3064 3065
f 3023 3066 3024
f 3023 3065 3066
f 3024 3067 3025
f 3024 3066 3067
f 3025 3068 3026
f 3025 3067 3068
f 3026 3069 3027
f 3026 3068 3069
f 3027 3070 3028
f 3027 3069 3070
f 3028 3071 3029
f 3028 3070 3071
f 3029 3072 3030
f 3029 3071 3072
f 3030 3073 3031
f 3030 3072 3073
f 3031 3074 3032
f 3031 3073 3074
f 3032 3075 3033
f 3032 3074 3075
f 3033 3076 3034
f 3033 3075 3076
f 3076 2668 2664
f 3076 2664 3034
f 2670 3077 3035
f 2670 3035 2666
f 3035 3078 3036
f 3035 3077 3078
f 3036 3079 3037
f 3036 3078 3079
f 3037 3080 3038
f 3037 3079 3080
f 3038 3081 3039
f 3038 3080 3081
f 3039 3082 3040
f 3039 3081 3082
f 3040 3083 3041
f 3040 3082 3083
f 3041 3084 3042
f 3041 3083 3084
f 3042 3085 3043
f 3042 3084 3085
f 3043 3086 3044
f 3043 3085 3086
f 3044 3087 3045
f 3044 3086 3087
f 3045 3088 3046
f 3045 3087 3088
f 3046 3089 3047
f 3046 3088 3089
f 3047 3090 3048
f 3047 3089 3090
f 3048 3091 3049
f 3048 3090 3091
f 3049 3092 3050
f 3049 3091 3092
f 3050 3093 3051
f 3050 3092 3093
f 3051 3094 3052
f 3051 3093 3094
f 3052 3095 3053
f 3052 3094 3095
f 3053 3096 3054
f 3053 3095 3096
f 3054 3097 3055
f 3054 3096 3097
f 3055 3098 3056
f 3055 3097 3098
f 3056 3099 3057
f 3056 3098 3099
f 3057 3100 3058
f 3057 3099 3100
f 3058 3101 3059
f 3058 3100 3101
f 3059 3102 3060
f 3059 3101 3102
f 3060 3103 3061
f 3060 3102 3103
f 3061 3104 3062
f 3061 3103 3104
f 3062 3105 3063
f 3062 3104 3105
f 3063 3106 3064
f 3063 3105 3106
f 3064 3107 3065
f 3064 3106 3107
f 3065 3108 3066
f 3065 3107 3108
f 3066 3109 3067
f 3066 3108 3109
f 3067 3110 3068
f 3067 3109 3110
f 3068 3111 3069
f 3068 3110 3111
f 3069 3112 3070
f 3069 3111 3112
f 3070 3113 3071
f 3070 3112 3113
f 3071 3114 3072
f 3071 3113 3114
f 3072 3115 3073
f 3072 3114 3115
f 3073 3116 3074
f 3073 3115 3116
f 3074 3117 3075
f 3074 3116 3117
f 3075 3118 3076
f 3075 3117 3118
f 3118 2671 2668
f 3118 2668 3076
f 2673 3119 3077
f 2673 3077 2670
f 3077 3120 3078
f 3077 3119 3120
f 3078 3121 3079
f 3078 3120 3121
f 3079 3122 3080
f 3079 3121 3122
f 3080 3123 3081
f 3080 3122 3123
f 3081 3124 3082
f 3081 3123 3124
f 3126 3083 3125
f 3083 3124 3125
f 3083 3082 3124
f 3083 3126 3084
f 3084 3126 3127
f 3084 3127 3085
f 3085 3127 3128
f 3085 3128 3086
f 3086 3128 3129
f 3086 3129 3087
f 3087 3129 3130
f 3087 3130 3088
f 3088 3130 3131
f 3088 3131 3089
f 3089 3131 3132
f 3089 3132 3090
f 3090 3132 3133
f 3090 3133 3091
f 3091 3133 3134
f 3091 3134 3092
f 3092 3134 3135
f 3092 3135 3093
f 3093 3135 3136
f 3093 3136 3094
f 3094 3136 3137
f 3094 3137 3095
f 3095 3137 3138
f 3095 3138 3096
f 3096 3138 3139
f 3096 3139 3097
f 3097 3139 3140
f 3097 3140 3098
f 3098 3140 3141
f 3098 3141 3099
f 3099 3141 3142
f 3099 3142 3100
f 3100 3142 3143
f 3100 3143 3101
f 3101 3143 3144
f 3101 3144 3102
f 3102 3144 3145
f 3102 3145 3103
f 3103 3145 3146
f 3103 3146 3104
f 3104 3146 3147
f 3104 3147 3105
f 3105 3147 3148
f 3105 3148 3106
f 3106 3148 3149
f 3106 3149 3107
f 3107 3149 3150
f 3107 3150 3108
f 3108 3150 3151
f 3108 3151 3109
f 3109 3151 3152
f 3109 3152 3110
f 3110 3152 3153
f 3110 3153 3111
f 3111 3153 3154
f 3111 3154 3112
f 3112 3154 3155
f 3112 3155 3113
f 3113 3155 3156
f 3158 3157 3156
f 3157 3113 3156
f 3157 3114 3113
f 3114 3159 3115
f 3114 3157 3159
f 3115 3160 3116
f 3115 3159 3160
f 3116 3161 3117
f 3116 3160 3161
f 3117 3162 3118
f 3117 3161 3162
f 3162 2675 2671
f 3162 2671 3118
f 2677 3163 3119
f 2677 3119 2673
f 3119 3164 3120
f 3119 3163 3164
f 3120 3165 3121
f 3120 3164 3165
f 3121 3166 3122
f 3121 3165 3166
f 3122 3167 3123
f 3122 3166 3167
f 3123 3168 3124
f 3123 3167 3168
f 3125 3124 3169
f 3169 3124 3168
f 3158 3170 3157
f 3172 3171 3170
f 3171 3157 3170
f 3171 3159 3157
f 3159 3173 3160
f 3159 3171 3173
f 3160 3174 3161
f 3160 3173 3174
f 3161 3175 3162
f 3161 3174 3175
f 3175 2678 2675
f 3175 2675 3162
f 2680 3176 3163
f 2680 3163 2677
f 3163 3177 3164
f 3163 3176 3177
f 3164 3178 3165
f 3164 3177 3178
f 3165 3179 3166
f 3165 3178 3179
f 3166 3180 3167
f 3166 3179 3180
f 3182 3168 3181
f 3168 3180 3181
f 3168 3167 3180
f 3168 3182 3169
f 3171 3172 3183
f 3183 3172 3184
f 3171 3185 3173
f 3171 3183 3185
f 3173 3186 3174
f 3173 3185 3186
f 3174 3187 3175
f 3174 3186 3187
f 3187 2682 2678
f 3187 2678 3175
f 2684 3188 3176
f 2684 3176 2680
f 3176 3189 3177
f 3176 3188 3189
f 3177 3190 3178
f 3177 3189 3190
f 3178 3191 3179
f 3178 3190 3191
f 3179 3192 3180
f 3179 3191 3192
f 3181 3180 3193
f 3180 3194 3193
f 3180 3192 3194
f 3194 3195 3193
f 3183 3184 3196
f 3196 3184 3197
f 3183 3198 3185
f 3183 3196 3198
f 3185 3199 3186
f 3185 3198 3199
f 3186 3200 3187
f 3186 3199 3200
f 3200 2686 2682
f 3200 2682 3187
f 2687 3201 3188
f 2687 3188 2684
f 3188 3202 3189
f 3188 3201 3202
f 3189 3203 3190
f 3189 3202 3203
f 3190 3204 3191
f 3190 3203 3204
f 3191 3205 3192
f 3191 3204 3205
f 3207 3194 3206
f 3194 3205 3206
f 3194 3192 3205
f 3194 3207 3195
f 3196 3197 3208
f 3208 3197 3209
f 3196 3210 3198
f 3196 3208 3210
f 3198 3211 3199
f 3198 3210 3211
f 3199 3212 3200
f 3199 3211 3212
f 3212 2689 2686
f 3212 2686 3200
f 2691 3213 3201
f 2691 3201 2687
f 3201 3214 3202
f 3201 3213 3214
f 3202 3215 3203
f 3202 3214 3215
f 3203 3216 3204
f 3203 3215 3216
f 3204 3217 3205
f 3204 3216 3217
f 3206 3205 3218
f 3218 3205 3217
f 3208 3209 3219
f 3219 3209 3220
f 3208 3221 3210
f 3208 3219 3221
f 3210 3222 3211
f 3210 3221 3222
f 3211 3223 3212
f 3211 3222 3223
f 3223 2693 2689
f 3223 2689 3212
f 2695 3224 3213
f 2695 3213 2691
f 3213 3225 3214
f 3213 3224 3225
f 3214 3226 3215
f 3214 3225 3226
f 3215 3227 3216
f 3215 3226 3227
f 3216 3228 3217
f 3216 3227 3228
f 3218 3217 3229
f 3217 3230 3229
f 3217 3228 3230
f 3232 3231 3230
f 3230 3231 3229
f 3232 3233 3231
f 3236 3235 3234
f 3234 3237 3236
f 3219 3220 3238
f 3238 3220 3239
f 3219 3240 3221
f 3219 3238 3240
f 3221 3241 3222
f 3221 3240 3241
f 3222 3242 3223
f 3222 3241 3242
f 3242 2697 2693
f 3242 2693 3223
f 2699 3243 3224
f 2699 3224 2695
f 3224 3244 3225
f 3224 3243 3244
f 3225 3245 3226
f 3225 3244 3245
f 3226 3246 3227
f 3226 3245 3246
f 3227 3247 3228
f 3227 3246 3247
f 3228 3248 3230
f 3228 3247 3248
f 3230 3249 3232
f 3230 3248 3249
f 3233 3232 3250
f 3232 3251 3250
f 3232 3249 3251
f 3253 3252 3251
f 3251 3252 3250
f 3252 3253 3235
f 3253 3234 3235
f 3253 3254 3234
f 3237 3234 3255
f 3255 3234 3254
f 3238 3239 3256
f 3256 3239 3257
f 3238 3258 3240
f 3238 3256 3258
f 3240 3259 3241
f 3240 3258 3259
f 3241 3260 3242
f 3241 3259 3260
f 3260 2701 2697
f 3260 2697 3242
f 2703 3261 3243
f 2703 3243 2699
f 3243 3262 3244
f 3243 3261 3262
f 3244 3263 3245
f 3244 3262 3263
f 3245 3264 3246
f 3245 3263 3264
f 3246 3265 3247
f 3246 3264 3265
f 3247 3266 3248
f 3247 3265 3266
f 3248 3267 3249
f 3248 3266 3267
f 3249 3268 3251
f 3249 3267 3268
f 3251 3269 3253
f 3251 3268 3269
f 3253 3270 3254
f 3253 3269 3270
f 3255 3254 3271
f 3271 3254 3270
f 3256 3257 3272
f 3272 3257 3273
f 3256 3274 3258
f 3256 3272 3274
f 3258 3275 3259
f 3258 3274 3275
f 3259 3276 3260
f 3259 3275 3276
f 3276 2705 2701
f 3276 2701 3260
f 2707 3277 3261
f 2707 3261 2703
f 3261 3278 3262
f 3261 3277 3278
f 3262 3279 3263
f 3262 3278 3279
f 3263 3280 3264
f 3263 3279 3280
f 3264 3281 3265
f 3264 3280 3281
f 3265 3282 3266
f 3265 3281 3282
f 3266 3283 3267
f 3266 3282 3283
f 3267 3284 3268
f 3267 3283 3284
f 3268 3285 3269
f 3268 3284 3285
f 3269 3286 3270
f 3269 3285 3286
f 3271 3270 3287
f 3287 3270 3286
f 3272 3273 3288
f 3288 3273 3289
f 3272 3290 3274
f 3272 3288 3290
f 3274 3291 3275
f 3274 3290 3291
f 3275 3292 3276
f 3275 3291 3292
f 3292 2708 2705
f 3292 2705 3276
f 2710 3293 3277
f 2710 3277 2707
f 3277 3294 3278
f 3277 3293 3294
f 3278 3295 3279
f 3278 3294 3295
f 3279 3296 3280
f 3279 3295 3296
f 3280 3297 3281
f 3280 3296 3297
f 3281 3298 3282
f 3281 3297 3298
f 3282 3299 3283
f 3282 3298 3299
f 3283 3300 3284
f 3283 3299 3300
f 3284 3301 3285
f 3284 3300 3301
f 3285 3302 3286
f 3285 3301 3302
f 3287 3286 3303
f 3303 3286 3302
f 3288 3289 3304
f 3304 3289 3305
f 3288 3306 3290
f 3288 3304 3306
f 3290 3307 3291
f 3290 3306 3307
f 3291 3308 3292
f 3291 3307 3308
f 3308 2712 2708
f 3308 2708 3292
f 2714 3309 3293
f 2714 3293 2710
f 3293 3310 3294
f 3293 3309 3310
f 3294 3311 3295
f 3294 3310 3311
f 3295 3312 3296
f 3295 3311 3312
f 3296 3313 3297
f 3296 3312 3313
f 3297 3314 3298
f 3297 3313 3314
f 3298 3315 3299
f 3298 3314 3315
f 3299 3316 3300
f 3299 3315 3316
f 3300 3317 3301
f 3300 3316 3317
f 3301 3318 3302
f 3301 3317 3318
f 3303 3302 3319
f 3319 3302 3318
f 3304 3305 3320
f 3320 3305 3321
f 3304 3322 3306
f 3304 3320 3322
f 3306 3323 3307
f 3306 3322 3323
f 3307 3324 3308
f 3307 3323 3324
f 3324 2715 2712
f 3324 2712 3308
f 2717 3325 3309
f 2717 3309 2714
f 3309 3326 3310
f 3309 3325 3326
f 3310 3327 3311
f 3310 3326 3327
f 3311 3328 3312
f 3311 3327 3328
f 3312 3329 3313
f 3312 3328 3329
f 3313 3330 3314
f 3313 3329 3330
f 3314 3331 3315
f 3314 3330 3331
f 3315 3332 3316
f 3315 3331 3332
f 3316 3333 3317
f 3316 3332 3333
f 3317 3334 3318
f 3317 3333 3334
f 3319 3318 3335
f 3335 3318 3334
f 3338 3337 3336
f 3338 3336 3321
f 3336 3320 3321
f 3336 3339 3320
f 3320 3340 3322
f 3320 3339 3340
f 3322 3341 3323
f 3322 3340 3341
f 3323 3342 3324
f 3323 3341 3342
f 3342 2719 2715
f 3342 2715 3324
f 2721 3343 3325
f 2721 3325 2717
f 3325 3344 3326
f 3325 3343 3344
f 3326 3345 3327
f 3326 3344 3345
f 3327 3346 3328
f 3327 3345 3346
f 3328 3347 3329
f 3328 3346 3347
f 3329 3348 3330
f 3329 3347 3348
f 3330 3349 3331
f 3330 3348 3349
f 3331 3350 3332
f 3331 3349 3350
f 3332 3351 3333
f 3332 3350 3351
f 3333 3352 3334
f 3333 3351 3352
f 3335 3334 3353
f 3353 3334 3352
f 3337 3354 3336
f 3356 3355 3354
f 3355 3336 3354
f 3355 3339 3336
f 3339 3357 3340
f 3339 3355 3357
f 3340 3358 3341
f 3340 3357 3358
f 3341 3359 3342
f 3341 3358 3359
f 3359 2722 2719
f 3359 2719 3342
f 2724 3360 3343
f 2724 3343 2721
f 3343 3361 3344
f 3343 3360 3361
f 3344 3362 3345
f 3344 3361 3362
f 3345 3363 3346
f 3345 3362 3363
f 3346 3364 3347
f 3346 3363 3364
f 3347 3365 3348
f 3347 3364 3365
f 3348 3366 3349
f 3348 3365 3366
f 3349 3367 3350
f 3349 3366 3367
f 3350 3368 3351
f 3350 3367 3368
f 3351 3369 3352
f 3351 3368 3369
f 3353 3352 3370
f 3370 3352 3369
f 3355 3356 3371
f 3371 3356 3372
f 3355 3373 3357
f 3355 3371 3373
f 3357 3374 3358
f 3357 3373 3374
f 3358 3375 3359
f 3358 3374 3375
f 3375 2726 2722
f 3375 2722 3359
f 2728 3376 3360
f 2728 3360 2724
f 3360 3377 3361
f 3360 3376 3377
f 3361 3378 3362
f 3361 3377 3378
f 3362 3379 3363
f 3362 3378 3379
f 3363 3380 3364
f 3363 3379 3380
f 3364 3381 3365
f 3364 3380 3381
f 3365 3382 3366
f 3365 3381 3382
f 3366 3383 3367
f 3366 3382 3383
f 3367 3384 3368
f 3367 3383 3384
f 3368 3385 3369
f 3368 3384 3385
f 3370 3369 3386
f 3386 3369 3385
f 3371 3372 3387
f 3387 3372 3388
f 3371 3389 3373
f 3371 3387 3389
f 3373 3390 3374
f 3373 3389 3390
f 3374 3391 3375
f 3374 3390 3391
f 3391 2729 2726
f 3391 2726 3375
f 2731 3392 3376
f 2731 3376 2728
f 3376 3393 3377
f 3376 3392 3393
f 3377 3394 3378
f 3377 3393 3394
f 3378 3395 3379
f 3378 3394 3395
f 3379 3396 3380
f 3379 3395 3396
f 3380 3397 3381
f 3380 3396 3397
f 3381 3398 3382
f 3381 3397 3398
f 3382 3399 3383
f 3382 3398 3399
f 3383 3400 3384
f 3383 3399 3400
f 3384 3401 3385
f 3384 3400 3401
f 3386 3385 3402
f 3402 3385 3401
f 3387 3388 3403
f 3403 3388 3404
f 3387 3405 3389
f 3387 3403 3405
f 3389 3406 3390
f 3389 3405 3406
f 3390 3407 3391
f 3390 3406 3407
f 3407 2733 2729
f 3407 2729 3391
f 2735 3408 3392
f 2735 3392 2731
f 3392 3409 3393
f 3392 3408 3409
f 3393 3410 3394
f 3393 3409 3410
f 3394 3411 3395
f 3394 3410 3411
f 3395 3412 3396
f 3395 3411 3412
f 3396 3413 3397
f 3396 3412 3413
f 3397 3414 3398
f 3397 3413 3414
f 3398 3415 3399
f 3398 3414 3415
f 3399 3416 3400
f 3399 3415 3416
f 3400 3417 3401
f 3400 3416 3417
f 3402 3401 3418
f 3418 3401 3417
f 3403 3404 3419
f 3419 3404 3420
f 3403 3421 3405
f 3403 3419 3421
f 3405 3422 3406
f 3405 3421 3422
f 3406 3423 3407
f 3406 3422 3423
f 3423 2736 2733
f 3423 2733 3407
f 2738 3424 3408
f 2738 3408 2735
f 3408 3425 3409
f 3408 3424 3425
f 3409 3426 3410
f 3409 3425 3426
f 3410 3427 3411
f 3410 3426 3427
f 3411 3428 3412
f 3411 3427 3428
f 3412 3429 3413
f 3412 3428 3429
f 3413 3430 3414
f 3413 3429 3430
f 3414 3431 3415
f 3414 3430 3431
f 3415 3432 3416
f 3415 3431 3432
f 3416 3433 3417
f 3416 3432 3433
f 3418 3417 3434
f 3434 3417 3433
f 3419 3420 3435
f 3435 3420 3436
f 3419 3437 3421
f 3419 3435 3437
f 3421 3438 3422
f 3421 3437 3438
f 3422 3439 3423
f 3422 3438 3439
f 3439 2740 2736
f 3439 2736 3423
f 2742 3440 3424
f 2742 3424 2738
f 3424 3441 3425
f 3424 3440 3441
f 3425 3442 3426
f 3425 3441 3442
f 3426 3443 3427
f 3426 3442 3443
f 3427 3444 3428
f 3427 3443 3444
f 3428 3445 3429
f 3428 3444 3445
f 3429 3446 3430
f 3429 3445 3446
f 3430 3447 3431
f 3430 3446 3447
f 3431 3448 3432
f 3431 3447 3448
f 3432 3449 3433
f 3432 3448 3449
f 3434 3433 3450
f 3450 3433 3449
f 3435 3436 3451
f 3451 3436 3452
f 3435 3453 3437
f 3435 3451 3453
f 3437 3454 3438
f 3437 3453 3454
f 3438 3455 3439
f 3438 3454 3455
f 3455 2743 2740
f 3455 2740 3439
f 2745 3456 3440
f 2745 3440 2742
f 3440 3457 3441
f 3440 3456 3457
f 3441 3458 3442
f 3441 3457 3458
f 3442 3459 3443
f 3442 3458 3459
f 3443 3460 3444
f 3443 3459 3460
f 3444 3461 3445
f 3444 3460 3461
f 3445 3462 3446
f 3445 3461 3462
f 3446 3463 3447
f 3446 3462 3463
f 3447 3464 3448
f 3447 3463 3464
f 3448 3465 3449
f 3448 3464 3465
f 3450 3449 3466
f 3466 3449 3465
f 3451 3452 3467
f 3467 3452 3468
f 3451 3469 3453
f 3451 3467 3469
f 3453 3470 3454
f 3453 3469 3470
f 3454 3471 3455
f 3454 3470 3471
f 3471 2747 2743
f 3471 2743 3455
f 2749 3472 3456
f 2749 3456 2745
f 3456 3473 3457
f 3456 3472 3473
f 3457 3474 3458
f 3457 3473 3474
f 3458 3475 3459
f 3458 3474 3475
f 3459 3476 3460
f 3459 3475 3476
f 3460 3477 3461
f 3460 3476 3477
f 3461 3478 3462
f 3461 3477 3478
f 3462 3479 3463
f 3462 3478 3479
f 3463 3480 3464
f 3463 3479 3480
f 3464 3481 3465
f 3464 3480 3481
f 3466 3465 3482
f 3482 3465 3481
f 3467 3468 3483
f 3483 3468 3484
f 3467 3485 3469
f 3467 3483 3485
f 3469 3486 3470
f 3469 3485 3486
f 3470 3487 3471
f 3470 3486 3487
f 3487 2751 2747
f 3487 2747 3471
f 2753 3488 3472
f 2753 3472 2749
f 3472 3489 3473
f 3472 3488 3489
f 3473 3490 3474
f 3473 3489 3490
f 3474 3491 3475
f 3474 3490 3491
f 3475 3492 3476
f 3475 3491 3492
f 3476 3493 3477
f 3476 3492 3493
f 3477 3494 3478
f 3477 3493 3494
f 3478 3495 3479
f 3478 3494 3495
f 3479 3496 3480
f 3479 3495 3496
f 3480 3497 3481
f 3480 3496 3497
f 3482 3481 3498
f 3498 3481 3497
f 3483 3484 3499
f 3499 3484 3500
f 3483 3501 3485
f 3483 3499 3501
f 3485 3502 3486
f 3485 3501 3502
f 3486 3503 3487
f 3486 3502 3503
f 3503 2755 2751
f 3503 2751 3487
f 2757 3504 3488
f 2757 3488 2753
f 3488 3505 3489
f 3488 3504 3505
f 3489 3506 3490
f 3489 3505 3506
f 3490 3507 3491
f 3490 3506 3507
f 3491 3508 3492
f 3491 3507 3508
f 3492 3509 3493
f 3492 3508 3509
f 3493 3510 3494
f 3493 3509 3510
f 3494 3511 3495
f 3494 3510 3511
f 3495 3512 3496
f 3495 3511 3512
f 3496 3513 3497
f 3496 3512 3513
f 3498 3497 3514
f 3514 3497 3513
f 3499 3500 3515
f 3515 3500 3516
f 3499 3517 3501
f 3499 3515 3517
f 3501 3518 3502
f 3501 3517 3518
f 3502 3519 3503
f 3502 3518 3519
f 3519 2758 2755
f 3519 2755 3503
f 2760 3520 3504
f 2760 3504 2757
f 3504 3521 3505
f 3504 3520 3521
f 3505 3522 3506
f 3505 3521 3522
f 3506 3523 3507
f 3506 3522 3523
f 3507 3524 3508
f 3507 3523 3524
f 3508 3525 3509
f 3508 3524 3525
f 3509 3526 3510
f 3509 3525 3526
f 3510 3527 3511
f 3510 3526 3527
f 3511 3528 3512
f 3511 3527 3528
f 3512 3529 3513
f 3512 3528 3529
f 3514 3513 3530
f 3530 3513 3529
f 3515 3516 3531
f 3531 3516 3532
f 3515 3533 3517
f 3515 3531 3533
f 3517 3534 3518
f 3517 3533 3534
f 3518 3535 3519
f 3518 3534 3535
f 3535 2762 2758
f 3535 2758 3519
f 2764 3536 3520
f 2764 3520 2760
f 3520 3537 3521
f 3520 3536 3537
f 3521 3538 3522
f 3521 3537 3538
f 3522 3539 3523
f 3522 3538 3539
f 3523 3540 3524
f 3523 3539 3540
f 3524 3541 3525
f 3524 3540 3541
f 3525 3542 3526
f 3525 3541 3542
f 3526 3543 3527
f 3526 3542 3543
f 3527 3544 3528
f 3527 3543 3544
f 3528 3545 3529
f 3528 3544 3545
f 3530 3529 3546
f 3546 3529 3545
f 3531 3532 3547
f 3547 3532 3548
f 3531 3549 3533
f 3531 3547 3549
f 3533 3550 3534
f 3533 3549 3550
f 3534 3551 3535
f 3534 3550 3551
f 3552 2765 2762
f 3535 3552 2762
f 3551 3552 3535
f 3552 2766 2765
f 2768 3553 3536
f 2768 3536 2764
f 3536 3554 3537
f 3536 3553 3554
f 3537 3555 3538
f 3537 3554 3555
f 3538 3556 3539
f 3538 3555 3556
f 3539 3557 3540
f 3539 3556 3557
f 3540 3558 3541
f 3540 3557 3558
f 3541 3559 3542
f 3541 3558 3559
f 3542 3560 3543
f 3542 3559 3560
f 3543 3561 3544
f 3543 3560 3561
f 3544 3562 3545
f 3544 3561 3562
f 3546 3545 3563
f 3563 3545 3562
f 3547 3548 3564
f 3564 3548 3565
f 3547 3566 3549
f 3547 3564 3566
f 3549 3567 3550
f 3549 3566 3567
f 3550 3568 3551
f 3550 3567 3568
f 3568 2770 2771
f 3552 3568 2771
f 3551 3568 3552
f 3552 2771 2766
f 2773 3569 3553
f 2773 3553 2768
f 3553 3570 3554
f 3553 3569 3570
f 3554 3571 3555
f 3554 3570 3571
f 3555 3572 3556
f 3555 3571 3572
f 3556 3573 3557
f 3556 3572 3573
f 3557 3574 3558
f 3557 3573 3574
f 3558 3575 3559
f 3558 3574 3575
f 3559 3576 3560
f 3559 3575 3576
f 3560 3577 3561
f 3560 3576 3577
f 3561 3578 3562
f 3561 3577 3578
f 3563 3562 3579
f 3579 3562 3578
f 3564 3565 3580
f 3580 3565 3581
f 3564 3582 3566
f 3564 3580 3582
f 3566 3583 3567
f 3566 3582 3583
f 3567 3584 3568
f 3567 3583 3584
f 3584 2775 2770
f 3584 2770 3568
f 2777 3585 2776
f 3569 2773 2776
f 3585 3569 2776
f 3586 3569 3585
f 3569 3587 3570
f 3569 3586 3587
f 3570 3588 3571
f 3570 3587 3588
f 3571 3589 3572
f 3571 3588 3589
f 3572 3590 3573
f 3572 3589 3590
f 3573 3591 3574
f 3573 3590 3591
f 3574 3592 3575
f 3574 3591 3592
f 3575 3593 3576
f 3575 3592 3593
f 3576 3594 3577
f 3576 3593 3594
f 3577 3595 3578
f 3577 3594 3595
f 3579 3578 3596
f 3596 3578 3595
f 3580 3581 3597
f 3597 3581 3598
f 3580 3599 3582
f 3580 3597 3599
f 3582 3600 3583
f 3582 3599 3600
f 3583 3601 3584
f 3583 3600 3601
f 3601 2778 2775
f 3601 2775 3584
f 2779 3585 2777
f 3585 2779 2781
f 3602 3585 2781
f 3586 3585 3602
f 3586 3603 3587
f 3586 3602 3603
f 3587 3604 3588
f 3587 3603 3604
f 3588 3605 3589
f 3588 3604 3605
f 3589 3606 3590
f 3589 3605 3606
f 3590 3607 3591
f 3590 3606 3607
f 3591 3608 3592
f 3591 3607 3608
f 3592 3609 3593
f 3592 3608 3609
f 3593 3610 3594
f 3593 3609 3610
f 3594 3611 3595
f 3594 3610 3611
f 3596 3595 3612
f 3612 3595 3611
f 3597 3598 3613
f 3613 3598 3614
f 3597 3615 3599
f 3597 3613 3615
f 3599 3616 3600
f 3599 3615 3616
f 3600 3617 3601
f 3600 3616 3617
f 3617 2783 2778
f 3617 2778 3601
f 2785 3618 3602
f 2785 3602 2781
f 3602 3619 3603
f 3602 3618 3619
f 3603 3620 3604
f 3603 3619 3620
f 3604 3621 3605
f 3604 3620 3621
f 3605 3622 3606
f 3605 3621 3622
f 3606 3623 3607
f 3606 3622 3623
f 3625 3608 3624
f 3608 3623 3624
f 3608 3607 3623
f 3608 3625 3609
f 3609 3625 3626
f 3609 3626 3610
f 3610 3626 3627
f 3610 3627 3611
f 3611 3627 3628
f 3611 3628 3612
f 3613 3614 3629
f 3629 3614 3630
f 3613 3631 3615
f 3613 3629 3631
f 3615 3632 3616
f 3615 3631 3632
f 3616 3633 3617
f 3616 3632 3633
f 3633 2787 2783
f 3633 2783 3617
f 2789 3634 3618
f 2789 3618 2785
f 3618 3635 3619
f 3618 3634 3635
f 3619 3636 3620
f 3619 3635 3636
f 3620 3637 3621
f 3620 3636 3637
f 3621 3638 3622
f 3621 3637 3638
f 3622 3639 3623
f 3622 3638 3639
f 3624 3623 3640
f 3640 3623 3639
f 3629 3630 3641
f 3641 3630 3642
f 3629 3643 3631
f 3629 3641 3643
f 3631 3644 3632
f 3631 3643 3644
f 3632 3645 3633
f 3632 3644 3645
f 3645 2790 2787
f 3645 2787 3633
f 2792 3646 3634
f 2792 3634 2789
f 3634 3647 3635
f 3634 3646 3647
f 3635 3648 3636
f 3635 3647 3648
f 3636 3649 3637
f 3636 3648 3649
f 3637 3650 3638
f 3637 3649 3650
f 3652 3639 3651
f 3639 3650 3651
f 3639 3638 3650
f 3639 3652 3640
f 3641 3642 3653
f 3653 3642 3654
f 3641 3655 3643
f 3641 3653 3655
f 3643 3656 3644
f 3643 3655 3656
f 3644 3657 3645
f 3644 3656 3657
f 3657 2793 2790
f 3657 2790 3645
f 2795 3658 3646
f 2795 3646 2792
f 3646 3659 3647
f 3646 3658 3659
f 3647 3660 3648
f 3647 3659 3660
f 3648 3661 3649
f 3648 3660 3661
f 3649 3662 3650
f 3649 3661 3662
f 3651 3650 3663
f 3663 3650 3662
f 3653 3654 3664
f 3664 3654 3665
f 3653 3666 3655
f 3653 3664 3666
f 3655 3667 3656
f 3655 3666 3667
f 3656 3668 3657
f 3656 3667 3668
f 3669 2796 2793
f 3657 3669 2793
f 3668 3669 3657
f 3669 2798 2796
f 2800 3670 3658
f 2800 3658 2795
f 3658 3671 3659
f 3658 3670 3671
f 3659 3672 3660
f 3659 3671 3672
f 3660 3673 3661
f 3660 3672 3673
f 3661 3674 3662
f 3661 3673 3674
f 3663 3662 3675
f 3662 3676 3675
f 3662 3674 3676
f 3676 3677 3675
f 3664 3665 3678
f 3678 3665 3679
f 3664 3680 3666
f 3664 3678 3680
f 3666 3681 3667
f 3666 3680 3681
f 3667 3682 3668
f 3667 3681 3682
f 3682 2801 2803
f 3669 3682 2803
f 3668 3682 3669
f 3669 2803 2798
f 2805 3683 3670
f 2805 3670 2800
f 3670 3684 3671
f 3670 3683 3684
f 3671 3685 3672
f 3671 3684 3685
f 3672 3686 3673
f 3672 3685 3686
f 3673 3687 3674
f 3673 3686 3687
f 3674 3688 3676
f 3674 3687 3688
f 3677 3676 3689
f 3689 3676 3688
f 3692 3691 3690
f 3692 3690 3679
f 3690 3678 3679
f 3690 3693 3678
f 3678 3694 3680
f 3678 3693 3694
f 3680 3695 3681
f 3680 3694 3695
f 3681 3696 3682
f 3681 3695 3696
f 3697 2806 2801
f 3682 3697 2801
f 3696 3697 3682
f 3697 2807 2806
f 2809 3698 3683
f 2809 3683 2805
f 3683 3699 3684
f 3683 3698 3699
f 3684 3700 3685
f 3684 3699 3700
f 3685 3701 3686
f 3685 3700 3701
f 3686 3702 3687
f 3686 3701 3702
f 3687 3703 3688
f 3687 3702 3703
f 3689 3688 3704
f 3688 3705 3704
f 3688 3703 3705
f 3707 3706 3705
f 3705 3706 3704
f 3709 3708 3707
f 3707 3708 3706
f 3711 3710 3709
f 3709 3710 3708
f 3713 3712 3711
f 3711 3712 3710
f 3715 3714 3713
f 3713 3714 3712
f 3717 3716 3715
f 3715 3716 3714
f 3719 3718 3717
f 3717 3718 3716
f 3721 3720 3719
f 3719 3720 3718
f 3723 3722 3721
f 3721 3722 3720
f 3725 3724 3723
f 3723 3724 3722
f 3727 3726 3725
f 3725 3726 3724
f 3729 3728 3727
f 3727 3728 3726
f 3731 3730 3729
f 3729 3730 3728
f 3733 3732 3731
f 3731 3732 3730
f 3735 3734 3733
f 3733 3734 3732
f 3737 3736 3735
f 3735 3736 3734
f 3739 3738 3737
f 3737 3738 3736
f 3741 3740 3739
f 3739 3740 3738
f 3743 3742 3741
f 3741 3742 3740
f 3745 3744 3743
f 3743 3744 3742
f 3747 3746 3745
f 3745 3746 3744
f 3749 3748 3747
f 3747 3748 3746
f 3751 3750 3749
f 3749 3750 3748
f 3753 3752 3751
f 3751 3752 3750
f 3755 3754 3753
f 3753 3754 3752
f 3757 3756 3755
f 3755 3756 3754
f 3759 3758 3757
f 3757 3758 3756
f 3761 3760 3759
f 3759 3760 3758
f 3763 3762 3761
f 3761 3762 3760
f 3765 3764 3763
f 3763 3764 3762
f 3764 3765 3691
f 3765 3690 3691
f 3765 3766 3690
f 3690 3767 3693
f 3690 3766 3767
f 3693 3768 3694
f 3693 3767 3768
f 3694 3769 3695
f 3694 3768 3769
f 3695 3770 3696
f 3695 3769 3770
f 3770 2811 2812
f 3697 3770 2812
f 3696 3770 3697
f 3697 2812 2807
f 2814 3771 3698
f 2814 3698 2809
f 3698 3772 3699
f 3698 3771 3772
f 3699 3773 3700
f 3699 3772 3773
f 3700 3774 3701
f 3700 3773 3774
f 3701 3775 3702
f 3701 3774 3775
f 3702 3776 3703
f 3702 3775 3776
f 3703 3777 3705
f 3703 3776 3777
f 3705 3778 3707
f 3705 3777 3778
f 3707 3779 3709
f 3707 3778 3779
f 3709 3780 3711
f 3709 3779 3780
f 3711 3781 3713
f 3711 3780 3781
f 3713 3782 3715
f 3713 3781 3782
f 3715 3783 3717
f 3715 3782 3783
f 3717 3784 3719
f 3717 3783 3784
f 3719 3785 3721
f 3719 3784 3785
f 3721 3786 3723
f 3721 3785 3786
f 3723 3787 3725
f 3723 3786 3787
f 3725 3788 3727
f 3725 3787 3788
f 3727 3789 3729
f 3727 3788 3789
f 3729 3790 3731
f 3729 3789 3790
f 3731 3791 3733
f 3731 3790 3791
f 3733 3792 3735
f 3733 3791 3792
f 3735 3793 3737
f 3735 3792 3793
f 3737 3794 3739
f 3737 3793 3794
f 3739 3795 3741
f 3739 3794 3795
f 3741 3796 3743
f 3741 3795 3796
f 3743 3797 3745
f 3743 3796 3797
f 3745 3798 3747
f 3745 3797 3798
f 3747 3799 3749
f 3747 3798 3799
f 3749 3800 3751
f 3749 3799 3800
f 3751 3801 3753
f 3751 3800 3801
f 3753 3802 3755
f 3753 3801 3802
f 3755 3803 3757
f 3755 3802 3803
f 3757 3804 3759
f 3757 3803 3804
f 3759 3805 3761
f 3759 3804 3805
f 3761 3806 3763
f 3761 3805 3806
f 3763 3807 3765
f 3763 3806 3807
f 3765 3808 3766
f 3765 3807 3808
f 3766 3809 3767
f 3766 3808 3809
f 3767 3810 3768
f 3767 3809 3810
f 3768 3811 3769
f 3768 3810 3811
f 3769 3812 3770
f 3769 3811 3812
f 3812 2815 2811
f 3812 2811 3770
f 2817 3813 3771
f 2817 3771 2814
f 3771 3814 3772
f 3771 3813 3814
f 3772 3815 3773
f 3772 3814 3815
f 3773 3816 3774
f 3773 3815 3816
f 3774 3817 3775
f 3774 3816 3817
f 3775 3818 3776
f 3775 3817 3818
f 3776 3819 3777
f 3776 3818 3819
f 3777 3820 3778
f 3777 3819 3820
f 3778 3821 3779
f 3778 3820 3821
f 3779 3822 3780
f 3779 3821 3822
f 3780 3823 3781
f 3780 3822 3823
f 3781 3824 3782
f 3781 3823 3824
f 3782 3825 3783
f 3782 3824 3825
f 3783 3826 3784
f 3783 3825 3826
f 3784 3827 3785
f 3784 3826 3827
f 3785 3828 3786
f 3785 3827 3828
f 3786 3829 3787
f 3786 3828 3829
f 3787 3830 3788
f 3787 3829 3830
f 3788 3831 3789
f 3788 3830 3831
f 3789 3832 3790
f 3789 3831 3832
f 3790 3833 3791
f 3790 3832 3833
f 3791 3834 3792
f 3791 3833 3834
f 3792 3835 3793
f 3792 3834 3835
f 3793 3836 3794
f 3793 3835 3836
f 3794 3837 3795
f 3794 3836 3837
f 3795 3838 3796
f 3795 3837 3838
f 3796 3839 3797
f 3796 3838 3839
f 3797 3840 3798
f 3797 3839 3840
f 3798 3841 3799
f 3798 3840 3841
f 3799 3842 3800
f 3799 3841 3842
f 3800 3843 3801
f 3800 3842 3843
f 3801 3844 3802
f 3801 3843 3844
f 3802 3845 3803
f 3802 3844 3845
f 3803 3846 3804
f 3803 3845 3846
f 3804 3847 3805
f 3804 3846 3847
f 3805 3848 3806
f 3805 3847 3848
f 3806 3849 3807
f 3806 3848 3849
f 3807 3850 3808
f 3807 3849 3850
f 3808 3851 3809
f 3808 3850 3851
f 3809 3852 3810
f 3809 3851 3852
f 3810 3853 3811
f 3810 3852 3853
f 3811 3854 3812
f 3811 3853 3854
f 3854 2819 2815
f 3854 2815 3812
f 2821 3855 3813
f 2821 3813 2817
f 3813 3856 3814
f 3813 3855 3856
f 3814 3857 3815
f 3814 3856 3857
f 3815 3858 3816
f 3815 3857 3858
f 3816 3859 3817
f 3816 3858 3859
f 3817 3860 3818
f 3817 3859 3860
f 3818 3861 3819
f 3818 3860 3861
f 3819 3862 3820
f 3819 3861 3862
f 3820 3863 3821
f 3820 3862 3863
f 3821 3864 3822
f 3821 3863 3864
f 3822 3865 3823
f 3822 3864 3865
f 3823 3866 3824
f 3823 3865 3866
f 3824 3867 3825
f 3824 3866 3867
f 3825 3868 3826
f 3825 3867 3868
f 3826 3869 3827
f 3826 3868 3869
f 3827 3870 3828
f 3827 3869 3870
f 3828 3871 3829
f 3828 3870 3871
f 3829 3872 3830
f 3829 3871 3872
f 3830 3873 3831
f 3830 3872 3873
f 3831 3874 3832
f 3831 3873 3874
f 3832 3875 3833
f 3832 3874 3875
f 3833 3876 3834
f 3833 3875 3876
f 3834 3877 3835
f 3834 3876 3877
f 3835 3878 3836
f 3835 3877 3878
f 3836 3879 3837
f 3836 3878 3879
f 3837 3880 3838
f 3837 3879 3880
f 3838 3881 3839
f 3838 3880 3881
f 3839 3882 3840
f 3839 3881 3882
f 3840 3883 3841
f 3840 3882 3883
f 3841 3884 3842
f 3841 3883 3884
f 3842 3885 3843
f 3842 3884 3885
f 3843 3886 3844
f 3843 3885 3886
f 3844 3887 3845
f 3844 3886 3887
f 3845 3888 3846
f 3845 3887 3888
f 3846 3889 3847
f 3846 3888 3889
f 3847 3890 3848
f 3847 3889 3890
f 3848 3891 3849
f 3848 3890 3891
f 3849 3892 3850
f 3849 3891 3892
f 3850 3893 3851
f 3850 3892 3893
f 3851 3894 3852
f 3851 3893 3894
f 3852 3895 3853
f 3852 3894 3895
f 3853 3896 3854
f 3853 3895 3896
f 3896 2822 2819
f 3896 2819 3854
f 2823 3897 3855
f 2823 3855 2821
f 3855 3898 3856
f 3855 3897 3898
f 3856 3899 3857
f 3856 3898 3899
f 3857 3900 3858
f 3857 3899 3900
f 3858 3901 3859
f 3858 3900 3901
f 3859 3902 3860
f 3859 3901 3902
f 3860 3903 3861
f 3860 3902 3903
f 3861 3904 3862
f 3861 3903 3904
f 3862 3905 3863
f 3862 3904 3905
f 3863 3906 3864
f 3863 3905 3906
f 3864 3907 3865
f 3864 3906 3907
f 3865 3908 3866
f 3865 3907 3908
f 3866 3909 3867
f 3866 3908 3909
f 3867 3910 3868
f 3867 3909 3910
f 3868 3911 3869
f 3868 3910 3911
f 3869 3912 3870
f 3869 3911 3912
f 3870 3913 3871
f 3870 3912 3913
f 3871 3914 3872
f 3871 3913 3914
f 3872 3915 3873
f 3872 3914 3915
f 3873 3916 3874
f 3873 3915 3916
f 3874 3917 3875
f 3874 3916 3917
f 3875 3918 3876
f 3875 3917 3918
f 3876 3919 3877
f 3876 3918 3919
f 3877 3920 3878
f 3877 3919 3920
f 3878 3921 3879
f 3878 3920 3921
f 3879 3922 3880
f 3879 3921 3922
f 3880 3923 3881
f 3880 3922 3923
f 3881 3924 3882
f 3881 3923 3924
f 3882 3925 3883
f 3882 3924 3925
f 3883 3926 3884
f 3883 3925 3926
f 3884 3927 3885
f 3884 3926 3927
f 3885 3928 3886
f 3885 3927 3928
f 3886 3929 3887
f 3886 3928 3929
f 3887 3930 3888
f 3887 3929 3930
f 3888 3931 3889
f 3888 3930 3931
f 3889 3932 3890
f 3889 3931 3932
f 3890 3933 3891
f 3890 3932 3933
f 3891 3934 3892
f 3891 3933 3934
f 3892 3935 3893
f 3892 3934 3935
f 3893 3936 3894
f 3893 3935 3936
f 3894 3937 3895
f 3894 3936 3937
f 3895 3938 3896
f 3895 3937 3938
f 3938 2824 2822
f 3938 2822 3896
f 2825 3897 2823
f 3897 2825 2827
f 3897 2827 3898
f 3898 2827 2829
f 3898 2829 3899
f 3899 2829 2831
f 3899 2831 3900
f 3900 2831 2833
f 3900 2833 3901
f 3901 2833 2835
f 3901 2835 3902
f 3902 2835 2837
f 3902 2837 3903
f 3903 2837 2839
f 3903 2839 3904
f 3904 2839 2841
f 3904 2841 3905
f 3905 2841 2843
f 3905 2843 3906
f 3906 2843 2845
f 3906 2845 3907
f 3907 2845 2847
f 3907 2847 3908
f 3908 2847 2849
f 3908 2849 3909
f 3909 2849 2851
f 3909 2851 3910
f 3910 2851 2853
f 3910 2853 3911
f 3911 2853 2855
f 3911 2855 3912
f 3912 2855 2857
f 3912 2857 3913
f 3913 2857 2859
f 3913 2859 3914
f 3914 2859 2861
f 3939 3914 2861
f 3915 3914 3939
f 3939 2863 2864
f 3916 3939 2864
f 3915 3939 3916
f 3916 2864 2865
f 3916 2865 3917
f 3917 2865 2867
f 3917 2867 3918
f 3918 2867 2869
f 3918 2869 3919
f 3919 2869 2871
f 3919 2871 3920
f 3920 2871 2873
f 3920 2873 3921
f 3921 2873 2875
f 3921 2875 3922
f 3922 2875 2877
f 3922 2877 3923
f 3923 2877 2879
f 3923 2879 3924
f 3924 2879 2881
f 3924 2881 3925
f 3925 2881 2883
f 3925 2883 3926
f 3926 2883 2885
f 3940 3926 2885
f 3927 3926 3940
f 3940 2887 2888
f 3928 3940 2888
f 3927 3940 3928
f 3928 2888 2889
f 3928 2889 3929
f 3929 2889 2891
f 3929 2891 3930
f 3930 2891 2893
f 3930 2893 3931
f 3931 2893 2895
f 3931 2895 3932
f 3932 2895 2897
f 3932 2897 3933
f 3933 2897 2899
f 3933 2899 3934
f 3934 2899 2901
f 3934 2901 3935
f 3935 2901 2903
f 3935 2903 3936
f 3936 2903 2905
f 3936 2905 3937
f 3937 2905 2907
f 3937 2907 3938
f 3938 2907 2824
f 3942 3941 3126
f 3942 3126 3125
f 3126 3943 3127
f 3941 3943 3126
f 3127 3944 3128
f 3943 3944 3127
f 3128 3945 3129
f 3944 3945 3128
f 3129 3946 3130
f 3945 3946 3129
f 3130 3947 3131
f 3946 3947 3130
f 3131 3948 3132
f 3947 3948 3131
f 3132 3949 3133
f 3948 3949 3132
f 3133 3950 3134
f 3949 3950 3133
f 3134 3951 3135
f 3950 3951 3134
f 3135 3952 3136
f 3951 3952 3135
f 3136 3953 3137
f 3952 3953 3136
f 3137 3954 3138
f 3953 3954 3137
f 3138 3955 3139
f 3954 3955 3138
f 3139 3956 3140
f 3955 3956 3139
f 3140 3957 3141
f 3956 3957 3140
f 3141 3958 3142
f 3957 3958 3141
f 3142 3959 3143
f 3958 3959 3142
f 3143 3960 3144
f 3959 3960 3143
f 3144 3961 3145
f 3960 3961 3144
f 3145 3962 3146
f 3961 3962 3145
f 3146 3963 3147
f 3962 3963 3146
f 3147 3964 3148
f 3963 3964 3147
f 3148 3965 3149
f 3964 3965 3148
f 3149 3966 3150
f 3965 3966 3149
f 3150 3967 3151
f 3966 3967 3150
f 3151 3968 3152
f 3967 3968 3151
f 3152 3969 3153
f 3968 3969 3152
f 3153 3970 3154
f 3969 3970 3153
f 3154 3971 3155
f 3970 3971 3154
f 3155 3972 3156
f 3971 3972 3155
f 3158 3156 3972
f 3158 3972 3973
f 3976 3975 3974
f 3975 3942 3974
f 3942 3169 3974
f 3942 3125 3169
f 3973 3977 3158
f 3158 3977 3170
f 3172 3170 3977
f 3172 3977 3978
f 3976 3980 3979
f 3976 3181 3980
f 3976 3974 3182
f 3181 3976 3182
f 3974 3169 3182
f 3981 3979 3980
f 3978 3184 3172
f 3982 3184 3978
f 3193 3980 3181
f 3193 3195 3980
f 3195 3981 3980
f 3195 3983 3981
f 3982 3197 3184
f 3984 3197 3982
f 3986 3985 3207
f 3986 3207 3206
f 3195 3207 3983
f 3983 3207 3985
f 3984 3209 3197
f 3987 3209 3984
f 3218 3986 3206
f 3218 3988 3986
f 3987 3220 3209
f 3989 3220 3987
f 3990 3988 3218
f 3990 3218 3229
f 3992 3990 3991
f 3990 3231 3991
f 3990 3229 3231
f 3233 3991 3231
f 3993 3235 3236
f 3237 3993 3236
f 3989 3239 3220
f 3994 3239 3989
f 3995 3992 3991
f 3995 3991 3233
f 3250 3995 3233
f 3996 3995 3250
f 3997 3250 3252
f 3997 3996 3250
f 3252 3235 3993
f 3998 3252 3993
f 3997 3252 3998
f 3993 3237 3998
f 3237 3999 3998
f 3237 3255 3999
f 3994 3257 3239
f 4000 3257 3994
f 3271 3999 3255
f 3271 4001 3999
f 4000 3273 3257
f 4002 3273 4000
f 3287 4001 3271
f 3287 4003 4001
f 4002 3289 3273
f 4004 3289 4002
f 3303 4003 3287
f 3303 4005 4003
f 4004 3305 3289
f 4006 3305 4004
f 3319 4005 3303
f 3319 4007 4005
f 4006 3321 3305
f 4008 3321 4006
f 3335 4007 3319
f 3335 4009 4007
f 4012 4011 4010
f 4014 4013 4010
f 4010 4013 4012
f 4016 4015 4014
f 4014 4015 4013
f 3337 3338 4017
f 4015 4016 4018
f 4019 4017 3338
f 3321 4019 3338
f 4008 4019 3321
f 3353 4009 3335
f 3353 4020 4009
f 4010 4011 4021
f 4021 4011 4022
f 4010 4023 4014
f 4010 4021 4023
f 4014 4024 4016
f 4014 4023 4024
f 3354 3337 4017
f 4025 4018 4024
f 4016 4024 4018
f 3356 3354 4017
f 4019 3356 4017
f 4026 3356 4019
f 3370 4020 3353
f 3370 4027 4020
f 4021 4022 4028
f 4028 4022 4029
f 4021 4030 4023
f 4021 4028 4030
f 4023 4031 4024
f 4023 4030 4031
f 4025 4024 4032
f 4032 4024 4031
f 4026 3372 3356
f 4033 3372 4026
f 3386 4027 3370
f 3386 4034 4027
f 4028 4029 4035
f 4035 4029 4036
f 4028 4037 4030
f 4028 4035 4037
f 4030 4038 4031
f 4030 4037 4038
f 4032 4031 4039
f 4031 4040 4039
f 4031 4038 4040
f 4033 4039 4040
f 3388 4033 4040
f 3372 4033 3388
f 3402 4034 3386
f 3402 4041 4034
f 4035 4036 4042
f 4042 4036 4043
f 4035 4044 4037
f 4035 4042 4044
f 4037 4045 4038
f 4037 4044 4045
f 4047 4040 4046
f 4040 4045 4046
f 4040 4038 4045
f 3388 4040 4047
f 4048 3388 4047
f 3404 3388 4048
f 3418 4041 3402
f 3418 4049 4041
f 4042 4043 4050
f 4050 4043 4051
f 4042 4052 4044
f 4042 4050 4052
f 4044 4053 4045
f 4044 4052 4053
f 4046 4045 4054
f 4054 4045 4053
f 4048 3420 3404
f 4055 3420 4048
f 3434 4049 3418
f 3434 4056 4049
f 4050 4051 4057
f 4057 4051 4058
f 4050 4059 4052
f 4050 4057 4059
f 4052 4060 4053
f 4052 4059 4060
f 4054 4053 4061
f 4061 4053 4060
f 4055 3436 3420
f 4062 3436 4055
f 3450 4056 3434
f 3450 4063 4056
f 4057 4058 4064
f 4064 4058 4065
f 4057 4066 4059
f 4057 4064 4066
f 4059 4067 4060
f 4059 4066 4067
f 4061 4060 4068
f 4068 4060 4067
f 4062 3452 3436
f 4069 3452 4062
f 3466 4063 3450
f 3466 4070 4063
f 4064 4065 4071
f 4071 4065 4072
f 4064 4073 4066
f 4064 4071 4073
f 4066 4074 4067
f 4066 4073 4074
f 4068 4067 4075
f 4075 4067 4074
f 4069 3468 3452
f 4076 3468 4069
f 3482 4070 3466
f 3482 4077 4070
f 4071 4072 4078
f 4078 4072 4079
f 4071 4080 4073
f 4071 4078 4080
f 4073 4081 4074
f 4073 4080 4081
f 4075 4074 4082
f 4074 4083 4082
f 4074 4081 4083
f 4076 4082 4083
f 3484 4076 4083
f 3468 4076 3484
f 3498 4077 3482
f 3498 4084 4077
f 4078 4079 4085
f 4085 4079 4086
f 4078 4087 4080
f 4078 4085 4087
f 4080 4088 4081
f 4080 4087 4088
f 4081 4089 4083
f 4081 4088 4089
f 4089 3500 3484
f 4089 3484 4083
f 3514 4084 3498
f 3514 4090 4084
f 4086 4091 4085
f 4085 4091 4087
f 4087 4091 4092
f 4087 4092 4088
f 4088 4092 4093
f 4088 4093 4089
f 4089 4093 4094
f 3500 4089 4094
f 4095 3500 4094
f 3516 3500 4095
f 3530 4090 3514
f 3530 4096 4090
f 4095 3532 3516
f 4097 3532 4095
f 3546 4096 3530
f 3546 4098 4096
f 4097 3548 3532
f 4099 3548 4097
f 3563 4098 3546
f 3563 4100 4098
f 4099 3565 3548
f 4101 3565 4099
f 3579 4103 4102
f 4100 3579 4102
f 3563 3579 4100
f 4103 4104 4102
f 4101 3581 3565
f 4105 3581 4101
f 3596 4106 4103
f 3596 4103 3579
f 4104 4103 4107
f 4107 4103 4106
f 4105 3598 3581
f 4108 3598 4105
f 3612 4109 4106
f 3612 4106 3596
f 4107 4106 4110
f 4110 4106 4109
f 4108 3614 3598
f 4111 3614 4108
f 4113 4112 3625
f 4113 3625 3624
f 3625 4114 3626
f 4112 4114 3625
f 3626 4115 3627
f 4114 4115 3626
f 3627 4116 3628
f 4115 4116 3627
f 3612 3628 4109
f 3628 4117 4109
f 3628 4116 4117
f 4109 4117 4110
f 4111 3630 3614
f 4118 3630 4111
f 4121 4120 4119
f 4120 4113 4119
f 4113 3640 4119
f 4113 3624 3640
f 4118 3642 3630
f 4122 3642 4118
f 3652 3651 4123
f 4119 4124 4121
f 4124 4119 4125
f 4119 3640 4125
f 3652 4123 4125
f 3652 4125 3640
f 4122 3654 3642
f 4126 3654 4122
f 3663 4127 4123
f 3663 4123 3651
f 4125 4123 4128
f 4128 4123 4127
f 4126 3665 3654
f 4129 3665 4126
f 3675 4127 3663
f 3675 3677 4127
f 3677 4128 4127
f 3677 4130 4128
f 4129 3679 3665
f 4131 3679 4129
f 3689 4130 3677
f 3689 4132 4130
f 4134 4133 3692
f 3692 4133 3691
f 3692 3679 4131
f 3692 4131 4134
f 4135 4132 3689
f 4135 3689 3704
f 4136 3704 3706
f 4136 4135 3704
f 4137 3706 3708
f 4137 4136 3706
f 4138 3708 3710
f 4138 4137 3708
f 4139 3710 3712
f 4139 4138 3710
f 4140 3712 3714
f 4140 4139 3712
f 4141 3714 3716
f 4141 4140 3714
f 4142 3716 3718
f 4142 4141 3716
f 4143 3718 3720
f 4143 4142 3718
f 4144 3720 3722
f 4144 4143 3720
f 4145 3722 3724
f 4145 4144 3722
f 4146 3724 3726
f 4146 4145 3724
f 4147 3726 3728
f 4147 4146 3726
f 4148 3728 3730
f 4148 4147 3728
f 4149 3730 3732
f 4149 4148 3730
f 4150 3732 3734
f 4150 4149 3732
f 4151 3734 3736
f 4151 4150 3734
f 4152 3736 3738
f 4152 4151 3736
f 4153 3738 3740
f 4153 4152 3738
f 4154 3740 3742
f 4154 4153 3740
f 4155 3742 3744
f 4155 4154 3742
f 4156 3744 3746
f 4156 4155 3744
f 4157 3746 3748
f 4157 4156 3746
f 4158 3748 3750
f 4158 4157 3748
f 4159 3750 3752
f 4159 4158 3750
f 4160 3752 3754
f 4160 4159 3752
f 4161 3754 3756
f 4161 4160 3754
f 4162 3756 3758
f 4162 4161 3756
f 4163 3758 3760
f 4163 4162 3758
f 4164 3760 3762
f 4164 4163 3760
f 4165 3762 3764
f 4165 4164 3762
f 3764 3691 4133
f 3764 4133 4165
f 4167 4166 3941
f 4167 3941 3942
f 3941 4168 3943
f 4166 4168 3941
f 3943 4169 3944
f 4168 4169 3943
f 3944 4170 3945
f 4169 4170 3944
f 3945 4171 3946
f 4170 4171 3945
f 3946 4172 3947
f 4171 4172 3946
f 3947 4173 3948
f 4172 4173 3947
f 3948 4174 3949
f 4173 4174 3948
f 3949 4175 3950
f 4174 4175 3949
f 3950 4176 3951
f 4175 4176 3950
f 3951 4177 3952
f 4176 4177 3951
f 3952 4178 3953
f 4177 4178 3952
f 3953 4179 3954
f 4178 4179 3953
f 3954 4180 3955
f 4179 4180 3954
f 3955 4181 3956
f 4180 4181 3955
f 3956 4182 3957
f 4181 4182 3956
f 3957 4183 3958
f 4182 4183 3957
f 3958 4184 3959
f 4183 4184 3958
f 3959 4185 3960
f 4184 4185 3959
f 3960 4186 3961
f 4185 4186 3960
f 3961 4187 3962
f 4186 4187 3961
f 3962 4188 3963
f 4187 4188 3962
f 3963 4189 3964
f 4188 4189 3963
f 3964 4190 3965
f 4189 4190 3964
f 3965 4191 3966
f 4190 4191 3965
f 3966 4192 3967
f 4191 4192 3966
f 3967 4193 3968
f 4192 4193 3967
f 3968 4194 3969
f 4193 4194 3968
f 3969 4195 3970
f 4194 4195 3969
f 3970 4196 3971
f 4195 4196 3970
f 3971 4197 3972
f 4196 4197 3971
f 4199 4198 3973
f 3972 4199 3973
f 4197 4199 3972
f 4200 4198 4199
f 4202 4201 3975
f 4202 3975 3976
f 3942 3975 4167
f 4167 3975 4201
f 4198 3977 3973
f 3978 3977 4198
f 4200 3978 4198
f 4203 3978 4200
f 4204 4202 3976
f 4204 3976 3979
f 3979 3981 4204
f 4204 3981 4205
f 4203 3982 3978
f 4206 3982 4203
f 3983 4205 3981
f 3983 4207 4205
f 4206 3984 3982
f 4208 3984 4206
f 4210 4209 3985
f 4210 3985 3986
f 3983 3985 4207
f 4207 3985 4209
f 4208 3987 3984
f 4211 3987 4208
f 3988 4213 4212
f 4210 3988 4212
f 3986 3988 4210
f 4213 4214 4212
f 4211 3989 3987
f 4215 3989 4211
f 3990 4213 3988
f 3990 3992 4213
f 3992 4214 4213
f 3992 4216 4214
f 4215 3994 3989
f 4217 3994 4215
f 4218 4216 3992
f 4218 3992 3995
f 4219 3995 3996
f 4219 4218 3995
f 4220 3996 3997
f 4220 4219 3996
f 4221 3997 3998
f 4221 4220 3997
f 3998 3999 4221
f 4221 3999 4222
f 4217 4000 3994
f 4223 4000 4217
f 4001 4222 3999
f 4001 4224 4222
f 4223 4002 4000
f 4225 4002 4223
f 4003 4224 4001
f 4003 4226 4224
f 4225 4004 4002
f 4227 4004 4225
f 4005 4226 4003
f 4005 4228 4226
f 4227 4006 4004
f 4229 4006 4227
f 4007 4228 4005
f 4007 4230 4228
f 4233 4232 4231
f 4231 4234 4233
f 4229 4008 4006
f 4235 4008 4229
f 4009 4230 4007
f 4009 4236 4230
f 4238 4237 4012
f 4012 4237 4011
f 4013 4231 4232
f 4238 4013 4232
f 4012 4013 4238
f 4239 4234 4231
f 4013 4239 4231
f 4015 4239 4013
f 4015 4018 4239
f 4239 4018 4240
f 4235 4019 4008
f 4241 4019 4235
f 4020 4236 4009
f 4020 4242 4236
f 4237 4022 4011
f 4243 4022 4237
f 4025 4240 4018
f 4025 4244 4240
f 4241 4026 4019
f 4245 4026 4241
f 4027 4242 4020
f 4027 4246 4242
f 4243 4029 4022
f 4247 4029 4243
f 4032 4244 4025
f 4032 4248 4244
f 4245 4033 4026
f 4249 4033 4245
f 4034 4246 4027
f 4034 4250 4246
f 4247 4036 4029
f 4251 4036 4247
f 4032 4039 4252
f 4253 4032 4252
f 4248 4032 4253
f 4254 4252 4039
f 4033 4254 4039
f 4249 4254 4033
f 4041 4250 4034
f 4041 4255 4250
f 4251 4043 4036
f 4256 4043 4251
f 4253 4252 4047
f 4046 4253 4047
f 4257 4253 4046
f 4048 4047 4252
f 4254 4048 4252
f 4258 4048 4254
f 4049 4255 4041
f 4049 4259 4255
f 4256 4051 4043
f 4260 4051 4256
f 4054 4262 4261
f 4257 4054 4261
f 4046 4054 4257
f 4258 4261 4262
f 4055 4258 4262
f 4048 4258 4055
f 4056 4259 4049
f 4056 4263 4259
f 4260 4058 4051
f 4264 4058 4260
f 4266 4265 4262
f 4054 4266 4262
f 4061 4266 4054
f 4055 4262 4265
f 4267 4055 4265
f 4062 4055 4267
f 4063 4263 4056
f 4063 4268 4263
f 4264 4065 4058
f 4269 4065 4264
f 4068 4271 4270
f 4266 4068 4270
f 4061 4068 4266
f 4267 4270 4271
f 4069 4267 4271
f 4062 4267 4069
f 4070 4268 4063
f 4070 4272 4268
f 4269 4072 4065
f 4273 4072 4269
f 4275 4274 4271
f 4068 4275 4271
f 4075 4275 4068
f 4069 4271 4274
f 4276 4069 4274
f 4076 4069 4276
f 4077 4272 4070
f 4077 4277 4272
f 4273 4079 4072
f 4278 4079 4273
f 4279 4275 4075
f 4279 4075 4082
f 4082 4076 4276
f 4082 4276 4279
f 4084 4277 4077
f 4084 4280 4277
f 4282 4086 4281
f 4086 4278 4281
f 4086 4079 4278
f 4283 4282 4281
f 4286 4285 4284
f 4287 4284 4285
f 4090 4280 4084
f 4090 4288 4280
f 4282 4091 4086
f 4283 4289 4282
f 4289 4091 4282
f 4289 4092 4091
f 4092 4290 4093
f 4289 4290 4092
f 4284 4094 4286
f 4094 4290 4286
f 4094 4093 4290
f 4095 4094 4284
f 4287 4095 4284
f 4291 4095 4287
f 4096 4288 4090
f 4096 4292 4288
f 4291 4097 4095
f 4293 4097 4291
f 4098 4292 4096
f 4098 4294 4292
f 4293 4099 4097
f 4295 4099 4293
f 4100 4294 4098
f 4100 4296 4294
f 4295 4101 4099
f 4297 4101 4295
f 4100 4102 4298
f 4299 4100 4298
f 4296 4100 4299
f 4104 4298 4102
f 4297 4105 4101
f 4300 4105 4297
f 4301 4299 4298
f 4298 4104 4301
f 4104 4302 4301
f 4104 4107 4302
f 4300 4108 4105
f 4303 4108 4300
f 4306 4305 4304
f 4305 4302 4304
f 4302 4110 4304
f 4302 4107 4110
f 4303 4111 4108
f 4307 4111 4303
f 4309 4308 4112
f 4309 4112 4113
f 4112 4310 4114
f 4308 4310 4112
f 4114 4311 4115
f 4310 4311 4114
f 4115 4312 4116
f 4311 4312 4115
f 4304 4117 4306
f 4117 4312 4306
f 4117 4116 4312
f 4117 4304 4110
f 4307 4118 4111
f 4313 4118 4307
f 4315 4314 4120
f 4315 4120 4121
f 4113 4120 4309
f 4309 4120 4314
f 4313 4122 4118
f 4316 4122 4313
f 4121 4124 4317
f 4318 4121 4317
f 4315 4121 4318
f 4125 4317 4124
f 4316 4126 4122
f 4319 4126 4316
f 4318 4317 4320
f 4318 4320 4321
f 4128 4320 4125
f 4125 4320 4317
f 4319 4129 4126
f 4322 4129 4319
f 4321 4320 4323
f 4321 4323 4324
f 4130 4323 4128
f 4128 4323 4320
f 4322 4131 4129
f 4325 4131 4322
f 4326 4324 4323
f 4323 4130 4326
f 4130 4327 4326
f 4130 4132 4327
f 4329 4328 4134
f 4134 4328 4133
f 4134 4131 4325
f 4134 4325 4329
f 4330 4327 4132
f 4330 4132 4135
f 4331 4135 4136
f 4331 4330 4135
f 4332 4136 4137
f 4332 4331 4136
f 4333 4137 4138
f 4333 4332 4137
f 4334 4138 4139
f 4334 4333 4138
f 4335 4139 4140
f 4335 4334 4139
f 4336 4140 4141
f 4336 4335 4140
f 4337 4141 4142
f 4337 4336 4141
f 4338 4142 4143
f 4338 4337 4142
f 4339 4143 4144
f 4339 4338 4143
f 4340 4144 4145
f 4340 4339 4144
f 4341 4145 4146
f 4341 4340 4145
f 4342 4146 4147
f 4342 4341 4146
f 4343 4147 4148
f 4343 4342 4147
f 4344 4148 4149
f 4344 4343 4148
f 4345 4149 4150
f 4345 4344 4149
f 4346 4150 4151
f 4346 4345 4150
f 4347 4151 4152
f 4347 4346 4151
f 4348 4152 4153
f 4348 4347 4152
f 4349 4153 4154
f 4349 4348 4153
f 4350 4154 4155
f 4350 4349 4154
f 4351 4155 4156
f 4351 4350 4155
f 4352 4156 4157
f 4352 4351 4156
f 4353 4157 4158
f 4353 4352 4157
f 4354 4158 4159
f 4354 4353 4158
f 4355 4159 4160
f 4355 4354 4159
f 4356 4160 4161
f 4356 4355 4160
f 4357 4161 4162
f 4357 4356 4161
f 4358 4162 4163
f 4358 4357 4162
f 4359 4163 4164
f 4359 4358 4163
f 4360 4164 4165
f 4360 4359 4164
f 4165 4133 4328
f 4165 4328 4360
f 4167 4361 4166
f 4362 4168 4166
f 4362 4166 4361
f 4363 4169 4168
f 4363 4168 4362
f 4364 4170 4169
f 4364 4169 4363
f 4365 4171 4170
f 4365 4170 4364
f 4366 4172 4171
f 4366 4171 4365
f 4367 4173 4172
f 4367 4172 4366
f 4368 4174 4173
f 4368 4173 4367
f 4369 4175 4174
f 4369 4174 4368
f 4370 4176 4175
f 4370 4175 4369
f 4371 4177 4176
f 4371 4176 4370
f 4372 4178 4177
f 4372 4177 4371
f 4373 4179 4178
f 4373 4178 4372
f 4374 4180 4179
f 4374 4179 4373
f 4375 4181 4180
f 4375 4180 4374
f 4376 4182 4181
f 4376 4181 4375
f 4377 4183 4182
f 4377 4182 4376
f 4378 4184 4183
f 4378 4183 4377
f 4379 4185 4184
f 4379 4184 4378
f 4380 4186 4185
f 4380 4185 4379
f 4381 4187 4186
f 4381 4186 4380
f 4382 4188 4187
f 4382 4187 4381
f 4383 4189 4188
f 4383 4188 4382
f 4384 4190 4189
f 4384 4189 4383
f 4385 4191 4190
f 4385 4190 4384
f 4386 4192 4191
f 4386 4191 4385
f 4387 4193 4192
f 4387 4192 4386
f 4388 4194 4193
f 4388 4193 4387
f 4389 4195 4194
f 4389 4194 4388
f 4390 4196 4195
f 4390 4195 4389
f 4391 4197 4196
f 4391 4196 4390
f 4392 4199 4197
f 4392 4197 4391
f 4392 4200 4199
f 4202 4393 4201
f 4393 4394 4201
f 4201 4394 4167
f 4394 4395 4167
f 4395 4361 4167
f 4397 4396 4395
f 4396 4361 4395
f 4396 4362 4361
f 4362 4398 4363
f 4362 4396 4398
f 4400 4364 4399
f 4364 4398 4399
f 4364 4363 4398
f 4402 4401 4400
f 4401 4364 4400
f 4401 4365 4364
f 4365 4403 4366
f 4365 4401 4403
f 4366 4404 4367
f 4366 4403 4404
f 4367 4405 4368
f 4367 4404 4405
f 4407 4369 4406
f 4369 4405 4406
f 4369 4368 4405
f 4369 4407 4370
f 4370 4407 4408
f 4410 4409 4408
f 4409 4370 4408
f 4409 4371 4370
f 4371 4411 4372
f 4371 4409 4411
f 4372 4412 4373
f 4372 4411 4412
f 4373 4413 4374
f 4373 4412 4413
f 4374 4414 4375
f 4374 4413 4414
f 4375 4415 4376
f 4375 4414 4415
f 4417 4377 4416
f 4377 4415 4416
f 4377 4376 4415
f 4377 4417 4378
f 4378 4417 4418
f 4378 4418 4379
f 4379 4418 4419
f 4379 4419 4380
f 4380 4419 4420
f 4422 4421 4420
f 4421 4380 4420
f 4421 4381 4380
f 4424 4382 4423
f 4382 4421 4423
f 4382 4381 4421
f 4382 4424 4383
f 4383 4424 4425
f 4383 4425 4384
f 4384 4425 4426
f 4428 4427 4426
f 4427 4384 4426
f 4427 4385 4384
f 4385 4429 4386
f 4385 4427 4429
f 4386 4430 4387
f 4386 4429 4430
f 4387 4431 4388
f 4387 4430 4431
f 4433 4389 4432
f 4389 4431 4432
f 4389 4388 4431
f 4435 4434 4433
f 4434 4389 4433
f 4434 4390 4389
f 4437 4391 4436
f 4391 4434 4436
f 4391 4390 4434
f 4439 4438 4437
f 4438 4391 4437
f 4438 4392 4391
f 4438 4203 4200
f 4438 4200 4392
f 4204 4393 4202
f 4204 4205 4393
f 4205 4394 4393
f 4205 4440 4394
f 4396 4397 4441
f 4441 4397 4442
f 4396 4443 4398
f 4396 4441 4443
f 4399 4398 4444
f 4398 4445 4444
f 4398 4443 4445
f 4444 4445 4402
f 4445 4401 4402
f 4445 4446 4401
f 4401 4447 4403
f 4401 4446 4447
f 4403 4448 4404
f 4403 4447 4448
f 4404 4449 4405
f 4404 4448 4449
f 4406 4405 4450
f 4405 4451 4450
f 4405 4449 4451
f 4453 4452 4451
f 4451 4452 4450
f 4452 4453 4410
f 4453 4409 4410
f 4453 4454 4409
f 4409 4455 4411
f 4409 4454 4455
f 4411 4456 4412
f 4411 4455 4456
f 4412 4457 4413
f 4412 4456 4457
f 4413 4458 4414
f 4413 4457 4458
f 4414 4459 4415
f 4414 4458 4459
f 4416 4415 4460
f 4415 4461 4460
f 4415 4459 4461
f 4463 4462 4461
f 4461 4462 4460
f 4465 4464 4463
f 4463 4464 4462
f 4467 4466 4465
f 4465 4466 4464
f 4466 4467 4422
f 4467 4421 4422
f 4467 4468 4421
f 4423 4421 4469
f 4421 4470 4469
f 4421 4468 4470
f 4472 4471 4470
f 4470 4471 4469
f 4474 4473 4472
f 4472 4473 4471
f 4473 4474 4428
f 4474 4427 4428
f 4474 4475 4427
f 4427 4476 4429
f 4427 4475 4476
f 4429 4477 4430
f 4429 4476 4477
f 4430 4478 4431
f 4430 4477 4478
f 4432 4431 4479
f 4431 4480 4479
f 4431 4478 4480
f 4479 4480 4435
f 4480 4434 4435
f 4480 4481 4434
f 4436 4434 4482
f 4434 4483 4482
f 4434 4481 4483
f 4482 4483 4439
f 4483 4438 4439
f 4483 4484 4438
f 4484 4206 4203
f 4484 4203 4438
f 4207 4440 4205
f 4207 4485 4440
f 4441 4442 4486
f 4486 4442 4487
f 4489 4443 4488
f 4443 4486 4488
f 4443 4441 4486
f 4491 4490 4489
f 4490 4443 4489
f 4490 4445 4443
f 4445 4492 4446
f 4445 4490 4492
f 4446 4493 4447
f 4446 4492 4493
f 4447 4494 4448
f 4447 4493 4494
f 4448 4495 4449
f 4448 4494 4495
f 4449 4496 4451
f 4449 4495 4496
f 4451 4497 4453
f 4451 4496 4497
f 4453 4498 4454
f 4453 4497 4498
f 4454 4499 4455
f 4454 4498 4499
f 4455 4500 4456
f 4455 4499 4500
f 4456 4501 4457
f 4456 4500 4501
f 4457 4502 4458
f 4457 4501 4502
f 4458 4503 4459
f 4458 4502 4503
f 4459 4504 4461
f 4459 4503 4504
f 4461 4505 4463
f 4461 4504 4505
f 4463 4506 4465
f 4463 4505 4506
f 4465 4507 4467
f 4465 4506 4507
f 4467 4508 4468
f 4467 4507 4508
f 4468 4509 4470
f 4468 4508 4509
f 4470 4510 4472
f 4470 4509 4510
f 4472 4511 4474
f 4472 4510 4511
f 4474 4512 4475
f 4474 4511 4512
f 4475 4513 4476
f 4475 4512 4513
f 4476 4514 4477
f 4476 4513 4514
f 4477 4515 4478
f 4477 4514 4515
f 4478 4516 4480
f 4478 4515 4516
f 4518 4481 4517
f 4481 4516 4517
f 4481 4480 4516
f 4481 4518 4483
f 4483 4518 4519
f 4521 4520 4519
f 4520 4483 4519
f 4520 4484 4483
f 4520 4208 4206
f 4520 4206 4484
f 4210 4522 4209
f 4522 4523 4209
f 4523 4207 4209
f 4523 4485 4207
f 4486 4487 4524
f 4524 4487 4525
f 4488 4486 4526
f 4526 4486 4524
f 4490 4491 4527
f 4527 4491 4528
f 4530 4492 4529
f 4492 4527 4529
f 4492 4490 4527
f 4532 4531 4530
f 4531 4492 4530
f 4531 4493 4492
f 4493 4533 4494
f 4493 4531 4533
f 4494 4534 4495
f 4494 4533 4534
f 4495 4535 4496
f 4495 4534 4535
f 4496 4536 4497
f 4496 4535 4536
f 4497 4537 4498
f 4497 4536 4537
f 4498 4538 4499
f 4498 4537 4538
f 4499 4539 4500
f 4499 4538 4539
f 4500 4540 4501
f 4500 4539 4540
f 4501 4541 4502
f 4501 4540 4541
f 4502 4542 4503
f 4502 4541 4542
f 4503 4543 4504
f 4503 4542 4543
f 4504 4544 4505
f 4504 4543 4544
f 4505 4545 4506
f 4505 4544 4545
f 4506 4546 4507
f 4506 4545 4546
f 4548 4508 4547
f 4508 4546 4547
f 4508 4507 4546
f 4550 4549 4548
f 4549 4508 4548
f 4549 4509 4508
f 4509 4551 4510
f 4509 4549 4551
f 4510 4552 4511
f 4510 4551 4552
f 4511 4553 4512
f 4511 4552 4553
f 4512 4554 4513
f 4512 4553 4554
f 4513 4555 4514
f 4513 4554 4555
f 4514 4556 4515
f 4514 4555 4556
f 4515 4557 4516
f 4515 4556 4557
f 4517 4516 4558
f 4516 4559 4558
f 4516 4557 4559
f 4561 4560 4559
f 4559 4560 4558
f 4560 4561 4521
f 4561 4520 4521
f 4561 4562 4520
f 4562 4211 4208
f 4562 4208 4520
f 4212 4522 4210
f 4212 4214 4522
f 4214 4523 4522
f 4214 4563 4523
f 4524 4525 4564
f 4564 4525 4565
f 4526 4524 4566
f 4524 4567 4566
f 4524 4564 4567
f 4566 4567 4528
f 4567 4527 4528
f 4567 4568 4527
f 4529 4527 4569
f 4527 4570 4569
f 4527 4568 4570
f 4569 4570 4532
f 4570 4531 4532
f 4570 4571 4531
f 4531 4572 4533
f 4531 4571 4572
f 4533 4573 4534
f 4533 4572 4573
f 4534 4574 4535
f 4534 4573 4574
f 4535 4575 4536
f 4535 4574 4575
f 4536 4576 4537
f 4536 4575 4576
f 4537 4577 4538
f 4537 4576 4577
f 4538 4578 4539
f 4538 4577 4578
f 4580 4540 4579
f 4540 4578 4579
f 4540 4539 4578
f 4582 4581 4580
f 4581 4540 4580
f 4581 4541 4540
f 4541 4583 4542
f 4541 4581 4583
f 4542 4584 4543
f 4542 4583 4584
f 4543 4585 4544
f 4543 4584 4585
f 4544 4586 4545
f 4544 4585 4586
f 4545 4587 4546
f 4545 4586 4587
f 4547 4546 4588
f 4588 4546 4587
f 4549 4550 4589
f 4589 4550 4590
f 4549 4591 4551
f 4549 4589 4591
f 4551 4592 4552
f 4551 4591 4592
f 4552 4593 4553
f 4552 4592 4593
f 4553 4594 4554
f 4553 4593 4594
f 4554 4595 4555
f 4554 4594 4595
f 4555 4596 4556
f 4555 4595 4596
f 4556 4597 4557
f 4556 4596 4597
f 4557 4598 4559
f 4557 4597 4598
f 4559 4599 4561
f 4559 4598 4599
f 4561 4600 4562
f 4561 4599 4600
f 4600 4215 4211
f 4600 4211 4562
f 4216 4602 4601
f 4563 4216 4601
f 4214 4216 4563
f 4601 4602 4565
f 4602 4564 4565
f 4602 4603 4564
f 4564 4604 4567
f 4564 4603 4604
f 4567 4605 4568
f 4567 4604 4605
f 4568 4606 4570
f 4568 4605 4606
f 4570 4607 4571
f 4570 4606 4607
f 4571 4608 4572
f 4571 4607 4608
f 4572 4609 4573
f 4572 4608 4609
f 4573 4610 4574
f 4573 4609 4610
f 4574 4611 4575
f 4574 4610 4611
f 4575 4612 4576
f 4575 4611 4612
f 4576 4613 4577
f 4576 4612 4613
f 4577 4614 4578
f 4577 4613 4614
f 4579 4578 4615
f 4615 4578 4614
f 4581 4582 4616
f 4616 4582 4617
f 4581 4618 4583
f 4581 4616 4618
f 4583 4619 4584
f 4583 4618 4619
f 4584 4620 4585
f 4584 4619 4620
f 4585 4621 4586
f 4585 4620 4621
f 4586 4622 4587
f 4586 4621 4622
f 4588 4587 4623
f 4587 4624 4623
f 4587 4622 4624
f 4623 4624 4590
f 4624 4589 4590
f 4624 4625 4589
f 4589 4626 4591
f 4589 4625 4626
f 4591 4627 4592
f 4591 4626 4627
f 4592 4628 4593
f 4592 4627 4628
f 4593 4629 4594
f 4593 4628 4629
f 4594 4630 4595
f 4594 4629 4630
f 4595 4631 4596
f 4595 4630 4631
f 4596 4632 4597
f 4596 4631 4632
f 4597 4633 4598
f 4597 4632 4633
f 4598 4634 4599
f 4598 4633 4634
f 4599 4635 4600
f 4599 4634 4635
f 4635 4217 4215
f 4635 4215 4600
f 4218 4602 4216
f 4602 4218 4219
f 4602 4219 4603
f 4603 4219 4220
f 4603 4220 4604
f 4604 4220 4221
f 4604 4221 4605
f 4605 4221 4222
f 4636 4605 4222
f 4606 4605 4636
f 4606 4637 4607
f 4606 4636 4637
f 4639 4608 4638
f 4608 4637 4638
f 4608 4607 4637
f 4641 4640 4639
f 4640 4608 4639
f 4640 4609 4608
f 4609 4642 4610
f 4609 4640 4642
f 4610 4643 4611
f 4610 4642 4643
f 4611 4644 4612
f 4611 4643 4644
f 4612 4645 4613
f 4612 4644 4645
f 4647 4614 4646
f 4614 4645 4646
f 4614 4613 4645
f 4614 4647 4615
f 4616 4617 4648
f 4648 4617 4649
f 4616 4650 4618
f 4616 4648 4650
f 4618 4651 4619
f 4618 4650 4651
f 4619 4652 4620
f 4619 4651 4652
f 4620 4653 4621
f 4620 4652 4653
f 4621 4654 4622
f 4621 4653 4654
f 4622 4655 4624
f 4622 4654 4655
f 4624 4656 4625
f 4624 4655 4656
f 4625 4657 4626
f 4625 4656 4657
f 4626 4658 4627
f 4626 4657 4658
f 4627 4659 4628
f 4627 4658 4659
f 4628 4660 4629
f 4628 4659 4660
f 4629 4661 4630
f 4629 4660 4661
f 4630 4662 4631
f 4630 4661 4662
f 4631 4663 4632
f 4631 4662 4663
f 4632 4664 4633
f 4632 4663 4664
f 4666 4634 4665
f 4634 4664 4665
f 4634 4633 4664
f 4668 4667 4666
f 4667 4634 4666
f 4667 4635 4634
f 4667 4223 4217
f 4667 4217 4635
f 4224 4669 4636
f 4224 4636 4222
f 4671 4637 4670
f 4637 4669 4670
f 4637 4636 4669
f 4637 4671 4638
f 4640 4641 4672
f 4672 4641 4673
f 4640 4674 4642
f 4640 4672 4674
f 4642 4675 4643
f 4642 4674 4675
f 4643 4676 4644
f 4643 4675 4676
f 4644 4677 4645
f 4644 4676 4677
f 4646 4645 4678
f 4678 4645 4677
f 4648 4649 4679
f 4679 4649 4680
f 4648 4681 4650
f 4648 4679 4681
f 4650 4682 4651
f 4650 4681 4682
f 4651 4683 4652
f 4651 4682 4683
f 4652 4684 4653
f 4652 4683 4684
f 4653 4685 4654
f 4653 4684 4685
f 4654 4686 4655
f 4654 4685 4686
f 4688 4656 4687
f 4656 4686 4687
f 4656 4655 4686
f 4690 4689 4688
f 4689 4656 4688
f 4689 4657 4656
f 4657 4691 4658
f 4657 4689 4691
f 4658 4692 4659
f 4658 4691 4692
f 4659 4693 4660
f 4659 4692 4693
f 4660 4694 4661
f 4660 4693 4694
f 4661 4695 4662
f 4661 4694 4695
f 4662 4696 4663
f 4662 4695 4696
f 4663 4697 4664
f 4663 4696 4697
f 4665 4664 4698
f 4698 4664 4697
f 4667 4668 4699
f 4699 4668 4700
f 4699 4225 4223
f 4699 4223 4667
f 4226 4701 4669
f 4226 4669 4224
f 4670 4669 4702
f 4669 4703 4702
f 4669 4701 4703
f 4705 4704 4703
f 4703 4704 4702
f 4704 4705 4673
f 4705 4672 4673
f 4705 4706 4672
f 4672 4707 4674
f 4672 4706 4707
f 4674 4708 4675
f 4674 4707 4708
f 4675 4709 4676
f 4675 4708 4709
f 4676 4710 4677
f 4676 4709 4710
f 4678 4677 4711
f 4677 4712 4711
f 4677 4710 4712
f 4714 4713 4712
f 4712 4713 4711
f 4713 4714 4680
f 4714 4679 4680
f 4714 4715 4679
f 4679 4716 4681
f 4679 4715 4716
f 4681 4717 4682
f 4681 4716 4717
f 4682 4718 4683
f 4682 4717 4718
f 4683 4719 4684
f 4683 4718 4719
f 4684 4720 4685
f 4684 4719 4720
f 4685 4721 4686
f 4685 4720 4721
f 4687 4686 4722
f 4722 4686 4721
f 4689 4690 4723
f 4723 4690 4724
f 4689 4725 4691
f 4689 4723 4725
f 4691 4726 4692
f 4691 4725 4726
f 4692 4727 4693
f 4692 4726 4727
f 4693 4728 4694
f 4693 4727 4728
f 4730 4695 4729
f 4695 4728 4729
f 4695 4694 4728
f 4732 4731 4730
f 4731 4695 4730
f 4731 4696 4695
f 4696 4733 4697
f 4696 4731 4733
f 4698 4697 4734
f 4734 4697 4733
f 4699 4700 4735
f 4735 4700 4736
f 4735 4227 4225
f 4735 4225 4699
f 4228 4737 4701
f 4228 4701 4226
f 4701 4738 4703
f 4701 4737 4738
f 4703 4739 4705
f 4703 4738 4739
f 4705 4740 4706
f 4705 4739 4740
f 4706 4741 4707
f 4706 4740 4741
f 4707 4742 4708
f 4707 4741 4742
f 4708 4743 4709
f 4708 4742 4743
f 4709 4744 4710
f 4709 4743 4744
f 4710 4745 4712
f 4710 4744 4745
f 4712 4746 4714
f 4712 4745 4746
f 4714 4747 4715
f 4714 4746 4747
f 4715 4748 4716
f 4715 4747 4748
f 4716 4749 4717
f 4716 4748 4749
f 4717 4750 4718
f 4717 4749 4750
f 4718 4751 4719
f 4718 4750 4751
f 4719 4752 4720
f 4719 4751 4752
f 4720 4753 4721
f 4720 4752 4753
f 4722 4721 4754
f 4721 4755 4754
f 4721 4753 4755
f 4754 4755 4724
f 4755 4723 4724
f 4755 4756 4723
f 4723 4757 4725
f 4723 4756 4757
f 4725 4758 4726
f 4725 4757 4758
f 4726 4759 4727
f 4726 4758 4759
f 4727 4760 4728
f 4727 4759 4760
f 4729 4728 4761
f 4728 4762 4761
f 4728 4760 4762
f 4761 4762 4732
f 4762 4731 4732
f 4762 4763 4731
f 4731 4764 4733
f 4731 4763 4764
f 4734 4733 4765
f 4765 4733 4764
f 4735 4736 4766
f 4766 4736 4767
f 4766 4229 4227
f 4766 4227 4735
f 4230 4768 4737
f 4230 4737 4228
f 4737 4769 4738
f 4737 4768 4769
f 4738 4770 4739
f 4738 4769 4770
f 4739 4771 4740
f 4739 4770 4771
f 4740 4772 4741
f 4740 4771 4772
f 4774 4742 4773
f 4742 4772 4773
f 4742 4741 4772
f 4742 4774 4743
f 4743 4774 4775
f 4743 4775 4744
f 4744 4775 4776
f 4778 4777 4776
f 4777 4744 4776
f 4777 4745 4744
f 4745 4779 4746
f 4745 4777 4779
f 4746 4780 4747
f 4746 4779 4780
f 4747 4781 4748
f 4747 4780 4781
f 4748 4782 4749
f 4748 4781 4782
f 4749 4783 4750
f 4749 4782 4783
f 4750 4784 4751
f 4750 4783 4784
f 4751 4785 4752
f 4751 4784 4785
f 4752 4786 4753
f 4752 4785 4786
f 4753 4787 4755
f 4753 4786 4787
f 4755 4788 4756
f 4755 4787 4788
f 4756 4789 4757
f 4756 4788 4789
f 4757 4790 4758
f 4757 4789 4790
f 4758 4791 4759
f 4758 4790 4791
f 4759 4792 4760
f 4759 4791 4792
f 4760 4793 4762
f 4760 4792 4793
f 4762 4794 4763
f 4762 4793 4794
f 4794 4232 4233
f 4764 4794 4233
f 4763 4794 4764
f 4796 4795 4234
f 4234 4795 4233
f 4795 4765 4233
f 4765 4764 4233
f 4798 4797 4796
f 4797 4766 4796
f 4767 4795 4796
f 4767 4796 4766
f 4229 4766 4797
f 4799 4229 4797
f 4235 4229 4799
f 4801 4800 4768
f 4230 4801 4768
f 4236 4801 4230
f 4803 4802 4800
f 4802 4768 4800
f 4802 4769 4768
f 4769 4804 4770
f 4769 4802 4804
f 4770 4805 4771
f 4770 4804 4805
f 4807 4772 4806
f 4772 4805 4806
f 4772 4771 4805
f 4772 4807 4773
f 4810 4809 4808
f 4812 4811 4808
f 4808 4811 4810
f 4811 4812 4778
f 4812 4777 4778
f 4812 4813 4777
f 4777 4814 4779
f 4777 4813 4814
f 4779 4815 4780
f 4779 4814 4815
f 4780 4816 4781
f 4780 4815 4816
f 4781 4817 4782
f 4781 4816 4817
f 4819 4783 4818
f 4783 4817 4818
f 4783 4782 4817
f 4821 4820 4819
f 4820 4783 4819
f 4820 4784 4783
f 4784 4822 4785
f 4784 4820 4822
f 4785 4823 4786
f 4785 4822 4823
f 4786 4824 4787
f 4786 4823 4824
f 4787 4825 4788
f 4787 4824 4825
f 4788 4826 4789
f 4788 4825 4826
f 4789 4827 4790
f 4789 4826 4827
f 4790 4828 4791
f 4790 4827 4828
f 4791 4829 4792
f 4791 4828 4829
f 4792 4830 4793
f 4792 4829 4830
f 4830 4237 4238
f 4794 4830 4238
f 4793 4830 4794
f 4794 4238 4232
f 4239 4796 4234
f 4832 4831 4240
f 4240 4831 4239
f 4831 4798 4239
f 4798 4796 4239
f 4799 4831 4832
f 4241 4799 4832
f 4235 4799 4241
f 4242 4834 4833
f 4801 4242 4833
f 4236 4242 4801
f 4833 4834 4803
f 4834 4802 4803
f 4834 4835 4802
f 4802 4836 4804
f 4802 4835 4836
f 4804 4837 4805
f 4804 4836 4837
f 4806 4805 4838
f 4805 4839 4838
f 4805 4837 4839
f 4841 4840 4839
f 4839 4840 4838
f 4840 4841 4809
f 4841 4808 4809
f 4841 4842 4808
f 4808 4843 4812
f 4808 4842 4843
f 4812 4844 4813
f 4812 4843 4844
f 4813 4845 4814
f 4813 4844 4845
f 4814 4846 4815
f 4814 4845 4846
f 4815 4847 4816
f 4815 4846 4847
f 4816 4848 4817
f 4816 4847 4848
f 4818 4817 4849
f 4817 4850 4849
f 4817 4848 4850
f 4849 4850 4821
f 4850 4820 4821
f 4850 4851 4820
f 4820 4852 4822
f 4820 4851 4852
f 4822 4853 4823
f 4822 4852 4853
f 4823 4854 4824
f 4823 4853 4854
f 4824 4855 4825
f 4824 4854 4855
f 4825 4856 4826
f 4825 4855 4856
f 4826 4857 4827
f 4826 4856 4857
f 4827 4858 4828
f 4827 4857 4858
f 4828 4859 4829
f 4828 4858 4859
f 4829 4860 4830
f 4829 4859 4860
f 4860 4243 4237
f 4860 4237 4830
f 4862 4861 4832
f 4240 4862 4832
f 4244 4862 4240
f 4241 4832 4861
f 4863 4241 4861
f 4245 4241 4863
f 4246 4864 4834
f 4246 4834 4242
f 4834 4865 4835
f 4834 4864 4865
f 4835 4866 4836
f 4835 4865 4866
f 4836 4867 4837
f 4836 4866 4867
f 4837 4868 4839
f 4837 4867 4868
f 4839 4869 4841
f 4839 4868 4869
f 4841 4870 4842
f 4841 4869 4870
f 4842 4871 4843
f 4842 4870 4871
f 4843 4872 4844
f 4843 4871 4872
f 4844 4873 4845
f 4844 4872 4873
f 4845 4874 4846
f 4845 4873 4874
f 4846 4875 4847
f 4846 4874 4875
f 4877 4848 4876
f 4848 4875 4876
f 4848 4847 4875
f 4848 4877 4850
f 4850 4877 4878
f 4880 4879 4878
f 4879 4850 4878
f 4879 4851 4850
f 4851 4881 4852
f 4851 4879 4881
f 4852 4882 4853
f 4852 4881 4882
f 4853 4883 4854
f 4853 4882 4883
f 4854 4884 4855
f 4854 4883 4884
f 4855 4885 4856
f 4855 4884 4885
f 4856 4886 4857
f 4856 4885 4886
f 4857 4887 4858
f 4857 4886 4887
f 4858 4888 4859
f 4858 4887 4888
f 4859 4889 4860
f 4859 4888 4889
f 4889 4247 4243
f 4889 4243 4860
f 4248 4891 4890
f 4862 4248 4890
f 4244 4248 4862
f 4863 4890 4891
f 4249 4863 4891
f 4245 4863 4249
f 4250 4892 4864
f 4250 4864 4246
f 4864 4893 4865
f 4864 4892 4893
f 4865 4894 4866
f 4865 4893 4894
f 4866 4895 4867
f 4866 4894 4895
f 4867 4896 4868
f 4867 4895 4896
f 4868 4897 4869
f 4868 4896 4897
f 4869 4898 4870
f 4869 4897 4898
f 4870 4899 4871
f 4870 4898 4899
f 4871 4900 4872
f 4871 4899 4900
f 4872 4901 4873
f 4872 4900 4901
f 4873 4902 4874
f 4873 4901 4902
f 4874 4903 4875
f 4874 4902 4903
f 4876 4875 4904
f 4875 4905 4904
f 4875 4903 4905
f 4907 4906 4905
f 4905 4906 4904
f 4906 4907 4880
f 4907 4879 4880
f 4907 4908 4879
f 4879 4909 4881
f 4879 4908 4909
f 4881 4910 4882
f 4881 4909 4910
f 4882 4911 4883
f 4882 4910 4911
f 4883 4912 4884
f 4883 4911 4912
f 4884 4913 4885
f 4884 4912 4913
f 4885 4914 4886
f 4885 4913 4914
f 4886 4915 4887
f 4886 4914 4915
f 4917 4888 4916
f 4888 4915 4916
f 4888 4887 4915
f 4919 4918 4917
f 4918 4888 4917
f 4918 4889 4888
f 4918 4251 4247
f 4918 4247 4889
f 4253 4920 4891
f 4253 4891 4248
f 4920 4254 4249
f 4920 4249 4891
f 4255 4921 4892
f 4255 4892 4250
f 4892 4922 4893
f 4892 4921 4922
f 4893 4923 4894
f 4893 4922 4923
f 4894 4924 4895
f 4894 4923 4924
f 4895 4925 4896
f 4895 4924 4925
f 4896 4926 4897
f 4896 4925 4926
f 4897 4927 4898
f 4897 4926 4927
f 4898 4928 4899
f 4898 4927 4928
f 4899 4929 4900
f 4899 4928 4929
f 4900 4930 4901
f 4900 4929 4930
f 4901 4931 4902
f 4901 4930 4931
f 4902 4932 4903
f 4902 4931 4932
f 4903 4933 4905
f 4903 4932 4933
f 4905 4934 4907
f 4905 4933 4934
f 4907 4935 4908
f 4907 4934 4935
f 4908 4936 4909
f 4908 4935 4936
f 4909 4937 4910
f 4909 4936 4937
f 4910 4938 4911
f 4910 4937 4938
f 4911 4939 4912
f 4911 4938 4939
f 4912 4940 4913
f 4912 4939 4940
f 4913 4941 4914
f 4913 4940 4941
f 4914 4942 4915
f 4914 4941 4942
f 4916 4915 4943
f 4915 4944 4943
f 4915 4942 4944
f 4943 4944 4919
f 4944 4918 4919
f 4944 4945 4918
f 4945 4256 4251
f 4945 4251 4918
f 4947 4946 4920
f 4253 4947 4920
f 4257 4947 4253
f 4254 4920 4946
f 4948 4254 4946
f 4258 4254 4948
f 4259 4949 4921
f 4259 4921 4255
f 4921 4950 4922
f 4921 4949 4950
f 4922 4951 4923
f 4922 4950 4951
f 4923 4952 4924
f 4923 4951 4952
f 4924 4953 4925
f 4924 4952 4953
f 4925 4954 4926
f 4925 4953 4954
f 4926 4955 4927
f 4926 4954 4955
f 4927 4956 4928
f 4927 4955 4956
f 4928 4957 4929
f 4928 4956 4957
f 4929 4958 4930
f 4929 4957 4958
f 4930 4959 4931
f 4930 4958 4959
f 4931 4960 4932
f 4931 4959 4960
f 4932 4961 4933
f 4932 4960 4961
f 4933 4962 4934
f 4933 4961 4962
f 4934 4963 4935
f 4934 4962 4963
f 4935 4964 4936
f 4935 4963 4964
f 4936 4965 4937
f 4936 4964 4965
f 4937 4966 4938
f 4937 4965 4966
f 4938 4967 4939
f 4938 4966 4967
f 4969 4940 4968
f 4940 4967 4968
f 4940 4939 4967
f 4971 4970 4969
f 4970 4940 4969
f 4970 4941 4940
f 4941 4972 4942
f 4941 4970 4972
f 4974 4944 4973
f 4944 4972 4973
f 4944 4942 4972
f 4944 4974 4945
f 4945 4974 4975
f 4256 4945 4975
f 4976 4256 4975
f 4260 4256 4976
f 4257 4261 4977
f 4978 4257 4977
f 4947 4257 4978
f 4979 4977 4261
f 4258 4979 4261
f 4948 4979 4258
f 4263 4980 4949
f 4263 4949 4259
f 4949 4981 4950
f 4949 4980 4981
f 4950 4982 4951
f 4950 4981 4982
f 4951 4983 4952
f 4951 4982 4983
f 4952 4984 4953
f 4952 4983 4984
f 4953 4985 4954
f 4953 4984 4985
f 4954 4986 4955
f 4954 4985 4986
f 4955 4987 4956
f 4955 4986 4987
f 4956 4988 4957
f 4956 4987 4988
f 4957 4989 4958
f 4957 4988 4989
f 4958 4990 4959
f 4958 4989 4990
f 4959 4991 4960
f 4959 4990 4991
f 4960 4992 4961
f 4960 4991 4992
f 4961 4993 4962
f 4961 4992 4993
f 4962 4994 4963
f 4962 4993 4994
f 4963 4995 4964
f 4963 4994 4995
f 4964 4996 4965
f 4964 4995 4996
f 4965 4997 4966
f 4965 4996 4997
f 4966 4998 4967
f 4966 4997 4998
f 4968 4967 4999
f 4967 5000 4999
f 4967 4998 5000
f 4999 5000 4971
f 5000 4970 4971
f 5000 5001 4970
f 4970 5002 4972
f 4970 5001 5002
f 4973 4972 5003
f 5003 4972 5002
f 5006 5005 5004
f 4976 5006 5004
f 4264 4976 5004
f 4260 4976 4264
f 4978 5008 5007
f 4978 4266 5008
f 4978 4977 4265
f 4266 4978 4265
f 4267 5007 5008
f 4267 4979 5007
f 4267 4265 4977
f 4979 4267 4977
f 4268 5009 4980
f 4268 4980 4263
f 4980 5010 4981
f 4980 5009 5010
f 4981 5011 4982
f 4981 5010 5011
f 4982 5012 4983
f 4982 5011 5012
f 4983 5013 4984
f 4983 5012 5013
f 4984 5014 4985
f 4984 5013 5014
f 4985 5015 4986
f 4985 5014 5015
f 4986 5016 4987
f 4986 5015 5016
f 4987 5017 4988
f 4987 5016 5017
f 4988 5018 4989
f 4988 5017 5018
f 4989 5019 4990
f 4989 5018 5019
f 4990 5020 4991
f 4990 5019 5020
f 4991 5021 4992
f 4991 5020 5021
f 4992 5022 4993
f 4992 5021 5022
f 4993 5023 4994
f 4993 5022 5023
f 4994 5024 4995
f 4994 5023 5024
f 4995 5025 4996
f 4995 5024 5025
f 4996 5026 4997
f 4996 5025 5026
f 4997 5027 4998
f 4997 5026 5027
f 4998 5028 5000
f 4998 5027 5028
f 5000 5029 5001
f 5000 5028 5029
f 5001 5030 5002
f 5001 5029 5030
f 5003 5002 5031
f 5031 5002 5030
f 5004 5005 5032
f 5032 5005 5033
f 5032 4269 4264
f 5032 4264 5004
f 5035 4270 5034
f 5035 4266 4270
f 5008 4266 5035
f 5008 5035 5036
f 5037 5008 5036
f 5037 4267 5008
f 5037 5034 4270
f 4267 5037 4270
f 5039 5038 5009
f 4268 5039 5009
f 4272 5039 4268
f 5009 5038 5010
f 5010 5038 5040
f 5010 5040 5011
f 5011 5040 5041
f 5043 5042 5041
f 5042 5011 5041
f 5042 5012 5011
f 5012 5044 5013
f 5012 5042 5044
f 5013 5045 5014
f 5013 5044 5045
f 5014 5046 5015
f 5014 5045 5046
f 5048 5016 5047
f 5016 5046 5047
f 5016 5015 5046
f 5050 5049 5048
f 5049 5016 5048
f 5049 5017 5016
f 5017 5051 5018
f 5017 5049 5051
f 5018 5052 5019
f 5018 5051 5052
f 5019 5053 5020
f 5019 5052 5053
f 5020 5054 5021
f 5020 5053 5054
f 5021 5055 5022
f 5021 5054 5055
f 5022 5056 5023
f 5022 5055 5056
f 5023 5057 5024
f 5023 5056 5057
f 5024 5058 5025
f 5024 5057 5058
f 5025 5059 5026
f 5025 5058 5059
f 5026 5060 5027
f 5026 5059 5060
f 5027 5061 5028
f 5027 5060 5061
f 5028 5062 5029
f 5028 5061 5062
f 5029 5063 5030
f 5029 5062 5063
f 5031 5030 5064
f 5030 5065 5064
f 5030 5063 5065
f 5064 5065 5033
f 5065 5032 5033
f 5065 5066 5032
f 5066 4273 4269
f 5066 4269 5032
f 5035 5034 4274
f 4275 5035 4274
f 5067 5035 4275
f 4276 4274 5034
f 5037 4276 5034
f 5068 4276 5037
f 4277 5070 5069
f 5039 4277 5069
f 4272 4277 5039
f 5072 5071 5070
f 5070 5071 5069
f 5074 5073 5072
f 5072 5073 5071
f 5073 5074 5043
f 5074 5042 5043
f 5074 5075 5042
f 5042 5076 5044
f 5042 5075 5076
f 5044 5077 5045
f 5044 5076 5077
f 5045 5078 5046
f 5045 5077 5078
f 5047 5046 5079
f 5079 5046 5078
f 5050 5080 5049
f 5082 5081 5080
f 5081 5049 5080
f 5081 5051 5049
f 5051 5083 5052
f 5051 5081 5083
f 5052 5084 5053
f 5052 5083 5084
f 5053 5085 5054
f 5053 5084 5085
f 5054 5086 5055
f 5054 5085 5086
f 5055 5087 5056
f 5055 5086 5087
f 5056 5088 5057
f 5056 5087 5088
f 5057 5089 5058
f 5057 5088 5089
f 5091 5059 5090
f 5059 5089 5090
f 5059 5058 5089
f 5093 5092 5091
f 5092 5059 5091
f 5092 5060 5059
f 5060 5094 5061
f 5060 5092 5094
f 5061 5095 5062
f 5061 5094 5095
f 5062 5096 5063
f 5062 5095 5096
f 5063 5097 5065
f 5063 5096 5097
f 5099 5066 5098
f 5066 5097 5098
f 5066 5065 5097
f 4273 5066 5099
f 5100 4273 5099
f 4278 4273 5100
f 5101 5067 4275
f 5101 4275 4279
f 4279 4276 5068
f 4279 5068 5101
f 4280 5102 5070
f 4280 5070 4277
f 5070 5103 5072
f 5070 5102 5103
f 5072 5104 5074
f 5072 5103 5104
f 5074 5105 5075
f 5074 5104 5105
f 5075 5106 5076
f 5075 5105 5106
f 5076 5107 5077
f 5076 5106 5107
f 5077 5108 5078
f 5077 5107 5108
f 5079 5078 5109
f 5078 5110 5109
f 5078 5108 5110
f 5112 5111 5110
f 5110 5111 5109
f 5111 5112 5082
f 5112 5081 5082
f 5112 5113 5081
f 5081 5114 5083
f 5081 5113 5114
f 5083 5115 5084
f 5083 5114 5115
f 5117 5085 5116
f 5085 5115 5116
f 5085 5084 5115
f 5085 5117 5086
f 5086 5117 5118
f 5120 5119 5118
f 5119 5086 5118
f 5119 5087 5086
f 5087 5121 5088
f 5087 5119 5121
f 5088 5122 5089
f 5088 5121 5122
f 5090 5089 5123
f 5089 5124 5123
f 5089 5122 5124
f 5123 5124 5093
f 5124 5092 5093
f 5124 5125 5092
f 5092 5126 5094
f 5092 5125 5126
f 5094 5127 5095
f 5094 5126 5127
f 5095 5128 5096
f 5095 5127 5128
f 5096 5129 5097
f 5096 5128 5129
f 5098 5097 5130
f 5097 5131 5130
f 5097 5129 5131
f 5131 5132 4281
f 5100 5131 4281
f 4278 5100 4281
f 5131 5100 5130
f 5132 4283 4281
f 4286 5133 4285
f 5133 4287 4285
f 4288 5134 5102
f 4288 5102 4280
f 5102 5135 5103
f 5102 5134 5135
f 5103 5136 5104
f 5103 5135 5136
f 5104 5137 5105
f 5104 5136 5137
f 5105 5138 5106
f 5105 5137 5138
f 5106 5139 5107
f 5106 5138 5139
f 5107 5140 5108
f 5107 5139 5140
f 5108 5141 5110
f 5108 5140 5141
f 5110 5142 5112
f 5110 5141 5142
f 5112 5143 5113
f 5112 5142 5143
f 5113 5144 5114
f 5113 5143 5144
f 5114 5145 5115
f 5114 5144 5145
f 5116 5115 5146
f 5115 5147 5146
f 5115 5145 5147
f 5149 5148 5147
f 5147 5148 5146
f 5148 5149 5120
f 5149 5119 5120
f 5149 5150 5119
f 5119 5151 5121
f 5119 5150 5151
f 5153 5122 5152
f 5122 5151 5152
f 5122 5121 5151
f 5155 5154 5153
f 5154 5122 5153
f 5154 5124 5122
f 5124 5156 5125
f 5124 5154 5156
f 5125 5157 5126
f 5125 5156 5157
f 5126 5158 5127
f 5126 5157 5158
f 5127 5159 5128
f 5127 5158 5159
f 5128 5160 5129
f 5128 5159 5160
f 5162 5131 5161
f 5131 5160 5161
f 5131 5129 5160
f 5164 5163 5162
f 5163 5131 5162
f 5163 5132 5131
f 5165 4289 4283
f 5132 5165 4283
f 5163 5165 5132
f 5166 4290 4289
f 5166 4289 5165
f 5133 4286 4290
f 5166 5133 4290
f 5167 5133 5166
f 5167 4291 4287
f 5167 4287 5133
f 4292 5168 5134
f 4292 5134 4288
f 5134 5169 5135
f 5134 5168 5169
f 5135 5170 5136
f 5135 5169 5170
f 5136 5171 5137
f 5136 5170 5171
f 5137 5172 5138
f 5137 5171 5172
f 5138 5173 5139
f 5138 5172 5173
f 5139 5174 5140
f 5139 5173 5174
f 5140 5175 5141
f 5140 5174 5175
f 5141 5176 5142
f 5141 5175 5176
f 5142 5177 5143
f 5142 5176 5177
f 5143 5178 5144
f 5143 5177 5178
f 5144 5179 5145
f 5144 5178 5179
f 5145 5180 5147
f 5145 5179 5180
f 5147 5181 5149
f 5147 5180 5181
f 5149 5182 5150
f 5149 5181 5182
f 5150 5183 5151
f 5150 5182 5183
f 5152 5151 5184
f 5151 5185 5184
f 5151 5183 5185
f 5184 5185 5155
f 5185 5154 5155
f 5185 5186 5154
f 5154 5187 5156
f 5154 5186 5187
f 5189 5157 5188
f 5157 5187 5188
f 5157 5156 5187
f 5157 5189 5158
f 5158 5189 5190
f 5192 5191 5190
f 5191 5158 5190
f 5191 5159 5158
f 5159 5193 5160
f 5159 5191 5193
f 5161 5160 5194
f 5160 5195 5194
f 5160 5193 5195
f 5194 5195 5164
f 5195 5163 5164
f 5195 5196 5163
f 5163 5197 5165
f 5163 5196 5197
f 5199 5166 5198
f 5166 5197 5198
f 5166 5165 5197
f 5201 5200 5199
f 5200 5166 5199
f 5200 5167 5166
f 5200 4293 4291
f 5200 4291 5167
f 4294 5202 5168
f 4294 5168 4292
f 5168 5203 5169
f 5168 5202 5203
f 5169 5204 5170
f 5169 5203 5204
f 5170 5205 5171
f 5170 5204 5205
f 5171 5206 5172
f 5171 5205 5206
f 5172 5207 5173
f 5172 5206 5207
f 5173 5208 5174
f 5173 5207 5208
f 5174 5209 5175
f 5174 5208 5209
f 5175 5210 5176
f 5175 5209 5210
f 5176 5211 5177
f 5176 5210 5211
f 5177 5212 5178
f 5177 5211 5212
f 5178 5213 5179
f 5178 5212 5213
f 5179 5214 5180
f 5179 5213 5214
f 5180 5215 5181
f 5180 5214 5215
f 5181 5216 5182
f 5181 5215 5216
f 5182 5217 5183
f 5182 5216 5217
f 5183 5218 5185
f 5183 5217 5218
f 5185 5219 5186
f 5185 5218 5219
f 5186 5220 5187
f 5186 5219 5220
f 5188 5187 5221
f 5187 5222 5221
f 5187 5220 5222
f 5224 5223 5222
f 5222 5223 5221
f 5223 5224 5192
f 5224 5191 5192
f 5224 5225 5191
f 5191 5226 5193
f 5191 5225 5226
f 5193 5227 5195
f 5193 5226 5227
f 5195 5228 5196
f 5195 5227 5228
f 5196 5229 5197
f 5196 5228 5229
f 5198 5197 5230
f 5230 5197 5229
f 5200 5201 5231
f 5231 5201 5232
f 5231 4295 4293
f 5231 4293 5200
f 4296 5233 5202
f 4296 5202 4294
f 5202 5234 5203
f 5202 5233 5234
f 5203 5235 5204
f 5203 5234 5235
f 5204 5236 5205
f 5204 5235 5236
f 5205 5237 5206
f 5205 5236 5237
f 5206 5238 5207
f 5206 5237 5238
f 5207 5239 5208
f 5207 5238 5239
f 5208 5240 5209
f 5208 5239 5240
f 5242 5210 5241
f 5210 5240 5241
f 5210 5209 5240
f 5244 5243 5242
f 5243 5210 5242
f 5243 5211 5210
f 5211 5245 5212
f 5211 5243 5245
f 5212 5246 5213
f 5212 5245 5246
f 5213 5247 5214
f 5213 5246 5247
f 5214 5248 5215
f 5214 5247 5248
f 5215 5249 5216
f 5215 5248 5249
f 5216 5250 5217
f 5216 5249 5250
f 5217 5251 5218
f 5217 5250 5251
f 5218 5252 5219
f 5218 5251 5252
f 5219 5253 5220
f 5219 5252 5253
f 5220 5254 5222
f 5220 5253 5254
f 5222 5255 5224
f 5222 5254 5255
f 5224 5256 5225
f 5224 5255 5256
f 5225 5257 5226
f 5225 5256 5257
f 5226 5258 5227
f 5226 5257 5258
f 5227 5259 5228
f 5227 5258 5259
f 5228 5260 5229
f 5228 5259 5260
f 5230 5229 5261
f 5229 5262 5261
f 5229 5260 5262
f 5261 5262 5232
f 5262 5231 5232
f 5262 5263 5231
f 5263 4297 4295
f 5263 4295 5231
f 4299 5264 5233
f 4299 5233 4296
f 5233 5265 5234
f 5233 5264 5265
f 5234 5266 5235
f 5234 5265 5266
f 5235 5267 5236
f 5235 5266 5267
f 5236 5268 5237
f 5236 5267 5268
f 5237 5269 5238
f 5237 5268 5269
f 5238 5270 5239
f 5238 5269 5270
f 5239 5271 5240
f 5239 5270 5271
f 5241 5240 5272
f 5240 5273 5272
f 5240 5271 5273
f 5272 5273 5244
f 5273 5243 5244
f 5273 5274 5243
f 5243 5275 5245
f 5243 5274 5275
f 5245 5276 5246
f 5245 5275 5276
f 5278 5247 5277
f 5247 5276 5277
f 5247 5246 5276
f 5280 5279 5278
f 5279 5247 5278
f 5279 5248 5247
f 5248 5281 5249
f 5248 5279 5281
f 5249 5282 5250
f 5249 5281 5282
f 5250 5283 5251
f 5250 5282 5283
f 5251 5284 5252
f 5251 5283 5284
f 5252 5285 5253
f 5252 5284 5285
f 5253 5286 5254
f 5253 5285 5286
f 5254 5287 5255
f 5254 5286 5287
f 5255 5288 5256
f 5255 5287 5288
f 5256 5289 5257
f 5256 5288 5289
f 5257 5290 5258
f 5257 5289 5290
f 5258 5291 5259
f 5258 5290 5291
f 5259 5292 5260
f 5259 5291 5292
f 5294 5262 5293
f 5262 5292 5293
f 5262 5260 5292
f 5296 5295 5294
f 5295 5262 5294
f 5295 5263 5262
f 5295 4300 4297
f 5295 4297 5263
f 4301 5264 4299
f 5264 4301 4302
f 5297 5264 4302
f 5265 5264 5297
f 5265 5298 5266
f 5265 5297 5298
f 5266 5299 5267
f 5266 5298 5299
f 5267 5300 5268
f 5267 5299 5300
f 5268 5301 5269
f 5268 5300 5301
f 5269 5302 5270
f 5269 5301 5302
f 5270 5303 5271
f 5270 5302 5303
f 5305 5273 5304
f 5273 5303 5304
f 5273 5271 5303
f 5273 5305 5274
f 5274 5305 5306
f 5308 5307 5306
f 5307 5274 5306
f 5307 5275 5274
f 5275 5309 5276
f 5275 5307 5309
f 5277 5276 5310
f 5276 5311 5310
f 5276 5309 5311
f 5310 5311 5280
f 5311 5279 5280
f 5311 5312 5279
f 5279 5313 5281
f 5279 5312 5313
f 5281 5314 5282
f 5281 5313 5314
f 5282 5315 5283
f 5282 5314 5315
f 5283 5316 5284
f 5283 5315 5316
f 5284 5317 5285
f 5284 5316 5317
f 5285 5318 5286
f 5285 5317 5318
f 5286 5319 5287
f 5286 5318 5319
f 5287 5320 5288
f 5287 5319 5320
f 5288 5321 5289
f 5288 5320 5321
f 5289 5322 5290
f 5289 5321 5322
f 5290 5323 5291
f 5290 5322 5323
f 5291 5324 5292
f 5291 5323 5324
f 5293 5292 5325
f 5292 5326 5325
f 5292 5324 5326
f 5325 5326 5296
f 5326 5295 5296
f 5326 5327 5295
f 5327 4303 4300
f 5327 4300 5295
f 4306 5328 4305
f 5297 4302 4305
f 5328 5297 4305
f 5329 5297 5328
f 5297 5330 5298
f 5297 5329 5330
f 5298 5331 5299
f 5298 5330 5331
f 5333 5300 5332
f 5300 5331 5332
f 5300 5299 5331
f 5335 5334 5333
f 5334 5300 5333
f 5334 5301 5300
f 5301 5336 5302
f 5301 5334 5336
f 5338 5303 5337
f 5303 5336 5337
f 5303 5302 5336
f 5338 5339 5303
f 5339 5340 5303
f 5341 5304 5303
f 5341 5303 5340
f 5340 5342 5341
f 5307 5308 5343
f 5343 5308 5344
f 5307 5345 5309
f 5307 5343 5345
f 5347 5311 5346
f 5311 5345 5346
f 5311 5309 5345
f 5349 5348 5347
f 5348 5311 5347
f 5348 5312 5311
f 5312 5350 5313
f 5312 5348 5350
f 5313 5351 5314
f 5313 5350 5351
f 5314 5352 5315
f 5314 5351 5352
f 5354 5316 5353
f 5316 5352 5353
f 5316 5315 5352
f 5356 5355 5354
f 5355 5316 5354
f 5355 5317 5316
f 5358 5318 5357
f 5318 5355 5357
f 5318 5317 5355
f 5360 5359 5358
f 5359 5318 5358
f 5359 5319 5318
f 5319 5361 5320
f 5319 5359 5361
f 5320 5362 5321
f 5320 5361 5362
f 5321 5363 5322
f 5321 5362 5363
f 5365 5323 5364
f 5323 5363 5364
f 5323 5322 5363
f 5367 5366 5365
f 5366 5323 5365
f 5366 5324 5323
f 5324 5368 5326
f 5324 5366 5368
f 5326 5369 5327
f 5326 5368 5369
f 5369 4307 4303
f 5369 4303 5327
f 4309 5370 4308
f 5371 4310 4308
f 5371 4308 5370
f 5372 4311 4310
f 5372 4310 5371
f 5373 4312 4311
f 5373 4311 5372
f 5328 4306 4312
f 5373 5328 4312
f 5374 5328 5373
f 5376 5329 5375
f 5329 5374 5375
f 5329 5328 5374
f 5378 5377 5376
f 5377 5329 5376
f 5377 5330 5329
f 5330 5379 5331
f 5330 5377 5379
f 5332 5331 5380
f 5331 5381 5380
f 5331 5379 5381
f 5380 5381 5335
f 5381 5334 5335
f 5381 5382 5334
f 5334 5383 5336
f 5334 5382 5383
f 5337 5336 5384
f 5336 5385 5384
f 5336 5383 5385
f 5384 5385 5339
f 5385 5340 5339
f 5385 5386 5340
f 5342 5340 5387
f 5387 5340 5386
f 5343 5344 5388
f 5388 5344 5389
f 5343 5390 5345
f 5343 5388 5390
f 5346 5345 5391
f 5345 5392 5391
f 5345 5390 5392
f 5391 5392 5349
f 5392 5348 5349
f 5392 5393 5348
f 5348 5394 5350
f 5348 5393 5394
f 5350 5395 5351
f 5350 5394 5395
f 5351 5396 5352
f 5351 5395 5396
f 5353 5352 5397
f 5352 5398 5397
f 5352 5396 5398
f 5397 5398 5356
f 5398 5355 5356
f 5398 5399 5355
f 5357 5355 5400
f 5355 5401 5400
f 5355 5399 5401
f 5400 5401 5360
f 5401 5359 5360
f 5401 5402 5359
f 5359 5403 5361
f 5359 5402 5403
f 5361 5404 5362
f 5361 5403 5404
f 5362 5405 5363
f 5362 5404 5405
f 5364 5363 5406
f 5363 5407 5406
f 5363 5405 5407
f 5406 5407 5367
f 5407 5366 5367
f 5407 5408 5366
f 5366 5409 5368
f 5366 5408 5409
f 5368 5410 5369
f 5368 5409 5410
f 5410 4313 4307
f 5410 4307 5369
f 4315 5411 4314
f 5411 5412 4314
f 4314 5412 4309
f 5412 5413 4309
f 5413 5370 4309
f 5415 5414 5413
f 5414 5370 5413
f 5414 5371 5370
f 5417 5372 5416
f 5372 5414 5416
f 5372 5371 5414
f 5419 5418 5417
f 5418 5372 5417
f 5418 5373 5372
f 5373 5420 5374
f 5373 5418 5420
f 5375 5374 5421
f 5374 5422 5421
f 5374 5420 5422
f 5424 5423 5422
f 5423 5377 5422
f 5378 5421 5422
f 5378 5422 5377
f 5377 5423 5379
f 5379 5423 5425
f 5427 5426 5425
f 5426 5379 5425
f 5426 5381 5379
f 5381 5428 5382
f 5381 5426 5428
f 5382 5429 5383
f 5382 5428 5429
f 5383 5430 5385
f 5383 5429 5430
f 5385 5431 5386
f 5385 5430 5431
f 5387 5386 5432
f 5386 5433 5432
f 5386 5431 5433
f 5432 5433 5389
f 5433 5388 5389
f 5433 5434 5388
f 5388 5435 5390
f 5388 5434 5435
f 5437 5392 5436
f 5392 5435 5436
f 5392 5390 5435
f 5439 5438 5437
f 5438 5392 5437
f 5438 5393 5392
f 5393 5440 5394
f 5393 5438 5440
f 5394 5441 5395
f 5394 5440 5441
f 5395 5442 5396
f 5395 5441 5442
f 5396 5443 5398
f 5396 5442 5443
f 5398 5444 5399
f 5398 5443 5444
f 5399 5445 5401
f 5399 5444 5445
f 5447 5402 5446
f 5402 5445 5446
f 5402 5401 5445
f 5449 5448 5447
f 5448 5402 5447
f 5448 5403 5402
f 5451 5404 5450
f 5404 5448 5450
f 5404 5403 5448
f 5404 5451 5405
f 5405 5451 5452
f 5454 5453 5452
f 5453 5405 5452
f 5453 5407 5405
f 5407 5455 5408
f 5407 5453 5455
f 5457 5409 5456
f 5409 5455 5456
f 5409 5408 5455
f 5459 5458 5457
f 5458 5409 5457
f 5458 5410 5409
f 5458 4316 4313
f 5458 4313 5410
f 4318 5460 5411
f 4318 5411 4315
f 5412 5411 5461
f 5411 5462 5461
f 5411 5460 5462
f 5461 5462 5415
f 5462 5414 5415
f 5462 5463 5414
f 5416 5414 5464
f 5414 5465 5464
f 5414 5463 5465
f 5464 5465 5419
f 5465 5418 5419
f 5465 5466 5418
f 5418 5467 5420
f 5418 5466 5467
f 5420 5468 5422
f 5420 5467 5468
f 5424 5422 5469
f 5422 5470 5469
f 5422 5468 5470
f 5472 5471 5470
f 5470 5471 5469
f 5471 5472 5427
f 5472 5426 5427
f 5472 5473 5426
f 5426 5474 5428
f 5426 5473 5474
f 5428 5475 5429
f 5428 5474 5475
f 5429 5476 5430
f 5429 5475 5476
f 5430 5477 5431
f 5430 5476 5477
f 5431 5478 5433
f 5431 5477 5478
f 5433 5479 5434
f 5433 5478 5479
f 5434 5480 5435
f 5434 5479 5480
f 5436 5435 5481
f 5435 5482 5481
f 5435 5480 5482
f 5481 5482 5439
f 5482 5438 5439
f 5482 5483 5438
f 5438 5484 5440
f 5438 5483 5484
f 5440 5485 5441
f 5440 5484 5485
f 5441 5486 5442
f 5441 5485 5486
f 5442 5487 5443
f 5442 5486 5487
f 5443 5488 5444
f 5443 5487 5488
f 5444 5489 5445
f 5444 5488 5489
f 5446 5445 5490
f 5445 5491 5490
f 5445 5489 5491
f 5490 5491 5449
f 5491 5448 5449
f 5491 5492 5448
f 5450 5448 5493
f 5448 5494 5493
f 5448 5492 5494
f 5496 5495 5494
f 5494 5495 5493
f 5495 5496 5454
f 5496 5453 5454
f 5496 5497 5453
f 5453 5498 5455
f 5453 5497 5498
f 5456 5455 5499
f 5455 5500 5499
f 5455 5498 5500
f 5499 5500 5459
f 5500 5458 5459
f 5500 5501 5458
f 5501 4319 4316
f 5501 4316 5458
f 4321 5502 5460
f 4321 5460 4318
f 5504 5462 5503
f 5462 5502 5503
f 5462 5460 5502
f 5506 5505 5504
f 5505 5462 5504
f 5505 5463 5462
f 5463 5507 5465
f 5463 5505 5507
f 5465 5508 5466
f 5465 5507 5508
f 5466 5509 5467
f 5466 5508 5509
f 5467 5510 5468
f 5467 5509 5510
f 5468 5511 5470
f 5468 5510 5511
f 5470 5512 5472
f 5470 5511 5512
f 5472 5513 5473
f 5472 5512 5513
f 5473 5514 5474
f 5473 5513 5514
f 5474 5515 5475
f 5474 5514 5515
f 5475 5516 5476
f 5475 5515 5516
f 5476 5517 5477
f 5476 5516 5517
f 5477 5518 5478
f 5477 5517 5518
f 5478 5519 5479
f 5478 5518 5519
f 5479 5520 5480
f 5479 5519 5520
f 5480 5521 5482
f 5480 5520 5521
f 5482 5522 5483
f 5482 5521 5522
f 5483 5523 5484
f 5483 5522 5523
f 5484 5524 5485
f 5484 5523 5524
f 5485 5525 5486
f 5485 5524 5525
f 5486 5526 5487
f 5486 5525 5526
f 5487 5527 5488
f 5487 5526 5527
f 5488 5528 5489
f 5488 5527 5528
f 5489 5529 5491
f 5489 5528 5529
f 5491 5530 5492
f 5491 5529 5530
f 5492 5531 5494
f 5492 5530 5531
f 5494 5532 5496
f 5494 5531 5532
f 5496 5533 5497
f 5496 5532 5533
f 5497 5534 5498
f 5497 5533 5534
f 5536 5500 5535
f 5500 5534 5535
f 5500 5498 5534
f 5538 5537 5536
f 5537 5500 5536
f 5537 5501 5500
f 5537 4322 4319
f 5537 4319 5501
f 5540 5539 5502
f 4321 5540 5502
f 4324 5540 4321
f 5539 5541 5502
f 5541 5542 5502
f 5543 5503 5502
f 5543 5502 5542
f 5543 5542 5506
f 5542 5505 5506
f 5542 5544 5505
f 5546 5507 5545
f 5507 5544 5545
f 5507 5505 5544
f 5507 5546 5508
f 5508 5546 5547
f 5549 5548 5547
f 5548 5508 5547
f 5548 5509 5508
f 5509 5550 5510
f 5509 5548 5550
f 5552 5511 5551
f 5511 5550 5551
f 5511 5510 5550
f 5511 5552 5512
f 5512 5552 5553
f 5555 5554 5553
f 5554 5512 5553
f 5554 5513 5512
f 5513 5556 5514
f 5513 5554 5556
f 5558 5515 5557
f 5515 5556 5557
f 5515 5514 5556
f 5515 5558 5516
f 5516 5558 5559
f 5516 5559 5517
f 5517 5559 5560
f 5517 5560 5518
f 5518 5560 5561
f 5518 5561 5519
f 5519 5561 5562
f 5519 5562 5520
f 5520 5562 5563
f 5565 5564 5563
f 5564 5520 5563
f 5564 5521 5520
f 5567 5522 5566
f 5522 5564 5566
f 5522 5521 5564
f 5522 5567 5523
f 5523 5567 5568
f 5523 5568 5524
f 5524 5568 5569
f 5571 5570 5569
f 5570 5524 5569
f 5570 5525 5524
f 5573 5526 5572
f 5526 5570 5572
f 5526 5525 5570
f 5575 5574 5573
f 5574 5526 5573
f 5574 5527 5526
f 5527 5576 5528
f 5527 5574 5576
f 5578 5529 5577
f 5529 5576 5577
f 5529 5528 5576
f 5580 5579 5578
f 5579 5529 5578
f 5579 5530 5529
f 5530 5581 5531
f 5530 5579 5581
f 5583 5532 5582
f 5532 5581 5582
f 5532 5531 5581
f 5585 5584 5583
f 5584 5532 5583
f 5584 5533 5532
f 5533 5586 5534
f 5533 5584 5586
f 5535 5534 5587
f 5587 5534 5586
f 5537 5538 5588
f 5588 5538 5589
f 5588 4325 4322
f 5588 4322 5537
f 5590 5540 4324
f 5590 4324 4326
f 5591 5542 4327
f 5542 5590 4327
f 5590 4326 4327
f 5542 5541 5590
f 5542 5592 5544
f 5542 5591 5592
f 5545 5544 5593
f 5544 5594 5593
f 5544 5592 5594
f 5596 5595 5594
f 5594 5595 5593
f 5595 5596 5549
f 5596 5548 5549
f 5596 5597 5548
f 5548 5598 5550
f 5548 5597 5598
f 5551 5550 5599
f 5550 5600 5599
f 5550 5598 5600
f 5602 5601 5600
f 5600 5601 5599
f 5603 5554 5555
f 5602 5604 5601
f 5606 5605 5603
f 5605 5554 5603
f 5605 5556 5554
f 5557 5556 5607
f 5556 5608 5607
f 5556 5605 5608
f 5610 5609 5608
f 5608 5609 5607
f 5612 5611 5610
f 5610 5611 5609
f 5614 5613 5612
f 5612 5613 5611
f 5616 5615 5614
f 5614 5615 5613
f 5618 5617 5616
f 5616 5617 5615
f 5617 5618 5565
f 5618 5564 5565
f 5618 5619 5564
f 5566 5564 5620
f 5564 5621 5620
f 5564 5619 5621
f 5623 5622 5621
f 5621 5622 5620
f 5625 5624 5623
f 5623 5624 5622
f 5624 5625 5571
f 5625 5570 5571
f 5625 5626 5570
f 5572 5570 5627
f 5570 5628 5627
f 5570 5626 5628
f 5627 5628 5575
f 5628 5574 5575
f 5628 5629 5574
f 5574 5630 5576
f 5574 5629 5630
f 5577 5576 5631
f 5631 5576 5630
f 5579 5580 5632
f 5632 5580 5633
f 5579 5634 5581
f 5579 5632 5634
f 5582 5581 5635
f 5581 5636 5635
f 5581 5634 5636
f 5635 5636 5585
f 5636 5584 5585
f 5636 5637 5584
f 5584 5638 5586
f 5584 5637 5638
f 5587 5586 5639
f 5586 5640 5639
f 5586 5638 5640
f 5639 5640 5589
f 5589 5640 5588
f 5640 4328 5588
f 4328 4329 5588
f 5588 4329 4325
f 4330 5591 4327
f 5591 4330 4331
f 5591 4331 5592
f 5592 4331 4332
f 5592 4332 5594
f 5594 4332 4333
f 5594 4333 5596
f 5596 4333 4334
f 5596 4334 5597
f 5597 4334 4335
f 5597 4335 5598
f 5598 4335 4336
f 5598 4336 5600
f 5600 4336 4337
f 5600 4337 5602
f 5641 5604 5602
f 4337 5641 5602
f 4338 5641 4337
f 4339 5605 5606
f 5641 4339 5606
f 4338 4339 5641
f 5605 4339 4340
f 5605 4340 5608
f 5608 4340 4341
f 5608 4341 5610
f 5610 4341 4342
f 5610 4342 5612
f 5612 4342 4343
f 5612 4343 5614
f 5614 4343 4344
f 5614 4344 5616
f 5616 4344 4345
f 5616 4345 5618
f 5618 4345 4346
f 5618 4346 5619
f 5619 4346 4347
f 5619 4347 5621
f 5621 4347 4348
f 5621 4348 5623
f 5623 4348 4349
f 5623 4349 5625
f 5625 4349 4350
f 5625 4350 5626
f 5626 4350 4351
f 5626 4351 5628
f 5628 4351 4352
f 5628 4352 5629
f 5629 4352 4353
f 5629 4353 5630
f 5642 5631 5630
f 4353 5642 5630
f 4354 5642 4353
f 4355 5632 5633
f 5642 4355 5633
f 4354 4355 5642
f 5632 4355 4356
f 5632 4356 5634
f 5634 4356 4357
f 5634 4357 5636
f 5636 4357 4358
f 5636 4358 5637
f 5637 4358 4359
f 5637 4359 5638
f 5638 4359 4360
f 5638 4360 5640
f 5640 4360 4328
f 4394 5643 4395
f 5643 4397 4395
f 4399 5644 4400
f 5644 4402 4400
f 4406 5645 4407
f 5646 4408 4407
f 5646 4407 5645
f 5646 4410 4408
f 4416 5647 4417
f 5648 4418 4417
f 5648 4417 5647
f 5649 4419 4418
f 5649 4418 5648
f 5650 4420 4419
f 5650 4419 5649
f 5650 4422 4420
f 4423 5651 4424
f 5652 4425 4424
f 5652 4424 5651
f 5653 4426 4425
f 5653 4425 5652
f 5653 4428 4426
f 4432 5654 4433
f 5654 4435 4433
f 4436 5655 4437
f 5655 4439 4437
f 4440 5656 5643
f 4440 5643 4394
f 5656 4442 4397
f 5656 4397 5643
f 4444 5644 4399
f 5644 4444 4402
f 4450 5645 4406
f 5645 4450 4452
f 5645 4452 5646
f 5646 4452 4410
f 4460 5647 4416
f 5647 4460 4462
f 5647 4462 5648
f 5648 4462 4464
f 5648 4464 5649
f 5649 4464 4466
f 5649 4466 5650
f 5650 4466 4422
f 4469 5651 4423
f 5651 4469 4471
f 5651 4471 5652
f 5652 4471 4473
f 5652 4473 5653
f 5653 4473 4428
f 4479 5654 4432
f 5654 4479 4435
f 4482 5655 4436
f 5655 4482 4439
f 4485 5657 5656
f 4485 5656 4440
f 5657 4487 4442
f 5657 4442 5656
f 4488 5658 4489
f 5658 4491 4489
f 4517 5659 4518
f 5660 4519 4518
f 5660 4518 5659
f 5660 4521 4519
f 4523 5661 5657
f 4523 5657 4485
f 5661 4525 4487
f 5661 4487 5657
f 4526 5662 5658
f 4526 5658 4488
f 5662 4528 4491
f 5662 4491 5658
f 4529 5663 4530
f 5663 4532 4530
f 4547 5664 4548
f 5664 4550 4548
f 4558 5659 4517
f 5659 4558 4560
f 5659 4560 5660
f 5660 4560 4521
f 4563 5665 5661
f 4563 5661 4523
f 5665 4565 4525
f 5665 4525 5661
f 4566 5662 4526
f 5662 4566 4528
f 4569 5663 4529
f 5663 4569 4532
f 4579 5666 4580
f 5666 4582 4580
f 4588 5667 5664
f 4588 5664 4547
f 5667 4590 4550
f 5667 4550 5664
f 4601 5665 4563
f 5665 4601 4565
f 4615 5668 5666
f 4615 5666 4579
f 5668 4617 4582
f 5668 4582 5666
f 4623 5667 4588
f 5667 4623 4590
f 4638 5669 4639
f 5669 4641 4639
f 4646 5670 4647
f 5668 4615 4647
f 5670 5668 4647
f 5671 5668 5670
f 5671 4649 4617
f 5671 4617 5668
f 4665 5672 4666
f 5672 4668 4666
f 4670 5673 4671
f 5669 4638 4671
f 5673 5669 4671
f 5674 5669 5673
f 5674 4673 4641
f 5674 4641 5669
f 4678 5675 5670
f 4678 5670 4646
f 5670 5676 5671
f 5670 5675 5676
f 5676 4680 4649
f 5676 4649 5671
f 4687 5677 4688
f 5677 4690 4688
f 4698 5678 5672
f 4698 5672 4665
f 5678 4700 4668
f 5678 4668 5672
f 4702 5673 4670
f 5673 4702 4704
f 5673 4704 5674
f 5674 4704 4673
f 4711 5675 4678
f 5675 4711 4713
f 5675 4713 5676
f 5676 4713 4680
f 4722 5679 5677
f 4722 5677 4687
f 5679 4724 4690
f 5679 4690 5677
f 4729 5680 4730
f 5680 4732 4730
f 4734 5681 5678
f 4734 5678 4698
f 5681 4736 4700
f 5681 4700 5678
f 4754 5679 4722
f 5679 4754 4724
f 4761 5680 4729
f 5680 4761 4732
f 4765 5682 5681
f 4765 5681 4734
f 5682 4767 4736
f 5682 4736 5681
f 4773 5683 4774
f 5684 4775 4774
f 5684 4774 5683
f 5685 4776 4775
f 5685 4775 5684
f 5685 4778 4776
f 4795 5682 4765
f 4767 5682 4795
f 4797 4798 5686
f 5686 4799 4797
f 4801 5687 4800
f 5687 4803 4800
f 4806 5688 4807
f 5683 4773 4807
f 5688 5683 4807
f 5689 5683 5688
f 5689 4809 4810
f 5684 5689 4810
f 5683 5689 5684
f 5684 4810 4811
f 5684 4811 5685
f 5685 4811 4778
f 4818 5690 4819
f 5690 4821 4819
f 4831 5686 4798
f 5686 4831 4799
f 4833 5687 4801
f 5687 4833 4803
f 4838 5688 4806
f 5688 4838 4840
f 5688 4840 5689
f 5689 4840 4809
f 4849 5690 4818
f 5690 4849 4821
f 4862 5691 4861
f 5691 4863 4861
f 4876 5692 4877
f 5693 4878 4877
f 5693 4877 5692
f 5693 4880 4878
f 4890 5691 4862
f 5691 4890 4863
f 4904 5692 4876
f 5692 4904 4906
f 5692 4906 5693
f 5693 4906 4880
f 4916 5694 4917
f 5694 4919 4917
f 4943 5694 4916
f 5694 4943 4919
f 4947 5695 4946
f 5695 4948 4946
f 4968 5696 4969
f 5696 4971 4969
f 4973 5697 4974
f 5698 4975 4974
f 5698 4974 5697
f 5698 4976 4975
f 4978 5699 5695
f 4978 5695 4947
f 5699 4979 4948
f 5699 4948 5695
f 4999 5696 4968
f 5696 4999 4971
f 5003 5700 5697
f 5003 5697 4973
f 5700 5005 5006
f 5698 5700 5006
f 5697 5700 5698
f 5698 5006 4976
f 5007 5699 4978
f 5699 5007 4979
f 5031 5701 5700
f 5031 5700 5003
f 5701 5033 5005
f 5701 5005 5700
f 5035 5702 5036
f 5702 5037 5036
f 5039 5703 5038
f 5704 5040 5038
f 5704 5038 5703
f 5705 5041 5040
f 5705 5040 5704
f 5705 5043 5041
f 5047 5706 5048
f 5706 5050 5048
f 5064 5701 5031
f 5701 5064 5033
f 5067 5707 5702
f 5067 5702 5035
f 5707 5068 5037
f 5707 5037 5702
f 5069 5703 5039
f 5703 5069 5071
f 5703 5071 5704
f 5704 5071 5073
f 5704 5073 5705
f 5705 5073 5043
f 5079 5708 5706
f 5079 5706 5047
f 5709 5080 5050
f 5706 5709 5050
f 5708 5709 5706
f 5709 5082 5080
f 5090 5710 5091
f 5710 5093 5091
f 5098 5711 5099
f 5711 5100 5099
f 5101 5707 5067
f 5707 5101 5068
f 5109 5708 5079
f 5708 5109 5111
f 5708 5111 5709
f 5709 5111 5082
f 5116 5712 5117
f 5713 5118 5117
f 5713 5117 5712
f 5713 5120 5118
f 5123 5710 5090
f 5710 5123 5093
f 5130 5711 5098
f 5711 5130 5100
f 5146 5712 5116
f 5712 5146 5148
f 5712 5148 5713
f 5713 5148 5120
f 5152 5714 5153
f 5714 5155 5153
f 5161 5715 5162
f 5715 5164 5162
f 5184 5714 5152
f 5714 5184 5155
f 5188 5716 5189
f 5717 5190 5189
f 5717 5189 5716
f 5717 5192 5190
f 5194 5715 5161
f 5715 5194 5164
f 5198 5718 5199
f 5718 5201 5199
f 5221 5716 5188
f 5716 5221 5223
f 5716 5223 5717
f 5717 5223 5192
f 5230 5719 5718
f 5230 5718 5198
f 5719 5232 5201
f 5719 5201 5718
f 5241 5720 5242
f 5720 5244 5242
f 5261 5719 5230
f 5719 5261 5232
f 5272 5720 5241
f 5720 5272 5244
f 5277 5721 5278
f 5721 5280 5278
f 5293 5722 5294
f 5722 5296 5294
f 5304 5723 5305
f 5724 5306 5305
f 5724 5305 5723
f 5724 5308 5306
f 5310 5721 5277
f 5721 5310 5280
f 5325 5722 5293
f 5722 5325 5296
f 5332 5725 5333
f 5725 5335 5333
f 5337 5726 5338
f 5341 5723 5304
f 5339 5338 5726
f 5723 5341 5342
f 5727 5723 5342
f 5724 5723 5727
f 5727 5344 5308
f 5727 5308 5724
f 5346 5728 5347
f 5728 5349 5347
f 5353 5729 5354
f 5729 5356 5354
f 5357 5730 5358
f 5730 5360 5358
f 5364 5731 5365
f 5731 5367 5365
f 5375 5732 5376
f 5732 5378 5376
f 5380 5725 5332
f 5725 5380 5335
f 5384 5726 5337
f 5726 5384 5339
f 5387 5733 5727
f 5387 5727 5342
f 5733 5389 5344
f 5733 5344 5727
f 5391 5728 5346
f 5728 5391 5349
f 5397 5729 5353
f 5729 5397 5356
f 5400 5730 5357
f 5730 5400 5360
f 5406 5731 5364
f 5731 5406 5367
f 5412 5734 5413
f 5734 5415 5413
f 5416 5735 5417
f 5735 5419 5417
f 5421 5732 5375
f 5378 5732 5421
f 5423 5424 5736
f 5737 5425 5423
f 5737 5423 5736
f 5737 5427 5425
f 5432 5733 5387
f 5733 5432 5389
f 5436 5738 5437
f 5738 5439 5437
f 5446 5739 5447
f 5739 5449 5447
f 5450 5740 5451
f 5741 5452 5451
f 5741 5451 5740
f 5741 5454 5452
f 5456 5742 5457
f 5742 5459 5457
f 5461 5734 5412
f 5734 5461 5415
f 5464 5735 5416
f 5735 5464 5419
f 5469 5736 5424
f 5736 5469 5471
f 5736 5471 5737
f 5737 5471 5427
f 5481 5738 5436
f 5738 5481 5439
f 5490 5739 5446
f 5739 5490 5449
f 5493 5740 5450
f 5740 5493 5495
f 5740 5495 5741
f 5741 5495 5454
f 5499 5742 5456
f 5742 5499 5459
f 5503 5743 5504
f 5743 5506 5504
f 5535 5744 5536
f 5744 5538 5536
f 5540 5745 5539
f 5543 5743 5503
f 5541 5539 5745
f 5743 5543 5506
f 5545 5746 5546
f 5747 5547 5546
f 5747 5546 5746
f 5747 5549 5547
f 5551 5748 5552
f 5749 5553 5552
f 5749 5552 5748
f 5749 5555 5553
f 5557 5750 5558
f 5751 5559 5558
f 5751 5558 5750
f 5752 5560 5559
f 5752 5559 5751
f 5753 5561 5560
f 5753 5560 5752
f 5754 5562 5561
f 5754 5561 5753
f 5755 5563 5562
f 5755 5562 5754
f 5755 5565 5563
f 5566 5756 5567
f 5757 5568 5567
f 5757 5567 5756
f 5758 5569 5568
f 5758 5568 5757
f 5758 5571 5569
f 5572 5759 5573
f 5759 5575 5573
f 5577 5760 5578
f 5760 5580 5578
f 5582 5761 5583
f 5761 5585 5583
f 5587 5762 5744
f 5587 5744 5535
f 5762 5589 5538
f 5762 5538 5744
f 5590 5745 5540
f 5745 5590 5541
f 5593 5746 5545
f 5746 5593 5595
f 5746 5595 5747
f 5747 5595 5549
f 5599 5748 5551
f 5748 5599 5601
f 5748 5601 5749
f 5763 5601 5604
f 5763 5749 5601
f 5763 5603 5555
f 5749 5763 5555
f 5763 5606 5603
f 5607 5750 5557
f 5750 5607 5609
f 5750 5609 5751
f 5751 5609 5611
f 5751 5611 5752
f 5752 5611 5613
f 5752 5613 5753
f 5753 5613 5615
f 5753 5615 5754
f 5754 5615 5617
f 5754 5617 5755
f 5755 5617 5565
f 5620 5756 5566
f 5756 5620 5622
f 5756 5622 5757
f 5757 5622 5624
f 5757 5624 5758
f 5758 5624 5571
f 5627 5759 5572
f 5759 5627 5575
f 5631 5764 5760
f 5631 5760 5577
f 5764 5633 5580
f 5764 5580 5760
f 5635 5761 5582
f 5761 5635 5585
f 5639 5762 5587
f 5762 5639 5589
f 5641 5763 5604
f 5763 5641 5606
f 5642 5764 5631
f 5764 5642 5633

