# https://github.com/mikedh/trimesh
v 5.67977858 6.00000000 3.00000000
v 6.00000000 5.22361946 3.00000000
v 6.00000000 6.00000000 2.29274869
v 5.56709862 6.00000000 4.00000000
v 6.00000000 5.07921505 4.00000000
v 5.47885084 6.00000000 5.00000000
v 6.00000000 5.08851147 5.00000000
v 5.42188644 6.00000000 6.00000000
v 6.00000000 5.04673147 6.00000000
v 5.37886572 6.00000000 7.00000000
v 6.00000000 5.03266764 7.00000000
v 5.32895851 6.00000000 8.00000000
v 6.00000000 5.03843117 8.00000000
v 5.30751181 6.00000000 9.00000000
v 6.00000000 5.05950594 9.00000000
v 5.28113174 6.00000000 10.00000000
v 6.00000000 5.04780722 10.00000000
v 5.25746441 6.00000000 11.00000000
v 6.00000000 5.03551579 11.00000000
v 5.24637175 6.00000000 12.00000000
v 6.00000000 5.01260233 12.00000000
v 5.22892714 6.00000000 13.00000000
v 6.00000000 5.04054642 13.00000000
v 5.22812700 6.00000000 14.00000000
v 6.00000000 5.01857138 14.00000000
v 5.22476482 6.00000000 15.00000000
v 6.00000000 5.02920818 15.00000000
v 5.22689629 6.00000000 16.00000000
v 6.00000000 5.02646685 16.00000000
v 5.63681030 6.00000000 17.00000000
v 6.00000000 5.75602102 17.00000000
v 6.00000000 6.00000000 17.15456200
v 6.00000000 6.10248375 3.00000000
v 6.00000000 6.16932440 4.00000000
v 6.00000000 6.23868799 5.00000000
v 6.00000000 6.30716848 6.00000000
v 6.00000000 6.37620020 7.00000000
v 6.00000000 6.44841957 8.00000000
v 6.00000000 6.51503420 9.00000000
v 6.00000000 6.57955647 10.00000000
v 6.00000000 6.64809990 11.00000000
v 6.00000000 6.71493483 12.00000000
v 6.00000000 6.78297710 13.00000000
v 6.00000000 7.00000000 13.39674854
v 5.40550756 7.00000000 14.00000000
v 5.45345736 7.00000000 15.00000000
v 5.41543961 7.00000000 16.00000000
v 5.24836922 7.00000000 17.00000000
v 6.00000000 7.00000000 17.88794708
v 5.41351175 8.00000000 14.00000000
v 6.00000000 8.00000000 13.68006611
v 5.45260954 8.00000000 15.00000000
v 6.00000000 8.00000000 15.35936832
v 6.00000000 7.39363575 16.00000000
v 6.00000000 8.00000000 16.75745964
v 5.58894634 8.00000000 17.00000000
v 6.00000000 7.10994768 18.00000000
v 5.24881268 8.00000000 18.00000000
v 6.00000000 8.00000000 18.96088982
v 5.40961027 9.00000000 14.00000000
v 6.00000000 9.00000000 13.67778301
v 5.46211004 9.00000000 15.00000000
v 6.00000000 9.00000000 15.26717377
v 6.00000000 8.19407272 17.00000000
v 6.00000000 8.97002220 18.00000000
v 6.00000000 9.00000000 18.03879547
v 5.30400324 9.00000000 19.00000000
v 6.00000000 8.05047417 19.00000000
v 6.00000000 9.00000000 19.55949974
v 5.41293430 10.00000000 14.00000000
v 6.00000000 10.00000000 13.67688560
v 5.45814800 10.00000000 15.00000000
v 6.00000000 10.00000000 15.26557541
v 6.00000000 9.53232670 19.00000000
v 5.53380394 10.00000000 22.00000000
v 6.00000000 9.50170135 22.00000000
v 6.00000000 10.00000000 21.11301994
v 5.47341824 10.00000000 23.00000000
v 6.00000000 9.56565189 23.00000000
v 6.00000000 10.00000000 23.25577164
v 5.40967464 11.00000000 14.00000000
v 6.00000000 11.00000000 13.67715454
v 5.45853853 11.00000000 15.00000000
v 6.00000000 11.00000000 15.26821327
v 6.00000000 10.35770893 22.00000000
v 6.00000000 11.00000000 22.58588409
v 5.47197151 11.00000000 23.00000000
v 6.00000000 11.00000000 23.25191307
v 5.41571283 12.00000000 14.00000000
v 6.00000000 12.00000000 13.67519951
v 5.45981646 12.00000000 15.00000000
v 6.00000000 12.00000000 15.26670933
v 5.46676064 12.00000000 23.00000000
v 6.00000000 12.00000000 22.59079552
v 6.00000000 12.00000000 23.25414848
v 5.41090727 13.00000000 14.00000000
v 6.00000000 13.00000000 13.67583656
v 5.46312141 13.00000000 15.00000000
v 6.00000000 13.00000000 15.26730633
v 5.46975851 13.00000000 23.00000000
v 6.00000000 13.00000000 22.59018517
v 6.00000000 13.00000000 23.25214767
v 5.41408634 14.00000000 14.00000000
v 6.00000000 14.00000000 13.67605114
v 5.46471691 14.00000000 15.00000000
v 6.00000000 14.00000000 15.26661491
v 5.46533060 14.00000000 23.00000000
v 6.00000000 14.00000000 22.59095383
v 6.00000000 14.00000000 23.25358200
v 5.42316055 15.00000000 14.00000000
v 6.00000000 15.00000000 13.67758083
v 5.45409536 15.00000000 15.00000000
v 6.00000000 15.00000000 15.26806641
v 5.47694921 15.00000000 23.00000000
v 6.00000000 15.00000000 22.59064102
v 6.00000000 15.00000000 23.25425339
v 5.41724253 16.00000000 14.00000000
v 6.00000000 16.00000000 13.67840862
v 5.45508528 16.00000000 15.00000000
v 6.00000000 16.00000000 15.26624489
v 5.46733665 16.00000000 23.00000000
v 6.00000000 16.00000000 22.58474541
v 6.00000000 16.00000000 23.25553703
v 5.41877413 17.00000000 14.00000000
v 6.00000000 17.00000000 13.67912197
v 5.45744896 17.00000000 15.00000000
v 6.00000000 17.00000000 15.26723480
v 5.47082710 17.00000000 23.00000000
v 6.00000000 17.00000000 22.58116341
v 6.00000000 17.00000000 23.25640869
v 5.41041803 18.00000000 14.00000000
v 6.00000000 18.00000000 13.67843056
v 5.45845270 18.00000000 15.00000000
v 6.00000000 18.00000000 15.26831055
v 5.46879148 18.00000000 23.00000000
v 6.00000000 18.00000000 22.58576202
v 6.00000000 18.00000000 23.25556564
v 5.41553068 19.00000000 14.00000000
v 6.00000000 19.00000000 13.67887306
v 5.46217203 19.00000000 15.00000000
v 6.00000000 19.00000000 15.26799583
v 5.46480322 19.00000000 23.00000000
v 6.00000000 19.00000000 22.59128380
v 6.00000000 19.00000000 23.25372314
v 5.41454887 20.00000000 14.00000000
v 6.00000000 20.00000000 13.67824268
v 5.46162367 20.00000000 15.00000000
v 6.00000000 20.00000000 15.26410866
v 5.47630358 20.00000000 23.00000000
v 6.00000000 20.00000000 22.58388329
v 6.00000000 20.00000000 23.25386238
v 5.40386200 21.00000000 14.00000000
v 6.00000000 21.00000000 13.04982758
v 5.46324062 21.00000000 15.00000000
v 6.00000000 21.00000000 15.67246914
v 5.47238827 21.00000000 23.00000000
v 6.00000000 21.00000000 22.59079361
v 6.00000000 21.00000000 23.25319672
v 5.55908775 22.00000000 1.00000000
v 6.00000000 21.77013588 1.00000000
v 6.00000000 22.00000000 0.06420206
v 5.49442101 22.00000000 2.00000000
v 6.00000000 21.70403290 2.00000000
v 5.43531704 22.00000000 3.00000000
v 6.00000000 21.64066315 3.00000000
v 5.39051151 22.00000000 4.00000000
v 6.00000000 21.57648087 4.00000000
v 5.36543512 22.00000000 5.00000000
v 6.00000000 21.51467133 5.00000000
v 5.35100555 22.00000000 6.00000000
v 6.00000000 21.45417976 6.00000000
v 5.31935310 22.00000000 7.00000000
v 6.00000000 21.39070892 7.00000000
v 5.28827381 22.00000000 8.00000000
v 6.00000000 21.32189751 8.00000000
v 5.27967215 22.00000000 9.00000000
v 6.00000000 21.26395416 9.00000000
v 5.28859234 22.00000000 10.00000000
v 6.00000000 21.22806931 10.00000000
v 5.28748703 22.00000000 11.00000000
v 6.00000000 21.16088295 11.00000000
v 5.28542423 22.00000000 12.00000000
v 6.00000000 21.11124420 12.00000000
v 5.28851795 22.00000000 13.00000000
v 6.00000000 21.02956963 13.00000000
v 5.28033590 22.00000000 14.00000000
v 5.26792383 22.00000000 15.00000000
v 6.00000000 21.15200806 16.00000000
v 5.23198366 22.00000000 16.00000000
v 5.25540066 22.00000000 17.00000000
v 6.00000000 21.31641960 17.00000000
v 5.32694817 22.00000000 18.00000000
v 6.00000000 21.52112198 18.00000000
v 5.46564579 22.00000000 19.00000000
v 6.00000000 21.72115135 19.00000000
v 5.73834515 22.00000000 20.00000000
v 6.00000000 21.91960144 20.00000000
v 6.00000000 22.00000000 20.41672707
v 5.47825623 22.00000000 23.00000000
v 6.00000000 22.00000000 22.54510880
v 6.00000000 22.00000000 23.25152397
v 6.00000000 22.30272293 1.00000000
v 6.00000000 22.35761261 2.00000000
v 6.00000000 22.40115166 3.00000000
v 6.00000000 22.44630623 4.00000000
v 6.00000000 22.48155022 5.00000000
v 6.00000000 22.50922966 6.00000000
v 6.00000000 22.53561592 7.00000000
v 6.00000000 22.56287193 8.00000000
v 6.00000000 22.57609367 9.00000000
v 6.00000000 22.57586670 10.00000000
v 6.00000000 22.57481194 11.00000000
v 6.00000000 22.57483482 12.00000000
v 6.00000000 22.57382202 13.00000000
v 6.00000000 22.57353401 14.00000000
v 6.00000000 22.64455605 15.00000000
v 6.00000000 22.73916435 16.00000000
v 6.00000000 22.79952431 17.00000000
v 6.00000000 22.85016441 18.00000000
v 6.00000000 22.97198677 19.00000000
v 6.00000000 23.00000000 19.08975029
v 5.74036884 23.00000000 20.00000000
v 6.00000000 22.38916588 21.00000000
v 5.56843376 23.00000000 21.00000000
v 5.44226599 23.00000000 22.00000000
v 6.00000000 22.51491165 22.00000000
v 5.32685804 23.00000000 23.00000000
v 6.00000000 22.85560417 24.00000000
v 5.63424921 23.00000000 24.00000000
v 6.00000000 23.00000000 24.43690681
v 6.00000000 23.08054543 20.00000000
v 6.00000000 23.17500496 21.00000000
v 6.00000000 23.29751396 22.00000000
v 6.00000000 23.54403305 23.00000000
v 6.00000000 23.54297829 24.00000000
v 6.00000000 24.00000000 24.41505623
v 5.59397793 24.00000000 25.00000000
v 6.00000000 23.52072716 25.00000000
v 5.35150528 24.00000000 26.00000000
v 6.00000000 23.52685356 26.00000000
v 5.58288050 24.00000000 27.00000000
v 6.00000000 23.82666016 27.00000000
v 6.00000000 24.00000000 27.54220390
v 6.00000000 24.15571022 25.00000000
v 6.00000000 24.43787003 26.00000000
v 6.00000000 24.38135338 27.00000000
v 5.46085978 25.00000000 29.00000000
v 6.00000000 24.63755417 29.00000000
v 6.00000000 25.00000000 28.08778191
v 6.00000000 25.00000000 29.56737137
v 6.00000000 25.27018547 29.00000000
v 6.12516594 6.00000000 3.00000000
v 6.20141792 6.00000000 4.00000000
v 6.28130484 6.00000000 5.00000000
v 6.35457230 6.00000000 6.00000000
v 6.42645168 6.00000000 7.00000000
v 6.49479151 6.00000000 8.00000000
v 6.55153322 6.00000000 9.00000000
v 6.61721563 6.00000000 10.00000000
v 6.68188858 6.00000000 11.00000000
v 6.73512650 6.00000000 12.00000000
v 6.78815413 6.00000000 13.00000000
v 7.00000000 6.00000000 13.38662815
v 7.00000000 5.06095171 14.00000000
v 7.00000000 5.01809025 15.00000000
v 6.82205582 6.00000000 16.00000000
v 7.00000000 6.00000000 15.78704739
v 6.43911505 6.00000000 17.00000000
v 7.00000000 7.00000000 13.49108219
v 7.00000000 6.30771923 16.00000000
v 6.79639387 7.00000000 17.00000000
v 7.00000000 7.00000000 16.68636894
v 7.00000000 8.00000000 13.67682934
v 6.74638939 8.00000000 16.00000000
v 7.00000000 8.00000000 16.47993279
v 6.46513939 8.00000000 17.00000000
v 6.79944754 8.00000000 18.00000000
v 7.00000000 9.00000000 13.67782307
v 6.81774807 9.00000000 16.00000000
v 7.00000000 9.00000000 16.31424522
v 6.75236464 9.00000000 19.00000000
v 7.00000000 10.00000000 13.67715549
v 6.81834269 10.00000000 16.00000000
v 7.00000000 10.00000000 16.31706619
v 6.51754618 10.00000000 22.00000000
v 6.60042906 10.00000000 23.00000000
v 7.00000000 11.00000000 13.67858982
v 6.81408453 11.00000000 16.00000000
v 7.00000000 11.00000000 16.31967163
v 6.60302305 11.00000000 23.00000000
v 7.00000000 12.00000000 13.67680836
v 6.81464052 12.00000000 16.00000000
v 7.00000000 12.00000000 16.31078911
v 6.59086943 12.00000000 23.00000000
v 7.00000000 13.00000000 13.67518616
v 6.81595373 13.00000000 16.00000000
v 7.00000000 13.00000000 16.30985451
v 6.59645319 13.00000000 23.00000000
v 7.00000000 14.00000000 13.67640018
v 6.81449747 14.00000000 16.00000000
v 7.00000000 14.00000000 16.30621147
v 6.60301018 14.00000000 23.00000000
v 7.00000000 15.00000000 13.67801189
v 6.81249142 15.00000000 16.00000000
v 7.00000000 15.00000000 16.30805969
v 6.59306526 15.00000000 23.00000000
v 7.00000000 16.00000000 13.67663002
v 6.81608105 16.00000000 16.00000000
v 7.00000000 16.00000000 16.29510498
v 6.60573339 16.00000000 23.00000000
v 7.00000000 17.00000000 13.67718220
v 6.81628036 17.00000000 16.00000000
v 7.00000000 17.00000000 16.28885269
v 6.58562756 17.00000000 23.00000000
v 7.00000000 18.00000000 13.67771912
v 6.81366444 18.00000000 16.00000000
v 7.00000000 18.00000000 16.29108429
v 6.60430193 18.00000000 23.00000000
v 7.00000000 19.00000000 13.67759800
v 6.81518221 19.00000000 16.00000000
v 7.00000000 19.00000000 16.28719711
v 6.59062386 19.00000000 23.00000000
v 7.00000000 20.00000000 13.67771053
v 6.81521320 20.00000000 16.00000000
v 7.00000000 20.00000000 16.28789330
v 6.59844685 20.00000000 23.00000000
v 7.00000000 21.00000000 13.40132523
v 7.00000000 21.00000000 15.68068409
v 7.00000000 20.50312424 16.00000000
v 6.58332729 21.00000000 23.00000000
v 6.18319178 22.00000000 1.00000000
v 6.23373127 22.00000000 2.00000000
v 6.28746462 22.00000000 3.00000000
v 6.33808708 22.00000000 4.00000000
v 6.39127731 22.00000000 5.00000000
v 6.43779469 22.00000000 6.00000000
v 6.48922634 22.00000000 7.00000000
v 6.53966713 22.00000000 8.00000000
v 6.58372831 22.00000000 9.00000000
v 6.61706209 22.00000000 10.00000000
v 6.65506268 22.00000000 11.00000000
v 6.69404221 22.00000000 12.00000000
v 6.73117208 22.00000000 13.00000000
v 7.00000000 22.00000000 13.39477825
v 7.00000000 21.18365288 16.00000000
v 7.00000000 21.31790733 17.00000000
v 7.00000000 21.51875496 18.00000000
v 7.00000000 21.71431732 19.00000000
v 7.00000000 21.91662979 20.00000000
v 7.00000000 22.00000000 20.42287445
v 6.59293604 22.00000000 23.00000000
v 7.00000000 22.42971992 14.00000000
v 7.00000000 22.64765739 15.00000000
v 7.00000000 22.73868370 16.00000000
v 7.00000000 22.78885269 17.00000000
v 7.00000000 22.84524155 18.00000000
v 7.00000000 22.88516426 19.00000000
v 7.00000000 23.00000000 19.29582214
v 7.00000000 22.38033676 21.00000000
v 7.00000000 22.51466560 22.00000000
v 7.00000000 22.28467369 23.00000000
v 7.00000000 22.85940742 24.00000000
v 7.00000000 23.00000000 24.41642380
v 7.00000000 23.08652115 20.00000000
v 7.00000000 23.17257118 21.00000000
v 7.00000000 23.29714012 22.00000000
v 7.00000000 23.53433037 23.00000000
v 7.00000000 23.56280136 24.00000000
v 7.00000000 24.00000000 24.36947441
v 7.00000000 23.51387978 25.00000000
v 7.00000000 23.52204323 26.00000000
v 6.52234173 24.00000000 27.00000000
v 7.00000000 24.00000000 26.74804115
v 7.00000000 24.17682838 25.00000000
v 7.00000000 24.46344566 26.00000000
v 7.00000000 24.61526299 29.00000000
v 7.00000000 25.00000000 28.05331802
v 7.00000000 25.00000000 29.95140266
v 7.00000000 25.29609871 29.00000000
v 8.00000000 5.06117058 14.00000000
v 8.00000000 6.00000000 13.67704296
v 8.00000000 5.04942560 15.00000000
v 8.00000000 6.00000000 15.33694649
v 8.00000000 7.00000000 13.67830467
v 7.36855507 7.00000000 16.00000000
v 8.00000000 7.00000000 15.32956791
v 8.00000000 8.00000000 13.67531204
v 8.00000000 7.49981833 16.00000000
v 8.00000000 8.00000000 16.63895607
v 8.00000000 9.00000000 13.67795563
v 8.00000000 9.00000000 16.63891029
v 8.00000000 10.00000000 13.67768002
v 8.00000000 10.00000000 16.64065552
v 8.00000000 11.00000000 13.67625141
v 8.00000000 11.00000000 16.64024925
v 8.00000000 12.00000000 13.67708015
v 8.00000000 12.00000000 16.64203453
v 8.00000000 13.00000000 13.67844868
v 8.00000000 13.00000000 16.64526939
v 8.00000000 14.00000000 13.67601299
v 8.00000000 14.00000000 16.64381027
v 8.00000000 15.00000000 13.67754364
v 8.00000000 15.00000000 16.64081955
v 8.00000000 16.00000000 13.67750931
v 8.00000000 16.00000000 16.64229965
v 8.00000000 17.00000000 13.67765617
v 8.00000000 17.00000000 16.64039993
v 8.00000000 18.00000000 13.67769146
v 8.00000000 18.00000000 16.64149094
v 8.00000000 19.00000000 13.67919254
v 8.00000000 19.00000000 16.64158440
v 8.00000000 20.00000000 13.67468834
v 8.00000000 20.00000000 16.64436531
v 8.00000000 21.00000000 13.67594814
v 8.00000000 21.00000000 15.82602119
v 8.00000000 20.81709862 16.00000000
v 8.00000000 22.00000000 13.67708588
v 8.00000000 21.16409302 16.00000000
v 8.00000000 21.03815460 17.00000000
v 8.00000000 21.28902435 18.00000000
v 8.00000000 21.58304214 19.00000000
v 8.00000000 21.70358658 20.00000000
v 7.48572016 22.00000000 21.00000000
v 8.00000000 21.88791275 21.00000000
v 8.00000000 22.00000000 21.51351357
v 8.00000000 22.42993355 14.00000000
v 8.00000000 22.64569473 15.00000000
v 8.00000000 22.73781395 16.00000000
v 8.00000000 22.78709602 17.00000000
v 8.00000000 22.87373161 18.00000000
v 8.00000000 22.93533516 19.00000000
v 8.00000000 23.00000000 19.20191956
v 8.00000000 22.27008820 22.00000000
v 8.00000000 22.34944725 23.00000000
v 8.00000000 22.62436104 24.00000000
v 8.00000000 23.00000000 24.86785126
v 8.00000000 23.08702469 20.00000000
v 8.00000000 23.17479134 21.00000000
v 8.00000000 23.29825592 22.00000000
v 8.00000000 23.60427284 23.00000000
v 8.00000000 23.81407547 24.00000000
v 8.00000000 24.00000000 24.31725311
v 8.00000000 23.23653030 25.00000000
v 8.00000000 23.34590530 26.00000000
v 7.27485752 24.00000000 27.00000000
v 8.00000000 23.58054543 27.00000000
v 7.61981106 24.00000000 28.00000000
v 8.00000000 23.90309715 28.00000000
v 8.00000000 24.00000000 28.30112267
v 8.00000000 24.18457985 25.00000000
v 8.00000000 24.47694969 26.00000000
v 8.00000000 24.64245605 27.00000000
v 8.00000000 24.75769043 28.00000000
v 8.00000000 25.00000000 28.08816147
v 8.00000000 24.41234970 29.00000000
v 7.08124256 25.00000000 30.00000000
v 8.00000000 24.77184296 30.00000000
v 8.00000000 25.00000000 30.17061806
v 8.00000000 25.32016563 29.00000000
v 8.00000000 25.29948235 30.00000000
v 9.00000000 5.05256319 14.00000000
v 9.00000000 6.00000000 13.67659950
v 9.00000000 5.02823973 15.00000000
v 9.00000000 6.00000000 15.53515148
v 9.00000000 7.00000000 13.67583370
v 9.00000000 6.50055361 16.00000000
v 8.50102997 7.00000000 16.00000000
v 9.00000000 7.00000000 16.64128494
v 9.00000000 8.00000000 13.67623901
v 9.00000000 8.00000000 16.64224243
v 9.00000000 9.00000000 13.67630482
v 9.00000000 9.00000000 16.64228058
v 9.00000000 10.00000000 13.67742920
v 9.00000000 10.00000000 16.64517593
v 9.00000000 11.00000000 13.67988682
v 9.00000000 11.00000000 16.64311409
v 9.00000000 12.00000000 13.67641449
v 9.00000000 12.00000000 16.64112282
v 9.00000000 13.00000000 13.67487717
v 9.00000000 13.00000000 16.64342499
v 9.00000000 14.00000000 13.67661953
v 9.00000000 14.00000000 16.64189339
v 9.00000000 15.00000000 13.67721653
v 9.00000000 15.00000000 16.64238930
v 9.00000000 16.00000000 13.67756271
v 9.00000000 16.00000000 16.64320374
v 9.00000000 17.00000000 13.67488194
v 9.00000000 17.00000000 16.64342308
v 9.00000000 18.00000000 13.67602253
v 9.00000000 18.00000000 16.64407349
v 9.00000000 19.00000000 13.67384052
v 9.00000000 19.00000000 16.64362335
v 9.00000000 20.00000000 13.67529488
v 9.00000000 20.00000000 16.64443779
v 9.00000000 21.00000000 13.67526245
v 9.00000000 21.00000000 15.74308872
v 9.00000000 20.77558327 16.00000000
v 9.00000000 22.00000000 13.67617416
v 9.00000000 21.20315361 16.00000000
v 9.00000000 21.05258560 17.00000000
v 9.00000000 21.24370575 18.00000000
v 9.00000000 21.45836258 19.00000000
v 9.00000000 21.67495537 20.00000000
v 9.00000000 21.89785576 21.00000000
v 9.00000000 22.00000000 21.50294685
v 9.00000000 22.43147659 14.00000000
v 9.00000000 22.64720917 15.00000000
v 9.00000000 22.73422623 16.00000000
v 9.00000000 22.81682968 17.00000000
v 9.00000000 22.89904022 18.00000000
v 9.00000000 22.97241402 19.00000000
v 9.00000000 23.00000000 19.14663124
v 9.00000000 22.25707817 22.00000000
v 9.00000000 22.35237503 23.00000000
v 9.00000000 22.62331963 24.00000000
v 8.52461624 23.00000000 25.00000000
v 9.00000000 22.94796181 25.00000000
v 9.00000000 23.00000000 25.16858482
v 9.00000000 23.08764458 20.00000000
v 9.00000000 23.17639923 21.00000000
v 9.00000000 23.29961586 22.00000000
v 9.00000000 23.60046005 23.00000000
v 9.00000000 23.79750443 24.00000000
v 9.00000000 24.00000000 24.33512306
v 9.00000000 23.34351349 26.00000000
v 9.00000000 23.58032227 27.00000000
v 9.00000000 23.90954018 28.00000000
v 9.00000000 24.00000000 28.29275513
v 9.00000000 24.19020462 25.00000000
v 9.00000000 24.48818207 26.00000000
v 9.00000000 24.66483498 27.00000000
v 8.35927773 25.00000000 28.00000000
v 9.00000000 25.00000000 27.79232788
v 9.00000000 24.38566017 29.00000000
v 9.00000000 24.78582001 30.00000000
v 9.00000000 25.00000000 30.20174599
v 9.00000000 25.05484962 28.00000000
v 9.00000000 25.34490395 29.00000000
v 9.00000000 25.30254173 30.00000000
v 10.00000000 5.04766703 14.00000000
v 10.00000000 6.00000000 13.67704296
v 10.00000000 5.01020241 15.00000000
v 9.50070667 6.00000000 16.00000000
v 10.00000000 5.15369415 16.00000000
v 10.00000000 6.00000000 16.63885117
v 10.00000000 7.00000000 13.67647266
v 10.00000000 7.00000000 16.64422035
v 10.00000000 8.00000000 13.67670822
v 10.00000000 8.00000000 16.64344597
v 10.00000000 9.00000000 13.67646885
v 10.00000000 9.00000000 16.63749886
v 10.00000000 10.00000000 13.67724800
v 10.00000000 10.00000000 16.64180565
v 10.00000000 11.00000000 13.67661190
v 10.00000000 11.00000000 16.64154816
v 10.00000000 12.00000000 13.67598152
v 10.00000000 12.00000000 16.64258575
v 10.00000000 13.00000000 13.67506504
v 10.00000000 13.00000000 16.64263725
v 10.00000000 14.00000000 13.67680645
v 10.00000000 14.00000000 16.64329338
v 10.00000000 15.00000000 13.67518044
v 10.00000000 15.00000000 16.64349937
v 10.00000000 16.00000000 13.67367268
v 10.00000000 16.00000000 16.64287949
v 10.00000000 17.00000000 13.67535305
v 10.00000000 17.00000000 16.64261627
v 10.00000000 18.00000000 13.67388248
v 10.00000000 18.00000000 16.64189720
v 10.00000000 19.00000000 13.67434788
v 10.00000000 19.00000000 16.63935661
v 10.00000000 20.00000000 13.67408466
v 10.00000000 20.00000000 16.64400864
v 10.00000000 21.00000000 13.67588902
v 10.00000000 21.00000000 15.71503162
v 10.00000000 20.81370735 16.00000000
v 10.00000000 22.00000000 13.67467022
v 10.00000000 21.16776657 16.00000000
v 10.00000000 21.04456329 17.00000000
v 10.00000000 21.24055290 18.00000000
v 10.00000000 21.45696259 19.00000000
v 10.00000000 21.67584801 20.00000000
v 10.00000000 21.88747787 21.00000000
v 10.00000000 22.00000000 21.54000664
v 10.00000000 22.43560028 14.00000000
v 10.00000000 22.64471436 15.00000000
v 10.00000000 22.73392105 16.00000000
v 10.00000000 22.80982208 17.00000000
v 10.00000000 22.89330292 18.00000000
v 10.00000000 22.93796921 19.00000000
v 10.00000000 23.00000000 19.29877472
v 10.00000000 22.25037956 22.00000000
v 10.00000000 22.35090256 23.00000000
v 10.00000000 22.61971664 24.00000000
v 10.00000000 22.95209885 25.00000000
v 10.00000000 23.00000000 25.15559959
v 10.00000000 23.08271027 20.00000000
v 10.00000000 23.17578888 21.00000000
v 10.00000000 23.29773521 22.00000000
v 10.00000000 23.60074615 23.00000000
v 10.00000000 23.78594971 24.00000000
v 10.00000000 24.00000000 24.35380745
v 10.00000000 23.34140015 26.00000000
v 10.00000000 23.57989502 27.00000000
v 10.00000000 23.91002846 28.00000000
v 10.00000000 24.00000000 28.29575729
v 10.00000000 24.19039726 25.00000000
v 10.00000000 24.49731827 26.00000000
v 10.00000000 24.66065979 27.00000000
v 10.00000000 25.00000000 27.75035095
v 10.00000000 24.37240028 29.00000000
v 10.00000000 24.80926323 30.00000000
v 10.00000000 25.00000000 30.25599861
v 10.00000000 25.07084274 28.00000000
v 10.00000000 25.35891724 29.00000000
v 10.00000000 25.29357338 30.00000000
v 11.00000000 5.07568598 14.00000000
v 11.00000000 6.00000000 13.67859936
v 11.00000000 5.02838278 15.00000000
v 11.00000000 5.14738369 16.00000000
v 11.00000000 6.00000000 16.64412117
v 11.00000000 7.00000000 13.67772484
v 11.00000000 7.00000000 16.64227295
v 11.00000000 8.00000000 13.67718029
v 11.00000000 8.00000000 16.63735962
v 11.00000000 9.00000000 13.67665482
v 11.00000000 9.00000000 16.63936234
v 11.00000000 10.00000000 13.67534351
v 11.00000000 10.00000000 16.64020157
v 11.00000000 11.00000000 13.67441368
v 11.00000000 11.00000000 16.64083099
v 11.00000000 12.00000000 13.67506027
v 11.00000000 12.00000000 16.64126778
v 11.00000000 13.00000000 13.67574024
v 11.00000000 13.00000000 16.64330482
v 11.00000000 14.00000000 13.67656231
v 11.00000000 14.00000000 16.64208984
v 11.00000000 15.00000000 13.67587948
v 11.00000000 15.00000000 16.64110184
v 11.00000000 16.00000000 13.67476749
v 11.00000000 16.00000000 16.64079285
v 11.00000000 17.00000000 13.67297459
v 11.00000000 17.00000000 16.64170456
v 11.00000000 18.00000000 13.67411709
v 11.00000000 18.00000000 16.64060783
v 11.00000000 19.00000000 13.67400646
v 11.00000000 19.00000000 16.64196396
v 11.00000000 20.00000000 13.67236710
v 11.00000000 20.00000000 16.64316177
v 11.00000000 21.00000000 13.67754459
v 11.00000000 21.00000000 15.78937721
v 11.00000000 20.82989693 16.00000000
v 11.00000000 22.00000000 13.67541313
v 11.00000000 21.15356827 16.00000000
v 11.00000000 21.04776955 17.00000000
v 11.00000000 21.23996735 18.00000000
v 11.00000000 21.46013451 19.00000000
v 11.00000000 21.67603493 20.00000000
v 11.00000000 21.89535141 21.00000000
v 11.00000000 22.00000000 21.49410439
v 11.00000000 22.43437004 14.00000000
v 11.00000000 22.64623642 15.00000000
v 11.00000000 22.73347282 16.00000000
v 11.00000000 22.82057190 17.00000000
v 11.00000000 22.89688110 18.00000000
v 11.00000000 22.98521042 19.00000000
v 11.00000000 23.00000000 19.08478737
v 11.00000000 22.26884079 22.00000000
v 11.00000000 22.35121727 23.00000000
v 11.00000000 22.62323380 24.00000000
v 10.45480442 23.00000000 25.00000000
v 11.00000000 23.00000000 24.86840057
v 11.00000000 23.08654213 20.00000000
v 11.00000000 23.17668533 21.00000000
v 11.00000000 23.29921532 22.00000000
v 11.00000000 23.60106277 23.00000000
v 11.00000000 23.80114746 24.00000000
v 11.00000000 23.22644615 25.00000000
v 11.00000000 24.00000000 24.32407951
v 11.00000000 23.33689690 26.00000000
v 11.00000000 23.58147049 27.00000000
v 11.00000000 23.90867233 28.00000000
v 11.00000000 24.00000000 28.30525970
v 11.00000000 24.19389534 25.00000000
v 11.00000000 24.49673843 26.00000000
v 11.00000000 24.68315506 27.00000000
v 11.00000000 25.00000000 27.71495247
v 11.00000000 24.35754204 29.00000000
v 11.00000000 24.81181526 30.00000000
v 11.00000000 25.00000000 30.31081772
v 11.00000000 25.07669258 28.00000000
v 11.00000000 25.37257767 29.00000000
v 11.00000000 25.29056168 30.00000000
v 12.00000000 5.05702448 14.00000000
v 12.00000000 6.00000000 13.67722416
v 12.00000000 5.01493502 15.00000000
v 12.00000000 5.14508438 16.00000000
v 12.00000000 6.00000000 16.64036751
v 12.00000000 7.00000000 13.67481995
v 12.00000000 7.00000000 16.64036560
v 12.00000000 8.00000000 13.67859554
v 12.00000000 8.00000000 16.64232254
v 12.00000000 9.00000000 13.67739582
v 12.00000000 9.00000000 16.63968849
v 12.00000000 10.00000000 13.67449760
v 12.00000000 10.00000000 16.64065742
v 12.00000000 11.00000000 13.67663002
v 12.00000000 11.00000000 16.64299965
v 12.00000000 12.00000000 13.67683601
v 12.00000000 12.00000000 16.64244652
v 12.00000000 13.00000000 13.67693233
v 12.00000000 13.00000000 16.64141083
v 12.00000000 14.00000000 13.67491436
v 12.00000000 14.00000000 16.64041138
v 12.00000000 15.00000000 13.67497063
v 12.00000000 15.00000000 16.64172363
v 12.00000000 16.00000000 13.67531013
v 12.00000000 16.00000000 16.64104652
v 12.00000000 17.00000000 13.67514706
v 12.00000000 17.00000000 16.64261055
v 12.00000000 18.00000000 13.67465496
v 12.00000000 18.00000000 16.63842583
v 12.00000000 19.00000000 13.67555141
v 12.00000000 19.00000000 16.64295006
v 12.00000000 20.00000000 13.67297840
v 12.00000000 20.00000000 16.64151001
v 12.00000000 21.00000000 13.67545223
v 12.00000000 21.00000000 15.81251717
v 12.00000000 20.78019905 16.00000000
v 12.00000000 22.00000000 13.67465878
v 12.00000000 21.19794846 16.00000000
v 12.00000000 21.04726028 17.00000000
v 12.00000000 21.24265289 18.00000000
v 12.00000000 21.45633125 19.00000000
v 12.00000000 21.67535400 20.00000000
v 12.00000000 21.89120293 21.00000000
v 12.00000000 22.00000000 21.51812363
v 12.00000000 22.43561172 14.00000000
v 12.00000000 22.64574242 15.00000000
v 12.00000000 22.73371887 16.00000000
v 12.00000000 22.82118988 17.00000000
v 12.00000000 22.89797020 18.00000000
v 12.00000000 22.99010086 19.00000000
v 12.00000000 23.00000000 19.05940819
v 12.00000000 22.26003456 22.00000000
v 12.00000000 22.35403824 23.00000000
v 12.00000000 22.62106133 24.00000000
v 12.00000000 23.00000000 24.88370132
v 12.00000000 23.08482552 20.00000000
v 12.00000000 23.18011093 21.00000000
v 12.00000000 23.29732513 22.00000000
v 12.00000000 23.60042000 23.00000000
v 12.00000000 23.79950333 24.00000000
v 12.00000000 24.00000000 24.33468056
v 12.00000000 23.20885277 25.00000000
v 12.00000000 23.33708382 26.00000000
v 12.00000000 23.58121109 27.00000000
v 12.00000000 23.90555191 28.00000000
v 12.00000000 24.00000000 28.30698013
v 12.00000000 24.18856621 25.00000000
v 12.00000000 24.49396133 26.00000000
v 12.00000000 24.68189049 27.00000000
v 12.00000000 25.00000000 27.70710754
v 12.00000000 24.35922623 29.00000000
v 12.00000000 24.81085968 30.00000000
v 12.00000000 25.00000000 30.35215378
v 12.00000000 25.08020020 28.00000000
v 12.00000000 25.38167000 29.00000000
v 12.00000000 25.29661942 30.00000000
v 13.00000000 5.03163862 14.00000000
v 13.00000000 6.00000000 13.67787552
v 13.00000000 5.01608086 15.00000000
v 13.00000000 5.15290737 16.00000000
v 13.00000000 6.00000000 16.64313316
v 13.00000000 7.00000000 13.67799759
v 13.00000000 7.00000000 16.64464378
v 13.00000000 8.00000000 13.67656136
v 13.00000000 8.00000000 16.64339638
v 13.00000000 9.00000000 13.67718601
v 13.00000000 9.00000000 16.64250374
v 13.00000000 10.00000000 13.67463398
v 13.00000000 10.00000000 16.64118958
v 13.00000000 11.00000000 13.67372894
v 13.00000000 11.00000000 16.64157486
v 13.00000000 12.00000000 13.67395782
v 13.00000000 12.00000000 16.64177704
v 13.00000000 13.00000000 13.67551899
v 13.00000000 13.00000000 16.63990974
v 13.00000000 14.00000000 13.67408657
v 13.00000000 14.00000000 16.64105606
v 13.00000000 15.00000000 13.67487240
v 13.00000000 15.00000000 16.64181900
v 13.00000000 16.00000000 13.67445374
v 13.00000000 16.00000000 16.64208603
v 13.00000000 17.00000000 13.67521954
v 13.00000000 17.00000000 16.64246559
v 13.00000000 18.00000000 13.67436504
v 13.00000000 18.00000000 16.64259720
v 13.00000000 19.00000000 13.67467022
v 13.00000000 19.00000000 16.64206314
v 13.00000000 20.00000000 13.67407990
v 13.00000000 20.00000000 16.64174461
v 13.00000000 21.00000000 13.67568016
v 12.49922180 21.00000000 16.00000000
v 13.00000000 21.00000000 16.88219452
v 13.00000000 22.00000000 13.67716599
v 13.00000000 21.02916527 17.00000000
v 13.00000000 21.23852921 18.00000000
v 13.00000000 21.45814323 19.00000000
v 13.00000000 21.67481232 20.00000000
v 13.00000000 21.89510536 21.00000000
v 13.00000000 22.00000000 21.50540161
v 13.00000000 22.43048859 14.00000000
v 13.00000000 22.64610672 15.00000000
v 13.00000000 22.73567390 16.00000000
v 13.00000000 22.82147598 17.00000000
v 13.00000000 22.89235687 18.00000000
v 13.00000000 22.98009491 19.00000000
v 13.00000000 23.00000000 19.11103249
v 13.00000000 22.25907707 22.00000000
v 13.00000000 22.35256004 23.00000000
v 13.00000000 22.61948013 24.00000000
v 12.50117302 23.00000000 25.00000000
v 13.00000000 22.95040131 25.00000000
v 13.00000000 23.00000000 25.16088295
v 13.00000000 23.08670235 20.00000000
v 13.00000000 23.17610550 21.00000000
v 13.00000000 23.30018997 22.00000000
v 13.00000000 23.60176849 23.00000000
v 13.00000000 23.79808235 24.00000000
v 13.00000000 24.00000000 24.33383179
v 13.00000000 23.34084892 26.00000000
v 13.00000000 23.57933617 27.00000000
v 13.00000000 23.90534592 28.00000000
v 13.00000000 24.00000000 28.31105232
v 13.00000000 24.19102669 25.00000000
v 13.00000000 24.49892044 26.00000000
v 13.00000000 24.68454552 27.00000000
v 13.00000000 25.00000000 27.70403481
v 13.00000000 24.35139656 29.00000000
v 13.00000000 24.81172752 30.00000000
v 13.00000000 25.00000000 30.38381004
v 13.00000000 25.08124352 28.00000000
v 13.00000000 25.38511276 29.00000000
v 13.00000000 25.29802322 30.00000000
v 14.00000000 5.00900316 14.00000000
v 14.00000000 6.00000000 13.67769432
v 14.00000000 5.01761818 15.00000000
v 14.00000000 5.15023756 16.00000000
v 14.00000000 6.00000000 16.64272118
v 14.00000000 7.00000000 13.67795086
v 14.00000000 7.00000000 16.64219093
v 14.00000000 8.00000000 13.67541409
v 14.00000000 8.00000000 16.64221764
v 14.00000000 9.00000000 13.67683792
v 14.00000000 9.00000000 16.64218140
v 14.00000000 10.00000000 13.67345905
v 14.00000000 10.00000000 16.64255905
v 14.00000000 11.00000000 13.67563057
v 14.00000000 11.00000000 16.64133072
v 14.00000000 12.00000000 13.67448235
v 14.00000000 12.00000000 16.64003372
v 14.00000000 13.00000000 13.67429161
v 14.00000000 13.00000000 16.64083099
v 14.00000000 14.00000000 13.67418194
v 14.00000000 14.00000000 16.63996506
v 14.00000000 15.00000000 13.67413139
v 14.00000000 15.00000000 16.64170074
v 14.00000000 16.00000000 13.67513275
v 14.00000000 16.00000000 16.64001274
v 14.00000000 17.00000000 13.67455959
v 14.00000000 17.00000000 16.64084816
v 14.00000000 18.00000000 13.67525196
v 14.00000000 18.00000000 16.64076996
v 14.00000000 19.00000000 13.67423153
v 14.00000000 19.00000000 16.64033318
v 14.00000000 20.00000000 13.67527008
v 14.00000000 20.00000000 16.64214897
v 14.00000000 21.00000000 13.67340279
v 13.45224476 21.00000000 16.00000000
v 14.00000000 21.00000000 15.76774597
v 14.00000000 20.74614716 16.00000000
v 14.00000000 22.00000000 13.67615700
v 14.00000000 21.23129272 16.00000000
v 14.00000000 21.05600548 17.00000000
v 14.00000000 21.23736382 18.00000000
v 14.00000000 21.45610428 19.00000000
v 14.00000000 21.67416191 20.00000000
v 14.00000000 21.89444923 21.00000000
v 14.00000000 22.00000000 21.49676704
v 14.00000000 22.43439293 14.00000000
v 14.00000000 22.64637756 15.00000000
v 14.00000000 22.73424149 16.00000000
v 14.00000000 22.82198334 17.00000000
v 14.00000000 22.89466858 18.00000000
v 14.00000000 22.97126389 19.00000000
v 14.00000000 23.00000000 19.15788269
v 14.00000000 22.27005386 22.00000000
v 14.00000000 22.35150337 23.00000000
v 14.00000000 22.62205315 24.00000000
v 13.45276451 23.00000000 25.00000000
v 14.00000000 23.00000000 24.86273193
v 14.00000000 23.08449364 20.00000000
v 14.00000000 23.17682266 21.00000000
v 14.00000000 23.29714203 22.00000000
v 14.00000000 23.60302734 23.00000000
v 14.00000000 23.78265762 24.00000000
v 14.00000000 23.23642921 25.00000000
v 14.00000000 24.00000000 24.35082436
v 14.00000000 23.33547401 26.00000000
v 14.00000000 23.57880020 27.00000000
v 14.00000000 23.90035629 28.00000000
v 14.00000000 24.00000000 28.32392502
v 14.00000000 24.19245338 25.00000000
v 14.00000000 24.49632835 26.00000000
v 14.00000000 24.67788315 27.00000000
v 14.00000000 25.00000000 27.69523239
v 14.00000000 24.34831619 29.00000000
v 14.00000000 24.81880379 30.00000000
v 14.00000000 25.00000000 30.42509651
v 14.00000000 25.08724213 28.00000000
v 14.00000000 25.39109421 29.00000000
v 14.00000000 25.30476379 30.00000000
v 15.00000000 5.04996109 14.00000000
v 15.00000000 6.00000000 13.67879581
v 15.00000000 5.03450060 15.00000000
v 15.00000000 5.15117741 16.00000000
v 15.00000000 6.00000000 16.64077568
v 15.00000000 7.00000000 13.67741776
v 15.00000000 7.00000000 16.64197540
v 15.00000000 8.00000000 13.67578316
v 15.00000000 8.00000000 16.64049149
v 15.00000000 9.00000000 13.67670345
v 15.00000000 9.00000000 16.64021111
v 15.00000000 10.00000000 13.67482567
v 15.00000000 10.00000000 16.64197731
v 15.00000000 11.00000000 13.67625332
v 15.00000000 11.00000000 16.64063835
v 15.00000000 12.00000000 13.67525005
v 15.00000000 12.00000000 16.63925171
v 15.00000000 13.00000000 13.67528725
v 15.00000000 13.00000000 16.64006805
v 15.00000000 14.00000000 13.67442799
v 15.00000000 14.00000000 16.64053726
v 15.00000000 15.00000000 13.67396259
v 15.00000000 15.00000000 16.64117622
v 15.00000000 16.00000000 13.67524338
v 15.00000000 16.00000000 16.64159584
v 15.00000000 17.00000000 13.67415333
v 15.00000000 17.00000000 16.64032745
v 15.00000000 18.00000000 13.67444801
v 15.00000000 18.00000000 16.64172745
v 15.00000000 19.00000000 13.67418194
v 15.00000000 19.00000000 16.64130211
v 15.00000000 20.00000000 13.67621517
v 15.00000000 20.00000000 16.64361382
v 15.00000000 21.00000000 13.67545509
v 15.00000000 21.00000000 15.83724499
v 15.00000000 20.80825424 16.00000000
v 15.00000000 22.00000000 13.67722797
v 15.00000000 21.17343712 16.00000000
v 15.00000000 21.03965569 17.00000000
v 15.00000000 21.24134064 18.00000000
v 15.00000000 21.45714951 19.00000000
v 15.00000000 21.67454338 20.00000000
v 15.00000000 21.88735580 21.00000000
v 15.00000000 22.00000000 21.54080200
v 15.00000000 22.42975616 14.00000000
v 15.00000000 22.64310265 15.00000000
v 15.00000000 22.73539543 16.00000000
v 15.00000000 22.82247543 17.00000000
v 15.00000000 22.89902306 18.00000000
v 15.00000000 22.98364639 19.00000000
v 15.00000000 23.00000000 19.09044838
v 15.00000000 22.24565506 22.00000000
v 15.00000000 22.34809685 23.00000000
v 15.00000000 22.62015343 24.00000000
v 15.00000000 23.00000000 24.88452148
v 15.00000000 23.08882523 20.00000000
v 15.00000000 23.17434311 21.00000000
v 15.00000000 23.30282593 22.00000000
v 15.00000000 23.60259056 23.00000000
v 15.00000000 23.81254005 24.00000000
v 15.00000000 24.00000000 24.31155396
v 15.00000000 23.20387840 25.00000000
v 15.00000000 23.33740234 26.00000000
v 15.00000000 23.57920456 27.00000000
v 15.00000000 23.90232658 28.00000000
v 15.00000000 24.00000000 28.30896568
v 15.00000000 24.19230461 25.00000000
v 15.00000000 24.49665070 26.00000000
v 15.00000000 24.67395782 27.00000000
v 15.00000000 24.53633499 28.00000000
v 14.50860500 25.00000000 28.00000000
v 15.00000000 25.00000000 28.17863655
v 15.00000000 24.36007309 29.00000000
v 15.00000000 24.82671928 30.00000000
v 15.00000000 25.00000000 30.41058922
v 15.00000000 25.38901711 29.00000000
v 15.00000000 25.28952789 30.00000000
v 16.00000000 5.07876873 14.00000000
v 16.00000000 6.00000000 13.67488384
v 16.00000000 5.04008818 15.00000000
v 16.00000000 5.15723085 16.00000000
v 16.00000000 6.00000000 16.64298248
v 16.00000000 7.00000000 13.67498398
v 15.50077248 7.00000000 16.00000000
v 16.00000000 7.00000000 15.63536072
v 16.00000000 6.50049973 16.00000000
v 16.00000000 8.00000000 13.67600918
v 16.00000000 7.49942064 16.00000000
v 16.00000000 8.00000000 16.64031982
v 16.00000000 9.00000000 13.67659760
v 16.00000000 9.00000000 16.64029121
v 16.00000000 10.00000000 13.67480183
v 16.00000000 10.00000000 16.64159012
v 16.00000000 11.00000000 13.67636681
v 16.00000000 11.00000000 16.63966560
v 16.00000000 12.00000000 13.67437553
v 16.00000000 12.00000000 16.64076042
v 16.00000000 13.00000000 13.67457104
v 16.00000000 13.00000000 16.63990021
v 16.00000000 14.00000000 13.67423725
v 16.00000000 14.00000000 16.63972092
v 16.00000000 15.00000000 13.67339134
v 16.00000000 15.00000000 16.64047432
v 16.00000000 16.00000000 13.67528629
v 16.00000000 16.00000000 16.64045143
v 16.00000000 17.00000000 13.67391586
v 16.00000000 17.00000000 16.64110374
v 16.00000000 18.00000000 13.67435551
v 16.00000000 18.00000000 16.64230728
v 16.00000000 19.00000000 13.67453194
v 16.00000000 19.00000000 16.64274216
v 16.00000000 20.00000000 13.67634010
v 16.00000000 20.00000000 16.64346695
v 16.00000000 21.00000000 13.67573738
v 16.00000000 21.00000000 15.86422825
v 16.00000000 20.83031654 16.00000000
v 16.00000000 22.00000000 13.67603111
v 16.00000000 21.15317535 16.00000000
v 16.00000000 21.04220009 17.00000000
v 16.00000000 21.23656464 18.00000000
v 16.00000000 21.45749474 19.00000000
v 16.00000000 21.67208290 20.00000000
v 16.00000000 21.89683723 21.00000000
v 16.00000000 22.00000000 21.51110077
v 16.00000000 22.43278313 14.00000000
v 16.00000000 22.64447212 15.00000000
v 16.00000000 22.73361969 16.00000000
v 16.00000000 22.82402992 17.00000000
v 16.00000000 22.89954758 18.00000000
v 16.00000000 22.95930672 19.00000000
v 16.00000000 23.00000000 19.20486259
v 16.00000000 22.25160599 22.00000000
v 16.00000000 22.34729195 23.00000000
v 16.00000000 22.62034798 24.00000000
v 16.00000000 23.00000000 24.86113548
v 16.00000000 23.08776474 20.00000000
v 16.00000000 23.17889214 21.00000000
v 16.00000000 23.29952621 22.00000000
v 16.00000000 23.60305786 23.00000000
v 16.00000000 23.80570030 24.00000000
v 16.00000000 24.00000000 24.32361221
v 16.00000000 23.24238205 25.00000000
v 16.00000000 23.33726501 26.00000000
v 16.00000000 23.57980728 27.00000000
v 16.00000000 23.91137314 28.00000000
v 16.00000000 24.00000000 28.29019737
v 16.00000000 24.19130707 25.00000000
v 16.00000000 24.49682045 26.00000000
v 16.00000000 24.67473793 27.00000000
v 15.51028824 25.00000000 28.00000000
v 16.00000000 25.00000000 27.71409225
v 16.00000000 24.35536385 29.00000000
v 16.00000000 24.82137299 30.00000000
v 16.00000000 25.00000000 30.41181946
v 16.00000000 25.08152008 28.00000000
v 16.00000000 25.39159012 29.00000000
v 16.00000000 25.29820442 30.00000000
v 17.00000000 5.08413458 14.00000000
v 17.00000000 6.00000000 13.67839336
v 17.00000000 5.01199198 15.00000000
v 17.00000000 5.15387678 16.00000000
v 17.00000000 6.00000000 16.64249039
v 17.00000000 7.00000000 13.67775059
v 17.00000000 7.00000000 15.67582417
v 17.00000000 6.50000715 16.00000000
v 17.00000000 8.00000000 13.67616177
v 17.00000000 7.49893141 16.00000000
v 17.00000000 8.00000000 16.64018440
v 17.00000000 9.00000000 13.67673302
v 17.00000000 9.00000000 16.64077950
v 17.00000000 10.00000000 13.67571068
v 17.00000000 10.00000000 16.64160728
v 17.00000000 11.00000000 13.67644310
v 17.00000000 11.00000000 16.64246178
v 17.00000000 12.00000000 13.67517090
v 17.00000000 12.00000000 16.64154243
v 17.00000000 13.00000000 13.67581367
v 17.00000000 13.00000000 16.64004135
v 17.00000000 14.00000000 13.67511559
v 17.00000000 14.00000000 16.63975143
v 17.00000000 15.00000000 13.67434883
v 17.00000000 15.00000000 16.64043617
v 17.00000000 16.00000000 13.67547894
v 17.00000000 16.00000000 16.64056778
v 17.00000000 17.00000000 13.67486191
v 17.00000000 17.00000000 16.64197540
v 17.00000000 18.00000000 13.67527390
v 17.00000000 18.00000000 16.64152718
v 17.00000000 19.00000000 13.67508793
v 17.00000000 19.00000000 16.63951492
v 17.00000000 20.00000000 13.67396641
v 17.00000000 20.00000000 16.64360428
v 17.00000000 21.00000000 13.67508316
v 17.00000000 21.00000000 15.81443596
v 17.00000000 20.82955170 16.00000000
v 17.00000000 22.00000000 13.67708969
v 17.00000000 21.15339088 16.00000000
v 17.00000000 21.02832222 17.00000000
v 17.00000000 21.23804474 18.00000000
v 17.00000000 21.45664406 19.00000000
v 17.00000000 21.67522812 20.00000000
v 17.00000000 21.88415337 21.00000000
v 17.00000000 22.00000000 21.54081726
v 17.00000000 22.43108177 14.00000000
v 17.00000000 22.64507866 15.00000000
v 17.00000000 22.73393059 16.00000000
v 17.00000000 22.82341576 17.00000000
v 17.00000000 22.89011955 18.00000000
v 17.00000000 22.97283936 19.00000000
v 17.00000000 23.00000000 19.14162254
v 17.00000000 22.25330162 22.00000000
v 17.00000000 22.34988022 23.00000000
v 17.00000000 22.62323952 24.00000000
v 17.00000000 23.00000000 24.87531090
v 17.00000000 23.09026718 20.00000000
v 17.00000000 23.17780113 21.00000000
v 17.00000000 23.30018806 22.00000000
v 17.00000000 23.60548019 23.00000000
v 17.00000000 23.77058220 24.00000000
v 17.00000000 24.00000000 24.37184525
v 17.00000000 23.22072411 25.00000000
v 17.00000000 23.33525848 26.00000000
v 17.00000000 23.58118057 27.00000000
v 17.00000000 23.89993668 28.00000000
v 17.00000000 24.00000000 28.32732582
v 17.00000000 24.18985748 25.00000000
v 17.00000000 24.49853706 26.00000000
v 17.00000000 24.67303848 27.00000000
v 17.00000000 25.00000000 27.70104408
v 17.00000000 24.34716225 29.00000000
v 17.00000000 24.82726669 30.00000000
v 17.00000000 25.00000000 30.39405823
v 17.00000000 25.08666801 28.00000000
v 17.00000000 25.38774300 29.00000000
v 17.00000000 25.28700447 30.00000000
v 18.00000000 5.08388710 14.00000000
v 18.00000000 6.00000000 13.67677307
v 18.00000000 5.02560377 15.00000000
v 18.00000000 5.14520311 16.00000000
v 18.00000000 6.00000000 16.64123726
v 18.00000000 7.00000000 13.67784405
v 18.00000000 7.00000000 15.67545605
v 18.00000000 6.49912214 16.00000000
v 18.00000000 8.00000000 13.67607307
v 18.00000000 7.50001812 16.00000000
v 18.00000000 8.00000000 16.64045715
v 18.00000000 9.00000000 13.67723560
v 18.00000000 9.00000000 16.64100647
v 18.00000000 10.00000000 13.67426205
v 18.00000000 10.00000000 16.64073181
v 18.00000000 11.00000000 13.67635632
v 18.00000000 11.00000000 16.63991547
v 18.00000000 12.00000000 13.67498302
v 18.00000000 12.00000000 16.63948822
v 18.00000000 13.00000000 13.67423439
v 18.00000000 13.00000000 16.64179420
v 18.00000000 14.00000000 13.67350960
v 18.00000000 14.00000000 16.63953590
v 18.00000000 15.00000000 13.67321301
v 18.00000000 15.00000000 16.64106941
v 18.00000000 16.00000000 13.67679310
v 18.00000000 16.00000000 16.64194870
v 18.00000000 17.00000000 13.67429161
v 18.00000000 17.00000000 16.63957787
v 18.00000000 18.00000000 13.67390633
v 18.00000000 18.00000000 16.64188766
v 18.00000000 19.00000000 13.67404366
v 18.00000000 19.00000000 16.64144707
v 18.00000000 20.00000000 13.67615032
v 18.00000000 20.00000000 16.64237785
v 18.00000000 21.00000000 13.67568493
v 18.00000000 21.00000000 15.75436878
v 18.00000000 20.81746292 16.00000000
v 18.00000000 22.00000000 13.67700481
v 18.00000000 21.16399193 16.00000000
v 18.00000000 21.03708267 17.00000000
v 18.00000000 21.23806953 18.00000000
v 18.00000000 21.45788193 19.00000000
v 18.00000000 21.67619705 20.00000000
v 18.00000000 21.89041710 21.00000000
v 18.00000000 22.00000000 21.50078583
v 18.00000000 22.43139648 14.00000000
v 18.00000000 22.64508438 15.00000000
v 18.00000000 22.73548126 16.00000000
v 18.00000000 22.81752968 17.00000000
v 18.00000000 22.89877701 18.00000000
v 18.00000000 22.98431969 19.00000000
v 18.00000000 23.00000000 19.08858681
v 18.00000000 22.27210045 22.00000000
v 18.00000000 22.34937286 23.00000000
v 18.00000000 22.62029457 24.00000000
v 17.50391197 23.00000000 25.00000000
v 18.00000000 22.94703484 25.00000000
v 18.00000000 23.00000000 25.17430878
v 18.00000000 23.08762932 20.00000000
v 18.00000000 23.17639732 21.00000000
v 18.00000000 23.30044365 22.00000000
v 18.00000000 23.60549736 23.00000000
v 18.00000000 23.79398727 24.00000000
v 18.00000000 24.00000000 24.34050560
v 18.00000000 23.33492088 26.00000000
v 18.00000000 23.57915115 27.00000000
v 18.00000000 23.90954399 28.00000000
v 18.00000000 24.00000000 28.29847908
v 18.00000000 24.19009018 25.00000000
v 18.00000000 24.49513245 26.00000000
v 18.00000000 24.68007278 27.00000000
v 18.00000000 24.50721359 28.00000000
v 17.49777603 25.00000000 28.00000000
v 18.00000000 25.00000000 28.18411827
v 18.00000000 24.35313606 29.00000000
v 18.00000000 24.81209183 30.00000000
v 18.00000000 25.00000000 30.39989471
v 18.00000000 25.38774109 29.00000000
v 18.00000000 25.30492973 30.00000000
v 19.00000000 5.04773664 14.00000000
v 19.00000000 6.00000000 13.67765617
v 19.00000000 5.01659203 15.00000000
v 19.00000000 5.15808296 16.00000000
v 19.00000000 6.00000000 16.64340019
v 19.00000000 7.00000000 13.67623901
v 19.00000000 7.00000000 15.67545891
v 19.00000000 6.49928093 16.00000000
v 19.00000000 8.00000000 13.67562199
v 19.00000000 7.49971199 16.00000000
v 19.00000000 8.00000000 16.63997459
v 19.00000000 9.00000000 13.67546844
v 19.00000000 9.00000000 16.63997459
v 19.00000000 10.00000000 13.67781162
v 19.00000000 10.00000000 16.64084053
v 19.00000000 11.00000000 13.67669868
v 19.00000000 11.00000000 16.64170456
v 19.00000000 12.00000000 13.67537880
v 19.00000000 12.00000000 16.64276314
v 19.00000000 13.00000000 13.67579365
v 19.00000000 13.00000000 16.64204788
v 19.00000000 14.00000000 13.67594910
v 19.00000000 14.00000000 16.64230156
v 19.00000000 15.00000000 13.67526722
v 19.00000000 15.00000000 16.64299965
v 19.00000000 16.00000000 13.67378139
v 19.00000000 16.00000000 16.64204979
v 19.00000000 17.00000000 13.67493153
v 19.00000000 17.00000000 16.63902664
v 19.00000000 18.00000000 13.67524910
v 19.00000000 18.00000000 16.64019585
v 19.00000000 19.00000000 13.67537022
v 19.00000000 19.00000000 16.64307213
v 19.00000000 20.00000000 13.67347240
v 19.00000000 20.00000000 16.64355850
v 19.00000000 21.00000000 13.67740059
v 19.00000000 21.00000000 15.78904057
v 19.00000000 20.83394814 16.00000000
v 19.00000000 22.00000000 13.67609024
v 19.00000000 21.14984131 16.00000000
v 19.00000000 21.02994347 17.00000000
v 19.00000000 21.24197388 18.00000000
v 19.00000000 21.45871735 19.00000000
v 19.00000000 21.67399597 20.00000000
v 19.00000000 21.89558220 21.00000000
v 19.00000000 22.00000000 21.48896408
v 19.00000000 22.43192863 14.00000000
v 19.00000000 22.64470673 15.00000000
v 19.00000000 22.73404121 16.00000000
v 19.00000000 22.82106972 17.00000000
v 19.00000000 22.88877296 18.00000000
v 19.00000000 22.97202873 19.00000000
v 19.00000000 23.00000000 19.14346313
v 19.00000000 22.27077675 22.00000000
v 19.00000000 22.35310173 23.00000000
v 19.00000000 22.62027550 24.00000000
v 18.47635460 23.00000000 25.00000000
v 19.00000000 23.00000000 24.86703491
v 19.00000000 23.09096909 20.00000000
v 19.00000000 23.17835236 21.00000000
v 19.00000000 23.30056572 22.00000000
v 19.00000000 23.60400391 23.00000000
v 19.00000000 23.80510712 24.00000000
v 19.00000000 23.23307800 25.00000000
v 19.00000000 24.00000000 24.32419968
v 19.00000000 23.33798027 26.00000000
v 19.00000000 23.58075714 27.00000000
v 19.00000000 23.90559769 28.00000000
v 19.00000000 24.00000000 28.30264282
v 19.00000000 24.19142532 25.00000000
v 19.00000000 24.49462891 26.00000000
v 19.00000000 24.67290115 27.00000000
v 18.51519394 25.00000000 28.00000000
v 19.00000000 25.00000000 27.71130180
v 19.00000000 24.36476135 29.00000000
v 19.00000000 24.80787277 30.00000000
v 19.00000000 25.00000000 30.35615540
v 19.00000000 25.08246422 28.00000000
v 19.00000000 25.37750626 29.00000000
v 19.00000000 25.30090141 30.00000000
v 20.00000000 5.06037998 14.00000000
v 20.00000000 6.00000000 13.67610550
v 20.00000000 5.01692724 15.00000000
v 20.00000000 5.15455198 16.00000000
v 20.00000000 6.00000000 16.64173126
v 20.00000000 7.00000000 13.67789268
v 19.50104713 7.00000000 16.00000000
v 20.00000000 7.00000000 16.63870239
v 20.00000000 8.00000000 13.67810345
v 20.00000000 8.00000000 16.64084053
v 20.00000000 9.00000000 13.67736244
v 20.00000000 9.00000000 16.64269066
v 20.00000000 10.00000000 13.67488861
v 20.00000000 10.00000000 16.64387703
v 20.00000000 11.00000000 13.67572308
v 20.00000000 11.00000000 16.64069557
v 20.00000000 12.00000000 13.67608166
v 20.00000000 12.00000000 16.64005280
v 20.00000000 13.00000000 13.67429256
v 20.00000000 13.00000000 16.64233017
v 20.00000000 14.00000000 13.67599964
v 20.00000000 14.00000000 16.64300919
v 20.00000000 15.00000000 13.67422867
v 20.00000000 15.00000000 16.64250183
v 20.00000000 16.00000000 13.67571449
v 20.00000000 16.00000000 16.64221382
v 20.00000000 17.00000000 13.67346478
v 20.00000000 17.00000000 16.64191628
v 20.00000000 18.00000000 13.67351246
v 20.00000000 18.00000000 16.64139557
v 20.00000000 19.00000000 13.67509842
v 20.00000000 19.00000000 16.64161873
v 20.00000000 20.00000000 13.67532635
v 20.00000000 20.00000000 16.64070320
v 20.00000000 21.00000000 13.67555332
v 20.00000000 21.00000000 15.79623795
v 20.00000000 20.82768059 16.00000000
v 20.00000000 22.00000000 13.67631626
v 20.00000000 21.15465736 16.00000000
v 20.00000000 21.04201317 17.00000000
v 20.00000000 21.23860931 18.00000000
v 20.00000000 21.45679474 19.00000000
v 20.00000000 21.67646217 20.00000000
v 20.00000000 21.88487053 21.00000000
v 20.00000000 22.00000000 21.54175949
v 20.00000000 22.43358994 14.00000000
v 20.00000000 22.64669800 15.00000000
v 20.00000000 22.73700523 16.00000000
v 20.00000000 22.82306480 17.00000000
v 20.00000000 22.89275169 18.00000000
v 20.00000000 22.97771454 19.00000000
v 20.00000000 23.00000000 19.12474823
v 20.00000000 22.25174141 22.00000000
v 20.00000000 22.34645271 23.00000000
v 20.00000000 22.62209892 24.00000000
v 20.00000000 23.00000000 24.87179565
v 20.00000000 23.08558083 20.00000000
v 20.00000000 23.17487144 21.00000000
v 20.00000000 23.29986382 22.00000000
v 20.00000000 23.60015678 23.00000000
v 20.00000000 23.79331970 24.00000000
v 20.00000000 24.00000000 24.34368706
v 20.00000000 23.22815132 25.00000000
v 20.00000000 23.34092712 26.00000000
v 20.00000000 23.58138275 27.00000000
v 20.00000000 23.91100502 28.00000000
v 20.00000000 24.00000000 28.28277779
v 20.00000000 24.18751144 25.00000000
v 20.00000000 24.49772453 26.00000000
v 20.00000000 24.68550110 27.00000000
v 20.00000000 25.00000000 27.71782112
v 20.00000000 24.37948036 29.00000000
v 20.00000000 24.80557251 30.00000000
v 20.00000000 25.00000000 30.31821251
v 20.00000000 25.07514572 28.00000000
v 20.00000000 25.36971664 29.00000000
v 20.00000000 25.29741859 30.00000000
v 21.00000000 5.01869822 14.00000000
v 21.00000000 6.00000000 13.67971134
v 21.00000000 5.02009487 15.00000000
v 20.50080109 6.00000000 16.00000000
v 21.00000000 6.00000000 15.56428719
v 21.00000000 7.00000000 13.67798615
v 21.00000000 6.49924803 16.00000000
v 21.00000000 7.00000000 16.64342308
v 21.00000000 8.00000000 13.67448425
v 21.00000000 8.00000000 16.64297104
v 21.00000000 9.00000000 13.67668819
v 21.00000000 9.00000000 16.64363670
v 21.00000000 10.00000000 13.67716503
v 21.00000000 10.00000000 16.64017296
v 21.00000000 11.00000000 13.67682076
v 21.00000000 11.00000000 16.64292717
v 21.00000000 12.00000000 13.67449951
v 21.00000000 12.00000000 16.64188385
v 21.00000000 13.00000000 13.67347145
v 21.00000000 13.00000000 16.64159966
v 21.00000000 14.00000000 13.67511654
v 21.00000000 14.00000000 16.64109039
v 21.00000000 15.00000000 13.67668343
v 21.00000000 15.00000000 16.64113998
v 21.00000000 16.00000000 13.67465019
v 21.00000000 16.00000000 16.64271736
v 21.00000000 17.00000000 13.67581081
v 21.00000000 17.00000000 16.64324951
v 21.00000000 18.00000000 13.67467213
v 21.00000000 18.00000000 16.64128304
v 21.00000000 19.00000000 13.67434311
v 21.00000000 19.00000000 16.63920975
v 21.00000000 20.00000000 13.67703819
v 21.00000000 20.00000000 16.64208794
v 21.00000000 21.00000000 13.67729664
v 21.00000000 21.00000000 15.78824234
v 21.00000000 20.81724739 16.00000000
v 21.00000000 22.00000000 13.67464352
v 21.00000000 21.16451645 16.00000000
v 21.00000000 21.05362892 17.00000000
v 21.00000000 21.23573685 18.00000000
v 21.00000000 21.45752525 19.00000000
v 21.00000000 21.67624092 20.00000000
v 21.00000000 21.89184761 21.00000000
v 21.00000000 22.00000000 21.51039314
v 21.00000000 22.43643951 14.00000000
v 21.00000000 22.64805031 15.00000000
v 21.00000000 22.73711014 16.00000000
v 21.00000000 22.82378769 17.00000000
v 21.00000000 22.89573097 18.00000000
v 21.00000000 22.97845078 19.00000000
v 21.00000000 23.00000000 19.12051201
v 21.00000000 22.26318932 22.00000000
v 21.00000000 22.35130310 23.00000000
v 21.00000000 22.62300682 24.00000000
v 20.51886177 23.00000000 25.00000000
v 21.00000000 22.94848633 25.00000000
v 21.00000000 23.00000000 25.16795921
v 21.00000000 23.08611298 20.00000000
v 21.00000000 23.17748642 21.00000000
v 21.00000000 23.29920769 22.00000000
v 21.00000000 23.60180664 23.00000000
v 21.00000000 23.80391121 24.00000000
v 21.00000000 24.00000000 24.32294273
v 21.00000000 23.33900261 26.00000000
v 21.00000000 23.58019066 27.00000000
v 21.00000000 23.90547752 28.00000000
v 21.00000000 24.00000000 28.30678368
v 21.00000000 24.19247818 25.00000000
v 21.00000000 24.49419022 26.00000000
v 21.00000000 24.65584373 27.00000000
v 21.00000000 25.00000000 27.77232933
v 21.00000000 24.37272263 29.00000000
v 21.00000000 24.80227852 30.00000000
v 21.00000000 25.00000000 30.26264572
v 21.00000000 25.06454659 28.00000000
v 21.00000000 25.36068916 29.00000000
v 21.00000000 25.29978180 30.00000000
v 22.00000000 5.09699249 14.00000000
v 22.00000000 6.00000000 13.67882824
v 22.00000000 5.04299974 15.00000000
v 21.49998093 6.00000000 16.00000000
v 22.00000000 5.14254761 16.00000000
v 22.00000000 6.00000000 16.64044762
v 22.00000000 7.00000000 13.67602158
v 22.00000000 7.00000000 16.64242172
v 22.00000000 8.00000000 13.67304325
v 22.00000000 8.00000000 16.64420319
v 22.00000000 9.00000000 13.67805576
v 22.00000000 9.00000000 16.64213753
v 22.00000000 10.00000000 13.67530823
v 22.00000000 10.00000000 16.64295387
v 22.00000000 11.00000000 13.67483044
v 22.00000000 11.00000000 16.64438057
v 22.00000000 12.00000000 13.67446613
v 22.00000000 12.00000000 16.64282608
v 22.00000000 13.00000000 13.67572784
v 22.00000000 13.00000000 16.64372444
v 22.00000000 14.00000000 13.67594719
v 22.00000000 14.00000000 16.64311981
v 22.00000000 15.00000000 13.67514229
v 22.00000000 15.00000000 16.64394379
v 22.00000000 16.00000000 13.67398357
v 22.00000000 16.00000000 16.64245987
v 22.00000000 17.00000000 13.67575073
v 22.00000000 17.00000000 16.64122200
v 22.00000000 18.00000000 13.67662907
v 22.00000000 18.00000000 16.64059067
v 22.00000000 19.00000000 13.67521954
v 22.00000000 19.00000000 16.64329910
v 22.00000000 20.00000000 13.67569923
v 22.00000000 20.00000000 16.64281464
v 22.00000000 21.00000000 13.67619514
v 22.00000000 21.00000000 15.78508091
v 22.00000000 20.80427361 16.00000000
v 22.00000000 22.00000000 13.67896652
v 22.00000000 21.17725563 16.00000000
v 22.00000000 21.03476143 17.00000000
v 22.00000000 21.23605728 18.00000000
v 22.00000000 21.45792198 19.00000000
v 22.00000000 21.67517090 20.00000000
v 22.00000000 21.89733315 21.00000000
v 22.00000000 22.00000000 21.51514816
v 22.00000000 22.42783737 14.00000000
v 22.00000000 22.64717102 15.00000000
v 22.00000000 22.73950577 16.00000000
v 22.00000000 22.82365417 17.00000000
v 22.00000000 22.90038300 18.00000000
v 22.00000000 22.98216820 19.00000000
v 22.00000000 23.00000000 19.09920311
v 22.00000000 22.24796867 22.00000000
v 22.00000000 22.34910965 23.00000000
v 22.00000000 22.61962891 24.00000000
v 22.00000000 22.95038605 25.00000000
v 22.00000000 23.00000000 25.16799927
v 22.00000000 23.08766174 20.00000000
v 22.00000000 23.17858696 21.00000000
v 22.00000000 23.29929733 22.00000000
v 22.00000000 23.60384560 23.00000000
v 22.00000000 23.80060005 24.00000000
v 22.00000000 24.00000000 24.33257675
v 22.00000000 23.33242035 26.00000000
v 22.00000000 23.57961655 27.00000000
v 22.00000000 23.91171837 28.00000000
v 22.00000000 24.00000000 28.29922104
v 22.00000000 24.19043350 25.00000000
v 22.00000000 24.49184608 26.00000000
v 22.00000000 24.66638374 27.00000000
v 22.00000000 24.61288261 28.00000000
v 21.53824806 25.00000000 28.00000000
v 22.00000000 25.00000000 28.13783073
v 22.00000000 24.37215805 29.00000000
v 22.00000000 24.78498077 30.00000000
v 22.00000000 25.00000000 30.20763016
v 22.00000000 25.34578133 29.00000000
v 22.00000000 25.30213547 30.00000000
v 23.00000000 5.02080345 14.00000000
v 23.00000000 6.00000000 13.67776871
v 23.00000000 5.04887676 15.00000000
v 22.50069809 6.00000000 16.00000000
v 23.00000000 6.00000000 15.32629871
v 23.00000000 7.00000000 13.67627430
v 22.50075150 7.00000000 16.00000000
v 23.00000000 7.00000000 15.33168411
v 23.00000000 8.00000000 13.67431641
v 23.00000000 7.49832153 16.00000000
v 23.00000000 8.00000000 16.64122009
v 23.00000000 9.00000000 13.67808151
v 23.00000000 9.00000000 16.63866806
v 23.00000000 10.00000000 13.67639065
v 23.00000000 10.00000000 16.64470673
v 23.00000000 11.00000000 13.67471409
v 23.00000000 11.00000000 16.64150047
v 23.00000000 12.00000000 13.67490292
v 23.00000000 12.00000000 16.64122200
v 23.00000000 13.00000000 13.67561054
v 23.00000000 13.00000000 16.63844872
v 23.00000000 14.00000000 13.67428017
v 23.00000000 14.00000000 16.64074326
v 23.00000000 15.00000000 13.67733765
v 23.00000000 15.00000000 16.64249992
v 23.00000000 16.00000000 13.67827797
v 23.00000000 16.00000000 16.64049530
v 23.00000000 17.00000000 13.67640686
v 23.00000000 17.00000000 16.63965416
v 23.00000000 18.00000000 13.67626286
v 23.00000000 18.00000000 16.64013863
v 23.00000000 19.00000000 13.67445469
v 23.00000000 19.00000000 16.64150810
v 23.00000000 20.00000000 13.67690945
v 23.00000000 20.00000000 16.64004898
v 23.00000000 21.00000000 13.67413807
v 23.00000000 21.00000000 15.78068638
v 23.00000000 20.78625298 16.00000000
v 23.00000000 22.00000000 13.67406654
v 23.00000000 21.19308662 16.00000000
v 23.00000000 21.02931595 17.00000000
v 23.00000000 21.30249977 18.00000000
v 23.00000000 21.47203636 19.00000000
v 23.00000000 21.67653275 20.00000000
v 23.00000000 21.89178467 21.00000000
v 23.00000000 22.00000000 21.53348351
v 23.00000000 22.43544197 14.00000000
v 23.00000000 22.64365196 15.00000000
v 23.00000000 22.73350906 16.00000000
v 23.00000000 22.80757904 17.00000000
v 23.00000000 22.85786629 18.00000000
v 23.00000000 22.97332764 19.00000000
v 23.00000000 23.00000000 19.14066887
v 23.00000000 22.24734879 22.00000000
v 23.00000000 22.35263443 23.00000000
v 23.00000000 22.62004852 24.00000000
v 22.45468140 23.00000000 25.00000000
v 23.00000000 23.00000000 24.86448479
v 23.00000000 23.08389854 20.00000000
v 23.00000000 23.17345619 21.00000000
v 23.00000000 23.29765320 22.00000000
v 23.00000000 23.60475731 23.00000000
v 23.00000000 23.79675674 24.00000000
v 23.00000000 23.24229813 25.00000000
v 23.00000000 24.00000000 24.34226418
v 22.50618553 24.00000000 26.00000000
v 23.00000000 24.00000000 25.27878571
v 23.00000000 24.00000000 26.73334312
v 23.00000000 23.76817322 27.00000000
v 23.00000000 23.91322899 28.00000000
v 23.00000000 24.00000000 28.29039764
v 23.00000000 24.18428993 25.00000000
v 23.00000000 24.42920876 27.00000000
v 23.00000000 24.72480392 28.00000000
v 23.00000000 25.00000000 28.09255409
v 23.00000000 24.39628220 29.00000000
v 23.00000000 24.77463341 30.00000000
v 23.00000000 25.00000000 30.17210770
v 23.00000000 25.32144928 29.00000000
v 23.00000000 25.30629730 30.00000000
v 24.00000000 5.05549955 14.00000000
v 24.00000000 6.00000000 13.38411713
v 24.00000000 5.03648615 15.00000000
v 23.49949265 6.00000000 16.00000000
v 24.00000000 5.14701557 16.00000000
v 24.00000000 6.00000000 16.78605461
v 24.00000000 7.00000000 13.48569584
v 23.68851662 7.00000000 16.00000000
v 24.00000000 7.00000000 16.62205696
v 24.00000000 8.00000000 13.67733669
v 24.00000000 8.00000000 16.47220612
v 24.00000000 9.00000000 13.67750740
v 24.00000000 9.00000000 16.31939316
v 24.00000000 10.00000000 13.67869282
v 24.00000000 10.00000000 16.31965065
v 24.00000000 11.00000000 13.67743969
v 24.00000000 11.00000000 16.31768227
v 24.00000000 12.00000000 13.67545986
v 24.00000000 12.00000000 16.31092453
v 24.00000000 13.00000000 13.67726994
v 24.00000000 13.00000000 16.31994057
v 24.00000000 14.00000000 13.67794132
v 24.00000000 14.00000000 16.31118202
v 24.00000000 15.00000000 13.67769146
v 24.00000000 15.00000000 16.30092812
v 24.00000000 16.00000000 13.67714214
v 24.00000000 16.00000000 16.30051613
v 24.00000000 17.00000000 13.67901325
v 24.00000000 17.00000000 16.29219246
v 24.00000000 18.00000000 13.67742252
v 24.00000000 18.00000000 16.28852081
v 24.00000000 19.00000000 13.67686272
v 24.00000000 19.00000000 16.29219246
v 24.00000000 20.00000000 13.67483711
v 24.00000000 20.00000000 16.28796959
v 24.00000000 21.00000000 13.39392185
v 24.00000000 21.00000000 15.71051693
v 24.00000000 20.54277229 16.00000000
v 24.00000000 22.00000000 13.39081478
v 24.00000000 21.16010475 16.00000000
v 24.00000000 21.31474686 17.00000000
v 24.00000000 21.51676750 18.00000000
v 24.00000000 21.71824455 19.00000000
v 24.00000000 21.91095161 20.00000000
v 23.49794197 22.00000000 21.00000000
v 24.00000000 22.00000000 20.43848038
v 24.00000000 22.43193817 14.00000000
v 24.00000000 22.64463043 15.00000000
v 24.00000000 22.73659515 16.00000000
v 24.00000000 22.79418373 17.00000000
v 24.00000000 22.83292580 18.00000000
v 24.00000000 22.97510338 19.00000000
v 24.00000000 23.00000000 19.07892036
v 24.00000000 22.38397789 21.00000000
v 24.00000000 22.51666260 22.00000000
v 24.00000000 22.27640343 23.00000000
v 24.00000000 22.85243988 24.00000000
v 24.00000000 23.00000000 24.45616913
v 24.00000000 23.08231354 20.00000000
v 24.00000000 23.17344475 21.00000000
v 24.00000000 23.29749870 22.00000000
v 24.00000000 23.53410721 23.00000000
v 24.00000000 23.60134125 24.00000000
v 24.00000000 24.00000000 24.34443665
v 24.00000000 23.48581505 25.00000000
v 23.51039505 24.00000000 26.00000000
v 24.00000000 23.52184868 26.00000000
v 24.00000000 23.83207893 27.00000000
v 23.37979698 24.00000000 28.00000000
v 24.00000000 24.00000000 27.53669357
v 24.00000000 24.17552376 25.00000000
v 24.00000000 24.45762634 26.00000000
v 24.00000000 24.39405060 27.00000000
v 24.00000000 25.00000000 28.04036522
v 24.00000000 24.61593819 29.00000000
v 23.85080719 25.00000000 30.00000000
v 24.00000000 25.00000000 29.90783310
v 24.00000000 25.29497719 29.00000000
v 24.87894821 6.00000000 3.00000000
v 25.00000000 5.22101927 3.00000000
v 25.00000000 6.00000000 2.27209544
v 24.79468155 6.00000000 4.00000000
v 25.00000000 5.07933235 4.00000000
v 24.71613121 6.00000000 5.00000000
v 25.00000000 5.11777210 5.00000000
v 24.64492226 6.00000000 6.00000000
v 25.00000000 5.06405973 6.00000000
v 24.57715034 6.00000000 7.00000000
v 25.00000000 5.04133368 7.00000000
v 24.50603294 6.00000000 8.00000000
v 25.00000000 5.02586174 8.00000000
v 24.44114494 6.00000000 9.00000000
v 25.00000000 5.01283932 9.00000000
v 24.38100624 6.00000000 10.00000000
v 25.00000000 5.02041101 10.00000000
v 24.31520844 6.00000000 11.00000000
v 25.00000000 5.01485968 11.00000000
v 24.26005554 6.00000000 12.00000000
v 25.00000000 5.02304602 12.00000000
v 24.20765686 6.00000000 13.00000000
v 25.00000000 5.02742290 13.00000000
v 25.00000000 5.03584576 14.00000000
v 25.00000000 5.01753950 15.00000000
v 25.00000000 5.02789116 16.00000000
v 24.57459450 6.00000000 17.00000000
v 25.00000000 5.75592899 17.00000000
v 25.00000000 6.00000000 17.15453911
v 25.00000000 6.09860086 3.00000000
v 25.00000000 6.17235231 4.00000000
v 25.00000000 6.24145746 5.00000000
v 25.00000000 6.30892897 6.00000000
v 25.00000000 6.37615442 7.00000000
v 25.00000000 6.44613886 8.00000000
v 25.00000000 6.51353931 9.00000000
v 25.00000000 6.58126211 10.00000000
v 25.00000000 6.65433836 11.00000000
v 25.00000000 6.71673822 12.00000000
v 25.00000000 6.78319359 13.00000000
v 25.00000000 7.00000000 13.39585304
v 24.20842743 7.00000000 17.00000000
v 25.00000000 7.00000000 17.90115929
v 25.00000000 8.00000000 13.67825413
v 24.25447845 8.00000000 16.00000000
v 25.00000000 8.00000000 15.35989189
v 25.00000000 7.39309502 16.00000000
v 25.00000000 8.00000000 16.76296043
v 24.55117035 8.00000000 17.00000000
v 25.00000000 7.09677172 18.00000000
v 24.21000862 8.00000000 18.00000000
v 25.00000000 8.00000000 18.95509720
v 25.00000000 9.00000000 13.67718601
v 24.18646431 9.00000000 16.00000000
v 25.00000000 9.00000000 15.26738930
v 25.00000000 8.18912983 17.00000000
v 25.00000000 8.96018314 18.00000000
v 25.00000000 9.00000000 18.05140114
v 24.25564003 9.00000000 19.00000000
v 25.00000000 8.05787754 19.00000000
v 24.30267334 9.00000000 20.00000000
v 25.00000000 8.54202557 20.00000000
v 25.00000000 9.00000000 20.93288994
v 25.00000000 10.00000000 13.68028164
v 24.18580055 10.00000000 16.00000000
v 25.00000000 10.00000000 15.26640606
v 25.00000000 9.53258801 19.00000000
v 25.00000000 9.63347244 20.00000000
v 24.47356224 10.00000000 22.00000000
v 25.00000000 9.50339222 22.00000000
v 25.00000000 10.00000000 21.18101311
v 24.42972183 10.00000000 23.00000000
v 25.00000000 9.57636642 23.00000000
v 25.00000000 10.00000000 23.25196075
v 25.00000000 11.00000000 13.67955399
v 24.18589783 11.00000000 16.00000000
v 25.00000000 11.00000000 15.26863956
v 25.00000000 10.34642220 22.00000000
v 25.00000000 11.00000000 22.58700180
v 24.41080284 11.00000000 23.00000000
v 25.00000000 11.00000000 23.25611877
v 25.00000000 12.00000000 13.67698097
v 24.18271828 12.00000000 16.00000000
v 25.00000000 12.00000000 15.26570797
v 24.39719963 12.00000000 23.00000000
v 25.00000000 12.00000000 22.58751488
v 25.00000000 12.00000000 23.25269508
v 25.00000000 13.00000000 13.67907429
v 24.18906021 13.00000000 16.00000000
v 25.00000000 13.00000000 15.26657391
v 24.40516281 13.00000000 23.00000000
v 25.00000000 13.00000000 22.59030342
v 25.00000000 13.00000000 23.25199509
v 25.00000000 14.00000000 13.67472458
v 24.18648148 14.00000000 16.00000000
v 25.00000000 14.00000000 15.27201748
v 24.40642929 14.00000000 23.00000000
v 25.00000000 14.00000000 22.58520317
v 25.00000000 14.00000000 23.25412178
v 25.00000000 15.00000000 13.67495155
v 24.18385696 15.00000000 16.00000000
v 25.00000000 15.00000000 15.26741982
v 24.40759850 15.00000000 23.00000000
v 25.00000000 15.00000000 22.58031845
v 25.00000000 15.00000000 23.25705147
v 25.00000000 16.00000000 13.67515087
v 24.18789291 16.00000000 16.00000000
v 25.00000000 16.00000000 15.26781178
v 24.41965103 16.00000000 23.00000000
v 25.00000000 16.00000000 22.58708572
v 25.00000000 16.00000000 23.25362396
v 25.00000000 17.00000000 13.67569160
v 24.18457031 17.00000000 16.00000000
v 25.00000000 17.00000000 15.26660919
v 24.40801048 17.00000000 23.00000000
v 25.00000000 17.00000000 22.58620644
v 25.00000000 17.00000000 23.25496483
v 25.00000000 18.00000000 13.67833519
v 24.18362999 18.00000000 16.00000000
v 25.00000000 18.00000000 15.26597118
v 24.40817833 18.00000000 23.00000000
v 25.00000000 18.00000000 22.58367348
v 25.00000000 18.00000000 23.25622940
v 25.00000000 19.00000000 13.67807770
v 24.18625832 19.00000000 16.00000000
v 25.00000000 19.00000000 15.26709270
v 24.41748047 19.00000000 23.00000000
v 25.00000000 19.00000000 22.58889771
v 25.00000000 19.00000000 23.25303650
v 25.00000000 20.00000000 13.67669106
v 24.18466377 20.00000000 16.00000000
v 25.00000000 20.00000000 15.26509380
v 24.41375160 20.00000000 23.00000000
v 25.00000000 20.00000000 22.58565712
v 25.00000000 20.00000000 23.25470161
v 25.00000000 21.00000000 13.07775402
v 25.00000000 21.00000000 15.67789364
v 24.39888573 21.00000000 23.00000000
v 25.00000000 21.00000000 22.58767891
v 25.00000000 21.00000000 23.25201225
v 24.81609726 22.00000000 1.00000000
v 25.00000000 21.76933479 1.00000000
v 25.00000000 22.00000000 0.07057092
v 24.76373291 22.00000000 2.00000000
v 25.00000000 21.70561981 2.00000000
v 24.71298599 22.00000000 3.00000000
v 25.00000000 21.64070702 3.00000000
v 24.66234016 22.00000000 4.00000000
v 25.00000000 21.57881927 4.00000000
v 24.61103249 22.00000000 5.00000000
v 25.00000000 21.51479530 5.00000000
v 24.55947495 22.00000000 6.00000000
v 25.00000000 21.45065689 6.00000000
v 24.50690269 22.00000000 7.00000000
v 25.00000000 21.38602066 7.00000000
v 24.45853043 22.00000000 8.00000000
v 25.00000000 21.32295990 8.00000000
v 24.41253853 22.00000000 9.00000000
v 25.00000000 21.26628876 9.00000000
v 24.38122749 22.00000000 10.00000000
v 25.00000000 21.21352959 10.00000000
v 24.34812546 22.00000000 11.00000000
v 25.00000000 21.16076469 11.00000000
v 24.30510712 22.00000000 12.00000000
v 25.00000000 21.09141350 12.00000000
v 24.26492691 22.00000000 13.00000000
v 25.00000000 21.04603767 13.00000000
v 25.00000000 21.15078163 16.00000000
v 25.00000000 21.31606865 17.00000000
v 25.00000000 21.51797104 18.00000000
v 25.00000000 21.72166252 19.00000000
v 25.00000000 21.91636848 20.00000000
v 25.00000000 22.00000000 20.43206024
v 24.39372635 22.00000000 23.00000000
v 25.00000000 22.00000000 22.54191399
v 25.00000000 22.00000000 23.25465965
v 25.00000000 22.30106544 1.00000000
v 25.00000000 22.35906410 2.00000000
v 25.00000000 22.40411758 3.00000000
v 25.00000000 22.44567299 4.00000000
v 25.00000000 22.47715950 5.00000000
v 25.00000000 22.50695419 6.00000000
v 25.00000000 22.53670883 7.00000000
v 25.00000000 22.55946732 8.00000000
v 25.00000000 22.57392693 9.00000000
v 25.00000000 22.57706642 10.00000000
v 25.00000000 22.57603836 11.00000000
v 25.00000000 22.57512093 12.00000000
v 25.00000000 22.57422829 13.00000000
v 25.00000000 22.57763481 14.00000000
v 25.00000000 22.64838600 15.00000000
v 25.00000000 22.73943138 16.00000000
v 25.00000000 22.79979706 17.00000000
v 25.00000000 22.85010910 18.00000000
v 25.00000000 22.95231247 19.00000000
v 25.00000000 23.00000000 19.14295006
v 25.00000000 22.38050270 21.00000000
v 25.00000000 22.51667595 22.00000000
v 25.00000000 22.85125351 24.00000000
v 25.00000000 23.00000000 24.43890381
v 25.00000000 23.08293152 20.00000000
v 25.00000000 23.17654991 21.00000000
v 25.00000000 23.29624176 22.00000000
v 25.00000000 23.54981422 23.00000000
v 25.00000000 23.54916382 24.00000000
v 25.00000000 24.00000000 24.43093491
v 25.00000000 23.54112434 25.00000000
v 25.00000000 23.52969933 26.00000000
v 25.00000000 23.83185959 27.00000000
v 25.00000000 24.00000000 27.54951477
v 25.00000000 24.14794731 25.00000000
v 25.00000000 24.43374825 26.00000000
v 25.00000000 24.37080383 27.00000000
v 25.00000000 24.63264656 29.00000000
v 25.00000000 25.00000000 28.07912445
v 25.00000000 25.00000000 29.58793831
v 25.00000000 25.26987457 29.00000000
v 25.29679489 6.00000000 3.00000000
v 25.43578911 6.00000000 4.00000000
v 25.50896072 6.00000000 5.00000000
v 25.58573341 6.00000000 6.00000000
v 25.62820435 6.00000000 7.00000000
v 25.65914345 6.00000000 8.00000000
v 25.70264053 6.00000000 9.00000000
v 25.71663475 6.00000000 10.00000000
v 25.74312973 6.00000000 11.00000000
v 25.76446533 6.00000000 12.00000000
v 25.77265358 6.00000000 13.00000000
v 25.77322960 6.00000000 14.00000000
v 25.77000999 6.00000000 15.00000000
v 25.77402306 6.00000000 16.00000000
v 25.36749268 6.00000000 17.00000000
v 25.58840752 7.00000000 14.00000000
v 25.54806328 7.00000000 15.00000000
v 25.57089043 7.00000000 16.00000000
v 25.74522781 7.00000000 17.00000000
v 25.58332825 8.00000000 14.00000000
v 25.54766846 8.00000000 15.00000000
v 25.39174843 8.00000000 17.00000000
v 25.74909973 8.00000000 18.00000000
v 25.58673096 9.00000000 14.00000000
v 25.53685379 9.00000000 15.00000000
v 25.70042038 9.00000000 19.00000000
v 25.65219307 9.00000000 20.00000000
v 25.58063698 10.00000000 14.00000000
v 25.53983688 10.00000000 15.00000000
v 25.46255302 10.00000000 22.00000000
v 25.52567101 10.00000000 23.00000000
v 25.58788109 11.00000000 14.00000000
v 25.54214287 11.00000000 15.00000000
v 25.52253532 11.00000000 23.00000000
v 25.58675957 12.00000000 14.00000000
v 25.53344154 12.00000000 15.00000000
v 25.52711296 12.00000000 23.00000000
v 25.58268738 13.00000000 14.00000000
v 25.53878784 13.00000000 15.00000000
v 25.52971649 13.00000000 23.00000000
v 25.58795166 14.00000000 14.00000000
v 25.53624535 14.00000000 15.00000000
v 25.53182983 14.00000000 23.00000000
v 25.58179474 15.00000000 14.00000000
v 25.53493690 15.00000000 15.00000000
v 25.53299141 15.00000000 23.00000000
v 25.58322525 16.00000000 14.00000000
v 25.53611755 16.00000000 15.00000000
v 25.52449608 16.00000000 23.00000000
v 25.58610153 17.00000000 14.00000000
v 25.53924179 17.00000000 15.00000000
v 25.52700615 17.00000000 23.00000000
v 25.58401871 18.00000000 14.00000000
v 25.53543854 18.00000000 15.00000000
v 25.53327751 18.00000000 23.00000000
v 25.58900261 19.00000000 14.00000000
v 25.53747559 19.00000000 15.00000000
v 25.52442551 19.00000000 23.00000000
v 25.58960915 20.00000000 14.00000000
v 25.53167725 20.00000000 15.00000000
v 25.53415298 20.00000000 23.00000000
v 25.59178162 21.00000000 14.00000000
v 25.54361725 21.00000000 15.00000000
v 25.52283096 21.00000000 23.00000000
v 25.46071243 22.00000000 1.00000000
v 25.51932335 22.00000000 2.00000000
v 25.54810143 22.00000000 3.00000000
v 25.59365845 22.00000000 4.00000000
v 25.63636017 22.00000000 5.00000000
v 25.66073418 22.00000000 6.00000000
v 25.69054413 22.00000000 7.00000000
v 25.70540810 22.00000000 8.00000000
v 25.71138573 22.00000000 9.00000000
v 25.71695709 22.00000000 10.00000000
v 25.72430611 22.00000000 11.00000000
v 25.71115685 22.00000000 12.00000000
v 25.71278954 22.00000000 13.00000000
v 25.71939850 22.00000000 14.00000000
v 25.74064255 22.00000000 15.00000000
v 25.76412964 22.00000000 16.00000000
v 25.74887657 22.00000000 17.00000000
v 25.67549706 22.00000000 18.00000000
v 25.54682159 22.00000000 19.00000000
v 25.26116180 22.00000000 20.00000000
v 25.53506279 22.00000000 23.00000000
v 25.26863480 23.00000000 20.00000000
v 25.43506241 23.00000000 21.00000000
v 25.54699135 23.00000000 22.00000000
v 25.67477608 23.00000000 23.00000000
v 25.36668205 23.00000000 24.00000000
v 25.38755798 24.00000000 25.00000000
v 25.64488983 24.00000000 26.00000000
v 25.41434288 24.00000000 27.00000000
v 25.53469276 25.00000000 29.00000000
f 3 2 1
f 5 4 1
f 5 1 2
f 7 6 4
f 7 4 5
f 9 8 6
f 9 6 7
f 11 10 8
f 11 8 9
f 13 12 10
f 13 10 11
f 15 14 12
f 15 12 13
f 17 16 14
f 17 14 15
f 19 18 16
f 19 16 17
f 21 20 18
f 21 18 19
f 23 22 20
f 23 20 21
f 25 24 22
f 25 22 23
f 27 26 24
f 27 24 25
f 29 28 26
f 29 26 27
f 31 30 28
f 31 28 29
f 32 30 31
f 33 3 1
f 33 1 4
f 33 4 34
f 34 4 6
f 34 6 35
f 35 6 8
f 35 8 36
f 36 8 10
f 36 10 37
f 37 10 12
f 37 12 38
f 38 12 14
f 38 14 39
f 39 14 16
f 39 16 40
f 40 16 18
f 40 18 41
f 41 18 20
f 41 20 42
f 42 20 22
f 42 22 43
f 45 44 43
f 22 45 43
f 24 45 22
f 46 24 26
f 45 24 46
f 47 26 28
f 46 26 47
f 48 28 30
f 47 28 48
f 30 32 49
f 30 49 48
f 44 45 50
f 44 50 51
f 52 45 46
f 50 45 52
f 47 54 53
f 52 47 53
f 46 47 52
f 56 55 54
f 47 56 54
f 48 56 47
f 48 49 57
f 58 48 57
f 56 48 58
f 59 58 57
f 51 50 60
f 51 60 61
f 62 50 52
f 60 50 62
f 52 53 63
f 52 63 62
f 64 55 56
f 64 56 58
f 64 58 65
f 58 66 65
f 58 67 66
f 58 59 68
f 67 58 68
f 69 67 68
f 61 60 70
f 61 70 71
f 72 60 62
f 70 60 72
f 62 63 73
f 62 73 72
f 74 66 67
f 74 67 69
f 77 76 75
f 79 78 75
f 79 75 76
f 80 78 79
f 71 70 81
f 71 81 82
f 83 70 72
f 81 70 83
f 72 73 84
f 72 84 83
f 85 77 75
f 87 86 85
f 75 87 85
f 78 87 75
f 78 80 88
f 78 88 87
f 82 81 89
f 82 89 90
f 91 81 83
f 89 81 91
f 83 84 92
f 83 92 91
f 86 87 93
f 86 93 94
f 87 88 95
f 87 95 93
f 90 89 96
f 90 96 97
f 98 89 91
f 96 89 98
f 91 92 99
f 91 99 98
f 94 93 100
f 94 100 101
f 93 95 102
f 93 102 100
f 97 96 103
f 97 103 104
f 105 96 98
f 103 96 105
f 98 99 106
f 98 106 105
f 101 100 107
f 101 107 108
f 100 102 109
f 100 109 107
f 104 103 110
f 104 110 111
f 112 103 105
f 110 103 112
f 105 106 113
f 105 113 112
f 108 107 114
f 108 114 115
f 107 109 116
f 107 116 114
f 111 110 117
f 111 117 118
f 119 110 112
f 117 110 119
f 112 113 120
f 112 120 119
f 115 114 121
f 115 121 122
f 114 116 123
f 114 123 121
f 118 117 124
f 118 124 125
f 126 117 119
f 124 117 126
f 119 120 127
f 119 127 126
f 122 121 128
f 122 128 129
f 121 123 130
f 121 130 128
f 125 124 131
f 125 131 132
f 133 124 126
f 131 124 133
f 126 127 134
f 126 134 133
f 129 128 135
f 129 135 136
f 128 130 137
f 128 137 135
f 132 131 138
f 132 138 139
f 140 131 133
f 138 131 140
f 133 134 141
f 133 141 140
f 136 135 142
f 136 142 143
f 135 137 144
f 135 144 142
f 139 138 145
f 139 145 146
f 147 138 140
f 145 138 147
f 140 141 148
f 140 148 147
f 143 142 149
f 143 149 150
f 142 144 151
f 142 151 149
f 146 145 152
f 146 152 153
f 154 145 147
f 152 145 154
f 147 148 155
f 147 155 154
f 150 149 156
f 150 156 157
f 149 151 158
f 149 158 156
f 161 160 159
f 163 162 159
f 163 159 160
f 165 164 162
f 165 162 163
f 167 166 164
f 167 164 165
f 169 168 166
f 169 166 167
f 171 170 168
f 171 168 169
f 173 172 170
f 173 170 171
f 175 174 172
f 175 172 173
f 177 176 174
f 177 174 175
f 179 178 176
f 179 176 177
f 181 180 178
f 181 178 179
f 183 182 180
f 183 180 181
f 185 184 182
f 185 182 183
f 184 185 153
f 152 184 153
f 186 184 152
f 187 152 154
f 186 152 187
f 154 155 188
f 189 154 188
f 187 154 189
f 191 190 189
f 191 189 188
f 193 192 190
f 193 190 191
f 195 194 192
f 195 192 193
f 197 196 194
f 197 194 195
f 198 196 197
f 157 156 199
f 157 199 200
f 156 158 201
f 156 201 199
f 202 161 159
f 202 159 162
f 202 162 203
f 203 162 164
f 203 164 204
f 204 164 166
f 204 166 205
f 205 166 168
f 205 168 206
f 206 168 170
f 206 170 207
f 207 170 172
f 207 172 208
f 208 172 174
f 208 174 209
f 209 174 176
f 209 176 210
f 210 176 178
f 210 178 211
f 211 178 180
f 211 180 212
f 212 180 182
f 212 182 213
f 213 182 184
f 213 184 214
f 214 184 186
f 214 186 215
f 215 186 187
f 215 187 216
f 216 187 189
f 216 189 217
f 217 189 190
f 217 190 218
f 218 190 192
f 218 192 219
f 219 192 194
f 219 194 220
f 222 221 220
f 194 222 220
f 196 222 194
f 196 198 223
f 224 196 223
f 222 196 224
f 226 225 224
f 226 224 223
f 225 226 200
f 199 225 200
f 227 225 199
f 199 201 228
f 229 199 228
f 227 199 229
f 230 229 228
f 231 221 222
f 231 222 224
f 231 224 232
f 232 224 225
f 232 225 233
f 233 225 227
f 233 227 234
f 234 227 229
f 234 229 235
f 229 236 235
f 229 237 236
f 229 230 238
f 237 229 238
f 240 239 237
f 240 237 238
f 242 241 239
f 242 239 240
f 243 241 242
f 244 236 237
f 244 237 239
f 244 239 245
f 245 239 241
f 245 241 246
f 246 241 243
f 249 248 247
f 250 247 248
f 251 249 247
f 251 247 250
f 3 252 2
f 253 5 2
f 253 2 252
f 254 7 5
f 254 5 253
f 255 9 7
f 255 7 254
f 256 11 9
f 256 9 255
f 257 13 11
f 257 11 256
f 258 15 13
f 258 13 257
f 259 17 15
f 259 15 258
f 260 19 17
f 260 17 259
f 261 21 19
f 261 19 260
f 262 23 21
f 262 21 261
f 23 262 263
f 264 23 263
f 25 23 264
f 25 265 27
f 264 265 25
f 265 267 266
f 29 265 266
f 27 265 29
f 268 31 29
f 268 29 266
f 268 32 31
f 33 252 3
f 252 33 34
f 252 34 253
f 253 34 35
f 253 35 254
f 254 35 36
f 254 36 255
f 255 36 37
f 255 37 256
f 256 37 38
f 256 38 257
f 257 38 39
f 257 39 258
f 258 39 40
f 258 40 259
f 259 40 41
f 259 41 260
f 260 41 42
f 260 42 261
f 261 42 43
f 261 43 262
f 43 44 262
f 44 263 262
f 44 269 263
f 267 270 266
f 272 271 270
f 271 266 270
f 271 268 266
f 271 49 32
f 271 32 268
f 51 269 44
f 51 273 269
f 274 53 54
f 275 274 272
f 54 272 274
f 272 54 271
f 55 271 54
f 271 55 276
f 277 57 49
f 271 277 49
f 276 277 271
f 277 59 57
f 61 273 51
f 61 278 273
f 279 63 274
f 274 63 53
f 276 55 64
f 279 275 280
f 275 279 274
f 276 64 65
f 276 65 277
f 281 65 66
f 281 277 65
f 281 68 59
f 277 281 59
f 281 69 68
f 71 278 61
f 71 282 278
f 283 73 279
f 279 73 63
f 279 280 284
f 279 284 283
f 74 281 66
f 281 74 69
f 77 285 76
f 286 79 76
f 286 76 285
f 286 80 79
f 82 282 71
f 82 287 282
f 288 84 283
f 283 84 73
f 283 284 289
f 283 289 288
f 85 285 77
f 285 85 86
f 290 285 86
f 286 285 290
f 290 88 80
f 290 80 286
f 90 287 82
f 90 291 287
f 292 92 288
f 288 92 84
f 288 289 293
f 288 293 292
f 94 294 290
f 94 290 86
f 294 95 88
f 294 88 290
f 97 291 90
f 97 295 291
f 296 99 292
f 292 99 92
f 292 293 297
f 292 297 296
f 101 298 294
f 101 294 94
f 298 102 95
f 298 95 294
f 104 295 97
f 104 299 295
f 300 106 296
f 296 106 99
f 296 297 301
f 296 301 300
f 108 302 298
f 108 298 101
f 302 109 102
f 302 102 298
f 111 299 104
f 111 303 299
f 304 113 300
f 300 113 106
f 300 301 305
f 300 305 304
f 115 306 302
f 115 302 108
f 306 116 109
f 306 109 302
f 118 303 111
f 118 307 303
f 308 120 304
f 304 120 113
f 304 305 309
f 304 309 308
f 122 310 306
f 122 306 115
f 310 123 116
f 310 116 306
f 125 307 118
f 125 311 307
f 312 127 308
f 308 127 120
f 308 309 313
f 308 313 312
f 129 314 310
f 129 310 122
f 314 130 123
f 314 123 310
f 132 311 125
f 132 315 311
f 316 134 312
f 312 134 127
f 312 313 317
f 312 317 316
f 136 318 314
f 136 314 129
f 318 137 130
f 318 130 314
f 139 315 132
f 139 319 315
f 320 141 316
f 316 141 134
f 316 317 321
f 316 321 320
f 143 322 318
f 143 318 136
f 322 144 137
f 322 137 318
f 146 319 139
f 146 323 319
f 324 148 320
f 320 148 141
f 320 321 325
f 320 325 324
f 150 326 322
f 150 322 143
f 326 151 144
f 326 144 322
f 153 323 146
f 153 327 323
f 329 328 324
f 328 148 324
f 328 155 148
f 329 324 325
f 157 330 326
f 157 326 150
f 330 158 151
f 330 151 326
f 161 331 160
f 332 163 160
f 332 160 331
f 333 165 163
f 333 163 332
f 334 167 165
f 334 165 333
f 335 169 167
f 335 167 334
f 336 171 169
f 336 169 335
f 337 173 171
f 337 171 336
f 338 175 173
f 338 173 337
f 339 177 175
f 339 175 338
f 340 179 177
f 340 177 339
f 341 181 179
f 341 179 340
f 342 183 181
f 342 181 341
f 343 185 183
f 343 183 342
f 343 344 185
f 344 153 185
f 344 327 153
f 328 345 155
f 155 345 188
f 188 346 191
f 345 346 188
f 191 347 193
f 346 347 191
f 193 348 195
f 347 348 193
f 195 349 197
f 348 349 195
f 198 197 349
f 198 349 350
f 200 351 330
f 200 330 157
f 351 201 158
f 351 158 330
f 202 331 161
f 331 202 203
f 331 203 332
f 332 203 204
f 332 204 333
f 333 204 205
f 333 205 334
f 334 205 206
f 334 206 335
f 335 206 207
f 335 207 336
f 336 207 208
f 336 208 337
f 337 208 209
f 337 209 338
f 338 209 210
f 338 210 339
f 339 210 211
f 339 211 340
f 340 211 212
f 340 212 341
f 341 212 213
f 341 213 342
f 342 213 214
f 342 214 343
f 352 344 343
f 214 352 343
f 215 352 214
f 353 215 216
f 353 352 215
f 354 216 217
f 354 353 216
f 355 217 218
f 355 354 217
f 356 218 219
f 356 355 218
f 357 219 220
f 357 356 219
f 220 221 357
f 357 221 358
f 350 359 198
f 198 359 223
f 223 360 226
f 359 360 223
f 200 226 351
f 226 361 351
f 226 360 361
f 351 361 201
f 361 228 201
f 361 362 228
f 230 228 362
f 230 362 363
f 364 358 221
f 364 221 231
f 365 231 232
f 365 364 231
f 366 232 233
f 366 365 232
f 367 233 234
f 367 366 233
f 368 234 235
f 368 367 234
f 235 236 368
f 369 368 236
f 363 238 230
f 238 363 370
f 238 371 240
f 370 371 238
f 371 373 372
f 242 371 372
f 240 371 242
f 372 243 242
f 374 369 236
f 374 236 244
f 375 244 245
f 375 374 244
f 246 372 373
f 375 246 373
f 245 246 375
f 372 246 243
f 377 376 248
f 377 248 249
f 250 248 376
f 250 376 378
f 379 377 249
f 379 249 251
f 251 250 378
f 251 378 379
f 381 380 264
f 381 264 263
f 264 382 265
f 380 382 264
f 267 265 382
f 267 382 383
f 269 381 263
f 269 384 381
f 270 267 385
f 267 386 385
f 267 383 386
f 385 272 270
f 273 384 269
f 273 387 384
f 386 388 385
f 272 385 388
f 389 272 388
f 275 272 389
f 278 387 273
f 278 390 387
f 389 280 275
f 391 280 389
f 282 390 278
f 282 392 390
f 391 284 280
f 393 284 391
f 287 392 282
f 287 394 392
f 393 289 284
f 395 289 393
f 291 394 287
f 291 396 394
f 395 293 289
f 397 293 395
f 295 396 291
f 295 398 396
f 397 297 293
f 399 297 397
f 299 398 295
f 299 400 398
f 399 301 297
f 401 301 399
f 303 400 299
f 303 402 400
f 401 305 301
f 403 305 401
f 307 402 303
f 307 404 402
f 403 309 305
f 405 309 403
f 311 404 307
f 311 406 404
f 405 313 309
f 407 313 405
f 315 406 311
f 315 408 406
f 407 317 313
f 409 317 407
f 319 408 315
f 319 410 408
f 409 321 317
f 411 321 409
f 323 410 319
f 323 412 410
f 411 325 321
f 413 325 411
f 327 412 323
f 327 414 412
f 416 415 329
f 329 415 328
f 329 325 413
f 329 413 416
f 344 414 327
f 344 417 414
f 415 418 328
f 328 418 345
f 345 419 346
f 418 419 345
f 346 420 347
f 419 420 346
f 347 421 348
f 420 421 347
f 348 422 349
f 421 422 348
f 424 423 350
f 349 424 350
f 422 424 349
f 425 423 424
f 426 417 344
f 426 344 352
f 427 352 353
f 427 426 352
f 428 353 354
f 428 427 353
f 429 354 355
f 429 428 354
f 430 355 356
f 430 429 355
f 431 356 357
f 431 430 356
f 357 358 431
f 431 358 432
f 423 359 350
f 425 433 423
f 433 359 423
f 433 360 359
f 360 434 361
f 433 434 360
f 361 435 362
f 434 435 361
f 363 362 435
f 363 435 436
f 437 432 358
f 437 358 364
f 438 364 365
f 438 437 364
f 439 365 366
f 439 438 365
f 440 366 367
f 440 439 366
f 441 367 368
f 441 440 367
f 368 369 441
f 442 441 369
f 436 370 363
f 370 436 443
f 370 444 371
f 443 444 370
f 446 445 373
f 371 446 373
f 444 446 371
f 448 447 445
f 448 445 446
f 449 447 448
f 450 442 369
f 450 369 374
f 451 374 375
f 451 450 374
f 375 373 445
f 452 375 445
f 451 375 452
f 452 445 447
f 452 447 453
f 454 453 377
f 447 377 453
f 377 447 376
f 449 376 447
f 376 449 455
f 457 456 378
f 376 457 378
f 455 457 376
f 458 456 457
f 459 454 377
f 459 377 379
f 379 378 456
f 460 379 456
f 459 379 460
f 460 456 458
f 462 461 380
f 462 380 381
f 380 463 382
f 461 463 380
f 383 382 463
f 383 463 464
f 384 462 381
f 384 465 462
f 467 386 466
f 386 464 466
f 386 383 464
f 468 467 466
f 387 465 384
f 387 469 465
f 467 388 386
f 389 388 467
f 468 389 467
f 470 389 468
f 390 469 387
f 390 471 469
f 470 391 389
f 472 391 470
f 392 471 390
f 392 473 471
f 472 393 391
f 474 393 472
f 394 473 392
f 394 475 473
f 474 395 393
f 476 395 474
f 396 475 394
f 396 477 475
f 476 397 395
f 478 397 476
f 398 477 396
f 398 479 477
f 478 399 397
f 480 399 478
f 400 479 398
f 400 481 479
f 480 401 399
f 482 401 480
f 402 481 400
f 402 483 481
f 482 403 401
f 484 403 482
f 404 483 402
f 404 485 483
f 484 405 403
f 486 405 484
f 406 485 404
f 406 487 485
f 486 407 405
f 488 407 486
f 408 487 406
f 408 489 487
f 488 409 407
f 490 409 488
f 410 489 408
f 410 491 489
f 490 411 409
f 492 411 490
f 412 491 410
f 412 493 491
f 492 413 411
f 494 413 492
f 414 493 412
f 414 495 493
f 497 496 416
f 416 496 415
f 416 413 494
f 416 494 497
f 417 495 414
f 417 498 495
f 496 499 415
f 415 499 418
f 418 500 419
f 499 500 418
f 419 501 420
f 500 501 419
f 420 502 421
f 501 502 420
f 421 503 422
f 502 503 421
f 422 504 424
f 503 504 422
f 425 424 504
f 425 504 505
f 506 498 417
f 506 417 426
f 507 426 427
f 507 506 426
f 508 427 428
f 508 507 427
f 509 428 429
f 509 508 428
f 510 429 430
f 510 509 429
f 511 430 431
f 511 510 430
f 431 432 511
f 511 432 512
f 505 513 425
f 425 513 433
f 433 514 434
f 513 514 433
f 434 515 435
f 514 515 434
f 517 516 436
f 435 517 436
f 515 517 435
f 518 516 517
f 519 512 432
f 519 432 437
f 520 437 438
f 520 519 437
f 521 438 439
f 521 520 438
f 522 439 440
f 522 521 439
f 523 440 441
f 523 522 440
f 516 443 436
f 523 441 524
f 442 524 441
f 518 525 516
f 525 443 516
f 525 444 443
f 444 526 446
f 525 526 444
f 446 527 448
f 526 527 446
f 449 448 527
f 449 527 528
f 529 524 442
f 529 442 450
f 530 450 451
f 530 529 450
f 531 451 452
f 531 530 451
f 533 531 532
f 531 453 532
f 531 452 453
f 532 453 454
f 534 455 528
f 449 528 455
f 455 535 457
f 534 535 455
f 458 457 535
f 458 535 536
f 537 533 532
f 537 532 454
f 459 537 454
f 538 537 459
f 539 459 460
f 539 538 459
f 460 458 536
f 460 536 539
f 541 540 461
f 541 461 462
f 461 542 463
f 540 542 461
f 544 543 464
f 463 544 464
f 542 544 463
f 545 543 544
f 465 541 462
f 465 546 541
f 543 466 464
f 468 466 543
f 545 468 543
f 547 468 545
f 469 546 465
f 469 548 546
f 547 470 468
f 549 470 547
f 471 548 469
f 471 550 548
f 549 472 470
f 551 472 549
f 473 550 471
f 473 552 550
f 551 474 472
f 553 474 551
f 475 552 473
f 475 554 552
f 553 476 474
f 555 476 553
f 477 554 475
f 477 556 554
f 555 478 476
f 557 478 555
f 479 556 477
f 479 558 556
f 557 480 478
f 559 480 557
f 481 558 479
f 481 560 558
f 559 482 480
f 561 482 559
f 483 560 481
f 483 562 560
f 561 484 482
f 563 484 561
f 485 562 483
f 485 564 562
f 563 486 484
f 565 486 563
f 487 564 485
f 487 566 564
f 565 488 486
f 567 488 565
f 489 566 487
f 489 568 566
f 567 490 488
f 569 490 567
f 491 568 489
f 491 570 568
f 569 492 490
f 571 492 569
f 493 570 491
f 493 572 570
f 571 494 492
f 573 494 571
f 495 572 493
f 495 574 572
f 576 575 497
f 497 575 496
f 497 494 573
f 497 573 576
f 498 574 495
f 498 577 574
f 575 578 496
f 496 578 499
f 499 579 500
f 578 579 499
f 500 580 501
f 579 580 500
f 501 581 502
f 580 581 501
f 502 582 503
f 581 582 502
f 503 583 504
f 582 583 503
f 505 504 583
f 505 583 584
f 585 577 498
f 585 498 506
f 586 506 507
f 586 585 506
f 587 507 508
f 587 586 507
f 588 508 509
f 588 587 508
f 589 509 510
f 589 588 509
f 590 510 511
f 590 589 510
f 511 512 590
f 590 512 591
f 584 592 505
f 505 592 513
f 513 593 514
f 592 593 513
f 514 594 515
f 593 594 514
f 515 595 517
f 594 595 515
f 518 517 595
f 518 595 596
f 597 591 512
f 597 512 519
f 598 519 520
f 598 597 519
f 599 520 521
f 599 598 520
f 600 521 522
f 600 599 521
f 601 522 523
f 601 600 522
f 523 524 601
f 601 524 602
f 596 603 518
f 518 603 525
f 525 604 526
f 603 604 525
f 526 605 527
f 604 605 526
f 528 527 605
f 528 605 606
f 607 602 524
f 607 524 529
f 608 529 530
f 608 607 529
f 609 530 531
f 609 608 530
f 531 533 609
f 609 533 610
f 606 611 528
f 528 611 534
f 534 612 535
f 611 612 534
f 536 535 612
f 536 612 613
f 614 610 533
f 614 533 537
f 615 537 538
f 615 614 537
f 616 538 539
f 616 615 538
f 539 536 613
f 539 613 616
f 618 617 540
f 618 540 541
f 540 619 542
f 617 619 540
f 542 620 544
f 619 620 542
f 545 544 620
f 545 620 621
f 546 618 541
f 546 622 618
f 621 547 545
f 623 547 621
f 548 622 546
f 548 624 622
f 623 549 547
f 625 549 623
f 550 624 548
f 550 626 624
f 625 551 549
f 627 551 625
f 552 626 550
f 552 628 626
f 627 553 551
f 629 553 627
f 554 628 552
f 554 630 628
f 629 555 553
f 631 555 629
f 556 630 554
f 556 632 630
f 631 557 555
f 633 557 631
f 558 632 556
f 558 634 632
f 633 559 557
f 635 559 633
f 560 634 558
f 560 636 634
f 635 561 559
f 637 561 635
f 562 636 560
f 562 638 636
f 637 563 561
f 639 563 637
f 564 638 562
f 564 640 638
f 639 565 563
f 641 565 639
f 566 640 564
f 566 642 640
f 641 567 565
f 643 567 641
f 568 642 566
f 568 644 642
f 643 569 567
f 645 569 643
f 570 644 568
f 570 646 644
f 645 571 569
f 647 571 645
f 572 646 570
f 572 648 646
f 647 573 571
f 649 573 647
f 574 648 572
f 574 650 648
f 652 651 576
f 576 651 575
f 576 573 649
f 576 649 652
f 577 650 574
f 577 653 650
f 651 654 575
f 575 654 578
f 578 655 579
f 654 655 578
f 579 656 580
f 655 656 579
f 580 657 581
f 656 657 580
f 581 658 582
f 657 658 581
f 582 659 583
f 658 659 582
f 584 583 659
f 584 659 660
f 661 653 577
f 661 577 585
f 662 585 586
f 662 661 585
f 663 586 587
f 663 662 586
f 664 587 588
f 664 663 587
f 665 588 589
f 665 664 588
f 666 589 590
f 666 665 589
f 590 591 666
f 666 591 667
f 660 668 584
f 584 668 592
f 592 669 593
f 668 669 592
f 593 670 594
f 669 670 593
f 670 672 671
f 595 670 671
f 594 670 595
f 671 596 595
f 673 667 591
f 673 591 597
f 674 597 598
f 674 673 597
f 675 598 599
f 675 674 598
f 676 599 600
f 676 675 599
f 677 600 601
f 677 676 600
f 672 678 671
f 602 677 601
f 677 602 679
f 671 678 596
f 678 603 596
f 678 680 603
f 603 681 604
f 680 681 603
f 604 682 605
f 681 682 604
f 606 605 682
f 606 682 683
f 684 679 602
f 684 602 607
f 685 607 608
f 685 684 607
f 686 608 609
f 686 685 608
f 609 610 686
f 686 610 687
f 683 688 606
f 606 688 611
f 611 689 612
f 688 689 611
f 613 612 689
f 613 689 690
f 691 687 610
f 691 610 614
f 692 614 615
f 692 691 614
f 693 615 616
f 693 692 615
f 616 613 690
f 616 690 693
f 695 694 617
f 695 617 618
f 617 696 619
f 694 696 617
f 619 697 620
f 696 697 619
f 621 620 697
f 621 697 698
f 622 695 618
f 622 699 695
f 698 623 621
f 700 623 698
f 624 699 622
f 624 701 699
f 700 625 623
f 702 625 700
f 626 701 624
f 626 703 701
f 702 627 625
f 704 627 702
f 628 703 626
f 628 705 703
f 704 629 627
f 706 629 704
f 630 705 628
f 630 707 705
f 706 631 629
f 708 631 706
f 632 707 630
f 632 709 707
f 708 633 631
f 710 633 708
f 634 709 632
f 634 711 709
f 710 635 633
f 712 635 710
f 636 711 634
f 636 713 711
f 712 637 635
f 714 637 712
f 638 713 636
f 638 715 713
f 714 639 637
f 716 639 714
f 640 715 638
f 640 717 715
f 716 641 639
f 718 641 716
f 642 717 640
f 642 719 717
f 718 643 641
f 720 643 718
f 644 719 642
f 644 721 719
f 720 645 643
f 722 645 720
f 646 721 644
f 646 723 721
f 722 647 645
f 724 647 722
f 648 723 646
f 648 725 723
f 724 649 647
f 726 649 724
f 650 725 648
f 650 727 725
f 729 728 652
f 652 728 651
f 652 649 726
f 652 726 729
f 653 727 650
f 653 730 727
f 728 731 651
f 651 731 654
f 654 732 655
f 731 732 654
f 655 733 656
f 732 733 655
f 656 734 657
f 733 734 656
f 657 735 658
f 734 735 657
f 658 736 659
f 735 736 658
f 660 659 736
f 660 736 737
f 738 730 653
f 738 653 661
f 739 661 662
f 739 738 661
f 740 662 663
f 740 739 662
f 741 663 664
f 741 740 663
f 742 664 665
f 742 741 664
f 743 665 666
f 743 742 665
f 666 667 743
f 743 667 744
f 737 745 660
f 660 745 668
f 668 746 669
f 745 746 668
f 669 747 670
f 746 747 669
f 672 670 747
f 672 747 748
f 749 744 667
f 749 667 673
f 750 673 674
f 750 749 673
f 751 674 675
f 751 750 674
f 752 675 676
f 752 751 675
f 753 676 677
f 753 752 676
f 677 679 753
f 754 753 679
f 748 678 672
f 678 748 755
f 678 756 680
f 755 756 678
f 680 757 681
f 756 757 680
f 681 758 682
f 757 758 681
f 683 682 758
f 683 758 759
f 760 754 679
f 760 679 684
f 761 684 685
f 761 760 684
f 762 685 686
f 762 761 685
f 686 687 762
f 762 687 763
f 759 764 683
f 683 764 688
f 688 765 689
f 764 765 688
f 690 689 765
f 690 765 766
f 767 763 687
f 767 687 691
f 768 691 692
f 768 767 691
f 769 692 693
f 769 768 692
f 693 690 766
f 693 766 769
f 771 770 694
f 771 694 695
f 694 772 696
f 770 772 694
f 696 773 697
f 772 773 696
f 698 697 773
f 698 773 774
f 699 771 695
f 699 775 771
f 774 700 698
f 776 700 774
f 701 775 699
f 701 777 775
f 776 702 700
f 778 702 776
f 703 777 701
f 703 779 777
f 778 704 702
f 780 704 778
f 705 779 703
f 705 781 779
f 780 706 704
f 782 706 780
f 707 781 705
f 707 783 781
f 782 708 706
f 784 708 782
f 709 783 707
f 709 785 783
f 784 710 708
f 786 710 784
f 711 785 709
f 711 787 785
f 786 712 710
f 788 712 786
f 713 787 711
f 713 789 787
f 788 714 712
f 790 714 788
f 715 789 713
f 715 791 789
f 790 716 714
f 792 716 790
f 717 791 715
f 717 793 791
f 792 718 716
f 794 718 792
f 719 793 717
f 719 795 793
f 794 720 718
f 796 720 794
f 721 795 719
f 721 797 795
f 796 722 720
f 798 722 796
f 723 797 721
f 723 799 797
f 798 724 722
f 800 724 798
f 725 799 723
f 725 801 799
f 800 726 724
f 802 726 800
f 727 801 725
f 727 803 801
f 804 728 729
f 805 804 729
f 726 805 729
f 802 805 726
f 730 803 727
f 730 806 803
f 804 731 728
f 805 807 804
f 807 731 804
f 807 732 731
f 732 808 733
f 807 808 732
f 733 809 734
f 808 809 733
f 734 810 735
f 809 810 734
f 735 811 736
f 810 811 735
f 737 736 811
f 737 811 812
f 813 806 730
f 813 730 738
f 814 738 739
f 814 813 738
f 815 739 740
f 815 814 739
f 816 740 741
f 816 815 740
f 817 741 742
f 817 816 741
f 818 742 743
f 818 817 742
f 743 744 818
f 818 744 819
f 812 820 737
f 737 820 745
f 745 821 746
f 820 821 745
f 746 822 747
f 821 822 746
f 824 823 748
f 747 824 748
f 822 824 747
f 825 823 824
f 826 819 744
f 826 744 749
f 827 749 750
f 827 826 749
f 828 750 751
f 828 827 750
f 829 751 752
f 829 828 751
f 830 752 753
f 830 829 752
f 823 755 748
f 830 753 831
f 754 831 753
f 825 832 823
f 832 755 823
f 832 756 755
f 756 833 757
f 832 833 756
f 757 834 758
f 833 834 757
f 759 758 834
f 759 834 835
f 836 831 754
f 836 754 760
f 837 760 761
f 837 836 760
f 838 761 762
f 838 837 761
f 762 763 838
f 838 763 839
f 835 840 759
f 759 840 764
f 764 841 765
f 840 841 764
f 766 765 841
f 766 841 842
f 843 839 763
f 843 763 767
f 844 767 768
f 844 843 767
f 845 768 769
f 845 844 768
f 769 766 842
f 769 842 845
f 847 846 770
f 847 770 771
f 770 848 772
f 846 848 770
f 772 849 773
f 848 849 772
f 774 773 849
f 774 849 850
f 775 847 771
f 775 851 847
f 850 776 774
f 852 776 850
f 777 851 775
f 777 853 851
f 852 778 776
f 854 778 852
f 779 853 777
f 779 855 853
f 854 780 778
f 856 780 854
f 781 855 779
f 781 857 855
f 856 782 780
f 858 782 856
f 783 857 781
f 783 859 857
f 858 784 782
f 860 784 858
f 785 859 783
f 785 861 859
f 860 786 784
f 862 786 860
f 787 861 785
f 787 863 861
f 862 788 786
f 864 788 862
f 789 863 787
f 789 865 863
f 864 790 788
f 866 790 864
f 791 865 789
f 791 867 865
f 866 792 790
f 868 792 866
f 793 867 791
f 793 869 867
f 868 794 792
f 870 794 868
f 795 869 793
f 795 871 869
f 870 796 794
f 872 796 870
f 797 871 795
f 797 873 871
f 872 798 796
f 874 798 872
f 799 873 797
f 799 875 873
f 874 800 798
f 876 800 874
f 801 875 799
f 801 877 875
f 876 802 800
f 878 802 876
f 803 877 801
f 803 879 877
f 882 881 880
f 878 882 880
f 805 878 880
f 802 878 805
f 806 879 803
f 806 883 879
f 881 884 880
f 880 884 805
f 884 807 805
f 884 885 807
f 807 886 808
f 885 886 807
f 808 887 809
f 886 887 808
f 809 888 810
f 887 888 809
f 810 889 811
f 888 889 810
f 812 811 889
f 812 889 890
f 891 883 806
f 891 806 813
f 892 813 814
f 892 891 813
f 893 814 815
f 893 892 814
f 894 815 816
f 894 893 815
f 895 816 817
f 895 894 816
f 896 817 818
f 896 895 817
f 818 819 896
f 896 819 897
f 890 898 812
f 812 898 820
f 820 899 821
f 898 899 820
f 821 900 822
f 899 900 821
f 900 902 901
f 824 900 901
f 822 900 824
f 901 825 824
f 903 897 819
f 903 819 826
f 904 826 827
f 904 903 826
f 905 827 828
f 905 904 827
f 906 828 829
f 906 905 828
f 907 829 830
f 907 906 829
f 902 908 901
f 831 907 830
f 907 831 909
f 901 908 825
f 908 832 825
f 908 910 832
f 832 911 833
f 910 911 832
f 833 912 834
f 911 912 833
f 835 834 912
f 835 912 913
f 914 909 831
f 914 831 836
f 915 836 837
f 915 914 836
f 916 837 838
f 916 915 837
f 838 839 916
f 916 839 917
f 913 918 835
f 835 918 840
f 840 919 841
f 918 919 840
f 842 841 919
f 842 919 920
f 921 917 839
f 921 839 843
f 922 843 844
f 922 921 843
f 923 844 845
f 923 922 844
f 845 842 920
f 845 920 923
f 925 924 846
f 925 846 847
f 846 926 848
f 924 926 846
f 848 927 849
f 926 927 848
f 850 849 927
f 850 927 928
f 851 925 847
f 851 929 925
f 928 852 850
f 930 852 928
f 853 929 851
f 853 931 929
f 930 854 852
f 932 854 930
f 855 931 853
f 855 933 931
f 932 856 854
f 934 856 932
f 857 933 855
f 857 935 933
f 934 858 856
f 936 858 934
f 859 935 857
f 859 937 935
f 936 860 858
f 938 860 936
f 861 937 859
f 861 939 937
f 938 862 860
f 940 862 938
f 863 939 861
f 863 941 939
f 940 864 862
f 942 864 940
f 865 941 863
f 865 943 941
f 942 866 864
f 944 866 942
f 867 943 865
f 867 945 943
f 944 868 866
f 946 868 944
f 869 945 867
f 869 947 945
f 946 870 868
f 948 870 946
f 871 947 869
f 871 949 947
f 948 872 870
f 950 872 948
f 873 949 871
f 873 951 949
f 950 874 872
f 952 874 950
f 875 951 873
f 875 953 951
f 952 876 874
f 954 876 952
f 877 953 875
f 877 955 953
f 954 878 876
f 956 878 954
f 879 955 877
f 879 957 955
f 959 958 882
f 882 958 881
f 882 878 956
f 882 956 959
f 883 957 879
f 883 960 957
f 958 961 881
f 881 961 884
f 884 962 885
f 961 962 884
f 885 963 886
f 962 963 885
f 886 964 887
f 963 964 886
f 887 965 888
f 964 965 887
f 888 966 889
f 965 966 888
f 890 889 966
f 890 966 967
f 968 960 883
f 968 883 891
f 969 891 892
f 969 968 891
f 970 892 893
f 970 969 892
f 971 893 894
f 971 970 893
f 972 894 895
f 972 971 894
f 973 895 896
f 973 972 895
f 896 897 973
f 973 897 974
f 967 975 890
f 890 975 898
f 898 976 899
f 975 976 898
f 899 977 900
f 976 977 899
f 902 900 977
f 902 977 978
f 979 974 897
f 979 897 903
f 980 903 904
f 980 979 903
f 981 904 905
f 981 980 904
f 982 905 906
f 982 981 905
f 983 906 907
f 983 982 906
f 907 909 983
f 984 983 909
f 978 908 902
f 908 978 985
f 908 986 910
f 985 986 908
f 910 987 911
f 986 987 910
f 911 988 912
f 987 988 911
f 913 912 988
f 913 988 989
f 990 984 909
f 990 909 914
f 991 914 915
f 991 990 914
f 992 915 916
f 992 991 915
f 994 993 917
f 993 916 917
f 993 992 916
f 995 993 994
f 913 996 918
f 996 913 989
f 918 997 919
f 996 997 918
f 920 919 997
f 920 997 998
f 921 994 917
f 999 995 994
f 921 999 994
f 922 999 921
f 1000 922 923
f 1000 999 922
f 923 920 998
f 923 998 1000
f 1002 1001 924
f 1002 924 925
f 924 1003 926
f 1001 1003 924
f 926 1004 927
f 1003 1004 926
f 928 927 1004
f 928 1004 1005
f 929 1002 925
f 929 1006 1002
f 1009 1008 1007
f 1005 1009 1007
f 930 1005 1007
f 928 1005 930
f 931 1006 929
f 931 1010 1006
f 1008 1011 1007
f 930 1007 1011
f 1012 930 1011
f 932 930 1012
f 933 1010 931
f 933 1013 1010
f 1012 934 932
f 1014 934 1012
f 935 1013 933
f 935 1015 1013
f 1014 936 934
f 1016 936 1014
f 937 1015 935
f 937 1017 1015
f 1016 938 936
f 1018 938 1016
f 939 1017 937
f 939 1019 1017
f 1018 940 938
f 1020 940 1018
f 941 1019 939
f 941 1021 1019
f 1020 942 940
f 1022 942 1020
f 943 1021 941
f 943 1023 1021
f 1022 944 942
f 1024 944 1022
f 945 1023 943
f 945 1025 1023
f 1024 946 944
f 1026 946 1024
f 947 1025 945
f 947 1027 1025
f 1026 948 946
f 1028 948 1026
f 949 1027 947
f 949 1029 1027
f 1028 950 948
f 1030 950 1028
f 951 1029 949
f 951 1031 1029
f 1030 952 950
f 1032 952 1030
f 953 1031 951
f 953 1033 1031
f 1032 954 952
f 1034 954 1032
f 955 1033 953
f 955 1035 1033
f 1034 956 954
f 1036 956 1034
f 957 1035 955
f 957 1037 1035
f 1039 1038 959
f 959 1038 958
f 959 956 1036
f 959 1036 1039
f 960 1037 957
f 960 1040 1037
f 1038 1041 958
f 958 1041 961
f 961 1042 962
f 1041 1042 961
f 962 1043 963
f 1042 1043 962
f 963 1044 964
f 1043 1044 963
f 964 1045 965
f 1044 1045 964
f 965 1046 966
f 1045 1046 965
f 967 966 1046
f 967 1046 1047
f 1048 1040 960
f 1048 960 968
f 1049 968 969
f 1049 1048 968
f 1050 969 970
f 1050 1049 969
f 1051 970 971
f 1051 1050 970
f 1052 971 972
f 1052 1051 971
f 1053 972 973
f 1053 1052 972
f 973 974 1053
f 1053 974 1054
f 1047 1055 967
f 967 1055 975
f 975 1056 976
f 1055 1056 975
f 976 1057 977
f 1056 1057 976
f 978 977 1057
f 978 1057 1058
f 1059 1054 974
f 1059 974 979
f 1060 979 980
f 1060 1059 979
f 1061 980 981
f 1061 1060 980
f 1062 981 982
f 1062 1061 981
f 1063 982 983
f 1063 1062 982
f 983 984 1063
f 1064 1063 984
f 1058 985 978
f 985 1058 1065
f 985 1066 986
f 1065 1066 985
f 986 1067 987
f 1066 1067 986
f 987 1068 988
f 1067 1068 987
f 989 988 1068
f 989 1068 1069
f 1070 1064 984
f 1070 984 990
f 1071 990 991
f 1071 1070 990
f 1072 991 992
f 1072 1071 991
f 1074 1072 1073
f 1072 993 1073
f 1072 992 993
f 1073 993 995
f 1075 996 1069
f 989 1069 996
f 996 1076 997
f 1075 1076 996
f 998 997 1076
f 998 1076 1077
f 1078 1074 1073
f 1078 1073 995
f 999 1078 995
f 1079 1078 999
f 1080 999 1000
f 1080 1079 999
f 1000 998 1077
f 1000 1077 1080
f 1082 1081 1001
f 1082 1001 1002
f 1001 1083 1003
f 1081 1083 1001
f 1003 1084 1004
f 1083 1084 1003
f 1005 1004 1084
f 1005 1084 1085
f 1006 1082 1002
f 1006 1086 1082
f 1088 1087 1009
f 1009 1087 1008
f 1009 1005 1085
f 1009 1085 1088
f 1010 1086 1006
f 1010 1089 1086
f 1087 1090 1008
f 1008 1090 1011
f 1012 1011 1090
f 1012 1090 1091
f 1013 1089 1010
f 1013 1092 1089
f 1091 1014 1012
f 1093 1014 1091
f 1015 1092 1013
f 1015 1094 1092
f 1093 1016 1014
f 1095 1016 1093
f 1017 1094 1015
f 1017 1096 1094
f 1095 1018 1016
f 1097 1018 1095
f 1019 1096 1017
f 1019 1098 1096
f 1097 1020 1018
f 1099 1020 1097
f 1021 1098 1019
f 1021 1100 1098
f 1099 1022 1020
f 1101 1022 1099
f 1023 1100 1021
f 1023 1102 1100
f 1101 1024 1022
f 1103 1024 1101
f 1025 1102 1023
f 1025 1104 1102
f 1103 1026 1024
f 1105 1026 1103
f 1027 1104 1025
f 1027 1106 1104
f 1105 1028 1026
f 1107 1028 1105
f 1029 1106 1027
f 1029 1108 1106
f 1107 1030 1028
f 1109 1030 1107
f 1031 1108 1029
f 1031 1110 1108
f 1109 1032 1030
f 1111 1032 1109
f 1033 1110 1031
f 1033 1112 1110
f 1111 1034 1032
f 1113 1034 1111
f 1035 1112 1033
f 1035 1114 1112
f 1113 1036 1034
f 1115 1036 1113
f 1037 1114 1035
f 1037 1116 1114
f 1118 1117 1039
f 1039 1117 1038
f 1039 1036 1115
f 1039 1115 1118
f 1040 1116 1037
f 1040 1119 1116
f 1117 1120 1038
f 1038 1120 1041
f 1041 1121 1042
f 1120 1121 1041
f 1042 1122 1043
f 1121 1122 1042
f 1043 1123 1044
f 1122 1123 1043
f 1044 1124 1045
f 1123 1124 1044
f 1045 1125 1046
f 1124 1125 1045
f 1047 1046 1125
f 1047 1125 1126
f 1127 1119 1040
f 1127 1040 1048
f 1128 1048 1049
f 1128 1127 1048
f 1129 1049 1050
f 1129 1128 1049
f 1130 1050 1051
f 1130 1129 1050
f 1131 1051 1052
f 1131 1130 1051
f 1132 1052 1053
f 1132 1131 1052
f 1053 1054 1132
f 1132 1054 1133
f 1126 1134 1047
f 1047 1134 1055
f 1055 1135 1056
f 1134 1135 1055
f 1056 1136 1057
f 1135 1136 1056
f 1058 1057 1136
f 1058 1136 1137
f 1138 1133 1054
f 1138 1054 1059
f 1139 1059 1060
f 1139 1138 1059
f 1140 1060 1061
f 1140 1139 1060
f 1141 1061 1062
f 1141 1140 1061
f 1142 1062 1063
f 1142 1141 1062
f 1063 1064 1142
f 1143 1142 1064
f 1137 1065 1058
f 1065 1137 1144
f 1065 1145 1066
f 1144 1145 1065
f 1066 1146 1067
f 1145 1146 1066
f 1067 1147 1068
f 1146 1147 1067
f 1069 1068 1147
f 1069 1147 1148
f 1149 1143 1064
f 1149 1064 1070
f 1150 1070 1071
f 1150 1149 1070
f 1151 1071 1072
f 1151 1150 1071
f 1072 1074 1151
f 1151 1074 1152
f 1148 1153 1069
f 1069 1153 1075
f 1075 1154 1076
f 1153 1154 1075
f 1077 1076 1154
f 1077 1154 1155
f 1156 1152 1074
f 1156 1074 1078
f 1157 1078 1079
f 1157 1156 1078
f 1158 1079 1080
f 1158 1157 1079
f 1080 1077 1155
f 1080 1155 1158
f 1160 1159 1081
f 1160 1081 1082
f 1081 1161 1083
f 1159 1161 1081
f 1083 1162 1084
f 1161 1162 1083
f 1085 1084 1162
f 1085 1162 1163
f 1086 1160 1082
f 1086 1164 1160
f 1166 1165 1088
f 1088 1165 1087
f 1088 1085 1163
f 1088 1163 1166
f 1089 1164 1086
f 1089 1167 1164
f 1165 1168 1087
f 1087 1168 1090
f 1091 1090 1168
f 1091 1168 1169
f 1092 1167 1089
f 1092 1170 1167
f 1169 1093 1091
f 1171 1093 1169
f 1094 1170 1092
f 1094 1172 1170
f 1171 1095 1093
f 1173 1095 1171
f 1096 1172 1094
f 1096 1174 1172
f 1173 1097 1095
f 1175 1097 1173
f 1098 1174 1096
f 1098 1176 1174
f 1175 1099 1097
f 1177 1099 1175
f 1100 1176 1098
f 1100 1178 1176
f 1177 1101 1099
f 1179 1101 1177
f 1102 1178 1100
f 1102 1180 1178
f 1179 1103 1101
f 1181 1103 1179
f 1104 1180 1102
f 1104 1182 1180
f 1181 1105 1103
f 1183 1105 1181
f 1106 1182 1104
f 1106 1184 1182
f 1183 1107 1105
f 1185 1107 1183
f 1108 1184 1106
f 1108 1186 1184
f 1185 1109 1107
f 1187 1109 1185
f 1110 1186 1108
f 1110 1188 1186
f 1187 1111 1109
f 1189 1111 1187
f 1112 1188 1110
f 1112 1190 1188
f 1189 1113 1111
f 1191 1113 1189
f 1114 1190 1112
f 1114 1192 1190
f 1191 1115 1113
f 1193 1115 1191
f 1116 1192 1114
f 1116 1194 1192
f 1196 1195 1118
f 1118 1195 1117
f 1118 1115 1193
f 1118 1193 1196
f 1119 1194 1116
f 1119 1197 1194
f 1195 1198 1117
f 1117 1198 1120
f 1120 1199 1121
f 1198 1199 1120
f 1121 1200 1122
f 1199 1200 1121
f 1122 1201 1123
f 1200 1201 1122
f 1123 1202 1124
f 1201 1202 1123
f 1124 1203 1125
f 1202 1203 1124
f 1126 1125 1203
f 1126 1203 1204
f 1205 1197 1119
f 1205 1119 1127
f 1206 1127 1128
f 1206 1205 1127
f 1207 1128 1129
f 1207 1206 1128
f 1208 1129 1130
f 1208 1207 1129
f 1209 1130 1131
f 1209 1208 1130
f 1210 1131 1132
f 1210 1209 1131
f 1132 1133 1210
f 1210 1133 1211
f 1204 1212 1126
f 1126 1212 1134
f 1134 1213 1135
f 1212 1213 1134
f 1135 1214 1136
f 1213 1214 1135
f 1216 1215 1137
f 1136 1216 1137
f 1214 1216 1136
f 1217 1215 1216
f 1218 1211 1133
f 1218 1133 1138
f 1219 1138 1139
f 1219 1218 1138
f 1220 1139 1140
f 1220 1219 1139
f 1221 1140 1141
f 1221 1220 1140
f 1222 1141 1142
f 1222 1221 1141
f 1215 1144 1137
f 1222 1142 1223
f 1143 1223 1142
f 1217 1224 1215
f 1224 1144 1215
f 1224 1145 1144
f 1145 1225 1146
f 1224 1225 1145
f 1146 1226 1147
f 1225 1226 1146
f 1148 1147 1226
f 1148 1226 1227
f 1228 1223 1143
f 1228 1143 1149
f 1229 1149 1150
f 1229 1228 1149
f 1230 1150 1151
f 1230 1229 1150
f 1232 1231 1152
f 1231 1151 1152
f 1231 1230 1151
f 1233 1231 1232
f 1148 1234 1153
f 1234 1148 1227
f 1153 1235 1154
f 1234 1235 1153
f 1155 1154 1235
f 1155 1235 1236
f 1156 1232 1152
f 1237 1233 1232
f 1156 1237 1232
f 1157 1237 1156
f 1238 1157 1158
f 1238 1237 1157
f 1158 1155 1236
f 1158 1236 1238
f 1240 1239 1159
f 1240 1159 1160
f 1159 1241 1161
f 1239 1241 1159
f 1161 1242 1162
f 1241 1242 1161
f 1163 1162 1242
f 1163 1242 1243
f 1164 1240 1160
f 1164 1244 1240
f 1246 1245 1166
f 1166 1245 1165
f 1166 1163 1243
f 1166 1243 1246
f 1167 1244 1164
f 1167 1247 1244
f 1245 1248 1165
f 1165 1248 1168
f 1169 1168 1248
f 1169 1248 1249
f 1170 1247 1167
f 1170 1250 1247
f 1249 1171 1169
f 1251 1171 1249
f 1172 1250 1170
f 1172 1252 1250
f 1251 1173 1171
f 1253 1173 1251
f 1174 1252 1172
f 1174 1254 1252
f 1253 1175 1173
f 1255 1175 1253
f 1176 1254 1174
f 1176 1256 1254
f 1255 1177 1175
f 1257 1177 1255
f 1178 1256 1176
f 1178 1258 1256
f 1257 1179 1177
f 1259 1179 1257
f 1180 1258 1178
f 1180 1260 1258
f 1259 1181 1179
f 1261 1181 1259
f 1182 1260 1180
f 1182 1262 1260
f 1261 1183 1181
f 1263 1183 1261
f 1184 1262 1182
f 1184 1264 1262
f 1263 1185 1183
f 1265 1185 1263
f 1186 1264 1184
f 1186 1266 1264
f 1265 1187 1185
f 1267 1187 1265
f 1188 1266 1186
f 1188 1268 1266
f 1267 1189 1187
f 1269 1189 1267
f 1190 1268 1188
f 1190 1270 1268
f 1269 1191 1189
f 1271 1191 1269
f 1192 1270 1190
f 1192 1272 1270
f 1271 1193 1191
f 1273 1193 1271
f 1194 1272 1192
f 1194 1274 1272
f 1276 1275 1196
f 1196 1275 1195
f 1196 1193 1273
f 1196 1273 1276
f 1197 1274 1194
f 1197 1277 1274
f 1275 1278 1195
f 1195 1278 1198
f 1198 1279 1199
f 1278 1279 1198
f 1199 1280 1200
f 1279 1280 1199
f 1200 1281 1201
f 1280 1281 1200
f 1201 1282 1202
f 1281 1282 1201
f 1202 1283 1203
f 1282 1283 1202
f 1204 1203 1283
f 1204 1283 1284
f 1285 1277 1197
f 1285 1197 1205
f 1286 1205 1206
f 1286 1285 1205
f 1287 1206 1207
f 1287 1286 1206
f 1288 1207 1208
f 1288 1287 1207
f 1289 1208 1209
f 1289 1288 1208
f 1290 1209 1210
f 1290 1289 1209
f 1210 1211 1290
f 1290 1211 1291
f 1284 1292 1204
f 1204 1292 1212
f 1212 1293 1213
f 1292 1293 1212
f 1213 1294 1214
f 1293 1294 1213
f 1294 1296 1295
f 1216 1294 1295
f 1214 1294 1216
f 1295 1217 1216
f 1297 1291 1211
f 1297 1211 1218
f 1298 1218 1219
f 1298 1297 1218
f 1299 1219 1220
f 1299 1298 1219
f 1300 1220 1221
f 1300 1299 1220
f 1301 1221 1222
f 1301 1300 1221
f 1296 1302 1295
f 1223 1301 1222
f 1301 1223 1303
f 1295 1302 1217
f 1302 1224 1217
f 1302 1304 1224
f 1224 1305 1225
f 1304 1305 1224
f 1225 1306 1226
f 1305 1306 1225
f 1227 1226 1306
f 1227 1306 1307
f 1308 1303 1223
f 1308 1223 1228
f 1309 1228 1229
f 1309 1308 1228
f 1310 1229 1230
f 1310 1309 1229
f 1312 1310 1311
f 1310 1231 1311
f 1310 1230 1231
f 1311 1231 1233
f 1313 1234 1307
f 1227 1307 1234
f 1234 1314 1235
f 1313 1314 1234
f 1236 1235 1314
f 1236 1314 1315
f 1316 1312 1311
f 1316 1311 1233
f 1237 1316 1233
f 1317 1316 1237
f 1318 1237 1238
f 1318 1317 1237
f 1238 1236 1315
f 1238 1315 1318
f 1320 1319 1239
f 1320 1239 1240
f 1239 1321 1241
f 1319 1321 1239
f 1241 1322 1242
f 1321 1322 1241
f 1243 1242 1322
f 1243 1322 1323
f 1244 1320 1240
f 1244 1324 1320
f 1325 1245 1246
f 1326 1325 1246
f 1243 1326 1246
f 1323 1326 1243
f 1247 1324 1244
f 1247 1327 1324
f 1325 1248 1245
f 1249 1248 1325
f 1326 1249 1325
f 1328 1249 1326
f 1250 1327 1247
f 1250 1329 1327
f 1328 1251 1249
f 1330 1251 1328
f 1252 1329 1250
f 1252 1331 1329
f 1330 1253 1251
f 1332 1253 1330
f 1254 1331 1252
f 1254 1333 1331
f 1332 1255 1253
f 1334 1255 1332
f 1256 1333 1254
f 1256 1335 1333
f 1334 1257 1255
f 1336 1257 1334
f 1258 1335 1256
f 1258 1337 1335
f 1336 1259 1257
f 1338 1259 1336
f 1260 1337 1258
f 1260 1339 1337
f 1338 1261 1259
f 1340 1261 1338
f 1262 1339 1260
f 1262 1341 1339
f 1340 1263 1261
f 1342 1263 1340
f 1264 1341 1262
f 1264 1343 1341
f 1342 1265 1263
f 1344 1265 1342
f 1266 1343 1264
f 1266 1345 1343
f 1344 1267 1265
f 1346 1267 1344
f 1268 1345 1266
f 1268 1347 1345
f 1346 1269 1267
f 1348 1269 1346
f 1270 1347 1268
f 1270 1349 1347
f 1348 1271 1269
f 1350 1271 1348
f 1272 1349 1270
f 1272 1351 1349
f 1350 1273 1271
f 1352 1273 1350
f 1274 1351 1272
f 1274 1353 1351
f 1355 1354 1276
f 1276 1354 1275
f 1276 1273 1352
f 1276 1352 1355
f 1277 1353 1274
f 1277 1356 1353
f 1354 1357 1275
f 1275 1357 1278
f 1278 1358 1279
f 1357 1358 1278
f 1279 1359 1280
f 1358 1359 1279
f 1280 1360 1281
f 1359 1360 1280
f 1281 1361 1282
f 1360 1361 1281
f 1282 1362 1283
f 1361 1362 1282
f 1284 1283 1362
f 1284 1362 1363
f 1364 1356 1277
f 1364 1277 1285
f 1365 1285 1286
f 1365 1364 1285
f 1366 1286 1287
f 1366 1365 1286
f 1367 1287 1288
f 1367 1366 1287
f 1368 1288 1289
f 1368 1367 1288
f 1369 1289 1290
f 1369 1368 1289
f 1290 1291 1369
f 1369 1291 1370
f 1363 1371 1284
f 1284 1371 1292
f 1292 1372 1293
f 1371 1372 1292
f 1293 1373 1294
f 1372 1373 1293
f 1296 1294 1373
f 1296 1373 1374
f 1375 1370 1291
f 1375 1291 1297
f 1376 1297 1298
f 1376 1375 1297
f 1377 1298 1299
f 1377 1376 1298
f 1378 1299 1300
f 1378 1377 1299
f 1379 1300 1301
f 1379 1378 1300
f 1301 1303 1379
f 1380 1379 1303
f 1374 1302 1296
f 1302 1374 1381
f 1302 1382 1304
f 1381 1382 1302
f 1304 1383 1305
f 1382 1383 1304
f 1305 1384 1306
f 1383 1384 1305
f 1307 1306 1384
f 1307 1384 1385
f 1386 1380 1303
f 1386 1303 1308
f 1387 1308 1309
f 1387 1386 1308
f 1388 1309 1310
f 1388 1387 1309
f 1310 1312 1388
f 1388 1312 1389
f 1385 1390 1307
f 1307 1390 1313
f 1313 1391 1314
f 1390 1391 1313
f 1315 1314 1391
f 1315 1391 1392
f 1393 1389 1312
f 1393 1312 1316
f 1394 1316 1317
f 1394 1393 1316
f 1395 1317 1318
f 1395 1394 1317
f 1318 1315 1392
f 1318 1392 1395
f 1397 1396 1319
f 1397 1319 1320
f 1319 1398 1321
f 1396 1398 1319
f 1398 1400 1399
f 1322 1398 1399
f 1321 1398 1322
f 1399 1323 1322
f 1324 1397 1320
f 1324 1401 1397
f 1400 1402 1399
f 1323 1399 1402
f 1403 1323 1402
f 1326 1323 1403
f 1327 1401 1324
f 1327 1404 1401
f 1403 1328 1326
f 1405 1328 1403
f 1329 1404 1327
f 1329 1406 1404
f 1405 1330 1328
f 1407 1330 1405
f 1331 1406 1329
f 1331 1408 1406
f 1407 1332 1330
f 1409 1332 1407
f 1333 1408 1331
f 1333 1410 1408
f 1409 1334 1332
f 1411 1334 1409
f 1335 1410 1333
f 1335 1412 1410
f 1411 1336 1334
f 1413 1336 1411
f 1337 1412 1335
f 1337 1414 1412
f 1413 1338 1336
f 1415 1338 1413
f 1339 1414 1337
f 1339 1416 1414
f 1415 1340 1338
f 1417 1340 1415
f 1341 1416 1339
f 1341 1418 1416
f 1417 1342 1340
f 1419 1342 1417
f 1343 1418 1341
f 1343 1420 1418
f 1419 1344 1342
f 1421 1344 1419
f 1345 1420 1343
f 1345 1422 1420
f 1421 1346 1344
f 1423 1346 1421
f 1347 1422 1345
f 1347 1424 1422
f 1423 1348 1346
f 1425 1348 1423
f 1349 1424 1347
f 1349 1426 1424
f 1425 1350 1348
f 1427 1350 1425
f 1351 1426 1349
f 1351 1428 1426
f 1427 1352 1350
f 1429 1352 1427
f 1353 1428 1351
f 1353 1430 1428
f 1432 1431 1355
f 1355 1431 1354
f 1355 1352 1429
f 1355 1429 1432
f 1356 1430 1353
f 1356 1433 1430
f 1431 1434 1354
f 1354 1434 1357
f 1357 1435 1358
f 1434 1435 1357
f 1358 1436 1359
f 1435 1436 1358
f 1359 1437 1360
f 1436 1437 1359
f 1360 1438 1361
f 1437 1438 1360
f 1361 1439 1362
f 1438 1439 1361
f 1363 1362 1439
f 1363 1439 1440
f 1441 1433 1356
f 1441 1356 1364
f 1442 1364 1365
f 1442 1441 1364
f 1443 1365 1366
f 1443 1442 1365
f 1444 1366 1367
f 1444 1443 1366
f 1445 1367 1368
f 1445 1444 1367
f 1446 1368 1369
f 1446 1445 1368
f 1369 1370 1446
f 1446 1370 1447
f 1440 1448 1363
f 1363 1448 1371
f 1371 1449 1372
f 1448 1449 1371
f 1372 1450 1373
f 1449 1450 1372
f 1452 1451 1374
f 1373 1452 1374
f 1450 1452 1373
f 1453 1451 1452
f 1454 1447 1370
f 1454 1370 1375
f 1455 1375 1376
f 1455 1454 1375
f 1456 1376 1377
f 1456 1455 1376
f 1457 1377 1378
f 1457 1456 1377
f 1458 1378 1379
f 1458 1457 1378
f 1451 1381 1374
f 1458 1379 1459
f 1380 1459 1379
f 1453 1460 1451
f 1460 1381 1451
f 1460 1382 1381
f 1382 1461 1383
f 1460 1461 1382
f 1383 1462 1384
f 1461 1462 1383
f 1385 1384 1462
f 1385 1462 1463
f 1464 1459 1380
f 1464 1380 1386
f 1465 1386 1387
f 1465 1464 1386
f 1466 1387 1388
f 1466 1465 1387
f 1388 1389 1466
f 1466 1389 1467
f 1463 1468 1385
f 1385 1468 1390
f 1390 1469 1391
f 1468 1469 1390
f 1392 1391 1469
f 1392 1469 1470
f 1471 1467 1389
f 1471 1389 1393
f 1472 1393 1394
f 1472 1471 1393
f 1473 1394 1395
f 1473 1472 1394
f 1395 1392 1470
f 1395 1470 1473
f 1475 1474 1396
f 1475 1396 1397
f 1396 1476 1398
f 1474 1476 1396
f 1478 1477 1400
f 1398 1478 1400
f 1476 1478 1398
f 1479 1477 1478
f 1401 1475 1397
f 1401 1480 1475
f 1477 1402 1400
f 1403 1402 1477
f 1479 1403 1477
f 1481 1403 1479
f 1404 1480 1401
f 1404 1482 1480
f 1481 1405 1403
f 1483 1405 1481
f 1406 1482 1404
f 1406 1484 1482
f 1483 1407 1405
f 1485 1407 1483
f 1408 1484 1406
f 1408 1486 1484
f 1485 1409 1407
f 1487 1409 1485
f 1410 1486 1408
f 1410 1488 1486
f 1487 1411 1409
f 1489 1411 1487
f 1412 1488 1410
f 1412 1490 1488
f 1489 1413 1411
f 1491 1413 1489
f 1414 1490 1412
f 1414 1492 1490
f 1491 1415 1413
f 1493 1415 1491
f 1416 1492 1414
f 1416 1494 1492
f 1493 1417 1415
f 1495 1417 1493
f 1418 1494 1416
f 1418 1496 1494
f 1495 1419 1417
f 1497 1419 1495
f 1420 1496 1418
f 1420 1498 1496
f 1497 1421 1419
f 1499 1421 1497
f 1422 1498 1420
f 1422 1500 1498
f 1499 1423 1421
f 1501 1423 1499
f 1424 1500 1422
f 1424 1502 1500
f 1501 1425 1423
f 1503 1425 1501
f 1426 1502 1424
f 1426 1504 1502
f 1503 1427 1425
f 1505 1427 1503
f 1428 1504 1426
f 1428 1506 1504
f 1505 1429 1427
f 1507 1429 1505
f 1430 1506 1428
f 1430 1508 1506
f 1510 1509 1432
f 1432 1509 1431
f 1432 1429 1507
f 1432 1507 1510
f 1433 1508 1430
f 1433 1511 1508
f 1509 1512 1431
f 1431 1512 1434
f 1434 1513 1435
f 1512 1513 1434
f 1435 1514 1436
f 1513 1514 1435
f 1436 1515 1437
f 1514 1515 1436
f 1437 1516 1438
f 1515 1516 1437
f 1438 1517 1439
f 1516 1517 1438
f 1440 1439 1517
f 1440 1517 1518
f 1519 1511 1433
f 1519 1433 1441
f 1520 1441 1442
f 1520 1519 1441
f 1521 1442 1443
f 1521 1520 1442
f 1522 1443 1444
f 1522 1521 1443
f 1523 1444 1445
f 1523 1522 1444
f 1524 1445 1446
f 1524 1523 1445
f 1446 1447 1524
f 1524 1447 1525
f 1518 1526 1440
f 1440 1526 1448
f 1448 1527 1449
f 1526 1527 1448
f 1449 1528 1450
f 1527 1528 1449
f 1450 1529 1452
f 1528 1529 1450
f 1453 1452 1529
f 1453 1529 1530
f 1531 1525 1447
f 1531 1447 1454
f 1532 1454 1455
f 1532 1531 1454
f 1533 1455 1456
f 1533 1532 1455
f 1534 1456 1457
f 1534 1533 1456
f 1535 1457 1458
f 1535 1534 1457
f 1458 1459 1535
f 1535 1459 1536
f 1530 1537 1453
f 1453 1537 1460
f 1460 1538 1461
f 1537 1538 1460
f 1461 1539 1462
f 1538 1539 1461
f 1463 1462 1539
f 1463 1539 1540
f 1541 1536 1459
f 1541 1459 1464
f 1542 1464 1465
f 1542 1541 1464
f 1543 1465 1466
f 1543 1542 1465
f 1545 1544 1467
f 1544 1466 1467
f 1544 1543 1466
f 1546 1544 1545
f 1463 1547 1468
f 1547 1463 1540
f 1468 1548 1469
f 1547 1548 1468
f 1470 1469 1548
f 1470 1548 1549
f 1471 1545 1467
f 1550 1546 1545
f 1471 1550 1545
f 1472 1550 1471
f 1551 1472 1473
f 1551 1550 1472
f 1473 1470 1549
f 1473 1549 1551
f 1553 1552 1474
f 1553 1474 1475
f 1474 1554 1476
f 1552 1554 1474
f 1554 1556 1555
f 1478 1554 1555
f 1476 1554 1478
f 1555 1479 1478
f 1480 1553 1475
f 1480 1557 1553
f 1555 1556 1558
f 1558 1556 1559
f 1558 1481 1479
f 1558 1479 1555
f 1482 1557 1480
f 1482 1560 1557
f 1559 1561 1558
f 1481 1558 1561
f 1562 1481 1561
f 1483 1481 1562
f 1484 1560 1482
f 1484 1563 1560
f 1562 1485 1483
f 1564 1485 1562
f 1486 1563 1484
f 1486 1565 1563
f 1564 1487 1485
f 1566 1487 1564
f 1488 1565 1486
f 1488 1567 1565
f 1566 1489 1487
f 1568 1489 1566
f 1490 1567 1488
f 1490 1569 1567
f 1568 1491 1489
f 1570 1491 1568
f 1492 1569 1490
f 1492 1571 1569
f 1570 1493 1491
f 1572 1493 1570
f 1494 1571 1492
f 1494 1573 1571
f 1572 1495 1493
f 1574 1495 1572
f 1496 1573 1494
f 1496 1575 1573
f 1574 1497 1495
f 1576 1497 1574
f 1498 1575 1496
f 1498 1577 1575
f 1576 1499 1497
f 1578 1499 1576
f 1500 1577 1498
f 1500 1579 1577
f 1578 1501 1499
f 1580 1501 1578
f 1502 1579 1500
f 1502 1581 1579
f 1580 1503 1501
f 1582 1503 1580
f 1504 1581 1502
f 1504 1583 1581
f 1582 1505 1503
f 1584 1505 1582
f 1506 1583 1504
f 1506 1585 1583
f 1584 1507 1505
f 1586 1507 1584
f 1508 1585 1506
f 1508 1587 1585
f 1589 1588 1510
f 1510 1588 1509
f 1510 1507 1586
f 1510 1586 1589
f 1511 1587 1508
f 1511 1590 1587
f 1588 1591 1509
f 1509 1591 1512
f 1512 1592 1513
f 1591 1592 1512
f 1513 1593 1514
f 1592 1593 1513
f 1514 1594 1515
f 1593 1594 1514
f 1515 1595 1516
f 1594 1595 1515
f 1516 1596 1517
f 1595 1596 1516
f 1518 1517 1596
f 1518 1596 1597
f 1598 1590 1511
f 1598 1511 1519
f 1599 1519 1520
f 1599 1598 1519
f 1600 1520 1521
f 1600 1599 1520
f 1601 1521 1522
f 1601 1600 1521
f 1602 1522 1523
f 1602 1601 1522
f 1603 1523 1524
f 1603 1602 1523
f 1524 1525 1603
f 1603 1525 1604
f 1597 1605 1518
f 1518 1605 1526
f 1526 1606 1527
f 1605 1606 1526
f 1527 1607 1528
f 1606 1607 1527
f 1607 1609 1608
f 1529 1607 1608
f 1528 1607 1529
f 1608 1530 1529
f 1610 1604 1525
f 1610 1525 1531
f 1611 1531 1532
f 1611 1610 1531
f 1612 1532 1533
f 1612 1611 1532
f 1613 1533 1534
f 1613 1612 1533
f 1614 1534 1535
f 1614 1613 1534
f 1609 1615 1608
f 1536 1614 1535
f 1614 1536 1616
f 1615 1618 1617
f 1615 1617 1537
f 1608 1615 1537
f 1530 1608 1537
f 1537 1617 1619
f 1620 1537 1619
f 1538 1537 1620
f 1538 1621 1539
f 1620 1621 1538
f 1540 1539 1621
f 1540 1621 1622
f 1623 1616 1536
f 1623 1536 1541
f 1542 1617 1618
f 1623 1542 1618
f 1541 1542 1623
f 1624 1619 1617
f 1542 1624 1617
f 1543 1624 1542
f 1625 1543 1544
f 1625 1624 1543
f 1544 1546 1625
f 1626 1625 1546
f 1622 1547 1540
f 1547 1622 1627
f 1547 1628 1548
f 1627 1628 1547
f 1549 1548 1628
f 1549 1628 1629
f 1630 1626 1546
f 1630 1546 1550
f 1631 1550 1551
f 1631 1630 1550
f 1551 1549 1629
f 1551 1629 1631
f 1633 1632 1552
f 1633 1552 1553
f 1552 1634 1554
f 1632 1634 1552
f 1636 1635 1556
f 1554 1636 1556
f 1634 1636 1554
f 1637 1635 1636
f 1557 1633 1553
f 1557 1638 1633
f 1639 1559 1635
f 1635 1559 1556
f 1635 1637 1640
f 1635 1640 1639
f 1560 1638 1557
f 1560 1641 1638
f 1639 1561 1559
f 1562 1561 1639
f 1640 1562 1639
f 1642 1562 1640
f 1563 1641 1560
f 1563 1643 1641
f 1642 1564 1562
f 1644 1564 1642
f 1565 1643 1563
f 1565 1645 1643
f 1644 1566 1564
f 1646 1566 1644
f 1567 1645 1565
f 1567 1647 1645
f 1646 1568 1566
f 1648 1568 1646
f 1569 1647 1567
f 1569 1649 1647
f 1648 1570 1568
f 1650 1570 1648
f 1571 1649 1569
f 1571 1651 1649
f 1650 1572 1570
f 1652 1572 1650
f 1573 1651 1571
f 1573 1653 1651
f 1652 1574 1572
f 1654 1574 1652
f 1575 1653 1573
f 1575 1655 1653
f 1654 1576 1574
f 1656 1576 1654
f 1577 1655 1575
f 1577 1657 1655
f 1656 1578 1576
f 1658 1578 1656
f 1579 1657 1577
f 1579 1659 1657
f 1658 1580 1578
f 1660 1580 1658
f 1581 1659 1579
f 1581 1661 1659
f 1660 1582 1580
f 1662 1582 1660
f 1583 1661 1581
f 1583 1663 1661
f 1662 1584 1582
f 1664 1584 1662
f 1585 1663 1583
f 1585 1665 1663
f 1664 1586 1584
f 1666 1586 1664
f 1587 1665 1585
f 1587 1667 1665
f 1669 1668 1589
f 1589 1668 1588
f 1589 1586 1666
f 1589 1666 1669
f 1590 1667 1587
f 1590 1670 1667
f 1668 1671 1588
f 1588 1671 1591
f 1591 1672 1592
f 1671 1672 1591
f 1592 1673 1593
f 1672 1673 1592
f 1593 1674 1594
f 1673 1674 1593
f 1594 1675 1595
f 1674 1675 1594
f 1675 1677 1676
f 1596 1675 1676
f 1595 1675 1596
f 1676 1597 1596
f 1678 1670 1590
f 1678 1590 1598
f 1679 1598 1599
f 1679 1678 1598
f 1680 1599 1600
f 1680 1679 1599
f 1681 1600 1601
f 1681 1680 1600
f 1682 1601 1602
f 1682 1681 1601
f 1683 1602 1603
f 1683 1682 1602
f 1603 1604 1683
f 1683 1604 1684
f 1677 1685 1676
f 1676 1685 1597
f 1685 1605 1597
f 1685 1686 1605
f 1605 1687 1606
f 1686 1687 1605
f 1606 1688 1607
f 1687 1688 1606
f 1609 1607 1688
f 1609 1688 1689
f 1690 1684 1604
f 1690 1604 1610
f 1691 1610 1611
f 1691 1690 1610
f 1692 1611 1612
f 1692 1691 1611
f 1693 1612 1613
f 1693 1692 1612
f 1694 1613 1614
f 1694 1693 1613
f 1614 1616 1694
f 1695 1694 1616
f 1689 1615 1609
f 1615 1689 1696
f 1698 1697 1618
f 1615 1698 1618
f 1696 1698 1615
f 1620 1619 1697
f 1698 1620 1697
f 1699 1620 1698
f 1699 1701 1700
f 1621 1699 1700
f 1620 1699 1621
f 1700 1622 1621
f 1702 1695 1616
f 1702 1616 1623
f 1623 1618 1697
f 1703 1623 1697
f 1702 1623 1703
f 1703 1697 1619
f 1624 1703 1619
f 1704 1703 1624
f 1625 1700 1701
f 1704 1625 1701
f 1624 1625 1704
f 1705 1625 1626
f 1625 1705 1700
f 1706 1700 1705
f 1700 1706 1622
f 1627 1622 1706
f 1706 1708 1707
f 1628 1706 1707
f 1627 1706 1628
f 1707 1629 1628
f 1709 1705 1626
f 1709 1626 1630
f 1631 1707 1708
f 1709 1631 1708
f 1630 1631 1709
f 1707 1631 1629
f 1712 1711 1710
f 1714 1713 1710
f 1714 1710 1711
f 1716 1715 1713
f 1716 1713 1714
f 1718 1717 1715
f 1718 1715 1716
f 1720 1719 1717
f 1720 1717 1718
f 1722 1721 1719
f 1722 1719 1720
f 1724 1723 1721
f 1724 1721 1722
f 1726 1725 1723
f 1726 1723 1724
f 1728 1727 1725
f 1728 1725 1726
f 1730 1729 1727
f 1730 1727 1728
f 1732 1731 1729
f 1732 1729 1730
f 1632 1633 1731
f 1732 1632 1731
f 1733 1632 1732
f 1632 1734 1634
f 1733 1734 1632
f 1634 1735 1636
f 1734 1735 1634
f 1737 1736 1637
f 1636 1737 1637
f 1735 1737 1636
f 1738 1736 1737
f 1739 1712 1710
f 1739 1710 1713
f 1739 1713 1740
f 1740 1713 1715
f 1740 1715 1741
f 1741 1715 1717
f 1741 1717 1742
f 1742 1717 1719
f 1742 1719 1743
f 1743 1719 1721
f 1743 1721 1744
f 1744 1721 1723
f 1744 1723 1745
f 1745 1723 1725
f 1745 1725 1746
f 1746 1725 1727
f 1746 1727 1747
f 1747 1727 1729
f 1747 1729 1748
f 1748 1729 1731
f 1748 1731 1749
f 1731 1633 1749
f 1633 1750 1749
f 1633 1638 1750
f 1751 1640 1736
f 1736 1640 1637
f 1736 1738 1752
f 1736 1752 1751
f 1641 1750 1638
f 1641 1753 1750
f 1756 1755 1754
f 1640 1754 1642
f 1754 1640 1756
f 1751 1756 1640
f 1756 1751 1757
f 1758 1757 1751
f 1751 1752 1759
f 1760 1751 1759
f 1758 1751 1760
f 1761 1760 1759
f 1643 1753 1641
f 1643 1762 1753
f 1754 1755 1763
f 1763 1755 1764
f 1765 1757 1758
f 1644 1642 1763
f 1754 1763 1642
f 1765 1758 1760
f 1765 1760 1766
f 1760 1767 1766
f 1760 1768 1767
f 1760 1761 1769
f 1768 1760 1769
f 1771 1770 1768
f 1771 1768 1769
f 1772 1770 1771
f 1645 1762 1643
f 1645 1773 1762
f 1763 1764 1774
f 1774 1764 1775
f 1774 1646 1644
f 1774 1644 1763
f 1776 1767 1768
f 1776 1768 1770
f 1776 1770 1777
f 1777 1770 1772
f 1780 1779 1778
f 1782 1781 1778
f 1782 1778 1779
f 1783 1781 1782
f 1647 1773 1645
f 1647 1784 1773
f 1774 1775 1785
f 1785 1775 1786
f 1785 1648 1646
f 1785 1646 1774
f 1787 1780 1778
f 1789 1788 1787
f 1778 1789 1787
f 1781 1789 1778
f 1781 1783 1790
f 1781 1790 1789
f 1649 1784 1647
f 1649 1791 1784
f 1785 1786 1792
f 1792 1786 1793
f 1792 1650 1648
f 1792 1648 1785
f 1788 1789 1794
f 1788 1794 1795
f 1789 1790 1796
f 1789 1796 1794
f 1651 1791 1649
f 1651 1797 1791
f 1792 1793 1798
f 1798 1793 1799
f 1798 1652 1650
f 1798 1650 1792
f 1795 1794 1800
f 1795 1800 1801
f 1794 1796 1802
f 1794 1802 1800
f 1653 1797 1651
f 1653 1803 1797
f 1798 1799 1804
f 1804 1799 1805
f 1804 1654 1652
f 1804 1652 1798
f 1801 1800 1806
f 1801 1806 1807
f 1800 1802 1808
f 1800 1808 1806
f 1655 1803 1653
f 1655 1809 1803
f 1804 1805 1810
f 1810 1805 1811
f 1810 1656 1654
f 1810 1654 1804
f 1807 1806 1812
f 1807 1812 1813
f 1806 1808 1814
f 1806 1814 1812
f 1657 1809 1655
f 1657 1815 1809
f 1810 1811 1816
f 1816 1811 1817
f 1816 1658 1656
f 1816 1656 1810
f 1813 1812 1818
f 1813 1818 1819
f 1812 1814 1820
f 1812 1820 1818
f 1659 1815 1657
f 1659 1821 1815
f 1816 1817 1822
f 1822 1817 1823
f 1822 1660 1658
f 1822 1658 1816
f 1819 1818 1824
f 1819 1824 1825
f 1818 1820 1826
f 1818 1826 1824
f 1661 1821 1659
f 1661 1827 1821
f 1822 1823 1828
f 1828 1823 1829
f 1828 1662 1660
f 1828 1660 1822
f 1825 1824 1830
f 1825 1830 1831
f 1824 1826 1832
f 1824 1832 1830
f 1663 1827 1661
f 1663 1833 1827
f 1828 1829 1834
f 1834 1829 1835
f 1834 1664 1662
f 1834 1662 1828
f 1831 1830 1836
f 1831 1836 1837
f 1830 1832 1838
f 1830 1838 1836
f 1665 1833 1663
f 1665 1839 1833
f 1834 1835 1840
f 1840 1835 1841
f 1840 1666 1664
f 1840 1664 1834
f 1837 1836 1842
f 1837 1842 1843
f 1836 1838 1844
f 1836 1844 1842
f 1667 1839 1665
f 1667 1845 1839
f 1840 1841 1669
f 1841 1668 1669
f 1841 1846 1668
f 1840 1669 1666
f 1843 1842 1847
f 1843 1847 1848
f 1842 1844 1849
f 1842 1849 1847
f 1852 1851 1850
f 1854 1853 1850
f 1854 1850 1851
f 1856 1855 1853
f 1856 1853 1854
f 1858 1857 1855
f 1858 1855 1856
f 1860 1859 1857
f 1860 1857 1858
f 1862 1861 1859
f 1862 1859 1860
f 1864 1863 1861
f 1864 1861 1862
f 1866 1865 1863
f 1866 1863 1864
f 1868 1867 1865
f 1868 1865 1866
f 1870 1869 1867
f 1870 1867 1868
f 1872 1871 1869
f 1872 1869 1870
f 1874 1873 1871
f 1874 1871 1872
f 1876 1875 1873
f 1876 1873 1874
f 1876 1845 1875
f 1845 1670 1875
f 1845 1667 1670
f 1846 1877 1668
f 1668 1877 1671
f 1671 1878 1672
f 1877 1878 1671
f 1672 1879 1673
f 1878 1879 1672
f 1673 1880 1674
f 1879 1880 1673
f 1674 1881 1675
f 1880 1881 1674
f 1677 1675 1881
f 1677 1881 1882
f 1848 1847 1883
f 1848 1883 1884
f 1847 1849 1885
f 1847 1885 1883
f 1886 1852 1850
f 1886 1850 1853
f 1886 1853 1887
f 1887 1853 1855
f 1887 1855 1888
f 1888 1855 1857
f 1888 1857 1889
f 1889 1857 1859
f 1889 1859 1890
f 1890 1859 1861
f 1890 1861 1891
f 1891 1861 1863
f 1891 1863 1892
f 1892 1863 1865
f 1892 1865 1893
f 1893 1865 1867
f 1893 1867 1894
f 1894 1867 1869
f 1894 1869 1895
f 1895 1869 1871
f 1895 1871 1896
f 1896 1871 1873
f 1896 1873 1897
f 1897 1873 1875
f 1897 1875 1898
f 1898 1875 1670
f 1678 1898 1670
f 1899 1898 1678
f 1900 1678 1679
f 1900 1899 1678
f 1901 1679 1680
f 1901 1900 1679
f 1902 1680 1681
f 1902 1901 1680
f 1903 1681 1682
f 1903 1902 1681
f 1904 1682 1683
f 1904 1903 1682
f 1683 1684 1904
f 1904 1684 1905
f 1882 1906 1677
f 1677 1906 1685
f 1685 1907 1686
f 1906 1907 1685
f 1883 1687 1884
f 1687 1907 1884
f 1687 1686 1907
f 1885 1908 1883
f 1908 1687 1883
f 1908 1688 1687
f 1689 1688 1908
f 1689 1908 1909
f 1910 1905 1684
f 1910 1684 1690
f 1911 1690 1691
f 1911 1910 1690
f 1912 1691 1692
f 1912 1911 1691
f 1913 1692 1693
f 1913 1912 1692
f 1914 1693 1694
f 1914 1913 1693
f 1694 1695 1914
f 1915 1914 1695
f 1909 1696 1689
f 1696 1909 1916
f 1696 1917 1698
f 1916 1917 1696
f 1698 1918 1699
f 1917 1918 1698
f 1701 1699 1918
f 1701 1918 1919
f 1920 1915 1695
f 1920 1695 1702
f 1921 1702 1703
f 1921 1920 1702
f 1922 1703 1704
f 1922 1921 1703
f 1704 1701 1919
f 1704 1919 1922
f 1924 1923 1706
f 1924 1706 1705
f 1708 1706 1923
f 1708 1923 1925
f 1926 1924 1705
f 1926 1705 1709
f 1709 1708 1925
f 1709 1925 1926
f 1712 1927 1711
f 1928 1714 1711
f 1928 1711 1927
f 1929 1716 1714
f 1929 1714 1928
f 1930 1718 1716
f 1930 1716 1929
f 1931 1720 1718
f 1931 1718 1930
f 1932 1722 1720
f 1932 1720 1931
f 1933 1724 1722
f 1933 1722 1932
f 1934 1726 1724
f 1934 1724 1933
f 1935 1728 1726
f 1935 1726 1934
f 1936 1730 1728
f 1936 1728 1935
f 1937 1732 1730
f 1937 1730 1936
f 1938 1733 1732
f 1938 1732 1937
f 1939 1734 1733
f 1939 1733 1938
f 1940 1735 1734
f 1940 1734 1939
f 1941 1737 1735
f 1941 1735 1940
f 1941 1738 1737
f 1739 1927 1712
f 1927 1739 1740
f 1927 1740 1928
f 1928 1740 1741
f 1928 1741 1929
f 1929 1741 1742
f 1929 1742 1930
f 1930 1742 1743
f 1930 1743 1931
f 1931 1743 1744
f 1931 1744 1932
f 1932 1744 1745
f 1932 1745 1933
f 1933 1745 1746
f 1933 1746 1934
f 1934 1746 1747
f 1934 1747 1935
f 1935 1747 1748
f 1935 1748 1936
f 1936 1748 1749
f 1936 1749 1937
f 1937 1749 1750
f 1942 1937 1750
f 1938 1937 1942
f 1938 1943 1939
f 1938 1942 1943
f 1939 1944 1940
f 1939 1943 1944
f 1940 1945 1941
f 1940 1944 1945
f 1945 1752 1738
f 1945 1738 1941
f 1753 1946 1942
f 1753 1942 1750
f 1942 1947 1943
f 1942 1946 1947
f 1947 1755 1756
f 1944 1947 1756
f 1943 1947 1944
f 1944 1756 1757
f 1948 1944 1757
f 1945 1944 1948
f 1949 1759 1752
f 1945 1949 1752
f 1948 1949 1945
f 1949 1761 1759
f 1762 1950 1946
f 1762 1946 1753
f 1946 1951 1947
f 1946 1950 1951
f 1951 1764 1755
f 1951 1755 1947
f 1765 1948 1757
f 1948 1765 1766
f 1948 1766 1949
f 1952 1766 1767
f 1952 1949 1766
f 1952 1769 1761
f 1949 1952 1761
f 1953 1771 1769
f 1953 1769 1952
f 1953 1772 1771
f 1773 1954 1950
f 1773 1950 1762
f 1950 1955 1951
f 1950 1954 1955
f 1955 1775 1764
f 1955 1764 1951
f 1776 1952 1767
f 1952 1776 1777
f 1952 1777 1953
f 1953 1777 1772
f 1780 1956 1779
f 1957 1782 1779
f 1957 1779 1956
f 1957 1783 1782
f 1784 1958 1954
f 1784 1954 1773
f 1954 1959 1955
f 1954 1958 1959
f 1959 1786 1775
f 1959 1775 1955
f 1787 1956 1780
f 1956 1787 1788
f 1960 1956 1788
f 1957 1956 1960
f 1960 1790 1783
f 1960 1783 1957
f 1791 1961 1958
f 1791 1958 1784
f 1958 1962 1959
f 1958 1961 1962
f 1962 1793 1786
f 1962 1786 1959
f 1795 1963 1960
f 1795 1960 1788
f 1963 1796 1790
f 1963 1790 1960
f 1797 1964 1961
f 1797 1961 1791
f 1961 1965 1962
f 1961 1964 1965
f 1965 1799 1793
f 1965 1793 1962
f 1801 1966 1963
f 1801 1963 1795
f 1966 1802 1796
f 1966 1796 1963
f 1803 1967 1964
f 1803 1964 1797
f 1964 1968 1965
f 1964 1967 1968
f 1968 1805 1799
f 1968 1799 1965
f 1807 1969 1966
f 1807 1966 1801
f 1969 1808 1802
f 1969 1802 1966
f 1809 1970 1967
f 1809 1967 1803
f 1967 1971 1968
f 1967 1970 1971
f 1971 1811 1805
f 1971 1805 1968
f 1813 1972 1969
f 1813 1969 1807
f 1972 1814 1808
f 1972 1808 1969
f 1815 1973 1970
f 1815 1970 1809
f 1970 1974 1971
f 1970 1973 1974
f 1974 1817 1811
f 1974 1811 1971
f 1819 1975 1972
f 1819 1972 1813
f 1975 1820 1814
f 1975 1814 1972
f 1821 1976 1973
f 1821 1973 1815
f 1973 1977 1974
f 1973 1976 1977
f 1977 1823 1817
f 1977 1817 1974
f 1825 1978 1975
f 1825 1975 1819
f 1978 1826 1820
f 1978 1820 1975
f 1827 1979 1976
f 1827 1976 1821
f 1976 1980 1977
f 1976 1979 1980
f 1980 1829 1823
f 1980 1823 1977
f 1831 1981 1978
f 1831 1978 1825
f 1981 1832 1826
f 1981 1826 1978
f 1833 1982 1979
f 1833 1979 1827
f 1979 1983 1980
f 1979 1982 1983
f 1983 1835 1829
f 1983 1829 1980
f 1837 1984 1981
f 1837 1981 1831
f 1984 1838 1832
f 1984 1832 1981
f 1839 1985 1982
f 1839 1982 1833
f 1982 1986 1983
f 1982 1985 1986
f 1986 1841 1835
f 1986 1835 1983
f 1843 1987 1984
f 1843 1984 1837
f 1987 1844 1838
f 1987 1838 1984
f 1845 1988 1985
f 1845 1985 1839
f 1985 1989 1986
f 1985 1988 1989
f 1989 1846 1841
f 1989 1841 1986
f 1848 1990 1987
f 1848 1987 1843
f 1990 1849 1844
f 1990 1844 1987
f 1852 1991 1851
f 1992 1854 1851
f 1992 1851 1991
f 1993 1856 1854
f 1993 1854 1992
f 1994 1858 1856
f 1994 1856 1993
f 1995 1860 1858
f 1995 1858 1994
f 1996 1862 1860
f 1996 1860 1995
f 1997 1864 1862
f 1997 1862 1996
f 1998 1866 1864
f 1998 1864 1997
f 1999 1868 1866
f 1999 1866 1998
f 2000 1870 1868
f 2000 1868 1999
f 2001 1872 1870
f 2001 1870 2000
f 2002 1874 1872
f 2002 1872 2001
f 2003 1876 1874
f 2003 1874 2002
f 1988 1845 1876
f 2003 1988 1876
f 2004 1988 2003
f 1988 2005 1989
f 1988 2004 2005
f 2006 1877 1846
f 1989 2006 1846
f 2005 2006 1989
f 2007 1878 1877
f 2007 1877 2006
f 2008 1879 1878
f 2008 1878 2007
f 2009 1880 1879
f 2009 1879 2008
f 2010 1881 1880
f 2010 1880 2009
f 2010 1882 1881
f 1884 2011 1990
f 1884 1990 1848
f 2011 1885 1849
f 2011 1849 1990
f 1886 1991 1852
f 1991 1886 1887
f 1991 1887 1992
f 1992 1887 1888
f 1992 1888 1993
f 1993 1888 1889
f 1993 1889 1994
f 1994 1889 1890
f 1994 1890 1995
f 1995 1890 1891
f 1995 1891 1996
f 1996 1891 1892
f 1996 1892 1997
f 1997 1892 1893
f 1997 1893 1998
f 1998 1893 1894
f 1998 1894 1999
f 1999 1894 1895
f 1999 1895 2000
f 2000 1895 1896
f 2000 1896 2001
f 2001 1896 1897
f 2001 1897 2002
f 2002 1897 1898
f 2002 1898 2003
f 2003 1898 1899
f 2003 1899 2004
f 2004 1899 1900
f 2004 1900 2005
f 2005 1900 1901
f 2005 1901 2006
f 2006 1901 1902
f 2006 1902 2007
f 2007 1902 1903
f 2007 1903 2008
f 2008 1903 1904
f 2008 1904 2009
f 2009 1904 1905
f 2012 2009 1905
f 2010 2009 2012
f 2013 1906 1882
f 2010 2013 1882
f 2012 2013 2010
f 2014 1907 1906
f 2014 1906 2013
f 2011 1884 1907
f 2014 2011 1907
f 2015 2011 2014
f 2016 1908 1885
f 2011 2016 1885
f 2015 2016 2011
f 2016 1909 1908
f 1910 2012 1905
f 2012 1910 1911
f 2012 1911 2013
f 2013 1911 1912
f 2013 1912 2014
f 2014 1912 1913
f 2014 1913 2015
f 2015 1913 1914
f 2015 1914 2016
f 2017 1914 1915
f 2017 2016 1914
f 2017 1916 1909
f 2016 2017 1909
f 2018 1917 1916
f 2018 1916 2017
f 2019 1918 1917
f 2019 1917 2018
f 2019 1919 1918
f 1920 2017 1915
f 2017 1920 1921
f 2017 1921 2018
f 2018 1921 1922
f 2018 1922 2019
f 2019 1922 1919
f 1924 2020 1923
f 2020 1925 1923
f 1926 2020 1924
f 2020 1926 1925

